1408 378 393 581 88 356 405 543 44 219 472 3675 339 1120 615 422 196 318 20 25 4692 769 5032 1055 183 937 534 1808 191 831 349 1168 128 525 128 678 433 650 1360 1064 118 526 172 304 259 685 7 40 1052 367 1 1 956 593 1428 385 93 128 111 679 995 1262 1757 562 
3818 558 184 557 45 39 607 290 16 58 12 89 58 193 2411 1025 134 433 35 153 308 934 2311 1080 153 30 443 2427 31 114 211 592 51 378 291 660 541 452 178 521 28 149 396 564 189 774 78 130 553 1475 1622 769 657 324 20 153 1383 389 115 538 973 1598 77 547 
109 513 344 537 137 462 2457 818 72 313 14 56 31 157 165 488 123 424 539 1018 3 22 107 643 110 187 202 662 24 19 628 666 12 48 128 462 94 588 452 552 112 173 209 712 208 648 474 703 635 967 304 1662 564 2058 3 24 215 308 992 142 103 98 2122 2432 
2974 509 210 1114 129 767 233 597 165 799 224 729 107 405 96 534 48 266 203 254 144 346 35 32 98 707 309 602 539 838 149 516 338 536 199 466 315 968 187 565 8 59 405 743 456 947 1030 2437 2 0 185 494 437 441 156 569 191 650 454 421 423 677 29 149 
4 24 311 857 6 21 1254 1039 239 918 90 46 236 1196 847 435 101 421 254 999 222 1139 47 79 156 1011 594 760 199 383 783 714 60 145 865 720 1450 1013 70 281 2 13 54 232 246 325 2505 726 179 638 5 11 241 1041 93 571 401 2139 1308 596 9 59 18 72 
338 1703 509 996 108 259 77 357 920 881 193 665 1706 758 1 5 445 193 4 21 172 1118 17 93 56 212 1202 2176 112 741 88 272 2874 641 37 68 220 433 6 41 2 11 71 443 138 525 11 40 140 971 14 36 10 39 53 119 209 1510 86 458 256 433 85 338 
59 309 213 960 159 470 196 563 93 291 9 9 809 499 256 873 464 139 426 2669 821 1927 425 909 27 85 112 468 3 3 237 697 1154 880 1793 1296 14 30 604 954 1023 433 349 219 85 399 1 1 213 1066 145 384 272 842 142 644 75 328 87 163 2186 1870 1 2 
28 185 224 542 192 462 465 471 511 391 82 590 679 1055 443 1223 253 991 162 428 139 630 300 499 198 617 88 509 959 801 57 155 387 679 269 394 180 832 97 608 430 1653 350 667 237 397 120 576 25 153 1503 394 429 506 184 609 135 522 41 210 352 619 324 645 
243 512 76 427 4 0 143 844 255 409 337 514 203 659 222 1031 170 744 1190 764 535 69 344 708 79 207 265 566 253 578 424 844 3 4 43 95 269 268 95 573 42 87 207 879 47 301 153 655 16 69 22 129 363 672 255 846 114 649 93 568 220 841 36 239 
62 116 6 43 12 6 89 244 52 86 568 756 235 757 9 33 336 468 282 1102 598 506 89 218 197 431 186 780 89 638 214 685 333 981 236 838 1108 727 1990 664 218 1077 56 33 124 88 212 864 116 699 1443 937 66 507 225 697 810 670 88 466 224 498 130 721 
217 871 6 21 490 907 3 0 525 1006 715 426 2 11 1258 603 3 23 1 5 1060 903 673 843 344 802 347 817 469 354 73 249 697 387 62 451 1096 987 156 753 356 415 1104 315 77 411 717 915 156 765 1092 1029 29 45 227 440 247 530 1159 1103 186 533 1093 618 
562 946 711 575 1403 2025 182 558 1 1 53637 947 241 438 2017 307 358 1631 253 528 36 72 1 0 1323 985 68 313 441 552 355 1653 2 1 152 347 202 1163 177 771 14 21 161 301 3 16 634 575 244 771 214 772 1 1 57 394 297 947 1731 798 229 858 367 551 
211 563 291 1142 673 69 98 138 349 2180 57 369 55 136 256 542 28 207 453 815 203 812 193 423 75 130 536 811 1628 679 77 454 640 234 341 566 788 895 398 478 212 777 89 500 22 92 37 139 8 18 82 576 382 1644 246 492 379 327 129 336 43 151 405 1297 
25 108 170 401 34 188 273 582 303 452 3749 692 1277 1032 308 623 182 398 170 1300 141 670 222 619 388 575 106 568 193 747 20 135 159 521 170 728 72 443 42 72 257 994 2 12 376 1008 1463 910 96 482 389 386 439 2227 2279 1373 186 675 261 698 526 478 37 212 
141 561 53 30 271 500 175 443 2955 1271 648 977 98 487 1079 765 304 696 1175 936 188 1117 49 194 690 1580 1334 924 3 22 159 1126 3 11 198 545 347 661 57 425 90 604 340 1034 537 827 15 110 57 420 132 758 91 473 206 641 40 101 172 382 759 1260 560 590 
609 579 102 359 325 487 112 197 222 631 110 434 1 0 5 17 48 240 201 596 191 667 10 36 16 112 203 1201 2267 2080 40 140 37 250 12 64 465 707 5280 2990 279 504 81 272 219 10 58 223 138 745 150 212 86 607 72 149 297 496 90 598 14 47 205 727 
1693 228 130 536 592 653 77 568 1 3 329 45 201 436 270 647 202 761 206 508 2186 1067 197 527 671 2617 238 828 1 2 160 457 240 874 143 696 276 70 25 31 146 460 2351 955 168 535 83 351 45 296 136 773 143 836 150 799 80 530 114 837 256 941 1420 962 
88 319 1 1 810 767 223 1274 86 595 606 646 676 666 224 744 39 270 1962 643 1107 226 13 23 109 408 270 417 725 853 113 715 549 921 5 33 1 0 69 179 70 464 31 65 277 447 336 983 73 418 86 110 167 441 122 931 443 577 25 165 369 823 5229 962 
191 545 526 3153 40 273 88 331 132 709 961 959 910 87 87 405 2358 968 325 857 4 21 215 1336 192 1152 40 12 44 316 9 51 377 738 300 978 186 686 139 631 197 584 311 869 122 539 119 422 61 351 51 245 2 1 60 335 1403 2909 24 162 33 191 7 35 
393 1306 458 1051 308 1780 600 1952 403 890 141 671 284 517 5 35 174 593 152 688 524 531 107 335 3 3 585 358 286 795 211 1238 232 921 80 429 134 463 1 2 10 64 146 1013 304 506 28 98 1332 656 222 440 803 2665 107 333 122 717 135 827 243 155 80 165 
3978 1262 2 8 31 112 135 381 1372 1567 75 425 109 740 1 5 2 2 397 638 209 530 93 279 9 48 30 119 26 55 86 529 331 488 254 888 962 2386 2174 1706 1444 276 2 16 68 129 103 462 736 481 178 959 542 603 2 4 262 1048 399 1720 17 123 375 799 
31 212 12 73 134 501 170 365 3 5 23 17 142 708 117 513 542 669 204 980 170 436 113 642 730 463 3 9 9 20 1317 743 4 15 128 317 504 1144 1 0 10 31 154 639 413 348 211 569 206 1162 73 384 3 19 166 362 345 475 18 45 9 35 99 310 
490 960 203 633 255 601 123 259 93 446 9 51 355 1095 205 951 17 111 109 121 201 1099 353 537 4501 966 70 448 107 285 3 1 115 616 179 527 104 669 593 1648 27 135 923 730 1559 922 293 950 6 27 1 2 216 695 384 1739 373 1106 721 1576 315 860 256 935 
570 698 350 2283 21 119 302 763 3107 621 229 860 217 824 472 820 350 1224 262 445 948 697 520 550 1201 905 594 1093 319 2062 163 950 360 898 2888 628 97 332 1157 788 56 213 17 72 3 14 114 275 67 505 42 176 35 31 2 0 45 101 56 49 1340 564 54 375 
291 508 340 853 1 1 223 1006 401 787 373 553 450 144 170 498 355 450 31 103 256 805 81 245 2179 476 168 917 49 57 205 695 443 920 107 454 290 1901 105 687 606 693 701 901 80 117 413 1265 1008 808 352 520 1181 482 245 434 204 713 29961 835 470 597 353 542 
85 464 18 17 209 1419 1287 1298 201 850 282 1218 53 288 885 571 308 640 3 0 0 0 1 0 2 0 8 0 10 0 0 2 1 0 3 2 4 0 5 0 9 19 0 2 0 0 0 2 10 0 0 4 93 1 0 1 0 0 10 0 1 0 4 1 
4 16 6 4 3 0 7 8 4 2 4 3 8 7 0 1 2 0 0 6 3 21 2 2 1 0 1 15 252 2 0 18 7 2 3 1 0 3 3 1 1 1 0 2 8 1 0 0 2 1 0 4 69 7 3 0 0 0 4 2 1 15 5 0 
4 3 1 1 3 0 72 1 14 26 1 2 0 6 0 1 13 8 0 0 0 1 17 1 3 0 0 1 0 15 19 1 50 7 10 0 4 9 0 0 0 1 0 0 1 0 1 8 2 2 1 6 0 1 0 2 11 4 2 4 10 2 54 1 
0 1 2 7 1 0 29 56 2 2 5 0 0 10 5 0 3 2 1 5 3 13 0 0 3 11 0 2 0 1 37 1 11 0 1 1 5 1 0 2 7 1 8 1 10 25 7 2 0 7 0 2 2 0 4 16 1 8 1 0 0 0 1 4 
0 0 1 7 5 2 25 10 4 11 0 10 0 0 7 0 5 1 0 1 0 36 0 1 5 0 1 9 0 1 12 0 10 38 5 30 3 0 0 4 2 0 0 7 0 0 0 0 1 2 3 1 1 4 0 1 2 2 0 2 0 0 1 2 
0 4 29 8 2 1 0 2 1 4 9 11 1 0 2 0 1 0 2 7 1 1 6 14 0 0 0 24 0 2 1 3 4 0 9 0 0 1 36 1 1 0 1 3 1 1 5 4 1 7 58 2 0 2 10 0 25 0 4 33 70 5 140 10 
4 1 21 13 0 0 2 1 3 7 2 1 2 1 1 0 190 0 0 0 1 2 7 4 1 0 0 0 1 2 0 0 2 0 7 1 0 7 254 0 9 2 1 1 3 7 8 0 9 1 6 1 0 0 1 1 2 0 0 2 0 63 2 8 
1 31 0 0 5 1 0 75 4 11 1 4 7 1 0 2 0 3 5 1 40 0 1 3 0 2 13 0 0 2 44 0 1 0 36 20 1242 17 4 1 4 9 3 0 1 1 43 1 0 0 1 7 21 217 6 1 1 0 0 13 0 0 6 1 
9 15 19 0 7 2 1 7 57 1 1 7 6 3 0 3 0 9 0 0 0 15 9 2 3 3 3 0 0 0 0 13 1 0 2 93 3 10 55 13 10 2 2 1 33 1 11 1 0 0 0 8 23 36 6 0 5 26 8 6 5 0 2 22 
0 0 1 8 0 99 8 0 1 1 0 31 4 1 1 0 8 1 0 0 2 0 12 0 5 9 35 4 1 1 3 12 6 0 0 3 0 4 4 1 28 1 37 1 16 19 0 0 2 0 0 0 5 0 25 0 0 4 0 4 6 0 1 22 
2 0 4 0 3 0 0 19 8 6 0 32 0 1 8 7 1 0 9 11 0 2 1 1 5 0 3 0 0 5 0 1 1 1 0 1 0 0 1 15 21 0 3 0 61 1 2 0 2 4 22 0 0 24 4 0 5 54 42 28 0 4 6 0 
3 3 3 7 4 1 20 0 9 0 16 1 1 0 0 0 1 16 1 0 1 2 0 0 1 10 0 0 12 5 2 0 1 0 0 0 0 8 0 1 0 1 9 2 22 0 19 0 9 0 0 1 0 14 9 2 5 43 20 0 0 8 0 2 
0 1 0 0 397 1 8 1 0 9 0 1 0 13 27 0 0 0 11 1 3 5 1 0 25 0 1 0 0 78 0 5 0 3 54 2 0 1 0 0 0 0 0 27 0 4 0 0 13 5 6 0 0 0 0 8 0 6 2 0 4 16 1 7 
2 0 0 1 1 0 0 9 0 0 0 2 6 2 0 1 271 2 6 3 0 24 0 1 3 0 29 12 12 0 0 2 0 2 2 30 1 1 33 0 4 0 0 45 0 2 2 4 4 1 1 11 2 3 4 0 3 1 0 1 0 1 1 0 
2 1 2 2 1 0 0 2 1 0 2 0 18 2 1 0 0 1 2 0 1 0 1 0 13 4 0 0 1 10 2 0 16 0 30 7 7 1 0 0 3 0 62 1 0 5 4 8 28 0 0 2 0 1 0 4 1 1 0 1 8 0 3 1 
1 1 27 0 29 2 4 1 0 15 231 8 0 7 2 0 0 1 0 0 0 1 1 21 0 1 1 0 1 2 0 5 4 20 7 7 1 9 0 40 0 0 0 0 1 2 5 0 1 45 7 44 0 7 5 0 0 0 0 4 0 1 7 1 
1 12 3 0 2 2 4 0 2 6 16 11 4 2 6 1 1 1 3 313 4 1 2 0 0 0 0 3 0 243 9 0 44 5 11 7 6 10 2 0 75 0 8 4 2 1 4 0 5 10 0 13 19 8 25 0 29 0 1 16 1 4 0 4 
1 2 5 4 1 0 3 4 4 1 4 11 0 5 65 0 0 1 0 27 1 5 0 1 0 1 20 120 0 1 0 9 29 7 0 19 1 0 1 1 2 4 1 0 2 0 0 0 2 0 1 12 0 0 1 0 8 12 2 28 3 2 7 0 
3 4 4 116 0 7 1 1 0 0 0 1 232 4 0 1 0 1 0 0 5 0 9 21 0 0 2 15 1 0 0 9 2 0 3 1 8 9 0 2 1 0 1 5 1 3 0 5 15 50 0 7 0 1 1 0 3 1 1 0 1 1 1 1 
1 2 4 0 0 1 1 0 13 0 226 3 1 2 0 0 1 4 6 0 0 1 0 3 1 0 0 4 0 0 10 6 4 1 0 12 18 3 0 2 4 1 3 0 0 9 10 5 5 1 3 59 2 1 7 2 2 0 0 1 5 2 0 1 
11 1 1 0 43 1 4 1 5 0 4 0 1 0 2 1 0 1 1 1 0 1 0 34 0 1 8 1 0 4 3 0 8 6 0 0 6 0 0 2 1 7 0 9 2 0 2 0 2 0 0 16 18 1 0 2 2 0 0 11 3 10 7 0 
2 0 8 0 0 0 11 1 2 5 3 0 0 1 0 0 0 2 5 1 6 0 1 21 5 44 0 0 1 1 0 3 3 7 0 0 0 0 0 1 8 1 22 1 0 0 0 25 3 4 4 1 9 28 23 13 1 8 0 1 1 6 2 0 
0 1 10 0 0 1 4 1 49 2 1461 0 8 5 0 3 2 0 63 1 1 2 2 11 3 0 6 0 1 4 0 1 0 8 18 52 0 4 17 8 33 0 36 26 0 9 0 6 8 13 0 1 0 54 6 1 2 1 0 1 3 1 10 6 
7 8 2 1 0 0 0 0 7 2 2 0 2 1 3 2 3 1 4 1 0 1 23 0 6 6 8 4 7 0 8 2 1 0 1 0 175 6 0 1 4 2 8 0 9 0 7 2 6 26 0 0 5 39 2 17 3 18 4 2 0 9 0 0 
1 1 1 1 2 5 0 1 1 23 0 0 0 10 0 29 0 1 0 1 2 0 0 2 3 2 1 27 3 2 0 6 1 9 1 0 2 3 0 0 4 0 1 2 1 70 0 1 1 19 4 6 3 1 2 6 0 2 0 1 0 6 0 5 
5 0 2 3 0 9 0 0 1 1 13 1 0 111 5 4 0 7 12 0 1 1 68 4 0 1 0 6 1 33 0 0 0 0 0 3 0 1 35 0 1 0 4 3 10 11 0 16 6 1 22 0 0 2 3 2 0 4 1 19 7 0 9 1 
208 1 6 16 15 0 1 1 2 1 1 28 0 1 1 1 1 1 3 3 12 0 0 1 1 1 2 1 0 1 1 0 1 32 0 0 0 0 0 1 3 1 16 3 1 0 1 11 2 16 0 31 86 5 3 1 9 0 17 35 0 2 19 0 
16 45 3 2 0 21 2 1 0 0 1 5 2 6 5 0 0 0 0 1 9 0 6 0 2 0 52 0 1 1 0 4 0 4 0 11 1 0 2 0 1 4 0 1 12 0 4 54 0 6 1 2 0 5 5 1 2 92 3 3 11 0 0 1 
39 2 20 2 1 4 8 10 1 4 0 5 5 0 0 0 10 2 18 1 11 1 2 1 0 3 1 2 4 3 27 11 4 0 0 2 4 0 8 0 1 4 0 0 0 1 1 2 0 1 3 0 0 0 0 0 3 0 1 8 3 0 16 3 
10 20 1 18 5 0 0 9 43 6 299 4 0 2 0 1 29 2 0 7 0 2 24 5 0 7 20 0 1 4 1 0 4 11 24 4 2 1 54 3 1458 6 12 11 0 2 10 2 18 7 0 0 1 1 1 0 0 0 1 1 0 2 24 10 
0 0 8 10 0 465 2 0 1 25 1 50 1 1 0 10 3 2 1 0 8 0 1 2 1 2 3 34 0 32 0 11 8 27 7 1 1 1 0 2 0 44 1 30 0 1 3 0 0 50 0 1 2 2 4 1 9 2 0 2 1 3 0 6 
0 18 5 0 22 1 3 0 1 15 7 0 4 1 1 1 0 1 0 1 0 2 0 0 18 1 0 0 12 0 1 0 2 4 6 0 1 0 3 0 3 0 1 5 3 0 1 22 0 4 0 2 0 0 60 0 1 7 0 1 1 1 8 0 
6 2 1 0 2 0 6 10 8 0 9 5 12 8 1 0 7 2 4 1 676 150 6 1 0 1 8 1 6 1 5 3 0 1 0 0 2 0 1 0 4 2 12 0 6 0 8 1 2 0 0 1 2 1 41 24 2 0 0 11 0 1 3 0 
6 0 26 1 0 1 2 4 0 0 0 32 0 5 1 0 3 19 1 4 2 0 125 0 11 0 2 0 1 1 1 3 8 0 1 2 1367 2 0 1 5 31 8 8 1 2 61 5 0 2 8 6 2 0 1 2 45 329 4 0 2 0 0 2 
0 2 1 18 19 0 2 0 12 2 0 6 0 22 3 19 1 3 12 152 0 0 0 0 0 1 2 1 0 8 0 1 0 0 22 0 0 1 2 6 10 1 2 19 40 4 1 3 7 2 17 1 1 0 8 5 0 0 1 0 1 8 5 0 
3 0 1 9 48 2 0 8 6 1 0 8 0 3 11 0 0 1 2 5 0 3 2 74 0 14 0 8 0 7 7 25 1 74 25 0 1 6 0 1 3 0 1 1 3 0 4 0 1 0 9 1 0 0 12 0 3 1 3 7 0 1 2 2 
1 0 1 12 4 1 2 5 13 1 1 4 1 3 0 0 1 0 12 0 17 40 2 3 1 4 0 2 0 2 2 0 2 3 29 0 66 1 0 3 7 0 1 2 0 1 2 5 9 2 6 1 0 1 3 9 1 0 0 0 0 1 1 0 
0 13 1 60 2 2 2 0 2 0 2 0 2 0 5 28 2 6 0 1 5 48 1 34 0 6 1 8 0 10 1 0 1 3 3 2 1 1 20 10 2 36 0 3 0 4 0 0 11 3 0 2 2 0 0 0 4 3 0 0 1 6 3 1 
21 0 0 0 1 13 15 0 2 0 0 0 2 6 8 1 0 3 7 1 0 2 2 3 22 0 6 3 0 2 1 0 4 1 2 1 4 1 0 0 0 118 0 1 7 6 2 0 1 1 0 0 0 14 0 2 1 1 10 2 1 3 0 0 
51 1 0 1 2 1 0 3 2 21 0 1 16 2 1 12 1 0 0 5 2 0 7 0 0 94 0 7 1 1 0 0 1 1 0 9 0 1 0 2 3 1 1 1 2 21 1 2 0 12 10 2 17 6 0 2 2 0 0 2 12 2 0 1 
0 95 1 1 23 0 0 2 0 1 0 1 1 1 32 28 8 1 0 4 8 1 8 3 0 0 3 0 0 0 1 6 1 19 31 1 0 0 0 5 6 0 0 1 0 17 2 0 4 9 1 7 0 1 2 0 4 0 0 0 1 5 9 0 
0 0 5 0 7 17 11 4 4 0 15 0 1 0 0 4 8 4 5 0 1 4 1 0 1 0 0 29 0 1 0 5 8 0 1 2 1 1 21 0 0 4 0 0 2 1 13 3 0 1 0 1 37 1 124 1 0 3 0 5 148 0 2 3 
11 0 1 102 0 1 0 10 0 5 0 2 2 2 1 13 21 1 0 3 3 0 6 1 23 1 0 1 0 0 0 4 25 0 1 2 0 6 3 0 0 0 6 0 1 35 4 5 0 3 0 2 0 1 6 0 18 6 1 47 0 0 3 0 
1 2 2 1 3 8 5 8 2 11 0 0 28 1 5 11 1 17 0 1 1 10 1 0 0 10 21 2 6 0 0 0 0 0 2 1 0 3 0 2 1 3 2 1 0 1 1 5 34 0 1 0 0 0 5 7 3 1 0 1 0 77 0 1 
2 0 1 15 0 29 0 14 11 7 12 2 3 0 5 25 1 0 0 0 2 11 1 30 80 3 0 0 2 32 3 3 0 2 1 0 4 2 6 4 0 1 2 26 6 0 1 35 13 129 0 0 2 20 0 8 1 0 1 2 0 0 1 2 
1 6 4 12 2 4 39 1 6 0 3 1 0 2 8 1 2 1 2 1 6 42 4 0 1 0 0 8 0 5 7 0 1 3 0 0 12 3 2 214 1 0 1 0 2 3 0 5 2 0 0 5 1 1 4 6 0 8 3 2 10 4 0 1 
3 1 0 2 10 5 15 1 6 2 5 0 12 3 18 6 19 1 10 11 4 0 3 3 10 0 1 1 0 9 0 1 1 0 1 12 21 3 1 10 0 1 0 3 0 4 1 1 1 9 17 1 25 7 0 4 5 1 0 2 0 5 2 0 
3 0 0 14 0 3 0 6 0 0 19 0 1 2 3 1 1 2 0 1 1 14 9 10 0 0 0 0 8 0 0 2 2 2 0 0 6 2 0 0 0 10 1 1 0 13 0 0 43 8 10 1 0 0 18 1 9 1 11 0 0 0 6 0 
9 0 0 0 19 8 0 0 0 4 0 0 0 110 3 9 6 1 1 4 1 18 23 4 19 5 0 1 9 6 1 3 2 0 0 126 1 8 0 10 10 8 12 0 19 5 0 24 0 6 3 3 0 1 1 4 2 7 10 0 1 0 20 0 
3 1 8 2 0 1 10 23 14 3 2 2 188 1 0 1 0 3 0 14 1 0 0 2 1 13 3 31 8 2 0 4 1 0 1 2 9 115 0 2 0 0 0 1 1 1 4 1 3 10 0 11 3 0 0 15 9 7 1 3 0 2 0 0 
0 14 20 2 32 0 0 6 1 3 1 1 0 1 3 0 9 0 2 0 31 2 1 0 3 0 1 14 0 4 0 1 0 224 0 17 0 3 0 4 13 0 4 0 2 5 0 173 6 0 1 0 2 0 0 9 0 6 0 0 8 6 5 0 
0 0 1 0 0 0 3 2 2 0 1 8 6 0 0 0 3 1 0 2 1 24 1 1 10 29 2 1 107 1 0 5 0 0 1 1 0 2 5 4 0 1 0 30 2 0 8 0 1 11 0 1 1 0 1 0 1 0 3 1 35 2 1 30 
31 0 2 0 4 1 12 0 0 3 2 8 10 1 0 30 2 5 1 236 9 3 2 6 3 2 4 14 0 2 4 2 2 19 0 2 0 2 17 0 0 0 0 0 0 1 1 0 1 9 1 1 24 1 0 0 7 0 3 1 5 0 1 2 
11 20 2 0 2 9 14 4 25 6 0 0 0 0 73 17 3 10 1 2 2 0 5 0 0 1 1 0 1 0 7 0 1 1 0 0 2 51 1 12 0 4 40 7 2 1 8 25 0 0 5 0 0 0 1 22 0 7 0 0 0 314 0 2 
0 0 0 0 8 22 7 1 6 0 0 6 0 11 0 2 0 11 1 2 0 0 0 1 1 0 1 0 0 7 6 1 4 1 7 0 3 3 5 0 10 7 6 0 7 0 0 5 0 5 0 55 3 0 21 25 1 0 9 2 6 6 11 4 
1 0 0 1 0 0 0 2 2 1 4 0 1 0 2 1 0 2 0 4 7 1 2 91 35 1 0 1 0 2 2 7 0 0 10 0 0 0 0 1 19 1 3 4 3 9 30 0 3 0 7 0 7 2 0 0 1 0 0 0 23 1 4 0 
55 10 0 0 0 1 0 0 0 7 0 1 0 0 0 4 0 6 2 0 0 0 10 4 54 25 1 0 48 2 0 1 7 12 4 1 67 3 0 0 9 12 7 3 0 6 1 0 0 0 0 11 0 0 7 0 3 7 0 6 3 0 0 3 
0 0 4 0 22 12 6 0 1 1 0 1 1 17 2 1 0 1 0 12 1 2 1 3 8 0 2 1 1 0 0 0 8 3 3 3 3 0 1 19 89 0 1 5 3 0 0 13 0 0 2 9 0 0 4 16 30 1 0 6 5 0 0 0 
4 0 0 0 4 14 0 1 3 4 0 5 0 0 6 0 0 2 0 1 0 0 5 4 3 7 12 8 0 1 8 1 6 1 4 39 0 55 0 9 65 29 0 0 0 2 0 21 1 1 8 4 0 0 15 5 1 3 75 2 3 2 1 0 
2 2 0 0 3 7 0 236 0 2 0 0 5 1 0 0 0 2 1 0 0 1 12 23 0 3 1 0 1 2 0 20 0 1 4 1 4 0 0 0 3 0 0 4 3 1 15 1 1 0 0 14 2 1 455 2 1 2 1 2 15 0 6 1 
8 39 0 1 0 5 0 21 1 1 0 2 0 2 7 2 3 1 0 1 21 0 1 1 0 0 4 2 9 0 24 0 4 1 1 3 0 0 0 0 9 0 0 3 15 1 19 0 0 1 0 2 1 0 0 17 31 10 15 0 0 0 3 1 
0 0 0 0 1 3 1 0 5 12 1 16 4 0 1 1 53 8 0 0 5 0 1 1 10 2 0 20 1 2 19 1 13 1 1 0 0 7 0 38 1 0 0 2 0 0 4 0 1 0 1 0 0 0 3 0 1 5 0 7 0 2 3 0 
5 0 1 1 14 66 0 0 0 0 1 9 4 0 40 1 1 2 3 0 2 12 4 3 2 0 14 1 18 2 2 8 0 3 3 3 1 7 2 1 0 1 24 0 0 48 0 1 1 0 0 1 0 1 0 1 0 1 1 2 0 0 0 1 
0 8 0 4 3 0 3 0 0 2 6 0 1 0 1 9 0 0 11 5 1 1 1 0 0 7 103 3 0 0 2 2 0 27 1 0 1 23 7 1 5 2 16 3 1 6 0 29 0 4 1 0 0 0 8 3 5 4 16 0 0 71 0 0 
7 0 1 0 0 0 0 2 10 0 12 35 2 1 3 16 0 0 3 85 6 6 0 0 1 0 1 0 0 0 80 1 120 2 0 5 0 0 2 3 0 62 0 0 6 1 4 54 4 2 1 44 0 7 6 558 0 1 0 1 1 22 3 0 
3 4 0 0 7 1 1 3 0 1 11 5 2 58 0 20 0 0 2 0 2 1 1 1 12 0 1 0 0 1 3 13 0 0 81 1 0 1 9 4 1 18 1 1 5 9 0 4 7 32 0 2 2 2 0 18 2 1 0 4 3 0 1 6 
11 2 3 0 1 0 0 0 0 0 14 17 6 2 1 2 10 1 0 4 0 0 11 15 1 1 9 2 2 1 1 25 0 0 2 19 1 2 1 1 0 0 3 15 2 3 5 2 1 4 0 0 13 0 0 27 1 5 15 1 0 32 0 0 
2 12 0 1 0 1 60 0 8 18 38 0 1 1 26 2 8 1 8 2 2 8 0 0 1 1 0 0 3 4 2 0 1 2 14 0 0 4 23 6 0 9 0 1 4 0 0 0 11 0 3 7 1 25 0 2 0 0 0 0 4 21 1 1 
2 6 0 6 0 0 0 0 6 0 2 3 2 1 0 3 2 5 2 2 1 0 0 5 1 31 5 0 1 1 2 0 368 2 0 2 2 0 1 3 0 2 0 1 0 8 8 0 0 0 1 0 2 69 3 16 0 6 1 7 0 0 0 0 
1 8 4 0 16 1 0 1 0 0 0 6 0 1 2 16 5 0 3 0 1 29 1 0 0 37 4 11 5 0 0 0 0 1 16 0 58 0 0 3 0 6 9 3 1 7 9 4 0 0 1 0 2 1 0 1 0 1 1 1 0 0 60 28 
0 0 2 4 7 1 0 25 1 0 0 0 3 0 0 17 5 17 16 34 1 0 1 4 1 0 9 1 2 2 0 1 42 2 0 2 0 6 1 4 3 5 1 1 1 0 1 0 1 0 3 0 2 2 11 9 7 2 4 11 0 0 0 4 
21 1 1 12 7 19 0 1 1 0 0 1 0 8 1 5 1 2 5 0 2 2 100 2 4 10 25 76 0 2 0 9 21 7 1 3 0 2 89 1 2 0 1 0 0 1259 1 5 2 1 4 2 0 16 0 12 56 13 2 0 196 0 7 2 
0 3 11 9 1 2 1 0 0 3 3 1 0 3 1 1 0 7 7 2 7 2 0 0 0 0 0 0 1 0 0 100 1 1 5 0 4 0 1 3 1 1 0 6 31 0 111 80 0 6 9 20 0 0 1 2 5 26 10 3 1 6 0 3 
0 1 1 0 6 1 1 6 0 2 10 1 1 6 23 0 9 0 16 0 0 3 0 7 1 2 6 0 2 2 3 4 12 1 1 0 0 7 1 15 1 2 16 0 6 0 2 3 0 2 0 0 0 1 35 4 2 2 4 11 1 0 8 1 
3 1 7 0 5 2 1 0 1 0 1 7 0 0 0 0 0 0 4 2 5 0 22 2 0 0 5 1 0 1 0 0 13 3 3 0 6 0 0 3 0 6 0 0 1 0 89 0 0 9 0 24 1 53 1 2 1 1 0 17 1 8 0 0 
2 31 0 0 1 42 0 4 0 9 0 42 0 14 0 0 2 1 75 1 11 4 1 0 14 20 31 1 0 0 0 2 17 110 6 2 2 5 0 1 0 9 64 6 0 63 3 15 8 0 1 1 1 1 14 9 1 1 2 0 0 1 1 0 
2 1 3 6 1 0 0 0 0 19 548 1 3 0 2 0 0 31 22 0 0 0 0 3 0 5 2 0 1 1 1 6 1 0 8 0 0 27 11 3 2 1 0 26 23 1 1 2 18 59 2 2 1 11 51 5 0 0 10 0 5 0 0 0 
0 4 2 2 2 4 8 9 2 4 25 0 16 0 1 0 6 2 2 9 0 3 0 1 0 3 6 0 12 4 0 0 3 0 0 0 1 5 5 22 0 10 1 1 0 2 3 1 32 1 0 3 1 1 0 0 0 3 1 9 1 0 3 3 
2 0 18 13 0 4 20 0 1 0 2 28 2 1 1 1 6 0 121 0 3 616 0 1 8 3 2 1 1 7 0 0 0 0 185 0 1 0 3 6 0 0 1 0 1 6 29 0 1 3 33 1 5 4 13 3 3 0 0 1 45 0 9 85 
3 5 0 3 0 1 1 1 3 1 4 3 0 3 0 0 0 0 2 7 2 7 2 3 1 5 1 3 8 0 0 1 3 1 11 1 0 0 0 0 9 1 3 4 1 4 1 2 10 1 0 4 5 2 7 18 0 0 3 35 9 0 18 2 
1 21 1 19 9 1 0 8 0 1 9 2 0 2 0 6 0 0 1 3 7 0 25 1 1 19 0 0 1 0 1 2 1 14 48 1 9 7 7 0 0 2 2 1 0 26 13 8 9 0 2 0 0 0 0 0 1 5 2 0 0 0 2 0 
7 2 0 0 1 5 5 2 0 0 2 44 0 8 17 5 5 4 2 3 0 2 0 5 0 22 0 0 16 0 0 0 1 1 0 1 2 3 0 4 0 0 21 4 3 0 6 47 177 0 1 3 1 0 7 0 0 1 1 9 3 2 0 1 
19 5 126 1 21 12 1 0 1 24 0 0 0 0 2 16 0 2 0 87 0 0 2 2 0 0 0 1 1 0 6 0 4 0 0 9 3 0 3 2 1 0 1 7 3 1 0 1 0 123 0 3 5 0 0 1 14 16 0 19 28 6 2 0 
328 0 1 0 1 0 11 17 9 20 1 0 0 2 1 80 31 2 1 1 5 0 1 4 0 7 3 0 0 1 4 2 2 0 7 8 1 1 0 1 5 3 2 1 18 0 8 9 2 3 5 23 0 1 3 0 0 1 0 0 2 21 12 1 
12 71 25 2 9 1 0 0 9 0 7 4 282 1 0 3 1 2 0 1 0 0 0 0 2 0 1 1 8 1 0 1 27 0 5 13 2 5 11 18 9 12 0 20 1 3 0 0 1 7 0 10 2 0 2 0 0 0 9 0 0 2 7 0 
0 34 2 1 0 2 1 0 0 1 1 1 0 16 2 3 1 12 0 25 1 3 1 0 16 0 5 0 1 8 0 66 4 0 0 0 1 0 4 0 0 5 0 0 0 0 0 1 24 2 0 7 7 4 1 18 1 142 0 1 0 0 4 1 
0 0 25 2 19 3 2 0 6 0 0 0 0 17 0 8 4 0 0 23 6 0 0 0 12 1 0 2 0 1 4 1 7 7 0 0 3 5 0 1 0 2 3 2 1 44 8 0 5 2 0 0 8 22 1 0 10 31 1 0 3 0 5 1 
0 1 0 5 0 120 1 1 0 3 9 15 0 0 0 7 3 9 16 0 1 0 5 2 2 3 0 14 6 3 0 0 0 3 18 1 0 0 0 3 21 0 4 0 0 0 0 4 0 70 3 1 1 1 17 3 0 13 32 1 0 1 6 1 
0 0 0 0 0 0 0 1 6 5 5 2 2 1 4 1 118 1 19 73 0 1 0 6 1 11 3 0 3 5 0 0 9 24 0 1 1 17 3 0 3 5 0 5 2 3 1 0 0 4 3 0 13 19 0 0 1 21 10 1 4 7 1 1 
0 2 5 0 1 9 137 2 0 42 0 6 0 11 0 2 0 0 0 1 1 0 8 11 8 1 7 0 9 1 1 0 0 1 0 1 0 2 1 0 0 6 0 11 0 6 3 0 1 12 14 15 1 20 22 0 0 7 0 0 11 12 0 0 
4 4 0 3 0 1 5 0 1 0 0 1 1 1 3 1 3 6 5 10 0 5 5 0 0 4 0 1 2 7 5 10 4 8 1 6 0 0 45 1 42 4 2 1 1 2 1 8 1 9 0 2 0 3 0 0 0 127 1 0 1 4 0 4 
0 1 2 0 6 6 1 0 0 0 0 0 24 0 12 1 5 0 0 2 3 0 0 44 0 3 8 6 5 1 0 1 8 0 0 1 1 1 1 3 19 3 8 0 0 7 0 1 1 23 1 0 22 8 0 0 0 0 1 1 0 11 1 1 
1 0 3 0 16 4 0 11 1 3 1 0 0 0 1 2 4 0 7 9 9 3 4 2 0 0 0 4 0 0 1 0 1 0 0 2 0 2 41 0 6 0 0 0 0 4 0 14 6 0 7 2 2 0 0 7 4 5 2 3 21 9 5 2 
5 3 0 8 7 0 3 2 7 4 2 0 3 0 947 24 1 0 12 0 0 0 0 0 0 3 0 4 1 18 2 1 1 0 3 16 0 0 18 5 8 2 3 1 0 8 1 0 18 12 4 1 54 0 2 7 0 0 1 0 2 5 0 3 
1 7 16 1 6 22 0 1 2 9 0 77 1 1 97 6 2 43 1 1 1 2 0 5 0 0 9 36 3 1 1 28 0 8 5 4 3 4 5 0 0 3 0 0 6 0 1 1 1 7 11 19 3 3 4 8 5 1 38 0 2 2 4 0 
19 9 2 3 12 0 4 5 2 7 1 7 0 46 1 1 17 369 1 3 0 0 1 1 0 0 2 8 9 0 8 7 23 145 3 11 2 1 5 5 1 0 7 1 20 4 1 0 1 3 2 1 8 88 1 27 1 14 4 72 9 4 1 1 
2 0 1 1 0 2 0 11 5 1 42 1 0 0 0 4 0 6 0 1 9 1 3 1 6 1 1 1 1 127 0 5 1 0 1 0 7 0 29 1 5 9 2 5 12 1 54 1 0 2 4 5 1 3 1 1 1 1 0 0 0 1 3 0 
1 1 14 1 3 2 10 0 3 0 5 0 4 0 15 2 1 24 10 1 5 0 2 0 19 7 2 1 12 0 4 0 0 1 3 10 6 0 32 4 3 1 2 3 8 20 5 0 0 5 0 77 5 2 1 14 2 1 1 0 10 0 2 8 
1 0 0 0 7 2 0 9 6 4 1 7 6 6 0 2 0 0 1 1 7 6 0 0 1 1 1 0 1 10 22 0 15 0 8 7 0 1 5 1 6 0 2 9 2 1 2 4 3 6 0 24 0 45 22 3 2 1 0 1 0 4 4 0 
1 6 0 4 2 6 0 1 0 3 2 0 49 2 4 3 27 24 1 7 0 0 1 2 0 0 6 18 16 0 22 0 121 0 1 0 1 17 1 49 23 0 8 8 0 0 0 1 2 3 7 1 0 0 0 1 0 13 0 1 0 0 0 0 
0 5 0 1 3 0 0 20 20 2 0 4 1 0 6 0 1 24 0 2 1 0 4 0 2 50 1 1 19 0 0 6 0 1 1 0 0 0 4 3 0 1 4 0 0 0 0 0 19 1 0 1 0 2 1 7 27 2 2 2 0 0 1 0 
0 3 6 1 8 1 6 1 0 1 1 0 7 11 1 1 0 13 1 6 0 2 2 12 9 0 0 1 2 1 0 2 1 2 3 0 0 0 1 2 60 3 1 5 1 0 0 3 2 0 3 27 2 1 9 0 9 3 5 9 3 21 25 2 
1 8 1 2 3 1 0 25 3 6 1 1 0 0 0 1 0 2 3 17 0 3 15 2 5 147 5 1 1 3 3 2 40 1 0 0 0 4 0 1 3 22 2 4 0 0 0 3 1 24 5 13 0 0 0 0 31 0 1 3 9 3 0 1 
14 2 3 5 17 2 0 0 0 810 0 13 4 4 0 1 4 0 2 1 2 0 1 1 0 0 1 6 6 11 13 6 16 0 10 12 6 0 1 8 0 5 1 6 2 1 2 0 0 3 1 6 5 2 46 0 1 2 10 0 6 1 1 2 
79 344 1 48 10 0 213 0 2 3 175 1 1 0 1 0 4 1 1 0 0 2 7 0 0 1 0 1 17 33 1 11 27 3 217 3 6 0 3 0 0 1 8 6 2 0 4 1 2 71 6 0 0 1 1 0 38 0 0 0 0 1 0 1 
0 0 1 4 0 8 15 17 0 0 0 14 0 2 57 7 0 0 1 4 6 8 0 8 0 1 2 1 0 0 19 2 0 5 1 1 0 0 2 3 1 2 25 3 5 0 0 1 1 0 0 0 0 0 6 0 4 5 1 6 2 2 9 0 
1 1 4 4 3 45 0 2 0 1 1 12 3 0 0 0 0 6 1 12 1 1 0 1 8 12 12 0 2 30 0 2 6 87 7 2 0 30 0 2 20 4 2 1 0 0 0 1 2 0 0 2 3 3 1 2 6 0 13 2 0 46 0 12 
0 6 1 0 0 4 3 1 2 0 2 1 4 0 0 2 0 1 1 1 4 0 0 0 5 2 1 15 3 11 2 5 0 3 0 2 3 1 1 16 16 3 44 1 1 7 1 0 0 41 2 0 3 1 3 1 48 15 6 1 1 0 3 0 
5 5 9 1 1 0 1 2 1 0 4 4 2 57 5 1 4 1 1 5 1 20 1 2 0 0 17 1 18 11 0 18 0 0 7 1 3 2 1 0 34 0 0 0 11 1 6 6 1 9 10 1 9 1 0 19 0 0 1 4 43 0 6 1 
32 0 1 4 5 2 10 25 0 3 205 2 0 17 4 22 8 4 16 4 1 43 1 0 2 0 1 8 0 8 21 1 18 6 4 0 10 0 1 38 0 5 5 2 1 0 0 1 0 1 2 0 1 3 0 3 35 0 1 1 2 2 2 0 
1 0 0 0 3 31 1 2 9 0 6 5 11 0 26 3 0 2 2 1 21 1 0 0 0 10 30 0 0 5 1 1 2 0 4 6 13 3 6 7 0 14 1 0 1 3 4 8 14 0 4 0 1 2 9 2 12 0 50 9 14 4 0 7 
1 0 48 13 1 0 0 2 11 0 0 4 7 17 16 0 1 5 0 5 20 1 7 2 0 0 1 1 0 0 2 4 1 28 11 0 0 8 1 3 24 972 0 10 20 29 1 26 0 1 1 0 13 8 7 0 5 16 73 18 1 0 0 9 
3 4 0 21 1 0 0 143 9 0 15 5 1 0 0 3 0 1 1 2 3 0 1 1 0 10 11 2 1 1 6 29 0 2 0 0 0 0 16 0 1 2 7 2 41 8 0 17 4 3 2 0 0 2 0 0 0 0 0 0 1 4 0 7 
10 0 3 15 29 49 0 10 4 0 0 1 17 0 0 0 2 1 1 0 6 33 0 0 40 1 0 2 0 0 3 0 0 3 1 2 0 11 1 0 0 1 64 10 0 0 6 0 0 0 136 2 5 18 21 6 1 0 0 1 10 0 16 34 
3 54 4 5 3 9 2 1 105 2 0 1 0 1 0 1 1 1 0 0 1 42 3 2 8 3 1 0 0 1 6 3 1 0 4 1 1 0 0 3 2 0 177 0 15 0 17 0 1 0 0 12 14 3 3 0 0 2 7 35 16 0 0 0 
0 2 4 2 0 5 0 6 0 16 5 1 8 0 0 1 16 0 0 51 0 12 1 0 1 7 0 5 1 0 6 2 1 0 0 4 0 0 2 0 1 0 2 6 6 2 1 5 48 1 3 9 5 14 5 5 1 7 0 2 11 1 1 0 
0 3 2 0 10 6 1 0 34 2 10 7 1 2 2 8 59 0 22 0 0 1 0 0 0 0 1 3 1 0 4 1 0 34 2 11 1 76 15 2 32 4 8 0 0 0 1 7 5 2 3 7 0 15 16 6 0 2 3 1 2 2 1 0 
2 3 1 2 2 5 0 0 0 0 6 1 0 1 0 2 2 1 15 23 0 2 6 0 14 5 0 16 1 2 0 4 3 2 3 0 13 0 0 3 9 7 1 0 2 2 0 3 2 2 2 2 0 9 4 1 0 31 2 0 4 4 7 0 
1 0 0 0 28 2 28 51 0 0 27 0 0 74 7 2 0 2 2 0 31 2 58 0 10 31 0 1 0 0 3 116 0 0 32 1 3 1 7 1 0 3 2 4 8 0 78 2 0 0 30 0 2 0 4 1 5 1 2 1 11 1 1 8 
0 17 0 1 0 3 1 0 0 1 3 0 1 1 0 19 10 3 1 42 7 21 2 1 1 1 10 2 3 2 16 15 3 2 10 6 2 7 0 0 0 5 1 0 3 312 1 0 1 0 4 1 1 0 56 7 2 0 1 2 2 2 0 4 
0 0 0 40 0 0 1 0 2 0 0 0 0 0 12 1 1 4 0 1 0 9 8 1 6 1 17 10 0 18 1 4 1 2 5 17 53 0 69 0 1 5 5 0 6 2 2 0 1 10 5 1 0 1 7 0 1 0 7 5 0 0 0 1 
88 0 0 11 0 552 14 13 0 0 42 0 22 6 0 12 3 0 6 1 0 2 2 1 2 7 0 0 5 21 0 2 0 1 1 147 0 472 1 4 2 11 5 0 0 1 0 4 1 0 3 18 0 223 2 1 0 1 1 10 0 21 2 0 
0 2 2 3 1 0 1 2 3 7 1 0 0 0 1 35 1 0 1 9 5 5 0 5 13 3 0 0 0 0 1 5 0 3 2 2 0 11 0 8 2 28 1 2 0 6 9 21 0 18 2 1 0 8 0 0 1 0 0 0 0 7 2 6 
8 6 0 8 1 2 4 1 1 23 1 1 1 0 0 4 0 0 5 24 0 0 1 4 1 0 0 7 0 0 7 0 1 2 0 3 17 0 2 0 2 0 0 0 4 2 1 2 0 1 7 0 0 67 1 16 0 5 1 1 0 3 1 10 
0 21 1 1 0 2 2 11 1 2 0 0 5 2 0 0 28 0 0 1454 0 0 0 1 3 0 0 1 5 0 12 1 0 1 2 2 0 1 3 4 0 0 2 3 3 41 0 1 6 0 4 0 6 0 0 9 2 3 4 1 7 0 0 0 
4 1 5 13 4 1 0 3 6 3 0 6 21 0 2 94 1 16 0 3 2 0 0 2 8 2 5 1 11 0 4 10 9 1 6 0 0 0 1 2 0 2 3 1 1 0 0 0 2 12 8 1 0 0 2 5 0 0 0 6 0 2 0 1 
1 1 2 3 354 5 4 1 7 34 3 1 0 0 11 0 0 1 0 0 28 1 6 1 1 0 1 28 1 3 11 2 2 0 1 0 2 5 0 8 0 1 37 0 17 0 2 1 1 5 4 8 1 0 16 0 2 1 6 0 3 6 13 3 
0 21 9 4 0 0 0 0 2 4 1 0 0 29 6 2 0 32 0 28 1 1 1 1 0 3 12 455 0 12 2 8 0 4 58 1 6 1 4 2 7 1 0 9 3 8 19 4 4 1 19 0 0 0 10 62 0 1 16 0 0 13 4 0 
0 9 3 3 0 8 12 0 0 4 2 1 0 0 0 19 0 0 3 3 0 0 0 0 2 7 5 1 0 0 0 0 3 4 3 3 0 6 15 0 4 0 3 1 0 7 0 18 18 0 0 114 2 52 4 1 29 1 7 0 0 1 1 2 
7 8 32 10 18 15 1 1 0 4 0 1 1 9 5 6 1 9 0 8 0 0 0 1 0 0 12 0 4 0 20 1 2 9 1 2 0 0 0 37 0 1 0 42 0 1 1 3 8 5 1 5 0 0 0 19 0 3 1 0 0 7 2 10 
7 2 1 2 3 0 1 2 184 2 3 11 13 1 89 3 1 0 0 1 0 3 1 7 0 2 1 0 0 4 4 7 2 1 1 0 0 0 1 6 8 0 2 23 1 50 2 0 0 0 3 6 0 6 1 61 1 0 1 4 2 2 0 5 
1 8 1 26 0 0 0 1 1 4 0 0 33 1 2 1 13 0 2 0 0 4 7 5 3 2 16 2 0 12 20 0 0 7 1 19 76 1 0 4 5 1 0 1 0 11 0 38 0 5 3 1 0 2 3 4 1 1 0 0 271 7 4 506 
1 1 0 0 30 4 6 1 0 1 0 0 1 0 6 14 4 2 4 3 1 37 0 0 7 3 0 1 1 0 7 7 0 0 0 25 9 0 11 0 0 37 0 0 0 8 12 15 6 5 0 13 1 0 2 25 2 0 0 1 30 6 0 6 
2 2 1 0 1 6 0 0 0 7 1 1 1 0 0 12 5 5 0 34 0 3 42 1 5 1 4 44 1 6 2 5 0 2 0 3 2 0 1 3 1 24 0 0 10 0 4 4 1 17 7 43 2 0 2 0 1 0 0 5 0 0 0 3 
0 7 0 1 11 22 8 1 0 2 13 1 1 0 1 75 14 0 0 7 26 1 0 7 0 6 1 7 0 6 2 5 41 0 35 0 0 1 9 233 0 1 3 5 4 0 23 7 0 1 0 6 0 12 0 1 0 0 6 10 10 1 5 0 
1 0 3 0 0 1 6 4 0 0 2 1 5 9 1 2 2 32 12 1 4 3 1 4 0 2 0 0 4 4 6 8 0 0 1 0 7 1 6 1 7 0 4 1 2 0 6 57 2 0 6 32 39 6 0 0 0 1 0 1 0 2 27 2 
8 1 1 1 2 0 3 2 1 10 0 65 10 3 0 0 0 3 226 1 0 1 1 0 0 15 0 4 2 0 3 92 0 1 6 2 6 1 16 3 34 2 8 0 2 1 22 1 0 43 0 0 0 1 3 2 40 5 13 2 4 3 1 0 
2 4 18 37 14 1 1 120 0 1 6 0 1 18 2 1 2 0 6 11 1 1 14 1 3 2 0 6 4 1 2 1 0 0 1 2 2 1 0 0 2 4 0 0 0 11 0 2 1 0 1 3 0 0 0 8 9 0 0 1 3 26 3 36 
0 1 13 3 17 2 0 0 0 3 10 0 25 1 1 0 17 42 87 0 14 0 26 1 11 1 10 0 5 0 3 0 0 0 0 0 1 0 28 3 4 1 11 0 0 0 28 5 2 3 1 2 0 7 0 1 0 3 92 9 14 2 3 1 
7 0 0 2 24 0 0 9 0 1 0 0 6 0 0 0 0 1 0 5 3 3 1 1 3 1 11 26 3 0 0 6 0 3 15 2 1 20 73 4 1 1 0 1 0 8 1 22 1 13 0 2 458 8 9 0 5 2 10 0 1 12 0 1 
2 1 28 25 1 2 0 12 2 0 4 1 6 1 9 0 9 45 1 0 0 1 4 6 2 0 6 4 8 0 1 3 7 0 0 3 1 0 3 2 1 3 0 1 76 0 3 0 1 0 3 14 1 1 2 1 1 26 1 0 1 1 0 20 
5 4 14 0 0 2 0 1 3 21 31 2 6 8 1 2 0 5 53 1 3 7 0 10 9 3 0 0 8 0 6 9 0 1 0 1 0 0 1 0 74 0 0 66 1 7 0 8 0 2 2 91 4 0 0 0 1 0 0 1 0 1 1 5 
0 0 1 14 3 0 0 2 0 165 6 4 0 0 0 12 0 4 0 0 0 1 1 1 0 0 0 1 4 1 1 0 5 0 1 1 19 11 1 1 0 1 3 10 11 3 1 14 12 0 3 1 0 0 6 35 0 2 4 0 0 2 0 1 
0 0 0 1 5 2 0 1 18 0 1 1 1 0 1 0 0 0 1 4 6 7 10 5 1 31 0 7 0 2 22 0 0 0 0 3 5 7 2 20 1 0 8 14 0 2 0 0 0 0 0 1 7 2 0 1 0 4 0 0 6 1 6 0 
0 0 1 7 0 0 9 1 2 1 1 3 0 0 0 1 0 1 0 0 0 3 2 10 0 9 5 0 15 0 1 0 2 1 6 6 0 0 3 1 6 65 0 0 3 1 3 12 4 1 9 0 9 131 4 0 6 2 5 0 11 6 0 0 
2 1 34 0 7 0 26 1 25 1 3 21 1 0 1 2 0 0 1 1 2 1 1 0 6 20 7 4 0 6 3 6 6 1 3 0 2 1 0 5 0 1 2 7 0 2 0 34 0 1 0 0 132 0 166 3 58 11 0 7 1 3 1 0 
0 1 2 0 0 0 1 0 16 1 6 2 1 10 1 40 3 36 17 0 38 1 62 30 0 2 1 1 7 1 26 1 9 8 106 0 4 0 9 1 0 8 33 1 2 3 1 1 10 0 4 0 9 0 1 9 0 6 37 4 1 26 1 1 
6 11 1 0 0 5 9 1 1 0 0 3 4 1 0 1 2 1 12 7 0 1 2 3 8 0 0 0 20 0 7 5 0 13 6 6 0 1 0 1 9 10 0 8 8 31 2 0 7 0 1 2 3 1 10 0 11 0 5 0 97 4 0 51 
7 0 4 3 16 2 1 0 9 0 17 1 9 1 4 3 8 1 10 13 0 62 2 2 0 1 0 0 3 0 1 0 0 1 23 3 19 21 1 56 2 1 6 0 1 0 0 3 0 34 1 11 0 11 0 0 11 0 0 17 0 9 0 468 
1 1 14 0 0 0 11 1 2 1 11 0 0 3 3 1 0 3 15 0 1 26 83 0 9 50 0 0 3 204 2 4 3 8 1 1 1 5 19 0 31 1 1 5 54 1 0 0 1 1 12 4 0 3 1 0 2 14 5 0 0 1 3 0 
266 25 1 0 0 1 189 2 0 0 0 2 0 1 0 0 0 1 3 1 21 107 1 6 35 21 1 0 0 5 0 0 4 0 0 0 0 2 0 3 2 0 8 7 0 0 9 3 5 9 0 9 5 1 1 0 0 0 1 0 1 9 3 8 
0 1 186 0 1 0 97 0 0 1 9 0 11 2 7 0 44 4 0 2 0 22 0 0 11 7 0 0 1 5 16 0 0 10 0 5 53 1 13 0 3 2 1 2 43 1 1 0 1 25 2 0 42 6 1 1 1 0 66 3 1 10 3 1 
4 5 0 5 4 0 7 5 0 2 0 3 4 1 32 8 4 0 1 5 0 2 6 3 0 0 0 9 2 12 1 52 0 0 6 0 0 10 1 231 1 0 1 12 0 20 1 0 7 5 0 1 5 4 2 0 0 0 0 0 9 1 6 0 
7 1 6 2 6 0 12 19 0 1 4 5 1 26 41 7 2 7 8 6 0 1 28 1 0 21 1 0 15 5 0 0 10 0 57 8 2 1 0 1 2 1 3 1 1 12 71 1 18 3 0 3 0 0 2 3 26 12 11 1 0 2 0 4 
0 0 1 0 0 4 1 1 9 2 1 1 1 1 1 2 12 16 3 1 1 1 16 0 11 0 0 0 2 5 8 0 0 58 6 2 0 21 0 10 0 1 0 2 2 1 0 0 0 0 0 7 0 0 0 0 9 1 0 7 0 0 0 0 
1 7 0 5 1 3 66 1 1 1 4 11 2 1 1 0 7 1 1 2 4 0 4 1 0 4 5 1 0 0 2 0 0 16 14 0 0 2 1 5 16 4 1 79 41 0 10 0 0 1 0 0 140 11 41 1 0 1 1 2 0 12 0 1 
2 3 0 5 0 2 1 3 1 2 21 6 1 0 2 0 0 1 1 0 2 2 3 0 11 4 1 5 0 9 2 1 3 1 0 0 40 6 14 0 2 0 4 9 1 6 5 27 2 5 1 2 2 0 59 4 1 77 0 1 0 2 2 0 
0 100 0 6 0 0 14 2 2 2 0 1 20 2 1 206 1 4 1 1 4 18 0 2 1 0 0 1 5 2 9 1 1 1 1 0 0 3 2 3 0 4 1 0 7 2 13 1 0 3 1 0 2 5 1 0 0 0 1 2 1 0 2 1 
3 1 10 1 5 0 0 0 1 3 26 0 0 0 2 24 1 1 10 3 0 90 0 0 1 16 9 1 0 1 0 0 11 1 10 21 1 1 1 0 0 33 3 0 0 0 21 0 7 0 0 1 0 22 4 0 2 24 1 0 3 23 0 88 
4 1 3 0 0 0 1 2 0 0 16 0 2 1 1 16 27 42 14 83 1 0 0 1 3 1 2 0 3 23 0 0 4 12 7 9 34 6 1 2 3 10 0 2 14 1 1 2 1 0 4 1 0 3 0 0 0 2 2 1 5 0 15 1 
1 14 1 15 2 1 1 6 0 0 0 1 1 1 0 0 1 2 1 56 66 2 1 7 0 1 1 2 2 16 3 4 1 1 1 3 3 0 141 0 2 1 5 0 0 0 5 0 0 5 0 0 0 5 0 5 1 5 2 0 0 10 1 4 
1 0 4 1 3 8 9 4 1 119 0 4 1 2 1 1 150 2 2 1 5 36 18 0 0 4 1 5 0 1 2 3 1 22 8 1 0 0 2 52 6 65 4 0 12 1 0 20 4 14 23 1 0 26 1 1 10 2 5 0 5 0 2 1 
17 10 0 3 57 6 1 18 3 0 26 0 0 13 18 0 4 4 36 4 13 2 0 0 7 0 42 1 1 0 9 1 64 0 2 9 2 48 18 25 1 8 2 5 0 1 61 2 9 4 0 1 6 6 5 0 0 0 0 92 6 0 1 0 
3 0 2 0 8 0 4 0 0 4 1 2 0 2 4 2 0 12 10 1 0 19 1 0 9 0 0 25 1 10 36 3 2 1 5 4 8 0 11 0 39 44 29 10 1 2 1 1 7 1 2 0 2 6 2 27 1 11 0 0 3 0 25 1 
1 0 1 1 13 0 0 0 1 0 1 801 4 73 3 0 1 0 1 7 7 4 0 3 0 0 0 1 11 1 1 0 0 120 1 1 0 25 1 0 1 0 3 0 2 0 0 1 0 12 5 0 4 0 0 1 0 1 9 4 0 0 2 3 
1 0 6 0 1 2 5 0 0 0 3 5 5 0 5 0 12 1 20 0 1 0 0 348 0 1 0 0 14 18 0 20 5 0 8 4 2 3 1 1 0 54 20 1 0 2 0 11 21 9 8 3 0 0 2 1 2 0 183 0 0 1 1 5 
3 0 6 2 3 1 13 4 4 1 0 0 7 2 0 0 0 2 1 84 5 1 8 1 6 18 2 0 2 5 0 1 74 3 1 0 28 0 1 6 7 0 0 3 1 3 0 18 1 14 9 11 1 1 0 1 0 0 2 19 104 111 26 0 
1 0 0 0 0 4 12 5 26 40 0 2 0 10 1 92 1 0 3 0 1 0 1 3 2 1 7 5 2 36 51 1 1 1 5 0 1 2 6 6 1 1 20 5 10 0 0 55 0 0 1 20 0 56 1 5 8 0 4 37 5 0 5 1 
31 4 9 1 0 4 0 1 9 0 2 0 6 4 1 2 2 0 2 5 1 6 0 11 1 0 1 2 3 9 61 3 0 1 5 20 1 3 0 0 1 0 5 7 2 1 2 1 1 5 14 0 4 6 2 0 16 6 2 13 5 1 1 0 
10 8 0 0 1 9 1 3 106 13 0 20 10 2 6 0 0 1 3 21 10 5 3 1 4 0 2 2 30 3 3 0 0 1 39 1 1 18 1 3 1 3 1 1 0 0 0 1 2 4 10 0 0 8 0 2 1 0 2 10 0 1 1 2 
0 1 2 77 0 0 15 0 0 0 6 0 20 24 5 0 28 6 5 0 2 4 0 2 4 0 0 14 0 6 3 27 0 0 1 0 0 17 1 2 2 2 4 11 30 11 6 9 2 46 2 17 2 11 574 0 0 21 1 15 22 13 7 14 
11 0 0 6 0 163 0 0 6 2 0 3 15 25 3 0 0 1 1 1 5 1 0 1 1 0 0 13 0 17 0 1 0 3 0 3 0 1 2 2 6 5 4 4 9 1 1 0 20 0 1 0 1 1 3 0 1 3 0 4 5 0 148 3 
12 0 2 0 15 1 1 0 4 5 0 3 0 0 0 11 10 10 1 1 2 0 1 9 0 4 0 24 8 0 59 10 11 0 8 0 6 11 0 0 12 1 6 0 1 68 1 4 0 21 0 0 0 0 0 0 0 2 0 6 16 2 2 0 
0 3 32 0 0 4 2 1 0 0 5 0 104 3 3 30 20 2 2 20 0 15 8 9 1 10 0 6 6 0 5 2 6 3 4 7 15 0 0 1 2 3 2 0 25 0 0 4 1 1 1 3 0 9 9 1 2 3 0 0 2 17 0 1 
0 0 13 1 1 17 1 0 38 1 17 21 1 6 1 5 1 1 195 2 5 1 1 1 0 24 26 4 2 6 5 1 5 5 32 2 0 7 4 1 1 21 0 15 0 1 3 7 6 0 1 0 10 2 3 1 0 3 0 5 0 2 13 0 
0 1 6 2 0 4 0 0 0 2 16 15 10 0 0 1 0 0 14 1 1 24 1 0 0 1 0 33 0 0 0 0 0 1 0 1 0 1 4 0 0 1 0 117 2 0 1 0 0 15 1 8 1 0 1 1 0 1 26 1 0 4 3 1 
1 8 4 0 2 2 0 0 47 7 9 0 1 4 1 3 0 6 25 0 40 8 4 2 11 1 0 2 0 1 1 2 1 0 10 0 1 11 1 2 0 1 5 3 40 0 0 2 1 2 2 0 0 0 1 3 1 4 9 7 1 0 0 9 
20 0 6 0 0 9 12 0 0 2 2 3 1 1 5 0 0 3 15 2 0 13 0 0 2 0 0 2 0 0 0 1 6 58 4 5 1 6 17 3 617 0 11 1 1 7 2 18 0 2 17 1 2 1 1 0 1 0 2 0 5 1 9 0 
9 9 6 0 0 0 2 0 0 2 6 0 20 2 24 0 3 0 2 0 11 329 1 6 2 12 0 3 1 1 3 2 1 0 3 0 1 0 3 2 0 0 33 0 0 0 0 0 1 12 192 1 1 1 0 0 45 1 1 3 0 0 52 11 
0 1 1 18 7 23 0 1 11 2 2 1 3 1 4 14 10 9 1 1 2 0 2 2 0 0 7 2 0 82 2 0 432 0 1 4 1 1 0 20 21 0 3 1 0 1 0 0 1 11 1 1 5 0 10 3 1 4 0 1 0 22 1 0 
3 4 12 19 0 0 4 2 0 3 21 0 2 13 1 5 81 0 4 2 2 0 49 0 5 2 6 0 24 2 1 1 0 0 1 3 0 8 0 1 30 1 11 0 0 0 1 0 0 14 0 7 0 2 10 2 72 12 0 0 0 0 13 0 
3 0 6 2 1 2 0 0 0 2 2 19 0 14 3 5 85 0 5 8 5 4 3 0 22 0 1 0 0 1 3 0 0 0 0 3 0 0 1 15 0 0 0 25 0 3 11 0 0 2 0 1 0 7 1 0 10 1 4 2 3 4 5 1 
1 1 0 27 0 0 1 2 54 7 4 3 0 1 5 0 86 0 1 1 3 2 0 0 0 0 0 5 9 0 2 0 7 0 1 18 48 0 1 10 57 21 8 0 0 0 22 0 1 0 1 1 1 3 1 1 9 225 0 0 6 1 1 19 
2 8 5 0 9 1 6 2 13 0 8 1 0 3 2 42 2 0 2 4 6 1 1 1 0 9 0 1 29 3 3 0 11 10 1 9 0 1 1 5 0 0 0 1 2 2 12 18 30 1 0 4 0 0 1 14 0 8 0 0 15 1 8 104 
2 63 5 0 11 2 1 14 131 0 27 1 1 4 7 2 1 1 4 1 1 0 0 0 41 4 0 0 6 0 47 1 0 0 9 1 11 1 21 0 11 3 2 1 3 11 2 0 2 15 1 2 0 1 2 0 1 0 15 31 9 365 2 3 
0 6 0 0 1 0 0 2 11 12 0 0 5 3 5 1 8 2 7 2 1 0 4 1 0 0 0 1 6 2 1 1 1 5 1 31 1 6 4 0 0 6 0 0 3 0 0 1 2 6 0 0 0 0 0 0 0 2 8 140 1 0 101 21 
83 1 4 3 11 3 12 0 8 1 0 8 0 9 1 5 1 1 0 0 0 0 8 0 0 2 5 1 6 2 1 1 7 0 0 2 1 10 5 1 0 0 0 9 0 0 0 16 0 0 8 0 2 13 0 26 1 4 0 1 7 2 3 3 
39 0 9 10 3 2 0 16 8 7 3 0 0 1 0 1 4 1 8 4 2 2 0 4 3 1 1 0 3 8 0 4 3 0 5 2 1 12 2 1 2 21 1 0 0 2 0 3 7 0 0 0 0 2 5 0 6 1 30 14 290 0 1 0 
3 2 0 1 19 0 0 3 3 1 1 2 0 0 4 0 2 0 7 1 1 0 0 1 10 3 0 1 2 0 22 34 9 0 22 0 2 0 30 6 7 8 0 0 0 3 0 0 65 1 7 52 1 1 0 15 2 2 0 3 1 0 4 0 
0 1 2 4 0 35 0 8 1 7 0 1 0 0 1 13 0 0 0 15 4 0 2 0 10 131 1 0 11 0 5 2 0 5 12 0 22 0 0 8 2 0 1 0 34 21 0 4 10 2 2 3 1638 0 2 48 0 0 5 10 1 1 3 51 
0 5 3 0 2 1 0 0 13 1 1 2 6 0 2 1 21 0 9 1 5 0 23 0 1 0 10 0 12 7 0 10 2 0 5 1 0 0 12 2 2 15 15 0 6 0 7 0 3 5 8 16 39 0 0 0 53 5 15 3 12 0 16 2 
2 4 4 13 1 1 4 1 0 0 0 5 1 2 3 2 0 1 0 0 0 1 0 9 4 5 0 9 5 2 1 0 1 8 1 0 0 4 3 10 8 0 0 55 22 3 1 4 0 3 24 10 0 16 1 26 1 0 0 1 0 65 4 39 
1 4 5 1 1 1 3 6 31 3 12 0 0 9 1 0 1 4 24 0 7 1 0 1 0 9 0 1 2 0 1 0 0 0 29 0 1 0 3 1 1 13 1 0 8 0 50 0 12 6 0 10 19 0 0 0 3 0 2 0 1 4 2 0 
0 17 4 2 1 4 4 2 2 42 0 5 0 0 0 0 13 6 3 0 1 11 25 2 0 1 1 5 1 8 4 14 33 1 3 0 0 9 2 0 2 1 1 5 1 9 1 0 4 8 1 0 0 1 0 1 1 0 0 104 0 1 6 0 
1 3 2 0 7 1 1 0 1 0 0 0 1 1 1 6 0 49 14 1 5 15 1 2 2 12 1 0 5 0 8 1 0 0 0 1 0 0 1 5 23 4 3 2 2 3 9 0 6 16 16 0 1 1 1 52 7 7 0 0 0 0 0 25 
6 2 2 9 3 3 6 22 1 0 1 0 3 2 10 23 2 0 1 0 5 1 2 7 3 24 0 1 1 7 0 0 1 1 2 1 3 0 0 1 5 14 0 0 14 31 6 8 1 0 2 3 0 0 0 1 0 0 1 7 5 0 89 0 
2 1 2 1 0 0 4 1 3 0 142 5 20 1 4 10 2 1 1 183 41 3 22 0 3 0 1 0 1 21 8 1 1 0 1 8 2 0 2 244 2 2 1 0 3 5 4 27 1 1 1 10 2 11 0 3 2 3 0 0 0 1 5 0 
7 0 0 1 0 0 0 0 4 0 27 11 7 2 1 8 22 0 1 4 4 10 0 4 4 32 0 2 2 0 2 0 17 1 0 0 1 7 2 0 9 0 0 12 3 1 3 2 11 10 5 0 3 0 4 2 4 1 14 0 0 1 6 3 
3 17 0 2 1 16 26 1 0 1 37 4 0 0 2 0 0 2 1 19 24 23 0 1 1 0 0 12 3 0 2 1 5 0 0 7 0 0 1 0 6 1 0 9 1 1 3 0 5 61 23 1 3 0 5 1 2 2 0 2 5 1 0 15 
0 1 4 1 57 0 1 0 4 6 5 4 0 5 11 1 2 7 29 33 1 0 3 0 36 2 1 3 74 28 0 21 1 2 0 1 31 109 1 0 1 0 5 0 1 1 2 0 30 0 5 0 0 1 1 88 3 0 1 10 18 2 0 0 
19 14 0 30 2 0 1 0 0 0 11 0 0 5 6 0 0 1 18 4 6 16 1 2 0 1 0 0 0 1 0 0 3 0 1 0 2 36 0 4 0 3 1 1 0 8 0 27 2 7 17 5 0 267 2 0 0 0 1 0 0 14 0 1 
12 1 0 40 6 7 4 1 16 0 0 1 1 5 0 0 2 1 3 39 0 1 3 0 3 5 35 5 3 0 3 3 10 2 9 20 1 1 4 2 0 2 53 0 0 1 8 1 1 1 2 0 1 0 1 5 5 0 72 14 5 0 3 9 
1 0 1 0 6 2 0 8 7 3 1 0 0 1 0 8 22 10 0 27 1 0 1 1 1 7 2 2 57 4 5 1 0 17 1 0 0 0 18 1 0 1 0 1 102 1 2 0 0 5 7 0 1 1 0 25 84 0 0 31 7 2 0 2 
1 7 1 1 1 2 1 0 26 0 2 1 0 2 2 4 0 4 0 5 0 10 6 2 0 1 4 1 0 0 0 1 3 1 0 3 1 2 1 23 4 1 4 0 1 2 5 0 10 0 4 1 19 2 0 1 0 20 0 0 0 4 24 58 
16 6 0 11 0 5 38 5 36 3 16 5 59 2 1 13 1 93 0 0 45 0 0 0 5 0 7 14 10 0 4 24 3 2 0 0 0 1 28 0 2 3 0 3 6 8 0 11 1 0 1 12 1 2 1 1 2 45 1 0 0 0 2 0 
1 0 3 101 8 6 0 0 2 5 87 10 12 1 0 1 24 40 0 6 45 0 0 18 4 2 2 1 5 6 10 0 2 1 2 0 2 0 8 2 2 10 10 0 28 11 5 0 10 0 19 0 20 0 6 1 2 5 3 0 0 2 1 5 
42 1 0 29 3 1 1 5 0 1 2 2 1 0 0 3 1 1 0 2 21 0 1 126 0 1 29 2 131 4 3 1 8 12 1 0 3 0 0 1 0 2 20 0 2 3 0 2 1 7 2 3 1 6 37 0 5 3 4 10 2 3 0 0 
0 0 17 3 1 0 1 0 0 1 8 0 1 82 0 8 0 176 0 0 0 3 1 2 5 1 1 0 8 28 0 1 19 2 1 12 33 0 6 217 4 40 1 2 0 2 3 20 0 11 5 2 10 6 1 0 6 12 1 1 2 7 2 1 
1 0 3 9 0 19 2 1 2 0 1 1 12 46 4 1 8 2 0 0 1 0 1 2 0 1 0 0 16 8 1 2 0 0 0 1 9 0 0 1 5 0 0 0 8 4 1 2 23 1 0 6 2 0 5 0 1 0 0 0 0 3 3 0 
1 0 0 1 1 1 6 1 3 0 12 0 0 1 0 1 3 5 4 7 0 0 0 0 1 2 1 3 1 0 25 0 4 0 0 389 1 2 1 0 1 0 3 0 2 1 0 7 13 0 1 1 1 0 0 10 1 0 1 0 1 0 11 102 
4 3 0 3 0 0 46 0 0 0 9 0 1 1 0 17 4 3 19 2 1 0 0 0 0 9 0 14 1 7 4 4 2 6 3 3 37 11 1 8 2 1 5 1 1 2 2 2 0 1 6 23 11 1 1 1 5 1 3 76 1 5 0 0 
0 0 3 1 1 3 0 1 0 9 1 2 14 0 6 0 2 0 1 3 0 5 1 8 3 2 3 0 27 0 0 12 4 1 23 1 3 0 6 1 12 1 4 0 2 2 45 23 0 0 2 0 8 3 0 10 0 1 1 0 8 1 7 3 
0 3 130 15 0 1 5 1 0 7 1 3 0 0 12 25 0 0 0 1 0 1 4 3 1 0 0 2 5 0 1 4 0 2 16 0 0 1 24 2 4 6 0 1 0 39 15 3 3 1 0 1 31 8 8 0 0 0 6 1 0 6 0 0 
2 1 0 9 1 1 5 0 1 0 1 4 0 1 2 11 0 0 0 3 1 0 0 1 0 1 5 10 1 2 1 4 0 0 18 0 211 20 2 14 9 1 11 0 0 1 6 0 0 0 0 19 17 1 1 6 4 1 0 0 28 11 1 2 
7 0 1 4 19 1 48 4 0 8 2 7 1 3 68 5 2 1 1 13 1 1 0 0 0 0 1 0 13 6 50 0 1 0 6 1 0 3 13 10 0 0 0 8 0 0 0 12 7 0 0 1 0 18 18 1 1 1 0 8 4 0 1 0 
8 16 5 0 3 0 5 3 0 2 6 0 0 0 26 518 0 1 1 0 23 0 0 2 67 1 6 1 24 1 22 0 3 6 0 2 1 1 0 9 0 0 4 1 6 0 12 0 0 1 5 16 1 24 0 1 1 5 0 14 1 0 36 4 
66 3 2 0 0 322 1 20 0 1 1 2 1 5 0 8 1 7 0 0 1 1 18 3 5 0 8 1 0 0 2 3 0 2 10 22 17 1 6 5 0 3 15 2 2 1 1 0 8 3 111 3 2 7 0 2 0 39 1 0 118 1 0 1 
6 0 12 1 0 0 3 129 1 14 5 1 8 2 2 2 56 1 1 2 14 0 1 8 23 0 19 0 0 0 0 0 0 9 5 3 3 4 0 0 1 7 5 1 0 0 2 0 1 0 1 0 6 2 83 3 1 116 3 11 2 13 1 1 
0 4 0 23 0 0 1 0 15 3 7 1 4 20 4 2 9 2 15 16 4 0 0 7 4 0 2 1 0 51 27 0 5 0 1 1 0 14 6 1 4 1 3 4 0 1 2 1 8 1 6 2 4 1 0 10 0 2 2 0 0 6 6 2 
1 0 0 13 2 1 4 11 6 3 0 1 2 1 2 1 0 1 0 0 23 4 0 3 1 0 0 2 2 2 2 3 21 1 1 0 1 34 0 34 3 0 2 0 1 5 0 3 0 1 0 1 1 17 0 0 10 34 152 0 0 0 4 1 
1 1 1 1 1 0 2 2 1 5 12 0 0 2 7 1 6 7 4 0 4 0 0 1 2 4 0 0 1 1 44 1 0 0 0 39 1 4 0 4 0 2 3 0 1 120 9 2 1 0 2 0 0 1 0 0 0 2 1 1 1 0 26 0 
4 0 1 0 0 1 1 1 0 97 37 0 0 7 1 6 0 0 1 0 11 0 0 0 2 1 8 1 5 18 1 1 0 0 86 3 16 87 2 1 4 0 9 6 12 4 7 0 56 0 5 1 0 1 0 0 1 0 12 9 74 4 14 0 
30 2 1 0 7 4 2 0 0 1 0 4 0 4 0 0 0 1 0 0 2 1 1 0 4 0 1 1 2 19 2 0 0 1 0 0 1 0 6 7 5 1 3 1 1 16 11 7 14 114 1 0 1 1 0 1 0 0 117 8 11 0 8 13 
0 18 0 8 1 1 1 163 0 0 2 7 0 0 3 28 6 0 90 0 5 0 5 0 0 1 0 2 1 0 2 0 86 14 8 6 1 5 1 8 9 0 2 1 7 94 1 15 1 1 17 8 0 17 1 0 0 5 0 4 1 10 0 4 
0 0 0 13 1 0 2 1 0 2 21 24 1 1 1 1 6 0 4 0 1 2 2 1 1 2 1 1 0 0 0 1 1 1 0 0 0 0 0 0 6 1 13 3 0 1 5 2 1 1 32 3 0 4 2 1 0 0 1 0 12 1 1 0 
2 10 1 13 7 2 33 1 10 1 1 0 2 0 62 0 0 5 1 0 1 0 7 6 0 2 3 3 0 1 1 1 1 0 2 9 0 5 0 0 1 1 0 1 2 0 16 28 3 1 0 12 0 5 17 0 0 1 1 0 5 1 2 1 
5 1 1 1 1 7 6 0 2 15 0 0 9 5 16 0 2 0 2 1 1 0 8 2 40 0 0 2 8 20 0 0 2 1 23 0 30 1 1 1 3 5 17 1 0 6 11 0 0 178 4 6 0 0 1 5 3 8 1 0 0 0 0 1 
20 1 4 8 0 0 0 15 11 0 0 0 0 1 6 1 0 4 12 6 1 1 40 5 2 0 4 1 2 15 0 0 1 0 0 1 1 10 0 1 0 0 0 51 1 3 0 0 12 0 1 0 4 0 0 0 1 0 0 11 1 1 0 0 
1 0 17 4 0 0 19 5 1 2 4 2 1 4 1 0 2 1 7 1 2 0 5 22 2 0 1 1 0 3 1 8 1 2 7 2 0 1 3 4 74 2 27 4 0 9 1 11 12 0 0 0 3 3 2 8 0 15 1 2 4 70 1 0 
11 2 7 7 0 0 3 3 0 2 1 1 10 22 5 34 19 0 0 1 1 0 1 93 1 0 0 1 0 66 3 0 10 1 0 13 1 0 17 8 0 0 0 1 3 0 0 8 0 1 1 2 8 0 12 0 0 0 13 0 28 3 3 0 
214 0 1 5 106 0 11 4 97 8 1 2 3 9 0 0 0 0 1 1 1 2 108 0 0 24 1 9 1 24 1 1 5 9 1 39 3 0 0 10 4 4 1 1 197 8 0 0 1 1 0 99 0 2 2 0 1 4 0 0 4 12 1 1 
4 4 1 0 0 5 5 9 4 2 0 0 5 0 1 1 0 0 11 0 1 0 0 1 0 0 3 0 2 1 9 5 2 0 0 1 13 8 1 2 5 0 2 1 0 2 0 49 0 0 1 0 1 5 0 1 0 0 10 2 0 0 0 1 
0 4 0 1 10 3 3 1 9 0 11 52 0 6 6 6 12 0 8 1 2 0 24 0 0 2 2 8 0 7 3 0 0 37 3 3 0 11 0 0 2 7 0 0 1 6 2 0 3 0 0 0 0 14 1 0 11 0 87 6 2 4 27 42 
11 5 4 75 2 0 0 0 14 0 17 0 2 4 0 0 0 1 0 0 0 2 0 1 0 0 6 3 0 0 0 8 6 1 20 1 0 19 19 1 1 35 1 0 2 0 7 4 0 2 55 0 0 0 0 3 9 1 21 2 6 0 2 10 
0 6 8 1 1 26 0 0 3 2 24 4 1 5 7 0 0 1 2 1 5 1 1 1 1 26 0 0 24 0 2 6 1 2 5 1 0 68 2 0 0 7 1 1 10 3 4 0 0 30 9 0 0 1 0 0 18 55 0 9 0 2 0 6 
0 0 0 3 5 3 0 0 26 11 1 1 5 0 9 2 0 0 1 1 0 0 38 2 15 5 0 9 1 16 2 0 15 1 2 1 0 5 6 0 2 1 3 0 5 1 2 0 40 0 1 1 0 19 0 2 0 6 0 0 0 0 6 10 
0 1 0 2 3 1 4 2 63 0 1 6 49 11 0 8 5 1 0 2 305 4 25 22 5 0 2 2 0 3 0 12 0 0 7 1 28 0 0 1 1 1 11 85 46 2 4 25 1 0 0 1 1 41 0 7 10 0 0 1 0 9 0 20 
4 1 13 80 83 2 5 0 0 0 1 26 1 12 0 0 1 1 5 0 8 1 0 0 0 10 4 2 0 3 0 0 0 4 0 12 1 6 2 0 0 0 8 1 1 1 1 0 0 1 1 4 69 3 1 1 1 5 0 5 3 2 0 1 
4 2 0 2 20 33 26 3 5 80 1 1 4 0 17 0 72 10 17 2 0 8 1 3 1 2 2 0 0 1 0 0 0 28 4 0 1 0 3 3 1 1 11 1 2 1 0 2 76 2 11 1 3 3 1 0 1 11 2 6 9 9 0 0 
0 10 0 1 0 0 0 0 13 5 0 11 1 0 6 0 0 2 0 6 0 0 1 7 0 0 4 0 1 1 1 37 2 99 0 1 4 0 1 237 0 1 0 3 2 10 1 11 0 0 8 5 17 0 0 2 0 4 0 1 0 0 16 1 
1 18 1 1 3 0 16 36 0 19 0 0 0 11 0 34 9 0 2 1 10 0 0 69 29 0 3 0 0 0 33 1 2 1 1 2 3 3 4 0 2 0 0 0 1 2 2 5 1 0 36 0 1 0 0 5 2 0 6 0 0 4 22 5 
0 39 2 2 9 0 1 0 0 0 5 2 1 0 10 0 10 5 9 1 5 53 3 0 3 1 0 3 0 2 0 168 10 4 0 1 71 1 1 19 6 17 14 2 0 9 15 1 0 28 4 0 0 14 0 4 5 1 0 2 5 2 1 78 
0 0 2 0 8 0 1 22 6 0 0 0 6 0 0 46 2 7 0 1 1 1 0 22 4 1 10 1 3 0 2 7 0 1 2 5 47 1 0 0 0 0 0 1 0 6 4 19 0 6 0 4 1 4 0 8 2 12 0 7 0 1 6 3 
0 1 3 0 2 0 1 4 4 0 2 0 1 1 22 13 1 9 10 2 7 15 1 30 6 2 5 1 13 3 0 0 0 1 0 15 42 0 1 44 0 1 5 0 0 1 9 21 2 2 0 9 8 16 1 1 2 0 4 34 20 4 94 3 
15 0 8 0 2 5 0 1 6 0 1 2 78 1 0 1 35 1 9 0 2 0 4 5 4 1 53 1 1 22 18 31 3 9 2 0 2 1 2 0 0 0 6 4 0 7 4 4 0 0 38 5 1 0 1 0 3 15 0 0 1 0 13 0 
7 7 0 2 0 6 0 15 2 0 0 4 41 0 1 3 1 1 2 1 4 0 2 2 0 3 6 0 0 14 0 1 0 37 4 4 1 139 1 0 0 1 0 0 0 3 15 1 23 0 0 9 0 0 49 0 0 3 0 2 10 5 1 1 
16 0 1 1 40 15 5 4 0 3 0 0 0 4 1 27 0 11 7 2 0 4 3 0 5 5 1 0 1 0 0 0 6 7 0 0 4 19 9 6 20 0 0 0 9 3 1 0 0 0 12 0 3 1 1 0 6 0 0 2 0 6 1 1 
0 0 9 9 16 0 34 1 0 0 6 0 3 1 23 2 0 0 8 69 0 0 1 1 0 2 1 4 0 1 2 1 0 3 37 1 1 2 3 2 6 0 0 61 2 6 63 0 0 0 2 1 1 1 0 0 0 1 8 0 2 0 1 0 
0 0 6 0 0 0 1 13 0 0 0 3 1 2 24 12 0 3 1 0 8 0 0 5 2 0 0 5 1 1 0 4 5 1 1 0 0 0 2 4 0 2 10 51 6 0 0 0 0 1 1 0 0 12 9 63 0 3 4 23 1 10 3 0 
3 1 3 27 0 0 2 40 40 0 4 21 3 1 1 1 2 8 0 3 3 23 0 0 0 2 1 1 2 5 1 1 1 1 1 5 1 0 2 22 0 0 0 19 47 0 0 8 0 3 0 0 2 0 1 7 0 10 46 0 23 11 8 12 
0 0 1 0 0 0 8 3 0 16 0 0 23 1 0 2 3 1 0 11 0 28 8 13 0 1 5 0 4 16 30 2 2 1 1 1 1 2 2 1 2 3 1 2 64 1 1 0 1 15 3 2 3 0 2 0 0 6 3 4 1 1 0 0 
4 1 1 2 0 1 3 4 0 1 3 6 3 0 3 33 1 0 0 0 1 15 0 3 15 3 0 0 9 1 0 1 0 0 1 10 2 1 8 2 0 1 1 4 0 1 0 0 0 1 0 7 1 2 9 6 4 29 1 1 1 0 1 0 
17 0 0 5 5 1 0 0 7 0 14 0 2 3 31 1 2 0 37 1 4 0 1 12 0 1 0 6 1 32 1 1 27 1 0 1 1 1 32 11 4 0 2 0 0 1 0 1 0 0 4 9 26 1 1 8 3 1 0 14 0 0 0 14 
18 2 5 1 9 9 2 2 0 4 0 14 1 18 0 9 18 1 0 0 0 0 3 2 3 1 0 140 1 11 20 0 0 0 0 1 0 3 91 2 0 21 1 2 40 28 0 0 5 5 1 0 2 55 1 0 0 12 9 1 14 0 0 8 
12 6 2 0 1 1 8 0 1 0 0 1 2 0 0 0 3 0 0 7 82 6 2 0 2 0 2 1 1 0 3 3 1 4 4 10 0 0 209 4 0 2 0 7 0 1 1 1 2 0 4 11 0 1 8 4 3 0 0 8 0 1 23 3 
0 2 2 2 17 0 0 0 0 4 8 46 4 0 5 13 0 1 0 15 4 0 1 20 18 2 30 1 10 3 9 1 0 0 0 2 0 0 1 11 1 2 6 15 0 0 0 0 0 0 0 0 0 0 6 6 1 51 9 221 1 4 2 2 
1 1 13 0 7 1 1 1 0 0 0 0 1 0 6 1 0 1 0 37 3 24 5 1 3 2 10 1 31 1 0 4 0 4 0 2 0 0 18 0 0 11 0 6 12 2 3 130 12 0 1 0 0 8 1 0 0 0 0 0 5 0 0 13 
1 0 1 1 0 0 0 6 4 0 9 10 1 0 13 1 0 20 3 2 0 9 0 8 0 4 3 13 11 0 0 27 4 0 0 0 1 1 0 0 0 7 0 4 2 2 15 0 1 0 9 2 1 4 20 1 1 3 1 11 14 32 1 1 
6 13 0 22 0 0 1 20 0 27 0 1 1 2 0 6 7 0 0 4 3 3 0 0 2 0 13 1 1 5 0 43 7 0 0 0 0 3 2 3 0 3 14 1 0 0 1 0 2 1 2 15 20 2 19 0 0 6 2 5 62 4 13 4 
4 2 5 1 3 4 3 3 2 0 0 1 0 0 1 0 0 10 2 3 3 0 2 1 0 5 0 1 4 1 2 0 1 5 9 0 0 11 0 0 0 0 9 5 0 0 0 0 1 0 10 4 2 7 16 0 6 1 0 3 18 3 2 7 
0 0 13 11 9 1 0 1 30 0 1 1 5 0 0 0 0 14 32 1 6 0 4 0 1 14 0 2 3 0 78 1 12 0 3 0 0 2 0 1 54 0 15 3 1 2 2 8 0 0 6 2 0 35 1 0 0 4 11 1 0 2 1 0 
0 6 2 1 40 0 1 3 1 1 5 1 2 0 343 4 0 6 7 0 3 0 0 1 1 0 2 1 8 6 0 1 2 0 0 14 3 0 3 2 11 0 2 0 0 1 6 0 9 0 0 30 1 6 1 3 313 0 11 0 89 25 0 0 
3 1 0 0 1 0 18 3 2 5 5 1 1 9 810 0 17 11 0 26 3 0 7 0 2 0 0 1 7 0 0 0 0 1 3 5 0 1 0 52 0 4 1 20 0 1 0 0 7 1 1 13 3 0 11 0 11 1 1 0 4 2 0 0 
0 1 0 6 6 0 12 0 2 2 21 0 0 0 12 6 0 2 1 115 0 11 25 1 0 1 5 0 0 7 8 46 1 2 7 10 6 0 3 6 0 3 0 0 0 1 1 5 0 0 1 0 4 0 10 3 0 0 0 45 13 37 1 0 
2 140 0 2 3 2 1 3 0 0 1 4 24 11 0 6 41 7 3 14 12 0 13 0 3 3 1 16 0 142 28 0 0 2 0 0 8 1 7 7 0 98 6 5 0 0 0 16 6 0 0 1 3 12 6 0 5 0 1 0 2 111 0 0 
0 18 1 1 2 4 2 0 1 1 2 0 27 1 51 8 1 0 8 25 21 7 1 6 0 2 0 23 0 0 4 1 6 0 1 4 0 0 2 2 0 38 1 0 0 0 1 16 9 17 8 1 0 0 1 4 5 1 0 3 0 0 70 6 
0 6 0 0 0 66 0 2 2 2 1 1 1 2 17 0 0 7 6 27 8 9 0 1 0 1 2 0 3 0 0 3 2 1 0 3 5 0 6 4 6 12 0 0 3 2 1 31 6 4 4 1 2 5 1 0 1 0 2 2 0 1 4 1 
21 0 1 5 0 2 0 2 8 1 0 5 0 0 0 0 3 0 2 5 0 9 0 82 1 0 0 11 7 0 48 31 3 0 1 9 4 2 1 6 0 1 2 19 3 34 0 1 1 1 1 2 0 26 1 1 2 0 2 10 1 1 0 3 
10 10 5 43 0 1 7 0 2 5 0 1 0 0 4 7 4 0 0 6 0 1 6 0 0 4 5 12 8 0 0 0 24 58 5 0 1 8 0 639 7 0 7 0 48 11 0 8 6 3 0 0 0 1 1 0 2 4 4 0 18 0 0 0 
12 2 1 2 0 0 1 2 0 0 0 2 6 0 1 0 1 7 0 2 0 3 12 2 3 7 0 0 1 3 2 8 0 21 4 12 6 32 0 0 4 3 8 19 2 0 4 6 0 1 0 8 2 3 4 0 1 0 38 0 0 0 0 128 
0 0 1 55 7 1 0 22 1 5 2 0 2 0 1 5 1 0 1 27 3 14 0 8 0 1 0 1 0 4 4 0 1 1 1 5 0 3 1 2 2 5 1 0 10 2 1 0 1 1 1 5 4 6 0 5 29 0 9 0 35 2 0 24 
23 5 2 2 0 2 27 1 2 1 0 17 0 17 1 1 5 2 2 1 2 0 2 6 0 1 46 2 1 0 11 1 0 9 29 1 0 0 0 15 0 2 0 7 7 0 15 2 0 1 0 28 0 1 1 1 0 9 0 0 9 4 7 3 
0 7 2 6 1 5 15 0 0 8 7 0 3 0 1 0 0 2 0 46 0 4 0 3 0 1 11 0 0 1 2 2 1 2 36 1 0 5 0 0 0 0 0 0 0 45 3 2 0 8 5 1 2 5 4 1 0 1 1 0 13 0 1 1 
0 0 3 0 7 0 0 0 0 14 55 5 0 1 2 0 1 0 0 0 0 0 0 2 3 1 0 2 0 0 0 104 0 2 1 0 36 24 10 2 1 0 6 0 1 10 0 18 2 16 3 0 2 0 0 2 0 4 1 1 3 0 0 0 
13 0 1 0 1 0 0 0 0 5 2 3 7 4 8 13 3 3 1 3 0 1 1 1 0 0 4 0 2 4 7 0 0 196 1 2 9 0 0 0 1 0 4 7 4 18 7 1 2 0 3 0 0 0 6 1 40 0 47 11 1 7 17 0 
1 0 1 1 1 0 1 0 1 14 11 0 0 18 0 0 0 0 0 5 3 1 1 2 0 1 0 6 1 2 8 1 20 26 20 0 3 11 1 9 0 2 2 2 0 3 1 0 1 0 6 5 7 0 12 1 2 1 1 8 3 0 5 3 
1 6 1 0 4 3 0 0 7 41 1 8 4 4 16 88 2 2 1 1 0 2 0 1 0 0 1 1 0 1 0 16 13 1 1 7 8 2 9 3 0 3 37 21 3 2 0 170 1 38 0 0 0 23 1 0 0 0 0 1 30 1 10 1 
0 8 2 0 5 0 3 7 5 1 0 3 2 0 1 26 0 50 3 2 22 2 8 2 0 2 3 1 0 0 4 0 2 11 1 4 1 18 13 20 0 1 0 5 1 84 3 0 1 0 6 4 1 23 7 2 0 1 0 0 3 29 0 0 
0 1 1 0 8 0 0 18 24 31 3 2 0 10 0 4 0 8 10 24 0 14 1 2 0 3 4 1 10 1 0 3 0 4 8 13 12 0 22 0 1 0 0 0 2 5 47 8 51 0 0 3 0 5 1 0 0 9 3 2 6 31 5 0 
0 0 3 2 0 3 5 1 0 0 0 1 0 3 0 2 0 0 2 1 0 1 2 4 12 0 2 2 8 1 1 9 1 1 0 2 0 4 0 1 0 157 0 0 3 2 1 2 5 2 2 1 0 1 1 117 0 5 1 0 0 0 1 22 
3 0 0 0 0 11 15 0 6 8 0 6 1 3 17 2 1 2 2 1 0 1 1 0 3 0 0 1 0 0 35 2 0 1 0 1 0 0 2 0 0 4 0 1 1 10 2 30 0 0 0 1 1 7 0 29 4 12 0 2 0 15 12 1 
0 26 1 5 3 0 2 28 1 1 1 46 9 3 16 0 16 0 1 15 0 0 7 0 1 8 9 41 0 3 0 2 0 0 3 0 1 17 0 9 0 8 0 0 8 2 44 5 2 2 0 8 0 28 2 0 2 1 18 16 4 0 10 2 
0 76 10 1 0 194 3 2 1 1 1 0 0 6 2 3 3 7 1 2 5 7 5 0 3 0 3 0 16 7 2 2 0 3 1 1 45 16 0 1 1 0 2 2 1 10 1 1 3 5 0 0 0 0 0 0 0 4 1 0 84 1 1 2 
3 0 8 1 0 1 99 3 3 1 5 0 17 2 0 5 1 0 0 1 0 1 2 0 11 2 1 5 0 15 4 10 3 18 0 0 0 0 0 0 14 33 0 0 0 9 0 19 99 0 4 1 5 1 0 0 24 6 0 10 0 14 3 0 
79 28 1 3 4 3 2 28 15 1 1 12 5 9 16 0 0 0 0 1 0 0 0 1 1 1 2 1 0 0 1 2 0 0 3 0 5 14 6 5 30 2 1 15 4 8 6 0 2 21 0 1 0 0 17 2 54 27 0 0 0 1 2 1 
1 0 0 0 1 2 1 3 6 6 8 1 0 4 1 1 10 2 0 1 5 0 0 0 4 3 4 0 7 3 0 1 4 5 1 9 7 31 0 2 0 6 0 2 2 8 1 0 1 1 0 0 7 34 11 0 1 1 0 7 3 0 0 0 
2 2 1 0 1 24 2 10 18 0 7 0 10 0 17 0 5 0 15 0 6 0 0 0 30 1 9 23 7 4 7 1 10 0 0 4 38 31 0 1 11 0 0 2 0 0 1 0 0 8 0 2 0 1 3 0 3 0 2 1 0 0 6 52 
0 5 1 27 1 1 0 0 3 152 2 2 8 0 0 6 0 2 3 3 0 3 10 2 1 3 16 1 0 8 0 0 3 15 1 0 4 1 4 28 0 0 23 0 1 8 13 0 1 0 0 1 5 8 0 1 9 1 0 0 0 67 2 2 
1 0 0 0 10 0 9 1 24 760 2 2 0 4 2 1 6 2 5 10 0 41 0 0 1 2 1 0 0 1 4 10 13 0 0 0 0 1 4 7 21 0 12 1 8 1 2 6 1 30 0 0 0 0 0 0 166 0 0 3 2 0 5 0 
1 1 0 0 0 0 0 2 2 2 6 2 0 2 0 0 0 0 3 0 25 1 3 1 3 0 1 1 1 0 0 3 3 1 1 45 0 1 5 3 5 0 22 0 2 0 1 2 5 6 8 0 2 11 2 0 27 3 1 1 12 0 1 15 
0 2 0 6 1 0 5 2 12 1 0 0 3 1 3 0 0 0 0 15 5 3 2 1 0 0 1 48 0 0 0 1 0 0 0 0 0 9 0 27 5 0 1 0 32 0 0 1 6 2 0 7 2 1 4 18 204 0 12 174 1 6 2 0 
9 2 1 1 0 0 3 11 1 0 0 4 20 1 4 0 0 1 14 0 28 0 0 5 0 14 1 0 4 2 37 1 0 3 1 2 0 1 1 0 0 1 0 1 0 3 0 9 6 3 13 0 1 4 6 1 16 2 0 0 0 0 1 19 
1 0 29 6 420 28 0 6 1 0 0 1 6 1 2 0 27 0 0 6 0 0 0 3 0 18 3 1 1 1 1 6 0 0 12 2 65 0 0 48 0 2 2 2 1 1 0 1 2 1 3 0 5 1 24 10 2 2 0 3 0 11 18 0 
1 0 6 34 10 3 2 0 2 1 4 2 1 4 0 7 2 1 4 1 0 4 2 0 0 31 0 1 7 0 2 33 0 0 0 16 52 0 29 4 2 0 1 1 2 86 0 1 0 7 12 11 19 6 20 1 0 2 0 4 0 2 18 0 
2 2 1 1 0 40 1 5 17 4 3 7 0 2 3 0 4 2 1 31 148 0 8 6 1 0 5 99 8 2 0 0 13 3 0 4 2 0 5 14 2 0 0 0 0 0 13 0 1 0 0 1 5 0 0 8 9 1 5 0 0 0 112 1 
13 4 1 3 8 56 0 1 0 3 7 1 1 0 1 8 2 1 1 19 1 11 5 1 1 0 2 4 1 1 1 0 0 2 6 1 4 4 1 0 12 10 0 1 0 0 1 0 1 1 7 6 1 5 9 0 0 7 11 6 10 0 6 4 
0 1 0 2 60 1 4 1 0 3 2 1 19 0 1 0 18 4 0 2 0 1 2 7 4 21 2 0 0 5 1 4 19 5 1 0 1 5 6 0 16 38 23 7 1 6 63 0 0 0 0 1 9 0 0 2 1 0 0 9 28 0 0 2 
0 12 0 23 13 2 7 0 7 15 0 1 34 1 0 5 0 0 5 0 0 0 1 6 14 4 8 11 65 0 4 2 3 0 0 1 24 0 0 1 2 0 1 0 4 6 11 0 65 1 3 0 0 5 1 2 23 0 5 1 7 1 5 0 
7 6 1 4 0 1 6 2 0 0 2 0 17 8 0 1 10 0 3 0 4 0 1 7 2 3 10 0 0 2 0 2 1 2 13 0 1 0 8 3 27 3 0 3 0 20 0 1 0 0 0 2 6 8 5 0 0 12 4 2 0 1 0 3 
0 6 58 0 3 4 0 0 16 0 4 0 26 0 6 26 3 15 4 1 5 3 0 2 0 1 12 10 2 1 8 1 0 16 2 3 0 5 21 0 0 7 0 0 38 104 1 3 0 0 0 4 3 8 0 0 0 3 1 13 0 1 0 3 
0 0 1 7 10 12 0 1 2 3 1 7 20 26 30 0 3 182 3 11 0 13 0 1 0 0 1 0 0 7 5 0 1 0 2 1 0 0 3 12 0 1 74 2 2 0 1 1 53 2 1 0 4 0 2 0 2 0 0 12 13 1 0 0 
0 0 0 0 0 9 5 2 1 0 0 0 27 2 0 2 28 235 0 93 6 12 0 0 1 3 7 1 3 11 2 17 10 4 9 1 6 16 1 5 61 6 0 9 2 12 0 6 4 0 2 0 23 18 6 4 7 0 11 1 3 1 0 1 
6 1 16 0 0 7 7 0 9 0 6 1 0 0 0 0 3 4 26 27 2 1 3 5 0 9 0 4 2 2 0 8 0 1 0 0 32 2 3 48 3 1 6 0 4 0 5 38 6 0 0 3 1 1 0 0 2 14 0 0 7 3 2 1 
1 14 0 12 13 6 0 5 7 1 3 0 3 3 0 1 0 1 0 3 0 0 16 0 0 0 2 23 2 21 1 0 0 0 12 3 0 1 5 0 8 8 8 0 1 1 25 12 1 4 17 1 7 0 1 7 0 0 5 6 1 7 8 0 
17 7 21 1 1 0 2 1 0 0 1 23 10 1 2 0 0 3 7 0 14 0 0 1 1 1 4 4 0 0 0 1 0 0 0 67 0 2 0 33 13 0 1 6 1 0 0 3 1 6 14 2 5 0 0 0 28 4 7 6 2 8 3 0 
0 0 8 0 5 0 3 5 5 6 0 0 7 0 1 0 1 48 28 0 9 2 0 1 3 11 23 0 6 1 0 7 13 0 1 17 4 0 6 0 2 11 0 1 30 12 2 0 8 1 18 6 6 9 0 40 3 55 2 1 1 9 2 1 
1 38 0 9 1 1 0 1 2 71 6 1 1 0 0 33 0 12 0 2 6 0 7 0 2 32 7 0 1 1 2 1 11 1 0 3 0 2 2 3 1 12 0 1 2 0 0 100 1 1 0 1 7 0 4 1 0 11 0 11 0 2 12 2 
4 0 1 12 1 1 0 2 2 0 1 2 5 1 3 9 0 6 1 1 1 11 1 0 1 31 0 0 33 6 17 1 10 3 1533 1 6 5 0 10 6 10 42 0 1 0 7 1 0 3 11 0 11 1 6 0 0 0 12 0 0 0 6 0 
5 0 0 2 7 0 0 2 0 2 1 24 0 0 6 6 0 0 11 15 1 6 6 15 19 1 0 0 4 87 1 1 39 0 14 587 0 8 1 2 72 1 7 0 3 1 1 1 1 0 6 2 1 1 4 3 3 0 3 0 3 1 3 7 
12 0 0 4 3 0 0 12 1 1 14 0 0 0 0 0 0 0 1 11 1 0 0 7 10 3 5 0 8 10 0 31 2 2 74 0 1 0 2 0 0 8 0 6 10 11 24 3 24 3 0 0 0 5 7 173 0 0 1 4 0 2 8 9 
2 0 1 0 0 0 1 0 1 9 46 5 0 0 0 76 0 1 0 3 0 2 0 4 0 9 2 0 1 1 6 0 3 6 1 4 0 1 80 9 0 10 0 1 2 2 14 0 0 10 3 3 4 3 3 24 42 4 2 1 3 0 2 3 
2 0 1 1 24 2 185 2 1 0 1 0 14 3 1 1 1 0 15 0 2 0 0 1 0 5 2 0 17 0 0 5 18 0 0 0 0 14 3 1 0 0 1 4 1 1 2 4 5 0 9 2 0 3 1 0 0 1 0 0 19 1 18 1 
3 3 0 0 0 7 0 1 1 2 2 1 0 0 1 5 2 1 0 1 1 14 1 0 1 2 0 1 3 2 1 0 0 2 2 0 1 0 3 5 61 0 6 1 0 0 0 9 5 2 0 3 0 2 15 0 12 2 6 2 2 1 3 0 
1 1 3 0 0 0 0 6 0 0 1 1 2 0 1 37 14 13 2 6 6 0 20 4 1 0 12 0 0 5 0 11 0 0 0 9 0 0 0 17 1 2 0 1 0 0 0 1 1 3 20 0 0 0 0 1 33 0 4 7 1 1 6 0 
0 10 3 0 1 1 0 10 2 0 12 0 18 6 1 5 19 12 1 0 9 6 125 16 2 4 0 0 0 18 3 4 8 4 1 9 1 0 7 0 1 18 0 1 0 1 13 8 0 3 1 3 8 4 1 5 0 0 1 7 8 0 0 2 
5 6 0 0 3 2 0 4 1 2 0 2 1 1 1 1 0 1 2 7 1 15 4 0 0 70 4 1 0 0 4 0 0 16 0 0 2 4 0 2 1 0 2 0 23 3 10 0 1 2 21 4 0 5 0 0 22 1 4 45 0 0 0 4 
2 1 1 3 12 0 0 0 1 4 1 8 8 1 0 4 13 1 3 4 0 2 1 23 1 4 3 16 4 3 20 0 0 25 0 4 12 42 1 2 0 2 1 1 1 6 1 7 0 1 1 2 1 0 1 5 1 11 3 0 2 23 2 23 
13 8 1 0 3 2 0 0 2 9 12 8 4 0 3 5 11 7 0 6 0 16 6 1 0 0 6 2 1 0 1 0 13 4 2 8 2 0 1 0 1 0 1 0 0 1 6 29 1 0 2 1 3 24 0 6 1 2 5 4 6 0 0 0 
0 4 1 4 0 2 0 0 0 1 74 0 0 4 3 13 0 0 0 0 0 0 0 0 0 1 4 2 1 0 0 12 3 0 1 2 0 0 60 1 0 6 0 0 33 18 1 7 1 2 0 1 22 6 3 7 5 0 0 2 1 8 0 39 
2 0 535 0 1 9 1 20 2 0 1 3 17 0 5 0 43 3 3 3 3 0 0 54 22 0 5 0 0 4 5 0 0 0 7 2 1 3 1 7 2 2 0 28 0 10 4 0 30 4 1 7 1 0 1 5 0 3 1 1 1 0 0 3 
2 15 0 0 1 2 6 0 2 0 4 0 4 2 0 0 0 20 4 6 8 4 11 5 0 2 0 3 9 6 1 0 2 0 0 1 5 0 0 67 0 0 25 13 1 0 1 4 0 3 10 5 0 1 4 0 0 1 1 1 0 42 61 1 
0 17 0 4 6 1 3 0 2 0 2 3 0 0 2 1 11 0 0 0 0 0 11 4 0 0 1 0 0 11 10 2 0 2 0 0 3 2 3 0 0 1 0 27 6 37 0 0 2 6 0 18 1 0 0 1 5 11 1 5 0 10 0 22 
2 3 0 1 2 2 29 0 2 3 3 2 5 4 2 2 36 0 5 4 13 0 2 0 0 0 8 0 2 35 1 0 6 4 2 0 752 5 13 0 1 0 2 2 16 0 0 6 1 7 1 1 2 1 4 8 0 0 14 2 1 0 8 4 
35 0 2 0 0 0 8 3 1 1 0 4 0 0 0 1 3 0 1 0 0 6 0 7 0 0 0 45 2 0 6 0 0 0 24 39 8 1 3 0 1 1 0 6 3 0 1 4 1 7 1 2 0 55 6 0 6 0 22 37 22 0 12 1 
1 2 0 1 35 2 0 6 1 0 18 2 99 15 11 0 1 0 0 6 3 1 11 1 4 16 30 0 2 17 0 11 0 0 0 7 0 1 3 5 2 5 0 0 4 0 8 29 0 3 12 0 37 0 6 0 4 1 1 5 0 69 0 24 
0 7 1 25 1 24 0 0 6 1 1 1 2 0 1 0 4 1 0 0 5 0 0 0 4 0 6 24 1 61 0 7 4 2 2 3 4 3 0 3 0 0 0 1 13 1 1 0 2 0 1 0 0 1 1 0 0 0 11 0 0 1 0 7 
0 0 1 1 7 1 0 1 0 0 2 2 10 1 130 4 1 2 0 1 4 0 3 11 0 0 1 1 0 2 42 1 6 2 0 0 10 2 11 6 26 11 14 1 0 3 0 2 1 2 4 5 7 0 0 1 1 3 1 3 0 13 0 13 
5 2 0 1 0 19 2 6 36 0 2 1 3 0 2 0 2 0 0 0 3 2 58 38 0 1 0 0 3 1 9 7 10 1 11 13 0 25 0 0 0 46 1 0 0 1 10 1 2 0 92 7 7 2 0 7 0 0 0 42 2 0 5 0 
2 4 0 0 1 0 4 3 6 18 8 0 16 10 16 0 1 1 2 2 1 20 3 0 3 10 2 0 19 32 0 0 7 0 4 4 5 1 1 2 0 0 1 20 57 4 4 9 13 18 0 0 0 2 0 71 2 5 0 0 1 0 1 26 
0 66 2 33 2 0 0 1 0 5 2 0 2 0 0 12 1 0 0 9 12 5 4 19 4 0 4 1 2 1 3 0 0 1 0 3 7 8 0 14 7 0 14 5 0 0 1 1 44 22 12 2 3 2 1 35 5 34 0 2 9 0 0 4 
0 2 4 2 3 0 0 0 1 35 0 63 52 8 1 2 0 1 0 0 1 5 1 12 7 6 11 9 0 0 2 0 12 9 1 3 0 5 7 0 27 0 9 1 0 2 8 12 0 23 3 7 11 0 0 4 1 2 0 13 3 4 0 1 
1 2 2 43 2 5 1 8 3 1 1 10 0 0 0 18 1 6 9 2 4 40 0 14 27 3 0 96 45 0 0 8 0 1 0 0 7 1 1 2 6 0 0 1 1 0 5 1 22 5 2 0 0 1 5 0 1 1 5 0 71 4 0 1 
1 0 47 3 0 0 0 0 0 2 1 10 1 3 12 5 9 1 0 0 12 0 1 5 1 0 13 23 1 0 1 0 4 9 3 0 1 0 0 11 1 6 58 1 0 8 0 5 6 0 0 4 9 0 0 0 6 0 0 2 0 8 0 0 
40 6 0 2 1 1 5 0 2 7 0 11 36 0 0 2 4 0 5 10 0 0 0 1 4 1 0 1 0 0 18 0 2 0 0 6 73 1 13 24 0 5 0 6 26 4 1 0 0 24 0 1 42 0 1 3 0 1 145 2 14 0 3 0 
1 0 1 0 1 1 3 0 1 1 5 8 5 1 2 6 0 7 3 0 1 1 3 0 6 1 17 0 3 15 0 0 3 5 10 5 0 0 12 1 0 0 0 0 0 1 1 0 0 1 1 1 0 8 0 2 1 1 5 0 9 0 1 0 
1 7 1 0 5 29 1 1 10 4 2 0 1 2 0 1 2 2 0 0 0 3 1 1 2 14 0 14 0 8 6 2 0 5 1 23 44 7 24 30 0 0 0 13 0 0 3 4 0 1 1 2 7 0 3 11 0 2 3 0 8 26 0 0 
5 2 5 33 0 0 6 0 2 1 3 3 6 6 1 0 0 1 12 0 21 2 1 0 2 2 0 2 5 24 0 12 1 1 1 4 4 0 2 4 0 3 131 2 2 1 3 2 10 0 2 1 8 33 15 2 1 1 1 1 1 1 3 7 
0 1 36 21 24 4 5 0 3 9 1 197 2 0 1 0 9 1 3 0 4 2 44 1 0 2 0 9 1 19 29 0 0 0 0 0 4 2 0 8 4 0 0 0 3 4 0 19 4 0 2 1 1 0 20 0 17 0 8 5 0 1 13 1 
0 0 0 0 12 0 4 3 0 0 0 1 29 1 0 0 2 6 8 1 1 12 3 14 1 1 4 0 12 0 1 32 12 0 0 1 6 89 10 1 0 5 3 31 4 0 0 40 1 3 5 2 9 4 1 11 26 13 2 3 1 1 1 1 
1 2 5 1 2 0 7 4 4 6 9 0 0 0 0 2 26 1 3 1 3 9 1 59 0 0 1 0 1 0 4 3 1 3 0 0 13 3 3 1 0 1 1 8 1 5 54 3 1 0 2 0 0 1 0 0 0 4 8 0 2 10 1 13 
1 1 3 1 8 0 4 0 6 6 1 1 0 6 31 1 1 1 0 0 4 4 3 8 1 1 26 0 2 1 3 4 3 18 7 0 0 1 2 3 0 0 0 1 2 2 8 4 0 3 6 0 53 6 21 2 5 0 0 0 2 11 14 13 
7 3 2 3 0 1 0 33 9 18 0 6 3 2 3 2 4 0 0 12 1 2 0 0 12 21 0 0 1 2 1 3 1 0 16 7 15 2 1 0 0 3 1 0 14 77 1 3 2 2 0 0 1 0 14 11 1 15 2 0 14 6 3 1 
0 3 1 5 0 1 0 0 0 0 0 0 2 0 2 0 1 6 0 0 1 1 0 0 11 10 0 14 0 55 1 0 14 7 0 1 0 0 3 2 14 0 0 1 3 6 1 2 1 1 2 0 5 7 0 1 1 4 0 0 1 3 82 0 
22 8 0 0 6 1 1 48 22 4 1 0 24 0 1 4 0 0 0 0 80 2 8 5 1 28 3 0 1 0 0 1 12 1 0 0 2 2 2 3 0 3 44 3 0 0 7 2 0 0 2 1 4 0 10 5 0 1 7 0 46 4 8 1 
6 2 5 6 0 3 1 19 1 15 1 1 0 0 0 6 1 11 20 10 0 64 0 5 0 0 1 0 6 4 29 1 0 0 0 1 2 6 10 10 18 5 2 3 26 26 7 1 0 0 27 2 1 47 3 95 0 0 1 8 1 1 7 15 
6 0 41 2 1 4 0 355 13 7 0 0 0 43 9 0 0 0 2 0 2 7 4 1 0 0 34 0 48 3 10 1 7 5 2 28 4 1 8 0 1 1 6 1 0 0 16 0 39 1 2 7 9 17 2 0 0 0 12 0 0 0 1 0 
3 1 60 1 0 2 0 1 1 3 0 0 5 1 3 31 53 0 3 4 7 6 0 0 10 0 7 0 11 1 7 18 1 0 10 14 0 3 2 0 5 5 0 1 0 6 23 0 9 0 29 0 3 0 1 0 0 6 1 3 4 14 0 1 
1 1 2 0 15 1 0 0 3 0 1 0 47 0 1 7 7 1 15 9 6 18 1 0 1 0 0 55 0 2 0 0 0 0 40 3 1 5 12 1 22 0 1 10 1 2 0 4 0 3 4 0 0 14 5 1 0 2 0 1 0 0 187 0 
4 198 1 1 15 0 2 0 6 11 0 0 0 0 9 0 1 6 5 1 1 0 0 2 10 0 0 1 0 0 937 0 0 4 0 7 0 2 7 0 18 16 0 1 1 64 33 0 1 0 12 0 4 3 0 0 7 1 0 0 0 1 0 0 
6 6 4 0 1 19 1 3 1 1 1 12 0 1 35 3 3 29 0 0 0 14 1 8 1 0 0 3 0 0 15 1 1 0 1 0 30 0 0 7 3 8 0 3 6 10 1 121 2 4 10 1 7 0 3 0 3 1 3 31 0 0 28 2 
0 7 20 8 0 3 0 7 0 2 1 2 0 3 2 0 6 1 4 1 50 13 0 0 11 7 6 22 4 1 4 20 3 2 7 0 2 0 8 8 20 4 22 2 9 0 2 0 0 9 0 0 20 12 1 4 0 68 0 5 3 2 1 0 
1 1 0 0 0 1 0 0 0 0 0 8 8 0 0 1 14 0 0 26 2 25 46 8 1 2 3 1 0 0 1 5 1 9 1 0 1 0 0 2 108 2 9 0 29 1 1 62 9 0 0 1 3 0 3 0 1 4 16 1 0 13 0 2 
5 3 0 0 7 0 1 6 0 9 0 0 1 1 1 0 3 19 5 2 2 1 22 12 1 14 4 0 51 4 0 1 1 1 24 0 0 0 0 0 5 0 0 6 0 6 17 0 1 4 36 2 1 1 0 1 1 4 0 1 6 0 1 8 
0 0 2 0 0 5 5 0 2 0 8 0 0 3 0 3 3 1 1 1 0 2 5 2 6 1 0 2 1 24 0 9 0 1 1 0 3 6 0 0 0 0 2 3 0 2 31 7 18 3 0 7 2 9 29 8 2 1 3 0 5 1 0 0 
2 2 2 2 3 4 11 1 81 0 1 13 1 1 23 18 21 15 3 0 1 0 1 4 1 54 2 0 1 0 1 0 2 0 0 0 17 4 1 5 7 4 14 6 3 0 1 3 37 14 2 1 4 1 1 3 6 0 49 1 3 10 1 1 
0 0 0 4 0 4 1 0 0 5 2 0 3 2 1 2 1 4 2 0 0 0 38 1 1 29 2 0 0 0 0 1 2 3 0 1 10 1 18 0 2 0 0 0 7 0 3 12 0 0 20 0 2 1 1 22 2 7 1 12 1 7 6 0 
2 4 0 0 1 0 0 0 63 0 2 0 10 0 0 1 4 0 0 3 0 61 0 0 0 51 10 98 0 1 0 2 4 6 0 4 0 2 0 0 249 2 4 0 0 2 6 5 1 0 1 0 0 0 1 5 4 0 0 6 0 1 1 0 
5 16 0 25 255 3 0 0 4 3 0 2 2 2 0 31 4 0 0 6 0 10 0 0 0 0 5 2 0 1 1 3 4 1 1 0 5 1 2 1 2 0 3 1 13 1 0 1 0 0 1 2 1 1 4 9 2 4 4 1 0 1 2 0 
2 0 20 0 20 0 8 65 1 2 10 10 1 1 785 16 3 6 9 1 0 3 2 0 4 2 0 1 14 0 0 0 0 1 0 16 0 10 2 0 0 5 8 0 0 0 44 2 1 2 0 2 0 0 1 28 1 43 17 0 0 119 0 1 
0 6 0 0 0 23 9 11 4 0 0 1 0 200 3 0 4 0 1 7 5 10 15 22 0 0 49 1 3 1 1 0 65 1 0 0 1 0 0 7 0 8 4 0 3 3 0 121 0 1 0 16 1 0 2 67 0 11 13 1 1 0 1 2 
1 1 17 0 1 3 0 4 1 0 3 0 0 1 6 5 30 7 5 0 0 3 4 7 0 7 6 1 0 0 0 7 1 0 1 0 11 4 1 0 0 2 0 44 1 2 3 26 6 4 2 0 10 2 7 2 5 44 27 1 11 0 0 5 
1 0 0 0 74 0 1 4 0 1 0 0 23 1 0 0 2 1 0 0 10 0 0 1 0 1 25 0 0 1 19 23 89 2 27 4 0 0 1 2 2 4 0 6 1 1 0 0 1 1 0 2 16 0 0 0 3 0 0 26 134 0 6 45 
6 1 0 3 2 6 2 6 1 2 1 6 5 6 5 1 8 5 38 8 2 0 0 0 2 1 6 3 22 2 3 40 0 7 6 17 3 1 9 2 1 15 6 3 8 11 1 86 1 26 1 0 1 1 37 7 3 0 5 18 1 6 4 0 
1 35 67 0 1 0 0 5 2 0 9 7 6 1 0 4 3 9 2 0 8 8 7 1 0 0 1 4 1 8 3 3 1 1 0 0 2 1 6 19 12 0 0 1 6 0 0 18 0 2 4 2 16 12 0 0 2 0 3 23 11 23 6 52 
2 0 25 2 1 2 4 201 4 0 1 5 4 2 11 1 0 1 0 4 0 0 42 5 0 2 1 0 3 0 12 0 1 0 1 1 2 1 9 0 2 0 0 2 3 1 2 1 1 0 0 1 9 34 4 6 2 2 5 2 23 4 1 0 
0 14 0 0 0 9 0 0 5 27 0 3 10 0 1 0 14 2 1 0 1 9 2 1 2 4 7 0 3 0 0 0 41 3 0 0 0 53 2 0 0 2 23 1 3 1 2 0 302 6 35 41 8 0 2 0 2 2 33 22 0 7 2 5 
7 0 0 0 1 0 0 1 0 0 0 3 7 0 0 2 0 1 24 0 0 3 10 2 0 0 0 1 0 7 57 0 0 0 0 0 1 7 0 8 1 22 0 2 3 6 1 10 12 21 5 0 0 14 3 3 12 23 1 8 0 0 5 62 
1 7 1 14 0 0 0 0 1 13 27 1 7 2 1 4 0 2 5 5 2 0 9 0 1 0 1 1 1 0 4 6 0 4 22 5 2 2 0 4 1 27 2 10 5 0 0 1 1 1 2 2 0 0 23 3 0 0 0 0 4 2 1 4 
0 0 9 0 1 0 1 10 0 0 1 1 0 0 0 2 0 4 13 0 0 0 2 1 2 3 8 50 0 2 6 0 6 1 2 41 4 4 0 0 9 6 0 4 7 2 5 2 4 1 2 3 5 0 3 1 25 123 6 1 22 3 6 0 
20 0 0 6 4 0 0 0 2 0 0 2 1 2 2 0 1 0 0 5 2 3 24 3 5 0 0 1 36 0 9 9 2 0 3 5 0 0 7 2 1 0 23 53 1 1 1 2 0 6 1 1 0 1 0 2 2 1 0 1 10 65 2 1 
0 6 0 2 4 3 8 19 6 10 1 0 19 2 3 7 1 15 0 0 2 4 0 2 1 38 0 0 2 1 71 0 0 6 10 3 1 1 7 0 1 0 2 0 0 32 3 1 3 0 0 112 4 0 0 0 0 8 0 8 80 8 6 2 
2 0 6 10 6 3 1 32 0 0 0 1 2 8 4 5 0 0 1 1 11 22 2 33 0 8 1 1 0 9 0 42 3 0 2 1 1 0 4 2 7 1 0 1 0 0 2 2 54 4 2 7 0 3 11 5 1 3 9 5 3 1 5 2 
0 0 47 6 0 2 1 0 2 1 0 1 2 1 0 0 3 1 1 3 1 0 6 2 10 1 3 0 9 1 1 0 0 0 3 0 7 2 0 4 1 1 0 0 1 2 1 0 1 0 0 2 5 0 0 3 2 0 15 2 1 2 0 0 
4 2 17 2 0 1 0 4 4 2 0 0 0 1 14 5 13 0 17 0 0 0 1 21 6 0 2 6 33 0 1 0 2 1 0 0 27 1 2 1 0 5 22 0 3 1 8 10 5 1 3 0 0 3 0 0 1 0 0 0 0 1 2 2 
0 11 2 1 1 4 4 6 8 0 0 1 1 1 1 2 2 6 3 0 0 0 14 5 0 6 18 4 0 3 1 2 1 0 9 0 0 0 0 2 2 1 0 1 6 20 0 16 5 4 55 18 0 1 6 0 2 1 1 0 1 2 1 43 
1 12 0 77 0 9 0 99 0 0 2 6 2 6 1 15 0 1 3 1 3 1 20 12 1 1 0 0 0 0 2 2 0 3 20 112 16 0 40 0 3 0 0 3 0 5 0 1 2 1 1 68 23 8 1 1 0 1 8 0 4 8 1 0 
0 0 0 8 1 263 0 4 1 0 1 1 1 0 3 4 3 0 0 10 1 0 0 5 8 0 0 0 6 0 2 1 0 1 0 17 4 0 4 5 26 2 0 0 1 0 1 3 31 0 9 1 1 2 0 2 9 1 1 0 0 1 0 6 
0 3 1 0 1 2 0 11 4 1 0 0 0 17 16 7 2 1 3 20 0 16 0 2 0 0 0 0 2 22 0 22 9 10 4 0 2 10 1 15 0 6 4 1 1 0 1 10 24 0 0 0 0 1 2 10 1 0 0 7 4 2 0 1 
0 0 0 2 0 14 0 2 1 0 9 7 0 0 124 0 1 6 0 1 4 0 0 1 4 0 8 0 6 5 2 1 0 0 7 4 0 26 0 6 23 0 0 0 0 0 1 6 1 0 1 14 4 0 1 1 2 1 9 19 1 6 4 1 
33 0 9 0 1 0 3 4 17 2 0 7 0 0 22 0 2 6 0 1 0 9 1 1 0 5 4 0 36 10 17 10 2 0 5 2 1 0 0 0 3 0 0 29 0 14 31 7 1 0 7 1 0 7 83 3 178 3 0 1 0 2 1 6 
7 98 0 6 1 0 21 108 1 0 0 1 5 0 1 0 4 1 2 4 0 24 0 21 0 4 29 2 0 26 8 0 1 6 2 0 0 1 0 0 0 1 1 24 1 0 0 9 0 0 0 9 7 0 0 0 1 0 1 2 30 0 28 0 
0 9 2 8 0 3 12 1 0 25 0 10 1 4 37 0 1 5 5 1 0 1 1 3 0 0 3 10 0 2 14 1 0 0 0 350 2 0 11 2 1 6 1 7 0 1 2 1 5 0 0 1 0 14 3 9 0 1 1 26 1 0 0 0 
1 12 0 6 6 1 4 0 0 0 4 0 0 4 0 3 0 52 4 7 0 0 1 3 0 21 3 0 1 98 2 0 1 6 2 7 1 1 37 1 2 0 1 10 4 1 6 8 2 0 1 9 0 1 6 13 33 0 0 0 0 10 2 0 
0 1 2 1 1 1 0 0 10 99 6 0 4 0 41 5 0 4 0 7 0 3 1 1 1 0 1 0 58 0 0 0 0 0 23 1 4 2 5 0 63 0 3 0 27 0 5 6 20 17 0 9 0 1 25 2 0 1 7 3 0 0 16 6 
0 10 4 4 0 2 31 0 10 5 4 1 2 0 5 2 12 9 12 0 0 4 10 28 5 6 1 1 0 0 35 1 117 0 1 537 0 0 0 1 1 2 1 0 3 0 10 18 4 21 4 8 0 16 2 0 0 15 2 2 16 3 11 2 
0 0 0 1 12 1 10 0 0 2 0 0 7 6 1 4 0 0 0 0 1 0 0 0 0 1 3 5 8 10 0 0 3 1 0 45 1 44 0 16 0 31 0 1 0 0 1 0 1 1 0 0 7 1 2 0 65 8 0 1 1 12 1 7 
7 0 7 0 0 1 0 2 12 3 6 0 1 0 4 1 1 2 0 2 5 2 0 0 1 14 10 3 0 1 1 1 5 0 14 3 0 17 15 6 11 1 1 2 2 0 2 0 0 9 9 19 2 10 33 0 1 0 0 2 3 0 13 0 
0 0 0 49 0 0 2 0 1 21 0 25 4 0 1 1 20 0 15 1 7 31 22 0 1 0 1 5 6 2 2 1 1 40 2 6 1 0 2 8 6 0 2 1 1 15 2 0 0 4 6 9 0 0 5 0 0 0 0 2 6 0 223 39 
0 5 1 11 3 0 5 0 7 1 3 0 4 8 1 0 0 7 0 0 5 5 5 14 0 2 2 0 9 16 4 1 0 4 0 1 2 1 2 0 0 3 9 28 3 0 0 0 0 210 1 0 1 1 2 1 8 1 7 3 2 0 2 0 
0 2 1 0 85 0 72 0 5 0 9 1 7 0 11 2 0 13 3 0 2 1 1 0 2 7 6 1 4 1 0 14 23 0 0 3 0 0 0 0 2 1 3 0 10 4 3 0 0 4 15 0 4 4 0 2 0 8 19 2 1 19 1 0 
1 4 1 14 6 2 0 15 12 0 0 1 0 1 15 10 0 0 0 1 0 0 0 1 6 20 0 28 2 1 0 6 1 0 1 0 0 26 44 1 0 4 0 0 2 0 2 0 14 3 1 2 0 0 0 0 0 3 0 1 1 11 0 0 
2 0 1 3 0 8 0 6 2 1 1 0 1 1 1 1 3 0 13 86 133 0 7 3 2 0 0 3 0 1 0 2 0 3 1 7 1 0 0 3 0 0 0 2 2 2 0 1 13 3 0 120 4 34 4 5 0 2 0 0 0 0 2 7 
0 41 1 0 0 0 0 4 0 1 6 6 3 5 2 1 139 0 2 20 1 7 0 1 3 0 0 0 597 3 0 2 0 0 4 22 21 0 18 0 35 4 3 8 0 5 7 4 2 0 14 1 0 2 1 6 1 4 22 7 11 2 66 1 
1 9 2 3 1 2 1 1 7 32 9 0 0 7 13 1 3 0 3 15 1 2 2 0 0 6 23 0 0 2 1 0 7 1 2 1 19 0 1 13 0 1 4 0 0 0 0 1 0 0 17 1 2 23 8 19 3 0 3 0 3 1 8 0 
7 6 32 1 0 1 0 13 1 9 8 1 0 26 13 1 2 4 1 2 0 5 1 0 10 2 12 0 16 11 1 0 3 2 0 5 12 12 1 1 2 0 0 0 1 0 1 0 6 0 0 1 1 2 11 6 0 7 0 67 36 0 1 0 
1 2 11 0 5 2 1 4 5 21 0 1 7 11 0 4 1 9 0 2 2 0 0 0 0 2 5 38 0 1 5 0 0 4 8 4 0 0 7 1 6 1 6 0 3 0 3 0 28 1 0 3 2 1 0 0 0 1 9 0 5 1 0 2 
2 1 1 3 1 1 0 0 0 1 18 0 10 1 1 0 0 2 1 1 23 8 0 32 12 1 1 0 5 1 0 0 2 2 0 51 4 4 8 6 1 2 11 9 2 3 1 3 6 3 0 1 3 0 1 0 0 7 69 1 0 1 5 0 
1 0 4 0 2 15 0 5 7 46 0 0 27 0 1 0 0 1 1 5 1 0 2 0 1 2 13 5 0 23 0 0 0 8 1 0 0 5 0 0 12 7 4 6 0 61 0 0 5 0 22 0 2 1 0 4 6 1 0 1 2 8 0 19 
1 2 1 1 23 9 2 1 3 0 2 17 7 0 155 0 0 1 8 0 0 0 2 1 1 0 8 6 1 1 0 0 1 0 1 2 1 0 0 1 3 2 3 3 0 2 6 1 0 20 3 1 26 5 35 7 0 1 0 1 20 15 3 2 
1 22 2 1 5 0 0 0 1 22 4 4 0 36 2 0 0 0 1 4 0 2 0 6 3 0 4 1 0 2 3 3 5 4 1 1 1 0 3 3 0 0 6 12 29 1 0 33 1 0 1 8 2 0 13 0 145 5 1 0 78 0 1 1 
10 0 5 20 1 12 0 2 1 0 4 4 0 27 0 1 2 3 2 0 6 3 0 1 0 1 0 14 0 1 17 6 6 69 1 1 7 9 5 1 4 14 1 0 5 0 2 3 1 8 3 22 3 0 2 6 0 0 6 0 0 0 0 0 
3 0 0 0 33 1 0 1 0 1 0 18 2 2 7 1 1 3 104 1 1 0 2 39 0 2 0 14 4 31 0 0 2 2 5 51 5 0 7 0 1 4 5 0 0 9 0 23 0 3 1 1 4 0 84 14 2 0 1 0 0 0 53 1 
0 1 0 1 0 1 3 1 0 25 0 0 1 35 17 2 0 1 0 81 0 0 0 1 0 1 1 0 7 21 5 0 7 3 1 0 0 0 54 8 88 2 17 0 2 5 1 1 1 3 0 63 0 3 0 1 0 10 89 1 5 3 108 4 
1 0 0 0 1 1 1 10 0 1 3 0 0 21 1 1 2 2 1 9 2 43 1 1 6 2 1 2 11 0 24 1 0 0 0 0 0 0 1 0 1 0 13 0 0 0 1 5 24 0 5 3 1 29 0 0 1 1 1 0 1 1 1 0 
0 0 4 0 3 0 0 0 0 0 0 4 10 30 1 10 27 95 1 1 0 24 0 4 7 7 2 1 7 0 122 3 0 0 3 0 8 0 0 41 13 0 1 0 0 1 50 0 0 0 24 5 0 1 0 0 0 4 1 0 2 0 1 2 
8 0 1 1 9 5 0 1 10 3 2 10 1 1 1 1 1 3 3 4 16 0 1 19 3 1 10 4 0 10 1 2 1 2 1 0 5 9 4 4 11 60 6 6 0 1 0 3 26 0 1 0 0 4 8 0 0 0 0 0 0 12 2 0 
11 0 0 1 11 3 0 3 1 0 4 0 1 0 0 10 0 54 2 0 6 3 0 0 0 9 1 13 2 1 1 1 3 1 2 0 0 11 1 0 2 4 8 1 1 5 0 7 0 0 0 17 0 2 0 0 18 3 25 2 6 3 1 11 
1 2 2 0 16 6 0 17 0 6 1 0 1 10 0 5 1 6 3 0 2 1 1 4 0 0 0 1 0 8 10 0 5 19 0 0 6 2 4 4 29 28 1 0 2 0 1 9 1 3 1 1 17 1 0 0 4 7 81 0 5 0 13 14 
1 11 0 13 0 0 7 2 4 13 2 3 0 0 2 0 2 0 0 0 0 51 1 14 0 13 7 1 0 1 1 2 9 41 0 0 0 0 0 19 20 1 25 0 0 2 5 22 0 4 0 0 0 0 10 1 9 3 3 2 0 0 0 3 
8 0 0 0 3 0 0 0 0 2 0 0 3 5 4 2 0 1 8 1 0 4 11 2 0 0 1 1 0 1 0 2 5 4 9 32 0 0 1 2 1 24 1 5 0 0 3 6 0 13 0 8 0 3 0 72 0 8 1 1 0 4 1 5 
0 1 1 0 10 0 3 0 13 3 0 20 2 0 0 0 34 1 1 0 0 1 0 0 26 1 1 1 0 7 0 1 1 0 1 1 12 0 4 0 0 0 1 0 10 67 0 14 2 5 1 0 0 0 13 0 0 2 1 0 3 0 4 4 
1 0 1 2 0 41 0 0 0 6 17 1 0 1 11 2 0 0 1 2 2 1 1 13 17 29 0 0 6 2 6 13 0 1 30 0 45 3 15 126 2 0 0 1 6 0 2 0 6 8 1 15 0 9 12 1 1 10 2 0 1 51 0 15 
16 3 0 7 21 57 4 1 1 0 0 8 20 1 4 0 0 0 0 1 3 3 0 0 17 1 3 1 0 0 12 0 1 0 1 12 0 6 1 0 0 1 2 12 30 0 6 0 4 0 0 1 5 7 0 0 2 3 7 1 15 4 2 0 
27 6 1 2 5 6 1 2 4 0 1 0 1 10 9 1 0 15 1 0 3 5 0 10 2 3 0 1 1 28 26 3 0 9 12 1 2 14 4 5 9 1 2 0 20 1 6 4 2 0 1 0 36 1 14 2 6 0 0 0 5 2 0 0 
7 1 0 0 3 0 1 3 0 0 6 0 1 12 0 0 7 0 1 2 3 2 1 0 0 22 0 4 9 28 0 0 1 0 13 3 1 3 0 8 0 2 2 3 1 0 0 36 5 5 5 0 8 0 3 19 13 0 4 0 0 0 3 1 
2 1 13 2 0 4 0 1 1 13 0 0 0 0 7 1 0 0 3 2 3 50 0 3 2 6 35 0 3 0 4 0 0 5 0 1 8 6 12 5 11 4 11 4 0 11 2 0 0 33 1 1 9 0 0 3 0 0 26 17 1 1 4 0 
4 8 3 0 16 0 3 1 0 3 30 0 7 3 1 2 1 1 0 0 0 0 10 0 0 1 0 21 13 0 0 0 2 9 0 17 0 2 2 0 0 3 0 0 4 2 2 0 0 1 24 0 5 1 13 17 6 5 7 1 0 2 0 14 
0 6 0 0 13 6 2 1 7 6 25 10 0 1 0 0 4 1 0 0 46 0 3 5 1 0 1 0 8 0 7 0 2 1 16 2 4 25 12 1 0 5 0 2 18 6 7 7 0 4 0 1 3 0 3 0 0 0 0 0 2 39 0 0 
0 1 5 1 3 0 171 24 8 0 3 1 8 15 0 0 10 0 2 0 1 7 0 0 4 12 21 1 0 1 3 1 12 11 5 0 4 1 6 2 62 0 1 10 0 0 0 26 13 3 2 77 1 2 4 5 1 2 7 0 0 0 6 4 
1 1 0 0 0 2 0 6 4 8 2 0 0 2 1 0 16 1 4 1 2 78 1 0 1 7 1 0 0 1 1 1 2 0 0 0 0 18 12 15 1 0 3 5 0 1 3 5 0 81 1 1 0 0 10 3 1 14 11 13 3 0 0 0 
0 2 21 1 0 2 4 10 6 3 0 1 8 5 0 1 1 6 0 0 206 1 2 4 0 2 0 1 0 1 0 6 6 5 9 0 1 0 1 0 3 2 181 93 0 7 0 0 10 7 0 0 17 1 1 8 3 2 0 1 22 0 0 4 
3 0 11 0 2 0 10 3 3 0 21 2 21 9 0 2 1 1 4 1 0 14 1 7 1 1 0 0 0 0 0 1 5 0 2 0 10 1 53 54 0 12 0 8 0 0 0 0 2 5 19 1 0 1 4 2 2 1 33 7 0 0 1 2 
116 2 84 0 7 0 2 4 1 6 1 1 25 1 74 3 14 1 0 31 0 0 25 5 11 1 11 17 2 3 0 2 16 3 0 0 0 1 26 5 0 12 163 2 1 0 4 1 19 2 0 0 1 9 2 3 2 57 0 1 13 3 3 2 
0 2 21 14 3 0 4 1 0 3 1 2 4 0 17 12 0 0 0 10 3 1 0 0 17 6 0 1 6 81 2 31 2 3 3 0 15 47 31 3 1 5 0 1 0 3 1 2 10 1 2 1 8 0 1 1 0 0 1 0 2 3 1 0 
35 0 15 3 4 3 25 2 0 0 81 0 7 5 1 0 0 0 0 5 2 3 6 2 0 1 0 1 1 4 0 96 0 0 3 1 0 1 2 1 1 8 0 0 1 27 33 2 1 0 2 7 0 164 1 0 0 3 3 74 6 0 1 1 
1 12 0 1 2 4 5 0 1 2 0 6 25 27 0 0 1 35 0 10 1 0 31 1 0 5 0 0 0 1 0 4 13 1 2 1 24 0 0 0 1 0 0 1 0 0 0 0 0 125 0 11 5 1 27 0 0 0 0 23 2 1 0 0 
37 4 2 1 1 0 0 0 3 0 4 10 0 10 1 5 7 29 1 1 20 0 0 46 0 0 0 45 0 0 1 1 0 62 1 1 0 11 14 1 0 1 7 37 10 6 114 1 0 1 0 2 0 12 33 0 0 0 1 3 6 3 0 5 
2 59 0 11 1 0 1 0 1 2 3 0 14 9 2 1 0 4 0 6 0 2 6 0 0 2 1 0 163 19 1 4 14 60 34 0 2 1 0 22 6 0 2 72 0 17 2 1 2 0 0 1 3 0 0 0 0 0 0 0 0 0 3 3 
0 3 0 4 28 3 4 0 4 0 0 0 1 2 0 0 6 0 2 3 0 1 1 0 8 0 0 1 3 14 2 54 147 4 0 6 1 6 9 0 0 2 0 1 1 3 1 26 0 2 5 3 7 1 5 0 2 32 23 1 1 11 4 1 
1 0 0 0 1 1 4 1 3 11 1 2 1 12 0 0 2 3 0 0 6 7 1 1 33 1 1 4 4 0 0 1 3 50 1 0 6 2 0 1 0 1 4 1 0 0 9 6 5 3 0 0 9 46 2 0 0 6 0 0 23 0 6 2 
1 5 1 0 1 21 1 15 5 0 0 0 3 3 4 0 3 2 4 0 5 1 0 3 0 0 1 1 0 3 0 12 0 3 1 10 6 0 3 5 0 0 0 0 1 7 15 38 1 0 112 3 1 9 3 6 0 0 14 16 1 2 0 1 
2 0 0 3 10 2 0 6 5 95 1 8 0 0 0 0 1 0 4 1 218 0 1 1 2 0 4 0 3 6 1 1 7 0 1 7 0 0 0 1 6 3 0 1 0 12 2 1 9 1 0 6 0 2 3 0 5 3 0 9 1 1 1 0 
1 0 0 4 10 1 2 1 0 3 3 6 1 1 8 0 1 7 0 2 10 1 0 4 0 29 0 2 2 0 2 32 4 0 0 4 2 1 1 1 0 1 0 2 0 0 12 0 5 1 1 5 0 0 2 1 0 7 20 0 2 0 0 0 
1 1 1 0 8 7 17 16 0 5 0 4 2 0 1 0 0 0 5 1 0 2 1 0 1 0 0 0 1 0 3 0 1 33 0 1 0 32 1 2 0 0 3 6 0 3 1 0 0 0 2 144 71 13 0 1 0 0 1 25 0 21 2 1 
3 1 0 1 3 4 6 0 1 1 1 3 5 1 0 0 6 2 6 1 2 2 1 1 1 2 1 0 0 1 0 9 3 0 2 26 2 88 3 0 0 2 60 1 0 0 2 7 1 1 1 0 14 2 0 0 2 0 1 1 0 131 7 0 
0 0 1 0 5 2 1 0 23 1 4 0 0 29 10 1 0 1 0 3 2 0 0 59 5 3 1 0 0 0 1 0 6 1 0 0 1 0 3 64 4 4 4 1 1 0 25 1 0 0 0 6 2 1 0 0 1 0 5 0 0 1 0 1 
0 0 6 95 0 3 0 6 51 5 0 2 0 6 1 0 4 2 0 6 2 0 0 1 4 0 3 1 0 0 4 1 0 1 2 5 0 5 0 1 4 1 7 0 0 2 122 31 2 15 0 1 1 0 0 41 0 1 0 4 2 3 0 4 
8 1 25 2 0 3 0 0 12 1 40 0 2 2 0 1 1 9 2 0 7 0 4 0 3 0 2 1 1 0 13 1 9 6 0 0 1 40 5 0 14 0 0 12 2 0 0 0 1 0 1 0 0 4 0 5 0 62 1 31 1 2 3 0 
4 1 31 3 0 2 1 0 0 0 66 8 0 11 1 1 86 9 8 2 1 9 0 0 33 3 0 22 9 1 7 0 3 2 231 2 0 1 30 0 1 15 11 1 0 3 60 2 2 14 4 3 0 38 3 0 15 10 7 0 0 1 0 5 
0 2 2 1 0 0 0 8 0 1 1 0 0 0 0 4 1 3 0 2 1 0 4 5 0 1 1 4 0 2 2 6 7 2 94 0 0 1 3 0 2 0 9 3 0 6 1 0 19 2 4 116 12 4 2 0 3 7 6 5 0 1 15 3 
1 10 0 0 0 1 1 2 0 1 2 4 7 0 2 4 26 1 2 0 2 1 11 13 1 12 1 8 0 4 0 6 3 3 2 3 1 8 6 5 12 5 0 1 0 0 11 0 4 0 0 4 3 1 0 5 0 1 0 0 3 0 0 2 
6 31 0 11 0 7 1 0 0 0 3 1 5 0 2 0 0 3 124 0 2 5 0 1 0 3 9 2 7 1 0 0 6 0 0 73 2 3 1 3 2 0 0 1 0 7 0 0 6 2 1 1 0 9 1 0 0 9 1 3 4 0 15 0 
33 1 4 0 2 7 1 0 5 2 18 2 17 4 3 0 1 0 1 3 7 1 0 7 0 1 21 1 3 41 0 2 1 0 3 7 7 5 10 0 5 1 3 0 0 14 1 19 1 3 33 0 1 50 8 0 1 0 2 0 4 0 14 3 
60 2 2 3 2 9 0 1 1 3 4 9 0 6 2 0 2 10 1 10 2 38 2 27 0 0 6 1 0 5 2 2 21 5 37 2 0 2 4 3 0 4 0 1 0 9 0 2 3 2 45 0 0 0 0 2 20 7 0 7 1 30 1 3 
0 0 16 1 1 0 1 13 52 0 1 17 1 0 11 0 2 8 14 0 0 0 0 0 8 0 0 1 0 2 3 4 5 1 1 3 4 0 1 95 214 3 1 2 3 22 22 0 3 0 1 0 7 0 4 3 5 0 1 0 0 4 5 1 
0 12 0 0 0 6 0 1 2 20 0 14 0 1 0 1 0 0 0 0 8 2 1 0 0 0 2 2 3 3 5 0 0 3 0 0 80 3 1 7 0 2 1 1 6 0 2 0 0 6 1 2 0 0 4 1 25 0 0 3 0 2 41 0 
2 1 0 4 0 2 1 0 7 1 9 1 11 0 2 0 0 1 0 0 6 11 19 11 2 1 2 4 0 6 0 23 7 6 131 0 3 9 2 17 3 0 0 32 9 12 0 2 2 0 82 7 0 1 0 0 1 7 3 1 3 6 2 9 
0 1 0 5 6 36 1 1 0 0 0 3 0 0 0 0 2 1 0 4 2 0 6 1 1 0 4 0 7 10 6 6 4 9 42 1 16 2 0 1 1 0 10 8 12 13 0 1 0 0 0 4 0 0 1 9 28 20 2 9 0 6 5 14 
2 3 0 1 0 0 1 0 0 2 1 4 0 4 0 0 70 7 0 0 0 3 5 3 15 0 0 0 0 1 9 0 2 8 1 5 0 0 0 0 6 0 2 5 5 0 9 94 4 14 0 13 5 0 0 9 3 0 2 0 2 0 2 1 
2 0 1 1 7 1 0 0 1 1 1 0 0 1 41 37 2 0 37 5 2 1 0 14 4 2 2 2 1 1 2 1 4 1 7 0 2 33 2 0 87 0 1 2 7 21 0 0 11 0 76 2 9 15 120 0 2 0 11 1 0 1 0 11 
0 33 1 1 197 1 5 14 1 2 3 6 0 42 1 0 1 6 0 0 0 1 1 4 0 1 0 7 5 3 16 5 123 3 17 2 5 4 5 2 0 0 1 27 2 0 9 0 0 0 4 0 0 0 1 0 44 87 0 5 1 19 0 13 
0 0 1 0 0 1 139 0 0 1 2 2 0 2 0 0 1 0 25 4 5 0 0 0 0 0 1 5 5 1 0 25 5 0 15 0 3 0 5 0 211 0 3 7 1 1 20 1 0 7 29 3 2 9 1 34 0 2 1 1 0 0 0 0 
11 1 1 13 3 7 0 0 1 1 9 1 9 17 5 0 76 0 0 0 1 23 0 0 1 3 13 0 54 11 1 1 0 2 0 0 2 15 29 1 3 50 104 0 0 0 0 56 3 0 0 5 11 6 6 0 4 7 18 0 1 1 1 0 
0 0 5 1 3 1 1 1 13 5 0 8 0 0 50 60 0 8 1 0 1 4 0 11 1 3 5 0 0 2 2 17 1 22 0 5 0 18 1 2 0 0 0 6 0 3 2 1 0 6 3 44 1 0 0 0 0 4 1 1 2 6 3 3 
3 1 4 0 0 0 0 0 7 2 8 0 0 0 7 2 0 2 1 1 2 8 4 12 3 0 4 43 61 16 32 1 1 10 0 7 10 1 8 1 0 1 0 0 0 0 0 1 0 0 0 3 10 0 0 0 0 5 0 1 0 74 0 0 
3 2 9 0 0 0 0 1 1 8 1 0 5 1 3 30 0 0 4 0 18 25 0 2 1 1 11 0 0 0 0 0 3 2 5 0 0 0 0 0 8 1 0 0 9 11 0 2 4 0 1 142 0 10 2 36 0 1 0 62 1 0 0 0 
16 7 20 16 5 99 3 28 1 0 0 0 0 0 14 0 9 0 7 0 55 0 0 2 0 3 6 5 0 1 2 72 2 0 0 10 15 6 0 56 0 0 11 18 41 2 1 44 7 0 2 1 0 0 3 6 1 11 1 2 0 2 1 11 
116 5 4 0 2 1 0 0 1 0 3 4 0 1 7 3 0 1 1 1 0 3 2 0 1 2 0 55 0 1 1 4 0 16 1 9 4 10 0 1 0 11 7 28 5 2 0 0 11 0 1 91 0 1 0 8 0 0 8 0 0 0 1 9 
0 11 0 0 1 13 0 6 3 1 0 0 2 1 2 2 18 0 0 1 1 2 6 1 1 0 4 1 0 3 29 0 5 1 3 0 1 0 1 9 9 12 0 7 0 2 1 0 0 4 1 2 0 7 0 38 1 4 5 25 1 0 0 6 
2 0 13 1 4 2 0 9 24 4 0 7 9 0 1 2 0 13 10 12 0 20 8 5 1 1 6 1 6 6 0 1 0 0 31 13 1 11 1 0 0 3 12 0 0 236 4 6 0 0 0 0 0 0 0 17 7 46 1 11 8 0 3 2 
0 3 2 0 1 5 5 1 1 2 3 4 1 0 0 4 0 8 5 9 22 1 1 1 0 1 17 10 0 4 1 2 8 5 0 3 1 1 1 1 0 7 27 1 2 0 1 7 2 0 1 7 4 5 2 4 1 1 0 16 10 1 4 17 
7 1 12 0 3 0 5 1 63 9 9 0 3 13 0 12 0 1 3 0 0 5 0 4 1 0 2 0 187 1 7 1 3 7 1 12 0 2 1 15 12 0 1 1 7 0 21 15 1 1 0 5 2 4 2 1 4 130 1 0 0 51 1 4 
0 1 12 1 2 4 0 30 2 2 1 0 7 1 0 0 8 1 0 0 0 5 4 21 5 0 6 5 5 6 2 0 140 7 0 0 38 1 0 0 2 0 1 3 0 11 0 59 5 4 16 2 0 1 1 0 3 0 0 1 0 2 3 7 
11 0 0 4 3 27 2 0 1 2 0 2 0 4 1 0 8 0 1 1 2 8 2 4 2 0 1 1 15 0 21 1 0 2 7 0 10 1 7 0 8 3 54 6 17 43 2 0 0 0 3 4 13 0 0 1 3 0 1 1 1 0 0 7 
7 0 2 1 1 1 5 27 3 1 9 73 3 14 4 1 0 0 0 22 0 1 6 0 0 0 0 0 0 0 0 47 1 0 0 12 15 1 0 2 1 5 0 0 1 0 150 28 3 12 1 0 10 0 1 4 0 92 1 0 1 3 0 0 
0 39 0 46 1 0 66 0 0 1 0 1 3 0 0 0 58 0 1 2 17 0 6 23 0 0 2 1 0 3 1 4 4 0 0 1 1 1 1 21 1 15 22 0 5 35 3 0 1 10 0 0 12 0 2 7 31 12 0 0 0 9 0 18 
1 1 0 12 8 0 2 1 0 4 1 4 1 5 1 0 1 0 0 21 0 0 1 2 18 0 1 2 1 0 9 3 5 16 1 1 4 0 0 11 13 4 20 6 2 4 1 18 2 2 32 8 0 1 1 56 0 1 0 0 2 3 1 0 
4 1 0 2 3 5 0 0 22 7 0 118 0 16 0 5 0 5 0 0 2 0 8 1 1 4 2 1 0 0 1 0 60 1 4 0 2 3 0 4 1 1 0 0 0 1 1 2 0 2 2 3 1 0 16 0 0 11 0 3 21 18 47 6 
1 1 2 1 2 0 2 0 0 2 1 10 3 0 16 10 39 10 0 0 0 3 2 13 0 0 0 0 1 0 1 2 5 5 9 2 1 17 2 1 10 0 0 78 1 9 5 0 0 4 1 0 0 0 0 0 0 0 13 0 0 5 3 1 
3 0 0 174 51 0 2 69 1 0 0 2 15 3 0 63 0 2 102 0 1 2 14 53 7 0 9 25 31 0 0 0 82 0 1 1 4 1 0 0 4 1 0 6 1 1 7 17 5 0 0 2 36 0 0 6 5 5 1 12 0 1 2 0 
0 7 5 4 0 3 3 6 0 3 5 0 3 0 2 2 6 2 1 7 0 31 1 49 4 0 50 2 3 7 26 0 4 230 158 18 0 3 3 4 0 6 36 0 8 16 1 8 2 4 2 5 14 0 0 0 0 14 0 11 1 1 0 3 
0 11 5 0 2 0 44 1 0 0 1 1 1 11 0 5 0 2 24 1 19 1 0 1 6 0 0 17 0 5 0 0 14 0 0 0 19 1 8 6 0 3 0 3 15 2 6 0 4 114 0 0 2 0 0 0 0 10 9 0 2 2 1 0 
1 10 0 10 1 119 3 0 24 54 0 0 0 1 2 0 0 0 1 0 21 5 1 19 1 1 0 2 2 7 133 0 0 2 1 2 1 1 1 0 3 3 8 1 19 0 9 1 16 1 0 0 1 1 59 1 1 0 2 1 0 19 0 72 
1 2 0 2 3 1 0 3 4 0 4 30 4 0 0 2 0 1 131 1 0 5 0 4 2 0 11 1 0 0 1 4 1 87 1 26 9 16 3 2 0 146 14 0 2 0 6 0 0 2 0 3 33 0 35 10 0 1 4 8 1 0 10 0 
1 29 31 2 0 7 1 5 0 1 1 6 0 2 1 1 1 0 0 16 22 38 8 83 1 1 2 0 21 5 19 15 3 8 3 7 3 4 1 7 0 0 8 0 5 1 19 1 0 5 0 1 1 0 0 0 3 2 1 0 1 6 0 0 
0 1 9 0 0 1 9 4 0 3 4 0 6 4 3 3 12 5 6 1 0 6 1 10 4 2 1 58 0 0 0 7 4 3 0 1 1 0 2 3 2 2 2 21 6 12 54 0 0 13 0 16 118 0 0 12 11 5 0 18 10 12 4 0 
7 0 2 13 1 1 0 2 12 0 0 6 4 284 7 0 24 8 0 0 10 8 0 6 9 0 1 1 6 1 1 0 2 1 2 1 0 0 9 1 1 4 0 3 0 0 0 2 0 5 0 9 5 0 0 7 0 25 0 4 15 0 0 0 
4 1 6 0 120 0 1 1 2 1 4 2 1 1 1 0 1 0 2 7 0 0 2 13 29 49 3 86 1 0 0 36 7 1 0 0 2 1 12 640 4 7 10 8 0 3 29 6 3 0 2 1 0 1 4 1 0 0 3 1 1 0 6 0 
0 2 5 3 0 21 0 0 2 34 0 2 6 7 2 4 2 1 1 9 1 0 1 0 0 3 0 4 1 6 0 3 0 9 0 20 0 87 0 0 0 1 2 4 7 0 2 1 1 1 0 8 12 3 1 0 3 0 2 48 4 1 0 3 
2 8 2 6 7 0 0 0 1 4 8 0 3 38 3 3 5 0 4 0 2 115 4 9 6 1 0 1 0 0 9 8 5 3 15 1 0 1 14 0 3 1 2 0 2 5 0 23 1 0 4 0 0 0 0 2 2 2 0 1 0 0 25 0 
0 0 1 1 1 2 7 0 1 1 5 1 0 2 15 0 5 4 0 8 1 11 20 1 12 12 1 0 12 0 2 1 1 3 1 0 0 0 0 32 41 2 2 2 14 0 0 1 0 0 1 0 0 0 2 0 17 0 105 5 0 3 0 1 
0 1 0 0 5 1 1 2 0 0 0 17 1 9 13 0 0 0 4 0 2 0 1 268 1 2 3 0 6 3 0 5 1 0 0 0 0 2 5 1 0 38 0 0 4 0 0 79 2 0 0 10 1 0 10 1 0 2 10 5 4 0 2 0 
0 0 21 2 24 0 9 0 1 119 24 0 1 2 3 5 1 3 2 7 0 6 0 1 0 0 0 4 0 1 13 0 0 14 1 12 1 0 0 1 3 10 2 6 0 1 10 17 0 0 2 0 14 1 148 1 2 0 3 28 0 4 29 3 
0 2 0 20 2 2 22 20 5 2 31 81 0 47 2 6 0 1 0 0 9 3 1 6 0 0 22 3 4 0 0 10 11 6 0 0 0 2 2 9 2 0 0 0 4 0 2 4 0 0 21 5 4 0 0 9 0 0 1 1 1 1 0 0 
5 1 0 8 2 2 8 0 3 0 29 0 31 0 0 0 3 1 2 18 0 8 6 12 2 1 0 21 1 0 2 3 115 10 0 4 7 0 0 0 5 5 1 1 0 1 0 2 33 0 3 1 0 1 12 2 3 1 4 0 0 2 11 0 
0 7 35 45 2 24 0 0 0 19 0 0 2 1 1 1 1 1 0 0 0 2 9 0 0 0 0 45 9 11 6 0 3 1 1 19 15 24 20 1 0 19 2 0 2 1 3 1 5 2 1 5 7 0 6 29 6 9 0 8 0 2 28 16 
2 0 19 2 2 4 5 29 2 1 8 1 3 0 0 0 0 1 0 6 1 3 3 30 0 1 15 3 3 0 2 0 14 6 1 7 2 1 2 26 5 1 1 48 1 20 2 3 0 44 6 1 1 0 1 0 46 7 0 1 0 1 0 0 
1 1 0 0 1 0 0 4 8 0 9 0 4 0 42 2 1 3 0 123 13 0 26 0 0 0 0 5 4 6 0 12 47 4 1 2 0 14 0 1 7 2 1 5 4 0 0 2 25 2 1 9 0 8 4 0 1 2 0 0 7 4 0 0 
0 0 1 3 13 0 29 1 0 1 0 0 0 1 0 2 12 5 11 1 15 1 0 0 1 0 21 2 11 0 2 1 0 1 21 2 2 13 0 6 1 8 21 0 2 1 3 3 0 9 0 1 17 42 0 14 7 9 11 15 0 0 1 1 
0 2 1 1 3 0 27 64 1 0 3 1 4 9 60 71 8 3 0 0 25 2 0 7 0 0 0 1 1 0 4 0 0 0 0 0 3 21 6 30 0 3 0 1 0 6 29 4 2 2 5 4 4 4 0 0 56 1 2 54 6 4 0 0 
2 1 1 3 0 3 0 15 1 0 1 1 0 1 0 40 10 1 0 3 0 1 2 0 3 0 7 5 0 0 3 2 38 0 0 43 33 0 0 0 6 1 2 1 7 0 0 3 2 0 21 1 0 0 0 7 7 0 4 0 0 38 0 17 
8 1 2 3 33 0 0 1 1 1 0 1 1 20 2 15 1 29 4 2 7 5 0 0 3 10 1 0 0 2 3 4 3 0 33 1 1 0 29 2 2 1 3 0 0 13 4 2 6 0 0 1 13 33 3 5 0 1 0 0 0 1 0 12 
0 6 10 0 0 2 1 1 16 1 0 3 7 1 11 12 0 3 3 6 7 71 9 8 0 0 13 1 0 3 5 0 0 1 9 0 3 1 3 0 0 3 1 15 1 3 0 1 1 0 1 7 6 18 0 1 33 6 9 1 1 1 19 2 
10 3 17 0 0 2 0 0 2 0 13 0 7 1 1 1 2 83 4 2 1 6 2 0 1 1 0 4 0 3 1 0 0 1 0 6 3 8 0 3 3 3 1 1 0 10 25 0 18 3 1 3 0 1 7 2 1 0 9 0 8 0 1 5 
7 3 1 0 0 4 1 0 9 1 0 86 1 2 1 0 26 0 0 36 1 9 2 0 98 0 0 0 37 1 0 2 0 2 1 1 0 0 9 0 1 6 1 6 43 2 104 7 1 14 2 1 0 1 2 2 4 0 9 1 0 1 3 1 
9 2 0 5 1 0 0 1 6 5 3 0 0 1 25 1 0 1 7 2 1 4 0 0 1 2 2 117 7 21 0 8 5 0 2 0 172 0 7 8 0 8 0 2 12 0 1 0 0 0 9 0 2 3 2 1 1 1 10 3 0 0 1 6 
6 8 33 1 6 2 12 3 8 0 2 0 0 1 3 1 3 1 5 7 0 7 0 2 0 4 147 9 2 0 0 2 0 1 1 1 0 4 8 7 0 1 9 0 9 0 1 0 3 1 1 0 0 1 1 19 1 0 0 0 1 20 2 59 
0 0 3 1 44 1 1 7 1 0 5 2 0 0 0 19 19 4 2 2 4 1 1 1 0 4 3 0 0 12 8 2 8 18 2 1 3 4 6 1 0 0 1 112 9 0 11 5 0 1 10 5 179 4 0 0 0 0 6 28 12 1 7 8 
1 0 8 2 19 1 0 0 0 0 25 5 38 0 0 1 26 2 0 4 3 1 7 64 2 0 1 9 0 2 0 0 0 0 0 6 9 0 7 0 6 0 1 3 1 0 1 1 1 7 0 139 6 2 1 0 0 2 1 12 8 1 2 19 
1 1 1 4 1 0 1 2 0 2 6 15 44 0 0 0 3 2 0 0 1 0 1 0 0 13 0 20 0 1 67 0 8 18 12 3 9 0 2 1 1 3 5 34 1 0 3 14 15 5 1 0 0 1 4 0 37 0 0 12 34 2 1 3 
0 0 0 0 0 1 1 75 0 2 6 40 29 9 12 3 0 1 0 1 130 9 8 8 1 36 0 0 0 2 6 0 1 7 5 17 2 0 13 16 6 2 1 6 3 1 0 7 5 225 0 844 0 0 0 2 1 4 1 1 1 6 5 0 
1 0 6 2 0 0 117 2 0 2 0 0 2 7 3 1 5 0 1 2 2 32 1 1 0 0 0 0 0 7 146 0 1 1 3 0 0 0 17 0 0 0 2 3 2 14 0 1 0 2 4 2 7 8 1 37 3 1 0 0 3 1 146 1 
14 4 8 71 5 1 0 2 7 8 3 1 0 0 0 22 0 19 1 3 0 1 0 2 0 0 25 1 0 7 0 0 0 4 5 3 0 18 7 36 1 5 0 2 1 0 6 0 18 0 4 8 1 0 0 1 39 0 39 1 1 0 0 0 
0 7 5 13 0 0 2 5 2 0 4 1 1 1 8 1 2 1 0 0 0 0 26 0 0 2 1 4 7 1 1 5 1 2 13 0 1 0 1 0 0 2 16 0 1 1 0 0 0 0 0 0 1 2 84 0 0 0 8 4 0 2 4 5 
16 2 2 2 3 0 1 0 0 3 1 0 3 0 0 0 2 1 0 5 0 2 0 0 0 0 0 1 1 1 0 0 0 0 5 5 4 7 0 0 2 0 0 8 1 6 9 0 8 1 0 9 14 0 20 27 0 2 14 1 0 13 1 0 
13 0 12 2 28 0 1 1 0 0 10 0 12 0 1 8 1 0 1 0 14 0 8 2 7 0 0 0 0 1 1 1 2 1 1 10 0 33 1 0 1 1 1 27 29 0 0 4 11 5 0 1 3 0 1 1 0 1 0 0 0 14 1 0 
1 0 7 1 0 9 0 314 3 3 36 0 10 17 2 0 2 4 3 1 1 0 0 5 2 0 0 3 0 46 15 0 0 2 0 75 2 0 9 0 5 6 0 0 2 0 0 2 0 28 1 0 0 4 4 0 36 0 2 52 0 0 0 214 
2 0 3 3 1 2 27 2 297 41 25 9 0 1 0 0 0 5 3 26 0 4 0 0 0 1 3 0 63 3 1 0 7 101 3 6 1 1 0 5 1 48 0 0 0 1 2 0 2 0 3 2 10 0 40 0 35 2 1 3 47 0 1 1 
6 5 1 45 0 0 4 0 2 1 6 3 12 0 0 2 0 3 1 28 3 11 8 0 1 2 0 0 2 0 6 9 0 1 8 4 1 6 3 3 7 0 13 0 1 0 1 0 1 9 4 1 100 0 16 0 0 0 0 17 7 0 6 0 
32 0 1 1 11 5 4 12 1 5 28 41 5 0 0 23 0 1 0 0 0 0 2 0 4 2 3 1 0 1 8 2 14 74 28 1 1 7 6 2 0 0 0 36 1 26 0 0 3 2 1 3 0 25 0 2 4 5 62 58 0 1 2 8 
8 3 0 9 1 1 0 25 18 1 0 25 2 10 17 5 0 1 121 0 0 0 19 1 1 0 65 1 0 1 2 1 9 1 5 91 1 0 12 1 4 1 0 4 5 4 108 15 0 0 0 5 2 3 1 0 0 0 0 13 2 7 0 0 
0 0 39 0 0 0 0 3 7 59 2 0 1 25 0 0 3 2 1 3 7 1 4 2 0 0 0 0 2 0 0 2 7 2 4 5 17 11 0 2 3 1 48 2 0 64 22 1 4 6 10 2 10 0 0 3 0 0 3 0 1 5 3 0 
1020 8 5 3 0 61 4 0 5 84 1 0 6 1 3 1 0 1 1 0 5 6 21 6 2 0 0 0 0 0 162 0 0 2 2 1 7 96 18 10 0 5 0 1 1 0 1 1 0 0 3 1 6 1 0 3 0 1 0 0 1 7 2 14 
0 0 3 12 1 12 4 27 5 3 0 0 107 7 4 11 0 0 5 2 26 5 0 0 0 17 0 3 0 0 4 1 1 3 23 0 0 1 89 0 0 39 3 0 1 1 1 2 23 1 1 22 9 21 1 11 14 5 5 1 6 1 0 0 
4 0 4 0 38 1 18 2 12 1 3 5 21 3 1 0 0 5 59 3 8 9 18 1 0 3 3 3 1 0 0 0 1 1 6 0 1 15 0 0 3 9 8 0 4 22 17 8 0 1 5 0 3 0 3 2 0 1 0 2 0 2 1 1 
10 2 0 2 35 0 5 5 1 1 0 1 7 0 1 0 5 7 1 51 0 1 1 1 6 6 0 8 2 2 13 0 13 30 21 8 28 2 1 6 0 0 0 13 1 0 8 1 12 0 0 8 3 2 22 0 1 2 10 0 0 3 1 8 
0 0 1 0 0 9 1 1 0 22 9 1 0 3 0 0 5 2 0 23 2 0 8 0 1 12 0 6 2 1 4 2 9 2 136 2 5 0 3 1 2 1 35 18 5 15 1 1 0 2 2 1 4 0 1 0 1 6 0 0 4 0 1 6 
4 0 0 95 1 18 0 86 5 0 0 5 58 2 15 0 1 5 8 0 3 0 0 0 0 7 0 22 6 0 0 15 21 3 0 0 1 1 6 3 4 1 0 2 0 0 22 0 0 69 1 0 0 0 5 8 5 0 631 10 13 6 1 9 
9 0 0 18 109 3 2 9 0 8 0 2 0 2 12 0 8 2 0 29 2 7 0 1 8 0 3 0 0 1 0 0 0 0 1 4 1 0 3 1 6 3 1 9 21 2 20 7 1 0 0 1 1 13 1 5 8 5 0 2 45 0 6 1 
11 0 1 1 0 0 0 0 2 5 1 0 0 0 36 1 0 1 12 1 10 1 0 28 0 16 0 2 0 1 2 0 0 1 45 7 5 65 2 4 0 18 19 43 1 1 3 8 15 0 1 0 0 1 1 20 4 1 0 7 0 16 9 0 
2 43 1 0 1 1 10 11 0 4 2 2 0 4 1 12 5 0 3 1 0 6 5 0 0 16 7 0 1 9 19 0 47 0 14 0 0 0 0 1 18 0 2 23 14 0 0 0 0 0 5 9 2 1 0 9 4 0 0 0 1 0 0 1 
2 16 2 4 1 2 32 0 3 1 1 3 18 12 10 57 0 0 0 0 3 1 0 1 23 0 1 6 3 23 0 2 2 3 3 0 1 0 0 2 0 10 1 2 0 1 0 1 112 4 0 0 1 18 7 1 0 7 1 0 1 30 0 1 
5 3 0 2 35 11 2 0 5 4 0 0 2 5 0 1 2 0 14 0 17 8 0 0 1 7 1 0 0 13 5 0 0 1 4 1 0 0 1 3 0 3 6 2 2 1 80 31 10 1 0 0 1 1 2 11 3 1 0 2 1 23 5 3 
0 0 0 4 12 0 2 2 1 7 2 1 2 3 3 6 7 0 2 0 0 1 0 0 2 0 29 0 0 0 2 1 0 0 25 33 0 13 0 0 15 0 0 0 0 10 1 3 1 16 3 1 4 0 1 2 4 0 1 0 16 3 0 0 
0 33 8 0 5 19 3 0 2 1 36 1 1 1 3 0 1 0 0 12 0 4 2 15 1 0 1 15 1 0 8 7 2 0 4 0 1 1 0 9 2 4 0 12 0 0 0 1 10 123 0 6 8 11 1 1 0 1 0 7 17 0 3 3 
15 104 4 0 9 0 0 3 0 0 0 2 10 0 2 3 2 31 0 1 1 8 0 4 6 0 8 1 0 1 4 1 2 0 1 3 5 79 10 2 3 0 0 0 0 0 0 4 0 0 1 0 3 2 0 0 0 2 1 3 1 1 0 1 
8 1 0 2 0 1 1 3 1 2 5 5 2 0 1 0 0 0 0 2 15 2 1 0 9 0 1 1 0 2 1 0 0 2 0 4 0 5 1 3 2 0 17 4 2 11 8 1 22 0 2 0 1 0 0 6 0 1 13 0 2 3 7 3 
6 1 1 3 2 121 6 1 0 1 8 4 13 320 15 0 0 10 0 1 3 1 1 0 0 1 0 0 0 9 5 1 8 17 3 6 2 7 0 0 1 0 0 6 3 3 10 0 40 0 0 0 9 0 1 2 0 0 8 0 3 5 17 0 
0 0 0 3 1 1 0 42 1 2 9 4 1 2 8 20 0 8 0 0 1 3 4 1 6 0 1 7 12 2 3 0 0 25 0 0 2 0 29 1 21 1 3 0 28 14 1 4 4 4 1228 2 26 0 0 0 0 1 0 2 3 27 2 45 
0 0 0 32 2 1 86 15 0 20 0 2 0 3 4 0 1 1 1 0 2 1 15 2 11 0 1 4 0 0 4 2 1 0 0 1 1 1 6 0 0 0 2 0 0 2 2 0 5 0 0 12 7 0 1 6 10 9 112 9 2 3 0 0 
0 28 12 3 1 2 0 1 4 1 1 2 2 0 16 169 68 16 4 0 4 1 13 0 19 7 3 0 3 5 1 3 3 22 1 2 0 1 1 4 6 0 0 15 1 23 2 12 1 0 13 0 0 0 4 13 132 0 0 2 1 0 84 5 
0 0 2 19 3 14 18 13 1 1 1 2 0 2 0 2 0 4 8 0 1 3 0 1 1 0 201 5 10 32 0 1 7 2 0 4 1 9 1 0 2 1 13 3 3 7 1 2 1 0 10 9 6 92 1 6 2 1 6 14 2 0 20 6 
2 0 0 0 0 0 6 2 5 6 0 1 0 0 0 6 7 0 2 1 0 1 0 0 0 1 0 1 27 0 0 1 17 1 5 0 8 3 5 8 0 37 5 0 0 9 10 0 0 0 13 15 0 0 8 14 3 7 8 60 0 0 0 56 
1 1 4 0 23 0 5 0 5 207 1 6 5 0 0 46 25 0 25 4 28 9 3 0 1 3 35 2 2 1 1 0 1 7 0 4 1 7 4 8 1 3 1 3 55 0 8 0 1 0 41 0 0 35 1 2 1 0 1 0 0 0 3 0 
0 0 0 0 26 0 0 1 32 1 0 2 4 1 0 1 6 1 1 0 13 0 0 0 2 8 2 0 11 10 7 0 0 1 2 1 89 1 1 1 0 6 21 0 4 0 0 6 0 4 1 10 13 8 5 2 1 2 2 0 6 1 31 4 
1 5 1 3 0 0 11 4 87 5 1 0 0 7 11 4 0 1 1 2 3 7 0 12 0 2 4 1 1 0 1 16 0 1 1 3 1 2 0 10 0 1 1 0 0 0 0 0 8 8 2 6 1 0 2 0 0 0 1 0 4 1 1 1 
2 103 0 0 0 1 0 1 7 39 0 2 0 9 1 0 0 4 1 0 4 1 7 10 1 37 0 3 11 1 7 4 0 0 4 1 3 0 0 1 2 4 1 1 55 9 8 1 3 4 0 15 3 8 4 0 0 0 1 2 3 4 0 1 
8 2 0 2 1 4 4 5 0 1 0 1 2 1 1 0 24 0 1 0 5 2 0 4 49 0 4 0 5 0 0 2 0 0 0 3 7 0 0 1 1 0 2 6 2 0 1 0 0 23 2 1 0 9 0 0 0 5 0 3 2 0 2 2 
41 4 10 0 0 165 0 3 0 14 2 1 0 4 1 0 0 29 1 1 32 0 0 1 0 17 3 1 18 3 2 3 2 0 0 0 17 1 1 1 16 23 5 10 2 0 0 4 1 4 0 0 2 0 11 1 2 0 7 0 0 0 12 0 
1 0 29 11 8 0 1 33 4 1 3 33 3 1 0 0 6 0 9 0 6 2 0 0 2 3 0 3 0 7 1 0 0 1 2 0 0 1 42 0 1 0 2 0 0 2 1 3 1 0 4 0 32 5 1 1 1 1 20 0 0 20 0 4 
3 24 1 7 3 4 0 3 0 0 8 7 29 6 0 0 0 3 0 26 1 5 1 4 0 8 1 6 0 0 0 2 3 0 38 2 1 26 3 1 4 1 1 4 42 9 1 74 1 3 1 0 5 5 1 10 5 6 1 0 42 3 0 0 
0 1 3 1 1 1 1 3 10 0 0 17 1 6 7 1 3 2 1 10 0 3 40 4 5 1 1 0 0 3 1 0 3 2 1 12 2 0 0 0 4 0 2 6 5 0 1 2 29 0 21 0 4 0 0 1 4 6 0 16 1 10 1 9 
0 2 6 1 283 3 10 36 0 1 0 5 0 4 1 2 6 0 1 1 1 0 0 6 2 6 0 0 9 4 0 3 6 6 6 4 5 9 1 3 0 0 6 6 0 4 16 21 8 0 9 7 0 10 0 0 0 1 3 0 1 5 0 1 
4 7 1 1 0 6 1 26 0 1 1 0 97 0 7 2 2 1 2 3 1 0 1 0 6 1 0 0 4 0 12 0 4 18 0 8 11 0 2 4 40 6 1 4 2 1 18 3 1 0 11 1 2 1 0 0 32 0 0 28 31 0 1 0 
2 2 13 4 16 0 2 18 11 0 1 1 1 0 0 14 0 3 0 0 0 10 0 1 12 2 1 0 1 5 0 81 26 0 0 0 6 0 4 1 0 13 5 1 0 0 0 2 2 2 3 0 0 39 2 1 0 2 28 0 0 4 17 1 
1 0 2 1 2 1 12 0 5 0 21 1 0 1 10 2 3 0 3 1 0 0 7 2 1 0 0 3 0 8 1 0 12 1 0 4 1 6 0 1 4 0 0 0 0 7 0 1 0 2 0 0 0 3 0 2 49 1 1 8 2 5 1 3 
9 0 3 15 0 1 1 16 2 3 4 33 1 0 6 0 1 0 0 17 5 13 21 34 13 1 0 0 0 3 10 0 4 45 3 7 0 0 2 13 9 30 0 0 4 0 15 8 0 4 11 1 9 6 0 39 0 1 0 1 3 5 1 0 
0 0 0 2 5 2 3 39 5 19 0 2 0 1 1 2 0 2 0 1 0 1 78 0 1 0 2 1 4 1 23 0 10 0 0 3 1 0 1 1 3 10 8 7 0 6 1 4 3 30 3 0 1 5 7 0 28 0 2 2 2 0 2 1 
1 6 0 118 2 1 24 3 1 2 12 19 0 0 1 1 9 7 1 18 1 1 1 10 0 3 0 1 26 19 0 0 6 4 0 5 0 5 88 2 0 0 0 0 0 1 0 1 4 29 0 5 24 1 1 1 1 4 1 1 6 4 2 22 
0 3 0 0 0 0 21 6 1 2 6 0 0 26 3 0 0 14 4 2 10 12 1 2 0 0 0 0 1 12 1 9 9 11 5 3 2 0 1 3 33 1 123 0 20 3 3 1 0 23 0 186 7 0 12 0 1 0 1 1 1 1 0 17 
0 10 4 1 0 0 2 6 5 0 204 1 1 28 0 44 2 0 0 3 0 1 3 30 10 0 0 5 5 36 2 0 5 39 0 0 11 0 0 1 11 0 0 0 0 24 0 19 3 0 11 0 0 0 1 0 66 0 21 1 6 0 1 11 
1 1 2 0 4 0 1 4 0 1 8 18 2 0 25 8 0 0 0 8 1 2 0 11 1 0 1 2 1 0 18 8 2 0 7 2 0 18 0 0 3 3 0 7 8 0 10 0 0 0 1 0 0 1 11 6 1 7 34 1 5 6 17 1 
1 3 2 1 2 3 0 0 0 0 1 0 4 3 0 7 6 1 0 1 29 0 17 0 5 2 0 5 10 0 1 4 4 1 4 0 5 0 1 1 9 1 5 2 32 2 3 19 3 0 4 6 3 3 0 2 6 27 2 54 23 6 12 2 
4 6 0 0 0 0 3 0 1 0 0 1 0 15 9 1 0 2 0 70 0 0 4 0 1 8 2 2 1 22 0 1 5 3 14 3 7 2 0 0 32 1 1 4 0 4 0 1 1 0 0 0 1 0 2 1 0 5 0 3 2 1 0 4 
2 3 0 0 31 6 32 0 0 5 21 11 20 16 0 0 8 0 0 1 3 26 6 130 3 0 0 0 17 5 12 4 7 2 17 0 0 6 24 2 16 0 6 0 2 2 0 0 5 1 11 0 0 28 1 0 0 0 4 8 0 1 2 9 
0 5 1 76 0 2 5 22 14 0 0 4 0 1 0 2 1 5 1 0 9 0 44 0 7 0 0 1 0 5 11 1 3 3 3 1 3 8 29 49 1 1 2 1 11 1 0 0 0 0 1 6 0 1 4 9 1 0 2 2 0 2 0 14 
0 2 1 0 9 3 28 6 1 3 0 11 2 1 0 0 1 14 1 31 35 0 1 0 13 12 3 1 0 1 3 0 4 1 20 3 0 24 10 11 0 19 0 1 3 2 0 11 4 14 0 0 0 5 5 2 0 0 1 0 1 8 10 0 
2 2 7 0 4 1 11 2 5 4 1 25 10 4 1 15 0 1 1 0 8 0 3 0 6 4 14 0 31 7 0 2 0 8 2 17 1 0 0 0 2 1 2 10 3 1 2 1 14 17 2 0 1 1 0 0 0 23 0 1 11 0 17 0 
5 2 0 0 3 14 0 7 0 6 2 0 7 2 17 12 56 0 0 7 1 0 1 4 28 13 0 1 1 2 0 0 5 1 4 0 5 5 0 4 10 0 0 177 3 0 6 4 2 1 8 0 5 1 175 1 0 2 0 0 0 0 0 11 
0 0 1 4 2 3 12 1 0 13 4 6 0 0 0 0 29 6 0 0 0 4 6 0 1 4 1 7 10 2 0 38 1 1 2 0 0 3 5 9 1 61 4 42 6 1 1 11 1 2 0 60 0 7 9 2 0 1 1 20 0 1 8 1 
0 1 1 0 5 10 6 15 0 2 0 0 1 46 0 0 0 2 0 0 1 1 31 0 3 1 0 84 2 33 4 2 8 1 0 0 0 2 0 0 2 1 42 0 5 4 5 0 0 0 1 0 0 0 1 1 0 1 1 0 2 1 13 0 
2 9 1 0 3 5 0 1 12 8 2 3 1 0 10 58 0 0 3 0 8 0 0 0 7 20 0 1 0 10 7 8 3 0 6 2 12 3 0 2 2 8 0 0 1 4 4 16 0 0 0 0 1 0 1 0 3 1 2 1 5 6 2 0 
3 5 2 0 2 0 2 0 0 0 0 28 1 0 1 2 114 1 1 0 1 0 4 0 6 3 0 4 1 2 10 0 0 0 2 0 5 14 3 1 0 14 0 2 0 0 0 4 4 0 9 1 27 6 3 3 8 1 2 1 11 0 1 6 
1 14 0 0 1 3 1 21 2 0 8 2 1 11 65 0 2 0 0 0 4 2 0 1 1 5 0 2 0 0 0 15 0 0 0 11 1 1 0 1 0 2 0 1 40 0 1 8 56 8 3 0 6 16 11 4 3 0 5 1 13 14 1 0 
0 17 1 1 0 33 2 0 9 0 1 5 2 0 1 2 0 2 1 1 1 3 1 5 0 2 3 1 1 0 133 26 6 7 32 172 0 3 0 4 14 0 13 0 0 3 4 0 0 0 222 4 2 0 0 4 22 4 1 16 85 10 31 1 
0 0 2 2 5 4 0 0 120 0 1 4 4 7 0 13 1 22 19 9 4 1 0 0 0 0 0 0 17 9 1 18 3 1 0 10 2 2 0 0 0 3 0 0 6 0 3 1 2 5 0 9 0 24 0 1 1 1 6 0 7 1 1 1 
1 2 0 0 1 1 1 0 3 3 0 21 0 0 3 3 19 11 15 5 4 0 0 2 2 0 1 0 2 1 0 1 4 1 0 3 0 0 20 14 0 0 0 1 2 5 64 0 10 0 1 27 1 12 1 6 1 1 0 0 0 0 1 0 
1 8 54 16 4 6 14 1 0 0 1 2 5 3 1 13 2 10 7 4 462 0 0 16 7 2 7 0 6 2 0 15 3 0 255 9 0 1 0 0 0 0 0 13 5 0 0 49 1 0 4 0 0 2 2 0 5 8 0 8 1 0 0 24 
1 0 1 15 2 0 0 0 3 2 3 2 1 1 2 4 2 20 1 0 0 9 21 34 3 0 2 0 8 1 2 10 1 1 1 0 0 1 34 0 0 1 0 2 1 0 2 11 4 1 21 1 3 3 0 1 6 1 4 0 0 32 1 1 
0 5 1 1 1 2 6 3 0 13 1 1 11 2 1 6 4 0 13 4 2 8 0 8 13 0 4 0 0 4 0 1 14 3 6 0 0 1 1 0 8 1 1 2 62 0 2 4 55 0 6 1 6 0 1 0 7 1 1 8 0 2 0 26 
4 25 1 25 14 7 1 14 9 1 12 1 3 5 3 0 3 0 1 9 2 0 2 0 1 3 1 1 0 23 2 0 2 55 2 0 1 1 0 2 2 0 0 0 5 1 0 63 3 14 0 0 0 7 0 0 0 1 1 10 2 0 5 0 
0 1 0 5 8 84 26 0 6 0 2 26 8 0 33 2 0 1 0 1 0 1 0 0 43 4 3 5 2 1 1 1 8 7 1 0 0 0 0 0 11 26 1 4 0 0 1 0 1 5 0 6 8 1 0 70 1 0 1 0 1 3 4 0 
0 9 0 4 1 6 0 0 1 3 0 14 13 0 46 12 0 5 3 0 0 2 3 11 3 0 3 6 4 2 0 0 12 0 4 8 1 7 4 191 0 15 0 1 1 0 5 1 38 0 0 11 9 0 0 0 1 0 27 19 6 0 1 0 
1 0 2 2 11 2 49 21 4 0 54 0 0 0 2 9 0 15 1 0 26 1 0 5 2 3 1 0 6 0 0 0 0 0 4 6 11 4 1 0 2 114 1 1 3 0 0 4 0 1 7 0 0 0 1 2 1 7 2 0 0 2 0 0 
0 434 2 5 1 3 5 0 22 2 1 0 1 1 1 5 1 0 2 4 15 0 3 2 2 0 0 13 0 5 7 1 1 2 0 0 0 1 0 1 0 0 0 0 1 0 13 0 1 0 4 1 28 0 0 0 0 0 2 3 0 0 15 16 
2 6 0 5 6 0 0 10 41 1 0 9 17 0 3 14 0 9 0 4 8 6 1 2 3 2 5 1 7 0 0 0 3 6 1 0 0 14 0 0 2 0 11 1 0 6 0 4 0 6 3 48 0 0 0 3 91 9 0 2 6 4 0 1 
6 6 4 1 1 12 1 1 6 5 0 0 9 6 5 1 1 0 3 1 0 22 0 0 0 6 68 3 0 0 5 1 1 2 0 8 0 0 1 0 0 1 2 0 1 19 1 4 1 100 0 7 2 6 8 190 4 0 2 0 10 10 1 0 
17 1 0 1 0 16 7 0 1 0 0 4 0 3 0 1 0 5 2 0 4 5 6 0 1 0 0 6 0 0 0 9 22 19 2 0 30 3 3 4 9 2 1 0 116 1 2 5 19 0 3 0 0 1 1 0 6 0 0 2 3 1 5 0 
0 2 0 0 6 0 4 0 1 0 2 4 13 2 0 0 1 2 169 1 0 0 2 1 1 23 1 1 0 8 2 2 4 5 2 0 1 50 1 1 16 17 2 1 112 2 7 0 1 200 1 35 0 1 0 1 2 9 1 3 0 14 7 2 
0 0 3 0 13 0 3 0 0 2 0 0 2 8 9 32 0 0 16 1 24 1 7 27 28 0 1 49 0 0 1 7 2 2 0 0 0 3 23 3 0 1 77 5 0 0 1 2 5 0 1 8 3 0 0 0 3 11 9 6 4 7 0 0 
0 2 0 1 3 1 18 1 24 41 0 3 0 0 0 0 1 0 2 1 5 0 7 6 228 0 8 2 0 3 1 0 11 0 1 2 25 2 22 1 7 0 0 4 3 0 8 7 1 4 9 1 0 11 1 25 13 2 1 1 0 3 399 4 
12 1 6 6 1 0 7 0 0 5 16 7 16 0 0 0 1 0 1 0 0 6 1 4 0 1 8 2 0 89 0 3 0 2 27 1 0 6 3 1 2 0 0 7 7 0 1 8 3 0 2 0 27 0 1 0 0 1 0 6 0 1 1 19 
0 2 2 0 6 1 0 0 1 2 5 4 2 1 0 0 0 0 5 10 27 0 13 7 9 0 3 13 7 0 5 81 52 0 5 11 22 2 0 3 2 0 2 33 29 1 2 1 4 0 0 2 3 4 1 6 1 1 0 0 12 12 0 1 
0 5 11 0 33 28 0 0 1 3 2 0 1 0 29 0 3 4 44 2 22 0 21 0 8 1 0 15 5 3 1 3 1 1 14 1 3 0 16 7 2 0 0 0 99 3 2 2 4 11 1 0 1 12 0 2 0 3 0 7 0 1 0 12 
4 4 3 2 0 1 1 1 17 1 0 0 14 1 5 4 27 1 44 5 1 19 0 5 0 0 0 0 42 8 2 1 0 12 0 15 3 0 9 0 12 2 1 5 2 1 1 1 5 0 7 1 1 0 3 22 0 1 0 2 20 29 0 1 
4 0 3 0 1 0 4 0 0 1 0 0 0 14 0 0 1 5 10 5 0 3 7 14 3 26 1 0 0 0 0 62 1 3 88 38 1 0 0 3 0 1 2 12 0 9 1 2 23 9 1 1 9 0 5 0 0 15 0 4 1 1 0 79 
0 55 2 5 0 2 1 33 12 3 0 5 0 8 7 3 19 3 0 4 224 6 9 1 1 14 5 3 1 3 1 0 0 1 5 71 3 0 0 4 0 0 1584 0 2 0 1 1 3 1 1 6 3 8 1 0 1 1 2 4 5 0 1 1 
0 7 5 0 1 3 0 0 1 0 1 0 1 2 0 0 1 1 1 1 12 20 1 0 2 0 34 6 1 8 2 13 0 2 0 0 0 2 1 0 0 0 1 5 2 4 1 1 128 1 0 1 0 26 1 0 0 12 27 49 1 8 12 0 
8 2 0 0 0 3 3 1 0 11 7 2 4 1 1 1 0 1 0 7 9 1 0 0 32 10 0 3 2 0 0 0 23 3 0 3 1 0 6 4 0 1 8 0 3 6 5 1 0 1 128 0 4 10 4 3 2 2 2 2 0 3 8 1 
23 1 0 17 2 2 8 1 10 0 1 0 0 2 1 11 0 0 0 10 0 0 0 1 1 9 8 1 1 1 1 8 0 0 0 3 1 31 4 1 0 0 0 0 0 0 2 1 0 0 1 4 3 0 5 9 0 0 17 1 0 32 5 10 
372 0 0 1 1 16 19 29 0 0 11 0 9 0 0 0 1 0 1 0 1 0 0 2 0 0 1 0 10 0 2 0 0 0 6 33 1 10 19 0 15 0 1 10 1 3 0 0 13 3 4 4 7 1 0 6 0 2 4 5 9 1450 23 3 
0 9 2 6 9 0 21 3 0 16 0 1 0 97 1 6 0 1 8 1 8 1 1 1 61 0 0 1 0 3 9 0 0 0 2 1 4 10 1 1 2 1 6 0 1 2 6 25 3 2 0 2 0 16 18 1 5 1 4 1 1 8 9 7 
3 7 0 6 31 1 4 162 1 1 1 0 0 1 1 2 3 21 6 0 0 1 0 1 5 4 0 3 6 0 8 0 21 211 0 0 1 0 5 1 31 1 4 1 0 4 0 0 0 1 0 0 9 0 0 19 0 0 9 1 27 1 13 4 
0 5 3 0 7 5 0 1 7 0 0 0 2 0 0 0 1 2 15 0 0 0 3 198 145 3 3 0 1 1 3 5 0 0 2 1 0 4 2 0 1 8 0 5 10 1 124 7 0 1 0 0 4 18 6 0 0 8 81 2 0 1 28 2 
0 0 8 10 13 2 11 9 2 1 1 1 0 3 1 10 2 5 0 4 0 2 1 0 25 3 1 14 2 1 0 0 12 14 2 3 1 29 1 0 25 1 0 33 14 1 1 9 20 1 1 5 8 1 4 1 3 0 1 0 2 2 0 0 
11 2 1 2 3 1 3 2 3 2 3 2 0 1 1 2 5 0 0 0 3 1 0 29 1 22 0 0 14 3 0 15 0 22 0 1 6 2 2 0 17 0 2 10 1 3 1 0 1 1 0 13 4 1 0 0 10 2 0 1 14 0 0 18 
13 1 1 1 5 1 0 6 0 0 2 19 6 6 1 3 2 0 6 12 0 1 1 40 8 3 2 0 1 0 3 0 28 11 1 2 1 18 2 0 6 2 0 0 1 0 0 32 0 9 2 10 0 3 2 5 3 11 0 137 0 1 1 1 
0 1 0 0 1 0 0 11 1 0 6 2 8 1 2 0 1 1 0 0 1 0 0 0 36 0 0 38 1 4 0 0 14 64 0 18 1 2 24 24 4 4 1 0 0 1 0 0 1 0 0 7 0 1 0 1 4 4 23 0 27 1 0 1 
1 1 7 18 0 0 21 0 3 8 52 1 0 0 1 50 0 2 0 3 3 0 7 3 0 2 19 10 0 9 10 11 0 0 0 0 1 0 23 0 12 2 5 0 17 0 1 4 5 0 8 6 1 0 5 0 0 6 1 14 1 4 67 6 
0 0 13 1 109 1 1 1 0 0 2 0 1 0 6 0 2 3 0 2 1 0 3 8 1 50 6 59 12 14 3 6 2 3 0 4 1 14 0 3 11 1 14 0 2 8 2 0 30 0 23 11 1 1 8 1 2 2 4 52 8 2 1 5 
0 13 0 4 0 15 0 3 0 2 1 1 0 1 0 0 0 0 3 0 1 2 47 0 2 0 0 5 3 0 0 0 0 3 0 0 0 4 32 1 3 3 2 4 0 0 1 1 2 1 2 3 1 45 0 0 2 0 55 2 2 8 10 0 
2 3 0 0 0 1 1 2 0 7 10 18 3 0 35 0 0 7 2 0 0 8 0 4 12 0 17 0 8 1 1 10 0 0 0 9 0 0 0 0 1 8 2 1 2 18 2 1 8 0 8 6 6 3 0 3 4 0 16 4 0 13 1 3 
2 1 3 3 83 8 11 4 0 1 5 1 18 1 0 0 23 0 0 0 1 0 0 0 0 0 0 1 20 30 0 1 0 2 0 8 1 0 1 0 1 5 2 0 0 0 6 26 1 0 0 0 2 7 0 6 47 2 0 5 5 0 0 12 
3 2 16 7 1 6 0 0 2 1 37 0 14 8 0 2 0 10 0 6 0 1 6 3 5 3 0 17 2 13 1 0 3 0 29 2 10 2 0 3 0 0 0 1 1 0 11 0 3 2 20 0 1 5 14 0 0 2 5 6 7 7 1 73 
2 6 2 0 0 0 23 1 0 0 8 0 2 0 11 1 1 0 0 2 1 2 0 1 3 1 0 0 1 0 0 0 2 3 2 0 0 2 2 0 1 0 0 0 0 0 0 2 1 0 7 7 12 10 0 1 1 1 1 2 30 6 0 0 
2 4 2 1 22 0 30 30 140 1 0 2 0 1 1 1 2 0 0 0 4 20 0 20 5 0 0 3 1 0 0 3 9 1 3 0 0 18 4 2 6 0 3 0 2 7 1 9 13 2 2 3 17 2 0 0 1 1 0 96 4 4 6 11 
0 1 17 0 1 16 1 12 0 1 0 0 4 0 0 0 0 0 1 1 3 1 1 0 2 0 4 1 1 0 33 0 3 37 10 0 0 2 0 0 0 0 1 1 0 0 9 1 96 2 0 0 1 0 1 1 0 1 5 1 5 8 3 0 
2 6 25 0 0 4 0 3 0 3 2 1 0 0 0 0 5 5 1 1 3 0 79 15 3 0 0 1 4 0 1 22 2 1 3 2 97 1 21 6 3 2 3 3 16 0 0 1 49 1 1 114 8 9 0 2 44 0 5 0 3 13 1 10 
0 2 0 7 1 1 0 3 2 2 10 0 2 7 0 0 1 1 6 1 1 0 0 0 1 0 1 2 2 25 1 0 0 0 4 24 86 0 0 0 6 15 0 0 2 0 6 0 0 1 5 3 0 0 1 0 1 1 1 1 0 1 0 0 
2 6 26 0 0 0 2 75 4 3 1 6 16 5 3 5 0 13 1 12 48 9 6 0 0 19 3 0 9 30 9 1 2 4 0 1 0 1 1 48 1 12 1 2 1 0 0 0 243 14 10 0 0 1 0 8 0 6 2 29 1 0 1 9 
3 1 10 8 1 2 77 1 9 1 6 6 0 1 10 0 5 0 24 9 0 3 0 3 1 2 1 18 1 1 10 2 3 6 0 6 1 2 7 363 1 0 1 1 0 14 0 0 0 0 0 0 3 0 2 16 1 3 4 1 20 0 0 40 
1 5 4 0 1 0 13 5 0 0 5 31 13 2 1 3 7 54 14 0 1 7 3 0 0 1 5 1 7 0 24 0 0 3 1 0 5 0 2 5 0 4 0 3 0 2 0 0 0 0 1 0 3 2 0 22 0 3 4 1 0 4 0 0 
1 21 2 1 1 9 2 0 12 5 0 2 1 1 114 6 0 34 17 0 0 0 0 0 1 0 2 1 0 2 0 0 0 1 5 28 0 0 0 82 2 14 65 1 2 0 0 3 0 4 5 2 6 1 0 0 0 0 0 1 6 1 8 0 
2 0 3 1 25 0 10 0 1 0 16 1 15 8 0 0 0 0 6 4 1 0 15 0 16 1 0 3 0 30 0 0 0 0 2 18 1 1 1 9 0 15 1 1 35 2 3 8 2 13 13 0 2 26 1 1 3 0 26 3 1 1 0 0 
0 2 0 13 257 1 3 10 0 6 0 1 11 0 8 2 2 1 153 17 6 3 1 9 3 3 5 2 18 3 0 0 258 0 0 1 1 0 6 1 1 4 2 4 148 0 0 67 0 1 1 6 0 0 0 5 3 1 6 3 4 3 0 0 
0 0 0 1 3 1 1 10 3 1 1 4 2 1 0 1 189 1 0 0 1 0 1 2 0 0 439 32 6 4 1 0 1 0 0 2 0 1 17 0 0 12 0 0 7 1 6 3 1 10 0 1 1 1 0 6 0 3 1 0 76 1 3 37 
97 1 1 0 3 1 1 5 11 15 1 7 1 7 0 1 0 1 0 12 1 0 3 3 11 1 0 5 3 1 1 35 0 0 5 1 0 0 5 7 6 1 5 6 2 0 34 49 7 0 0 2 4 8 27 0 0 30 0 0 0 3 23 6 
0 44 2 0 3 0 5 3 27 0 1 0 13 1 0 0 1 3 0 19 2 0 4 2 0 6 0 1 2 1 3 9 5 21 0 1 5 9 3 3 0 21 9 22 4 0 0 4 9 0 2 0 2 3 0 1 0 1 2 25 7 0 2 53 
5 1 0 5 4 3 4 3 1 0 2 3 0 25 3 0 4 2 1 1 40 0 1 2 0 0 1 0 11 0 18 0 0 2 10 2 27 16 35 3 1 14 1 9 0 0 0 0 0 5 11 0 0 0 0 1 0 3 2 1 2 5 0 3 
1 1 7 0 0 29 1 1 0 0 3 0 4 1 13 3 0 0 2 6 1 0 0 0 4 13 0 0 1 1 2 1 0 1 0 15 0 0 1 4 12 0 13 0 0 0 11 27 10 0 1 0 1 10 31 0 7 18 0 2 26 1 0 14 
0 3 1 7 0 0 11 0 0 0 1 18 0 7 0 9 144 16 5 1 0 1 0 0 3 0 0 6 1 4 0 5 1 0 1 5 7 0 2 4 12 0 0 0 7 77 1 1 0 11 84 0 0 0 11 1 0 0 5 1 1 1 94 2 
0 0 0 10 0 0 2 10 16 7 0 2 1 12 0 4 33 6 0 0 2 4 0 2 1 1 1 1 0 3 34 9 2 1 13 1 2 3 12 0 2 6 1 2 0 1 23 2 1 5 3 15 3 1 0 16 2 0 1 6 0 0 0 0 
4 1 0 5 3 0 0 0 1 2 0 10 3 2 0 5 2 0 0 1 0 1 0 0 0 53 0 1 16 29 0 0 6 2 1 25 2 1 0 11 1 54 0 7 10 2 0 4 1 21 2 0 3 0 3 8 1 8 28 1 3 0 45 0 
0 0 8 5 5 0 0 116 5 1 4 9 0 0 0 0 1 8 3 1 1 4 150 1 3 2 1 0 1 0 2 13 4 0 0 14 0 6 0 3 0 0 5 1 3 0 21 5 0 4 22 9 1 1 2 6 4 1 0 3 101 0 4 1 
27 0 31 0 5 0 1 1 0 5 0 4 2 11 20 4 0 17 1 1 26 4 5 2 0 10 10 1 1 1 2 5 28 2 2 3 0 26 2 3 0 2 0 1 0 5 0 7 5 0 0 0 16 0 0 1 58 4 2 10 2 6 1 3 
14 1 0 5 4 1 0 3 1 0 0 1 0 1 3 0 6 0 37 0 15 9 6 0 4 0 0 6 0 0 10 0 0 22 8 5 1 7 0 6 0 6 0 3 0 1 0 1 1 20 1 0 0 0 0 22 3 3 8 7 7 0 103 14 
1 0 0 1 0 1 1 4 0 4 3 0 54 1 0 0 0 5 2 6 1 0 1 1 2 8 1 1 7 0 0 20 0 56 0 0 12 7 0 0 1 3 4 10 9 2 7 0 0 5 8 9 2 3 0 0 1 3 3 20 1 5 1 10 
159 0 2 2 0 1 8 0 5 3 8 3 9 0 7 0 0 25 1 1 1 1 22 5 1 9 2 0 5 0 0 3 7 0 0 0 2 2 4 1 2 0 1 5 2 1 1 1 41 0 19 4 1 0 0 12 0 4 2 1 12 3 1 1 
0 0 0 0 1 0 1 22 0 0 0 0 3 0 0 1 0 1 0 0 3 4 0 5 0 2 0 0 6 29 0 0 2 3 1 2 0 3 0 4 0 1 0 0 3 0 17 0 0 469 58 0 8 2 0 6 0 0 0 1 0 1 2 0 
6 11 87 0 7 5 7 1 1 3 1 0 0 19 4 0 9 0 9 4 3 4 1 0 9 1 0 0 8 0 0 27 25 0 1 0 0 2 4 5 0 40 0 0 0 1 0 0 11 1 17 0 3 7 4 0 2 53 0 1 1 0 0 4 
2 11 34 88 15 0 4 9 0 3 4 37 6 40 1 19 0 22 12 2 8 11 1 0 1 1 3 2 0 0 0 0 14 2 4 1 13 2 1 1 1 1 0 0 2 0 9 2 3 1 6 0 2 1 9 1 22 13 3 20 0 2 0 0 
3 2 1 0 0 0 7 5 13 0 5 0 5 13 1 3 5 0 0 0 2 2 0 1 0 0 0 93 0 3 39 0 13 2 2 1 0 5 14 0 0 0 0 0 15 0 0 6 0 1 20 34 0 0 0 0 5 0 2 0 0 0 4 0 
84 1 2 1 6 7 0 4 2 9 0 34 9 5 10 31 6 6 1 0 10 36 5 26 1 1 0 1 0 11 40 3 37 0 0 7 2 5 0 4 0 0 1 0 0 2 4 8 7 2 2 0 3 0 0 7 0 0 1 0 2 0 8 0 
0 8 0 12 1 2 1 0 2 1 1 1 0 0 0 0 0 19 5 7 8 13 0 2 0 4 0 0 3 0 1 17 9 0 4 1 2 3 44 0 7 1 0 0 3 6 1 12 13 5 0 0 2 1 10 0 26 0 2 30 198 3 0 0 
3 0 0 24 0 2 0 2 1 0 18 0 2 4 1 0 0 0 1 6 1 0 1 1 0 6 1 0 2 4 0 0 1 0 0 3 0 0 18 19 21 1 1 4 2 4 0 0 0 26 0 4 9 6 1 0 2 21 1 26 25 2 31 13 
8 1 6 2 0 3 2 1 3 4 0 30 2 0 9 0 0 1 0 2 15 1 1 1 0 1 0 4 1 2 14 2 1 6 14 0 2 1 0 3 2 0 1 1 5 16 0 1 0 2 1 6 0 0 8 8 0 0 0 1 1 1 1 244 
11 0 1 0 12 0 3 0 2 2 10 2 4 0 0 3 0 12 1 1 1 1 0 1 2 6 7 287 12 0 21 2 0 66 8 0 3 5 0 1 2 0 12 3 13 28 0 2 22 0 1 31 7 11 3 7 0 0 7 0 0 2 13 9 
1 42 3 37 0 1 0 1 28 8 0 30 0 0 0 3 11 0 2 1 2 1 71 0 2 5 6 4 3 0 1 1 3 0 1 12 2 0 8 6 0 3 6 4 18 0 4 0 98 0 0 0 8 2 1 3 2 2 1 0 3 3 1 1 
0 0 0 0 0 0 0 0 0 1 8 4 1 0 19 1 14 0 0 6 0 0 0 0 2 4 0 1 8 0 5 0 4 2 1 0 0 24 8 5 2 1 0 0 1 9 0 3 6 3 1 2 6 4 14 7 0 15 82 1 0 2 0 0 
0 0 0 15 1 2 0 12 5 6 10 0 1 3 4 1 18 1 2 9 5 5 0 1 0 6 31 1 0 0 0 6 21 0 4 2 3 13 0 0 2 0 0 5 0 1 2 0 2 25 7 0 0 1 2 1 0 0 3 5 2 2 0 0 
1 1 6 0 1 0 0 0 0 6 3 24 4 1 0 1 5 0 2 0 4 3 0 1 0 1 0 0 1 1 6 11 0 1 4 6 1 0 0 22 0 1 3 1 0 6 2 4 1 1 0 35 6 1 2 0 0 3 6 0 2 0 1 0 
9 2 0 13 0 1 28 6 2 1 15 1 2 1 0 1 4 2 3 197 3 0 1 14 0 1 0 2 1 2 2 19 46 0 4 0 8 0 0 11 1 100 2 0 0 4 2 2 8 1 8 1 8 8 0 1 23 6 12 0 0 1 2 4 
8 1 1 0 1 2 2 1 0 1 4 2 6 14 0 1 45 0 2 0 1 0 0 1 1 0 0 0 0 7 1 1 0 1 2 4 0 1 9 10 1 8 0 1 0 35 9 4 44 2 0 0 0 0 0 9 24 0 1 0 1 4 2 16 
19 12 0 6 0 10 0 0 11 3 0 234 0 1 24 3 1 1 0 0 7 2 1 3 11 1 3 65 0 94 1 0 2 7 1 1 0 9 8 3 9 0 5 3 0 4 0 0 3 3 5 1 0 1 0 0 3 0 8 1 0 9 7 3 
1 0 2 1 0 6 3 7 10 6 0 2 2 0 0 11 3 43 0 9 0 9 1 28 47 0 10 7 1 0 1 0 0 0 10 4 4 14 0 0 1 4 1 6 1 5 23 4 4 15 0 0 6 6 1 0 4 1 0 0 0 0 28 1 
0 2 7 10 1 2 1 1 32 20 1 1 4 1 0 3 2 1 16 0 1 4 1 4 1 2 5 2 0 0 0 1 6 23 2 42 2 5 2 123 1 0 5 2 9 50 0 0 1 5 0 5 6 74 0 0 1 3 7 2 15 0 0 7 
0 2 1 2 1 7 1 2 1 1 45 0 1 0 74 6 0 8 2 0 14 6 0 9 8 7 4 1 0 0 0 21 2 0 0 0 4 0 17 0 17 6 2 2 6 0 1 0 0 1 0 10 9 0 0 0 10 0 0 0 0 0 1 0 
2 1 0 0 1 3 0 0 1 1 8 2 3 0 1 2 13 2 0 2 0 2 1 0 111 0 2 0 1 16 7 12 0 0 0 0 6 0 4 3 1 1 2 0 1 5 140 0 12 4 0 1 2 0 0 0 8 12 2 1 2 1 2 2 
2 0 37 0 1 1 3 0 214 3 0 7 1 0 0 0 0 2 1 5 1 0 8 0 9 2 0 0 2 14 0 4 0 0 0 24 2 6 25 0 1 9 0 0 3 0 0 0 16 1 0 1 5 8 0 7 0 0 9 30 0 0 12 0 
0 2 15 5 22 1 0 1 0 4 6 11 5 1 13 1 2 7 1 1 31 2 4 5 19 2 4 44 1 0 1 7 0 3 0 1 0 0 6 18 0 8 0 34 0 12 8 1 3 1 6 0 1 2 4 1 0 1 0 0 16 0 55 0 
6 1 8 0 6 7 3 0 2 0 218 1 20 2 19 19 1 12 2 4 12 0 3 4 7 1 2 0 0 1 4 7 2 112 1 19 0 1 0 28 0 0 10 1 0 1 1 0 3 1 1 6 0 4 1 0 0 13 2 7 2 3 0 0 
1 3 2 0 0 16 1 0 1 52 17 0 8 0 2 394 44 3 0 36 6 26 12 0 1 0 1 0 0 95 47 1 17 1 2 0 6 0 5 8 2 1 27 0 2 3 0 0 1 8 19 2 1 14 1 8 1 1 0 0 14 0 1 6 
2 1 15 1 5 34 2 3 1 2 42 5 12 0 5 1 18 13 1 0 0 1 15 2 2 2 0 8 11 0 2 4 0 1 0 4 1 1 1 1 8 3 11 0 2 32 11 36 0 0 6 0 1 0 0 1 42 0 2 0 9 1 0 6 
0 1 0 0 235 17 12 0 6 7 7 7 1 48 2 0 0 0 4 1 11 0 3 1 1 2 1 1 1 12 5 3 1 0 8 3 5 2 0 1 2 0 7 1 0 21 23 1 6 0 1 7 1 15 0 1 1 3 117 50 6 10 0 2 
0 6 103 0 0 0 0 1 2 0 0 5 1 0 48 8 4 0 7 5 0 6 5 0 5 16 2 0 6 10 1 0 1 0 2 5 4 3 1 1 1 0 1 0 0 0 0 15 0 0 68 2 5 0 2 3 1 0 9 0 8 1 204 0 
30 0 6 3 1 1 0 11 1 4 0 0 0 0 0 0 0 5 4 0 0 13 0 5 0 6 1 15 0 1 0 0 1 1 0 0 19 28 3 0 1 0 0 35 52 2 1 1 0 1 0 3 1 0 0 0 1 9 2 1 1 3 0 2 
1 0 0 6 0 9 10 0 2 7 1 2 0 0 0 3 40 26 1 25 0 10 20 0 1 0 19 19 0 1 0 2 0 0 7 1 8 0 6 1 11 1 0 6 1 2 2 2 1 1 26 0 5 0 2 13 10 0 5 1 0 146 0 62 
5 0 3 0 0 1 0 0 2 0 0 1 0 0 0 0 11 3 12 4 0 0 0 0 0 1 2 1 2 7 0 3 2 2 3 0 13 9 2 6 18 0 0 8 5 1 0 1 1 0 14 0 254 1 6 0 2 0 5 2 1 8 0 7 
0 16 0 1 7 0 0 3 23 0 0 0 0 20 8 1 12 0 3 2 3 3 0 0 1 17 16 1 2 5 18 3 0 7 14 0 20 0 70 0 0 0 6 1 15 0 0 1 17 0 3 2 2 0 1 0 16 0 9 16 3 1 0 0 
0 2 0 5 1 1 6 0 0 1 0 14 0 0 3 6 11 0 0 0 13 0 0 11 0 9 0 0 0 5 5 4 0 2 4 0 2 0 1 4 1 3 4 0 0 4 0 94 15 11 7 26 0 4 0 0 1 0 17 0 0 0 0 2 
3 413 0 0 3 2 8 5 0 25 1 0 1 2 0 0 13 0 1 1 2 4 7 7 1 7 122 9 0 5 5 4 29 1 0 14 4 1 2 0 1 0 0 3 1 1 16 1 4 3 1 0 9 1 1 18 26 6 27 2 7 1 6 1 
8 6 0 1 1 4 2 0 1 0 1 58 56 0 0 7 4 1 0 0 26 9 193 0 2 3 34 1 2 3 0 2 1 0 10 7 22 88 3 1 0 3 1 1 4 0 9 0 118 14 13 2 0 0 2 6 42 2 0 0 3 3 3 0 
2 0 0 9 2 0 49 1 2 0 2 2 24 2 0 0 1 0 42 130 1 0 1 4 0 0 1 1 0 0 0 0 0 1 14 0 0 9 18 40 1 1 1 5 3 2 1 0 26 3 1 6 0 3 0 5 6 5 0 2 0 1 1 3 
0 0 3 0 6 0 0 9 9 2 59 0 1 1 2 0 1 13 1 10 4 0 2 7 0 1 0 1 4 0 0 2 7 2 0 3 8 1 0 0 0 0 0 0 7 22 0 0 0 2 14 0 0 1 0 24 0 14 0 3 0 0 0 3 
0 0 1 1 1 4 7 15 5 7 1 1 10 0 2 1 21 0 0 0 7 0 9 1 1 1 2 45 9 1 1 0 3 15 9 19 11 1 97 57 0 12 0 2 1 0 2 0 0 2 0 0 0 2 3 1 5 12 13 2 76 0 1 0 
6 6 1 0 11 1 11 84 11 3 0 1 0 2 0 8 1 1 1 5 23 4 3 1 2 0 4 1 4 0 40 1 3 0 1 0 5 1 4 4 1 32 1 10 0 3 0 8 0 2 1 0 69 0 25 22 0 3 5 2 1 14 228 0 
1 8 2 29 1 5 0 58 0 1 0 22 30 0 3 2 0 25 0 0 6 39 1 0 4 1 0 0 3 6 4 2 5 100 13 4 142 1 1 0 0 1 0 22 1 0 0 7 42 0 1 2 7 2 0 1 0 0 0 0 2 0 1 0 
0 2 0 19 7 89 5 2 4 0 1 2 1 0 2 17 2 13 74 0 0 2 3 1 0 0 7 0 0 1 0 1 50 4 5 47 2 6 9 0 32 0 0 7 6 2 1 1 1 85 1 6 1 1 5 0 0 8 31 0 2 1 2 27 
9 4 7 1 92 5 45 3 0 1 0 341 1 3 8 2 8 1 8 2 0 2 5 7 0 0 21 0 1 3 2 84 7 0 7 27 1 0 1 4 6 0 6 0 40 0 2 6 1 1 1 2 32 10 2 2 32 0 7 5 6 0 4 2 
1 1 1 7 8 0 1 2 1 0 1 3 0 2 0 44 10 0 20 1 2 0 3 0 0 0 2 21 1 5 0 0 1 0 2 1 0 1 2 0 11 7 0 1 3 5 2 1 0 2 0 0 4 2 3 7 1 3 1 0 115 1 4 0 
0 1 0 2 4 9 7 0 1 10 15 1 1 1 0 0 1 0 1 2 1 0 1 0 9 7 1 0 3 0 9 14 15 1 0 2 2 1 10 1 0 0 23 1 0 1 0 1 10 0 2 19 10 3 1 29 1 19 2 5 0 2 8 0 
0 0 0 1 1 0 1 2 2 0 0 0 1 0 0 1 0 0 6 1 141 0 1 0 1 0 3 14 1 0 2 11 1 0 0 5 4 55 2 90 0 3 1 5 11 4 0 37 3 1 6 0 21 2 1 6 1 0 6 5 6 1 16 1 
7 24 19 19 3 2 1 1 40 1 0 14 3 2 3 9 32 6 17 6 1 1 1 0 0 0 6 3 6 0 26 0 6 4 0 18 11 0 0 12 0 4 7 1 1 3 18 6 1 7 2 2 1 2 2 5 0 0 14 5 22 0 1 2 
2 0 7 1 1 6 2 5 5 4 0 4 2 2 0 3 6 1 0 11 2 5 2 2 1 0 6 2 13 1 32 0 0 25 2 6 21 6 0 35 7 16 1 0 0 0 1 2 5 3 0 1 1 2 34 0 7 1 3 0 0 3 1 7 
1 4 0 0 6 0 1 1 2 1 2 0 1 0 1 3 1 0 2 0 1 9 2 2 0 4 3 0 0 1 2 0 5 3 1 1 5 1 10 0 38 0 0 0 2 42 0 0 25 3 2 10 11 0 10 0 3 4 0 9 0 21 1 37 
16 0 8 3 22 2 3 1 0 8 8 7 13 66 42 2 1 7 2 3 9 4 0 0 8 9 2 0 3 1 13 45 1 42 0 3 0 9 3 6 0 0 0 1 1 0 0 2 0 30 4 6 1 0 6 1 1 1 3 5 11 0 1 1 
1 0 0 2 4 2 0 2 7 6 0 1 0 4 0 2 0 0 0 9 3 11 3 4 58 2 0 0 2 1 0 1 0 1 8 0 3 2 5 1 6 5 1 5 0 66 0 13 0 1 11 0 2 14 0 34 1 0 5 4 16 0 1 1 
17 12 2 1 0 0 2 26 1 9 4 2 1 1 73 8 36 3 11 0 0 0 1 1 7 2 0 2 1 2 1 78 4 13 7 0 7 2 2 0 7 0 2 1 8 1 0 5 2 0 2 0 19 0 1 0 4 20 0 0 0 8 0 0 
0 3 0 5 6 0 0 0 0 18 4 0 0 9 0 1 0 3 0 1 0 0 1 3 0 1 6 6 6 6 264 25 16 0 1 5 1 1 0 0 15 9 1 2 2 8 7 0 5 2 2 10 26 1 10 2 3 37 2 1 9 11 11 2 
9 14 1 9 1 0 4 2 1 0 15 4 0 0 1 0 11 1 0 0 2 0 0 2 0 1 3 55 0 3 77 2 1 1 1 0 1 3 1 2 0 2 1 28 9 5 6 0 110 0 10 1 4 2 0 2 33 0 5 1 4 0 4 9 
0 35 5 18 2 1 0 11 6 1 0 3 1 0 0 0 0 1 0 1 10 0 4 1 0 0 18 4 7 2 1 0 0 0 0 1 9 7 0 8 1 0 9 0 0 16 0 1 405 5 7 1 42 24 0 0 0 0 1 2 5 3 6 0 
1 6 12 1 24 1 0 4 3 1 4 18 0 1 2 10 0 1 2 1 4 6 11 1 2 2 1 2 1 16 4 2 2 6 1 3 0 0 0 0 1 0 1 8 2 9 1 4 0 5 6 3 14 7 115 15 6 1 16 0 0 2 1 6 
0 1 0 0 0 2 1 0 0 0 14 1 2 2 0 6 3 2 2 1 10 4 0 6 0 0 6 1 20 3 17 4 3 9 9 4 1 3 0 9 18 1 5 3 0 5 2 5 1 0 0 19 16 1 1 10 0 1 0 0 3 92 0 0 
3 0 0 4 0 1 0 3 1 6 0 1 0 1 1 8 4 6 5 0 1 8 1 0 26 0 9 1 1 7 2 0 41 0 0 0 0 0 2 0 7 0 10 2 22 41 10 1 0 6 1 15 0 1 2 0 6 7 4 11 2 0 16 0 
0 1 0 2 1 0 0 0 20 49 2 6 10 1 1 0 13 20 70 1 1 2 5 20 9 0 0 40 32 1 2 19 10 4 2 4 0 0 0 0 1 0 0 0 4 2 3 0 3 9 2 1 7 38 15 13 3 12 2 168 0 9 2 6 
0 2 2 1 0 16 1 1 5 3 2 3 0 2 0 2 18 0 0 1 5 0 1 1 96 163 14 2 7 1 13 1 17 23 0 1 2 0 2 9 2 2 24 0 2069 0 2 5 4 11 3 0 0 1 5 0 5 31 2 1 0 1 2 4 
0 230 2 0 0 1 29 6 1 1 0 1 2 0 1 3 8 0 0 0 8 9 0 2 26 0 1 15 9 0 2 0 0 1 5 18 0 1 0 0 0 4 1 6 1 0 6 4 0 0 5 13 2 0 0 0 6 8 1 1 1 0 1 0 
2 1 1 5 0 14 2 117 0 0 6 0 14 2 5 0 0 12 9 27 0 78 1 3 0 5 0 0 26 8 5 0 1 0 1 1 0 0 4 0 0 0 1 1 3 1 13 3 5 0 4 1 2 2 6 3 7 1 1 1 1 3 0 1 
0 0 4 4 1 0 0 11 0 6 0 96 8 2 8 4 86 0 7 5 0 0 0 3 10 0 0 5 2 57 5 1 5 26 2 2 1 1 0 1 0 8 5 5 1 3 9 37 1 94 1 2 0 4 0 6 0 2 1 0 2 0 1 27 
0 0 35 13 3 1 2 1 3 0 1 2 3 7 2 0 2 1 1 2 0 2 1 4 22 0 2 1 0 10 1 0 2 0 6 0 1 99 1 3 0 7 6 1 0 1 1 0 1 6 1 6 1 2 0 17 10 1 1 2 2 0 0 6 
1 2 0 0 4 3 1 0 2 0 2 0 5 9 0 0 0 3 10 0 6 7 0 2 0 0 0 7 117 2 2 0 1 8 960 1 3 2 0 97 2 0 1 11 21 0 3 7 0 3 2 1 1 2 2 32 22 3 1 0 1 0 0 4 
10 0 0 0 38 0 1 0 0 2 3 0 2 1 7 6 0 1 6 9 8 1 1 1 0 3 0 3 0 4 6 3 3 1 1 1 94 4 0 0 1 1 0 0 3 0 2 9 5 17 0 9 10 1 0 2 4 0 0 0 2 31 0 0 
43 3 1 11 20 3 0 13 0 0 4 0 0 0 12 0 21 1 0 0 1 1 0 14 6 0 1 29 9 0 0 5 2 12 16 8 1 22 0 0 3 0 0 118 0 20 0 20 1 0 11 2 3 0 0 5 100 0 0 2 0 0 2 0 
0 1 2 2 1 0 79 0 1 25 25 3 1 1 1 0 0 0 3 0 5 0 2 8 23 4 2 0 2 3 2 0 0 2 0 12 0 0 2 2 1 9 5 0 14 40 4 0 2 2 3 10 7 3 12 2 2 13 6 6 0 0 3 0 
0 11 0 0 1 1 0 3 0 2 3 0 0 6 0 0 3 0 16 1 7 1 14 0 3 0 17 0 3 1 1 2 28 7 9 0 0 1 1 1 3 14 3 2 2 2 2 0 71 2 6 1 0 1 0 6 0 7 0 0 6 0 1 2 
9 29 4 0 8 2 7 0 3 159 4 0 1 1 34 6 1 2 0 0 0 0 2 14 0 1 1 0 0 0 2 1 0 0 1 0 3 0 3 9 5 1 1 1 46 42 0 2 0 3 14 5 0 21 2 0 5 48 0 1 0 1 2 2 
0 3 1 10 1 14 1 11 0 0 178 2 1 15 2 2 1 3 4 28 3 15 24 0 1 9 1 0 12 4 2 19 9 0 0 8 0 3 9 97 0 0 0 0 8 0 1 0 6 0 3 1 0 4 2 0 3 0 0 2 3 0 2 5 
13 0 0 2 1 1 1 0 5 0 0 0 5 8 1 0 0 4 0 2 6 0 1 0 3 3 1 6 0 4 1 4 0 1 3 0 3 30 33 1 31 14 0 1 3 0 0 44 0 0 1 2 0 3 58 0 0 5 5 2 1 89 1 4 
0 7 0 3 3 6 0 5 0 4 0 1 111 23 0 0 0 0 5 0 1 2 0 13 0 5 2 10 1 0 5 1 2 1 1 12 4 0 2 3 0 5 8 16 2 2 9 1 1 5 1 0 3 4 0 0 0 0 0 5 1 20 5 0 
8 3 0 0 0 4 14 52 2 4 2 0 1 87 2 30 0 1 0 0 0 33 1 0 0 51 1 0 0 0 0 4 8 6 2 0 1 1 2 1 2 1 6 6 0 0 0 0 7 2 2 2 0 3 2 2 0 0 1 1 11 23 17 0 
2 0 0 2 0 1 1 3 5 3 30 1 0 12 0 0 2 0 0 1 1 0 12 5 2 0 1 2 0 2 0 10 3 15 1 0 7 0 2 2 0 5 0 7 1 4 3 7 15 1 3 16 20 1 13 0 0 0 3 1 0 1 94 52 
3 1 1 10 0 3 0 0 1 0 0 0 2 0 3 13 3 2 2 0 78 0 0 1 12 0 1 1 2 0 0 1 0 5 0 109 0 8 13 1 20 8 0 3 5 1 5 0 0 1 1 9 10 27 0 77 11 0 1 0 0 0 6 128 
7 1 6 1 1 0 16 18 7 0 1 3 3 0 0 0 5 0 32 1 2 0 1 2 1 0 6 2 1 6 0 8 3 2 0 0 9 0 0 0 22 12 1 2 10 9 12 2 1 9 0 1 1 1 0 3 26 1 2 4 73 9 0 1 
0 6 11 1 5 2 0 2 0 1 3 1 1 86 1 12 2 1 0 1 0 10 1 0 1 4 9 0 2 1 1 1 11 4 28 29 4 0 0 2 1 2 9 2 2 0 1 2 0 0 1 0 27 0 0 0 0 4 7 1 3 4 0 12 
0 11 12 6 0 0 0 10 0 3 3 8 9 29 0 167 7 0 0 0 12 5 15 6 0 0 41 4 6 0 2 228 1 1 5 4 82 56 9 2 0 2 2 0 21 1 0 0 4 2 4 1 22 0 0 6 0 0 5 58 0 0 5 4 
0 0 0 0 7 0 6 2 0 1 10 7 1 1 0 0 0 0 15 1 1 3 0 0 5 3 1 4 4 5 0 0 4 0 0 0 36 11 0 1 0 0 0 5 0 3 0 2 11 3 27 2 206 14 3 0 2 1 0 14 0 7 0 0 
9 6 2 4 1 0 0 8 3 2 10 5 0 2 1 37 4 1 0 0 7 43 1 46 4 0 3 1 0 18 13 0 0 0 6 3 14 2 3 1 8 0 0 2 3 8 1 10 8 1 37 4 0 6 1 2 1 186 2 3 3 0 0 0 
1 0 0 23 1 1 0 2 0 23 3 3 2 0 0 1 0 3 0 1 13 1 0 0 16 3 6 8 0 28 0 0 1 40 0 0 2 1 0 1 2 7 0 0 0 0 4 0 3 0 10 37 6 1 1 0 0 20 3 1 51 0 0 0 
0 0 9 1 0 1 3 0 3 1 0 1 1 0 1 0 1 6 2 1 0 2 1 1 1 7 4 1 1 6 8 7 8 5 10 0 0 1 6 54 7 12 0 8 1 0 6 0 6 70 4 0 2 2 2 0 1 0 0 0 2 7 0 7 
3 1 9 0 6 3 0 0 2 5 1 4 6 1 18 0 29 0 0 6 22 57 0 86 1 0 4 11 1 72 7 10 1 7 0 0 1 25 0 9 7 0 4 27 9 31 0 0 226 5 0 4 0 1 36 7 0 1 0 69 0 2 1 0 
0 5 1 1 7 0 0 3 2 3 9 9 0 5 0 11 20 3 16 6 0 2 40 0 2 13 7 1 0 7 0 4 2 2 2 13 1 11 1 4 0 5 4 15 3 4 0 0 0 2 3 0 41 5 0 0 0 1 2 2 6 14 3 1 
17 8 1 0 25 0 1 1 3 0 168 0 0 6 0 4 2 0 6 0 0 2 1 3 5 1 0 0 0 188 11 53 9 1 1 0 20 3 6 0 0 117 0 19 9 46 1 0 1 0 0 1 0 1 1 8 0 1 0 51 1 11 7 8 
7 5 6 2 1 19 5 0 8 5 0 3 0 19 0 0 1 3 0 1 1 11 1 1 9 1 0 1 2 2 4 2 0 0 0 19 9 0 1 4 0 9 6 1 5 18 0 19 2 0 0 5 4 8 1 2 8 2 1 1 0 4 41 1 
3 1 3 1 0 0 2 0 5 1 1 5 0 0 1 0 0 29 8 12 5 12 2 3 1 1 24 27 5 0 4 15 1 1 1 0 2 2 10 0 3 5 2 1 2 0 0 1 1 0 1 0 0 0 10 3 10 4 2 42 0 12 1 0 
2 3 10 2 0 0 0 1 1 22 4 1 1 0 0 14 1 1 0 0 0 0 6 0 2 0 0 0 1 0 1 10 6 0 3 2 1 2 0 2 3 218 0 48 1 0 0 0 1 1 2 6 1 1 10 0 0 0 0 0 0 6 18 8 
0 1 0 1 0 2 0 0 3 5 0 17 0 0 2 3 2 2 7 7 1 2 0 0 0 2 5 0 0 17 39 0 0 4 3 3 0 0 1 1 0 0 0 0 7 4 0 1 1 32 1 16 1 0 4 0 0 5 1 1 1 0 0 1 
2 1 6 5 3 0 1 3 0 0 0 1 0 0 1 3 2 0 0 554 0 2 0 6 0 0 1 1 1 0 12 3 3 0 0 16 9 15 1 3 0 2 1 4 4 4 1 2 1 2 2 2 0 113 0 1 10 0 0 1 1 8 1 5 
4 1 0 0 2 1 4 0 6 12 3 0 4 0 4 5 5 0 17 10 0 25 1 0 2 0 2 39 6 1 0 1 1 0 1 3 8 0 0 12 1 56 0 4 7 0 2 4 0 0 5 1 13 3 3 0 0 2 39 0 1 27 0 0 
0 15 6 0 4 0 1 8 1 0 0 43 0 8 0 1 9 5 1 2 0 0 0 0 1 0 0 0 6 1 1 4 1 10 4 73 1 3 3 3 0 2 0 3 8 2 5 0 0 0 1 3 2 2 2 0 0 0 0 0 7 0 0 1 
0 0 0 13 10 1 6 0 15 6 1 8 0 21 9 1 3 7 0 0 2 2 37 1 2 1 10 36 6 3 3 11 2 0 0 0 1 0 1 33 5 1 1 0 1 2 0 0 4 0 0 3 0 3 1 1 2 0 4 1 1 12 0 0 
1 12 1 0 6 0 0 2 9 0 10 2 232 0 5 0 36 14 12 10 1 0 0 2 8 3 9 2 0 3 0 0 4 0 0 1 2 0 2 0 1 4 7 3 1 213 0 1 128 0 51 0 0 0 5 3 5 2 0 8 1 2 0 4 
0 0 33 6 7 38 0 8 2 6 2 1 4 0 43 0 1 0 2 0 1 2 4 4 5 2 2 1 2 4 5 1 0 67 0 0 0 0 1 0 6 3 4 9 0 0 27 1 0 50 0 1 32 1 636 1 1 0 1 13 5 0 0 0 
1 7 0 0 0 1 4 1 0 1 3 0 3 11 0 0 2 1 1 2 1 6 0 3 2 27 47 1 0 4 3 0 0 5 11 1 9 4 5 0 0 7 1 1 1 0 0 123 0 4 0 4 7 9 0 3 21 92 3 0 3 1 1 1 
0 1 5 0 1 0 0 0 7 8 2 1 3 13 9 1 18 5 2 0 4 8 0 2 1 7 0 4 0 13 1 1 3 6 22 30 1 2 4 1 3 3 0 22 1 4 0 0 0 9 19 24 81 13 1 2 5 2 3 11 1 0 8 0 
0 0 0 0 0 2 50 6 1 105 2 2 5 0 1 1 0 1 1 0 2 0 0 1 1007 2 6 1 0 0 2 0 9 1 1 1 0 1 3 42 0 0 16 0 7 1 1 0 2 0 0 0 1 4 0 0 0 10 7 0 8 3 0 2 
0 34 0 33 8 0 4 0 0 4 1 10 1 0 3 27 4 0 4 0 4 1 0 5 0 12 0 2 0 0 0 0 1 0 6 80 1 1 1 1 8 1 0 0 5 25 2 4 234 0 4 2 9 0 0 8 0 6 2 10 28 0 6 0 
3 0 1 10 14 0 7 1 1 13 0 0 1 1 0 1 1 0 1 1 1 1 14 2 1 15 0 0 30 0 0 7 1 1 0 0 1 1 2 5 0 0 23 4 2 2 0 1 0 3 0 3 1 6 20 0 1 2 1 3 1 0 0 4 
0 0 11 0 0 29 14 1 1 8 9 12 5 7 0 0 1 0 4 12 0 0 53 27 2 7 12 7 0 1 2 1 0 2 2 2 0 13 15 1 0 2 18 1 0 34 0 2 8 7 1 6 0 0 0 0 9 0 2 11 1 0 0 1 
2 0 17 1 2 0 7 1 0 0 1 7 0 10 0 2 0 0 0 0 3 1 16 0 8 0 0 3 4 22 0 0 1 4 0 1 4 2 7 22 11 0 1 4 4 53 1 1 0 0 0 14 4 0 2 4 0 3 1 0 8 1 7 0 
0 2 5 0 1 35 0 0 0 0 0 1 1 2 3 1 0 47 3 0 0 0 0 9 0 2 1 1 0 1 0 0 1 0 0 0 1 4 1 4 2 1 4 15 1 14 13 3 0 1 24 0 2 6 0 1 0 198 7 77 1 12 0 30 
23 3 0 7 1 33 29 0 32 7 0 1 0 0 12 2 6 1 0 1 1 4 0 0 0 0 4 11 8 2 0 19 5 0 12 58 2 5 0 2 0 3 6 0 0 14 2 1 6 25 0 2 0 0 0 8 0 2 0 0 2 0 2 1 
2 8 32 6 3 1 0 0 0 0 0 0 3 5 140 2 26 1 1 2 3 1 0 0 1 5 1 4 0 4 0 1 4 0 42 10 18 13 2 1 29 3 0 6 7 0 1 0 1 1 4 27 0 7 1 0 22 1 0 1 0 0 1 0 
0 0 0 2 1 6 0 3 13 16 4 1 12 0 7 3 15 27 0 1 8 0 4 82 0 71 2 1 7 0 0 378 0 9 3 0 2 0 2 0 1 29 2 0 0 0 2 1 0 0 0 0 6 0 0 1 3 5 0 0 19 1 5 0 
0 0 0 1 5 82 13 0 0 2 5 3 0 0 1 19 3 1 1 0 16 2 5 0 3 1 0 10 0 0 4 2 0 7 1 2 3 0 5 7 0 0 0 0 11 3 18 3 0 0 7 2 3 3 0 2 0 0 0 10 1 34 17 0 
31 46 2 1 6 0 1 0 1 0 0 0 1 5 1 0 9 0 0 17 0 2 28 3 0 9 0 1 0 1 1 0 0 0 25 2 0 2 2 0 1 0 8 12 0 0 0 7 1 0 1 4 0 0 0 24 9 18 0 2 0 8 193 0 
0 1 0 0 70 3 2 0 5 1 1 2 1 0 1 0 1 1 0 8 6 1 1 0 1 1 5 3 27 26 0 6 1 5 1 10 0 1 0 2 7 9 3 0 14 1 0 60 0 24 0 2 4 1 1 2 8 0 0 0 0 0 2 0 
0 0 6 1 2 0 0 12 1 1 1 4 24 2 1 0 7 261 5 0 1 1 61 0 1 0 18 84 1 1 1 11 7 1 10 1 0 2 0 1 17 4 27 4 1 3 120 10 5 20 10 6 0 2 0 1 2 0 33 2 2 1 0 6 
1 0 3 1 1 0 0 0 4 6 2 1 2 14 6 0 7 0 0 13 7 0 0 1 1 20 0 0 0 3 3 21 1 2 0 0 3 0 0 1 1 7 8 5 2 0 48 0 0 1 7 1 2 2 5 9 4 2 69 16 0 11 5 264 
2 0 7 1 46 0 1 3 0 2 10 0 2 0 0 10 28 0 0 0 2 0 0 8 0 13 9 1 1 2 13 3 1 19 1 10 2 1 3 123 2 0 1 0 3 6 22 53 14 0 0 0 6 0 0 5 3 0 2 0 2 0 1 0 
95 64 2 6 1 15 4 8 1 4 3 1 0 8 0 15 5 1 0 0 2 23 3 0 0 0 2 30 2 0 0 7 2 0 17 1 0 10 1 0 8 5 1 0 14 1 0 7 0 0 14 0 0 0 8 0 1 0 0 3 3 4 0 8 
38 0 1 0 1 0 55 119 2 0 0 2 3 0 0 6 15 8 1 4 23 4 6 3 0 1 0 0 1 1 0 4 1 0 10 0 1 3 0 10 2 1 0 13 1 3 1 0 1 1 25 1 0 1 6 0 1 67 15 4 34 6 0 13 
1 1 1 2 0 7 0 0 3 70 11 2 1 19 12 0 53 1 0 5 3 18 265 0 10 14 6 0 18 1 2 0 0 4 2 0 0 0 6 2 1 4 0 3 0 0 0 5 0 0 1 0 2 1 0 0 2 29 1 1 1 1 1 9 
1 2 20 0 6 5 2 2 0 1 1 0 4 1 4 4 1 0 2 7 1 4 1 0 0 12 11 25 10 3 9 4 1 6 0 5 1 6 1 5 0 0 0 1 0 2 0 15 1 1 2 11 2 0 3 6 24 0 0 3 0 1 4 1 
13 8 0 3 0 1 2 0 181 0 3 2 0 5 4 2 0 2 0 0 9 2 7 0 1 1 0 1 1 1 0 0 0 0 3 1 19 4 1 8 0 3 0 2 0 0 16 0 1 0 0 0 0 0 8 1 4 6 1 2 3 0 0 6 
1 0 26 3 1 9 0 49 12 16 1 1 0 0 9 30 18 1 5 27 3 0 1 2 1 5 16 1 3 9 14 57 1 0 7 1 6 1 0 2 3 0 62 1 0 22 6 0 0 2 0 0 84 2 2 5 3 1 2 1 3 0 24 0 
4 1 1 0 4 0 2 11 0 42 2 42 0 0 10 2 9 0 0 0 1 0 12 9 0 16 12 3 2 3 0 31 0 0 0 0 2 5 0 15 4 4 0 5 3 0 0 1 2 48 0 0 6 1 8 15 5 0 1 1 8 129 2 3 
0 1 1 1 1 254 3 0 0 8 0 1 0 0 14 0 0 0 1 9 1 5 6 9 0 0 0 17 0 1 0 29 0 3 1 11 0 2 0 8 0 9 10 1 0 11 5 0 1 0 0 0 0 0 0 2 1 187 2 0 5 1 0 4 
4 0 0 61 0 2 1 0 1 0 3 1 14 0 15 1 0 1 0 0 0 0 1 2 3 0 1 5 1 1 1 0 0 7 1 0 1 1 1 20 0 2 0 0 0 6 39 0 2 3 2 16 3 8 2 1 0 1 1 1 0 5 0 3 
60 3 11 6 23 12 14 0 0 13 1 6 1 0 8 8 0 1 2 18 3 0 3 1 9 6 1 5 1 2 1 2 1 2 1 7 11 0 0 1 18 1 0 3 0 1 0 28 1 0 2 3 8 2 0 0 0 0 6 3 2 0 0 1 
0 130 1 0 1 2 0 7 1 0 0 0 0 1 1 1 2 6 0 0 4 2 1 0 0 0 0 0 3 0 0 0 21 21 45 13 1 4 3 1 2 0 16 3 13 0 8 0 0 0 0 16 0 11 1 1 25 0 1 1 1 24 3 53 
0 2 38 0 0 1 0 18 0 4 1 13 1 11 0 1 5 1 47 39 5 10 0 23 2 0 2 22 0 18 0 6 28 1 1 0 3 5 22 2 27 1 0 0 6 73 0 1 0 2 3 6 0 7 0 4 0 8 1 1 0 4 1 6 
19 7 1 3 0 34 3 450 0 0 0 0 0 1 7 0 1 0 5 0 4 8 1 21 1 1 0 2 3 0 1 20 0 74 0 5 1 3 7 0 3 0 3 11 1 47 0 8 2 17 0 0 1 6 3 1 0 5 0 3 0 0 0 143 
1 4 2 0 1 0 2 1 1 0 0 10 1 1 0 1 6 0 33 0 30 0 4 2 0 6 0 4 3 0 2 6 8 2 0 0 0 0 1 1 0 0 2 1 7 1 1 1 1 11 1 6 11 0 54 0 0 0 2 0 1 0 0 4 
1 4 1 6 16 10 6 45 0 1 0 11 1 1 0 1 0 7 7 0 0 2 3 0 0 0 15 0 0 1 0 1 66 6 2 0 0 14 16 1 0 9 6 4 0 0 2 0 62 1 0 2 11 0 3 0 0 4 2 5 0 0 4 1 
1 9 0 1 5 6 31 5 2 1 2 1 1 0 3 36 0 1 0 3 2 11 0 0 0 2 9 64 0 14 1 0 4 1 0 0 87 17 0 14 1 0 0 36 4 0 3 0 2 1 22 0 6 0 2 1 0 0 1 2 2 1 2 2 
1 1 3 4 2 1 1 0 1 0 0 0 4 1 0 0 0 2 0 1 4 20 61 4 0 4 2 0 1 5 0 1 1 10 5 0 0 1 13 0 0 1 54 97 0 4 26 1 0 1 0 1 0 0 1 1 2 1 0 0 0 3 10 0 
0 0 0 10 1 1 3 0 2 0 2 1 30 0 0 0 1 6 1 2 3 17 2 15 0 0 1 1 3 1 0 0 10 0 1 5 6 3 3 1 4 66 2 13 0 11 0 1 4 1 1 0 0 1 8 45 0 12 0 0 0 2 0 0 
7 1 0 0 2 0 0 14 1 1 0 0 2 0 2 8 12 0 1 272 1 8 1 0 3 0 25 87 9 3 4 2 6 10 12 0 1 20 1 0 0 1 55 4 1 1 0 0 9 0 1 4 3 1 10 83 14 0 3 1 0 3 1 2 
1 6 0 0 8 19 1 5 10 11 17 7 0 1 2 0 0 5 8 1 0 1 0 6 1 1 5 21 0 5 0 0 7 0 8 3 6 0 8 0 3 0 0 0 1 1 0 10 19 0 0 0 2 0 3 3 2 1 0 1 0 0 0 4 
0 10 0 6 0 1 6 2 0 0 3 6 27 21 0 1 7 0 0 7 0 2 6 0 0 1 9 4 4 5 2 0 1 2 0 1 1 0 6 2 2 74 0 0 26 0 0 8 56 5 25 0 0 1 6 0 3 0 4 6 0 1 1 0 
4 0 0 0 0 0 0 306 3 0 7 8 1 23 0 3 6 31 3 3 7 0 8 7 6 0 83 1 12 0 18 13 8 2 2 1 2 1 1 9 6 1 3 0 1 176 0 0 0 6 7 0 0 3 0 1 21 1 1 3 0 2 7 1 
0 2 28 11 0 65 0 0 3 9 26 3 21 2 2 1 0 1 3 0 4 0 1 1 1 0 1 7 8 6 0 1 0 1 0 1 30 2 0 1 1 0 0 1 1 1 6 0 17 6 4 0 0 0 0 0 2 0 0 0 0 2 18 9 
14 6 8 0 3 1 1 0 8 0 1 0 0 1 0 0 4 0 4 0 4 2 1 1 1 3 0 250 11 1 5 1 0 10 0 1 2 8 0 1 13 0 0 0 1 0 1 4 0 8 8 0 0 3 1 0 0 0 2 121 0 5 3 3 
0 4 9 7 1 28 3 0 0 0 3 2 4 0 9 0 6 1 0 1 7 0 1 8 0 3 1 0 34 13 14 4 5 10 0 3 0 5 15 11 3 0 1 5 0 2 0 0 3 1 0 8 18 8 7 8 0 4 1 12 10 4 2 1 
0 0 0 0 3 7 21 14 1 0 1 11 2 0 9 4 10 1 0 4 1 0 0 1 0 2 45 0 15 14 8 4 0 0 1 2 1 0 0 1 2 0 9 1 1 2 0 1 55 3 2 1 1 0 0 0 29 0 0 23 0 0 4 0 
0 19 0 0 2 11 6 2 3 0 0 1 0 3 2 1 17 11 9 11 0 1 2 0 2 0 0 19 1 0 4 43 1 0 2 2 2 11 24 1 0 0 14 2 2 0 2 0 0 0 2 3 0 3 3 1 0 4 3 1 0 0 0 0 
5 9 6 1 3 26 11 0 7 2 1 0 10 0 0 0 10 1 1 1 1 0 0 21 1 8 1 77 1 9 11 0 2 46 0 1 1 2 1 12 12 7 0 0 4 1 1 1 1 4 0 6 1 0 6 1 1 17 0 3 46 4 1 0 
4 0 0 12 1 0 0 0 0 2 1 17 0 1 0 0 1 6 1 1 0 0 1 2 1 1 97 3 16 1 0 0 2 0 3 3 6 5 13 6 0 0 0 1 3 4 0 1 2 4 2 4 2 0 1 1 8 12 1 0 3 0 0 8 
6 0 1 1 20 10 3 0 0 4 15 2 14 1 0 51 4 15 0 1 0 2 9 0 0 0 2 19 2 1 2 3 1 4 1 0 26 4 29 26 2 8 8 1 0 66 0 8 0 0 1 1 0 0 0 7 1 0 11 1 1 6 6 1 
9 0 0 1 0 3 1 2 0 1 2 1 3 6 1 0 0 4 1 1 6 5 0 2 2 3 39 1 2 0 3 9 0 1 1 7 22 15 4 14 0 2 6 1 1 5 2 0 0 12 1 0 4 34 1 63 0 3 33 2 0 14 0 0 
3 1 1 1 0 9 0 2 2 0 0 0 2 0 0 0 11 33 93 9 0 31 0 1 29 13 14 88 0 0 0 0 16 3 2 7 0 1 101 4 0 26 0 0 5 2 0 2 5 22 1 1 10 2 0 0 4 9 9 4 405 0 7 0 
1 18 5 2 3 7 0 0 2 7 31 53 7 0 0 2 1 0 1 3 0 3 22 2 1 0 0 7 0 0 0 0 0 8 1 8 9 1 0 0 1 1 2 1 2 3 0 1 0 0 1 1 0 0 0 0 0 1 11 5 4 2 2 1 
0 77 4 2 1 2 10 0 6 81 36 0 0 64 0 0 1 4 0 3 0 141 110 1 0 0 41 2 5 2 23 10 7 0 1 0 0 2 0 5 0 36 0 1 1 2 0 1 0 35 1 1 0 1 1 0 14 20 0 1 1 1 10 0 
2 1 0 3 0 1 1 4 0 6 0 0 4 5 5 1 1 2 0 1 0 3 4 9 0 1 15 2 0 3 0 12 0 0 1 1 3 6 2 7 7 6 1 0 0 0 0 0 0 2 3 0 0 4 2 9 6 4 0 7 2 0 0 9 
0 5 2 10 3 1 1 1 0 0 1 0 4 4 0 1 0 2 33 1 0 6 0 0 3 1 1 25 2 0 1 0 5 1 0 3 1 1 6 1 1 9 1 1 1988 0 8 2 0 1 1 16 40 0 0 0 2 2 8 12 3 13 1 28 
0 0 1 16 2 0 109 4 0 3 1 0 4 0 3 0 1 4 1 3 0 1 27 2 0 1 15 28 16 0 1 1 3 4 0 9 31 1 3 2 4 4 14 0 2 3 1 0 3 4 4 3 1 3 0 0 0 0 0 7 0 0 38 31 
13 7 1 0 13 1 0 1 4 7 10 1 20 3 3 0 0 11 15 26 0 6 0 12 0 3 2 5 2 0 0 6 22 1 0 0 1 8 0 9 0 6 1 1 0 0 3 1 8 0 16 0 0 0 4 1 1 14 60 1 1 1 1 1 
2 21 2 5 4 6 0 9 2 0 2 0 2 1 152 0 1 2 1 0 2 0 6 15 3 7 1 0 11 0 2 1 0 0 1 0 8 1 1 2 1 39 2 21 4 0 20 0 1 0 0 4 5 0 7 0 6 16 0 7 0 2 6 0 
2 0 2 0 1 0 0 7 5 38 0 7 0 13 5 2 3 1 0 2 7 2 2 4 3 1 1 1 42 3 5 0 0 27 62 22 10 0 4 0 6 0 0 2 0 0 1 163 0 8 0 14 0 27 14 0 0 1 2 1 0 2 0 1 
3 73 0 7 2 6 0 0 0 1 6 2 1 6 7 6 3 0 6 49 3 0 0 2 3 0 0 5 2 2 0 1 0 0 1 25 1 10 0 0 25 1 0 33 0 4 2 5 1 0 9 9 1 0 0 1 0 65 8 1 8 3 43 1 
9 13 0 2 33 3 1 0 1 2 4 0 0 0 4 1 1 3 17 3 4 1 0 0 0 86 3 127 0 1 0 5 3 4 10 0 1 5 0 2 1 2 0 0 2 0 0 2 1 1 0 2 0 1 3 1 0 0 3 1 0 2 19 1 
1 13 5 0 0 2 4 48 7 0 2 4 6 1 1 0 8 0 3 0 0 1 25 0 3 6 0 5 1 1 0 0 26 0 7 0 3 0 0 2 0 3 0 35 20 2 3 6 0 5 10 2 1 0 1 0 8 0 15 0 2 3 0 0 
1 0 0 6 1 62 22 7 5 8 2 5 13 1 1 0 2 0 6 6 8 0 3 0 5 1 7 1 1 21 1 28 1 0 2 1 0 12 1 100 2 0 4 10 0 9 2 4 15 3 9 0 3 0 3 0 6 4 8 1 4 1 12 6 
1 6 0 18 0 0 6 8 9 4 0 9 1 2 10 0 1 1 1 4 3 0 7 9 0 0 11 26 2 1 10 0 25 1 4 2 0 1 3 11 1 4 1 0 14 1 12 2 2 0 0 1 0 7 0 0 45 1 23 1 1 1 5 42 
0 1 0 0 12 4 0 0 0 10 2 0 4 1 3 1 2 1 0 2 1 0 5 0 11 41 1 0 0 2 2 1 0 0 0 6 9 0 0 2 1 10 15 0 9 0 3 3 18 0 2 0 0 1 5 4 0 8 0 0 5 8 0 0 
1 3 0 0 0 2 0 0 2 2 0 2 0 17 1 1 1 1 0 0 0 0 41 53 8 0 11 25 1 10 5 0 1 0 0 0 0 22 1 5 1 4 0 0 28 3 1 0 1 0 5 1 0 1 1 9 5 1 2 2 3 2 7 0 
0 0 1 8 1 7 6 20 9 0 0 0 17 0 0 1 1 1876 0 2 2 0 11 21 0 0 21 0 3 1 0 0 0 30 0 26 1 3 1 1 11 1 0 5 0 27 20 14 8 13 3 0 1 1 1 4 5 1 0 0 1 0 7 0 
6 0 0 11 0 0 0 21 71 0 9 0 1 6 0 0 73 1 6 11 10 2 5 3 4 6 1 0 1 1 2 0 2 10 14 1 6 9 0 1 2 0 0 60 0 9 6 3 1 11 0 12 1 0 1 2 1 0 0 0 0 2 3 17 
2 118 0 4 28 6 0 0 9 13 5 0 5 0 0 7 18 0 4 6 5 0 6 0 1 0 8 0 2 1 8 0 1 1 0 1 2 1 9 6 19 19 2 0 0 0 10 3 1 1 0 3 12 0 0 9 17 10 38 1 0 2 1 33 
1 2 2 0 3 1 0 44 1 2 0 0 4 3 3 5 21 0 4 0 0 0 0 3 1 1 0 0 3 3 6 8 0 2 4 0 0 0 0 1 2 0 1 0 4 82 8 29 7 1 0 0 0 1 12 18 1 31 1 8 0 1 0 1 
7 0 1 0 4 1 2 4 0 4 1 6 3 1 1 0 16 0 30 0 0 0 7 0 2 4 1 8 9 4 1 2 1 1 16 1 1 0 0 0 1 0 6 7 0 0 2 12 1 0 0 2 0 4 0 0 0 0 0 1 0 13 1 2 
2 0 0 0 0 0 40 0 0 1 4 0 6 3 8 0 4 0 1 2 0 0 0 0 0 1 1 1 12 0 0 21 0 12 0 2 108 1 2 6 3 0 19 25 1 47 2 1 56 7 3 10 1 0 6 0 0 28 2 10 1 0 0 3 
25 1 7 31 0 1 44 2 0 6 1 0 0 3 0 1 0 1 0 11 0 1 0 1 2 37 2 0 6 23 4 1 0 0 1 0 1 0 1 0 1 1 8 24 1 0 31 0 4 1 2 2 0 1 1 25 0 27 7 1 1 0 1 2 
0 0 0 6 0 6 1 1 0 0 1 1 2 21 0 1 8 7 2 0 1 7 73 2 1 11 0 3 9 0 0 1 1 1 2 0 3 1 1 10 1 4 3 173 0 16 2 0 0 0 3 3 2 0 0 0 0 0 26 0 1 3 16 0 
2 0 1 17 0 0 4 0 1 3 0 15 0 2 13 0 1 59 0 66 1 0 2 1 7 0 2 23 0 0 5 6 0 0 3 3 1 0 1 0 1 36 1 0 1 3 0 8 0 0 6 9 8 0 1 2 18 0 1 6 0 17 10 3 
8 8 1 0 2 8 0 1 3 2 0 11 1 4 0 0 4 47 0 1 26 0 3 1 3 1 2 1 1 3 1 9 2 4 5 0 0 7 1 0 0 119 0 0 0 1 0 2 10 0 6 12 0 2 0 0 1 0 0 4 0 0 0 1 
0 0 3 1 1 5 1 10 3 6 3 11 0 0 8 0 0 15 0 0 0 6 1 3 1 0 4 9 2 2 1 5 0 2 73 1 4 3 15 2 2 0 6 0 1 6 0 3 4 30 0 1 1 0 3 10 3 0 19 0 0 0 18 6 
1 0 0 1 1 1 11 10 0 1 1 11 0 1 1 0 0 3 8 32 2 16 15 0 5 1 0 1 3 2 4 0 1 12 0 3 46 2 3 3 2 3 2 14 0 19 0 0 10 2 38 1 64 0 2 0 0 2 0 12 4 0 29 3 
0 1 1 1 33 0 1 5 12 4 25 0 1 31 9 1 1 0 4 3 8 2 0 2 0 3 44 0 1 14 2 2 0 0 27 0 2 4 6 2 104 9 2 4 0 0 0 3 1 0 0 0 0 0 1 0 0 4 0 11 1 11 9 2 
1 1 1 5 0 0 0 0 0 0 0 4 0 1 0 3 0 6 0 0 3 63 0 0 0 0 1 1 1 1 2 1 0 1 6 1 0 3 0 2 1 9 0 4 2 0 0 3 11 1 6 2 0 0 1 3 1 26 17 0 3 17 2 1 
0 0 0 91 0 0 1 0 5 0 2 0 0 3 2 1 0 0 4 5 0 0 7 1 1 4 9 0 11 10 1 0 0 4 1 0 0 14 0 0 0 3 14 6 0 0 1 0 4 2 30 2 2 2 9 4 1 4 44 1 4 1 8 0 
3 26 1 0 3 0 2 0 0 0 1 4 0 6 0 5 92 1 1 3 0 4 10 4 9 0 0 3 0 4 1 2 0 12 1 0 0 0 2 5 4 30 7 15 0 6 2 44 0 14 24 5 5 0 10 1 1 0 6 8 1 2 113 4 
0 7 0 1 0 4 5 0 1 0 0 0 440 4 0 1 7 0 2 0 1 1 6 2 43 6 2 27 5 1 0 0 0 1 7 1 0 0 0 14 0 10 32 1 0 0 1 7 0 6 0 1 2 0 0 77 0 0 0 1 1 8 9 1 
2 0 0 24 3 0 0 38 4 39 2 0 0 0 0 1 1 0 0 0 1 1 1 41 1 1 1 1 1 18 4 1 1 10 0 1 1 1 1 0 0 30 2 130 23 1 9 7 2 0 0 0 0 0 4 0 2 0 0 3 3 0 0 3 
19 1 2 1 0 0 1 1 1 1 0 1 1 2 0 0 3 0 0 0 1 0 0 6 0 3 4 0 15 30 8 1 0 0 3 5 18 0 5 10 0 0 6 0 118 25 1 3 0 23 9 1 1 1 8 0 14 11 8 0 5 24 1 2 
7 4 0 1 0 11 3 2 11 2 0 0 0 78 7 43 0 0 0 2 1 14 0 2 1 0 6 0 0 3 1 0 1 0 0 6 1 12 0 0 60 2 2 44 1 0 0 1 0 11 5 1 10 1 4 11 0 0 1 3 2 2 0 2 
6 16 0 0 0 9 0 0 1 2 1 1 1 10 2 31 0 5 20 1 4 0 2 15 2 10 3 7 5 0 5 0 0 43 1 0 6 4 17 1 85 3 2 0 0 0 0 1 18 0 0 0 0 1 0 0 1 1 0 4 3 13 3 1 
0 1 2 1 2 0 0 0 0 9 10 0 0 7 0 0 1 2 0 2 2 12 0 0 1 4 1 0 5 1 11 6 0 6 0 0 0 8 1 5 14 4 6 11 0 4 1 1 1 1 2 0 1 10 18 0 0 23 7 4 1 0 8 0 
21 14 16 26 218 2 1 93 0 3 0 0 2 6 0 2 0 1 43 2 0 17 0 0 0 4 17 0 23 1 5 22 0 1 1 0 1 0 2 1 3 0 2 3 3 0 0 1 1 4 0 0 2 1 1 0 1 27 129 0 1 0 2 5 
5 7 0 0 7 0 4 22 1 12 11 7 0 0 1 1 22 13 2 2 1 0 2 1 1 0 2 7 2 5 26 2 8 4 0 0 3 0 7 0 0 0 6 0 6 14 0 0 0 22 0 1 6 3 38 1 0 2 4 3 2 16 12 0 
11 0 20 93 234 2 0 49 16 2 2 4 7 7 0 0 1 1 1 1 0 5 0 1 4 0 1 0 9 0 4 1 15 21 2 1 11 1 5 0 0 1 0 0 0 3 0 20 105 0 1 0 0 6 0 1 0 2 0 0 0 0 9 0 
0 6 13 19 1 0 1 0 1 0 2 3 10 0 4 7 0 18 0 0 21 3 0 1 3 0 0 0 0 5 4 0 1 0 1 1 7 1 0 0 7 0 0 84 6 4 2 2 1 0 2 0 7 15 4 1 3 12 3 4 1 3 0 0 
1 0 0 0 0 13 4 2 1 0 1 0 0 19 0 0 0 0 5 0 0 11 6 0 0 1 1 14 0 0 5 39 0 1 43 22 34 1 4 0 3 1 7 1 16 1 0 3 3 17 1 3 1 7 4 6 1 1 24 30 0 151 1 0 
1 0 3 3 3 12 5 29 1 9 2 72 1 0 1 1 0 2 9 0 0 2 25 0 0 0 0 1 0 2 0 0 1 0 0 0 0 3 3 1 4 0 2 0 1 1 1 32 48 13 0 0 2 13 10 2 0 0 8 10 11 1 0 9 
3 2 10 4 0 0 0 1 0 0 0 1 2 3 0 8 7 0 3 24 2 0 2 0 0 1 10 2 13 1 1 30 0 9 0 0 0 15 1 7 7 5 7 7 0 0 0 0 19 5 56 3 1 1 7 19 0 10 0 1 0 5 0 0 
0 25 6 0 0 3 1 0 0 2 0 2 4 0 0 1 1 3 4 1 2 0 0 0 10 0 0 1 2 14 3 3 1 1 0 0 1 4 2 1 3 3 1 0 0 2 7 5 24 0 9 54 2 3 4 2 0 2 14 9 58 6 0 0 
5 3 0 1 2 1 0 0 0 1 0 7 5 2 2 22 26 123 2 1 2 7 2 0 0 0 6 11 1 0 2 272 4 1 1 1 6 201 2 0 0 7 0 0 0 1 0 3 2 0 1 3 1 5 12 5 57 20 2 19 29 2 0 1 
0 0 29 0 20 8 2 1 12 2 4 2 3 5 0 1 24 0 53 2 1 0 14 2 1 2 4 32 0 0 0 0 5 1 2 0 1 1 0 2 1 0 1 6 0 19 0 0 6 12 0 30 4 1 2 1 0 149 34 3 1 0 1 0 
1 12 1 3 0 1 1 11 0 1 0 2 1 0 0 0 8 1 0 0 0 0 1 0 57 0 0 3 0 11 0 2 6 329 35 14 6 14 0 9 17 1 1 2 0 0 15 0 0 1 0 3 1 35 2 1 9 0 3 5 2 3 2 0 
0 0 6 10 1 3 1 4 4 0 2 0 17 0 8 0 0 2 1 1 0 0 1 25 7 12 0 0 2 0 0 0 3 7 2 3 0 4 2 0 0 20 2 3 27 4 44 0 1 4 5 1 53 6 9 0 6 0 2 31 1 0 4 1 
0 0 1 4 0 0 0 10 2 3 8 1 40 13 0 5 2 0 1 3 2 0 1 0 3 7 77 0 3 4 0 9 41 1 6 4 0 0 24 7 31 2 0 8 0 0 0 8 2 4 0 0 0 23 315 8 0 0 0 4 69 14 54 4 
2 48 0 5 0 1 6 4 0 0 1 2 0 49 9 3 3 3 1 0 0 0 14 2 50 1 0 1 27 1 29 0 0 1 1 2 0 34 2 0 0 2 14 4 15 1 1 2 0 5 0 1 0 19 12 0 1 1 0 2 2 2 1 4 
90 2 4 21 4 9 5 1 4 0 2 2 1 0 3 1 1 1 5 4 11 2 2 1 7 25 9 5 1 79 0 2 1 3 0 1 26 0 3 0 0 1 4 8 2 1 0 8 3 1 0 0 0 0 0 5 0 5 1 3 2 0 4 6 
15 1 0 14 9 2 3 0 2 0 14 1 0 1 4 0 0 46 2 0 0 5 1 4 0 0 50 1 0 1 5 2 0 0 0 0 1 0 4 0 1 10 2 0 0 3 1 41 0 4 5 1 7 0 12 0 0 1 1 0 5 13 1 6 
2 8 0 4 0 20 1 11 0 15 0 3 0 123 5 0 0 0 0 3 4 2 1 9 1 1 2 0 0 3 0 3 5 0 2 2 3 0 0 29 17 6 1 1 1 1 0 13 0 9 1 1 403 8 0 0 51 1 0 0 0 3 1 1 
0 3 3 0 0 1 0 3 0 7 0 0 2 0 21 0 1 0 2 8 6 1 9 1 29 0 13 1 0 0 6 0 1 1 62 0 0 5 27 0 0 5 0 3 10 1 1 0 3 1 1 4 0 129 14 0 0 1 10 35 0 1 1 2 
10 27 3 0 0 2 0 3 4 3 12 1 9 1 0 0 2 0 1 0 0 3 5 5 0 3 0 0 0 1 1 0 2 52 0 1 7 0 4 4 1 2 6 1 0 10 7 10 100 0 0 4 2 2 2 3 0 0 0 1 1 7 1 1 
0 154 2 3 4 1 0 3 36 26 2 1 67 1 63 3 5 1 42 5 6 1 1 67 4 45 5 1 22 1 11 0 2 2 2 2 0 29 6 1 3 101 1 4 15 19 1 4 16 0 18 2 6 1 7 7 1 0 9 4 0 0 0 1 
3 21 5 0 2 1 2 0 4 1 0 23 0 8 1 0 0 8 0 6 0 4 1 2 2 1 1 1 0 5 10 0 1 3 1 2 0 0 0 0 65 3 2 1 0 0 3 0 36 0 3 8 0 3 0 6 1 1 1 4 0 0 0 17 
0 8 26 36 0 1 2 27 9 0 0 24 32 10 1 5 0 2 13 0 0 0 2 0 27 1 0 1 0 1 3 4 3 1 0 19 32 1 1 4 0 0 1 10 122 7 2 5 4 0 3 2 6 4 8 6 9 1 0 5 3 1 0 4 
0 2 1 1 0 0 0 0 7 6 0 2 4 1 0 0 3 0 4 1 19 32 2 12 2 2 13 6 0 1 8 0 0 2 0 0 0 0 8 1 3 1 2 3 0 4 0 2 14 2 8 28 0 17 2 1 107 1 0 1 0 11 0 0 
1 3 3 1 1 0 1 3 0 16 0 4 0 18 1 0 1 1 0 1 6 0 6 7 5 0 1 0 0 6 0 3 1 0 14 15 0 12 6 2 1 23 0 0 31 3 0 0 2 1 9 0 2 3 1 3 1 2 0 1 7 1 0 2 
0 0 0 0 3 8 0 0 1 0 0 0 0 0 5 0 2 1 0 0 1 1 3 1 17 1 15 12 29 1 1 1 3 2 0 8 0 0 0 0 11 1 0 0 1 0 7 69 2 3 2 6 4 0 0 3 11 10 0 4 0 7 1 3 
2 9 9 0 0 1 0 5 2 1 0 0 0 6 0 1 1 1 0 0 5 1 0 3 3 12 7 1 15 0 10 29 0 0 0 2 7 5 1 0 1 2 4 133 22 5 19 0 4 8 0 6 0 40 0 0 0 5 0 4 0 3 2 1 
14 0 2 1 0 0 0 10 0 1 0 4 1 1 10 47 13 4 0 0 0 3 0 13 0 0 2 1 0 7 22 10 2 11 45 0 4 6 18 2 51 1 1 2 13 0 3 2 0 10 1 0 32 0 1 11 0 0 12 0 3 0 0 6 
0 0 4 7 12 0 0 0 0 0 1 0 0 0 4 1 0 0 7 0 8 0 14 6 0 9 18 0 3 0 9 0 1 3 3 6 0 3 43 22 1 0 5 0 0 14 6 0 0 0 1 46 5 0 11 1 0 1 4 2 0 5 0 2 
13 132 346 1 0 1 0 1 10 0 0 0 12 0 12 0 65 11 0 5 3 4 7 0 2 1 1 0 5 24 0 32 0 4 2 1 24 97 0 0 29 0 1 3 0 17 8 6 0 0 0 1 0 1 8 2 15 1 1 0 1 0 67 0 
0 2 3 0 5 4 1 0 1 1 3 0 0 0 2 0 0 0 2 1 4 0 0 0 6 1 0 1 1 4 1 0 3 4 1 0 7 0 0 0 19 18 4 1 2 1 21 8 4 1 0 0 0 0 41 3 0 0 0 6 1 0 0 4 
1 7 1 0 0 3 1 4 2 0 6 0 0 0 1 7 5 0 1 1 0 0 27 1 0 4 7 0 2 1 0 0 63 0 0 4 8 16 8 1 0 5 6 0 33 8 1 2 8 0 1 0 0 1 1 1 1 20 9 0 2 0 7 0 
0 7 56 4 6 1 7 35 1 1 3 8 0 0 0 1 1 0 0 0 1 3 8 4 4 1 8 1 10 0 37 4 2 2 1 1 8 5 8 0 0 2 1 5 2 1 0 1 5 0 7 3 0 8 3 0 5 0 11 2 0 1 1 3 
17 1 4 0 0 14 0 1 2 0 6 5 34 1 1 0 5 2 1 4 1 0 0 1 1 3 5 6 1 0 88 1 14 23 11 0 5 3 0 2 4 8 10 78 10 1 0 0 0 0 0 34 0 4 1 0 2 10 4 0 1 1 2 10 
7 3 6 1 0 1 1 39 102 0 0 0 37 1 11 1 4 2 0 0 1 0 5 21 14 0 1 0 1 2 1 6 2 2 1 0 8 1 0 5 3 0 0 1 1 0 0 1 4 0 5 0 2 12 0 14 0 1 12 29 1 0 0 0 
3 54 1 0 0 0 1 5 2 21 3 0 5 0 6 0 1 1 2 15 126 1 13 0 9 1 0 0 20 7 8 154 5 30 2 2 1 2 3 2 16 34 54 25 1 23 1 15 0 4 1 4 15 10 7 3 1 0 0 1 0 0 1 1 
0 19 2 4 0 3 0 0 2 1 0 0 2 0 180 5 17 0 1 7 4 3 10 2 57 10 0 0 1 0 64 0 1 0 4 0 1 1 0 9 46 12 7 2 0 3 0 5 42 4 8 6 7 0 0 1 1 2 1 4 0 0 5 0 
0 7 1 21 12 0 0 0 2 24 0 5 1 1 0 0 2 1 0 24 21 0 3 1 1 20 0 1 1 17 2 0 16 1 4 10 0 2 5 2 0 2 0 0 9 2 18 4 16 0 1 1 0 8 12 0 13 9 0 4 4 2 9 12 
0 0 33 8 0 3 1 16 1 0 1 0 3 0 3 6 2 0 198 1 0 1 0 0 1 0 0 5 0 36 2 3 1 2 8 5 0 2 18 1 0 5 22 0 0 4 5 0 39 2 0 2 0 14 12 3 0 0 23 0 13 182 6 1 
23 2 6 1 10 0 2 0 3 1 12 6 0 8 1 1 0 0 0 0 8 1 2 2 1 0 0 0 0 1 0 8 16 1 8 1 0 0 2 1 2 34 2 1 0 0 49 2 377 0 1 6 0 1 73 1 1 1 0 4 1 0 1 3 
8 164 254 1 2 3 46 1 26 5 0 1 39 3 0 44 6 6 0 1 0 10 1 0 32 0 1 0 0 27 22 4 9 14 8 1 1 8 8 10 0 1 0 16 38 10 0 1 0 16 18 12 138 6 0 2 4 6 4 14 0 14 0 42 
1 0 3 11 0 5 1 0 4 1 2 0 1 25 3 1 47 8 1 1 0 1 1 2 3 4 83 0 0 1 0 0 12 0 81 0 2 2 0 0 1 3 0 0 8 1 1 1 111 7 0 225 5 69 2 584 0 0 0 1 2 3 1 0 
0 5 3 13 0 2 0 3 38 39 1 1 1 1 10 2 1 1 7 6 28 0 7 1 7 6 6 0 0 5 2 1 6 3 0 2 1 1 4 6 1 3 0 0 1 0 8 0 0 7 1 0 1 4 2 2 1 0 0 1 1 2 5 1 
2 3 0 2 1 0 1 0 1 3 146 0 2 7 10 18 1 23 0 0 1 2 0 1 0 8 7 0 0 0 3 2 8 1 14 1 1 2 15 0 0 0 0 22 9 9 1 3 1 0 0 3 34 1 2 33 1 1 2 8 10 6 0 1 
0 3 3 2 0 0 2 2 10 0 48 1 0 0 0 1 3 1 2 2 1 14 0 0 0 0 0 0 0 0 9 9 1 6 0 2 12 0 10 1 1 0 1 3 0 8 5 0 7 2 1 297 2 0 1 0 11 0 0 0 5 30 0 2 
0 5 1 1 1 0 1 2 28 0 2 2 13 15 0 1 0 25 1 3 6 5 8 2 0 0 7 1 1 2 8 0 0 8 3 1 7 0 1 9 9 0 3 18 4 0 1 6 0 30 0 0 0 8 14 1 21 0 3 20 2 4 10 2 
1 26 8 0 0 4 16 0 0 3 27 4 0 0 7 8 0 0 2 8 0 0 5 0 6 2 57 1 1 0 1 5 0 9 2 9 2 19 43 1 1 0 0 19 186 0 6 0 0 1 1 2 1 24 0 15 3 0 3 8 0 0 7 2 
0 0 6 0 2 1 22 3 34 0 0 0 1 0 0 24 1 1 6 3 1 9 0 0 12 3 0 11 5 1 6 2 13 0 0 0 0 0 15 26 2 9 0 2 1 0 4 1 11 0 1 0 1 1 0 0 0 1 0 0 0 12 0 19 
0 0 2 6 79 4 6 1 1 1 1 13 0 8 18 0 0 39 1 1 8 2 11 0 0 0 0 13 2 0 6 0 8 3 4 9 17 0 2 2 1 1 0 9 1 0 11 12 3 1 1 7 31 6 3 1 0 0 0 4 0 3 1 2 
0 0 1 0 1 0 0 0 1 6 3 1 1 1 4 5 1 0 0 1 2 0 16 0 3 1 11 0 0 18 40 1 0 0 14 0 0 1 0 0 3 8 13 8 0 10 2 6 2 3 5 13 9 0 0 0 4 0 2 2 0 8 0 0 
24 0 0 1 1 2 1 0 0 35 10 12 1 1 0 5 0 0 2 4 3 4 0 1 12 5 1 3 1 1 0 9 34 2 1 7 8 0 2 0 0 1 2 18 6 1 0 35 0 23 16 11 7 0 1 1 4 2 6 0 0 21 11 27 
0 4 2 7 1 2 2 2 3 2 1 1 12 3 0 1 1 10 0 7 1 2 3 22 65 1 0 8 0 1 118 0 1 1 24 0 1 2 1 0 3 0 3 0 2 1 1 59 3 18 2 0 3 1 6 2 3 19 9 6 7 0 2 0 
6 0 0 16 2 1 1 3 0 13 2 5 1 8 11 4 12 3 0 2 0 0 0 57 1 1 4 0 0 1 0 1 1 13 0 6 0 1 16 1 12 5 7 2 3 1 3 1 0 2 0 3 3 8 0 10 9 31 0 10 0 0 6 4 
3 1 9 10 3 38 9 1 4 0 0 0 1 0 5 1 3 4 11 0 0 1 1 1 2 2 0 5 7 0 1 0 6 1 1 7 3 0 0 3 6 57 4 5 0 0 3 33 0 0 1 25 1 2 4 5 2 18 3 0 0 2 0 1 
3 122 12 7 0 16 1 1 0 2 12 5 2 4 0 0 0 0 61 9 0 36 5 6 2 6 0 1 2 2 1 6 3 1 32 1 2 1 9 0 16 0 28 1 10 3 0 0 84 1 1 3 3 4 63 3 57 0 47 1 1 16 0 2 
57 1 1 10 10 0 3 2 9 0 0 1 0 1 1 0 17 0 0 1 0 7 0 1 2 1 6 0 0 1 7 10 0 2 0 5 0 0 1 1 0 0 0 15 14 3 0 19 0 5 2 0 0 1 19 47 0 4 0 13 12 0 0 0 
0 1 1 0 2 2 6 1 0 0 7 8 1 0 1 3 1 0 1 1 2 3 37 97 2 24 2 1 0 4 4 0 52 70 5 2 1 2 10 85 1 1 0 5 39 1 2 0 0 1 2 1 1 0 1 0 9 2 0 6 2 36 1 0 
0 2 2 0 7 0 3 1 1 1 2 1 11 0 0 1 5 2 2 2 2 1 0 7 2 1 28 0 0 4 0 0 2 4 9 3 2 0 3 14 1 0 53 0 0 0 2 16 7 2 0 0 1 0 13 55 25 5 0 21 1 0 0 10 
0 0 4 0 0 2 2 1 12 0 4 1 6 4 0 1 0 2 9 2 14 0 2 0 0 3 3 3 2 2 3 0 3 8 1 0 19 3 1 0 1 1 1 5 0 1 0 0 0 0 0 1 37 1 2 9 1 0 6 5 0 0 5 11 
2 5 16 2 4 216 0 4 1 2 0 2 0 74 3 0 3 4 29 0 15 0 3 0 7 33 0 4 0 5 0 3 4 0 4 0 0 2 1 7 0 3 0 2 1 2 0 0 1 2 0 4 0 3 3 1 4 0 0 2 2 1 0 0 
2 17 1 1 6 0 5 15 0 1 0 1 4 0 5 2 1 0 6 5 2 7 9 0 0 7 0 0 0 0 0 0 9 0 16 0 6 1 3 7 0 8 0 3 2 1 0 0 0 5 6 3 18 3 1 1 0 2 1 0 22 1 0 0 
4 1 1 2 84 14 23 1 0 1 0 1 1 0 1 5 1 0 9 6 0 0 2 0 0 0 0 6 2 2 10 5 1 1 17 1 15 1 5 1 6 7 0 1 0 4 45 2 0 3 1 9 10 0 12 11 26 4 5 1 2 3 11 71 
9 0 27 1 0 0 4 7 1 6 42 13 1 0 2 7 2 1 0 1 28 5 0 0 1 0 54 2 3 6 2 0 0 0 0 1 0 2 0 0 9 21 1 2 5 0 1 1 0 14 1 1 1 32 0 0 2 4 2 0 0 3 8 1 
1 4 4 2 3 1 4 11 1 0 0 7 1 0 3 1 7 6 1 0 20 1 8 0 10 13 11 44 4 4 110 4 3 0 0 3 1 0 0 3 21 4 1 2 2 51 1 1 0 1 0 6 0 24 1 0 7 0 0 0 40 13 0 5 
0 30 0 7 4 7 4 1 3 4 9 1 0 7 0 37 4 3 0 0 2 1 1 0 14 0 1 0 0 26 1 1 3 10 0 1 8 1 2 2 1 0 283 0 10 0 3 7 0 18 0 0 13 0 3 4 0 0 0 44 0 0 1 0 
5 2 0 26 0 1 1 3 2 1 4 0 2 4 0 2 13 7 8 1 2 1 5 0 5 10 0 6 1 50 10 1 33 1 2 29 0 2 7 0 9 34 0 2 0 1 41 0 0 0 4 10 3 13 58 0 0 10 2 0 0 1 13 10 
4 0 38 0 7 8 2 5 0 5 1 0 1 4 34 12 0 5 8 0 6 0 30 4 4 2 3 1 0 1 2 19 21 1 0 0 96 9 7 2 0 2 0 5 3 18 2 23 0 0 60 1 3 0 0 1 0 0 0 0 4 14 16 9 
6 40 4 28 0 10 1 22 92 0 2 10 0 1 3 2 0 2 0 0 5 0 0 27 1 3 0 1 0 4 2 2 1 7 0 32 0 1 0 8 0 0 3 0 0 0 0 1 1 1 0 0 7 0 3 12 0 262 17 10 0 5 3 36 
0 1 14 0 0 1 3 1 0 4 1 0 1 0 4 1 0 0 0 9 0 13 0 0 0 26 77 1 2 75 4 6 0 3 3 0 0 2 1 6 3 0 5 0 1 0 1 0 0 1 0 0 0 1 1 5 8 0 8 2 0 1 0 0 
45 1 4 0 4 1 31 6 14 2 0 0 3 0 0 2 0 0 5 1 62 3 0 9 0 0 11 1 0 1 22 0 8 0 3 12 0 0 1 0 1 0 1 2 0 1 1 0 2 0 2 0 0 0 0 0 0 7 0 1 5 0 5 0 
2 12 0 2 9 0 1 4 11 9 0 1 1 0 0 0 3 15 0 0 0 0 0 3 20 1 4 2 1 2 1 16 0 6 0 9 7 0 0 1 0 8 3 25 0 1 3 0 6 1 0 6 1 1 5 0 1 0 2 2 1 0 1 8 
2 1 2 3 0 0 19 23 1 0 0 7 1 3 1 19 3 3 1 3 0 2 0 4 2 69 1 0 0 5 0 1 0 1 3 3 8 0 24 2 0 1 6 14 0 0 2 28 0 1 31 2 2 1 3 0 2 3 0 0 9 4 0 0 
0 5 0 8 0 8 48 0 5 26 4 1 1 6 5 0 3 4 3 1 1 1 0 1 9 1 1 0 0 3 2 1 2 1 1 1 2 0 1 13 1 1 2 2 0 1 5 0 0 20 0 1 7 0 4 27 0 7 0 4 3 17 0 226 
1 3 0 9 1 0 0 5 4 1 1 0 0 54 0 1 2 3 9 0 43 10 4 1 1 0 6 0 12 0 6 1 426 0 0 11 3 94 0 10 2 4 6 0 2 3 1 7 7 0 0 1 1 6 1 5 12 0 4 0 1 0 0 1 
0 3 1 0 0 0 241 7 1 0 2 75 1 0 1 3 2 0 2 9 0 0 3 2 0 0 3 11 4 4 3 1 4 2 0 1 2 0 48 70 8 0 0 0 25 5 15 8 0 1 1 0 0 6 0 1 1 0 154 0 0 1 1 16 
3 0 2 5 6 0 1 0 1 4 2 10 0 1 0 0 2 0 17 0 0 0 0 1 25 2 14 4 51 4 11 0 5 14 12 31 0 11 2 7 10 13 1 2 4 6 1 0 1 7 1 0 0 0 0 5 13 0 2 7 13 0 0 0 
76 8 5 1 5 0 4 0 3 0 0 3 1 0 7 44 0 8 14 0 4 1 0 0 2 1 2 5 0 0 3 0 1 0 0 2 1 2 0 7 41 1 0 4 0 0 3 17 0 0 11 10 0 4 0 0 3 0 1 124 1 0 1 0 
8 0 3 0 0 5 1 12 4 0 0 5 2 4 24 0 6 4 0 0 3 0 3 4 0 1 3 4 1 7 1 0 4 1 0 8 8 0 1 0 1 0 2 21 4 1 8 5 0 20 5 7 2 0 0 0 0 7 6 0 0 7 0 1 
0 29 0 1 2 1 0 2 2 0 1 13 0 1 0 4 1 0 2 0 45 1 1 1 0 0 0 0 3 2 1 40 3 0 7 3 0 0 2 11 2 1 0 2 0 0 0 0 7 16 2 2 1 1 0 15 49 1 11 62 0 3 1 3 
1 2 0 1 2 2 0 1 3 2 0 0 12 0 0 1 4 1 1 2 1 0 3 3 5 13 0 6 1 7 3 0 0 7 1 49 34 1 21 11 0 8 1 3 2 2 3 2 4 0 1 0 4 29 10 0 0 63 0 14 1 1 41 1 
7 44 0 0 3 35 1 2 1 0 0 1 6 3 6 0 2 2 51 0 2 2 1 0 5 24 0 1 0 2 2 0 0 7 1 0 3 0 10 37 2 3 3 0 10 0 0 0 0 1 3 2 0 17 0 0 14 54 0 0 3 0 0 49 
3 0 3 0 1 111 10 25 1 24 5 10 0 9 0 1 6 0 10 1 0 0 18 0 1 109 7 0 1 4 15 0 0 1 1 3 0 28 0 1 0 3 6 12 8 14 0 40 29 0 8 10 1 2 11 13 90 4 6 0 0 1 2 0 
3 2 0 7 7 0 7 0 6 8 0 7 2 0 2 0 3 6 4 56 6 1 0 0 4 8 0 6 2 0 3 0 69 12 1 2 0 160 3 0 0 3 2 28 2 11 0 1 0 0 0 1 49 1 0 7 5 2 2 9 16 4 1 22 
1 0 1 2 3 16 0 2 4 0 4 0 1 4 5 3 1 0 1 6 4 0 1 0 2 3 0 1 24 3 2 6 0 2 1 1 0 0 1 0 1 6 3 3 1 14 38 2 24 0 5 0 2 7 0 0 0 33 2 0 2 4 4 1 
2 10 0 0 1 7 9 0 3 1 6 0 0 0 1 74 0 1 16 2 0 1 0 0 2 0 7 2 18 17 1 26 3 22 0 50 3 0 1 7 23 0 16 0 0 2 1 1 10 2 2 7 1 4 15 34 2 1 1 1 5 1 4 1 
3 2 0 0 0 0 0 3 0 13 3 0 3 11 1 0 2 2 1 1 9 0 1 1 8 7 4 4 6 6 1 0 0 3 1 3 0 0 0 0 0 2 0 3 2 24 5 0 0 1 24 243 0 1 1 0 8 0 0 0 0 0 3 1 
0 0 30 4 1 0 0 1 1 94 3 5 5 1 2 1 1 5 4 0 5 1 0 1 2 0 4 2 10 0 24 4 1 1 0 9 3 3 9 18 1 2 10 23 0 12 0 2 0 1 0 2 0 3 1 2 71 0 36 32 1 51 0 0 
3 1 31 7 3 0 5 0 7 149 2 0 1 9 10 6 0 9 0 0 5 11 1 2 5 20 8 12 1 1 1 30 0 7 2 4 0 31 1 4 8 0 2 0 20 0 0 0 2 8 5 0 14 3 4 1 17 9 9 15 0 5 7 4 
0 7 0 2 4 2 5 43 0 2 2 1 13 8 27 22 4 2 5 153 6 0 1 0 0 0 0 3 1 0 0 1 2 5 1 21 17 1 1 0 0 1 2 0 10 0 1 2 8 0 0 6 7 1 1 8 10 1 0 1 24 63 72 9 
1 1 5 1 0 1 8 27 6 0 17 2 1 4 2 1 0 3 9 5 1 0 0 1 46 6 31 4 4 1 2 4 0 13 0 0 0 3 5 34 1 173 2 2 0 6 18 1 1 0 6 0 1 0 1 0 1 1 1 0 43 10 0 1 
2 12 4 2 1 0 0 1 21 2 0 1 1 9 0 12 1 9 0 34 2 0 11 5 1 23 1 19 1 3 0 1 2 1 0 0 3 60 6 0 6 1 0 11 0 0 0 4 0 0 9 1 4 5 3 1 13 2 17 7 0 32 0 1 
3 1 98 7 7 0 0 0 4 1 0 27 0 81 1 58 2 11 2 2 2 5 0 3 0 1 2 1 0 4 2 3 5 1 3 40 1 1 0 0 0 7 0 1 4 4 4 42 2 3 0 0 3 1 2 1 3 0 9 1 9 2 1 1 
43 71 14 2 1 1 7 2 1 0 1 6 2 0 3 26 19 4 2 1 0 0 3 0 0 1 0 125 0 6 0 3 5 2 9 0 0 3 3 0 0 1 2 1 30 1 0 2 0 0 2 0 0 0 0 9 6 17 6 1 2 3 0 0 
33 0 0 121 0 4 3 4 1 72 0 0 0 2 4 2 4 0 0 2 0 0 3 0 0 5 1 32 9 2 11 1 0 0 0 0 0 3 0 14 37 0 0 0 8 0 0 15 1 3 0 6 2 1 0 1 1 2 7 6 384 0 0 9 
1 15 0 22 3 24 1 0 2 0 123 10 1 4 0 5 2 1 14 7 0 6 7 1 0 1 0 2 3 1 12 12 3 0 3 0 1 5 0 0 0 0 16 0 0 1 1 0 3 0 7 2 35 5 5 5 3 0 0 1 0 10 0 1 
0 112 6 6 1 9 9 4 6 1 84 226 15 1 0 8 1 1 5 3 0 5 1 2 0 1 0 21 6 2 4 7 9 14 147 10 0 199 2 0 0 4 1 1 1 0 4 3 6 0 4 0 0 0 0 3 0 0 0 0 0 1 1 1 
2 0 5 0 1 1 0 0 2 0 0 0 1 5 0 1 0 8 0 0 6 2 0 2 22 0 4 1 0 20 0 0 244 0 2 4 1 0 0 12 1 0 6 1 19 0 4 8 5 1 0 7 1 2 1 5 0 2 0 14 26 1 0 3 
2 0 0 2 0 6 2 0 3 6 1 0 0 6 4 5 1 0 1 0 0 34 2 4 0 4 0 3 9 0 19 3 1 0 0 0 1 0 0 2 3 9 0 0 1 1 1 3 0 0 1 4 1 5 1 1 6 0 1 1 6 0 15 13 
0 14 23 0 4 0 1 0 5 0 42 0 5 24 0 3 0 8 4 2 21 1 30 0 3 0 9 17 0 0 0 60 0 1 3 19 0 2 3 0 2 4 0 1 1 14 0 8 1 0 0 3 5 2 1 3 0 4 0 33 3 9 0 1 
4 2 18 2 0 1 4 0 4 0 18 8 0 1 0 12 8 1 119 0 0 2 3 0 0 3 1 3 4 0 16 0 5 0 4 2 17 0 0 1 0 32 0 8 0 18 1 4 30 5 1 4 2 0 0 0 6 3 1 1 343 0 0 7 
1 4 3 0 0 15 0 1 1 2 0 10 2 3 0 1 7 3 0 3 2 0 1 5 0 0 16 0 0 1 57 0 0 5 22 18 12 15 9 15 0 0 6 10 5 4 0 0 2 1 0 2 0 1 13 93 0 0 0 2 1 0 0 0 
60 0 1 0 1 24 4 0 0 1 1 25 1 2 2 0 0 7 0 0 0 0 0 0 11 1 0 3 2 7 1 0 2 0 0 1 0 3 4 1 75 2 1 2 1 0 2 35 5 0 2 0 0 19 9 0 33 0 3 0 4 6 0 21 
1 104 0 2 254 1 451 6 1 3 1 4 2 0 1 13 3 0 1 3 5 1 1 0 0 3 2 0 0 4 2 9 1 0 0 1 1 3 21 25 8 6 2 2 2 1 8 12 7 0 11 16 3 0 14 4 26 6 5 2 0 3 0 11 
7 53 0 0 19 0 0 1 0 7 2 0 4 1 9 1 1 2 98 0 2 3 0 2 0 8 1 2 47 0 0 20 1 20 8 0 5 0 18 1 1 0 0 26 0 1 125 4 1 23 2 11 4 1 0 0 3 0 0 13 2 10 0 22 
0 15 0 6 1 21 0 42 0 4 2 1 4 0 1 0 1 1 8 0 1 0 19 1 1 1 0 53 0 5 0 2 17 0 2 8 0 2 0 7 0 0 1 1 0 0 0 0 22 3 0 7 1 0 0 0 2 5 1 7 6 6 1 0 
5 4 4 1 22 3 0 0 17 0 6 6 0 1 0 6 7 0 2 3 4 2 0 0 19 4 2 0 3 31 60 3 0 11 0 3 31 4 22 3 2 0 0 0 7 0 7 37 4 0 5 1 10 3 0 2 2 0 0 4 3 40 2 3 
0 2 2 1 12 0 0 0 30 2 0 1 0 2 0 0 29 5 2 9 8 0 2 1 1 0 1 8 0 5 1 0 17 0 14 2 1 0 0 12 2 1 3 6 2 4 4 15 0 1 0 1 16 9 1 3 3 11 0 6 17 0 1 0 
3 1 49 0 1 44 1 0 10 2 0 2 7 0 1 0 1 0 1 5 8 10 3 0 0 0 4 0 1 10 2 0 5 6 1 2 2 24 0 0 0 1 0 1 1 6 0 1 40 45 0 19 17 0 1 1 3 1 0 1 0 0 10 25 
0 7 1 9 0 1 0 0 32 45 0 0 1 1 13 0 23 0 0 2 0 0 10 2 4 2 11 5 2 0 1 2 2 1 2 21 0 0 1 0 11 0 1 1 0 0 0 4 3 1 1 2 0 1 0 18 0 2 1 15 7 3 0 25 
1 3 26 9 1 1 0 0 6 0 0 1 10 0 0 2 3 30 4 2 1 0 1 2 2 4 1 1 0 4 2 0 0 1 9 2 2 0 1 4 1 5 23 0 3 65 5 1 0 4 0 20 0 0 16 10 11 1 2 0 0 1 1 1 
4 6 0 0 0 5 0 0 0 13 1 3 0 5 1 1 0 7 5 1 5 0 1 1 2 1 0 1 4 1 8 7 23 1 0 0 8 0 1 0 1 0 0 4 8 1 1 0 0 7 2 0 1 7 1 4 22 22 2 7 0 0 1 0 
0 8 4 0 199 0 0 7 1 0 2 0 1 0 3 0 15 1 9 3 2 27 5 4 5 0 1 2 4 3 28 8 3 1 3 1 1 2 1 8 2 10 52 3 0 2 0 4 6 0 0 38 2 0 1 1 1 0 585 10 0 0 0 0 
3 2 0 0 0 10 1 11 4 3 3 0 14 0 0 3 0 9 1 1 0 0 2 0 4 10 25 0 0 33 0 2 0 10 11 4 5 1 6 9 2 2 5 2 1 3 13 0 1 1 2 3 0 9 4 6 5 0 0 0 0 0 0 7 
1 17 66 8 10 0 5 1 22 6 1 3 3 1 0 0 0 1 6 10 2 0 5 2 1 42 1 3 3 2 7 0 20 0 39 4 5 0 4 1 8 1 1 27 1 4 0 3 2 1 2 4 1 1 1 45 0 24 9 0 0 7 8 0 
4 1 1 0 1 3 3 5 0 6 0 2 0 1 0 11 25 0 30 0 6 0 4 33 1 1 1 8 1 8 5 2 0 2 0 70 0 2 129 1 62 5 1 1 1 1 0 0 1 0 0 1 3 0 0 30 19 1 7 1 0 4 1 9 
6 0 1 5 1 102 2 2 1 10 1 0 7 0 0 0 0 1 1 5 99 0 7 0 13 1 0 7 9 0 6 0 3 1 4 144 18 3 9 1 0 6 2 0 6 1 3 1 5 0 14 0 0 1 0 17 0 2 2 3 33 0 0 19 
0 9 5 2 0 3 25 2 1 3 17 5 1 29 1 0 1 3 1 0 0 12 2 20 11 7 7 1 10 0 3 1 0 3 0 3 0 0 0 4 5 5 34 1 5 0 22 26 2 1 1 6 2 6 0 1 0 4 11 1 0 0 3 0 
0 3 2 0 1 9 0 1 5 7 2 6 23 1 5 0 1 4 1252 0 0 2 34 2 1 0 0 12 14 2 0 1 3 6 1 4 6 0 0 5 1 0 3 11 1 16 0 1 1 1 13 2 0 2 1 0 43 0 1 0 0 30 0 0 
0 0 25 0 1 2 1 3 18 1 24 1 50 1 0 1 9 0 0 0 3 6 41 1 0 1 29 1 1 0 2 12 3 0 0 3 0 0 4 7 1 1 12 1 5 5 1 3 0 0 0 1 6 2 0 0 5 19 0 60 0 0 4 1 
1 2 17 13 15 17 1 1 3 21 1 0 0 1 2 1 1 17 0 0 0 6 0 23 1 0 9 8 39 1 0 6 0 0 3 4 7 10 1 8 0 7 2 0 9 0 2 1 2 1 1 1 18 1 8 0 1 18 1 2 3 3 1 2 
5 8 0 0 0 1 2 0 4 2 1 1 14 0 0 9 10 1 0 0 1 1 1 0 1 0 3 0 22 0 2 13 0 0 1 5 0 24 8 3 1 0 1 3 0 6 6 0 1 1 0 0 5 0 1 1 2 0 24 22 35 1 0 0 
5 7 1 4 1 13 2 2 5 0 17 1 1 1 0 0 2 12 0 1 2 0 1 0 1 9 1 2 0 1 2 9 6 2 3 2 3 1 1 3 0 14 13 4 8 2 2 0 4 0 1 2 1 0 0 0 1 4 33 1 4 0 15 0 
0 18 1 1 1 16 16 2 2 0 5 0 1 1 0 4 1 1 8 0 1 2 5 6 0 7 0 0 0 3 0 2 50 2 0 0 3 2 1 15 14 4 14 1 1 1 0 0 2 0 0 1 0 0 1 1 87 2 0 0 41 6 3 7 
1 11 4 0 4 10 0 0 37 2 14 5 8 6 2 0 1 0 2 0 0 2 8 52 2 36 1 1 1 0 3 3 1 9 1 1 2 3 1 1 0 13 2 1 1 1 10 6 7 2 31 3 1 1 44 33 12 0 13 0 3 0 0 4 
0 0 7 24 1 0 6 0 1 1 2 59 0 0 2 0 1 1 8 12 3 1 7 0 0 28 87 1 1 1 0 3 0 0 30 1 0 3 1 0 3 8 37 0 1 227 1 4 112 0 11 9 1 0 0 7 9 13 0 0 0 0 0 1 
1 1 1 3 0 6 24 13 50 5 0 2 11 0 12 6 0 166 5 8 0 0 0 1 1 0 1 5 28 0 0 0 1 11 201 0 2 0 29 0 1 1 0 1 11 1 0 2 16 1 0 1 1 0 12 0 2 2 3 5 0 6 1 43 
0 0 5 6 1 0 18 35 17 33 0 3 3 6 0 6 0 1 2 0 29 1 0 7 0 159 1 2 36 4 375 4 16 2 15 0 0 22 0 14 1 0 0 14 1 0 0 1 5 3 3 3 2 0 4 148 0 0 1 12 0 0 0 0 
5 0 0 0 1 0 0 2 0 7 0 0 2 9 30 12 8 1 0 0 16 9 33 8 0 365 0 0 1 1 0 4 1 26 0 0 3 0 10 5 1 0 1 2 0 1 0 1 17 0 1 1 14 0 0 1 3 4 4 0 1 1 1 0 
1 5 5 1 5 3 0 1 0 1 0 0 3 2 0 0 3 0 16 4 3 4 4 0 1 0 0 1 1 15 0 11 1 70 5 0 32 1 16 0 3 1 23 6 0 9 0 3 1 1 5 28 8 1 4 0 0 0 1 4 0 117 10 1 
47 0 0 27 0 0 0 0 51 0 1 8 0 3 24 24 0 0 1 1 2 0 0 12 6 2 4 2 0 1 0 14 7 1 3 7 2 0 1 96 1 1 0 0 7 6 0 1 2 3 0 30 2 1 0 10 6 2 1 0 4 0 0 146 
2 0 13 0 1 1 10 2 0 7 1 1 106 2 9 0 0 0 0 3 36 5 4 1 3 25 1 3 2 18 2 10 0 31 2 6 0 0 1 0 0 0 1 0 1 0 8 14 4 0 0 0 1 2 4 5 23 0 8 1 0 0 6 1 
0 2 0 0 0 0 4 0 0 0 34 1 3 4 2 0 3 0 2 0 1 11 0 4 4 0 1 3 5 1 20 45 4 1 2 1 0 2 3 0 0 12 1 0 0 1 0 0 3 0 0 6 0 7 0 2 13 133 2 0 0 1 0 11 
0 1 3 0 0 0 2 1 0 1 2 2 0 0 4 7 7 1 0 0 7 0 7 2 4 2 2 5 1 0 0 0 0 1 0 10 2 25 3 1 3 45 1 2 0 104 19 0 1 0 2 1 0 10 0 3 4 1 13 9 0 0 0 0 
0 1 0 0 8 0 4 11 1 1 1 1 28 3 0 1 1 0 0 1 10 0 1 6 2 4 0 0 3 0 5 3 0 1 2 5 0 0 0 0 6 10 0 75 0 3 0 1 0 0 2 0 1 0 4 2 0 10 3 0 3 0 0 1 
0 1 1 1 0 1 11 4 196 52 6 1 14 3 1 3 10 2 1 0 1 0 8 2 9 0 1 4 5 1 3 1 0 0 5 4 0 69 1 0 1 0 5 0 0 8 2 0 9 0 10 9 0 11 2 7 0 0 0 186 2 36 4 1 
0 3 105 0 7 0 7 0 2 3 0 0 23 18 1 1 12 1 0 0 9 2 3 0 1 1 2 3 3 43 1 2 1 0 0 0 0 3 5 4 2 4 8 42 3 2 0 2 2 0 1 9 1 0 0 1 1 48 0 1 3 0 0 11 
10 1 5 27 0 0 2 32 7 176 0 2 0 4 1 0 0 2 2 0 1 19 0 1 0 16 10 2 1 12 15 2 1 0 2 0 2 0 0 3 5 14 2 0 4 1 0 1 5 3 2 1 0 6 21 0 2 7 3 18 2 1 4 0 
0 2 0 0 0 1 2 1 2 0 0 43 0 4 30 5 0 0 1 9 1 2 8 25 0 0 8 0 46 2 0 6 0 0 1 3 0 1 0 1 1 0 0 1 1 0 5 12 3 32 0 0 0 1 43 1 0 1 0 11 1 1 12 10 
7 6 2 0 0 0 0 1 2 2 0 0 6 0 0 47 4 3 45 1 1 0 0 0 89 0 2 1 1 1 14 1 12 0 0 1 0 0 0 1 19 0 0 4 12 5 5 1 0 1 0 23 8 0 0 2 0 2 0 4 7 1 27 0 
0 23 9 0 5 11 1 1 2 1 2 8 1 8 1 0 7 13 1 0 18 50 4 3 0 3 0 11 1 6 1 3 29 0 0 8 0 0 1 2 0 1 4 2 0 1 0 1 1 5 0 0 2 1 1 0 0 1 4 0 1 1 6 1 
4 0 1 8 0 1 2 13 0 1 1 0 0 4 3 0 28 0 3 5 0 0 0 3 1 2 5 6 2 0 2 0 44 1 51 0 3 1 10 0 2 1 0 7 0 7 61 1 0 1 1 62 70 2 1 2 1 0 6 1 1 2 9 14 
0 3 5 0 1 2 22 0 1 0 0 4 1 3 1 1 19 0 5 6 5 26 4 2 1 8 1 0 1 0 27 1 16 77 1 68 0 3 6 7 19 6 3 1 0 2 2 3 3 14 3 1 0 0 1 0 0 2 8 0 0 2 0 3 
0 1 0 0 0 1 3 6 9 32 0 0 0 4 0 0 2 2 3 0 7 4 20 0 18 4 3 1 11 1 20 3 0 0 13 1 2 5 0 1 8 0 2 0 4 0 3 5 2 0 6 0 0 1 0 0 0 1 0 0 12 0 3 2 
0 0 19 2 15 1 0 2 1 0 1 26 1 2 10 0 0 1 1 14 29 3 0 30 1 8 8 2 1 2 3 18 47 0 0 1 3 1 0 9 2 0 0 0 3 0 40 26 54 0 1 68 1 0 15 8 0 7 1 12 3 12 1 1 
10 0 1 2 103 10 5 2 1 0 5 8 9 1 41 0 3 0 1 0 1 137 0 0 0 393 0 0 11 0 1 0 0 1 0 1 47 2 1 1 2 0 2 2 0 4 2 0 0 2 2 2 6 6 93 2 0 1 3 9 3 0 0 11 
0 2 34 0 6 1 0 42 0 1 14 45 0 5 0 1 6 21 5 1 2 1 61 87 0 1 0 1 17 1 2 2 214 0 2 2 0 7 0 0 1 4 10 2 1 0 1 1 0 2 1 2 0 2 5 3 0 1 15 0 2 1 4 1 
0 0 1 2 0 0 4 0 0 0 5 5 3 1 19 0 1 24 11 1 17 1 2 16 4 3 0 14 9 7 1 4 0 11 3 6 1 0 1 0 47 8 4 1 0 6 3 0 7 3 2 0 10 0 5 4 1 0 7 9 5 2 0 0 
3 12 0 2 0 1 13 4 0 0 0 1 2 0 1 6 11 2 0 0 0 4 0 7 0 1 1 13 8 3 3 9 0 1 0 1 1 0 55 0 38 4 3 12 1 1 2 0 0 89 55 0 2 2 4 2 23 0 0 8 0 6 0 2 
7 0 1 1 6 2 3 1 0 1 4 2 1 16 0 12 0 0 0 0 150 0 9 0 1 5 7 6 17 0 1 1 1 0 3 0 0 0 0 0 1 15 7 0 0 0 2 6 0 5 1 0 5 0 1 22 6 6 0 8 3 3 56 2 
2 1 2 5 0 3 3 0 4 2 1 0 7 1 9 25 0 0 3 7 1 1 7 3 0 0 1 3 3 0 7 2 3 0 4 0 1 13 1 6 0 3 3 6 6 1 0 0 2 5 38 1 0 0 2 2 0 1 2 8 0 2 0 0 
0 4 2 0 7 2 77 1 26 7 0 4 0 0 5 12 0 2 2 3 12 0 0 1 3 0 1 0 4 10 0 20 11 0 0 7 0 0 0 6 12 0 2 0 0 4 11 1 11 2 10 0 4 1 0 1 14 0 5 0 12 0 5 49 
114 91 0 2 1 35 6 2 4 0 2 1 0 2 0 2 1 3 2 27 0 0 0 9 2 2 3 1 121 8 201 0 1 1 0 2 91 7 0 0 1 2 1 0 1 0 21 1 213 0 3 1 0 9 0 1 3 4 8 0 5 6 263 6 
3 47 2 1 1 0 7 0 1 4 1 0 10 0 3 1 0 0 4 1 14 0 73 6 0 7 0 0 3 0 11 3 1 4 0 0 0 2 1 11 5 1 0 3 7 3 0 23 1 13 1 12 1 16 0 0 4 2 2 0 0 7 7 1 
12 3 0 0 7 1 2 1 7 0 1 0 2 5 7 1 0 1 0 0 0 0 2 0 0 2 3 10 9 0 1 0 1 4 0 0 1 2 7 9 0 4 14 0 0 10 1 1 0 25 0 0 1 31 6 0 8 0 5 14 1 0 0 1 
0 1 3 3 2 6 0 27 3 0 8 0 1 2 1 8 7 1 171 2 6 35 1 0 1 4 4 15 3 1 7 9 6 2 2 1 39 1 6 2 4 0 6 3 2 6 4 2 1 94 8 5 2 0 11 0 9 0 2 4 3 0 0 0 
6 0 11 0 26 0 16 0 0 5 1 1 0 0 1 1 1 42 0 0 0 0 4 1 5 0 0 5 0 0 0 1 26 1 10 1 5 14 2 2 0 10 4 0 8 5 131 2 0 28 12 3 7 1 9 1 0 33 11 0 0 1 0 18 
0 6 6 2 7 505 0 8 19 6 0 2 0 1 0 2 0 0 13 2 1 0 0 3 2 4 0 7 0 3 0 4 1 1 20 3 13 1 11 1 1 100 1 0 0 0 0 19 0 0 1 2 3 0 7 0 0 0 0 0 0 0 0 0 
0 1 0 2 0 0 1 12 3 1 27 82 0 1 2 1 0 1 7 0 30 0 8 0 0 1 0 4 9 2 5 13 9 0 0 0 0 2 3 2 0 4 20 2 5 31 0 0 3 1 71 0 2 0 0 1 1 0 0 0 1 0 0 1 
26 4 2 0 1 0 10 1 1 1 0 6 4 3 2 0 1 19 0 0 0 0 0 58 65 4 0 11 6 4 3 15 0 12 71 0 6 27 0 0 1 0 0 1 1 0 0 0 7 0 0 0 0 1 16 1 0 1 3 3 2 0 0 137 
266 2 2 0 6 1 7 3 1 2 2 1 0 5 6 0 3 3 6 9 1 6 0 2 9 2 1 6 0 0 0 1 21 0 2 11 0 0 0 19 3 4 1 0 0 5 18 9 0 2 37 10 11 1 0 1 0 0 2 0 16 0 0 0 
1 0 4 3 0 0 0 1 0 1 1 46 4 0 0 3 0 0 1 6 2 11 0 0 9 24 0 0 2 0 0 38 12 4 0 8 0 0 0 1 0 1 0 0 5 0 13 2 12 0 5 1 0 0 1 4 33 2 0 9 115 2 0 0 
1 68 9 7 0 37 2 0 0 0 0 4 8 2 5 2 0 19 8 2 5 9 2 0 3 0 1 4 3 6 0 4 0 0 0 5 4 8 1 6 1 87 6 0 0 1 3 1 8 0 5 9 2 0 1 3 11 1 1 1 0 1 0 1 
0 15 84 0 0 17 69 0 3 0 1 0 1 1 3 2 352 10 3 22 0 6 0 0 3 0 10 0 10 1 0 1 0 3 0 0 10 4 4 9 66 11 463 1 3 43 1 2 1 0 18 0 1 4 67 10 3 2 5 0 2 0 9 0 
0 0 49 16 0 1 3 1 0 8 0 1 1 1 0 6 0 6 0 0 7 4 0 0 0 0 2 0 1 2 2 0 3 0 4 0 1 0 5 0 2 1 1 89 0 2 0 0 0 4 7 122 2 2 2 5 0 1 1 2 0 10 30 0 
4 12 2 1 5 1 2 0 1 0 6 0 1 0 29 0 0 0 1 2 0 5 1 18 4 0 18 0 18 17 1 1 1 10 53 0 2 1 11 0 1 1 21 2 0 4 3 0 0 1 0 0 6 8 1 2 0 18 0 0 2 1 6 4 
2 8 0 2 3 0 0 10 3 2 10 1 0 17 2 6 2 8 53 1 2 2 0 0 0 0 28 1 0 19 0 0 0 8 0 1 4 0 0 0 0 0 0 3 2 1 6 0 0 0 31 0 2 6 2 7 1 0 1 1 3 3 0 0 
0 0 1 16 20 5 0 4 2 6 4 1 1 3 51 0 3 7 0 3 0 1 0 5 4 3 0 0 0 2 0 0 0 2 10 2 0 4 0 23 3 1 7 0 4 13 0 103 21 14 1 24 3 40 0 0 2 10 0 0 10 2 1 0 
1 5 3 94 0 20 0 0 2 0 1 0 0 0 0 1 2 0 0 0 5 7 10 5 18 20 6 4 6 42 10 21 5 0 0 1 0 0 5 12 2 0 0 1 16 3 1 0 0 57 0 1 15 0 0 0 13 6 3 3 0 10 1 2 
1 19 0 0 0 58 0 1 1 12 1 0 0 1 0 32 21 1 2 0 7 0 0 1 1 13 0 0 13 0 5 3 2 8 0 1 1 2 3 6 21 1 9 3 1 7 1 3 0 0 1 0 3 43 6 0 3 1 2 0 1 6 2 0 
21 9 22 0 0 1 1 1 1 5 3 1 2 1 18 11 138 1 2 1 1 0 0 0 1 14 1 1 0 22 1 6 1 0 2 9 24 1 1 6 0 19 1 6 10 2 7 0 0 1 0 11 1 4 22 2 0 1 0 6 1 2 1 15 
0 1 0 1 0 5 5 22 6 6 7 0 2 0 14 1 168 2 1 0 3 47 13 1 3 22 0 121 0 0 8 43 60 0 1 0 2 1 7 1 24 0 15 0 2 4 0 0 1 7 1 2 2 6 15 2 4 0 2 0 0 0 0 1 
1 5 2 18 0 3 9 47 1 5 0 1 0 0 5 5 1 0 11 0 2 28 0 0 8 26 1 1 2 8 0 1 2 1 14 0 5 1 6 9 13 1 9 0 0 1 3 0 0 4 0 7 2 1 1 4 0 9 4 0 6 18 1 1 
2 0 6 6 3 42 3 0 1 0 1 0 0 0 0 2 0 49 18 2 1 17 1 6 330 0 1 7 8 2 0 5 2 1 8 0 7 6 0 0 0 1 0 1 1 6 12 0 8 0 0 1 0 1 6 5 10 7 2 1 4 0 0 0 
3 26 1 0 24 0 4 0 0 0 0 5 3 8 0 33 6 2 1 51 3 2 3 0 1 10 1 1 0 2 1 0 3 6 0 1 9 4 1 77 1 1 1 3 6 3 5 5 2 1 1 7 1 1 0 0 0 3 19 1 1 1 1 0 
128 20 2 0 17 18 1 0 3 63 9 1 6 0 5 7 1 0 1 8 7 0 1 0 0 4 11 1 1 3 0 1 0 4 0 5 7 1 1 22 16 4 0 13 11 0 0 20 0 2 22 1 11 2 0 2 0 0 1 0 0 1 1 3 
0 5 6 8 0 1 4 12 17 0 4 0 1 4 2 1 0 1 2 0 2 3 4 0 0 5 0 0 0 1 0 6 1 3 0 9 6 1 1 2 8 2 0 4 1 0 0 1 24 6 6 2 0 2 0 0 0 7 1 1 7 23 32 5 
1 1 1 0 8 5 3 4 1 0 0 11 2 1 1 0 1 5 4 25 9 2 3 5 10 0 0 23 0 1 2 1 7 0 0 7 1 0 5 28 0 0 0 0 0 0 1 1 0 5 0 1 0 2 1 1 1 63 2 0 0 0 2 1 
3 4 2 4 0 0 0 3 0 0 8 3 165 1 3 1 9 3 13 0 6 7 13 0 0 11 5 1 0 0 6 8 3 1 4 6 0 2 0 0 0 3 0 2 4 0 2 8 0 1 0 7 0 8 0 20 0 0 25 1 0 1 2 0 
9 7 6 8 0 75 0 0 5 1 0 7 0 2 1 1 0 0 4 7 1 4 41 2 7 8 1 5 1 1 0 0 6 10 2 1 0 2 2 37 1 1 1 39 29 2 3 0 0 0 4 1 0 1 0 68 3 18 2 0 0 1 0 0 
4 1 5 9 6 1 5 44 0 0 1 4 13 7 3 5 5 1 0 0 1 46 5 97 0 1 2 35 1 22 3 1 28 3 1 9 0 2 2 5 33 5 0 0 51 151 1 2 4 2 2 0 3 2 2 14 0 1 0 3 1 56 1 0 
1 1 0 0 2 1 2 1 39 1 0 0 2 1 6 5 7 0 0 2 27 0 56 1 126 10 18 0 1 122 3 0 0 1 0 1 25 1 6 12 1 0 0 1 2 9 0 0 0 0 3 3 1 5 0 2 26 2 1 0 11 0 6 0 
0 20 6 0 0 1 0 6 29 0 0 9 0 0 1 1 1 0 0 26 11 0 1 10 5 0 0 3 1 2 0 1 1 4 0 0 1 23 4 8 0 39 27 0 3 0 0 3 1 32 2 0 26 2 11 0 2 94 1 0 3 0 2 19 
0 0 15 0 2 5 4 0 0 0 2 8 28 3 39 4 0 1 6 1 0 0 0 0 0 0 0 7 1 1 0 1 5 0 0 0 3 0 3 0 4 1 2 1 33 3 4 0 0 1 0 20 0 7 3 0 9 0 15 0 0 7 111 1 
2 12 3 2 2 0 18 1 0 1 5 2 0 0 0 6 0 1 0 0 1 1 0 5 0 0 5 3 0 1 3 0 4 18 1 1 0 0 4 0 91 7 0 11 2 11 0 1 9 17 3 0 3 10 1 2 5 0 0 2 0 1 0 1 
1 2 1 0 0 1 0 1 4 0 1 0 1 0 0 1 1 2 14 3 0 6 3 6 1 1 0 6 7 0 2 2 2 5 0 19 0 3 32 0 0 0 0 5 1 10 3 0 0 0 0 5 0 2 0 0 33 0 1 2 4 50 3 6 
3 0 2 3 8 2 0 1 0 0 0 1 36 1 8 0 0 1 2 0 28 6 1 0 16 0 7 1 1 3 1 66 4 15 0 1 0 9 0 0 0 11 0 4 14 0 1 0 5 14 0 0 0 6 9 5 1 39 0 0 3 97 2 0 
8 1 11 1 0 3 2 14 1 1 0 0 0 2 4 3 1 0 0 3 0 1 1 11 0 1 0 0 1 24 20 0 1 1 1 0 18 1 0 8 6 5 1 7 3 2 0 15 0 1 4 7 1 0 2 52 4 0 98 0 8 69 0 3 
0 10 1 29 0 0 5 9 15 9 0 0 2 0 12 2 0 2 4 0 0 0 0 0 7 4 1 1 29 2 30 4 0 5 0 13 0 4 1 0 1 0 1 0 1 4 0 1 2 4 1 2 7 1 7 0 0 0 2 6 1 1 1 0 
0 7 1 2 5 0 12 2 2 0 0 0 2 0 1 0 8 0 38 9 5 0 1 0 0 2 0 1 2 3 0 1 0 1 0 6 12 4 0 3 1 16 6 1 4 0 0 0 7 2 0 3 0 15 11 645 3 0 3 5 3 0 3 3 
0 19 1 0 0 9 0 5 2 9 3 0 2 21 0 4 8 12 0 8 6 1 1 1 9 0 1 2 3 2 2 81 0 1 17 0 19 0 0 7 0 32 1 0 0 2 2 1 1 5 6 26 3 0 1 2 0 0 2 2 0 1 115 5 
0 1 12 1 0 1 0 0 0 2 2 1 0 0 0 2 0 2 0 1 0 1 2 0 5 4 16 1 1 12 0 0 3 1 0 0 2 3 60 2 0 28 4 0 21 25 1 0 1 1 0 4 8 0 0 0 1 2 0 0 0 0 22 18 
1 10 0 61 0 2 1 15 0 3 0 3 0 1 2 0 9 0 11 5 0 2 1 0 0 3 0 2 6 0 22 0 0 6 0 0 0 1 0 1 11 47 0 6 3 0 1 27 1 0 3 0 2 1 5 3 0 0 7 12 3 3 1 0 
10 5 17 4 4 3 6 0 1 4 0 8 10 1 0 0 1 3 6 0 3 2 9 0 0 2 1 6 0 35 1 0 1 5 0 10 1 1 0 1 2 3 4 0 0 18 0 5 7 2 1 3 26 3 0 0 0 3 1 0 0 768 17 33 
11 4 0 0 100 9 7 0 0 1 10 0 1 18 1 24 2 1 1 1 3 1 11 1 8 0 2 2 1 4 2 0 0 0 6 35 4 5 2 0 0 17 0 6 0 1 19 0 1 4 7 1 0 1 65 4 7 3 0 8 13 61 27 0 
5 0 2 6 0 5 5 0 32 1 1 0 5 3 0 0 1 0 28 2 49 5 0 33 1 90 0 0 0 2 0 2 9 2 80 4 14 1 6 0 0 0 2 2 6 1 0 1 7 1 0 0 1 1 3 0 8 33 0 10 3 1 1 1 
2 1 2 5 8 0 1 0 0 11 0 1 0 2 1 14 12 21 1 5 7 0 4 12 1 1 7 12 4 77 1 0 1 12 2 34 0 1 7 0 1 0 0 0 11 2 19 1 21 0 0 0 2 0 28 0 0 5 1 1 4 4 0 0 
0 4 0 4 0 0 0 0 0 6 24 5 22 1 1 4 23 0 8 0 8 0 24 0 538 10 3 0 3 9 1 5 3 11 19 0 4 0 1 1 2 0 2 1 28 12 2 5 1 3 12 2 23 5 1 0 48 0 2 3 7 1 2 14 
2 6 22 1 4 0 0 112 12 2 1 1 0 29 2 0 0 0 47 1 0 0 5 1 0 0 6 1 0 11 7 2 11 13 2 2 34 6 1 1 9 8 2 1 0 0 1 24 22 31 0 8 2 15 0 1 1 13 21 2 4 3 23 3 
1 1 1 9 0 0 1 4 1 0 0 14 0 3 45 3 0 0 0 1 3 3 0 2 1 1 3 3 0 16 3 89 1 1 0 1 0 2 2 0 0 0 1 8 0 0 2 55 6 8 1 3 6 0 0 0 0 8 6 1 1 0 0 2 
5 26 8 10 1 0 4 0 0 0 1 3 0 0 2 0 0 0 1 1 7 0 2 0 0 8 13 8 3 5 1 1 2 0 8 0 0 0 0 0 0 0 1 1 4 1 1 0 1 0 2 2 7 3 14 1 0 9 1 1 0 5 1 9 
16 13 6 20 0 0 2 4 1 3 0 4 0 30 2 0 0 0 82 1 0 14 11 0 17 0 0 0 1 8 5 45 1 32 1 23 3 3 0 6 1 8 0 0 7 1 0 7 0 2 14 0 1 0 0 0 8 2 4 11 0 0 5 25 
4 3 0 3 1 0 2 0 0 1 34 2 0 2 0 2 0 0 2 6 9 0 4 2 5 11 1 1 0 8 8 1 107 2 1 0 7 6 12 0 31 1 14 1 5 3 10 8 1 11 16 6 2 32 27 0 4 0 0 1 0 3 14 1 
0 0 0 25 2 37 1 0 1 2 79 0 0 0 5 1 5 2 0 0 5 0 5 0 1 8 2 9 0 3 4 3 6 0 7 0 2 0 0 7 13 3 3 3 6 4 0 22 0 1 1 0 0 0 0 5 2 3 0 2 0 6 2 39 
0 8 0 0 8 0 0 2 52 6 6 3 1 10 38 3 928 2 3 3 7 6 0 0 1 10 0 91 1 6 0 1 1 4 2 0 13 1 148 2 0 2 0 0 0 0 8 1 2 1 2 9 2 2 0 0 7 5 4 1 0 0 1 1 
0 1 0 0 1 3 1 2 2 18 6 0 16 1 7 1 0 1 3 6 3 0 0 9 4 0 6 4 0 0 0 9 1 0 0 2 5 154 0 1 2 3 1 3 3 5 1 3 0 1 0 0 2 1 0 0 0 2 0 0 1 24 1 0 
94 0 1 0 0 2 5 0 1 2 2 2 6 1 2 2 9 6 0 1 0 7 0 11 0 4 1 1 1 8 0 1 3 13 0 0 0 4 0 1 1 2 31 19 5 2 3 0 23 6 1 0 47 4 14 0 2 0 0 0 1 1 53 1 
2 0 2 4 3 0 1 1 0 3 7 136 0 0 4 1 0 0 9 6 2 2 277 6 67 1 1 1 0 4 5 10 1 10 1 5 0 21 0 13 0 0 0 1 7 1 1 0 2 1 11 1 0 0 3 0 0 7 1 0 0 0 220 7 
2 0 28 0 1 0 0 0 0 16 0 4 12 0 0 7 33 0 1 1 5 23 1 2 1 3 2 10 9 0 17 0 4 9 0 0 1 13 0 1 0 0 5 5 3 1 2 6 7 1 0 1 1 2 3 4 58 5 1 32 0 0 0 3 
19 3 0 1 6 31 0 9 2 2 9 0 0 0 8 7 2 0 2 1 4 7 1 0 0 2 13 3 12 0 1 2 1 2 0 0 9 9 0 1 1 1 1 11 0 1 4 0 7 0 3 0 1 11 2 1 3 0 1 3 0 1 14 0 
8 1 5 0 3 1 1 0 7 0 1 25 2 3 0 4 0 5 19 7 102 0 1 80 0 7 19 20 0 3 0 0 1 1 0 0 5 31 0 2 13 15 0 28 59 27 10 2 0 33 0 0 2 0 12 57 1 0 0 0 36 1 5 0 
4 0 1 0 4 3 1 0 0 5 3 0 1 5 0 12 74 9 25 4 4 2 0 4 17 2 3 0 1 12 1 0 1 16 2 0 50 0 16 1 3 10 2 2 2 1 1 71 6 3 3 1 22 3 25 5 150 11 9 62 0 1 2 15 
2 0 2 0 0 0 2 6 25 23 0 0 520 1 1 21 0 2 15 2 2 6 0 0 58 3 2 0 1 8 11 0 1 8 1 5 5 0 2 5 0 14 3 1 231 39 30 2 3 1 2 5 1 1 4 1 1 5 0 0 0 28 0 4 
1 6 1 1 1 0 0 0 1 9 1 6 2 3 5 0 37 8 0 0 7 0 0 2 4 0 0 41 1 96 0 7 0 39 0 2 0 2 1 1 8 1 7 2 0 0 2 0 0 25 19 0 2 0 7 1 28 59 0 11 58 0 0 2 
0 0 24 4 1 2 1 4 0 0 1 2 4 5 1 2 0 1 0 0 0 24 6 5 2 0 1 0 3 1 3 0 4 0 7 0 0 2 0 2 1 0 0 0 2 0 7 1 6 2 1 1 0 1 0 3 13 1 0 2 1 8 0 12 
0 2 2 1 0 0 33 2 0 0 0 3 3 0 1 0 0 5 1 0 10 2 6 3 1 2 2 1 4 1 0 3 0 5 31 0 7 0 0 0 4 0 3 9 0 0 6 1 1 0 0 7 0 1 5 0 0 0 7 2 9 0 1 2 
0 0 2 0 4 5 4 4 10 11 27 2 4 2 3 0 20 2 6 4 0 152 1 15 5 28 1 5 8 15 11 0 0 3 0 0 0 2 4 6 0 7 8 4 75 0 0 0 1 1 19 7 5 2 1 0 1 0 0 1 0 78 10 0 
1 1 3 0 3 1 9 51 1 15 2 17 0 2 1 1 1 57 3 0 3 1 0 0 0 5 31 18 17 0 0 1 1 2 0 0 0 1 0 3 0 2 1 3 17 4 8 2 0 6 0 0 2 2 0 0 9 2 0 0 12 27 0 20 
1 0 0 0 0 274 7 11 11 3 11 0 2 0 4 19 1 26 1 10 195 0 101 0 2 5 0 0 8 18 16 5 10 58 4 2 1 0 1 1 5 1 1 7 13 3 2 0 5 2 5 2 1 1 2 3 22 3 1 0 1 0 26 1 
0 1 23 0 2 26 1 33 8 8 2 0 17 18 24 0 0 3 0 8 0 1 4 2 0 1 0 2 1 12 0 5 1 1 8 3 1 1 0 11 0 2 0 0 0 0 3 0 0 1 0 0 1 45 5 0 3 3 0 0 0 4 1 1 
3 0 1 0 0 2 0 2 21 0 8 11 1 2 0 1 1 2 3 0 0 1 5 0 0 0 0 11 4 36 6 0 0 1 17 13 1 0 2 0 0 0 0 0 2 1 1 0 20 0 1 0 2 0 2 1 4 71 47 38 8 12 0 1 
10 2 5 0 0 0 2 6 0 2 2 0 1 0 1 0 4 0 1 2 2 3 3 11 0 2 11 6 5 48 2 3 1 2 0 5 0 1 0 0 1 8 0 1 0 0 0 0 3 0 28 5 33 20 9 0 6 7 1 0 16 1 1 5 
6 9 1 9 0 1 0 0 3 0 2 0 68 1 3 4 1 2 0 1 4 4 0 8 5 0 0 0 0 3 24 1 0 2 6 8 4 6 9 1 4 3 2 9 0 3 0 2 0 0 1 3 1 1 12 1 2 3 1 6 6 0 0 7 
14 5 22 0 0 5 1 1 0 2 0 12 1 1 1 0 6 11 59 1 0 0 0 43 0 0 1 2 100 0 15 73 46 0 1 14 1 6 0 1 10 33 7 13 8 0 3 0 67 1 1 1 0 3 0 3 4 159 8 0 0 4 1 0 
0 1 36 0 0 11 2 0 3 40 1 0 306 12 0 98 5 0 0 0 1 18 0 3 2 61 1 0 2 0 2 2 2 0 0 2 0 1 1 0 48 11 5 0 2 1 6 8 124 1 0 2 41 0 0 3 2 5 1 1 0 0 2 1 
0 3 0 0 15 2 6 3 0 2 1 0 1 2 1 0 2 0 3 2 8 0 2 4 0 1 1 0 4 7 0 0 1 0 0 0 12 6 61 6 0 1 2 23 0 2 9 0 1 0 0 7 4 0 9 80 5 5 0 6 0 0 131 44 
1 0 7 0 15 1 3 2 1 1 1 0 16 1 0 1 2 6 2 1 0 7 1 0 37 7 1 1 1 17 0 0 8 8 2 0 6 0 1 0 5 2 1 1 0 3 3 2 1 2 1 0 1 42 40 2 0 5 4 270 4 2 0 3 
20 50 0 4 8 0 2 1 3 0 3 2 0 3 28 0 2 0 1 24 1 1 23 0 6 1 0 2 4 32 6 1 0 1 4 2 0 1 12 2 0 1 1 8 35 3 4 1 3 5 0 0 8 13 1 9 4 0 1 14 0 3 0 0 
0 0 0 0 0 30 6 1 2 32 0 1 0 0 39 23 0 3 20 1 0 19 14 2 0 49 0 0 6 3 33 3 3 0 9 1 3 1 0 2 4 2 0 0 0 29 15 0 2 8 2 3 3 5 0 0 3 0 141 1 0 0 9 1 
0 0 0 3 0 2 1 3 8 74 23 10 0 0 6 49 0 3 0 25 0 3 7 1 0 10 2 113 0 0 2 2 10 0 3 0 3 41 0 0 1 0 0 0 2 2 1 20 0 0 4 0 39 0 56 1 4 18 1 7 0 5 0 4 
10 170 0 0 5 8 3 6 0 0 0 0 5 76 3 0 6 17 2 0 6 12 1 5 2 5 4 0 2 0 1 0 60 0 6 1 1 0 15 0 0 1 0 1 8 0 3 0 1 0 3 23 0 0 0 0 0 0 1 0 0 1 0 2 
0 2 2 0 0 0 0 0 0 1 3 2 3 1 0 8 5 2 7 0 1 1 12 0 1 9 1 0 0 5 1 2 8 1 0 12 2 8 1 1 4 1 0 270 3 1 0 90 3 3 1 7 289 0 2 1 63 0 0 0 0 0 0 5 
3 32 3 2 1 0 0 0 1 2 0 23 0 11 2 0 1 4 4 8 2 1 8 6 7 0 4 4 0 2 3 6 0 5 0 2 1 6 3 0 37 0 1 2 0 10 2 2 20 2 0 6 0 1 20 1 0 5 2 3 3 1 19 0 
0 0 1 1 3 0 1 2 1 1 1 5 1 5 8 1 22 2 25 1 0 1 14 11 6 0 0 46 0 0 9 2 1 18 4 5 1 1 4 0 1 48 1 5 0 1 0 0 3 15 0 0 1 0 5 2 8 0 0 0 0 1 0 12 
4 1 23 0 1 0 4 0 2 6 1 0 23 0 0 0 38 0 2 0 7 3 0 15 3 0 2 1 79 0 0 6 6 0 0 21 0 19 9 10 19 3 2 2 0 0 0 0 2 16 0 3 0 0 0 2 2 2 3 6 2 0 10 0 
32 6 0 0 0 0 1 1 7 18 0 1 0 1 2 0 1 0 7 0 47 2 35 4 11 6 0 1 296 1 0 1 0 0 0 5 15 17 4 1 7 1 1 6 3 0 1 3 0 0 19 4 5 7 20 5 1 0 0 6 0 2 5 115 
0 0 0 2 5 8 18 3 0 0 2 0 2 50 1 0 21 1 1 1 6 54 0 12 42 0 3 0 16 27 28 0 3 16 2 3 51 4 13 2 0 5 0 0 1 7 5 2 1 9 0 1 0 20 1 1 2 2 1 0 20 4 0 0 
28 2 0 1 7 12 1 2 8 3 1 0 33 1 5 2 0 0 1 0 7 1 2 2 0 0 5 0 2 30 4 29 2 4 1 2 5 0 2 1 0 8 1 2 7 0 9 0 5 206 2 0 0 3 5 13 11 0 1 4 0 3 0 3 
0 1 0 1 7 0 0 11 2 3 8 6 1 1 0 6 21 0 3 12 4 0 6 13 1 2 0 0 2 6 2 3 0 0 1 1 1 2 8 2 5 1 7 1 4 5 48 8 48 29 0 1 1 4 1 7 3 10 0 3 0 0 8 4 
11 29 16 9 6 3 10 0 108 0 1 1 1 0 8 2 0 1 0 0 2 0 1 2 5 1 4 67 2 0 9 2 0 23 18 27 0 1 4 0 1 0 0 0 2 0 8 13 0 17 0 0 0 5 20 7 0 0 0 1 84 3 8 11 
0 1 7 3 0 2 0 1 0 0 48 0 1 0 0 5 1 0 5 0 0 1 1 12 1 5 0 285 1 2 1 2 3 7 1 0 14 5 3 1 7 1 0 1 12 0 3 1 1 20 3 1 0 4 24 5 0 1 6 4 0 1 4 11 
3 11 0 1 4 1 1 0 10 0 1 2 7 0 190 0 0 0 0 0 0 11 0 24 2 7 9 0 1 3 0 1 0 8 5 4 1 9 1 120 1 2 0 40 7 0 1 28 7 28 1 11 0 1 0 4 0 37 236 1 0 0 5 1 
3 1 65 0 2 0 6 35 9 6 1 1 9 68 36 0 0 25 9 28 0 0 1 1 0 3 1 4 7 1 8 0 4 1 5 9 1 0 7 1 0 2 25 6 2 0 7 10 1 0 2 0 44 1 0 1 4 6 3 3 103 55 4 0 
10 2 6 0 1 1 0 22 2 2 0 1 13 1 0 2 1 0 0 1 0 7 1 0 0 1 6 7 0 1 0 23 2 0 6 0 2 4 3 4 1 4 1 13 0 0 7 7 9 6 26 1 0 0 6 3 1 0 32 1 39 0 1 7 
1 12 22 6 10 12 0 0 1 0 0 0 0 0 0 0 2 1 0 2 1 65 0 0 0 3 0 0 0 0 0 0 1 0 7 99 1 1 14 1 0 5 1 8 3 1 0 0 4 0 1 0 1 1 0 0 0 0 0 1 3 0 1 0 
0 0 1 2 0 5 0 75 32 1 3 58 0 18 2 23 1 1 6 40 1 7 0 6 11 0 0 4 2 2 1 17 0 0 9 44 5 0 3 0 0 0 1 1 11 6 0 0 6 4 10 3 2 89 5 17 2 11 0 8 2 33 1 223 
1 2 5 22 1 2 13 2 3 0 1 2 20 1 1 9 1 1 1 8 2 2 1 0 0 7 2 22 1 1 0 6 6 0 1 2 0 3 4 0 28 0 1 0 0 2 0 8 3 0 0 1 4 0 3 15 3 2 0 0 3 8 34 0 
5 0 0 0 6 2 13 7 28 8 5 0 37 7 9 5 2 0 0 21 35 0 14 28 10 12 27 49 0 6 1 0 30 26 11 0 3 2 32 3 0 4 0 1 2 0 15 0 10 0 1 7 0 5 0 0 0 0 2 66 8 0 1 13 
10 7 0 2 10 1 0 1 1 1 63 0 0 4 54 0 0 0 0 1 0 1 3 0 5 1 3 0 0 2 1 0 3 1 1 3 0 5 12 0 3 0 7 1 0 0 4 0 1 4 0 161 1 0 25 2 1 0 1 0 8 10 5 2 
7 7 1 0 0 7 1 1 2 0 34 1 0 11 0 44 1 12 0 0 0 0 0 18 10 6 0 1 6 0 12 1 38 2 5 0 4 0 23 3 83 0 4 11 8 0 46 3 0 6 2 1 2 11 0 2 0 0 1 26 0 0 4 3 
26 1 8 0 0 2 0 0 0 0 1 1 1 5 0 0 2 12 7 4 1 1 2 0 0 0 1 2 3 2 0 4 1 28 4 1 41 8 2 0 0 1 2 15 1 1 2 21 1 1 1 41 1 0 0 46 79 29 0 0 1 15 1 70 
11 1 0 0 1 0 4 1 7 7 0 1 1 3 0 5 11 13 3 2 0 4 0 8 6 20 0 33 2 1 1 0 15 1 0 0 6 0 5 1 53 38 0 0 69 0 8 4 2 4 9 1 15 6 0 1 0 0 1 0 14 8 0 13 
5 0 0 2 1 1 1 0 1 1 0 5 0 0 1 1 3 2 1 3 25 1 0 0 0 79 0 4 12 5 1 4 1 1 12 2 3 1 1 0 1 0 18 0 2 0 0 2 1 1 2 9 13 2 0 0 5 1 3 3 0 1 1 0 
10 7 3 2 0 2 0 0 0 0 4 0 3 7 0 31 1 19 4 0 0 5 1 1 3 5 1 0 7 3 4 0 0 64 7 0 1 62 0 1 8 13 8 1 18 0 1 1 14 2 5 0 2 0 8 36 4 10 2 0 0 1 4 0 
6 36 2 6 9 0 0 1 105 3 2 4 28 6 0 0 7 2 7 1 1 1 4 0 1 0 0 18 4 0 0 3 52 1 0 1 0 5 0 14 21 5 0 0 1 20 1 0 7 8 733 3 3 16 1 1 1 0 0 1 1 0 0 2 
1 1 5 0 1 4 13 20 4 4 0 16 848 2 0 1 6 8 41 30 0 0 0 7 1 10 4 9 7 0 0 4 0 1 14 38 1 1 0 1 44 3 1 6 12 2 3 1 0 2 2 12 1 0 9 0 1 28 1 0 68 4 2 3 
5 5 55 0 3 1 46 0 6 0 0 1 7 3 1 13 7 3 1 0 1 1 2 3 4 17 5 3 13 13 0 0 7 0 0 12 2 3 6 32 7 0 4 1 32 17 6 5 2 7 1 1 2 9 0 1 90 0 1 5 13 0 5 0 
16 2 4 0 2 0 6 6 8 0 0 0 7 0 1 30 0 1 1 2 0 9 76 1 1 26 4 0 13 0 0 5 1 7 21 2 7 0 1 5 5 8 2 0 0 1 9 9 1 0 2 1 0 0 5 0 0 54 0 3 3 0 4 0 
10 12 33 1 6 0 0 12 0 15 2 1 1 2 21 6 9 3 1 0 0 2 5 2 1 0 0 1 0 7 1 1 0 9 0 0 8 3 1 8 29 2 10 13 2 3 0 2 1 26 1 3 3 2 0 0 2 0 4 17 18 0 2 13 
6 50 26 0 0 12 5 0 51 115 2 11 2 13 1 1 0 0 1 11 0 2 4 3 0 8 1 3 35 0 0 1 2 0 0 1 5 0 0 16 1 0 2 0 3 0 2 0 0 58 5 1 3 0 2 24 2 1 18 265 2 0 0 7 
0 1 2 7 0 0 0 108 1 5 26 0 4 2 5 0 22 4 3 4 1 0 2 25 15 42 0 6 18 2 4 6 1 2 9 0 0 0 2 1 0 1 0 0 1 1 13 1 0 1 4 9 0 0 0 4 0 0 0 2 0 6 6 35 
9 3 1 0 18 2 0 2 2 4 5 0 7 0 0 5 6 6 0 1 0 1 8 1 13 0 0 0 2 44 2 4 5 2 10 16 25 3 1 3 1 0 4 0 182 15 0 4 0 1 3 0 1 1 20 0 6 1 4 1 2 0 5 5 
2 2 3 0 1 6 6 1 3 3 1 0 35 2 0 0 0 1 1 0 3 3 0 1 5 3 1 1 0 1 4 1 3 2 0 0 0 1 3 1 13 0 2 1 1 0 1 0 30 1 1 4 2 2 0 3 0 0 5 1 0 0 1 0 
3 0 1 0 0 30 1 0 0 5 1 5 4 279 1 1 15 46 10 0 0 5 4 3 1 0 0 3 0 25 1 0 0 1 3 2 0 0 39 6 63 0 0 230 3 3 1 0 5 0 0 1 0 2 5 18 0 6 2 2 0 1 0 69 
0 0 5 1 5 1 0 28 50 38 0 2 4 5 1 31 2 1 3 2 2 0 18 2 1 29 2 1 3 1 0 1 0 0 1 6 0 88 0 2 6 1 2 0 1 5 0 1 0 0 0 5 0 0 4 2 0 0 0 0 4 0 1 0 
1 0 0 28 6 1 0 0 7 9 4 3 1 8 3 7 373 9 0 4 2 0 1 1 0 0 1 1 0 55 0 2 1 0 4 1 0 1 0 6 4 0 13 1 4 1 59 0 24 0 0 4 1 0 1 0 1 1 0 3 0 1 0 0 
9 2 9 1 0 0 0 0 10 28 2 0 0 1 18 10 0 6 0 0 5 9 6 4 1 1 2 1 2 12 0 0 1 19 14 6 1 1 1 1 0 0 9 2 2 32 34 1 1 0 15 1 138 1 0 0 1 1 3 19 0 1 16 0 
0 2 15 1 20 1 0 0 4 13 9 1 0 1 1 3 3 0 29 2 1 7 0 0 0 0 0 6 2 18 11 10 8 0 0 3 3 8 2 0 13 9 0 17 0 6 0 1 1 1 3 1 1 3 0 9 0 2 17 4 0 5 0 9 
1 3 1 0 1 1 3 1 2 8 6 1 213 1 0 0 10 0 1 1 0 0 25 1 0 0 0 6 0 1 0 0 2 65 6 13 4 8 0 1 0 0 0 5 2 2 2 13 1 1 6 8 30 10 0 0 0 7 1 0 4 0 1 1 
2 34 9 10 0 1 2 1 0 5 0 0 0 0 1 0 4 1 0 2 0 1 1 0 5 5 1 3 0 1 39 7 2 1 0 1 0 1 9 0 0 2 0 0 1 23 0 2 8 8 0 0 24 10 0 1 4 9 1 5 25 4 2 18 
0 3 10 4 0 22 0 0 0 3 3 0 0 3 1 2 4 1 9 0 0 0 1 6 0 0 3 0 23 0 4 2 6 0 0 0 14 2 7 36 1 0 0 3 2 2 0 5 5 0 0 6 1 0 1 3 273 3 0 8 0 0 0 36 
6 0 0 10 1 0 1 144 0 0 4 7 2 20 0 134 19 1 0 5 32 6 0 36 14 2 0 1 0 1 0 19 1 19 0 0 1 1 3 1 4 1 16 4 1 0 6 5 1 0 30 4 1 4 0 0 0 2 0 0 3 1 0 11 
0 33 3 1 0 0 1 0 0 5 1 2 8 0 0 2 0 1 11 0 1 0 16 0 3 0 105 1 14 11 1 1 1 10 2 11 47 2 5 6 18 4 14 0 0 1 3 6 3 3 2 10 0 2 0 0 0 0 11 6 2 10 10 3 
28 1 2 13 0 1 2 35 4 0 4 5 0 2 1 6 3 0 0 6 15 14 2 0 3 1 11 24 23 1 0 0 1 6 13 1 7 4 2 0 2 0 1 7 0 45 3 2 1 0 6 23 0 0 0 0 7 5 2 28 8 0 0 4 
14 4 6 0 0 6 2 7 0 2 0 7 3 3 0 7 1 3 3 3 0 0 4 7 1 1 5 0 0 28 2 9 0 84 1 0 4 33 1 11 0 1 0 0 13 19 0 0 32 0 0 4 0 0 1 10 0 0 0 22 0 1 12 0 
19 1 0 31 43 5 0 0 14 8 0 0 1 2 0 0 2 0 11 2 0 0 2 2 22 13 0 0 15 11 0 0 1 6 6 1 1 2 0 0 0 0 0 0 0 0 20 0 3 0 0 66 7 12 0 0 0 44 48 34 0 0 5 0 
0 3 4 6 1 7 11 3 42 0 185 2 3 53 0 13 1 1 1 6 4 1 0 1 0 1 0 9 0 1 3 0 1 0 0 6 1 198 5 0 6 2 6 2 1 0 0 14 5 22 1 2 0 8 0 1 0 0 0 5 0 5 0 11 
0 13 1 4 0 50 2 107 2 0 0 4 0 2 8 0 0 1 0 0 2 9 1 38 40 1 1 0 0 0 49 2 4 1 0 2 0 0 3 0 1 2 1 1 1 29 1 0 5 35 3 8 1 16 17 0 1 0 1 0 125 12 3 0 
55 0 0 0 1 1 0 0 5 0 1 0 7 34 1 0 0 2 1 1 0 7 2 1 425 41 6 7 0 14 2 0 1 0 6 10 1 2 11 2 0 2 1 13 0 1 56 0 5 0 2 1 2 4 4 3 0 0 1 2 15 3 0 3 
4 0 4 1 6 39 0 7 0 7 8 1 0 0 27 0 0 1 1 6 1 1 3 0 0 2 20 0 11 0 1 2 0 2 4 1 4 1 3 7 8 1 0 2 1 1 1 0 0 15 1 0 0 0 38 4 0 1 1 0 0 2 3 2 
6 2 13 1 0 1 0 21 1 370 4 0 2 1 8 1 1 1 28 0 1 4 1 0 0 1 14 0 0 29 9 1 8 0 0 1 44 254 96 0 1 3 2 6 2 2 1 1 0 0 0 41 0 1 5 0 0 0 49 0 0 241 2 0 
23 0 0 0 0 0 3 34 0 0 8 2 0 0 8 0 75 0 10 7 4 37 5 0 18 0 3 4 0 0 0 0 24 1 3 0 7 3 1 1 6 0 1 2 0 0 2 0 0 3 0 0 7 0 0 2 1 0 6 1 5 19 1 5 
0 2 0 2 0 2 0 3 7 4 10 5 0 1 0 0 19 1 0 4 1 3 3 3 3 1 0 0 12 1 2 0 0 2 6 0 1 0 33 4 0 10 25 1 0 1 1 0 0 0 2 0 4 5 16 1 0 0 2 16 0 1 7 5 
0 11 1 1 6 11 0 16 3 5 0 2 12 0 14 0 1 0 116 12 0 0 4 1 0 0 81 3 0 2 0 5 17 1 0 1 0 1 10 0 0 3 0 8 3 2 1 1 1 0 0 0 0 13 2 0 2 2 54 3 3 1 0 1 
22 1 3 1 0 2 3 0 0 4 2 0 5 0 4 5 1 0 8 0 5 2 5 3 2 1 0 4 0 1 0 22 2 1 1 45 11 0 0 2 2 0 1 6 0 0 1 22 0 0 1 12 0 76 0 0 0 1 4 11 1 15 0 52 
1 1 25 7 67 0 6 9 1 18 10 0 9 86 5 5 0 7 0 5 1 1 9 0 1 6 2 0 0 2 3 1 1 0 0 0 0 0 12 6 103 39 2 0 4 3 1 4 9 24 10 0 0 2 0 1 4 17 4 0 3 4 1 1 
2 2 2 2 3 1 2 0 5 1 0 12 2 1 0 1 8 0 10 0 3 13 0 1 3 6 6 18 1 0 5 1 2 0 1 17 10 18 6 0 0 2 0 1 1 1 1 9 13 8 15 0 1 6 1 4 14 1 2 0 0 2 1 2 
2 0 9 0 1 5 5 0 1 2 5 6 4 0 0 0 0 2 2 0 0 0 2 7 9 0 0 0 15 12 4 0 4 0 2 0 1 1 0 9 0 2 0 0 18 18 0 0 0 0 6 0 0 9 3 2 0 2 0 3 1 0 0 20 
1 9 0 9 1 0 0 0 4 1 0 2 0 0 1 9 5 1 0 6 0 0 1 2 2 3 18 1 98 21 26 0 8 8 7 26 7 1 1 0 3 7 10 6 1 4 1 0 0 14 5 3 6 0 0 8 6 3 3 12 0 2 0 2 
1 3 0 1 5 14 7 0 0 1 0 2 0 1 9 0 4 0 0 3 0 1 12 0 2 2 43 0 0 29 0 3 7 7 2 19 10 1 125 30 0 8 11 0 0 2 104 0 1 2 0 3 2 8 0 0 4 0 0 0 0 2 11 3 
0 11 0 11 1 3 1 10 0 0 1 1 10 20 1 3 2 0 15 2 3 3 4 5 1 84 0 0 4 0 0 1 10 0 0 7 8 0 1 10 2 6 1 0 3 0 0 14 8 0 0 22 3 3 1 0 0 0 0 1 0 1 1 0 
2 2 1 4 1 0 0 0 3 2 1 0 0 14 4 0 0 2 0 3 0 9 13 0 144 1 0 3 2 0 22 1 20 1 0 0 0 2 39 0 1 18 8 2 1 5 1 0 7 0 7 1 41 11 0 1 10 0 0 0 186 2 0 2 
1 0 0 0 0 0 0 0 5 1 1 0 18 2 3 0 6 2 5 1 0 10 7 2 0 2 9 0 9 5 0 2 0 2 2 4 70 1 1 24 0 0 28 1 40 0 2 10 5 3 0 0 2 90 1 1 0 0 0 28 0 0 17 1 
4 7 12 0 2 0 3 10 0 1 1 13 0 99 0 13 9 6 0 14 3 141 1 6 0 0 5 1 1 1 1 0 0 2 9 0 0 1 0 0 1 0 2 0 0 4 2 33 26 3 0 0 1 1 0 7 54 0 7 0 0 75 0 0 
1 1 25 0 0 127 6 0 0 6 0 0 1 0 0 21 9 5 2 0 3 0 12 1 3 28 0 2 28 0 0 0 2 3 1 1 1 1 2 0 4 1 1 0 0 3 2 0 6 6 30 0 2 2 6 0 1 2 5 0 1 0 1 0 
0 0 0 55 0 2 3 2 6 1 11 14 1 65 0 1 5 4 1 0 4 0 2 1 1 0 10 0 4 0 4 1 1 0 4 19 0 0 1 0 1 0 4 1 0 1 1 0 1 3 0 1 0 5 1 5 1 4 5 0 0 12 0 94 
0 3 0 1 0 0 0 5 3 0 3 0 0 2 1 1 24 6 1 1 1 18 3 0 0 1 0 1 14 0 22 0 0 44 1 0 0 0 0 0 1 23 0 7 1 2 1 0 6 11 1 7 3 26 0 0 0 6 17 0 0 0 0 0 
0 2 0 36 0 2 0 1 6 1 0 0 0 0 3 1 0 1 9 1 9 2 8 0 3 1 20 0 0 2 0 6 224 14 0 8 1 0 130 17 2 0 1 7 3 0 14 0 0 2 1 1 66 0 1 0 11 55 20 0 1 1 0 1 
0 2 0 8 0 24 183 0 1 1 4 1 2 4 0 2 5 0 3 0 6 1 0 3 1 0 2 1 0 0 1 48 0 0 3 0 21 0 0 1 1 7 3 0 1 2 2 19 0 4 1 0 5 0 1 1 2 0 7 1458 0 0 8 1 
2 4 0 3 2 38 5 5 0 1 0 2 11 0 1 0 9 0 2 0 1 0 5 25 0 0 0 1 0 6 7 5 61 32 0 2 4 0 1 1 0 5 5 18 2 2 2 13 6 8 0 0 16 1 0 3 0 1 1 7 1 0 27 1 
5 0 17 0 1 8 0 1 0 53 0 2 20 0 6 2 0 1 1 42 0 0 0 0 11 1 38 16 0 2 0 0 0 1 1 9 5 0 3 0 1 0 9 89 0 10 2 85 13 10 0 7 1 1 1 1 23 0 10 2 9 0 2 0 
0 2 3 3 1 2 0 3 19 1 24 1 2 2 0 0 22 1 3 0 0 2 18 0 3 1 5 0 5 17 1 0 1 0 1 0 0 7 0 2 1 3 6 16 4 1 5 2 0 6 21 3 3 1 2 0 3 19 0 2 0 26 6 1 
6 0 0 0 16 11 1 3 28 2 0 0 19 0 6 34 0 0 0 0 44 2 1 0 3 4 0 1 0 11 0 3 0 20 6 0 2 0 2 26 7 19 26 19 2 0 6 15 2 0 1 1 12 7 0 0 1 2 3 1 16 3 1 1 
0 1 1 0 1 0 16 0 1 4 1 0 0 4 3 2 1 0 0 12 1 1 1 2 19 4 0 12 1 0 13 16 0 8 5 0 13 2 1 2 105 8 5 0 3 2 70 2 11 1 3 0 0 24 0 0 53 1 0 0 2 1 0 0 
1 0 0 0 2 20 0 2 0 0 6 2 0 0 0 8 1 0 0 0 39 0 1 7 3 1 0 2 5 1 6 9 51 14 6 0 1 26 17 1 9 0 0 2 1468 2 6 0 0 0 0 9 7 0 0 32 7 8 3 9 1 6 35 1 
27 19 30 2 26 0 0 1 1 0 1 5 0 2 13 1 0 10 0 15 9 13 2 0 1 2 7 0 9 0 0 73 8 0 0 8 0 0 7 2 7 0 1 10 0 3 0 9 0 0 12 1 3 0 2 0 10 2 0 1 1 2 0 1 
0 11 0 0 0 0 5 0 22 2 6 0 2 0 9 6 0 0 19 13 3 7 7 21 1 1 1 0 2 1 2 0 6 1 0 0 57 0 0 0 1 0 1 0 0 2 11 19 7 32 2 0 2 2 1 1 13 6 0 0 3 0 0 1 
7 0 1 7 2 0 8 20 0 2 18 6 1 32 0 0 36 3 0 2 10 50 3 6 12 2 0 1 1 0 0 26 0 6 0 1 2 37 1 2 68 1 2 0 5 23 0 3 2 0 0 5 15 90 1 0 11 9 7 0 0 33 2 17 
0 1 0 10 0 1 9 0 0 0 2 10 0 0 1 0 0 0 2 8 24 34 1 0 7 1 1 3 2 1 0 0 2 3 0 4 4 4 1 1 1 4 3 12 16 1 19 0 15 1 26 0 15 0 0 0 0 0 1 2 3 0 1 0 
2 0 4 1 1 0 1 1 2 0 8 10 12 1 0 1 5 9 0 2 1 0 7 9 3 0 0 11 1 6 6 0 26 0 4 1 1 1 9 0 2 0 1 0 15 10 0 0 0 21 6 0 1 36 1 5 56 0 3 4 78 7 122 0 
8 0 0 0 5 0 2 0 4 1 0 3 2 7 0 1 44 0 0 0 1 2 0 0 1 4 0 11 5 0 0 1 2 1 3 7 2 3 22 1 0 0 0 1 0 2 1 15 3 2 4 0 0 0 0 3 1 1 0 3 0 5 0 6 
8 0 1 0 0 1 1 1 0 3 1 8 0 0 0 2 0 0 2 0 5 184 1 0 0 0 8 0 76 0 1 1 27 1 2 0 1 12 0 0 0 0 1 2 1 9 1 8 0 7 9 2 1 1 0 0 1 0 0 3 2 18 0 0 
0 26 10 3 0 0 0 9 46 0 0 3 32 4 5 1 0 9 0 0 8 0 1 0 0 3 6 3 0 0 4 30 8 2 0 1 21 31 0 7 10 6 7 0 11 0 0 1 0 0 0 7 0 6 6 6 7 2 0 5 24 0 1 0 
1 0 31 0 2 1 0 0 2 50 14 3 4 7 1 0 5 2 30 1 0 3 13 0 3 0 0 4 1 13 2 0 0 0 0 5 5 3 2 0 1 0 7 0 1 0 0 6 52 8 31 8 0 13 0 35 57 4 7 5 7 0 1 0 
1 0 0 0 0 1 1 0 0 82 3 9 1 1 2 90 1 0 1 68 0 5 99 10 37 35 0 1 3 47 1 0 0 5 0 1 3 6 1 0 0 11 0 3 5 0 0 0 6 1 12 5 7 10 9 0 6 0 3 2 0 27 1 0 
44 1 1 0 0 12 0 38 10 1 50 0 0 1 6 1 1 1 0 27 0 5 38 5 1 0 0 7 1 7 13 2 2 0 0 8 1 0 8 1 0 0 1 0 6 0 0 4 0 0 1 27 6 3 0 1 0 0 0 3 24 35 3 1 
26 1 0 8 5 1 53 1 0 0 0 0 0 1 2 0 7 1 15 0 19 14 0 225 1 0 35 0 0 12 4 2 7 1 16 16 29 0 2 0 1 0 2 13 2 204 0 10 1 3 1 0 7 1 8 104 1 1 3 1 36 6 1 0 
8 0 10 1 0 1 0 0 0 14 2 26 0 3 5 1 24 1 2 2 2 6 37 1 1 2 1 25 0 1 12 0 0 4 3 0 1 0 2 0 6 0 1 2 1 0 2 9 1 16 2 0 21 5 0 18 0 1 0 12 23 2 1 1 
0 2 0 6 0 2 2 3 67 4 0 0 4 0 4 14 3 3 5 1 0 7 0 3 5 10 1 0 3 0 0 7 0 3 1 0 0 6 14 3 4 8 0 8 2 0 4 1 129 2 0 1 0 6 7 1 1 21 7 1 8 0 0 0 
14 0 24 3 0 5 0 0 28 4 8 13 3 1 1 1 7 22 2 2 0 13 0 12 0 3 0 2 0 2 2 0 24 0 6 4 6 4 3 2 3 17 1 15 2 0 0 9 0 0 2 2 1 5 13 1 0 3 36 1 0 1 0 0 
0 0 1 2 1 3 0 0 20 1 6 0 0 1 2 1 1 4 18 0 6 0 9 30 1 21 5 0 22 3 0 0 2 9 0 3 3 0 0 7 0 27 1 1 0 0 0 0 1 0 7 2 0 1 4 0 0 157 0 15 4 1 2 10 
1 0 2 6 0 3 222 0 3 1 0 3 2 1 4 3 8 2 0 0 0 2 0 5 0 5 0 4 5 3 1 0 5 5 0 1 0 0 17 2 4 2 0 0 0 26 0 0 0 1 19 50 0 0 3 0 0 1 0 0 18 0 2 10 
25 7 0 1 1 3 3 0 0 1 1 0 0 1 2 0 77 1 21 3 1 0 0 6 4 0 0 2 0 1 2 25 9 1 0 4 0 14 4 4 0 19 3 3 0 26 1 4 2 0 48 30 5 27 1 0 0 0 4 2 3 0 2 3 
0 0 16 2 0 24 1 0 7 2 0 0 4 7 0 0 0 25 0 0 0 19 1 1 2 2 1 3 0 3 0 4 2 1 8 0 7 0 1 4 1 21 1 10 1 5 6 15 23 1 1 2 0 1 0 3 2 48 0 3 0 0 1 2 
2 0 4 7 33 61 25 1 2 9 3 2 0 14 0 1 0 2 0 1 2 1 0 2 0 8 6 5 1 10 2 2 7 18 0 0 9 2 1 2 4 0 2 0 0 1 2 5 3 0 2 0 5 5 1 1 0 1 3 3 53 0 8 1 
3 0 0 0 2 0 0 0 44 0 16 0 3 0 1 0 0 1 0 1 3 3 18 1 2 4 1 5 2 0 0 1 0 1 2 3 18 4 0 29 11 2 0 2 6 8 0 1 1 3 4 10 0 0 77 0 1 0 0 1 0 6 1 1 
0 4 5 3 14 4 4 0 0 1 4 3 0 0 32 18 0 1 3 0 22 11 1 46 1 0 7 0 0 1 8 0 4 1 2 0 15 2 0 0 2 1 0 39 7 0 13 7 0 2 0 0 6 0 367 0 12 0 0 5 16 0 0 1 
1 2 0 5 0 1 0 8 0 3 2 2 0 1 2 0 0 0 8 0 9 1 2 6 9 0 0 5 1 12 0 8 17 9 0 1 1 6 1 87 2 0 0 8 0 1 3 2 11 0 5 2 12 1 0 0 1 1 0 11 0 0 0 0 
0 0 1 9 11 1 2 2 6 2 0 0 12 13 0 6 5 6 14 0 0 8 6 0 6 1 0 4 0 0 3 0 0 2 1 1 1 0 0 0 2 14 7 4 2 0 1 0 5 3 1 0 2 3 0 1 3 2 6 0 0 0 1 0 
10 10 2 6 50 1 8 0 5 0 2 0 3 0 1 2 0 0 1 1 1 44 0 9 13 1 30 5 0 5 0 6 5 49 2 4 0 0 3 6 1 0 12 0 1 5 18 0 0 8 0 1 0 0 2 5 15 0 1 0 1 0 2 30 
0 0 21 111 0 0 2 0 14 5 3 2 3 1 2 1 2 2 2 0 0 0 0 1 0 16 0 3 0 0 4 3 2 6 1 11 0 0 28 0 0 2 166 6 1 0 2 0 5 0 4 0 64 3 0 0 0 0 1 0 1 0 3 1 
5 2 2 0 1 0 1 0 1 3 1 2 2 0 28 0 1 1 0 1 1 1 0 0 0 1 12 2 0 0 0 7 1 2 1 0 0 0 25 0 1 2 2 0 5 1 2 0 0 0 270 1 1 0 1 1 12 0 0 2 7 3 3 0 
7 93 1 1 0 0 3 0 242 0 4 1 8 1 3 8 3 2 2 0 0 1 0 1 18 0 0 0 1 15 1 0 21 7 1 3 13 1 4 17 3 1 0 0 1 2 0 1 1 1 0 82 0 2 3 89 1 0 71 1 1 0 0 11 
0 12 0 0 1 7 1 71 0 2 1 9 1 0 4 6 8 2 7 4 1 5 1 0 1 8 1 3 1 0 13 3 9 0 2 1 1 8 2 1 1 0 11 1 1 0 19 6 0 0 5 1 1 0 0 3 7 0 2 4 2 1 6 0 
8 3 9 1 56 0 3 0 10 0 14 15 5 0 18 2 0 0 3 14 7 19 9 2 7 1 0 0 0 0 1 2 0 0 0 7 1 0 0 49 1 0 2 1 6 0 7 22 5 29 9 6 1 5 1 0 0 14 0 3 1 19 3 0 
0 1 0 0 0 3 0 15 0 0 2 1 1 27 6 2 4 0 0 0 226 0 0 6 3 33 0 14 0 8 0 1 0 0 49 26 26 19 24 0 1 1 0 4 0 4 4 4 1 5 76 0 9 8 6 1 0 1 1 1 1 2 33 8 
1 1 5 0 1 0 1 1 0 1 0 1 3 2 26 0 2 0 3 1 2 6 0 20 1 0 1 6 0 17 1 0 0 49 3 14 9 1 1 13 0 1 1 3 16 0 1 2 5 60 1 4 2 2 6 7 3 0 39 0 0 0 11 1 
2 0 180 1 10 11 7 2 27 5 4 0 0 30 1 4 8 1 3 3 0 11 54 0 8 5 0 0 2 3 4 0 4 0 5 1 0 1 1 9 6 1 0 12 1 3 19 1 0 0 48 0 1 9 0 5 4 16 4 1 2 0 0 0 
0 22 11 1 21 1 0 6 11 3 5 0 0 4 2 9 4 29 1 3 4 0 1 7 0 18 8 0 7 0 12 0 0 1 0 0 15 0 0 1 5 0 6 0 1 2 1 9 1 0 2 2 4 0 0 1 0 1 13 0 3 1 7 3 
0 2 0 1 0 1 8 0 4 0 0 1 0 2 0 23 0 2 1 6 2 4 1 17 0 9 1 0 0 10 0 0 0 0 2 0 0 2 1 0 0 0 0 2 3 1 5 28 14 0 13 0 11 1 11 12 2 8 7 16 2 5 1455 1 
0 0 0 8 0 2 14 0 1 0 5 2 0 0 0 4 2 7 4 4 2 9 11 0 0 0 21 0 0 7 10 5 0 1 5 1 4 0 7 0 1 3 10 3 0 0 1 1 2 6 1 0 1 0 0 0 0 2 0 2 4 1 0 13 
6 1 3 6 0 1 2 7 5 13 3 10 5 1 2 0 5 3 0 0 0 1 5 8 7 0 3 0 1 27 38 34 2 2 1 19 17 5 10 1 1 0 1 2 1 0 0 1 3 9 0 0 0 0 1 8 0 1 32 9 0 0 1 14 
1 1 0 1 1 1 0 2 2 3 0 1 1 3 41 11 0 24 2 3 8 6 4 14 0 1 1 2 5 0 0 1 11 0 0 3 0 0 11 22 0 8 2 1 8 0 27 0 0 18 4 0 9 0 8 71 1 9 0 4 0 14 5 2 
3 84 1 4 7 1 17 33 4 0 1 0 0 6 90 1 25 1 10 1 16 0 15 1 0 11 22 0 2 5 3 1 0 0 6 0 0 0 1 0 1 0 1 1 0 0 6 0 8 7 0 0 0 1 0 8 0 0 13 8 1 0 0 0 
3 0 0 89 3 26 0 6 0 13 0 0 7 2 1 7 0 1 273 2 0 2 3 0 1 40 22 0 0 3 2 8 0 7 0 1 0 22 1 13 10 0 13 9 6 0 3 0 4 1 2 1 9 1 28 5 1 2 0 11 5 0 3 0 
210 8 0 1 8 35 0 1 1 5 0 11 6 1 1 3 14 0 6 2 1 1 2 2 3 0 0 5 4 2 0 1 3 0 12 0 0 9 0 0 2 0 2 7 0 3 0 0 0 4 1 1 0 0 1 0 0 12 10 4 2 1 7 6 
1 12 0 4 0 0 12 4 4 2 1 8 3 0 0 0 0 4 1 0 10 4 14 4 32 25 1 1 1 3 9 7 0 65 0 6 0 0 17 8 0 0 1 0 5 2 7 0 0 4 29 0 32 0 2 1 0 1 0 1 1 0 0 30 
0 0 0 4 1 20 0 5 16 3 14 0 0 12 11 0 12 2 11 1 1 1 0 0 1 2 1 5 28 1 0 118 67 1 1 0 2 0 20 1 14 0 1 0 18 1 42 8 0 0 3 1 2 1 4 5 0 0 0 0 8 0 1 0 
0 1 0 1 4 1 1 1 0 0 0 21 0 83 7 1 32 0 9 7 2 0 0 2 6 3 12 0 3 0 158 0 1 3 342 1 0 0 4 3 6 47 1 0 11 0 4 0 0 0 3 2 1 3 11 5 1 0 66 1 0 6 94 0 
5 21 3 22 7 13 0 6 15 6 1 0 3 0 68 1 35 1 1 1 1 1 1 3 0 2 0 3 1 18 1 1 9 6 0 8 1 0 6 0 2 0 0 1 6 1 0 29 0 1 1 1 0 1 2 0 1 0 0 7 0 0 5 1 
1 2 6 2 1 1 6 25 8 5 0 4 4 3 3 7 4 0 0 43 5 0 58 1 0 0 1 0 4 0 0 21 2 0 18 2 1 0 0 0 4 6 3 0 0 0 5 4 1 6 1 0 3 23 0 0 5 1 0 0 1 0 4 0 
0 8 0 0 0 7 6 3 0 2 7 0 0 0 4 3 1 5 1 1 2 8 90 13 1 1 0 3 25 2 0 7 0 1 0 2 5 0 9 0 0 0 0 0 1 0 1 0 0 1 3 1 6 49 1 0 0 4 1 6 0 0 1 4 
0 3 2 5 0 1 1 0 1 0 20 0 0 9 0 0 1 3 2 0 0 0 0 1 5 2 3 4 15 6 3 1 2 0 47 1 0 0 0 72 0 0 1 0 0 2 3 14 0 1 1 0 0 3 2 2 0 0 2 0 0 0 6 40 
36 2 0 15 1 0 0 4 0 0 0 0 0 0 0 0 2 2 1 4 44 36 2 13 0 15 4 14 0 0 521 11 1 1 1 1 4 1 17 34 0 6 3 1 1 1 3 16 2 0 1 1 2 3 27 1 6 1 1 7 1 0 2 0 
0 5 1 0 9 0 13 16 1 17 7 1 3 5 0 1 10 7 0 0 7 0 2 0 7 0 0 1 1 2 3 0 2 3 46 0 0 50 0 0 0 0 0 94 16 5 29 0 1 0 60 12 2 3 2 2 0 47 32 0 10 1 4 0 
0 0 6 0 23 5 2 1 1 1 15 0 3 0 2 13 2 4 2 1 1 0 0 0 0 14 0 6 0 0 27 9 3 1 7 0 4 1 0 0 5 0 7 3 0 0 6 0 4 33 17 1 3 0 2 8 0 1 0 4 28 1 0 1 
0 0 0 23 1 10 2 1 9 0 2 11 0 3 13 0 0 1 6 15 1 0 16 3 12 5 2 1 0 0 1 0 0 66 0 1 1 0 4 5 5 1 1 1 2 24 9 7 1 2 15 12 1 5 0 33 0 1 14 0 0 4 0 55 
3 2 1 8 195 0 0 0 0 0 6 2 1 3 1 0 3 6 3 10 371 4 1 0 4 22 8 1 29 0 0 8 10 6 2 6 8 1 1 1 1 5 2 6 3 7 0 1 171 2 0 4 2 1 2 1 4 0 0 1 2 0 1 0 
11 3 29 0 2 0 0 1 9 0 2 1 1 0 1 1 1 0 57 0 7 15 0 2 330 0 0 0 0 1 27 0 0 17 0 1 9 56 0 0 3 3 0 0 0 0 2 25 0 1 0 1 2 3 4 0 0 0 5 0 14 1 2 0 
1 2 0 3 1 0 1 5 0 0 2 2 1 11 5 4 0 1 60 0 1 4 25 254 3 4 1 1 13 0 0 0 8 0 0 0 8 2 7 5 10 1 6 5 7 0 1 25 0 8 10 0 0 17 1 1 1 9 0 1 20 0 3 2 
0 4 0 5 1 0 1 0 0 0 5 0 1 1 2 14 0 2 1 1 1 0 4 10 0 0 6 0 11 3 53 0 0 0 0 1 93 1 1 4 7 1 4 30 1 4 11 0 1 0 0 0 7 1 0 1 0 0 0 0 5 0 0 3 
2 1 5 0 0 15 3 0 4 36 1 0 6 1 15 1 0 0 25 6 7 2 1 3 4 0 2 13 9 1 7 0 1 7 1 1 8 0 31 4 3 0 11 6 0 0 3 3 0 1 1 13 2 0 17 0 0 1 1 8 31 1 8 0 
1 1 1 8 1 2 1 41 3 1 6 2 0 4 1 0 6 40 4 0 96 242 3 0 0 4 8 119 1 6 0 0 2 0 33 2 11 0 9 1 0 0 34 10 0 2 0 1 2 2 8 1 0 1 13 2 3 2 415 18 4 14 0 0 
1 3 2 2 2 0 1 0 0 1 3 1 0 0 1 9 3 13 4 2 16 0 1 13 3 5 9 0 2 13 24 0 12 0 3 22 11 3 3 1 2 0 10 17 5 1 2 1 2 0 6 33 5 7 2 0 2 0 4 15 2 1 0 6 
2 0 0 1 0 2 4 9 1 2 1 0 0 6 3 0 0 0 0 5 1 0 11 5 1 1 0 1 3 2 0 40 0 12 0 0 281 0 0 1 45 98 5 11 9 9 6 1 3 0 0 6 0 0 4 0 0 4 8 12 1 1 12 4 
4 0 0 2 0 2 5 30 14 147 0 6 0 1 29 1 1 2 0 2 0 0 0 1 5 1 1 8 4 0 0 0 0 3 1 1 3 0 4 30 0 12 1 0 6 3 1 0 31 27 10 69 1 15 0 23 0 1 1 14 13 0 1 0 
0 13 2 13 0 0 1 2 5 2 0 4 0 11 1 100 12 0 7 1 16 1 9 0 488 2 2 2 2 0 0 2 3 15 7 1 1 11 1 1 0 2 1 2 0 5 8 1 0 1 3 1 1 3 1 77 2 0 14 3 9 0 15 1 
5 0 1 224 2 4 0 3 7 6 0 0 1 2 2 0 0 1 7 0 0 5 0 25 0 9 0 0 8 0 1 1 0 2 14 13 3 22 175 3 6 0 2 0 4 4 19 1 20 0 1 1 2 1 5 3 3 2 24 33 1 0 4 15 
1 9 7 2 1 1 1 28 2 34 13 15 3 13 5 2 10 44 1 16 3 25 18 19 116 5 499 0 1 0 3 0 20 1 2 2 2 0 1 1 0 6 5 0 11 1 18 10 2 3 0 4 0 1 6 0 0 2 176 0 2 6 0 0 
6 2 0 6 2 7 0 0 5 14 47 4 13 65 0 8 8 5 0 0 1 340 0 1 0 75 7 5 0 4 22 0 1 1 2 1 0 4 0 15 2 11 11 17 1 0 20 11 0 0 5 0 1 2 4 0 3 3 1 7 9 4 7 10 
6 5 9 0 0 1 0 4 0 5 4 0 1 0 0 0 1 11 0 2 0 1 1 0 0 1 1 12 1 2 2 0 7 6 0 6 3 1 6 0 0 10 24 0 0 0 4 7 1 0 0 19 1 10 1 5 0 0 3 0 0 1 0 0 
8 0 3 0 17 0 10 0 3 9 1 14 4 11 1 0 23 0 0 0 0 12 1 1 5 1 1 2 0 0 1 0 5 21 0 0 6 9 3 1 4 22 9 1 0 1 8 1 7 1 7 1 2 3 0 1 2 1 138 4 1 6 11 3 
0 1 0 0 46 2 3 10 2 0 6 4 6 5 2 0 0 3 1 2 1 0 14 1 32 0 1 1 0 15 11 0 9 1 1 5 0 10 0 18 1 2 4 10 11 1 60 1 0 1 6 28 4 3 8 1 0 2 9 0 0 0 8 1 
0 1 0 0 0 1 0 1 11 4 0 1 8 5 0 2 0 3 0 13 171 1 1 2 0 0 7 0 12 1 2 0 0 19 1 1 0 13 3 0 15 0 2 0 6 2 1 0 9 1 2 3 8 2 0 0 1 2 0 1 48 9 0 13 
2 0 41 0 0 3 3 33 2 0 14 27 4 1 2 2 16 9 8 0 1 0 0 10 0 0 13 9 0 2 4 42 4 0 1 0 1 1 4 8 0 9 0 2 1 1 5 0 3 16 3 0 1 0 2 0 17 4 2 5 0 7 1 7 
0 8 0 8 1 0 7 1 2 1 0 12 3 0 0 1 0 0 8 13 7 1 8 28 17 2 1 9 6 0 0 4 1 1 1 0 25 74 5 0 0 11 9 2 16 17 0 0 2 2 0 1 2 71 22 3 1 0 2 0 4 0 10 30 
6 17 1 46 0 0 0 0 2 0 2 0 0 0 4 12 0 5 1 1 8 0 15 0 0 0 0 0 36 17 2 0 45 6 1 16 1 3 0 0 1 8 0 0 1 3 4 0 1 5 11 7 404 1 1 2 0 0 2 7 2 0 12 1 
5 0 0 0 2 4 2 9 1 0 0 8 13 2 0 3 7 2 33 13 3 0 0 1 0 0 0 3 41 24 1 2 8 2 1 1 0 15 1 0 2 1 0 16 0 2 2 0 0 4 73 1 1 0 19 1 1 1 14 2 0 0 2 2 
4 6 12 22 0 0 4 0 0 0 0 0 1 0 17 2 0 0 1 0 15 8 0 1 0 34 6 0 0 7 0 4 10 36 12 3 9 1 0 4 0 1 0 0 5 0 0 208 1 4 3 18 0 1 2 19 0 4 0 3 0 226 2 4 
2 43 3 0 0 0 0 6 19 3 1 1 20 7 2 1 2 0 1 136 1 0 1 0 1 7 4 4 7 0 10 0 0 2 9 18 0 0 1 2 3 0 1 4 4 0 5 0 0 0 0 2 0 1 4 1 0 7 5 0 1 0 50 104 
0 2 9 1 37 3 8 0 1 1 1 1 0 4 1 6 2 1 4 3 6 1 44 0 2 3 0 5 0 2 0 9 3 1 1 0 0 1 0 1 0 0 44 4 1 9 19 35 0 1 0 0 0 0 0 1 3 14 28 6 1 0 1 6 
8 6 1 0 1 0 0 6 0 4 4 12 0 29 0 0 1 7 62 2 0 0 7 62 0 8 23 18 8 0 2 21 0 0 1 7 5 0 1 0 2 1 2 279 2 1 21 1 2 0 20 4 0 2 0 14 0 10 1 3 0 95 3 8 
1 2 2 0 1 1 3 5 0 1 0 0 0 0 0 8 2 1 0 6 1 14 0 0 0 5 3 2 0 1 1 8 0 0 3 0 23 8 0 1 2 0 1 0 1 2 0 50 0 0 2 0 2 2 11 3 2 0 3 30 2 0 13 0 
8 1 0 2 8 0 0 0 1 0 4 8 34 0 0 0 1 25 1 22 0 17 126 7 1 5 2 5 1 1 1 0 0 7 1 0 1 6 4 1 1 0 2 14 2 0 2 1 0 13 1 4 4 1 6 1 0 4 30 26 1 1 0 23 
3 1 1 0 2 16 5 14 31 3 1 0 2 1 0 1 5 5 1 2 2 1 10 0 3 51 2 2 0 0 5 3 3 1 1 0 1 3 0 0 4 43 0 4 0 1 11 14 31 24 4 5 1 1 0 1 6 1 3 0 1 7 22 3 
13 52 1 0 6 0 5 2 2 12 25 8 67 0 1 0 11 0 0 0 2 2 2 0 0 10 0 4 2 0 0 3 0 0 4 1 3 3 5 0 0 2 10 12 1 0 11 0 0 1 0 2 2 6 11 0 42 0 2 1 54 2 59 0 
1 2 1 1 0 0 10 0 0 9 0 1 0 1 1 8 2 2 2 0 0 18 1 74 1 1 1 6 0 7 5 0 6 0 1 1 20 4 0 0 3 19 0 1 18 0 0 0 2 2 14 5 9 0 4 0 0 7 18 0 2 20 0 8 
10 0 17 7 5 1 1 1 1 0 6 2 0 27 0 3 8 3 4 1 2 2 0 1 0 15 1 9 1 0 1 0 3 45 0 0 2 4 1 6 0 0 9 3 2 0 3 0 0 7 0 6 2 2 1 3 0 0 0 0 0 14 0 9 
0 4 0 3 31 0 0 0 3 30 46 3 2 2 0 0 0 1 9 30 1 3 0 37 1 0 1 2 0 0 0 1 91 5 0 2 107 10 0 1 0 2 1 0 3 0 0 20 8 0 13 1 0 1 3 0 1 0 208 1 2 1 1 0 
10 0 4 0 5 4 0 1 2 0 0 0 2 13 2 2 1 31 1 2 0 3 0 4 1 1 1 1 0 0 12 2 1 0 0 2 1 0 154 3 4 0 0 1 37 4 1 25 2 0 3 0 1 1 1 4 0 25 8 14 0 45 3 10 
0 66 1 2 22 1 5 8 0 0 6 5 0 4 13 0 0 0 4 2 0 9 3 1 2 6 0 2 0 32 0 22 0 12 0 25 0 25 1 0 0 0 21 0 10 0 21 0 1 141 2 32 5 0 0 32 113 3 1 1 0 0 2 18 
0 0 2 1 0 2 7 32 0 0 19 0 0 0 1 5 0 1 1 0 0 0 0 0 0 0 0 2 1 0 0 0 16 1 16 1 0 1 18 1 1 3 1 0 1 8 1 0 2 9 16 0 2 58 1 0 1 1 6 1 1 1 1 4 
0 9 1 2 64 1 0 8 33 15 1 5 6 16 0 10 0 8 4 9 0 4 57 9 0 17 0 2 0 90 0 6 2 6 33 0 4 1 1 7 0 2 0 4 0 2 1 0 15 1 5 9 0 1 3 1 31 4 2 0 2 0 7 43 
20 0 1 0 3 2 24 2 14 1 2 0 0 0 1 16 0 0 0 0 2 11 1 0 1 5 3 9 1 8 0 1 0 0 0 3 0 2 1 0 0 4 0 34 7 2 4 1 2 1 0 0 8 0 0 5 5 1 0 2 0 0 0 2 
13 2 0 0 0 2 1 1 1 6 16 12 3 1 6 6 109 3 1 1 0 1 0 0 1 2 4 10 11 0 0 1 0 1 0 2 1 3 1 1 2 0 1 3 2 0 0 0 15 1 0 0 2 1 4 4 0 0 8 19 3 0 3 2 
0 0 19 0 0 20 0 10 14 1 9 0 13 0 0 0 5 0 1 2 1 0 3 1 0 3 0 5 1 16 15 1 0 64 3 1 16 1 0 0 2 31 1 34 0 3 0 15 0 1 7 2 2 1 10 90 0 5 6 0 1 0 0 5 
0 0 3 0 0 0 1 136 1 56 2 0 0 37 2 3 4 2 0 1 9 20 6 0 0 1 0 0 1 6 0 2 0 14 10 2 102 8 1 70 3 0 0 1 5 22 0 1 1 3 0 534 7 6 4 1 2 24 146 7 1 0 1 2 
0 1 2 7 2 2 0 3 1 0 0 0 0 1 0 1 26 6 4 3 3 11 0 0 1 4 2 1 0 0 17 1 0 18 9 8 0 1 9 7 1 2 0 8 27 7 1 0 4 5 0 0 0 203 2 0 12 15 0 0 1 1 0 1 
4 1 2 2 9 0 14 9 10 1 19 1 2 10 4 1 5 28 19 194 1 1 1 6 27 9 6 0 1 4 29 2 30 0 0 7 25 109 0 0 1 13 6 3 0 0 0 0 3 0 5 6 0 0 2 2 14 5 6 2 1 1 0 1 
0 0 1 22 4 8 1 2 2 3 26 0 7 0 1 2 0 0 0 1 0 3 0 3 0 0 3 1 3 1 0 4 6 1 1 10 22 4 2 0 0 0 0 0 3 0 2 162 1 3 0 37 0 1 0 6 5 1 26 0 0 1 1 9 
0 0 3 1 0 1 1 3 6 5 1 3 0 0 4 1 2 4 0 0 6 8 5 6 1 0 0 1 0 8 5 13 6 26 1 6 6 2 0 4 27 1 3 0 12 6 1 4 0 2 9 22 0 1 1 28 0 2 16 0 7 13 23 1 
3 0 16 1 0 0 30 35 0 6 1 4 0 0 0 27 9 0 1 54 0 0 1 0 2 1 0 10 45 2 5 6 1 5 0 30 0 1 90 14 1 0 7 12 0 0 0 4 2 0 0 49 2 2 11 0 8 0 2 0 0 1 0 0 
1 0 0 0 12 5 0 1 40 7 8 5 0 18 0 0 0 1 13 14 2 10 0 1 8 3 0 0 0 2 0 26 2 7 0 1 0 5 0 25 20 1 1 10 1 2 1 28 34 0 2 0 11 30 0 1 0 1 9 0 0 1 227 0 
0 13 1 2 8 0 4 0 29 0 30 0 0 0 0 1 554 0 24 14 8 0 1 26 0 0 0 2 4 3 14 0 9 0 0 0 17 5 7 14 119 0 0 5 0 0 1 1 0 1 0 0 3 7 7 6 0 6 3 5 2 3 19 3 
2 2 4 0 4 6 2 0 0 2 6 6 2 1 0 3 6 21 0 0 0 0 0 1 127 1 0 1 0 1 1 0 2 15 0 7 0 0 5 0 5 8 9 2 2 0 0 9 2 0 6 48 8 11 0 0 0 78 5 78 3 0 6 222 
16 0 1 10 0 2 0 4 1 1 1 4 1 1 0 0 0 2 108 2 6 3 3 2 10 1 0 11 7 4 2 10 8 1 16 0 1 1 7 0 5 7 1 10 0 3 1 1 0 0 0 1 1 24 1 7 15 4 2 0 7 3 0 0 
0 47 1 3 11 42 2 2 276 0 1 1 6 0 1 0 1 5 0 1 2 0 2 6 0 94 0 0 4 6 0 8 1 0 16 11 0 0 3 1 1 1 52 5 121 0 10 0 2 1 18 0 4 1 4 0 0 1 0 0 40 0 3 2 
5 178 13 1 0 8 0 8 0 111 2 1 0 0 0 13 1 0 2 16 0 9 0 0 119 34 5 0 10 6 71 0 12 1 1 22 1 13 44 0 4 5 0 104 0 0 1 0 6 1 1 14 5 9 4 1 38 0 0 16 0 3 0 84 
14 15 9 1 0 3 0 5 0 8 11 35 1 1 8 2 0 1 0 1 3 0 0 1 0 6 14 20 5 34 4 0 12 6 0 0 5 3 1 2 9 12 0 0 1 1 43 13 9 2 0 0 2 0 16 2 19 7 0 4 11 1 3 0 
3 8 1 10 1 2 0 9 32 5 9 1 6 1 0 0 9 0 1 1 2 7 2 0 1 3 5 4 2 1 10 0 12 3 5 9 0 0 23 9 12 21 0 0 0 0 0 0 0 0 1 0 0 6 0 0 0 0 3 0 6 5 15 0 
0 1 1 21 7 5 1 3 17 0 11 0 7 0 388 0 0 9 35 4 1 0 8 1 2 0 1 9 1 2 19 0 0 0 72 1 0 0 0 0 15 6 0 3 2 1 0 2 2 0 15 1 1 0 0 1 0 0 4 0 4 0 3 20 
0 19 2 19 0 0 0 0 0 2 35 5 1 1 2 3 1 0 0 20 0 1 28 1 0 2 1 0 0 15 2 0 2 0 29 3 0 0 2 8 0 0 0 1 0 0 2 0 4 7 0 1 4 10 6 0 0 0 0 0 1 10 6 0 
20 6 3 294 4 0 0 13 1 0 1 11 12 0 0 34 7 1 2 34 5 2 3 1 2 12 1 2 44 0 44 3 0 2 4 0 0 3 7 17 1 3 20 1 2 0 1 1 4 4 1 9 57 1 24 0 1 11 3 13 1 1 0 0 
0 1 2 0 5 6 0 0 2 0 0 0 1 26 1 57 44 26 5 0 106 10 0 0 6 7 0 11 3 0 12 0 10 0 0 0 2 1 0 2 1 32 5 9 16 1 2 0 0 1 16 0 0 0 0 1 0 2 0 1 1 0 0 20 
1 0 2 0 5 1 8 1 14 9 1 1 3 6 0 5 0 6 0 1 0 0 2 81 13 0 58 14 5 24 0 2 1 30 8 25 0 2 3 2 1 9 1 8 12 0 9 5 1 4 4 6 0 0 2 1 0 0 1 1 1 1 6 1 
3 5 5 1 0 2 2 4 6 5 1 0 0 7 0 1 1 1 7 5 0 1 1 0 1 87 0 1 0 1 4 0 0 214 102 0 20 0 0 0 12 6 8 2 1 6 0 14 1 29 9 1 16 0 0 0 42 0 3 32 6 1 17 17 
0 2 1 1 0 0 0 0 0 1 1 2 6 13 151 3 0 13 11 0 9 4 2 0 0 0 1 1 0 0 37 1 31 148 29 0 115 3 3 1 0 5 2 6 11 1 0 2 3 2 0 1 1 7 6 7 4 3 0 6 1 2 0 2 
0 1 6 0 0 20 0 2 0 1 16 13 6 0 14 0 62 4 0 0 0 2 8 3 19 0 0 0 5 4 0 6 6 0 1 0 27 0 1 2 0 2 1 6 1 0 1 0 1 0 52 1 0 1 0 0 0 0 6 0 8 0 5 23 
6 1 5 64 4 11 0 0 34 0 0 1 3 4 0 0 13 7 1 0 1 2 2 6 1 3 0 6 2 2 2 1 1 4 0 0 4 1 34 2 1 1 1 1 9 2 2 0 1 10 0 0 0 0 0 0 1 2 1 0 80 3 1 0 
0 2 7 0 2 2 5 1 0 5 9 7 0 2 1 51 23 1 0 3 10 1 0 26 1 2 12 0 5 0 29 1 1 3 3 2 5 1 1 1 3 0 1 5 64 7 0 15 3 0 2 14 0 1 0 12 1 3 1 0 10 3 6 0 
17 12 1 1 4 0 0 0 0 21 2 0 1 1 0 10 0 1 0 3 1 1 6 0 1 1 5 6 2 0 0 0 1 2 6 1 0 69 3 16 0 0 3 350 2 0 9 0 4 0 0 2 41 4 26 1 14 9 0 3 1 2 2 0 
0 6 4 12 3 3 0 2 0 1 0 4 0 4 5 0 0 2 13 0 0 0 1 0 31 0 3 145 0 19 8 0 0 4 13 3 39 4 4 0 2 5 0 1 0 1 0 3 3 12 0 0 5 1 1 5 13 2 7 1 0 23 0 0 
9 1 6 3 10 0 1 5 2 4 21 2 1 2 0 0 0 4 1 9 32 0 1 4 24 0 2 1 55 0 22 11 0 342 2 26 0 67 1 0 1 0 0 14 1 0 0 3 5 0 2 0 31 2 1 1 3 0 0 0 7 0 0 5 
1 14 11 9 1 0 0 0 1 1 2 3 72 3 6 1 1 1 1 6 9 0 1 5 0 32 3 2 4 25 1 0 3 2 5 0 6 1 3 13 1 4 0 0 0 0 35 1 0 10 0 5 4 26 4 2 2 0 64 88 0 1 8 1 
20 0 8 3 4 1 2 0 0 2 0 1 0 0 0 3 0 2 12 0 2 2 9 4 1 0 1 1 0 4 3 1 3 4 21 7 5 3 0 0 0 0 0 0 0 2 1 1 7 36 12 122 5 0 0 0 0 1 15 0 0 2 18 1 
1 32 7 0 1 8 0 0 18 0 0 1 0 1 1 4 0 46 2 0 4 0 6 1 7 0 14 2 6 7 0 3 6 1 0 0 1 1 8 0 0 32 0 5 2 0 0 1 1 1 2 2 8 1 1 2 0 0 0 4 1 10 0 0 
8 30 2 0 0 8 0 3 0 0 7 0 0 0 54 0 1 0 0 1 1 3 2 7 24 8 2 13 4 0 0 0 3 0 1 3 1 1 7 2 18 1 2 4 0 1 20 0 5 2 3 22 78 9 0 4 2 2 0 8 2 0 3 1 
2 3 0 3 1 1 4 11 3 0 0 4 0 1 0 7 12 53 0 0 1 1 39 98 0 10 0 1 0 0 2 31 0 3 2 6 436 225 1 1 2 2 4 1 1 20 0 30 22 4 14 27 0 0 1 0 1 1 0 0 1 0 0 1 
7 0 0 0 0 1 0 0 8 7 0 2 1 8 1 5 1 0 16 1 0 1 2 1 0 0 15 0 1 1 5 1 8 6 36 17 0 0 0 4 5 0 36 7 1 0 0 0 0 18 6 1 4 0 0 2 1 1 5 0 1 2 0 1 
63 45 3 1 1 2 1 1 3 0 1 0 1 2 0 3 1 5 0 3 1 0 0 3 58 0 6 5 9 1 8 1 0 1 37 0 1 13 0 1 4 6 9 0 4 25 0 2 4 1 1 0 0 0 0 0 3 0 2 2 3 2 4 1 
1 0 9 0 0 1 0 0 466 25 3 0 1 0 14 1 4 1 1 212 1 0 4 12 4 5 6 12 5 0 0 0 0 8 0 2 1 34 0 0 1 0 97 10 8 3 131 3 0 2 0 2 0 0 2 0 1 2 1 0 9 0 6 0 
25 5 2 1 0 3 2 0 0 1 2 0 5 47 13 3 1 3 0 1 1 0 0 118 1 1 2 19 3 19 6 13 2 7 2 0 19 31 1 5 1 0 0 13 1 1 53 2 0 0 40 14 0 7 28 6 1 0 0 0 32 2 7 0 
4 1 0 9 1 4 1 0 14 2 3 0 0 6 0 1 31 1 4 3 0 3 1 0 2 13 2 9 0 5 0 0 0 1 4 14 40 1 1 1 1 93 1 4 2 24 9 3 0 3 4 10 22 3 7 6 2 11 5 0 0 3 0 0 
1 0 0 43 1 14 2 1 2 0 2 2 0 0 1 2 0 10 10 1 0 4 2 0 0 1 0 0 2 0 21 0 1 0 0 0 1 1 5 5 139 1 2 0 9 0 1 1 5 4 12 7 1 3 1 0 0 1 0 3 4 1 0 0 
0 0 2 0 6 0 0 16 0 0 1 1 6 5 0 11 1 21 1 1 0 9 0 19 3 2 10 0 0 3 12 2 0 1 5 12 0 38 40 19 0 1 4 1 1 1 0 10 1 16 0 6 7 0 2 1 3 30 0 2 0 4 1 4 
0 0 43 0 1 0 7 6 6 5 0 0 1 24 1 0 6 0 1 0 2 10 2 56 0 9 9 4 0 2 3 1 9 7 6 4 8 2 0 0 0 1 7 0 1 14 0 0 21 51 0 0 41 2 5 14 0 17 0 4 1 1 2 1 
10 1 0 97 138 8 10 0 3 3 2 0 1 0 4 14 4 4 2 0 125 5 48 2 2 0 0 1 1 1 4 27 6 6 0 0 8 66 0 5 1 0 11 0 5 0 14 0 8 4 1 17 0 2 0 0 26 2 0 1 6 1 1 0 
0 5 3 0 2 0 11 0 3 5 1 6 0 1 2 2 3 20 30 1 9 0 18 6 6 0 0 0 2 2 1 0 0 0 1 1 7 2 0 7 2 0 0 1 0 1 5 5 2 0 6 2 1 0 6 0 28 0 0 14 2 4 1 1 
2 9 2 6 0 3 2 0 1 6 4 1 1 0 21 1 0 0 0 7 8 27 10 1 8 4 2 27 3 1 0 0 1 0 3 1 1 2 0 1 5 3 0 0 2 0 124 0 11 1 1 0 1 5 1 0 7 0 0 7 1 2 0 0 
0 2 0 0 1 7 9 0 3 0 1 3 1 0 3 1 0 0 0 1 8 1 7 2 7 8 5 3 7 413 33 3 1 7 0 1 3 0 0 1 2 3 1 5 0 0 0 33 7 0 0 0 13 0 8 0 0 2 8 0 14 2 1 1 
3 1 0 1 19 11 0 0 5 5 1 6 0 0 0 0 0 1 2 5 0 9 1 0 57 0 21 9 1 1 0 5 18 0 1 6 3 4 1 1 1 0 0 0 0 0 1 0 0 9 0 1 2 2 0 1 1557 4 3 2 4 1 1 1 
1 0 2 2 3 2 6 5 1 4 1 0 5 0 8 5 7 2 5 6 0 0 1 1 0 0 0 1 3 4 18 0 0 3 3 1 4 35 0 1 0 0 0 10 4 1 5 0 6 0 3 0 8 6 1 0 0 61 1 1 4 0 1 0 
3 0 1 0 41 3 2 0 0 1 2 15 1 1 0 0 2 7 4 2 2 1 1 2 0 0 1 0 1 1 1 0 3 0 1 1 0 0 6 3 3 0 13 10 1 0 0 95 0 0 2 29 4 1 32 1 2 0 0 4 0 0 9 0 
0 2 4 1 3 1 1 0 2 8 13 0 0 62 35 1 1 2 0 31 16 1 1 6 0 6 18 1 0 14 4 0 6 6 5 2 2 0 4 1 4 4 2 6 3 1 9 0 1 0 0 1 1 0 0 0 0 3 9 0 2 0 0 3 
49 21 4 2 0 4 13 1 2 1 4 3 2 3 0 4 3 1 3 83 5 0 4 1 14 0 5 0 4 15 0 1 0 2 6 0 83 0 75 0 0 3 0 7 1 0 4 1 0 7 0 2 0 0 48 1 0 0 0 7 1 0 0 5 
6 0 2 2 1 19 0 12 4 3 1 35 0 3 1 5 0 0 4 2 0 1 1 1 2 0 2 7 1 2 2 3 7 0 2 1 27 0 0 1 10 1 17 1 6 0 0 0 5 2 3 5 8 4 1 0 2 0 4 1 0 2 0 23 
273 4 0 1 12 6 244 0 3 1 0 0 0 1 0 0 3 12 17 0 12 4 38 1 0 0 7 0 5 5 0 8 1 5 1 0 12 0 2 0 0 0 0 1 1 0 5 8 0 9 4 0 0 16 0 1 0 18 2 3 12 0 2 1 
0 1 0 0 1 0 31 0 0 0 0 21 0 1 0 1 2 2 4 0 1 0 1 0 0 4 17 1 2 1 0 1 4 0 1 0 5 4 0 2 26 0 12 1 11 32 7 0 0 7 0 8 3 0 0 5 9 25 13 5 3 12 26 0 
1 1 72 4 0 4 0 5 0 1 2 10 5 8 5 0 1 3 1 11 2 2 7 0 0 0 163 1 1 2 2 1 0 5 0 2 1 35 5 7 1 0 7 6 2 11 66 5 4 1 1 4 0 0 1 0 0 0 76 1 2 34 1 0 
1 4 10 0 0 1 2 1 1 1 13 1 7 8 2 0 1 0 1 1 0 1 0 0 1 1 1 2 0 0 0 9 22 1 0 1 0 123 1 1 25 13 1 0 0 2 0 11 1 3 1 3 1 3 1 7 0 0 0 7 0 0 2 15 
33 0 0 0 1 2 1 2 69 14 0 0 2 7 1 1 1 47 0 0 0 0 9 24 1 10 0 2 2 1 0 2 1 4 1 0 0 0 10 0 2 2 3 0 1 0 0 0 14 0 0 0 9 0 1 9 17 4 0 2 0 0 1 1 
0 2 1 3 3 6 0 0 0 9 1 1 0 21 2 0 1 1 2 0 1 7 7 3 8 0 2 0 2 1 1 1 0 4 0 0 0 8 0 1 0 0 0 0 0 4 1 2 2 6 1 4 1 1 2 5 0 2 2 0 128 3 2 0 
7 0 0 0 0 0 15 0 2 0 8 20 0 2 4 9 5 1 0 5 0 5 0 0 0 24 31 0 0 0 29 0 23 16 0 0 0 5 1 0 1 6 0 0 0 0 0 3 52 8 4 4 1 0 8 11 0 4 32 0 1 0 9 0 
1 0 9 0 5 4 0 16 3 0 0 0 0 3 6 1 1 1 12 0 3 6 1 15 0 2 3 37 2 1 4 1 3 0 6 0 0 2 1 1 2 74 4 1 5 11 0 56 0 18 0 0 1 2 1 0 1 4 2 3 0 0 25 1 
4 0 12 2 1 3 2 2 0 1 2 19 6 1 1 7 2 0 0 33 0 1 1 0 15 1 0 8 0 0 0 4 0 2 4 22 0 1 0 101 2 0 0 1 1 7 10 6 1 7 10 0 0 6 0 7 1 0 2 2 0 0 8 3 
1 1 1 7 32 1 1 1 0 1 0 2 7 0 0 6 2 4 1 0 0 2 1 3 2 0 26 8 1 2 1 3 0 9 1 5 1 9 2 0 0 4 9 1 8 4 0 1 0 0 2 0 2 2 36 1 1 14 0 1 0 10 0 0 
0 0 7 0 11 0 0 4 2 3 1 11 1 8 0 5 0 2 8 2 4 0 9 5 4 3 0 2 0 0 0 1 0 0 0 7 0 0 2 0 1 1 0 1 3 1 3 0 1 11 0 2 11 4 0 0 1 0 6 1 4 0 0 7 
0 1 0 3 0 3 0 1 0 3 8 10 0 1 3 0 0 0 1 0 0 0 20 0 5 8 1 0 0 0 0 0 12 1 1 0 65 20 1 0 2 7 0 0 1 8 2 1 14 2 0 9 2 2 2 2 41 4 1 0 13 0 41 3 
1 0 1 4 8 1 11 2 0 6 4 1 0 0 1 3 0 12 6 1 0 0 4 7 21 2 17 0 0 18 29 0 3 8 1 1 0 13 2 1 1 6 0 1 1 1 0 0 0 0 0 0 14 2 9 16 8 3 4 0 1 222 0 0 
1 25 6 1 0 0 0 0 0 1 5 1 15 3 0 15 5 0 1 0 0 1 2 4 2 1 40 1 0 0 21 0 10 0 0 0 0 22 2 0 1114 40 0 0 19 3 23 3 14 0 41 18 1 6 4 0 724 1 5 2 3 4 5 48 
4 0 6 0 7 12 0 3 0 3 0 1 1 1 5 4 1 5 0 0 1 0 6 2 1 10 0 1 0 79 1 2 1 6 0 6 0 6 1 3 16 0 4 4 0 2 0 1 0 0 0 1 40 3 2 0 0 3 2 2 0 0 15 0 
1 0 32 1 119 0 6 8 0 1 1 11 1 22 3 6 0 0 0 4 6 3 0 1 0 7 3 4 0 0 1 6 1 0 70 4 2 6 1 1 0 0 2 5 11 5 0 0 1 18 2 23 0 29 42 3 10 6 1 1 1 6 17 7 
1 7 5 0 2 2 0 0 2 12 0 12 0 0 5 8 1 18 7 0 0 0 6 0 0 193 14 0 4 0 2 1 0 5 14 8 0 13 0 0 0 5 0 1 21 0 0 2 1 2 7 0 19 0 12 2 1 5 0 14 0 9 24 0 
10 0 1 2 1 2 0 0 7 3 0 1 0 0 119 1 0 3 3 1 0 10 0 0 0 4 6 0 2 0 17 1 11 5 2 5 26 1 4 0 0 2 14 11 2 12 1 7 7 4 7 1 0 1 2 0 5 0 0 2 11 1 4 1 
1 0 0 6 0 1 12 0 2 1 84 22 0 1 1 1 0 0 6 12 0 1 0 2 0 2 2 0 1 0 0 1 0 7 7 45 0 41 4 9 0 2 0 2 0 2 9 1 1 3 0 1 1 0 21 0 2 48 15 1 0 6 0 2 
2 2 1 3 0 0 41 0 0 1 1 0 26 49 0 3 0 6 1 2 1 1 4 13 3 1 0 2 0 12 0 0 0 5 1 87 6 2 10 76 2 18 6 1 0 20 3 0 0 0 0 0 21 39 0 24 3 1 0 0 4 2 11 0 
25 1 1 1 1 0 0 0 2 1 9 4 23 6 0 24 2 5 0 1 0 0 24 20 2 26 4 1 0 4 0 1 1 1 4 8 15 0 0 0 4 2 3 0 0 1 1 0 0 4 0 1 1 1 0 2 22 0 1 6 2 0 2 2 
1 2 1 0 1 37 1 10 3 2 1 10 1 11 26 12 4 1 5 0 0 1 1 8 2 0 1 27 35 3 0 6 4 9 5 41 0 0 0 1 1 4 9 2 4 1 0 0 0 3 6 29 2 4 2 5 0 2 0 2 2 0 3 1 
0 3 0 1 0 9 1 9 14 0 14 11 2 0 0 5 13 1 0 3 1 0 5 0 4 3 2 0 3 0 0 0 0 2 12 4 2 7 0 5 12 2 6 0 0 3 48 6 0 1 28 2 3 6 8 6 1 2 0 34 1 0 1 1 
13 47 7 3 0 0 0 0 1 6 0 8 0 0 0 0 2 9 0 8 0 0 1 33 1 1 0 25 0 2 2 1 1 0 0 3 0 1 29 6 6 1 0 0 0 1 7 0 1 3 1 11 0 1 17 0 0 6 0 0 1 0 0 3 
0 1 16 1 0 0 13 8 1 0 1 10 1 0 1 1 0 1 0 2 2 0 1 0 13 12 19 4 1 5 7 16 3 3 0 1 0 13 1 1 4 3 1 0 8 4 1 76 4 0 0 0 1 0 2 0 0 3 1 12 32 0 4 1 
34 1 5 4 1 0 1 18 0 1 1 0 0 33 1 0 3 21 2 3 1 8 5 43 0 1 0 8 23 1 0 1 0 0 0 2 1 17 0 4 2 4 11 1 2 1 0 0 0 0 1 0 2 1 2 0 0 0 0 0 0 4 1 1 
12 2 18 0 0 1 1 3 14 0 0 1 51 34 0 1 0 1 0 0 18 0 0 0 1 7 3 0 1 1 3 0 4 0 5 1 3 0 0 1 6 0 1 1 52 1 30 11 0 3 0 0 3 0 1 0 15 24 1 6 2 78 1 7 
0 4 26 1 2 0 7 3 9 1 4 0 0 0 0 7 6 0 12 0 1 0 1 0 4 3 0 1 3 1 3 17 2 0 1 1 1 1 2 0 5 0 1 3 4 1 1 1 5 13 0 5 3 2 1 12 3 0 0 3 0 0 0 8 
32 8 2 0 2 0 9 0 1 2 10 1 4 4 3 0 38 3 2 6 75 0 3 2 0 36 2 11 0 0 0 1 12 1 0 7 3 0 0 8 7 1 0 1 18 0 3 4 17 1 34 1 19 0 2 0 1 0 0 6 1 0 0 13 
0 0 2 1 1 4 4 4 1 5 31 0 1 0 0 9 6 13 0 2 3 0 0 8 30 0 0 1 0 0 4 1 0 1 1 0 158 4 30 14 43 0 57 3 0 0 1 8 2 0 49 8 2 0 0 0 13 3 1 8 0 0 0 8 
6 1 82 4 0 4 58 0 12 0 1 2 1 2 0 20 0 1 14 1 10 0 9 1 0 9 1 77 0 0 18 0 4 0 15 3 0 0 0 0 11 5 4 0 0 10 11 0 1 0 6 1 2 0 0 1 0 0 4 0 1 11 0 10 
3 0 1 15 1 3 1 1 0 0 1 2 0 4 0 6 4 0 0 1 2 7 2 12 0 1 1 0 0 0 0 0 0 5 0 1 7 0 1 0 0 0 6 8 0 585 1 0 0 4 1 7 0 14 0 2 10 5 0 0 1 2 1 0 
27 0 1 8 1 0 4 1 11 14 2 0 31 6 0 2 1 0 1 2 5 0 1 55 22 8 0 16 0 1 0 0 2 0 0 0 2 0 2 56 1 1 0 0 1 3 0 91 2 1 2 1 1 24 1 6 13 160 5 1 2 1 9 10 
5 3 7 15 14 4 0 14 0 2 3 0 1 1 1 0 3 0 0 0 0 2 3 5 0 2 0 0 3 0 0 1 11 0 3 1 2 1 14 36 0 6 0 30 0 0 2 2 1 4 2 5 7 1 0 0 18 2 55 51 9 0 0 0 
1 37 11 84 46 1 2 0 1 3 2 5 22 0 1 2 3 0 8 9 0 0 1 7 0 0 2 7 11 1 0 3 0 0 8 0 0 1 0 0 0 1 13 2 0 0 4 5 10 0 6 20 0 5 11 14 0 0 0 0 3 0 2 3 
1 0 2 0 2 1 0 0 27 1 0 3 0 0 1 1 2 16 1 1 0 2 8 0 42 24 7 1 9 1 3 6 16 4 1 1 0 9 96 1 12 0 0 1 40 0 0 0 2 0 13 0 0 2 4 2 0 0 14 12 3 0 0 1 
1 1 10 36 0 0 0 0 0 6 6 5 0 3 3 0 0 21 0 0 25 1 0 0 17 5 0 10 0 1 0 0 3 29 3 0 2 1 0 14 2 0 12 1 0 3 0 7 0 1 0 0 3 6 1 0 0 14 1 27 20 2 6 0 
0 2 3 0 2 1 0 0 1 0 7 0 0 2 2 20 5 1 0 3 9 1 0 0 0 0 0 3 0 0 0 4 3 1 146 10 2 0 0 23 2 0 4 8 0 0 0 2 1 0 20 3 2 0 0 1 1 1 0 520 0 44 0 0 
0 1 35 21 0 0 0 0 2 48 0 0 0 3 1 132 72 1 10 1 1 24 0 8 1 0 1 3 2 37 0 1 12 0 1 0 2 6 2 8 3 35 7 1 1 6 1 1 14 0 0 4 7 5 1 7 3 11 2 2 3 9 4 1 
20 3 1 0 0 4 0 1 0 3 0 3 5 4 0 8 1 6 0 10 5 0 2 0 142 0 6 4 6 12 1 5 4 1 4 0 4 16 0 1 6 5 0 2 0 2 4 1 0 4 0 32 1 0 13 4 1 2 1 0 1 5 3 5 
1 5 95 5 11 1 4 0 6 1 12 2 1 1 2 0 2 41 18 3 21 7 0 23 0 7 6 1 0 4 0 7 0 4 5 0 0 0 1 5 0 4 3 0 1 0 1 1 3 0 4 1 0 0 0 1 1 4 0 1 1 0 0 0 
0 0 0 0 1 0 35 21 8 0 5 16 0 156 3 0 1 3 0 3 1 2 41 9 1 0 33 0 70 0 6 0 0 2 0 0 18 3 1 4 3 0 0 1 2 1 1 2 17 1 1 11 2 8 3 2 0 0 42 9 11 0 1 54 
2 1 16 2 0 0 1 1 2 7 1 0 0 1 13 1 1 4 4 10 11 3 0 6 1 1 14 1 2 2 1 14 0 3 7 2 0 0 2 1 0 8 13 7 2 14 0 3 5 3 0 138 1 26 12 0 6 1 1 12 6 6 18 7 
1 1 4 0 0 1 8 0 1 0 2 0 0 0 1 1 2 0 4 1 0 1 1 0 0 1 1 1 103 11 19 0 2 1 0 2 44 1 1 1 0 0 1 1 0 0 4 0 0 0 0 14 25 0 20 5 0 1 2 0 21 3 10 0 
1 2 0 0 2 2 12 13 0 8 0 0 1 9 3 1 1 15 0 0 0 2 8 0 0 0 4 5 9 0 0 0 0 1 2 4 8 1 0 1 0 0 0 0 0 3 1 2 1 1 0 4 2 0 0 1 0 0 0 7 1 8 2 3 
0 1 2 2 1 0 3 0 6 1 1 0 11 1 0 1 0 9 0 30 5 5 0 1 15 1 0 0 17 24 0 0 1 37 0 2 0 0 1 0 2 1 0 1 2 2 0 1 1 14 0 0 1 1 10 0 0 2 0 0 12 3 0 5 
0 4 0 0 0 1 4 0 4 0 1 37 79 3 19 7 0 0 1 2 0 0 0 2 12 1 7 1 1 52 1 0 1 0 0 1 13 0 1 0 0 1 1 0 0 7 0 12 2 64 0 0 79 3 0 0 1 9 39 62 4 19 3 15 
0 0 7 0 0 41 1457 0 4 2 0 0 0 233 1 4 6 8 2 10 4 1 1 1 1 1 6 0 1 20 9 0 0 0 1 2 0 0 1 0 0 0 1 2 2 23 8 0 0 4 0 0 0 0 7 1 23 6 0 2 4 0 24 6 
6 0 10 4 24 1 0 1 1 8 4 1 1 1 0 7 0 0 3 0 23 2 0 0 0 0 0 2 4 4 8 0 0 100 4 0 0 1 19 6 26 142 4 3 0 4 4 0 1 1 0 36 1 1 3 23 0 1 3 0 18 3 0 3 
1 17 5 0 1 2 3 1 13 0 1 17 0 0 0 2 29 40 4 0 198 16 3 174 4 0 0 0 7 1 0 0 0 1 1 3 0 1 0 4 7 0 3 2 1 4 0 17 1 0 12 7 35 6 4 0 2 0 4 6 4 0 2 5 
3 1 0 0 0 7 4 0 1 0 9 12 0 6 4 2 2 1 3 0 2 4 0 4 0 0 2 2 1 30 5 4 18 12 0 14 1 1 2 2 8 0 0 4 1 1 0 27 4 0 2 1 0 1 5 0 3 13 0 3 6 13 1 5 
0 25 1 2 0 4 3 28 10 14 1 0 4 0 0 0 0 37 6 0 0 0 8 0 4 2 11 2 1 1 4 8 0 5 0 7 1 1 1 20 0 1 6 1 8 0 44 0 0 5 0 0 1 5 28 0 0 0 0 0 0 5 1 1 
51 5 2 10 0 0 0 1 1 2 50 11 0 2 1 5 1 3 6 0 5 13 0 1 0 0 1 5 0 5 37 0 0 51 2 0 0 19 0 0 3 0 1 5 1 1 43 1 1 0 0 12 0 2 2 1 0 1 1 0 0 2 78 8 
59 8 0 0 0 4 2 5 0 0 22 2 0 1 21 0 2 4 11 5 1 1 20 0 0 2 11 11 15 4 0 2 6 2 0 10 13 0 0 0 4 0 2 1 6 0 1 11 0 0 10 4 41 2 0 3 0 1 9 0 4 30 1 0 
0 1 0 0 0 22 0 14 0 1 0 53 1 2 6 1 19 5 0 0 0 4 0 1 4 3 11 35 1 0 0 54 0 39 0 0 0 26 49 1 1 0 0 0 7 0 0 2 3 15 0 2 0 0 0 0 4 0 103 5 11 3 1 0 
0 1 1 1 5 0 0 2 9 12 0 1 0 19 156 5 0 0 0 3 0 1 0 0 21 1 1 1 0 12 0 7 2 73 0 5 0 2 1 0 7 14 5 1 9 2 1 0 32 1 15 0 2 5 8 1 1 2 4 1 87 0 27 19 
0 14 6 0 13 2 13 7 19 0 27 0 0 1 19 0 2 4 12 1 14 2 0 6 1 7 1 1 6 2 9 1 0 3 30 1 4 0 11 1 1 8 0 7 6 0 30 0 62 1 0 0 5 2 0 5 0 5 2 0 4 0 2 4 
9 0 2 2 5 9 14 12 25 2 44 1 0 1 5 0 1 7 0 16 1 0 0 2 10 7 0 0 0 0 0 2 0 8 3 0 1 1 6 4 7 11 17 5 0 0 2 0 0 3 2 2 0 3 8 1 0 0 5 3 1 3 1 9 
11 6 0 88 75 2 1 2 0 1 49 19 0 0 1 0 0 0 0 5 6 6 3 2 1 0 2 7 0 0 0 1 1 11 1 1 13 0 7 0 0 1 0 3 33 0 4 5 1 1 2 8 0 12 5 33 0 0 11 2 13 5 0 3 
0 0 0 0 1 0 0 0 5 1 0 8 19 0 10 0 0 0 0 0 0 0 0 3 0 4 6 25 1 3 4 0 1 0 0 1 2 0 0 24 20 0 0 1 0 0 0 0 1 5 5 0 1 2 10 7 14 15 22 3 6 1 1 2 
0 13 5 108 31 7 1 2 4 1 0 2 1 3 0 0 0 1 0 1 20 1 3 0 0 1 9 1 17 2 6 7 0 19 0 2 3 0 15 9 1 0 1 24 1 2 10 0 4 7 0 0 2 9 51 0 0 0 5 11 0 14 0 2 
121 2 2 2 0 0 0 0 0 0 1 0 0 1 0 8 0 1 0 2 2 0 2 6 0 0 3 7 1 0 22 1 0 0 0 3 2 0 3 6 5 3 6 0 2 6 10 3 0 1 0 1 2 0 9 4 0 4 0 1 2 75 4 0 
14 0 20 2 3 0 23 1 1 0 3 51 51 0 0 5 2 0 0 1 1087 0 1 30 1 29 1 1 1 0 8 3 0 1 1 0 18 1 2 0 41 14 2 0 1 0 0 1 11 1 2 1 6 1 0 0 0 1 14 0 0 6 2 4 
6 3 20 0 7 0 1 0 6 0 3 74 1 0 0 42 2 6 10 220 3 8 1 0 0 0 22 0 2 1 0 1 0 4 0 9 1 0 0 13 0 7 0 0 1 3 14 0 2 1 2 1 2 1 0 20 0 1 0 5 0 0 15 4 
4 0 0 0 2 0 0 5 0 14 7 5 205 0 33 158 0 104 0 2 1 0 13 8 0 0 6 13 0 3 0 1 0 0 1 109 0 0 1 2 1 0 9 2 1 0 0 4 4 0 0 5 34 0 61 0 1 1 4 0 1 6 1 5 
25 5 0 0 1 16 0 1 2 12 4 1 0 1 7 0 6 0 0 0 1 0 1 216 1 1 2 0 7 2 4 0 2 1 0 1 4 9 0 6 63 0 1 3 2 1 11 3 7 0 1 1 13 1 0 2 0 1 3 2 0 0 10 0 
5 1 2 3 1 2 3 4 6 2 0 0 8 1 39 2 1 2 2 0 0 4 1 6 2 51 2 1 1 0 41 2 0 5 1 0 1 2 0 17 0 0 16 2 1 0 0 1 1 5 6 0 4 22 27 1 0 0 0 0 1 0 0 4 
7 26 2 3 0 7 0 1 1 6 28 34 7 8 1 2 1 0 1 8 18 0 2 0 8 0 0 18 0 2 1 0 1 4 0 39 96 0 0 3 0 1 1 7 1 10 1 1 1 0 0 8 1 1 0 4 50 17 1 1 0 8 0 3 
1 0 3 0 5 0 0 0 5 0 4 1 24 3 3 6 0 4 4 0 0 0 1 0 0 1 5 1 5 0 6 7 42 3 0 1 0 3 0 5 6 1 2 7 1 2 2 0 4 4 3 3 1 0 3 0 4 10 1 3 57 0 2 5 
0 24 0 0 1 4 3 1 189 0 1 0 30 13 1 0 1 0 6 1 11 1 7 1 1 0 48 185 0 1 1 0 0 0 1 1 0 0 5 5 8 22 0 3 1 0 4 0 2 0 0 2 6 0 3 2 10 3 189 0 0 2 0 0 
1 0 0 0 5 0 1 0 0 0 0 0 0 1 0 0 2 0 2 8 0 2 1 0 1 9 37 1 1 5 2 0 0 0 3 0 2 5 0 36 0 0 0 1 18 3 0 2 2 6 4 3 0 1 7 1 0 22 17 24 2 0 1 0 
1 2 3 0 4 86 2 0 0 0 12 1 6 0 2 2 6 0 6 0 0 0 4 1 6 2 3 0 14 4 5 35 0 11 1 1 2 0 4 1 0 84 27 5 1 9 0 0 1 1 0 0 1 26 0 5 1 2 0 1 0 47 0 0 
2 0 3 0 2 1 0 49 1 17 0 2 6 0 2 12 16 4 1 17 1 3 0 55 1 0 0 3 0 0 19 1 8 7 0 19 0 1 12 1 1 1 1 0 60 1 3 1 43 0 1 9 0 0 15 23 0 1 3 4 52 1 0 20 
0 2 2 7 2 0 1 13 17 0 4 1 0 0 5 0 0 3 0 6 2 54 1 3 30 3 10 4 11 1 1 1 0 8 0 6 1 2 37 0 0 0 21 9 6 1 0 3 6 16 14 0 0 0 1 1 0 9 5 1 0 21 1 0 
0 20 1 3 0 1 1 2 0 1 4 1 0 7 1 1 1 20 46 5 26 1 3 3 2 26 1 1 0 0 9 0 0 0 2 11 0 0 0 8 1 11 0 9 10 9 26 8 1 4 1 4 1 1 4 0 0 8 0 0 0 12 1 1 
0 27 0 1 3 0 0 0 2 7 0 5 0 1 0 7 0 2 1 0 3 1 0 2 1 3 5 144 1 6 0 29 0 0 0 1 1 3 1 0 169 1 0 11 2 0 2 144 1 3 1 2 26 10 0 0 29 1 1 0 6 0 2 10 
1 0 2 0 4 0 6 9 2 14 1 1 1 37 3 0 1 0 0 0 0 6 3 1 2 2 0 0 0 41 1 0 12 5 0 21 0 50 29 4 70 2 0 1 0 5 0 1 4 12 8 0 1 1 20 32 13 0 0 13 1 4 1 0 
0 3 0 1 1 2 0 1 1 0 1 27 0 1 0 0 1 0 59 1 7 173 8 0 0 1 11 8 1 0 0 0 0 1 0 28 1 0 1 2 1 0 0 8 0 0 1 3 4 29 0 0 18 9 1 0 1 0 0 0 4 0 6 1 
1 27 0 2 10 1 0 0 7 2 15 5 3 1 5 0 0 0 1 0 0 0 2 10 0 6 22 1 9 2 1 1 6 76 2 0 5 0 2 3 0 1 5 1 1 41 3 2 3 3 2 6 0 2 1 1 0 11 6 0 18 0 0 0 
2 108 3 3 0 3 3 6 9 10 44 2 3 7 0 1 3 12 0 5 16 1 2 21 0 2 4 2 4 1 117 0 128 1 1 1 0 11 6 0 0 1 0 3 5 14 1 2 11 18 1 7 1 0 1 2 2 3 3 129 0 5 24 2 
1 39 0 1 1 6 0 0 24 22 5 0 3 0 0 0 1 0 3 1 0 2 1 12 13 20 45 1 0 35 12 0 9 6 17 4 2 0 1 1 3 0 1 0 1 0 0 0 0 0 119 1 12 7 0 5 0 1 0 1 31 12 0 20 
4 1 0 0 0 2 128 9 25 0 2 2 1 17 0 1 13 3 0 57 1 11 0 2 0 0 2 7 13 5 0 0 0 6 9 5 0 0 8 1 3 1 6 1 2 0 0 0 7 0 1 16 0 1 0 2 0 1 0 0 4 0 3 0 
0 0 1 1 45 1 0 1 7 1 3 3 26 0 0 0 8 1 0 4 5 2 2 13 10 0 0 284 0 2 4 5 2 3 4 0 3 1 1 0 3 5 33 12 0 57 0 3 10 0 4 1 1 3 0 1 0 1 3 15 4 18 206 0 
17 4 3 0 0 3 5 0 0 23 0 1 0 3 3 0 48 5 7 0 3 0 0 0 66 234 0 0 5 6 7 0 0 2 15 3 48 0 41 0 1 0 11 0 0 0 0 27 85 1 2 7 9 9 28 3 4 0 3 0 17 2 10 0 
3 0 15 0 18 18 0 1 1 0 0 67 2 1 0 60 3 28 1 8 2 6 5 1 0 6 0 4 3 5 0 14 21 12 1 8 1 1 0 6 1 0 3 1 1 9 2 4 7 4 19 10 2 0 1 2 2 11 1 18 0 1 0 1 
0 7 0 5 1 1 3 2 0 3 0 11 1 0 0 1 1 1 2 0 6 2 1 1 24 0 3 0 90 1 0 2 5 9 0 1 1 0 14 0 1 1 0 11 0 1 6 0 1 22 11 0 136 1 0 28 14 5 0 18 1 0 37 0 
2 0 0 0 1 11 0 0 2 1 28 19 0 2 1 0 1 0 0 0 226 1 3 1 13 0 0 10 1 7 14 0 6 0 0 2 12 0 0 1 9 1 4 2 0 0 2 7 0 0 3 0 0 0 0 0 1 10 0 0 12 22 1 1 
13 0 2 1 0 3 2 1 2 1 1 0 0 7 0 5 10 11 0 7 0 6 7 81 0 13 0 1 5 0 0 5 1 13 2 6 4 2 1 3 0 1 7 2 50 0 0 1 0 1 0 0 1 25 2 0 4 72 0 0 26 2 1 1 
0 3 4 0 1 0 3 11 4 0 4 13 19 0 0 0 2 5 1 15 2 0 4 1 0 1 0 8 3 1 2 2 4 3 4 19 0 1 0 1 6 0 17 0 44 0 0 8 3 1 0 4 0 0 12 4 20 3 2 0 1 1 1 2 
6 2 9 2 0 15 1 4 14 1 0 0 4 1 1 1 0 28 5 7 1 5 1 10 1 4 11 3 0 1 1 10 2 4 6 0 0 0 1 1 10 0 2 4 4 1 2 7 10 2 6 2 0 0 24 0 1 6 5 1 0 0 0 1 
0 30 1 28 1 4 0 4 2 1 15 12 4 0 1 1 2 0 4 19 0 0 12 1 0 1 0 4 0 5 0 1 1 10 1 1 6 6 2 3 2 3 9 0 7 0 7 1 2 15 6 0 2 0 1 0 2 0 0 3 1 9 4 0 
0 0 0 3 2 1 10 0 0 27 4 2 0 4 2 0 1 1 2 0 0 6 4 0 3 5 0 1 0 8 1 1 1 1 0 2 0 1 0 0 0 0 27 2 16 9 2 1 3 0 0 10 0 10 0 0 1 1 0 0 1 0 5 46 
2 0 0 0 11 5 4 5 0 1 0 41 0 24 10 0 1 1 5 12 1 43 0 1 0 5 1 0 0 28 1 0 14 8 4 1 0 2 18 0 8 0 0 3 3 0 4 2 2 1 2 0 52 9 0 1 2 4 8 0 2 1 0 25 
1 6 0 1 8 2 1 5 0 1 28 11 0 17 0 1 0 5 1 1 2 1 0 6 5 10 1 1 8 11 1 1 0 1 15 19 3 14 22 3 3 0 2 3 0 0 2 2 0 1 0 0 15 0 5 0 9 3 4 0 0 4 30 6 
0 0 0 1 5 5 6 1 11 23 5 1 15 2 1 0 6 5 0 0 175 0 2 1 0 2 312 0 2 2 1 1 1 0 1 1 16 3 1 14 0 54 0 5 0 167 0 6 23 0 153 0 0 2 2 2 0 1 1 3 1 0 3 1 
0 2 25 14 3 0 1 1 0 0 4 2 0 1 2 0 2 0 8 2 4 0 8 3 42 6 4 1 0 1 0 2 1 14 10 2 0 11 1 0 21 0 5 30 0 2 0 0 0 1 1 1 1 4 10 13 4 19 0 1 2 0 11 2 
1 31 0 0 1 0 7 1 0 2 1 28 0 0 3 4 29 4 0 0 1 7 0 4 5 1 1 0 1 1 1 0 11 4 6 6 1 4 0 4 5 4 1 0 2 2 6 0 1 3 6 1 0 0 1 1 11 63 4 11 50 0 1 0 
2 24 26 1 0 1 9 2 2 0 13 1 0 2 0 1 5 53 1 52 33 5 3 0 5 2 11 1 2 0 19 0 12 3 0 0 26 0 0 0 0 5 1 1 102 0 0 2 53 0 0 7 0 2 0 8 1 23 2 1 0 4 1 1 
1 2 24 9 0 0 3 31 4 0 5 14 0 0 0 37 2 2 45 0 1 1 3 0 11 0 3 0 0 1 12 9 0 17 3 3 5 1 0 9 0 18 12 2 0 0 0 0 0 1 0 53 15 0 0 0 0 1 5 0 0 3 3 0 
0 1 1 5 92 31 4 0 0 6 0 11 0 5 0 7 102 0 4 15 1 0 1 235 45 6 6 9 0 0 0 1 0 3 10 7 9 1 0 177 0 0 1 0 0 0 45 0 2 4 6 55 0 0 0 0 3 1 1 7 0 1 16 20 
1 9 0 5 0 4 1 2 25 109 2 0 0 1 3 0 0 19 11 7 0 0 49 7 0 1 7 0 0 2 0 3 20 1 3 41 4 1 3 0 1 0 1 0 4 6 10 21 1 6 0 2 4 10 17 0 6 4 1 1 0 11 0 3 
0 0 12 3 0 0 8 2 3 6 2 1 4 0 6 0 0 0 0 0 32 15 0 18 0 6 3 21 10 1 0 134 3 0 0 3 2 1 0 2 10 1 28 0 0 22 1 0 0 5 1 4 0 2 0 7 3 0 7 0 0 7 0 0 
18 0 9 1 1 1 0 1 18 1 10 0 0 1 13 1 4 6 2 0 4 4 35 0 4 0 1 3 27 0 13 2 1 2 1 0 1 10 1 6 2 31 1 0 36 1 5 0 0 0 7 8 4 4 5 1 3 7 24 6 0 1 1 37 
1 5 0 0 11 27 11 0 0 44 1 1 1 11 5 0 18 3 0 0 1 0 6 0 0 1 0 1 21 0 0 0 4 0 1 5 6 1 9 0 1 0 13 8 13 1 1 0 6 3 0 2 0 0 1 4 0 0 0 1 1 10 2 0 
0 4 0 1 0 1 0 1 12 0 0 7 0 1 0 0 0 1 0 1 0 4 0 1 5 7 1 3 2 3 4 1 2 1 1 0 1 5 2 0 0 4 0 47 1 24 2 0 1 12 2 0 0 1 0 0 0 0 1 0 1 0 1 1 
4 1 1 11 12 0 3 0 2 3 0 3 5 0 2 0 2 4 3 2 10 30 0 0 5 0 2 0 0 1 1 0 0 5 1 2 1 2 5 0 11 22 10 6 7 0 1 10 1 0 1 0 13 7 1 4 1 5 0 0 1 150 0 0 
0 2 1 3 0 1 0 1 2 9 3 27 6 59 1 0 1 13 20 0 1 4 4 6 2 4 0 1 1 2 16 0 0 0 0 2 0 0 1 0 3 3 0 14 6 0 5 2 3 1 0 0 7 2 1 0 1 0 0 5 1 0 1 3 
3 13 0 2 7 1 1 3 4 5 0 1 0 0 0 2 0 19 25 5 5 13 0 8 0 72 0 0 3 0 19 13 4 0 5 4 5 2 25 0 0 0 0 0 0 251 14 0 0 0 5 2 0 3 1 14 1 0 0 1 4 0 1 0 
0 173 0 4 2 0 3 0 19 3 0 0 0 2 1 0 1 34 1 24 1 1 3 13 1 0 12 0 0 0 2 6 7 116 5 24 0 9 3 1 0 1 4 1 0 4 3 3 0 0 9 9 2 0 1 1 8 1 0 35 1 0 2 5 
0 0 0 5 5 13 0 0 0 7 14 14 11 0 0 2 7 2 1 7 3 0 0 0 1 0 3 2 57 1 6 0 4 0 0 0 4 0 5 4 9 7 1 0 11 0 16 2 0 11 4 14 0 3 4 1 5 8 0 1 7 0 3 35 
10 10 2 0 5 0 1 2 0 2 5 4 0 19 1 0 1 0 1 0 7 0 1 15 0 3 0 2 1 1 2 65 7 31 2 49 8 0 15 1 1 86 2 4 2 4 0 5 8 1 0 0 7 7 10 1 0 1 2 5 0 3 0 33 
0 16 52 0 0 96 2 4 1 12 0 13 0 1 8 17 0 1 2 0 0 53 0 69 1 0 11 1 0 0 5 30 1 0 4 1 3 2 5 12 0 0 3 6 4 33 0 1 1 1 10 0 2 0 8 2 2 0 3 10 27 0 0 24 
8 21 0 1 19 24 0 0 5 2 8 0 1 0 1 1 0 0 0 8 2 3 0 1 2 1 0 5 0 74 1 0 13 0 1 73 0 3 8 0 12 0 0 3 6 156 0 12 48 1 0 3 4 7 11 3 5 0 2 0 1 27 1 9 
15 3 0 1 0 10 0 0 0 7 0 0 114 0 25 1 2 5 0 0 0 0 1 0 1 0 2 0 0 4 1 3 0 5 3 0 144 0 0 6 0 4 3 10 8 4 3 0 1 4 1 21 2 4 1 0 1 5 0 1 7 1 0 10 
1 1 2 5 0 0 1 1 13 4 2 2 11 1 12 0 0 1 7 8 0 0 3 2 3 10 44 1 1 10 14 0 3 0 9 8 2 9 4 19 5 3 0 6 0 9 0 7 0 0 1 5 10 0 0 12 3 1 3 11 9 6 23 4 
3 1 5 0 2 2 4 0 8 0 1 0 0 13 134 0 29 0 1 1 1 3 1 2 3 6 0 18 10 16 0 9 0 9 7 7 27 7 1 1 18 44 1 4 6 0 12 0 1 1 3 1 0 2 4 1 8 1 2 7 8 0 0 10 
1 0 5 19 11 0 5 1 0 0 2 0 2 7 0 9 0 0 1 0 0 2 3 1 0 3 1 18 0 16 48 1 16 0 0 1 20 4 0 0 0 49 0 3 1 2 1 36 6 8 6 0 0 0 5 1 1 0 1 11 8 1 2 0 
7 1 4 0 35 1 1 0 1 0 2 10 13 0 20 1 0 0 12 0 6 256 2 0 23 3 6 24 2 3 0 0 4 6 0 0 0 1 4 0 1 58 1 1 16 0 1 0 1 18 3 1 4 21 1 19 0 0 9 48 0 0 8 11 
1 0 3 5 1 0 3 6 2 3 3 0 0 11 1 4 4 0 0 0 0 4 0 4 0 0 1 0 0 1 0 0 0 2 0 1 10 0 0 0 12 8 0 4 1 1 89 1 2 9 1 0 0 3 3 7 31 12 5 0 24 2 4 0 
0 0 1 0 7 5 1 0 0 6 0 15 0 114 0 0 1 8 5 3 23 0 0 32 0 2 1 188 12 23 0 0 0 0 66 2 16 2 2 1 1 1 50 1 1 0 1 5 1 0 14 0 5 18 0 13 2 3 0 7 2 1 3 0 
2 1 20 3 1 5 0 6 3 0 2 0 23 1 2 161 0 8 1 2 0 1 0 0 1 2 0 1 0 1 1 4 0 12 15 0 8 1 1 6 0 1 14 0 1 2 0 35 3 1 2 0 3 0 2 2 6 1 0 100 0 0 0 1 
2 0 7 1 5 1 1 1 0 1 2 1 5 0 10 0 0 0 3 68 6 2 1 1 2 18 0 0 37 23 6 96 6 0 0 2 9 4 0 3 47 0 58 2 1 0 5 0 0 0 0 1 0 0 6 0 8 1 22 0 23 0 1 1 
1 90 1 0 1 0 3 1 1 7 0 30 9 0 4 13 1 0 5 2 7 1 0 26 0 28 0 20 0 12 0 13 1 8 1 0 1 8 0 0 0 1 4 20 1 7 25 18 0 1 6 1 0 0 1 0 5 0 0 1 0 0 1 0 
38 3 2 0 0 0 149 0 0 8 1 0 8 5 0 0 0 1 0 643 1 0 3 4 0 8 20 2 0 0 2 6 0 0 3 1 50 2 1 51 3 0 0 1 5 2 0 1 0 0 0 0 1 5 11 5 24 2 0 0 0 0 1 7 
1 0 0 0 0 3 3 0 0 4 6 4 1 3 1 0 0 5 1 6 6 2 1 0 6 4 12 1 0 2 1 1 7 5 0 0 8 2 0 0 10 0 1 1 4 1 0 33 1 5 0 0 0 7 0 5 14 0 10 2 0 0 0 1 
6 0 4 12 78 0 3 0 6 1 0 1 2 0 2 2 0 1 0 0 0 299 1 2 7 8 0 2 4 0 0 2 6 1 23 3 10 1 0 0 1 24 22 1 1 0 15 4 0 1 33 0 5 4 63 3 0 2 1 3 4 0 0 5 
14 4 2 0 2 4 34 1 3 2 0 1 36 0 0 5 0 1 0 1 0 0 0 13 0 8 0 0 3 0 0 7 0 0 0 2 3 0 13 0 1 24 1 0 0 4 0 1 35 0 1 1 8 1 3 24 3 0 1 3 34 0 1 0 
1 0 4 0 2 9 1 0 0 2 6 15 30 1 0 16 22 15 1 0 5 9 0 0 0 11 4 119 1 1 0 11 0 0 5 2 3 5 2 0 2 0 5 1 0 4 0 3 39 1 1 1 1 15 0 31 7 10 0 8 0 14 0 0 
2 6 0 18 0 0 0 1 1 0 7 1 4 4 0 1 0 14 198 0 0 3 5 1 2 2 0 0 0 1 2 14 0 1 2 0 2 0 2 4 7 6 17 15 0 1 0 5 0 0 0 2 2 0 1 7 73 17 1 10 0 28 11 0 
1 2 3 0 1 0 0 52 12 3 7 3 0 2 6 6 0 7 0 0 0 1 11 0 1 3 1 31 1 1 0 0 1 8 34 0 42 3 14 0 13 3 20 0 5 0 0 0 3 1 1 245 7 0 6 1 0 1 0 1 12 1 0 18 
2 0 65 1 8 0 1 0 0 1 0 9 42 0 2 5 12 1 0 9 9 0 3 0 10 0 1 0 4 1 0 137 0 3 0 2 1 0 0 1 88 4 1 11 14 17 0 23 2 0 3 1 1 29 15 0 1 0 1 1 6 0 0 1 
8 10 4 2 1 0 22 5 32 1 2 1 1 3 0 8 1 0 41 0 0 18 1 0 4 3 7 1 0 2 1 5 7 2 0 59 5 6 25 6 10 0 0 10 0 1 0 4 1 7 0 0 12 1 1 0 0 0 41 2 2 1 1 25 
9 0 0 0 7 0 0 1 2 3 0 2 1 0 0 0 1 2 2 0 0 9 2 1 0 8 1 6 0 0 3 1 4 0 0 10 2 12 69 1 5 1 0 14 1 0 0 10 2 1 0 8 3 113 0 37 7 2 2 0 14 13 2 4 
40 11 20 0 1 1 11 0 2 0 4 0 1 0 1 17 0 5 8 1 26 1 2 0 39 2 11 0 0 1 7 0 6 1 0 1 0 0 0 0 0 4 0 1 5 10 2 12 6 0 1 0 2 0 0 13 27 1 7 2 5 4 36 0 
0 54 1 4 0 1 1 1 0 1 2 1 0 5 4 2 12 4 3 7 5 25 0 2 0 0 1 0 0 0 8 2 3 13 1 4 0 20 1 1 5 1 12 0 1 18 0 0 1 1 4 0 3 13 7 0 11 2 2 9 1 0 0 1 
12 5 4 0 0 2 41 7 0 0 17 0 3 0 0 0 0 1 13 203 8 19 26 2 0 2 9 0 11 0 0 0 0 0 0 2 6 1 0 7 26 0 4 19 47 4 80 8 0 0 0 47 1 0 0 0 3 0 2 0 0 6 1 64 
1 0 0 0 2 10 1 1 0 2 2 0 7 2 1 0 0 0 0 3 0 7 4 39 2 0 2 2 1 0 10 15 2 1 0 6 0 0 1 3 2 0 6 1 6 1 6 2 36 2 5 197 0 100 9 21 4 45 47 1 0 3 5 16 
8 14 0 0 6 0 3 4 10 41 0 3 0 0 4 22 4 2 0 10 0 1 7 0 7 7 1 9 326 2 0 0 1 9 2 3 2 8 1 5 0 0 0 2 1 6 0 0 2 14 0 0 1 21 12 10 3 1 1 0 3 4 0 0 
0 1 9 1 0 2 9 5 0 5 6 2 1 3 0 1 1 0 1 5 20 9 0 0 31 10 0 2 5 0 2 0 4 4 1 11 3 101 2 12 0 1 6 0 1 7 5 9 4 0 0 1 3 83 3 2 3 3 2 7 1 14 2 1 
1 16 5 1 2 1 0 9 0 21 3 1 8 1 0 75 2 0 0 2 11 5 2 0 0 3 6 0 150 0 0 9 70 0 0 79 5 122 0 0 1 22 1 0 0 1 7 0 2 0 24 10 9 2 0 0 42 1 14 1 0 0 6 0 
3 0 55 1 22 1 9 0 3 2 1 1 61 2 1 0 2 11 1 1 1 0 1 0 66 32 8 0 6 4 0 0 1 1 39 2 0 1 0 3 0 0 2 0 1 12 24 84 0 23 2 0 4 0 41 0 3 0 2 4 1 2 7 5 
0 3 0 3 71 0 22 1 0 2 16 0 46 5 0 19 3 0 4 12 2 70 0 2 6 3 13 4 1 1 14 0 2 36 0 27 0 1 0 1 1 0 11 0 0 3 1 14 0 0 1 2 0 16 17 3 39 1 2 10 2 0 0 2 
0 3 0 3 3 1 70 0 0 2 2 0 3 1 9 0 0 0 0 7 0 20 1 0 0 8 4 0 0 3 17 13 0 0 82 0 1 0 2 33 3 3 0 0 0 0 5 1 0 2 15 0 0 0 3 0 37 3 11 0 1 0 1 9 
0 1 8 0 0 0 1 0 3 1 0 0 0 1 2 0 1 1 1 1 1 1 0 13 0 0 0 4 6 4 0 0 0 3 14 2 85 1 0 7 2 0 35 1 5 4 0 1 1 0 1 1 12 1 0 5 19 7 0 8 5 0 9 1 
0 0 1 7 30 0 3 0 0 0 0 0 1 0 0 2 2 5 0 3 1 5 18 10 0 0 2 3 1 2 3 34 3 0 1 1 2 4 9 1 1 2 0 4 0 15 4 4 0 1 0 7 15 1 6 0 0 32 0 0 0 2 4 9 
0 4 0 1 0 0 315 0 2 0 1 0 5 6 4 2 7 5 3 5 5 0 7 1 0 0 26 0 13 1 4 7 23 6 1 6 27 1 7 4 0 1 3 10 0 1 1 0 39 0 3 9 2 25 15 8 2 23 0 17 16 1 2 0 
3 0 0 44 0 9 5 0 0 34 0 2 7 0 0 1 70 12 0 0 0 0 152 3 33 14 5 1 16 1 3 1 18 0 4 22 2 1 0 1 0 0 1 1 1 1 0 1 3 2 2 24 16 12 0 0 0 30 0 50 3 13 3 11 
5 3 0 10 4 1 1 5 1 0 1 13 0 6 0 1 1 0 0 1 1 0 4 7 23 25 4 2 7 6 0 1 0 25 4 1 0 0 0 8 10 3 24 7 16 4 5 14 41 2 0 44 0 9 7 0 11 295 2 1 0 0 14 1 
0 0 11 0 0 0 1 0 32 0 0 5 0 0 10 14 0 3 11 6 3 0 2 21 0 3 0 0 11 8 1 0 8 1 0 0 2 0 0 0 4 0 4 5 0 6 11 0 2 0 0 1 131 10 3 1 2 1 1 4 0 3 1 37 
1 0 6 12 5 0 2 0 4 10 0 2 0 2 0 7 2 0 2 0 90 16 0 1 0 3 7 16 2 6 0 3 0 1 1 6 0 100 8 3 23 4 6 4 7 4 7 6 5 7 0 20 17 6 2 0 0 1 1 2 1 1 3 1 
4 0 10 7 0 6 1 1 2 0 1 1 7 1 0 0 0 0 3 1 22 0 1 30 0 5 24 1 0 0 1 7 4 1 0 0 0 0 4 0 0 0 5 2 0 1 3 26 2 5 1 29 0 23 1 5 1 5 1 0 1 0 0 3 
5 0 1 0 0 9 1 5 0 5 29 11 15 45 0 30 0 0 0 0 0 10 3 1 3 0 0 27 0 11 0 0 3 0 21 0 0 0 27 2 6 1 2 0 11 9 0 18 0 0 1 0 57 5 2 0 1 7 1 4 1 0 1 5 
34 8 2 97 6 9 1 0 0 0 3 1 14 51 12 8 82 18 1 5 1 0 1 8 0 0 1 7 1 0 0 7 2 0 1 0 0 1 1 4 1 0 4 3 74 2 1 0 0 3 0 0 0 7 3 44 0 0 12 0 9 0 33 226 
4 13 1 0 1 0 1 37 31 0 0 0 2 7 4 0 9 224 1 4 0 0 0 0 0 3 0 5 0 2 0 24 1 3 10 0 4 1 1 2 1 3 2 1 0 0 1 5 2 17 1 4 3 0 2 3 1 1 8 3 0 1 0 40 
8 5 0 2 1 5 6 18 24 3 0 2 1 7 2 1 9 35 19 0 1 46 1 6 2 1 7 1 1 8 63 24 0 0 0 6 8 0 7 3 1 11 11 4 2 1 18 24 0 1 0 0 0 5 2 3 8 0 6 0 0 6 0 20 
0 0 1 0 1 1 0 0 7 85 1 0 8 8 2 10 3 5 0 9 5 0 0 0 0 2 7 0 5 0 1 0 125 0 1 0 6 0 1 4 1 2 9 0 11 4 0 1 0 2 6 4 2 190 0 0 67 4 1 5 0 1 5 0 
2 3 3 3 1 5 14 9 14 1 4 0 0 2 0 81 0 3 11 41 2 4 2 13 80 3 0 35 3 7 0 3 0 14 1 4 1 0 5 2 5 9 2 0 1 0 3 2 1 19 1 8 0 16 1 0 1 16 73 20 2 1 11 15 
81 0 1 1 12 7 0 4 0 4 0 11 1 7 0 3 1 1 7 2 0 0 28 0 22 1 0 0 32 10 17 0 1 1 6 0 16 5 0 0 3 32 0 11 6 1 2 7 0 5 1 77 0 2 2 0 3 0 0 1 3 0 1 6 
40 8 2 0 2 2 29 1 60 0 5 0 0 1 0 1 1 10 0 2 1 0 2 1 0 58 8 0 24 2 4 12 1 0 0 0 0 0 0 1 0 0 0 2 0 1 0 1 0 0 0 2 0 0 0 8 1 11 26 0 0 0 26 12 
2 17 0 0 0 7 9 0 0 141 0 1 23 7 1 2 0 0 0 6 1 0 1 0 0 1 0 15 0 14 3 16 0 22 5 0 10 23 0 5 0 1 2 4 8 12 0 0 0 0 0 4 4 113 0 85 1 9 0 2 1 9 2 0 
1 0 1 0 5 2 10 0 0 0 1 1 0 0 7 44 39 9 2 0 0 0 1 0 1 20 1 0 0 0 1 103 12 1 0 8 10 0 1 1 0 5 0 5 8 0 5 1 1 3 0 1 3 6 16 8 5 0 0 1 29 0 2 25 
1 0 8 0 0 0 32 1 0 0 2 1 1 17 2 1 16 12 0 0 0 8 2 13 7 1 7 30 1 12 1 4 2 8 5 68 10 1 2 2 25 2 10 3 1 21 6 10 0 15 1 2 10 1 0 1 2 0 0 12 0 8 55 3 
0 0 7 2 0 0 5 2 4 0 1 4 1 0 1 11 0 12 5 10 0 1 0 0 1 0 0 1 0 1 0 0 13 3 0 1 11 0 0 0 24 5 1 0 0 0 0 26 9 39 7 10 0 54 7 0 4 9 5 8 3 0 5 2 
3 2 11 2 19 26 3 14 13 4 9 0 4 0 21 0 0 60 119 8 0 3 0 1 105 1 4 0 10 0 1 0 1 0 1 5 2 7 1 22 1 10 1 91 0 1 1 3 3 6 3 1 0 2 0 1 10 0 4 4 0 6 0 1 
1 3 0 103 2 2 19 0 0 26 7 6 0 0 24 0 0 0 63 10 2 38 6 0 1 4 0 0 3 0 1 1 0 22 0 1 1 1 73 42 4 1 0 0 11 57 1 1 0 3 24 1 1 1 0 0 0 15 0 1 116 4 3 0 
0 3 9 4 2 6 0 1 1 2 0 3 0 15 6 0 50 0 4 11 3 1 0 2 0 0 7 0 148 4 1 2 43 1 3 1 9 2 2 97 2 5 0 12 9 1 0 32 0 2 1 4 1 0 5 8 5 31 0 2 0 0 0 0 
0 12 1 5 2 1 4 0 13 6 0 1 4 0 0 0 0 10 3 0 1 3 0 3 1 1 6 1 0 1 0 0 0 0 16 1 0 0 0 0 2 13 2 1 0 60 4 4 2 25 0 0 0 2 1 2 6 0 1 10 2 5 1 0 
9 8 0 1 0 17 0 1 14 7 1 2 3 0 47 14 0 2 0 15 0 1 1 0 13 3 3 2 7 2 1 36 0 0 11 1 1 0 2 0 1 3 9 0 3 3 1 2 39 2 0 12 13 0 1 0 1 1 2 0 2 2 0 5 
4 56 11 1 8 0 1 3 0 0 0 7 0 1 0 2 0 4 1 1 24 4 1 1 13 0 3 0 0 0 24 15 0 56 4 2 0 14 5 0 4 1 1 0 0 19 3 5 19 0 1 5 0 7 0 7 1 1 2 3 3 0 1 3 
251 2 0 0 5 0 2 8 4 7 8 17 1 1 6 7 5 6 2 0 0 21 0 0 1 1 6 0 2 5 3 1 2 2 22 0 0 5 13 1 0 0 0 0 0 1 0 0 1 0 0 10 2 47 1 2 0 17 0 2 1 0 0 2 
2 0 0 3 6 0 1 0 0 2 32 23 2 6 1 1 6 1 39 0 7 20 5 1 3 23 0 5 3 1 28 0 0 0 0 0 11 9 9 0 2 16 0 3 1 0 7 0 0 1 144 7 3 0 0 3 1 6 0 6 9 1 1 7 
2 8 1 0 27 2 0 196 0 3 0 2 19 0 1 4 2 2 9 12 4 5 1 1 5 0 2 2 1 1 7 0 2 0 1 3 23 0 4 13 26 4 7 8 18 4 2 1 1 1 1 5 1 0 0 0 2 3 3 1 29 2 0 0 
28 0 0 0 0 1 1 2 0 3 1 0 0 8 10 1 2 2 8 7 1 1 1 20 0 86 3 1 1 1 24 2 5 0 0 0 3 0 0 23 18 44 1 1 0 3 0 0 12 2 3 1 2 15 0 3 5 5 1 0 0 0 1 0 
5 5 2 18 4 2 0 0 2 1 1 2 0 0 3 0 0 0 1 0 7 1 0 1 20 0 1 1 49 3 23 28 13 2 0 2 31 0 24 7 0 0 1 3 0 6 1 0 9 2 11 16 1 24 7 0 1 0 0 0 1 2 1 2 
3 1 1 1 3 0 0 1 9 0 2 0 5 0 0 1 18 12 0 0 0 0 11 8 11 6 0 0 0 7 0 14 5 14 1 0 0 0 31 2 0 17 1 0 3 2 1 6 8 1 0 0 4 2 1 0 9 1 0 3 2 1 2 0 
3 4 7 0 0 0 0 9 0 4 2 6 8 0 1 9 1 2 11 1 7 1 37 3 0 2 9 1 1 0 0 3 1 20 2 3 0 0 0 10 1 0 0 0 0 13 1 6 0 0 0 1 6 6 0 33 4 2 1 0 1 0 1 4 
0 1 5 37 0 1 1 2 2 5 1 0 14 0 2 0 6 1 0 1 1 0 1 8 3 2 0 13 16 0 9 0 0 0 11 2 1 2 1 20 0 27 0 1 3 0 2 1 6 2 2 0 0 9 2 0 25 16 26 1 3 1 13 0 
0 0 6 1 1 0 0 0 1 1 0 0 0 1 0 1 0 15 10 1 1 2 2 5 21 3 2 4 1 0 0 1 1 1 0 0 144 2 0 0 13 6 1 0 0 2 4 3 0 0 0 3 0 5 0 2 1 0 0 0 4 10 1 10 
24 13 0 0 2 7 12 0 0 130 0 6 1 0 1 0 5 0 10 0 0 9 2 1 0 0 0 0 4 5 0 8 7 9 1 1 36 0 0 3 38 32 3 1 18 1 2 20 0 25 0 1 0 4 15 7 1 1 23 2 1 1 9 1 
1 22 0 2 0 0 2 5 1 388 1 1 0 7 0 8 1 0 29 1 1 0 2 5 5 4 0 1 20 1 1 1 1 0 1 13 13 0 9 1 43 0 5 1 2 0 4 1 16 1 0 0 2 15 1 2 3 1 0 1 0 0 0 6 
2 1 4 0 8 43 0 8 1 1 1 1 1 2 1 121 5 1 10 0 0 2 10 1 4 7 0 3 23 0 7 15 1 5 0 0 1 1 3 386 0 12 0 0 0 2 1 0 5 0 7 0 1 3 23 51 1 13 0 15 3 0 1 0 
1 0 9 6 2 9 3 1 0 0 4 0 0 1 4 0 1 1 0 1 7 7 0 9 6 0 0 4 31 0 28 5 1 1 3 1 16 2 1 2 1 8 1 0 1 0 1 2 0 0 3 0 0 0 16 0 2 1 8 0 7 0 0 0 
0 18 2 0 1 0 2 0 0 1 1 4 3 0 1 0 0 1 0 1 3 5 0 6 1 0 0 0 0 0 0 1 0 2 48 3 0 0 2 0 1 0 0 10 0 0 1 0 0 3 1 1 0 0 5 7 27 0 23 13 0 7 0 2 
0 8 1 0 0 2 5 32 2 0 0 2 0 0 1 13 4 7 0 0 0 0 3 1 0 3 0 0 4 0 9 4 1 2 6 2 0 3 14 26 0 1 34 11 1 0 0 0 4 18 10 0 0 0 1 32 0 0 1 1 1 0 18 72 
2 0 25 0 0 1 1 0 130 2 2 9 0 9 0 4 0 22 1 0 0 10 20 1 6 0 6 1 1 0 5 0 1 22 2 1 0 5 3 0 5 8 1 0 0 0 17 0 8 0 9 0 37 0 0 1 1 0 7 0 11 2 0 0 
0 59 0 1 18 0 0 4 2 0 18 13 1 0 0 0 0 0 0 0 0 37 1 0 0 0 1 0 4 2 1 5 0 2 0 10 1 9 1 1 1 0 18 6 1 24 3 0 0 1 0 16 0 91 2 3 3 0 5 3 0 18 1 0 
0 3 1 1 4 1 0 61 21 1 0 0 0 0 26 2 2 3 22 2 1 7 18 0 0 0 12 7 2 2 9 28 0 0 7 3 1 64 51 21 0 3 0 6 1 2 3 7 2 0 2 0 1 16 0 4 16 20 1 2 2 4 12 5 
2 1 1 0 1 1 1 0 3 90 8 3 9 2 10 0 1 1 5 0 25 1 3 5 0 2 30 0 75 0 11 1 9 0 0 2 3 1 8 2 77 0 1 26 0 2 2 45 6 3 10 18 4 0 1 0 0 24 0 1 0 0 7 1 
0 1 4 541 3 8 1 1 20 2 15 3 2 2 2 2 1 1 22 0 0 8 0 102 0 34 2 17 3 0 1 1 2 1 21 29 0 1 0 0 0 0 1 0 0 18 30 4 2 0 1 88 1 0 5 1 2 8 1 0 0 6 1 2 
0 0 1 3 2 28 0 3 30 1 0 1 0 6 1 0 0 0 0 1 0 3 4 3 2 0 2 11 0 0 2 8 0 17 12 1 2 10 2 23 1 0 4 6 0 3 0 6 8 7 2 3 0 1 4 72 0 5 0 4 0 36 0 0 
1 2 0 1 1 2 0 0 1 0 0 0 0 5 0 16 59 4 22 5 14 1 0 3 0 0 6 1 26 0 16 9 0 0 3 0 2 1 0 13 1 1 3 1 0 1 19 4 0 1 0 1 0 0 3 1 0 1 0 13 0 4 2 0 
1 0 23 4 0 5 17 5 3 11 3 1 1 13 3 0 0 0 2 0 3 0 0 1 0 0 6 0 1 3 1 0 6 5 9 4 1 2 0 1 3 0 5 1 8 0 2 1 12 2 1 0 3 1 1 2 1 2 1 0 0 1 2 1 
0 6 0 0 0 21 1 0 0 1 6 14 2 0 2 0 2 2 0 0 2 0 3 1 2 0 68 1 0 0 9 0 31 2 1 1 5 1 1 0 8 1 1 5 1 0 1 1 3 0 2 0 0 0 10 0 24 1 0 0 19 4 0 1 
8 522 0 0 0 2 7 11 12 1 5 2 10 1 0 5 0 1 4 15 0 1 7 3 0 1 0 1 9 4 0 0 1 2 5 6 12 16 0 0 14 0 3 3 9 0 1 0 0 92 2 3 43 0 5 10 0 1 0 0 33 41 1 0 
0 3 0 1 6 6 0 2 1 3 2 0 29 0 1 11 6 0 6 24 2 4 0 1 0 0 13 6 1 0 0 9 3 18 39 0 1 0 2 2 1 0 0 1 21 1 0 0 0 0 5 2 3 1 3 6 0 0 2 5 1 74 0 3 
1 9 0 3 1 0 5 0 0 78 8 0 3 1 2 0 3 1 1 267 15 1 0 1 0 26 0 2 9 3 0 1 1 12 0 2 1 0 27 12 0 17 0 3 10 3 9 21 1 0 0 3 1 10 1 5 2 1 0 10 0 0 0 7 
0 5 0 2 1 5 8 5 3 2 0 0 2 0 4 0 32 0 1 0 4 0 2 2 0 0 0 2 2 8 7 5 0 1 0 1 1 0 21 0 1 0 0 1 0 1 0 2 68 0 32 0 3 0 0 1 4 9 0 0 0 1 0 0 
2 11 1 1 17 0 11 7 4 2 3 163 0 0 0 582 2 9 1 3 1 1 7 6 8 0 4 0 0 0 1 10 0 24 0 0 0 0 0 11 6 6 4 30 4 3 1 0 1 2 4 7 0 5 0 6 320 0 5 6 5 0 8 9 
17 126 1 91 10 1 11 1 0 14 0 1 0 0 0 20 0 1 1 26 0 0 2 30 0 1 110 0 1 9 11 0 0 1 8 1 1 1 0 0 0 4 11 0 1 1 4 0 1 1 0 1 3 10 0 11 0 0 33 1 2 0 15 1 
1 0 0 23 0 2 0 1 1 3 1 1 0 106 0 11 6 80 6 2 52 2 2 7 0 1 4 0 0 0 6 1 7 0 107 0 22 1 3 0 24 1 0 1 6 1 1 6 4 0 5 111 1 0 0 3 6 16 1 5 1 1 2 7 
19 0 1 0 14 3 7 0 27 1 3 0 1 4 13 0 0 3 1 4 6 2 0 6 4 21 9 4 21 0 7 1 241 2 1 1 3 0 0 0 0 16 2 1 11 0 7 1 5 1 0 0 0 0 4 6 11 0 2 3 2 7 0 3 
19 81 0 0 1 1 23 3 1 1 0 0 0 9 0 1 12 2 23 0 1 0 1 0 0 4 11 1 5 1 99 6 1 0 1 1 1 0 0 0 1 18 1 1 0 0 8 1 1 2 7 0 1 10 7 0 13 1 1 2 1 3 1 11 
8 1 0 0 4 1 0 2 3 0 3 1 1 72 0 1 22 70 2 17 0 3 9 25 0 1 7 1 0 10 0 24 0 20 0 5 0 2 1 1 2 0 0 1 1 1 27 17 0 3 4 0 0 0 0 2 0 13 0 0 0 1 6 0 
293 4 1 1 3 1 0 21 1 1 2 0 0 2 1 1 5 1 7 0 0 3 2 0 3 2 0 2 7 1 0 9 1 16 0 1 3 3 0 1 1 0 0 10 1 2 0 6 0 0 1 1 0 0 8 3 0 0 9 0 1 0 1 3 
0 0 64 0 0 0 1 0 0 1 49 2 22 0 1 4 35 23 0 1 12 5 0 2 13 6 0 2 0 4 0 0 1 8 6 2 11 10 5 2 32 1 58 1 0 3 3 6 1 2 0 3 4 0 0 45 36 52 3 10 4 0 0 9 
1 34 4 11 0 1 1 1 5 1 0 7 13 5 1 0 1 0 2 1 0 5 10 8 0 0 1 4 5 3 140 0 0 0 1 2 0 0 5 4 2 2 0 2 1 1 12 0 97 4 4 2 0 13 60 0 0 0 33 3 11 4 0 1 
0 6 6 6 1 1 1 22 0 1 46 0 0 4 0 0 12 0 2 0 0 24 0 1 2 0 0 1 42 3 15 5 0 163 2 0 3 0 1 3 0 21 1 0 6 9 2 7 2 0 1 0 58 4 9 0 10 5 4 0 8 4 1 2 
1 1 1 1 0 8 1 43 0 0 1 0 13 2 0 1 2 2 0 1 2 1 46 2 4 0 30 1 0 0 1 0 0 1 0 1 1 0 2 2 0 7 0 1 0 2 0 4 0 5 3 0 1 0 3 7 0 0 0 3 4 2 0 2 
6 1 3 25 19 2 0 1 1 60 8 5 0 2 0 1 11 0 0 28 1 0 9 1 0 7 0 0 1 0 0 0 0 3 0 1 1 0 1 0 0 1 0 17 0 1 0 6 0 0 2 0 2 31 1 0 2 1 4 2 6 9 16 10 
1 5 1 5 49 0 34 0 0 0 0 0 0 5 2 2 34 1 0 4 0 0 9 2 2 0 10 0 0 2 0 7 1 1 47 0 4 27 1 0 3 3 1 2 0 35 0 15 1 8 0 0 8 1 6 0 2 2 0 18 0 19 9 0 
0 0 0 1 0 1 128 0 0 2 12 0 0 8 12 0 2 1 0 0 37 115 4 7 1 233 33 4 2 1 1 0 2 29 0 1 0 2 1 32 6 4 13 0 0 7 0 5 2 2 3 30 3 1 10 0 9 2 3 1 8 4 13 0 
13 3 0 65 3 3 5 3 21 0 0 1 2 0 0 20 6 4 2 10 3 3 0 0 0 21 0 24 13 2 0 0 0 1 0 1 0 1 0 0 4 8 1 5 2 2 2 1 8 6 1 0 1 0 11 1 0 20 1 82 3 1 2 2 
0 1 6 1 2 2 2 0 1 97 1 16 0 0 1 0 0 0 0 1 0 9 10 74 79 0 4 107 10 0 8 1 1 36 2 0 9 0 2 1 0 21 5 0 5 0 0 2 1 25 16 2 2 0 1 8 0 0 20 0 6 3 9 0 
12 5 0 7 0 16 0 7 2 1 2 1 14 0 2 5 1 0 1 7 0 4 8 6 4 0 1 0 0 9 0 0 0 2 18 0 0 1 7 1 0 11 1 18 2 2 2 1 4 0 6 15 0 4 2 0 5 0 12 0 6 94 0 0 
4 6 10 1 0 0 3 0 2 0 0 0 0 0 0 1 0 0 2 0 2 2 0 0 1 0 1 0 0 6 0 0 2 7 1 1 1 1 0 21 0 1 0 18 1 0 1 8 159 0 1 0 0 1 13 0 0 7 0 1 0 6 0 0 
0 1 6 5 0 1 10 0 5 1 0 25 11 5 1 1 8 0 3 2 0 5 0 0 1 19 0 0 0 0 3 67 1 1 0 2 9 10 3 10 0 0 0 1 1 2 0 1 0 1 1 0 89 1 7 2 15 1 1 22 101 0 4 1 
12 0 0 1 4 1 3 0 1 8 0 1 1 1 1 0 0 4 0 0 3 2 1 2 25 1 0 10 3 1 0 5 0 4 1 100 1 0 0 1 4 0 5 56 4 0 13 1 1 8 20 1 6 0 1 2 2 1 9 0 2 69 0 1 
0 0 0 1 0 10 3 0 1 0 0 6 0 0 2 7 0 4 2 17 1 13 1 1 0 1 3 1 10 5 6 3 4 0 3 5 1 0 0 0 1 2 7 4 0 7 1 11 9 0 5 0 0 1 2 44 0 0 2 0 7 0 10 0 
4 0 0 6 1 0 1 10 1 0 7 0 2 1 7 1 8 1 7 3 2 1 8 0 0 6 1 0 14 4 0 16 1 1 0 6 9 0 3 0 0 16 5 4 10 70 25 1 2 0 1 1 3 1 5 16 0 5 0 1 1 0 0 0 
1 151 4 0 9 1 5 8 16 2 5 5 7 19 0 13 30 0 0 0 5 2 1 0 7 0 5 6 0 26 3 2 2 2 2 12 1 11 0 119 0 1 2 1 1 4 0 0 5 5 0 10 0 5 0 0 1 12 13 6 0 1 0 1 
0 1 2 0 1 0 3 0 13 1 16 1 0 4 0 2 0 2 0 18 0 1 0 2 2 3 4 2 1 1 2 0 1 106 0 21 1 0 33 5 8 0 1 0 50 3 15 21 3 30 4 8 1 7 1 2 12 1 1 53 2 2 4 1 
1 2 1 23 11 7 0 9 1 24 0 1 2 6 0 0 9 0 0 18 0 0 6 0 17 0 8 1 65 67 5 1 1 3 2 0 1 2 0 0 1 0 1 3 4 0 1 1 80 1 0 2 7 0 1 5 0 1 1 0 1 3 42 2 
0 8 3 14 3 0 0 29 1 16 2 3 0 7 12 0 5 0 18 7 0 0 0 6 11 2 0 0 25 1 4 2 49 8 149 10 0 6 9 3 17 2 9 1 26 1 1 0 21 1 1 1 3 13 0 0 15 16 1 10 45 0 3 13 
0 11 8 0 0 22 0 1 0 1 187 0 0 5 2 1 0 18 1 2 6 0 0 12 10 7 3 0 1 9 0 9 0 76 10 6 0 1 0 0 2 0 0 1 1 13 2 0 1 0 18 7 10 0 5 2 0 1 0 0 1 0 1 1 
7 1 1 3 0 1 1 2 2 6 0 4 3 2 1 0 10 1 0 16 0 36 7 1 0 3 1 0 5 0 13 1474 9 1 23 0 13 32 0 3 98 0 1 2 2 1 1 2 0 0 1 3 6 0 10 5 1 1 0 1 1 1 0 4 
4 0 1 1 4 3 0 0 0 0 7 0 16 1 0 13 12 6 0 0 1 1 1 0 8 11 6 1 0 0 0 1 2 1 12 14 0 1 11 0 39 2 7 6 1 7 1 1 16 0 0 1 0 0 0 31 1 3 2 3 1 0 10 3 
12 1 0 0 1 0 13 13 1 6 0 0 0 13 10 1 0 1 2 0 0 1 53 2 2 0 1 0 3 972 12 0 27 0 6 0 1 2 3 32 0 5 0 0 12 1 1 0 1 0 1 0 2 0 0 0 3 5 0 0 3 8 3 0 
0 2 18 0 0 7 1 3 0 6 0 9 7 3 1 0 0 4 1 0 7 0 3 6 0 7 0 0 13 0 3 0 1 0 10 1 0 4 15 0 4 6 1 9 1 93 0 1 6 0 2 0 0 23 5 2 1 0 3 0 0 24 2 0 
2 0 0 28 4 55 12 0 2 31 1 7 1 0 0 0 0 0 0 7 1 2 2 1 6 30 0 0 27 3 5 1 8 1 1 37 7 1 0 0 5 1 0 2 50 4 3 0 0 3 1 0 14 0 1 0 6 0 0 2 7 0 0 1 
1 0 0 2 4 22 0 1 14 2 5 0 3 1 5 0 0 1 3 5 0 0 1 0 1 0 0 32 0 11 6 0 0 3 3 2 102 0 13 2 2 13 0 1 2 5 0 1 1 9 0 0 0 1 1 27 24 1 2 8 38 9 1 0 
3 6 9 0 3 6 0 0 11 1 26 1 0 1 19 11 0 31 11 0 0 5 0 1 1 1 1 0 17 1 0 16 7 3 0 0 0 1 0 4 35 4 2 32 6 2 4 2 0 0 3 235 2 5 7 14 0 0 2 3 1 0 0 2 
1 2 0 1 0 1 7 0 7 1 0 2 0 3 0 2 0 8 0 0 7 0 1 63 13 0 7 4 1 2 3 4 1 4 0 5 1 4 0 7 2 3 0 1 9 9 1 0 0 0 0 7 2 9 0 1 0 0 1 0 1 1 22 0 
46 6 8 1 3 0 0 0 3 2 2 10 32 1 1 3 3 5 1 3 0 5 0 2 7 2 1 3 3 0 1 0 2 10 0 1 0 0 1 0 33 5 2 0 2 2 1 50 4 6 0 0 0 3 0 4 1 5 0 12 0 0 28 0 
0 2 7 0 13 1 0 22 17 1 7 1 12 0 1 0 9 5 1 0 0 3 2 0 1 9 2 0 14 19 3 0 18 57 6 2 0 0 1 34 0 4 2 30 1 3 1 0 2 0 0 1 0 3 6 1 0 0 0 38 1 15 2 5 
1 22 1 37 0 1 1 0 4 6 9 0 13 2 1 4 0 6 14 0 0 18 2 4 0 0 7 1 5 5 2 1 2 2 0 0 2 2 1 5 11 36 0 0 4 0 4 2 0 0 0 2 0 2 0 0 0 25 6 0 3 0 0 0 
7 0 5 1 2 18 1 0 0 1 0 3 0 0 0 1 9 206 0 1 42 0 1 1 3 3 9 21 5 0 0 0 11 1 4 0 0 7 0 222 0 1 0 0 2 32 2 0 0 33 2 0 12 26 6 0 2 8 2 12 1 1 1 2 
3 0 4 0 0 2 5 1 6 1 0 0 2 0 0 2 12 1 0 6 0 5 3 4 2 0 7 6 1 75 0 4 7 6 19 0 0 42 0 4 2 0 3 1 0 27 1 0 7 3 0 3 10 0 1 0 2 4 2 2 3 3 0 0 
63 0 0 4 3 0 21 5 4 38 115 0 0 3 0 1 1 0 2 4 8 10 0 1 0 0 0 2 1 0 5 2 1 11 1 1 0 1 0 2 25 4 1 4 1 0 24 0 0 33 0 0 5 2 20 7 6 30 0 3 7 0 0 0 
6 3 1 91 13 2 1 0 5 7 0 12 80 2 0 1 3 0 1 7 2 98 1 8 7 2 6 0 1 7 38 4 38 0 0 5 1 19 127 0 0 20 1 5 2 0 0 5 3 0 0 1 0 25 0 2 4 1 29 0 4 0 0 0 
2 1 2 3 10 13 0 9 14 0 0 6 0 0 1 0 11 0 33 0 8 6 0 4 30 1 1 0 15 2 1 1 2 0 8 7 1 317 0 21 17 1 2 6 39 1 1 0 6 0 32 0 0 83 16 0 6 5 0 0 0 2 0 3 
0 0 0 4 8 37 0 14 0 16 14 1 0 6 29 0 1 27 0 30 1 34 1 2 1 0 0 2 1 62 0 0 1 2 0 26 4 12 28 1 14 0 0 1 1 20 7 0 3 0 0 1 3 4 4 1 5 25 1 0 2 1 0 3 
0 1 0 1 2 0 29 26 0 3 0 0 5 4 1 12 16 1 0 0 2 1 0 22 2 0 0 0 1 6 1 0 1 1 0 7 1 12 2 0 3 1 0 0 1 2 6 16 10 4 0 2 13 46 1 6 1 2 0 0 0 2 1 5 
8 0 16 1 0 8 0 29 23 0 0 0 1 29 18 11 1 0 0 0 1 5 3 13 0 1 6 0 14 0 2 0 19 0 3 4 8 0 3 0 2 0 9 0 1 0 1 2 6 0 1 5 28 0 3 0 18 1 0 2 6 6 2 5 
0 0 2 0 12 1 0 0 4 5 1 2 24 1 0 0 3 26 0 3 51 2 0 1 2 1 0 0 2 8 1 0 2 3 3 0 0 1 7 0 2 9 1 0 10 3 0 0 1 11 0 1 2 63 2 6 0 1 10 0 2 3 11 4 
1 0 13 59 0 2 0 2 0 8 0 0 2 4 3 7 0 4 9 1 0 2 0 77 20 10 1 0 16 2 0 0 4 2 0 3 0 7 1 1 0 0 1 3 23 61 5 2 1 0 3 0 0 5 42 0 0 0 4 0 0 1 0 3 
14 3 1 0 2 0 1 4 0 1 0 1 15 6 1 1 0 0 14 3 1 0 0 0 0 0 2 2 26 4 0 14 10 1 0 3 0 1 0 1 6 5 0 1 4 1 1 1 0 2 11 264 0 0 2 3 0 0 6 0 2 0 1 1 
0 2 28 6 0 3 229 0 2 1 1 3 23 21 0 159 0 4 1 18 63 13 0 6 2 15 21 4 10 0 0 0 0 8 0 0 28 0 0 0 1 11 4 0 0 0 1 5 0 1 0 12 4 1 13 1 15 5 0 151 0 29 2 0 
26 1 7 21 1 13 22 219 51 6 0 2 2 2 7 0 20 2 2 1 22 219 0 35 0 0 7 1 1 13 1 0 0 6 0 2 183 0 10 10 9 8 0 8 0 1 3 1 1 5 25 0 1 0 3 1 3 0 2 0 0 3 15 153 
43 5 0 2 1 1 2 0 0 7 31 11 1 40 1 1 16 3 3 1 8 2 2 1 0 6 0 0 20 0 0 2 8 12 0 3 14 0 3 1 0 5 1 5 0 0 0 2 191 5 1 1 18 0 2 0 0 2 0 25 1 0 0 0 
0 2 5 28 0 3 13 0 2 0 2 4 2 2 0 3 15 17 1 0 0 0 0 1 0 2 2 3 1 1 2 2 5 8 0 2 0 0 5 0 0 6 4 41 0 4 8 37 0 0 0 1 3 0 8 0 16 1 5 0 0 0 3 7 
59 4 7 1 3 3 4 1 0 0 3 1 1 6 0 0 8 0 1 0 2 2 21 3 23 0 2 4 0 1 3 1 10 0 2 1 0 1 0 27 1 0 17 0 0 1 0 43 9 1 1 2 9 1 3 10 1 0 6 3 0 0 4 17 
23 1 2 8 1 2 1 2 0 1 2 0 1 63 0 0 1 0 0 14 0 10 3 0 5 2 0 0 33 5 11 22 5 0 0 10 0 2 6 0 4 2 3 0 5 3 6 0 3 1 19 2 28 5 6 0 4 0 0 1 0 0 0 4 
1 0 1 1 14 1 6 17 1 1 2 1 13 3 1 23 5 2 0 14 1 16 0 0 3 1 0 0 34 0 0 3 0 2 7 2 2 0 1 0 10 11 0 0 24 2 47 0 1 0 36 2 0 3 0 53 1 1 5 0 1 4 7 3 
0 11 0 1 3 0 1 9 1 0 28 2 2 10 0 0 3 1 0 5 1 0 0 183 1 39 3 4 0 1 1 27 2 0 24 0 9 6 0 3 1 2 1 0 4 2 5 11 25 1 18 0 0 1 2 1 0 1 1 1 1 17 1 3 
1 114 0 3 5 0 2 2 19 4 0 0 0 0 21 1 1 0 1 0 97 0 1 36 4 6 3 0 25 0 18 1 6 6 5 22 0 0 1 0 2 0 23 0 2 1 0 1 4 18 2 1 0 0 1 18 20 0 0 2 3 2 0 10 
0 0 2 20 0 2 1 0 4 0 0 0 0 10 4 0 0 0 0 5 10 0 42 1 95 2 1 1 0 2 19 0 0 2 3 5 0 0 6 8 4 5 8 1 0 3 0 2 0 5 0 2 2 4 9 0 1 0 5 0 1 0 1 1 
6 0 8 0 119 0 1 0 12 7 0 0 0 1 0 21 1 28 0 79 5 0 3 0 8 2 0 1 8 0 7 1 0 7 16 2 0 0 10 1 0 0 4 0 0 1 0 1 9 0 1 0 0 10 0 0 2 1 0 12 17 1 0 16 
7 3 3 0 2 1 2 4 1 1 0 1 0 1 8 17 58 2 3 2 57 1 0 0 1 9 4 7 0 5 1 0 2 3 14 0 5 1 6 0 15 5 6 1 33 10 1 2 0 8 2 0 1 2 8 2 0 0 0 0 0 3 8 4 
1 1 1 2 0 0 25 0 0 4 9 0 0 0 14 9 6 46 0 7 1 13 5 7 2 0 349 0 3 22 6 0 0 41 3 1 12 17 0 1 1 1 3 0 1 3 2 0 0 0 0 2 4 0 0 0 4 6 8 2 0 2 4 1 
0 0 0 2 6 1 0 27 1 1 12 0 9 1 1 1 1 14 1 55 0 6 0 12 0 3 0 61 2 2 0 13 3 1 6 0 0 33 5 3 4 28 22 26 1 3 8 1 5 0 0 0 6 0 7 1 0 0 7 3 4 11 2 0 
5 0 3 2 0 242 0 1 1 18 7 1 0 0 5 9 11 0 0 0 2 0 3 2 0 1 0 1 9 2 1 1 9 1 0 1 1 0 1 1 0 0 6 0 1 1 1 2 2 2 0 18 2 0 1 15 1 9 28 4 0 0 5 3 
5 12 0 0 2 15 2 0 24 0 0 0 1 2 0 1 1 0 0 0 1 71 5 10 70 0 0 1 19 1 0 42 2 5 2 0 0 4 2 59 2 1 7 0 27 1 7 1 1 23 2 6 1 0 4 0 0 3 0 0 7 3 0 1 
0 23 0 13 3 0 0 33 6 1 1 4 8 0 3 1 0 0 14 0 6 5 7 7 2 1 23 31 2 0 0 0 1 20 1 3 9 3 0 1 1 0 0 3 0 7 1 5 1 5 3 3 6 0 10 3 10 0 1 1 35 0 0 3 
0 8 1 1 1 0 0 2 0 0 5 4 2 0 52 2 59 0 0 18 1 8 0 0 10 2 18 0 4 0 0 0 7 36 3 0 0 0 4 1 0 113 0 1 2 0 0 4 12 1 0 0 4 0 5 4 2 11 0 1 0 2 0 69 
0 1 0 4 1 0 37 2 0 12 1 7 2 39 11 0 43 3 0 5 2 0 1 0 17 0 2 2 0 1 0 0 3 0 33 4 21 2 0 0 43 2 40 27 5 2 4 2 1 0 1 6 6 0 21 2 0 42 7 1 0 2 2 30 
0 1 603 1 8 6 7 3 0 6 2 6 2 6 0 1 1 5 2 0 0 0 0 0 0 0 8 0 2 12 1 1 1 16 0 2 4 1 1 2 0 0 11 0 2 5 1 32 1 3 0 0 0 10 59 1 4 2 19 6 2 20 3 10 
0 1 0 0 4 1 3 3 1 1 0 94 10 6 25 0 5 2 1 3 3 42 0 0 1 223 4 1 0 3 2 2 4 0 0 0 3 0 0 80 3 12 0 12 1 24 11 9 1 0 71 1 81 0 1 0 0 3 24 0 6 1 0 6 
0 1 4 0 2 2 0 4 27 6 6 0 0 29 2 13 0 3 1 5 3 0 1 0 22 5 0 4 0 0 9 0 0 1 0 108 0 35 1 0 0 4 1 0 2 4 2 12 1 3 0 0 1 1 0 1 0 1 4 1 16 4 1 0 
1 11 0 21 2 2 1 0 0 2 0 4 1 0 3 1 5 3 0 6 1 5 1 0 0 7 0 0 0 17 7 21 3 2 0 4 0 0 6 6 8 1 2 9 0 1 2 75 0 2 1 3 2 1 1 21 0 3 1 2 0 8 0 1 
0 7 1 1 1 5 1 11 6 3 1 0 3 0 6 2 0 1 35 7 8 1 0 0 5 0 1 12 0 3 21 41 14 0 1 0 15 7 0 37 2 0 0 2 166 0 5 1 15 3 2 0 1 1 0 28 7 1 0 0 1 0 31 0 
1 0 0 0 1 1 1 0 3 1 1 1 0 1 15 2 0 1 0 1 7 0 0 0 24 6 0 0 12 2 1 1 0 0 1 21 2 0 0 0 0 6 0 1 3 1 5 0 0 1 0 1 6 18 3 3 0 8 2 0 4 5 3 7 
1 1 2 1 0 0 2 8 7 1 1 0 0 1 1 0 1 59 0 2 1 5 10 4 1 1 2 1 1 0 0 1 0 1 0 1 4 0 0 1 1 6 4 0 2 1 1 3 10 0 0 0 14 1 0 0 3 3 3 0 0 0 0 1 
1 0 1 2 9 3 1 7 1 22 1 0 2 0 3 3 4 1 1 0 31 1 17 6 19 0 5 5 2 2 19 0 0 1 8 2 0 1 0 2 366 13 5 5 5 1 1 0 12 0 11 4 22 38 6 0 3 0 8 3 47 1 0 24 
0 12 1 0 1 5 0 0 19 5 0 2 0 0 0 7 2 0 0 1 0 0 1 1 1 0 1 4 41 11 0 0 9 1 1 16 8 7 3 3 3 0 0 0 143 2 2 6 0 0 0 2 0 3 5 0 5 0 0 0 1 2 11 3 
0 1 9 5 1 2 31 0 4 1 0 78 0 4 0 2 0 2 6 8 4 0 3 0 9 16 3 18 0 34 1 1 3 0 20 1 12 0 0 1 5 1 1 43 0 6 28 3 0 1 1 0 28 0 0 52 0 2 1 16 6 98 1 1 
4 0 4 6 1 0 0 0 1 2 8 0 50 2 8 0 0 31 4 11 1 0 0 2 1 2 6 0 1 0 0 1 8 7 25 0 1 4 6 18 1 6 0 3 12 5 0 2 17 7 4 0 2 0 0 2 4 5 0 42 2 0 1 106 
6 9 4 2 0 4 3 0 0 45 2 89 5 1 7 0 10 3 4 0 21 1 0 0 0 0 0 2 7 2 3 0 1 2 6 0 0 1 0 0 2 2 0 0 4 6 40 0 33 1 0 1 7 10 0 0 0 3 4 1 8 2 0 0 
2 0 2 9 1 0 6 124 3 3 7 1 0 0 15 1 23 1 1 0 0 1 3 4 0 67 1 1 9 6 124 0 67 11 1 6 0 7 1 0 1 1 2 1 42 6 0 6 0 25 1 5 2 6 0 0 0 0 2 0 2 1 11 1 
0 0 4 1 7 0 2 1 1 18 2 40 1 0 22 34 4 4 0 13 5 1 0 1 1 2 19 8 0 0 0 0 0 0 5 0 0 1 7 10 1 9 25 1 2 2 4 8 0 8 1 2 3 724 2 9 3 2 3 0 0 11 8 3 
1 0 0 0 0 18 0 90 7 0 3 10 0 10 3 7 0 4 2 23 2 3 1 10 1 0 5 0 32 0 6 7 0 6 0 0 8 0 1 3 0 44 4 1 1 38 0 2 2 1 1 0 0 28 21 4 0 3 1 0 9 3 9 52 
0 3 3 1 0 10 0 4 12 1 0 0 0 14 0 2 0 8 6 0 3 1 123 3 1 8 0 1 0 0 1 6 12 8 84 1 0 1 0 16 5 0 6 1 0 4 11 1 0 2 4 1 0 1 0 0 0 5 0 5 1 6 1 0 
0 3 1 66 5 1 0 3 0 1 0 0 105 0 0 0 3 4 2 3 1 9 0 0 34 0 0 0 1 4 1 3 12 2 0 0 0 13 0 0 11 1 0 6 16 2 2 0 0 9 26 2 2 2 0 0 0 4 0 9 3 28 0 8 
0 1 0 1 5 1 5 0 1 1 1 2 1 20 68 7 2 8 1 5 1 1 0 0 3 9 0 0 5 0 0 0 1 196 3 3 0 0 3 0 0 3 9 13 3 18 5 5 10 1 1 6 8 1 31 1 2 0 0 0 0 1 4 168 
0 20 1 14 0 26 3 0 1 23 0 188 5 13 0 0 0 1 3 0 1 34 0 0 3 1 2 7 14 4 0 3 0 223 1 5 1 51 44 2 18 0 0 0 0 1 15 6 2 1 0 8 1 0 2 3 1 13 8 0 0 5 3 3 
30 1 1 0 110 10 2 0 0 0 8 0 4 0 2 2 1 9 0 43 12 3 25 0 26 0 0 0 4 1 0 80 0 0 0 12 8 0 0 0 0 2 6 36 9 8 7 1 5 9 12 1 0 0 4 9 0 5 28 9 2 0 2 0 
1 1 0 1 1 2 2 5 23 6 13 10 0 0 1 17 9 3 1 1 0 7 0 18 0 7 0 15 1 8 7 0 0 3 0 0 5 1 3 0 1 4 4 0 4 54 4 25 0 0 1 7 0 2 35 14 7 2 0 0 13 0 7 0 
2 0 51 0 2 5 2 1 14 82 2 5 1 1 1 5 0 1 0 1 0 4 16 1 0 1 97 0 1 6 0 15 11 3 0 1 14 8 0 10 9 11 0 2 21 13 0 0 0 20 7 0 2 6 12 9 0 1 1 14 0 9 0 0 
11 1 0 0 4 0 18 4 1 0 1 0 3 1 0 0 1 0 3 8 3 5 24 0 0 2 2 9 74 9 1 0 19 0 11 9 3 1 0 8 10 18 1 0 16 3 121 1 30 1 0 0 14 1 27 2 0 1 10 0 1 5 8 0 
30 0 0 1 2 102 0 0 9 7 4 9 0 0 0 1 0 1 3 9 4 7 0 48 2 10 13 4 1 0 1 4 7 1 7 44 0 1 185 1 14 0 16 0 0 0 0 1 0 0 2 1 3 1 1 7 0 0 3 0 1 0 1 7 
0 0 1 3 2 0 0 1 0 1 2 0 7 12 2 5 1 2 0 1 0 8 1 0 1 0 0 3 2 6 5 0 3 0 3 6 4 1 3 2 0 31 3 1 0 1 0 115 0 1 6 0 25 0 0 37 3 2 0 1 0 32 2 1 
0 0 15 2 0 1 3 0 1 7 1 1 1 2 0 10 13 0 0 1 2 10 1 0 5 0 3 2 7 15 204 0 1 1 11 1 3 6 14 4 0 0 19 0 0 13 11 1 0 0 0 10 3 1 4 2 0 22 1 1 1 4 10 4 
1 4 14 0 10 0 18 4 10 0 0 0 1 0 0 0 0 0 1 0 0 0 25 1 6 0 4 3 0 1 1 5 0 0 7 3 2 5 1 115 0 1 2 5 1 4 0 6 3 0 1 0 6 6 3 1 14 2 1 0 0 2 1 0 
20 2 0 5 2 5 0 0 5 2 0 0 29 1 8 7 7 46 0 0 1 4 34 0 6 0 7 2 3 0 1 2 0 32 2 3 0 6 3 11 1 0 4 0 0 0 76 2 1 8 4 0 1 7 0 0 3 3 84 0 0 0 9 2 
1 0 5 1 0 0 11 1 0 11 1 2 1 6 1 1 3 3 0 42 0 0 0 1 2 23 2 0 0 30 4 0 2 0 0 2 0 0 1 1 5 9 3 2 6 0 0 1 6 5 4 39 1 21 0 21 3 0 0 4 5 40 0 41 
2 1 2 6 2 4 3 0 2 5 0 13 0 11 1 0 0 2 0 0 1 0 91 5 1 3 0 0 0 1 0 0 8 10 2 1 7 0 1 2 1 5 3 2 34 8 1 14 1 0 1 0 3 3 0 183 1 0 3 0 2 5 0 4 
3 2 0 0 1 38 0 0 0 1 0 0 1 9 1 2 0 4 25 5 3 1 1 1 26 1 1 1 8 1 0 27 1 8 2 2 6 0 5 0 0 11 10 0 4 0 5 3 2 0 14 9 6 0 1 18 1 0 0 5 0 3 0 1 
0 0 6 0 2 0 2 0 4 0 0 0 0 0 3 9 2 9 6 1 2 10 11 1 0 2 4 1 2 24 0 21 12 4 1 0 1 36 1 1 1 3 1 364 1 0 14 3 0 0 1 0 2 2 0 3 3 0 1 6 0 8 0 35 
11 0 12 0 1 3 3 0 6 0 0 8 0 1 17 0 0 0 1 4 1 14 0 1 0 1 7 2 2 18 1 0 23 0 2 0 22 4 0 0 0 2 1 0 0 9 2 0 3 0 3 11 0 0 1 2 1 0 0 0 4 0 4 0 
37 1 0 0 0 0 9 0 1 11 4 2 0 0 0 2 0 0 4 1 0 40 0 2 0 0 1 6 2 1 8 2 0 4 0 1 6 1 1 0 5 1 0 0 1 5 0 0 0 0 13 0 0 0 10 6 31 0 6 2 5 0 1 4 
81 169 7 2 1 17 1 114 3 2 1 1 0 11 3 0 0 3 1 5 62 0 6 0 1 0 3 0 5 1 46 2 0 0 1 1 2 0 5 1 16 1 3 1 1 2 0 0 1 43 19 0 5 1 0 2 3 8 26 5 13 8 0 0 
1 14 6 0 0 2 1 28 45 4 1 7 2 0 1 0 0 1 2 38 0 0 1 0 2 3 3 3 5 1 30 9 16 1 0 4 5 12 2 2 0 1 0 0 2 0 4 1 2 5 1 0 6 4 11 1 1 4 0 7 1 8 3 1 
0 9 1 16 6 1 0 1 0 21 1 0 1 2 0 0 1 9 0 2 2 1 3 9 0 0 0 0 8 3 8 5 0 0 9 9 0 20 8 3 0 0 0 0 1 3 3 1 2 0 3 20 1 7 0 0 6 15 0 9 8 0 2 17 
7 0 5 0 3 3 9 5 0 8 1 0 8 1 0 0 8 0 0 1 3 13 7 0 2 2 6 0 0 1 2 0 4 3 0 1 29 0 1 0 2 0 6 2 16 43 0 3 1 4 3 0 0 0 0 5 28 0 7 0 4 0 0 0 
11 2 10 5 0 2 6 20 1 0 1 0 1 5 0 0 9 3 1 0 0 4 0 8 13 6 3 2 0 4 0 2 0 0 0 0 5 59 1 1 1 1 202 5 1 0 1 1 0 5 6 1 6 2 22 2 10 2 0 30 0 2 0 0 
48 1 0 0 12 0 0 0 3 1 0 4 5 13 4 4 1 1 0 0 1 8 1 0 5 2 1 0 1 3 0 0 3 2 0 33 1 0 0 3 3 31 0 2 0 1 1 12 1 10 0 12 1 2 0 1 0 1 0 0 1 1 3 3 
2 4 2 2 19 0 0 1 0 2 0 6 0 31 0 1 0 0 0 2 35 0 14 1 11 3 6 2 1 11 0 1 0 45 6 0 1 2 3 8 0 4 1 1 1 10 1 0 34 0 0 0 9 2 2 18 20 1 0 7 1 0 3 0 
15 4 0 14 2 4 0 10 6 3 11 4 1 93 5 1 1 16 1 0 8 0 0 0 0 1 1 6 1 24 1 10 2 0 9 1 12 0 1 0 0 0 4 0 1 6 1 1 0 0 2 0 2 0 5 6 1 35 4 3 0 0 17 2 
19 0 0 2 0 0 35 3 16 1 0 23 0 6 2 0 5 0 0 4 10 63 4 0 1 0 2 3 4 2 0 2 0 8 0 19 0 0 3 1 0 17 1 12 0 0 2 2 16 2 0 0 162 0 2 0 1 0 13 11 0 2 3 1 
4 11 0 43 0 0 7 1 5 0 0 0 2 0 8 1 2 0 6 43 3 1 2 8 3 2 1 6 1 2 2 0 4 5 1 19 13 0 0 0 53 0 2 2 23 13 4 1 3 2 3 33 41 0 12 10 0 3 5 2 2 0 0 3 
0 0 0 2 2 1 2 6 1 4 1 0 28 3 0 2 3 0 0 61 0 1 1 0 4 1 0 4 1 0 3 1 5 0 2 0 2 0 0 0 5 1 13 1 3 3 5 9 19 1 17 0 1 0 0 4 66 0 0 0 15 3 0 1 
5 3 0 7 1 0 12 1 7 2 3 1 5 3 1 0 1 4 8 8 50 36 2 13 1 12 2 0 0 4 0 2 1 0 0 1 0 10 3 22 3 0 0 0 2 0 0 1 2 2 3 1 0 16 1 2 0 3 1 1 1 3 12 0 
0 1 0 2 1 0 0 3 0 1 5 16 5 0 0 0 3 0 6 1 0 2 1 4 0 56 5 0 6 4 1 0 0 2 0 0 0 0 0 0 1 1 12 2 2 1 1 24 0 1 2 0 0 1 2 6 2 10 0 1 3 1 7 2 
0 0 2 0 0 1 46 3 19 4 0 2 0 0 1 10 18 1 5 9 0 0 1 0 0 4 4 1 0 15 3 46 6 2 0 0 0 1 0 6 0 1 21 2 0 1 76 87 10 0 7 2 1 1 8 6 5 18 0 0 18 7 0 70 
12 0 5 2 10 1 0 0 8 113 19 1 1 0 6 1 3 1 0 2 1 18 11 2 1 1 0 1 4 28 3 0 7 2 1 0 0 17 28 0 9 1 3 1 24 1 1 9 0 0 1 11 0 8 9 0 0 67 5 1 17 1 5 6 
2 0 37 2 0 1 14 0 0 21 0 0 1 0 1 0 1 5 0 2 1 0 5 5 21 1 2 5 0 0 4 0 11 0 0 1 0 4 1 6 48 2 4 21 0 1 32 0 3 0 1 0 1 0 8 4 2 1 1 7 0 0 0 0 
1 0 17 1 0 0 0 8 7 0 64 4 2 5 14 12 3 1 0 6 0 1 1 0 1 7 4 4 24 3 1 0 1 0 2 1 4 0 0 1 1 6 0 5 0 0 0 1 1 1 15 1 0 0 1 2 1 8 0 9 5 12 1 1 
2 0 0 6 1 0 5 1 0 20 4 8 0 11 9 6 112 7 48 0 2 0 0 1 0 13 2 0 8 0 1 1 4 1 1 6 5 0 0 1 0 12 2 8 0 0 0 0 52 20 1 1 1 1 0 3 1 0 0 1 2 32 12 1 
5 0 2 1 6 6 0 0 1 1 27 0 0 0 6 1 8 0 1 1 0 3 1 1 11 4 2 0 0 2 0 0 1 4 1 121 1 8 10 0 8 1 0 3 6 0 1 1 1 2 1 3 1 0 2 6 0 11 1 7 71 4 4 11 
4 8 0 11 0 48 0 1 0 10 5 12 0 0 4 8 6 14 4 0 0 24 5 38 17 4 0 0 1 4 2 2 3 1 0 17 0 4 3 0 0 0 49 0 0 1 4 11 0 1 3 8 4 0 1 0 0 3 0 0 0 0 1 13 
72 0 0 2 3 0 0 0 27 0 1 3 17 0 8 11 1 78 5 11 0 2 3 0 0 2 0 1 1 2 0 1 0 2 2 1 1 5 0 0 9 3 11 1 5 0 6 3 0 21 6 4 0 0 1 7 41 3 2 2 62 4 1 0 
102 17 2 1 1 4 5 2 3 4 0 8 1 1 1 2 0 0 2 1 0 0 6 2 4 2 0 0 1 5 1 0 0 2 2 13 2 0 1 1 0 4 1 1 1 1 8 0 0 0 10 1 1 1 7 2 51 13 36 0 0 0 0 249 
1 1 0 0 1 0 0 0 5 1 0 1 0 0 1 0 0 0 37 2 0 1 0 2 0 6 1 0 15 1 0 0 1 2 0 0 0 2 1 2 1 1 0 34 4 4 0 2 14 147 6 3 3 1 7 20 2 0 83 3 7 3 2 0 
1 2 8 0 1 0 126 0 0 1 4 0 0 83 29 1 0 5 2 0 0 1 4 0 6 0 8 1 10 1 1 4 3 4 0 1 0 0 0 1 2 3 1 6 0 2 2 0 4 0 8 1 2 1 9 0 1 1 35 12 0 0 1 2 
2 0 0 1 1 1 0 1 3 0 1 7 9 1 0 0 0 0 0 1 4 0 1 0 0 14 1 1 0 0 10 0 2 10 1 12 3 1 2 2 24 13 3 1 2 9 1 1 1 40 1 0 0 0 28 0 0 4 0 28 0 0 0 0 
0 2 5 0 1 0 5 0 3 2 3 0 1 0 4 2 12 0 0 7 0 7 2 1 1 8 1 0 21 1 0 33 10 1 2 6 0 2 3 0 0 16 0 6 5 0 3 0 1 0 36 0 2 1 1 1 2 5 1 64 0 1 0 2 
46 1 0 3 0 0 0 6 0 2 3 0 1 5 36 1 24 60 1 15 0 0 1 20 1 1 1 0 2 1 0 12 0 0 5 0 0 0 2 26 0 0 8 14 2 1 2 0 0 3 1 2 2 2 2 16 1 0 3 2 4 0 0 1 
0 13 0 0 0 1 2 1 1 7 0 0 0 1 0 8 5 5 8 13 12 0 0 0 1 31 0 1 0 0 2 10 0 0 0 7 0 0 1 2 3 0 2 6 1 3 2 3 9 0 6 2 2 16 2 25 1 1 0 5 49 0 31 0 
8 6 16 0 3 0 1 9 3 14 0 0 24 1 146 11 2 0 56 11 0 7 4 29 0 7 4 0 0 0 0 0 1 0 1 3 9 2 2 11 0 3 0 0 2 4 0 19 5 0 0 1 11 2 5 0 2 2 0 5 0 16 0 0 
0 0 3 0 2 0 24 6 0 0 1 118 1 7 0 3 0 0 2 3 5 0 0 0 0 0 0 1 1 3 3 1 5 9 0 0 3 4 9 5 0 22 0 45 4 0 0 4 22 2 0 6 0 4 50 8 19 0 1 1 3 9 7 3 
2 1 2 2 2 0 20 3 0 0 6 1 1 29 2 0 15 1 8 0 2 0 13 3 22 0 3 1 1 0 0 0 47 0 5 24 2 17 1 0 6 13 6 1 0 39 111 1 2 1 4 2 237 9 1 1 1 3 0 1 11 3 9 0 
4 7 0 4 1 2 12 2 7 0 9 0 0 30 0 0 0 7 0 8 17 1 4 0 2 11 1 0 0 0 1 0 16 8 1 50 6 0 9 3 11 2 1 0 1 185 2 270 1 2 1 7 4 1 2 1 13 0 1 12 2 0 0 4 
1 14 0 3 0 47 23 1 10 3 57 0 0 2 3 0 29 0 0 0 2 7 0 0 0 19 2 0 1 5 0 0 0 0 2 0 4 3 0 242 1 3 1 3 1 0 0 1 7 50 0 25 22 27 0 2 8 0 0 1 8 0 0 9 
1 0 2 26 3 1 2 1 3 5 10 0 40 0 2 3 2 1 2 47 39 0 16 3 2 1 7 1 1 0 4 0 11 1 0 0 0 1 0 1 1 0 1 1 1 6 3 0 11 0 0 1 0 8 9 0 2 7 0 9 1 4 3 0 
6 1 0 0 1 4 2 1 8 32 0 20 17 0 0 6 0 10 3 4 5 1 6 0 2 0 0 10 1 21 33 2 9 4 0 1 32 4 2 0 44 1 0 2 9 1 0 1 0 4 1 3 0 0 0 3 0 0 0 0 0 2 0 6 
1 13 1 1 2 17 7 0 0 6 25 1 1 0 8 1 5 1 0 2 9 3 0 5 0 6 0 1 71 0 0 11 94 11 0 0 2 5 5 1 0 0 1 13 1 11 0 9 3 2 1645 0 0 0 27 30 0 1 0 1 4 2 4 0 
0 1 35 4 0 0 1 101 20 12 0 0 11 11 0 2 0 5 4 0 0 2 13 6 0 1 1 2 1 0 7 5 4 4 0 0 1 10 0 1 2 0 2 0 6 6 0 2 1 0 1 2 8 0 2 0 1 2 0 0 55 8 0 3 
1 1 0 4 1 5 28 30 11 1 0 2 0 0 0 7 0 0 1 8 130 0 0 1 31 0 0 0 0 6 0 0 128 0 6 0 2 5 28 1 11 1 0 0 5 1 2 1 0 0 5 13 9 38 0 3 0 2 2 4 0 0 0 1 
0 1588 6 0 0 2 0 11 0 0 18 0 1 0 12 1 2 0 0 8 2 0 3 13 0 0 1 20 0 4 1 5 0 0 0 2 2 5 0 0 1 0 1 1 3 1 31 2 2 2 25 4 2 6 20 0 1 0 12 0 7 1 3 0 
0 13 0 2 0 0 0 0 0 1 0 9 1 1 12 0 1 11 2 0 11 0 0 1 1 8 10 0 0 0 8 0 15 1 1 3 1 7 0 0 81 2 5 3 0 0 1 1 3 0 2 20 0 0 7 22 20 3 3 0 0 13 1 0 
19 4 61 0 0 1 0 83 1 13 1 1 5 0 2 0 0 0 1 9 186 4 9 2 15 0 1 0 11 18 0 12 1 6 2 2 2 1 2 19 3 7 2 41 0 1 3 2 0 7 0 1 7 0 0 0 1 5 7 0 56 1 4 5 
0 6 1 0 0 2 0 2 5 1 3 10 1 1 1 0 0 1 70 0 1 1 2 2 12 0 0 0 50 1 8 9 0 1 2 1 1 1 5 5 0 18 10 0 6 6 29 9 9 2 0 4 0 0 0 1 1 0 2 4 4 0 2 0 
1 6 5 0 2 0 27 1 10 4 1 0 0 0 2 0 3 94 14 5 1 1 0 0 2 0 0 0 41 7 0 4 3 21 1 17 1 0 0 15 9 1 2 1 12 0 2 9 4 2 1 58 7 0 0 7 2 9 2 3 0 56 0 1 
0 2 0 1 1 12 7 7 0 2 14 0 6 0 2 4 9 0 0 0 0 0 0 7 3 1 19 0 0 1 0 0 0 1 4 1 8 13 1 0 1 0 59 0 28 0 0 0 199 0 37 33 6 1 1 2 1 4 0 70 1 1 20 7 
4 2 5 3 0 1 6 49 0 4 1 5 14 9 8 2 1 2 1 2 12 9 21 0 2 0 1 4 1 0 0 6 3 0 5 8 1 13 3 1 26 5 1 1 25 0 0 1 14 0 8 1 2 0 6 0 1 4 0 4 0 0 1 1 
3 18 0 2 0 10 0 1 0 0 0 0 4 0 0 0 0 0 9 7 0 244 0 4 12 1 2 11 0 0 0 0 9 0 0 3 18 263 3 5 5 0 3 0 4 2 6 2 2 3 18 0 3 0 0 3 0 38 19 0 1 1 2 0 
0 5 4 0 0 3 0 3 2 15 2 20 1 2 4 1 0 2 12 0 2 5 45 1 2 0 1 3 8 1 0 0 0 2 3 10 12 0 4 3 1 2 0 5 3 3 0 12 22 9 0 0 0 6 0 0 15 20 4 2 2 0 0 0 
2 1 2 1 0 33 2 2 2 14 1 12 1 9 1 12 10 0 1 8 12 1 6 1 2 0 0 0 0 2 0 0 6 0 5 1 0 5 2 0 2 7 2 0 9 3 1 1 5 5 1 1 4 0 1 1 0 0 2 2 46 3 1 2 
22 0 0 1 1 0 0 3 0 5 1 1 1 0 1 10 3 1 2 1 1 0 3 4 3 1 43 0 6 1 0 2 4 0 13 28 162 1 2 0 12 0 1 2 2 1 3 0 5 1 1 6 0 0 3 2 3 1 8 19 2 6 1 4 
9 91 0 14 59 3 8 56 0 1 0 0 4 1 1 28 17 4 111 0 1 2 1 0 3 2 3 4 3 10 8 0 1 0 1 18 0 3 0 4 99 19 1 0 3 2 0 0 5 1 0 2 0 6 0 49 2 0 0 11 9 60 4 0 
17 1 0 1 1 1 0 8 1 1 4 2 1 7 0 0 8 2 0 10 27 0 29 0 0 25 0 4 0 1 11 1 2 0 1 1 1 0 21 3 16 3 33 3 0 0 1 0 1 4 1 7 1 1 1 1 4 2 1 30 0 34 7 5 
1 1 1 2 17 0 1 10 4 1 22 0 0 0 0 0 0 4 11 12 11 2 3 17 0 78 6 5 1 1 32 0 0 0 11 1 0 5 5 1 3 7 15 2 2 0 2 1 6 3 0 23 0 1 80 4 21 0 0 8 0 3 0 0 
0 29 1 0 0 1 4 4 0 17 1 5 8 0 0 1 0 0 3 0 0 1 26 1 2 3 9 0 15 5 0 1 0 0 0 0 1 1 0 12 0 12 0 2 0 0 13 4 1 407 2 3 7 0 1 0 2 0 0 0 0 0 1 2 
0 3 0 0 0 13 7 13 15 0 0 3 3 0 2 18 17 1 4 0 0 0 42 0 8 1 0 1 1 2 41 0 1 8 0 0 1 0 20 15 2 0 31 1 1 0 3 9 0 229 3 5 0 7 56 5 1 16 6 0 5 0 34 0 
0 1 1 2 0 93 0 0 1 2 0 3 1 0 0 0 1 8 1 2 17 0 0 16 4 33 12 30 0 7 0 0 14 8 2 0 0 3 0 3 0 4 1 1 50 0 0 1 1 1 3 3 2 3 1 1 3 0 29 2 2 0 3 47 
12 3 3 0 4 2 1 3 2 0 3 5 1 0 45 0 2 4 2 0 6 0 0 2 5 3 1 0 0 0 0 4 11 9 1 1 1 2 0 0 4 0 2 0 15 0 1 14 1 0 2 0 12 0 6 1 0 0 1 4 0 0 9 0 
4 7 16 2 0 4 1 31 0 5 7 18 12 10 26 12 3 1 78 12 4 27 2 3 4 10 4 12 10 0 6 1 0 1 2 0 0 33 0 2 0 1 0 5 4 57 0 3 4 0 3 5 2 42 0 1 6 1 0 24 2 3 1 2 
2 5 10 0 0 0 5 6 2 20 4 0 0 0 3 2 2 19 1 0 0 18 0 42 1 0 1 0 0 5 7 1 5 5 1 1 0 1 2 1 1 31 12 2 1 0 1 43 0 19 0 1 0 0 1 1 4 8 0 52 1 3 3 0 
9 1 0 1 4 1 4 5 64 1 0 7 0 0 0 1 2 0 0 0 2 1 5 0 7 3 11 0 2 0 1 0 13 0 4 0 0 37 4 3 2 0 7 64 9 7 53 1 8 6 22 1 1 0 6 38 1 4 1 1 0 6 4 0 
0 0 1 0 0 7 0 0 2 5 7 16 1 0 1 4 1 0 0 13 18 0 5 1 1 2 78 4 13 0 0 0 0 6 67 3 4 73 4 4 3 0 0 0 1 1 0 1 0 5 0 0 1 1 1 12 0 1 0 4 0 1 2 0 
3 1 5 9 1 11 0 0 0 0 1 0 0 0 10 9 1 27 1 0 0 0 0 1 4 3 2 0 1 1 1 1 1 6 1 1 3 0 3 7 2 1 0 3 0 2 851 6 2 3 20 0 2 3 4 8 0 31 2 0 1 3 3 3 
0 0 16 3 35 0 1 13 16 2 6 0 2 6 0 0 11 7 3 0 2 1 1 0 4 0 3 4 3 0 1 41 3 0 12 1 3 18 1 1 0 0 8 3 0 13 4 3 2 0 1 9 0 1 3 29 0 0 12 0 1 9 0 14 
0 2 0 0 2 0 0 4 4 0 1 1 5 0 3 0 2 2 1 6 8 1 0 1 0 0 1 5 8 3 1 0 3 1 9 6 0 2 36 2 4 1 0 0 1 18 4 14 3 1 0 5 8 5 14 0 0 61 2 2 52 1 1 0 
0 3 0 2 4 11 2 4 6 2 1 3 0 0 1 10 0 6 2 2 6 0 4 0 0 3 3 0 1 3 1 4 6 0 0 1 4 0 7 36 0 6 1 1 1 0 6 1 16 4 1 0 4 5 0 6 1 0 12 7 1 0 25 15 
0 103 43 0 2 2 0 7 0 0 207 0 72 2 0 22 7 1 0 1 2 5 2 0 0 4 0 2 2 12 1 9 1 0 1 1 1 54 0 0 1 2 1 58 6 0 0 16 25 0 1 0 6 2 1 3 0 2 10 0 1 3 3 42 
7 0 1 1 1 13 4 42 9 6 0 1 0 10 44 0 3 20 1 0 1 6 15 0 2 13 0 2 0 34 25 4 1 1 0 0 1 3 4 1 14 0 1 2 0 10 0 36 2 2 2 1 1 0 5 9 177 1 7 4 1 2 0 0 
0 2 0 0 0 0 8 6 0 3 7 2 6 103 0 1 3 0 0 0 0 6 1 18 14 2 0 0 47 0 0 1 0 1 0 2 38 5 6 0 0 2 2 1 18 2 1 1 55 0 9 14 4 3 0 1 34 0 1 1 3 0 9 2 
0 6 16 3 1 2 3 20 38 0 0 6 0 0 1 1 3 8 0 0 33 0 0 1 1 0 0 0 0 2 1 16 8 3 87 1 0 4 1 1 7 2 1 3 16 1 15 1 0 2 1 0 7 12 1 6 7 18 1 11 0 1 0 3 
0 1 1 4 3 68 0 2 6 5 1 0 3 3 0 3 0 93 0 7 0 5 59 1 63 0 0 0 4 0 10 1 2 26 1 1 1 1 1 2 0 0 0 0 2 5 14 5 8 19 15 3 21 6 1 1 1 0 0 41 2 3 22 1 
0 0 3 21 0 3 0 0 0 0 0 2 1 0 30 0 0 1 4 0 0 0 1 1 2 0 51 2 0 14 0 2 1 8 2 1 1 1 0 3 0 1 1 0 2 5 0 3 17 0 0 1 1 0 1 0 12 1 4 2 20 1 0 0 
0 1 4 3 11 0 10 2 2 0 18 5 2 2 4 1 6 1 1 1 0 1 0 8 6 1368 11 14 0 0 1 8 17 55 7 1 18 0 1 10 2 1 2 3 1 0 10 13 0 0 8 46 20 2 0 5 9 6 0 3 5 3 16 26 
0 0 24 3 1 29 0 0 0 0 0 0 7 0 4 0 1 1 3 0 1 0 0 3 1 8 1 0 0 2 32 2 0 3 3 0 0 4 1 0 0 6 1 1 6 27 1 10 1 0 7 1 5 13 4 0 8 0 1 2 20 0 7 2 
0 0 0 1 1 23 0 0 0 2 1 170 1 13 2 0 3 0 0 0 0 6 4 5 33 0 8 3 572 40 1 2 0 0 5 1 9 11 3 4 0 31 0 0 0 0 0 5 1 5 0 3 4 0 1 5 8 16 1 47 15 4 5 11 
0 4 1459 10 0 0 0 6 0 1 10 4 0 3 37 0 8 1 0 0 0 0 0 10 0 1 0 12 0 1 24 6 0 0 2 1 0 2 6 0 2 0 119 1 0 1 12 0 3 1 0 0 9 2 1 2 11 1 3 12 26 4 0 0 
0 40 1 15 0 9 0 26 0 0 6 37 0 2 3 1 0 3 0 6 0 7 11 6 0 2 0 3 9 4 6 0 0 17 2 1 0 0 2 336 6 2 1 2 6 0 0 3 0 0 28 1 0 2 0 0 1 6 0 0 5 0 11 0 
7 0 5 0 78 0 1 5 0 1 3 0 0 1 1 22 6 0 1 22 2 2 0 6 2 0 0 3 0 0 0 0 0 0 4 0 0 4 1 0 4 54 0 1 2 1 1 4 1 5 0 2 26 0 1 24 8 1 0 0 15 0 6 19 
0 2 1 4 1 21 5 0 2 9 5 0 5 1 0 2 20 0 0 0 2 6 0 28 0 7 0 0 1 12 2 4 2 2 7 3 24 11 1 0 1 0 1 0 4 2 1 5 29 0 4 9 1 15 4 0 0 1 9 40 0 9 6 1 
5 5 1 1 1 0 1 3 0 1 2 1 10 0 6 0 0 122 0 0 1 2 2 2 19 0 5 0 17 2 0 1 1 0 0 0 0 0 13 8 2 0 3 2 0 49 18 0 0 1 1 2 0 1 13 9 1 11 6 17 13 0 6 1 
0 0 18 0 6 1 2 18 6 5 0 0 1 1 2 1 150 1 2 0 8 0 14 1 0 0 4 1 64 31 0 0 7 0 0 0 3 6 8 2 0 1 1 1 3 13 1 1 6 12 0 0 12 1 0 0 2 8 2 0 0 2 21 22 
2 2 4 0 0 2 2 9 29 2 2 0 2 0 1 0 2 30 0 1 3 4 2 2 185 3 8 2 0 0 0 0 3 6 1 0 0 20 2 3 0 0 0 0 0 0 1 4 0 0 0 19 0 3 0 0 0 6 5 0 1 1 3 63 
2 0 11 9 1 0 1 4 7 6 1 4 0 4 6 2 78 0 16 2 6 11 4 2 1 2 3 0 2 0 1 11 1 0 3 0 0 0 0 11 1 0 0 3 3 106 2 4 1 1 2 0 2 0 4 16 1 2 10 5 1 2 25 2 
0 101 1 0 0 0 24 1 0 0 13 0 1 0 8 0 1 0 0 7 0 0 3 0 4 3 1 6 1 5 1 3 6 3 17 1 2 1 18 0 0 1 0 2 0 2 2 0 0 9 1 5 0 5 0 0 1 2 10 0 0 1 1 4 
0 1 6 0 0 34 1 0 0 21 2 4 1 0 0 1 0 6 0 0 7 2 0 1 2 0 1 0 2 1 1 1 1 0 1 0 5 56 6 0 0 3 4 11 0 1 43 3 29 14 9 0 1 1 0 1 6 0 0 34 0 0 0 0 
0 0 1 1 0 4 3 0 3 0 0 0 0 0 5 0 0 2 16 23 0 2 5 0 0 1 5 3 0 1 3 1 4 10 0 3 10 33 0 0 26 0 1 1 0 39 1 1 4 4 2 5 3 0 0 1 5 0 2 5 0 1 2 1 
3 0 3 0 3 1 2 7 0 0 6 0 1 0 0 7 0 5 0 4 0 34 107 0 1 17 45 9 0 180 4 4 14 1 0 4 2 0 3 1 31 0 0 0 2 3 15 1 0 1 59 1 7 1 4 0 1 7 6 0 7 4 1 11 
1 6 0 11 0 2 4 0 5 43 0 4 48 119 1 2 1 1 1 0 1 1 0 1 4 0 7 7 7 1 0 0 0 7 0 4 8 1 0 0 2 0 5 0 4 3 2 1 0 1 0 9 0 1 6 0 1 5 19 0 4 8 1 33 
0 0 0 7 0 0 9 1 1 2 0 0 1 15 1 0 0 12 2 1 1 1 5 0 0 0 2 0 1 0 9 11 1 3 6 2 3 4 89 3 133 0 0 7 10 0 1 0 1 87 0 1 18 8 2 0 0 0 0 2 0 1 196 0 
1 19 0 2 4 60 21 206 4 1 0 41 1 0 26 15 1 10 1 0 0 0 2 1 6 312 1 58 1 9 1 0 0 1 15 1 5 5 9 4 4 16 1 9 4 0 0 0 0 0 1 34 1 0 19 1 14 2 2 27 3 3 0 294 
1 1 2 1 7 3 0 0 0 1 9 1 1 0 0 0 1 0 4 0 44 8 1 0 8 3 3 1 2 1 3 4 1 10 0 2 10 28 0 19 9 15 3 7 9 1 8 0 0 0 44 2 20 7 19 8 15 0 0 0 3 1 0 7 
0 0 1 0 0 5 0 1 1 0 9 1 201 1 1 5 0 1 0 13 3 1 0 1 0 1 1 0 1 5 1 0 18 1 1 1 0 0 9 4 0 1 1 21 3 1 1 1 0 0 1 0 0 0 0 1 0 3 0 11 0 0 5 1 
1 2 15 13 0 1 0 1 1 0 0 0 0 0 174 0 26 2 0 0 14 2 0 1 1 4 2 0 2 10 2 3 9 6 0 1 12 0 0 1 4 1 36 0 1 30 1 0 6 2 19 0 0 0 3 5 0 1 0 0 0 0 15 1 
15 1 1 7 0 5 4 6 4 12 3 0 12 0 0 10 12 4 0 1 1 11 0 0 0 7 8 0 31 0 0 3 0 0 15 4 0 2 4 2 7 0 2 5 0 2 0 2 1 7 1 0 1 1 2 6 47 0 1 1 26 0 2 0 
9 1 8 9 0 0 4 2 183 1 0 17 0 0 2 0 0 1 6 2 0 11 1 0 3 5 1 0 0 0 1 7 2 0 4 3 0 0 0 29 0 16 28 12 1 0 1 0 7 1 6 0 0 20 6 1 4 0 0 4 3 28 1 4 
1 1 2 0 1 0 7 28 4 0 1 1 7 0 1 1 8 2 12 1 15 1 5 23 0 0 0 3 1 1 0 3 1 0 9 0 11 0 0 0 0 32 1 1 2 1 0 0 6 8 1 36 1 5 1 2 0 2 2 45 0 0 0 10 
0 0 0 0 5 1 14 11 9 0 5 3 0 6 9 0 0 0 0 8 14 11 0 1 0 0 0 1 2 18 3 5 4 0 0 1 122 0 7 5 0 1 4 1 4 0 1 1 4 22 0 1 0 6 3 0 4 62 4 4 0 26 1 2 
3 6 7 2 3 0 0 1 5 4 0 22 1 15 3 0 0 1 2 1 1 1 0 4 3 1 4 3 12 0 0 0 1 0 4 20 1 1 19 3 1 0 1 1 0 9 4 7 2 0 2 13 1 1 1 0 0 21 0 0 1 0 3 3 
0 0 0 9 0 8 2 0 1 2 6 0 2 10 4 0 2 1 1 0 4 42 1 3 43 0 0 9 4 1 8 12 13 1 17 135 5 1 37 8 1 6 4 1 4 0 7 25 0 0 6 1 8 1 0 5 3 1 0 23 93 1 0 7 
7 2 2 149 9 0 12 0 7 1 32 5 0 0 0 2 8 2 3 1 23 3 4 2 6 7 1 33 0 2 6 0 1 0 14 1 0 8 2 14 5 6 11 0 0 0 6 8 0 1 0 10 0 1 0 0 8 9 1 2 6 13 0 25 
6 1 0 0 4 4 1 0 0 0 5 0 0 1 0 0 1 1 620 2 0 0 1 9 2 1 0 6 0 3 1 3 1 5 4 44 0 1 1 1 2 0 6 0 0 6 2 0 8 0 0 0 8 0 1 2 3 12 1 72 0 16 2 2 
8 1 0 56 1 6 1 1 3 5 7 1 2 0 0 2 3 1 5 1 0 2 0 2 0 0 0 1 22 1 10 5 2 3 1 1 1 0 2 1 1 0 82 1 5 1 1 0 4 0 0 1 1 0 31 49 0 0 0 0 7 97 0 5 
2 6 1 4 7 6 1 0 1 6 0 33 4 8 0 15 19 0 30 0 1 2 1 15 0 1 0 1 15 0 2 0 1 3 0 0 0 0 1 0 2 3 1 0 0 0 0 0 1 0 3 0 6 0 1 1 1 1 3 0 0 36 0 0 
0 0 1 23 5 2 6 39 10 2 1 113 1 0 0 22 0 7 1 0 1 0 0 0 8 1 1 5 2 0 0 30 5 0 14 2 1 15 1 6 2 29 0 1 2 2 0 6 1 2 1 1 1 7 1 0 1 0 2 0 0 0 4 1 
4 8 1 0 23 0 0 0 7 7 1 1 0 14 0 0 0 15 1 0 69 2 3 5 0 25 4 0 2 2 11 2 0 29 0 1 49 0 0 3 3 0 9 2 4 0 0 2 1 21 7 1 0 1 77 1 1 0 1 0 5 1 1 3 
7 0 3 1 0 1 5 203 0 15 0 0 2 2 14 3 0 4 7 0 3 1 2 0 15 1 0 0 1 2 17 0 1 0 1 20 8 0 4 30 0 0 0 0 0 0 2 2 0 1 1 1 62 1 0 16 0 28 2 143 1 2 0 33 
0 1 3 1 1 0 0 4 1 4 1 0 10 0 0 1 1 1 5 0 7 2 8 20 1 0 34 5 11 8 2 4 9 45 7 20 1 1 0 3 3 0 4 21 1 3 1 0 7 1 2 1 3 0 0 2 0 0 1 0 9 1 3 1 
56 3 7 0 6 0 19 2 3 0 1 1 0 4 0 7 0 2 14 0 2 1 2 0 6 5 16 0 1 0 1 0 4 7 30 0 6 2 28 42 2 34 3 11 3 0 2 2 2 2 2 0 11 3 0 1 7 0 1 1 69 3 8 0 
3 44 0 2 1 1 0 3 0 11 1 0 1 1 2 3 6 0 2 1 4 1 1 2 2 1 2 0 2 2 16 0 3 4 16 1 0 1 0 0 15 0 5 0 2 10 0 0 15 10 2 22 1 22 0 6 0 0 2 2 0 61 9 0 
0 0 0 1 8 1 20 34 0 0 0 0 0 0 1 0 3 3 0 0 12 7 0 6 3 0 0 1 8 4 5 8 3 1 1 0 0 0 1 3 0 1 9 0 10 1 2 4 48 5 0 36 34 28 0 24 0 9 0 0 2 0 9 0 
0 0 0 8 13 0 0 2 2 1 0 14 0 8 2 0 0 1 28 4 0 6 0 7 0 0 0 1 0 1 0 1 0 0 0 24 0 5 3 1 10 0 1 3 69 6 3 0 1 1 0 2 4 0 3 32 4 0 0 4 15 0 0 12 
0 11 0 1 4 8 0 1 47 0 3 2 3 2 1 43 3 1 10 0 9 2 5 1 3 2 22 8 0 21 7 1 2 0 1 5 1 1 2 6 2 2 3 0 0 19 1 5 10 0 3 0 10 1 10 1 1 11 0 13 5 0 1 9 
1 1 0 0 4 0 1 4 0 0 7 0 0 6 0 1 11 0 0 0 0 0 0 1 17 0 0 2 38 0 1 0 1 0 0 10 1 17 3 6 3 2 5 33 0 0 0 3 18 7 0 0 9 0 7 7 0 0 6 15 1 0 0 2 
6 6 0 4 0 0 1 0 1 1 4 4 3 27 18 2 0 0 1 0 2 3 1 36 4 1 0 0 5 0 1 12 23 0 3 0 34 106 0 2 1 3 1 1 6 5 0 0 0 1 0 22 1 1 0 3 0 1 1 1 19 0 14 1 
0 42 8 4 42 1 4 14 6 6 0 1 1 2 1 4 121 4 3 14 16 7 16 1 45 1 2 5 1 2 2 1 0 5 1 1 0 10 6 1 2 1 9 0 12 1 14 3 2 3 2 0 0 4 7 0 0 3 0 0 0 4 15 3 
0 5 5 0 10 4 1 0 39 2 1 0 0 13 1 123 2 1 3 0 11 0 1 4 14 6 0 4 0 10 3 1 0 2 0 0 0 1 0 2 1 0 9 0 5 5 2 0 21 0 0 84 0 1 0 0 27 8 2 1 2 0 0 10 
6 7 1 3 0 1 1 216 5 111 0 0 0 0 1 0 0 1 2 14 1 9 3 6 1 0 23 1 8 25 1 1 6 0 1 1 0 1 1 3 0 0 10 4 4 0 1 0 0 0 9 1 0 0 8 8 1 4 1 1 0 0 1 2 
1 4 1 0 5 3 0 1 41 3 9 0 5 5 58 0 4 1 1 1 1 9 12 0 1 88 0 0 0 3 7 95 0 1 0 3 0 0 1 13 9 6 30 21 1 6 0 1 0 15 3 108 15 14 0 21 1 2 1 8 2 2 0 9 
1 13 1 12 2 1 2 0 2 0 0 7 0 0 0 0 1 3 6 2 72 0 0 2 0 26 0 0 2 3 6 6 0 2 0 2 17 2 0 1 1 5 0 2 12 21 18 2 1 0 0 1 2 1 0 1 8 15 0 3 5 2 0 5 
0 0 0 1 6 2 3 4 0 4 13 4 7 2 0 26 1 1 1 0 8 0 0 0 10 1 0 0 1 10 5 21 1 6 0 1 2 0 0 0 1 5 7 0 1 0 0 0 14 0 1 0 3 9 1 7 40 5 13 5 0 0 0 7 
1 0 2 0 1 9 0 1 0 78 1 0 1 0 1 1 0 0 7 3 2 55 18 0 0 0 3 1 320 0 0 37 0 3 2 4 0 6 1 55 8 0 4 6 1 0 5 0 2 5 1 1 1 1 2 0 1 1 1 7 1 0 0 0 
3 1 2 0 0 0 8 1 1 0 1 2 2 0 0 0 14 6 0 5 0 0 3 0 0 36 5 1 5 12 1 1 5 1 0 2 1 5 1 0 1 1 0 6 1 5 1 37 1 1 9 5 2 1 17 4 0 2 1 1 0 23 4 0 
0 1 2 2 3 3 0 307 5 3 20 0 1 1 7 3 4 8 10 0 0 0 4 0 0 2 0 8 9 5 8 0 2 13 0 0 0 15 1 1 8 22 5 4 0 1 56 0 22 0 2 2 8 5 8 1 2 23 0 0 1 4 0 0 
3 23 1 0 0 2 2 1 1 0 2 0 0 5 3 25 4 0 1 5 9 2 0 1 0 0 8 2 2 1 1 23 7 7 1 0 0 20 1 28 0 1 3 0 0 4 1 9 9 4 0 8 0 0 2 4 1 8 4 1 10 0 0 9 
2 0 1 16 5 0 0 0 8 2 30 0 0 0 1 1 1 2 1 2 0 0 1 2 0 1 1 1 0 2 13 1 0 0 3 13 0 2 0 0 1 4 1 7 1 1 2 9 0 0 0 0 0 0 1 0 0 1 0 2 11 0 0 4 
14 7 0 4 3 13 0 1 4 9 7 0 0 0 13 1 10 2 0 21 0 0 3 0 1 0 9 27 60 2 5 0 3 2 1 0 2 0 0 0 2 5 1 0 2 2 0 23 3 24 0 2 13 2 27 8 1 0 1 0 11 4 2 0 
186 0 5 9 10 2 4 0 2 0 1 0 0 4 4 9 2 0 2 33 0 0 0 1 0 1 0 8 0 4 0 8 0 5 1 1 3 6 11 0 1 1 9 0 10 2 0 5 3 0 0 3 2 1 0 1 5 26 0 23 1 25 2 2 
9 2 37 7 2 2 23 0 0 1 0 2 3 0 1 1 0 0 0 3 15 16 0 0 0 5 6 1 0 2 14 27 0 3 1 43 1 0 1 21 11 0 0 27 53 0 7 8 2 2 0 47 0 0 12 0 1 3 2 1 15 0 1 8 
1 1 3 1 3 12 1 0 10 1 16 40 0 2 1 0 2 1 1 1 0 0 1 0 5 0 6 122 2 9 2 5 1 4 5 37 0 1 0 0 0 0 4 2 3 0 0 1 12 14 10 2 6 1 1 1 0 0 3 0 5 1 0 6 
0 0 1 1 31 16 1 1 3 77 0 0 1 0 10 3 9 22 0 1 9 4 0 0 1 4 2 0 9 0 1 0 0 1 7 11 10 0 0 2 0 52 6 1 13 1 0 0 76 6 1 0 12 0 14 26 0 1 0 1 2 0 1 0 
1 1 0 2 4 3 6 5 0 0 18 0 4 9 0 2 6 54 1 0 40 0 3 0 1 0 13 2 0 20 0 13 1 3 4 25 0 1 16 0 1 2 1 0 1 3 14 0 0 0 0 1 1 1 16 8 2 21 0 0 1 10 0 86 
0 1 3 2 3 0 0 11 15 2 1 0 1 3 1 3 0 0 2 158 5 2 1 8 0 0 2 6 0 0 0 0 2 9 0 7 17 2 1 0 0 3 11 0 12 0 0 0 4 1 1 0 7 6 0 3 8 0 0 1 0 0 12 1 
1 3 7 3 12 21 1 6 5 1 37 0 10 5 0 2 0 7 148 48 6 1 5 1 0 1 0 0 0 1 1 2 4 2 0 1 1 3 17 2 33 3 0 0 9 0 1 1 2 0 0 2 0 1 0 9 0 4 7 7 78 2 0 0 
0 0 22 0 0 129 29 5 0 0 26 4 0 2 1 13 1 0 0 8 12 0 1 2 7 1 0 1 0 0 7 0 4 2 2 4 25 6 3 0 8 0 63 12 1 1 8 0 1 2 1 3 3 2 1 2 5 0 0 1 2 0 1 0 
26 0 0 0 13 12 11 0 0 17 0 0 2 0 3 1 8 40 3 1 10 11 5 0 0 0 128 1 26 275 0 1 3 0 0 0 13 8 1 1 0 0 5 0 19 2 0 29 0 2 10 6 0 14 2 1 22 1 0 5 2 14 1 0 
2 13 3 1 1 1 0 6 0 150 0 0 39 6 1 0 25 6 56 0 0 4 6 34 0 4 4 2 0 0 1 1 0 18 0 1 1 0 0 0 15 0 1 0 1 8 3 0 0 8 2 3 2 32 0 13 2 0 0 2 0 1 1 0 
3 7 7 7 6 55 0 43 0 9 46 7 1 0 0 9 0 4 1 5 0 0 33 0 4 8 5 2 0 2 0 0 16 11 3 1 0 0 0 5 0 0 207 3 12 18 27 5 0 0 0 24 0 6 1 1 0 3 1 0 1 2 4 10 
8 3 231 0 1 0 0 0 2 6 1 0 1 6 3 3 1 1 0 3 3 54 0 7 0 10 6 8 8 1 2 1 0 0 2 0 3 4 0 9 19 126 0 0 5 24 0 0 0 2 3 0 0 1 0 1 0 31 7 91 4 20 16 101 
0 1 2 15 1 8 0 0 2 1 1 0 14 3 24 0 5 4 0 0 3 20 0 1 0 0 0 1 0 3 2 0 3 0 0 14 68 1 0 2 2 8 2 0 1 1 1 20 36 1 4 7 4 0 0 0 8 3 1 0 0 1 0 1 
0 8 0 29 0 0 237 0 7 6 3 0 3 1 7 1 0 0 41 11 0 0 3 10 1 0 2 1 1 2 7 0 0 16 1 0 204 0 7 2 24 1 0 9 4 4 1 0 14 1 2 11 0 5 1 3 0 2 0 0 0 1 1 0 
1 2 0 9 0 0 1 1 0 9 0 1 0 0 1 6 0 0 2 0 0 6 1 3 2 1 0 1 0 1 6 0 1 1 6 4 0 1 4 0 0 3 1 13 11 3 22 94 1 1 0 41 4 31 0 2 27 1 3 0 18 0 2 0 
4 0 0 0 12 2 5 0 9 1 24 19 1 23 8 1 10 0 4 1 1 0 0 67 1 0 0 0 0 0 0 1 2 1 75 2 13 7 48 0 1 1 14 0 1 3 156 0 0 1 0 1 2 5 20 8 7 0 0 0 158 1 26 32 
2 1 0 0 0 1 0 8 1 12 5 2 0 2 0 3 0 0 1 21 0 6 1 0 27 3 7 1 1 43 2 2 1 4 4 0 0 8 11 2 2 0 2 1 1 1 379 1 1 5 18 0 11 1 10 0 14 0 8 2 1 0 8 0 
2 59 1 0 0 1 3 0 0 0 0 2 20 0 0 2 1 2 2 0 15 3 0 1 0 1 1 88 19 3 0 11 1 1 2 0 3 0 9 1 0 3 1 1 0 0 6 0 1 7 0 1 0 1 34 7 0 0 8 0 0 6 3 13 
41 2 0 74 0 0 7 74 2 0 1 0 0 4 5 0 2 6 0 0 12 7 1 0 0 4 307 0 0 14 34 0 0 0 0 0 0 49 0 5 0 241 4 11 0 2 4 1 1 0 0 0 0 18 12 1 10 2 1 7 7 1 3 7 
1 0 0 3 2 7 22 0 1 5 0 0 1 2 0 0 7 0 1 0 10 2 4 10 1 1 26 5 0 11 5 1 4 27 5 0 0 39 0 149 0 1 0 8 1 1 1 0 7 0 1 0 4 0 2 0 2 0 0 1 0 12 5 26 
0 3 4 1 8 0 5 40 0 31 6 0 4 4 2 6 12 6 2 0 1 1 1 0 0 42 1 0 2 2 3 0 0 8 1 4 0 5 0 3 0 0 2 2 0 0 242 44 0 0 5 0 5 30 2 0 1 37 14 0 41 0 16 6 
13 2 16 2 0 2 2 1 0 2 6 1 2 22 33 1 7 144 5 3 4 0 7 3 1 121 105 0 3 6 1 9 7 1 0 1 5 7 0 4 1 0 0 4 0 0 2 9 0 0 0 6 1 0 2 0 32 0 7 0 0 0 2 1 
2 8 0 5 0 0 0 24 5 0 4 1 3 0 195 2 2 12 0 0 3 2 0 2 5 1 0 0 1 2 0 0 2 1 10 3 0 8 2 33 5 4 1 9 0 61 4 3 1 8 2 6 2 3 0 3 10 0 1 1 1 4 14 0 
124 0 5 6 7 22 1 10 3 19 0 0 10 0 0 30 3 1 0 1 2 1 21 1 0 1 0 1 2 9 3 3 0 0 1 0 0 0 0 2 0 4 1 57 5 7 0 0 0 0 1 0 2 1 0 0 3 25 1 0 0 1 0 0 
64 6 2 0 8 0 2 1 0 0 2 0 1 1 12 7 11 0 1 1 2 0 85 0 4 0 0 1 0 1 1 0 0 71 69 5 0 22 0 4 1 1 1 24 2 0 0 1 6 3 5 0 0 1 0 1 0 15 0 1 2 2 0 2 
2 150 28 23 2 2 0 2 0 0 30 57 0 4 0 0 0 13 14 0 7 0 3 0 12 1 8 0 1 12 0 0 1 0 39 14 0 48 7 26 0 1 1 0 1 14 4 1 33 0 1 0 0 4 4 0 10 1 1 2 3 0 0 0 
1 1 6 10 9 9 16 1 5 1 0 6 1 80 8 2 0 3 1 0 1 0 0 3 2 3 2 0 0 45 17 2 0 0 1 0 0 0 8 0 36 0 0 2 3 7 0 12 11 0 0 79 13 89 16 0 0 0 1 24 1 0 0 1 
3 0 3 2 13 6 6 1 0 1 4 9 9 3 0 4 1 1 0 7 3 2 14 21 2 1 0 1 6 0 0 0 103 9 3 1 13 0 0 3 4 0 1 0 4 6 0 4 0 5 3 2 5 0 4 8 5 2 2 6 16 1 1 1 
5 9 0 0 13 1 11 26 8 0 34 0 6 0 26 0 12 0 0 3 0 1 2 6 1 29 4 2 0 9 0 7 0 0 0 3 0 6 3 1 59 0 0 0 1 2 1 0 5 22 0 5 0 0 16 2 1 3 11 16 0 0 10 0 
0 0 0 1 8 0 0 3 0 0 0 4 1 0 0 3 71 1 1 3 0 2 0 0 19 7 0 0 1 2 0 79 2 0 93 5 0 0 0 20 0 7 8 0 0 2 0 3 2 1 4 0 6 21 181 8 4 1 1 1 0 5 0 8 
0 0 9 1 8 0 2 0 2 0 2 1 15 0 0 1 1 0 2 5 1 0 4 1 2 15 7 102 13 21 0 0 7 0 7 2 1 0 0 0 1 0 5 2 5 1 6 0 1 19 3 0 0 32 3 30 1 24 26 35 0 11 14 4 
11 8 0 2 6 0 0 0 0 0 0 1 2 0 9 1 17 34 9 0 7 29 6 3 4 17 24 6 3 0 10 14 0 0 1 93 0 1 2 1 0 0 6 0 15 19 6 0 1 9 2 18 1 0 10 0 0 0 2 1 6 4 1 3 
1 12 2 2 0 0 3 4 0 0 2 1 2 0 0 13 4 1 7 15 0 0 0 9 0 0 7 10 0 0 0 2 0 6 0 0 2 0 2 0 4 16 12 2 0 2 0 187 0 2 0 0 20 0 1 1 3 11 3 0 3 4 1 0 
3 10 0 2 6 0 0 4 0 6 10 0 0 0 1 7 1 2 2 0 2 4 13 0 0 1 19 0 2 0 0 1 9 5 2 6 30 0 9 3 0 3 0 5 1 1 0 2 8 0 25 1 2 6 26 2 1 0 0 0 8 4 1 7 
1 5 1 0 0 0 1 1 20 18 0 30 12 0 0 9 0 0 9 0 1 1 2 0 18 2 9 2 0 86 61 7 9 32 1 6 1 0 5 2 41 0 0 28 0 1 0 1 2 9 3 20 1 1 1 2 2 0 52 0 2 1 0 2 
0 0 0 0 1 2 0 2 1 3 1 1 11 1 1 2 1 0 0 0 0 3 6 9 1 4 1 1 4 1 4 0 3 0 3 3 3 8 17 4 17 0 0 5 0 0 4 1 0 0 1 28 0 0 6 1 1 0 10 6 7 8 2 0 
5 0 10 7 1 1 4 0 0 0 3 41 5 1 2 3 1 5 0 1 0 0 0 0 65 2 171 2 10 21 0 0 2 1 2 0 5 0 3 0 6 4 27 0 1 0 0 2 0 0 1 3 0 1 6 4 1 1 9 2 9 5 0 15 
0 8 0 1 0 0 1 3 2 0 0 18 7 0 8 0 21 0 1 2 1 0 1 0 2 0 6 0 1 0 13 3 0 2 5 0 0 27 15 6 0 42 3 0 9 0 18 23 66 4 0 4 2 10 36 4 0 4 1 0 2 0 0 4 
0 0 0 4 11 10 0 6 1 0 4 12 1 0 7 2 1 10 1 15 0 4 28 0 0 2 0 0 0 20 2 0 5 4 2 0 7 0 1 4 2 1 11 0 1 23 1 0 0 18 0 0 10 8 2 2 34 1 28 5 1 0 0 23 
32 0 0 2 6 26 1 6 0 0 6 0 0 11 0 9 0 13 8 4 54 2 1 8 1 8 6 15 20 0 3 0 1 21 0 3 0 25 1 7 1 2 0 1 5 1 1 4 2 19 0 1 8 2 5 2 0 1 2 1 0 0 2 1 
7 1 0 1 17 0 2 3 0 14 2 0 2 0 10 0 3 0 0 50 0 0 6 1 3 3 3 2 0 0 0 2 0 0 33 5 2 3 4 4 0 5 16 0 59 8 6 25 2 3 19 2 3 0 1 9 0 11 2 0 0 10 1 1 
0 2 0 0 2 6 2 1 1 1 6 2 5 1 2 2 6 4 24 1 27 2 0 0 2 1 14 0 0 3 2 62 4 0 1 0 4 4 15 1 7 1 5 1 0 1 0 0 1 4 0 2 0 5 4 15 7 1 80 2 0 1 0 2 
0 5 3 0 1 65 2 7 23 0 2 0 0 4 0 0 2 2 1 4 0 31 0 1 1 1 0 0 1 2 0 0 1 1 0 0 8 0 29 3 1 0 10 0 0 0 0 14 3 13 1 0 1 3 1 0 7 0 0 7 0 0 3 2 
1 0 0 1 4 4 0 4 1 7 1 4 0 0 3 2 2 11 0 1 0 0 0 139 2 2 2 0 3 1 6 0 3 2 0 0 0 0 0 6 4 2 5 39 2 0 25 0 7 0 0 3 11 4 0 9 9 1 6 9 0 2 1 1 
0 7 0 4 0 1 5 22 0 1 1 3 0 0 0 3 7 2 11 3 1 1 0 2 0 1 2 5 1 213 1 0 1 2 0 1 1 0 0 0 9 0 2 1 1 0 2 1 5 0 1 8 3 0 7 0 15 0 0 0 0 10 19 6 
5 0 0 0 1 2 1 0 0 7 17 2 0 3 0 0 1 4 14 6 8 10 0 2 0 8 3 0 0 2 22 3 16 0 0 0 4 2 2 1 1 20 34 0 2 2 0 1 0 34 9 5 2 0 22 0 0 1 2 2 5 0 0 1 
5 2 0 0 0 0 0 0 9 19 0 0 0 0 1 2 0 7 0 77 0 0 3 7 0 3 0 21 1 0 3 0 2 0 0 11 0 0 0 0 0 0 1 12 6 9 0 0 4 15 4 1 1 101 5 8 0 3 6 3 2 2 0 1 
2 0 1 3 8 0 0 0 7 0 0 4 10 8 0 1 0 1 0 0 0 1 5 1 0 1 1 30 0 0 0 0 3 0 2 7 2 5 7 7 1 2 0 2 1 2 0 5 12 1 0 9 5 33 0 0 5 22 0 9 2 0 2 22 
1 0 0 5 0 8 4 38 1 0 0 7 3 0 0 1 1 0 1 0 0 12 33 19 0 0 2 0 197 8 1 0 0 0 1 1 0 1 1 0 1 9 1 1 0 1 0 0 4 0 3 0 1 0 7 3 0 4 1 9 4 2 7 0 
0 2 2 7 28 5 23 10 1 8 1 0 0 0 0 0 0 1 0 0 5 3 116 0 20 4 1 0 6 3 0 1 0 0 1 2 0 2 3 18 0 0 0 1 0 1 1 1 2 9 3 7 6 2 4 5 2 0 3 35 2 1 0 3 
2 4 0 5 0 1 1 3 0 3 2 1 2 9 1 6 1 0 1 0 1 2 3 4 2 0 21 6 7 0 0 8 2 9 2 2 0 3 12 0 1 3 0 0 2 4 0 1 0 1 3 0 10 0 0 0 0 13 53 2 0 0 5 1 
2 2 64 1 1 3 2 0 1 1 0 3 0 0 1 2 3 1 2 1 0 0 1 8 0 0 0 0 2 26 2 0 1 23 0 0 0 0 18 3 11 3 0 0 1 4 193 2 1 13 6 0 0 1 5 8 7 12 2 1 5 2 6 0 
1 32 4 0 1 1 20 0 2 0 6 2 1 2 0 1 3 1 26 0 0 1 0 1 1 32 2 1 15 10 80 4 0 0 34 10 4 0 0 0 0 13 0 2 1 6 0 2 13 0 4 1 163 8 4 0 0 0 6 1 8 3 7 24 
0 0 2 0 2 1 1 1 1 1 18 0 20 3 11 0 1 9 0 18 2 1 0 0 1 82 0 1 1 0 0 0 19 1 19 0 0 10 0 8 0 1 2 9 1 24 2 0 1 0 0 0 5 0 7 1 0 6 1 0 1 0 2 10 
18 5 4 1 4 8 6 77 0 2 0 6 1 2 47 4 1 4 0 1 1 1 7 4 1 0 1 0 11 5 0 0 0 0 0 24 0 1 14 5 0 0 0 2 0 0 0 0 5 33 0 0 1 4 0 1 0 1 337 4 0 1 19 1 
20 1 1 10 0 2 0 2 1 3 85 3 3 1 0 7 0 1 5 4 0 0 0 0 17 1 0 12 1 0 1 16 0 0 0 6 1 0 4 8 2 1 21 1 0 0 1 0 0 0 0 8 15 77 29 0 0 0 1 12 3 1 1 0 
63 2 0 20 0 7 3 4 0 0 1 2 7 0 1 0 144 0 1 7 2 2 0 5 0 4 0 0 4 4 0 0 0 3 2 0 1 10 0 0 2 2 1 0 7 0 2 1 1 0 0 10 1 0 1 6 1 0 0 13 12 0 1 0 
1 1 2 0 11 1 40 2 0 0 31 4 3 8 24 0 0 0 3 3 10 1 1 1 2 0 26 5 53 2 1 24 12 0 0 1 13 0 0 15 1 0 8 0 3 1 5 1 3 7 68 0 0 13 1 1 13 8 0 13 0 65 3 0 
0 3 1 0 5 0 0 0 0 1 2 23 0 1 3 0 1 6 2 33 3 4 0 3 8 0 1 0 1 2 3 1 0 1 2 9 1 0 0 6 1 1 0 0 2 3 1 1 1 0 0 1 0 2 0 0 3 2 0 7 0 0 0 12 
1 3 1 0 0 2 0 4 9 0 10 1 0 2 0 3 4 1 1 1 0 6 1 0 53 9 6 0 0 6 3 1 1 0 1 14 1 0 0 7 6 3 0 1 0 0 0 20 19 6 0 1 9 2 27 40 1 0 0 14 0 2 0 6 
1 7 0 4 0 6 3 4 3 0 2 0 1 0 0 0 11 15 3 6 19 10 1 0 2 0 9 7 1 3 1 0 1 2 1 2 2 1 1 52 1 1 1 50 4 0 0 0 0 126 1 4 0 81 0 9 2 0 1 3 3 28 5 1 
6 0 0 0 0 5 11 0 1 9 5 0 0 8 0 3 0 9 0 0 32 1 31 5 0 0 11 3 58 13 0 0 1 6 0 8 0 2 4 4 4 0 1 5 1 3 1 1 5 15 0 1 12 5 2 4 0 2 83 1 0 83 0 9 
21 24 0 0 0 0 1 1 7 0 0 0 1 2 5 13 1 0 5 0 3 0 0 0 1 1 1 1 1454 5 5 3 0 4 0 3 4 1 35 0 0 1 7 0 19 2 3 1 0 0 0 15 2 0 2 0 0 0 2 1 1 4 1 1 
3 35 0 2 0 1 3 4 8 1 2 3 0 1 5 0 34 3 1 4 0 1 0 8 11 15 0 5 1 0 5 2 0 5 5 0 12 12 56 11 0 2 10 0 1 4 0 0 1 1 1 0 10 5 6 7 3 6 1 0 1 3 0 4 
2 0 1 2 0 207 1 0 0 1 6 1 4 71 30 0 15 1 8 1 2 0 1 12 3 0 2 3 0 5 0 1 1 8 0 1 8 0 120 16 1 2 53 2 2 1 1 5 0 10 1 10 23 0 2 0 0 0 5 7 21 0 6 1 
2 0 6 6 5 0 0 16 0 0 1 0 29 0 9 24 0 0 2 4 0 0 1 1 21 1 0 0 4 5 167 1 0 2 4 0 2 0 2 3 9 0 4 1 1 1 25 1 5 4 15 2 1 0 0 12 0 12 1 5 11 0 1 3 
1 0 1 0 1 0 0 0 4 0 6 4 0 23 1 3 2 35 2 0 1 19 0 0 0 3 9 2 1 1 2 0 33 1 2 0 0 0 2 2 1 4 1 0 0 0 1 0 1 0 4 2 2 0 3 11 3 24 7 0 0 1 0 0 
9 8 4 0 4 9 1 6 0 1 1 0 0 6 1 0 7 14 0 6 9 10 2 2 2 0 0 3 8 1 2 2 3 1 4 0 1 20 4 0 1 0 45 1 4 4 1 5 2 27 0 1 2 7 1 8 41 3 0 0 1 0 6 0 
20 0 5 0 1 1 1 0 1 0 5 20 1 1 8 0 10 8 6 0 0 6 4 0 1 1 1 0 1 1 0 0 3 1 28 43 0 0 0 0 0 0 0 3 2 7 0 5 11 3 3 5 2 2 0 0 0 1 1 2 0 5 0 1 
1 32 0 1 0 1 3 1 3 0 0 3 0 1 0 0 2 0 0 7 3 0 14 0 22 1 2 0 0 2 0 0 10 0 14 0 1 3 2 2 5 0 1 1 2 1 0 0 1 1 15 1 3 1 1 1 0 0 9 2 2 0 0 8 
1 0 0 0 1 1 2 1 25 1 9 124 0 3 1 2 6 14 0 0 3 4 1 3 0 0 1 11 7 3 1 11 0 0 1 3 0 5 1 1 1 6 0 0 0 1 4 1 13 0 1 2 1 0 5 3 37 0 2 0 0 1 0 0 
4 0 0 9 0 5 38 4 7 0 1 0 2 2 6 0 37 1 3 0 0 3 13 0 0 0 0 9 0 2 1 1 1 0 20 12 33 0 0 3 1 2 12 7 0 0 0 2 0 0 8 5 17 1 268 0 2 0 6 1 1 3 2 0 
6 1 0 6 0 9 0 0 0 18 0 1 0 2 0 0 13 4 0 2 29 0 2 4 0 0 0 0 1 2 73 61 1 0 0 0 1 0 1 4 1 0 0 1 5 5 2 78 0 0 48 1 1 8 0 65 39 2 2 6 2 2 0 1 
1 14 5 7 26 3 36 1 2 1 1 22 5 5 6 0 0 12 21 1 1 18 2 2 0 0 5 0 8 0 2 2 0 0 0 0 2 3 1 2 0 0 0 33 1 3 2 1 33 5 5 2 0 1 0 21 0 6 0 9 0 7 2 20 
1 9 0 1 85 0 2 0 1 5 0 0 1 5 0 0 0 25 33 0 0 4 6 0 1 3 1 2 2 2 1 0 1 14 0 9 2 43 6 0 1 49 3 0 8 3 5 1 0 0 0 1 1 1 1 0 8 2 27 9 1 5 2 2 
1 3 8 1 7 4 7 14 1 14 0 0 19 3 0 0 1 0 2 7 1 6 53 2 3 0 1 0 3 2 4 11 7 0 4 0 1 0 0 1 1 0 1 20 0 13 0 11 2 0 0 0 24 0 7 1 7 0 0 3 7 1 40 11 
0 2 14 5 3 1 1 3 0 0 0 1 0 10 0 1 0 3 1 2 0 0 1 1 10 0 0 7 1 0 0 194 1 13 1 0 0 0 0 0 7 1 0 25 1 0 4 12 13 6 3 0 0 2 1 0 204 11 3 0 0 26 2 1 
7 0 0 25 5 0 8 0 0 0 71 0 85 4 0 17 3 3 1 0 22 2 0 0 0 0 6 4 0 0 6 2 73 0 0 4 0 19 2 8 2 4 6 0 0 7 4 0 1 2 2 0 0 3 23 4 1 0 0 1 0 1 1 0 
0 0 0 9 1 0 5 60 64 0 8 5 7 0 0 1 8 0 2 0 42 16 0 0 20 1 1 0 0 0 5 1 6 0 0 7 13 9 0 0 51 18 28 4 1 31 1 1 34 1 2 10 13 1 0 1 2 1 0 0 5 0 5 0 
3 0 1 118 9 17 7 15 16 0 0 1 0 0 5 2 3 1 1 1 0 3 0 0 0 2 0 0 2 0 4 10 3 8 0 2 1 0 19 1 6 2 0 0 6 15 2 11 39 1 2 0 1 5 0 3 4 1 5 15 29 1 3 6 
0 0 1 3 0 8 1 1 0 2 0 3 7 0 7 1 1 1 0 1 1 4 7 0 1 1 1 2 1 9 3 2 17 18 0 6 12 0 2 2 0 1 4 4 2 47 0 1 2 5 1 2 4 5 1 0 9 2 1 0 405 1 0 16 
34 0 15 7 2 0 3 0 0 0 0 0 0 11 1 1 1 18 1 1 0 2 1 22 4 13 3 4 0 3 0 1 2 4 0 4 0 0 2 0 1 9 1 1 0 7 2 2 2 44 61 1 0 0 1 0 0 0 1 0 0 13 36 17 
0 0 0 58 0 0 5 2 12 0 5 8 26 1 3 0 5 3 6 8 0 0 0 1 32 0 1 15 1 0 17 0 0 0 2 29 1 1 5 0 1 2 1 24 10 0 0 3 0 77 13 1 5 3 1 27 2 0 1 8 10 2 0 4 
7 0 0 1 5 0 0 18 24 21 0 0 1 8 5 0 2 0 0 0 2 1 22 28 7 0 0 1 0 20 1 2 10 2 0 1 4 0 1 0 2 2 0 4 2 0 24 17 0 1 76 0 1 1 7 0 11 0 0 1 0 6 10 0 
3 1 4 1 8 0 1 0 0 0 0 0 2 1 4 1 10 0 7 2 1 0 3 4 4 10 65 5 0 2 6 5 20 1 0 1 4 39 2 2 2 2 2 3 0 3 4 2 2 0 3 1 14 7 1 0 2 12 0 0 3 15 8 0 
13 0 3 0 1 1 1 2 0 10 2 1 0 4 3 0 3 1 0 0 5 0 0 0 1 0 2 0 18 0 0 0 1 1 27 1 1 9 6 3 1 0 27 0 0 1 1 0 6 56 1 1 0 135 0 2 0 2 1 6 3 49 2 6 
0 1 3 3 1 25 30 1 0 2 3 1 1 14 2 1 4 9 12 1 0 0 0 7 25 0 0 2 2 1 1 33 0 0 0 0 7 5 0 0 5 0 6 52 1 3 1 4 1 7 2 26 10 3 0 0 3 6 0 3 0 23 1 12 
6 18 5 3 0 2 7 18 13 0 1 0 0 1 0 0 0 12 0 4 0 0 1 0 3 3 90 3 0 0 5 2 1 0 1 0 1 0 27 1 2 2 0 1 1 1 1 0 80 0 1 1 1 1 9 0 1 96 3 5 1 3 1 5 
7 3 1 1 0 0 0 2 1 12 1 0 5 2 2 0 7 0 2 0 5 0 0 5 0 1 1 2 0 10 0 0 11 2 13 2 0 2 0 1 2 56 5 1 16 12 0 19 17 0 0 6 6 4 3 23 0 2 2 20 1 1 4 0 
0 3 13 0 0 3 1 2 5 2 10 1 0 0 2 0 6 0 4 7 2 9 2 1 0 7 0 4 95 7 10 0 1 11 7 81 3 17 1 0 0 5 6 3 4 3 1 10 0 6 3 3 0 1 0 5 0 3 1 0 22 2 3 5 
2 0 1 0 0 0 2 2 3 17 2 0 0 1 0 2 26 0 3 0 10 0 3 7 0 0 0 1 2 1 33 5 1 1 0 5 0 0 1 2 0 0 10 5 0 6 4 0 5 0 2 4 11 4 1 4 2 0 2 0 1 2 9 6 
0 3 0 14 2 9 3 0 0 1 1 2 0 1 2 29 7 10 2 5 3 0 0 68 1 0 16 8 12 0 1 6 1 0 7 0 6 2 17 1 3 1 9 0 16 0 2 1 4 3 6 1 0 0 1 0 0 11 1 7 2 1 0 0 
48 1 4 8 1 0 1 1 0 7 8 0 6 1 0 0 0 6 2 2 6 1 72 6 0 2 0 2 1 0 0 0 9 98 1 2 7 0 0 0 2 14 2 3 13 2 1 1 0 0 0 21 28 1 6 91 0 1 6 12 0 139 5 8 
6 0 0 0 1 5 5 0 0 7 2 3 0 16 1 0 11 8 0 0 0 2 2 0 9 0 0 0 9 0 2 10 0 0 12 0 0 3 133 1 3 0 4 3 4 1 7 7 1 2 1 2 1 0 0 13 3 0 5 8 0 1 0 2 
0 0 3 1 5 1 0 0 0 2 0 9 0 4 9 0 10 0 45 6 1 2 4 0 1 0 0 2 0 1 5 26 3 2 0 11 2 2 0 0 8 0 4 0 5 0 0 24 2 11 0 111 4 4 0 4 6 0 0 0 1 1 0 28 
1 6 0 5 126 8 36 6 0 0 0 4 0 0 1 0 10 2 4 8 0 0 0 61 17 0 1 2 1 1 3 0 0 10 7 0 1 2 8 6 0 0 1 1 17 1 1 1 2 0 1 0 9 0 4 855 9 6 43 7 0 5 3 7 
6 2 1 0 10 20 0 1 25 1 4 6 2 5 0 25 2 1 0 5 2 4 0 10 2 3 0 1 8 1 0 9 1 0 9 1 0 0 2 2 13 7 0 0 0 0 17 1 0 8 0 24 1 6 0 1 12 0 0 0 2 22 7 5 
6 5 7 0 0 0 0 1 4 23 2 0 70 0 0 4 54 0 3 4 0 3 74 4 14 19 22 0 0 0 1 141 3 0 0 44 0 3 4 6 1 10 0 0 0 0 0 0 1 0 0 3 2 0 16 5 1 6 1 69 0 0 4 1 
3 1 3 18 17 4 13 1 6 23 6 3 0 11 1 2 0 6 17 0 0 17 0 6 6 0 0 0 0 0 1 3 47 7 5 0 0 96 0 0 0 4 0 3 0 0 2 5 5 2 2 2 0 1 2 0 0 9 3 5 0 0 0 0 
2 8 0 5 2 0 0 12 1 14 0 9 1 2 7 2 0 0 1 1 0 0 0 0 280 38 7 3 1 0 1 5 1 2 3 0 0 0 6 6 0 3 0 31 0 32 0 14 1 3 22 0 0 0 9 2 5 95 0 14 5 0 9 0 
5 1 19 26 9 11 0 0 0 2 44 0 0 0 0 0 55 0 0 6 3 4 28 0 0 2 1 0 1 8 0 0 0 16 2 1 0 2 9 0 2 0 3 1880 0 2 5 6 0 1 10 1 2 1 4 0 3 15 2 5 0 0 0 28 
2 11 0 7 3 8 0 5 18 0 1 1 1 2 1 15 0 0 0 23 0 28 1 6 0 1 28 3 1 1 0 0 1 1 1 0 2 4 0 43 5 0 0 2 3 4 5 0 25 0 5 0 0 0 0 1 0 15 0 1 3 1 6 3 
0 1 2 1 0 4 21 0 1 10 3 0 0 4 31 1 2 0 0 0 1 33 0 15 1 0 118 0 1 0 1 6 5 0 0 0 7 2 47 0 0 6 4 0 42 1 0 0 39 4 0 8 3 3 1 2 0 3 0 1 1 9 15 5 
2 17 0 2 1 1 4 0 0 1 1 1 20 11 11 4 43 20 0 0 44 1 1 2 1 28 25 5 9 1 1 0 15 8 9 7 0 1 1 70 1 146 1 2 7 2 1 0 0 24 1 5 1 1 0 1 5 0 0 8 18 1 5 5 
2 2 1 2 2 7 1 5 0 0 2 0 12 2 0 2 0 1 2 0 0 0 1 0 0 3 1 1 2 3 3 9 1 0 1 6 38 6 4 26 0 1 31 3 0 3 1 3 3 21 3 3 4 3 1 0 2 1 1 0 1 1 6 2 
2 2 1 6 0 0 79 1 2 4 23 0 7 1 0 6 0 3 181 0 2 0 0 1 0 0 2 4 0 0 5 0 11 1 0 2 6 2 0 0 0 14 0 16 0 22 0 7 3 0 0 1 0 3 0 7 0 0 9 0 44 8 11 1 
0 8 36 0 0 9 3 5 0 3 3 7 1 0 2 1 3 25 0 0 0 0 2 7 5 0 16 0 4 35 14 0 5 3 1 2 1 1 2 8 3 0 6 0 0 0 1 0 0 0 0 65 2 3 1 0 1 3 0 5 0 0 0 0 
1 0 0 9 1 1 2 25 4 25 22 5 1 1 26 1 186 1 9 2 0 1 16 7 0 0 1 1 0 0 1 7 8 3 0 1 53 5 1 1 12 9 11 5 1 1 0 9 0 0 2 0 1 2 9 3 3 1 0 0 1 3 3 2 
0 2 1 16 12 3 5 0 3 43 11 176 1 9 22 2 0 1 2 11 2 0 0 0 12 1 20 0 4 125 2 4 1 31 0 4 0 0 0 5 0 0 16 1 1 6 10 5 0 1 0 1 29 0 1 2 1 4 55 0 1 3 2 1 
1 0 5 0 1 0 9 1 0 194 37 9 0 0 31 42 6 1 2 1 1 1 1 16 41 25 2 8 0 8 3 3 6 0 6 0 1 3 1 0 14 5 1 105 0 54 4 16 4 0 0 9 2 6 0 5 1 75 5 146 1 10 0 0 
1 4 0 0 0 0 3 0 5 10 0 2 2 7 0 0 0 0 1 0 12 1 0 9 1 1 5 8 8 2 0 19 6 4 22 0 0 0 0 6 0 0 4 17 0 9 4 35 0 0 2 1 5 0 1 0 0 2 1 1 0 0 0 0 
0 45 2 1 1 2 1 0 2 12 0 4 0 3 74 0 0 1 0 0 0 0 0 0 38 1 121 4 9 0 0 4 4 2 126 10 5 3 5 0 15 0 1 0 0 0 0 0 13 2 1 52 0 7 4 0 1 0 0 9 10 17 7 27 
6 11 50 4 9 3 4 2 1 0 24 6 8 2 0 0 5 1 1 4 1 9 2 1 6 0 0 6 5 3 1 2 7 0 15 18 8 1 2 41 18 34 3 1 1 1 16 0 3 3 0 16 4 1 0 8 1 10 0 9 0 20 0 0 
1 1 7 23 1 1 1 0 0 5 0 2 6 3 0 2 0 10 14 12 1 1 1 1 1 3 1 0 5 5 1 0 22 8 13 3 2 1 0 1 0 0 77 4 0 25 0 6 1 0 3 6 27 4 7 0 2 3 2 0 17 0 5 3 
0 0 0 0 0 1 0 125 15 0 30 1 1 14 0 0 0 3 1 18 40 1 7 3 2 0 1 0 0 15 17 0 0 4 27 4 8 0 0 6 68 1 7 0 0 0 1 0 3 0 0 0 5 0 2 12 0 0 0 1 0 0 0 11 
0 0 5 111 2 26 0 14 0 15 4 0 0 0 1 0 7 3 20 0 94 1 2 0 4 0 0 0 9 0 1 1 1 14 9 17 0 4 0 1 17 6 0 13 3 1 8 7 1 1 4 1 4 3 0 49 17 17 2 0 3 1 63 0 
18 5 25 3 0 1 0 10 2 2 0 0 0 3 8 1 0 4 1 46 2 0 2 5 1 0 15 98 1 2 4 0 3 0 7 1 6 0 5 64 0 8 2 4 0 15 3 1 3 20 8 0 1 3 0 6 47 4 0 6 0 501 6 13 
0 2 0 7 0 0 0 87 1 0 0 4 7 5 6 0 1 1 1 3 72 0 20 2 4 1 11 1 1 22 0 1 0 1 6 2 2 1 16 35 0 0 0 5 1 0 3 0 5 0 1 2 0 0 1 1 1 0 7 1 2 1 18 11 
1 0 0 2 4 0 0 1 21 0 24 14 3 0 8 3 6 0 8 0 0 6 7 0 15 6 0 4 6 3 0 136 0 61 5 0 2 2 10 1 29 1 236 1 0 1 1 7 2 1 0 2 3 1 0 1 0 0 7 0 12 0 2 3 
7 1 31 0 0 4 0 4 1 0 3 14 23 18 3 0 0 112 84 0 1 0 1 10 0 0 3 0 0 1 0 0 1 12 18 9 0 0 1 15 0 1 0 1 1 0 13 0 2 1 0 0 3 1 1 71 1 0 0 2 8 4 53 14 
0 71 5 2 3 0 0 5 1 1 5 3 16 8 1 2 2 6 4 3 2 2 0 1 3 1 6 13 13 1 5 0 2 3 1 40 0 10 11 0 30 0 0 13 1 0 16 2 1 0 0 2 2 16 5 3 1 5 0 7 0 0 4 9 
14 1 20 0 0 1 1 155 1 7 0 0 7 1 2 6 1 0 1 1 7 2 7 0 0 2 1 25 929 2 2 3 7 7 1 0 35 4 3 1 6 1 0 5 1 0 1 0 58 1 2 0 7 11 0 0 0 1 0 0 1 2 6 0 
5 11 0 6 2 6 0 0 0 7 2 1 16 0 1 0 9 1 0 147 0 6 0 3 3 6 14 2 0 36 0 0 0 0 5 0 8 1 0 5 2 0 9 90 1 0 5 8 6 0 0 2 0 3 0 0 0 0 7 1 0 0 0 0 
0 27 0 0 3 19 3 3 1 0 6 12 4 6 0 17 2 0 5 0 5 2 5 103 10 0 7 2 3 1 1 0 4 4 26 211 0 0 49 1 8 0 7 1 1 4 8 3 0 1 0 0 4 7 6 0 2 11 4 0 0 0 1 3 
0 5 10 2 6 0 0 4 33 0 0 6 2 2 6 2 2 0 0 4 2 0 0 4 0 5 0 5 0 1 0 0 0 0 3 8 3 2 0 5 0 27 0 1 5 2 1 1 0 39 6 1 11 2 0 3 1 0 0 0 1 17 0 1 
22 88 10 2 1 0 1 1 1 0 0 0 35 1 1 1 2 1 0 5 2 4 1 8 0 3 15 3 3 2 6 0 3 7 2 0 0 0 10 0 1 0 1 5 2 18 8 0 1 1 0 0 1 1 0 1 0 0 5 0 0 5 1 2 
2 0 15 35 6 0 2 7 0 1 0 5 0 41 5 7 0 0 1 1 18 5 0 5 6 0 6 1 2 2 0 35 1 1 0 1 0 0 1 0 2 1 1 0 1 4 0 0 5 0 0 0 0 3 2 0 2 0 0 1 4 2 0 1 
2 2 1 0 0 5 34 1 7 0 6 1 1 21 0 0 5 0 1 0 1 0 1 2 5 1 2 0 1 2 7 7 2 0 1 4 1 0 0 4 8 3 5 2 0 0 0 10 3 0 1 0 66 1 1 0 4 3 0 9 7 19 5 1 
9 0 7 0 0 3 1 1 2 0 0 0 6 0 0 0 0 2 4 3 0 30 2 24 7 79 1 3 10 0 0 2 0 24 0 0 2 1 0 26 0 23 11 0 0 0 11 0 10 0 0 10 2 1 1 2 69 0 9 0 31 7 32 0 
1 0 38 0 5 2 3 20 33 10 1 0 5 4 0 6 0 3 29 3 0 0 62 0 5 0 1 0 1 1 17 266 5 0 74 2 4 34 8 1 1 0 2 8 0 7 3 13 0 2 7 1 1 6 6 1 0 0 3 6 2 0 0 1 
21 1 2 4 1 4 2 1 0 1 0 5 10 0 10 0 3 0 0 1 3 1 2 40 0 2 2 1 0 0 1 0 0 2 1 2 3 2 1 0 1 3 3 2 3 27 0 0 0 9 2 1 5 12 0 0 4 4 9 3 0 1 6 0 
2 1 0 0 2 3 1 19 0 2 27 83 0 2 0 14 35 3 0 2 4 0 1 1 4 2 2 0 3 0 3 0 2 1 0 0 0 2 1 1 8 0 0 15 0 120 1 0 1 3 0 8 3 0 11 10 0 2 2 0 1 12 0 3 
6 0 0 0 0 6 2 0 1 6 1 1 13 0 2 12 1 0 1 0 0 2 0 6 1 1 3 2 5 3 0 0 3 0 1 6 2 64 4 0 2 5 0 1 0 2 3 0 1 1 12 1 1 0 1 2 6 70 3 0 0 1 0 6 
5 0 1 0 0 0 1 4 1 0 0 0 41 12 24 0 2 5 7 0 2 1 42 0 0 17 6 0 19 4 2 1 0 0 2 0 237 1 0 6 2 0 2 13 6 20 2 1 0 0 2 0 1 0 6 8 16 1 3 2 0 0 1 0 
3 0 3 6 10 2 7 1 0 6 0 7 435 6 2 0 1 1 0 4 1 0 0 0 5 3 2 2 90 0 0 0 22 1 11 8 11 25 13 1 8 1 5 0 2 2 3 19 10 1 0 2 8 2 1 1 4 0 6 7 20 1 0 8 
1 6 0 3 0 0 20 3 2 0 1 0 70 0 24 11 1 1 0 2 1 0 0 1 9 1 1 0 2 4 1 1 2 5 2 0 1 0 2 1 0 0 5 61 0 9 2 7 0 4 0 10 1 15 0 2 23 0 1 8 27 0 0 11 
25 2 25 42 2 1 4 4 25 1 0 0 0 8 9 0 0 0 0 0 0 42 3 1 7 0 4 0 0 0 1 5 4 0 2 6 2 0 0 0 3 15 0 0 3 2 6 1 0 0 0 1 0 0 0 0 0 0 5 0 0 6 0 0 
3 6 5 23 0 0 2 1 0 1 1 0 1 10 1 0 0 8 1 82 19 0 0 14 0 11 2 0 9 0 0 0 184 3 0 4 9 1 0 3 3 0 2 0 2 6 1 2 5 3 1 22 10 1 24 0 0 0 0 19 1 40 0 28 
0 4 6 87 4 18 2 49 0 0 0 15 3 7 1 6 0 0 1 0 2 0 2 0 7 0 0 2 0 13 13 0 3 0 4 90 4 0 69 2 1 4 6 1 18 1 2 19 0 0 1 13 10 17 32 0 2 0 2 3 1 0 2 1 
2 2 4 1 2 2 20 6 25 0 1 1 0 2 12 0 1 0 0 0 1 1 0 226 34 4 5 6 0 0 5 2 10 0 10 0 16 3 18 0 6 45 0 3 1 3 0 0 1 9 2 3 1 1 0 9 2 0 3 2 1 0 54 27 
0 1 7 3 1 1 1 31 0 1 3 0 38 0 4 12 5 11 45 7 0 5 18 0 2 0 6 0 8 1 33 1 0 0 9 4 8 2 2 1 18 128 0 127 1 12 0 1 32 3 0 4 0 18 2 0 1 13 0 0 7 3 0 0 
4 5 4 0 3 24 3 1 0 1 0 0 0 6 17 1 22 1 5 14 10 2 2 0 33 1 0 27 6 0 7 17 0 0 0 0 0 22 0 0 16 26 1 0 0 1 4 2 0 0 1 0 8 5 0 3 0 0 2 1 1 0 22 0 
7 6 28 0 2 10 0 3 1 1 56 1 2 25 10 17 4 2 1 6 30 19 1 0 7 6 0 1 1 8 2 1 0 0 3 5 2 1 0 0 5 0 1 19 17 2 0 0 3 5 3 13 2 6 0 1 3 9 4 3 1 1 10 0 
10 7 26 0 5 49 4 1 30 0 0 0 1 3 7 12 5 0 0 0 10 0 1 1 4 7 0 0 11 7 0 0 0 1 0 18 1 0 4 2 0 7 6 0 104 5 0 0 0 26 1 3 6 1 0 0 0 1 0 5 2 0 2 1 
1 8 14 0 0 1 26 0 0 5 41 14 0 0 1 0 8 16 1 0 1 25 0 3 0 2 7 32 0 0 1 0 0 0 0 0 0 12 8 10 2 10 2 0 2 1 2 22 13 1 9 0 3 12 0 0 0 0 0 9 6 1 0 0 
3 10 0 3 4 0 1 14 8 0 1 2 12 0 0 21 1 1 1 0 0 1 0 0 4 1 1 1 2 0 2 1 0 2 0 69 1 4 3 2 0 7 1 3 0 0 4 0 4 0 0 0 0 0 0 8 4 3 5 11 1 1 1 2 
45 0 4 7 1 0 6 1 4 6 0 3 30 2 0 0 0 1 0 29 25 1 1 5 7 0 1 5 12 1 0 7 7 5 1 0 1 7 1 8 11 4 11 11 9 0 7 4 17 4 4 0 1 0 10 0 3 18 0 2 2 1 1 1 
0 4 13 0 0 5 0 0 0 0 0 0 0 0 0 3 4 6 52 9 6 0 2 5 0 5 0 0 5 0 1 1 6 5 0 0 3 10 10 1 12 1 3 64 223 1 3 2 12 3 2 12 0 6 7 0 1 1 10 0 1 1 0 1 
0 6 1 0 0 0 2 1 11 12 1 3 0 0 6 1 0 0 4 0 2 0 0 4 0 1 6 1 25 0 2 1 0 1 3 0 1 17 0 0 2 2 1 104 2 2 1 0 0 1 0 2 0 0 5 2 0 22 0 6 2 4 0 0 
0 3 0 4 3 0 3 4 20 0 1 1 0 27 3 0 7 0 0 1 15 5 0 0 1 0 1 0 47 6 0 2 42 0 1 1 518 0 0 0 1 0 0 1 13 27 2 4 0 2 0 3 41 0 0 0 11 0 1 2 1 0 0 3 
0 0 3 5 1 2 1 2 9 0 49 3 9 2 9 0 7 9 4 0 1 7 1 34 0 0 1 1 197 1 1 1 6 0 0 3 0 1 0 5 0 0 5 5 2 11 1 0 1 4 0 0 0 6 0 0 5 2 1 0 3 0 2 2 
1 0 1 1 6 1 2 0 0 0 6 0 0 0 0 1 4 0 0 0 0 1 1 0 0 0 4 34 0 0 3 4 0 0 0 2 1 2 0 0 0 6 3 23 0 1 0 0 0 0 3 1 1 5 0 1 0 0 13 8 1 6 0 2 
1 4 6 0 3 0 1 0 0 21 2 0 1 1 3 0 27 1 0 0 0 0 19 7 1 5 0 15 1 23 6 0 3 1 1 1 3 1 14 1 4 0 0 13 1 0 14 1 3 1 4 2 2 5 0 4 1 0 27 1 3 6 0 1 
0 1 5 2 1 1 1 1 1 2 0 10 1 2 0 10 15 6 0 0 57 3 1 9 1 1 0 8 0 50 2 28 5 2 1 3 0 17 14 0 14 2 0 5 1 1 0 5 0 1 0 1 0 0 8 3 2 10 1 10 1 6 0 6 
0 7 44 0 5 2 1 7 1 35 0 0 3 6 4 8 12 6 4 25 0 2 1 0 0 2 0 2 0 2 0 0 0 41 2 2 0 3 6 0 2 3 5 0 0 1 1 23 8 1 1 1 0 11 0 0 2 9 1 4 3 15 1 1 
0 0 0 4 0 2 0 0 0 0 4 33 1 0 0 0 0 0 0 0 0 0 34 0 0 9 0 0 0 0 1 91 0 5 1 2 94 3 0 2 1 1 0 0 3 2 0 1 3 1 8 9 14 4 0 0 9 1 1 10 0 1 2 0 
92 0 0 18 6 25 0 21 0 1 0 9 21 10 0 2 19 0 5 4 0 0 9 0 6 0 2 2 3 1 8 3 11 5 1 0 3 8 3 3 1 0 74 4 4 1 0 4 4 0 7 4 2 1 0 32 2 5 7 0 0 10 0 0 
5 2 1 3 13 0 0 1 84 1 4 0 24 14 3 0 0 15 13 0 6 9 0 0 7 7 3 2 13 10 2 0 3 14 16 10 0 3 0 12 1 2 0 0 0 1 0 1 0 2 6 0 0 0 0 0 0 0 3 0 0 30 5 26 
0 16 0 1 12 0 18 1 5 4 0 1 6 2 2 0 3 4 1 0 33 15 0 8 1 1 1 5 12 0 0 1 1 31 0 2 1 8 1 1 1 7 20 0 0 0 6 0 3 0 3 3 0 1 1 6 22 2 0 0 0 1 1 4 
1 0 0 0 1 0 3 5 0 0 1 0 4 1 2 1 3 0 1 6 1 2 3 5 10 20 2 0 4 7 0 0 2 30 0 0 7 0 4 1 9 0 2 2 1 0 0 0 2 0 11 0 0 0 10 2 3 0 28 4 25 55 0 2 
1 0 98 2 3 1 0 1 76 1 9 6 2 2 2 3 34 70 1 2 3 0 12 4 4 4 2 0 6 75 1 19 1 2 3 1 12 1 44 1 7 0 0 12 0 7 9 0 3 2 0 0 1 1 0 0 0 0 1 0 5 0 2 0 
19 2 42 8 10 121 5 2 0 3 1 0 2 0 0 1 0 3 0 0 1 0 4 2 1 1 0 1 14 5 0 0 3 55 4 10 3 0 4 6 1 1 0 1 1 3 14 20 32 1 0 0 1 0 1 1 0 4 2 38 0 1 5 1 
0 0 1 1 1 12 1 0 1 29 1 1 0 0 0 7 8 6 2 4 1 0 0 0 1 0 1 5 9 0 0 94 1 0 0 30 455 3 6 1 0 0 9 0 1 0 12 14 3 0 0 4 3 1 0 2 0 1 1 9 1 5 3 2 
0 2 2 0 35 7 1 1 0 0 0 38 5 1 4 20 0 0 0 1 10 5 5 0 17 2 0 1 0 4 22 0 1 36 1 17 0 7 0 0 1 4 0 1 0 12 88 5 0 6 9 1 1 13 0 3 6 0 139 0 1 0 0 0 
8 15 8 0 0 10 5 1 7 76 8 21 1 0 14 10 0 0 1 0 9 0 0 0 33 0 9 2 5 0 0 0 3 16 3 0 0 0 0 10 2 5 0 23 0 1 1 7 0 0 1 10 1 9 2 0 1 1 3 4 15 1 1 0 
1 1 4 8 6 1 5 2 1 13 5 4 4 0 5 3 2 36 2 0 31 0 3 1 0 0 100 0 0 2 0 2 0 1 10 2 3 0 6 6 19 0 7 8 8 1 1 2 9 0 0 41 5 1 0 30 6 4 1 6 4 2 0 0 
0 0 3 2 2 9 0 1 5 0 3 0 0 2 9 0 0 13 0 3 1 0 1 0 11 0 3 13 13 6 0 1 0 3 1 0 2 0 7 0 105 1 10 0 3 2 0 0 0 1 6 5 1 13 3 0 0 1 8 0 0 7 0 0 
0 0 24 12 0 5 0 16 0 8 0 1 0 6 0 4 6 0 1 0 19 0 0 0 1 0 1 2 1 36 0 14 0 1 1 10 0 1 0 7 0 5 6 0 12 0 7 1 2 15 1 0 12 37 5 0 0 14 2 5 7 15 0 1 
0 1 1 1 9 1 5 0 0 0 5 5 4 5 14 0 21 0 1 3 3 0 19 0 18 19 0 0 12 4 94 0 0 0 69 0 1 2 0 0 20 1 16 1 6 0 0 1 2 1 5 4 2 3 3 1 0 3 0 0 18 11 3 0 
1 0 0 5 18 2 2 0 1 0 6 7 4 0 0 7 0 0 0 0 0 1 6 1 2 0 6 4 1 0 0 1 1 22 6 1 0 1 0 3 0 0 3 11 0 2 0 26 74 0 0 1 11 5 0 2 0 12 34 0 1 2 1 0 
0 4 1 0 13 2 6 0 2 0 12 0 6 10 3 1 0 8 0 0 0 0 2 0 1 0 0 0 1 3 2 0 5 0 0 9 0 0 5 24 0 1 3 0 0 1 1 0 4 0 7 0 9 2 30 1 33 4 1 20 1 9 28 5 
2 3 0 6 14 11 8 1 0 0 2 0 0 2 18 0 0 2 0 14 1 0 0 2 0 0 4 2 5 0 0 0 2 7 22 5 3 0 126 3 0 1 1 1 2 1 1 1 1 2 0 0 3 1 1 0 6 1 0 3 10 0 17 2 
8 0 0 0 1 16 1 0 1 0 0 1 0 0 0 20 5 21 26 4 1 3 352 4 0 7 1 7 0 27 4 0 1 1 0 5 0 6 0 0 38 1 1 2 2 1 1 0 13 6 0 1 0 8 0 5 0 2 5 17 0 0 42 1 
0 5 12 1 0 7 1 0 0 24 0 1 20 48 0 7 45 0 3 5 9 1 0 0 1 0 0 2 0 2 0 0 1 0 0 1 2 3 1 1 0 12 4 1 0 3 1 5 5 6 2 0 0 3 9 0 1 14 1 2 1 10 0 0 
0 0 3 3 3 8 0 0 1 5 0 2 7 1 2 1 2 3 20 1 1 2 0 2 1 2 13 0 0 3 0 6 0 12 2 0 0 6 1 1 2 0 11 17 0 0 0 10 165 0 0 2 3 3 3 1 7 0 0 0 75 1 0 29 
0 4 1 3 2 1 47 1 7 1 1 8 3 0 1 0 57 0 2 0 0 1 1 4 12 1 0 0 10 2 1979 0 0 2 12 12 0 0 3 0 0 2 5 47 17 1 0 0 26 0 1 0 4 2 2 13 1 4 33 0 66 2 2 28 
1 6 2 1 0 1 31 6 11 5 7 0 0 12 1 0 0 2 17 1 0 1 14 1 0 3 0 0 2 1 3 0 2 3 1 15 1 0 0 1 0 0 14 10 10 1 0 0 3 4 26 0 0 2 3 0 0 1 1 1 0 6 2 0 
3 0 3 0 8 0 2 0 0 4 0 0 34 23 1 2 5 0 3 0 1 2 1 0 8 0 0 0 0 2 0 2 4 69 1 0 198 0 3 0 0 33 14 0 24 1 0 0 2 1 4 27 1 3 1 7 2 1 5 5 4 0 0 4 
1 6 9 1 0 0 0 11 202 5 3 0 3 2 5 3 33 0 22 1 0 3 9 1 1 7 0 2 0 3 7 3 9 22 0 0 1 8 3 25 3 3 2 2 0 0 0 1 0 61 7 1 2 7 0 9 2 37 2 0 0 0 109 0 
12 95 0 10 0 1 0 5 63 0 3 1 1 4 1 0 20 7 78 0 7 3 3 7 59 3 0 24 34 4 0 8 27 0 3 12 0 13 0 1 0 0 56 2 51 1 0 13 1 26 0 6 0 0 0 0 6 10 2 10 93 3 0 0 
0 14 0 0 0 1 2 3 0 0 2 0 1 2 1 3 0 0 1 0 1 13 1 1 40 7 5 1 0 4 1 7 0 2 10 2 9 2 1 77 0 6 6 1 13 1 0 2 1 1 0 7 0 9 3 16 7 6 1 3 3 3 1 1 
4 0 6 2 1 1 17 0 18 7 65 2 7 4 0 1 4 10 31 0 26 0 1 1 0 13 0 29 0 2 1 3 0 0 15 57 9 0 2 2 2 0 0 4 7 19 4 9 0 3 1 1 13 0 0 1 0 5 1 2 5 18 20 4 
1 0 1 53 0 15 2 5 5 6 1 6 2 4 6 1 11 1 0 7 2 0 0 1 0 8 416 9 0 0 29 1 1 1 0 7 0 0 0 0 636 1 0 4 2 0 0 8 3 14 0 13 1 4 0 108 4 2 0 0 8 1 6 185 
0 0 5 6 0 5 5 2 3 0 0 1 0 25 6 14 0 1 0 7 1 5 3 0 0 5 4 1 0 423 0 1 0 3 1 0 0 0 9 2 129 31 7 0 0 2 0 2 0 1 0 0 0 1 0 2 1 95 2 10 1 1 3 1 
16 5 0 1 5 26 2 0 0 2 3 0 1 0 0 2 1 0 18 1 3 9 0 0 9 7 0 13 0 0 0 33 2 58 1 1 3 0 1 7 1 7 37 2 0 4 22 0 124 9 0 3 0 3 13 8 7 0 0 9 1 2 1 39 
0 0 0 2 0 0 17 2 1 0 5 1 3 0 0 1 4 5 3 0 0 0 15 1 2 0 0 0 1 6 2 1 1 7 3 3 1 2 1 0 5 3 4 1 0 2 1 7 2 2 1 2 17 1 0 10 2 0 11 5 1 0 9 11 
1 6 1 1 34 0 53 1 34 1 1 3 7 1 406 4 1 0 0 4 0 1 5 3 5 1 0 14 0 8 0 1 2 3 0 0 0 86 6 4 0 0 1 41 6 4 0 0 13 1 0 0 0 0 0 2 2 0 0 64 2 3 1 4 
0 1 0 1 0 37 1 2 26 2 43 7 1 8 90 2 3 2 0 0 6 2 5 7 8 0 8 2 0 2 15 1 0 12 0 12 1 2 9 2 14 3 0 33 26 15 0 0 18 5 16 6 26 2 0 46 1 0 1 4 2 0 5 0 
32 4 2 0 5 0 0 0 475 0 0 0 3 0 234 83 0 10 9 0 0 0 0 26 0 0 1 1 0 6 0 0 2 0 65 3 0 5 0 13 1 0 1 0 13 6 13 0 1 7 5 1 3 4 7 22 0 1 17 1 12 0 9 5 
0 1 0 5 13 1 51 1 2 0 26 0 16 2 0 0 10 0 7 9 2 3 2 17 1 11 1 24 1 1 1 1 49 1 0 1 3 0 1 6 40 11 1 15 1 0 13 0 11 6 0 1 39 0 1 2 6 10 0 1 1 1 33 0 
6 0 1 5 3 2 4 1 9 4 4 10 0 6 0 1 60 0 0 3 2 4 27 26 0 1 84 2 6 0 0 6 2 4 0 44 2 2 4 1 6 0 1 0 0 0 1021 1 0 1 1 2 0 1 11 1 9 0 9 2 0 3 1 8 
13 0 0 226 0 2 10 0 4 1 0 5 0 0 19 2 1 0 15 6 3 1 3 64 1 34 1 3 6 9 0 0 0 0 0 2 18 1 0 0 5 3 4 0 4 0 5 0 2 2 0 1 1 1 1 1 3 7 9 39 2 0 0 4 
3 0 1 0 0 8 20 1 0 8 0 5 2 0 12 9 0 11 1 5 9 3 2 2 2 0 0 0 6 3 0 2 7 9 1 0 2 0 2 367 10 6 0 1 7 1 5 0 60 6 0 0 25 1 3 0 0 0 0 0 8 5 3 0 
0 12 0 0 6 0 1 0 1 0 27 1 7 0 1 0 0 0 8 0 1 4 5 6 0 3 0 3 10 0 26 0 3 3 4 0 1 2 0 2 17 0 1 4 2 62 1 0 0 0 0 8 0 1 0 0 2 0 1 0 11 1 1 0 
2 0 52 0 1 0 0 0 2 7 1 1 1 49 0 0 1 17 1 0 1 5 2 2 1 20 0 1 0 2 6 1 5 10 8 5 0 1 10 65 0 1 0 0 0 13 4 4 2 0 3 3 28 0 2 44 1 11 1 0 0 0 0 0 
1 0 17 5 0 1 26 4 22 25 2 1 26 25 0 0 0 0 0 4 1 6 1 1 7 0 5 0 0 21 6 0 0 3 3 2 0 0 2 3 8 0 0 0 9 10 0 2 1 1 3 5 337 1 0 17 3 1 26 4 1 1 11 6 
3 10 20 13 23 3 1 3 1 1 0 1 19 0 1 0 8 22 0 1 1 1 4 3 25 2 2 0 32 4 3 1 1 39 0 9 36 1 4 0 2 0 0 1 16 11 0 0 34 2 21 0 1 1 2 2 19 15 0 0 0 3 3 14 
14 0 1 0 2 0 2 0 3 10 2 35 6 0 3 0 0 1 8 6 10 4 0 0 4 0 1 0 1 4 1 0 0 1 1 81 13 0 2 0 5 3 1 2 0 28 2 0 1 40 0 6 65 4 1 0 12 22 2 0 0 5 7 0 
10 2 2 28 1 42 0 1 43 22 22 4 0 2 8 0 8 0 1 5 5 0 1 1 0 1 0 0 1 1 12 42 8 0 1 8 0 25 2 0 1 0 2 0 5 0 0 2 3 2 14 0 2 0 8 0 2 7 1 1 0 1 17 9 
0 0 0 0 4 0 12 14 2 0 0 12 78 1 0 0 0 4 1 0 1 10 1 0 0 0 13 4 28 86 1 20 1 1 0 5 5 10 9 0 3 0 2 0 0 2 18 38 0 0 1 4 2 0 2 0 3 2 9 0 2 2 1 0 
9 5 0 0 8 10 1 2 0 1 0 0 1 0 0 0 1 10 0 1 0 1 42 4 2 0 2 0 0 2 0 1 8 5 1 1 6 6 0 0 2 0 102 0 6 15 0 7 0 1 20 3 11 0 0 1 0 0 0 0 1 0 0 4 
0 33 7 21 0 8 1 2 2 16 8 1 12 3 0 50 0 0 0 10 0 1 1 67 0 5 8 5 1 18 0 1 0 6 2 0 1 5 18 0 9 0 1 13 11 0 19 1 6 4 2 0 1 1 2 0 82 31 1 0 2 4 1 0 
0 0 4 44 0 34 4 8 0 2 3 62 0 2 2 2 0 7 3 1 0 0 1 3 29 2 1 0 30 5 3 2 1 0 22 3 7 2 0 3 17 0 7 0 1 0 0 1 4 2 5 1 0 0 1 254 0 4 0 0 1 8 7 0 
0 51 2 5 0 1 10 3 0 6 70 1 7 0 0 0 6 0 30 0 0 1 2 3 4 1 4 0 8 0 1 3 0 11 3 0 8 0 0 1 0 7 0 0 0 4 0 1 0 0 0 0 25 0 0 1 0 2 0 27 9 5 4 1 
1 1 6 24 2 8 0 5 3 0 1 0 0 0 1 1 1 1 15 12 0 13 0 1 0 8 0 9 1 0 0 0 5 7 0 3 0 17 0 2 1 2 1 0 0 0 1 0 7 0 0 0 1 2 0 0 0 0 2 0 3 14 3 1 
52 0 0 3 4 1 0 0 0 2 5 2 3 0 0 1 10 4 1 23 1 5 3 2 0 3 0 9 0 3 4 3 629 0 1 2 2 9 7 1 18 11 0 0 0 4 1 2 0 0 3 2 1 3 7 0 0 5 5 0 93 12 17 0 
2 0 7 0 2 0 6 0 0 0 0 5 12 0 2 5 48 7 6 0 6 0 1 2 6 1 0 2 2 0 3 0 0 2 0 0 1 10 0 2 0 43 3 2 3 0 1 4 0 0 7 4 0 1 0 2 2 0 3 0 6 1 5 28 
0 2 1 2 4 8 0 0 0 1 3 1 4 1 5 156 4 0 0 1 0 8 0 7 1 10 3 2 0 2 0 0 7 0 3 1 1 0 1 0 0 32 0 9 1 0 1 4 1 0 0 32 1 0 2 0 0 1 5 8 2 2 12 4 
0 37 8 5 1 1 1 0 1 2 1 4 0 0 6 4 0 1 3 10 0 22 0 10 1 3 23 8 3 4 2 1 0 11 6 0 1 0 2 1 2 1 0 1 1 7 0 4 0 1 1 3 1 0 0 0 9 1 8 3 1 2 0 1 
8 3 0 26 4 0 0 15 2 35 0 0 5 1 1 16 53 2 0 13 6 1 4 0 8 0 9 2 6 1 0 2 85 6 8 8 18 0 1 0 17 0 6 0 4 2 3 14 1 5 7 142 0 0 0 0 10 2 7 0 1 2 18 29 
0 0 279 0 0 7 0 0 1 1 26 0 0 2 5 1 4 7 9 0 24 2 0 0 14 18 0 1 0 0 4 3 2 23 1 0 9 8 8 0 0 0 2 7 0 15 1 2 5 0 1 11 0 0 0 0 1 3 1 1 0 2 1 2 
0 2 2 0 1 3 1 2 1 11 1 9 8 0 1 0 0 0 0 0 0 0 3 0 0 1 3 0 4 0 1 2 0 2 0 4 6 8 1 4 32 0 2 0 0 0 1 15 0 6 3 1 0 8 0 0 4 0 5 18 6 7 3 0 
0 0 10 0 4 3 0 5 1 0 1 1 2 0 11 2 0 9 0 0 0 10 4 6 1 1 2 0 1 0 1 4 39 0 5 2 5 0 1 1 6 0 1 0 0 10 1 3 0 3 15 1 0 15 1 0 7 3 6 0 1 4 15 0 
0 0 10 0 0 0 12 2 33 0 6 2 2 0 1 0 18 12 1 0 2 6 0 4 3 6 2 2 1 0 0 1 5 0 10 16 0 0 1 1 0 0 3 0 0 2 24 0 1 1 3 1 5 6 4 0 1 30 2 2 1 0 0 3 
0 9 0 0 1 0 14 0 10 1 0 0 0 0 0 0 46 0 8 0 8 0 1 1 1 1 0 6 6 7 0 1 1 0 0 48 6 0 0 0 1 6 7 0 1 0 3 11 4 19 3 1 152 9 0 1 27 8 3 111 0 1 10 3 
2 1 9 5 0 26 1 4 1 4 1 67 6 1 0 8 0 0 7 6 1 3 14 1 0 9 10 10 7 6 26 13 3 0 1 12 0 14 0 0 0 35 0 1 3 0 16 1 6 0 1 8 1 0 1 0 14 4 2 29 0 0 0 7 
5 0 0 0 0 4 3 0 1 11 1 1 1 0 1 38 1 1 7 4 0 0 1 4 8 7 1 45 10 0 1 207 1 0 1 1 0 0 1 0 0 1 3 4 0 3 7 0 0 1 2 0 1 149 2 0 5 30 2 1 1 0 1 0 
8 0 12 19 1 0 8 0 0 2 1 0 4 0 1 3 0 30 3 0 0 0 16 8 1 0 12 0 0 5 0 7 2 41 1 0 1 0 0 3 14 5 2 8 4 1 0 9 2 53 16 0 2 1 4 5 15 0 1 20 1 0 8 0 
0 6 26 1 6 0 1 4 1 23 1 0 0 20 1 2 3 1 2 5 0 2 0 0 0 1 0 15 1 0 0 0 15 2 10 41 33 69 37 11 0 9 1 0 0 1 1 5 0 6 23 1 2 7 0 12 1 5 6 13 1 2 0 1 
9 6 29 287 2 0 0 1 3 4 0 2 2 0 0 9 5 0 0 11 0 0 9 1 0 27 0 3 1 9 0 1 1 0 0 5 2 0 0 2 0 0 4 0 2 2 4 0 1 0 5 2 1 7 6 1 2 1 1 8 3 2 1 7 
1 0 6 0 9 5 2 1 0 1 0 0 2 10 0 0 0 0 6 0 4 0 2 5 2 2 0 0 4 1 1 7 2 4 6 3 0 0 0 2 1 4 0 1 1 0 1 5 21 5 8 0 4 2 3 10 4 4 0 0 0 2 0 4 
1 0 0 6 1 74 0 0 1 0 4 7 0 5 5 0 1 0 3 0 1 0 7 1 0 1 0 0 0 3 0 11 0 4 2 1 0 1 2 0 1 0 0 0 159 2 4 6 0 0 23 14 0 0 0 15 5 4 0 0 2 2 15 1 
14 31 8 0 3 2 1 2 0 8 1 10 1 13 1 3 9 0 0 6 3 0 0 2 0 1 1 0 1 0 16 0 3 2 0 1 6 15 2 1 2 2 0 114 17 2 41 2 0 66 55 6 46 34 45 0 4 0 2 2 1 0 0 0 
5 11 3 0 1 13 0 1 19 14 27 0 13 5 2 9 0 1 1 2 1 0 1 3 5 2 8 0 0 7 2 1 4 3 2 38 0 0 0 1 0 0 15 0 1 0 0 16 0 0 5 0 0 0 5 24 1 0 0 1 1 0 3 1 
6 0 6 0 5 1 2 8 0 2 4 4 0 7 1 2 0 0 0 1 2 1 4 1 1 3 2 1 2 0 2 0 0 0 56 1 3 0 0 0 0 2 1 1 1 1 8 0 23 7 10 14 1 8 0 0 322 1 0 0 1 1 0 6 
57 1 0 0 0 0 4 0 1 1 1 2 1 44 0 1 0 3 1 0 21 0 31 3 0 9 1 9 1 0 0 1 6 0 0 1 68 2 4 0 31 33 53 0 13 0 0 0 13 0 4 2 3 50 0 3 1 5 1 2 0 9 0 15 
17 10 4 12 0 2 58 0 0 7 1 0 2 0 0 0 6 1 1 0 12 0 4 16 0 1 0 0 27 4 2 3 2 0 2 0 0 27 0 3 0 0 43 1 2 29 0 0 9 0 0 0 18 0 1 31 8 0 30 1 7 0 0 0 
1 0 0 13 1 0 0 12 0 1 0 1 43 0 1 1 17 0 257 1 0 8 1 0 0 1 0 0 2 0 0 22 0 2 265 0 0 1 0 1 0 0 2 7 2 0 30 0 41 1 1 1 8 3 0 0 2 1 8 1 1 0 0 81 
1 1 20 10 50 21 9 0 0 3 5 7 7 12 8 1 1 1 6 1 2 1 3 0 0 1 0 0 0 93 9 4 2 0 10 55 2 5 84 74 1 0 0 7 2 59 10 8 0 2 0 0 1 0 0 15 3 16 8 0 46 2 1 4 
20 0 1 2 0 7 0 1 0 21 1 0 1 0 0 1 34 1 0 26 6 0 1 1 18 0 0 1 0 4 36 16 0 1 0 19 0 1 1 1 8 0 0 6 2 0 0 2 0 0 3 5 0 32 155 1 0 0 0 2 8 0 1 4 
9 0 2 0 1 0 3 0 0 6 1 5 2 2 1 0 1 8 0 1 2 44 0 3 0 0 2 0 0 0 14 4 5 0 0 3 1 0 0 0 0 6 3 0 3 23 0 0 0 1 0 31 0 0 1 1 0 5 1 8 1 1 0 26 
19 4 0 0 18 0 2 3 15 4 3 3 0 0 0 9 0 1 7 0 1 7 0 1 8 18 3 13 2 2 2 0 0 0 2 3 1 13 2 11 2 29 93 15 3 19 1 0 0 2 2 1 10 2 3 1 1 0 0 6 2 2 0 0 
5 0 1 5 2 38 0 5 0 20 0 8 7 5 1 1 2 6 1 0 1 21 40 1 0 2 1 0 1 0 10 8 9 0 45 3 0 0 6 2 0 1 0 5 0 9 0 8 1 0 12 1 61 2 2 0 0 1 0 2 1 0 1 10 
21 9 9 21 0 21 0 19 1 0 0 2 0 3 3 2 19 1 6 0 3 4 0 23 4 0 0 0 3 1 6 14 0 6 1 5 3 0 0 0 2 1 0 9 1 1 0 0 0 2 1 4 6 1 0 0 1 1 6 14 0 0 5 1 
1 1 9 0 0 5 0 0 1 0 4 5 3 2 1 6 3 41 1 4 0 8 0 13 1 0 0 9 0 81 2 4 0 1 11 2 0 5 0 4 1 4 9 0 3 1 52 0 0 6 1 4 0 0 1 0 0 0 14 0 2 1 0 45 
2 4 33 1 1 3 5 1 6 0 3 0 0 5 4 19 5 0 0 4 0 4 2 1 23 3 42 0 0 34 0 4 0 5 0 107 0 5 1 0 0 0 13 0 1 0 5 1 1 2 0 17 3 89 0 7 0 38 0 4 13 1 8 0 
1 0 15 0 4 0 1 1 0 2 0 2 16 6 25 0 3 1 0 2 1 7 313 0 28 2 0 1 0 1 1 65 32 1 2 5 2 4 0 0 1 0 0 10 5 0 0 0 4 1 0 1 0 6 6 10 7 0 2 45 10 0 18 58 
2 0 0 0 24 0 0 1 42 2 0 1 34 2 128 1 0 0 4 0 6 26 3 0 2 4 0 10 10 0 0 0 0 3 4 3 4 2 1 2 1 0 4 1 0 3 1 4 2 5 3 25 0 9 8 0 0 1 1 0 0 2 0 0 
0 6 0 6 1 9 7 2 7 0 5 20 0 0 2 7 4 0 1 2 2 1 7 0 1 0 2 2 0 8 0 0 1 5 0 0 7 1 4 1 0 0 13 3 18 0 1 9 0 13 0 0 1 3 6 2 0 0 2 0 10 1 0 7 
6 1 3 6 0 0 1 4 1 2 1 0 2 2 3 5 3 0 1 0 3 4 2 0 25 0 51 1 2 1 10 7 4 6 1 1 10 2 1 2 6 0 0 14 1 25 10 3 2 0 2 0 37 5 1 1 0 0 3 1 6 25 0 3 
0 13 3 2 1 0 4 0 48 3 2 268 37 1 0 0 0 1 0 12 4 2 17 6 15 1 0 4 2 1 0 2 0 65 8 1 2 0 7 3 7 2 35 2 0 1 39 0 2 13 0 13 5 1 0 44 0 1 0 43 20 9 2 26 
9 0 1 2 1 0 5 0 3 0 5 1 0 2 7 0 0 0 0 0 4 7 8 0 0 21 20 1 0 0 21 4 6 5 2 1 125 4 0 1 13 1 7 0 0 1 0 0 1 2 7 0 1 0 97 1 1 32 0 3 2 5 0 3 
0 2 5 4 1 0 0 1 2 0 0 0 0 8 0 0 6 7 18 0 36 1 1 0 9 5 0 2 5 29 9 0 0 4 1 37 29 9 0 25 0 1 0 2 1 3 1 4 6 34 3 10 1 0 0 0 0 0 8 15 2 4 0 22 
6 45 1 0 0 0 1 13 3 0 0 0 0 0 4 0 1 1 2 1 0 14 3 0 1 25 0 2 0 9 1 7 20 0 0 0 0 2 16 31 1 2 0 0 0 3 0 2 1 7 5 0 1 8 2 16 0 0 5 0 4 0 9 0 
3 0 0 11 0 23 47 6 3 7 0 13 1 0 2 1 1 0 4 3 7 0 0 0 0 7 1 3 31 1 3 0 6 0 2 0 1 1 0 10 2 2 0 4 25 4 4 0 1 0 2 1 1 3 0 1 7 1 38 23 5 1 1 3 
4 8 10 4 3 53 303 1 3 4 17 175 2 14 0 5 1 2 0 39 0 1 6 0 0 0 1 5 1 14 1 3 4 9 5 1 0 0 6 23 48 51 2 0 35 0 0 1 10 0 0 0 0 4 1 8 2 0 7 0 1 30 8 1 
5 0 1 1 25 0 5 8 0 3 1 0 1 0 4 2 0 28 1 13 9 8 56 5 6 4 6 2 8 0 6 1 0 6 0 1 1 0 13 0 42 22 8 1 0 0 2 1 0 0 0 9 10 9 3 3 0 0 10 5 0 1 0 0 
2 37 1 14 0 5 1 0 1 0 10 3 13 1 6 0 4 1 0 37 0 0 1 8 7 10 0 2 7 1 0 0 1 14 1 0 5 1 1 0 1 5 5 22 0 30 1 1 14 0 32 3 0 11 2 7 3 4 3 0 11 67 15 0 
0 0 0 0 2 0 3 1 3 13 17 1 146 1 0 10 5 1 1 2 4 1 0 0 1 0 3 15 3 0 1 1 0 36 5 2 2 1 9 1 0 25 2 13 0 1 2 0 0 1 3 2 9 248 0 11 2 7 3 2 1 16 2 92 
1 0 44 0 0 90 0 2 7 0 17 1 6 13 1 33 0 4 17 1 0 2 35 0 24 5 35 5 9 3 9 0 5 0 0 0 6 5 0 2 0 1 7 0 1 1 0 1 0 6 2 18 0 2 1 1 15 0 1 0 10 4 3 12 
21 15 3 26 0 42 1 14 0 80 0 2 1 9 6 0 0 11 12 5 3 21 8 8 5 1 1 0 6 3 0 8 4 1 0 0 5 2 2 8 0 9 5 1 3 1 0 2 1 1 0 1 8 59 0 24 5 13 0 0 1 65 1 1 
4 0 1 0 0 14 2 14 0 4 1 2 4 0 6 5 3 24 5 2 13 1 9 1 0 1 3 1 2 0 14 0 8 6 0 1 0 0 1 9 1 0 1 6 0 1 0 1 1 1 2 0 21 3 1 0 1 0 1 1 16 6 2 12 
28 0 0 10 19 10 5 0 0 2 1 1 0 10 3 2 4 0 3 1 0 0 27 3 3 10 0 1 4 0 7 3 5 0 1 1 19 0 15 7 6 0 17 1 0 0 1 0 2 4 0 0 4 0 30 0 0 3 0 11 29 1 1 5 
1 3 1 9 0 0 16 1 12 7 1 0 2 0 2 0 8 6 2 6 12 0 0 1 0 0 0 22 9 9 5 0 0 0 0 1 23 0 0 0 0 5 0 4 0 8 0 4 2 14 0 0 6 4 2 2 5 0 28 3 4 9 7 1 
1 4 7 3 1 0 0 1 0 0 0 4 0 1 10 6 0 9 1 4 1 0 1 3 0 0 200 2 2 0 11 1 2 0 1 3 23 2 1 2 22 0 24 0 0 1 0 7 3 22 0 1 0 0 2 0 0 0 6 0 0 8 56 0 
13 1 15 0 16 0 0 0 0 19 2 0 0 0 1 1 0 89 2 1 11 0 6 2 0 0 3 0 4 1 0 5 0 9 1 0 0 0 1 1 5 1 1 2 9 18 1 16 0 0 6 5 6 0 0 0 1 5 1 4 2 2 2 8 
2 0 0 0 9 0 3 8 13 1 0 0 204 1 11 1 0 5 0 0 0 4 4 2 2 0 4 8 0 1 0 0 2 1 1 0 0 0 6 1 0 3 5 1 3 13 1 0 0 4 6 4 21 0 0 2 0 0 7 4 1 7 1 2 
6 34 9 31 1 4 43 0 2 2 2 4 1 1 1 0 0 0 0 0 0 1 2 0 20 1 0 9 0 21 0 6 2 0 1 7 8 0 8 1 7 1 8 3 3 1 0 3 1 0 0 0 0 10 2 4 71 4 0 0 8 0 0 1 
0 20 155 1 0 2 14 1 8 14 0 2 5 0 2 1461 0 0 5 0 31 2 6 0 3 1 2 0 5 0 20 52 0 12 1 4 0 0 12 0 12 0 1 0 0 0 2 0 0 0 1 5 1 2 6 13 0 7 33 0 7 0 0 0 
0 7 5 5 1 23 0 2 5 0 25 4 0 28 0 2 1 47 1 5 2 1 3 0 0 0 0 1 0 10 1 1 6 1 4 1 10 1 1 0 9 0 13 4 25 1 0 3 3 0 2 0 0 0 39 1 1 1 9 28 9 0 1 0 
1 16 0 0 1 1 1 0 10 5 14 0 0 1 4 0 0 45 0 1 1 7 11 5 0 0 0 10 16 1 3 1 3 1 2 1 15 13 2 4 30 9 0 10 3 0 1 0 3 0 22 0 7 0 0 1 1 0 7 0 10 0 3 0 
0 9 0 0 6 5 12 11 2 0 0 0 0 4 2 3 33 10 6 0 6 0 1 0 0 0 0 18 2 0 0 1 9 0 44 3 2 2 5 1 1 6 16 5 0 2 0 3 2 3 1 0 16 1 3 0 1 0 44 16 0 2 5 3 
1 8 1 1 6 0 9 2 50 0 4 1 0 1 1 3 35 7 0 0 14 0 3 0 6 1 3 21 0 7 2 153 1 46 1 0 84 1 2 0 6 0 2 3 1 2 0 0 2 3 0 2 62 1 0 1 0 0 48 9 8 1 9 8 
6 0 6 14 2 0 2 82 4 0 6 0 6 0 0 4 2 0 0 0 0 0 0 0 0 1 17 1 2 1 10 106 12 1 0 0 2 11 46 3 0 4 0 12 6 1 1 0 5 0 0 3 2 4 0 0 3 2 1 0 1 0 1 2 
7 2 0 3 7 0 0 0 0 0 0 8 0 1 0 6 0 0 2 1 1 3 1 12 0 1 5 1 0 0 3 5 4 2 6 1 8 3 0 1 1 2 0 1 0 0 0 0 2 6 5 1 1 0 45 2 0 1 0 10 2 2 0 1 
3 24 1 1 0 1 1 2 29 1 20 9 1 2 0 2 1 0 23 3 4 0 10 1 41 18 29 0 0 1 0 1 5 11 1 0 6 0 1 13 0 1 3 0 0 2 2 0 11 1 0 4 11 1 2 0 1 236 5 0 1 0 0 33 
11 1 1 0 0 3 9 0 8 1 0 0 1 0 0 5 2 15 1 1 118 0 1 1 0 4 0 0 2 3 1 2 16 0 11 2 2 0 1 44 0 0 0 0 11 39 6 1 0 1 1 3 7 0 20 2 0 53 7 0 52 0 1 0 
1 0 7 0 0 3 30 0 1 5 1 221 1 9 0 8 5 5 8 5 0 8 61 4 18 0 0 4 1 33 81 3 1 65 2 4 0 0 2 1 0 1 1 2 39 0 44 21 0 4 1 5 2 1 12 12 24 2 2 11 2 12 17 0 
10 1 3 1 0 2 1 3 12 7 0 1 1 6 14 23 0 0 1 0 1 0 3 66 0 5 1 8 1 0 0 10 58 1 1 0 2 9 0 23 12 1 16 8 5 9 3 1 1 0 0 1 0 1 34 0 26 6 1 1 4 2 3 0 
3 0 1 97 9 2 0 1 8 0 0 16 0 27 0 1 0 2 5 0 1 5 0 11 0 5 2 1 3 11 0 2 0 1 0 0 1 1 0 0 6 1 8 1 0 0 5 0 0 7 2 4 12 34 4 2 0 0 0 10 0 9 29 2 
1 6 1 6 3 6 0 2 47 6 13 3 1 7 10 2 1 13 14 6 0 8 1 6 1 0 6 0 11 0 35 1 20 28 9 0 0 7 1 2 0 4 6 1 8 0 3 4 0 1 0 0 1 1 4 0 2 0 10 1 11 7 2 1 
5 0 90 1 0 11 1 8 0 1 1 0 0 0 0 1 9 0 0 14 15 1 22 21 0 1 3 6 117 0 0 1 0 12 0 7 1 9 0 3 4 0 5 0 5 0 1 1 32 3 6 0 9 209 0 1 1 0 2 5 99 0 31 1 
0 4 3 15 21 11 0 28 0 0 0 0 75 5 2 0 4 13 0 0 4 1 1 14 0 4 16 4 1 1 0 9 6 1 3 0 48 2 0 0 2 49 1 1 4 0 1 4 3 0 0 11 9 3 13 0 1 19 9 1 0 0 1 0 
23 1 0 1 10 0 0 50 0 0 1 0 1 19 6 1 1 0 8 13 6 1 0 1 2 0 1 1 0 8 7 0 0 6 1 4 3 0 18 3 5 0 0 1 1 8 0 1 7 2 0 0 3 45 1 0 2 0 1 24 6 0 0 0 
2 0 57 81 7 3 205 0 4 37 10 0 0 1 4 2 1 0 2 34 0 0 4 1 2 4 1 0 0 26 3 15 0 4 1 1 0 1 8 2 3 12 0 0 2 1 22 0 1 8 0 0 0 2 0 7 1 0 2 6 0 6 25 0 
0 0 1 2 0 1 0 0 4 38 4 1 3 4 11 0 0 3 0 0 0 0 5 16 2 5 3 0 2 0 7 0 0 65 2 0 0 6 5 1 4 0 0 1 0 3 2 47 0 2 0 0 0 4 2 1 4 0 0 1 24 11 0 1 
1 2 0 22 0 26 6 1 11 18 0 0 8 0 2 14 2 6 3 84 4 1 24 20 3 1 0 6 40 5 0 14 4 0 0 5 39 3 0 0 7 4 1 0 3 0 3 1 0 9 22 10 0 0 3 1 0 0 0 2 3 0 11 0 
2 0 17 0 0 1 5 2 3 2 2 4 1 7 0 2 6 1 11 0 6 3 3 6 0 0 1 5 3 1 6 237 2 3 0 11 0 1 0 1 1 0 2 5 0 1 0 0 7 1 2 0 2 7 0 5 4 3 20 11 2 20 7 0 
11 1 21 4 0 0 0 1 35 3 90 21 2 0 2 3 4 8 1 0 11 13 2 0 0 0 2 3 1 0 0 4 8 1 0 1 22 46 54 0 1 2 0 5 0 0 0 2 0 2 2 10 10 6 1 0 2 88 13 1 9 0 2 4 
0 4 1 1 2 45 0 7 1 0 4 0 0 0 2 18 26 8 0 0 0 1 0 1 2 242 0 8 0 3 4 3 2 77 0 1 2 0 69 0 2 6 1 9 1 0 21 2 0 0 10 51 1 12 2 0 0 0 1 8 2 0 3 2 
0 17 35 0 5 10 0 5 0 100 46 25 1 0 0 0 0 2 7 0 0 6 1 0 0 0 1 0 0 0 0 21 0 1 3 10 29 22 0 1 89 0 6 0 30 0 0 1 0 4 1 0 3 0 0 0 6 14 4 6 0 7 3 1 
0 1 1 53 4 2 6 0 1 0 0 1 1 1 37 0 9 6 12 25 42 2 5 35 6 8 13 4 22 7 9 7 0 0 0 0 2 0 0 0 2 12 6 12 6 2 4 1 5 7 9 2 0 6 0 0 2 1 5 0 4 7 2 0 
2 0 3 7 5 0 0 1 7 0 0 0 2 0 6 0 0 10 2 2 0 2 0 1 0 0 1 12 0 3 8 3 0 1 3 39 7 0 0 0 1 0 1 1 0 0 16 2 0 10 6 0 10 1 55 24 1 23 0 0 4 55 2 1 
5 8 3 0 1 0 5 1 2 0 0 1 6 8 1 0 2 0 0 10 3 0 0 3 1 25 0 2 0 37 4 32 0 0 2 2 0 0 1 2 1 1 7 27 3 13 13 1 2 1 1 0 5 1 0 1 14 3 6 0 3 29 0 0 
0 48 2 82 5 0 2 2 3 2 1 2 0 3 0 0 0 1 5 1 2 1 48 0 1 4 3 17 1 0 0 0 0 10 0 0 0 0 3 42 0 4 18 0 0 0 0 39 7 0 42 9 1 0 0 1 5 1 2 0 4 2 12 0 
2 1 0 6 0 0 0 9 0 25 0 0 0 29 1 2 0 1 98 1 3 0 4 5 0 37 1 1 2 8 12 0 2 5 6 6 0 2 2 4 3 10 39 13 2 0 0 0 1 4 0 0 0 0 1 0 25 1 2 0 2 1 0 0 
2 18 1 15 0 10 0 0 0 0 1 0 5 1 0 30 0 0 0 0 184 2 0 5 1 2 18 0 9 9 0 0 2 3 70 1 17 0 5 0 2 0 0 0 1 10 3 33 1 5 1 0 5 5 1 2 1 0 0 7 0 2 39 0 
1 1 0 2 4 0 21 75 0 4 0 3 3 0 1 0 5 0 1 1 3 1 5 1 1 0 17 6 51 0 0 0 1 25 0 8 1 13 1 7 28 5 0 0 67 0 2 21 0 1 0 4 30 12 94 0 2 0 0 0 0 2 16 1 
0 11 1 1 0 11 0 19 0 0 3 9 1 0 18 2 1 1 7 1 26 1 0 3 8 0 15 0 8 6 0 1 0 6 0 0 0 3 3 2 10 10 4 0 5 0 2 0 0 5 9 1 4 0 14 0 20 1 20 5 0 3 6 0 
1 3 0 24 3 18 35 1 1 0 8 1 0 4 0 10 0 0 0 1 3 1 11 0 0 1 1 6 0 1 2 1 1 4 0 0 0 3 0 5 1 14 0 0 0 0 9 2 4 8 8 0 9 1 2 0 0 0 0 27 5 4 1 0 
92 0 20 0 1 3 1 2 0 1 2 5 0 0 5 2 0 0 21 9 0 6 5 0 12 1 1 10 7 9 3 2 22 14 28 12 17 3 4 0 0 1 0 0 12 0 0 0 2 2 0 1 28 1 0 1 1 1 3 1 2 3 21 0 
24 0 0 1 0 0 2 1 6 1 0 0 7 1 1 1 0 1 0 0 1 1 0 7 0 1 0 0 0 1 1 2 3 1 116 82 1 0 1 9 1 0 1 3 4 0 0 18 0 1 135 0 14 0 26 0 1 11 2 2 1 1 0 3 
17 0 0 1 1 0 3 0 0 7 0 1 36 0 0 1 0 1 0 9 7 20 1 4 19 1 6 2 13 9 2 0 0 0 7 0 0 0 3 0 5 0 1 1 10 0 0 0 0 2 7 1 0 10 1 9 9 0 0 0 6 4 0 5 
8 1 0 10 0 0 9 3 0 0 1 0 3 2 0 2 1 0 3 3 6 32 0 0 0 1 0 1 3 1 11 0 0 149 9 0 9 0 8 0 0 0 4 2 0 15 4 0 7 25 0 0 0 2 8 0 9 303 0 1 1 0 1 0 
4 1 0 1 1 1 12 3 6 0 0 1 0 2 0 1 0 2 0 1 1 1 7 0 9 0 0 9 11 0 16 0 1 0 1 0 1 1 18 0 0 0 2 8 0 74 0 10 3 0 12 0 4 0 0 1 29 0 0 2 0 2 0 2 
1 0 1 4 7 1 0 3 19 2 12 0 2 1 3 2 40 0 0 49 0 0 0 1 0 3 3 0 0 1 0 4 0 1 2 1 4 15 7 2 6 15 0 6 3 2 1 2 2 4 0 9 28 0 17 2 5 6 3 3 1 3 0 17 
1 3 10 1 0 96 1 3 2 118 0 0 1 0 1 0 1 1 0 8 0 16 1 9 21 0 2 1 0 0 3 3 15 0 0 0 1 0 0 7 0 8 1 3 6 24 2 0 1 3 0 1 1 25 2 22 3 1 0 2 2 8 2 1 
3 1 0 4 0 2 7 1 10 1 18 37 0 1 1 0 0 0 0 1 1 0 0 0 10 1 0 1 1 5 0 2 0 2 1 11 0 18 0 1 0 13 1 1 27 0 0 3 33 1 7 0 13 1 0 13 0 80 8 0 1 0 0 65 
7 6 0 21 1 2 0 4 0 5 2 0 4 0 7 1 3 4 1 9 10 0 11 1 26 1 0 8 0 0 4 0 1 2 1 0 5 1 0 2 1 1 1 0 0 0 1 0 1 0 5 2 1 0 35 0 1 108 2 2 0 2 1 14 
56 2 2 32 0 1 1 8 23 3 0 5 6 0 2 4 9 1 9 23 3 1 6 3 9 14 5 0 0 1 1 5 4 305 5 2 0 1 1 2 1 13 22 0 3 0 1 1 12 0 0 10 1 45 0 182 0 2 1 1 1 5 3 0 
1 1 103 0 18 0 1 0 0 0 0 2 1 0 34 2 0 1 126 3 2 4 4 58 6 1 2 1 1 0 0 20 12 5 4 1 2 0 2 0 1 2 5 1 1 13 3 26 57 5 0 22 0 3 20 6 0 6 2 36 4 9 56 0 
1 1 4 0 5 2 5 0 9 0 0 0 11 1 13 0 1 0 1 13 6 1 0 23 1 0 21 1 29 1 19 3 58 0 1 1 0 1 1 4 0 0 0 6 0 4 0 5 0 2 1 13 0 1 1 115 18 0 6 0 20 0 5 0 
0 4 1 8 3 0 35 0 1 0 0 40 1 0 0 0 4 1 2 2 1 1 0 1 0 0 0 49 21 44 13 0 0 0 5 3 1 5 0 18 1 1 4 1 0 1 1 0 0 5 0 0 0 0 1 2 1 23 1 0 3 6 1 1 
110 1 4 4 0 1 0 1 0 1 7 19 0 0 9 4 0 4 1 0 9 0 27 8 0 2 11 0 0 2 9 1 1 0 2 0 2 5 0 7 0 0 7 5 1 0 0 3 10 1 2 2 0 18 1 0 4 0 24 0 2 1 0 2 
0 0 13 2 2 8 5 0 1 209 1 1 8 0 2 0 0 0 0 17 8 163 3 0 4 1 0 0 0 1 2 1 4 2 0 4 1 4 2 1 30 1 0 0 0 185 0 0 1 3 3 1 2 5 7 3 60 1 0 0 17 8 0 2 
1 2 1 3 19 3 1 2 1 1 10 30 41 3 1 67 6 0 1 1 4 24 0 1 6 2 1 0 2 0 1 0 1 0 0 0 3 3 3 3 9 1 10 0 1 1 3 0 1 2 2 0 1 9 0 1 1 0 2 0 0 9 2 13 
4 13 6 6 6 2 0 1 3 0 0 9 36 3 0 2 2 1 1 7 0 0 0 0 2 0 10 7 3 1 1 0 0 1 9 1 17 0 4 0 72 7 2 3 0 0 31 22 8 0 2 2 0 7 0 4 0 3 6 2 2 0 0 0 
3 0 13 7 3 11 0 4 0 1 1 0 2 0 0 5 2 0 0 1 0 17 2 2 5 11 0 0 39 0 1 0 10 0 1 0 1 2 8 4 0 0 1 32 0 0 0 5 0 35 0 0 1 2 0 21 0 0 1 2 0 6 1 10 
1 0 2 1 1 22 0 43 1 1 0 4 4 4 8 6 11 7 0 1 4 30 6 37 0 5 3 0 0 1 2 0 4 0 0 12 1 3 0 2 1 19 1 6 1 1 0 17 33 6 0 98 0 7 19 0 0 0 6 0 3 11 10 1 
10 0 0 1 0 0 3 0 3 0 5 0 0 2 0 1 69 4 2 45 21 3 1 0 1 0 12 21 14 0 1 0 0 6 10 0 22 0 1 0 1 1 12 30 0 3 2 0 1 5 1 0 15 1 3 0 9 2 4 6 11 10 0 4 
3 4 15 0 4 5 1 10 6 3 21 0 0 9 15 1 1 58 0 0 1 47 12 2 3 13 4 3 2 1 1 28 1 0 4 1 25 7 5 2 0 0 0 9 5 6 1 0 0 1 5 1 13 118 1 9 1 0 1 3 0 8 2 0 
9 15 0 0 0 2 0 30 1 0 14 37 0 0 5 0 5 0 3 15 9 4 3 1 35 4 11 4 1 1 0 0 1 0 4 1 25 3 0 0 0 15 1 10 1 19 37 2 0 0 5 2 2 0 5 1 0 7 25 3 0 0 56 1 
1 3 1 11 0 5 2 0 0 1 0 2 1 42 0 6 0 0 9 1 0 1 9 0 0 24 0 0 1 12 5 0 2 0 1 0 0 0 4 2 8 9 2 0 2 0 1 0 4 1 3 9 24 2 8 2 1 1 9 0 1 0 2 3 
7 0 0 1 3 0 1 2 0 5 0 0 70 0 0 23 1 25 0 23 0 2 1 0 1 1 7 0 1 19 2 39 24 6 3 2 3 1 2 0 5 1 9 1 0 0 13 1 0 1 4 0 105 4 0 0 0 3 0 2 12 1 6 0 
5 0 0 183 0 0 3 0 1 2 0 0 0 0 2 0 0 1 5 4 6 0 1 0 10 0 12 2 0 0 2 1 11 61 1 15 0 50 2 8 1 0 2 0 7 0 0 4 1 58 1 0 53 0 2 3 59 12 7 0 1 550 5 6 
0 1 4 1 9 0 18 3 0 23 3 0 1 0 0 8 1 2 13 0 29 7 1 2 0 0 2 26 31 0 1 5 35 25 1 4 46 13 1 9 0 9 13 20 4 5 23 2 2 2 0 1 0 2 0 15 2 8 44 5 0 2 1 2 
5 5 26 4 0 1 12 33 5 2 1 1 18 1 0 0 0 1 27 0 1 0 2 2 0 0 5 1 0 0 0 0 0 6 1 3 11 24 1 6 0 1 7 1 3 1 0 0 1 0 1 0 1 20 0 4 0 0 1 2 1 0 0 2 
3 133 0 0 0 0 5 1 0 0 2 0 13 1 5 0 0 1 4 2 7 3 6 1 12 1 1 0 8 2 0 61 7 1 0 100 0 2 6 3 0 6 2 0 6 3 1 1 3 0 0 2 20 8 12 2 0 1 1 3 0 2 74 0 
0 2 3 0 3 25 1 0 1 2 5 2 1 2 1 2 1 0 0 1 11 0 17 0 4 2 15 1 1 52 1 2 37 12 8 7 4 27 6 2 4 2 3 1 0 0 17 0 0 1 4 3 0 22 1 0 5 1 57 11 0 2 0 25 
0 5 10 6 3 2 0 14 5 1 1 1 0 0 2 2 12 3 9 2 1 3 14 2 1 2 0 2 6 0 0 3 0 2 0 1 19 0 2 54 2 6 3 0 13 0 2 1 0 0 0 1 0 26 5 0 0 0 1 1 0 1 0 38 
0 6 2 11 2 2 0 1 0 0 1 17 1 24 2 5 0 3 0 2 6 0 1 1 2 0 2 4 1 17 1 0 3 20 3 1 1 15 2 48 65 6 12 7 0 3 5 6 1 2 0 0 2 8 29 0 4 0 0 0 2 1 0 1 
53 0 7 1 0 0 3 0 1 0 1 0 1 5 5 61 3 10 13 0 3 1 0 4 7 0 0 39 20 2 0 6 0 0 1 0 1 1 0 0 27 1 9 0 0 0 0 4 8 0 0 6 4 0 0 0 8 1 0 5 3 16 0 13 
1 0 17 25 78 167 1 18 8 1 4 0 0 0 5 16 5 4 32 2 11 0 1 0 0 1 0 1 7 1 0 0 2 0 0 7 0 1 0 1 12 5 4 0 0 7 0 1 5 213 5 0 1 18 0 1 39 2 2 5 44 0 2 16 
20 5 0 0 2 20 5 4 327 0 9 0 0 19 0 0 5 1 10 0 0 9 1 1 2 1 0 0 7 5 0 0 2 2 0 3 2 0 26 0 0 0 0 0 0 1 0 3 0 0 1 0 1 4 5 0 36 4 0 0 2 2 0 1 
2 1 0 119 1 0 0 0 9 41 10 9 19 0 14 4 0 3 13 26 2 23 1 0 2 12 4 17 3 0 3 0 2 0 4 1 1 2 1 0 18 2 0 1 7 4 22 254 0 0 1 0 2 0 0 17 0 0 1 0 0 20 3 0 
0 3 0 18 4 8 0 0 16 79 10 0 0 1 1 7 4 11 26 0 4 4 11 13 0 10 8 1 3 13 0 28 0 4 2 1 3 21 12 1 1 6 10 10 4 0 16 3 0 2 3 5 0 4 5 40 4 1 0 0 0 0 2 0 
1 9 6 0 0 0 1 0 1 0 0 0 3 1 4 0 7 2 37 0 1 0 1 1 0 4 0 4 1 7 5 0 0 40 6 2 9 0 8 5 5 1 3 1 2 11 4 1 4 1 9 1 2 0 0 2 0 0 3 6 1 1 1 6 
5 1 3 0 12 9 10 3 3 0 1 0 1 1 0 5 0 0 1 0 1 3 1 18 2 1 2 1 71 4 1 2 3 4 12 1 0 0 4 0 4 2 1 1 1 7 0 0 1 5 1 6 1 0 0 0 13 1 4 2 0 1 126 9 
0 0 0 0 2 4 0 35 0 3 1 0 6 1 9 1 1 0 0 0 2 1 2 1 2 0 22 4 7 3 22 1 0 0 1 0 1 10 1 3 0 0 2 38 0 60 1 0 0 6 0 0 2 3 1 1 1 3 4 4 2 0 1 1 
6 1 4 2 0 4 38 0 3 13 2 0 1 0 0 1 484 1 0 5 0 5 0 8 1 0 4 26 1 0 24 0 2 1 0 0 10 2 0 1 0 0 0 1 0 0 7 0 10 20 3 16 0 10 0 2 2 15 1 2 0 0 0 6 
2 0 0 17 0 1 0 5 0 5 2 1 3 4 2 31 0 16 0 16 1 4 0 87 5 6 2 9 0 11 1 1 3 3 0 0 2 1 6 0 0 24 0 17 68 1 1 0 0 1 3 2 19 6 0 0 0 4 26 0 29 0 1 10 
0 1 31 26 0 13 0 1 0 0 2 0 0 2 3 0 0 0 0 1 1 96 0 0 0 51 1 2 3 2 3 2 30 8 1 1 1 4 2 1 0 1 0 0 1 14 49 1 30 80 0 4 80 2 6 20 0 0 4 1 1 22 2 0 
4 5 4 10 21 0 2 11 5 0 0 87 2 28 15 0 0 11 3 22 0 1 3 12 0 1 4 25 0 0 1 1 1 5 1 0 1 32 40 1 2 0 55 0 1 0 0 0 0 0 2 0 0 0 14 0 12 2 2 3 0 0 615 0 
3 1 5 2 5 1 0 0 0 16 3 9 2 9 8 27 13 1 7 7 1 2 3 25 0 16 0 0 5 0 0 1 0 1 1 1 12 0 7 0 1 1 6 439 4 6 5 9 2 0 12 1 0 1 3 2 12 14 0 0 1 6 1 1 
0 8 2 33 1 1 0 1 20 0 0 0 1 1 1 2 7 7 2 0 1 12 0 6 2 6 0 0 0 1 0 2 0 1 0 4 2 3 1 5 0 2 0 5 3 1 2 11 4 3 0 5 1 2 1 0 1 0 4 1 0 17 0 6 
0 0 29 0 1 2 0 0 2 0 1 1 2 5 0 10 0 1 5 0 14 7 2 0 0 0 1 11 0 30 0 5 2 54 13 18 1 1 10 0 2 3 2 1 3 1 0 3 2 1 0 2 13 1 2 1 0 6 6 1 8 0 6 8 
2 2 8 0 0 6 0 0 1 0 3 2 0 1 0 0 1 4 4 1 0 2 13 0 0 2 2 70 13 3 0 0 2 2 6 1 5 3 2 0 1 5 0 0 0 8 19 24 1 7 3 45 9 0 0 0 1 0 0 6 2 0 4 3 
0 0 0 0 2 5 10 9 1 5 0 1 0 1 43 0 15 1 0 0 5 9 3 0 8 2 0 6 21 3 0 1 7 0 0 4 0 0 7 13 0 9 7 0 0 0 0 1 2 0 12 18 33 2 1 0 16 28 1 0 1 2 3 13 
2 0 3 1 11 2 23 26 29 0 0 6 0 0 5 0 3 1 1 1 0 0 0 55 18 0 7 0 1 0 1 2 0 0 14 1 2 5 31 0 3 0 0 11 106 2 0 1 0 4 1 0 0 1 1 6 2 0 0 0 1 1 0 0 
2 0 15 19 11 3 0 24 21 1 31 3 1 0 0 0 2 1 0 2 3 2 1 2 0 18 1 12 0 7 7 0 0 5 16 36 2 18 0 9 29 1 0 0 0 0 6 23 0 0 6 4 5 0 3 0 0 0 2 61 3 1 0 3 
20 2 1 0 0 0 0 1 0 0 8 20 1 0 2 0 23 0 4 0 0 1 29 68 1 0 103 1 0 1 0 15 0 27 10 22 8 9 3 0 19 0 0 17 2 9 0 1 1 0 1 0 0 0 0 2 14 0 364 1 0 1 4 8 
0 8 3 39 1 0 0 0 1 0 4 89 1 2 2 0 12 1 4 18 8 0 1 0 2 0 27 18 4 4 4 26 1 26 0 3 0 3 0 0 1 17 4 1 1 0 27 11 1 2 0 1 1 1 0 0 25 0 2 2 0 3 28 0 
1 1 2 0 1 1 1 9 7 0 120 0 1 0 0 0 2 1 0 3 0 1 2 2 0 1 11 0 2 7 9 2 1 7 0 0 3 0 2 0 3 5 1 8 0 5 8 1 57 0 0 1 0 1 7 0 1 7 4 0 0 2 1 8 
5 0 1 9 1 135 1 3 1 6 5 1 3 1 12 0 0 12 0 3 0 19 116 0 17 1 0 1 32 2 3 9 13 0 0 6 3 0 2 0 1 38 0 0 3 4 1 0 1 121 8 10 5 0 1 0 0 0 14 5 0 2 0 0 
2 1 46 0 20 213 56 1 92 0 7 2 1 0 0 3 3 1 6 1 7 1 3 5 1 0 0 58 6 1 5 11 2 0 2 1 2 2 1 1 3 0 5 0 24 14 0 7 129 0 1 8 0 16 5 1 3 8 0 3 3 2 4 1 
0 2 0 3 4 1 6 1 1 1 5 0 8 0 3 0 1 0 1 21 2 1 5 5 0 1 5 3 6 14 2 1 1 9 0 2 0 1 9 2 0 1 1 0 8 0 0 1 1 1 0 0 2 0 0 2 3 0 4 44 143 0 0 9 
0 36 0 0 1 14 3 1 0 0 8 0 2 51 0 9 24 2 0 8 12 0 2 3 4 0 4 5 0 11 0 2 7 2 3 0 4 1 0 0 4 3 0 3 2 0 0 20 0 11 0 11 1 1 7 0 22 3 0 0 16 5 1 0 
10 14 0 2 4 5 1 8 17 1 5 13 1 0 0 3 10 23 6 0 2 13 73 2 2 1 0 1 6 0 0 0 2 6 12 2 134 1 0 2 0 2 0 0 0 1 21 10 3 0 7 1 4 3 121 0 0 2 0 0 1 0 4 9 
5 4 4 2 0 13 1 4 1 4 1 7 2 16 13 5 2 2 14 16 0 0 48 1 0 0 0 0 0 0 2 0 0 2 14 8 3 0 16 0 0 0 10 2 7 0 16 1 8 38 7 0 2 24 8 0 12 12 0 8 2 2 33 0 
9 13 1 9 0 0 3 0 1 4 5 1 1 0 0 12 0 2 1 72 0 0 5 3 1 0 6 0 0 4 1 0 1 1 49 3 0 7 3 6 0 0 2 6 23 10 0 7 1 8 0 4 1 0 0 1 1 0 1 1 2 3 45 2 
0 8 6 6 18 1 14 0 0 0 2 0 0 0 14 20 0 0 0 0 0 2 4 1 3 3 3 1 14 0 0 0 0 0 15 1 4 0 0 0 0 4 3 0 0 11 8 1 9 3 2 1 1 0 1 0 0 1 0 0 0 0 0 14 
26 4 0 2 0 3 5 1 1 66 7 13 0 0 2 2 3 5 340 0 1 19 3 2 0 0 1 4 7 1 0 32 9 1 6 3 27 0 0 3 7 2 0 0 12 0 24 1 4 6 0 10 0 2 2 0 3 0 0 33 12 2 4 1 
0 2 5 0 10 87 0 11 7 1 0 5 0 2 26 1 0 56 0 0 1 1 6 0 0 0 1 1 165 13 3 16 0 14 0 0 1 2 1 6 22 0 1 2 3 33 100 0 0 0 0 16 5 20 1 1 6 1 26 0 1 0 0 0 
10 54 0 20 30 1 12 0 1 8 0 0 22 0 1 5 3 0 99 18 5 0 0 1 2 27 1 15 4 0 0 0 15 0 5 1 0 0 0 1 5 0 0 0 9 31 18 0 2 5 0 2 144 13 0 0 1 0 2 0 9 8 3 10 
1 0 0 0 27 1 1 13 0 0 4 7 1 0 3 0 0 1 1 2 0 1 5 845 5 1 1 2 4 0 0 2 22 2 1 0 1 39 3 5 1 0 0 1 1 2 29 4 1 9 31 105 7 0 80 2 7 1 14 0 2 3 4 4 
0 1 0 0 1 3 1 0 2 2 3 0 15 1 1 25 3 0 3 0 3 10 1 0 0 24 4 9 1 2 0 1 0 3 6 0 1 4 0 22 0 3 8 0 0 1 2 0 5 5 5 4 0 0 47 0 11 2 0 3 2 3 134 1 
60 8 0 1 0 7 0 4 0 3 0 0 5 24 0 0 1 26 5 2 0 0 0 2 25 8 0 0 9 4 7 8 12 1 0 1 13 0 0 0 0 0 1 0 6 0 8 1 0 0 3 1 0 8 0 6 6 470 33 11 3 2 1 1 
0 8 21 0 0 3 1 2 2 0 1 1 0 2 15 1 0 0 2 2 2 0 0 6 1 14 4 1 2 1 1 0 0 0 2 0 2 1 0 7 0 1 0 0 0 9 0 12 0 20 379 3 18 1 1 4 1 1 8 4 1 6 0 4 
12 1 4 22 0 12 3 0 0 0 8 4 2 1 0 1 0 0 1 1 0 7 1 1 1 6 2 9 3 5 4 11 0 9 1 1 0 0 1 0 1 15 3 3 4 1 1 2 2 3 0 13 2 8 1 202 3 9 99 1 1 6 0 1 
1 2 5 3 0 1 7 1 0 5 0 0 1 13 10 5 4 4 2 9 0 5 0 0 1 0 31 0 2 1 2 121 2 3 0 1 2 2 6 2 0 1 30 0 2 2 0 7 0 2 17 4 0 0 0 0 3 6 3 6 2 8 0 0 
9 2 7 0 0 0 0 0 0 6 3 3 13 0 21 1 7 0 1 0 1 0 1 2 0 0 0 2 0 0 1 0 2 64 1 4 7 11 0 0 3 7 1 63 0 1 6 0 1 2 0 12 2 0 10 0 2 223 32 27 8 4 0 57 
0 33 1 1 15 7 0 46 0 4 50 0 0 0 0 0 2 0 0 0 0 1 0 0 0 0 0 4 11 0 53 11 8 0 0 6 0 2 11 15 3 0 1 7 1 0 1 1 0 6 1 0 0 6 0 9 1 4 0 0 7 0 1 25 
1 0 7 0 0 5 0 9 1 0 1 5 0 6 4 6 0 1 0 0 11 140 6 1 2 1 3 2 0 1 0 1 2 3 1 1 5 9 223 2 0 0 1 1 7 8 0 89 9 0 2 3 1 0 0 17 7 4 1 8 0 0 0 0 
5 40 151 1 10 0 3 33 2 134 6 38 85 2 0 25 1 0 8 0 22 2 7 69 0 5 0 0 6 3 3 1 0 2 5 0 0 2 3 0 9 0 0 5 1 3 5 3 2 0 18 0 0 14 0 0 0 1 1 8 3 0 1 0 
0 12 0 2 6 6 8 3 0 0 49 3 17 25 1 1 1 18 3 1 2 14 0 4 12 1 1 4 0 12 16 22 0 9 9 14 1 0 2 8 4 0 1 16 2 14 1 3 8 1 1 2 1 4 1 2 41 0 25 48 6 0 20 2 
70 66 16 0 2 3 3 0 20 0 0 0 5 14 4 1 0 0 0 4 0 78 2 0 0 1 236 0 0 3 5 7 7 10 0 1 4 7 10 5 39 3 1 0 4 0 17 0 0 1 1 41 0 0 8 1 0 0 8 6 5 4 0 3 
4 6 0 1 3 4 2 0 0 0 3 9 1 4 0 2 0 2 1 0 4 1 1 0 1 1 0 1 0 2 22 0 7 3 1 2 1 1 0 0 0 24 0 2 0 5 8 0 0 0 0 0 3 0 1 4 61 2 1 1 14 89 0 0 
5 3 0 1 1 0 0 6 14 1 9 0 59 3 0 11 1 3 0 87 4 8 0 10 2 7 4 0 4 1 27 0 11 0 9 2 0 0 5 0 0 6 4 1 0 1 2 3 5 1 0 0 1 2 0 4 0 9 19 2 12 5 0 7 
5 6 0 1 1 0 1 0 2 12 0 2 2 0 66 30 0 0 3 3 0 21 2 0 0 0 8 16 0 6 1 2 0 2 15 1 0 6 2 0 0 0 1 0 0 2 0 0 6 1 48 6 0 8 0 0 12 0 1 0 3 0 1 20 
0 0 0 3 1 7 3 7 3 1 0 3 2 0 0 2 0 1 6 20 0 1 2 2 0 9 0 2 1 0 1 0 0 2 0 4 1 4 9 12 6 5 0 0 2 2 2 14 0 9 1 1 0 11 0 0 5 0 0 0 2 0 29 4 
3 4 0 1 0 1 0 47 0 3 0 5 6 6 1 1 6 1 1 5 3 2 0 2 0 1 2 0 5 0 1 2 0 7 5 8 2 15 27 0 1 0 10 20 0 16 1 0 2 34 14 0 18 52 4 0 0 1 0 1 31 4 1 55 
1 0 8 19 7 2 0 1 1 1 0 0 1 6 1 0 0 3 0 1 36 3 0 0 6 3 123 1 14 228 1 0 2 7 4 0 1 23 0 0 2 1 6 2 0 1 1 5 4 22 91 1 2 0 5 13 0 4 1 0 1 107 1 0 
0 1 1 0 11 0 0 1 0 0 0 0 1 104 0 40 1 22 0 94 0 0 4 6 12 1 0 0 1 5 3 5 12 0 13 0 2 8 6 4 27 1 1 4 0 0 14 0 4 0 1 2 2 3 15 0 1 5 1 1 12 0 3 3 
1 1 0 6 0 0 31 1 0 0 1 1 1 1 0 0 1 0 0 10 1 0 0 0 2 4 2 0 1 0 2 8 8 4 3 7 5 3 0 7 7 3 2 0 0 5 0 1 1 0 0 2 13 5 9 4 0 0 0 4 2 0 0 35 
0 0 0 1 0 5 0 4 12 2 7 3 0 6 16 0 0 0 2 7 1 0 91 36 0 0 1 0 0 1 2 5 0 0 3 10 1 0 1 121 0 3 2 2 25 1 97 12 0 6 12 0 10 46 0 12 0 1 13 15 1 47 2 187 
1 1 30 1 31 6 1 1 1 1 50 1 3 1 1 0 6 1 2 14 5 2 0 0 1 10 15 0 0 0 4 8 0 1 0 0 0 90 0 1 1 0 35 0 6 2 29 6 28 0 6 0 1 5 4 0 0 5 0 2 6 15 6 0 
1 2 1 0 1 0 2 2 13 33 2 1 3 0 0 3 0 0 0 14 1 13 1 0 22 0 0 11 0 1 1 2 5 1 8 21 38 0 1 102 0 4 3 2 33 2 5 0 30 1 0 6 3 1 1 0 11 0 1 2 11 1 1 0 
1 1 8 5 2 1 3 2 2 20 1 1 1 0 13 3 2 2 1 0 11 1 2 1 0 5 14 6 21 2 0 0 0 5 6 0 2 2 7 0 1 1 4 0 3 3 3 4 1 25 2 0 8 6 0 2 0 14 1 4 9 6 0 11 
0 19 8 15 0 1 2 28 93 0 18 2 1 8 1 10 1 0 0 0 3 79 1 15 0 3 13 2 2 2 0 1 4 0 3 0 11 10 22 0 1 0 0 20 10 1 1 2 3 1 0 16 3 0 2 8 1 11 0 129 38 19 1 2 
7 1 2 3 23 0 0 1 3 0 1 0 0 0 0 3 2 0 1 33 2 0 0 12 2 0 0 2 3 1 3 2 0 1 6 2 0 235 0 4 2 1 1 4 5 0 0 22 2 1 0 6 1 2 3 1 1 8 20 0 0 3 3 1 
0 1 14 3 0 2 21 12 8 7 0 0 38 2 1 0 2 1 53 0 10 1 1 0 1 0 3 1 7 0 3 2 1 1 0 0 0 5 0 1 1 5 0 18 587 25 3 1 0 10 0 0 1 0 6 2 0 18 9 2 0 2 13 0 
1 1 2 3 0 2 0 5 0 0 0 6 19 2 1 2 2 14 0 3 1 0 10 1 0 2 0 0 52 1 0 2 1 1 9 1 0 0 1 1 20 0 0 0 0 275 9 0 1 0 0 4 10 2 2 0 1 0 1 66 2 1 1 1 
4 1 0 1 2 2 3 0 6 4 22 6 4 6 6 0 226 18 9 1 10 19 0 19 4 0 1 0 6 45 1 0 0 1 6 0 51 6 0 4 3 1 1 2 0 0 31 2 0 5 12 56 3 0 0 0 12 8 1 1 1 0 23 4 
0 13 0 0 44 1 1 0 4 9 2 5 0 1 21 0 0 1 23 2 13 1 5 7 18 0 1 3 14 6 0 1 6 0 1 3 3 0 1 4 0 0 10 0 0 26 0 0 12 1 24 0 0 1 0 0 24 0 5 0 3 1 2 1 
7 1 2 1 1 0 4 3 4 17 3 1 0 4 1 0 7 1 3 7 7 2 0 16 0 4 0 1 0 1 1 4 1 0 0 3 4 12 6 5 0 0 1 0 0 1 0 1 1 2 1 4 10 7 0 1 0 2 0 1 0 17 4 0 
3 0 12 0 1 0 192 2 2 9 1 1 44 5 0 1 1 1 1 2 1 14 10 0 1 2 19 0 10 14 2 12 30 0 10 0 1 7 6 0 0 8 13 0 0 1 0 0 1 11 0 3 4 2 8 31 12 4 18 1 6 1 0 0 
2 40 2 1 6 2 0 0 14 4 4 1 3 0 21 6 1 1 0 10 5 6 1 0 6 9 0 1 3 140 0 0 0 3 2 1 1 14 1 9 0 57 2 0 5 0 0 0 1 0 0 1 0 0 0 0 19 6 2 0 0 0 5 2 
0 0 1 23 1 10 0 16 0 0 1 1 0 0 8 0 0 10 2 1 26 1 0 9 5 12 1 43 25 1 0 7 0 0 0 0 0 0 1 0 9 7 3 1 1 8 2 0 1 6 0 6 0 5 1 0 1 28 4 2 0 0 1 1 
3 0 1 12 6 28 1 0 10 23 21 1 8 0 8 2 0 13 2 16 4 4 0 1 0 1 11 4 0 0 0 0 4 0 8 0 18 0 0 0 4 0 8 1 0 0 3 1 7 1 4 6 0 3 10 0 0 1 1 16 1 131 7 44 
6 2 1 3 0 0 3 1 1 0 1 21 14 0 34 0 22 27 0 0 1 13 2 0 6 1 11 5 0 0 1 1 2 2 0 0 2 80 2 6 2 1 3 2 15 1 3 0 0 0 4 0 0 30 1 0 0 6 4 35 1 0 3 1 
2 0 14 1 38 0 4 1 2 21 1 6 115 0 5 3 2 31 1 1 5 0 0 7 5 2 1 0 7 9 0 1 0 5 0 4 0 4 3 0 9 4 1 3 0 5 3 3 5 27 1 4 4 0 0 1 35 1 0 0 2 0 0 0 
0 0 0 7 4 2 1 1 7 41 37 0 0 28 0 0 5 3 7 48 1 2 15 17 5 0 0 1 13 1 0 2 0 6 3 3 0 0 0 0 0 5 3 0 1 0 1 0 2 5 17 3 16 0 1 0 0 0 16 0 0 0 1 0 
13 0 0 4 0 6 2 31 0 0 1 2 1 1 2 0 32 5 0 0 0 20 13 0 18 0 2 2 6 1 2 58 11 0 2 1 3 0 1 3 6 18 0 33 0 3 0 1 2 2 2 2 2 9 1 1 16 0 5 1 30 70 1 30 
5 1 0 0 12 0 6 0 0 12 7 0 5 1 0 0 0 12 14 0 6 1 3 0 1 10 1 9 5 0 165 30 5 0 1 0 1 0 0 0 3 4 0 4 21 1 1 2 2 2 0 0 0 6 0 0 0 3 3 2 0 0 0 5 
1 8 2 7 0 0 24 1 9 1 0 1 0 0 0 3 1 0 1 0 0 17 9 0 0 1 2 0 7 13 1 6 0 49 3 7 2 1 0 2 1 1 0 1 0 0 5 9 3 5 0 17 4 2 8 0 0 2 2 2 1 0 0 4 
1 6 8 6 0 4 0 0 0 0 0 187 0 0 0 0 6 8 5 2 0 6 1 14 2 0 4 12 1 0 0 0 1 4 0 4 4 0 0 2 0 1 8 3 1 7 4 0 2 6 1 0 1 3 17 1 2 0 45 0 10 0 263 0 
1 4 0 0 6 2 0 1 1 6 4 2 14 8 2 3 0 2 5 7 21 10 0 8 1 1 0 6 0 4 33 0 0 0 2 4 3 23 1 30 0 0 7 0 1 3 2 1 6 0 9 13 1 17 0 0 5 0 0 3 40 0 2 2 
2 7 1 1 0 2 8 0 7 0 1 15 1 1 0 0 0 1 1 0 0 18 58 0 3 14 0 4 4 0 0 0 0 49 1 0 3 11 0 2 1 6 34 2 0 64 2 5 0 0 0 185 0 6 1 92 18 3 1 18 12 2 6 1 
2 16 22 8 0 1 4 0 27 109 3 2 6 6 0 0 4 4 0 15 0 0 0 1 1 0 7 4 0 0 0 0 1 4 7 0 0 2 1 4 6 0 8 2 5 2 7 3 2 1 7 0 1 1 0 5 2 3 0 2 2 2 8 1 
1 2 0 0 0 0 0 2 3 11 3 11 2 1 0 1 26 4 17 1 19 0 1 4 5 5 1 2 4 3 0 1 43 4 5 0 11 0 3 27 4 1 0 1 0 6 6 0 0 1 1 2 1 0 0 6 3 0 1 0 1 1 1 2 
26 0 4 1 0 2 1 7 27 4 13 0 3 29 3 10 0 0 25 1 4 0 0 0 1 5 2 7 0 6 2 5 20 18 27 1 1 0 2 0 6 0 8 0 25 0 3 1 5 0 1 1 12 2 3 1 12 1 1 1 2 3 5 1 
0 1 32 18 15 0 2 15 0 0 0 41 0 7 4 0 0 0 5 0 18 119 5 1 6 29 0 1 0 14 4 0 3 0 1 35 30 0 0 0 28 2 1 0 2 3 0 0 0 0 0 32 3 8 1 0 0 1 9 0 10 2 10 0 
1 0 1 18 0 2 2 0 0 47 0 0 1 3 0 14 0 0 0 4 7 1 6 1 1 14 6 2 513 1 0 0 1 0 53 3 2 4 0 2 0 7 0 3 0 1 367 0 41 0 0 1 5 0 25 4 0 0 0 0 1 0 1 6 
1 0 14 52 0 16 2 7 3 1 0 1 2 5 7 1 2 0 0 1 9 2 0 8 7 0 1 3 1 11 1 18 0 4 0 0 3 0 28 7 21 2 1 1 1 0 3 1 0 1 13 1 1 0 3 0 1 5 1 2 11 11 5 0 
66 13 57 0 0 466 1 0 25 1 8 4 2 6 1 32 8 8 1 0 0 4 0 0 19 7 1 0 0 7 2 1 1 6 3 0 13 3 5 6 0 18 0 18 8 0 0 1 0 8 1 1 10 0 15 0 0 0 10 1 0 3 0 0 
2 3 3 2 0 2 32 1 1 0 6 0 0 8 1 10 1 2 0 0 0 1 0 2 0 3 63 0 0 1 0 1 21 1 0 4 106 0 0 3 4 0 3 0 0 0 0 6 0 7 0 3 0 0 1 1 4 2 0 5 0 0 57 6 
2 0 10 1 8 11 2 1 1 0 0 0 0 0 6 25 13 0 1 4 2 4 1 1 18 24 8 2 1 1 28 0 48 4 5 0 0 1 6 6 0 2 0 0 3 6 12 0 2 0 0 1 12 0 23 1 3 1 0 2 1 1 8 3 
49 32 1 1 11 0 1 9 5 0 34 0 0 2 0 22 1 6 2 152 1 39 0 1 3 0 0 1 0 0 31 1 7 2 1 8 0 17 2 0 1 4 1 0 0 0 0 0 0 2 0 3 6 1 0 4 1 0 3 5 129 4 141 165 
1 2 0 27 3 6 5 1 39 17 1 1 4 8 0 0 0 19 5 0 0 3 0 1 5 40 2 0 0 0 5 0 2 1 3 0 0 22 5 12 12 4 4 0 3 0 1 1 6 2 1 0 2 1 44 30 1 4 0 9 5 1 33 0 
1 2 5 3 5 0 0 1 0 13 1 7 0 11 0 3 1 1 4 11 14 14 44 6 11 1 7 1 1 25 5 5 2 16 0 3 22 0 4 1 1 13 14 0 6 1 4 2 1 1 8 1 3 0 4 0 4 1 1 0 0 0 16 13 
0 0 2 0 3 0 1 28 5 6 2 0 1 0 3 2 1 46 1 0 0 117 0 0 1 0 4 3 4 0 4 1 8 6 8 2 5 5 0 2 1 12 1 6 1 3 1 22 8 19 0 1 0 0 0 5 2 47 1 2 1 0 0 0 
1 0 3 1 0 0 0 2 6 11 0 0 5 0 1 0 2 1 7 1 7 0 0 1 0 8 0 1 2 1 8 1 1 2 36 27 3 0 4 4 1 13 1 1 0 0 0 13 0 0 1 0 1 0 0 3 3 0 0 16 0 1 0 2 
1 0 3 25 1 50 0 0 5 1 66 1 0 1 2 1 7 3 1 0 0 0 12 0 1 3 1 1 4 11 0 1 0 0 0 4 0 0 2 2 5 22 2 7 9 0 1 0 4 79 3 2 0 1 0 1 6 0 2 2 7 0 4 0 
63 1 3 0 2 0 6 7 0 0 0 32 4 1 0 0 0 3 35 0 6 11 2 2 0 3 1 0 0 1 2 6 1 1 0 0 3 0 3 8 13 2 0 1 1 2 1 2 0 3 21 1 2 0 1 1 2 0 0 1 2 26 24 0 
1 0 4 6 1 0 1 1 3 5 5 1 3 1 0 5 37 10 66 10 11 0 3 16 2 28 1 14 1 2 3 0 1 3 5 2 3 1 0 12 6 9 1 1 0 0 0 3 12 0 2 1 0 2 0 3 5 5 1 2 1 0 0 7 
0 3 13 1 14 6 1 0 3 0 0 29 1 0 2 0 2 0 2 0 0 0 0 0 0 0 42 18 6 2 6 0 2 1 5 1 83 1 0 2 0 2 1 0 1 1 7 6 21 1 5 0 0 1 8 4 1 1 0 0 2 1 12 1 
3 11 9 1 1 0 2 1 5 1 40 0 0 1 6 0 9 16 1 12 21 13 0 1 2 11 2 8 8 1 0 2 25 12 4 4 33 1 1 2 0 5 1 0 2 0 6 0 0 0 0 3 4 0 1 46 3 0 0 1 0 0 4 0 
6 1 25 0 9 4 1 12 0 1 2 1 0 9 0 6 3 5 0 6 8 1 4 0 5 1 0 2 1 3 0 7 3 2 0 2 0 0 61 1 1 8 0 0 12 0 3 0 0 1 0 19 3 29 1 0 0 1 5 0 0 2 1 12 
0 2 0 17 1 0 1 0 1 2 15 5 6 1 3 0 2 10 0 4 0 0 1 70 0 7 2 3 1 8 1 18 1 8 1 0 6 2 0 26 1 2 8 1 17 37 0 8 21 1 1 7 0 0 1 0 15 14 5 4 2 1 0 7 
0 38 1 0 0 0 1 34 0 5 0 8 7 3 1 4 1 0 1 10 0 1 1 48 0 1 28 1 2 12 0 18 0 0 0 0 7 2 37 3 24 3 0 1 0 4 63 2 0 0 2 0 9 0 0 1 0 0 102 3 0 10 38 4 
0 0 16 22 2 1 3 1 1 198 2 8 4 1 0 1 0 14 5 2 138 3 4 2 6 2 0 105 2 37 8 1 2 3 3 1 14 3 1 0 4 10 0 0 4 0 2 1 0 0 42 1 9 57 16 0 10 0 0 1 0 19 0 0 
2 0 0 4 5 3 1 7 1 18 9 4 0 0 0 1 1 0 10 10 1 0 7 64 15 1 1 1 4 1 8 2 20 0 13 4 0 72 4 10 120 6 0 13 0 5 5 0 1 2 13 38 1 1 0 1 0 0 8 32 7 3 0 0 
18 50 3 216 0 1 5 9 0 0 2 0 9 16 9 7 4 0 3 18 9 0 3 1 1 0 0 0 25 15 3 0 16 1 0 3 1 8 4 1 0 0 0 1 4 7 2 0 1 3 4 0 0 1 2 1 1 3 0 0 2 1 3 1 
1 0 2 1 21 1 2 0 0 2 1 1 2 6 2 3 0 0 1 20 0 0 0 2 0 0 0 6 2 30 2 2 3 0 8 1 0 4 1 3 1 2 38 0 2 0 44 0 2 3 0 3 0 0 2 0 0 0 0 3 2 0 2 1 
11 1 0 0 23 22 1 0 1 0 2 2 2 1 17 0 1 0 6 0 0 91 1 6 1 1 7 3 0 0 0 34 1 1 1 1 0 8 0 1 98 2 1 0 65 0 3 3 2 0 0 0 1 3 0 3 0 3 2 9 11 0 2 1 
0 0 34 1 1 2 0 0 1 0 8 1 2 2 0 1 0 8 0 0 0 0 0 0 1 0 3 1 0 5 3 0 0 3 37 0 11 0 0 0 52 13 0 0 1 0 9 5 0 2 1 8 2 1 10 0 22 0 10 0 0 11 0 8 
33 3 87 0 7 7 11 1 21 0 0 13 0 0 1 0 0 1 0 74 0 1 0 0 24 7 2 1 6 0 1 2 0 4 0 0 6 0 0 3 0 1 0 1 1 80 1 7 0 0 7 1 35 1 4 0 30 2 57 0 1 1 6 4 
0 1 2 10 1 0 2 1 3 3 0 0 3 2 1 0 2 1 4 6 0 0 0 3 4 0 0 5 0 3 9 0 2 1 16 0 11 1 2 0 1 13 0 6 0 1 41 4 1 33 2 6 1 7 0 0 0 2 5 38 0 1 7 3 
0 0 2 1 1 0 3 1 1 0 5 10 3 4 0 1 0 5 18 1 0 2 1 1 7 6 0 1 7 1 5 0 32 0 8 5 12 0 1 10 1 2 0 9 5 5 0 3 1 0 0 10 51 0 15 0 13 8 0 0 0 6 12 1 
12 17 3 8 4 0 2 4 0 2 6 1 1 1 5 0 0 199 5 50 0 7 0 2 6 2 2 0 1 14 2 1 4 55 1 0 2 0 0 0 2 1 1 0 1 24 1 1 10 8 1 0 3 8 0 7 0 4 0 0 5 0 0 4 
0 0 0 19 0 1 0 3 4 2 0 0 3 0 1 1 3 0 30 2 0 0 0 8 1 16 0 0 8 24 15 6 1 1 0 5 12 0 0 50 2 2 8 11 1 0 7 2 1 0 0 1 4 0 1 0 0 1 0 0 23 0 1 4 
1 0 2 3 1 2 10 22 10 0 0 3 1 3 1 0 0 10 1 2 0 0 1 25 6 4 66 1 4 0 2 6 1 17 2 15 2 1 0 0 21 1 0 6 0 1 4 29 0 1 0 1 3 2 11 1 0 0 0 5 3 1 115 2 
7 1 0 0 0 3 0 0 30 0 8 0 4 10 0 3 0 0 3 0 0 3 31 10 12 1 0 0 79 8 1 0 0 5 6 3 3 5 0 3 0 1 0 1 0 1 8 1 0 21 3 1 0 0 1 88 2 14 1 2 22 3 0 6 
0 0 13 117 0 2 5 2 0 41 0 2 5 0 0 4 3 0 2 0 0 2 3 14 0 0 0 1 0 2 0 6 0 0 7 0 0 7 2 4 0 11 3 0 4 0 0 0 3 7 0 3 10 0 0 3 1 3 0 5 3 0 1 0 
1 2 5 1 0 2 8 0 2 3 9 2 1 20 2 71 4 0 5 10 0 7 1 0 9 8 2 14 1 0 0 4 0 1 2 23 2 2 26 1 1 15 70 0 14 18 2 9 2 0 0 17 0 23 0 9 1 1 9 7 4 8 2 0 
1 2 7 1 1 11 9 4 1 0 3 0 13 3 32 4 4 12 8 0 0 1 1 0 1 0 23 10 2 2 3 0 2 0 23 1 0 32 1 1 0 1 0 1 0 0 6 1 20 1 1 5 1 0 1 1 0 1 0 4 5 3 1 9 
1 10 1 10 2 0 2 12 27 56 1 1 1 1 9 2 1 0 0 11 0 1 4 0 13 42 1 1 1 0 4 0 0 0 1 10 4 1 5 2 0 1 7 0 43 5 1 8 1 0 6 0 93 7 0 0 0 1 0 2 1 2 1 0 
1 0 0 7 0 1 0 1 0 5 2 1 3 4 2 0 3 2 0 0 14 3 0 1 0 0 60 18 2 6 2 6 55 15 2 0 13 2 2 7 0 0 14 2 4 2 3 1 0 0 1 5 1 1 2 25 0 6 1 1 0 2 22 0 
2 0 7 0 0 2 10 0 0 1 10 5 1 17 1 8 2 0 23 24 25 0 4 1 0 1 16 9 0 2 1 0 1 2 19 1 3 0 1 1 180 0 0 12 1 34 1 4 10 0 8 0 1 1 1 5 0 1 2 3 109 2 5 3 
0 2 0 2 0 5 4 18 2 2 18 3 9 1 5 1 7 0 9 7 15 1 2 0 3 0 4 0 1 0 0 6 1 2 1 7 0 154 1 7 1 2 3 0 0 2 15 0 3 0 2 0 1 3 1 5 7 1 0 1 0 0 0 5 
0 3 0 0 3 0 11 1 0 48 0 5 1 2 1 0 11 0 68 0 1 3 2 5 0 0 1 4 1 0 0 49 0 0 0 3 0 0 9 0 1 0 0 15 0 22 2 0 0 2 0 10 1 7 2 0 0 0 4 4 2 34 4 2 
0 21 118 92 13 11 25 1 9 1 17 5 8 0 0 1 1 0 8 6 8 5 9 2 11 2 0 1 5 1 1 0 3 0 7 0 0 0 0 12 40 0 2 0 2 1 1 0 7 1 4 0 0 1 0 11 55 0 5 1 1 0 22 0 
0 4 1 10 3 1 5 1 0 1 3 0 7 0 4 11 1 9 21 17 0 1 2 3 2 13 1 0 2 5 2 0 1 0 1 6 0 2 1 0 1 1 20 0 0 2 7 0 0 1 1 1 9 1 77 0 0 0 4 12 0 5 0 19 
6 0 0 0 6 1 9 16 0 0 0 0 1 0 14 0 1 0 11 4 0 5 1 10 0 1 24 9 1 13 5 7 1 2 1 71 6 2 11 0 3 0 0 1 1 0 0 0 7 179 3 1 72 5 0 8 0 0 0 3 4 0 5 3 
3 2 0 0 2 12 0 1 1 1 1 0 0 0 1 7 0 0 0 7 3 0 5 0 33 1 8 0 30 0 1 0 0 2 4 7 7 19 0 0 0 0 42 0 1 0 3 18 1 136 2 1 0 13 0 0 6 14 1 16 1 37 0 1 
1 4 2 1 0 5 7 7 0 0 0 1 1 1 7 2 17 12 0 0 2 2 2 4 20 14 0 0 0 2 6 1 23 1 2 5 19 1 0 0 0 0 1 8 0 9 2 9 22 14 2 140 15 3 1 4 0 1 12 0 0 1 6 1 
0 1 3 6 1 0 9 7 2 0 0 7 0 30 4 0 0 2 2 1 0 20 3 0 0 9 3 0 2 9 0 0 0 0 2 1 10 1 3 4 1 2 2 1 1 4 2 0 1 4 10 5 0 23 0 1 2 7 1 0 0 2 1 24 
1 4 1 12 15 0 10 3 0 3 2 1 0 0 2 10 0 6 3 3 34 2 11 1 1 20 9 8 14 3 0 0 4 2 4 0 0 5 12 10 0 3 1 0 1 0 48 7 1 0 0 7 2 1 0 0 214 1 4 3 0 0 1 70 
0 2 0 0 0 1 1 37 1 2 3 0 6 1 0 0 0 33 0 0 0 8 0 31 5 1 9 0 6 5 5 0 1 1 1 23 6 1 5 15 0 2 1 0 0 0 3 0 10 16 9 5 0 9 1 5 3 30 14 0 1 1 8 4 
4 21 0 0 2 14 41 3 2 6 8 15 0 8 2 0 35 8 7 0 0 0 0 0 3 0 0 0 2 5 5 1 6 0 1 4 68 0 0 4 0 45 3 0 0 5 2 1 5 0 0 0 0 4 13 0 0 0 808 1 1 1 0 0 
8 69 0 41 6 0 18 0 0 13 1 7 24 0 16 1 0 7 5 3 2 0 4 2 2 12 0 2 13 9 1 1 0 30 15 0 0 0 0 2 5 1 0 1 2 0 14 6 27 1 1 0 0 5 0 1 14 10 1 1 5 1 0 67 
0 5 0 0 3 18 3 0 1 1 30 5 0 3 0 5 3 3 1 0 1 0 10 0 0 466 0 1 1 5 5 0 1 3 4 7 1 4 2 1 0 0 4 2 4 0 1 2 2 0 0 0 0 0 9 0 0 0 0 3 0 5 7 7 
3 0 0 13 0 0 1 13 32 1 30 0 1 0 1 9 0 2 128 4 5 8 0 20 9 17 3 0 4 1 6 0 0 0 0 3 6 0 11 0 0 0 1 0 328 0 108 0 4 3 6 0 1 11 1 0 16 3 1 6 54 8 0 2 
0 3 2 6 1 0 0 2 0 0 0 0 0 0 0 4 15 0 2 1 0 14 87 2 9 2 0 3 0 2 1 13 49 0 3 2 0 7 0 21 0 1 3 3 1 31 7 0 2 6 8 7 0 0 1 0 0 1 0 1 7 0 1 35 
3 0 13 0 0 0 8 5 8 1 0 3 8 0 0 10 27 18 1 0 8 0 0 3 11 5 1 1 0 1 0 1 1 12 1 68 0 1 7 0 11 0 1 1 0 47 0 12 4 0 11 3 3 0 1 0 5 6 0 0 5 0 0 1 
75 15 2 7 1 0 1 2 10 1 1 677 0 1 1 5 3 4 2 3 63 0 4 2 16 0 0 1 1 6 8 5 1 0 16 0 2 0 1 2 0 0 0 4 1 1 0 0 87 32 1 0 0 1 29 1 33 22 3 5 2 1 0 1 
1 5 1 0 18 0 0 21 0 3 5 10 9 0 0 0 1 2 3 5 0 1 0 5 2 4 0 4 13 9 8 0 6 31 4 0 6 13 0 0 10 0 6 0 0 0 2 1 5 0 0 0 6 6 0 3 1 26 58 0 190 2 0 1 
0 6 0 2 1 1 0 4 0 4 3 0 6 3 60 0 17 2 0 15 0 1 0 0 0 1 4 8 40 4 2 0 0 0 1 14 4 0 0 0 2 3 1 1 0 9 3 1 3 1 2 0 7 2 7 0 9 1 31 0 9 2 2 0 
3 8 1 1 28 0 2 11 2 2 0 654 38 11 8 1 1 12 21 3 0 1 39 1 0 9 0 4 0 6 0 31 20 0 0 7 7 10 0 0 0 1 87 0 1 0 0 2 4 0 0 0 1 0 18 2 1 7 3 1 1 1 4 9 
1 10 2 3 4 1 2 2 2 0 2 13 1 1 6 1 7 4 2 1 0 0 0 3 9 1 7 69 0 6 6 4 6 9 1 0 1 1 5 5 1 6 1 4 7 4 1 3 13 2 0 1 0 0 1 0 2 10 47 0 4 8 1 1 
1 0 10 1 4 1 0 33 0 75 2 0 10 3 13 8 7 0 0 1 0 1 1 0 1 0 0 18 2 1 50 1 0 0 0 5 0 150 2 1 1 0 2 14 1 0 24 6 7 20 1 0 6 3 2 0 0 1 0 0 3 7 1 1 
1 0 3 2 1 8 5 1 1 2 0 1 5 0 0 0 0 0 0 1 8 0 1 0 0 0 7 5 1 1 22 8 1 1 0 1 2 0 2 13 0 12 25 0 1 3 1 31 5 0 1 1 1 8 14 12 0 24 0 13 105 0 2 1 
5 6 0 11 3 0 8 50 1 6 0 1 1 0 1 10 1 4 0 1 2 3 1 2 0 3 1 4 2 44 0 29 166 1 2 0 63 0 1 1 0 1 3 6 1 1 1 1 0 0 1 0 961 1 6 0 4 1 2 5 2 0 4 4 
1 1 10 4 1 0 5 1 0 0 0 0 0 0 4 0 12 2 0 3 0 0 1 2 3 9 3 6 2 0 1 0 0 5 4 2 2 0 0 3 1 22 0 8 51 5 13 1 1 0 0 6 28 10 1 28 29 0 1 1 1 3 1 1 
0 3 4 0 2 8 0 0 0 8 1 6 1 1 0 0 8 0 44 3 7 5 33 0 5 0 1 0 0 4 0 3 0 0 0 0 1 10 1 12 5 1 29 104 0 2 20 7 1 0 1 72 0 12 0 1 17 1 1 1 14 2 0 2 
0 1 1 12 1 3 1 0 49 0 2 0 6 0 207 0 0 4 1 0 9 34 4 19 1 31 0 2 0 13 0 0 1 2 0 0 0 2 2 26 0 1 0 2 1 9 1 4 1 4 13 2 1 0 1 0 1 0 3 0 2 0 0 1 
11 0 8 7 11 2 0 1 2 0 0 7 25 0 0 0 11 2 0 0 9 6 0 0 10 6 2 4 2 1 6 0 3 0 0 0 1 1 29 0 1 2 0 2 7 0 15 2 7 15 3 13 2 0 1 1 0 1 56 4 0 1 1 1 
1 26 16 5 7 2 163 1 4 0 0 0 0 3 0 0 1 2 25 8 48 0 1 0 0 0 0 4 2 7 0 10 1 1 0 3 3 1 0 6 122 2 0 5 9 21 15 5 0 118 1 2 2 9 1 0 1 1 0 2 1 0 0 0 
0 0 3 1 8 1 3 0 0 1 5 1 0 0 43 0 5 0 123 5 0 0 0 20 1 10 0 3 189 1 44 0 3 5 0 0 0 1 4 8 1 8 0 1 17 1 9 0 2 2 1 3 28 1 0 11 1 0 0 0 0 0 7 3 
0 1 1 4 1 1 0 1 0 27 23 0 2 2 3 6 0 4 2 1 9 1 0 4 0 0 1 0 10 14 19 16 0 0 20 2 7 2 0 0 3 211 0 0 0 0 0 9 1 7 2 0 19 10 1 0 7 12 22 18 0 0 0 0 
0 7 9 1 0 0 0 1 0 0 1 8 1 0 4 0 0 1 16 1 2 2 0 0 0 4 2 0 4 6 0 0 5 5 6 0 2 0 0 0 10 0 2 0 0 2 0 3 0 0 6 5 9 6 21 1 18 0 1 0 2 9 0 1 
4 0 1 2 0 0 12 0 2 13 0 8 0 0 0 18 3 0 2 0 0 0 6 1 1 0 0 27 16 0 0 1 1 1 3 28 0 9 9 1 0 0 1 47 2 2 0 0 0 1 32 1 5 1 0 3 2 2 4 1 1 1 2 1 
0 7 0 1 1 3 24 214 0 0 8 43 1 23 0 1 4 1 1 0 5 0 1 19 3 5 0 1 1 2 0 1 1 1 0 0 0 11 23 1 7 28 2 1 0 4 4 8 30 2 1 1 4 3 0 0 2 5 0 4 42 9 6 27 
0 1 15 1 0 0 1 35 2 0 3 0 11 1 4 5 1 1 0 0 12 2 2 0 0 0 13 0 0 0 16 12 3 0 0 4 1 0 3 23 6 0 0 1 2 0 0 2 0 4 0 17 4 1 9 1 1 0 0 3 0 0 0 14 
0 1 1 86 0 0 0 1 1 2 7 0 1 0 0 0 5 221 3 2 1 3 1 0 31 5 0 38 5 8 0 3 0 0 0 1 8 13 4 1 8 1 14 44 7 1 3 2 107 0 0 1 1 3 3 8 1 1 2 10 0 0 1 0 
1 16 3 0 7 1 1 5 0 3 0 2 0 1 55 14 0 9 0 2 6 0 36 20 2 2 1 2 0 5 0 4 6 0 2 0 0 5 16 2 0 8 1 2 4 2 0 1 2 45 2 4 34 1 2 0 0 2 2 0 62 3 9 3 
5 3 25 1 1 0 18 0 0 1 10 11 39 0 3 11 0 0 2 0 2 2 1 3 0 3 2 0 41 0 0 0 37 0 0 0 5 0 6 0 1 8 26 9 7 271 2 89 0 1 0 4 97 4 4 0 2 0 0 4 2 0 1 0 
120 4 0 0 0 0 3 0 0 0 63 0 0 4 4 8 0 1 5 3 0 1 4 1 23 1 3 20 1 61 2 11 2 0 2 1 32 1 0 0 0 0 2 2 0 1 0 0 35 4 4 0 1 15 1 0 2 2 0 2 1 12 1 3 
0 0 0 21 1 3 0 0 7 3 1 0 6 2 0 0 0 0 13 0 1 10 1 7 1 5 0 64 10 0 1 5 7 1 0 3 0 55 124 5 1 0 1 0 3 2 9 62 8 15 15 0 0 13 0 8 60 1 0 5 45 0 3 10 
1 3 1 150 4 0 0 7 7 9 0 3 2 21 0 0 0 0 0 7 546 2 5 0 39 1 9 88 0 24 5 12 8 0 24 0 0 0 10 2 0 12 3 2 0 13 0 1 3 7 0 19 0 0 1 0 1 15 1 0 0 3 7 1 
0 0 0 1 0 6 0 1 2 10 19 67 0 0 6 1 1 2 3 1 3 32 9 41 0 0 9 20 2 3 7 0 2 1 1 25 0 0 6 30 0 0 1 0 1 4 0 0 1 1 19 2 1 1 0 0 14 7 6 1 5 2 2 16 
0 3 1 2 6 14 7 37 10 0 5 87 39 2 0 0 0 0 8 0 2 1 1 68 0 1 0 1 0 0 5 1 6 1 1 6 3 1 2 2 3 0 1 5 35 3 1 0 18 9 0 3 1 38 2 7 6 0 1 0 5 0 0 10 
0 13 0 18 8 3 2 0 0 0 1 3 0 5 2 0 0 0 0 0 20 0 14 10 5 0 4 87 7 2 3 1 4 3 0 29 0 0 6 0 0 5 1 1 0 2 0 2 2 75 0 29 14 7 4 17 0 1 6 1 112 3 0 15 
0 1 1 0 2 1 11 1 17 2 0 1 1 0 2 15 24 1 0 12 4 0 4 0 9 6 10 1 0 5 0 11 0 28 0 163 1 35 0 5 0 0 3 23 4 37 2 1 14 0 4 2 7 3 0 9 0 9 10 0 1 0 1 0 
0 12 2 4 47 11 2 0 5 0 1 0 2 1 1 79 0 3 80 7 4 2 0 5 1 1 0 4 0 0 0 0 0 1 57 0 0 0 1 0 26 12 0 0 8 1 2 1 9 1 1 1 1 0 6 1 0 14 1 0 0 0 0 0 
1 0 11 12 0 1 6 0 1 0 1 49 4 0 2 0 5 7 1 1 0 3 1 5 5 7 1 24 0 0 0 0 0 0 2 5 2 2 0 1 6 10 0 1 0 6 0 6 27 5 0 2 1 7 0 0 1 0 1 5 1 0 0 3 
5 0 0 0 3 0 8 15 1 0 2 0 9 2 1 1 2 0 2 0 17 1 2 26 3 1 0 2 0 0 4 3 0 0 0 10 5 0 3 0 10 0 1 0 0 0 10 1 0 1 0 4 21 0 2 1 0 3 11 0 0 14 5 0 
0 0 2 6 47 0 7 0 3 0 100 0 0 0 2 1 0 13 0 0 0 1 29 3 1 5 11 0 1 0 4 1 0 4 0 1 6 7 0 4 3 0 1 0 1 2 4 235 31 0 1 0 0 0 0 1 6 11 0 3 760 0 2 2 
21 0 1 21 1 5 15 2 12 6 2 1 2 2 0 4 0 0 5 48 1 0 5 0 15 1 1 0 0 0 0 8 3 2 0 2 1 0 7 10 7 24 11 2 0 0 29 12 0 0 0 3 2 0 2 21 0 1 6 1 9 11 1 4 
6 4 66 0 10 9 0 2 1 3 3 1 9 1 21 0 2 0 1 0 0 7 3 0 9 2 1 3 0 8 15 21 1 0 1 0 7 15 3 0 2 4 3 2 0 2 2 0 1 1 0 6 1 0 24 3 3 2 8 1 2 1 1 2 
81 0 30 0 6 5 3 1 2 4 1 3 24 0 1 0 2 10 5 0 4 20 2 1 4 3 0 10 1 3 6 0 1 1 0 0 0 4 0 2 4 0 2 6 4 2 0 9 2 3 3 41 5 0 4 0 6 2 9 0 3 9 0 25 
0 0 1 3 0 21 3 0 0 0 0 1 16 0 0 1 0 0 10 1 0 7 0 0 22 1 8 4 2 0 0 1 9 6 3 3 1 1 1 3 2 0 3 1 1 2 0 0 1 23 8 11 2 1 0 3 0 1 1 0 0 8 1 1 
22 0 1 0 1 72 0 1 1 1 1 0 15 0 0 2 1 1 11 1 0 9 4 25 0 22 6 0 3 2 0 0 1 2 1 19 1 1 0 0 3 0 22 8 1 0 0 0 97 3 0 5 1 6 4 0 0 18 3 7 36 0 1 2 
8 1 6 1 7 2 67 10 13 2 3 7 1 0 0 2 0 0 8 1 0 5 1 1 0 0 1 3 25 76 9 4 0 1 0 4 0 7 137 6 0 56 0 0 0 1 2 19 1 0 0 0 0 3 4 0 5 0 3 0 0 8 1 0 
16 1 2 33 2 0 4 0 6 0 0 0 1 1 0 1 10 3 6 14 0 0 0 0 15 2 29 84 6 0 6 0 23 0 1 0 4 1 93 6 2 5 19 1 36 0 4 0 7 7 0 2 2 0 0 1 0 5 5 5 1 3 1 1 
2 12 0 0 0 4 6 1 6 16 0 4 17 0 10 1 0 8 1 0 27 0 12 0 7 7 7 0 0 32 1 0 0 4 15 2 0 1 0 1 1 5 1 2 0 0 0 1 6 0 5 0 0 6 21 0 0 3 1 2 0 0 0 0 
5 11 0 88 2 5 4 2 0 0 0 0 1 5 2 1 1 4 0 3 2 31 0 0 0 0 2 6 0 1 27 13 3 0 14 2 1 1 0 5 11 0 5 0 6 1 1 1 6 11 0 15 7 0 1 0 3 4 2 2 6 0 3 2 
1 2 1 3 0 9 0 1 0 0 7 0 5 1 3 0 0 6 1 63 0 44 0 4 1 2 0 1 6 1 0 1 77 4 0 1 15 8 0 4 8 1 3 1 1 4 27 2 0 1 0 2 6 43 9 1 0 28 5 2 7 0 1 9 
3 2 5 0 0 3 6 7 41 9 0 0 1 1 2 2 2 8 2 1 34 0 0 1 0 0 3 14 0 37 0 2 33 1 0 8 12 0 8 0 0 2 56 14 0 0 46 0 3 1 52 0 1 10 7 1 0 0 0 0 0 3 7 0 
21 2 13 1 6 5 54 4 5 10 2 0 29 23 2 22 0 44 18 3 18 1 0 3 0 1 5 1 0 0 9 3 0 0 5 3 14 2 6 3 4 0 2 0 1 0 0 2 0 3 2 40 0 2 3 5 1 2 0 2 4 4 3 0 
0 5 1 9 2 30 0 1 10 37 1 7 0 9 1 0 8 0 2 0 18 1 3 0 0 1 12 3 1 54 5 1 2 0 18 8 1 2 5 0 1 17 1 2 0 1 0 117 0 5 7 9 0 0 10 2 33 0 10 1 0 0 4 0 
0 3 34 6 0 0 0 55 8 6 2 3 8 2 11 3 0 0 2 2 2 8 0 1 1 0 3 1 1 1 1 0 4 11 4 0 0 96 5 5 23 1 1 6 4 1 6 0 2 1 7 10 0 8 1 26 0 3 0 1 1 7 9 2 
0 1 0 8 1 2 0 6 3 3 0 0 7 8 0 10 0 3 1 16 1 4 1 0 0 10 1 2 5 0 6 2 1 1 1 8 14 2 13 5 33 45 1 25 0 5 0 12 6 5 0 0 1 0 2 0 0 42 6 0 2 1 0 0 
1 1 0 5 12 1 0 0 37 2 0 5 0 5 26 1 1 6 0 0 5 1 0 0 6 2 0 8 0 86 4 3 38 0 40 0 1 0 0 27 0 2 11 0 9 0 0 82 0 0 2 9 0 0 3 1 0 3 9 2 0 0 0 2 
5 0 5 1 1 2 6 0 25 21 3 3 2 0 6 1 2 1 1 5 0 0 0 11 1 1 0 1 0 28 10 0 0 13 0 2 1 1 1 0 0 0 1 3 19 0 0 5 0 0 0 4 25 0 0 0 0 21 12 0 8 0 2 5 
0 10 0 2 0 1 0 12 12 3 4 1 44 16 3 1 97 1 1 2 9 0 7 6 0 0 0 1 0 3 0 0 34 2 0 15 1 2 0 5 6 10 1 26 1 2 0 5 0 0 0 8 1 3 7 9 54 1 3 129 4 0 1 0 
6 0 10 3 0 5 1 8 1 6 7 1 3 2 42 0 1 9 1 7 4 2 10 1 6 0 1 5 0 1 0 263 5 1 0 2 0 0 1 2 1 6 0 1 50 1 0 2 1 28 4 1 6 3 11 22 1 2 3 1 0 0 0 0 
0 0 2 0 0 9 4 6 1 0 0 0 0 1 1 10 0 0 1 2 2 0 5 0 1 2 1 4 1 2 0 70 4 7 15 4 0 20 34 1 8 4 0 6 0 7 1 1 1 3 4 60 0 2 0 4 5 1 0 1 0 11 0 0 
0 19 0 0 0 1 11 0 0 0 0 24 9 6 0 2 1 5 1 7 1 5 0 0 1 0 5 1 1 2 0 0 1 1 28 0 5 0 1 2 6 0 0 0 0 1 0 1 1 36 0 2 2 1 0 7 11 1 0 0 3 1 13 2 
0 0 0 15 66 3 0 0 22 0 6 1 0 0 0 4 1 3 0 7 0 1 0 1 5 13 19 4 2 6 0 0 0 1 3 1 0 7 2 2 0 0 1 2 1 0 1 1 0 20 1 0 28 3 0 0 1 0 75 1 0 0 0 19 
3 0 0 8 2 6 3 0 6 0 0 9 0 26 1 4 0 1 4 0 5 1 6 0 1 0 0 5 2 284 1 3 12 0 14 6 5 3 10 0 0 5 1 3 0 1 9 2 17 0 1 1 1 4 1 0 2 0 31 1 0 8 1 3 
2 0 3 0 19 1 1 1 0 0 2 1 0 0 1 0 1 24 0 1 7 5 1 1 7 9 24 2 6 1 10 3 138 7 39 2 0 30 8 2 0 1 0 5 0 0 0 6 11 6 9 6 1 1 0 1 0 1 1 0 6 17 5 0 
2 2 6 1 0 21 0 0 3 7 1 8 1 0 0 7 0 1 10 2 29 1 35 2 1 0 0 91 23 4 2 1 5 8 4 13 1 33 16 0 0 0 0 0 2 1 0 7 23 0 0 8 2 2 1 0 0 7 2 1 4 1 1 1 
0 0 3 9 0 9 9 1 7 0 0 0 6 2 0 39 0 0 6 0 4 0 0 8 1 0 1 0 0 0 2 4 1 8 0 13 1 6 0 6 2 0 1 1 34 0 1 7 0 0 0 0 7 0 4 0 1 0 0 4 35 3 1 5 
0 1 2 1 1 38 1 2 0 0 0 1 13 0 0 2 5 2 3 3 8 3 6 3 0 19 10 1 0 3 1 7 1 3 6 0 0 28 5 0 0 2 7 0 1 3 0 12 1 1 48 9 140 0 0 10 1 0 5 0 21 4 1 1 
6 3 0 0 0 0 1 1 2 2 4 0 31 4 1 0 1 0 9 2 0 3 3 0 0 0 1 1 0 7 11 25 1 0 1 2 1 1 0 4 0 3 18 1 1 4 2 1 2 5 1 6 32 0 1 2 14 6 124 0 1 0 1 10 
8 1 2 4 1 7 0 2 3 1 0 0 1 0 3 0 0 0 9 2 9 0 0 1 6 1 5 1 1 2 0 13 1 0 3 6 10 0 10 0 0 0 0 7 3 1 147 0 0 4 0 2 3 0 6 30 21 1 0 0 1 0 0 2 
9 2 3 45 0 1 0 0 0 11 22 0 2 3 16 0 1 3 3 1 2 4 143 8 0 6 0 2 0 118 73 0 0 0 51 0 0 2 16 110 7 1 0 7 30 6 4 2 7 1 2 1 4 0 177 0 1 2 1 1 0 0 1 0 
4 11 1 0 0 4 1 6 0 0 0 17 2 1 0 1 6 1 0 0 1 0 6 247 1 0 1 1 0 2 0 2 4 5 0 1 1 6 0 5 40 1 15 0 0 9 0 0 0 2 0 213 5 8 0 0 126 6 18 11 22 0 1 3 
0 0 0 3 0 2 0 22 4 4 134 2 14 0 8 1 0 6 4 7 33 5 0 0 5 8 99 544 0 0 37 1 0 0 1 1 1 0 2 4 2 2 0 1 29 2 23 0 1 3 0 15 188 2 0 0 72 7 2 0 0 0 0 0 
21 2 16 3 7 0 0 6 0 9 0 1 0 0 25 1 0 4 0 0 1 4 4 0 0 20 75 1 4 1 0 1 0 1 9 1 0 0 0 0 3 0 1 4 5 5 2 1 0 32 22 3 2 0 1 17 1 0 1 4 0 1 2 0 
0 19 49 0 0 1 0 8 4 59 0 0 4 3 3 0 1 29 1 1 1 2 0 0 1 1 3 0 10 0 0 2 0 202 0 212 0 2 1 0 0 6 0 0 0 0 0 2 0 1 2 5 1 1 0 3 0 2 0 2 28 0 1 19 
3 3 21 0 0 19 0 0 0 1 1 6 536 0 18 0 0 1 0 31 1 0 1 12 3 4 1 4 2 0 40 0 0 4 3 1 0 4 0 2 0 2 8 0 3 1 8 0 0 1 1 0 63 9 62 2 1 3 0 2 0 11 1 2 
0 0 1 8 2 0 31 1 0 1 6 3 12 9 5 0 62 0 3 1 0 1 0 0 6 0 0 1 1 12 0 16 4 0 1 1 1 0 1 16 4 5 10 5 13 1 0 1 4 11 31 4 8 18 6 1 1 0 0 0 0 2 26 49 
1 0 1 9 26 0 7 19 5 1 0 0 2 2 1 1 6 9 0 1 19 5 0 10 2 1 0 0 4 0 0 6 5 1 0 9 17 0 0 0 2 3 3 0 11 0 0 1 7 1 0 4 3 36 9 1 78 1 0 0 0 1 0 15 
1 33 21 1 0 0 8 7 0 1 3 0 0 1 19 37 1 0 8 2 1 4 329 2 1 1 4 0 3 0 1 0 1 1 0 0 1 0 0 11 1 0 0 1 0 0 10 5 0 52 0 9 0 1 4 1 0 0 0 3 0 8 1 1 
6 83 2 0 11 0 0 1 6 2 0 22 1 1 0 1 0 0 8 0 7 0 1 1 2 1 0 6 0 7 1 11 5 0 28 6 3 30 0 0 30 0 37 11 0 6 0 3 0 11 2 1 9 4 0 12 0 2 4 3 6 0 3 3 
5 5 0 3 2 2 1 29 0 0 40 1 53 2 0 11 3 2 14 8 28 2 5 5 1 1 5 3 1 3 0 0 1 0 1 0 2 13 0 1 0 1 1 2 2 0 1 0 1 0 0 4 2 3 8 44 8 0 1 1 2 1 6 0 
2 24 0 5 0 0 26 31 7 43 7 3 0 9 0 15 9 6 65 1 1 1 1 16 11 3 179 1 0 0 0 15 12 0 0 7 5 13 0 2 1 110 0 11 6 0 1 12 9 1 11 25 23 31 0 1 1 13 0 7 0 0 6 1 
0 4 2 15 17 0 9 14 9 11 1 1 0 1 4 9 6 0 11 3 2 0 1 0 4 10 8 30 0 0 25 0 0 1 27 7 0 2 19 2 2 0 3 25 45 6 6 3 1 2 0 2 7 3 2 33 0 3 1 2 0 2 0 2 
2 0 99 2 50 2 4 2 4 3 1 0 2 0 0 2 6 8 1 0 0 0 1 0 0 5 0 0 7 7 1 16 7 1 9 1 6 2 0 2 0 21 40 0 0 0 0 16 2 1 1 0 0 1 11 3 14 2 3 0 1 0 1 0 
1 4 2 0 18 2 18 1 5 5 3 1 9 19 11 1 3 0 0 3 1 2 6 25 0 0 1 42 3 0 0 0 9 1 0 0 1 12 3 0 10 0 2 1 0 0 21 1 1 0 0 1 1 0 1 0 3 0 20 13 0 7 27 0 
1 21 9 8 0 4 2 12 2 2 3 0 0 0 0 1 3 1 1 9 0 0 10 0 0 2 0 8 8 1 0 1 23 3 57 0 0 1 2 0 16 2 4 5 1 1 1 3 1 9 0 9 0 7 125 1 3 1 1 1 25 12 11 1 
14 0 0 1 1 34 0 0 0 0 0 1 0 10 2 0 0 0 10 0 0 14 12 3 1 1 0 2 0 2 0 0 15 4 10 0 0 0 6 0 0 1 0 14 1 0 7 3 67 6 2 0 1 1 1 6 1 1 0 5 2 0 0 12 
14 5 1 0 0 0 0 2 0 0 1 1 0 9 0 3 1 0 2 7 9 6 1 0 0 1 0 3 25 0 0 4 3 47 43 0 17 3 0 11 3 14 0 4 2 0 1 0 1 0 14 0 8 2 4 2 0 0 1 2 2 4 0 19 
6 2 1 9 0 70 0 0 0 0 1 0 6 0 2 88 0 0 11 79 10 0 0 6 1 0 30 4 3 39 3 1 0 0 2 1 12 1 1 2 0 4 5 0 1 3 3 0 4 9 1 0 12 12 5 0 0 13 7 3 1 0 4 2 
1 11 0 0 29 2 0 1 9 0 0 0 0 3 0 1 7 9 24 10 9 1 11 0 0 0 7 0 0 35 27 0 0 0 23 2 0 0 1 0 116 1 0 1 8 0 12 1 0 0 0 0 8 0 0 0 0 7 19 0 5 11 14 3 
2 1 6 1 3 53 8 1 0 0 1 10 1 8 0 8 0 3 6 5 0 53 0 13 1 0 0 0 0 67 23 0 1 0 2 0 6 6 2 0 28 9 0 5 1 15 6 2 10 0 7 3 22 0 0 4 3 5 1 1 1 0 12 2 
0 1 0 3 1 0 1 1 5 2 9 1 0 1 1 0 8 12 15 2 1 1 5 5 59 1 4 1 21 1 1 1 27 20 0 0 9 1 0 1 2 6 0 0 2 3 0 24 0 0 2 11 0 0 1 14 0 0 2 0 37 9 2 0 
1 7 9 35 0 7 1 0 2 13 0 0 0 4 0 0 0 2 10 50 0 2 2 3 0 40 0 3 3 0 0 1 1 17 6 6 8 1 8 12 0 0 3 17 5 0 1 20 1 0 1 13 0 11 36 1 3 5 1 1 0 0 3 0 
13 0 12 1 0 6 0 0 21 11 3 4 1 30 1 0 1 0 0 22 1 10 1 4 1 1 10 5 1 4 1 3 0 6 13 1 0 0 4 0 0 1 28 120 0 31 0 20 0 4 2 4 9 0 0 0 6 33 10 1 1 0 0 0 
6 0 0 0 8 4 4 13 3 16 1 7 0 3 17 12 6 7 2 0 0 1 0 4 0 0 0 3 5 9 8 1 8 2 11 0 7 2 6 2 1 0 0 5 1 11 1 0 0 1 3 1 68 0 0 0 2 6 6 55 3 0 0 0 
25 0 26 0 18 0 10 30 1 0 22 1 2 4 0 0 2 0 3 0 0 1 0 0 0 0 5 2 0 8 1 0 0 223 16 5 1 37 1 5 0 10 0 0 6 0 0 4 0 4 1 8 4 13 2 0 12 0 1 0 0 0 10 1 
14 2 2 2 5 1 2 0 8 7 0 3 1 31 0 25 0 0 13 0 2 2 16 0 1 3 10 1 0 1 0 6 20 1 0 14 26 3 4 0 1 6 66 1 57 0 5 3 124 4 0 3 6 1 6 0 2 4 0 5 32 3 0 4 
0 17 0 1 1 0 141 1 0 0 1 0 96 0 5 0 1 5 0 1 0 0 0 0 0 1 1 1 1 1 1 3 1 1 12 0 1 1 12 0 3 0 2 0 18 6 3 43 0 12 51 1 0 1 0 0 0 1 1 1 2 1 7 2 
0 1 2 0 0 1 7 0 0 2 0 1 0 4 1 2 7 0 2 11 1 7 11 17 2 161 5 22 1 0 1 2 0 1 6 3 2 1 0 0 5 1 5 2 10 0 0 10 1 2 0 0 9 0 8 10 0 5 30 2 1 117 1 0 
0 7 1 2 6 1 10 1 0 9 0 0 6 60 2 0 6 0 1 0 1 2 0 0 1 1 0 1 0 9 1 0 13 0 2 5 2 2 3 0 5 3 8 0 0 2 8 0 67 0 11 0 0 0 1 9 3 12 0 2 1 4 6 32 
0 0 1 2 1 1 1 2 17 0 7 0 2 0 0 0 5 5 2 10 2 2 0 9 7 19 1084 0 1 9 0 1 8 4 8 0 1 0 3 8 8 0 0 0 2 6 6 1 12 0 0 14 27 1 6 4 0 1 17 17 0 1 18 2 
0 0 0 0 0 8 0 0 24 168 2 43 61 0 0 0 13 23 1 6 5 0 5 1 2 0 1 0 0 1 14 2 18 0 16 0 0 2 0 0 0 12 2 1 1 3 0 0 0 4 10 0 0 3 1 0 0 5 0 0 0 4 6 6 
0 2 6 57 0 2 17 1 4 0 43 3 16 0 1 4 5 3 2 5 2 12 1 1 5 0 0 4 9 0 1 0 10 6 1 0 0 6 0 1 2 0 1 3 1 0 4 3 14 1 0 0 44 1 1 1 1 0 3 0 1 11 8 3 
0 1 0 6 0 1 0 0 22 37 1 51 1 18 2 0 0 3 2 16 2 25 1 0 0 15 0 1 3 88 1 8 1 1 0 1 0 6 13 1 0 1 6 1 13 1 0 11 0 7 14 0 2 11 1 0 3 6 0 0 13 0 8 5 
0 3 0 1 0 1 0 0 1 2 6 0 18 0 0 1 1 0 4 0 2 1 3 1 10 28 0 0 1 2 35 9 0 1 4 0 0 0 1 1 5 80 3 1 52 2 0 3 0 0 1 13 22 37 0 2 3 0 3 0 0 34 1 0 
0 2 2 0 0 1 0 0 1 2 2 0 0 1 1 1 5 31 0 2 3 3 10 3 1 0 0 1 0 21 0 0 6 0 11 1 0 3 4 0 1 3 0 28 0 0 1 1 1 2 2 7 1 0 0 0 4 1 0 6 0 0 1 0 
6 0 0 0 4 0 4 1 1 0 1 1 8 0 1 1 1 0 0 11 0 1 0 0 4 0 1 0 0 4 5 1 0 0 1 0 0 1 4 1 0 0 8 1 3 0 8 0 10 0 1 0 0 40 0 0 0 28 0 0 131 1 8 5 
6 68 0 0 9 1 0 1 1 3 0 5 16 332 2 4 2 0 56 2 3 0 0 24 39 2 0 2 25 1 16 6 0 23 31 1 2 0 2 3 1 1 0 3 3 1 1 1 3 0 0 1 15 4 1 1 0 3 1 9 0 4 3 0 
0 0 2 8 11 41 2 2 0 0 0 16 12 2 18 2 0 0 33 8 0 6 11 4 1 0 4 0 2 0 4 0 1 1 3 3 3 2 10 1 39 0 19 0 15 2 2 30 27 1 2 3 0 0 0 8 2 11 1 8 3 0 0 0 
2 1 0 2 163 1 1 1 56 13 2 14 1 4 0 18 0 1 0 2 0 2 11 3 6 1 0 0 0 0 1 2 0 0 7 0 2 1 0 0 1 0 1 3 5 0 11 0 23 1 7 0 54 36 1 1 14 1 3 0 0 3 0 1 
6 1 2 23 2 12 13 1 2 4 0 0 7 13 1 4 0 3 5 12 0 1 6 7 0 3 0 9 1 68 15 1 0 0 1 1 8 1 1 2 4 6 1 6 1 1 0 14 42 1 1 4 0 1 1 0 19 0 0 2 0 0 25 2 
4 26 0 9 1 8 0 0 8 6 2 4 0 2 2 7 25 6 5 17 3 2 19 4 0 14 14 2 7 27 8 0 1 17 23 50 2 0 10 1 0 0 0 0 2 1 0 6 2 0 1 3 0 1 0 9 1 2 0 8 2 1 1 13 
0 5 1 3 7 8 0 11 0 12 1 0 8 50 0 0 0 3 1 20 0 2 0 16 6 0 0 5 2 2 2 7 0 2 0 3 5 10 7 0 3 1 3 4 0 8 1 0 4 0 12 10 0 1 1 0 0 1 2 0 0 0 21 1 
0 22 3 5 0 30 0 9 0 5 3 44 2 3 1 36 1 0 2 26 1 5 0 0 1 1 1 1 0 6 2 0 0 0 42 4 0 1 3 7 20 0 0 2 0 1 1 11 1 0 0 5 1 47 0 0 0 4 0 1 57 0 4 7 
3 0 2 0 0 2 1 0 0 3 0 3 48 1 13 0 0 8 0 10 6 2 1 31 7 0 46 0 1 0 12 2 5 8 4 1 0 15 25 0 1 1 1 35 0 0 0 47 0 2 168 3 11 0 5 0 2 12 1 1 1 2 24 30 
1 1 7 2 14 1 1 0 0 2 0 2 1 2 3 1 0 14 0 0 2 1 30 0 1 4 52 6 0 1 0 5 8 3 0 0 0 1 4 43 0 2 9 1 0 5 0 9 0 0 0 0 8 0 0 0 73 10 3 0 0 9 8 2 
0 5 2 5 13 0 1 2 0 79 16 38 1 11 0 34 0 1 0 2 0 5 0 0 0 1 0 0 35 20 0 8 0 11 3 0 2 1 1 8 2 1 0 22 7 1 107 7 1 2 2 0 12 0 5 0 0 3 0 10 0 4 2 1 
16 0 24 2 1 5 6 1 0 14 16 0 2 0 9 0 2 1 15 0 51 2 44 0 2 0 0 2 6 1 0 24 10 12 0 2 4 8 4 0 11 2 8 1 0 9 2 58 3 1 1 1 0 1 0 2 4 13 1 1 0 0 0 93 
0 1 8 0 7 0 1 2 8 5 1 7 0 1 0 0 8 1 7 0 5 15 4 2 0 7 21 18 1 3 0 0 1 0 0 0 4 18 0 97 0 6 2 5 44 1 0 1 1 0 0 2 7 0 2 11 9 2 2 1 1 2 0 3 
5 0 4 2 15 4 2 1 22 0 0 5 3 72 0 12 5 43 22 1 0 0 3 25 3 1 0 27 33 0 0 1 17 28 1 2 0 0 3 0 2 0 6 0 0 2 6 10 1 1 0 0 1 1 16 0 4 0 0 1 20 0 13 1 
1 0 0 7 2 1 1 0 2 2 1 0 10 4 0 20 0 0 5 9 3 1 3 20 6 1 0 3 4 3 2 9 0 0 0 0 0 0 4 2 3 0 0 3 4 6 0 1 0 0 1 2 17 26 1 2 4 1 2 2 1 6 1 0 
0 6 8 0 1 27 1 0 0 23 18 4 8 0 1 0 5 9 1 1 2 0 0 2 0 0 7 3 0 1 0 2 1 1 0 5 0 2 2 2 3 0 59 1 0 0 12 0 0 0 0 1 1 2 3 38 0 1 2 4 2 25 0 10 
17 2 5 1 2 0 6 0 1 2 1 3 0 16 4 1 0 0 3 1 0 5 14 2 0 0 2 0 2 3 14 2 4 0 1 9 0 22 2 0 0 15 11 10 0 1 2 50 1 0 6 0 32 26 4 6 1 2 21 5 3 1 4 5 
7 18 14 1 0 1 3 2 3 0 0 39 1 0 0 1 2 17 0 0 1 0 6 4 4 0 1 11 0 20 0 0 0 10 1 4 0 4 0 2 0 1 26 5 1 1 1 59 30 6 26 3 2 0 5 2 6 5 1 8 0 1 0 0 
0 0 126 0 0 34 3 14 0 1 7 1877 0 32 9 34 0 1 12 0 0 1 4 1 7 0 0 2 3 20 1 4 2 6 0 0 8 6 1 5 0 27 38 2 4 0 21 7 1 1 0 0 0 29 0 1 9 7 8 2 0 10 1 0 
2 3 1 24 0 0 2 0 43 40 11 1 2 5 1 27 1 11 44 1 1 1 3 3 0 8 1 0 0 0 0 3 2 0 0 2 1 7 1 0 2 0 9 1 1 2 51 1 0 3 0 0 4 0 0 0 5 215 0 0 0 1 0 0 
2 0 0 3 9 3 11 1 3 3 0 49 13 5 9 1 3 0 3 0 7 1 2 0 2 5 1 0 2 0 12 6 0 6 6 29 9 0 2 6 6 3 40 4 0 0 2 1 11 1 3 21 8 0 0 1 4 11 2 7 32 0 2 5 
14 10 4 9 1 2 1 0 3 4 1 5 2 2 3 0 2 0 25 0 5 19 3 5 8 2 2 1 2 0 1 2 4 0 5 0 1 4 1 5 22 0 0 1 0 0 8 1 1 0 1 11 0 0 1 2 0 1 117 6 1 0 6 0 
60 0 6 0 0 1 0 0 4 0 0 0 51 6 0 1 3 0 2 14 42 1 8 1 0 5 1 8 1 26 1 8 1 2 7 0 4 2 0 1 0 0 0 1 1 0 1 0 5 8 1 18 0 0 1 2 1 0 39 3 2 4 0 20 
3 2 20 1 1 0 0 2 1 5 4 6 0 0 2 0 0 6 3 0 2 0 7 0 9 0 0 14 0 4 1 5 7 9 0 11 7 4 2 11 11 0 8 9 10 6 6 2 1 1 1 1 2 0 14 3 4 1 11 13 2 2 10 1 
0 207 0 3 5 0 2 3 0 206 1 20 1 2 1 1 1 1 0 21 14 0 9 0 1 1 2 0 0 8 8 0 0 88 1 3 0 0 0 2 0 3 1 5 0 0 0 1 3 1 3 0 0 1 0 1 3 1 0 93 0 48 5 13 
0 14 13 26 8 0 7 0 2 10 3 3 0 1 3 0 0 0 1 2 0 0 0 4 0 1 14 17 0 1 13 5 0 0 7 2 7 0 14 0 0 0 3 166 18 0 5 5 1 2 23 0 8 1 185 0 15 0 0 5 1 1 11 1 
0 4 3 15 1 6 0 11 1 1 0 2 5 0 3 0 0 11 0 1 15 0 0 0 2 22 17 1 2 20 0 0 0 0 7 10 4 3 1 0 0 1 1 4 1 0 0 1 1 0 1 0 1 3 3 14 2 8 3 1 1 6 4 17 
0 4 4 2 0 0 1 0 2 103 0 0 7 6 31 0 1 1 0 5 22 8 0 12 3 2 34 11 0 4 14 10 1 3 0 0 1 1 0 1 1 0 0 2 6 1 0 0 0 15 61 0 56 4 0 8 10 2 1 27 3 1 13 0 
2 3 1 1 1 1 0 1 1 1 33 0 28 0 7 3 2 0 7 44 0 1 3 11 1 8 1 1 0 26 11 0 7 0 28 10 1 1 0 3 0 0 1 100 1 38 0 1 3 0 0 3 6 1 1 0 8 8 0 1 3 8 38 2 
8 0 2 4 1 0 5 0 2 12 0 20 0 0 0 0 32 2 0 3 39 0 0 1 0 5 6 0 7 0 2 11 6 1 48 1 0 0 19 9 2 2 6 1 0 0 46 0 4 1 1 0 0 7 0 4 2 1 3 0 21 8 1 0 
4 2 2 1 0 20 0 0 2 6 1 34 6 2 4 2 6 33 1 2 5 2 12 1 0 0 2 0 0 2 0 3 10 37 0 24 4 7 15 0 17 0 1 0 104 0 0 0 8 5 3 0 1 0 7 0 2 7 0 1 1 9 27 0 
64 6 0 3 2 1 0 1 0 0 1 1 1 5 0 0 62 1 0 8 4 1 5 35 1 44 0 1 2 4 0 1 16 1 5 3 1 23 0 10 1 7 3 0 0 2 9 3 5 0 0 0 0 0 0 10 1 1 0 2 16 3 0 1 
0 26 2 0 0 1 40 0 9 19 1 0 6 27 18 0 0 0 1 3 2 16 5 4 7 1 1 3 40 0 4 1 3 3 3 1 96 0 26 0 0 12 0 3 0 2 3 49 1 14 1 1 7 9 126 4 5 1 0 1 2 1 4 2 
1 5 4 0 2 1 3 5 0 34 1 27 0 20 4 0 0 1 1 0 0 1 2 3 11 7 1 1 1 1 0 1 8 8 2 0 0 1 0 1 0 1 24 1 2 2 1 6 3 5 4 2 0 9 0 4 1 16 42 2 12 4 0 1 
35 5 0 5 1 6 1 1 0 0 2 0 140 11 1 12 101 0 1 7 1 0 2 165 0 1 1 0 11 1 0 5 3 0 1 1 1 0 1 5 5 4 18 10 1 1 0 14 9 5 0 23 0 7 0 1 0 4 0 0 3 27 0 0 
2 2 10 0 4 4 0 0 0 6 0 1 1 0 1 0 3 0 0 1 0 6 510 2 30 5 9 0 4 0 1 1 12 16 13 5 1 0 2 8 0 1 0 5 0 1 3 23 10 1 1 0 1 2 2 14 0 0 2 1 2 5 0 1 
1 0 2 0 7 0 7 1 10 9 0 1 2 0 1 1 1 6 4 1 21 1 2 1 1 10 7 45 0 36 0 0 1 0 1 3 0 0 0 5 1 2 17 3 0 3 0 7 0 6 0 0 2 14 8 8 1 0 1 2 24 4 0 0 
1 1 11 0 1 0 0 1 1 0 1 1 0 12 0 3 2 0 15 0 6 6 0 3 0 0 3 2 1 14 135 5 3 13 1 3 4 0 2 6 0 0 2 0 1 8 4 0 2 1 0 1 25 0 4 0 0 3 9 20 0 23 0 1 
0 0 1 0 0 7 1 1 9 4 5 0 1 0 0 0 0 1 9 0 4 0 0 2 0 4 10 1 11 16 5 0 11 0 0 17 71 0 0 2 0 23 0 1 0 9 0 1 2 1 2 2 0 36 0 0 0 1 8 0 0 0 0 1 
0 6 7 20 5 1 1 0 4 6 4 0 34 2 1 1 0 6 2 4 0 0 6 0 0 1 0 6 2 1 9 18 5 1 4 0 0 2 0 5 11 2 3 1 0 0 1 3 5 19 1 4 15 6 0 3 3 0 32 0 0 0 10 1 
12 0 56 3 2 1 1 0 45 61 1 0 0 1 0 0 1 23 1 2 20 24 2 0 0 0 27 2 3 12 6 0 0 0 11 7 1 2 3 0 2 5 1 25 145 10 1 10 0 4 3 0 0 1 1 0 2 0 0 3 0 0 12 1 
2 1 0 1 0 0 0 20 25 0 18 2 0 0 2 2 2 1 12 12 2 1 0 3 15 0 1 0 0 1 0 2 6 3 1 2 1 0 38 2 1 51 3 2 1 4 2 7 3 22 0 0 26 0 31 6 1 0 2 1 17 57 1 77 
8 2 0 1 0 68 22 1 0 12 1 1 5 1 1 80 33 2 26 1 8 0 15 5 0 11 3 0 0 0 0 33 3 10 0 0 25 30 0 20 0 7 1 0 0 0 0 9 0 2 4 0 6 0 4 6 0 1 8 9 7 2 2 3 
1 1 0 1 0 1 0 0 1 7 0 1 0 0 0 4 4 1 90 2 3 1 0 10 5 2 0 4 0 91 1 99 0 233 0 35 11 0 48 0 0 0 6 0 24 1 1 14 0 2 2 0 17 4 137 5 7 9 176 0 2 1 8 8 
1 0 0 7 1 3 9 3 10 6 4 0 0 1 0 25 16 1 13 0 0 0 1 0 7 8 1 0 0 9 0 12 0 1 0 13 0 4 0 10 0 0 116 0 0 4 0 1 4 1 0 9 2 3 0 0 12 1 20 5 0 12 5 2 
1 1 1 44 2 1 1 0 42 0 6 1 3 0 3 14 4 0 18 0 2 0 0 80 0 12 6 2 1 0 94 2 1 2 0 2 7 12 2 0 14 0 4 0 14 6 4 1 6 1 0 2 5 0 1 0 3 5 5 0 0 1 5 0 
2 1 2 0 0 4 2 6 1 3 0 0 11 2 1 0 0 1 8 6 1 0 4 14 1 14 2 10 8 0 1 0 2 1 1 0 0 2 6 0 1 19 1 105 222 13 4 0 1 67 9 0 6 4 0 10 3 15 0 1 0 5 0 6 
23 0 0 2 0 1 10 0 2 1 1 0 5 4 2 6 6 10 15 0 0 4 1 0 5 0 0 18 13 2 1 0 12 5 0 9 0 1 1 27 2 0 0 1 1 1 0 3 2 1 2 4 1 0 29 0 16 2 10 7 1 23 1 0 
1 14 1 3 1 0 0 0 2 3 9 1 0 105 0 6 8 2 35 0 0 0 1 0 2 3 4 0 3 9 2 27 0 13 0 1 0 0 1 25 14 14 0 0 2 0 0 4 1 1 3 10 8 0 0 1 2 1 9 53 0 6 0 0 
4 1 8 0 1 1 0 4 1 0 0 7 6 1 2 5 0 0 0 0 2 1 0 0 8 0 1 4 6 2 0 0 0 0 4 3 3 12 0 4 1 7 2 0 0 3 0 0 6 1 3 8 0 17 2 0 2 0 1 27 0 0 6 0 
1 8 2 4 3 3 1 0 8 12 6 0 0 19 1 1 0 33 1 8 2 2 2 1 1 2 8 8 2 0 23 1 0 5 2 11 2 0 7 0 0 0 1 1 6 4 0 6 9 1 1 0 29 1 0 1 43 16 4 0 15 86 15 1 
2 0 2 18 10 0 3 53 0 1 6 5 1 6 10 5 1 0 0 4 29 0 2 0 28 0 0 9 8 1 1 11 1 1 15 1 5 0 28 0 11 1 3 0 6 0 0 2 2 0 6 0 1 8 45 0 1 8 0 1 10 1 0 0 
2 2 1 0 5 13 3 1 6 8 1 0 0 4 0 16 0 2 3 1 1 25 5 1 6 0 1 0 1 3 0 24 1 0 2 2 87 0 0 1 2 0 23 16 2 0 0 1 432 0 1 18 1 3 1 0 55 0 0 2 800 3 0 1 
0 2 0 4 1 3 8 27 1 31 4 0 0 1 2 9 0 2 0 3 3 4 2 0 2 11 0 2 3 3 14 0 9 2 0 18 0 0 3 0 0 0 21 2 7 3 0 3 1 14 0 3 2 1 1 2 1 11 13 0 0 0 3 1 
0 3 0 0 0 0 0 0 5 2 10 9 0 4 1 22 3 28 0 0 0 1 21 0 6 0 2 4 3 1 0 9 1 0 0 1 6 0 2 8 1 9 2 2 1 0 7 0 1 6 0 9 5 0 4 1 0 14 3 6 0 2 0 0 
10 4 0 26 0 1 0 0 18 2 2 0 7 38 0 0 0 4 0 4 2 0 3 0 4 3 1 1 2 0 9 3 3 10 4 38 2 1 0 0 1 1 0 0 3 0 63 5 1 0 0 2 1 3 0 25 0 2 8 0 1 37 0 0 
1 5 5 0 3 0 0 0 25 2 0 0 0 25 34 4 0 0 0 5 2 10 0 2 0 0 6 5 11 2 0 1 0 0 3 0 6 1 1 2 0 0 20 0 0 16 2 18 0 5 2 0 7 3 377 1 2 9 15 1 3 0 1 8 
0 3 1 1 0 0 2 6 0 3 0 24 0 9 0 2 1 1 9 26 9 11 43 1 1 1 6 5 5 2 1 34 0 5 0 48 0 53 1 5 9 1 9 1 6 0 5 0 4 0 54 19 5 1 2 0 1 0 4 1 1 2 0 24 
35 0 0 4 7 2 1 0 0 0 0 0 2 1 10 0 0 0 1 0 1 12 2 0 0 2 3 0 0 5 38 10 30 19 0 24 0 1 0 4 3 55 1 0 0 30 1 8 4 0 3 1 0 2 6 1 25 21 0 2 0 8 0 0 
1 236 7 2 1 0 2 1 1 0 9 11 0 0 0 1 2 2 2 0 1 0 1 4 8 4 0 0 24 1 12 17 7 1 1 2 1 1 10 216 0 1 6 2 4 0 6 1 2 4 0 4 0 28 13 0 8 7 10 37 2 1 3 0 
4 1 0 0 0 1 1 0 0 10 9 4 0 32 209 11 0 6 16 3 4 0 1 44 1 45 0 8 25 0 2 10 0 1 0 17 6 0 1 1 0 14 2 1 0 0 0 0 3 4 0 3 1 6 0 1 19 1 2 0 0 3 0 1 
2 0 2 14 0 1 7 0 12 2 0 0 3 1 6 0 1 2 0 0 1 0 8 2 0 1 2 0 21 1 5 2 0 1 1 0 24 1 0 24 1 11 0 2 0 3 0 8 0 22 13 0 0 3 0 11 11 3 9 1 22 45 0 3 
0 0 0 0 7 2 0 1 2 15 5 0 0 0 0 0 1 3 1 5 2 8 0 4 1 0 0 13 0 0 38 1 5 6 11 0 0 2 0 0 14 41 19 0 2 1 2 19 17 15 7 4 0 1 30 9 11 0 73 0 9 0 5 1 
15 1 1 0 4 13 25 1 1 4 1 0 0 2 3 1 0 3 0 0 1 0 250 1 0 1 0 2 2 1 9 8 1 0 89 0 2 2 18 0 14 5 0 0 3 1 0 1 0 2 4 50 6 9 0 0 0 0 1 0 0 1 2 32 
3 2 5 0 9 2 180 1 2 4 0 0 0 4 2 1 54 1 0 0 1 0 0 7 4 0 4 54 16 385 0 19 1 2 3 0 1 2 0 4 1 11 1 0 0 1 1 0 0 14 1 1 1 1 0 42 1 29 0 6 3 35 0 11 
0 0 0 0 2 0 0 2 0 1 1 1 4 1 1 0 4 7 1 0 8 21 1 0 5 1 0 3 5 4 3 2 8 11 1 0 2 0 2 12 0 0 8 0 11 0 9 1 0 0 0 0 8 0 0 0 1 0 17 8 7 85 0 1 
1 0 0 27 13 3 0 4 5 0 12 1 3 3 1 1 557 3 0 7 0 0 1 0 0 12 1 11 0 4 63 0 3 1 0 1 0 1 8 1 0 9 6 2 4 6 3 0 8 65 0 0 1 0 1 1 11 0 1 0 1 0 7 0 
0 0 23 14 0 2 4 5 48 1 0 32 0 0 2 3 0 3 4 0 3 0 0 14 1 0 0 0 2 15 15 1 0 4 0 2 66 4 0 3 0 0 0 1 0 0 0 0 0 0 1 8 6 1 0 0 0 61 4 0 7 28 22 2 
22 0 1 0 0 0 8 0 11 7 1 5 0 1 0 3 0 2 6 4 1 0 1 2 2 174 5 20 4 2 0 0 2 8 0 1 0 0 5 1 2 1 0 5 3 3 25 4 1 0 1 1 3 1 18 17 0 0 0 1 1 1 0 46 
2 13 0 1 0 0 0 0 0 2 0 0 3 9 5 1 6 0 1 0 7 3 8 0 23 11 8 15 1 3 6 0 4 0 5 5 3 0 3 16 0 2 8 0 4 2 3 1 0 1 11 0 1 12 1 20 1 1 10 0 0 1 0 1 
15 0 6 3 0 3 2 0 60 0 1 22 45 7 2 1 2 8 1 12 12 1 96 2 4 6 1 3 96 7 0 12 3 5 2 5 2 1 1 20 0 9 3 15 4 1 2 32 1 2 0 2 1 1 2 34 5 159 1 17 2 36 1 12 
1 0 107 0 2 0 22 0 0 4 1 0 0 12 2 3 1 6 1 1 31 5 4 15 9 1 0 2 2 0 40 16 16 0 1 0 4 20 2 1 0 3 16 1 13 2 1 1 3 0 1 3 36 1 1 2 1 11 4 2 115 0 1 0 
1 22 6 0 1 12 9 1 1 0 113 1 0 1 0 1 1 0 0 0 0 0 8 0 0 73 16 0 0 5 1 0 2 1 1 535 1 1 21 0 2 0 0 1 3 4 8 0 3 23 0 10 25 0 0 0 3 28 0 3 6 31 0 2 
1 68 3 0 0 1 8 17 1 6 0 1 23 7 0 2 3 1 21 1 1 26 8 0 0 0 1 39 21 0 1 3 30 0 0 0 0 1 4 4 0 17 3 2 4 2 0 1 11 2 3 6 13 3 1 0 0 0 0 4 74 0 0 1 
1 0 1 9 4 18 0 6 0 1 0 0 0 0 26 0 25 2 2 0 205 1 1 1 0 0 0 0 1 1 0 0 4 0 13 18 0 4 20 2 2 2 1 7 1 1 2 4 1 1 9 18 2 0 2 1 0 8 1 10 5 0 0 0 
0 0 0 0 3 3 1 1 0 0 4 1 0 1 1 28 17 24 10 0 1 3 0 1 1 11 0 24 0 6 0 73 23 1 0 2 35 0 2 1 4 0 0 5 10 1 4 4 0 1 2 0 0 52 1 0 12 1 3 6 1 2 0 3 
37 5 0 0 0 12 0 0 52 0 6 2 1 13 1 1 1 1 1 0 2 0 0 2 2 7 0 2 1 0 0 0 1 3 24 0 1 37 0 0 1 96 1 4 2 3 1 1 0 0 5 0 1 0 6 19 0 1 0 46 1 29 1 0 
3 0 3 1 6 81 129 0 112 3 17 8 1 2 0 0 0 0 0 0 1 0 0 0 0 3 7 1 2 3 2 6 12 1 1 3 4 0 0 4 22 2 7 3 0 9 0 0 0 234 1 0 0 1 0 0 0 1 5 16 3 3 1 0 
0 2 3 1 5 1 8 1 6 1 2 4 0 5 10 0 1 0 6 109 1 8 10 3 6 3 1 26 0 0 5 0 0 0 17 1 1 3 7 4 4 109 0 4 15 0 8 50 1 15 0 2 1 2 12 3 10 2 1 4 6 0 1 0 
4 3 0 3 0 22 0 0 0 0 1 3 13 0 0 0 1 1 0 3 9 211 0 1 0 9 4 1 0 1 3 0 2 2 2 0 0 1 6 2 0 0 5 0 15 0 0 1 1 1 1 0 0 0 0 9 2 8 27 1 1 3 0 5 
0 12 5 0 103 9 0 1 0 0 2 1 1 0 1 1 10 5 4 1 0 1 0 15 0 21 2 2 0 1 4 2 1 7 0 1 1 15 11 0 6 16 5 1 0 3 1 1 0 0 3 0 11 0 0 41 2 12 1 0 0 7 0 8 
1 0 9 1 5 0 1 5 1 24 8 9 0 3 0 186 12 0 4 1 141 0 30 4 10 0 0 0 5 5 0 0 2 1 0 1 1 33 6 0 0 2 3 9 0 54 4 3 1 5 1 0 0 0 7 1 26 0 2 0 6 1 11 2 
0 0 0 3 39 8 50 2 15 21 6 0 2 0 1 4 4 4 0 21 0 3 1 0 6 53 1 0 0 0 37 1 0 26 5 0 0 0 6 0 2 20 2 1 11 73 1 0 1 8 3 6 0 0 2 2 6 0 1 0 10 2 2 0 
165 13 5 1 0 0 16 9 1 3 27 6 5 5 8 14 5 0 0 2 3 0 0 3 0 121 0 0 0 2 0 0 0 5 0 6 184 3 2 2 1 1 8 3 1 19 7 0 1 0 5 0 2 0 1 75 0 4 2 6 22 0 0 0 
9 19 1 6 1 1 16 5 1 13 6 0 0 16 1 0 1 2 3 174 0 0 1 0 0 0 3 0 1 0 17 0 2 5 14 12 0 0 10 3 0 0 23 0 0 0 60 209 1 1 1 4 1 0 2 0 1 10 1 1 0 11 4 5 
0 3 1 1 1 1 0 0 11 0 6 0 0 0 10 1 6 4 1 1 4 1 4 20 7 0 0 1 0 4 0 7 3 1 2 1 0 0 1 11 0 0 0 6 14 2 0 5 27 0 12 1 1 13 0 4 93 5 1 1 8 0 0 1 
0 1 3 0 1 48 11 1 0 0 8 1 0 0 0 0 0 0 27 0 2 1 5 0 1 6 1 10 0 16 1 0 1 0 0 40 1 0 0 1 18 0 1 1 1 0 0 0 1 5 0 0 2 2 1 5 0 7 1 124 1 0 2 1 
4 1 0 7 4 1 0 0 32 0 4 3 17 6 1 1 7 1 4 1 0 1 0 11 0 1 29 5 0 7 2 3 2 5 9 0 1 6 4 1 1 5 0 0 3 1 0 16 6 0 0 28 6 3 24 0 0 0 0 0 1 2 6 1 
11 4 0 0 1 0 0 7 21 5 1 6 0 2 3 1 0 0 1 0 3 0 69 3 28 0 0 7 132 0 8 6 7 21 0 2 0 0 0 1 5 25 27 151 11 1 0 27 4 0 1 4 6 1 1 71 5 0 0 3 17 5 3 1 
1 13 2 16 6 2 1 3 1 0 0 0 4 0 3 0 1 0 5 0 2 0 0 0 36 1 3 1 0 0 2 3 3 4 19 1 0 33 4 0 0 0 0 1 3 4 1 6 2 0 2 1 7 0 6 0 2 3 2 1 3 1 79 10 
2 1 4 1 2 0 0 4 15 1 0 0 2 0 0 7 0 0 1 0 3 6 0 8 7 9 1 0 7 13 1 1 2 0 4 3 1 3 0 6 0 0 0 15 2 1 0 2 0 0 4 0 0 1 18 3 1 0 3 1 1 1 0 0 
1 2 3 1 0 4 0 0 0 3 0 2 0 27 0 0 4 0 0 4 1 0 0 15 33 27 0 2 0 10 3 6 2 17 0 0 1 45 3 1 13 9 0 23 72 8 6 2 9 1 1 1 0 0 0 6 38 3 5 3 1 0 25 1 
0 0 5 4 2 1 12 0 1 2 0 0 5 0 0 0 0 6 1 0 3 8 10 7 1 0 17 9 4 4 0 10 2 10 9 0 2 16 97 4 75 338 0 2 271 12 0 3 1 0 0 0 8 9 3 0 4 0 0 7 0 0 0 0 
0 0 0 0 1 0 4 1 1 0 28 4 0 21 0 0 0 6 0 0 2 1 0 0 0 0 4 4 0 0 1 6 0 4 1 2 2 0 6 2 21 16 0 0 17 7 3 2 1 0 5 0 36 1 1 12 3 0 1 7 3 34 6 9 
0 1 0 0 9 11 5 12 2 10 0 8 28 1 0 5 0 3 0 78 14 0 10 0 3 1 34 0 11 7 1 2 4 0 2 7 46 49 0 5 4 2 0 2 0 577 0 1 1 4 0 1 3 0 3 1 1 5 1 1 0 0 35 0 
0 7 2 4 1 6 1 6 1 11 0 1 0 13 1 4 1 11 12 22 3 9 2 1 1 0 1 5 4 0 14 1 1 0 3 0 0 2 2 0 0 0 0 3 1 0 13 5 18 1 1 0 6 0 5 1 1 0 0 4 0 1 0 0 
17 0 0 1 2 0 0 0 0 10 11 10 1 146 0 88 19 15 3 0 20 3 1 1 1 1 0 0 150 2 3 1 3 34 1 0 6 4 3 1 9 0 6 0 0 0 1 0 6 1 3 9 0 3 1 0 0 1 16 0 13 48 0 1 
1 4 7 2 8 3 1 1 1 8 1 0 61 17 3 0 21 12 0 0 34 1 0 1 0 17 2 0 1 4 9 0 1 17 0 1 6 0 5 128 3 9 6 9 0 0 1 0 0 0 2 1 0 0 2 2 0 0 10 0 9 0 2 2 
6 14 1 1 1 0 0 154 3 1 0 0 0 4 3 0 2 1 5 1 5 0 0 2 10 4 0 0 9 0 0 5 2 0 3 1 3 5 6 3 12 2 0 0 0 19 103 0 7 17 0 1 0 5 0 0 9 3 19 0 17 2 0 2 
0 5 12 0 0 1 1 0 0 0 0 2 3 1 2 0 7 5 11 0 0 0 12 1 1 4 2 0 0 52 0 0 59 7 2 2 4 1 0 0 0 27 1 0 1 24 0 1 3 1 0 0 3 0 0 1 63 2 3 7 0 1 2 10 
1 0 0 0 2 2 0 0 0 0 0 1 0 8 1 0 4 1 3 43 0 0 2 3 5 1 0 169 46 79 1 2 0 6 1 3 3 0 0 1 0 0 27 12 2 8 0 6 0 1 0 0 3 3 0 0 1 4 0 18 17 0 2 0 
5 0 0 153 10 0 5 0 0 1 0 2 34 2 26 18 0 3 1 1 40 20 36 1 8 2 7 0 7 0 0 1 2 4 0 2 3 3 5 3 1 3 3 1 1 9 2 1 0 1 9 3 0 10 0 9 26 3 3 38 3 0 0 7 
4 0 0 0 0 0 2 6 1 0 2 15 4 0 0 1 0 0 0 1 0 1 4 38 1 3 16 0 1 1 0 2 25 0 21 5 0 5 4 26 24 2 6 14 2 10 6 0 1 2 2 1 0 3 22 3 1 0 1 6 2 0 0 0 
5 0 22 7 1 1 2 4 152 1 5 2 0 3 4 0 6 20 4 0 7 0 0 7 2 2 31 1 2 0 7 0 0 6 45 6 0 0 0 0 1 1 3 0 1 3 2 0 0 6 18 21 4 1 1 16 0 0 1 5 3 0 3 37 
8 5 1 0 14 11 9 2 10 0 13 6 1 10 1 9 1 6 0 0 0 13 1 5 0 0 0 0 1 1 0 0 2 23 0 0 0 6 9 1 3 0 0 1 8 0 6 1 0 0 0 4 3 0 1 6 33 4 464 4 11 0 8 1 
2 0 5 2 0 14 9 1 12 13 6 0 9 6 0 0 0 1 3 2 13 0 2 24 6 0 0 2 3 7 0 1 6 3 0 0 3 3 6 11 42 2 4 0 0 2 0 0 0 1 2 7 2 0 3 1 0 0 10 2 5 0 8 20 
5 0 1 1 5 8 4 0 1 0 13 1 30 1 31 5 8 7 3 0 4 0 30 16 2 0 2 7 0 1 3 1 0 1 0 1 1 1 2 9 0 0 0 1 0 3 0 5 1 1 0 8 15 13 16 7 4 5 1 3 0 4 88 2 
25 13 32 2 0 2 10 9 1 38 1 0 0 0 1 11 2 0 12 0 0 0 2 0 2 13 11 6 6 7 0 0 2 0 0 3 4 8 0 1 8 0 7 0 1 0 101 31 48 0 15 0 169 0 1 1 1 4 3 15 29 2 0 0 
2 1 0 4 0 1 3 10 0 7 5 4 9 4 21 9 1 6 0 3 1 1 44 3 7 1 3 26 1 24 2 2 1 1 1 1 0 2 1 1 2 22 1 7 1 9 7 1 6 0 0 6 3 178 0 5 4 0 0 5 47 1 29 4 
1 3 22 1 5 1 1 0 0 2 0 0 2 13 0 1 1 54 0 1 4 0 1 1 0 0 0 0 3 2 8 2 1 6 0 2 0 0 2 5 0 120 27 0 20 4 0 11 20 0 0 59 0 0 3 5 0 3 0 15 1 7 4 0 
6 3 18 4 1 2 0 3 1 1 1 0 7 0 8 0 4 0 0 3 0 0 1 3 0 0 0 13 0 12 2 0 0 2 1 1 1 68 0 2 13 8 0 1 6 0 0 2 0 16 1 0 0 1 1 7 2 10 2 1 1 0 7 116 
19 2 0 4 6 0 34 3 0 0 39 4 0 20 18 1 212 1 0 4 30 0 32 0 2 0 8 46 0 0 0 19 34 10 10 8 0 5 0 1 6 30 23 2 2 1 0 1 4 5 1 31 0 4 2 12 9 0 0 0 2 15 2 1 
1 2 0 1 0 0 1 1 1 3 1 6 1 7 1 21 0 17 19 0 2 5 35 0 3 3 9 0 4 6 1 55 20 1 2 5 15 2 0 0 2 1 39 0 8 0 32 145 12 0 6 0 1 1 0 1 0 2 5 0 1 1 2 4 
9 6 5 30 0 0 4 0 1 0 0 0 0 0 6 1 0 1 33 0 2 0 2 1 0 0 0 3 11 28 1 1 10 3 1 0 0 1 7 0 2 4 3 0 6 4 2 0 0 9 2 0 1 9 1 0 3 82 6 1 0 1 0 5 
2 1 0 8 1 5 0 0 3 0 0 47 0 1 0 26 0 7 1 2 3 1 7 4 0 2 0 0 1 16 0 6 20 0 1 0 0 18 0 22 0 1 9 0 62 1 7 0 7 17 2 7 0 0 16 10 0 62 5 7 2 25 2 4 
6 1 107 1 69 0 2 4 3 3 0 6 43 4 1 8 11 3 0 1 40 1 2 0 1 5 59 0 82 0 1 3 1 0 0 0 0 22 10 1 2 0 0 2 0 1 1 7 0 1 2 1 0 1 0 6 0 0 0 0 0 1 2 0 
0 6 12 4 0 5 1 2 20 2 1 7 0 2 7 6 5 0 7 0 0 1 0 2 14 6 2 1 0 0 0 3 23 1 16 9 1 0 1 29 3 0 4 19 0 29 5 5 20 30 14 1 10 4 3 0 28 1 0 1 0 1 3 0 
8 10 0 12 0 1 61 3 1 2 0 1 1 1 0 1 1 1 21 1 14 0 4 22 1 0 0 2 1 9 4 0 3 5 85 0 1 2 1 0 2 5 0 0 0 0 1 2 1 14 0 3 3 0 6 3 16 6 0 3 22 2 2 0 
4 1 4 2 1 4 0 19 0 5 0 8 7 11 0 2 18 1 4 8 1 2 1 0 2 101 0 10 1 2 27 13 4 0 0 1 0 2 0 0 0 1 1 8 3 5 0 0 1 0 1 29 25 0 0 0 3 0 5 61 1 9 2 19 
0 0 0 3 0 1 0 0 26 1 0 1 0 5 0 12 1 1 21 0 2 2 0 0 0 2 7 2 3 0 0 2 1 1 4 2 0 7 36 0 2 0 1 0 6 1 1 7 0 0 0 5 3 0 10 8 0 0 0 0 10 8 0 7 
10 7 0 2 9 0 21 0 0 1 5 7 0 1047 21 3 3 0 3 1 9 10 1 1 0 0 5 1 6 8 2 5 0 2 0 25 0 0 1 0 0 0 1 13 10 7 15 37 2 21 0 3 7 5 1 2 0 1 0 1 6 6 13 2 
0 2 0 0 34 1 0 0 1 2 0 19 8 3 5 16 4 1 0 3 5 0 1 1 3 6 5 0 0 0 4 1 0 2 0 3 0 0 4 1 40 0 10 0 0 2 1 0 9 1 6 1 3 0 0 1 0 284 0 13 0 782 0 0 
226 0 1 7 5 3 2 1 0 1 0 63 7 0 0 11 25 6 2 4 0 0 11 0 0 0 6 3 8 5 7 20 3 0 1 52 2 1 21 0 2 0 3 0 4 0 1 2 0 0 12 0 0 1 10 0 0 2 0 0 0 0 0 3 
1 0 1 2 1 4 14 14 6 1 1 3 3 1 5 0 195 0 4 1 0 2 24 0 1 0 44 2 7 2 2 21 1 8 0 23 0 0 3 2 0 2 2 0 2 4 1 7 1 2 1 4 0 20 0 21 2 6 0 0 0 204 0 0 
1 0 1 2 9 1 16 3 0 0 3 6 54 0 10 2 1 1 0 0 1 0 0 1 1 0 0 1 0 1 6 2 1 1 13 0 2 1 0 4 0 1 0 1 2 1 0 10 1 1 0 17 1 5 1 0 1 1 0 6 12 0 1 1 
4 2 1 1 4 4 0 0 0 3 0 1 12 0 1 0 15 5 0 0 1 0 4 2 2 2 3 1 0 1 6 2 0 0 0 1 2 1 2 34 3 7 2 0 6 0 0 16 5 0 13 3 13 0 2 7 56 1 0 10 0 1 0 0 
11 0 1 0 19 0 4 11 5 4 1 7 0 7 10 16 1 0 2 3 1 0 1 1 0 10 2 0 3 2 6 0 14 1 1 0 5 3 2 0 0 2 0 4 42 29 0 1 1 1 0 0 3 0 0 4 0 91 4 0 0 19 5 8 
24 1 0 0 1 0 25 0 1 2 0 4 63 39 0 0 7 0 27 0 3 2 6 20 67 1 2 0 2 2 0 1 1 0 7 0 0 1 1 0 8 1 3 3 2 0 0 4 0 23 4 1 0 1 1 0 0 4 0 0 3 0 9 3 
3 0 3 5 4 12 0 0 5 0 1 5 1 22 7 12 0 1 0 2 5 6 3 3 9 0 1 2 4 1 0 0 0 0 10 36 14 0 0 0 0 4 8 0 5 0 0 1 0 1 32 1 1 2 0 4 4 33 6 2 0 12 8 0 
17 1 0 2 1 0 0 2 2 1 2 0 29 3 135 1 1 1 0 0 0 1 10 0 4 0 1 5 0 0 5 0 1 5 0 0 4 2 0 5 2 1 4 78 80 1 21 0 2 0 0 0 0 79 2 2 0 2 19 4 21 1 0 0 
1 8 5 2 43 3 2 0 7 0 2 1 0 2 0 2 1 0 1 0 0 0 3 4 2 0 1 1 0 0 0 4 1 0 0 0 1 1 0 0 0 0 0 0 2 7 2 18 5 0 0 10 1 1 1 0 5 2 9 24 1 0 0 1 
2 20 0 0 4 3 0 1 8 6 0 3 2 2 1 4 0 1 22 0 0 2 16 59 5 3 0 0 0 1 0 2 4 12 6 3 10 2 0 0 12 2 1 2 11 0 8 2 3 1 2 9 0 2 12 1 0 0 11 0 8 1 0 0 
0 1 7 3 0 1 21 28 29 0 3 2 3 0 22 0 0 7 7 1 2 1 21 1 0 0 1 1 1 5 2 1 21 4 0 0 42 0 63 7 27 7 8 71 1 29 0 0 11 7 2 15 0 0 0 0 0 1 0 5 0 0 14 7 
0 21 1 2 0 2 0 1 2 2 0 0 9 0 0 0 5 1 3 0 0 2 4 2 0 0 0 0 0 4 27 0 1 0 6 0 1 9 0 24 1 0 7 1 0 375 6 21 5 15 2 5 0 0 16 0 1 2 2 24 22 1 86 0 
0 5 0 112 13 2 2 2 6 2 89 37 3 0 0 0 0 0 0 2 0 3 1 1 5 0 6 0 0 2 3 5 1 0 2 3 1 1 2 2 0 3 14 38 1 4 1 19 0 0 11 24 0 8 0 2 2 0 0 0 3 4 3 6 
0 0 1 27 0 22 0 0 8 18 2 3 0 3 2 0 1 0 0 6 0 14 1 4 1 0 4 1 1 4 2 1 0 5 3 2 1 1 0 0 9 2 1 0 5 0 47 1 0 78 1 0 41 21 1 20 5 6 1 1 1 0 1 18 
7 1 1 0 0 0 0 0 0 1 5 1 3 4 31 1 0 0 1 2 0 5 0 1 1 1 11 0 0 0 11 0 7 0 2 0 8 0 2 59 0 0 6 46 1 0 2 0 62 1 0 5 5 0 0 6 0 4 1 0 1 1 0 0 
11 1 2 1 1 45 1 2 20 0 0 1 1 2 8 1 8 0 22 4 6 0 2 0 0 0 4 1 13 1 2 1 1 1 20 0 1 0 0 2 0 0 0 8 9 4 2 0 1 3 14 0 1 0 0 0 0 0 21 0 1 2 18 0 
6 1 1 4 1 0 3 0 0 0 3 2 0 10 2 0 9 1 3 0 3 1 3 0 0 4 7 6 0 0 13 1 1 3 0 1 2 2 7 1 1 0 0 1 1 18 0 0 2 19 40 3 193 4 1 0 11 12 1 3 1 35 0 0 
0 2 2 6 0 0 2 13 0 3 0 0 1 82 1 7 0 9 0 1 2 1 6 0 9 0 3 33 0 1 6 11 1 0 1 4 0 5 18 3 9 1 4 0 2 0 10 11 0 0 28 0 6 6 5 2 4 0 12 1 0 21 2 1 
3 0 111 6 10 6 0 2 1 1 1 0 7 6 6 0 5 0 0 125 63 3 8 1 2 3 22 1 11 1 2 0 1 14 1 2 5 1 0 1 57 0 11 0 1 4 2 1 0 1 0 1 3 1 1 0 0 0 45 0 4 2 1 1 
4 13 0 1 0 364 1 0 5 38 2 1 0 0 7 0 89 0 13 1 0 0 1 0 3 1 1 29 3 1 3 0 10 5 76 2 0 1 1 39 1 31 2 0 1 3 1 15 15 0 5 0 0 4 0 0 2 2 0 0 0 0 3 4 
31 1 1 1 4 0 5 0 59 0 8 0 6 0 3 29 2 2 0 2 2 4 1 11 19 0 4 0 1 4 14 1 0 8 22 1 0 0 1 0 8 1 2 21 5 26 3 6 6 1 0 0 77 2 0 2 0 2 1 1 2 12 38 0 
26 0 9 1 1 1 0 1 0 0 25 3 0 0 0 33 12 4 9 5 0 4 0 1 4 1 2 0 35 7 0 1 5 0 5 0 18 5 5 2 7 90 0 1 2 0 7 15 7 7 2 18 0 8 0 2 11 1 35 0 3 3 0 2 
10 0 6 1 8 4 11 6 6 4 9 8 1 102 1 22 18 49 2 0 0 1 1 17 2 3 34 0 0 3 0 1 3 2 0 2 6 7 6 1 2 0 1 1 135 1 5 0 14 12 0 0 0 5 6 14 0 2 0 0 2 4 2 1 
1 0 0 3 0 0 21 16 43 0 3 0 1 1 0 0 0 0 1 1 13 11 6 1 2 1 16 0 0 5 0 0 0 2 88 35 3 0 17 52 44 0 0 5 3 0 11 0 0 3 1 0 0 0 2 1 17 1 2 6 0 1 0 17 
5 0 1 3 17 141 0 23 8 1 8 0 0 1 6 9 7 1 0 0 4 6 0 4 1 6 0 0 1 2 0 1 2 0 1 0 0 6 4 5 0 42 8 1 20 71 4 3 0 1 0 10 1 0 2 2 1 7 0 30 1 0 1 7 
0 1 3 4 5 1 0 19 4 1 0 1 0 0 0 1 2 1 0 0 3 2 1 3 0 0 1 0 0 1 0 0 9 1 1 1 20 3 14 1 1 9 75 1 0 7 16 1 1 0 12 0 4 2 1 0 7 1 0 0 6 1 4 3 
1 0 0 18 0 0 0 2 1 0 0 4 7 4 1 3 0 9 11 3 0 3 1 3 0 1 1 95 8 4 1 1 0 0 1 1 8 8 0 1 0 38 1 1 2 0 11 1 0 10 14 2 0 2 3 0 2 4 18 0 4 38 2 0 
0 1 0 2 5 0 11 9 3 3 2 0 1 0 1 0 1 47 1 4 1 0 3 0 0 0 1 0 11 24 20 1 0 0 3 0 0 2 4 1 35 0 0 0 4 19 1 1 0 19 4 0 0 8 2 1 1 0 6 8 3 6 3 1 
1 3 0 1 38 16 1 4 0 1 0 1 17 1 1 0 0 3 6 4 0 0 0 0 0 7 1 3 4 1 2 0 0 0 0 9 1 1 2 6 1 7 0 49 0 0 8 8 21 6 2 0 19 1 1 33 18 1 1 0 5 1 0 3 
2 1 27 0 0 2 8 0 0 5 0 2 1 9 2 2 5 0 0 3 3 8 0 5 0 5 1 6 3 7 0 0 0 1 0 5 2 1 0 2 56 2 20 0 5 8 0 0 0 102 1 9 1 12 1 1 1 1 4 13 1 0 8 13 
2 0 0 2 1 0 0 49 64 1 2 0 1 0 5 6 2 5 5 14 8 0 0 0 1 7 0 6 0 5 2 0 1 1 0 0 1 1 0 0 30 23 1 1 0 3 3 9 19 8 24 0 13 5 11 12 0 0 2 2 2 7 1 0 
19 0 3 2 20 1 0 0 2 0 0 1 0 1 151 3 4 0 16 0 13 6 2 0 2 5 8 0 2 2 1 33 2 4 5 1 1 0 0 0 1 0 26 7 2 0 0 9 2 0 1 4 1 1 4 2 0 0 0 0 4 0 2 2 
0 2 0 0 10 0 2 8 1 2 7 0 0 122 0 5 0 2 34 1 0 9 0 1 9 6 6 1 7 1 1 0 1 0 12 47 2 2 0 3 2 2 2 2 9 0 1 3 2 1 1 1 0 1 0 8 0 16 1 19 14 40 2 1 
458 21 36 0 1 0 3 2 1 0 0 2 0 0 194 6 0 0 5 0 6 1 0 14 1 2 0 1 6 2 0 0 0 3 9 0 4 1 4 4 0 54 0 6 1 6 135 0 0 0 5 1 670 7 0 0 4 0 0 1 0 6 1 4 
4 0 0 4 0 3 6 4 1 6 0 3 0 3 0 0 1 0 0 1 0 0 12 3 1 1 0 2 0 3 1 3 6 1 1 1 5 0 5 3 6 2 0 0 3 0 0 1 20 0 23 44 2 1 2 2 1 0 0 1 2 5 1 7 
0 5 2 5 6 2 15 3 22 2 0 1 0 22 1 3 2 1 1 4 1 0 7 11 0 9 30 7 0 7 2 11 53 0 9 0 1 3 15 2 2 5 3 1 1 2 9 1 11 1 0 0 3 0 3 10 0 2 0 1 57 13 0 35 
11 5 1 0 1 7 6 8 0 1 70 0 4 2 0 1 7 7 0 0 2 3 0 3 1 1 0 1 2 17 1 0 10 1 9 12 1 29 1 2 1 7 5 6 0 24 5 2 0 13 1 6 2 4 2 2 1 4 1 2 7 0 11 1 
0 7 3 222 1 0 18 18 0 34 1 7 3 7 2 0 0 1 38 15 0 0 6 0 0 0 3 2 0 34 0 2 4 3 1 0 1 496 2 5 16 2 8 11 47 5 2 7 5 27 2 1 2 0 0 0 2 0 6 0 0 4 2 6 
1 0 33 2 2 11 0 11 0 0 8 0 31 0 3 0 0 4 1 3 3 3 1 25 0 0 0 1 0 2 5 0 1 3 0 2 0 28 0 46 0 1 0 0 1 0 45 4 26 2 3 0 11 0 0 3 10 1 1 2 0 2 0 3 
0 0 8 1 0 0 0 1 3 14 0 1 2 0 2 2 1 5 1 0 0 2 0 6 0 1 64 0 0 1 3 0 0 1 19 2 4 2 1 0 2 0 1 10 1 0 2 2 1 0 1 0 0 22 0 8 14 0 1 7 30 2 30 1 
3 4 50 22 0 7 0 19 4 0 0 1 5 0 84 4 0 1 0 27 4 0 0 1 0 0 0 11 0 0 6 0 0 2 63 0 4 0 1 0 8 1 0 2 13 1 0 0 0 2 1 5 1 0 1 0 11 37 2 5 1 0 7 1 
4 0 0 51 4 7 1 71 1 44 1 1 1 1 1 8 0 6 1 0 0 0 30 2 12 0 3 77 26 1 6 5 13 2 0 7 0 5 1 0 14 9 0 0 0 6 1 0 0 0 1 0 5 2 9 8 3 3 0 0 0 0 3 0 
1 6 0 1 3 0 4 1 0 0 5 56 0 76 9 4 1 0 2 1 5 1 51 11 0 1 1 199 3 0 1 0 8 0 2 12 4 1 0 7 0 24 1 0 2 2 4 0 1 1 0 0 0 0 2 0 0 7 0 9 1 0 33 11 
2 0 18 8 1 0 6 0 23 1 0 0 1 2 1 3 0 0 0 0 1 9 2 0 4 2 3 2 1 5 0 585 1 1 18 21 22 8 1 1 3 0 1 1 0 11 0 82 31 0 4 24 8 0 0 10 0 15 0 21 0 78 1 7 
3 2 1 1 0 1 0 20 2 12 0 11 4 12 0 0 0 2 0 0 3 29 0 2 0 1 3 30 8 26 7 4 0 4 0 28 1 1 2 0 10 0 6 1 1 12 1 1 0 3 5 0 1 7 2 21 12 8 1 0 4 0 32 0 
0 0 0 1 0 13 28 0 1 4 5 7 2 5 1 0 5 9 0 0 2 14 1 0 0 1 1 6 3 1 5 9 1 1 69 6 0 1 0 0 1 4 0 1 1 1 0 0 0 31 1 3 1 70 6 0 0 73 0 3 0 3 0 3 
0 1 0 1 3 1 9 1 0 5 2 0 0 1 1 1 15 2 0 4 1 14 1 0 2 0 17 4 2 8 1 1 0 0 0 3 0 0 0 1 0 2 0 1 0 0 0 47 4 4 1 4 1 3 1 0 4 1 1 0 2 3 9 0 
91 0 0 0 0 1 1 0 1 16 48 1 4 1 13 6 0 3 6 8 0 2 0 0 0 1 7 0 3 0 1 11 4 0 13 3 4 0 120 0 0 1 8 7 8 2 0 0 21 25 0 0 1 2 7 1 0 0 0 31 0 0 51 0 
3 3 1 9 0 1 4 8 5 1 1 3 1 0 7 0 262 2 0 0 1 1 0 86 0 10 2 3 27 0 2 29 12 0 2 0 3 0 0 1 3 0 0 0 28 0 1 6 0 3 22 6 1 2 947 0 4 0 3 3 0 0 0 2 
1 0 3 117 0 15 5 4 7 1 3 14 33 1 0 9 7 4 0 2 36 1 0 1 4 0 9 15 1 0 16 4 1 3 0 0 1 0 4 6 2 1 11 4 1 1 6 3 1 9 1 0 0 0 5 1 1 0 0 19 4 0 0 2 
2 1 0 10 6 7 0 5 2 3 1 5 6 1 15 0 0 0 0 0 7 0 0 0 5 3 28 3 0 1 0 5 1 17 6 0 0 8 0 7 9 1 1 1 8 131 11 1 2 8 1 0 2 0 0 2 0 1 1 25 0 13 0 4 
8 5 132 13 12 4 2 7 9 21 7 2 2 0 2 0 15 2 0 3 0 0 1 9 17 1 1 13 1 26 1 1 6 0 3 1 7 0 0 2 0 0 2 2 0 4 3 3 6 3 4 12 1 0 6 1 1 270 0 0 0 3 1 3 
1 3 9 1 0 3 0 0 3 1 5 1 0 1 2 0 3 1 1 2 0 1 4 1 0 4 7 0 7 2 5 7 2 9 0 3 8 1 1 1 3 1 0 4 28 128 1 285 10 0 1 1 1 0 2 3 0 35 0 2 0 0 4 0 
0 4 1 11 3 7 2 26 12 0 5 2 1 2 5 0 1 0 5 13 2 14 0 3 6 1 1 0 0 2 2 65 9 10 16 2 15 0 0 0 0 0 12 0 0 5 31 45 1 12 0 12 2 3 23 0 24 2 6 1 6 18 1 0 
1 0 0 4 0 9 0 0 0 342 0 1 2 8 0 1 1 0 4 1 5 12 0 0 2 0 0 1 6 26 0 8 2 19 0 8 0 5 5 2 10 26 0 1 5 9 0 10 61 2 0 6 0 1 7 0 3 58 1 1 0 1 0 8 
1 1 2 0 0 51 12 7 0 0 4 10 0 1 0 16 0 21 49 1 1 0 6 5 0 0 51 1 2 1 7 1 0 1 5 54 0 0 0 7 6 6 4 0 0 1 0 0 1 0 0 11 10 0 0 9 1 0 1 37 3 13 0 5 
0 0 0 2 18 1 0 0 0 0 6 0 1 139 10 13 0 1 0 2 0 0 1 1 1 0 1 1 0 2 2 2 2 8 101 4 1 0 2 1 19 25 3 0 2 0 6 1 9 3 3 1 0 3 7 0 0 2 8 0 4 2 4 2 
4 9 2 0 13 0 6 0 1 1 14 1 2 61 108 0 3 14 4 0 3 10 0 13 1 1 2 0 0 0 0 0 0 0 7 0 0 2 2 6 26 2 8 1 2 0 6 3 2 5 0 96 1 3 0 1 21 2 11 0 7 0 2 2 
4 4 0 7 0 8 4 1 0 6 0 1 1 22 8 0 4 2 0 3 1 4 2 0 3 0 0 0 0 0 1 0 0 0 9 2 1 1 0 5 41 0 1 6 1 3 1 10 6 9 4 1 0 11 1 3 6 13 1 0 1 3 0 0 
10 1 0 1 12 2 1 6 0 5 0 0 7 2 6 0 0 1 0 11 0 14 2 13 0 2 2 35 2 2 11 0 5 3 0 0 0 0 9 4 0 2 0 6 23 0 2 1 1 3 4 3 19 0 5 1 0 7 1 1 2 87 1 4 
1 1 2 13 1 1 1 3 3 2 23 0 0 8 0 0 5 9 6 129 9 1 6 24 3 4 0 8 3 3 5 8 1 0 2 7 5 16 39 1 1 1 3 1 0 0 10 1 19 1 0 0 1 4 2 4 1 2 5 0 3 4 1 0 
16 2 0 3 0 22 0 1 0 0 3 4 0 1 0 0 10 4 0 0 8 0 36 1 1 4 1 2 1 21 2 5 2 2 1 2 1 2 0 0 0 0 2 5 1 29 0 2 0 26 0 41 9 4 1 0 9 1 37 49 1 0 1 2 
0 7 1 0 10 2 0 0 3 0 0 8 0 0 0 1 2 2 0 9 6 3 0 0 1 4 22 5 0 0 1 1 1 1 0 20 26 2 1 3 1 0 0 3 2 0 0 1 1 25 12 4 409 0 0 2 0 3 1115 10 0 1 2 6 
2 1 0 11 0 1 0 0 1 2 0 6 7 1 3 2 31 32 1 2 31 1 1 4 23 1 15 2 0 1 6 3 0 15 8 0 24 2 0 25 0 7 4 25 1 0 1 1 0 0 4 6 4 1 7 13 0 3 0 1 17 2 1 9 
0 2 1 0 29 2 12 0 4 3 2 6 24 6 5 1 2 1 1 3 5 1 4 0 101 1 18 5 18 0 1 92 0 0 8 0 0 2 0 0 33 19 29 4 0 24 0 8 0 0 9 5 3 1 1 0 72 15 0 0 0 0 1 0 
1 35 0 4 65 8 5 1 0 4 1 12 4 3 1 63 0 43 2 1 1 1 0 5 0 0 50 0 2 0 0 4 0 5 0 1 0 4 13 2 5 0 1 0 25 13 4 2 2 15 11 33 0 2 6 8 0 2 1 15 4 2 0 16 
65 3 4 0 13 0 3 11 0 5 0 3 11 0 3 0 12 2 0 4 5 1 10 0 0 9 3 6 6 2 3 1 3 7 0 0 1 6 0 0 60 0 0 2 1 5 0 8 4 1 22 0 5 0 0 3 6 0 2 0 61 36 0 0 
0 0 11 0 5 93 0 0 1 1 5 6 0 0 0 4 0 7 1 13 1 0 0 0 2 5 0 4 0 5 14 5 5 390 5 17 1 0 3 1 3 0 4 0 2 0 0 0 3 1 0 6 1 13 0 0 1 3 1 0 6 0 13 2 
38 1 6 0 15 0 0 1 1 0 4 0 14 0 0 6 2 0 241 6 14 3 8 45 0 0 6 8 1 275 3 1 3 4 2 3 0 5 3 6 0 0 42 0 3 0 6 3 0 0 20 6 0 28 10 147 2 1 0 2 8 0 0 1 
0 13 13 12 3 1 1 6 3 9 28 1 0 1 4 0 0 0 0 10 4 2 1 1 6 4 15 16 16 10 1 1 3 0 0 2 1 1 1 4 7 0 176 5 1 8 3 13 0 0 100 1 7 6 6 5 8 0 0 0 4 0 0 2 
1 1 0 62 7 2 9 5 4 5 4 0 16 2 1 14 0 1 1 0 2 26 1 0 0 1 0 0 0 3 3 0 1 3 1 0 6 1 2 8 0 230 45 2 2 1450 0 5 33 0 30 1 35 0 2 0 0 0 1 4 0 1 19 1 
0 7 2 1 13 1 1 0 2 1 7 0 1 0 7 0 0 7 12 0 0 0 1 2 0 9 0 5 1 1 0 5 7 9 0 2 3 0 0 0 2 0 1 2 2 2 55 1 10 0 1 13 0 0 0 0 0 15 19 1 43 7 0 5 
0 0 3 15 194 1 3 0 4 0 13 0 0 0 1 0 0 54 2 1 2 67 0 0 21 2 3 1 0 1 0 0 2 2 3 80 6 1 2 0 2 64 0 6 3 5 1 2 10 3 1 0 0 0 5 0 0 19 0 4 0 1 3 0 
0 1 7 7 0 0 5 0 5 0 2 0 0 180 1 3 3 9 9 24 2 45 2 31 4 1 0 1 2 19 18 0 0 32 5 0 1 0 12 5 0 11 10 0 14 4 1 1 2 0 1 5 40 4 0 2 0 6 1 2 2 1 4 1 
9 1 2 5 1 3 6 1 3 0 0 5 0 2 5 1 0 0 0 1 15 0 2 2 9 2 9 1 1 1 7 17 3 0 7 8 24 1 1 1 1 1 7 1 1 1 0 0 3 1 21 0 9 1 0 2 0 1 18 1 5 0 1 0 
3 2 0 6 0 0 0 1 3 0 0 0 1 10 0 3 0 0 2 20 7 9 10 0 0 2 5 0 0 0 0 1 6 2 4 1 1 1 2 0 1 28 1 6 0 2 15 21 0 0 0 2 0 0 4 6 2 27 3 10 6 3 5 0 
1 4 0 0 1 1 0 1 2 22 1 5 0 0 0 0 5 1 6 5 1 2 2 1 1 5 0 13 1 12 26 2 1 0 2 7 1 6 2 0 1 0 0 8 5 7 2 3 1 1 4 4 0 2 0 5 2 2 1 0 4 0 8 0 
9 0 2 4 1 1 0 1 7 1 4 0 0 14 0 72 6 2 0 4 0 0 3 1 65 3 1 1 14 1 1 3 0 18 1 6 72 9 0 0 2 6 0 34 54 1 26 0 1 0 43 2 6 0 8 1 0 12 19 14 0 3 1 9 
0 0 1 35 3 2 24 1 1 0 11 7 22 13 0 0 10 16 1 3 4 1 0 1 0 1 33 38 4 0 3 2 3 38 1 2 1 2 5 7 54 3 1 0 3 31 2 12 16 0 0 5 7 1 0 0 1 2 0 1 24 18 7 1 
1 7 4 0 1 25 0 4 5 1 251 1 2 6 5 4 4 2 1 0 0 3 0 23 0 0 8 1 0 23 1 0 11 1 9 0 1 0 15 11 1 0 1 0 2 4 0 0 0 26 3 0 1 0 1 1 16 0 0 3 32 3 5 21 
16 1 0 4 0 21 0 1 1 5 1 1 1 12 1 370 3 14 7 2 10 16 1 12 18 1 2 0 17 5 0 7 1 0 12 0 30 1 0 3 1 0 0 3 1 16 4 9 0 8 22 16 5 0 0 0 0 0 0 0 1 0 0 4 
2 4 21 0 1 2 0 9 4 0 2 25 16 3 6 0 0 1 5 1 71 2 0 11 0 0 1 2 11 5 5 5 10 1 1 3 0 17 1 2 1 57 2 1 1 0 2 0 9 25 7 1 1 0 0 0 8 0 5 2 0 0 3 7 
1 0 0 1 4 1 1 11 1 0 15 9 1 22 5 1 2 23 0 10 2 7 0 26 1 3 6 3 0 0 6 8 4 0 0 4 2 4 40 4 2 5 22 12 0 5 3 1 1 0 1 33 1 1 37 0 2 0 2 0 6 1 2 0 
0 1 3 1 4 11 3 0 11 1 1 3 8 3 7 1 29 2 4 0 1 6 0 2 1 19 1 0 1 5 2 14 0 4 8 0 1 0 0 1 13 1 0 1 0 6 24 0 1 23 0 1 1 22 0 0 4 0 0 0 0 0 0 2 
6 20 3 0 0 4 0 0 10 0 5 0 0 0 10 0 0 6 1 5 2 0 3 1 5 1 1 1 24 14 0 0 0 13 1 6 0 2 3 4 34 1 1 0 0 1 1 0 0 0 2 0 1 0 0 0 70 2 1 1 7 1 1 1 
0 0 0 0 83 0 2 13 14 0 2 0 0 0 23 0 2 1 5 0 0 0 52 52 1 1 0 15 7 0 36 3 0 0 0 3 3 1 0 0 0 1 39 2 1 65 6 4 0 0 0 9 1 0 0 1 0 0 13 6 1 0 0 1 
0 5 6 1 2 1 1 0 5 1 1 1 0 13 0 3 0 128 4 0 0 36 2 3 0 3 1 0 0 0 3 7 0 10 0 1 0 16 1 0 0 16 0 4 2 1 8 1 39 2 0 11 1 3 0 0 9 1 1 0 11 2 0 1 
0 4 18 1 0 0 0 0 0 2 4 0 10 1 16 9 5 2 111 1 12 8 1 8 1 0 2 0 5 1 0 1 3 81 209 3 0 1 2 0 4 2 79 3 0 0 1 2 86 53 1 14 2 0 0 0 1 2 11 1 1 0 1 1 
0 1 0 2 3 1 2 1 0 0 0 31 0 5 0 2 6 0 0 0 2 1 1 1 1 0 1 0 1 0 4 3 9 0 0 0 1 1 16 20 12 28 1 0 0 0 0 3 8 1 0 12 2 13 0 15 1 3 23 0 8 0 5 11 
4 0 6 63 1 16 5 0 6 2 14 6 7 2 1 5 0 1 1 24 5 0 4 0 0 1 1 0 1 2 1 0 0 8 82 11 3 0 9 4 1 0 0 34 4 59 18 0 1 1 2 10 18 7 0 5 28 0 2 0 2 11 6 0 
1 2 18 0 1 9 1 1 0 4 15 2 1 0 0 9 2 1 0 0 0 0 1 5 31 2 2 3 18 60 8 1 0 5 2 1 8 9 4 1 0 1 2 0 2 0 1 5 0 0 2 1 1 0 7 0 4 0 0 0 4 1 0 0 
32 0 2 28 1 24 10 0 454 57 3 16 2 0 2 0 0 0 1 1 11 0 1 0 14 1 1 2 0 1 8 1 2 15 14 5 1 42 0 0 4 7 23 0 4 1 17 1 0 29 0 1 4 0 1 0 0 1 1 0 0 2 0 0 
22 2 243 0 9 3 7 1 2 1 21 5 14 2 0 1 0 1 11 0 3 0 8 6 3 2 2 0 3 125 1 1 0 153 1 0 6 48 1 1 0 5 0 2 2 1 297 0 12 0 1 2 0 2 0 23 0 0 2 2 0 8 9 8 
9 15 2 1 10 0 0 1 0 0 4 2 0 15 3 0 0 1 3 0 54 0 8 0 2 1 2 0 1 26 1 1 0 19 0 50 0 0 3 1 1 5 0 2 7 2 10 1 2 13 58 2 0 0 10 7 6 1 15 0 6 1 2 2 
0 1 0 1 1 4 1 4 14 9 1 1 21 9 2 1 2 1 3 0 38 0 1 3 4 1 3 17 1 0 2 3 3 2 0 0 0 8 1 22 0 3 16 0 0 13 4 1 3 0 0 63 0 10 2 3 3 9 1 2 1 3 32 1 
82 2 1 23 1 14 9 4 0 0 6 1 4 1 1 1 11 1 7 1 0 74 10 1 1 2 10 9 1 4 0 0 1 31 1 12 7 7 0 0 0 8 4 0 1 0 1 1 5 41 1 0 4 3 1 0 0 4 0 1 2 0 2 0 
3 6 0 1 38 0 5 2 0 1 0 6 66 63 0 0 7 6 5 0 0 1 0 1 2 6 2 3 7 0 0 0 0 1 10 2 0 1 0 0 1 0 3 0 3 2 0 1 2 17 2 4 1 1 1 46 15 1 5 3 1 0 1 62 
3 86 0 277 12 0 0 0 3 18 28 0 1 4 0 23 0 0 0 3 0 7 0 2 1 0 13 2 2 1 1 11 0 10 38 0 2 13 0 5 76 0 2 0 0 0 11 2 5 52 57 0 1 1 2 0 1 4 3 0 1 0 2 1 
1 0 5 3 6 6 28 8 24 4 2 9 11 0 68 0 2 2 2 0 0 4 1 1 0 4 0 0 0 2 6 2 5 2 2 6 27 0 1 9 3 0 0 3 3 0 1 1 0 6 2 0 6 5 2 4 3 28 5 7 0 0 0 78 
0 0 8 2 0 31 3 5 0 0 8 0 1 4 2 0 0 2 1 1 1 2 0 6 0 11 2 6 17 2 348 108 14 0 2 56 6 5 0 2 2 8 0 0 0 1 0 1 2 19 2 12 0 1 1 6 5 1 3 0 0 1 0 0 
22 72 4 1 1 14 0 1 0 1 1 6 8 7 0 6 4 1 0 0 2 0 1 2 9 2 7 0 5 2 0 0 10 15 9 6 9 4 1 0 2 3 4 28 1 0 12 1 15 0 11 0 5 42 1 2 2 2 0 0 0 0 2 0 
72 4 1 0 0 1 5 0 2 0 0 0 0 0 6 46 15 63 0 9 8 11 0 0 48 0 0 5 0 0 29 17 2 17 0 1 7 0 11 0 2 0 5 3 5 0 0 5 0 4 0 23 1 0 2 0 0 0 3 9 3 4 0 0 
3 111 3 3 1 0 34 2 1 1 9 0 1 0 2 0 71 0 8 0 2 0 1 0 2 207 27 19 0 2 0 1 7 2 2 0 1 0 0 282 0 0 2 6 2 0 1 1 4 13 0 43 0 0 3 51 0 8 5 4 10 0 6 6 
0 171 2 1456 0 2 0 0 10 2 2 0 0 0 7 1 2 34 6 12 0 0 0 0 0 3 0 2 0 0 0 0 2 0 11 1 0 0 2 32 0 23 0 0 16 0 3 2 3 8 0 37 6 78 1 0 4 3 1 0 0 94 9 0 
0 8 3 0 0 17 0 0 1 0 23 2 0 1 0 1 1 7 9 2 0 2 4 0 0 25 1 12 0 23 4 15 6 0 0 10 0 2 0 0 0 69 1 0 1 37 12 38 0 10 0 0 0 1 1 0 6 19 0 5 3 2 9 0 
0 4 24 19 0 92 0 3 0 16 0 2 1 10 2 2 1 0 2 6 2 308 2 7 12 0 11 5 6 6 2 4 0 1 0 12 15 32 108 65 1 1 1 9 11 1 0 1 7 0 8 3 1 11 6 3 0 45 8 2 1 23 3 3 
141 4 1 0 3 14 1 4 22 8 23 3 0 2 9 1 0 6 5 1 4 0 1 0 2 7 1 3 1 3 7 6 6 6 5 1 0 2 2 17 0 2 0 0 5 5 56 1 6 6 0 6 12 9 1 3 0 0 0 3 0 5 736 9 
0 0 2 1 0 1 3 55 1 9 0 0 5 15 0 8 7 3 0 1 0 0 1 0 5 0 0 2 0 3 10 1 11 2 3 0 0 41 15 1 0 7 2 6 0 26 5 34 1 16 0 18 1 0 8 0 34 1 7 0 1 0 5 3 
0 1 5 0 1 2 1 4 2 1 1 2 0 3 2 5 1 0 0 0 4 10 1 0 0 5 7 1 0 0 6 1 2 0 3 0 8 0 9 3 0 2 1 3 2 0 12 0 13 2 9 8 0 2 1 0 0 6 4 4 6 12 0 2 
3 0 1 10 5 0 0 0 1 29 0 1 15 2 5 0 3 2 8 2 0 2 0 0 0 2 1 0 2 0 6 76 0 0 0 8 2 7 0 1 0 1 7 0 9 1 1 23 1 3 5 0 0 2 0 2 7 24 12 10 0 0 20 0 
1 1 1 1 0 1 1 0 1 0 1 0 2 42 2 6 4 8 10 1 17 1 18 0 25 0 12 0 1 0 0 58 1 1 0 0 1 0 0 0 1 2 15 15 2 1 1 9 0 1 0 5 1 7 1 7 0 3 3 0 4 0 5 12 
5 0 7 5 3 6 0 20 0 2 0 0 1 17 1 0 6 2 0 4 1 13 1 55 0 2 1 3 0 0 3 2 0 1 0 0 0 1 1 0 4 0 6 2 18 36 0 2 34 0 16 0 30 1 0 2 1 15 1 0 6 0 1 3 
1 0 0 6 14 0 0 1 15 5 2 4 0 0 2 0 1 2 0 6 2 6 29 36 2 1 0 1 3 0 0 40 32 9 21 4 0 2 3 100 0 0 1 10 1 6 1 0 2 0 1 1 1 1 11 0 0 8 3 25 0 4 0 30 
1 1 0 3 8 3 1 33 4 0 32 0 5 0 0 4 2 7 0 0 0 0 0 6 4 0 14 0 0 0 4 1 1 1 31 2 0 12 0 0 0 103 1 0 217 5 0 0 13 11 0 0 0 3 3 0 0 6 0 9 1 4 0 3 
13 6 58 53 0 29 4 1 1 1 4 2 1 0 5 0 0 0 0 1 34 1 40 2 10 2 1 10 6 2 0 19 2 7 2 0 10 8 1 0 2 0 1 50 10 0 0 2 1 0 8 2 8 0 0 0 8 5 2 1 0 0 0 4 
1 165 3 0 2 1 21 0 4 2 0 1 3 362 5 9 0 0 8 14 0 23 0 0 2 10 0 0 85 2 10 1 4 2 0 0 1 1 1 3 1 2 1 122 0 0 0 1 0 10 3 0 7 1 1 14 3 0 1 0 38 7 0 18 
2 0 0 0 1 2 0 3 0 0 1 5 4 0 2 0 0 18 1 18 24 1 1 31 0 1 0 3 0 1 0 14 0 18 2 8 0 2 1 2 3 2 32 18 0 0 0 1 6 0 0 1 3 0 9 10 0 0 2 0 0 4 0 2 
0 127 0 13 2 0 1 2 0 0 0 0 0 2 2 7 0 1 0 1 1 0 21 0 0 2 0 0 10 5 1 0 13 2 1 0 0 0 2 0 0 15 0 5 1 0 1 0 1 15 24 10 15 3 4 1 0 2 14 0 0 0 109 0 
13 5 1 0 75 0 0 0 0 67 1 0 0 4 7 10 2 2 1 17 0 0 0 0 1 5 5 16 0 3 2 9 1 1 1 0 8 3 11 4 1 1 12 1 0 5 2 8 1 66 0 4 1 1 0 8 49 3 0 7 31 3 1 3 
5 2 3 1 0 1 0 0 2 6 5 1 18 10 2 118 0 2 1 0 11 0 27 0 13 4 36 0 0 11 0 7 0 6 0 9 7 1 0 1 4 0 0 0 1 1 0 1 1 1 6 5 2 3 1 1 1 0 12 0 0 1 0 2 
1 19 0 0 2 0 0 10 2 11 4 12 4 7 1 1 8 6 1 0 1 0 0 0 0 1 13 1 11 0 0 0 0 0 0 0 0 25 5 3 3 1 7 11 11 2 6 1 18 1 0 18 3 1 21 0 1 0 1 3 0 2 2 6 
0 6 0 0 0 0 9 22 0 20 1 20 0 3 0 4 0 1 70 2 0 24 12 0 3 2 7 2 0 6 4 5 1 1 0 0 0 1 0 1 2 0 120 0 2 8 0 4 1 12 1 13 6 9 4 23 4 2 218 6 0 0 2 9 
0 25 36 73 12 10 0 1 0 0 4 0 0 0 1 1 0 0 1 0 7 2 2 0 2 15 1 3 22 12 1 12 0 23 2 4 0 8 0 7 0 2 7 1 4 0 17 10 17 7 4 1 3 0 2 0 12 9 1 15 2 14 9 6 
0 0 2 0 20 8 48 1 8 0 0 0 4 2 6 0 4 3 13 1 1 1 12 13 1 2 3 8 1 1 10 1 30 0 10 15 16 0 0 3 0 0 0 0 5 1 0 7 10 0 1 0 0 0 3 2 1 1 0 0 5 1 0 11 
10 1 28 178 0 3 2 1 2 4 0 2 3 0 4 1 1 1 1 0 118 1 3 18 3 0 0 1 1 8 1 1 0 0 1 0 0 2 0 3 10 12 3 1 1 1 2 50 15 0 2 1 7 0 1 0 0 0 2 1 0 0 0 3 
0 3 0 2 0 0 2 7 1 1 4 0 325 0 8 3 0 15 0 1 3 1 2 19 0 0 4 1 7 0 3 2 2 0 0 1 32 1 0 0 7 7 5 0 1 2 5 2 2 5 20 0 7 0 191 0 7 0 0 0 2 213 0 45 
4 1 0 5 0 221 1 1 24 5 2 0 1 1 1 16 4 6 0 5 15 0 0 2 14 3 6 2 0 1 1 1 3 0 48 3 1 1 0 3 0 0 15 7 0 0 0 0 6 0 11 0 0 2 3 0 3 5 0 1 1 1 1 5 
3 3 1 5 0 8 0 0 0 1 58 0 1 19 43 2 2 0 6 0 0 0 0 2 0 77 2 5 1 0 1 5 0 40 0 2 0 8 5 0 40 3 4 4 2 1 1 54 16 0 1 12 0 17 2 1 0 1 4 0 21 2 3 0 
3 1 0 7 0 0 38 5 1 12 2 11 11 1 17 0 0 0 0 1 18 1 4 0 7 0 30 0 0 2 40 6 2 1 1 3 1 1 4 0 46 0 0 9 0 5 0 5 0 1 1 10 8 7 12 6 32 19 0 7 0 11 7 0 
2 0 0 0 9 1 0 1 0 0 3 0 5 5 1 0 12 0 2 108 0 0 5 0 1 0 0 1 2 24 0 26 1 1 6 4 0 7 1 0 8 1 0 2 0 1 2 0 3 10 0 0 0 0 3 5 3 0 16 0 1 2 1 6 
2 0 0 57 2 0 18 2 0 6 8 2 5 0 4 6 43 468 0 0 2 7 0 0 9 280 0 0 3 1 0 3 1 0 2 0 72 5 5 4 0 4 0 0 0 1 8 5 45 1 3 33 0 3 0 1 17 1 3 0 0 2 4 1 
3 2 405 42 3 2 4 30 0 1 5 58 0 12 4 290 5 0 7 2 31 0 0 27 1 0 0 0 0 3 2 0 7 22 1 0 2 0 0 4 20 3 6 10 7 3 8 0 0 8 0 0 1 2 1 0 13 17 1 0 0 0 3 0 
0 1 2 0 0 0 8 5 0 201 1 0 2 4 1 9 9 3 3 1 2 1 1 0 0 2 1 0 5 1 5 1 2 1 1 0 15 8 2 0 0 6 1 1 0 3 0 10 0 0 2 0 0 0 34 0 0 2 1 0 9 1 4 31 
1 27 10 2 194 5 1 0 28 5 0 1 8 7 0 2 151 9 2 1 0 59 0 5 2 0 1 0 6 5 0 0 1 48 3 0 0 35 7 0 0 3 0 0 2 0 0 1 0 2 1 2 3 1 3 5 1 1 2 0 2 7 4 2 
0 1 0 0 0 0 82 2 1 0 2 8 0 12 0 1 5 0 7 0 0 0 0 1 14 3 10 1 11 3 2 5 223 5 36 0 0 0 0 1 12 5 3 0 0 1 48 12 1 0 3 0 1 0 5 0 5 1 3 0 13 0 3 49 
1 2 2 1 1 1 16 0 1 10 1 0 0 3 1 0 2 1 48 774 1 0 0 0 1 1 1 1 1 1 3 5 8 2 5 0 0 2 0 1 0 1 14 13 0 0 2 0 2 2 1 1 1 11 0 83 0 6 1 26 3 1 1 2 
1 0 11 1 1 1 6 1 0 7 2 1 1 0 7 1 1 0 32 1 6 343 2 10 0 2 0 342 1 3 4 1 1 1 50 0 1 9 6 0 1 4 8 11 11 0 0 0 0 1 6 0 144 3 3 0 6 15 0 1 1 22 0 0 
0 0 7 1 0 0 0 1 1 22 0 1 0 5 12 1 2 5 0 51 0 37 0 0 0 27 0 0 74 6 0 3 6 6 0 1 41 0 0 2 8 6 0 1 1 41 1 0 0 2 5 0 1 1 2 8 1 10 0 0 0 8 2 1 
1 3 0 0 4 0 0 6 1 0 10 0 1 7 0 1 5 2 0 0 30 8 0 1 1 2 5 0 19 0 55 4 4 4 1 3 1 0 1 0 4 0 1 1 1 1 12 0 0 92 7 0 2 3 2 2 0 6 2 0 1 46 22 4 
1 0 0 26 2 1 3 0 0 0 1 3 1 37 7 3 0 1 0 9 0 1 0 0 0 1 0 1 13 14 10 6 3 27 1 7 3 2 3 0 0 0 3 4 8 6 2 7 94 1 0 1 7 2 1 2 8 0 35 1 0 1 118 1 
1 0 1 0 1 1 74 1 7 1 7 0 1 2 5 1 5 2 0 1 3 0 0 6 2 8 0 1 25 50 5 3 0 2 0 0 8 6 5 1 1 5 2 0 3 20 3 0 10 1 0 1 1 1 35 16 109 0 99 77 3 7 3 2 
5 2 0 0 0 1 2 0 0 3 5 3 139 3 6 12 8 1 0 2 9 47 5 2 1 5 132 52 0 0 3 1 1 3 47 113 6 0 30 3 0 1 3 0 2 0 2 3 0 0 0 0 18 4 1 0 0 1 0 2 0 0 2 2 
9 1 0 0 73 0 0 45 1 52 0 2 135 0 11 5 11 1 3 0 3 0 1 0 9 64 1 1 29 9 3 2 5 0 0 0 14 2 0 2 9 2 2 16 0 5 0 0 0 7 0 0 3 0 2 0 4 2 0 33 2 0 1 1 
12 5 1 11 2 3 0 2 1 10 2 3 0 2 1 0 0 1 5 8 2 0 5 0 1 54 0 3 13 0 1 11 6 0 11 6 8 5 0 1 1 5 0 13 1 0 0 2 3 0 0 6 6 0 6 0 7 0 23 0 10 70 0 0 
0 1 0 13 5 2 0 2 1 2 0 0 1 7 5 1 2 1 2 4 8 2 0 6 15 3 1 1 0 1 1 4 0 0 0 233 0 0 47 0 0 9 0 0 12 1 2 0 10 7 9 1 2 5 0 5 3 0 0 7 5 21 3 0 
0 4 1 2 28 0 14 5 2 1 5 12 5 0 0 0 6 0 1 1 0 0 0 0 1 0 9 3 1 10 0 4 1 63 4 14 1 4 0 0 1 5 2 3 0 7 8 1 0 1 1 1 0 2 8 0 1 1 1 1 31 15 2 0 
1 1 1 16 3 15 21 517 0 7 6 2 3 5 0 1 1 1 4 28 1 5 4 8 2 0 1 0 0 1 21 0 1 1 0 0 9 10 0 2 0 1 0 9 5 0 1 3 0 3 15 3 0 4 0 4 1 16 99 0 2 2 0 1 
0 5 8 1 6 1 40 13 0 0 0 0 10 0 0 3 12 19 2 0 1 0 0 0 1 2 45 8 10 2 3 8 25 5 1 1 0 2 9 1 1 4 4 0 0 1 8 2 5 0 3 0 2 5 0 64 0 1 1 0 0 16 11 1 
32 18 36 2 5 6 8 4 3 5 2 1 7 2 64 0 9 0 1 0 27 1 13 5 0 7 5 10 12 0 1 4 1 0 1 0 4 29 1 0 2 5 7 0 0 1 3 0 0 0 0 0 1 0 1 0 0 1 2 0 0 7 0 1 
9 0 2 1 7 1 23 0 6 8 0 1 51 0 2 29 1 0 8 0 1 2 4 6 11 0 35 12 4 5 5 0 0 1 0 16 13 2 1 1 14 0 20 2 2 0 2 7 0 0 78 0 0 2 1 0 51 4 1 0 6 0 2 8 
0 1 0 4 0 0 1 46 8 2 24 0 8 0 0 0 29 3 0 1 1 0 11 3 0 5 1 1 0 0 0 0 1 0 2 0 0 9 94 0 0 1 2 0 0 1 8 2 0 5 2 13 4 0 9 3 11 4 1 4 1 5 4 0 
2 8 40 0 9 1 0 12 0 2 3 2 0 10 2 0 38 1 13 1 0 21 15 28 3 1 1 16 0 0 4 0 2 628 0 14 0 2 2 2 2 0 1 0 2 103 0 0 0 2 244 0 0 44 0 27 6 29 4 1 4 0 0 0 
1 5 0 1 33 0 0 0 14 9 0 8 0 1 2 3 4 0 2 0 0 0 0 4 5 0 23 1 1 0 13 0 3 0 0 5 0 0 13 0 2 0 0 21 1 0 1 4 0 2 3 0 1 0 0 5 1 8 7 1 0 2 8 1 
2 1 1 6 0 0 0 8 79 1 0 1 35 0 6 0 1 5 7 5 41 5 2 3 1 2 0 0 1 0 3 3 7 9 97 14 13 14 0 0 0 0 0 0 24 0 0 13 0 4 1 3 0 7 0 0 56 15 18 9 6 2 14 6 
1 2 0 10 0 5 2 0 1 3 21 0 0 1 0 5 1 0 16 11 25 0 0 0 0 1 4 2 1 1 3 0 5 1 0 0 1 0 0 17 0 0 0 1 25 51 1 3 3 0 118 2 18 1 2 1 0 0 2 1 5 11 1 16 
3 1 0 0 17 0 3 0 4 1 1 1 0 7 12 100 0 1 1 0 12 1 0 0 0 2 0 18 0 15 0 4 1 3 1 1 1 0 0 0 0 0 2 0 0 14 0 2 9 8 0 3 0 6 8 1 0 4 2 2 0 19 0 13 
0 1 18 5 2 0 2 1 8 2 1 20 0 27 0 1 8 0 2 0 0 11 5 1 10 0 1 1 0 0 35 2 0 6 1 1 1 2 8 10 1 64 1 0 20 1 2 3 0 1 18 0 6 1 0 0 1 12 28 7 5 4 1 0 
0 2 9 0 0 0 5 1 2 0 3 0 0 1 1 0 0 24 3 14 5 3 1 0 4 1 13 3 4 15 0 0 0 1 1 0 0 3 1 0 0 5 8 0 2 1 1 0 1 0 2 15 0 4 1 12 0 0 1 5 8 2 2 1 
0 3 2 23 8 8 141 3 0 2 18 8 5 5 3 6 0 6 4 1 3 195 2 3 3 2 0 0 0 3 0 0 0 20 3 9 0 1 0 2 5 1 8 33 0 2 1 21 48 0 1 1 2 0 3 0 3 1 37 2 0 3 1 0 
154 0 9 0 0 22 2 2 0 0 11 0 1 5 17 0 0 0 3 0 0 1 1 2 0 4 3 0 0 2 0 1 2 54 33 10 0 10 5 10 0 0 24 0 3 1 4 0 5 14 0 2 12 0 1 8 9 35 1 0 2 1 7 0 
2 49 3 66 82 0 4 0 9 20 5 4 4 8 20 2 7 0 0 4 1 0 0 5 8 1 33 1 1 47 19 0 0 0 3 1 1 0 22 9 0 1 96 2 3 0 0 10 0 0 2 1 1 6 0 2 0 0 73 2 1 0 3 2 
0 0 3 0 6 20 9 3 11 0 2 7 1 1 0 2 0 9 1 1 1 1 5 2 4 1 0 2 1 0 0 24 2 1 1 3 28 0 0 3 9 4 3 0 0 6 4 10 2 0 0 1 0 0 19 9 9 0 1 2 0 16 4 74 
14 3 0 0 1 6 22 0 4 0 1 3 0 5 1 9 0 1 12 3 1 15 0 0 0 0 0 2 2 0 1 1 0 7 1 14 12 2 1 0 0 10 0 0 1 1 3 1 1 6 40 0 8 1 1 0 0 1 0 2 1 90 2 5 
0 0 0 0 5 0 0 1 4 8 2 21 0 8 2 0 0 12 1 3 1 1 0 5 0 2 2 1 0 0 0 10 0 1 3 1 0 1 1 0 0 0 0 19 0 0 4 2 0 3 0 3 0 0 3 1 22 0 22 0 12 0 16 0 
6 0 0 2 1 4 0 6 0 3 0 0 0 17 1 0 1 6 0 7 2 3 2 1 0 7 3 70 0 235 0 5 3 5 1 2 23 0 3 5 7 4 1 1 14 0 3 5 0 5 3 0 29 1 50 7 7 3 0 25 7 1 0 0 
0 0 2 0 4 0 15 5 1 7 4 0 0 3 278 0 8 9 0 1 21 0 29 1 2 1 0 1 1 4 8 0 0 0 5 3 4 2 1 0 0 0 1 2 0 0 17 3 0 3 3 15 1 2 0 10 19 7 1 1 4 1 4 0 
3 1 55 0 0 0 1 2 0 0 0 2 20 25 8 0 2 3 11 0 9 5 0 1 0 92 8 3 1 0 0 6 1 1 0 150 1 5 4 12 1 0 6 2 4 0 0 2 3 0 0 0 0 1 5 1 2 5 3 16 1 6 6 0 
5 3 2 1 40 4 0 0 1 1 1 1 1 21 2 1 0 1 3 3 0 0 1 0 104 1 0 2 3 0 1 0 0 0 7 7 2 4 0 3 6 1 2 1 1 1 1 32 0 1 0 0 1 27 3 0 8 1 2 3 0 1 10 9 
1 2 30 1 0 0 7 1 7 1 3 1 0 1 0 0 0 12 5 0 0 2 0 4 3 2 4 0 0 1 0 6 1 23 4 1 0 1 5 2 0 0 0 1 26 19 0 0 0 1 2 3 23 0 2 0 0 1 2 21 0 0 0 0 
0 0 0 0 1 3 37 3 0 2 1 5 2 1 7 0 136 2 1 0 1 35 24 0 0 0 0 37 4 0 0 0 3 0 0 2 0 5 15 0 5 5 1 87 459 12 2 0 0 0 49 2 0 21 7 0 66 2 7 1 0 2 1 0 
15 54 0 29 7 2 18 2 1 0 4 0 3 0 0 10 14 0 2 37 0 0 24 0 0 2 0 1 0 16 7 20 0 1 2 1 1 2 72 1 5 0 1 0 2 30 0 0 1 2 2 5 20 1 0 1 3 4 1 4 7 2 255 2 
5 14 0 1 2 1 0 36 0 17 0 1 0 1 7 3 0 2 3 3 6 0 18 0 1 6 7 18 1 0 0 2 1 0 0 4 0 2 0 0 2 1 3 0 0 5 29 36 4 6 0 16 6 0 1 15 2 0 0 0 15 1 1 32 
5 0 0 0 1 8 0 14 3 0 2 0 0 0 0 68 0 1 5 1 3 1 0 0 4 0 1 32 0 0 6 10 1 5 0 1 0 11 9 2 3 1 0 11 0 222 2 1244 8 5 1 0 0 0 5 0 1 11 1 2 0 4 1 26 
1 4 3 0 1 1 0 6 6 1 11 0 0 1 1 6 10 0 1 1 1 4 4 1 1 4 13 1 1 1 1 0 8 0 1 13 3 0 28 0 6 1 1 1 2 0 1 4 0 13 1 0 10 0 1 1 5 0 9 3 1 1 0 0 
67 1 37 22 0 0 19 1 0 0 1 1 0 1 12 322 1 5 0 0 5 5 3 1 1 9 4 7 2 1 15 1 2 1 0 0 0 0 1 1 0 3 0 5 0 15 1 3 84 11 1 1 5 1 0 0 1 12 3 18 1 1 0 32 
0 4 2 1 8 11 0 2 0 0 8 3 3 0 8 1 0 0 2 1 0 0 14 0 0 7 1 3 2 4 6 1 1 1 3 2 144 12 0 1 0 1 0 0 1 0 0 34 1 0 29 0 0 1 127 0 0 1 7 4 35 19 3 0 
1 1 2 6 12 1 1 32 3 0 0 25 2 9 1 0 7 8 1 11 10 1 2 115 1 85 1 0 1 3 9 23 1 11 1 1 0 3 2 4 0 5 0 9 0 6 112 3 5 0 13 0 62 0 47 1 0 0 27 1 0 0 0 0 
12 1 2 5 1 0 1 7 0 0 0 13 8 3 1 0 0 2 0 308 1 1 0 2 2 5 14 4 0 0 22 0 1 10 3 24 0 0 0 0 2 3 79 1 0 25 1 54 0 9 5 1 4 0 1 8 2 0 9 0 229 0 0 10 
0 0 83 0 0 0 4 4 2 0 1 0 1 0 2 1 2 41 0 0 0 1 46 4 0 0 1 0 0 2 26 22 0 1 0 2 0 4 1 3 3 1 1 0 0 3 0 3 6 0 0 1 4 2 4 0 0 1 1 0 0 35 7 1 
9 1 0 0 4 0 0 6 2 0 1 0 2 2 1 6 6 0 0 0 0 0 0 0 6 2 5 0 0 1 0 3 1 1 2 0 0 0 25 1 10 0 1 1 15 9 1 35 40 27 0 5 0 0 3 2 4 0 0 0 7 11 0 1 
0 11 1 0 0 1 1 6 0 2 3 4 0 27 0 0 0 1 5 3 41 13 2 20 46 19 11 2 1 1 1 1 9 106 0 17 1 2 0 1 6 0 0 0 0 0 88 2 0 1 22 0 0 0 9 6 0 0 1 6 0 20 0 16 
9 15 1 3 20 9 0 1 67 0 1 1 2 1 2 131 22 0 7 1 0 14 1 6 10 0 68 8 12 2 4 0 0 1 0 3 1 0 6 1 0 0 0 0 85 3 1 47 10 0 17 0 7 0 1 10 20 1 0 33 0 0 6 9 
6 5 5 4 0 12 0 1 1 6 3 1 12 7 12 0 0 8 21 3 2 2 1 4 2 17 2 0 27 14 3 20 2 1 9 5 1 1 11 0 5 2 1 6 1 0 0 1 18 7 1 1 5 0 2 3 4 0 2 0 1 2 3 0 
10 11 0 9 0 0 0 8 5 0 0 0 0 1 4 1 34 0 4 7 1 11 22 2 0 7 4 5 48 0 11 9 1 1 0 1 5 7 4 0 0 0 0 22 2 9 0 14 2 0 1 3 9 1 1 0 0 2 2 14 2 4 0 0 
1 142 2 1 0 2 0 1 4 0 0 0 0 1 0 0 9 0 0 4 16 1 8 6 4 17 1 8 3 0 8 4 42 8 1 0 83 13 1 6 0 15 0 0 2 1 6 1 1 7 0 9 7 3 2 7 9 0 0 0 82 0 5 0 
1 4 1 18 1 0 1 142 0 11 3 43 2 1 0 0 0 2 2 1 0 2 1 0 1 0 8 1 13 3 1 2 4 4 2 3 4 0 0 0 12 7 7 2 0 5 3 2 3 0 161 18 9 23 1 1 9 0 0 1 1 1 0 7 
2 6 45 4 111 0 45 0 5 0 6 5 4 1 0 0 0 12 14 1 0 1 2 0 3 1 121 0 9 19 4 0 19 6 7 3 0 0 9 0 2 1 15 0 1 0 1 1 14 3 11 1 4 0 12 1 3 6 1 2 0 0 0 216 
35 0 0 0 1 2 1 4 1 0 1 0 0 2 0 1 0 12 0 0 0 2 6 0 1 76 2 0 1 1 0 13 0 1 2 3 1 0 18 1 12 33 0 0 34 1 7 1 11 55 4 18 1 0 4 9 1 0 27 3 5 7 0 7 
1 1 2 1 1 5 0 1 0 3 0 2 1 0 1 2 3 0 1 16 3 0 6 7 1 2 0 11 10 1 5 51 0 1 2 167 0 0 2 42 14 0 1 0 1 74 12 12 2 3 30 7 1 6 2 2 0 2 0 266 0 10 0 26 
2 8 0 11 3 1 0 17 2 0 11 2 3 0 0 3 1 0 2 2 0 5 0 1 6 2 1 5 1 1 4 1 1 1 17 2 1 15 0 2 0 1 7 0 0 0 0 42 0 0 0 0 15 2 8 6 11 2 0 2 10 1 3 118 
0 1 5 1 7 4 0 1 32 6 101 0 1 0 5 1 2 1 0 0 0 0 0 0 2 0 0 1 0 1 0 0 0 1 0 22 0 7 0 6 230 1 1 0 20 2 0 10 1 0 0 2 0 0 2 20 0 8 5 2 6 6 0 86 
0 0 0 13 1 1 7 0 0 1 2 3 2 5 0 1 13 0 28 0 1 2 2 1 0 5 2 3 2 7 9 2 4 8 0 15 26 0 0 0 1 0 5 10 1 2 1 116 17 2 5 14 32 0 126 0 0 2 0 0 7 1 4 22 
0 6 25 1 1 0 6 2 2 0 1 1 0 3 0 0 3 0 2 1 6 0 19 2 2 1 2 10 0 1 6 1 29 0 1 9 0 3 2 0 4 5 0 4 1 0 1 1 1 15 10 1 0 1 4 0 0 1 6 14 9 5 3 0 
0 1 5 2 21 1 0 4 6 0 0 17 4 1 1 2 59 1 0 6 1 0 1 1 0 1 9 14 5 0 3 2 3 0 127 0 13 20 0 3 0 7 0 0 21 2 0 8 0 0 1 1 0 0 6 0 0 0 0 0 0 1 1 1 
14 0 6 8 0 34 0 20 0 0 1 1 2 2 14 0 0 0 0 1 15 2 2 1 2 2 0 0 2 0 11 0 0 1 0 2 12 0 15 1 2 6 2 11 228 5 4 0 0 3 1 13 34 162 46 0 2 10 3 0 3 3 0 0 
1259 1 12 2 4 0 7 10 81 2 1 2 6 7 12 3 7 10 3 0 2 11 0 0 0 29 1 12 3 0 9 8 0 7 0 2 1 3 8 0 4 5 0 2 1 7 0 0 30 21 1 6 14 1 0 20 3 16 2 0 0 1 0 2 
1 0 3 10 7 0 3 0 1 0 3 1 0 36 2 0 3 5 0 2 0 0 1 2 0 0 33 6 1 7 0 5 5 4 5 0 12 12 3 0 0 1 1 0 4 31 0 1 1 174 0 9 30 0 0 1 3 1 0 1 0 23 1 1 
0 2 42 3 6 1 1 9 2 15 1 8 20 6 1 41 8 3 18 9 7 20 2 0 3 9 0 0 0 24 18 1 0 1 1 1 1 1 0 0 1 100 2 0 0 1 0 1 1 2 6 3 0 1 0 0 1 6 3 16 1 3 1 1 
0 0 2 6 7 1 1 3 0 14 0 0 1 2 7 0 2 1 8 2 8 6 12 1 1 0 24 53 5 1 11 2 0 0 0 3 3 0 37 0 2 3 0 0 0 1 1 2 2 27 1 2 0 54 1 7 0 14 7 23 3 1 0 1 
0 66 4 9 29 1 1 8 0 0 5 3 0 0 0 8 237 12 0 1 0 1 2 0 10 3 0 5 1 0 2 0 4 15 0 6 1 0 2 0 0 0 2 0 1 26 0 1 1 20 12 5 0 0 11 0 1 2 0 15 3 21 1 3 
2 14 2 1 1 4 1 4 1 0 0 1 7 3 3 2 0 4 1 36 1 1 0 2 2 1 3 1 1 9 4 2 0 1 0 1 20 3 0 28 1 1 2 4 1 0 2 169 4 0 0 1 1 1 1 1 0 0 0 0 1 18 2 7 
332 3 11 1 0 0 1 15 10 0 1 15 0 18 1 6 0 0 4 0 0 178 2 9 11 4 1 5 4 1 0 9 1 1 14 2 0 3 0 4 3 49 0 3 0 0 94 1 0 7 0 0 51 5 15 0 0 6 1 14 0 6 2 0 
5 3 8 7 7 0 0 3 0 3 0 0 4 3 5 0 0 1 1 2 0 1 2 28 0 14 11 0 0 0 2 1 11 1 0 2 1 15 4 1 0 1 2 0 46 10 0 5 0 1 24 1 1 3 0 3 24 0 0 3 8 1 2 0 
23 8 0 0 14 2 28 2 6 1 2 2 4 1 0 10 0 2 1 25 1 6 0 0 0 24 1 2 7 0 1 1 2 0 2 3 0 3 0 0 1 2 0 1 0 0 0 1 0 1 0 0 4 2 18 0 10 2 8 2 1 0 2 10 
9 1 0 0 8 1 2 1 5 4 6 10 2 2 2 4 0 1 0 7 0 1 2 3 1 0 1 7 0 0 3 7 6 9 1 4 2 2 6 1 4 1 1 0 9 6 0 11 6 1 0 2 34 7 51 0 4 5 0 0 0 8 0 0 
1 2 5 1 14 0 0 0 31 1 0 0 11 0 6 13 0 0 4 1 1 6 3 0 1 1 0 1 0 34 3 4 1 1 0 1 0 6 11 1 20 1 1 7 1 0 6 0 0 1 0 8 2 1 8 7 2 6 5 4 3 3 14 1 
1 2 11 0 0 6 0 0 2 0 28 0 23 0 0 0 12 4 4 0 0 2 10 28 1 3 0 2 0 0 8 5 2 27 0 2 1 16 1 0 0 0 5 0 0 1 1 0 1 0 1 5 7 1 1 2 5 0 4 3 1 4 1 3 
0 2 1 8 0 2 2 2 0 0 15 0 1 73 9 0 0 36 6 5 0 2 1 0 4 1 54 0 4 4 1 4 0 0 1 6 1 4 2 1 0 0 2 6 2 0 3 43 3 6 2 8 1 1 0 6 1 13 29 1 2 0 0 0 
1 3 128 74 22 0 5 4 0 2 6 0 1 5 0 5 14 1 4 29 31 14 1 0 1 0 73 0 7 160 0 9 8 0 1 0 0 5 1 0 0 0 0 12 3 0 0 0 0 3 7 5 1 0 1 1 31 7 1 3 2 1 0 6 
1 5 2 0 3 0 70 7 8 0 0 2 1 0 1 0 1 0 3 4 2 1 0 0 3 0 0 0 1 1 30 4 13 2 0 0 0 19 1 0 0 0 2 0 2 0 2 1 0 0 19 3 0 1 3 1 2 1 1 2 7 48 6 1 
3 2 9 0 0 0 1 0 1 0 5 15 0 3 0 9 11 17 4 0 6 4 4 3 1 4 5 0 1 1 2 0 0 5 0 3 2 5 3 2 2 0 5 4 0 9 0 2 7 0 0 1 1 3 1 154 6 2 2 2 5 3 1 0 
107 0 0 1 0 10 0 8 1 0 1 1 0 1 2 2 4 2 1 13 3 0 12 6 0 1 2 1 4 1 0 0 0 1 5 1 8 0 1 59 4 0 0 0 1 10 0 25 0 0 2 1 5 21 6 0 0 0 0 16 6 3 2 36 
14 1 0 3 2 3 2 4 85 0 0 7 0 8 0 0 1 4 0 1 0 1 1 1 20 0 0 0 10 1 4 8 0 0 0 4 8 3 4 0 1 1 1 0 3 0 2 10 1 0 0 0 2 0 0 1 20 0 6 1 0 0 0 1 
2 4 16 0 2 33 1 0 4 4 0 5 5 2 2 6 0 26 2 3 0 1 0 1 1 0 2 6 4 1 1 0 1 230 2 1 0 5 33 2 2 46 3 1 0 1 7 1 4 8 3 2 8 1 6 0 13 1 2 0 7 0 4 57 
1 0 471 0 6 23 2 0 13 0 9 2 9 14 1 0 0 0 1 0 11 0 0 3 9 367 0 36 13 0 1 9 5 0 2 0 7 0 0 0 9 1 2 13 0 0 0 0 6 17 7 0 0 1 0 112 12 0 0 47 5 0 1 5 
5 2 0 4 1 4 1 1 0 0 2 0 0 4 1 0 5 1 2 0 7 192 1 4 2 0 0 0 1 0 1 1 0 0 0 1 1 8 1 0 6 2 0 1 0 7 3 0 1 5 0 13 62 0 9 0 0 0 1 0 2 3 1 0 
0 3 11 1 0 1 3 1 12 9 9 0 1 0 6 2 10 0 5 2 0 0 1 27 14 1 0 13 1 4 0 6 0 14 1 3 121 0 2 0 210 0 1 2 2 4 0 0 0 2 4 0 0 5 1 5 1 1 2 34 0 1 18 23 
0 2 2 158 1 23 5 23 6 0 24 9 0 1 4 0 0 0 1 1 0 2 3 15 1 6 1 0 0 82 2 2 1 0 7 1 5 1 0 0 7 4 1 0 0 0 6 31 1 0 1 3 30 0 0 9 1 0 52 0 1 15 0 76 
1 1 4 10 0 5 1 23 7 1 0 13 0 1 2 1 0 1 0 26 0 5 24 0 0 0 176 28 0 0 6 6 9 2 1 1 0 1 5 98 4 0 0 0 0 0 0 1 9 0 1 1 2 6 3 1 11 21 2 1 8 0 8 1 
3 3 138 0 1 0 33 8 1 4 0 11 6 0 0 2 4 4 8 0 0 9 0 2 49 0 0 1 4 0 0 2 2 3 1 23 6 18 1 3 1 0 12 0 0 1 1 0 8 1 2 0 0 7 0 8 1 1 0 8 2 0 2 2 
1 5 1 10 2 3 12 1 0 0 0 6 4 0 4 101 1 0 2 1 12 0 4 1 33 3 0 0 17 4 93 1 1 43 0 1 0 0 31 1 0 0 0 1 28 0 0 37 1 0 3 3 2 0 47 4 0 0 105 1 1 0 0 4 
0 16 3 0 2 1 4 4 3 0 2 0 1 0 1 2 0 0 0 9 3 0 1 5 2 3 0 1 0 0 0 2 2 0 25 20 15 5 5 0 1 0 2 1 6 6 3 2 50 0 6 10 8 1 1 2 0 4 0 1 5 1 1 8 
3 0 1 227 2 29 16 1 6 7 0 1 1 0 6 1 0 2 0 1 0 1 1 0 11 1 7 1 1 5 0 0 1 11 7 1 1 11 0 1 2 0 0 10 5 6 0 3 68 3 0 2 2 0 0 0 0 0 1 8 0 8 5 51 
15 0 0 0 44 33 0 0 0 2 0 6 4 0 0 64 1 1 10 18 20 0 0 153 4 2 9 1 0 6 1 0 10 11 2 0 10 2 24 0 4 0 4 1 0 0 4 3 3 7 0 0 1 2 12 12 0 0 0 8 1 19 19 0 
2 0 1 0 1 11 0 4 6 2 1 9 28 6 1 1 1 1 0 5 0 12 1 0 12 5 16 5 1 0 0 0 27 0 1 8 2 0 7 5 2 6 1 0 0 0 0 6 1 0 10 1 2 2 1 0 1 45 1 0 0 369 6 2 
12 1 2 1 7 2 0 12 1 0 4 8 6 0 3 1 2 0 29 25 20 2 0 6 6 2 0 0 3 1 5 2 0 0 2 15 2 1 1 0 0 0 11 0 2 2 4 2 33 7 11 6 1 1 9 1 3 4 29 0 4 0 4 0 
11 0 5 0 1 18 0 3 3 36 2 3 16 20 8 0 0 0 0 0 9 7 0 0 0 1 0 7 3 4 0 5 0 1 1 1 1 0 42 0 1 8 3 1 5 0 1 2 2 0 0 1 0 0 1 0 1 2 8 6 2 0 15 0 
0 0 0 1 0 9 0 3 10 5 0 0 0 2 1 37 12 0 0 1 3 4 7 13 0 1 2 2 0 1 1 0 2 0 0 1 6 8 2 0 3 7 1 0 2 2 7 0 0 0 8 8 0 0 42 1 1 2 2 1 0 2 2 6 
0 14 1 1 1 1 6 0 3 0 0 8 10 13 9 0 0 6 0 2 0 5 170 0 1 6 0 0 0 1 1 1 3 1 1 1 3 14 6 2 0 0 0 0 1 2 0 11 7 5 7 8 3 20 0 15 0 0 9 1 0 2 4 0 
3 2 9 0 12 12 0 0 0 21 0 0 2 2 0 1 1 17 6 8 0 0 3 86 0 0 0 6 2 14 0 51 8 2 0 0 1 1 7 4 1 0 3 3 5 0 3 0 0 0 0 1 22 1 4 1 1 0 31 1 51 4 2 2 
2 1 1 0 1 0 0 2 23 9 0 7 56 3 1 2 3 0 0 1 0 3 0 0 0 2 13 1 3 1 0 2 6 9 0 7 38 15 1 6 42 0 0 3 0 0 1 0 2 4 0 0 0 2 12 14 3 0 5 2 6 3 2 0 
0 2 0 2 0 0 14 1 2 1 58 0 20 75 10 1 1 5 3 0 6 0 2 0 5 1 11 4 0 0 6 10 0 35 0 8 1 0 6 16 4 1 0 8 5 20 0 93 10 7 20 1 9 2 4 19 1 2 2 1 3 10 0 0 
64 3 0 2 0 3 0 1 0 0 3 1 1 13 0 4 5 2 8 0 5 3 0 3 0 1 0 0 0 58 14 0 3 0 7 0 0 0 2 0 1 7 63 0 0 1 3 8 3 0 2 0 5 1 18 0 109 0 5 0 0 4 7 0 
0 1 3 2 3 0 4 0 0 1 8 5 0 3 14 96 0 0 2 0 1 1 0 11 8 1 0 2 0 0 1 1 4 23 0 4 0 0 9 0 3 1 1 0 0 24 8 2 1 3 0 0 1 0 1 15 3 4 0 16 1 6 2 1 
0 17 8 0 8 0 3 1 0 3 6 23 5 9 1 2 1 0 2 18 14 8 3 0 2 4 14 0 1 1 84 0 0 5 36 1 1 1 27 4 0 0 3 1 1 7 0 1 1 4 1 2 8 3 0 4 2 0 4 1 3 5 35 39 
3 12 0 0 0 25 1 5 0 16 1 12 0 1 4 0 1 0 2 2 1 40 1 0 8 0 4 5 0 0 0 0 9 9 0 10 7 1 126 2 1 1 0 20 0 1 2 9 6 0 12 45 1 24 0 0 17 0 2 0 1 3 0 2 
2 60 0 96 0 0 2 19 1 0 5 0 3 1 1 25 0 169 1 101 1 3 1 3 11 0 0 0 15 0 10 0 2 0 0 0 3 0 0 0 5 1 0 810 0 0 2 21 0 1 3 0 9 0 1 1 1 2 1 0 30 0 3 0 
2 2 5 22 0 0 2 21 0 1 1 1 0 5 1 0 0 0 0 1 1 17 8 4 8 0 0 0 0 1 0 1 0 0 7 9 3 11 3 0 22 0 0 0 5 1 0 0 1 108 1 9 0 6 8 0 4 1 0 5 0 0 0 23 
5 0 0 1 47 2 0 0 1 0 0 5 50 9 0 0 4 0 0 5 1 0 0 14 0 33 2 0 23 5 9 31 0 2 2 7 0 15 3 6 4 3 118 3 5 10 14 13 0 0 6 1 0 1 7 0 6 1 2 0 2 6 61 3 
4 3 2 1 8 4 0 44 51 2 1 5 0 4 24 7 13 2 0 1 0 10 0 1 0 0 0 0 3 0 0 2 4 2 16 4 2 0 0 0 2 15 0 7 2 0 3 7 0 0 0 6 2 0 0 0 0 0 22 0 0 4 0 0 
5 0 0 0 1 6 1 10 103 0 13 0 11 0 7 97 1 5 0 3 5 0 13 8 10 0 0 6 0 11 1 2 21 45 35 0 1 2 1 0 10 0 0 1 5 0 0 17 0 8 1 7 0 5 13 50 0 51 1 0 5 72 6 0 
3 5 4 11 13 5 0 13 7 52 0 0 3 2 1 2 0 1 0 2 1 0 7 0 22 0 0 1 7 3 7 0 76 0 0 1 15 1 0 4 0 0 4 0 1 0 0 0 65 23 1 0 0 0 0 1 4 0 8 7 0 30 1 56 
0 0 1 5 3 0 0 3 0 2 2 0 1 1 2 16 2 0 31 18 2 2 0 5 1 0 0 2 2 0 79 1 1 7 6 0 1 10 61 17 1 0 162 1 1 3 5 0 2 0 1 1 18 4 0 7 2 4 15 30 1 320 0 0 
1 12 12 1 11 0 2 0 1 7 5 0 1 2 3 2 2 20 2 3 2 3 6 0 2 1 3 0 0 3 0 2 3 16 0 1 7 0 1 1 0 0 0 9 5 2 0 1 0 32 2 1 0 1 1 44 0 2 1 0 1 8 2 2 
6 0 0 2 4 0 0 0 0 0 0 149 0 0 0 5 15 1 0 0 41 7 0 4 16 4 0 1 28 0 3 0 6 12 6 8 2 0 1 0 6 3 1 0 4 0 2 0 5 0 0 1 4 0 1 2 38 0 0 35 6 2 6 1 
0 1 1 0 3 0 38 0 0 2 1 0 1 0 1 2 0 14 1 9 0 8 9 0 0 7 0 0 2 8 1 0 3 0 8 0 56 3 29 1 37 1 11 1 2 0 1 0 3 1 2 0 4 0 9 11 8 32 1 1 4 2 1 2 
5 1 53 1 3 13 0 3 1 3 11 2 11 0 6 0 7 1 2 1 0 4 1 11 0 0 29 10 0 0 2 4 3 0 1 12 47 4 0 1 0 5 0 2 4 68 0 2 0 1 1 1 5 18 7 23 2 1 1 4 28 6 1 0 
1 26 0 1 6 0 1 0 6 0 4 1 0 8 4 0 1 0 12 3 2 0 2 0 1 1 0 3 0 1 22 7 0 9 0 1 0 1 2 5 8 7 4 3 1 1 0 0 1 9 6 2 4 2 1 0 2 5 2 1 2 1 7 0 
24 0 2 0 0 0 13 1 1 0 2 5 3 6 2 8 1 5 20 5 33 11 0 34 1 22 0 0 0 1 0 7 4 4 0 0 0 13 0 25 0 0 1 0 0 1 0 0 0 0 1 6 1 0 4 1 30 99 0 0 2 6 1 36 
2 0 198 0 0 1 12 1 2 0 0 2 3 8 29 2 2 2 0 23 2 18 0 0 16 3 6 4 0 0 1 0 12 7 2 0 1 0 2 2 0 4 0 0 0 0 0 0 26 0 0 0 6 29 6 0 0 1 0 0 0 3 2 0 
1 36 3 0 26 5 2 3 0 0 6 0 2 0 1 0 5 6 6 11 0 0 108 8 0 4 1 0 1 9 4 0 0 3 2 49 0 0 2 8 1 2 6 1 108 1 1 0 2 33 7 0 1 11 5 0 40 4 0 0 0 3 5 6 
0 0 8 1 3 11 0 1 0 10 0 0 1 0 4 2 1 5 0 0 0 0 2 2 1 41 45 0 0 0 0 0 7 2 1 15 15 1 1 5 1 6 0 1 1 0 1 6 0 0 0 0 7 7 14 0 1 0 10 3 1 1 5 4 
5 51 3 0 0 0 0 13 1 0 36 3 8 0 0 0 0 1 18 0 2 7 4 11 105 1 0 2 1 3 11 0 0 0 1 0 4 0 5 2 1 5 1 0 0 6 0 19 3 0 19 4 8 34 0 0 1 0 27 0 1 1 0 8 
14 4 0 3 0 0 0 14 0 2 8 1 0 0 0 5 5 2 1 0 0 4 0 1 0 2 70 0 3 1 1 20 0 0 0 0 0 5 1 2 1 1 0 0 12 1 0 0 4 27 1 2 1 6 4 0 0 0 0 0 1 0 0 0 
0 1 4 13 2 1 16 2 27 4 2 0 7 0 103 2 0 0 1 0 3 1 0 2 4 1 3 4 1 3 2 0 16 3 10 0 0 1 0 2 2 0 3 0 0 0 0 11 0 0 1 0 3 1 0 75 1 0 1 5 1 0 2 1 
50 0 0 0 0 1 0 2 4 0 5 0 3 0 4 14 2 1 3 2 0 1 16 19 0 5 0 0 27 1 0 1 1 1 0 4 0 3 3 0 0 4 4 0 3 0 2 0 0 0 0 2 0 5 8 23 0 0 6 0 2 1 3 0 
5 29 2 1 1 16 0 1 25 0 4 1 1 1 1 0 26 38 15 2 1 2 0 11 4 3 2 0 1 0 14 8 5 1 3 0 0 40 1 6 0 1 3 4 2 2 0 8 1 0 0 0 1 0 6 1 26 0 0 111 13 4 1 254 
0 5 0 0 0 41 5 2 1 14 2 2 0 0 0 3 4 0 2 1 11 0 0 0 0 1 0 1 195 0 0 1 0 12 0 1 3 0 254 0 6 7 0 1 5 10 2 20 7 1 1 1 1 1 2 2 6 0 4 0 9 1 4 0 
0 31 6 2 0 0 13 1 26 0 0 29 2 1 0 0 21 5 4 1 3 1 2 0 12 1 3 0 4 8 0 5 0 2 3 2 3 2 0 0 1 0 13 6 5 7 1 1 95 0 0 2 0 2 7 0 14 0 0 0 0 3 265 0 
3 4 2 0 0 8 0 0 10 1 0 12 29 1 0 1 0 1 0 0 1 0 0 0 1 25 2 1 1 0 0 0 3 7 10 0 1 12 4 6 2 12 2 1 1 0 1 17 1 0 1 1 1 5 1 0 0 1 1 1 0 3 0 1 
1 413 6 0 0 0 21 0 27 0 2 26 5 1 2 4 2 3 4 3 0 0 10 1 1 35 9 1 2 7 7 2 0 5 0 1 4 19 24 0 1 3 2 2 0 1 6 5 3 0 8 0 1 3 1 0 15 44 0 0 0 0 8 2 
0 1 5 0 1 0 14 1 1 4 1 4 0 0 0 0 0 2 3 16 2 2 0 28 0 4 0 42 1 10 34 1 3 1 0 0 0 2 297 0 1 8 0 29 0 2 1 0 10 0 0 0 0 16 2 0 0 6 7 0 0 0 0 0 
0 9 1 7 0 1 2 0 1 10 13 3 1 0 0 1 0 3 0 31 19 0 0 0 24 1 12 0 0 3 0 4 5 8 13 0 1 2 15 6 1 0 1 6 0 24 0 0 15 0 1 0 2 1 5 0 8 0 2 40 1 34 0 0 
0 5 2 11 12 1 0 0 6 2 2 0 6 1 27 2 26 37 3 0 0 2 0 0 11 2 1 0 241 55 5 4 0 1 0 2 12 36 26 1 1 1 1 0 1 1 0 0 0 34 0 0 0 27 14 0 0 5 2 3 1 3 1 1 
0 1 3 0 23 0 1 1 0 1 5 18 8 3 0 5 4 1 29 2 7 2 0 1 0 4 24 2 0 7 0 0 13 2 0 3 1 4 0 3 9 1 0 0 8 0 0 0 0 9 0 0 0 0 92 2 1 176 43 0 2 35 0 3 
7 1 1 0 1 0 0 2 2 6 88 1 1 1 15 0 7 2 2 9 2 5 13 1 1 0 0 2 11 0 2 1 0 90 5 0 0 0 0 10 0 0 16 1 0 2 1 0 6 345 4 2 0 1 1 16 14 7 3 0 1 0 39 90 
0 0 0 0 1 4 2 1 1 10 14 1 10 0 6 3 8 38 0 0 3 52 0 1 0 1 0 0 17 0 3 2 0 0 0 0 0 8 0 0 1 16 17 1 1 3 1 6 0 0 0 0 12 9 10 32 2 0 0 1 0 0 0 0 
5 4 0 6 1 0 1 0 0 0 6 10 0 5 2 18 2 0 0 24 2 0 3 1 4 0 24 5 4 13 4 67 25 15 1 0 0 5 1 11 0 0 6 27 1 0 109 3 3 0 4 4 5 27 0 9 2 0 2 0 1 0 2 0 
11 27 0 8 22 1 25 2 65 0 4 53 0 7 8 2 1 4 0 0 2 0 1 5 0 3 7 2 9 8 7 0 7 0 10 0 32 0 0 0 2 18 0 0 0 103 0 0 0 1 6 0 0 13 0 2 0 0 2 0 7 7 2 3 
3 25 1 2 12 1 0 6 1 0 2 0 0 2 8 1 0 1 0 1 14 0 1 3 2 1 0 24 10 0 0 3 13 5 0 3 0 0 6 0 1 1 0 1 1 1 0 1 0 1 0 0 2 1 5 1 0 31 13 0 0 1 0 2 
0 1 3 0 0 0 10 5 0 0 14 0 0 0 1 1 1 0 89 47 6 1 8 8 35 0 0 0 11 1 0 1 12 3 1 0 0 0 310 13 1 2 1 29 4 1 14 8 0 0 6 1 20 6 28 260 5 2 1 0 3 32 0 0 
7 1 0 5 2 0 0 1 7 9 0 7 8 0 1 1 5 6 6 1 1 3 1 0 0 0 0 0 0 25 0 0 0 0 0 3 5 0 0 7 0 0 5 0 2 0 1 2 2 0 1 3 3 4 47 0 5 1 0 0 34 2 8 8 
1 0 41 1 0 0 1 4 0 2 3 19 0 0 0 0 0 1 3 1 32 3 1 0 0 2 1 1 2 80 1 42 0 47 9 1 0 0 3 10 0 10 0 8 0 32 3 2 1 7 0 3 41 0 44 1 6 0 0 1 9 1 4 0 
8 8 8 0 2 10 3 2 0 0 1 2 18 13 7 15 9 73 4 32 42 13 0 0 3 4 35 6 4 0 0 0 2 1 1 11 28 0 1 20 2 2 0 12 7 13 0 1 28 1 0 0 1 1 1 6 8 6 0 28 0 35 24 24 
1 0 1 14 0 0 21 6 1 8 0 0 3 0 1 0 0 1 7 9 3 0 0 1 0 18 0 1 3 1 6 0 0 31 0 0 6 9 8 1 0 1 1 0 1 0 96 0 0 4 0 0 37 1 1 0 2 3 5 1 20 53 2 2 
0 5 3 1 6 8 48 0 1 1 3 1 4 1 1 32 1 2 0 6 2 0 1 3 3 53 4 0 14 0 6 10 2 64 0 5 49 2 6 13 73 3 0 2 11 3 607 1 2 1 0 2 2 1 0 36 1 0 2 23 1 10 1 0 
0 0 8 0 0 2 9 16 7 0 0 229 3 14 1 22 2 0 0 1 0 8 55 12 1 12 3 3 7 3 11 0 28 0 1 2 0 73 1 1 1 1 25 0 0 0 1 0 10 0 7 14 3 6 1 27 0 0 15 1 1 4 2 0 
0 0 5 8 0 0 41 1 0 16 7 1 4 2 3 0 91 0 4 1 0 1 3 1 0 9 5 6 0 0 0 16 5 0 8 8 1 0 1 0 1 0 12 4 1 15 8 0 0 36 0 1 0 7 5 3 0 35 6 12 1 1 0 1 
1 3 2 4 11 7 0 0 0 0 3 1 1 5 8 25 2 0 0 17 30 5 0 6 5 0 19 36 0 2 42 0 23 7 2 2 2 3 6 1 0 3 3 5 86 3 0 8 0 2 0 28 13 11 5 0 11 1 3 7 0 5 0 13 
1 2 0 1 1 0 0 1 0 0 5 0 1 6 5 6 7 0 7 3 30 0 1 1 0 1 0 14 0 3 9 0 30 0 0 7 7 5 3 1 1 1 1 0 10 0 2 0 6 3 56 3 0 1 2 0 1 0 2 1 1 3 0 0 
2 22 1 0 0 13 1 4 0 0 30 2 0 0 5 1 1 3 1 1 0 16 1 230 0 3 2 2 0 0 0 0 3 22 0 0 7 12 1 0 0 28 1 1 1 3 10 0 1 29 1 22 2 2 0 2 9 0 0 3 9 5 5 0 
1 2 0 0 0 112 0 1 0 2 5 5 11 0 2 0 0 7 4 85 12 0 0 5 10 2 5 2 0 3 2 16 0 9 2 0 24 0 0 1 19 2 4 0 0 0 6 9 2 1 0 5 68 0 0 0 2 0 0 12 0 1 0 6 
3 7 3 1 0 3 5 3 5 4 11 0 2 0 2 5 9 3 0 3 5 1 1 1 8 5 0 0 1 2 3 1 1 8 1 11 0 4 16 2 0 6 0 0 1 0 1 19 13 0 4 2 12 0 0 1 1 0 1 2 13 5 13 0 
3 328 35 0 0 1 4 17 10 18 0 34 1 3 220 0 0 0 0 1 6 1 1 1 0 2 4 1 0 18 0 111 5 0 0 0 0 1 96 0 37 2 2 2 0 1 4 0 2 0 0 1 1 6 2 1 0 4 273 0 3 0 1 3 
1 1 7 0 2 0 0 1 30 39 0 0 4 26 6 2 0 1 0 0 0 0 4 0 1 129 0 0 6 3 0 2 36 1 5 1 0 19 4 1 1 0 0 9 0 4 7 4 1 6 3 12 2 6 1 1 0 2 1 0 23 0 18 1 
11 9 1 6 3 1 0 0 1 13 2 0 2 0 0 7 15 1 3 0 3 0 0 1 1 3 5 1 0 61 6 7 1 0 8 1 2 0 0 0 154 1 2 3 115 0 0 1 1 0 7 1 9 11 0 0 1 11 2 8 53 0 1 2 
0 3 29 0 2 2 0 12 1 0 1 5 2 0 6 8 0 0 1 0 0 0 1 0 0 4 0 8 4 0 2 1 9 0 5 63 1 5 3 12 7 19 2 6 3 32 0 0 1 3 26 1 123 0 3 0 9 1 3 0 5 9 1 0 
8 1 5 0 1 0 2 14 22 9 5 4 0 0 6 2 18 2 0 3 0 0 0 7 144 0 5 27 3 0 8 1 2 1 0 1 0 1 4 2 1 6 0 1 1 0 0 1 3 2 1 25 8 1 1 0 0 1 1 0 1 3 4 0 
0 2 1 32 1 1 9 10 1 3 1 2 2 15 0 0 6 6 3 1 4 3 1 8 1 10 1 4 0 12 1 3 1 1 10 0 0 12 0 0 5 1 15 1 39 1 3 1 4 0 0 0 0 0 4 1 1 42 0 9 0 1 2 0 
3 0 13 0 1 3 25 9 6 0 8 24 56 11 0 3 1 0 12 0 6 1 1 0 1 2 0 6 1 0 1 0 5 0 0 6 2 17 4 8 3 0 1 2 4 0 25 2 1 0 0 19 2 91 3 19 14 6 83 0 1 9 4 1 
4 10 3 1 13 4 12 1 23 25 5 3 8 1450 1 0 1 6 0 0 0 6 1 1 5 0 4 1 2 0 1 0 39 132 0 4 2 8 11 2 9 1 0 0 0 0 0 0 12 13 13 0 0 2 1 7 1 1 0 0 0 0 0 2 
0 1 19 0 0 4 4 1 1 5 5 0 11 5 0 4 0 1 13 2 0 0 0 229 0 2 28 4 0 7 1 2 6 27 2 1 4 0 1 1 1 2 2 2 0 22 15 1 14 0 0 2 6 0 98 1 3 16 2 0 0 1 2 1 
2 8 1 0 1 0 0 0 0 6 20 0 0 2 2 24 2 2 0 0 0 3 8 3 1 0 14 52 22 6 38 16 1 9 7 0 4 0 1 11 5 0 0 3 1 4 2 7 1 3 4 5 3 2 1 0 0 3 70 1 1 13 6 30 
7 0 2 17 30 4 1 2 4 1 8 0 1 3 0 1 0 1 0 0 0 0 2 0 4 1 1 0 2 10 4 1 1 0 1 0 0 0 12 3 0 3 1 1 1 1 2 2 0 2 1 3 2 5 5 2 0 3 4 1 4 0 1 1 
311 0 11 0 4 1 0 101 2 0 5 0 0 0 0 5 1 0 0 0 8 0 26 2 0 3 1 2 1 12 2 2 19 0 72 17 0 2 1 3 0 0 0 3 0 1 1 1 28 0 0 4 2 0 2 1 0 1 1 0 1 2 0 2 
5 4 1 5 7 2 2 1 0 0 2 0 1 12 0 0 0 2 1 16 0 0 2 28 1 1 2 12 0 1 0 5 3 1 7 0 8 0 0 1 3 72 2 0 94 19 0 5 2 7 68 13 0 7 33 5 1 0 0 5 0 2 6 6 
1 3 5 0 3 0 0 1 6 5 0 1 4 0 3 0 15 3 0 2 5 1 1 0 0 1 1 9 4 13 48 0 2 10 1 40 0 1 0 0 0 0 0 48 3 21 5 5 31 0 3 1 11 0 14 0 7 9 0 24 2 1 1 2 
1 0 0 2 1 0 0 126 1 2 2 4 26 23 0 3 4 54 0 12 3 9 2 0 0 1 0 0 0 7 118 0 2 1 0 0 5 0 0 105 1 5 2 0 14 0 0 6 26 0 13 3 2 0 0 11 28 14 0 39 0 1 0 0 
1 0 0 0 0 0 0 1 23 2 0 1 5 0 0 2 9 1 9 0 2 2 0 1 5 0 26 6 1 98 18 1 2 4 0 1 0 1 28 8 8 10 38 0 0 0 0 0 0 0 65 0 5 12 0 2 0 3 6 1 6 0 0 0 
0 0 1 1 0 2 0 1 0 8 4 2 4 0 0 3 1 3 9 7 0 9 0 3 1 22 0 20 18 2 0 0 0 1 0 3 2 2 0 1 1 1 0 47 0 12 1 0 1 0 0 0 0 19 0 0 0 8 1 1 10 1 17 1 
0 1 1 31 2 2 1 5 2 0 0 27 14 0 0 1 0 0 0 4 1 1 5 0 277 0 3 0 2 21 2 36 1 12 1 2 3 2 18 9 1 2 197 1 1 1 10 28 14 4 0 10 0 0 2 1 316 12 0 0 1 0 28 3 
0 3 2 3 1 6 1 3 103 0 0 0 1 3 11 5 0 1 0 1 39 2 2 1 5 1 0 5 0 3 8 0 1 3 1 1 30 1 0 1 8 0 9 0 1 3 0 0 1 17 2 0 4 192 3 1 3 1 22 5 2 1 0 0 
0 1 0 0 1 3 7 0 0 0 0 1 0 9 10 2 0 1 3 2 0 3 0 0 0 3 2 0 1 1 1 5 0 0 0 1 2 6 1 8 11 0 1 3 0 0 1 1 3 0 9 1 0 3 0 0 0 1 9 2 0 11 0 0 
0 1 5 1 0 51 0 24 10 13 0 2 1 0 11 0 1 4 3 5 0 0 3 10 0 4 3 11 1 2 1 92 4 4 27 0 0 10 6 9 4 1 7 0 0 2 1 0 2 58 1 3 0 1 1 0 3 0 29 19 0 1 1 1 
4 0 1 0 9 7 0 0 18 0 0 2 5 0 0 0 6 0 0 3 3 26 9 45 1 1 3 6 3 2 23 2 11 2 0 0 2 8 0 1 0 3 4 1 0 1 3 2 1 5 1 0 0 2 27 0 0 4 1 1 1 8 0 0 
3 0 4 1 0 10 0 0 0 1 0 1 1 4 8 17 0 0 2 1 2 0 133 37 0 0 16 1 19 1 10 0 5 1 2 20 1 6 7 14 34 0 3 11 22 0 23 0 11 8 3 1 19 120 2 0 2 1 1 0 9 1 2 2 
2 2 1 0 0 4 8 1 0 0 8 49 2 4 0 5 1 17 1 0 9 11 1 2 7 0 67 2 1 23 6 29 5 5 0 23 0 27 9 5 0 22 31 1 15 0 2 72 2 0 0 3 40 3 1 1 6 1 1 13 0 4 227 0 
3 9 1 2 4 7 6 1 1 25 0 0 0 0 17 1 1 40 1 0 0 0 0 1 6 0 8 1 2 1 7 3 8 2 1 1 0 1 3 3 3 10 0 10 1 23 1 0 15 1 0 7 1 203 1 7 0 5 0 0 1 176 0 4 
1 1 1 0 0 5 0 6 5 3 7 2 0 4 2 2 1 0 16 18 4 0 2 1 2 2 0 0 1 8 22 0 0 1 1 0 1 1 10 10 45 0 45 0 10 7 0 0 0 3 1 10 0 2 1 3 0 11 8 17 6 2 1 2 
32 1 2 1 6 6 211 1 0 0 0 6 3 1 0 21 0 6 0 0 0 0 0 0 4 2 9 22 0 4 9 103 1 0 2 1 1 3 1 0 1 2 14 2 63 9 0 12 12 8 0 1 13 1 4 2 7 38 1 0 0 0 5 1 
0 33 0 1 3 0 1 1 17 0 0 0 0 9 0 0 0 4 5 4 8 3 0 1 42 0 5 3 1 1 5 8 0 0 22 9 5 0 0 1 0 5 16 14 9 2 14 0 8 2 0 0 7 52 4 1 2 2 7 0 0 8 3 11 
15 8 0 15 8 117 5 3 8 1 0 6 0 0 26 0 1 0 0 0 1 0 3 0 3 2 1 3 5 3 4 5 0 2 3 59 6 1 0 0 2 6 20 1 2 0 0 7 2 0 8 12 0 0 1 0 10 24 0 19 0 0 0 70 
81 3 2 0 0 0 0 16 8 1 0 0 7 104 1 1 5 4 3 0 6 7 3 1 4 5 0 5 4 1 0 7 0 27 9 18 1 1 1 33 0 4 0 0 3 0 10 1 0 348 1 0 2 1 0 133 1 0 31 0 1 0 24 0 
51 0 5 220 1 1 1 3 0 0 1 5 4 0 13 8 17 2 1 0 0 0 5 1 7 13 1 1 1 2 4 6 0 0 3 1 0 7 0 0 1 1 3 0 0 5 6 0 7 1 2 1 0 0 0 8 43 1 2 0 4 7 1 0 
6 0 1 3 0 37 1 3 1 0 3 2 4 0 10 2 41 8 5 3 5 0 2 15 7 0 0 0 0 0 5 2 68 3 122 28 0 0 0 2 10 22 7 3 2 1 0 0 6 7 367 7 4 1 0 1 1 20 0 19 0 0 0 1 
0 1 0 6 35 1 6 1 0 0 0 6 1 0 2 9 11 0 6 1 9 11 6 0 2 0 0 0 1 1 6 10 7 3 15 4 1 39 2 6 7 15 0 45 1 1 1 2 24 0 0 0 1 7 2 1 14 0 1 1 1 1 0 0 
4 2 0 0 1 1 3 1 2 1 0 18 2 1 396 5 3 0 1 0 1 0 0 0 6 0 0 3 0 1 3 1 0 13 1 24 2 2 1 5 4 5 0 1 7 0 0 1 10 3 8 7 4 2 0 3 0 2 8 13 0 7 9 3 
0 0 1 1 0 0 9 0 0 0 3 0 0 3 7 0 0 9 1 0 2 0 1 1 0 39 3 0 23 2 7 6 4 6 0 2 0 4 1 12 7 4 0 38 2 1 0 1 0 6 9 32 14 0 4 23 18 0 5 1 0 3 49 13 
0 6 6 3 7 0 2 1 90 15 1 154 24 3 19 0 4 1 2 2 83 1 1 1 2 1 5 0 0 38 1 2 3 1 0 0 5 9 16 1 2 0 15 1 0 0 0 0 0 5 0 0 0 4 0 0 1 3 0 0 2 2 12 1 
3 2 1 10 0 0 0 3 0 5 0 4 2 0 23 5 0 1 26 3 0 2 0 0 3 1 0 0 1 2 3 7 10 7 0 1 4 1 0 9 7 2 1 1 5 0 0 1 1 2 1 0 2 15 0 3 1 33 0 0 4 0 0 0 
0 0 6 0 0 1 3 0 0 0 0 6 2 1 56 1 17 2 10 2 0 2 4 0 32 2 5 0 0 0 4 0 12 6 28 3 1 0 0 2 0 0 5 0 0 0 0 0 7 3 0 3 0 0 2 1 0 1 0 6 4 1 0 0 
0 17 31 0 20 3 0 0 0 2 7 3 2 7 2 0 0 0 1 0 0 9 0 144 1 0 11 4 6 451 1 0 0 3 4 2 4 1 0 7 0 12 23 0 64 0 3 0 0 0 50 2 12 1 58 6 3 1 3 0 0 0 0 1 
6 10 13 2 2 0 22 4 0 5 0 10 5 0 0 0 2 7 36 0 1 0 24 0 3 1 1 0 0 0 0 4 0 20 9 0 11 0 0 0 1 0 1 0 4 0 5 0 2 6 6 0 0 0 0 4 1 0 29 17 1 12 0 4 
1 3 1 0 0 0 0 0 0 0 1 2 13 1 13 2 6 1 0 14 0 1 1 3 1 2 0 8 0 0 1 0 0 1 2 7 0 0 2 3 1 3 8 8 5 0 2 0 0 4 0 2 0 26 1 41 3 0 0 1 8 3 0 29 
1 0 1 10 1 0 1 5 0 0 1 5 0 0 5 2 0 12 4 32 1 0 1 0 4 3 0 4 1 4 5 57 1 0 0 2 0 0 0 3 18 0 53 2 31 4 1 0 16 1 1 10 6 11 0 7 0 0 0 0 1 1 5 0 
0 12 11 1 10 23 0 1 1 5 32 2 4 1 0 4 2 3 0 3 3 0 1 0 7 0 8 0 1 13 0 29 1 3 0 4 2 0 1 0 8 4 0 35 5 0 0 4 0 4 24 3 1 10 25 3 10 0 0 0 4 10 1 3 
2 2 7 1 1 0 6 7 1 2 1 11 1 1 4 0 7 4 0 2 1 0 21 1 0 0 3 2 0 7 8 1 1 1 2 5 17 0 0 4 19 4 0 1 25 30 1 0 18 2 9 2 2 1 1 6 2 1 0 10 8 0 1 1 
1 1 6 0 3 0 0 0 0 5 0 1 4 0 1 0 5 46 1 9 1 3 8 6 20 12 21 4 21 0 3 9 6 1 8 0 0 0 0 0 1 5 1 4 1 5 0 3 14 5 2 26 0 0 3 1 0 0 6 0 0 10 1 5 
1 0 10 60 10 0 5 0 0 23 11 2 17 0 9 1 0 12 5 0 2 13 14 2 1 0 6 0 2 2 0 4 1 1 2 0 0 3 2 0 14 0 4 1 21 2 1 32 20 2 5 0 3 6 3 0 0 1 0 3 24 2 0 1 
9 0 3 2 1 24 7 1 9 2 1 7 0 1 23 0 243 8 5 1 0 4 0 2 1 1 1 1 6 5 0 12 3 2 0 2 0 5 0 10 0 6 1 1 0 1 3 22 7 1 49 1 3 51 4 1 15 0 6 0 1 8 3 0 
3 6 5 3 0 7 1 0 0 0 0 0 3 4 0 218 2 25 4 1 0 0 0 3 28 6 9 10 0 2 3 2 0 1 0 0 7 0 0 1 1 0 22 1 0 2 1 112 1 1 0 1 1 1 2 1 70 0 13 0 21 57 0 14 
0 1 2 11 0 0 20 0 1 3 3 0 2 1 0 2 0 2 5 0 0 0 10 88 1 3 0 10 0 20 26 1 3 0 0 9 0 1 25 0 4 7 1 0 3 2 15 6 0 13 0 1 10 1 0 12 1 0 3 0 0 2 6 3 
2 2 3 2 0 4 2 79 1 1 6 8 1 0 1 0 4 0 9 0 54 0 22 1 0 24 3 0 0 9 3 0 0 2 0 0 5 3 6 3 10 1 3 0 0 0 1 2 6 2 12 25 0 0 4 2 0 1 0 0 0 6 23 5 
1 7 1 1 0 0 0 4 14 7 3 10 19 0 18 0 4 1 4 11 1 5 3 124 3 29 10 1 6 0 0 1 0 23 8 4 12 1 2 2 4 0 28 0 1 26 3 1 3 0 0 11 34 18 2 126 0 0 0 2 1 0 20 0 
28 10 1 8 3 4 1 1 26 3 0 16 0 1 7 0 0 0 0 21 0 0 4 0 1 0 0 0 4 2 0 0 0 8 3 0 1 0 0 0 3 18 4 0 3 6 2 0 0 0 2 1 0 4 0 6 1 10 1 18 1 0 9 0 
0 1 6 0 21 0 4 82 4 6 4 0 7 10 0 0 0 0 0 18 2 0 1 0 0 0 11 3 0 111 56 129 10 0 2 2 10 1 60 3 31 1 6 11 1 63 40 12 0 1 38 24 0 0 8 2 1 6 0 0 1 1 0 0 
0 21 2 0 0 5 4 1 0 0 2 0 10 1 0 4 13 21 0 0 1 15 0 111 0 0 1 2 0 2 3 0 0 11 0 8 6 0 3 5 6 0 1 3 46 14 1 1 1 0 23 1 1 1 0 0 7 7 56 5 0 2 1 0 
4 3 0 0 4 0 0 2 0 0 44 0 0 1 0 12 0 2 0 1 3 0 1 0 2 14 13 5 1 1 0 0 1 0 11 10 3 5 4 0 0 1 0 0 0 9 0 28 1 4 0 1 0 0 8 8 1 0 0 3 2 0 0 1 
1 3 1 4 0 1 2 1 8 10 0 1 0 1 7 0 0 151 6 2 0 2 14 1 0 272 12 8 11 1 1 7 9 9 0 17 2 0 3 2 8 0 3 8 2 4 5 6 3 19 3 4 1 1236 0 2 1 4 2 0 2 0 55 0 
3 2 0 1 0 0 1 1 2 12 0 0 2 5 2 1 1 7 1 6 0 5 1 0 8 1 10 3 0 0 3 1 34 0 0 0 2 14 0 0 11 0 0 1 1 1 1 0 0 5 0 1 2 2 4 6 0 0 0 0 13 0 0 2 
2 9 1 0 0 0 1 0 0 1 1 12 0 0 26 0 0 0 0 6 8 10 5 25 0 1 0 2 1 3 4 7 2 43 0 4 29 10 0 14 11 1 1 0 3 1 0 0 2 17 3 6 1 31 0 8 0 110 19 1 1 1 4 2 
5 4 1 2 8 0 0 4 22 1 0 0 0 1 0 1 0 0 68 9 1 2 0 2 0 18 0 2 0 223 0 9 1 0 0 0 5 0 53 17 2 0 73 1 1 0 4 8 10 4 1 7 15 0 1 0 1 6 0 0 0 5 0 1 
0 2 1 1 1 0 2 0 2 2 1 0 1 35 0 1 0 13 7 0 1 0 2 1 0 1 1 12 0 19 2 0 3 0 0 1 4 0 0 1 5 7 0 3 1 1463 4 2 0 0 3 5 6 1 0 1 3 4 3 0 0 1 6 0 
1 3 1 1 6 9 0 0 3 0 1 0 1 0 1 0 6 1 0 1 15 3 0 2 5 0 1 1 0 5 3 3 1 28 3 0 1 1 3 1 3 0 14 0 0 6 0 0 1 12 1 39 17 0 3 4 0 0 0 0 0 1 6 0 
0 0 3 16 0 3 4 4 4 37 3 0 7 1 1 4 89 2 0 6 0 5 1 5 0 1 2 5 0 22 0 0 0 5 0 0 1 0 0 13 29 6 5 7 5 1 7 0 9 1 5 2 4 0 2 0 0 27 18 2 2 1 4 0 
0 13 0 0 24 6 11 4 17 4 2 0 20 1 2 29 9 3 1 1 1 3 4 3 1 27 1 41 0 108 2 54 1 2 10 1 0 1 0 17 0 2 1 2 0 1 1 115 6 0 2 3 25 0 0 1 1 3 4 2 0 12 41 0 
2 54 0 3 2 0 0 0 5 2 0 0 0 11 6 11 5 2 30 8 0 19 6 2 0 0 34 1 1 0 0 16 0 42 6 12 0 0 1 1 1 1 13 0 1 2 6 13 0 2 2 0 1 2 1 4 5 0 2 7 17 1 4 15 
2 0 6 1 2 3 5 0 1 57 3 2 1 4 0 21 5 0 9 0 17 27 0 2 0 2 2 5 0 5 6 1 0 4 1 0 0 20 1 0 6 7 3 9 1 0 0 2 0 5 23 1 0 3 1 1 0 0 0 0 4 7 0 0 
39 0 0 1 23 1 1 0 4 1 0 19 181 3 0 5 1 149 1 7 4 72 5 18 28 1 1 0 0 1 4 1 1 7 1 10 3 0 0 1 6 0 4 0 4 1 1 0 0 13 0 2 0 12 5 7 0 2 1 0 13 1 13 1 
9 0 3 7 0 0 2 1 1 1 8 1 2 1 0 1 1 0 1 1 0 0 25 5 5 1 0 1 8 61 10 0 29 26 3 9 56 260 2 0 6 0 0 1 0 3 18 18 25 4 0 10 0 2 31 84 5 3 47 3 31 0 6 17 
0 11 0 48 1 0 2 0 1 23 1 1 0 6 7 3 20 2 1 1 0 0 0 0 1 4 0 1 6 1 1 0 9 43 1 1 7 13 23 1 2 1 45 2 12 1 18 6 1 0 0 1 1 16 13 276 36 0 0 0 5 3 17 0 
0 8 0 2 6 1 1 0 0 22 5 6 4 1 1 0 2 2 0 3 1 1 5 1 6 18 0 15 1 0 3 0 1 0 0 0 1 4 0 1 7 0 6 2 9 6 1 6 2 1 6 1 0 5 59 7 7 3 3 2 58 0 2 0 
126 0 0 0 1 8 1 0 1 1 0 0 6 0 9 1 2 2 0 0 0 4 2 0 66 0 1 1 1 0 2 6 2 0 7 8 12 3 6 12 0 1 2 134 3 1 31 0 0 0 0 1 6 3 0 1 1 2 0 0 0 0 1 1 
0 0 1 0 0 6 0 2 1 9 2 0 0 32 9 1 0 0 0 5 4 3 5 1 1 10 0 0 30 2 0 0 3 18 3 3 5 32 0 0 16 2 2 1 1 0 0 19 2 44 0 4 0 0 0 3 0 0 1 2 1 0 4 189 
0 3 0 0 0 0 1 0 1 0 2 1 3 1 132 6 2 6 0 37 0 1 27 2 7 2 6 11 6 2 4 0 8 1 11 24 1 15 0 1 11 9 5 3 1 4 0 4 5 1 6 29 1 1 0 0 0 1 0 0 0 0 15 0 
1 1 1 5 2 6 2 1 0 1 5 16 0 123 8 0 23 0 2 11 5 0 0 0 3 3 6 2 0 1 0 0 1 0 4 0 106 6 9 6 0 7 25 19 0 0 0 1 0 2 1 1 6 1 1 3 19 1 4 3 0 2 19 0 
10 1 0 11 0 0 4 47 2 5 0 5 0 1 19 1 1 1 0 27 1 0 3 3 0 15 6 7 5 0 1 1 5 23 5 0 2 0 0 1 0 0 0 0 2 0 0 0 4 9 1 0 8 2 0 19 2 1 1 0 8 0 12 26 
0 0 34 4 438 9 6 3 1 0 2 0 0 1 48 0 2 0 5 48 11 1 1 52 0 0 0 0 1 7 4 6 5 0 1 3 7 5 2 1 1 2 0 12 0 11 5 11 13 0 3 13 2 0 0 6 0 18 1 14 7 1 24 7 
3 0 90 12 1 1 0 10 4 2 0 2 0 1 2 17 0 5 1 4 1 1 1 0 7 0 19 0 33 0 0 3 2 4 0 0 10 7 0 1 0 0 1 2 193 26 2 1 0 0 4 1 6 6 9 2 11 0 1 0 4 1 1 1 
5 0 1 1 4 0 1 1 1 9 0 1 2 2 47 1 1 2 4 0 0 12 0 3 0 3 40 0 0 0 2 0 8 104 1 1 0 34 13 3 5 0 1 3 1 0 5 5 1 42 2 11 0 2 6 6 1 11 1 1 0 2 1 7 
0 3 6 6 1 1 2 9 2 9 19 2 5 46 8 2 0 1 1 0 6 1 1 0 2 5 0 0 0 5 0 9 1 0 0 24 7 0 7 13 1 18 2 3 13 1 6 0 0 1 0 26 13 6 2 6 2 9 1 4 11 33 0 24 
1 21 0 5 0 90 20 0 5 3 3 5 0 0 1 0 5 3 13 6 20 0 4 1 3 1 36 1 7 0 1 2 0 0 0 0 1 1 2 0 0 0 2 7 2 0 10 3 2 0 0 1 1 1 1 2 6 28 1 10 0 0 7 24 
0 4 0 0 1 1 6 6 4 0 0 2 1 1 1 0 6 1 1 4 0 9 3 0 4 0 18 0 0 7 0 0 1 16 0 0 1 10 1558 0 26 33 8 11 0 8 1 1 8 4 1 0 1 12 1 2 3 0 0 0 0 5 0 4 
1 9 1 0 2 0 23 4 42 0 0 12 55 1 43 2 0 2 0 3 1 1 1 3 0 0 7 2 3 4 1 0 2 0 4 1 1 1 7 0 0 1 17 24 0 1 0 1 9 0 1 0 70 2 0 0 0 3 0 1 1 26 5 0 
6 0 1 22 0 1 94 0 0 0 0 5 0 9 0 1 1 0 1 1 0 1 3 1 2 1 18 1 3 0 2 4 1 3 4 1454 1 2 1 11 88 0 0 6 1 8 2 0 24 19 10 0 4 0 1 0 1 92 1 0 5 6 2 5 
3 10 1 55 5 1 5 4 6 0 0 2 0 0 0 5 0 0 3 25 0 1 0 0 7 2 16 13 11 0 3 4 1 2 1 1 10 11 0 0 0 15 0 18 1 1 0 15 0 0 20 4 1 0 0 0 1 11 2 0 5 5 3 0 
0 2 0 0 0 0 0 7 0 1 1 0 0 0 1 3 14 11 2 12 0 2 1 0 0 0 12 5 3 151 4 1 7 0 1 0 0 6 1 8 0 25 2 0 1 3 5 0 0 30 0 77 0 1 0 0 7 2 0 2 0 18 1 10 
6 0 2 3 0 0 0 0 1 0 6 6 0 0 0 105 16 3 5 0 1 0 7 1 1 1 2 0 7 3 0 3 6 4 1 0 1 3 0 16 0 0 4 122 111 0 1 1 0 0 0 2 1 4 31 11 0 1 5 0 28 1 2 0 
0 11 1 0 0 3 0 0 1 1 0 0 1 274 0 2 0 0 2 2 2 0 1 240 0 9 0 1 0 1 4 2 6 23 0 0 1 0 1 2 5 5 0 0 13 1 16 8 24 1 11 0 4 0 2 0 13 1 2 0 0 0 4 56 
8 0 18 0 16 1 0 0 0 1 2 1 17 0 0 0 1 2 1 1 3 6 0 1 0 15 2 1 1 0 5 9 15 30 9 4 6 6 47 6 2 1 0 5 1 37 0 2 4 0 1 0 5 0 1 4 0 0 6 5 0 1 4 7 
0 0 0 3 2 11 2 8 21 11 0 1 1 27 5 2 7 5 19 0 1 1 1 15 15 1 0 3 1 1 4 0 4 46 9 8 6 16 24 0 19 0 8 0 0 1 1 0 0 0 1 20 32 248 3 2 4 5 0 1 0 0 0 4 
1 10 0 0 0 17 0 16 0 1 0 10 0 1 1 0 9 2 6 1 1 0 4 0 6 5 0 0 3 0 4 0 1 3 0 5 0 1 2 24 2 1 0 7 0 0 4 0 2 1 4 2 26 3 39 0 0 0 12 0 1 3 0 11 
11 0 15 0 6 0 0 3 16 0 0 13 22 6 0 1 2 7 1 2 6 0 0 9 0 3 27 0 1 0 0 0 1 0 557 5 0 0 28 3 7 0 11 3 22 2 4 1 0 0 1 1 1 0 0 2 0 2 15 3 4 2 1 10 
1 4 0 10 1 0 1 0 0 3 2 0 0 0 1 26 10 29 4 17 0 0 14 1 1 34 84 3 0 0 9 1 1 0 0 0 0 0 5 3 2 29 1 33 0 1 6 4 2 0 0 1 0 0 14 1 1 0 0 1 3 0 1 1 
1 21 0 2 1 1 22 0 0 1 2 0 3 0 1 0 17 0 0 0 0 18 31 1 0 0 3 1 1 4 1 1 0 7 1 12 18 21 0 2 22 5 0 10 0 20 134 1 6 5 0 0 0 0 1 6 0 5 8 49 9 3 5 0 
3 96 0 21 10 2 0 2 6 48 1 5 1 5 0 1 6 2 3 4 2 8 24 1 0 0 5 1 0 0 0 1 0 1 2 13 0 4 2 111 1 31 1 8 2 0 0 3 1 5 0 1 4 0 2 5 0 1 1 18 0 32 84 0 
9 7 15 3 1 8 2 0 0 0 2 4 0 2 1 1 12 0 2 1 10 1 10 5 0 1 0 1 1 4 1 0 108 0 7 4 4 1 0 5 2 1 1 0 1 12 3 5 0 1 1 6 1 11 6 1 0 1 9 1 22 8 0 10 
23 0 3 1 0 2 6 1 1 0 4 8 1 0 5 2 6 0 0 42 2 0 1 2 1 1 1 0 0 1 1 0 4 2 32 2 9 0 35 9 44 7 0 3 0 2 0 0 12 4 2 0 0 1 37 10 3 1 3 1 2 31 0 0 
24 22 2 2 0 0 0 1 3 2 5 1 4 1 0 0 0 5 0 2 10 1 0 0 0 1 0 3 3 28 1 1 4 0 0 24 31 1 1 0 1 4 1 10 6 2 3 1 7 4 0 1 1 0 50 3 0 0 5 3 2 1 1 8 
1 2 1 5 0 0 0 2 0 62 1 24 32 1 5 1 0 0 15 1 0 0 0 0 2 158 3 1 5 2 3 8 10 10 1 0 9 3 0 0 0 0 1 4 25 2 1 1 4 0 0 0 1 0 7 1 0 2 2 758 53 3 1 0 
3 6 2 0 0 2 0 1 3 4 3 0 50 0 6 0 0 1 14 14 25 0 0 20 0 7 0 0 14 11 4 1 3 2 100 1 2 6 2 0 1 0 0 1 19 1 7 0 3 4 0 0 13 0 53 4 0 1 1 0 15 0 1 2 
0 3 1 1 1 3 0 0 1 0 1 2 0 0 0 2 0 3 0 0 0 1 149 29 15 6 3 1 8 2 1 8 34 0 0 7 13 2 6 3 3 2 0 9 0 4 2 21 0 0 1 2 65 17 2 0 11 1 22 0 18 6 8 1 
1 4 1 14 0 0 0 0 1 2 392 2 1 0 1 0 2 59 4 1 0 2 0 4 3 14 1 2 2 1 4 0 2 1 0 52 3 9 1 1 2 18 0 1 0 2 4 0 13 1 12 0 0 24 0 28 1 1 2 10 7 1 0 5 
6 12 11 0 0 10 2 0 4 11 4 3 4 0 0 0 0 1 12 5 1 6 7 6 11 7 0 18 0 1 2 2 5 0 0 1 0 0 6 2 4 0 0 0 1 0 2 0 15 2 4 0 3 7 0 22 3 9 0 0 49 0 16 0 
0 2 1 0 0 0 0 0 15 0 4 0 2 1 29 0 1 2 12 51 3 3 1 0 1 0 6 3 0 6 2 1 4 0 9 5 13 6 1 0 8 1 7 0 0 12 31 2 2 1 0 1 0 12 1 1 2 0 0 1 0 2 1 6 
6 6 11 3 13 2 1 0 1 0 0 1 2 0 1 0 1 0 26 2 1 1 0 14 0 4 0 1 0 0 2 1 8 1 58 0 4 2 4 7 0 0 2 5 0 7 9 11 10 0 8 0 0 5 0 5 0 1 0 1 6 0 4 1 
5 0 0 3 0 0 1 0 1 2 18 0 0 43 0 0 6 10 6 1 4 3 6 0 7 2 115 10 0 0 0 12 31 2 12 30 4 0 0 1 0 1 1 16 0 0 0 0 9 2 67 1 12 1 2 2 34 4 6 0 6 0 4 0 
1 0 1 8 0 1 0 9 1 2 1 4 3 7 7 0 0 0 0 2 0 1 3 1 17 1 2 1 1 1 1 0 2 1 13 1 1 0 8 0 2 0 1 10 2 2 1 2 1 18 1 3 0 2 12 2 7 0 0 18 1 0 4 1 
0 0 5 0 7 0 0 5 0 17 0 13 1 0 0 5 4 9 0 125 0 20 12 0 4 2 1 0 3 0 6 0 27 2 2 1 0 1 1 2 2 1 1 0 1 0 21 0 6 1 0 2 1 27 0 11 1 6 19 0 42 1 3 1 
2 0 0 1 4 1 0 0 17 0 0 32 6 0 2 2 0 1 32 1 3 7 3 0 2 0 100 0 0 0 5 0 0 7 88 6 1 60 2 1 31 1 2 4 1 3 0 2 0 2 1 0 17 0 1 2 9 0 13 8 1 2 1 2 
0 1 0 0 0 3 11 3 0 256 8 2 8 1 0 7 3 0 1 7 0 1 0 0 11 18 1 3 0 2 30 15 0 1 3 2 5 0 0 4 44 3 0 4 0 4 0 0 0 4 1 0 0 0 0 4 4 1 0 0 0 0 5 1 
0 0 0 7 1 5 13 22 0 4 0 3 0 114 5 1 0 1 5 25 2 1 0 0 0 2 1 5 1 1 0 2 1 8 2 0 0 0 6 8 0 0 5 2 0 18 2 43 9 0 1 6 18 60 7 3 5 1 5 1 1 2 7 53 
0 0 13 1 0 0 2 0 3 0 0 0 0 1 0 0 25 2 49 0 1 1 2 0 4 4 0 0 2 3 1 30 1 1 0 2 35 3 0 0 1 3 4 5 1 0 1 2 102 0 0 0 7 1 1 32 1 0 0 104 0 10 2 13 
3 22 0 24 1 1 0 14 0 20 14 9 8 8 0 5 1 31 6 95 0 8 5 1 1 0 1 32 2 1 1 0 0 2 73 8 0 6 0 1 10 4 2 0 37 3 1 0 0 1 3 1 15 2 0 0 6 4 7 1 0 0 166 1 
0 70 11 0 0 1 0 4 0 0 0 1 1 0 10 0 2 115 1 3 2 1 2 6 0 8 2 1 0 0 2 1 8 23 2 0 0 6 4 5 0 6 2 1 3 0 3 0 2 9 1 1 0 19 1 0 1 0 7 2 1 0 0 0 
7 1 3 0 11 0 1 7 1 1 0 6 1 3 0 0 90 15 2 2 6 2 0 1 5 0 1 0 14 0 21 5 8 30 6 7 6 1 1 0 8 1 3 1 1 0 0 20 40 2 2 34 1 0 0 39 4 1 0 1 2 1 0 0 
1 11 7 2 0 2 8 2 1 2 0 52 5 4 0 11 0 261 10 0 7 0 9 0 1 0 1 21 8 38 4 1 0 0 11 0 22 46 1 1 0 1 2 8 18 2 1 1 38 5 0 0 0 12 2 0 1 1 0 3 6 6 0 2 
5 4 1 21 3 4 25 4 45 1 1 1 1 8 0 23 0 31 19 2 26 15 1 1 0 2 0 2 3 0 0 18 0 5 5 17 1 2 0 5 13 0 21 4 1 1 7 1 0 5 1 4 0 60 30 1 57 6 4 0 8 0 7 2 
0 28 15 0 7 0 2 108 21 3 0 2 1 4 0 0 1 0 2 3 0 2 0 2 59 0 5 0 1 2 5 9 3 0 12 1 3 11 44 52 1 0 0 3 1 1 0 0 15 14 17 0 0 1 0 1 0 0 15 0 8 0 0 1 
6 1 0 15 31 0 0 4 0 2 2 1 0 10 1 15 8 0 0 10 0 0 1 0 2 0 5 17 20 4 28 6 37 15 0 0 384 1 6 0 10 8 10 0 1 2 0 5 3 5 2 19 0 1 1 2 13 26 30 2 2 0 1 10 
0 8 4 0 6 0 1 0 5 0 1 0 5 2 4 0 2 0 0 1 0 32 1 1 1 1 9 1 3 3 2 0 0 0 0 0 5 10 5 0 2 0 4 1 0 1 11 0 14 4 0 2 5 9 1 1 1 1 3 4 0 4 3 20 
16 6 0 11 1 1 2 0 0 0 1 5 0 12 2 6 2 0 6 0 7 1 21 4 3 31 0 0 2 1 3 0 4 0 0 0 0 15 1 30 9 1 0 1 0 3 0 1 0 1 1 2 2 0 8 0 0 20 3 5 4 0 0 8 
0 0 3 3 13 174 28 4 5 8 4 2 6 1 1 26 2 0 0 0 6 7 36 8 0 1 1 1 5 4 0 1 1 1 14 0 0 1 1 2 0 0 3 0 0 0 8 1 3 0 0 83 2 5 1 9 0 1 3 13 25 0 2 0 
2 3 19 1 1 0 0 0 0 11 1 0 1 5 1 2 0 8 34 2 1 1 0 0 3 1 0 9 0 14 2 15 7 2 2 11 0 1 0 0 9 2 1 4 0 1 7 0 0 0 5 0 20 0 3 2 3 1 32 0 0 0 34 9 
1 1 2 3 0 23 0 1 1 9 12 2 20 0 2 1 11 6 0 1 7 2 6 0 0 0 4 0 5 28 0 9 0 5 35 0 46 1 22 13 8 0 1 2 1 0 0 6 0 9 1 0 2 3 2 0 2 1 3 0 0 1 2 0 
5 0 0 1 23 0 5 3 1 15 0 0 0 9 1 0 2 1 0 36 3 0 9 6 0 8 10 1 4 0 0 3 2 0 0 33 3 0 1 6 4 0 0 1 5 3 0 2 0 1 2 4 0 4 14 0 0 4 3 43 0 7 0 1 
1 4 5 0 0 2 6 0 2 9 2 0 4 7 55 0 0 64 18 7 0 0 1 7 17 0 0 3 0 2 1 7 0 4 42 0 2 0 1 15 0 0 0 1 0 6 7 1 3 3 2 0 6 0 0 0 12 1 0 3 2 0 0 2 
1 0 1 11 6 0 0 4 7 4 0 1 1 2 0 14 0 2 14 0 1 0 1 41 0 2 0 11 4 0 2 0 3 2 0 1 3 0 3 0 30 0 1 1 8 0 1 0 1 0 4 1 2 0 5 2 2 155 1 19 10 6 3 2 
48 0 2 8 0 3 0 45 3 1 0 2 1 0 0 0 1 9 4 0 3 0 10 2 3 0 2 2 2 0 2 0 3 2 14 2 4 0 0 3 7 60 0 9 8 6 0 1 0 0 3 3 0 0 0 0 2 3 4 16 1 0 2 34 
7 0 0 0 0 2 1 1 17 1 0 0 0 1 2 0 1 7 0 0 30 0 8 0 1 0 0 6 1 1 0 10 1 1 0 0 0 4 1 2 10 1 5 2 0 1 0 11 11 0 0 40 1 4 1 5 48 0 3 0 4 8 0 0 
2 4 2 295 2 0 0 0 0 2 0 0 0 2 4 1 0 5 3 0 3 0 0 3 8 1 0 1 19 4 0 1 5 5 5 9 1 1 1 0 0 0 0 1 3 47 1 0 0 1 0 9 1 0 4 2 1 0 0 22 1 2 50 1 
1 3 0 6 1 2 2 2 0 0 4 2 1 15 0 0 1 0 0 9 2 1 0 0 0 6 1 0 0 3 5 2 1 0 1 1 0 2 0 1 1 15 1 0 4 18 1 1 1 5 2 6 1 3 1 3 0 0 0 0 0 0 0 0 
10 52 0 0 1 4 1 1 4 1 32 37 1 2 15 1 0 1 8 2 3 4 3 0 1 1 3 12 0 0 17 0 9 1 5 0 21 0 41 6 5 0 1 1 0 0 0 0 1 4 20 0 0 0 2 0 0 7 0 12 1 39 0 2 
2 4 0 5 4 1 9 27 0 2 0 4 2 0 0 4 1 1 0 27 1 60 33 2 0 8 0 1 6 1 5 34 5 1 6 7 1 14 0 0 4 0 7 3 0 1 27 1 0 56 2 15 0 3 0 16 22 0 3 0 0 9 2 2 
17 1 1 7 1 13 0 123 2 2 5 1 2 1 1 38 3 4 2 2 3 1 1 0 1 2 0 0 5 33 29 0 0 2 19 3 1 15 2 6 21 0 24 18 0 4 10 1 0 2 1 2 0 1 0 0 0 6 5 1 1 0 2 0 
0 9 7 1 18 6 8 1 0 2 2 2 1 0 1 2 5 1 1 1 1 0 0 0 3 0 0 0 5 0 0 6 0 8 34 1 6 6 0 7 9 0 1 4 17 8 1 1 0 6 1 5 0 3 0 1 1 5 2 3 0 7 0 13 
11 1 1 1 63 0 0 5 1 6 0 0 1 0 1 3 6 3 0 1 0 12 7 4 2 26 0 1 3 4 1 0 6 1 37 0 1 5 1 0 8 0 1 6 1 2 402 2 2 1 1 2 5 2 3 15 9 0 0 47 3 7 4 0 
15 0 7 8 2 6 0 0 28 1 1 0 5 51 10 0 1 44 4 16 5 0 18 0 51 0 0 1 0 1 1 2 0 0 0 9 25 0 0 0 6 1 0 0 6 0 5 0 3 3 18 12 0 1 65 4 2 0 17 2 1 2 0 6 
1 1 3 11 30 0 1 7 3 1 7 0 0 0 5 0 2 2 3 0 6 11 0 6 1 1 0 10 0 15 4 0 3 5 5 0 5 3 0 0 2 2 3 0 2 11 0 1 5 0 0 3 4 14 4 0 21 0 28 3 4 1 0 3 
0 1 97 53 0 1 0 22 7 0 0 6 1 0 41 1 4 0 1 0 59 0 2 218 0 0 1 1 1 1 1 0 2 0 16 0 0 1 2 0 0 2 0 0 1 1 2 0 9 0 0 1 0 23 1 4 9 81 0 7 7 6 7 55 
0 0 3 6 0 1 11 0 0 1 2 11 10 5 0 8 0 1 4 6 68 6 0 0 1 2 11 9 1 0 0 0 22 0 2 0 0 1 0 1 38 0 0 0 4 6 1 1 0 0 3 0 3 153 0 0 0 0 2 0 0 0 0 9 
0 8 38 0 0 16 0 5 1 2 2 3 0 1 0 60 4 14 11 0 99 2 9 0 18 1 0 1 0 17 7 18 17 0 1 7 2 10 0 0 12 1 0 19 3 2 0 0 0 14 8 16 1 1 0 1 0 2 2 0 0 0 36 1 
0 4 2 0 6 1 2 6 0 6 0 0 2 1 2 2 7 0 0 1 8 14 1 0 30 5 2 1 1 0 0 2 5 6 2 0 0 2 1 0 0 4 0 0 5 0 0 0 0 1 3 0 10 0 0 0 0 0 5 4 0 0 0 0 
1 9 2 6 0 0 2 0 2 6 0 0 2 1 1 1 0 1 43 3 0 0 0 2 1 3 1 1 6 1 2 2 4 20 1 1 1 7 0 44 2 2 2 2 0 14 7 0 1 1 0 0 1 3 13 2 4 0 6 1 9 0 1 3 
5 0 0 15 0 0 0 0 1 1 1 5 8 9 0 0 6 11 31 7 19 11 4 3 0 3 4 1 0 1 10 1 2 1 0 5 0 0 1 0 0 0 2 33 0 7 13 16 0 0 0 0 0 0 8 2 0 0 0 0 1 0 0 4 
2 5 5 24 32 4 1 1 5 0 2 14 20 1 5 2 0 3 1 0 3 1 0 0 2 13 4 7 3 0 0 1 1 6 4 0 42 0 3 1 9 6 0 0 10 3 1 2 1 2 24 1 1 1 1 0 12 0 10 3 0 2 2 1 
6 6 2 0 7 2 6 34 1 2 16 10 0 1 23 0 1 0 1 1 3 1 2 4 4 0 0 0 7 0 0 14 1 5 13 0 0 1 6 6 1 3 5 5 4 0 0 6 0 4 114 2 5 2 6 12 39 1 0 1 0 0 1 0 
45 5 53 4 0 0 1 0 22 1 25 6 9 10 1 7 0 2 0 10 6 5 3 0 8 0 0 2 1 13 5 0 0 0 0 17 2 13 0 0 0 0 3 34 3 0 0 2 0 5 0 0 1 0 0 0 13 5 0 19 0 3 66 0 
77 0 1 1 1 15 0 0 59 5 0 0 9 2 0 11 1 0 23 2 2 0 41 0 1 6 4 78 0 32 1 0 2 2 4 0 1 0 0 1 1 0 12 0 0 0 10 0 0 0 4 0 13 1 1 0 0 18 0 0 1 2 0 0 
0 0 0 1 48 8 4 2 0 0 4 4 2 0 9 4 3 0 0 0 2 7 10 4 1 0 4 4 0 0 0 7 4 15 0 2 2 0 1 6 4 64 18 4 7 1 2 7 1 21 0 4 14 1 34 1 4 30 3 1 2 68 4 2 
3 1 1 0 9 2 1 1 1 7 5 0 3 1 0 0 0 0 4 9 10 2 12 0 2 8 0 2 0 6 1 1 1 1 2 0 2 0 8 0 0 1 1 1 0 2 0 1 3 0 0 3 3 1 5 10 0 2 1 0 0 2 0 10 
1 1 2 0 3 1 14 2 1 0 9 1 36 2 48 4 2 0 0 0 7 34 8 1 0 4 0 0 0 0 3 1 3 30 1 22 3 2 2 0 11 0 1 1 1 1 2 9 0 2 4 2 1 2 0 3 0 0 0 5 24 2 0 1 
1 5 5 2 2 4 0 0 0 0 1 0 0 1 2 5 2 13 4 2 1 3 3 0 88 1 0 12 1 1 0 8 7 1 0 0 2 0 2 0 1 1 4 1 0 5 0 1 9 1 23 3 0 0 4 3 1 0 0 1 2 18 2 2 
0 2 0 0 2 0 0 4 3 0 3 0 0 0 14 0 0 19 0 6 0 2 7 0 0 3 0 0 6 0 3 1 2 0 11 0 8 9 0 0 0 1 10 2 4 18 0 7 0 1 1 4 1 3 0 7 1 17 2 1 1 5 10 11 
64 0 0 0 2 0 0 1 2 6 4 12 3 4 2 0 2 0 0 0 0 0 6 2 7 1 0 0 0 2 1 2 5 7 1 1 0 4 15 2 0 4 14 1 5 1 0 5 136 1 0 17 15 4 0 0 2 1 3 0 2 1 0 3 
6 2 14 119 0 36 7 2 19 6 1 0 10 1 0 5 0 0 1 0 3 0 4 1 3 0 0 0 2 14 0 0 9 2 1 1 8 2 10 1 1 12 1 19 2 1 0 1 1 2 0 4 17 0 2 8 7 1 0 7 26 163 3 4 
0 1 0 9 3 4 1 5 1 30 1 1 144 5 0 0 16 0 0 3 3 0 0 0 1 1 0 2 2 8 2 7 3 0 0 12 118 30 3 0 0 4 0 1 13 1 2 0 5 1 1 0 6 1 1 2 2 0 1 7 9 1 1 0 
3 0 0 0 6 3 1 0 0 0 10 2 1 0 4 0 0 1 2 0 2 6 2 0 0 0 0 0 0 256 6 11 1 6 3 0 99 1 0 5 3 19 3 117 0 1 1 1 0 1 2 1 9 9 5 12 6 2 54 0 2 1 0 8 
6 0 1 11 0 2 1 1 6 3 0 0 5 22 0 2 5 0 14 0 2 0 66 1 3 1 1 1 32 29 0 21 0 0 0 4 2 1 0 31 27 1 2 2 13 0 0 37 4 8 1 0 1 1 0 2 0 1 2 5 49 1 45 5 
1 0 8 2 1 0 4 5 0 0 1 1 26 3 5 6 0 1 6 0 2 1 4 1 7 3 0 55 13 2 12 3 0 6 1 0 5 1 0 3 0 2 5 10 1 0 5 0 4 1 0 0 118 1 1 12 0 1 35 1 7 4 0 1 
87 9 1 46 1 0 0 0 1 3 1 5 5 4 1 0 2 30 1 30 7 3 1 1 0 8 1 10 2 4 0 237 0 0 37 2 0 0 0 33 21 3 1 37 1 2 6 0 3 5 0 41 1 3 4 3 0 0 0 31 5 1 0 0 
0 10 2 3 0 0 0 12 5 17 1 3 11 6 2 2 10 0 0 5 0 6 2 5 25 3 0 341 0 0 3 176 9 4 1 2 5 3 0 1 1 1 0 4 2 0 0 175 0 17 3 0 1 0 0 0 1 11 0 0 0 1 0 0 
13 1 0 14 1 15 0 0 0 11 0 40 2 8 8 1 12 0 6 0 5 0 0 0 3 0 6 2 0 6 3 12 1 0 6 15 2 7 5 0 2 27 2 4 10 5 1 6 2 0 1 138 8 8 12 8 0 9 0 2 0 34 19 2 
4 4 0 0 5 2 0 3 7 0 2 0 0 2 3 0 4 9 8 0 1 5 25 0 2 14 1 28 0 0 7 31 2 1 1 13 9 0 2 2 26 1 0 0 11 0 7 22 0 57 0 13 1 0 10 0 0 11 3 2 3 1 0 3 
1 3 1 12 0 2 2 0 4 0 0 4 10 2 0 2 12 2 5 15 6 2 0 2 0 1 11 1 0 5 1 1 0 1 1 0 1 1 6 1 0 0 2 3 4 2 0 14 0 0 1 0 1 2 8 1 0 0 0 0 0 6 15 22 
5 0 10 14 8 0 9 9 5 0 2 0 7 0 3 10 0 0 1 4 24 1 0 30 8 5 1 0 0 1 2 6 1 1 2 1 18 0 1 14 19 89 1 1 11 0 5 1 26 0 1 1 0 3 3 29 1 1 0 1 5 0 3 4 
7 0 0 0 3 1 0 1 3 2 0 10 12 35 1 7 9 0 12 2 4 7 0 1 0 19 0 3 3 6 0 9 0 0 0 12 1 2 24 0 1 0 0 26 5 8 0 59 1 1 5 3 6 1 1 0 1 0 1 1 0 49 6 1 
0 1 28 0 0 4 3 0 0 1 1 1 1 23 0 1 0 1 9 5 0 9 0 0 0 9 0 1 20 0 1 0 5 0 41 6 2 3 7 0 3 0 2 5 0 1 0 0 1 8 1 1 31 2 1 5 0 3 0 0 0 8 5 3 
0 2 27 5 0 0 40 5 1 1 2 0 2 7 8 0 4 2 1 1 0 22 3 6 0 5 20 1 0 22 0 3 1 0 1 2 7 0 0 2 1 3 0 0 3 2 1 1 1 0 64 3 0 1 0 316 0 0 5 0 0 2 6 13 
10 8 0 0 1 0 5 7 0 3 20 228 1 2 3 1 8 1 2 2 0 1 4 0 5 0 4 31 0 1 4 3 5 1 0 9 16 35 44 1 3 1 0 5 1 151 3 0 1 2 10 4 11 0 0 1 1 1 0 15 0 3 2 22 
0 64 0 3 13 2 0 5 0 0 1 22 1 6 0 17 0 4 0 3 22 2 1 0 0 5 59 2 0 0 5 1 0 2 0 0 0 0 3 0 6 14 1 1 69 0 3 19 0 26 3 7 1 1 3 0 2 8 0 1 9 0 0 1 
0 0 0 0 1 0 0 4 1 0 0 1 0 1 1 57 1 80 0 1 1 1 7 34 0 2 8 21 86 1 9 0 27 0 1 2 0 4 1 1 1 8 11 0 0 2 9 1 9 2 0 5 7 7 1 1 0 0 0 2 3 36 2 2 
4 0 2 9 6 0 0 0 4 1 3 10 0 97 1 41 9 1 1 18 0 1 4 1 0 0 0 0 0 4 36 1 0 0 1 9 10 57 1 0 3 0 0 3 1 1 1 0 6 5 37 0 0 2 0 0 0 0 12 0 1 7 1 3 
2 0 0 1 2 0 2 0 10 1 1 4 1 1 0 0 0 1 1 11 1 0 11 1 0 0 0 1238 0 0 0 0 23 0 0 4 0 0 10 3 12 0 0 1 0 2 1 0 0 17 4 8 8 2 7 2 0 31 1 0 18 6 4 2 
9 4 1 17 0 2 1 5 5 7 34 0 0 2 5 2 0 0 0 2 0 0 0 250 1 26 0 1 0 1 3 3 98 0 6 0 3 0 3 1 1 124 0 5 8 0 8 17 11 2 0 4 1 0 6 40 0 4 11 0 13 2 6 18 
1 0 0 7 3 1 6 5 0 86 2 5 2 20 0 16 9 2 0 161 1 4 3 26 19 13 1 0 2 1 0 0 0 0 0 1 0 1 4 9 0 0 3 12 1 0 0 0 0 14 1 0 1 160 0 0 9 2 1 0 0 5 46 0 
1 2 1 0 1 0 0 0 0 0 0 4 1 3 1 0 1 0 0 1 0 0 3 8 5 0 2 2 2 0 16 17 1 7 0 0 15 3 14 0 7 1 1 3 23 4 0 1 315 6 2 7 0 0 9 1 10 0 4 0 3 2 5 64 
1 1 0 3 1 0 0 0 18 13 11 2 7 0 1 1 0 4 2 0 7 0 0 0 35 0 0 0 0 4 0 4 4 15 27 0 1 22 0 40 2 2 0 0 3 2 0 11 11 2 4 1 0 2 2 0 34 0 124 0 1 1 2 1 
0 1 10 2 0 6 0 0 1 0 6 0 0 0 1 48 5 1 0 0 1 0 26 0 0 2 2 0 3 0 3 38 3 1 2 0 0 0 11 16 0 96 5 2 4 0 0 2 3 13 1 4 0 2 2 2 6 2 0 0 7 3 0 62 
2 22 0 1 1 6 1 1 0 5 10 0 0 0 1 12 12 4 68 47 6 1 1 2 1 1 2 1 14 1 0 3 1 6 1 0 0 1 0 15 0 0 0 0 8 0 2 0 0 0 3 2 0 1 2 12 1 0 9 0 6 0 0 0 
0 13 2 1 12 0 47 0 0 8 0 0 1 1 2 0 1 3 3 1 4 10 2 4 1 0 0 5 0 7 5 1 1 0 0 7 20 2 0 11 2 5 0 5 0 6 9 7 3 4 1 71 0 6 7 1 0 17 0 2 0 3 0 6 
0 0 1 1 2 3 0 8 2 1 1 15 0 1 3 4 78 16 1 0 3 1 23 0 82 0 7 1 2 40 4 12 3 1 2 1 13 0 11 0 0 0 0 0 0 3 13 0 2 1 1 7 9 0 0 0 31 19 2 0 1 9 0 1 
0 2 0 2 1 6 80 1 1 0 0 3 4 0 30 4 7 9 1 12 0 0 0 0 1 14 2 3 4 24 0 5 0 76 6 2 67 0 0 34 0 0 0 0 27 0 16 0 1 0 12 21 1 0 8 1 9 1 9 3 1 0 4 1 
1 3 4 0 0 34 0 5 1 1 3 0 0 1 9 11 1 4 5 0 1 2 0 0 0 0 0 3 0 0 1 1 0 0 0 119 3 0 2 12 0 8 2 3 1 0 122 0 0 0 1 2 5 1 13 96 5 0 3 38 1 0 5 1 
1 0 0 1 12 0 13 1 4 11 2 0 4 0 3 2 16 19 0 8 5 17 0 0 0 5 3 0 1 0 0 1 14 0 2 1 2 1 6 10 0 0 1 423 13 3 9 0 0 0 2 8 7 0 1 4 5 17 0 10 0 0 19 28 
0 0 2 1 3 0 22 3 2 2 6 38 2 34 10 1 6 2 1 5 2 0 2 12 1 37 6 20 5 0 1 0 3 1 1 0 9 20 5 1 22 2 18 12 4 0 0 2 0 2 4 148 0 1 1 1 13 1 0 2 7 4 16 2 
1 0 5 2 0 54 7 0 0 7 0 0 1 10 348 7 0 4 4 0 22 8 2 0 16 3 0 8 4 1 1 1 4 0 0 0 10 13 1 0 4 15 2 0 2 35 9 0 6 0 6 93 1 90 3 1 2 3 28 0 0 1 0 10 
0 1 0 0 3 123 0 1 1 0 115 5 1 3 0 5 0 0 3 3 3 32 5 0 7 0 6 1 16 1 1 1 1 0 0 2 1 9 2 10 13 1 2 0 1 1 5 5 2 6 7 14 1 8 4 1 39 0 0 25 4 0 0 0 
22 7 7 0 0 0 1 6 0 1 6 2 24 1 7 10 0 0 5 2 5 5 0 0 1 0 37 0 0 0 0 0 17 2 114 0 1 0 1 4 2 6 23 4 0 0 0 0 1 8 0 7 0 0 1 3 0 1 5 2 12 9 0 0 
1 0 0 0 5 3 4 0 1 0 6 1 0 1 1 5 187 20 0 1 1 2 2 7 26 0 0 8 0 0 4 2 8 0 0 1 3 7 1 5 4 0 0 0 1 0 1 7 0 0 0 0 0 0 1 0 0 41 1 0 0 0 0 149 
0 1 23 5 1 1 6 4 0 3 0 7 1 0 0 5 0 2 0 0 0 0 7 0 0 12 1 0 0 25 1 1 2 0 26 8 1 0 4 1 0 19 0 1 3 0 6 1 0 11 21 9 4 3 2 0 0 8 0 6 6 9 0 7 
0 62 3 226 0 4 27 0 4 0 1 28 2 43 0 4 4 31 5 2 9 0 4 1 0 0 0 0 1 0 0 0 28 4 12 0 1 2 1 0 22 1 29 0 1 0 0 65 0 6 2 3 2 0 18 38 1 2 6 6 0 0 0 6 
27 7 8 1 1 0 0 1 0 6 0 1 23 0 1 1 12 2 0 1 6 1 37 0 0 378 0 1 0 3 0 0 2 0 4 0 0 0 7 2 1 5 2 0 1 8 2 0 1 7 34 1 3 1 1 2 9 13 5 8 116 102 0 62 
3 0 0 1 0 1 0 1 19 0 0 1 2 1 0 0 1 1 0 0 0 0 0 0 22 2 16 0 4 7 0 4 10 0 3 1 2 0 1 0 1 0 1 3 3 26 0 1 108 0 0 1 0 5 2 17 0 50 0 0 3 1 5 1 
22 0 8 2 1 0 0 0 55 0 0 1 4 1 0 0 0 0 4 1 0 0 0 3 28 11 21 7 0 1 2 20 1 0 0 1 18 1 0 4 3 0 1 0 1 1 1 2 3 0 0 9 5 0 7 0 0 47 0 0 0 4 1 0 
0 10 7 121 0 0 1 19 0 0 2 21 4 1 0 1 0 3 8 12 0 0 2 2 10 78 62 6 1 40 30 4 3 0 2 1 1 6 0 13 0 2 0 1 1 0 6 20 0 3 7 1 1 8 4 126 117 15 42 1 0 0 0 0 
0 8 0 1 1 3 0 27 1 1 2 1 2 0 8 0 56 11 14 1 3 4 1 13 0 3 0 5 1 7 0 5 0 3 4 1 2 1 4 2 1 0 1 0 8 1 1 0 0 5 57 5 1 3 0 34 6 0 5 0 0 0 2 1 
4 9 1 0 3 1 1 0 0 10 6 1 2 11 8 0 11 2 0 1 4 1 0 6 5 0 6 8 3 4 1 1 0 1 0 35 0 1 3 5 1 23 0 0 7 5 1 0 4 0 2 4 0 4 12 6 0 10 13 1 47 7 3 1 
0 13 11 0 1 0 2 1 16 18 22 9 50 0 3 0 0 0 0 1 8 27 1 3 1 5 0 0 586 1 21 6 4 2 0 0 0 0 1 0 262 12 2 99 3 7 1 0 2 0 1 30 4 3 52 0 43 0 0 0 2 0 8 7 
16 0 1 0 0 10 0 5 1 7 0 2 0 0 9 0 0 2 3 2 3 9 23 0 0 2 1 1 2 0 0 0 5 1 2 7 1 1 0 4 1 40 7 5 6 46 0 10 3 2 0 76 10 1 4 1 0 0 4 2 2 6 1 15 
1 0 8 21 0 0 1 1 0 3 4 0 6 5 27 2 1 1 1 0 0 2 17 1 0 9 20 38 0 0 1 0 1 12 6 11 0 0 0 2 4 0 1 8 96 12 1 9 3 0 18 38 6 2 8 14 1 8 0 2 1 1 21 11 
0 0 1 26 0 1 2 1 1 17 7 3 4 1 0 4 2 0 0 0 3 2 98 3 0 0 4 11 73 1 3 1 0 6 0 37 0 7 6 4 0 0 1 2 4 3 15 4 2 10 0 3 4 3 10 0 0 1 11 0 1 3 7 0 
9 12 4 92 87 1 12 0 0 10 4 3 0 105 19 1 19 19 1 0 0 1 9 4 3 5 9 0 0 0 5 5 2 21 21 26 0 0 6 0 0 0 2 2 2 1 0 6 0 0 0 6 7 1 5 46 35 0 1 8 0 1 26 2 
1 6 0 1 0 0 0 2 1 3 0 4 14 0 1 13 6 2 0 1 17 0 0 2 2 2 0 58 0 1 2 6 6 1 3 1 35 7 1 1 6 5 0 2 9 0 0 1 1 1 419 3 0 1 12 2 4 0 6 0 5 1 28 0 
0 8 19 1 4 0 0 0 0 0 0 0 0 0 1 3 3 1 0 11 1 0 2 8 0 0 3 0 1 3 12 2 16 0 34 5 0 0 2 1 3 21 3 0 1 7 14 8 4 0 4 8 5 0 6 0 0 8 0 4 0 0 0 20 
2 1 3 6 1 0 1 1 1 0 0 69 1 6 0 0 6 5 0 68 3 0 7 0 3 1 1 214 45 1 6 0 2 1 1 2 15 0 0 0 0 2 3 1 0 2 1 12 11 1 29 5 16 0 28 0 3 7 1 0 1 1 6 0 
0 1 1 13 1 2 2 5 53 0 4 1 0 0 2 2 1 28 0 0 1 4 1 2 8 25 23 3 1 1 12 0 0 12 1 1 6 0 0 0 2 0 0 69 0 68 0 0 0 1 0 148 0 1 16 1 0 7 1 0 0 25 2 7 
24 0 1 14 2 1 1 8 0 0 1 10 1 1 1 6 30 15 0 0 3 1 2 1 3 0 1 72 0 0 6 3 1 1 9 5 124 0 0 5 0 2 7 0 5 0 4 2 8 0 0 4 24 8 1 8 0 2 2 15 1 0 11 7 
9 19 1 3 1 0 1 18 4 5 0 2 1 1 0 1 0 2 2 8 4 2 1 0 4 0 9 3 1 7 1 0 9 3 0 1 5 2 1 11 2 6 0 108 2 0 1 20 7 6 2 0 33 0 9 9 0 3 0 1 8 26 1 0 
6 1 0 1 9 4 3 0 0 0 0 19 1 11 4 0 0 0 1 0 0 0 1 4 1 29 0 10 53 0 5 1 1 1 0 0 0 0 16 18 9 8 2 4 18 4 0 0 108 2 0 9 23 1 0 11 3 0 5 1 0 1 0 2 
0 0 36 33 1 1 80 0 3 0 0 0 0 1 1 6 2 1 6 24 0 4 1 0 7 1 1 2 18 30 6 32 1 2 4 0 0 0 0 2 0 1 1 4 2 0 0 0 7 0 4 4 0 5 7 1 17 5 0 27 0 15 1 1 
1 0 0 3 2 2 3 0 1 1 0 1 1 6 0 1 0 2 5 1 21 1 4 7 2 7 0 7 2 4 1 34 2 3 2 0 1 0 5 4 22 25 1 1 3 0 6 7 0 0 0 17 0 0 0 0 22 4 4 0 21 0 0 0 
1 302 18 0 0 0 1 0 0 10 0 0 0 0 3 1 14 31 1 1 2 2 4 2 1 11 0 2 6 0 20 0 0 1 1 0 0 1 8 1 2 0 7 39 0 0 24 10 3 1 0 7 0 44 0 5 51 1 0 15 0 0 1 1 
0 2 1 4 0 0 0 5 3 2 1 8 0 2 2 0 1 16 7 8 0 0 0 13 2 2 2 4 0 0 17 2 1 1 4 1 6 0 7 1 1 5 0 1 4 0 3 1 5 2 0 41 0 6 1 0 16 18 1 6 2 2 118 1 
3 1 27 1 0 1 0 17 3 1 0 0 0 1 0 30 1 0 1 0 0 3 1 14 1 0 0 3 0 19 38 1 1 12 8 1 0 1 1 1 45 7 0 1 0 5 54 0 1 0 8 7 7 1 1 0 2 9 2 6 1 0 4 3 
1 21 1 0 0 83 1 1 2 0 14 1 4 2 5 0 0 6 1 4 0 1 4 0 0 4 1 9 5 0 1 3 9 3 0 9 0 0 0 7 3 0 1 1 0 10 0 1 1 0 0 0 3 0 1 0 1 0 12 0 1 33 2 3 
3 0 7 1 1 0 4 0 1 5 1 1 22 0 15 0 2 1 6 0 1 6 43 1 0 1 1 4 6 6 1 0 0 6 0 0 0 3 0 4 1 2 0 0 2 3 0 0 1 126 9 3 40 0 10 39 0 0 0 6 31 0 6 0 
1 0 2 0 8 0 6 0 7 5 1 1 0 0 9 6 26 29 0 3 0 2 1 1 0 2 3 2 0 0 1 15 2 3 13 5 3 6 6 1 0 116 0 2 0 7 0 0 14 1 2 83 4 0 0 0 1 0 0 4 1 6 14 1 
0 46 2 1 1 0 0 6 6 3 12 0 6 2 54 1 0 0 0 2 1 19 1 4 0 2 0 1 2 0 7 1 2 4 0 0 0 28 0 1 1 1 1 0 2 2 0 7 0 1 48 0 0 0 2 0 5 2 1 2 0 0 5 0 
3 5 0 3 0 7 23 3 8 0 0 22 1 1 0 13 3 14 1 1 7 8 0 0 1 7 2 0 5 32 9 10 6 0 0 2 0 2 29 58 1 6 0 1 8 3 20 1 42 12 0 0 11 5 111 2 1 2 6 5 6 7 0 4 
4 0 4 2 1 1 1 0 0 2 0 0 2 0 6 14 2 1 7 3 1 2 2 2 6 4 2 0 3 0 830 0 1 3 7 1 0 0 0 0 5 51 1 0 22 0 4 0 77 0 1 0 1 2 0 7 6 17 27 0 2 6 2 0 
0 6 17 7 0 1 2 1 1 8 1 4 1 0 9 0 7 2 10 0 17 0 10 0 0 30 7 1 1 10 1 2 1 0 1 2 3 9 0 0 40 9 0 0 30 7 9 0 0 0 1 4 13 0 0 1 1 0 6 0 11 1 0 0 
1 1 6 0 5 0 3 0 0 0 3 25 1 39 0 1 1 1 3 0 1 8 0 2 3 18 0 1 5 2 24 10 0 1 0 6 0 1 1 0 0 0 2 1 0 2 11 14 1 0 2 0 1 2 0 0 0 7 1 1 6 3 0 0 
19 11 0 4 2 9 0 0 0 161 1 2 1 0 5 3 9 3 4 1 0 6 1 0 0 1 0 0 10 2 4 0 1 1 2 2 3 0 3 1 4 0 2 0 4 1 5 1 0 11 0 6 0 2 1 1 0 0 1 26 30 1 0 5 
0 1 0 1 91 0 2 0 0 0 1 0 0 0 4 0 0 0 1 1 2 0 0 2 1 5 0 6 53 0 0 0 0 2 2 0 1 0 3 0 1 0 0 0 5 18 3 2 0 49 3 8 0 1 0 36 9 2 0 11 0 4 2 6 
1 98 1 0 1 37 0 1 5 7 5 0 2 8 0 0 1 27 1 0 3 0 1 0 0 1 0 0 0 6 2 21 120 3 6 0 1 2 2 1 0 0 0 1 6 6 13 0 89 3 0 9 0 16 7 0 44 1 5 1 1 2 0 75 
128 1 10 6 2 0 7 1 5 4 1 1 3 2 0 8 12 9 0 3 4 20 0 5 1 1 6 1 1 1 1 0 0 0 1 0 84 8 4 0 3 18 10 11 0 1 3 8 0 24 0 1 0 1 0 1 1 0 1 4 0 7 5 5 
2 4 13 1 15 2 14 17 0 0 2 0 1 1 1 1 0 0 0 5 0 3 0 0 9 1 1 54 0 0 3 3 0 4 1 26 3 0 0 34 1 1 1 34 240 11 4 1 0 36 0 1 1 8 154 3 1 2 0 2 9 0 0 0 
1 1 6 0 2 2 10 4 0 26 0 1 1 15 2 19 11 39 3 2 8 1 0 0 63 23 0 4 0 9 5 1 1 1 10 56 4 0 15 18 5 1 3 16 0 33 0 1 1 1 1 9 4 2 7 3 2 8 0 0 7 0 8 0 
0 0 1 13 2 1 18 3 2 7 2 43 0 0 0 8 1 1 8 3 1 2 0 1 4 1 1 3 197 5 7 5 17 6 0 1 1 2 0 1 0 6 0 11 64 3 2 1 0 2 3 6 1 2 1 2 5 7 0 2 2 1 9 1 
8 3 0 42 1 0 0 3 3 0 35 1 5 10 0 24 0 1 28 1 1 0 4 227 94 2 1 13 0 1 0 3 1 1 0 0 35 12 0 0 2 2 10 14 2 3 5 1 0 2 8 0 0 1 1 0 1 0 2 0 1 2 2 4 
4 7 23 0 1 0 6 1 6 0 0 7 2 37 1 0 3 11 16 1 1 5 3 3 6 0 1 3 2 10 2 0 3 0 71 14 1 0 13 14 0 1 11 61 2 7 0 13 2 1 1 0 0 0 1 6 2 45 7 1 5 0 1 1 
8 5 8 3 7 0 14 2 0 0 6 0 7 2 2 2 7 0 6 0 10 7 1 1 0 2 11 1 3 0 2 1 1 1 0 1 4 0 1 0 4 50 7 0 24 3 2 0 0 1 1 1 0 2 0 27 8 3 0 1 2 0 13 0 
2 0 11 1 1 1 5 1 0 97 0 1 0 15 0 0 6 2 39 1 8 1 0 6 8 0 3 1 5 10 0 0 4 4 12 0 7 4 167 0 0 1 0 0 111 3 1 1 0 0 1 6 8 0 4 1 8 0 2 1 0 4 0 25 
5 3 0 2 0 4 2 2 1 0 1 0 2 8 8 0 2 0 0 0 0 1 1 15 1 1 0 6 0 41 2 1 1 5 0 0 5 3 7 0 0 14 0 1 1 6 0 1 0 1 12 0 0 0 133 1 207 5 3 2 0 0 1 3 
0 44 0 50 0 3 17 0 1 4 22 1 0 0 6 3 1 0 1 10 3 10 0 1 0 1 3 102 2 0 1 2 0 3 0 9 0 0 0 11 3 6 4 24 2 1 2 0 1 0 0 0 0 12 0 1 41 0 1 0 24 6 1 1 
16 3 4 1 18 1 1 0 2 8 0 1 1 53 1 0 1 250 4 0 0 2 3 57 1 2 3 4 1 7 2 0 9 7 0 11 23 1 1 6 0 1 0 4 0 0 0 6 2 0 0 0 2 0 4 34 2 2 0 0 9 5 0 0 
0 2 35 3 0 2 0 0 6 0 0 0 4 0 0 86 1 0 8 0 2 72 0 0 0 0 1 1 0 0 0 2 9 3 5 3 0 2 0 8 0 3 46 17 1 1 1 5 0 0 3 0 0 19 8 1 0 1 0 1 0 2 9 0 
4 1 3 4 4 11 9 0 2 0 41 10 0 0 17 0 0 0 5 27 29 1 5 0 1 0 0 1 4 7 1 226 1 504 0 1 5 87 1 1 1 9 9 0 35 6 0 8 22 15 122 1 2 1 50 2 3 2 0 1 1 0 0 1 
0 2 2 2 0 1 1 11 0 0 0 1 0 3 0 0 7 2 15 2 0 0 5 1 4 3 1 0 0 1 0 2 2 5 1 3 6 2 0 1 1 4 1 4 3 0 19 0 2 19 0 0 22 13 0 0 5 1 0 0 0 0 1 2 
0 18 1 0 0 4 0 5 6 1 0 1 0 13 39 0 9 1 49 12 19 11 0 16 14 1 1 1 1 0 1 1 12 12 0 0 4 11 0 0 0 6 0 8 0 3 0 20 0 2 0 6 3 9 11 74 4 51 33 0 1 0 0 4 
1 1 1 3 2 1 4 1 1 7 1 1 0 1 0 2 3 0 2 5 8 0 5 0 0 16 1 3 0 3 3 1 0 0 0 0 26 1 2 1 1 1 3 6 1 4 1 0 19 0 194 8 0 0 3 0 0 0 13 0 8 3 1 0 
1 2 0 10 8 0 43 0 0 27 1 6 0 1 4 1 0 8 0 0 1 4 1 3 0 2 8 7 0 41 0 0 2 7 0 2 1 0 1 1 2 6 6 1 8 1 4 16 0 0 1 0 11 17 0 0 1 2 13 0 1 6 9 0 
1 1 0 1 0 1 1 2 16 4 2 0 24 2 40 0 6 7 0 0 0 2 2 4 0 7 8 2 66 0 0 3 0 3 1 0 1 10 1 2 0 1 0 0 0 0 0 0 0 11 2 1 0 3 1 3 15 0 0 6 6 306 0 1 
0 3 1 0 4 7 12 2 7 0 1 5 17 0 3 0 0 10 30 13 0 10 0 1 0 1 49 0 1 2 1 0 4 0 0 14 4 3 3 1 4 1 0 1 0 8 6 0 2 0 0 7 4 16 11 0 4 0 0 0 15 0 0 1 
1 6 0 0 11 0 5 2 0 0 0 1 2 0 0 0 2 8 2 0 9 0 2 0 0 3 0 1 12 3 3 0 0 1 34 11 1 0 7 0 4 1 2 2 0 7 0 2 1 2 6 2 1 0 0 0 4 0 7 2 3 1 11 0 
1 6 1 12 0 0 1 8 2 2 0 1 0 3 2 0 10 5 4 1 3 1 2 3 0 1 4 26 1 1 1 0 0 1 63 17 1 2 3 1 0 5 0 6 2 1 23 1 21 1 0 0 0 10 1 5 3 2 8 1 1 0 4 1 
2 10 0 0 3 0 1 76 39 28 2 1 8 15 0 0 19 0 0 0 83 17 0 0 1 1 4 0 0 1 0 2 1 0 2 0 2 2 0 0 4 1 1 33 6 3 2 0 0 0 0 0 0 0 3 0 0 0 1 2 1 5 0 4 
0 4 0 0 1 0 28 0 1 9 0 0 4 0 2 14 1 5 3 1 0 5 21 0 0 2 23 0 0 16 5 16 78 0 1 1 5 1 8 11 31 0 2 2 0 0 1 5 2 1 1 2 3 6 4 4 0 25 0 1 4 7 1 6 
4 0 49 1 5 12 3 3 1 6 2 2 0 0 1 3 6 1 0 1 0 58 4 0 2 4 0 0 9 7 1 3 6 2 57 2 1 5 12 6 0 0 33 0 0 5 3 10 101 0 0 1 3 12 0 0 7 1 0 1 1 1 5 2 
7 0 0 1 4 1 11 1 8 0 15 1 0 1 0 2 21 4 155 0 0 1 0 7 16 2 13 12 0 2 0 1 1 3 1 14 1 1 20 2 0 1 0 1 0 3 4 0 17 2 6 7 3 2 0 1 0 1 0 0 3 0 0 0 
18 30 15 1 4 0 0 2 1 0 0 7 0 32 16 0 0 1 1461 8 8 6 0 0 2 5 3 0 1 0 0 0 1 0 1 0 18 8 2 7 7 0 0 30 3 2 10 0 0 2 21 1 8 1 0 5 0 17 0 8 56 47 1 13 
18 0 19 1 2 10 1 0 0 97 5 11 1 1 0 32 56 7 0 1 0 7 1 0 11 0 0 12 9 0 3 1 15 0 0 0 1 0 3 0 0 1 1 0 0 1 0 0 0 0 4 2 24 5 7 3 293 9 2 1 25 39 0 11 
3 0 0 0 0 11 6 1 0 0 1 6 5 5 0 0 0 6 0 38 16 2 3 0 9 5 1 9 1 1 0 3 3 0 5 2 9 19 4 0 32 2 42 1 1 5 1 1 3 0 4 15 0 27 7 14 3 4 2 0 1 2 9 5 
3 37 6 4 0 7 3 0 0 2 0 0 1 2 1 27 9 0 1 1 2 0 1 0 0 19 4 25 1 0 18 3 28 0 18 12 31 7 1 13 0 26 0 1 0 1 0 0 0 9 5 3 0 1 1 2 1 2 1 63 1 1 10 0 
5 2 4 2 0 0 0 0 20 8 10 9 2 20 5 4 2 1 0 0 0 5 1 6 0 5 0 18 14 4 6 3 0 1 4 1 1 0 0 0 0 2 1 7 0 0 0 35 1 3 5 10 0 1 28 2 5 6 0 13 2 1 6 0 
0 21 1 7 0 5 0 0 1 0 1 2 209 9 2 0 7 0 0 56 0 0 2 19 0 70 1 0 2 0 0 0 12 0 2 13 0 0 1 1 2 0 0 7 47 0 9 1 0 6 0 0 3 4 0 0 47 0 8 0 2 12 1 1 
40 0 0 85 7 4 1 0 8 1 0 0 1 0 10 1 0 0 1 11 1 6 4 0 0 2 0 10 15 0 0 9 0 7 5 1 1 0 3 2 2 2 9 10 3 5 0 17 0 19 0 7 0 1 5 0 5 1 1 0 13 0 0 11 
0 0 1 0 13 0 1 7 3 0 0 0 0 0 1 0 3 0 0 0 3 19 1 1 2 0 1 0 4 0 0 0 0 0 0 12 5 7 12 1 0 4 5 0 2 1 8 0 0 1 9 1 3 0 2 1 9 10 5 0 20 0 0 0 
0 2 3 2 6 2 0 2 1 1 1 0 0 1 44 0 21 1 0 1 4 5 0 0 1 17 7 2 0 1 13 7 1 9 6 3 2 14 0 2 19 4 9 4 0 4 8 0 30 1 7 0 2 23 1 0 0 2 2 0 10 1 9 0 
0 4 2 1 0 2 0 3 126 0 1 0 1 0 10 9 3 1 2 0 6 2 19 50 2 0 2 7 3 0 6 1 0 69 1 8 0 0 2 25 0 16 0 7 0 1 2 2 0 5 7 0 2 0 2 1 9 14 2 1 0 0 0 5 
0 0 6 1 0 3 1 28 33 0 0 0 1 0 1 10 0 0 12 7 3 0 1 4 0 2 2 1 1 17 5 3 0 6 0 1 13 69 34 0 2 5 0 0 33 11 2 0 0 2 0 0 1 0 0 0 0 0 1 0 3 6 2 7 
6 3 0 0 10 0 3 1 0 0 2 8 374 0 0 1 1 0 0 0 8 50 1 4 0 8 11 14 2 0 1 2 0 1 6 0 0 2 7 1 22 29 7 1 3 1 9 0 34 9 0 1 21 0 0 2 2 11 0 7 0 4 1 0 
13 5 17 0 1 1 30 1 0 3 0 2 2 0 3 1 1 1 11 9 2 0 0 3 2 8 0 13 14 7 0 1 2 0 0 18 0 2 0 1 1 1 0 0 1 0 1 0 17 19 0 1 0 3 0 3 3 0 2 0 2 9 2 0 
6 1 0 1 0 0 25 0 0 15 7 17 3 2 0 0 33 0 0 1 0 4 6 25 1 1 10 0 0 4 27 0 1 30 44 1 13 1 5 0 1 6 14 5 12 26 0 2 27 23 2 0 6 2 0 0 4 3 3 1 0 2 0 0 
2 1 1 5 11 1 3 3 6 2 0 61 1 1 1 0 4 3 6 0 0 1 0 0 9 0 1 4 2 4 16 0 6 0 1 0 3 1 0 1 3 12 0 0 1 2 0 9 1 1 0 2 4 13 5 0 0 0 0 1 1 10 2 9 
2 0 0 5 1 1 0 9 3 0 1 2 0 1 4 32 0 4 3 0 0 0 2 4 0 20 3 3 3 2 2 3 1 2 1 3 0 0 0 6 1 17 5 2 1 29 9 20 6 30 2 37 0 1 0 5 2 28 9 6 1 2 0 1 
1 1 16 17 0 3 2 5 8 43 3 0 11 0 1 150 2 1 10 2 0 1 1 1 0 6 5 1 4 0 3 2 5 0 0 0 6 11 1 0 11 0 1 4 0 35 1 0 11 2 1 1 50 0 10 0 9 2 9 1 1 2 0 14 
1 24 4 1 1 0 6 1 59 60 3 1 0 6 5 12 2 0 13 1 24 0 3 1 0 3 9 28 1 24 0 76 0 3 1 67 2 0 1 17 1 0 5 0 134 0 0 2 0 51 0 0 7 5 2 1 8 9 0 0 1 2 0 2 
2 0 6 0 30 0 224 3 8 0 0 0 0 1 0 1 0 0 0 2 1 0 0 0 4 5 0 1 5 1 1 0 1 0 23 2 6 18 13 0 0 0 6 3 0 0 35 10 1 1 19 0 0 0 9 0 4 4 8 8 0 0 0 32 
1 0 6 6 5 6 0 0 4 4 6 6 0 7 0 0 1 0 36 5 0 0 0 5 4 10 1 0 21 0 2 0 3 0 2 2 1 2 2 1 2 0 10 0 0 44 2 64 0 0 15 42 1 1 0 0 1 0 7 0 6 1 22 0 
2 0 0 1 5 0 3 1 0 2 4 0 0 4 2 1 5 1 0 1 1 6 0 1 10 19 1 0 1 1 0 0 5 26 3 1 33 0 2 64 21 2 7 0 15 12 2 6 0 0 0 0 8 3 3 0 5 9 0 0 0 0 0 5 
0 2 0 1 30 1 1 7 3 17 0 1 0 16 0 1 1 12 9 0 18 1 0 0 18 19 0 1 94 0 1 0 3 1 16 2 0 0 0 0 0 1 1 10 11 0 1 1 0 1 1 8 1 0 1 1 94 7 2 0 0 1 4 13 
21 2 0 8 21 0 1 0 6 1 0 2 1 3 2 27 1 2 0 0 0 6 2 0 0 1 0 0 5 7 5 25 1 53 38 48 1 1 0 0 1 8 0 2 0 0 0 1 17 0 5 5 2 24 0 1 0 6 1 0 0 0 1 6 
1 15 1 1 6 626 0 0 3 11 0 0 0 2 1 0 0 0 0 11 0 1 3 1 2 0 73 2 1 2 3 0 0 0 0 2 1 0 0 4 1 1 1 4 15 0 26 1 0 6 644 3 0 2 1 1 6 0 1 1 1 0 1 0 
0 8 1 9 1 25 9 8 0 0 1 8 0 0 2 0 1 0 1 0 22 0 13 0 0 7 0 5 0 2 0 1 0 0 0 0 0 7 6 14 1 124 8 0 0 42 1 1 1 1 0 1 2 2 0 19 0 32 1 4 47 1271 4 24 
10 3 0 6 2 2 0 0 0 1 221 0 10 3 0 0 22 1 4 3 1 0 0 0 2 4 2 4 2 0 134 0 4 2 3 26 0 14 3 0 0 0 0 0 2 8 3 1 0 3 0 26 11 14 3 10 11 6 2 4 4 0 5 0 
2 0 2 24 7 0 1 62 7 2 8 34 1 10 7 0 3 6 1 4 0 0 0 1 34 0 9 0 0 0 0 0 0 1 15 0 0 0 0 0 1 1 0 1 0 4 0 4 0 1 0 1 1 1 0 103 6 0 0 0 5 1 0 0 
0 2 0 0 0 0 8 1 34 1 4 2 0 1 2 15 1 0 1 3 0 3 0 1 7 0 10 0 0 8 3 15 1 0 45 0 0 1 11 8 4 2 1 2 3 0 0 0 0 0 4 0 1 10 4 0 0 0 5 1 1 0 17 0 
0 0 0 4 0 0 9 175 24 0 34 0 0 0 0 4 3 0 39 4 1 1 34 16 2 9 1 1 0 53 7 0 0 0 0 1 1 3 1 1 1 0 5 1 12 0 17 1 1 1 2 0 0 1 1 28 0 1 5 65 6 5 2 12 
27 27 0 2 4 0 2 1 0 1 0 4 1 7 0 12 2 3 10 2 0 0 0 0 11 0 1 6 0 3 0 5 1 0 1 0 0 3 1 1 1 2 0 0 0 4 16 1 0 0 0 5 5 2 0 5 13 3 1 1 0 6 2 7 
0 33 18 5 8 2 8 0 8 1 1 0 1 0 322 8 5 1 1 1 0 6 108 0 0 7 12 0 28 11 0 1 0 1 5 7 7 0 134 5 6 1 4 19 3 5 1 17 3 0 4 0 0 4 1 10 39 8 6 4 16 6 0 0 
4 0 1 573 4 1 0 1 0 9 3 1 237 2 0 28 0 0 3 3 0 1 0 0 14 4 1 1 3 10 1 2 83 89 2 34 1 1 1 8 0 4 0 2 6 1 3 0 8 6 3 0 1 0 4 317 0 0 14 1 2 5 1 3 
0 7 0 0 0 2 0 5 0 0 0 1 5 6 3 1 13 2 0 0 2 0 4 0 6 8 1 0 6 1 7 0 0 19 1 0 0 88 1 3 6 22 0 2 9 0 36 4 7 1 0 11 5 1 7 0 3 2 2 0 0 0 120 1 
3 1 3 0 5 1 0 0 1 7 40 1 4 1 12 0 0 1 0 1 0 1 59 1 0 54 0 0 2 1 4 9 2 7 0 0 1 4 1 5 0 6 0 24 0 0 0 4 3 2 8 1 1 3 13 6 3 47 0 12 0 3 0 0 
4 0 3 2 5 2 1 14 0 0 0 0 0 26 1 1 0 2 0 10 0 0 1 11 1 3 11 1 1 1 32 0 39 5 0 2 23 2 5 7 26 32 19 0 0 2 2 3 0 0 0 3 0 0 0 3 0 1 0 0 2 6 1 1 
1 7 3 9 0 0 0 3 0 33 0 17 1 30 0 2 8 1 1 3 12 1 0 3 0 0 131 0 0 0 1 1 0 1 0 0 2 2 1 1 0 0 1 0 6 0 6 1 6 0 13 13 6 0 2 1 0 5 0 35 1 1 15 4 
0 1 0 0 46 3 18 1 11 16 1 12 2 0 16 2 11 1 1 10 6 9 1 1 2 1 16 0 3 0 8 0 13 0 0 0 0 1 4 0 0 1 6 0 2 1 10 1 1 1 0 0 0 1 1 2 10 0 0 1 0 1 5 32 
0 4 0 1 2 13 4 0 0 8 1 1 3 0 0 18 13 0 4 0 5 8 4 12 0 3 0 6 1 3 0 1 0 2 1 0 1 1 5 8 1 1 0 0 4 1 0 0 38 7 0 8 3 6 0 2 12 3 0 0 1 1 1 1 
0 6 96 0 0 4 2 11 0 12 57 6 4 2 16 0 0 2 4 0 4 1 278 17 0 1 10 0 6 7 0 1 17 0 16 1 24 12 6 1 53 2 0 0 12 0 6 0 1 8 9 7 2 10 0 68 51 1 0 3 0 11 1 3 
12 0 1 0 9 0 0 4 17 45 0 0 0 3 8 8 1 0 2 0 20 7 0 0 30 7 0 0 19 2 1 0 0 1 1 0 1 4 1 15 10 0 4 0 1 4 8 9 1 3 0 4 8 5 10 10 0 3 9 49 1 0 0 2 
3 0 1 0 0 1 2 7 43 9 1 0 1 0 0 44 0 0 2 0 0 1 77 29 0 0 7 12 0 1 1 1 11 0 3 14 4 1 0 6 0 23 5 4 7 0 8 0 16 0 1 3 0 1 2 0 5 3 1 1 11 0 0 8 
0 4 0 0 11 0 1 2 9 10 4 3 6 0 0 6 3 1 12 2 4 0 4 0 1 0 1 4 18 4 0 3 7 7 1 1 2 11 1 15 2 1 32 2 0 3 6 3 1 0 0 3 1 0 0 4 2 0 7 7 0 3 18 1 
0 0 2 1 0 1 0 6 0 1 5 0 83 0 19 0 0 18 1 0 3 1 5 0 0 3 4 237 1 4 3 6 2 0 1 2 0 9 0 1 2 2 0 3 12 2 2 2 6 3 42 1 1 0 2 0 4 25 11 0 0 1 0 0 
22 3 1 0 0 0 4 143 2 0 1 0 1 4 2 2 11 2 3 1 4 1 0 196 0 4 76 1 4 0 2 0 3 6 1 0 0 8 3 28 0 4 0 1 5 0 0 24 0 16 1 1 3 2 41 0 2 1 2 23 0 12 0 0 
4 0 0 0 0 7 1 10 2 0 1 0 0 0 0 2 3 1 3 0 6 1 0 0 5 1 1 0 6 0 6 3 6 0 35 1 1 3 58 3 0 0 16 6 4 0 0 0 2 0 5 4 0 2 0 14 7 8 1 5 0 2 1 1 
1 4 16 0 367 0 1 1 114 0 0 2 7 6 4 11 10 0 53 2 1 2 2 4 0 2 7 3 2 5 1 14 0 0 0 0 0 1 0 1 2 0 73 6 0 0 23 1 43 11 34 2 1 0 17 0 1 0 8 0 109 4 4 1 
2 1 2 63 20 5 10 1 3 4 0 1 1 24 1 0 0 0 4 22 1 0 6 1 4 0 1 29 3 0 2 122 1 1 0 1 15 17 0 11 0 0 37 24 1 12 1 5 4 0 1 0 3 1 0 0 3 2 0 41 3 39 30 1 
9 0 3 1 9 1 0 2 84 50 2 4 14 4 0 0 1 0 0 3 22 50 2 2 1 1 4 1 1 0 10 0 1 11 0 8 1 1 14 0 2 5 0 0 1 18 0 8 1 1 1 1 6 1 0 6 1 13 8 3 2 1 10 1 
22 1 6 2 1 9 0 38 4 3 0 0 0 2 1 1 6 2 0 17 0 0 0 1 0 1 0 5 2 1 0 3 6 5 0 0 0 1 1 4 1 1 0 1 0 0 0 18 6 0 0 7 6 75 0 53 3 1 6 0 1 6 0 0 
0 9 2 2 11 1 12 0 0 3 39 39 6 13 19 3 3 0 0 41 0 8 8 0 1 3 9 0 0 2 0 2 0 0 104 1 8 6 5 0 36 2 0 5 2 1 6 1 0 1 20 5 0 0 0 0 9 5 2 1 1 0 0 0 
17 3 0 1 0 13 4 0 3 0 1 2 6 11 2 0 0 1 0 3 1 31 47 70 0 1 11 1 23 1 1 28 0 0 0 1 2 0 0 0 4 0 0 4 6 5 7 1 9 1 2 7 1 0 0 1 0 1 1 1 4 0 1 0 
1 4 0 3 13 3 16 2 4 0 0 0 1 4 13 35 10 7 14 2 4 0 1 0 2 0 263 69 1 3 5 6 0 6 11 47 12 0 2 0 1 0 0 4 0 2 1 1 6 0 1 0 1 0 0 144 1 0 0 0 20 0 3 9 
1 1 1 67 0 1 3 2 0 1 0 1 4 71 0 0 6 4 3 1 3 11 0 3 0 0 1 1 6 24 9 1 0 1 0 3 0 0 0 0 9 3 5 2 0 10 3 0 63 0 1 27 0 18 5 6 1 0 2 1 25 1 7 2 
1 45 0 1 1 0 2 0 7 0 1 0 0 8 14 0 0 82 0 0 48 3 5 0 1 0 5 1 4 4 33 6 24 0 2 0 0 25 3 5 2 0 12 0 0 0 12 2 0 0 3 0 30 3 0 0 0 2 1 1 0 4 5 4 
8 1 20 0 0 1 0 46 0 0 40 0 4 0 3 1 0 12 0 0 0 95 3 9 20 14 2 3 2 0 0 0 2 1 1 0 7 5 2 20 2 582 44 0 2 33 9 4 0 7 4 6 0 1 0 12 0 0 8 0 1 2 8 2 
1 1 4 6 1 0 3 4 3 12 0 9 3 0 2 7 0 1 5 1 1 1 0 2 1 0 3 3 0 9 1 3 0 16 1 11 2 19 30 17 0 0 0 0 0 3 3 10 10 7 1 0 4 0 0 1 2 0 5 1 1 6 0 0 
1 2 1 1 25 3 12 0 22 2 0 3 0 1 1 6 0 18 2 3 2 1 5 5 2 0 10 14 0 0 4 14 1 16 0 0 1 11 4 0 0 11 0 1 10 1 2 0 6 26 0 0 0 11 0 0 2 4 2 56 1 0 6 2 
1 7 0 2 0 1 0 0 27 0 13 0 0 0 0 1 24 2 1 0 3 0 25 5 1 18 1 1 0 0 0 1 5 0 28 0 16 3 7 10 0 0 6 0 2 0 0 2 0 8 2 13 12 0 0 1 3 4 0 1 2 14 3 3 
2 39 8 1 0 9 2 1 0 3 0 24 6 32 3 6 2 4 0 2 9 0 3 1 1 4 1 0 1 6 16 0 3 0 12 6 3 6 2 1 26 49 0 0 2 2 30 0 0 0 0 14 3 1 0 1 0 22 0 3 1 1 1 4 
41 1 0 0 4 0 22 1 12 1 8 0 1 4 2 0 7 0 0 2 0 0 0 1 2 5 7 7 0 0 0 0 0 0 0 33 0 0 3 4 2 10 3 4 1 0 0 2 2 0 0 12 0 1 6 7 0 10 3 3 1 2 0 113 
2 0 7 0 5 9 5 14 0 0 5 1 3 13 3 1 5 39 1 1 7 1 4 0 0 0 0 3 2 0 5 3 11 274 1 0 3 2 0 1 0 3 0 18 1 2 28 4 2 0 1 0 201 2 15 1 0 2 0 7 6 0 0 2 
3 1 0 1 0 0 4 0 3 0 1 1 23 1 0 3 1 18 0 1 8 1 2 2 14 2 8 24 1 0 8 0 6 94 0 9 1 15 0 3 1 1 0 1 10 13 8 1 0 750 0 11 0 0 3 0 6 0 1 9 1 0 1 10 
30 2 5 3 0 3 1 1 0 18 10 48 9 0 2 2 43 1 30 5 29 36 1 0 1 0 0 0 10 0 0 0 0 0 0 0 0 0 0 8 0 1 0 0 5 1 0 0 0 0 28 6 2 0 5 6 11 39 2 1 5 0 0 0 
2 0 6 1 3 14 1 0 13 14 0 2 62 0 121 0 9 0 6 1 4 4 5 3 8 6 0 2 2 1 0 3 1 0 1 1 25 2 0 0 2 1 5 8 11 1 1 7 0 0 3 2 7 0 0 2 4 1 13 1 18 1 16 1 
142 1 0 9 0 0 1 14 2 0 0 1 0 7 0 2 1 1 3 31 3 6 1 0 89 2 1 0 0 2 3 0 9 5 0 1 1 9 5 10 3 2 5 1 0 3 0 4 0 0 0 3 1 1 0 37 1 1 4 0 85 2 0 1 
0 17 89 27 10 1 0 1 6 2 39 0 1 0 2 0 4 2 0 8 1 130 0 2 8 1 16 0 9 4 8 5 3 0 2 0 2 2 8 3 0 3 1 174 1 0 0 0 1 200 0 68 6 5 28 2 10 0 5 11 17 27 3 0 
6 0 15 0 4 4 5 0 1 7 0 0 2 1 0 10 12 47 0 0 0 19 5 10 1 1 3 0 3 2 0 7 1 1 5 5 16 40 0 4 1 6 1 0 0 2 3 3 1 0 0 1 0 10 1 1 25 0 31 0 0 1 8 1 
0 3 0 1 4 0 0 0 1 2 0 1 24 0 3 1 1 1 1 1 5 0 0 14 0 0 23 2 8 7 0 1 3 0 2 20 0 2 11 0 1 2 2 0 0 2 18 2 5 1 0 0 2 5 30 1 1 0 0 8 3 9 0 0 
9 0 4 9 7 6 1 15 17 0 5 5 0 7 0 0 1 1 0 0 16 1 4 3 0 0 1 5 10 27 0 50 1 1 1 0 8 3 0 0 0 0 1 0 5 120 0 0 2 0 13 0 1 40 2 15 14 2 3 0 0 4 16 9 
30 2 3 4 5 6 0 0 1 2 7 6 0 6 35 0 3 1 1 0 1 0 8 1 1 3 0 2 0 1 9 3 0 24 16 1 0 0 2 0 4 1 0 0 1 5 1 0 1 0 4 3 1 0 8 0 42 10 2 5 20 6 9 0 
0 1 9 12 1 4 1 2 2 0 0 0 5 0 6 0 0 1 0 5 2 0 0 18 1 1 53 1 0 6 1 8 0 0 1 0 0 9 4 1 0 0 0 3 0 1 5 0 29 0 3 4 21 1 3 0 1 41 1 0 1 0 0 0 
8 14 11 0 1 2 0 2 3 0 26 1 0 1 0 6 2 1 1 2 2 0 2 1 20 4 0 1 2 0 1 0 9 2 0 0 1 0 0 2 3 1 7 0 0 0 7 3 1 3 23 0 0 1 8 3 2 3 1 2 19 1 0 3 
3 1 1 162 2 24 1 7 14 1 0 8 0 0 1 2 0 1 1 0 0 2 2 6 2 7 0 1 0 2 0 0 0 2 14 1 0 10 1 0 0 1 0 0 4 3 5 6 14 0 1 2 0 0 2 2 7 1 0 0 11 1 0 2 
9 0 2 1 1 0 7 6 0 1 2 49 1 0 0 1 0 1 1 8 4 0 2 0 3 1 0 3 3 2 0 7 2 0 0 1 0 120 0 1 3 0 1 1 1 2 3 2 1 0 30 1 0 2 14 0 0 1 1 0 5 4 0 7 
40 1 4 2 8 4 0 121 0 15 4 21 0 19 0 0 106 0 1 8 0 4 8 10 0 134 0 0 2 1 0 0 1 3 0 6 1 7 1 4 2 0 0 0 11 0 1 4 0 0 0 124 0 2 23 3 0 12 1 7 0 0 1 4 
1 25 13 92 36 3 0 0 0 62 0 1 0 160 0 36 6 2 1 4 0 22 1 1 0 14 4 0 0 4 1 8 20 2 2 11 2 0 8 0 3 0 0 13 1 4 1 7 2 7 35 0 51 0 2 3 39 1 2 1 11 2 4 5 
0 8 0 259 2 175 26 0 2 2 0 0 2 1 1 1 1 1 2 0 4 3 0 3 6 11 1 0 35 14 0 1 0 1 69 1 5 6 0 5 1 2 6 61 1 2 14 6 2 264 70 0 0 0 0 2 106 1 1 3 1 1 0 1 
2 1 0 18 0 2 9 1 0 1 4 24 4 19 3 0 0 1 1 1 0 0 0 22 4 1 4 0 5 5 5 1 0 0 25 22 10 5 3 1 1 0 23 1 3 0 20 0 5 2 1 83 1 0 1 1 10 1 1 4 4 1 3 5 
1 1 8 0 0 8 1 1 1 0 0 4 9 8 15 1 0 1 0 6 27 1 38 1 0 2 14 3 16 0 1 1 12 1 0 1 6 2 1 20 0 12 9 0 0 1 11 0 25 0 5 2 0 3 7 1 2 18 1 0 7 5 8 5 
0 4 0 11 11 0 0 19 0 1 1 2 1 1 17 0 3 177 0 0 5 0 1 34 0 56 0 5 2 19 1 0 0 481 2 1 0 0 0 0 201 12 2 1 3 0 0 1 0 1 35 2 0 0 10 0 0 0 2 0 4 7 13 50 
0 0 0 1 1 3 0 1 0 1 0 3 12 1 8 0 1 0 326 2 45 0 22 2 2 4 0 3 0 4 1 27 1 19 5 0 2 4 21 13 0 36 6 1 0 56 6 1 3 5 0 35 1 1 0 0 1 7 1 2 1 1 10 0 
1 2 0 15 7 0 2 0 4 7 3 0 0 4 17 0 2 9 17 6 1 0 0 0 3 4 0 0 5 1 4 0 2 13 0 7 0 12 1 8 8 1 0 2 0 0 2 1 13 6 4 1 24 12 27 1 6 3 3 2 0 11 1 0 
1 0 7 1 0 1 45 11 0 1 3 0 5 16 1 1 0 1 13 10 2 0 3 1 1 3 1 0 0 1 32 9 0 0 10 0 2 1 1 0 3 4 3 0 6 10 7 276 24 2 1 0 1 32 0 3 1 1 0 0 48 27 0 0 
2 5 2 0 0 5 6 21 13 0 6 28 31 0 2 1 0 630 1 3 1 0 1 1 9 0 0 0 1 3 2 0 0 0 0 1 3 0 0 2 7 5 0 546 0 2 14 1 0 1 0 1 15 17 3 0 0 0 9 0 10 9 81 0 
18 15 2 2 6 1 16 1 26 1 7 7 0 0 1 2 2 0 0 7 4 19 17 0 0 1 0 4 10 4 1 0 4 11 0 0 4 0 1 1 2 1 1 29 2 3 1 2 35 179 0 5 0 2 4 0 1 0 0 61 0 7 1 1 
19 0 1 2 25 21 11 0 107 3 6 1 0 0 0 1 0 3 2 2 0 7 1 1 0 0 3 305 0 1 7 7 6 0 0 1 1 0 2 1 1 27 2 145 9 7 2 37 3 3 8 215 0 0 0 0 11 7 0 8 2 12 1 8 
0 0 1 0 1 1 3 0 4 0 1 0 32 2 0 12 6 6 21 5 0 16 0 0 49 7 0 11 6 12 6 1 7 1 0 0 2 1 1 3 3 0 1 6 9 0 3 4 2 0 0 0 1 8 12 0 0 1 0 17 6 9 6 0 
0 5 0 6 1 0 24 5 1 0 2 0 0 4 1 5 6 0 4 6 40 15 1 0 0 6 11 1 1 0 7 4 8 1 1 0 1 1 71 5 1 0 0 5 1 1 1 4 2 0 2 1 4 0 3 1 5 1 7 1 2 24 1 0 
2 1 0 0 0 0 0 2 8 0 3 3 0 6 100 10 7 0 1 0 0 22 1 1 4 0 2 0 1 1 1 0 1 0 32 24 8 14 1 6 0 0 0 4 2 4 26 0 0 7 11 1 10 0 0 4 0 0 3 8 2 1 0 0 
0 0 4 0 1 1 12 0 1 38 0 0 3 6 1 2 4 1 0 4 2 10 97 3 0 1 1 1 2 4 0 10 0 4 0 3 0 2 0 5 0 1 3 95 3 0 7 2 0 0 2 0 0 0 15 0 0 0 0 11 0 1 16 1 
4 10 0 14 1 1 1 2 0 1 2 0 3 1 0 1 1 0 0 0 0 12 1 1 5 2 12 0 0 3 33 0 32 2 3 0 0 0 1 0 7 0 2 1 3 2 0 0 5 3 2 2 20 0 0 11 8 5 0 0 4 0 3 0 
0 3 0 0 0 6 1 38 0 5 0 0 0 1 30 5 7 1 0 3 1 0 0 0 0 0 11 3 0 3 2 0 4 5 0 1 0 0 33 24 7 5 20 3 5 0 3 81 0 1 1 36 0 1 3 0 3 2 1 1 0 9 0 0 
10 55 12 9 4 0 0 0 1 0 0 3 3 0 1 4 23 0 1 1 0 0 0 2 3 24 0 1 2 4 6 1 37 4 0 0 0 1 1 1 1 0 1 0 10 1 24 6 20 0 17 7 2 2 4 0 0 0 7 5 0 5 5 1 
0 0 7 12 5 3 4 0 2 3 44 0 5 2 0 2 1 1 1 10 14 0 15 0 1 3 6 1 0 23 0 8 2 4 0 3 0 2 0 0 6 1 17 0 10 0 2 11 11 4 39 0 10 0 7 1 0 4 1 7 29 1 14 75 
10 0 1 0 2 8 1 26 1 0 16 2 2 6 21 5 11 0 0 4 1 9 5 2 0 0 3 10 1 0 0 20 1 14 0 14 0 0 0 10 0 1 2 2 0 0 0 1 4 0 1 3 0 34 0 0 0 0 3 5 1 5 0 1 
3 2 1 0 2 2 1 5 1 0 4 0 42 2 10 7 0 1 1 8 20 0 0 22 1 0 6 0 4 0 1 0 8 6 6 0 0 1 38 5 4 0 0 11 4 0 2 11 0 0 5 0 0 1 5 1 3 0 0 14 0 9 1 1 
1359 5 0 4 5 7 0 16 0 4 0 0 0 0 1 1 7 5 0 0 14 0 1 0 0 1 1 1 0 0 0 5 5 0 51 0 0 9 1 9 1 0 3 9 7 0 174 22 1 13 0 6 1 0 0 14 1 0 1 0 1 46 0 3 
0 0 1 9 0 1 3 0 0 5 5 0 1 0 1 54 0 10 1 4 2 1 3 1 0 30 1 34 28 10 1 1 3 0 0 2 88 1 12 6 4 0 22 4 2 0 2 1 0 20 8 4 1 2 1 0 2 22 1 0 0 0 1 0 
2 13 4 15 0 0 1 12 5 0 6 148 0 6 1 13 1 3 0 0 0 94 1 0 2 1 50 0 2 0 1 0 10 0 0 1 9 2 1 10 1 3 0 1 0 3 6 0 3 66 4 0 18 3 1 0 3 191 1 0 0 0 0 5 
28 4 2 1 2 0 1 39 0 7 12 0 154 0 1 0 2 0 4 2 0 1 0 1 2 0 0 2 1 30 3 1 0 10 2 5 3 3 2 0 0 2 0 0 0 1 11 0 0 6 5 0 1 2 1 3 1 1 2 12 0 2 1 6 
0 9 6 0 0 8 1 1 1 0 0 0 12 7 0 0 24 23 8 1 0 1 71 0 5 465 4 7 11 1 0 0 0 6 3 3 5 2 0 1 0 0 1 0 43 3 5 0 1 0 2 0 1 6 1 1 5 7 3 1 2 2 0 0 
1 2 0 36 6 1 3 1 27 5 2 5 1 0 2 1 0 4 3 0 1 4 4 3 1 0 0 1 2 4 1 0 4 0 16 1 21 15 2 1 0 7 0 5 2 0 0 0 0 4 4 14 8 8 1 31 0 2 2 1 0 0 6 0 
0 5 3 7 6 9 0 0 2 37 19 1 0 0 1 8 98 17 0 2 11 0 2 4 1 7 2 6 9 0 0 9 0 1 196 2 5 0 3 9 0 0 2 6 10 2 14 7 0 19 19 14 11 1 7 0 1 31 0 9 0 7 2 2 
1 15 0 7 9 1 1 0 2 80 0 0 14 1 2 0 4 38 4 1 1 11 2 2 0 7 1 0 2 4 0 11 2 25 18 2 0 4 0 1 3 1 0 37 0 14 0 2 1 2 0 0 0 5 2 0 2 4 13 0 7 0 1 3 
7 0 0 1 78 6 5 16 177 1 5 28 0 11 23 22 8 11 2 1 10 0 8 1 0 0 0 4 0 0 1 7 0 0 104 17 0 4 4 0 8 0 24 1 0 2 6 4 4 0 4 2 0 8 5 10 2 2 1 3 17 1 0 1 
0 39 3 2 2 2 0 13 0 1 1 42 10 5 2 8 0 1 1 0 30 21 7 0 7 2 4 1 0 1 0 0 0 0 14 0 16 2 7 0 6 7 0 3 1 0 4 1 0 46 0 2 200 1 4 3 0 1 1 0 0 2 0 17 
10 2 8 1 4 6 0 0 0 0 1 0 0 40 3 51 0 3 43 2 1 1 0 1 20 67 1 1 0 2 1 1 0 58 18 0 6 14 0 0 0 12 3 1 0 0 1 1 1 0 0 1 0 0 4 1 0 4 59 1 2 0 2 0 
2 1 0 2 0 6 1 0 1 0 14 0 24 156 5 2 0 3 0 2 2 3 1 0 0 1 17 5 12 2 1 1 21 31 2 0 60 14 207 0 15 11 0 0 2 4 3 12 1 1 12 12 1 1 0 1 7 0 38 19 84 1 1 0 
0 4 4 23 1 0 3 2 0 23 25 8 2 39 1 4 1 2 27 2 3 0 0 10 0 12 0 0 1 0 0 0 0 0 8 3 8 1 0 39 2 45 20 1 1 0 1 0 0 0 6 0 0 11 3 1 1 1 14 2 15 128 26 0 
36 3 10 0 1 1 7 2 2 0 0 3 0 0 2 5 0 1 4 0 3 1 1 0 4 16 9 1 0 9 4 43 8 0 0 23 2 0 5 0 0 33 0 3 8 0 24 1 0 10 0 1 2 20 0 0 7 9 1 8 1 13 15 2 
2 1 2 25 3 62 1 33 85 1 0 5 2 1 1 7 9 0 11 6 2 0 3 0 2 39 1 5 16 0 8 0 1 0 1 2 56 1 0 0 0 0 2 0 0 0 0 0 0 7 1 0 14 144 54 3 0 0 4 2 2 2 1 7 
0 19 3 2 3 6 0 1 46 0 0 1 9 3 2 6 6 1 8 9 1 1 1 1 1 0 0 1 0 8 1 0 0 4 0 2 1 11 0 1 0 0 1 8 4 18 8 12 7 1 1 0 8 4 3 4 4 0 3 1 0 1 0 2 
0 1 9 10 0 2 0 0 0 3 47 31 4 23 0 0 9 1 0 11 0 2 1 2 40 8 3 5 2 5 1 2 0 18 7 1 0 0 2 0 0 8 1 3 0 1 1 24 6 18 4 4 0 10 58 0 0 1 2 5 0 29 1 1 
1 2 18 0 0 2 0 0 0 3 0 23 4 0 2 28 2 3 1 3 2 7 1 1 1 0 1 0 63 1 0 0 23 1 0 13 72 2 3 0 6 1 0 0 1 0 0 6 0 10 0 0 0 4 27 0 5 0 0 0 0 1 0 2 
9 0 2 3 0 130 0 0 3 2 0 0 0 1 0 0 1 44 11 5 21 0 0 0 0 3 3 0 6 0 18 1 0 0 14 0 13 2 0 3 1 5 1 5 3 2 0 5 22 0 1 0 1 1 1 0 0 1 4 0 2 1 93 4 
1 8 11 11 0 4 0 0 10 2 19 3 0 13 4 8 0 3 4 7 17 3 0 6 1 4 0 0 0 0 2 0 0 1 0 0 0 0 0 0 1 1 1 0 3 6 4 7 0 0 0 0 0 2 5 0 1 1 1 3 9 473 0 8 
1 17 57 13 23 2 0 2 11 0 0 1 1 3 1 0 2 0 0 0 0 3 0 5 3 34 9 9 5 9 0 0 23 1 6 13 3 1 0 3 0 4 4 2 1 0 0 4 0 1 2 87 1 11 11 4 1 4 0 0 58 0 2 1 
2 0 7 6 1 1 3 0 6 0 7 4 2 1 1 0 19 10 7 1 2 1 1 1 0 38 12 1 2 0 3 0 1 8 11 2 0 12 2 0 0 0 2 9 1 1 0 0 9 0 1 0 1 11 0 0 3 3 1 1 1 2 9 31 
0 1 1 2 15 0 1 0 1 28 0 7 7 0 0 0 0 5 1 36 0 1 8 0 3 6 0 9 2 1 2 5 1 0 19 1 0 0 2 6 1 12 17 1 4 0 10 5 8 25 0 4 3 4 0 2 1 1 4 5 4 5 2 1 
1 5 1 37 3 1 0 3 0 16 8 0 17 0 0 2 0 65 3 2 3 1 10 0 8 0 0 2 47 7 18 111 1 1 4 5 4 0 2 0 2 0 4 1 0 0 14 11 29 1 6 10 0 0 1 0 1 0 0 1 1 5 2 2 
18 0 1 3 2 9 1 1 27 3 39 17 43 0 24 2 0 1 6 0 10 0 2 1 0 5 11 1 1 0 0 2 0 3 0 206 18 0 4 1 0 2 0 13 0 4 1 0 0 8 3 29 4 1 30 4 1 6 0 26 0 2 21 2 
2 0 2 4 1 8 5 0 0 5 0 0 16 0 0 2 5 0 1 1 66 0 1 0 0 10 0 1 9 1 1 0 1 4 0 1 1 1 1 6 0 14 9 4 6 19 15 1 0 2 0 2 1 2 8 1 34 312 1 0 0 1 4 0 
1 4 1 3 0 0 1 0 6 9 3 109 0 0 0 0 28 1 9 2 0 26 10 1 0 6 1 0 0 10 33 5 0 2 1 6 8 3 4 5 1 7 0 1 1 10 0 38 1 0 0 1 0 1 1 11 0 0 9 0 1 8 1 7 
0 1 158 0 5 1 67 10 2 7 0 0 2 9 0 3 14 23 0 244 6 0 0 39 1 22 6 0 9 2 0 2 1 2 0 4 27 2 0 4 0 2 1 1 0 2 4 0 5 0 0 0 1 16 1 7 1 1 0 28 6 0 13 0 
0 0 2 48 0 0 5 1 8 6 0 1 3 0 106 2 12 0 0 5 4 2 1 0 1 6 1 0 51 0 1 5 0 1 2 0 0 0 1 0 25 2 1 16 21 0 0 10 20 0 13 0 0 4 17 20 28 8 1 0 1 3 7 1 
1 0 1 1 1 29 0 0 6 0 2 1 1 1 1 0 11 2 0 0 11 6 1 89 1 1 0 3 6 1 8 2 2 41 0 0 4 1 4 1 9 3 1 0 8 4 0 4 1 0 0 54 1 3 136 4 10 2 43 3 2 1 7 0 
2 0 0 1 15 0 0 1 0 1 3 13 0 0 0 6 0 0 0 0 1 0 49 0 0 0 1 0 0 2 2 3 1 0 1 1 825 3 0 28 2 2 1 0 5 1 2 164 1 1 0 2 0 0 0 24 1 0 0 2 0 2 1 5 
14 11 5 35 0 5 12 1 0 6 1 1 28 30 0 0 7 14 2 0 4 1 19 0 3 9 0 2 26 9 0 1 0 1 1 5 0 23 0 0 0 0 7 0 16 0 0 1 3 2 6 1 0 0 0 1 4 1 0 5 2 1 1 25 
0 1 72 2 0 2 11 3 22 1 4 1 4 1 2 0 0 12 60 0 0 0 2 1 2 6 196 1 0 7 3 1 0 2 12 41 0 0 11 2 2 10 24 7 0 13 1 0 0 5 1 2 1 5 1 11 0 0 0 6 17 1 0 13 
41 4 1 0 0 0 0 1 1 0 7 0 0 10 0 4 0 1 1 13 3 0 2 10 27 6 0 0 96 0 4 14 3 25 0 1 9 2 1 1 2 0 5 1 37 22 22 3 0 0 4 0 22 0 10 6 1 0 2 4 6 5 1 27 
0 0 0 0 2 8 2 23 0 11 21 1 0 3 1 1 0 0 7 1 1 0 1 0 1 28 8 0 0 0 3 2 1 0 8 0 6 0 2 0 0 3 1 6 1 2 0 2 1 8 2 0 4 1 2 2 1 1 0 2 19 10 5 9 
0 11 0 1 1 0 152 1 2 18 28 0 26 12 4 7 1 1 1 0 1 72 3 13 4 0 1 3 12 18 1 4 0 3 1 0 6 0 0 59 0 12 2 1 0 28 0 0 1 3 7 2 4 19 15 0 0 0 1 2 1 28 6 0 
6 1 0 5 7 0 0 1 2 2 1 1 3 0 0 0 18 26 3 0 0 1 1 0 0 10 305 0 6 1 5 0 3 0 2 0 6 4 0 8 0 0 20 13 0 1 6 0 0 2 9 0 2 12 29 0 16 9 1 0 0 1 2 0 
35 0 0 0 1 2 0 1 223 2 7 1 7 7 0 8 3 0 0 1 0 1 1 2 10 1 8 2 1 2 3 39 0 2 0 43 82 0 5 23 6 0 0 9 1 10 0 13 75 3 2 0 0 0 1 0 12 10 1 4 2 1 30 3 
2 5 10 6 0 0 3 1 0 0 0 1 1 0 2 1 2 0 9 3 2 1 1 0 3 56 0 1 0 4 0 4 0 1 1 0 7 2 0 12 0 0 0 0 0 2 42 1 0 1 0 0 18 0 0 1 0 1 4 1 3 2 1 0 
5 2 2 11 17 1 8 1 0 1 0 1 0 5 0 0 0 1 6 6 2 1 0 0 14 206 0 0 2 0 0 1 1 1 7 6 3 1 0 3 2 1 0 45 4 5 1 1 0 0 1 16 2 1 14 0 0 0 2 3 0 3 1 0 
9 0 12 6 0 0 4 0 2 0 3 20 16 1 7 4 4 1 2 4 5 0 1 0 33 0 10 0 0 0 0 5 35 0 1 0 3 0 1 11 11 1 0 7 27 10 5 4 0 9 0 6 1 1 1 13 0 1 0 0 0 0 0 4 
3 0 1 0 1 7 1 0 3 0 2 1 2 2 0 0 0 4 0 0 1 3 4 6 13 1 1 0 0 0 1 0 0 5 0 0 0 0 4 4 6 5 0 0 0 3 1 8 11 0 0 5 4 5 0 10 0 6 0 0 0 3 1 0 
1 3 0 5 8 16 27 0 0 6 7 0 3 4 2 8 2 0 1 53 11 5 1 1 0 22 0 71 2 25 71 1 3 0 0 3 0 2 11 27 0 1 17 7 33 4 1 0 6 2 0 1 1 0 0 0 0 6 13 7 1 6 0 0 
0 0 0 20 0 25 0 1 2 2 1 0 6 10 1 8 2 7 3 1 0 1 3 0 9 2 55 8 0 0 0 5 118 3 3 15 57 0 3 15 1 3 19 3 0 0 3 8 1 4 13 1 1 3 1 7 0 2 12 0 0 3 2 4 
0 4 17 8 6 0 43 1 5 0 59 0 5 6 17 0 3 0 2 0 1 0 3 1 0 2 51 15 12 5 6 11 13 10 1 8 0 0 0 0 0 251 0 0 5 0 0 2 5 1 0 0 1 1 1 0 4 0 1 49 0 2 0 21 
0 0 1 0 0 7 2 0 214 0 0 1 1 11 2 4 1 4 18 12 2 2 1 9 269 0 91 5 0 6 7 1 4 0 2 2 2 2 5 0 59 1 9 2 3 1 0 2 0 3 1 1 2 1 5 0 17 0 1 2 30 2 36 0 
1 6 6 0 0 35 0 3 6 41 49 1 0 0 1 6 0 0 7 1 2 1 0 7 1 1 2 1 6 0 1 43 3 5 8 4 1 0 3 1 4 0 3 0 0 9 7 5 4 4 0 0 0 2 0 1 0 2 0 104 0 4 14 1 
0 5 0 1 0 0 0 1 0 0 10 2 1 2 0 8 11 5 10 1 0 8 1 0 11 1 9 0 4 0 1 1 98 0 1457 6 3 3 0 4 2 8 39 2 0 1 0 2 5 1 13 1 0 0 1 53 4 1 7 0 0 3 1 10 
20 0 0 6 11 6 70 1 1 1 0 0 0 1 0 0 0 4 0 0 2 0 16 3 6 4 0 0 0 3 2 0 52 11 28 1 7 16 7 0 4 3 1 1 0 8 0 6 1 0 6 13 0 1 58 1 3 0 12 1 6 0 8 3 
8 33 0 7 1 21 1 3 7 3 0 0 115 2 8 0 1 9 9 0 7 1 0 2 2 3 3 0 0 3 27 17 4 4 0 1 3 1 1 1 11 1 0 1 0 13 2 0 30 1 23 0 1 1 2 13 0 1 0 4 4 0 2 3 
1 0 0 37 0 16 38 3 0 4 12 15 9 21 24 0 40 0 6 2 0 2 0 8 0 2 0 5 22 0 17 0 1 28 5 0 2 1 2 0 6 24 2 8 1 30 1 0 1 2 10 1 0 0 1 1 166 2 1 0 195 0 1 5 
1 0 3 0 2 0 15 1 1 11 54 2 30 2 49 18 90 0 9 1 2 9 0 0 0 2 1 34 3 2 10 12 1 1 2 0 7 2 1 1 5 0 1 2 11 2 1 4 0 1 7 17 2 2 3 0 1 7 2 16 15 2 0 2 
1 2 3 0 0 1 1 2 6 8 0 0 0 1 6 2 13 6 2 50 5 0 0 3 3 0 158 1 1 3 4 21 1 107 2 1 4 142 352 0 1 1 4 0 0 21 0 9 1 1 0 14 52 8 17 3 0 6 1 1 1 105 143 0 
2 25 0 0 26 0 0 3 3 4 1 6 3 2 71 2 3 4 0 1 2 3 0 1 0 0 0 18 5 0 1 10 0 3 1 0 0 14 0 1 0 14 111 0 1 0 10 11 0 9 1 0 2 0 0 6 1 0 248 0 0 1 0 0 
1 5 13 5 0 2 0 1 24 6 0 3 0 2 1 0 13 38 0 1 5 2 0 1 1 16 11 12 2 6 1 1 0 5 10 2 2 2 0 1 1 0 1 4 0 67 7 0 0 25 1 0 0 3 0 1 0 0 5 0 7 1 1 0 
0 0 10 0 2 0 6 3 0 6 12 2 0 0 48 2 14 60 12 2 2 20 0 1 0 2 9 1 1 0 14 3 3 2 1 1 12 0 14 0 0 93 3 1 265 0 1 1 8 117 14 9 4 4 0 2 2 2 0 5 2 24 0 0 
0 1 0 8 0 1 0 11 0 1 1 6 1 0 3 0 20 16 13 6 1 0 0 0 0 2 2 0 1 1 3 1 2 1 0 3 0 6 2 0 1 0 2 2 0 38 9 12 4 3 4 24 3 0 19 2 10 8 0 0 10 0 0 1 
0 1 0 0 13 0 0 0 1 1 0 0 2 5 3 1 1 5 0 72 17 6 0 0 3 8 1 5 1 18 2 11 0 8 0 48 0 2 0 10 1 0 10 0 0 0 1 2 1 0 1 0 3 0 4 2 6 0 26 0 1 0 0 2 
0 0 0 0 2 0 0 2 4 3 5 143 16 0 9 0 10 1 1 1 0 4 0 4 4 16 41 7 9 2 3 0 0 0 7 0 11 0 2 9 0 7 5 0 14 0 5 1 5 2 2 2 44 4 19 8 2 0 0 1 0 0 7 0 
2 0 1 1 0 0 0 1 2 2 2 0 0 1 2 11 1 0 29 2 11 3 29 0 0 1 3 0 6 6 15 1 9 1 1 0 1 17 0 0 0 2 12 4 0 1 0 26 26 0 34 2 0 0 6 3 5 1 1 0 6 2 0 2 
0 0 5 6 18 0 0 1 0 41 8 35 0 0 12 0 1 0 3 0 1 3 4 10 2 5 25 0 3 3 0 2 1 0 0 1 2 0 28 2 26 19 0 16 13 8 28 2 10 12 12 1 0 1 1 0 7 0 1 1 2 0 0 1 
0 0 0 11 23 1 1 2 2 0 0 2 1 0 0 39 1 0 0 7 3 1 2 2 0 0 1 0 8 1 7 1 0 0 5 0 9 1 0 0 1 5 0 0 1 0 0 6 0 1 5 2 0 1 15 7 0 5 0 0 1 8 0 1 
0 2 0 2 11 2 1 5 4 0 1 0 4 9 255 0 7 3 0 16 12 1 1 2 0 3 4 20 7 44 46 3 2 1 7 1 0 1 4 0 2 0 2 1 10 4 6 0 0 0 0 0 3 0 7 82 1 3 2 7 2 0 0 1 
0 3 1 4 0 7 20 45 0 0 0 1 5 0 0 1 4 23 27 0 0 1 4 4 0 4 3 1 1 1 0 0 3 5 1 1 5 0 1 0 2 0 7 0 0 0 11 4 0 0 0 12 2 1 1 0 3 5 0 1 31 1 4 12 
6 0 7 2 6 0 46 1 0 9 5 2 0 26 2 0 6 1 2 0 2 0 5 2 2 1 14 18 4 0 0 2 0 10 4 0 2 4 1 9 36 1 2 6 4 4 2 5 1 0 0 0 2 9 0 0 2 139 3 1 1 1 1 7 
0 3 0 19 0 2 0 0 10 4 5 8 1 0 3 0 4 1 1 0 1 5 0 1 9 11 1 6 0 5 0 1 1 64 3 0 1 7 0 3 16 0 0 7 13 9 0 0 2 0 0 4 2 9 6 3 5 17 1 17 5 0 9 1 
1 4 0 5 97 0 3 3 33 2 0 8 1 1 4 1 0 119 2 1 2 1 0 3 3 0 8 4 2 1 3 7 4 0 0 7 0 558 1 1 2 0 0 1 2 1 10 3 0 12 0 0 0 0 9 0 0 6 0 2 0 2 0 7 
0 0 40 1 2 0 0 0 0 0 1 1 5 0 0 0 6 65 0 8 2 3 0 0 0 17 5 1 1 1 0 1 1 0 3 42 0 1 8 0 0 2 0 6 8 4 0 5 1 2 0 4 0 7 0 3 2 3 3 1 0 1 0 0 
1 0 0 1 53 9 1 1 7 1 42 2 4 17 9 0 0 0 0 0 5 0 2 21 7 0 52 1 0 3 0 2 2 33 2 0 3 0 0 6 1 49 22 31 0 3 37 6 4 0 0 0 5 0 3 0 0 5 0 5 5 12 14 1 
0 0 0 1 2 0 1 3 1 18 24 0 7 8 5 2 3 1 0 1 1 0 11 1 5 0 1 10 5 0 1 4 2 2 1 2 15 2 2 0 1 0 9 3 0 1 2 4 0 0 1 5 2 8 8 18 5 16 3 16 226 4 7 0 
5 3 10 5 11 0 12 0 2 0 1 29 9 1 2 72 0 6 0 2 0 0 5 0 6 9 12 0 0 12 28 1 10 1 0 10 0 12 26 270 2 14 1 1 3 2 0 0 47 0 11 0 1 2 0 0 1 5 15 0 0 6 5 28 
0 0 3 0 0 1 4 1 1 6 1 0 0 0 1 0 0 6 0 5 17 5 0 1 0 1 1 5 8 0 3 0 0 24 27 1 14 0 2 0 21 3 1 0 9 0 14 8 0 0 0 2 1 2 0 0 0 7 0 4 2 1 8 0 
7 0 0 0 0 4 1 0 0 0 1 0 3 0 4 0 5 5 275 2 0 2 1 1 2 1 26 3 14 0 1 0 1 14 4 7 1 0 5 9 3 0 2 1 1 7 1 0 15 1 8 11 4 0 1 0 1 0 2 6 24 1 0 313 
1 3 46 1 0 2 7 1 13 2 23 4 63 16 2 9 7 0 4 27 3 0 21 2 1 1 1 0 1 0 0 75 1 7 8 0 37 1 0 2 56 1 5 0 0 19 2 2 7 0 0 2 1 2 2 1 39 3 0 1 0 37 3 1 
0 5 1 0 8 9 1 1 27 14 3 8 0 0 2 2 0 2 0 0 2 3 11 0 0 0 2 9 14 0 0 2 0 3 6 23 0 4 17 1 0 0 4 8 4 2 6 0 0 1 1 0 1 20 2 2 21 0 1 9 0 2 3 0 
0 1 1 1 0 2 2 166 6 2 0 1 6 0 1 3 3 0 0 4 0 4 5 97 14 7 3 8 0 1 1 0 0 2 1 0 0 3 5 0 1 7 9 0 11 1 3 1 0 18 0 1 7 23 11 0 7 1 0 2 0 9 4 7 
3 1 2 1 0 0 0 0 11 1 5 0 0 25 0 0 0 2 0 0 0 3 0 1 8 5 0 2 1 3 0 0 1 0 2 1 0 0 0 0 4 3 19 0 0 6 12 19 0 0 0 0 0 7 1 9 0 0 2 1 1 4 0 99 
6 0 1 1 0 2 2 1 0 0 1 0 0 5 1 0 0 19 15 7 0 0 0 17 156 3 7 4 1 7 1 1 0 0 1 0 5 8 0 1 9 7 1 0 6 7 4 1 15 42 0 2 12 2 1 8 30 1 0 12 23 7 40 0 
1 8 8 0 1 1 0 31 1 4 0 0 2 2 5 0 3 6 1 4 3 9 6 0 2 4 1 3 3 0 1 71 3 34 0 0 9 3 6 7 0 0 2 0 0 0 0 0 1 0 1 2 29 1 6 6 72 0 1 1 85 5 5 1 
4 2 1 0 48 1 1 1 1 0 2 8 0 8 4 1 0 1 12 0 0 11 5 10 27 6 5 1 10 1 3 6 2 2 1 7 8 0 3 0 0 1 30 1 6 1 1 8 0 4 3 0 3 0 9 0 7 0 2 0 2 1 0 36 
0 4 1 4 0 1 10 4 9 9 2 0 3 0 1 3 0 0 92 2 6 0 1 0 3 22 21 0 1 0 15 189 0 50 1 10 0 3 1 0 11 2 1 8 0 3 1 12 9 0 0 8 0 1 3 26 2 5 0 0 3 3 149 1 
9 10 0 1 0 2 2 1 1 3 0 1 9 14 5 0 0 1 215 0 7 1 43 1 3 1 1 13 13 1 1 0 1 1 0 1 1 9 1 0 0 1 2 23 7 0 4 0 8 6 0 29 19 0 18 1 14 0 1 0 19 0 0 3 
0 1 0 17 7 0 1 0 18 17 19 5 5 3 5 2 1 2 7 0 27 6 3 16 1 2 3 12 4 17 1 33 1 1 2 0 1 0 2 1 6 1 0 9 12 12 1 1 0 3 2 1 0 6 2 10 5 2 0 0 5 1 0 72 
131 2 0 0 2 0 12 1 36 194 1 0 1 3 1 0 20 2 5 0 0 0 0 0 3 1 60 12 1 1 1 1 1 4 0 0 5 11 6 0 0 1 0 50 2 1 2 10 119 0 1 4 1 0 4 0 7 0 0 1 5 0 0 0 
1 1 0 0 13 1 0 1 0 17 0 0 0 1 0 2 1 1 0 4 7 3 5 3 0 33 0 12 2 2 0 0 1 0 4 1 13 6 7 1 0 0 20 12 0 1 3 0 0 0 3 13 0 3 2 0 1 0 4 3 1 0 3 0 
3 0 3 0 81 1 0 8 2 10 0 25 310 2 2 1 10 1 5 2 52 178 0 0 1 0 0 3 1 1 0 0 0 0 12 1 5 2 1 0 2 0 2 0 1 0 48 1 0 0 0 0 0 4 1 13 0 1 1 3 0 6 2 37 
1 11 2 2 11 13 0 0 36 1 0 2 0 0 9 0 2 1 0 6 2 0 5 147 0 0 0 0 2 6 5 0 2 0 3 11 0 0 3 5 7 0 6 0 2 0 2 4 1 9 0 1 0 0 1 2 3 0 62 1 18 0 39 1 
0 14 0 5 6 1 1 0 0 3 2 2 4 1 46 0 0 1 0 2 2 0 8 4 0 0 1 4 0 0 0 8 1 10 0 30 1 1 0 0 9 0 0 1 1 10 22 1 15 10 1 3 4 3 1 0 1 1 1 17 0 2 4 22 
3 0 69 1 8 8 5 0 3 2 1 2 8 1 1 6 1 2 11 4 5 21 0 12 8 0 0 0 2 1 0 43 1 6 0 6 0 0 10 12 1 6 0 0 0 0 3 1 0 3 16 0 9 2 3 0 1 8 12 207 2 0 0 20 
0 141 1 0 18 1 4 1 0 0 25 18 1 1 0 0 2 0 0 17 8 0 2 0 0 0 5 4 0 7 1 13 2 0 1 23 1 8 0 2 11 10 6 1 2 0 15 6 0 1 4 1 1 6 0 38 11 1 1 0 1 6 1 0 
2 4 2 0 7 0 2 3 8 1 1 0 0 0 53 1 0 0 11 5 0 8 2 0 0 0 2 1 0 0 0 0 31 0 1 66 2 0 0 12 6 1 9 0 0 23 13 0 1 0 10 2 0 4 9 2 0 4 18 1 2 4 9 0 
1 11 0 0 0 0 7 3 0 7 1 2 0 0 0 0 0 1 1 6 32 9 0 7 21 32 2 0 5 2 7 11 1 1 2 1 0 0 0 0 14 3 0 24 4 0 1 1 1 1 31 2 2 2 0 4 2 5 1 6 5 0 7 7 
18 2 4 14 10 1 0 1 32 20 0 2 33 0 6 3 6 2 2 2 1 296 2 11 4 1 1 0 2 3 13 3 6 0 0 0 1 3 0 0 8 1 6 3 338 4 0 9 61 0 0 1 0 3 0 1 2 0 5 9 14 3 1 0 
3 0 1 6 0 4 0 1 6 3 3 1 7 0 5 1 96 1 0 4 2 0 15 0 0 0 5 1 0 1 0 0 19 0 3 5 0 0 5 1 1 6 1 0 0 0 5 10 2 0 14 33 0 7 6 0 0 36 1 0 2 8 6 0 
2 30 14 21 1 4 5 2 1 1 124 0 2 3 4 0 6 14 0 1 0 3 1 5 25 59 8 0 1 22 6 0 1 0 12 2 3 5 0 0 0 1 6 2 51 8 1 0 0 1 0 0 8 2 1 0 28 0 6 3 8 1 13 1 
2 1 8 2 7 2 9 1 0 63 0 0 26 9 9 2 20 0 8 2 6 0 3 3 0 0 1 1 0 3 35 0 1 2 0 0 3 3 13 0 0 4 7 0 1 0 2 0 0 0 0 1 46 0 0 0 1 1 5 0 7 0 0 0 
0 30 35 1 2 4 3 5 0 0 9 4 0 0 0 5 12 1 0 3 1 1 3 1 0 184 1 1 0 2 0 2 2 0 7 19 1 21 0 1 0 0 0 1 2 29 0 0 3 4 6 6 8 1 0 0 139 0 1 1 32 7 2 4 
0 5 0 0 5 0 1087 3 0 6 0 4 1 0 0 1 0 2 7 6 1 1 1 1 4 0 1 0 4 1 12 0 10 0 0 4 3 0 1 1 61 0 3 19 0 6 2 0 11 2 0 3 2 7 0 0 0 0 0 0 1 0 0 2 
2 8 0 0 1 0 1 0 0 6 0 0 10 0 0 1 1 41 1 3 33 0 4 0 13 1 1 0 6 1 42 1 113 3 0 19 17 100 5 0 1 2 1 2 3 6 1 0 4 2 0 1 0 26 91 0 2 1 1 3 0 9 0 0 
4 5 6 4 1 0 0 4 5 1 0 0 19 1 1 0 33 1 1 5 6 0 1 3 49 12 2 3 0 0 24 1 0 3 1 0 0 9 0 1 1 6 0 6 0 46 1 1 0 121 0 0 0 0 0 1 1 2 7 0 1 35 22 1 
1 1 4 0 18 0 0 0 3 1 16 0 13 15 11 0 1 92 0 3 1 0 0 8 6 2 0 0 20 0 0 11 1 0 0 1 9 0 5 0 9 1 0 24 6 2 31 2 2 1 4 8 1 2 7 0 9 0 10 1 4 1 36 0 
1 4 0 4 443 0 5 1 2 1 0 1 0 1 293 1 5 0 3 1 4 0 0 1 1 2 6 9 0 0 0 1 4 0 42 0 3 0 28 0 0 8 0 1 27 0 0 1 2 0 3 0 1 0 0 0 11 0 5 1 2 50 2 1 
35 0 3 4 0 2 0 0 7 11 1 0 15 2 2 0 9 42 0 0 0 1 0 86 3 0 5 0 4 8 2 24 1 0 0 0 11 1 1 0 2 7 0 7 2 2 36 0 7 0 0 6 1 2 22 3 2 0 0 2 3 0 23 1 
23 2 4 4 1 1 1 0 2 0 1 0 0 0 6 0 1 1 53 1 5 1 0 2 3 9 6 3 1 0 10 0 0 0 1 6 0 22 4 0 1 0 3 7 6 5 5 10 0 7 1 0 1 4 14 1 1 2 1 1 249 8 0 0 
0 0 9 0 7 8 2 0 0 2 20 6 6 0 5 6 2 0 8 4 1 1 3 0 1 31 0 8 5 0 12 1 6 0 1 1 1 0 2 2 0 3 6 0 3 3 1 2 1 1 0 2 0 26 1 0 1 31 0 0 7 0 13 0 
0 3 2 0 1 16 0 1 3 0 0 0 1 75 0 6 3 0 4 0 23 0 12 1 0 0 1 26 2 2 5 2 0 0 2 1 2 19 0 71 6 0 2 11 1 1 0 10 0 7 0 2 7 3 0 1 0 2 1 2 47 1 1 0 
0 2 20 0 16 58 0 0 7 2 4 1 0 2 0 1 0 0 1 1 0 0 0 34 1 0 8 8 0 7 13 8 0 1 1 0 0 0 0 216 1 1 3 0 0 0 10 10 1 0 8 0 8 0 2 0 8 2 10 6 4 4 0 0 
11 1 0 0 0 20 3 0 9 5 2 0 4 1 1 7 0 0 1 0 6 6 0 2 1 1 0 2 1 1 1 5 0 8 0 15 3 0 2 11 1 0 5 1 0 14 3 2 3 1 0 9 1 5 28 0 11 0 11 0 0 3 11 0 
1 0 2 0 0 0 1 0 10 28 1 0 15 0 1 8 0 0 6 0 4 1 0 0 1 6 28 13 9 1 2 2 0 11 23 33 0 1 2 2 0 4 0 1 6 0 12 0 7 2 1 8 0 8 2 1 1 0 2 0 0 0 11 1 
2 36 0 15 53 0 1 0 26 9 2 2 4 2 0 1 1 2 1 1 0 0 0 1 0 5 3 1 0 6 24 0 3 2 0 7 0 4 2 0 0 0 0 3 0 1 5 2 10 4 15 1 0 0 26 0 0 41 9 0 1 0 12 0 
0 2 0 32 0 0 0 10 2 0 0 8 0 0 0 57 7 8 7 1 0 16 88 0 0 1 5 0 0 19 4 0 19 0 1 1 3 0 5 3 6 0 1 37 0 0 9 21 2 0 2 4 3 4 3 1 2 1 1 0 7 1 3 3 
0 7 0 1 13 21 7 1 6 1 7 1 1 0 3 1 8 2 1 5 0 2 0 1 0 3 6 10 0 5 0 15 0 3 1 4 2 0 5 0 5 15 0 1 1 0 0 2 7 15 13 0 2 1 3 0 16 0 0 0 36 1 0 11 
6 10 4 0 0 23 3 10 0 0 2 1 8 19 1 1 96 59 27 6 0 12 7 0 3 1 7 5 1 2 1 0 5 6 28 0 1 0 2 0 11 0 2 3 0 1 1 0 0 36 19 1 0 9 1 0 0 1 7 1 23 0 35 2 
1 2 152 3 1 1 0 4 0 0 0 2 12 0 0 0 1 1 1 0 0 3 0 1 1 5 0 0 11 1 1 109 3 1 1 11 2 8 1 1 54 20 15 22 2 11 8 13 0 2 0 0 0 0 0 3 9 14 1 4 4 0 27 0 
1 0 0 2 0 7 0 3 7 3 36 6 0 27 2 6 3 1 0 8 21 0 9 0 1 13 2 0 2 72 0 134 0 14 0 0 0 18 1 1 1 0 1 0 0 5 0 25 0 4 1 0 1 4 0 3 26 1 1 5 9 1 4 0 
2 0 5 2 9 0 2 0 0 20 1 0 1 2 10 0 4 0 0 0 12 5 6 0 1 33 5 0 4 7 11 0 0 15 7 0 4 0 3 1 0 0 3 11 0 2 3 0 0 32 2 0 0 6 1 0 11 0 1 0 0 23 1 1 
2 5 4 2 0 4 0 1 0 0 0 0 174 61 7 0 0 0 6 0 113 0 6 1 2 0 12 0 2 1 0 1 1 4 15 7 16 1 1 0 8 0 202 1 1 2 17 6 1 36 0 3 1 1 7 0 2 2 22 0 1 1 7 6 
3 1 0 32 11 0 0 11 0 4 1 3 9 0 0 20 5 1 41 0 0 1 0 0 9 6 0 0 0 6 1 11 0 62 0 0 0 5 6 2 14 0 0 1 15 1 0 1 25 0 0 2 89 1 1 0 2 0 2 2 0 16 274 0 
24 1 4 10 14 0 0 6 3 0 4 0 0 0 11 1 0 1 2 0 6 0 7 2 12 1 0 0 1 4 0 2 0 0 0 4 0 1 3 2 6 0 2 0 2 2 1 0 0 0 11 1 3 1 6 0 2 0 0 0 2 5 0 8 
10 0 4 0 1 0 0 0 0 1 2 0 0 9 0 1 0 8 11 1 4 3 2 0 0 2 0 3 120 3 0 2 1 0 1 1 0 10 0 0 1 4 1 0 0 12 0 0 0 10 0 2 2 0 0 0 8 1 3 12 0 0 0 0 
3 2 0 1 3 0 3 0 0 3 8 0 0 0 0 1 2 1 0 12 7 0 11 1 1 0 0 0 0 7 8 0 0 0 3 2 1 0 0 6 0 6 2 1 1 2 7 1 0 8 1 11 0 0 0 5 8 0 7 0 1 11 2 6 
0 0 3 13 1 6 0 0 0 3 1 0 1 0 16 12 0 2 0 11 0 1 0 0 2 3 3 0 3 17 12 17 0 0 0 10 19 29 3 0 0 1 0 0 1 1 17 1 0 0 8 0 5 2 2 1 0 1 0 75 1 10 2 0 
1 6 0 1 1 0 5 24 7 0 16 0 5 2 4 0 0 1 1 0 0 1 1 0 18 0 22 3 26 1 1 17 1 0 2 9 7 6 0 1 2 1 1 0 1 0 1 3 0 11 0 1 8 4 0 1 0 4 5 0 1 3 14 0 
4 2 10 0 0 15 6 6 0 1 0 1 6 0 2 0 8 11 10 3 0 0 1 1 1 31 10 3 1 69 5 0 1 1 5 6 1 5 1 78 0 4 2 1 9 1 100 2 11 3 4 0 0 0 3 2 0 0 20 0 0 24 0 2 
0 81 0 1 0 1 2 0 0 1 8 116 20 0 0 0 0 0 1 10 0 9 0 7 2 7 0 7 0 5 2 0 0 6 7 4 1 0 0 1 9 2 18 1 5 2 2 5 0 1 7 0 5 0 0 1 10 86 2 1 25 30 0 0 
0 0 7 204 0 0 2 1 4 37 1 1 0 2 1 4 2 0 0 1 1 4 0 0 10 6 2 143 1 1 0 3 7 1 3 206 1 1 0 15 2 0 0 0 1 5 0 1 0 1 0 0 1 2 1 1 26 3 0 5 0 4 17 0 
0 2 1 5 0 7 12 0 2 1 0 1 0 0 1 8 4 1 2 2 0 51 2 0 0 0 0 0 0 0 0 5 0 2 0 0 3 6 14 1 1 0 18 5 1 2 9 5 0 0 1 2 1 1 1 5 7 1 5 0 7 0 2 9 
2 1 119 9 1 4 0 4 4 7 163 1 9 1 0 0 7 0 0 4 0 4 2 1 0 1 4 1 1 2 1 0 0 1 51 1 17 0 1 0 5 0 3 1 0 8 1 3 4 1 17 0 0 5 1 11 6 6 1 20 2 2 2 0 
2 4 0 1 2 2 81 0 2 0 0 0 1 0 0 218 2 0 4 0 0 2 3 0 2 0 8 0 14 2 5 28 1 0 20 1 2 3 1 9 2 0 0 1 0 3 1 1 1 4 4 0 103 5 0 63 0 0 24 0 0 0 0 4 
12 1 2 27 2 1 0 22 1 2 1 32 0 15 6 1 0 0 4 1 1 1 8 1 9 0 1 7 5 0 1 1 3 3 0 7 5 0 1 6 35 0 0 15 7 1 9 2 8 7 33 22 1 3 11 0 0 1 1 0 1 0 1 0 
1 0 15 1 13 1 0 5 1 4 86 2 0 5 0 0 2 1 1 0 0 3 11 5 12 0 0 0 2 0 4 0 0 5 1 3 0 6 0 2 0 1 115 1 2 4 0 0 2 2 1 0 2 8 3 0 37 0 5 25 0 1 12 0 
0 5 13 1 3 0 0 3 0 4 0 0 2 1 72 1 1 0 3 1 10 1 56 1 3 1 1 16 11 6 6 0 0 4 2 3 0 1 0 2 5 0 4 1 7 82 6 8 0 0 0 0 58 1 0 11 0 0 4 0 0 86 1 4 
0 11 4 1 1 9 28 1 5 0 4 7 0 0 9 0 5 5 8 2 4 1 34 1 0 4 1 23 73 0 0 1 1 5 0 1 0 2 0 8 0 9 1 7 0 3 6 1 1 5 33 1 0 4 0 0 17 1 0 0 7 3 0 52 
1 0 10 9 3 2 0 0 42 1 0 1 35 1 3 2 7 13 33 4 1 9 0 9 3 7 0 1 17 4 0 0 3 1 2 0 0 1 1 2 0 1 1 4 6 2 0 0 1 9 5 0 28 0 0 8 0 1 4 2 0 1 0 0 
1 18 0 29 3 0 2 1 1 1 6 5 3 0 49 2 1 4 2 4 0 1 0 2 1 1 2 1 1 0 42 1 4 1 15 28 0 7 0 5 1 0 0 0 3 3 0 3 2 7 1 4 17 54 1 2 0 1 3 1 0 1 4 1 
2 4 0 17 2 2 1 0 1 0 9 6 0 0 0 0 6 8 2 10 17 1 0 1 0 8 7 2 4 0 1 2 6 2 0 1 0 1 1 0 5 0 0 6 63 6 7 13 0 0 0 7 4 0 0 7 1 27 4 0 0 1 0 0 
2 1 1 2 1 1 3 1 2 2 0 7 1 14 1 16 10 14 1 1 5 0 1 0 1 1 2 2 3 24 0 13 0 3 4 4 5 0 0 0 2 1 5 4 1 0 1 1 5 0 12 21 0 0 1 9 0 1 2 0 0 11 1 0 
8 0 5 1 13 8 1 1 1 6 2 0 1 2 15 36 14 8 1 39 1 3 29 0 1 8 0 1 29 0 0 0 168 0 0 0 1 3 3 10 0 0 4 8 10 0 1 14 2 1 3 0 4 3 1 63 1 3 1 8 0 5 20 0 
4 38 2 5 1 0 1 0 0 4 25 0 10 1 1 27 1 0 1 0 6 11 24 1 12 0 6 2 2 1 14 0 0 2 1 0 2 0 5 1 7 0 4 1 24 5 4 1 24 2 0 0 4 1 10 0 9 2 0 0 3 0 1 0 
0 5 0 3 4 2 0 5 1 0 0 0 0 0 2 6 0 5 1 3 57 0 0 10 1 0 2 0 0 5 2 11 0 22 2 1 0 3 5 1 1 1 31 32 0 0 1 1 1 8 5 0 1 9 1 26 5 1 3 1 13 0 2 0 
0 7 5 3 0 1 72 3 0 0 1 0 2 3 0 43 2 2 7 2 0 3 1 12 0 1 13 2 0 1 79 3 13 22 0 7 10 0 10 17 0 0 8 2 0 4 0 7 0 1 0 0 0 0 3 23 5 18 0 7 0 0 40 0 
8 11 1 1 18 1 2 0 2 0 17 1 1 0 0 2 0 3 0 0 12 3 1 0 1 17 13 2 2 25 2 15 0 11 1 2 0 0 0 1 22 1 3 6 0 1 4 8 0 1 8 0 10 6 0 0 3 0 1 0 6 7 9 6 
1 1 0 0 6 1 1 5 9 0 3 9 0 0 0 30 0 2 0 0 0 1 0 2 0 3 0 20 1 1 3 0 11 2 2 1 13 4 20 2 1 3 6 1 2 1 0 0 0 2 8 1 1 2 5 1 23 0 1 1 0 0 10 1 
0 0 2 0 0 10 0 102 4 1 0 6 4 140 0 27 1 1 0 1 1 0 0 0 0 3 12 0 8 1 1 2 3 0 6 0 13 1 24 5 99 0 8 0 50 34 0 59 2 7 6 6 1 1 10 1 15 7 0 2 3 0 0 19 
0 0 6 237 0 2 0 2 7 0 0 1 0 1 7 0 0 0 2 19 3 0 0 25 0 0 22 8 2 0 8 29 2 7 0 0 8 13 2 0 27 0 1 67 0 4 15 1 1 9 5 2 0 0 4 2 1 0 3 2 4 0 2 0 
0 1 0 4 9 0 0 4 3 2 0 1 213 16 0 0 1 0 0 3 11 1 28 6 7 0 1 2 0 0 2 1 1 1 1 4 1 7 0 4 26 0 2 2 0 0 0 0 0 0 2 1 1 0 21 38 4 0 0 32 9 1 0 16 
0 6 0 1 0 13 0 1 0 1 2 8 1 2 4 1 1 0 1 20 0 1 0 2 1 2 0 11 2 0 1 2 0 1 22 1 3 23 1 2 4 18 0 1 7 0 2 0 33 3 1 0 1 1 0 6 5 92 5 0 0 6 0 5 
7 0 1 1 1 1 0 0 2 0 0 25 0 69 0 0 27 18 0 0 47 27 0 0 7 2 1 26 1 2 3 2 3 1 1 10 1 0 3 3 3 11 1 2 6 1 19 0 2 3 2 1 7 1 1 0 2 6 2 0 0 0 1 0 
0 0 11 1 33 1 3 0 25 0 5 0 99 14 0 1 0 2 20 0 10 4 1 8 1 8 1 1 1 0 3 0 0 0 1 1 30 0 4 5 2 13 8 0 1 2 1 1 1 11 1 54 6 0 29 4 0 0 0 6 4 3 0 7 
24 4 0 5 1 0 17 10 2 1 1 2 0 7 1 0 7 0 1 0 0 3 4 7 0 5 3 0 6 1 0 0 3 0 2 0 1 5 16 2 3 0 43 0 4 3 97 0 0 1 3 14 8 0 1 6 2 2 0 0 4 1 2 0 
1 0 7 0 2 21 41 3 32 0 12 5 2 0 2 0 3 2 53 58 13 5 11 0 5 0 0 0 1 5 2 1 0 1 1 6 1 0 0 1 1 0 4 9 9 1 0 0 9 1 0 0 2 5 1 9 3 0 3 3 0 1 2 18 
0 1 0 0 23 6 1 2 2 0 0 10 0 8 0 1 9 1 5 0 0 15 31 2 9 15 21 1 8 1 2 0 1 3 10 0 5 2 0 0 0 0 0 2 0 1 3 14 0 172 1 0 1 2 0 6 1 1 8 6 6 0 1 2 
1 259 2 24 1 17 2 1 0 0 0 0 0 2 2 0 0 1 0 0 1 23 0 1 2 0 2 0 0 1 6 53 29 0 0 2 0 5 0 68 1 2 0 122 1 0 2 0 1 2 0 1 5 0 0 0 1 4 0 1 1 24 0 0 
2 0 0 5 31 1 0 15 0 0 0 20 15 8 1 42 3 1 1 0 0 0 3 1 2 29 4 9 0 6 0 1 2 27 0 1 45 0 10 8 3 3 1 0 1 4 1 0 4 155 1 0 1 8 2 1 0 17 0 3 0 0 0 0 
0 3 1 2 1 0 0 7 1 2 55 7 4 117 6 0 1 1 2 0 2 3 1 1 1224 9 1 5 6 4 0 1 0 0 0 0 0 18 0 32 0 0 60 1 5 0 8 1 10 6 0 0 96 2 1 0 0 2 2 3 2 0 1 1 
8 7 24 2 3 6 1 10 34 0 7 1 0 0 1 0 1 1 1 11 0 1 22 11 10 2 9 1 1 0 6 0 1 0 2 0 0 11 1 3 2 9 0 0 0 0 63 4 9 4 1 1 4 78 0 0 5 2 4 17 5 8 2 1 
0 2 11 3 0 4 7 1 1 1 2 2 27 18 1 0 2 7 1 21 5 0 1 0 28 0 9 5 0 1 2 0 0 0 0 6 0 0 0 2 0 4 0 0 11 14 0 0 200 9 1 13 3 1 1 2 1 5 2 0 5 4 5 0 
1 0 3 9 100 5 20 1876 8 189 3 1 57 0 0 21 2 0 25 0 3 14 1 85 1 1 1 0 2 1 1 3 1 1 0 2 8 1 2 64 3 1 1 44 6 0 5 41 1 1 0 5 1 0 7 11 0 1 0 0 0 1 1 0 
1 2 4 6 0 10 0 3 0 0 0 16 21 3 0 1 0 0 0 0 0 4 1 3 12 0 1 2 2 10 4 1 2 4 2 7 29 2 0 2 1 1 5 1 0 4 6 0 8 1 1 6 2 0 0 3 0 20 4 0 3 0 1 0 
0 0 0 17 4 1 15 19 0 26 0 37 0 0 1 9 0 0 14 0 6 2 0 1 0 4 0 23 9 6 2 9 1 2 1 13 0 3 9 2 1 0 123 1 0 0 1 70 0 0 15 2 15 0 0 35 0 0 6 36 0 5 2 7 
0 3 0 10 0 9 1 1 0 1 1 0 2 15 2 5 1 2 0 1 1 2 0 1 3 0 0 0 1 9 4 1 2 4 0 1 1 2 1 2 14 1 0 5 49 37 1 8 6 11 0 0 1 0 1 0 0 8 28 16 2 98 5 0 
2 0 0 12 1 0 65 0 2 4 54 2 4 3 0 3 24 1 0 0 5 0 0 31 0 2 4 2 4 2 2 2 0 8 1 17 3 68 0 1 1 3 0 12 11 18 4 0 16 2 1 1 1 8 4 6 0 10 0 4 0 0 2 11 
0 9 1 1 1 0 2 19 18 0 7 1 7 3 7 3 0 0 0 3 0 11 1 0 2 9 0 12 0 0 31 1 4 0 1 4 2 43 6 2 3 1 3 0 3 1 0 3 30 5 0 11 1 8 1 34 4 1 0 2 9 12 0 1 
1 0 7 1 79 0 207 0 0 1 1 1 137 0 0 2 3 0 4 1 2 0 6 1 1 6 0 0 2 2 3 10 6 1 8 1 1 3 3 11 1 5 0 6 1 1 0 5 3 9 2 0 3 7 1 54 71 5 2 1 1 5 14 1 
1 1 3 2 3 0 7 1 0 0 3 17 0 4 1 0 10 0 10 32 3 0 119 2 11 2 11 4 2 5 0 0 1 39 5 4 12 3 51 9 0 0 1 0 9 0 5 1 4 20 0 3 0 1 0 8 5 10 1 0 10 3 1 0 
70 2 9 0 0 0 0 0 2 4 5 0 106 4 53 1 2 0 0 1 4 9 1 7 1 4 23 6 0 1 148 0 25 4 0 1 3 1 17 1 1 43 2 0 1 0 0 9 2 2 1 7 3 367 0 0 3 0 1 1 1 15 4 0 
1 0 15 57 0 5 1 1 61 1 4 0 13 0 2 1 0 0 3 3 1 0 0 12 2 0 0 8 6 14 0 0 3 3 3 0 0 3 23 3 0 0 17 4 2 10 47 0 1 2 0 1 0 1 0 2 0 0 4 0 0 10 11 4 
0 8 2 6 6 8 92 30 14 3 3 0 0 1 0 0 6 0 1 4 0 18 15 23 0 6 0 14 4 5 0 25 0 2 29 0 2 5 50 1 0 2 1 1 0 0 7 4 0 8 6 2 11 0 6 6 0 2 0 8 2 2 0 6 
2 2 0 1 0 1 12 1 2 0 0 2 21 2 0 0 1 10 2 0 4 0 0 1 0 1 10 0 5 1 0 0 1 0 1 3 1 0 6 83 1 0 0 0 2 0 2 1 0 1 0 1 4 0 7 1 1 26 7 10 5 0 1 0 
2 0 1 1 0 0 5 0 0 11 10 1 1 4 9 3 3 4 6 0 0 2 1 0 6 1 0 3 0 2 2 1 6 3 1 0 0 0 0 37 1 0 2 1 25 0 2 0 0 0 3 42 1 0 0 0 2 1 1 1 1 4 1 5 
0 13 3 3 94 1 0 0 9 0 5 2 0 6 5 5 0 7 16 0 1 1 2 4 1 0 1 1 0 27 0 1 1 0 6 16 3 3 0 9 0 0 1 6 27 8 0 0 1 1 1 1 6 1 3 9 1 0 7 3 0 2 1 1 
7 2 0 58 8 0 3 6 7 0 2 0 0 0 5 637 0 4 3 0 2 0 2 1 12 11 12 0 13 3 9 1 0 1 23 0 82 8 0 3 37 4 4 0 0 3 1 2 0 0 0 1 3 0 5 2 0 70 16 14 3 1 0 5 
2 0 4 4 0 0 2 367 4 33 0 1 12 3 1 1 10 1 0 25 0 1 8 1 1 2 0 2 3 3 82 1 0 11 0 0 4 192 1 1 11 25 0 6 0 6 2 0 1 4 1 0 0 0 1 0 4 7 86 1 0 0 0 5 
5 4 0 1 9 0 0 1 17 4 3 0 4 5 0 1 0 21 0 27 3 0 1 0 14 0 9 1 0 7 0 1 0 5 1 2 0 2 3 3 2 1 0 2 0 4 1 4 9 1 2 1 15 0 0 2 0 0 0 5 1 0 1 9 
0 2 1 5 3 0 7 6 5 0 24 11 0 0 0 2 6 4 5 0 0 8 6 8 3 0 0 0 0 0 1 4 4 0 2 1 0 1 0 0 0 0 1 0 3 1 0 1 2 1 194 1 0 0 6 4 9 15 0 0 1 1 0 2 
1 0 3 4 0 0 15 0 6 0 4 4 0 6 0 0 4 0 0 0 4 0 1 0 133 42 0 0 0 0 21 4 10 2 3 0 0 1 18 0 3 0 2 13 7 3 2 9 10 11 0 2 0 6 1 4 2 78 0 7 1 5 0 0 
50 3 0 1 0 17 1 3 2 0 0 1 7 0 0 0 1 1 2 1 1 4 0 0 0 0 0 0 2 0 5 0 2 0 2 2 1 5 0 2 0 1 0 1 4 0 20 0 11 0 0 0 13 0 7 14 5 21 2 0 1 2 0 0 
3 0 2 0 9 3 1 1 14 0 2 0 16 0 0 9 3 1 0 1 0 29 34 2 2 7 1 0 0 0 0 1 0 7 2 1 36 7 0 4 4 1 5 9 0 17 1 1 3 1 1 3 0 2 3 4 4 3 22 0 0 0 12 3 
1 1 8 5 27 1 0 7 1 0 1 7 27 53 0 1 0 1 0 1 11 0 3 1 1 196 16 0 0 2 12 0 0 9 9 96 10 2 2 8 11 0 13 3 0 1 2 1 0 16 14 0 0 0 0 0 3 4 15 0 2 2 9 1 
1 0 9 7 3 1 0 2 7 0 22 2 25 3 1 7 3 0 2 0 2 0 0 0 0 3 3 1 0 4 0 14 1 0 7 5 0 1 17 39 3 0 1 2 2 22 2 0 0 1 2 4 35 0 12 0 0 44 3 7 0 0 2 31 
0 6 1 7 0 0 3 0 4 0 0 0 2 6 3 7 0 6 1 2 0 86 0 8 2 2 2 1 3 1 0 1 1 2 0 0 0 1 10 8 0 2 2 1 5 5 2 16 5 1 0 1 3 1 1 2 37 0 1 8 7 0 19 1 
2 0 0 1 1 0 0 4 6 5 0 1 4 1 6 0 13 2 0 3 7 10 1 0 12 73 0 0 0 24 0 27 1 2 0 4 14 0 0 11 0 0 0 0 0 7 0 3 2 1 0 1 2 2 9 1 81 1 0 50 2 10 0 5 
7 0 141 2 0 14 0 14 2 6 1 1 3 1 4 0 0 0 0 1 2 0 6 0 34 1 0 0 0 0 0 5 0 56 6 13 0 5 1 1 13 1 17 5 11 1 0 6 3 3 0 3 2 4 1 0 1 1 5 18 2 2 1 149 
4 0 6 0 123 0 2 0 0 3 0 2 113 0 3 0 0 1 2 8 0 9 0 0 1 1 4 8 5 0 2 6 1 0 0 4 7 5 6 0 0 0 2 0 1 2 14 1 1 45 18 1 15 14 0 15 0 1 5 2 0 21 15 2 
0 14 1 2 1 0 6 1 2 0 3 0 2 2 0 6 0 0 2 24 0 2 8 0 4 0 16 4 14 0 7 0 1 0 1 7 4 0 96 2 0 1 8 3 0 11 0 8 2 14 0 1 1 6 0 6 9 0 0 2 0 0 3 1 
3 0 2 0 9 1 0 1 2 6 5 13 0 2 0 1 0 0 4 0 4 0 24 1 0 5 1 17 1 0 0 1 2 108 0 1 10 17 0 3 0 0 1 8 2 0 0 0 7 23 2 23 0 3 5 1 21 0 22 10 7 2 2 0 
0 1 5 0 3 10 0 0 0 2 2 2 0 0 20 4 0 15 0 2 3 2 0 0 0 1 12 1 74 0 0 1 1 1 80 14 1 0 0 1 12 8 2 1 2 0 4 7 0 3 2 1 7 0 2 25 0 1 0 14 1 6 2 6 
0 5 0 1 0 2 12 2 2 8 2 0 6 0 0 0 4 0 0 1 7 2 17 29 1 11 3 13 2 3 1 0 15 2 0 0 2 1 3 1 9 12 26 7 0 0 1 4 0 0 7 6 1 0 0 1 0 57 0 1 35 0 1 21 
1 15 4 1 23 0 0 16 28 0 0 0 0 0 18 0 1 0 11 2 2 6 3 15 0 17 2 0 0 6 0 0 12 1 0 3 2 2 1 0 9 0 3 30 0 5 0 1 6 0 0 23 1 0 4 7 0 9 32 6 0 0 0 48 
1 0 8 18 12 0 0 10 6 0 2 1 0 1 11 2 0 0 0 8 0 1 3 0 2 1 0 0 0 1 0 44 5 0 0 1 3 4 1 1 5 15 4 0 5 2 1 1 2 1 2 14 18 3 0 2 16 0 0 1 0 0 4 0 
0 5 23 3 2 0 0 0 30 41 0 2 1 1 1 1 2 17 20 1 1 0 0 0 3 1 0 5 9 3 0 0 24 2 1 5 3 0 0 0 9 2 1 1 0 0 0 0 1 7 7 554 1 0 3 0 2 0 2 2 0 3 31 0 
1 0 2 12 0 1 2 0 3 0 0 1 18 7 1 0 0 10 2 0 87 1 1 2 0 32 2 3 2 4 4 21 0 0 23 0 2 0 1 15 2 1 2 2 2 11 0 2 3 0 1 1 17 1 1 0 107 1 5 0 1 25 3 0 
10 0 0 3 18 0 3 1 2 0 5 19 8 1 1 145 1 38 5 3 0 1 2 0 4 2 1 1 3 2 2 1 45 3 3 6 1 7 0 2 0 0 2 60 1 1 10 2 1 0 1 0 3 0 0 2 0 5 1 5 1 0 4 5 
2 0 0 0 16 1 5 0 0 1 24 1 34 10 0 0 0 0 38 4 8 3 0 13 0 9 2 1 1 0 0 1 0 0 1 6 0 2 7 3 2 0 2 2 1 4 5 1 1 0 36 1 0 0 0 0 2 4 1 0 0 6 1 1 
5 1 3 10 0 0 0 0 0 16 2 1 0 0 0 1 7 1 3 2 2 0 1 2 1 1 6 22 1 3 0 2 9 0 2 3 0 16 3 9 9 0 0 0 13 2 0 0 0 0 0 5 0 0 0 1 1 1 2 21 15 0 0 1 
2 0 1 3 3 0 0 0 1 9 0 3 12 9 47 3 9 0 3 1 8 2 10 2 10 3 1 1 10 14 1 0 0 0 0 9 4 2 4 1 0 0 5 6 9 5 11 0 16 1 1 0 65 0 348 1 2 14 2 1 0 7 0 0 
0 14 1 4 7 0 0 1 4 1 0 2 1 2 2 33 6 1 0 6 0 16 7 2 1 0 8 1 10 2 28 210 0 1 0 5 1 8 0 0 2 4 5 3 24 1 388 20 7 6 41 4 1 2 16 0 0 0 0 3 4 0 3 0 
0 1 6 1 10 7 1 0 2 14 0 0 0 1 2 0 0 8 0 1 0 0 37 0 7 2 2 8 8 4 0 16 3 1 0 23 2 3 5 0 1 0 0 0 5 10 1 2 1 40 1 1 1 0 4 4 0 1 2 0 1 0 0 0 
10 0 0 6 0 0 13 9 4 0 0 1 2 0 117 1 0 8 1 9 0 0 4 0 2 0 0 0 1 2 12 19 1 5 23 3 0 3 13 2 0 0 1 1 20 0 0 0 1 2 0 1 20 2 13 0 3 0 5 0 0 0 1 19 
9 0 4 0 24 11 1 0 28 44 0 23 1 34 0 42 5 8 8 0 3 0 3 0 0 0 161 2 13 1 0 0 18 5 0 0 2 0 0 4 15 0 1 3 0 1 6 19 1 34 5 0 7 1 2 2 0 16 0 2 42 0 20 1 
1 0 1 2 0 1 2 0 1 0 0 0 1 3 1 0 15 2 18 3 0 1 5 90 0 0 4 37 0 4 1 3 0 0 13 1 0 0 1 7 0 1 43 0 0 0 0 36 0 11 0 7 1 21 5 2 0 1 0 0 0 8 1 3 
0 5 1 1 0 1 17 0 5 2 0 1 1 0 1 0 8 0 0 3 0 14 207 0 2 16 18 1 7 10 5 333 1 5 2 0 1 9 29 1 0 0 2 1 2 0 7 30 0 0 0 2 4 1 1 6 1 8 1 3 1 2 1 0 
0 1 0 0 1 12 0 2 3 4 2 5 3 1 4 1 4 1 1 5 0 8 0 40 30 11 3 12 2 10 5 0 0 1 22 2 0 0 1 1 1 45 1 2 2 39 1 10 1 9 1 5 4 4 0 0 8 0 1 7 22 0 0 0 
1 1 2 1 20 19 5 1 0 4 15 0 0 1 10 0 17 0 0 2 0 4 0 3 22 1 0 21 0 0 5 5 1 0 7 0 0 1 0 0 1 1 7 1 1 5 0 1 11 3 12 0 6 1 50 0 10 0 0 3 0 0 0 0 
17 0 1 2 12 0 6 2 2 0 0 0 2 2 2 5 2 0 3 12 8 0 4 1 9 1 0 5 5 2 11 50 2 83 4 0 5 1 4 0 22 1 9 2 24 1 4 0 13 0 0 0 0 1 28 0 17 1 24 11 0 8 1 1 
0 0 1 0 6 4 21 1 1 13 4 0 4 1 0 0 1 0 0 18 22 1 0 0 0 2 0 3 0 3 0 24 5 1 2 1 105 22 0 38 0 1 27 11 6 3 0 1 0 43 16 39 1 2 3 0 22 1 0 0 0 2 0 0 
3 1 4 3 0 35 0 1 1 2 1 2 4 1 1 0 0 0 4 0 0 0 0 0 3 0 7 4 2 35 16 0 1 7 39 2 7 1 0 4 0 1 20 116 2 0 41 6 0 0 0 15 1 0 0 0 1 2 1 2 1 5 0 11 
0 0 2 0 0 17 3 2 0 0 0 10 0 8 13 0 7 4 1 0 9 0 0 22 1 0 6 0 1 11 2 1 0 1 5 1 5 0 1 1 0 1 3 0 0 1 8 1 0 4 0 6 6 0 2 1 0 1 9 0 9 4 23 0 
1 5 0 0 29 1 10 11 1 6 1 2 0 4 0 0 16 9 89 5 0 8 0 0 8 0 0 6 1 0 3 0 5 5 6 1 0 40 3 0 0 0 4 0 0 5 6 3 0 19 0 7 2 10 1 0 3 0 5 0 0 1 3 2 
1 0 2 5 1 13 2 2 5 4 0 0 0 2 5 1 0 2 2 0 0 0 6 0 3 0 6 0 1 1 2 3 0 4 2 1 0 12 12 12 1 1 1 0 7 1 4 26 7 10 3 2 0 2 0 0 6 49 1 0 0 6 25 7 
1 2 5 0 2 0 17 6 2 1 9 53 1 1 0 0 1 0 13 47 0 2 0 0 1 0 1 3 5 0 0 15 0 0 11 2 0 0 46 1 12 2 0 8 1 0 1 2 0 8 0 0 1 2 0 2 3 16 0 0 1 1 0 1 
0 6 0 0 2 0 2 5 0 0 3 2 1 9 0 4 0 1 0 0 5 1 0 2 0 5 5 3 7 0 45 0 2 1 6 4 2 0 2 0 0 1 0 2 35 0 1 0 3 0 0 0 23 3 0 4 0 1 5 0 15 2 8 0 
0 0 0 0 0 3 0 2 0 0 1 5 0 0 5 65 1 0 159 88 4 3 9 0 2 0 34 1 2 4 0 18 7 0 2 0 5 4 0 6 2 3 1 2 0 1 0 2 5 1 6 0 20 19 0 0 33 1 1 0 5 30 8 0 
0 1 0 3 3 0 1 31 4 0 8 0 0 1 5 2 0 12 5 0 6 0 1 0 16 0 0 2 4 2 6 6 3 3 10 1 11 11 1 0 1 2 0 2 0 1 9 5 2 0 4 0 0 0 1 30 0 0 3 0 1 10 0 0 
7 11 3 0 0 2 0 0 0 1 1 2 1 10 1 1 0 0 1 0 1 0 200 5 1 1 0 0 2 0 3 1 0 0 0 1 1 1 27 1 12 2 5 0 9 3 0 3 6 1 1 4 12 0 0 8 1 1 0 1 1 0 0 0 
1 3 0 1 0 77 1 6 4 0 2 5 14 0 0 4 12 2 3 1 48 0 3 24 1 0 14 0 3 32 2 1 5 8 7 12 1 6 8 4 11 11 6 0 1 10 1 1 4 8 2 0 4 0 0 0 2 1 4 1 3 1 0 0 
1 0 0 1 0 1 4 0 2 0 0 19 6 5 1 1 4 1 4 3 5 1 3 0 1 2 0 7 1 14 1 1 4 8 6 7 5 12 4 12 0 21 0 2 1 6 50 0 0 1 0 0 6 1 2 1 86 1 1 5 4 1 6 0 
0 0 11 1 1 2 0 0 1 3 6 1 1 0 6 1 0 2 1 0 2 3 14 2 8 2 1 42 1 1 0 1 7 3 0 0 8 1 1 0 22 1 1 0 3 91 2 0 0 0 1 0 1 3 0 5 2 0 0 1 8 2 1 0 
22 0 2 0 0 45 0 0 0 0 0 0 0 6 0 0 8 0 23 1 0 50 0 62 16 2 0 1 1 7 0 2 1 0 0 3 1 6 0 1 0 0 2 20 0 15 0 5 1 0 1 7 0 1 2 1 0 24 3 1 0 1 0 157 
2 3 2 1 0 0 0 2 11 2 1 6 8 9 5 1 0 15 1 3 0 0 7 0 2 12 1 15 2 0 0 0 1 8 1 0 14 18 0 9 0 0 0 10 2 3 2 4 12 7 3 1 11 46 0 4 1 1 0 0 1 1 0 273 
4 3 14 1 4 0 0 7 7 2 13 6 0 3 0 8 1 1 0 3 0 18 0 13 0 0 0 2 18 0 3 1 1 0 3 17 6 0 1 71 11 27 0 5 16 0 4 10 0 3 0 7 0 1 0 1 9 3 8 0 2 1 2 3 
20 6 8 0 58 19 0 0 1 0 1 13 0 0 2 0 2 0 4 14 0 1 0 0 4 6 4 2 7 2 2 1 0 1 0 1 1 1 0 191 93 0 0 1 1 30 1 30 1 4 0 1 0 8 1 3 2 4 0 0 1 9 4 0 
1 1 0 0 7 0 1 46 1 10 0 6 1 17 0 0 1 1 3 5 2 0 1 0 2 5 1 7 0 0 0 4 0 14 1 0 3 7 245 0 2 0 1 6 4 3 1 0 13 1 0 4 0 1 0 2 18 0 0 5 0 3 0 1 
1 7 3 1 0 18 1 1 0 0 0 3 0 10 0 1 1 0 0 66 20 2 2 4 0 1 49 0 1 1 18 1 0 41 0 5 1 4 0 0 83 1 2 2 0 1 0 0 18 5 2 0 0 7 1 4 1 0 0 1 20 12 6 0 
12 7 47 50 0 2 3 1 3 0 1 2 4 0 0 0 34 1 3 4 2 1 114 27 2 0 4 6 3 11 0 0 1 24 1 4 0 1 2 0 0 0 5 1 0 1 0 5 2 0 2 0 30 90 0 5 0 2 7 0 0 0 66 0 
1 18 2 4 1 1 1 2 38 0 9 0 9 2 2 1 28 13 0 3 0 1 2 2 22 1 1 0 2 5 0 3 43 102 0 11 1 0 0 0 3 15 0 1 0 7 0 0 35 7 1 4 0 14 13 0 0 2 0 0 1 0 20 0 
0 0 14 3 4 0 3 2 2 0 0 0 1 0 4 4 3 0 2 0 18 0 0 2 0 0 2 0 15 4 0 27 16 5 0 1 2 2 3 6 5 5 1 1 0 0 0 0 1 13 0 4 0 0 0 0 0 1 31 1 7 0 0 0 
16 8 2 0 7 2 1 0 0 12 1 0 19 3 4 33 0 0 32 5 0 21 0 5 0 0 0 3 1 6 51 1 2 0 7 0 2 0 0 1 3 0 10 8 2 1 1 0 12 13 3 1 26 20 1 3 0 6 0 3 0 3 2 1 
6 0 10 0 1 3 0 23 6 3 0 3 0 1 7 1 2 24 2 0 0 1 0 0 0 13 4 1 27 1 4 16 1 0 1 22 2 14 0 3 2 0 1 0 2 0 0 0 1 9 0 0 4 0 0 0 21 0 0 1 2 1 3 0 
0 1 1 13 3 1 4 58 6 1 0 11 25 9 0 1 0 36 2 3 0 2 9 1 2 16 1 4 8 1 0 3 1 104 0 1 0 0 0 2 0 3 0 2 0 0 0 0 3 2 1 5 0 1 0 3 13 0 56 0 12 0 2 0 
7 12 4 11 0 28 5 4 25 2 0 1 0 1 1 9 0 1 8 5 5 0 5 0 5 0 0 3 18 1 0 4 1 0 3 1 6 0 0 0 1 13 11 3 4 0 6 6 1 0 22 5 12 0 2 7 0 4 16 1 0 0 1 14 
4 148 6 3 0 0 0 16 0 1 6 8 23 0 1 1 6 0 6 2 17 1 0 0 1 0 0 0 1 0 1 1 1 38 2 21 1 0 0 0 0 1 2 1 0 2 1 0 14 13 17 0 2 2 5 2 14 0 18 0 6 1 0 12 
0 0 3 1 0 1 19 79 6 191 3 0 3 0 0 0 1 4 0 0 1 15 0 1 1 5 1 1 6 2 0 1 0 0 6 2 31 17 0 1 11 8 60 10 1 1 27 16 1 10 0 6 4 13 60 1 11 1 1 3 0 3 7 2 
0 0 21 6 1 0 12 0 2 0 3 1 0 1 10 0 197 0 1 0 96 0 2 2 1 10 21 0 1 6 19 1 40 0 3 1 1 0 0 0 2 1 0 3 1 3 0 1 9 0 26 1 0 2 0 5 2 1 0 0 0 0 8 0 
2 1 19 0 0 3 0 0 7 0 0 0 8 1 1 106 0 1 0 1 3 21 0 0 12 2 0 0 96 47 0 3 0 4 0 4 0 1 0 2 0 0 5 3 0 1 7 6 0 0 5 0 12 19 0 0 2 0 11 7 1 6 0 0 
0 7 13 0 1 0 1 3 1 1 0 4 1 1 71 3 2 2 0 0 1 4 12 1 0 0 0 0 3 0 0 3 18 3 2 2 2 4 3 0 0 0 18 0 2 7 0 3 3 6 4 0 9 0 2 3 12 7 5 40 2 1 1 3 
1 1 20 0 3 3 4 105 0 2 8 1 17 0 0 0 1 1 1 1 5 0 0 0 6 2 0 2 2 16 0 13 0 0 2 0 1 0 0 2 0 3 0 4 0 41 0 1 3 1 1 12 5 11 3 27 98 18 2 1 1 3 5 0 
2 5 0 5 1 1 20 1 0 0 0 1 3 1 7 1 2 5 1 11 2 2 166 0 0 0 22 12 0 3 0 5 3 2 5 0 1 0 10 1 0 27 36 1 8 1 2 2 1 1 0 15 62 0 229 3 0 2 34 6 2 2 61 0 
1 0 2 34 2 1 1 0 1 0 16 2 17 6 2 3 1 8 0 2 0 1 6 0 1 0 2 0 138 0 1 0 0 1 9 2 0 0 3 0 0 5 6 2 4 0 0 1 6 0 0 2 0 1 0 1 2 0 7 6 6 2 3 7 
1 0 0 0 2 3 2 0 1 0 3 1 1 1 3 2 0 9 1 0 0 1 0 0 1 10 6 2 9 1 0 4 0 1 0 10 1 1 4 0 0 2 6 0 0 0 2 0 0 0 47 7 1 61 2 4 0 5 3 2 0 15 1 4 
3 0 0 0 3 1 1 0 4 5 1 4 5 4 0 2 1 32 0 0 0 3 5 12 27 0 0 0 1 0 3 0 1 3 0 0 47 1 3 1 2 0 0 2 0 8 2 0 5 1 2 0 3 0 8 0 3 0 0 11 0 0 4 1 
2 9 0 1 0 36 5 0 0 13 0 0 2 0 0 6 10 71 0 3 4 3 4 1 2 10 0 1 0 1 30 5 0 0 0 3 2 1 8 1 8 1 0 1 0 5 13 3 0 0 1 6 7 0 1 61 1 5 0 0 4 4 3 0 
1 10 0 1 11 1 2 7 0 7 1 166 1 26 1 209 11 0 0 0 1 8 2 0 0 7 0 1 8 1 0 0 0 1 1 0 3 6 0 0 7 6 17 2 25 5 0 0 1 2 0 0 1 15 0 1 0 2 1 4 1 0 0 2 
20 0 2 0 9 48 0 2 0 1 1 42 0 0 3 49 4 7 0 0 13 0 8 22 0 0 20 1 0 0 3 3 1 1 1 2 19 16 39 2 0 4 0 0 0 0 1 1 0 2 1875 0 2 6 1 1 1 1 1 0 6 2 1 2 
1 1 0 2 0 1 0 0 1 11 5 0 10 43 5 0 0 1 2 1 3 0 0 1 8 9 0 0 1 0 0 17 0 4 2 22 0 1 54 1 0 1 14 0 0 0 30 1 1 0 2 10 8 4 6 9 1 3 0 10 0 4 0 0 
0 1 0 0 1 32 4 0 0 14 2 2 0 0 3 1 5 2 64 68 0 2 1 14 0 1 1 0 2 1 4 0 12 9 1 2 0 21 1 0 27 0 1 0 0 0 4 0 7 0 7 48 35 0 41 3 12 0 12 2 0 0 1 13 
9 1 2 1 9 0 1 10 48 2 4 5 11 0 0 12 3 2 9 5 1 0 5 0 0 0 19 0 15 3 0 39 0 2 0 4 5 1 0 4 14 3 2 0 3 0 10 0 11 2 0 0 16 0 0 1 0 24 0 0 15 0 0 2 
1 0 1 4 16 0 0 0 0 0 0 8 4 0 1 21 0 1 0 0 1 1 1 0 10 33 1 411 1 3 24 0 0 0 1 120 1 6 0 0 11 0 6 0 0 0 0 7 1 4 1 14 10 3 2 0 1 0 0 2 2 4 6 0 
9 1 0 5 5 0 0 2 19 1 0 0 28 42 1 3 48 0 1 0 1 1 2 2 6 1 0 0 2 2 1 1 0 0 0 6 2 6 0 8 1 6 0 1 3 5 2 3 1 2 0 0 18 0 0 0 0 0 1 0 0 1 0 3 
55 1 7 0 0 0 2 3 0 4 13 13 0 1 5 1 13 0 3 0 3 4 1 0 1 7 3 0 4 1 74 3 4 6 0 1 0 2 0 29 0 22 0 0 3 0 3 2 8 3 1 1 4 45 0 1 1 0 0 1 0 1 17 1 
0 11 1 13 16 0 0 2 11 2 0 2 1 0 1 5 1 4 0 0 0 1 157 9 2 4 2 0 5 3 0 0 3 0 2 2 4 1 4 7 0 2 5 9 0 1 0 0 0 2 14 0 1 3 0 1 0 1 1 24 0 0 0 0 
0 2 1 4 2 89 3 21 0 0 0 10 1 0 0 0 1 1 6 28 0 3 0 3 66 0 17 8 1 1 0 0 2 1 2 1 0 12 7 0 0 32 5 6 1 2 0 1 4 0 2 4 1 0 7 7 6 5 3 2 0 0 1 0 
0 0 0 1 0 2 1 2 2 0 0 0 17 0 4 1 0 3 3 0 23 2 2 1 1 0 18 0 4 133 0 1 5 3 1 21 7 3 0 0 0 7 1 2 171 2 1 5 3 3 15 0 45 1 0 9 0 1 1 1 2 27 0 3 
15 3 1 1 4 45 2 0 0 1 0 2 2 17 10 0 1 2 4 4 1 1 7 0 28 15 2 9 3 0 0 1 6 1 0 3 3 14 2 4 0 1 0 3 0 2 21 10 3 2 0 3 0 1 19 5 1 29 1 1 6 1 5 11 
15 0 1 7 13 0 3 0 1 2 1 27 1 15 2 3 0 9 8 15 1 0 1 0 10 43 1 1 0 0 2 24 11 2 2 5 0 1 0 2 0 0 3 0 1 0 15 9 0 0 6 5 25 0 2 0 2 11 15 0 10 29 0 0 
6 2 1 0 0 0 2 24 4 1 2 0 2 0 1 0 0 0 0 2 9 1 63 10 1 27 4 4 1 12 7 2 18 1 2 0 0 4 2 1 0 5 58 0 43 1 1 3 0 0 3 22 2 1 0 0 6 1 0 0 0 4 6 0 
8 1 6 2 0 17 19 5 5 4 3 1 14 1 0 1 4 1 0 0 12 10 0 0 1 3 2 35 0 1 1 1 1 24 1 14 0 2 0 0 1 1 0 29 0 1 9 0 0 5 12 0 1 4 13 3 0 7 0 0 2 2 0 6 
32 0 0 1 0 1 6 10 2 3 3 7 3 2 3 21 15 4 4 0 77 0 1 0 1 1 0 0 0 1 7 6 0 4 11 0 1 0 2 1 0 2 1 0 0 12 3 4 0 7 0 0 1 2 0 18 1 1 4 6 0 0 0 0 
0 1 6 8 0 0 4 12 8 2 2 0 1 0 2 1 0 0 10 1 2 6 1 0 6 0 8 3 0 0 5 4 2 1 5 0 2 0 0 2 0 1 4 0 0 0 1 3 2 0 135 0 16 0 0 0 0 50 2 2 2 0 0 0 
2 26 71 0 9 0 7 21 1 5 4 1 1 0 9 5 2 4 15 7 0 3 3 3 0 0 0 3 2 0 7 2 2 1 4 1 0 1 2 0 2 0 3 6 2 0 0 0 2 0 2 0 2 2 0 2 5 8 13 8 4 2 10 17 
10 16 6 1 1 0 4 7 4 5 0 1 7 0 0 0 0 2 5 1 0 9 4 0 1 2 2 7 0 0 1 13 26 0 1 8 2 7 0 4 4 0 0 5 1 0 0 1 7 0 1 0 0 0 0 0 3 19 33 19 3 178 1 8 
0 1 1 0 0 0 4 26 0 10 0 1 6 0 1 5 0 0 0 163 0 0 0 3 40 19 2 9 1 2 6 0 1 0 13 1 0 1 0 39 0 1 227 32 0 0 1 3 0 12 0 1 11 1 6 0 1 0 16 4 1 1 0 1 
1 2 1 23 0 0 1 0 0 0 3 4 5 0 0 1 0 0 0 9 11 3 13 1 1 11 1 5 1 1 0 1 0 1 4 0 0 1 0 0 18 1 3 4 4 1 0 1 190 2 0 5 9 0 1 0 1 1 8 14 1 2 16 38 
0 0 0 1 0 4 0 5 0 0 0 28 0 0 0 0 0 1 4 1 0 0 0 27 1 12 7 1 20 0 0 3 0 2 2 1 2 0 0 8 0 1 13 5 3 25 1 26 1 0 1 0 22 1 0 6 0 0 0 5 3 0 1 1 
0 0 11 5 0 0 0 0 6 2 0 11 1 0 2 0 0 8 1 0 20 22 2 4 0 0 7 1 2 7 0 1 5 0 28 0 34 0 17 0 7 0 4 1 21 1 0 7 11 0 0 0 29 5 1 3 8 1 0 12 0 24 4 4 
0 3 0 1 3 6 7 0 1 1 3 6 26 9 1 7 11 1 0 11 0 1 1 1 8 10 3 0 4 0 0 2 0 0 0 11 0 11 0 7 5 1 1 1 0 0 1 0 5 7 0 82 1 1 1 0 1 1 3 0 4 35 3 1 
0 4 1 0 0 0 2 1 1 0 3 8 37 4 1 3 3 2 0 14 0 0 1 6 1 0 0 5 0 294 1 0 0 0 0 0 0 0 2 141 0 1 28 0 0 0 0 0 0 2 0 5 2 7 4 0 22 10 0 1 0 3 2 17 
2 3 9 5 0 0 1 0 0 2 0 176 0 0 4 0 2 2 3 8 3 3 0 3 0 0 0 5 6 2 5 5 3 2 0 4 0 4 30 5 0 7 0 23 5 8 4 1 66 1 3 0 0 2 0 7 7 0 1 2 17 0 2 0 
0 0 0 1 2 1 0 28 0 0 1 0 1 0 3 0 27 6 0 1 4 4 0 0 10 3 0 26 18 1 0 13 1 5 10 1 0 3 2 0 6 0 11 2 0 0 0 1 0 3 0 1 1 3 3 11 0 44 3 8 0 13 0 4 
6 3 2 3 1 3 101 0 3 0 0 0 17 1 43 2 0 6 1 5 0 2 5 0 0 0 0 288 266 3 0 1 3 10 2 0 10 0 0 0 0 0 7 1 25 2 0 0 0 0 1 0 4 1 4 1 10 4 4 3 70 5 0 1 
1 7 3 0 1 0 30 1 4 0 2 5 4 0 16 6 2 4 2 1 7 4 2 0 1 7 0 0 5 1 2 27 1 2 5 9 26 2 0 3 0 0 3 2 6 1 14 0 0 3 1 3 8 1 0 12 13 1 3 0 1 0 0 20 
0 2 0 0 0 12 2 0 0 15 5 0 1 1 0 3 0 2 1 0 0 1 3 0 0 1 12 1 0 1 0 1 1 23 0 0 0 0 4 1 6 1 0 0 2 2 1 45 1 2 6 0 0 0 4 0 0 10 0 0 0 0 5 0 
2 25 3 1 2 2 2 0 2 6 0 3 4 1 2 16 0 0 0 5 8 3 3 0 0 0 1 0 1 5 0 0 4 4 1 2 1 1 0 1 0 3 2 1 3 1 0 10 3 8 1 2 0 0 0 7 18 7 10 1 3 3 3 4 
4 1 3 0 0 4 10 0 6 1 25 39 6 0 0 2 0 3 0 7 13 4 0 0 1 4 0 2 2 0 87 28 23 2 2 0 1 3 6 4 3 3 4 51 0 0 15 0 3 38 24 0 17 3 1 4 2 30 1 2 0 11 5 0 
0 3 1 7 1 3 1 0 0 22 0 0 0 0 0 6 2 2 1 1 3 1 2 0 1 0 1 0 0 2 1 0 4 1 3 5 7 2 3 13 1450 0 19 22 0 6 4 0 80 0 5 2 0 1 15 0 70 3 10 0 0 0 10 5 
1 6 0 2 2 0 3 4 0 1 0 1 1 17 8 1 6 2 4 6 23 2 2 4 2 0 1 0 1 1 0 0 46 0 0 0 1 6 192 24 0 18 0 0 9 1 2 10 22 0 1 1 9 0 1 34 0 56 0 12 0 0 3 6 
0 1 1 14 0 1 1 24 0 36 0 1 0 0 2 5 0 0 2 11 0 14 14 0 14 3 0 1 121 16 0 136 0 0 26 0 0 2 0 3 14 0 0 5 2 0 1 0 1 4 75 3 0 9 2 0 4 47 0 1 6 7 2 145 
5 12 11 9 2 42 21 0 11 1 1 1 0 0 0 0 15 2 2 0 1 0 2 7 4 0 2 1 0 9 22 5 4 2 12 0 6 1 2 58 0 0 30 0 5 0 1 0 3 2 1 10 0 0 0 7 2 3 0 0 0 1 1 10 
1 7 1 10 2 1 6 0 0 1 3 1 16 2 0 4 21 1 0 16 14 1 0 4 6 0 0 3 1 0 1 0 1 2 0 1 0 4 0 23 9 1 1 2 3 74 3 12 0 10 2 1 36 2 3 7 0 0 1 3 0 1 0 2 
2 0 0 0 1 4 17 26 4 0 0 20 28 1 1 0 4 9 1 39 2 0 1 1 17 5 3 1 5 0 1 10 25 1 0 3 44 3 1 1 5 5 5 15 8 0 0 7 1 9 2 0 0 1 0 0 3 2 1 2 0 0 2 3 
2 1 1 55 0 0 0 1 4 3 0 0 1 1 0 0 49 19 1 0 1 4 0 0 0 1 1 8 0 2 40 1 3 0 1 22 2 0 6 26 3 0 5 9 7 2 1 1 0 6 0 1 0 1 1 0 2 0 0 0 6 0 0 7 
2 2 61 0 5 12 2 1 0 2 0 10 38 7 0 6 0 0 0 0 8 0 4 0 6 1 0 4 2 2 0 15 68 2 0 1 3 28 0 0 0 4 17 0 0 4 17 0 3 0 1 0 0 4 14 1 0 5 2 3 0 0 2 3 
16 9 3 1 2 0 26 0 0 33 0 1 1 1 7 12 3 1 8 13 2 4 8 1 5 0 1 0 0 0 0 2 0 4 1 0 46 0 0 0 0 0 0 2 1 0 0 0 0 1 0 0 7 31 0 1 1 19 2 12 2 2 0 0 
0 1 4 0 0 15 6 0 1 0 0 5 15 0 49 0 2 8 6 5 2 4 6 0 23 1 0 0 14 5 2 0 1 0 3 1 0 2 5 0 1 8 1 35 0 12 1 5 0 27 0 0 0 1 0 1 4 0 0 16 0 6 2 16 
2 23 4 29 6 2 4 0 24 1 1 1 28 4 0 1 1 0 17 0 5 222 17 6 4 6 18 1 13 4 1 1 0 0 12 2 0 0 0 15 2 15 34 17 0 18 0 0 0 10 1 0 3 0 16 9 2 4 1 2 3 1 10 12 
3 1 0 0 2 2 5 0 7 0 1 0 0 6 0 0 1 1 0 1 0 0 2 0 2 0 5 6 0 10 0 1 2 1 18 2 0 1 3 43 6 4 1 4 2 40 1 2 5 1 2 10 1 0 17 13 0 1 12 0 0 2 1 0 
1 3 1 1 13 0 1 0 0 8 9 0 0 0 1 1 1 0 26 5 8 2 7 5 2 0 3 1 2 8 0 0 6 57 0 1 0 0 0 1 0 1 0 3 0 0 10 5 0 2 1 5 0 1 11 28 0 363 1 0 6 9 26 0 
1 0 32 1 1 0 1 14 1 2 0 3 9 5 2 2 0 0 3 1 0 1 8 0 0 1 4 0 0 9 16 7 1 0 0 5 6 1 38 2 0 6 1 0 5 1 17 2 0 1 1 0 2 0 4 6 9 0 4 9 1 28 41 1 
3 15 3 1 3 6 1 1 0 3 0 3 0 1 0 1 0 2 11 3 0 1 0 1 60 6 3 1 16 0 0 0 4 4 3 2 15 2 1 0 2 9 48 0 7 66 10 0 0 1 2 26 0 7 0 0 2 8 0 2 24 0 31 1 
54 0 0 0 0 33 1 0 0 3 1 0 0 4 1 0 0 4 0 6 2 1 0 2 0 3 3 43 1 0 9 4 12 1 11 10 0 25 1 1 13 0 0 1 36 0 2 0 7 9 0 1 39 6 0 0 0 8 30 16 0 1 0 2 
1 7 2 4 12 4 0 3 0 1 1 0 1 6 0 0 2 0 46 0 1 50 0 1 10 0 3 0 5 2 2 45 0 0 1 2 4 0 8 1 0 3 1 0 1 8 4 9 1 0 5 0 4 3 10 0 2 1 0 0 0 0 0 19 
0 1 0 2 1 6 0 1 0 0 17 13 24 1 0 0 2 0 1 0 2 15 0 0 7 49 13 0 1 47 0 1 2 0 2 1 0 33 0 0 1 1 3 8 20 0 0 1 27 2 1 17 9 0 13 1 0 52 0 4 14 22 0 0 
36 41 5 2 0 0 2 7 1 0 1 0 13 4 20 6 2 1 40 23 3 16 10 10 7 1 0 1 0 6 2 2 0 1 28 0 4 3 4 0 1 0 0 0 0 7 4 2 2 0 1 0 0 1 4 1 0 1 6 0 4 11 6 1 
0 15 0 0 0 2 0 15 109 1 7 0 0 4 1 1 0 1 0 0 0 454 6 10 1 0 4 0 11 1 13 6 0 0 18 8 0 9 6 2 4 3 1 3 0 0 2 10 1 1 0 1 4 16 5 1 1 0 8 32 49 3 1 0 
0 3 8 4 1 0 1 1 1 3 0 201 1 67 1 0 25 1 1 9 6 2 0 0 1 1 2 9 9 7 0 12 11 0 3 4 0 1 2 1 12 0 6 1 0 2 12 0 1 2 6 0 3 1 226 20 1 1 6 1 13 4 2 6 
1 5 0 1 5 6 0 0 0 28 1 0 1 10 1 0 4 1 0 15 0 8 22 0 2 4 5 0 2 1 0 2 4 1 1 4 5 0 1 10 3 3 1 6 20 3 0 2 5 1 0 1 1 0 0 0 27 0 0 0 4 3 0 0 
3 9 0 1 1 1 0 21 0 3 4 0 33 0 22 1 3 4 10 3 6 1 0 1 1 24 1 21 124 15 0 1 2 0 1 1 3 0 0 0 0 0 0 0 0 2 1 0 38 22 1 2 1 0 0 0 0 2 1 1 0 38 0 2 
0 24 4 6 0 0 0 2 12 5 1 0 15 27 6 9 13 1 0 7 9 1 3 7 1 1 8 0 1 6 6 0 1 4 15 0 0 77 1 1 1 3 0 0 6 38 4 0 40 2 2 0 6 0 5 0 0 37 0 1 0 2 0 3 
6 0 2 18 0 40 25 0 16 0 7 26 1 0 19 2 5 0 2 3 16 1 0 2 0 6 1 299 5 3 7 1 2 0 2 0 0 2 41 0 30 39 1 9 3 5 4 0 1 0 0 10 22 0 0 1 4 0 4 0 22 1 2 10 
0 0 19 0 0 0 4 1 1 24 0 0 1 0 13 6 0 0 5 4 6 1 1 0 0 10 0 0 28 0 0 6 2 2 10 0 0 8 1 5 1 2 9 8 0 0 4 4 108 1 6 1 0 0 1 0 3 6 510 0 1 24 0 1 
0 0 5 7 29 0 13 0 56 5 1 1 15 1 4 2 2 5 0 0 6 0 2 1 17 0 7 25 1 6 8 1 1 79 0 0 44 1 0 1 10 0 0 17 0 0 4 3 0 0 6 1 0 0 1 0 0 0 0 48 0 5 0 0 
0 16 2 37 6 25 1 36 0 5 1 10 11 5 1 4 1 1 3 1 0 1 2 1 6 0 2 22 4 0 0 8 0 1 1 2 0 31 18 7 0 29 0 12 1 0 0 33 8 0 15 7 7 1 4 0 2 7 3 44 16 1 3 0 
3 0 0 4 1 0 4 3 0 0 5 1 2 0 39 0 2 0 0 2 0 2 0 0 0 11 1 3 0 0 5 1 1 0 3 33 3 1 0 3 5 3 0 1 7 0 0 0 1 9 0 0 1 26 8 46 1 1 116 149 5 2 0 0 
0 17 6 2 2 36 5 3 0 3 13 0 9 1 0 0 1 5 1 2 1 33 1 1 4 2 0 1 2 1 1 0 17 1 0 12 0 0 22 1 13 5 17 5 1 0 3 0 214 6 7 0 19 5 1 0 0 4 17 13 2 0 18 4 
12 1 64 18 11 3 2 0 2 5 1 0 9 20 37 0 5 6 0 4 8 0 2 0 3 0 1 7 2 4 1 3 3 0 1 13 29 1 0 0 0 0 0 1 0 0 2 12 1 0 0 1 1 0 10 0 42 1 1 0 8 3 2 0 
0 1 1 4 17 0 0 2 0 0 2 0 5 0 0 0 3 4 2 221 1 1 3 0 0 0 1 4 4 1 0 49 23 12 1 6 19 0 2 1 6 0 15 1 0 1 6 2 1 1 3 1 0 5 0 2 27 0 11 0 0 8 6 1 
0 0 1 15 4 0 4 1 0 3 1 0 7 3 0 0 5 1 20 1 0 0 3 15 1 4 18 1 2 1 1 8 4 34 21 1 89 3 4 3 6 7 100 0 3 0 12 1 11 1 15 35 0 0 2 3 4 1 3 0 0 1 2 1 
1 2 2 9 0 1 2 1 2 3 4 0 1 13 17 12 6 4 12 3 1 1 0 19 0 26 12 0 1 1 13 48 0 1 0 0 1 8 3 14 2 1 1 5 1 0 0 35 5 1 4 6 3 0 36 0 0 53 10 0 0 0 7 1 
32 22 0 0 2 1 7 0 1 2 0 0 0 3 121 3 3 0 1 0 3 2 25 3 0 0 9 6 1 41 0 4 0 3 1 0 2 1 17 0 1 0 0 3 7 0 0 26 8 0 2 5 1 1 1 0 4 2 5 18 122 0 0 0 
0 1 0 35 18 8 8 1 0 1 1 1 1 0 1 1 1 2 1 0 40 2 1 49 30 0 1 0 1 3 6 1 4 5 1 1 22 28 1 0 2 0 5 0 7 1 1 4 15 0 2 0 0 0 0 1 2 0 1 0 18 2 1 1 
8 0 5 4 3 6 34 1 0 21 0 0 1 0 0 0 0 16 13 0 0 1 1 0 0 0 0 77 3 1 0 0 10 1 3 5 0 0 0 1 0 0 0 1 0 2 1 18 0 2 6 0 1 0 3 9 8 0 1 2 4 0 7 3 
0 15 0 16 52 5 0 3 5 9 30 0 1 1 0 2 1 0 0 7 1 2 9 3 3 1 0 0 9 7 0 1 0 7 0 1 12 0 0 0 4 33 9 3 0 0 4 0 1 12 9 6 1 0 0 0 18 1 1 15 0 1 10 18 
1 30 0 0 0 0 10 0 6 5 1 0 2 0 0 0 0 0 3 0 0 6 20 0 1 44 2 7 0 1 1 1 0 6 5 7 0 0 3 0 3 2 0 9 0 8 0 0 3 1 4 0 1 0 7 7 0 1 0 1 0 1 1 0 
2 0 0 0 7 0 27 1 2 0 3 2 4 2 0 3 2 23 36 1 0 1 2 2 0 0 1 0 1 9 2 0 1 0 0 1 1 12 2 2 0 0 0 13 6 5 3 0 0 0 1 1 4 0 0 5 1 1 47 1 4 0 3 14 
16 230 9 4 1 20 1 12 0 3 0 1 2 3 6 302 1 0 0 0 0 0 52 2 45 0 1 1 0 1 0 1 6 1 7 0 1 1 26 0 31 0 27 9 0 1 3 0 10 19 48 0 93 0 1 0 1 10 4 7 6 3 2 1 
4 2 1 0 1 5 0 3 5 1 0 0 8 18 1 7 2 0 49 0 4 1 0 0 1 8 0 2 1 6 1 2 0 14 0 4 1 14 0 0 1 0 2 0 0 0 0 0 0 0 11 4 1 1 11 8 1 4 20 3 0 0 1 0 
0 6 1 2 11 20 1 0 1 45 0 0 0 0 3 2 0 0 2 0 0 8 21 2 1 2 5 3 0 2 0 0 0 7 1 2 19 0 0 0 0 144 3 3 2 20 0 0 6 2 0 1 5 28 0 2 1 9 10 1 5 8 0 2 
0 0 1 0 1 13 0 21 3 16 28 0 1 1 0 8 2 1 1 0 3 0 0 0 3 0 3 2 0 0 1 136 0 0 2 55 3 0 5 0 2 1 3 2 37 4 0 7 2 0 3 1 0 14 0 9 1 3 1 0 17 0 1 5 
2 0 2 1 0 1 3 1 0 31 0 1 45 1 0 4 0 5 0 2 8 5 8 1 0 4 0 3 11 9 2 0 0 1 0 0 3 2 7 15 1 0 0 17 6 1 22 0 4 19 0 9 4 6 2 0 0 0 3 0 3 1 0 0 
0 0 0 13 0 0 0 9 3 22 13 0 8 4 0 0 8 0 72 0 1 2 14 0 2 1 0 1 0 1 3 1 0 0 7 1 1 0 12 1 6 7 173 9 10 1 2 1 1 2 1 0 0 2 0 7 1 0 0 1 14 2 4 6 
1 0 3 8 2 6 0 0 2 0 2 5 0 4 46 1 22 30 8 1 8 1 0 8 1 1 1 2 0 5 0 0 1 7 10 6 2 1 1 6 4 0 10 3 0 0 0 1 0 1 0 1 3 22 9 5 1 10 1 0 0 1 1 6 
5 23 2 5 1 1 9 23 103 1 66 0 3 11 1 0 3 10 2 2 7 1 0 1 5 7 0 7 12 7 3 2 2 8 5 2 1 0 2 6 0 6 2 1 0 4 0 0 1 2 1 0 0 26 0 1 0 0 5 3 0 9 2 5 
1 3 1 9 1 0 0 0 9 0 1 0 0 3 22 0 1 7 6 8 2 20 0 5 10 2 1 0 1 0 1 8 0 1 1 12 7 30 2 61 0 1 0 1 0 0 0 0 1 0 5 2 4 30 1 2 1 47 3 13 0 2 1 6 
3 2 2 0 37 0 1 8 5 0 8 1 1 10 3 1 9 6 0 7 0 2 1 7 4 0 0 0 50 1 0 0 0 2 1 6 3 2 0 1 2 0 4 0 0 5 4 15 0 18 2 2 0 0 18 5 0 2 1 3 2 0 4 0 
3 1 0 0 0 4 3 6 1 2 0 1 1 5 0 1 1 267 0 2 0 18 211 5 0 5 13 0 1 0 0 1 2 18 13 10 5 1 4 0 1 0 0 3 0 0 1 0 0 0 4 2 1 6 121 2 0 5 8 5 0 1 21 58 
11 3 0 0 1 5 4 31 29 2 1 1 1 154 88 3 11 1 0 12 1 8 12 1 6 3 1 7 1 4 0 2 4 1 0 7 2 0 1 0 0 0 9 0 3 35 2 0 0 0 0 25 1 1 0 0 1 0 0 1 5 1 2 5 
0 0 0 1 1 4 0 11 3 2 0 1 3 4 6 1 0 0 0 1 0 0 0 42 1 9 23 0 5 8 0 10 0 1 3 2 13 0 4 3 43 3 1 3 0 0 5 8 1 27 5 3 2 1 0 6 6 0 6 0 5 0 1 1 
972 9 0 38 0 14 2 3 1 0 2 0 2 0 0 3 2 2 1 0 5 0 0 0 0 0 3 2 0 5 0 1 4 0 16 2 10 9 1 0 0 1 2 2 0 0 2 22 1 1 1 0 2 15 2 41 0 3 6 1 2 0 1 0 
0 1 0 17 1 0 34 1 1 12 4 4 1 0 36 2 4 0 0 2 10 4 238 2 1 5 404 0 0 24 0 20 0 0 0 2 2 0 7 6 232 9 1 2 32 29 2 1 4 1 10 0 8 1 8 0 0 0 0 2 0 0 3 13 
1 0 0 47 4 0 104 2 16 2 0 7 0 0 3 1 27 9 8 1 3 12 2 1 5 1 328 0 1 0 4 2 0 1 0 5 19 52 1 1 2 19 2 3 10 2 7 0 0 0 0 3 0 2 1 10 14 0 16 0 0 19 1 24 
1 0 9 3 0 1 2 1 0 0 0 12 0 1 0 0 7 0 0 5 16 1 1 0 0 2 1 1 0 0 1 6 0 22 12 1 1 3 0 0 1 7 0 3 7 0 5 1 2 2 13 1 1 1 2 5 1 23 0 228 88 1 10 3 
0 0 4 26 1 0 0 1 7 0 4 1 12 2 2 11 11 62 3 0 0 9 12 24 0 0 1 8 7 8 38 3 0 0 22 0 0 13 0 0 10 1 2 17 0 22 3 0 1 2 1 0 1 37 4 0 1 8 1 1 1 1 0 5 
4 0 0 0 6 5 9 3 9 1 2 5 2 10 6 0 17 9 0 1 0 1 0 1 1 1 76 1 13 2 0 13 23 0 3 0 34 80 0 126 2 1 0 1 1 0 3 0 0 0 0 0 16 0 0 1 0 0 1 1 6 0 68 0 
0 1 0 31 1 2 22 206 11 0 0 0 38 16 1 0 3 51 1 4 0 7 2 0 1 13 0 0 8 0 0 4 26 5 5 1 1 0 3 0 0 9 3 1 4 0 1 3 1 6 0 1 0 3 0 0 3 0 1 0 0 1 0 43 
0 2 0 2 0 23 1 1 0 0 0 0 0 1 2 2 0 8 1 0 0 52 12 1 9 1 3 1 2 4 0 9 1 0 2 0 0 0 5 0 0 0 20 1 1 4 2 15 8 4 4 0 11 0 9 46 1 1 0 210 3 6 1 17 
64 0 2 8 7 5 0 0 9 0 1 1 1 0 0 21 1 6 2 0 6 2 1 1 2 29 17 0 1 31 1 3 12 11 0 6 5 8 0 0 0 0 1 1 0 1 4 6 9 0 4 1 19 14 1 1 0 0 1 9 0 17 0 2 
1 6 4 0 8 10 0 0 0 16 5 3 0 216 7 27 3 0 6 12 1 0 6 7 5 4 0 0 2 1 1 0 1 1 0 1 0 2 3 3 0 0 0 1 5 0 1 0 6 1 2 5 0 0 0 2 0 6 0 17 16 12 1 1 
0 6 1 0 42 4 10 1 261 4 1 2 1 4 4 0 32 20 2 3 11 0 3 0 0 82 5 4 1 0 0 2 1 5 47 0 4 21 1 0 0 16 10 1 1 0 9 8 0 2 1 0 1 0 0 0 2 0 17 0 1 0 8 4 
18 3 2 1 3 3 9 1 0 14 5 1 2 0 2 1 4 27 0 5 0 1 0 13 0 0 0 8 2 0 0 7 0 9 20 3 7 0 0 0 0 8 1 12 0 0 0 0 7 1 0 1 9 2 0 0 2 0 0 31 1 5 0 1 
8 3 0 12 11 0 1 1 5 2 6 12 22 0 0 0 1 6 0 4 6 0 0 7 0 0 11 4 0 0 2 5 29 4 0 0 17 2 0 0 5 12 0 16 3 5 3 3 7 1 0 1 3 5 3 2 5 0 22 1 2 20 24 1 
0 0 1 78 12 0 1 3 0 0 1 2 0 6 0 2 0 4 3 10 1 0 0 0 2 0 0 4 2 5 1 4 0 0 0 6 1 1 0 18 5 1 1 17 12 1 0 3 39 1 5 0 4 5 10 2 1 0 1 0 30 0 0 0 
0 0 3 0 1 4 3 0 0 1 10 7 0 1 0 0 9 1 5 0 0 17 3 3 1 0 1 0 0 3 2 0 0 0 8 0 59 10 28 0 1 5 0 4 35 6 0 3 0 45 19 1 0 0 27 0 0 0 47 0 0 0 1 2 
5 0 4 0 0 4 0 0 2 0 10 0 5 0 2 2 0 0 0 14 6 2 0 8 2 1 4 1 5 0 1 0 6 6 10 209 1 2 1 0 0 6 2 2 1 1 9 27 0 2 14 0 0 4 0 0 1 4 4 6 7 32 2 0 
24 0 6 0 1 0 54 6 31 1 0 0 3 79 7 3 0 0 7 3 4 0 1 0 0 22 0 1 1 6 4 1 0 6 0 2 51 1 118 4 2 2 12 2 1 64 0 17 29 9 10 17 1 2 7 4 27 4 30 5 23 1 0 3 
0 1 49 71 6 0 0 45 2 1 1 0 4 0 3 0 5 0 3 1 0 0 9 19 0 4 1 0 1 3 0 1 0 10 4 0 0 3 1 0 2 0 13 1 3 2 1 10 27 5 1 5 1 0 2 11 0 18 6 44 16 36 50 2 
0 0 4 6 15 16 1 0 11 0 1 3 0 0 5 8 0 0 0 1 0 5 0 5 3 4 0 2 0 11 3 0 0 1 0 2 3 16 3 5 0 0 3 4 5 0 3 14 1 3 2 2 1 0 0 11 6 10 3 7 9 0 7 0 
3 57 22 1 2 1 12 2 1 0 1 1 0 1 0 5 0 1 1 3 2 2 1 90 34 0 29 1 5 0 0 1 0 3 0 0 1 26 3 3 1 10 4 5 0 2 1 0 19 0 2 0 0 2 60 0 1 0 2 1 0 34 0 2 
0 1 0 9 0 24 5 0 0 16 0 1 10 8 23 4 2 75 1 2 0 0 0 0 0 2 1 18 103 3 8 0 0 4 0 2 6 5 2 3 25 0 0 1 8 1 0 0 0 2 0 19 7 0 0 0 1 6 1 20 3 1 2 6 
1 1 0 1 1 3 0 0 0 6 7 1 0 0 0 422 4 0 0 2 4 0 14 0 0 0 1 5 32 7 19 6 12 0 0 0 1 2 0 2 1 0 0 3 7 27 0 23 3 0 8 12 21 45 20 5 0 1 2 0 0 0 0 0 
25 1 0 0 14 1 0 1 1 7 18 1 3 0 14 1 2 123 11 7 21 0 1 3 4 0 3 1 2 1 5 3 3 0 19 0 1 3 0 9 5 0 3 33 6 1 8 1 11 2 2 4 32 0 1 0 4 0 0 0 2 0 4 1 
1 5 0 2 0 0 1 1 2 35 0 0 11 40 7 5 2 0 0 7 55 4 0 0 4 9 3 0 0 1 9 0 9 12 73 2 2 0 19 9 0 4 11 4 10 0 0 4 1 0 0 0 8 0 7 18 0 9 157 0 0 0 6 1 
0 0 3 21 0 1 2 0 53 40 1 3 1 0 4 2 13 1 0 66 10 6 2 2 0 8 0 0 4 0 2 4 2 141 147 0 6 0 8 0 1 24 0 1 9 1 1 0 3 0 1 150 0 6 3 2 7 2 10 6 0 1 3 3 
1 0 5 138 60 0 1 1 0 0 1 0 0 7 0 24 5 0 0 1 5 3 0 5 0 10 1 1 1 29 241 5 0 1 13 59 0 2 1 0 0 1 7 9 0 91 0 0 8 7 0 128 2 45 1 1 75 0 2 2 12 66 0 45 
1 1 1 0 3 2 1 6 0 12 1 6 1 13 0 2 2 0 0 6 0 0 0 0 1 4 1 1 3 0 1 1 0 0 18 44 0 3 0 3 3 5 1 46 6 0 0 1 10 1 7 0 2 16 0 0 2 1 0 1 3 0 0 0 
3 0 4 1 1 2 2 7 0 75 2 1 0 0 0 1 0 0 18 2 1 4 0 0 19 6 0 3 8 0 0 0 0 0 0 6 1 3 12 6 1 0 13 0 0 0 3 0 3 6 2 9 0 5 8 0 1 2 3 9 0 6 0 0 
1 9 0 33 5 0 23 9 3 0 2 6 31 0 4 0 0 53 1 2 0 0 0 1 0 30 1 0 8 34 0 0 1 19 0 0 4 21 3 5 9 0 14 2 4 9 17 1 11 0 23 0 0 0 457 0 0 62 17 7 2 3 1 43 
0 1 3 0 6 5 1 17 9 5 1 2 2 14 1 7 3 7 4 47 0 1 0 1 1 1 0 0 0 4 9 0 33 39 6 25 2 1 0 0 8 1 3 1 16 0 5 1 30 4 13 0 2 0 0 0 0 1 0 0 22 11 3 0 
16 52 0 0 1 2 2 25 1 6 2 0 0 0 1 4 1 0 7 0 11 0 13 1 1 3 3 2 0 0 12 2 1 2 3 3 1 1 0 1 1 0 9 0 0 0 0 3 5 0 7 0 11 9 3 0 0 4 47 0 0 2 0 0 
9 3 43 21 1 3 0 2 10 7 8 4 0 1 3 1 0 1 5 9 1 1 26 0 0 1 0 1 0 0 6 17 0 0 11 2 2 7 29 0 1 1 31 0 3 0 2 0 4 1 0 1 0 0 5 3 0 7 2 5 0 3 5 1 
25 5 0 0 5 2 11 3 2 0 26 1 6 3 11 0 0 1 1 0 3 2 1 12 1 2 43 57 3 12 11 7 0 0 2 1 1 0 0 0 4 14 0 9 1 12 4 1 0 1 0 27 0 4 80 2 3 48 2 1 8 30 7 4 
4 11 3 45 0 0 1 1 0 0 4 0 1 8 3 1 0 0 1 0 0 1 41 4 3 13 2 1 1 0 1 0 2 5 0 7 0 4 8 2 8 2 0 1 1 6 2 1 0 0 1 0 0 1 2 23 28 7 0 2 0 2 15 4 
0 2 11 9 0 1 0 0 0 9 0 0 0 1 0 1 4 0 0 5 6 0 4 0 5 0 3 6 2 0 9 25 3 1 0 0 1 1 42 21 2 0 0 61 1 0 4 6 45 1 2 4 67 0 7 1 2 17 55 39 3 3 10 2 
11 1 1 47 12 0 6 0 0 1 0 6 1 11 0 0 0 0 0 1 9 3 70 5 0 3 1 0 1 4 1 3 15 0 1 0 12 6 2 2 2 14 38 75 6 0 0 3 1 0 20 0 0 3 2 1 4 5 10 0 0 0 0 5 
2 76 11 1 1 8 4 0 19 1 0 10 8 0 1 5 0 0 0 6 3 17 15 25 1 38 0 1 1 0 3 0 2 1 1 4 1 2 0 4 2 0 18 2 7 15 6 0 1 0 33 53 0 0 73 2 0 1 1 0 5 2 4 2 
7 8 0 1 0 0 0 1 3 1 3 0 1 1 0 6 5 2 2 5 2 0 0 2 1 1 0 5 1 2 1 0 2 0 14 0 5 1 26 0 0 3 5 3 0 1 0 0 5 5 2 2 2 0 22 44 9 1 0 0 1 9 0 27 
2 48 18 3 1 5 0 1 1 0 6 2 2 24 11 0 4 0 9 1 0 0 16 6 12 0 0 0 9 0 0 1 26 5 3 1 2 0 0 64 0 31 0 2 0 27 0 0 1 2 1 1 24 0 3 0 0 0 3 3 24 5 4 0 
8 0 3 0 1 1 4 1 23 7 0 87 9 6 0 1 15 0 0 11 15 10 41 0 0 1 1 8 4 1 1 2 2 2 0 6 89 1 1 2 10 0 32 5 1 0 1 0 1 9 0 8 1 9 1 0 10 0 6 0 2 0 11 15 
1 1 3 1 1 4 2 2 12 5 0 0 6 10 1 0 1 0 16 0 13 1 0 2 1 19 6 5 0 3 8 1 86 2 58 4 3 0 2 1 25 1 6 1 19 5 2 2 2 0 9 3 0 5 12 1 0 2 0 1 5 1 9 2 
8 7 1 15 7 1 10 1 3 2 0 27 11 1 0 120 3 10 0 1 1 17 21 0 0 0 2 1 7 1 5 1 0 3 9 0 4 0 1 1 0 1 10 2 0 10 1 3 89 12 6 1 1 5 4 187 5 9 1 20 1 0 0 0 
24 2 2 31 1 7 3 9 0 16 4 0 7 2 1 13 2 1 1 0 0 6 5 1 2 32 44 0 6 7 27 0 3 4 69 1 1 3 9 1 1 3 1 1 1 1 0 2 4 0 1 0 0 1 1 0 20 3 1 7 1 4 5 4 
1 1 1 2 2 1 1 0 3 7 0 12 3 3 3 42 9 0 7 59 0 0 0 0 0 0 13 1 1 0 34 3 0 1 0 6 0 8 1 2 2 8 0 0 0 0 3 1 4 2 3 7 2 14 1 2 0 8 0 5 1 0 7 0 
1 1 0 19 7 0 0 13 5 7 1 4 0 29 0 0 1 6 11 0 0 0 4 2 0 12 7 4 0 5 0 9 6 2 48 0 2 0 1 0 1 0 3 1 2 13 1 3 6 0 18 8 113 0 2 3 5 69 7 0 0 4 1 1 
0 6 0 1 4 0 0 0 1 2 3 9 0 54 3 238 11 0 0 25 1 0 4 0 13 15 10 0 1 16 0 7 0 1 5 8 9 0 0 1 0 0 2 0 1 3 2 11 2 5 0 16 14 1 2 12 1 2 0 2 0 0 0 2 
1 6 0 1 25 0 5 0 0 1 0 24 0 5 1 5 6 2 0 5 1 0 0 172 0 181 1 29 1 0 0 1 0 1 0 4 4 1 0 1 0 2 11 0 1 1 4 0 7 15 0 18 0 0 1 2 1 9 2 1 1 1 10 1 
2 0 1 0 3 11 5 2 0 4 38 1 5 0 0 32 6 16 0 2 11 3 30 9 13 4 23 0 1 0 10 1 2 1 3 0 0 5 0 3 1 8 0 5 13 3 53 6 6 5 3 19 1 2 0 1 1 0 6 2 1 2 12 11 
1 4 7 0 2 2 2 1 10 0 3 2 13 4 3 2 1 3 7 2 0 2 27 1 1 5 4 2 0 0 1 6 0 113 2 0 4 0 0 9 2 0 17 0 23 0 3 9 6 3 0 14 11 2 1 0 5 9 52 0 0 0 6 5 
3 11 1 28 3 7 0 0 1 0 1 7 0 0 0 0 4 0 4 0 33 1 0 9 6 19 2 57 17 5 26 3 1 5 0 0 1 3 14 6 21 1 3 2 6 0 0 6 16 6 0 0 1 2 9 0 4 1 0 0 1 22 8 3 
1 1 0 1 5 0 9 0 15 7 2 2 1 4 1 0 2 1 2 7 0 1 1 0 0 8 0 2 5 4 44 0 4 0 2 16 6 250 5 0 34 0 4 0 4 2 1 3 2 1 0 0 2 2 1 1 1 1 20 5 0 0 0 5 
2 1 11 18 2 1 0 5 0 3 4 0 0 23 0 0 1 0 0 2 15 5 1 0 3 3 1 3 3 0 2 8 5 2 1 3 2 0 64 11 22 5 0 4 3 4 1 1 2 0 14 3 1 88 0 2 1 9 3 0 0 0 2 4 
8 15 2 2 2 1 0 18 23 7 5 9 6 2 29 1 0 15 0 1 3 0 66 24 0 2 5 0 0 0 0 3 1 10 2 0 1 15 0 0 7 1 2 1 5 2 1 48 0 12 0 4 1 0 3 3 2 1 56 1 33 10 2 6 
15 0 5 1 4 0 0 2 1 0 0 56 1 8 1 7 1 132 0 1 4 0 2 6 0 0 0 2 1 0 28 1 0 1 0 0 4 25 4 0 3 6 6 0 33 2 0 29 1 13 1 0 9 0 9 3 1 34 0 1 6 0 1 1 
1 8 74 0 3 1 2 349 0 1 11 1 1 3 26 0 0 1 3 1 11 2 3 2 2 4 2 2 6 3 4 2 2 0 0 0 0 9 19 1 1 1 0 2 0 2 1 17 0 15 0 30 14 2 1 2 44 1 0 4 9 4 0 0 
1 4 1 16 1 1 1 38 2 3 1 0 0 0 1 13 10 2 0 4 1 1 0 0 0 6 0 5 3 2 0 1 18 0 5 15 0 4 2 0 0 7 0 0 0 2 3 43 3 8 10 1 11 0 0 1 1 1 0 0 45 0 4 0 
4 0 0 2 1 0 5 7 0 6 5 6 1 8 1 1 0 2 0 0 1 0 25 1 0 2 6 3 0 2 0 19 80 1 4 2 1 2 1 2 4 0 0 0 1 1 0 1 2 0 1 0 104 6 0 0 3 6 1 0 1 0 65 2 
0 12 2 0 0 105 0 4 0 6 0 4 15 2 0 1 135 0 0 6 0 1 7 0 11 0 0 13 0 0 1 0 0 1 0 36 7 0 12 9 11 5 0 1 0 0 0 1 4 0 6 4 2 0 2 28 0 9 0 1 0 1 10 22 
1 4 1 1 7 6 0 133 10 2 0 5 2 2 4 1 14 1 1 0 2 5 0 0 1 5 1 11 3 23 2 3 2 10 2 1 10 1 0 3 0 4 14 3 1 10 0 3 6 0 1 8 1 0 43 3 3 0 1 8 0 7 8 0 
2 4 3 2 1 3 1 13 1 0 4 1 1 0 1 21 0 1 2 12 0 2 2 0 1 0 0 0 0 8 0 11 0 3 26 1 0 1 1 4 0 5 5 1 0 13 1 2 2 0 5 1 1 0 0 1 0 124 5 0 1 0 2 26 
1 4 0 9 0 4 2 0 0 0 4 1 10 5 2 12 0 0 9 1 0 3 8 20 0 0 0 0 1 1 0 3 2 2 6 7 0 0 4 0 0 5 0 2 0 0 1 2 8 1 96 3 1 16 3 0 0 0 19 1 0 1 20 6 
1 41 0 43 2 1 3 0 0 2 0 1 27 2 0 16 2 3 1 5 2 2 6 1 2 4 3 0 5 2 42 5 0 1 1 3 0 8 2 1 8 0 0 7 0 0 3 7 0 0 1 0 54 0 31 21 2 1 1 0 0 38 2 1 
6 1 1 1 3 45 3 8 2 1 1 13 11 13 2 4 766 85 12 1 0 2 0 0 8 0 1 6 0 1 6 3 1 0 1 10 1 1 3 36 5 4 0 0 1 5 0 11 22 5 0 4 0 0 0 8 13 0 0 0 1 0 10 10 
1 0 3 7 3 3 0 1 13 8 0 1 0 1 2 5 1 0 3 9 2 6 0 2 172 28 4 1 3 2 0 1 25 6 1 1 0 0 9 1 3 1 2 0 16 1 8 0 1 2 19 2 13 2 0 1 0 13 1 2 1 38 5 6 
83 0 0 8 46 0 0 0 4 0 0 4 0 1 0 17 5 10 2 9 0 4 6 0 0 16 0 1 1 1 3 20 1 49 0 1 2 0 0 0 5 4 5 1 7 0 0 2 18 1 2 0 39 0 4 2 0 0 1 5 0 12 10 17 
3 0 65 0 9 0 0 1 0 6 0 0 1 0 0 1 1 11 0 0 0 3 34 1 24 4 1 2 0 0 1 0 9 1 0 0 1 0 1 0 8 0 2 9 1 2 1 5 2 1 27 2 6 0 43 0 2 9 24 13 15 2 3 2 
2 1 0 5 1 3 1 1 0 1 3 2 0 0 0 1 1 0 1 1 53 26 0 15 0 5 2 1 3 0 3 1 1 0 2 2 10 5 21 0 18 1 198 0 14 15 0 3 1 9 0 1 3 1 5 1 0 0 0 1 0 1 1 22 
0 4 36 0 6 8 0 13 1 8 2 7 4 0 2 0 4 3 0 1 0 1 26 462 4 1 2 0 66 1 2 0 799 4 7 5 0 0 2 3 1 11 3 3 0 1 0 1 10 0 0 1 2 1 0 1 1 176 1 5 0 2 2 20 
1 2 2 0 0 5 1 2 10 1 0 0 0 0 0 1 1 2 3 0 239 49 2 0 25 3 4 24 5 28 0 2 0 2 3 1 53 54 0 4 1 30 0 0 0 0 0 2 9 1 3 0 4 1 7 2 0 17 4 9 0 0 0 1 
15 5 2 17 0 23 0 1 1 3 6 0 1 0 2 1 0 0 0 4 6 1 0 1 0 0 1 4 2 1 0 0 3 1 5 2 10 0 20 6 60 2 11 10 33 4 5 0 31 1 8 0 2 1 0 19 0 3 1 1 10 13 0 1 
2 23 1 1 0 4 7 0 1 2 0 13 0 6 66 2 0 2 11 10 16 0 0 0 0 50 3 0 8 0 0 0 195 4 33 1 2 1 0 0 1 2 9 1 14 0 0 9 5 0 239 2 1 2 10 6 221 9 38 0 42 1 24 2 
1 3 0 6 1 3 10 5 10 1 8 0 1 32 0 4 0 31 0 9 5 4 4 100 1 0 0 0 0 0 0 3 3 0 0 3 0 0 2 2 1 0 20 1 0 0 0 0 9 3 0 0 4 0 5 3 1 1 1 0 0 1 16 0 
1 15 0 6 0 14 12 21 0 3 17 2 0 6 16 4 0 0 0 8 0 0 0 0 1 0 0 6 5 1 0 6 3 0 811 1 1 2 1 0 8 12 1 0 1 0 0 0 192 4 17 1 3 1 5 18 0 6 13 23 0 0 1 5 
1 4 5 1 1 0 0 0 23 11 1 3 3 0 2 8 0 1 4 1 5 1 2 1 2 1 7 0 3 0 0 1 0 0 2 1 0 1 0 10 2 1 25 3 0 8 0 1 0 8 0 1 0 17 5 0 1 0 7 4 0 7 0 0 
15 2 17 352 1 1 0 2 2 0 3 36 3 1 0 1 0 40 0 50 4 10 0 1 0 0 2 13 13 0 21 1 47 35 118 10 48 6 1 2 8 1 0 1 10 0 0 0 10 0 0 21 102 0 0 0 0 2 0 10 0 1 4 0 
8 4 4 0 0 0 0 9 2 0 15 1 0 5 8 10 1 16 6 0 6 0 0 5 1 10 1 0 0 0 51 2 3 1 1 0 1 2 50 0 6 2 0 2 46 11 17 6 0 0 0 1 2 16 5 1 1 6 27 3 7 2 0 39 
0 2 0 1 5 0 21 1 0 0 1 1 9 0 2 8 3 0 0 6 3 2 11 0 3 1 15 1 0 2 1 23 0 1 1 7 0 3 2 2 5 0 1 0 0 11 25 10 6 0 10 0 1 0 5 49 2 85 4 0 2 31 4 1 
1 3 13 70 0 5 0 3 3 3 0 75 1 17 7 9 1 3 13 1 72 22 5 0 0 0 4 0 45 2 0 4 1 0 1 37 1 3 2 6 0 0 0 5 4 1 1 1 0 0 54 2 7 0 93 0 0 1 2 0 0 22 4 0 
9 0 0 0 0 5 21 0 1 15 7 4 1 4 0 43 12 3 32 0 5 1 6 3 2 2 1 0 3 4 0 0 1 8 6 6 6 2 3 99 0 0 1 87 0 2 0 0 0 6 0 0 6 0 0 0 2 2 16 1 0 0 18 16 
2 0 0 4 6 5 1 0 0 1 4 4 1 67 1 40 4 6 0 37 0 3 2 1 6 2 0 32 5 7 1 3 2 8 19 0 175 14 14 1 0 9 0 3 7 10 0 0 1 2 5 1 1 0 0 0 4 1 5 25 23 0 0 0 
12 5 0 2 2 1 85 0 0 1 6 1 4 0 3 13 1 8 1 0 0 32 4 0 0 14 4 4 0 0 1 1 11 0 4 1 2 1 40 1 6 0 6 12 1 79 24 88 4 9 47 2 7 5 7 17 0 4 0 0 1 1 15 1 
8 8 5 0 8 1 2 0 1 133 1 3 1 5 10 0 0 1 3 3 0 0 0 6 0 1 4 25 4 0 41 4 1 11 1 1 6 61 0 0 0 9 18 1 0 1 0 273 3 1 3 2 76 19 8 0 0 0 0 41 1 0 8 0 
1 1 0 0 4 1 0 3 15 3 3 21 1 4 0 0 0 0 0 5 0 1 7 6 0 1 215 2 2 6 3 0 3 15 315 0 1 1 26 138 9 0 5 7 0 2 1 8 14 62 1 7 1 11 0 1 1 7 5 1 2 0 0 1 
1 0 6 1 87 2 1 6 0 62 2 2 0 0 27 0 8 5 0 2 6 5 1 0 0 1 0 0 6 0 0 1 1 1 17 1 0 3 0 1 2 5 1 1 0 3 4 3 1 10 2 8 4 0 0 14 0 22 28 5 2 0 0 8 
1 6 6 3 1 1 0 0 1 0 1 0 9 6 1 0 6 1 0 2 2 0 0 8 1 9 0 0 3 0 4 1 3 5 6 0 0 9 0 0 0 0 5 0 0 1 1 0 26 0 22 1 13 0 1 5 14 18 362 1 14 1 0 8 
1 2 5 0 19 0 1 2 12 0 3 15 0 1 14 14 2 0 1 0 0 9 0 43 0 0 0 3 0 1 1 0 1 0 4 6 0 0 0 5 6 3 19 3 0 16 0 20 4 4 1 0 0 1 4 2 0 1 4 2 2 7 2 1 
1 13 0 40 4 14 2 7 1 3 8 15 1 1 10 1 6 0 2 2 1 10 25 36 2 87 0 16 3 12 4 17 1 1 1 4 1 0 1 2 1 30 0 4 1 95 4 0 0 6 0 1 1 3 0 0 4 7 1 1 5 0 0 0 
4 8 3 1 2 0 0 1 0 16 0 2 1 8 1 0 0 1 0 1 0 1 2 1 1 0 9 0 0 1 8 4 1 31 0 20 0 7 0 0 1 15 3 0 2 0 0 9 1 1 0 1 0 12 0 34 1 0 0 0 9 38 13 3 
5 46 4 1 0 0 0 0 1 0 8 12 0 0 0 37 1 23 0 147 0 0 0 0 4 21 1 3 1 0 5 27 3 2 14 0 2 3 2 9 0 10 19 4 0 6 1 1 0 6 0 0 1 0 0 0 1 23 1 0 2 6 0 0 
1 0 0 39 6 0 0 2 41 1 29 4 15 33 4 4 0 5 1 3 1 35 1 0 0 4 11 0 0 1 4 0 9 0 0 3 0 0 3 15 0 0 13 4 23 16 5 6 9 0 2 6 0 0 0 0 0 0 0 1 1 2 3 10 
2 1 0 19 1 10 0 0 5 35 6 1 0 0 10 1 1 0 0 0 21 1 3 3 0 7 0 29 1 2 0 7 15 28 0 11 31 1 0 6 33 1 20 0 17 0 0 6 5 2 5 7 0 5 1 1 4 1 2 1 8 1 3 0 
6 1 3 0 4 0 8 0 2 3 21 1 1 1 1 0 0 3 1 9 0 7 0 0 0 30 0 48 0 5 0 3 3 1 1 7 13 1 4 0 0 1 4 8 0 4 1 0 2 0 0 1 2 2 0 5 7 0 0 1 0 0 0 2 
57 1 0 0 13 26 8 5 1 0 0 1 0 0 0 2 15 1 3 2 1 0 0 7 5 0 1 4 0 2 0 13 3 45 5 0 3 4 168 4 1 0 1 5 3 0 0 1 3 0 1 5 7 1 0 2 1 4 0 1 6 1 2 5 
1 7 2 4 0 0 3 2 1 29 4 1 1 3 1 1 1 3 10 1 0 1 0 4 0 15 0 2 0 6 1 11 10 5 93 0 6 0 55 0 0 13 0 57 0 2 12 0 1 0 0 0 0 21 1 0 0 0 3 18 1 0 1 2 
6 2 0 1 0 0 0 0 5 2 6 6 5 1 15 4 0 1 0 4 0 4 0 0 0 0 4 0 20 1 9 27 2 4 14 1 0 0 45 0 46 0 1 3 1 1 3 5 1 1 3 9 27 0 3 6 0 227 0 0 0 228 9 0 
1 2 0 0 2 0 1 4 0 0 1 1 8 0 71 2 7 4 0 0 5 0 0 1 6 0 58 2 0 5 5 0 0 1 3 192 10 1 1 215 1 0 7 0 10 0 3 0 3 0 0 3 1 1 3 1 60 49 0 0 3 0 32 14 
1 2 7 0 1 3 156 22 3 1 0 0 0 11 36 1 1 1 0 2 25 1 5 0 11 0 2 3 0 6 6 2 0 1 1 1 0 0 0 4 4 2 19 1 0 8 40 3 5 2 1 0 0 0 0 0 0 27 0 15 2 0 1 29 
1 0 1 0 3 1 33 24 2 0 0 3 35 1 2 0 7 3 0 1 9 12 0 1 14 13 0 0 1 1 0 1 0 1 6 4 0 0 1 12 0 2 0 1 1 3 44 2 0 3 214 1 3 0 4 1 0 1 1 12 45 2 1 0 
20 2 0 0 0 0 7 0 6 78 0 0 0 1 0 33 0 3 3 0 0 1 2 0 1 7 1 1 0 6 4 2 0 13 0 1 26 5 1 7 0 0 11 1 3 2 2 16 0 0 6 2 2 0 0 1 3 3 9 6 0 15 12 1 
0 3 3 0 4 6 0 1 5 0 1 0 5 2 1 0 25 2 0 0 0 35 2 5 12 5 2 0 6 2 28 0 0 2 0 5 0 8 2 0 2 0 1 0 405 0 0 2 9 0 31 1 7 0 3 0 5 2 1 10 12 0 0 4 
0 2 1 0 0 0 1 2 11 1 0 14 0 1 1 2 0 0 1 2 1 0 0 30 0 0 0 1 13 0 0 3 1 4 11 8 0 1 0 1 3 1 4 1 0 77 3 1 2 0 10 4 4 2 16 17 2 0 1 0 2 3 0 1 
2 1 3 0 1 0 103 2 3 0 8 30 0 4 5 0 3 0 1 0 0 0 1 23 0 27 45 0 0 6 16 2 7 0 0 1 6 13 0 2 29 8 5 5 3 46 0 0 0 6 0 1 5 1 67 0 7 2 6 10 8 0 26 1 
0 2 5 0 0 4 183 1 9 0 98 10 4 3 24 1 2 0 0 1 6 0 2 4 36 26 2 0 2 1 2 1 2 4 5 8 1 1 1 0 0 2 0 3 1 11 0 0 7 0 0 1 2 0 0 27 0 0 31 8 13 0 4 1 
1 7 6 27 5 1 0 5 6 0 3 3 0 7 1 21 13 18 1 2 0 0 4 0 3 41 2 1 6 12 2 0 50 1 58 4 1 7 9 6 60 8 0 0 11 65 0 10 0 5 9 3 4 4 1 0 45 3 1 3 8 20 42 3 
0 1 0 8 0 0 0 5 1 3 11 1 3 0 0 3 1 8 12 3 9 1 0 8 1 3 16 0 5 1 2 2 0 0 2 0 23 3 1 0 4 0 1 0 0 19 87 1 1 0 28 1 1 0 5 0 5 2 1 17 32 0 164 1 
1 19 1 0 0 3 19 3 0 0 11 1 0 0 23 3 1 4 0 0 1 5 0 17 0 4 0 2 1 1 4 0 0 2 0 2 0 8 0 5 1 3 1 0 18 5 3 8 6 2 6 1 0 3 0 1 6 1 5 0 0 2 0 1 
4 10 1 0 4 7 3 8 5 0 3 32 0 1 1 19 3 0 0 0 1 1 0 102 17 7 0 32 23 1 1 2 6 1 0 0 1 0 37 1 0 1 187 1 1 0 0 1 0 0 1 0 81 2 58 0 0 8 1 10 0 0 0 0 
0 0 10 0 1 0 4 2 22 3 22 10 0 1 11 1 28 2 0 5 0 5 1 180 2 0 52 0 2 7 2 24 1 1 6 6 25 18 1 0 0 2 1 15 18 10 3 6 0 5 6 0 5 0 4 103 0 1 235 6 0 1 6 8 
0 9 1 0 0 1 1 0 9 24 10 2 5 11 0 0 1 0 0 0 1 0 9 1 0 3 0 1 0 11 1 1 0 0 0 0 45 6 79 3 105 9 5 2 0 2 2 12 2 0 1 0 1 0 1 46 19 0 8 0 0 1 0 2 
0 1 0 1 0 1 1 1 4 11 9 6 1 2 5 2 1 8 0 2 0 1 0 0 3 19 1 2 0 1 18 1 39 1 1 81 5 0 0 0 20 1 1 2 1 0 3 2 0 0 1 6 0 1 1 0 15 0 1 29 2 6 0 1 
3 5 8 0 0 1 5 1 0 0 2 9 0 0 0 0 79 5 0 0 0 0 1 7 4 2 0 4 17 3 0 0 0 2 5 0 10 0 0 4 1 18 4 0 0 1 3 1 38 0 0 0 6 0 0 0 5 10 0 0 0 0 5 1 
3 0 0 0 3 26 16 1 1 1 2 11 2 86 0 6 13 1 1 0 0 4 1 1 1 20 2 40 0 0 0 0 0 0 3 1 2 1 3 1 0 9 4 0 0 229 1 1 0 1 1 8 0 0 0 1 0 9 1 21 1 9 2 0 
1 0 9 0 3 9 1 0 0 1 1 0 0 8 6 7 2 2 28 1 3 2 1 0 0 24 0 0 0 1 1 4 0 1 1 0 9 0 0 6 0 0 2 13 0 24 0 9 2 11 0 0 0 5 13 14 1 2 13 1007 0 0 3 9 
2 0 1 2 3 0 1 6 10 1 0 5 0 22 16 0 1 0 0 1 16 0 61 8 0 0 0 0 2 1 1 8 2 0 1 6 2 1 0 10 1 12 0 0 3 0 0 22 2 26 0 5 8 0 1 1 2 0 0 4 6 0 3 1 
15 0 0 10 32 0 1 1 7 27 0 2 1 1 113 20 24 1 0 1 0 0 10 10 0 0 0 13 0 0 3 0 0 0 1 15 0 3 0 0 2 2 1 4 1 11 2 0 7 1 103 1 1 3 1 0 0 8 2 57 0 0 164 0 
3 0 6 8 2 3 0 6 18 0 0 1 2 0 0 11 7 25 45 1 0 6 0 12 13 2 2 1 2 37 4 1 0 7 0 2 0 1 0 1 1 0 7 0 1 0 0 18 9 0 6 3 0 1 1 1 8 10 6 2 0 0 1 0 
1 5 1 13 10 0 5 11 0 271 31 1 1 1 1 75 0 1 1 7 0 0 2 2 1 14 0 2 1 3 1 0 186 0 2 0 0 0 1 0 10 0 8 9 0 0 1 11 1 3 50 1 2 19 1 14 0 0 0 0 2 0 0 4 
2 0 5 5 0 1 2 1 0 0 1 0 2 2 12 82 4 117 0 2 5 2 66 25 2 2 11 16 4 0 0 1 0 1 9 1 0 14 9 0 51 3 0 0 1 9 1 19 0 0 3 6 3 0 1 4 0 1 4 0 0 0 0 0 
3 0 7 10 1 5 5 1 0 0 6 6 28 6 1 13 0 7 1 0 1 5 2 1 0 2 1 180 0 13 0 0 2 1 0 0 0 1 0 7 0 6 2 0 3 0 13 0 31 3 0 13 8 0 10 25 1 0 0 1 3 1 1 21 
2 1 1 0 0 5 12 0 2 1 8 2 1 6 1 12 0 7 3 64 0 7 2 1 0 0 16 0 5 0 13 19 1 5 1 3 0 15 0 6 5 0 0 1 59 1 0 0 18 10 1 0 0 0 0 3 2 1 0 2 0 0 2 2 
2 0 0 6 2 18 15 2 1 1 1 0 0 4 2 4 0 2 2 0 0 2 6 11 1 1 1 79 2 3 1 0 37 1 0 5 2 18 0 2 0 2 1 0 1 112 0 1 3 0 0 7 0 1 1 12 9 1 1 0 0 2 0 62 
2 0 0 4 0 0 258 0 5 0 0 0 9 0 4 0 0 20 1 1 1 3 1 5 1 8 0 0 0 0 3 175 2 28 0 2 22 0 1 9 10 29 2 0 1 0 1 20 0 10 0 3 0 3 12 1 1 1 0 1 1 1 0 2 
7 3 3 3 1 19 27 1 0 0 3 2 7 0 23 14 0 1 9 7 0 10 0 5 0 8 4 0 3 0 0 1 1 2 0 1 0 10 0 0 4 0 32 2 8 4 2 0 5 7 0 1 2 1 51 11 0 0 0 1 0 23 1 0 
55 0 9 0 9 0 21 3 12 1 6 7 28 2 41 2 2 1 6 0 0 2 1 1 0 2 4 1 0 5 20 41 2 11 0 32 1 6 90 0 19 0 0 8 0 1 1 0 0 2 2 0 0 1 0 1 3 1 1 22 11 0 1 9 
33 5 0 1 0 3 7 24 0 0 4 7 0 0 1 2 0 1 0 1 11 10 0 5 18 0 11 1 3 0 1 1 1 1 2 2 12 20 12 16 0 0 2 2 2 5 0 10 7 0 0 30 1 1 26 32 5 1 0 0 0 49 2 3 
2 0 0 18 16 1 0 1 22 0 76 1 1 0 9 10 0 0 3 3 4 0 0 4 0 1 3 0 0 99 4 5 4 6 17 0 41 1 2 2 0 2 0 9 1 2 3 7 1 0 0 6 3 0 0 0 0 6 1 2 1 1 2 0 
2 20 8 9 0 1 2 0 6 3 0 0 5 0 6 0 2 0 0 0 3 14 0 3 41 1 0 0 1 1 0 0 1 1 2 0 8 0 0 8 6 3 0 0 1 1 3 2 2 0 3 2 0 1 9 1 0 2 7 4 1 1 2 2 
0 3 2 5 1 5 10 19 3 0 4 2 0 0 34 3 26 3 7 10 1 0 8 0 0 1 3 1 0 10 1 0 1 0 5 0 0 0 0 2 46 0 1 4 0 1 1 0 3 0 209 6 7 3 0 21 9 1 1 1 1 0 2 0 
1 0 5 1 0 6 29 1 2 0 3 1 1 9 1 2 2 9 3 0 1 0 20 8 0 18 0 3 5 0 1 1 11 0 1 0 2 1 0 0 8 1 1 2 1 2 1 1 1 1 1 8 34 1 0 9 2 0 0 3 0 2 0 30 
2 0 1 1 1 2 1 42 1 0 13 4 2 6 6 3 6 1 1 0 0 0 1 353 1 16 0 2 3 8 5 3 0 1 33 6 0 0 0 0 0 1 4 0 0 48 13 0 5 8 0 10 8 0 1 3 1 5 10 0 0 0 1 1 
0 0 3 0 1 7 2 0 0 0 3 0 1 1 0 1 1 13 0 0 89 194 27 2 0 0 2 8 0 214 3 0 2 0 0 3 3 0 0 1 0 0 1 6 6 0 13 32 3 16 4 0 6 83 4 1 5 1 1 0 0 5 8 0 
1 10 1 8 9 0 0 2 0 21 27 16 1 18 0 4 0 2 1 0 5 12 1 1 0 1 2 1 1 0 1 2 0 2 1 4 12 0 0 1 9 2 1 8 2 0 4 33 2 0 2 22 9 34 1 0 21 2 3 0 8 0 5 12 
1 15 8 4 0 2 0 0 22 0 0 1 0 0 3 0 6 0 3 8 70 0 1 0 0 0 1 2 4 26 1 9 0 0 0 3 2 0 8 0 0 19 2 1 1 37 1 4 2 10 0 2 3 3 2 0 0 19 0 2 7 0 4 1 
6 1 0 0 8 6 2 3 10 0 1 15 0 0 1 2 1 16 0 2 1 5 2 0 27 41 0 4 11 2 1 0 0 2 11 2 2 7 10 4 1 0 72 2 27 8 1 0 1 18 1 0 4 0 0 3 0 21 0 2 0 3 0 0 
0 6 8 0 2 6 10 32 39 4 7 5 2 1 4 1 14 11 1 48 0 0 3 4 0 56 1 4 4 0 65 2 53 0 62 4 1 0 5 6 7 1560 1 20 5 0 4 2 1 7 4 1 7 0 0 6 7 1 8 1 4 13 0 1 
3 2 0 1 0 0 1 3 3 0 2 0 1 9 0 2 2 2 0 0 0 3 4 7 2 0 57 0 0 1 10 0 0 1 1 1 9 2 1 7 0 0 14 1 0 12 6 5 2 0 5 6 1 0 4 0 42 20 2 0 5 6 3 0 
4 94 1 2 0 1 0 0 0 19 1 10 1 0 1 1 0 0 0 6 5 11 7 3 10 0 0 0 2 0 3 0 2 1 10 11 0 7 28 0 0 13 0 1 3 5 6 4 0 0 5 1 2 9 1 0 2 0 5 1 1 2 0 1 
0 2 8 31 1 3 1 12 3 1 11 0 37 2 126 2 4 0 2 0 5 3 2 12 0 1 1 16 3 0 1 3 1 37 12 0 22 40 0 0 11 23 0 0 66 1 0 2 0 0 1 1 3 3 0 1 0 0 2 0 2 2 1 1 
5 0 1 2 2 0 4 0 5 11 56 1 40 18 0 0 3 6 1 0 2 19 4 0 1 100 2 2 0 2 5 2 0 3 1 15 3 2 0 43 0 2 11 23 0 1 0 24 0 20 7 0 7 1 1 8 1 0 0 6 23 0 0 1 
1 14 8 0 0 3 0 11 1 78 0 15 1 3 44 1 29 0 1457 6 0 1 3 0 0 0 1 6 0 1 7 2 0 0 0 1 0 0 4 0 2 1 23 0 89 7 26 7 4 0 0 0 9 1 22 1 5 12 0 1 1 1 6 0 
2 26 0 2 8 7 1 0 25 3 3 0 0 5 4 0 0 3 0 0 9 9 0 7 3 5 5 1 22 4 1 6 3 5 0 0 20 3 1 0 0 1 2 1 1 1 2 0 6 20 0 0 23 1 0 11 0 0 0 9 9 7 4 7 
0 0 18 1 3 0 0 1 3 2 1 1 2 0 2 14 8 0 74 1 1 39 9 0 2 1 0 0 0 1 2 0 1 1 0 2 5 3 11 411 1 0 0 0 0 1 0 12 2 1 6 0 3 4 0 2 0 31 0 0 0 1 1 1 
6 1 16 0 1 0 1 0 2 25 3 1 12 2 11 0 14 0 58 0 0 2 1 0 2 0 0 3 0 1 10 9 0 0 3 0 0 1 19 1 6 0 59 9 0 0 7 3 6 1 0 0 0 1 1 88 0 0 2 1 2 12 2 1 
17 5 2 36 9 4 2 0 9 0 11 0 1 0 0 0 2 2 1 23 1 1 0 3 0 0 1 1 0 0 0 0 29 2 3 8 1 1 0 80 0 5 0 7 0 18 6 20 6 1 0 13 40 9 0 3 0 13 1 12 1 10 0 0 
0 11 0 0 0 0 0 5 0 22 3 1 1 0 2 0 1 6 0 5 2 9 114 0 1 19 2 0 0 0 1 6 21 5 4 13 6 9 0 1 2 1 3 0 0 0 2 4 9 7 0 0 0 0 1 0 54 1 2 0 0 0 0 1 
0 8 0 5 2 2 17 0 2 0 18 2 5 4 25 1 2 0 26 3 9 5 1 1 19 0 23 0 4 1 3 3 4 2 15 3 0 1 0 8 7 42 2 2 29 0 1 2 43 3 1 0 1 5 1 2 1 0 0 1 5 19 4 0 
2 6 95 3 2 11 0 2 13 37 1 1 0 0 1 4 9 0 95 1 7 5 0 2 7 1 0 4 0 3 0 24 1 0 21 78 2 0 9 6 0 1 2 2 5 0 0 0 0 7 1 0 0 1 2 0 6 26 4 1 1 2 2 0 
1 5 3 5 3 54 2 3 20 1 7 0 8 0 4 0 18 0 0 0 4 31 1 1 0 1 1 1 0 1 8 0 9 1 54 0 0 2 2 1 4 25 4 2 4 1 8 2 0 1 10 9 1 3 3 0 1 9 0 0 2 43 0 0 
0 0 0 0 1 2 2 0 19 0 40 0 0 2 1 6 0 10 0 9 0 3 0 1 1 1 0 6 1 1 0 2 2 7 0 11 0 0 1 6 0 14 1 1 0 1 1 0 6 11 0 1 1 0 32 7 0 0 0 0 13 1 1 3 
2 4 2 23 36 2 1 2 0 10 57 0 2 2 4 0 1 0 0 2 2 0 5 2 3 3 0 0 1 2 6 0 1 10 0 0 4 1 52 0 6 0 1 1 1 1 1 1 1 62 0 3 3 0 1 0 0 37 3 6 16 0 3 3 
3 0 3 1 0 1 3 16 1 1 0 2 6 1 2 96 1 10 6 2 1 0 2 8 9 1 0 3 5 1 0 5 0 1 1 1 1 7 1 8 0 0 0 0 3 2 1 0 0 1 0 0 0 4 9 3 2 0 0 43 1 1 0 0 
116 0 15 0 1 4 0 22 0 0 0 2 0 0 1 32 7 13 18 46 0 149 2 11 7 0 0 0 2 0 0 917 1 2 10 3 1 0 0 0 4 2 1 40 8 9 1 12 12 0 0 0 0 40 1 0 1 1 8 0 0 1 4 1 
2 1 11 1 30 0 12 0 0 14 0 0 4 7 2 9 32 0 0 0 4 10 2 28 93 0 7 8 3 4 4 2 4 8 3 0 2 0 2 0 0 10 0 13 0 0 10 17 1 1 3 1 0 5 1 19 5 0 1 0 2 0 9 1 
3 1 2 10 2 1 1 20 0 1 0 4 1 1 0 1 0 135 3 5 0 16 31 18 21 1 0 2 2 1 1 0 9 37 0 1 43 0 3 1 0 0 0 37 0 32 2 6 1 0 12 2 0 2 5 4 0 0 0 13 1 5 8 0 
0 15 13 1 0 1 0 1 1 3 4 0 9 9 0 0 0 1 0 6 1 2 0 4 205 0 0 2 20 0 34 0 0 8 1 0 5 2 1 0 69 0 1 0 54 5 42 6 6 2 1 1 5 0 1 0 40 10 2 0 1501 10 1 0 
1 0 7 9 2 2 3 1 0 1 0 2 0 43 102 107 11 2 1 0 1 14 4 2 3 3 5 20 10 1 3 1 2 0 1 0 4 1 9 0 1 1 0 1 7 27 4 5 1 1 2 10 3 2 0 1 0 9 3 0 2 12 0 0 
2 2 3 5 0 1 18 0 0 9 114 0 2 3 15 0 33 2 17 0 0 1 8 3 1 2 0 1 3 1 1 45 2 0 43 20 2 21 12 3 7 1 11 3 4 15 3 18 2 1 34 3 1 9 0 0 1 1 0 6 3 1 60 0 
0 2 1 1 0 0 5 2 9 0 1 0 23 1 7 8 31 1 149 0 0 0 0 6 23 6 5 11 10 1 0 1 0 25 13 0 6 0 9 90 3 0 0 175 0 2 7 0 12 14 1 0 54 0 0 0 4 23 0 0 4 15 5 534 
19 3 0 0 10 3 54 0 12 5 0 1 15 1 16 5 1 7 0 0 7 0 1 2 0 3 5 0 0 2 0 0 1 0 1 8 8 2 4 8 0 1 12 0 3 1 30 9 1 3 1 1 3 4 0 0 23 0 1 0 0 27 1 0 
0 1 6 6 1 0 0 0 5 1 8 1 1 0 0 0 7 1 15 3 4 15 9 1 0 8 0 1 0 149 33 0 1 2 2 1 17 0 2 1 0 5 2 1 0 0 10 5 0 2 8 6 2 7 0 0 3 0 10 2 0 2 8 1 
2 18 3 2 0 0 3 1 13 3 2 10 2 0 13 10 0 2 23 0 14 0 1 5 1 1 20 3 4 0 31 8 3 0 5 12 4 6 3 28 0 2 2 14 0 24 0 0 0 1 6 0 9 1 3 3 0 6 0 5 2 1 0 0 
0 35 6 0 0 3 2 3 2 13 87 1 7 1 0 4 3 0 1 17 3 2 0 10 0 7 0 5 3 0 2 1 0 2 1 2 1 1 0 1 12 1 89 3 0 4 3 0 1 0 2 5 1 4 0 1 4 0 1 0 1 4 0 0 
3 2 7 0 2 1 1 0 10 0 0 26 44 0 76 6 0 6 0 39 1 0 11 1 0 73 4 0 5 1 0 19 6 0 1 0 3 1 198 26 2 1 8 2 7 3 0 0 0 5 0 0 3 3 1 14 4 2 21 4 2 30 27 4 
2 1 1 0 6 0 3 0 3 1 0 26 6 0 14 1 0 4 5 0 0 0 0 0 0 1 5 1 0 0 19 0 2 0 1 3 1 6 1 2 0 4 11 0 0 3 1 1 0 2 0 6 22 0 1 0 8 9 4 3 9 3 0 2 
3 0 0 6 2 18 1 1 0 2 34 0 5 3 2 0 1 1 9 2 10 25 53 0 5 0 52 21 1 0 0 0 1 0 1 1 373 3 5 20 8 3 0 0 3 7 0 0 1 29 2 92 3 0 1 7 1 0 1 2 0 4 0 8 
108 15 0 0 3 1 1 19 22 1 14 1 2 7 2 15 1 4 2 15 0 56 6 0 3 1 2 4 0 2 5 6 0 0 27 0 92 5 0 3 7 0 0 3 3 3 32 7 6 1 1 0 10 2 0 3 1 0 49 2 1 1 0 0 
0 5 0 7 1 0 6 9 7 28 2 0 0 4 4 0 0 26 8 1 0 0 8 78 0 2 1 2 0 0 3 11 1 9 30 2 8 29 0 1 1 8 0 1 0 15 0 17 1 1 4 0 0 2 1 9 0 0 0 6 1 0 21 0 
36 6 2 0 0 4 2 3 3 2 10 3 3 0 0 0 0 0 0 0 2 4 21 0 6 3 2 3 27 0 0 5 1 0 0 5 2 9 4 1 20 0 3 13 2 3 1 0 1 0 0 2 0 0 4 0 5 4 13 0 0 4 14 2 
0 0 0 15 2 2 0 30 1 1 2 8 1 3 5 0 0 0 0 7 4 0 5 2 46 6 4 23 0 0 55 1 2 0 0 0 19 1 4 1 0 1 0 3 33 0 0 7 0 3 5 2 3 17 1 6 1 7 10 0 1 0 28 0 
0 0 0 11 2 0 0 5 1 3 0 0 2 2 0 3 2 14 1 0 0 1 0 0 23 1 1 2 5 2 0 19 0 2 1 2 1 4 62 0 0 6 0 16 1 2 1 61 0 0 0 11 29 3 24 0 7 0 28 16 8 1 0 4 
2 0 22 11 6 17 1 0 2 5 0 1 14 12 2 7 6 3 9 0 1 0 67 5 0 26 0 0 1 18 12 14 4 1 0 0 3 5 4 4 0 3 38 0 0 0 1 9 3 14 0 17 2 3 0 0 0 1 3 2 0 5 0 0 
18 11 2 0 0 2 2 7 29 0 1 0 2 11 4 1 6 0 1 4 3 1 3 2 0 7 0 1 2 4 40 1 1 0 1 1 35 21 9 22 2 1 0 0 0 0 2 17 1 11 6 3 0 1 3 0 1 0 0 0 2 1 0 5 
5 1 1 6 0 2 5 8 6 6 6 1 4 0 1 0 7 8 1 123 1 4 1 4 0 0 1 0 5 2 1 0 9 23 1 1 14 0 21 26 3 0 3 6 4 0 0 7 0 2 1 0 1 9 1 29 3 1 0 4 1 3 1 50 
0 1 0 0 0 1 1 0 19 7 2 21 0 11 6 0 11 1 8 17 38 2 2 1 1 0 0 5 0 20 217 0 0 33 0 0 0 18 38 13 5 2 23 1 3 21 1 10 0 1 1 0 1 4 6 4 1 7 2 0 0 0 1 5 
2 27 1 0 0 2 11 0 0 29 2 2 11 0 1 273 0 4 5 0 2 6 0 15 3 2 0 8 0 0 12 1 5 118 0 2 1 7 2 1 25 1 0 0 10 0 0 0 15 3 7 0 1 1 3 0 0 36 3 1 4 22 1 1 
32 0 3 7 0 28 1 2 0 5 5 0 4 1 1 33 0 16 1 1 1 0 1 2 1 4 0 9 17 0 0 2 8 0 1 0 5 1 1 11 0 0 3 2 0 5 20 1 0 5 0 0 3 0 2 2 0 1 1 3 0 1 4 1 
0 2 8 6 0 0 0 8 0 6 0 15 11 4 0 10 0 3 1 7 3 1 3 1 0 2 0 2 1 6 0 2 1 1 1 0 1 9 24 0 0 0 0 1 0 3 0 0 1 235 0 32 2 0 10 23 0 1 16 2 1 1 8 1 
2 2 22 2 0 1 1 26 1 19 0 13 46 207 1 0 1 0 0 1 1 4 0 9 2 6 17 4 4 10 3 6 10 0 11 0 1 1 3 17 5 3 6 6 1 0 0 6 3 0 8 0 1 2 2 1 2 20 3 0 30 7 1 3 
11 13 11 2 0 0 5 2 20 6 29 0 0 0 0 2 3 59 3 0 0 1 0 8 0 2 9 11 2 4 14 0 8 0 3 1 3 0 3 19 72 0 0 0 0 9 4 86 0 6 0 16 9 5 7 10 7 1 1 0 2 2 1 1 
8 1 2 3 0 1 2 0 0 2 0 0 7 4 0 0 36 0 0 0 1 0 0 12 3 3 44 89 8 5 1 45 0 5 0 39 3 2 34 0 1 48 9 0 1 0 25 0 0 8 11 24 0 0 1 0 51 6 0 0 1 1 2 2 
1 0 3 1 8 4 2 1 4 6 0 1 2 1 0 40 0 2 1 2 0 0 3 5 5 0 8 1 4 26 1 1 0 0 7 1 10 0 14 0 0 46 2 27 0 0 0 46 0 2 0 3 0 129 2 7 0 4 7 6 1 1 5 1 
3 1 0 0 0 1 0 0 18 6 0 4 0 10 28 8 0 4 0 2 2 0 0 5 0 0 0 2 21 0 3 0 2 0 0 1 4 2 2 1 2 23 5 14 2 0 1 15 0 26 1 12 5 0 8 0 0 0 1 3 1 0 3 0 
0 1 0 0 4 10 1 1 1 0 0 4 1 2 6 2 1 0 0 1 1 3 11 14 0 2 0 10 2 0 3 6 1 11 0 2 1 1 2 0 0 10 0 13 7 0 10 0 0 10 9 2 3 0 32 0 3 0 1 1 1 2 0 1 
3 6 2 20 3 0 0 4 0 1 25 3 0 0 9 2 0 1 0 0 0 0 0 2 67 0 0 0 7 0 7 5 29 1 0 3 3 0 0 102 119 13 0 0 1 2 1 0 8 0 2 7 3 39 0 23 6 1 0 2 0 10 1 1 
2 46 0 1 0 10 1 32 0 0 0 105 4 1 0 11 4 4 12 0 0 4 4 0 0 0 1 0 1 3 0 1 1 1 0 0 1 7 0 13 0 1 1 5 1 4 16 0 0 5 0 10 8 5 1 24 0 2 7 18 1 55 15 0 
302 1 0 0 3 0 0 0 354 1 0 0 2 1 0 2 0 1 1 1 4 0 0 2 0 0 3 33 3 2 4 0 8 3 26 5 1 4 0 1 0 0 0 0 0 2 0 3 12 4 8 5 0 1 1 1 0 0 0 1 8 0 0 1 
3 4 0 7 2 4 0 1 36 7 0 52 1 1 9 2 9 0 10 0 3 3 0 0 1 0 0 1 0 0 13 0 2 14 0 1 0 1 2 1 2 0 0 4 1 2 0 1 4 5 0 2 1 5 76 2 0 0 2 0 15 0 0 2 
0 0 0 0 4 1 129 20 0 6 7 0 4 11 5 0 2 2 2 1 0 9 2 0 2 2 41 26 0 4 0 0 1 7 0 1 2 94 6 4 1 0 0 1 1 0 1 3 4 0 54 5 0 2 3 3 1 0 0 2 2 11 5 0 
1 300 1 1 22 0 2 1 0 2 0 2 1 0 1 0 0 0 0 8 1 0 1 6 0 7 0 1 0 0 1 0 11 0 9 2 3 0 0 43 6 0 0 0 5 0 1 26 2 0 71 1 11 0 16 14 1 9 6 31 0 17 2 5 
0 3 0 0 0 0 0 0 0 4 59 0 2 0 1 2 2 0 0 0 1 0 2 0 2 0 0 13 0 0 3 15 2 1 0 2 0 1 1 4 2 7 5 0 1 4 4 10 7 0 4 1 0 1 2 0 0 39 2 1 5 4 1 9 
0 1 0 17 0 7 0 2 9 3 3 1 0 0 12 6 0 0 1 16 1 4 3 7 58 7 0 0 0 4 0 0 1 101 1 1 14 2 11 0 0 371 0 0 25 27 4 0 1 2 0 0 1 0 2 9 0 0 0 0 50 5 11 4 
0 0 3 3 115 0 15 17 10 1 1 0 3 1 0 0 0 3 0 0 134 0 0 10 1 0 4 1 1 54 0 0 1 2 4 4 6 18 2 1 0 1 1 1 1 3 30 0 23 1 5 5 2 7 5 1 7 1 0 0 11 8 2 94 
1 2 0 2 17 2 2 0 0 0 6 2 5 0 0 22 0 0 0 5 0 1 1 11 9 9 1 0 7 1 3 0 0 3 2 1 0 0 0 2 8 3 0 1 0 2 0 1 8 9 2 1 0 0 7 203 3 0 1 0 0 1 17 0 
0 2 3 1 0 12 55 2 56 4 29 1 2 7 1 4 0 2 6 7 6 0 1 19 0 1 0 4 7 0 0 12 0 0 0 3 9 1 0 3 1 1 4 0 0 0 0 1 1 0 65 0 0 0 2 4 8 7 5 2 1 10 10 12 
15 16 2 3 24 1 0 1 2 4 2 5 4 0 25 0 4 0 0 5 0 3 0 2 7 14 0 0 2 0 6 1 34 7 5 23 25 0 1 13 14 0 0 21 6 2 1 9 0 18 1 0 29 0 0 0 0 0 147 4 3 1 5 1 
11 2 4 1 0 0 2 2 171 4 80 1 2 0 0 0 2 0 0 0 6 1 1 1 0 0 0 9 0 1 3 4 3 0 0 0 1 1 0 1 1 4 8 0 0 0 25 15 1 0 0 0 12 2 0 3 10 0 2 2 0 2 1 2 
2 0 42 6 0 3 16 0 1 1 1 2 0 1 4 7 0 1 1 0 4 1 1 10 0 1 2 2 0 1 0 2 11 0 0 6 0 1 2 0 0 17 0 1 0 1 1 7 14 13 5 0 8 2 2 17 0 20 3 8 1 0 3 1 
16 14 2 9 0 8 1 8 82 0 10 0 2 0 0 4 1 3 0 6 1 0 0 4 0 141 0 2 3 1 23 2 85 1 9 0 1 0 0 1 8 0 12 1 1 0 6 3 1 2 0 4 2 4 0 37 1 0 2 33 3 14 0 1 
1 5 0 0 16 1 2 2 0 1 0 2 0 0 13 3 0 10 23 1 0 7 1 3 0 5 0 2 23 32 0 6 4 5 3 1 6 64 0 3 0 0 1 65 0 0 0 4 33 0 1 0 10 0 9 0 0 7 0 0 5 5 1 5 
0 0 20 2 0 0 4 1 2 0 0 0 2 12 1 1 6 12 0 0 7 0 1 5 7 4 1 0 3 1 0 0 1 1 1 0 1 0 0 0 0 2 0 0 4 8 1 0 6 29 1 0 0 1 0 120 10 1 11 1 6 0 1 0 
18 0 2 9 4 2 17 0 0 8 26 75 1 21 44 0 74 0 0 5 6 4 1 0 2 2 5 3 14 1 0 0 11 0 1 5 0 0 2 2 0 27 1 10 0 48 0 0 14 3 3 4 0 3 0 1 2 1 4 2 2 4 0 1 
0 0 1 0 1 45 0 2 2 6 1 0 0 2 0 1 0 0 0 9 4 0 2 78 0 54 44 0 0 2 5 2 4 3 8 1 0 0 0 1 0 2 4 0 1 2 6 0 1 1 33 0 0 1 0 12 0 0 0 2 3 1 0 1 
0 0 1 14 6 0 0 3 0 0 5 33 0 86 7 11 8 0 0 6 2 0 0 4 1 0 0 1 2 8 0 0 0 0 0 10 64 2 104 0 12 1 4 1 0 1 1 1 4 3 1 0 0 6 0 23 6 0 16 0 0 3 6 4 
0 3 4 1 0 1 3 0 1 4 1 0 1 5 12 9 3 0 2 3 1 0 2 5 16 2 4 0 10 20 0 4 5 0 0 2 0 1 21 13 27 9 3 0 0 0 1 4 0 2 10 5 23 1 3 0 0 3 2 1 0 9 5 0 
1 6 0 4 0 1 3 0 11 0 7 0 1 2 0 0 1 2 42 0 2 10 6 0 0 2 48 1 7 0 0 0 1 8 2 0 5 5 0 22 6 1 0 0 0 80 2 0 0 0 0 0 0 1 6 0 0 6 4 5 0 0 6 0 
4 1 7 3 2 6 2 0 0 22 2 3 0 2 0 51 1 4 4 1 9 0 1 43 13 0 3 43 1 24 1 0 1 1 0 0 1 19 0 9 23 5 266 3 3 0 2 0 34 20 2 40 6 3 0 2 0 5 3 0 1 7 1 1 
7 3 4 4 0 12 0 0 3 6 26 8 3 4 0 1 1 0 7 0 19 0 6 1 4 23 1 8 1 0 9 0 0 0 1 0 0 12 0 2 5 0 9 0 0 4 1 0 9 0 0 0 4 14 1 1 5 6 0 7 0 97 0 8 
0 5 2 29 3 2 0 0 1 0 1 1 0 0 0 1 0 46 1 0 8 0 3 37 0 0 1 0 3 0 0 5 4 1 0 0 1 15 0 11 0 4 2 2 0 3 0 0 2 1 1 3 1 8 1 8 0 1 9 0 73 20 0 0 
1 26 0 4 11 2 0 1 1 0 6 1 79 5 42 0 73 1 5 2 1 0 0 5 0 3 27 7 0 1 4 0 0 0 1 14 0 0 4 0 0 0 1 0 1 0 0 0 1 2 0 1 39 7 1 0 139 32 10 2 4 16 5 3 
1 46 0 0 0 9 1 4 0 7 0 83 2 3 0 0 10 6 19 15 2 23 4 2 8 28 0 0 0 4 0 0 1 0 0 0 6 1 7 0 1 32 0 0 1 0 0 10 0 0 2 0 64 0 8 3 3 0 1 0 14 0 2 0 
10 1 1 9 1 0 0 7 3 1 75 0 1 1 10 8 1 0 3 2 1 0 17 15 2 42 7 4 0 9 0 1 1 0 0 1 0 2 23 9 7 2 1 3 6 1 6 15 0 0 1 3 1 0 7 1 1 2 6 0 3 0 9 0 
12 20 1 0 3 0 0 1 1 0 0 1 4 1 0 0 3 3 2 1 1 1 0 5 7 2 0 31 0 1 4 0 8 1 1 6 0 6 15 6 0 11 2 0 0 0 0 0 0 4 0 2 0 0 1 1 8 0 9 7 2 20 1 14 
7 4 2 2 7 0 0 10 1 13 2 0 5 7 0 2 4 30 19 40 1 4 6 3 3 0 49 1 0 5 0 117 4 2 1 0 8 0 12 5 15 0 0 6 1 0 1 0 4 0 2 0 5 0 0 3 6 2 2 1 0 0 11 18 
2 0 0 2 10 0 0 1 1 0 9 2 6 1 1 0 9 3 5 125 2 1 5 8 0 0 3 0 0 51 0 2 2 18 2 0 1 0 6 0 4 3 1 3 1 1 7 0 7 31 1 0 0 0 0 9 49 26 10 0 3 163 9 2 
4 0 1 15 0 3 0 6 0 5 0 0 24 0 0 2 0 0 4 0 15 2 15 0 6 0 1 2 1 9 1 3 0 203 1 24 0 4 9 0 0 0 0 3 4 4 5 21 0 3 3 6 5 0 1 1 1 0 0 1 0 0 2 1 
0 0 432 0 0 0 23 4 0 0 2 0 25 3 1 1 0 0 18 0 1 0 2 1 2 1 8 8 2 0 0 0 0 2 31 19 1 0 0 0 0 1 3 0 12 4 0 0 19 2 0 0 1 7 1 0 1 0 3 0 0 2 1 12 
82 0 0 5 0 16 1 0 1 0 2 1 94 0 2 1 1 12 0 9 1 1 16 0 0 0 5 0 11 1 3 0 16 0 36 1 0 7 3 1 6 9 0 9 27 2 22 3 5 1 0 5 1 0 8 0 5 7 2 2 1 0 4 3 
11 2 27 0 1 1 0 4 1 5 0 1 2 0 28 20 1 1 4 0 18 0 1 1 3 1 0 2 33 13 1 5 1 17 1 1 1 0 12 1 11 1 2 1 1 1 1 47 0 1 0 0 1 4 0 2 1 4 0 0 5 1 0 2 
47 1 1 0 2 0 9 0 1 0 6 42 9 13 8 7 1 1 150 0 3 7 0 0 28 6 0 2 129 4 51 3 12 2 13 0 0 0 12 7 1 26 5 2 0 7 5 0 0 12 67 2 0 0 12 0 3 0 1 3 3 0 145 2 
37 0 9 4 3 0 7 0 10 0 29 1 0 1 0 0 0 8 1 0 0 2 0 1 1 3 0 0 5 10 0 1 87 0 3 32 4 4 1 0 4 13 0 9 6 0 10 65 5 1 4 0 4 7 5 5 0 1 0 0 0 1 86 2 
13 1 4 23 68 1 2 0 2 0 16 3 1 17 1 1 0 11 1 0 0 24 17 1 1 6 0 16 6 2 7 0 0 3 0 2 2 5 0 9 0 1 2 0 0 9 5 13 1 1 1 6 2 9 1 3 1 66 0 1 7 0 0 1 
30 0 6 0 1 0 0 0 8 2 0 0 3 15 10 0 0 5 0 1 1 0 0 185 33 0 0 4 1 1 4 10 56 2 1 16 0 6 21 30 0 1 2 4 4 1 0 11 9 27 0 1 2 1 1 1 5 1 1 0 0 0 0 1 
1 0 0 1 0 40 4 0 0 0 3 0 2 29 2 1 0 0 0 4 2 4 0 1 8 0 0 14 0 0 0 0 2 5 2 14 0 2 1 0 2 2 0 1 0 1 0 0 1 0 0 0 3 30 0 0 0 1 2 15 9 0 0 13 
0 6 6 125 2 0 1 1 1 1 0 0 0 18 0 0 1 27 1 19 2 8 1 0 1 23 8 40 0 0 104 3 0 3 3 0 0 5 26 5 5 1 4 5 9 0 28 0 47 10 1 32 1 5 1 1 0 2 31 0 10 2 0 0 
3 1 0 0 1 5 4 2 1 0 18 22 0 0 3 6 6 1 14 1 1 1 0 0 7 9 0 1 0 0 1 7 3 0 0 2 121 3 3 0 1 0 13 0 0 0 4 6 0 3 0 1 0 21 1 0 0 52 1 0 2 11 0 0 
0 0 3 0 15 3 0 4 0 6 0 0 0 4 3 2 1 0 6 3 0 1 1 0 2 2 1 0 1 0 6 0 5 0 0 1 8 0 0 1 0 2 0 2 8 0 15 4 0 1 0 15 0 0 3 5 0 1 11 0 17 2 3 2 
0 0 16 19 8 4 2 1 3 3 0 1 0 0 9 1 1 1 13 0 9 6 22 0 36 2 3 28 1 83 73 1 3 3 9 7 10 13 16 0 3 0 2 10 2 1 1 1 0 9 5 0 0 1 0 0 0 0 2 0 4 1 7 0 
0 0 7 1 1 69 1 0 1 1 1 0 0 9 5 3 2 0 36 2 1 24 0 5 6 1 11 0 5 0 4 0 2 3 0 4 0 2 0 1 1 0 3 0 3 1 2 0 3 4 0 0 1 2 5 4 2 0 0 12 3 0 1 0 
3 6 0 0 1 33 6 30 3 17 18 0 2 27 1 0 5 0 2 1 1 7 16 0 0 0 4 0 0 28 1 5 7 78 1 0 18 2 0 26 2 0 15 0 0 3 0 1 0 0 1 1 3 2 25 13 1 4 5 0 9 130 0 0 
0 9 2 3 0 0 5 1 11 6 0 0 0 0 1 1 0 1 4 3 8 0 0 1 1 8 0 0 5 1 0 1 16 0 3 0 0 0 2 2 0 0 0 0 4 2 9 111 0 3 0 1 1 0 4 3 0 3 4 10 3 2 0 10 
3 2 1 24 0 0 2 2 1 1 0 0 1 10 0 1 6 6 1 10 0 5 0 1 30 3 0 0 0 11 2 2 0 9 2 10 5 3 0 5 2 0 9 0 1 0 2 2 1 3 20 0 14 0 0 0 85 0 0 0 0 8 0 0 
10 1 13 0 4 0 1 0 1 9 12 0 0 13 1 0 2 0 0 0 1 0 2 1 0 0 4 0 0 1 0 0 1 0 2 0 3 11 10 0 9 1 1 110 0 8 1 18 8 1 46 0 1 3 0 0 0 1 0 1 0 1 1 69 
0 3 0 0 5 4 1 1 0 69 26 5 0 6 1 0 3 6 0 37 1 8 8 1 10 0 1 112 4 4 2 0 1 0 0 16 1 0 1 0 25 2 24 1 0 6 4 0 0 4 0 0 5 0 26 0 0 9 0 4 1 14 5 56 
0 7 0 4 0 3 0 29 1 12 0 1 9 2 0 1 1 0 98 0 1 0 8 28 0 4 1 2 0 1 0 0 27 0 0 63 0 5 3 16 0 1 0 0 0 2 2 2 3 7 0 24 0 2 5 0 4 7 26 1 5 1 2 1 
1 19 10 15 13 2 0 9 0 3 0 30 0 4 1 18 0 0 0 6 0 13 8 0 10 4 7 6 108 1 15 0 5 0 5 0 4 0 1 0 2 3 0 40 0 0 20 0 11 12 6 8 3 1 17 4 3 2 83 1 5 0 1 2 
0 9 10 7 16 0 0 6 0 1 2 4 2 6 3 1 5 2 1584 0 8 19 0 7 34 0 0 7 18 9 4 0 0 0 1 7 0 2 2 1 1 2 1 67 0 0 0 1 2 1 8 2 4 1 0 18 3 0 102 1 1 0 1 0 
8 0 1 0 0 1 26 11 11 1 0 9 0 4 1 8 14 0 30 0 0 24 0 0 3 0 0 3 9 70 8 0 0 0 0 1 1 2 6 28 0 7 9 2 1 0 0 5 42 12 7 5 1 0 5 10 7 0 29 2 0 1 2 6 
33 7 1 8 0 2 0 0 2 1 4 1 6 3 0 1 0 0 1 5 0 0 1 0 0 1 12 6 0 15 6 1 10 0 5 1 0 1 0 0 1 1 5 6 0 0 1 1 9 0 1 1 0 0 0 12 58 6 3 0 0 6 3 20 
0 2 3 0 132 4 5 0 0 1 5 1 31 0 1 7 3 0 3 6 0 0 1 0 0 0 6 1 0 0 0 22 3 0 2 6 44 2 0 1 3 2 0 2 6 10 0 10 2 4 5 0 0 4 0 1 4 1 0 4 6 0 150 0 
0 0 6 0 1 1 2 1 0 0 1 26 3 0 0 0 0 0 2 1 4 5 0 1 1 0 0 0 0 0 0 1 8 3 0 0 3 2 0 10 1 8 5 0 15 33 2 7 4 5 0 0 85 12 5 1 2 0 6 0 0 1 1 6 
17 0 5 0 3 0 3 1 3 14 39 0 0 3 7 3 9 0 2 3 1 1 7 0 8 0 3 2 0 3 0 13 0 2 2 2 1 9 0 7 2 2 1 5 0 0 10 0 0 0 1 2 676 1 0 4 0 0 0 14 2 0 46 2 
13 1 5 0 2 0 0 10 0 0 1 10 0 1 1 10 0 0 8 11 3 0 0 20 1 0 6 91 0 34 4 1 10 3 1 9 2 11 6 1 5 0 10 4 2 0 1 0 120 15 10 2 1 28 0 0 6 0 4 1 1 0 2 5 
0 1 9 2 6 1 4 0 0 9 2 0 1 0 2 8 0 5 0 17 1 9 7 1 2 6 1 19 37 4 3 0 16 0 1 185 0 22 26 5 1 2 1 0 9 6 51 0 3 0 117 1 2 2 10 1 1 1 0 7 10 14 0 1 
272 1 0 2 1 0 13 4 1 0 1 3 1 0 29 1 4 3 9 0 0 5 11 0 1 0 90 8 1 4 0 8 5 3 3 15 1 1 2 0 3 0 1 6 1 3 1 1 0 0 2 3 109 7 0 27 0 9 0 3 4 0 1 0 
0 9 2 0 2 9 1 5 6 5 0 0 1 1 0 0 1 0 0 1 0 252 7 120 2 0 25 3 4 4 0 121 2 23 6 14 1 3 8 1 0 0 10 11 4 1 10 7 0 0 0 2 3 3 0 0 61 0 0 1 0 1 5 7 
0 0 2 0 11 0 4 1 284 0 0 21 2 0 5 4 0 1 0 47 3 2 1 0 42 0 2 0 1 0 4 9 3 1 13 0 1 14 5 0 0 2 7 0 0 3 12 1 1 0 0 3 6 3 0 1 1 0 0 5 65 8 1 38 
36 0 0 2 7 5 7 0 2 8 0 0 2 6 1 0 30 28 2 2 4 1 7 19 2 1 15 3 0 1 1 0 5 0 1 3 0 0 3 3 3 0 0 1 0 1 6 0 2 0 0 1 0 1 364 25 1 5 8 0 0 3 3 0 
45 14 0 4 0 1 7 1 0 0 1 0 0 2 0 2 11 0 32 4 0 1 0 2 3 7 1 1 5 2 7 0 0 0 2 1 1 6 9 92 2 13 17 1 17 3 16 10 1 0 0 24 7 10 0 5 12 0 0 0 0 3 0 31 
0 0 0 1 2 0 8 0 2 27 10 0 6 0 16 0 1 17 34 9 4 2 2 0 1 2 1 10 1 19 2 2 7 0 1260 0 0 4 3 4 12 0 3 8 2 2 0 0 15 2 6 0 2 3 13 1 1 1 1 27 1 9 0 10 
1 0 0 2 2 0 22 1 0 0 0 6 4 0 5 0 0 0 0 1 3 11 0 5 0 737 0 3 11 4 0 0 1 0 0 1 0 1 1 0 0 79 0 0 0 4 0 0 10 2 1 1 3 0 1 0 1 5 0 0 1 3 16 9 
15 2 0 0 0 0 2 5 1 16 1 8 0 0 0 26 8 0 2 0 35 0 1 12 6 2 1 17 7 1 0 0 0 4 20 25 0 7 0 0 0 0 0 0 1 1 5 1 1 137 2 10 2 4 3 0 4 0 5 1 2 28 0 11 
1 1 0 6 47 9 1 4 1 0 17 0 2 2 3 1 42 4 1 1 0 0 25 0 3 6 2 4 4 23 1 1 0 0 3 0 1 1 1 2 0 2 0 1 0 4 0 0 0 0 5 53 70 0 0 15 0 9 1 0 0 0 1 0 
1 0 0 1 0 9 6 0 14 4 7 0 63 56 34 0 0 2 0 56 16 1 0 1 3 1 1 8 15 0 0 0 10 0 1 1 8 4 0 0 26 0 2 8 17 0 7 1 0 4 0 4 0 1 0 1 4 1 1 0 22 3 4 8 
0 0 0 1 0 5 5 2 9 21 0 1 0 2 1 8 0 23 13 5 0 2 2 16 0 2 10 6 1 2 0 1 0 1 5 0 2 32 1 0 0 2 0 4 7 1 0 4 1 1 1 66 0 12 5 0 3 1 0 0 6 3 0 53 
14 0 3 0 1 6 7 1 0 1 2 0 0 121 0 1 0 6 0 3 5 2 0 1 11 14 0 3 25 26 0 0 14 5 0 9 1 0 0 9 0 0 46 3 0 6 0 0 1 0 0 1 1 1 6 3 2 0 2 0 0 4 1 2 
0 9 1 1 14 0 2 0 10 0 0 0 3 0 1 1 0 10 6 0 22 1 22 4 0 28 0 0 8 3 7 11 2 1 106 0 2 0 29 1 2 0 28 7 0 3 4 17 0 0 17 0 2 1 0 0 1 6 4 1 2 0 1 0 
5 1 8 5 6 19 75 10 3 34 1 0 1 0 8 0 0 1 2 1 12 2 0 9 3 14 1 1 0 0 0 0 10 5 1 2 0 0 23 1 0 1 2 2 0 3 2 1 0 14 5 0 0 0 1 10 3 0 2 2 12 1 0 1 
0 0 7 2 0 33 2 5 0 21 1 0 0 2 2 9 7 2 0 2 0 2 3 0 4 24 14 18 384 0 0 1 0 1 35 21 17 1 1 0 4 4 0 25 0 2 0 4 1 3 1 2 22 0 6 2 2 0 3 0 9 50 2 17 
3 1 1 13 5 0 0 1 1 0 5 1 18 10 15 1 0 4 2 2 0 1 0 639 4 0 8 4 1 11 12 1 1 0 0 15 12 2 0 0 0 1 0 11 42 0 0 31 1 17 2 0 1 19 1 1 1 5 2 10 5 0 0 1 
1 6 11 3 1 3 6 0 2 0 0 2 6 0 8 1 0 0 1 2 1 82 0 1 0 4 4 10 1 5 0 0 2 5 15 0 8 5 0 3 0 14 1 12 2 0 0 1 1 2 1 7 3 5 12 0 1 10 5 0 0 0 3 0 
0 0 0 1 3 7 1 0 63 0 0 0 36 15 0 0 3 1 22 41 21 22 2 3 2 2 21 0 0 0 0 0 2 1 52 7 0 1 2 1 0 73 5 0 8 92 8 0 8 1 0 1 4 0 7 1 0 0 2 15 2 0 10 0 
3 0 7 3 0 0 1 2 0 3 10 8 2 0 0 1 1 9 0 0 9 6 0 0 0 2 0 8 3 1 5 2 0 0 4 0 0 5 4 5 1 90 0 0 7 19 8 29 1 0 9 1 2 117 0 0 1 1 2 0 9 0 30 0 
12 16 0 5 3 1 1 3 0 0 0 2 39 3 1 2 1 1 0 0 2 0 28 6 38 6 2 1 0 0 0 1 6 144 0 30 0 1 3 1 2 8 0 3 2 2 0 1 2 3 2 3 1 140 6 2 18 0 1 11 8 0 1 2 
0 2 6 1 2 2 119 8 1 0 3 1 0 18 2 0 4 1 0 1 1 5 1 0 1 3 4 10 1 11 0 0 6 2 0 4 1 1 1 5 0 0 12 2 4 0 0 5 6 0 2 1 0 5 1 1 0 8 2 4 12 3 0 29 
1 5 6 0 9 1 0 6 0 0 7 2 1 148 1 0 2 10 2 108 3 1 0 0 6 2 1 19 5 1 0 0 2 40 39 7 66 45 1 0 0 9 5 2 1 5 2 236 0 0 1 6 122 0 0 28 9 28 150 0 6 0 1 0 
3 1 0 0 2 1 27 0 0 34 0 0 1 8 0 0 19 0 0 0 0 5 1 26 13 1 0 3 6 6 0 1 11 0 18 0 1 1 3 0 2 2 1 5 0 3 19 3 1 0 1 0 0 1 6 7 0 0 2 0 39 0 4 19 
15 1 1 1 0 1 0 0 1 1 63 4 17 3 0 2 4 1 0 13 0 0 8 1 0 1 0 34 1 13 0 7 0 1 4 1 0 1 0 10 37 9 1 3 13 75 0 0 0 2 1 2 0 844 0 40 9 103 0 0 1 3 130 0 
3 2 0 1 1 2 1 23 11 3 19 1 2 6 1 27 0 25 2 3 0 0 1 1 0 1 0 2 1 1 0 0 4 4 3 2 1 0 0 10 0 0 0 0 1 8 1 0 9 2 0 6 0 1 1 7 128 5 2 0 12 0 3 10 
6 0 11 5 2 4 5 2 0 0 1 0 0 0 12 1 1 0 2 0 3 6 0 9 0 7 7 1 1 14 0 1 1 3 110 6 2 3 5 1 0 12 0 0 0 1 4 0 1 17 0 7 2 17 11 1 2 0 49 9 1 0 1 0 
5 2 1 243 0 4 4 2 0 4 1 0 1 26 0 0 1 1 9 0 9 2 0 0 10 0 0 0 2 28 0 0 146 0 6 35 6 26 0 0 0 0 5 16 0 0 0 10 9 0 1 1 0 0 0 0 3 37 15 21 6 2 0 18 
4 0 2 0 4 12 1 2 0 9 2 62 0 81 0 0 1 0 0 0 0 3 1 0 0 1 7 11 1 0 1 1 0 0 20 5 13 2 62 0 6 1 4 0 0 0 5 0 28 3 0 0 0 2 0 14 0 2 3 1 0 2 0 1 
4 0 0 0 6 0 0 5 2 0 9 0 16 0 0 7 7 2 1 103 10 0 0 1 0 1 0 22 1 2 13 103 0 0 0 0 22 34 1 9 1 34 1 0 0 1 3 0 0 1 2 1 0 1 8 0 5 2 1 6 1 6 1 0 
0 5 1 1 0 0 1 36 0 0 2 2 0 42 69 20 25 4 1 190 0 0 0 2 0 0 5 11 8 1 10 3 2 1 2 33 0 1 3 4 0 0 3 9 8 8 0 1 7 9 1 0 4 18 1 21 0 26 0 55 4 10 0 12 
7 0 1 2 24 59 0 0 1 17 1 0 4 3 31 0 1 0 46 5 5 7 0 16 7 1 0 4 4 8 1 13 1 30 2 0 0 3 6 1 0 0 0 2 3 1 0 0 1 3 292 1 15 1 1 5 28 0 4 8 0 12 7 17 
36 9 19 1 13 0 2 1 1 5 1 0 1 21 0 44 10 1 1 5 1 2 1 3 11 17 6 7 1 7 1 8 2 0 0 8 53 3 56 1 4 0 0 0 0 0 1 18 2 0 11 4 0 1 8 0 6 0 1 0 1 5 0 1 
0 0 0 44 7 0 7 28 1 19 78 1 26 5 4 2 0 0 1 1 58 0 1 0 12 76 31 3 0 0 8 1 1 1 7 1 1 2 0 2 12 0 26 0 0 4 18 13 6 9 0 0 11 0 2 6 48 5 0 1 0 1 1 0 
0 3 0 2 0 74 0 2 1 0 2 0 0 14 2 0 0 0 3 0 0 1 0 2 18 1 4 0 1 0 2 9 60 5 3 1 4 0 2 2 4 0 0 3 0 1 1 3 67 8 0 12 7 3 25 3 1 2 4 0 0 1 13 1 
0 0 84 7 0 4 0 5 13 1 17 2 0 2 80 2 2 8 0 4 0 73 12 0 3 4 11 18 1 9 12 11 13 89 2 6 1 1 2 0 14 1 0 22 11 0 1 2 2 0 0 7 8 0 4 4 32 1 6 5 4 2 2 1 
0 1 1 23 1 0 0 8 8 1 21 20 0 2 18 0 3 0 1 10 5 0 1 0 0 0 3 0 0 5 5 0 0 0 1 107 0 0 2 5 2 2 1 1 0 0 0 22 4 0 0 0 0 10 3 5 3 9 2 0 1 1 0 8 
1 6 0 1 9 1 1 1 12 0 11 12 0 2 0 13 1 0 3 0 12 0 8 0 0 1 4 3 2 2 72 8 2 6 0 0 0 44 2 2 0 1 4 0 1 3 2 26 26 2 1 1 3 1 0 3 71 2 1 1 0 1 3 1 
0 1 1 1 5 1 14 1 0 1 1 5 2 4 1 0 1 0 0 3 4 0 3 6 2 0 6 0 40 2 7 33 0 9 2 1 22 2 10 3 0 1 8 2 1 7 0 4 2 0 4 1 1 7 3 0 7 1 7 1 0 0 0 0 
1 0 11 7 2 0 2 0 2 1 14 1 1 15 0 3 4 0 0 1 1 0 0 2 7 1 2 0 4 2 1 14 0 5 37 0 27 0 39 3 4 2 0 0 6 2 3 8 0 0 27 2 5 42 1 0 1 3 1 1 0 0 1 4 
17 1 0 3 3 0 68 0 4 0 2 1 9 1 3 0 2 0 1 0 0 0 1 8 0 1 0 1 20 0 1 26 5 0 1 0 0 9 0 2 607 12 6 0 5 8 16 2 24 1 0 0 0 0 0 1 16 18 1 8 2 0 6 0 
10 1 6 1 1 7 10 2 0 11 0 1 6 6 0 1 2 1 16 4 1 3 2 4 1 9 2 3 1 2 1 4 0 1 1 5 1 0 1 1 1 1 1 2 0 0 4 0 1 0 1 1 0 0 4 17 29 0 2 1 1 2 1 3 
5 0 20 6 0 0 25 6 5 3 1 2 10 8 3 4 0 1 55 2 1 1 1 0 6 0 2 1 3 0 2 1 0 3 0 9 12 0 1 1 1 0 0 19 0 0 1 26 1 0 0 1 0 1 1 4 6 19 1 0 0 1 0 1 
0 9 30 9 1 1 1 0 5 2 4 1 0 1 0 12 1 0 20 1 0 3 1 0 0 9 0 1 4 8 0 0 1 5 0 3 26 10 0 7 2 2 10 1 0 0 10 3 9 0 65 32 7 26 181 8 2 0 0 2 1 1 2 1 
1 0 2 0 0 0 525 0 83 0 3 0 4 0 69 0 5 0 6 39 0 1 0 2 0 1 0 8 0 0 4 8 1 0 0 1 1 8 1 0 1 4 0 16 125 4 1 5 17 5 61 4 1 0 0 2 0 0 0 1 1 33 16 1 
3 7 48 0 1 0 1 1 24 0 4 4 0 1 0 3 0 1 6 3 0 3 34 5 7 0 1 0 0 4 1 3 6 10 6 0 4 6 2 0 4 0 25 3 0 0 0 2 0 7 1 2 90 1 1 0 6 0 1 0 0 1 0 2 
1 0 32 6 19 8 0 12 4 0 0 1 3 17 1 0 12 13 2 0 0 2 0 0 4 149 52 0 0 5 1 1 4 26 1 0 0 10 0 10 59 1 0 2 4 4 1 0 3 0 7 1 5 2 3 3 6 1 0 6 10 2 6 0 
22 1 3 3 9 1 0 0 0 1 0 0 4 3 0 13 3 0 4 0 4 1 0 29 33 1 0 9 1 0 15 0 37 3 1 2 7 4 0 2 1 5 1 3 0 2 6 0 0 0 2 6 0 0 0 5 0 12 3 5 11 0 2 0 
0 0 2 0 0 1 7 3 2 0 8 1 0 0 12 23 0 0 18 1 0 13 8 0 1 7 3 61 1 4 0 4 19 1 6 3 0 1 1 0 2 0 1 0 0 8 0 1 58 5 2 26 0 1 0 0 17 9 19 2 26 1 0 1 
0 1 1 13 122 2 0 0 6 0 1 0 0 2 2 5 2 0 0 1 19 0 1 1 7 1 14 0 9 0 1 1 1 0 2 0 0 6 2 5 0 1 0 0 1 4 0 0 1 23 0 1 2 5 2 1 0 1 0 21 7 0 0 3 
0 2 2 23 1 36 0 0 0 5 2 0 8 8 35 4 4 0 0 1 5 4 3 0 4 29 6 0 0 12 0 4 8 23 3 1 0 0 30 1 0 2 12 1 0 6 0 1 1 3 48 0 0 1 3 2 0 0 0 2 5 3 8 0 
0 7 5 1 0 2 15 1 37 0 0 21 1 0 1 2 0 9 6 1 3 2 6 3 14 0 0 0 0 8 3 0 41 0 7 4 5 23 1 0 8 0 4 0 6 3 1 27 10 0 3 1 2 2 5 2 2 6 0 1 7 0 0 0 
38 8 0 1 23 1 85 0 1 0 26 2 3 0 0 0 6 0 3 2 5 10 3 10 19 10 1 1 13 3 4 0 0 0 1 5 8 3 6 0 16 28 30 1 14 7 6 1 10 0 9 10 0 4 2 1 0 4 0 0 41 10 5 0 
0 2 0 0 1 4 1 0 1 0 1 73 16 9 0 1 1 2 0 0 3 1 0 1 1 0 0 23 2 21 0 0 576 0 0 3 40 0 0 2 0 24 1 1 3 1 1 13 0 1 0 1 2 169 3 2 5 1 0 16 7 13 4 2 
0 0 1 0 5 17 44 2 0 1 10 0 4 150 3 2 3 1 47 0 2 3 7 0 0 0 0 0 10 21 0 2 1 11 6 3 0 0 1 1 0 4 0 4 1 2 0 6 2 0 6 87 0 1 4 2 2 8 0 1 0 0 3 5 
0 3 3 0 0 2 1 17 4 0 9 10 8 0 1 1 0 0 0 1 0 0 2 0 8 4 10 0 0 0 0 35 0 15 15 1 3 7 1 1 0 2 2 0 1 2 5 40 1 0 7 66 17 0 5 3 2 1 2 9 4 4 0 0 
3 1 2 0 1 3 1 3 1 0 5 0 0 0 2 0 3 1 3 2 6 0 0 0 0 2 14 0 0 3 0 1 1 3 0 0 1 21 0 1 24 3 0 0 0 1 64 0 1 4 2 1 173 8 0 1 1 4 1 4 0 1 49 3 
0 0 0 32 0 15 1 3 4 3 20 0 0 4 23 3 10 38 2 0 14 2 0 1 1 2 0 0 15 0 10 1 0 0 7 6 6 0 2 1 7 1 0 4 0 1 0 4 0 21 6 0 38 2 7 2 1 0 11 0 0 8 2 0 
1 0 4 0 2 2 8 6 3 0 0 40 0 76 8 0 3 0 159 11 1 2 6 2 2 0 0 0 0 4 0 1 4 4 0 4 1 2 0 0 0 2 5 7 3 0 9 13 24 1 41 1 38 2 0 19 6 1 0 0 9 1 12 1 
2 0 5 3 8 1 5 2 0 0 5 3 0 6 0 0 5 1 13 3 0 0 15 5 0 3 0 0 1 1 13 3 3 0 0 0 8 3 0 1 31 2 19 1 1 0 2 0 2 1 13 0 6 0 3 0 0 4 67 0 2 4 105 1 
27 0 1 0 0 2 2 0 16 2 0 1 5 5 45 2 4 11 0 1 0 8 2 0 10 0 18 1 42 7 18 61 1 6 53 2 0 1 1 0 0 0 0 1 1 2 13 0 1 0 1 2 0 2 1 6 2 1 2 0 1 2 3 1 
2 0 0 2 10 14 62 2 23 0 10 0 139 4 10 3 1 0 1 7 7 1 1 2 2 3 2 7 0 2 4 1 130 5 0 2 0 0 0 0 1 0 0 1 1 2 39 22 0 0 0 8 2 1 15 1 0 5 1 2 0 1 9 0 
0 0 0 0 19 1 2 0 1 10 0 11 1 0 0 1 1 0 1 5 1 2 13 3 1 1 4 0 1 7 1 1 1 0 2 0 3 8 2 1 5 4 4 3 0 0 5 2 6 1 5 5 1 0 0 1 0 230 0 0 0 9 10 7 
2 29 0 0 1 0 0 49 2 1 23 4 6 1 1 0 1 2 0 0 7 15 0 12 0 5 0 1 2 3 0 2 2 7 0 10 40 11 0 244 3 1 2 1 0 1 0 0 24 1 1 2 0 0 10 18 3 0 8 3 4 15 5 4 
0 0 0 0 5 0 1 76 4 14 0 1 2 1 0 2 151 0 2 3 1 42 5 1 0 0 0 3 3 3 16 3 0 0 9 0 0 1 7 0 11 2 7 29 1 1 0 33 28 0 1 5 13 2 0 83 1 2 0 2 0 0 2 0 
1 0 5 3 2 0 7 1 37 22 0 6 15 17 0 0 0 5 0 0 13 0 0 69 0 0 0 0 1 7 2 1 1 0 2 0 0 21 8 0 2 0 8 1 1 0 9 4 2 0 0 1 5 4 17 1 14 1 0 4 3 1 3 0 
1 0 13 3 0 36 2 16 57 22 0 0 1 1 262 9 1 0 10 0 1 5 0 0 5 1 0 1 1 2 1 1 1 0 0 4 0 0 0 4 0 0 5 75 8 0 1 0 2 14 41 2 6 1 8 12 2 0 0 1 2 2 1 1 
1 7 8 1 6 1 0 1 0 1 73 0 0 1 0 5 2 0 1 1 1 43 144 2 3 9 0 0 8 0 1 0 2 0 4 1 0 0 1 0 0 1 0 1 0 0 1 4 8 0 0 0 2 0 19 0 28 0 8 0 4 1 0 3 
0 0 0 0 7 3 0 0 2 13 2 2 3 2 2 0 1 0 1 1 0 12 0 1 4 0 0 13 11 14 3 2 21 3 1 0 0 56 0 1 10 41 10 1 2 5 22 1 12 4 1 0 1 0 8 10 0 19 1 2 10 0 7 0 
12 1 5 0 1 0 237 41 0 4 0 2 10 0 0 1 2 1 0 5 0 1 1 0 0 4 4 13 1 0 0 1 2 9 11 1 1 3 0 1 0 0 1 8 81 2 2 2 3 1 0 1 1 5 0 0 0 0 10 0 16 40 1 0 
0 0 45 1 7 0 0 1 4 0 2 2 4 16 1 15 5 0 6 2 1 6 0 4 0 1 3 1 2 0 2 0 1 148 45 0 2 10 1 0 0 0 0 25 5 3 16 2 0 1 0 11 0 3 0 0 1 2 0 0 0 24 2 8 
4 0 1 1 0 3 2 3 2 7 1 0 3 1 0 0 16 3 0 2 3 0 0 0 1 0 0 10 0 1 2 2 53 0 0 2 0 5 1 1 1 0 5 2 43 1 10 5 0 2 10 52 1 1 1 19 10 2 0 0 58 4 1 0 
1 17 0 1 7 0 0 0 44 8 12 2 197 17 1 0 4 3 0 6 1 5 1 0 6 0 1 1 46 0 2 2 1 1 0 1 0 0 1 3 23 1 0 16 0 1 4 0 7 0 2 7 10 2 7 7 1 0 0 4 15 0 6 2 
2 1 0 9 0 7 0 2 1 0 1 0 7 5 0 3 0 0 1 11 4 1 0 21 2 1 1 9 0 0 23 1 0 1 0 3 0 75 1 2 0 0 0 0 14 22 0 3 11 3 2 14 1 9 0 2 11 0 3 0 4 8 0 3 
0 8 1 1 5 2 8 9 7 25 170 1 0 1 0 0 2 1 0 1 0 0 0 0 0 0 5 1 0 1 4 2 2 3 0 14 3 1 1 1 7 4 0 8 1 3 0 6 1 2 0 3 5 1 9 1 6 0 1 0 33 1 26 3 
0 6 2 8 0 1 5 6 1 0 0 7 0 12 0 0 0 1 4 1 3 1 4 1 10 0 7 23 16 0 20 0 10 3 3 36 0 0 1 0 2 31 10 8 41 0 0 0 1 1 0 1 2 0 0 0 1 0 14 1 0 8 90 0 
6 2 1 1 2 1 0 0 2 13 14 3 15 0 5 0 1 0 6 5 0 0 1 0 1 0 5 0 7 85 4 23 0 1 14 1 2 2 1 1 3 1 14 0 0 3 4 39 3 0 0 8 3 1 1 0 0 6 3 0 0 13 3 0 
0 7 13 9 0 36 0 1 20 3 0 1 20 0 11 0 2 33 9 28 0 0 1 0 4 0 1 8 0 15 1 8 2 26 28 4 0 0 1 0 0 3 1 2 11 1 0 3 113 13 1 1 1 0 0 0 24 0 0 38 82 0 18 0 
0 0 0 0 0 7 0 16 0 22 0 0 49 0 12 2 2 5 3 1 0 6 29 4 21 7 0 3 2 0 3 29 2 2 0 0 21 23 1 0 0 23 4 0 1 0 0 3 7 5 0 1 1 0 2 0 0 1 19 0 2 48 0 2 
0 12 5 19 0 0 0 0 1 2 2 2 7 0 2 9 0 1 13 1 2 15 1 3 1 0 4 1 0 3 4 0 0 0 2 0 1 0 11 3 10 30 63 0 1 3 9 2 2 0 0 1 2 4 0 4 0 1 0 0 1 0 0 0 
0 0 20 0 2 7 0 1 11 0 0 9 2 33 0 0 158 0 0 0 11 39 6 0 2 0 3 0 0 7 11 1 32 4 0 0 30 0 0 6 5 1 1 1 0 0 27 1 8 49 0 1 2 1 24 6 1 0 0 0 1 0 20 0 
2 26 1 3 1 4 3 1 4 6 8 0 0 0 0 0 0 0 8 0 0 16 0 25 0 0 0 9 0 4 0 1 0 9 8 0 9 0 0 1 15 6 33 1 13 0 3 4 3 4 4 0 0 10 63 0 5 9 15 0 1 1 0 10 
1 1 0 0 1 0 2 0 24 6 11 13 10 0 1 0 8 0 7 0 0 0 0 4 2 1 0 1 0 0 7 0 2 0 25 0 1 0 2 0 72 3 0 0 0 4 1 0 0 2 25 0 0 1 2 1 8 75 0 0 5 43 0 25 
0 1 0 7 0 0 8 0 0 0 26 1 2 3 0 0 2 105 1 1 5 0 51 19 1 0 0 7 0 0 0 7 0 9 4 0 1 0 36 3 0 1 0 0 3 3 1 4 11 1 23 0 1 4 1 1 0 1 0 1 0 0 64 13 
1 0 0 13 3 4 0 12 0 4 2 0 1 0 0 0 1 5 0 1 39 6 3 0 0 1 1 0 0 4 0 70 2 0 25 10 5 11 1 2 1 3 1 1 1 11 0 1 6 3 0 0 1 0 4 2 1 1 1 0 2 8 6 0 
0 1 2 3 0 1 2 12 3 24 3 37 14 6 3 0 3 5 1 0 0 0 4 6 4 0 8 6 6 13 71 2 8 27 2 5 3 10 13 1 2 4 0 4 1 2 0 7 0 8 0 0 108 4 1 47 0 23 0 0 0 3 9 23 
0 0 28 5 1 1 0 0 0 1 13 1 2 1 15 19 5 0 1 4 0 0 6 0 59 1 17 2 0 0 1 0 38 0 28 0 1 4 27 0 0 9 9 1 2 11 3 0 1 2 4 0 11 0 6 1 4 1 66 0 0 0 3 125 
13 0 0 1 1 0 13 0 1 10 0 25 12 3 0 4 0 14 2 0 4 1 3 1 0 3 4 8 2 7 4 0 3 19 1 0 14 6 0 0 2 4 1 0 0 9 0 3 4 0 1 0 0 77 0 3 30 2 0 2 0 1 12 3 
3 2 1 1 3 1 6 36 0 10 4 2 0 1 7 2 32 2 0 3 8 1 5 0 5 13 2 0 86 0 1 0 0 2 0 0 22 22 1 76 6 5 5 4 1 0 0 0 9 0 4 5 3 3 1 3 0 3 0 0 0 1 0 4 
0 3 15 0 0 0 0 1 0 3 7 0 2 6 0 1 2 0 12 0 12 1 2 0 2 1 0 1 0 0 11 1 1 5 6 2 7 3 0 8 0 4 2 0 1 0 1 5 2 3 105 8 22 0 2 0 5 31 4 2 1 0 0 1 
1 26 0 27 1 0 6 0 5 1 22 0 1 0 2 1 6 0 1 1 4 0 0 1 1 1 1 2 12 0 0 0 35 96 4 0 4 17 3 6 19 6 3 92 0 0 2 0 2 0 10 0 24 0 0 0 33 2 113 13 3 0 4 0 
31 9 2 4 1 0 1 2 0 1 4 0 2 0 2 0 6 2 1 2 0 1 7 1 3 0 0 1 0 1 4 11 3 2 2 4 22 1 2 41 0 3 0 0 4 0 180 13 0 10 1 0 5 1 19 4 0 3 1 6 0 9 88 2 
3 3 8 4 1 2 29 0 1980 8 1 41 11 0 1 16 4 1 0 0 1 0 15 0 3 8 20 0 0 19 4 2 1 1 7 1 0 2 5 9 1 0 0 0 0 2 2 11 9 0 2 0 3 5 24 23 0 1 0 2 5 8 9 1 
6 2 7 2 12 0 0 3 17 1 0 1 1 114 0 4 34 259 0 0 4 0 1 7 3 0 2 1 18 1 0 0 3 2 0 1 2 0 4 2 4 2 0 5 3 4 1 23 1 1 1 7 1 7 50 2 1 1 1 0 33 7 4 7 
2 15 50 2 2 0 6 0 34 1 3 26 0 3 0 21 0 10 0 2 1 4 6 2 21 9 6 30 0 0 1 0 2 13 11 11 1 3 9 3 99 4 8 1 2 0 2 0 0 1 2 2 0 1 1 0 13 3 46 17 0 129 28 1 
0 0 16 2 104 0 0 7 0 0 0 0 0 5 0 0 0 0 3 1 3 5 1 29 0 3 22 2 22 2 1 1 14 5 1 5 0 4 4 19 0 1 7 3 0 3 0 0 8 7 3 5 0 0 1 3 38 1 0 43 9 6 79 3 
0 0 0 2 2 1 0 0 1 0 0 2 22 0 0 4 1 4 21 13 0 2 1 97 470 0 0 3 0 0 7 7 17 0 9 0 0 0 1 0 3 5 22 194 6 1 2 0 0 0 1 0 3 1 1 1 2 1 9 3 0 1 19 1 
19 0 0 14 2 1 1 1 0 0 1 38 118 5 3 141 0 7 3 4 1 29 0 3 155 1 125 0 7 12 0 12 1 4 1 0 1 0 6 128 390 0 0 1 2 1 22 1 0 0 1 0 14 3 0 0 1 37 0 0 3 0 4 0 
0 2 1 0 0 1 0 0 0 0 2 0 0 0 13 8 1 9 1 1 2 0 0 3 4 0 12 2 0 6 0 5 0 1 46 0 0 11 22 0 2 1 1 0 0 2 0 3 0 23 3 0 3 2 0 0 0 7 0 0 1 28 5 1 
0 3 3 17 0 60 2 3 0 0 5 1 0 2 1 1 0 1 4 1 0 12 9 0 12 5 3 1 1 0 3 9 3 9 1 1 0 0 0 3 3 1 1 1 0 7 0 0 23 33 3 43 2 2 3 0 1 0 3 3 12 0 0 2 
0 0 1 4 0 1 1 0 6 0 1 0 0 2 1 3 1 158 3 1 0 0 106 0 9 0 47 2 5 0 46 3 1 0 0 5 0 39 4 0 0 2 1 5 4 5 8 1 1 4 1 4 6 0 6 0 0 0 0 1 0 0 1 0 
0 9 0 4 1 0 23 0 12 21 0 63 2 8 0 1 0 16 1 4 0 9 0 5 9 0 1 0 3 13 27 1 0 1 0 7 233 17 0 0 0 1 4 18 14 1 0 6 2 10 0 1 0 0 2 12 0 1 8 1 2 0 3 0 
4 13 0 0 18 1 0 0 4 1 1 2 0 1 8 0 15 0 1 1 3 1 0 4 0 4 0 1 16 3 2 0 0 20 2 6 1 1 2 4 0 2 22 1 6 24 2 5 5 0 0 1 9 19 6 2 0 5 3 41 1 0 0 1 
2 73 0 1 1 23 1 1 0 1 1 3 207 0 0 0 4 0 1 2 0 0 0 5 1 2 0 1 1 1 5 5 1 1 8 193 4 49 2 0 0 8 1 1 3 2 0 2 0 27 10 1 0 0 0 0 1 2 3 2 12 0 1 29 
4 17 0 0 4 0 2 0 2 1 0 1 0 3 5 1 197 23 1 4 0 2 0 0 3 9 0 1 0 2 22 0 16 1 11 7 1 2 0 3 3 8 2 11 3 0 1 1 0 0 2 0 27 1 1 0 0 0 1 1 1 0 43 4 
3 1 0 2 0 0 0 0 24 0 101 1 10 3 44 0 3 7 0 0 10 1 16 1 1 9 1 1 1 13 6 4 0 1 27 1 0 1 4 1 9 6 1 0 124 0 9 49 1 59 0 0 0 0 0 0 40 1 0 19 1 1 3 8 
2 6 0 4 1 6 22 4 0 0 0 3 2 0 0 0 1 1 11 4 178 21 2 0 0 1 1 1 0 1 6 10 1 0 8 1 0 0 10 0 2 2 0 13 0 0 1 7 1 0 6 0 2 1 3 3 2 0 2 3 10 1 0 3 
1 0 1 0 0 0 1 0 6 1 1 0 12 0 22 3 0 17 7 2 39 2 2 10 7 1 28 0 2 6 0 1456 0 1 10 28 1 17 1 1 4 0 1 1 6 0 0 3 1 0 0 6 9 0 0 0 4 13 0 9 3 4 0 0 
2 7 0 0 0 5 12 1 1 95 16 9 1 0 2 13 0 0 2 9 0 5 0 3 0 0 10 0 0 1 1 0 0 18 1 34 1 0 0 0 0 0 0 6 13 0 1 1 0 1 45 1 0 0 11 2 4 0 0 0 0 0 0 4 
1 38 32 2 5 0 2 23 2 1 0 21 1 0 1 36 17 9 1 1 0 115 7 1 12 1 1 12 2 5 0 1 0 0 0 1 24 0 4 18 1 3 0 0 0 7 0 4 0 1 0 1 2 3 1 17 0 0 2 1 0 7 74 0 
22 0 1 23 4 2 1 0 0 0 4 1 0 0 1 0 9 1 0 2 6 0 1 1 0 0 5 0 0 30 8 6 1 0 0 0 3 35 0 0 9 5 5 1 0 1 1 1 24 0 2 6 3 0 2 2 2 11 9 1 31 1 0 0 
0 28 2 4 7 6 1 2 1 0 1 0 0 0 4 2 3 2 5 2 0 11 3 0 3 6 1 0 4 1 0 2 19 0 1 0 3 7 0 0 0 0 0 4 19 0 0 0 2 1 11 5 5 2 0 2 0 1 0 5 0 12 1 3 
28 6 6 0 4 0 0 1 2 7 7 0 4 2 0 1 5 0 5 0 2 2 0 5 28 3 0 7 7 0 0 11 0 0 0 2 0 15 1 1 0 5 4 1 1 7 24 1 43 2 0 1 0 2 20 0 6 0 2 9 5 5 0 2 
2 2 0 1 0 0 9 0 0 0 0 10 18 68 1 0 0 2 0 1 5 3 7 2 1 0 5 0 3 1 8 4 1 1 6 1 0 0 3 17 15 1 4 0 0 0 0 4 3 33 1 1 5 6 0 1 1 0 6 6 7 9 0 0 
1 0 1 0 0 4 1 3 8 7 1 6 62 12 111 4 9 0 0 63 30 2 5 3 7 0 0 0 119 0 0 1 1 4 0 3 1 7 3 0 3 3 1 0 1 18 7 0 2 12 4 3 22 1 6 3 3 3 1 0 0 18 3 5 
0 0 4 1 17 0 1 3 7 3 9 0 3 7 0 20 0 4 2 14 0 2 8 0 2 2 12 29 0 0 5 0 0 0 0 45 0 1 1 2 1 1 3 0 4 0 26 32 11 2 1 34 2 1 3 32 5 16 5 7 0 4 0 0 
1 15 38 1 4 2 1 4 1 0 0 10 2 13 20 0 1 4 124 1 1 2 1 10 2 17 5 1 41 1 3 2 2 33 0 5 13 2 7 1 2 1 12 5 39 2 0 0 1 12 0 5 1 10 1 7 1 0 0 0 0 0 1 5 
1 8 0 12 0 1 0 7 1 5 4 20 0 0 1 2 1 0 0 7 2 1 3 14 0 5 32 1 14 0 0 1 0 0 0 6 1 24 0 0 8 5 0 2 0 12 0 20 0 4 0 0 1 2 4 0 6 2 1 9 1 3 0 9 
2 0 0 1 0 1 1 8 1 2 3 23 23 2 0 4 0 3 31 0 0 0 0 2 0 2 14 0 0 8 1 1 28 2 1 5 6 1 2 5 1 0 0 0 5 6 1 15 0 4 4 0 0 0 0 5 0 0 2 2 1 0 3 1 
0 0 5 21 13 51 4 1 0 2 0 0 1 33 1 2 15 6 0 11 3 10 0 3 1 11 0 16 4 1 1 0 0 1 1 0 8 1 1 4 1 3 0 0 0 1 22 0 1 0 9 0 0 3 2 0 120 5 0 0 9 2 0 193 
0 0 0 1 3 7 0 1 0 1 43 0 0 1 11 0 0 4 1 0 6 1 13 2 22 1 5 1 9 0 0 145 5 0 2 0 2 0 5 28 36 1 9 0 0 1 0 0 0 0 2 0 14 1 0 3 0 0 1 1 0 0 2 2 
1 0 1 0 7 1 4 0 0 0 6 1 0 0 1 4 5 3 6 0 0 5 0 5 1 0 100 23 1 0 1 0 3 5 24 0 0 11 0 4 0 12 4 5 13 2 0 0 0 2 21 1 4 2 22 6 1 4 8 8 8 5 1 13 
0 3 0 4 1 0 0 0 2 1 7 0 51 2 0 1 1 2 35 0 23 0 0 2 2 74 4 0 2 13 0 0 4 2 10 10 0 3 0 0 1 7 3 26 3 0 1 1 0 4 11 17 0 8 15 2 3 54 0 0 10 0 5 1 
1 1 0 5 5 9 1 2 2 1 15 0 0 2 2 14 1 22 6 24 0 0 0 10 25 3 1 0 1 0 1 0 1 0 9 48 0 72 0 1 1 1 4 1 0 8 200 0 1 1 3 13 28 1 2 23 0 2 24 220 0 0 1 24 
3 0 1 5 58 0 1 25 31 12 0 0 0 2 5 1 0 0 1 0 0 17 0 0 3 0 21 0 8 1 0 0 57 0 4 1 0 2 2 1 0 0 1 0 1 2 1 6 10 4 0 7 2 1 18 1 1 3 2 1 1 64 0 0 
3 1 0 0 0 3 0 1 1 0 1 0 1 0 0 0 10 2 6 0 5 25 1 3 0 0 0 1 0 37 2 1 0 1 1 0 1 15 1 1 0 4 1 0 0 55 15 0 1 2 15 8 6 1 0 1 10 1 403 0 1 1 0 4 
0 4 9 0 3 3 4 8 4 9 1 2 1 0 1 2 0 1 3 2 12 0 2 2 12 3 1 67 17 5 0 0 0 6 6 3 0 0 25 0 26 276 1 1 1 0 1 5 4 0 3 0 2 0 19 19 1 1 19 11 0 0 6 40 
0 0 4 0 9 9 0 2 57 0 14 0 2 0 0 1 0 0 3 8 1 3 2 1 12 3 0 0 0 1 6 0 10 5 1 4 5 2 0 8 1 0 40 0 12 5 0 0 0 0 27 7 1 2 0 0 10 11 0 2 5 9 3 0 
26 3 1 0 2 2 32 1 9 10 1 2 31 8 1 6 0 1 2 8 0 2 2 63 0 185 1 1 5 4 0 21 0 6 0 8 3 2 0 4 2 0 8 2 3 1 1 11 1 21 4 0 0 1 0 2 8 0 1 0 0 0 0 1 
0 4 5 5 6 0 6 0 9 23 0 28 6 1 3 0 4 1 0 0 1 30 27 1 2 7 1 0 1 1 0 7 1 8 3 1 0 0 2 22 9 4 1 0 4 1 2 5 2 0 1 7 2 13 1 18 0 5 2 0 5 1 10 0 
0 26 0 37 0 10 0 2 2 0 1 0 0 1 0 1 6 1 1 5 2 0 2 1 1 2 0 4 6 1 0 3 1 9 0 0 0 108 2 5 2 0 0 3 15 12 0 20 7 3 16 0 4 2 0 2 2 0 2 0 2 1 0 0 
0 3 1 4 8 169 26 0 5 0 0 1 49 3 1 0 6 0 6 11 1 1 2 0 0 7 5 1 0 0 0 174 0 0 8 0 8 1 6 0 7 1 2 134 6 38 80 30 6 1 3 0 12 0 1 33 5 2 0 3 0 82 3 1 
2 1 35 0 2 3 73 2 0 12 1 1 1 0 1 1 17 1 13 0 4 0 1 1 68 0 1 0 0 4 22 0 0 4 0 0 1 0 0 30 0 9 0 3 3 29 2 10 1 0 2 0 7 1 43 7 14 3 0 6 7 7 3 1 
0 1 6 0 0 0 2 118 4 0 0 22 9 0 2 63 0 12 0 2 0 2 1 0 4 3 30 24 27 0 2 1 0 14 0 1 0 1 6 12 1 4 0 1 2 0 10 1 18 1 0 0 0 5 20 2 184 5 8 0 5 1 9 3 
0 1 1 16 11 2 14 1 2 18 2 215 9 18 7 23 4 2 2 0 4 1 0 0 9 0 0 6 11 2 1 1 0 3 1 4 14 9 0 0 13 5 21 2 6 30 3 1 3 8 2 3 4 33 3 3 6 6 3 158 0 0 1 1 
1 3 3 8 1 0 239 1 1 0 2 0 2 1 0 0 0 4 1 9 1 3 2 3 0 13 1 0 7 0 5 0 0 1 1 1 0 0 0 0 0 3 1 0 6 15 7 1 1 0 1 0 1 0 1 0 5 0 6 2 15 3 5 4 
0 7 0 0 5 1 3 1 3 7 9 0 0 0 10 0 0 0 0 9 2 1 0 0 0 2 1 9 3 0 1 5 3 0 0 1 7 1 0 1 5 2 10 0 5 10 0 28 0 2 48 8 0 0 3 1 0 3 1 2 2 2 0 3 
10 0 0 2 0 17 0 1 9 10 2 0 0 4 0 0 10 1 0 1 1 0 0 2 0 36 4 0 20 0 3 6 0 2 0 0 0 0 6 0 62 3 0 6 3 9 9 1 18 0 1 0 0 1 0 1 2 0 0 3 3 2 1 0 
0 0 0 3 9 7 12 5 31 5 2 51 1 16 148 3 62 1 3 0 0 0 0 0 1 1 0 36 1 7 0 86 8 1 1 0 2 14 2 7 4 0 1 3 13 0 0 2 1 1 2 15 2 5 0 2 7 0 0 1 0 0 4 1 
6 2 0 0 13 2 0 6 14 14 2 3 1 51 10 1 1 13 4 0 0 1 0 1 1 0 2 0 0 0 0 2 1 22 0 30 2 17 1 3 0 12 0 1 1 3 2 1 75 8 3 6 4 4 1 0 28 1 0 1 0 0 5 2 
50 0 0 0 4 66 46 5 0 0 3 1 5 12 2 9 0 5 129 10 0 0 1 0 0 0 0 0 3 1 0 5 0 1 9 5 8 2 0 0 0 52 28 0 5 0 5 0 1 7 14 1 2 0 0 0 0 1 0 22 22 0 0 1 
0 1 5 0 1 1 1 0 0 15 0 0 0 3 3 2 0 1 0 1 36 0 0 12 0 0 31 6 213 36 7 0 1 8 0 1 1 1 7 12 2 0 7 3 0 3 0 0 1 24 0 10 0 0 6 9 1 9 0 5 2 1 34 2 
0 175 4 0 2 6 3 0 9 16 5 4 0 4 1 1 2 0 3 7 4 4 0 1 0 6 26 1 1 6 1 2 1 6 1 1 61 5 2 0 24 0 2 1 2 5 31 1 0 1 1 2 19 16 0 0 0 0 29 0 2 3 39 0 
0 2 0 0 0 11 2 1 0 1 0 0 1 0 0 3 6 7 6 7 0 17 8 1 0 1 7 1 1 2 21 2 0 0 1 0 27 79 1 4 0 3 10 0 2 0 0 12 0 0 32 2 0 1 15 0 0 2 0 10 2 2 2 13 
6 0 8 0 16 1 0 4 16 0 1 0 1 0 2 0 0 0 6 0 18 0 12 7 0 0 0 7 0 0 2 4 5 0 3 39 0 0 4 3 1 0 0 5 4 0 0 0 7 0 6 2 1 1 3 0 0 3 0 1 2 16 1 9 
2 0 1 5 40 11 1 1 1 0 6 3 0 3 0 0 1 0 17 2 33 5 0 5 0 23 0 0 2 0 4 3 2 1 1 13 0 0 2 9 0 8 1 1 0 2 6 5 4 0 25 6 0 1 0 0 32 0 0 0 15 141 0 0 
0 0 1 7 2 0 5 9 3 0 1 0 0 86 0 4 0 6 65 3 23 8 14 1 3 12 0 7 0 1 1 7 1 9 20 4 19 0 24 11 2 0 1 74 1 3 5 2 2 3 0 119 7 8 2 0 1 1 0 11 62 19 1 0 
0 0 13 0 2 0 2 5 7 1 9 0 7 2 11 0 4 0 0 19 0 2 125 1 1 1 13 2 0 7 3 3 0 1 4 6 93 2 0 0 3 1 0 0 18 17 1 0 0 0 0 1 10 2 8 0 0 0 1 0 7 1 5 2 
8 0 0 6 1 4 15 0 7 2 6 0 1 12 5 32 1 1 13 0 4 4 1 1 1 0 1 1 11 1 1 0 0 5 0 101 6 6 3 3 41 0 2 1 1 0 0 6 1 7 0 0 10 1 1 0 0 15 2 19 13 5 1 0 
1 0 1 4 1 9 26 21 1 26 0 1 14 1 7 0 0 1 6 2 14 1 1 0 5 3 2 6 2 0 0 1 7 2 1 4 0 8 1 1 3 1 41 40 12 0 1 3 0 0 0 1 0 9 17 1 6 7 9 0 20 31 3 2 
2 13 1 5 1 5 3 1 7 5 3 1 1 0 0 0 1 14 0 0 0 1 0 6 0 9 0 38 20 0 50 0 2 0 15 2 1 0 1 2 0 227 0 7 4 1 9 0 12 34 11 0 1 1 0 53 1 0 1 0 4 31 0 4 
0 0 1 4 36 0 2 40 9 0 1 24 0 0 0 3 3 0 8 0 0 1 6 6 0 28 0 0 3 4 1 4 1 1 0 1 3 4 0 12 1 0 3 5 2 0 3 1 0 4 71 1 2 0 7 1 0 3 0 1 1 1 0 4 
3 10 2 2 1 5 7 0 0 0 1 1 7 2 10 10 0 22 8 16 0 17 1 2 0 9 0 4 7 9 187 42 0 3 1 1 1 1 6 0 8 0 3 1 2 0 14 0 1 0 18 1 0 0 0 0 0 2 1 0 0 1 0 10 
2 11 8 1 2 35 0 10 2 6 7 9 7 2 1 2 0 6 4 1 4 4 0 22 1 0 0 1 1 0 2 4 1 2 1 0 6 6 2 1 0 5 10 13 14 0 4 9 31 4 0 0 3 2 0 0 0 0 2 6 1 1 15 1 
0 5 86 1 0 1 3 1 0 0 8 0 1 1 0 0 42 0 0 4 0 1 33 3 39 0 1 2 2 0 0 1 1 0 0 0 3 0 0 0 1 0 2 3 15 4 2 5 0 0 3 0 0 0 3 6 1 26 4 0 2 0 0 10 
1 1 2 2 4 0 2 0 0 0 0 37 2 0 0 0 1 1 12 1 22 9 8 0 0 4 1 0 1 7 3 8 13 21 8 1 5 0 30 0 3 24 13 2 1 8 0 9 0 0 0 4 3 1 1 9 1 4 0 0 1 14 6 5 
0 3 2 0 1 0 1 8 9 3 0 22 3 11 0 0 9 1 5 0 2 0 0 27 0 0 2 6 0 2 1 2 0 0 1 0 0 8 2 6 0 0 2 6 4 0 4 20 2 3 8 3 3 5 7 28 4 0 0 0 14 0 4 129 
1 57 1 1 0 20 5 64 3 11 18 3 2 5 0 0 0 4 1 0 2 3 1 1 4 25 0 14 8 0 33 1 0 0 1 2 5 4 34 0 82 0 1 1 1 11 0 0 0 0 0 8 1 0 6 0 0 2 0 1 0 6 2 2 
1 1 1 1 1 1 0 41 0 0 0 0 15 0 1 0 75 0 1 58 7 0 0 8 0 6 0 1 2 3 12 1 0 1 0 2 1 10 3 10 26 10 9 4 0 1 0 0 11 0 1 1 2 0 5 1 0 1 0 1 0 15 0 1 
314 7 2 0 1 3 15 2 0 0 127 2 16 0 0 1 0 7 10 1 0 2 8 0 6 0 1 8 0 15 0 1 0 16 0 80 0 0 0 21 11 0 0 0 3 0 2 0 1 0 0 49 1 6 6 5 20 0 21 20 7 0 0 1 
6 4 3 2 0 2 0 16 0 0 20 13 1 31 3 1 0 15 0 0 0 1 1 6 0 0 1 0 3 0 7 1 0 1 1 1 4 1 35 30 24 0 0 2 0 0 8 0 3 11 0 11 0 1 5 0 0 0 9 0 0 4 2 1 
1 3 4 0 0 0 0 0 3 4 0 3 3 1 0 1 138 2 0 2 5 5 0 5 8 20 0 0 6 1 0 0 0 11 0 11 0 1 130 0 6 0 64 0 0 2 2 4 5 0 1 228 0 12 1 6 0 0 0 1 11 6 2 1 
1 0 3 0 12 1 4 17 2 3 0 0 0 3 6 0 0 29 0 3 3 4 1 1 0 13 2 0 4 0 25 0 1 13 0 4 103 1 2 0 0 2 9 74 311 0 0 0 0 12 0 6 0 0 1 0 0 1 0 3 4 7 0 0 
2 7 0 6 2 0 0 13 13 0 1 0 1 0 3 3 6 0 2 1 2 3 0 6 11 1 2 1 6 1 75 1 1 1 1 0 1 0 0 1 1 0 0 0 3 1 3 11 0 0 3 0 0 43 0 0 0 1 9 0 0 1 40 2 
0 9 4 45 1 4 5 0 1 3 13 3 21 0 6 4 7 6 8 10 3 1 0 1 3 1 11 4 0 10 0 1 4 401 1 4 0 0 3 55 12 5 4 0 7 0 3 0 12 2 11 1 7 1 1 19 0 2 6 31 0 20 13 2 
0 0 0 0 6 16 0 78 4 1 0 1 3 2 0 51 0 0 6 12 22 0 1 1 1 0 1 1 5 7 0 0 8 7 1 1 0 1 3 1 0 0 0 1 5 1 1 2 2 3 7 5 1 0 8 0 6 2 0 19 0 24 0 0 
0 1 0 0 0 12 2 2 9 1 5 4 0 23 9 0 0 22 6 54 2 2 14 1 0 0 0 8 4 1 0 1 0 9 0 24 0 0 1 0 1 8 2 0 1 0 1 6 1 1 0 11 2 14 2 1 1 0 1 0 1 16 32 0 
6 0 0 0 0 11 8 1 1 4 0 0 0 2 4 0 4 0 0 0 3 0 1 9 0 1 1 1 1 0 3 1 3 2 2 7 2 2 2 0 0 0 0 0 1 7 0 0 5 0 0 2 0 16 0 0 2 6 1 0 6 14 2 0 
4 0 1 0 1 18 0 2 0 9 3 3 2 11 6 5 1 4 20 5 0 0 1 3 0 1 0 21 74 8 0 1 0 0 1 3 3 1 3 6 1 8 4 0 1 8 0 22 21 1 1 7 9 0 1 27 0 1 2 0 2 39 1 0 
6 5 2 5 0 1 0 17 1 45 7 0 0 17 0 1 3 1 0 10 0 0 4 2 14 0 0 13 1 1 8 0 0 65 1 1 35 0 0 2 0 16 8 2 17 24 2 2 0 12 0 6 6 0 3 621 0 0 1 0 0 0 4 2 
11 1 0 1 1 13 2 10 4 0 4 4 2 0 10 2 0 1 45 3 13 1 0 3 3 0 0 2 3 0 2 0 0 0 126 3 2 5 6 1 0 0 0 3 2 9 1 0 6 0 8 0 0 1 2 1 3 0 0 6 49 1 1 9 
1 1 0 24 0 2 3 0 36 0 5 3 3 14 0 4 32 0 9 12 1 0 1 26 115 2 9 1 0 0 2 0 0 3 34 1 0 0 3 0 1 2 7 0 0 1 2 13 2 1 0 1 63 1 0 1 2 1 20 8 0 1 1 3 
0 3 2 2 0 0 6 1 10 0 0 1 0 0 0 3 0 1 2 1 1 2 0 18 0 6 1 0 0 0 8 1 0 0 3 8 0 3 0 6 94 0 0 2 0 13 0 1 1 15 0 0 0 0 0 1 3 4 0 1 5 8 29 2 
0 11 1 0 0 2 1 0 2 37 9 0 2 0 1 1 4 10 0 2 15 0 3 23 2 265 24 4 0 2 0 23 5 0 1 41 1 0 0 0 29 11 0 0 9 0 0 1 1 0 0 3 0 0 0 5 0 0 0 2 24 1 1 5 
0 0 2 2 0 3 4 82 0 16 0 3 0 1 17 2 6 0 4 9 0 29 3 1 0 1 14 2 33 10 0 0 0 0 7 0 4 0 5 0 1 8 1 0 7 1 1 0 0 14 1 1 53 8 3 34 1 0 0 61 4 1 2 0 
7 406 4 1 1 1 0 0 3 0 0 0 2 0 6 0 0 5 0 11 2 0 0 5 1 1 6 5 9 0 0 18 13 0 0 1 1 1 2 0 2 4 3 4 8 6 17 1 1 0 1 0 7 2 0 0 0 1 0 82 1 1 3 0 
8 1 1 5 1 0 1 1 2 123 2 9 0 1 7 1 1 10 0 24 1 17 22 1 15 46 0 33 12 0 2 0 0 4 1 1 1 1 45 1 1 124 7 0 0 18 0 6 0 10 8 2 1 1 13 2 2 0 13 3 1 3 9 4 
0 1 0 76 5 2 38 0 1 0 1 0 1 2 0 21 0 3 2 0 7 7 0 6 4 2 9 3 1 0 1 0 4 3 7 2 1 0 10 14 9 6 3 3 0 22 1 1 0 6 7 0 4 1 4 0 0 0 22 3 2 0 0 0 
0 0 0 0 103 2 5 0 0 2 2 59 0 0 0 1 0 2 2 0 0 4 1 0 237 14 4 0 2 23 1 1 0 4 0 1 3 0 0 3 13 5 2 1 2 0 0 1 6 0 14 1 17 3 0 1 0 1 20 0 1 0 3 1 
0 0 2 0 0 1 8 59 0 27 7 7 1 28 2 1 0 3 2 0 3 23 0 2 0 0 0 0 1 1 0 2 0 123 1 3 9 3 3 2 13 1 2 7 0 2 17 7 1 1 4 0 470 0 6 2 0 0 0 1 23 0 0 6 
63 19 2 0 0 1 1 2 4 1 0 0 3 5 5 0 20 0 1 4 5 6 0 9 14 0 1 1 0 0 2 11 3 0 9 2 4 1 3 8 2 0 10 0 0 4 22 3 0 0 1 9 7 2 1 2 13 3 2 30 1 0 0 50 
1 53 2 5 9 8 7 3 0 1 0 0 3 1 0 4 1 0 1 3 6 0 37 0 12 5 1 0 4 0 0 3 3 62 2 29 2 2 2 0 3 6 1 5 9 1 0 0 0 2 2 21 1 0 0 0 1 1 36 0 0 32 1 0 
0 28 2 152 2 6 1 0 0 3 3 0 7 1 82 1 0 1 0 3 9 13 1 2 0 150 0 10 1 1 0 0 136 0 4 0 3 6 2 0 3 6 0 10 0 1 5 0 2 0 0 12 0 0 7 1 0 5 2 3 2 0 1 0 
0 5 10 3 0 4 1 1 1 0 56 0 1 20 0 0 0 26 10 1 6 18 4 1 4 22 3 0 0 0 0 4 17 6 0 1 1 0 1 1 0 3 0 1 0 7 2 9 7 7 0 4 21 0 2 1 0 0 0 0 0 10 3 1 
1 0 1 2 3 100 0 5 7 12 1 1 0 1 3 2 0 0 13 33 1 0 6 1 12 1 0 1 1 2 2 0 0 1 0 23 1 1 1 1 317 0 0 0 0 1 14 0 1 0 1 0 8 1 77 1 0 0 0 0 1 2 0 6 
1 4 1 3 2 0 4 8 0 1 10 4 0 0 2 6 0 0 4 0 3 0 0 1 0 0 0 0 0 2 58 1 0 1 5 0 0 2 4 1 0 1 0 0 0 0 20 0 0 97 4 1 5 1 0 124 0 2 30 0 2 3 14 0 
0 1 9 0 0 0 3 7 1 7 46 48 10 20 2 7 0 12 2 5 1 1 1 6 3 8 3 1 0 0 0 6 0 12 2 0 14 0 4 0 6 0 32 7 0 6 4 0 0 1 0 14 1 11 0 5 2 10 1 1 0 0 1 0 
6 1 0 2 2 3 0 1 3 1 2 8 0 1 0 2 3 0 4 0 6 4 1 2 19 10 9 4 0 1 0 4 2 0 26 2 0 15 4 17 1 1 10 1 3 1 0 3 6 8 4 2 26 0 3 0 2 2 5 22 7 0 0 20 
0 2 1 0 0 0 5 3 0 1 9 0 6 0 5 0 8 2 3 63 0 2 0 10 1 0 20 4 0 0 1 2 10 2 0 10 88 47 2 195 0 5 2 4 4 2 1 0 0 6 6 5 1 2 14 0 6 0 39 0 376 4 1 12 
1 0 3 0 1 0 0 1 3 2 4 12 1 0 0 0 3 0 0 1 85 0 4 1 1 2 1 3 10 17 2 9 0 0 4 0 0 3 7 0 1 5 2 20 132 5 24 8 6 0 0 1 5 1 0 21 0 1 2 33 0 0 3 0 
3 5 2 1 2 1 1 1 3 6 60 0 0 0 0 6 6 4 8 0 1 3 1 0 0 2 22 49 5 7 3 0 0 0 4 0 3 29 0 26 0 1 41 0 1 0 3 25 2 1 1 62 3 0 0 22 4 6 2 0 0 3 40 6 
0 1 0 5 27 10 0 1 2 1 0 0 0 3 6 1 0 3 9 0 5 18 2 0 0 3 3 3 0 9 8 2 3 0 0 2 6 0 5 3 23 0 2 0 7 3 9 0 13 0 1 4 2 5 8 1 11 0 1 0 10 3 2 23 
0 0 0 26 1 0 2 82 0 12 0 6 0 0 0 1 1 0 4 2 2 3 1 13 0 1 1 4 4 1 1 4 6 2 7 0 7 0 4 0 3 0 8 1 0 1 1 13 11 5 0 2 2 5 2 39 3 8 11 0 1 0 0 11 
0 59 0 3 11 20 0 0 1 2 0 7 0 1 0 0 114 1 84 0 22 6 12 1 20 0 13 1 3 2 1 2 9 0 0 3 5 1 0 3 3 0 0 0 0 1 8 9 3 2 4 6 0 0 25 0 1 1 4 1 3 1 8 18 
0 3 0 11 1 1 0 12 1 5 0 0 3 1 3 1 5 1 6 4 0 1 1 1 8 42 0 6 0 1 2 1 2 5 0 2 15 58 22 1 28 0 0 11 5 3 0 0 0 1 8 1 0 1 0 1 7 16 0 8 0 14 21 0 
0 2 0 0 0 1 0 6 87 8 0 0 4 1 3 9 9 5 29 20 1 7 2 0 2 2 1 9 6 1 7 98 4 0 8 18 0 0 0 0 0 1 0 0 0 0 4 5 24 4 0 1 3 0 1 150 1 0 13 12 15 3 2 0 
0 2 37 0 0 0 0 11 10 1 1 0 1 1 11 55 0 28 5 1 19 0 0 0 10 0 1 0 0 0 5 3 1 1 0 5 0 0 1 3 8 5 12 1 0 0 0 0 47 5 42 8 30 2 0 0 4 4 2 0 1 6 1 0 
26 11 0 1 0 6 4 1 0 1 3 0 23 0 17 3 8 0 0 6 0 0 1 8 1 1 0 1 10 1 0 15 17 1 0 0 5 2 4 5 4 3 5 19 17 10 3 17 0 1 1 0 7 0 0 1 17 2 1 26 3 1 0 3 
0 3 2 1 13 1 1 8 0 19 9 4 0 5 1 0 0 10 2 0 0 0 4 4 0 1 0 0 0 1 1 2 0 0 1 2 0 1 0 18 1 0 0 12 0 4 0 2 0 1 1 0 0 3 0 0 0 1 1 1 9 1 3 0 
6 1 2 0 2 0 1 17 30 1 10 0 0 0 21 12 2 0 55 2 9 7 0 1 1 5 1 3 1 66 78 0 4 1 0 18 1 1 2 6 0 0 1 0 0 0 1 0 17 0 3 2 0 19 0 2 0 3 0 5 0 1 0 2 
1 3 0 0 31 0 2 2 1 0 4 1 0 0 32 12 9 21 0 2 1 6 7 2 0 2 1 4 4 0 8 0 0 0 0 0 2 1 2 14 4 7 2 1 0 2 0 55 11 1 13 2 0 0 1 1 10 0 0 9 0 1 1 1 
0 4 0 1 6 0 8 0 31 5 0 62 0 0 0 0 16 0 1 0 1 0 90 4 0 2 1 64 0 0 1 0 28 1 1 0 10 6 5 1 0 127 1 2 1 5 0 1 2 19 0 0 0 1 11 0 11 20 0 62 1 1 1 3 
35 21 5 1 1 8 5 213 10 1 18 38 5 4 11 31 0 109 0 1 0 0 0 1 7 0 2 1 0 4 0 3 3 1 2 0 2 1 54 0 23 1 0 0 7 3 14 8 14 257 14 1 0 0 10 1 1 9 2 8 2 1 7 0 
5 0 0 2 4 0 0 0 3 0 0 0 2 90 11 2 0 5 5 0 6 3 0 2 2 29 6 1 22 5 0 1 4 2 11 2 1 0 1 3 5 1 9 5 70 0 14 11 1 15 0 0 0 0 0 1 5 1 0 1 0 3 1 6 
9 4 0 0 6 7 2 3 0 0 0 0 0 18 1 0 7 0 0 4 2 3 1 12 0 5 1 0 0 0 1 11 3 7 8 1 0 0 3 1 1 0 0 0 1455 0 0 11 0 1 3 3 9 0 34 1 0 3 3 1 0 0 3 0 
3 1 14 0 2 5 0 0 19 20 1 0 4 1 5 0 2 2 0 0 33 2 0 1 0 0 5 11 6 0 6 7 2 0 25 0 0 1 3 1 15 0 1 1 1 6 3 3 11 0 26 1 16 10 7 347 2 0 0 9 4 6 21 1 
17 0 3 14 0 6 1 1 0 1 0 5 0 0 0 10 17 0 0 2 1 1 0 0 3 2 0 0 0 13 0 0 0 4 7 5 7 0 20 0 0 3 3 5 0 6 1 10 0 0 30 9 3 1 0 0 0 1 2 2 0 0 0 0 
1 0 0 19 9 7 1 6 1 0 29 11 21 0 0 8 0 5 2 1 3 29 1 15 9 1 31 18 4 1 0 0 2 2 11 3 5 1 6 0 2 2 1 2 2 13 1 0 1 3 8 9 4 0 2 0 0 0 2 0 71 20 3 0 
32 0 1 0 5 2 3 21 0 1 1 0 2 44 13 14 1 31 4 1 8 1 0 0 19 2 0 0 0 3 4 2 1 3 4 1 18 0 22 0 1 0 3 2 0 35 18 4 1 0 0 2 4 5 24 0 85 3 43 2 0 7 5 0 
0 1 0 1 1 4 0 0 1 13 42 4 5 25 3 0 1 0 2 2 11 1 1 2 6 4 0 3 1 0 1 3 2 23 3 23 1 6 0 1 0 2 2 0 11 2 3 0 5 3 0 8 6 1 0 0 0 1 47 7 1459 0 0 2 
15 3 3 0 98 5 20 0 1 148 0 0 3 0 2 4 0 3 3 12 37 2 1 52 0 0 0 1 4 6 4 2 4 0 0 0 1 0 1 4 7 1 17 9 0 1 3 9 2 1 0 0 5 0 3 6 0 1 1 0 0 0 25 2 
5 3 5 6 1 7 0 8 0 3 4 0 2 0 3 0 82 10 0 0 40 16 5 8 1 4 11 0 15 0 45 0 0 2 0 5 0 7 3 2 16 0 25 7 10 6 0 2 0 5 2 0 18 0 15 0 1 28 10 2 0 3 6 21 
1 45 3 15 0 94 9 19 0 0 0 8 0 2 0 0 2 2 0 5 0 8 0 1 0 0 1 3 0 6 1 4 0 5 0 0 12 2 3 0 2 0 2 0 5 10 9 0 0 0 1 2 1 1 20 3 3 1 0 1 0 0 0 6 
5 2 1 1 0 5 1 0 4 7 24 0 1 0 3 0 0 6 1 34 2 0 0 1 4 12 6 0 1 0 0 1 54 1 0 0 9 6 0 0 24 3 4 0 2 0 5 4 1 1 0 1 1 1 6 1 2 2 2 2 2 9 0 0 
0 5 0 9 2 13 1 35 6 6 8 0 2 0 0 28 2 4 2 12 0 1 0 4 1 4 0 15 1 3 0 0 0 4 1 9 6 10 12 0 11 0 0 7 2 1 0 3 2 1 0 0 1 1 1 0 2 1 1 0 1 0 3 13 
16 0 0 4 2 19 2 26 73 5 48 1 1 9 1 0 19 4 8 0 43 2 1 2 9 0 8 0 1 0 6 1 7 1 1 12 1 14 1 5 1 5 2 2 2 1 0 0 26 1 10 6 21 117 1 0 1 2 8 12 1 0 1 0 
31 13 7 2 0 4 2 0 0 0 1 35 12 1 0 0 12 0 1 7 3 0 2 0 6 4 0 6 1 1 0 0 1 0 0 36 1 2 68 28 0 3 1 0 1 1 342 1 0 3 1 9 8 10 1 0 6 3 1 9 3 21 0 0 
12 0 0 2 1 2 6 0 0 2 2 1 11 0 0 0 1 19 0 18 9 5 2 34 9 3 24 1 1 9 21 9 33 0 6 0 0 1 0 0 0 6 16 11 14 0 1 3 1 1 3 2 20 1 1 1 1 0 2 1 0 1 1 33 
0 0 8 0 5 4 0 0 0 3 3 0 2 0 1 3 3 0 0 9 4 1 0 0 2 4 0 31 1 4 0 0 0 2 0 6 0 0 40 7 1 0 0 2 223 3 1 16 1 0 0 17 0 0 1 0 0 6 12 1 1 57 16 30 
0 0 0 0 11 0 3 2 2 1 9 0 1 2 1 3 0 2 0 1 0 8 0 0 0 8 4 0 2 1 6 0 1 6 17 10 57 0 13 0 4 17 1 1 1 0 2 0 0 101 5 1 0 40 0 0 0 3 0 0 1 5 1 0 
6 1 2 0 4 3 0 0 2 32 0 0 10 0 1 48 0 1 1 2 4 1 2 1 0 3 9 1 0 3 1 4 1 1 0 2 5 0 0 0 6 6 1 0 6 7 0 0 3 22 1 10 1 1 0 2 0 2 2 6 0 6 0 8 
1 2 3 0 21 1 23 2 0 7 5 89 1 0 14 6 4 0 5 13 2 1 0 8 4 1 1 2 0 1 2 2 0 1 0 1 0 1 0 8 1 1 8 4 6 2 0 1 1 0 0 1 1 1 1 1 17 0 1 1 1 3 0 1 
2 0 7 16 0 1 19 0 2 2 0 3 0 0 0 92 1 7 2 6 1 9 0 7 0 2 0 0 0 12 1 0 11 4 0 1 1 4 2 2 0 14 0 2 0 0 1 0 11 12 2 0 0 0 0 2 1 0 7 8 2 0 0 1 
1 0 3 0 0 0 0 0 0 5 10 8 6 1 11 1 5 0 0 1 0 10 30 3 13 0 0 1 10 8 1 11 1 0 0 0 0 29 3 0 4 0 8 12 0 31 2 53 0 0 2 6 0 0 0 5 51 0 2 25 34 0 3 0 
8 0 0 6 18 2 1 5 2 0 7 0 15 0 2 12 0 0 2 9 1 1 0 2 68 1 11 4 0 8 2 3 1 3 4 12 0 2 1 0 0 0 6 0 0 20 0 11 1 3 1 1 1 1 0 2 0 0 28 0 51 20 3 7 
40 2 0 6 0 4 0 1 1 0 0 0 13 15 1 2 1 6 0 21 73 1 0 124 54 49 1 148 0 2 1 144 1 28 2 30 1 2 3 8 1 4 2 10 13 4 0 0 12 0 6 0 1 0 2 8 6 21 0 25 1 1 2 0 
0 1 7 16 5 2 4 37 2 1 0 4 35 2 5 0 1 48 10 1 10 0 0 5 1 10 0 8 2 1 0 1 0 1 10 6 0 2 5 0 8 8 0 0 20 0 1 2 0 0 0 2 0 25 3 2 0 16 26 0 0 8 0 1 
4 5 1 4 1 2 4 0 0 11 0 0 3 0 11 0 6 5 0 2 2 0 0 0 25 42 0 0 2 42 6 1 0 1 0 0 0 0 5 0 10 2 11 2 2 0 6 1 0 0 1 48 1 5 2 0 1 3 10 1 1 0 1 20 
0 1 53 6 1 11 1 0 0 10 3 8 0 5 0 2 43 8 24 1 3 7 18 0 4 12 5 2 2 0 7 7 7 1 2 1 1 0 1 1 0 2 1 0 12 1 0 6 0 1 4 1 0 2 20 0 1 28 0 0 3 10 14 3 
2 0 0 0 0 0 32 7 7 1 11 3 1 13 3 6 0 47 0 0 26 11 6 15 19 1 0 1 1 1 4 1 6 9 7 0 6 0 0 5 0 0 0 2 2 10 0 9 40 3 2 1 1 4 1 0 7 4 6 0 3 5 1114 0 
2 3 6 1 15 0 0 3 0 34 0 2 0 8 6 0 8 0 0 0 0 4 5 0 6 9 0 1 1 7 0 1 2 1 8 1 34 1 1 5 0 6 0 0 3 1 0 0 14 37 8 4 21 0 0 2 1 11 0 2 0 6 0 20 
1 6 5 0 3 2 3 0 25 5 0 0 0 0 1 9 6 4 1 1 0 4 1 0 5 3 0 2 0 1 93 3 0 9 0 0 1 2 4 0 0 1 1 8 0 0 0 1 0 1 1 1 1 0 0 2 16 8 2 10 1 5 2 0 
0 1 0 0 1 10 149 7 3 0 3 5 5 0 0 0 10 493 0 9 0 0 8 2 1 4 0 4 3 1 2 0 6 26 1 0 0 0 1 2 0 1 0 6 16 9 12 6 5 6 5 12 2 0 2 4 12 1 68 0 2 2 1 0 
5 9 3 7 1 18 2 3 0 1 4 0 0 4 4 1 1 2 40 0 0 0 0 4 0 62 3 0 3 0 2 16 0 21 2 27 12 20 190 3 0 0 4 2 3 5 7 15 10 4 2 1 0 6 0 2 0 1 0 2 3 52 0 3 
2 0 0 1 4 3 1 9 11 4 2 1 1 0 1 0 21 0 3 2 57 0 13 9 0 4 0 18 0 9 14 0 0 1 0 1 0 0 2 3 4 0 0 3 4 47 0 12 5 2 3 4 4 6 2 1 2 2 1 0 8 0 87 2 
1 1 23 1 0 1 2 0 464 0 0 0 2 0 1 0 3 0 4 0 3 35 29 1 1 0 8 0 1 0 7 1 0 1 1 2 2 38 13 0 3 1 1 2 7 4 38 0 1 9 1 10 2 1 0 0 3 0 7 0 0 4 9 3 
3 0 0 3 8 38 1 4 0 14 1 0 0 2 14 15 0 1 4 0 12 0 1 0 32 0 9 0 23 6 2 5 1 3 1 10 21 29 9 5 0 3 0 0 0 1 3 1 3 10 1 1 1 1 1 27 14 12 48 6 0 2 4 11 
0 1 1 2 0 3 24 51 0 0 5 6 1 1 7 1 0 5 10 0 1 1 0 5 0 0 0 23 6 0 1 0 11 13 49 0 10 0 2 6 98 0 0 0 2 0 4 26 40 1 1 0 4 4 0 0 6 1 10 1 1 5 2 5 
1 0 0 0 2 0 0 0 0 0 0 1 0 0 2 70 1 0 9 148 12 19 35 0 3 1 2 0 9 0 0 18 1 1 0 1 0 7 1 0 0 7 3 1 2 13 7 2 0 0 7 0 0 2 0 1 1 0 3 0 0 1 5 8 
2 12 0 0 0 1 0 0 6 1 1 17 23 1 12 0 2 0 35 13 0 1 2 1 0 159 1 6 1 3 3 3 0 0 7 1 1 1 0 0 0 18 18 1 0 19 1 13 1 7 8 8 1 0 0 5 1 2 41 1 37 0 0 0 
1 24 13 0 0 16 0 16 0 4 29 2 59 0 1 1 0 11 41 0 123 14 0 11 0 0 6 2 1 19 38 5 0 2 26 14 4 5 1 18 19 1 0 5 1 1 5 2 2 72 14 1 0 1 1 37 5 3 5 25 1 35 0 47 
1 87 0 0 0 1 0 5 0 9 1 2 0 33 1 1 4 2 0 1 0 6 0 0 55 9 12 2 6 3 0 0 0 0 8 0 11 0 2 0 0 2 1 5 10 9 0 9 6 7 0 0 0 12 1 0 2 0 0 34 5 0 1 2 
0 0 1 0 2 2 1 4 3 0 15 0 0 0 1 3 1 1 0 9 0 0 7 0 6 0 0 2 2 13 0 22 1 61 0 24 0 14 0 2 1 3 2 1 19 1 0 2 0 2 2 2 0 15 0 0 2 4 6 0 0 0 2 3 
1 36 13 2 0 0 8 1 1 0 3 1 20 0 0 0 4 1 2 0 2 5 2 0 7 2 2 2 7 2 1 0 1 7 1 1 0 0 0 0 0 2 1 3 0 14 11 1 0 5 6 0 4 2 0 0 11 0 1 2 4 0 1 1 
1 0 2 1 0 2 6 19 1 0 0 1 0 2 1 1 42 1 1 68 0 0 1 0 17 1 0 0 3 1 0 26 6 1 0 7 3 0 3 3 18 1 3 0 37 1 1 0 8 15 0 1 1 0 0 1 5 1 1 0 0 0 0 1 
4 46 0 0 2 0 3 1 1 2 3 3 1 0 3 7 0 0 0 0 23 0 8 1 6 3 7 28 1 1 0 2 5 27 5 0 54 110 2 0 3 0 2 0 1 0 6 0 1 6 0 1 10 1 1 5 2 131 0 1 2 0 0 0 
6 0 4 0 19 6 3 2 0 0 0 0 2 1 1 10 4 0 20 0 0 6 0 0 0 0 0 1 1 1 25 0 0 1 0 1 3 1 5 3 5 0 2 1 1 1 16 4 0 1 2 0 0 117 0 2 7 4 0 7 2 113 19 1 
1 0 3 0 12 1 9 0 19 4 0 0 0 7 8 1 1 3 8 25 0 0 0 8 8 0 0 77 1 76 12 4 0 0 4 0 0 0 21 0 0 0 0 1 5 6 0 3 1 0 10 2 3 1 11 1 8 19 4 0 1 1 36 7 
1 4 54 1 41 0 3 0 1 0 6 3 0 1 4 0 1 2 1 17 2 5 0 1 6 10 0 0 0 4 0 0 8 2 2 2 35 8 1 3 1 2 2 6 0 1 0 1 3 77 4 25 1 9 7 1 1 0 5 1 4 8 5 2 
0 0 0 27 5 620 0 7 3 0 39 6 0 4 0 4 0 0 1 0 0 4 0 0 5 5 3 10 0 1 2 1 1 5 1 0 0 16 1 0 21 2 59 14 13 11 1 2 4 5 7 1 1 0 4 1 0 0 0 3 1 2 8 5 
2 13 13 2 0 1 7 0 1 1 0 1 2 8 1 5 1 93 0 0 2 0 1 14 9 1 19 0 4 1 2 0 3 0 6 3 1 0 0 0 0 7 0 0 6 2 0 1 0 40 0 5 1 3 0 23 0 1 0 0 1 1 1 16 
2 0 12 6 116 1 0 1 1 4 0 7 0 1 1 0 0 0 2 2 9 1 10 0 0 6 0 10 8 4 1 7 6 5 0 2 2 0 1 22 82 98 2 0 1 0 4 1 0 5 0 0 26 1 1 0 0 3 1 9 37 0 1 8 
3 2 0 0 0 12 1 0 0 5 0 100 0 0 0 1 0 5 0 0 7 3 8 6 0 0 1 4 0 4 0 11 60 2 1 1 11 19 1 0 1 4 0 0 0 1 81 0 0 0 2 6 1 1 0 5 0 2 0 0 1 13 8 2 
226 1 16 0 0 0 1 0 32 0 2 1 0 0 4 0 3 1 2 4 0 0 0 0 23 3 0 0 1 1 1 38 1 8 12 0 6 2 1 4 0 52 2 0 9 0 1 0 4 3 1 0 0 0 9 0 2 2 0 4 4 17 0 2 
0 0 1 0 2 2 0 5 29 0 0 5 1 3 5 8 0 1 0 1 0 4 2 5 4 11 25 1 7 56 7 13 23 2 0 0 4 0 3 1 2 3 5 54 4 1 2 4 44 0 3 124 0 0 7 0 0 0 8 0 0 5 1 0 
0 11 0 3 0 1 8 6 0 7 1 0 4 5 5 3 1 14 0 4 31 1 5 0 24 1 1 2 3 1 21 23 0 0 17 1 2 1 0 0 1 3 32 2 10 3 0 0 0 2 7 14 5 1 0 2 1 0 8 0 6 2 0 0 
7 6 1 1 0 1 2 0 1 2 3 35 2 0 1 28 0 0 2 1 25 0 0 0 4 2 0 1 2 0 16 1 0 2 9 0 6 129 1 0 0 1 3 0 0 0 2 0 7 15 5 1 1 3 1 1 1 4 0 7 10 5 1 32 
4 3 1 1 0 0 0 0 61 20 9 5 11 15 0 23 0 0 8 0 20 4 0 14 5 1 1 0 20 1 0 5 0 0 13 14 1 27 0 0 6 0 1 59 22 1 0 1 0 6 2 1 7 5 1 0 5 11 0 0 1 2 0 0 
5 4 1 2 5 0 2 1 7 0 1 1 2 0 6 3 3 20 0 2 0 29 5 1 20 0 1 0 22 1 28 2 8 1 4 0 4 3 0 11 0 3 1 2 0 0 13 1 1 2 3 0 1 6 22 3 8 2 6 33 1 4 1 14 
0 3 0 0 6 0 0 4 1 0 12 1 2 0 11 3 0 3 2 0 0 1 15 1 0 3 1 6 0 0 0 3 3 0 1 1 0 0 1 1 7 10 2 0 1 2 1 61 0 5 0 1 1 15 8 0 1 3 2 0 1 1 138 1 
0 1 18 1 6 0 70 0 0 0 0 0 1 0 7 1 2 3 4 24 32 4 0 1 64 29 0 0 8 0 1 0 0 1 0 16 0 2 0 2 7 5 2 1 4 0 1 0 21 33 2 0 17 0 43 1 0 10 1 1 1 0 0 0 
1 3 0 4 0 7 0 8 1 1 3 0 2 54 0 0 0 1 33 0 0 0 0 3 4 1 0 1 1 0 1 1 5 0 0 4 4 3 6 2 0 0 2 0 2 44 2 0 0 8 0 10 15 0 0 477 46 15 3 0 9 0 1 1 
6 16 1 3 0 7 0 6 0 0 5 0 39 2 16 7 1 0 9 25 2 1 0 4 0 1 3 3 30 7 0 2 5 0 6 0 14 18 6 4 0 1 8 11 0 1 0 3 0 2 1 16 4 17 3 40 0 11 0 18 0 2 1 2 
1 1 2 2 0 2 3 1 7 2 17 2 0 2 0 0 0 8 0 4 0 0 0 0 2 2 8 0 0 1 0 1 0 1 3 1 5 0 48 5 1 0 4 0 0 3 0 0 3 0 26 0 7 0 9 6 0 1 0 1 2 3 21 0 
0 0 0 0 0 1 1 0 0 0 1 7 1 0 0 23 4 8 1 12 111 1 0 1 0 11 0 3 0 1 9 0 0 2 0 2 1 6 51 2 210 1 3 0 2 0 35 4 22 0 1 1 2 1 0 3 1 1 0 0 4 0 3 1 
0 19 2 0 20 4 20 0 21 0 2 0 7 1 0 5 5 0 1 0 3 0 0 1 2 2 0 0 0 2 0 19 26 5 6 9 6 1 3 13 5 0 0 1 0 50 1 3 2 0 3 9 0 0 4 2 10 1 0 0 0 19 0 0 
19 15 0 0 190 4 0 0 0 2 0 5 1 1 8 50 5 0 0 13 1 0 0 6 17 6 2 0 16 2 8 1 1 0 3 1 1 1 1 0 2 5 3 7 1 0 2 1 3 1 8 0 4 0 1 4 3 0 0 83 0 0 1 0 
0 0 5 10 1 0 0 2 1 3 0 0 1 0 9 3 5 2 1 13 2 2 0 20 9 0 0 28 8 2 2 3 1 1 0 1 0 1 11 0 0 1 0 0 0 0 1 0 1 0 3 0 0 0 2 5 0 2 1 13 0 1 24 0 
0 3 1 5 5 0 2 5 0 2 1 0 0 13 0 0 2 2 6 0 1 1 1 3 1 2 12 8 0 1 1 0 0 3 1 10 0 2 0 0 0 2 1 0 0 10 7 5 0 1 0 0 1 1 0 1 0 4 2 0 17 0 0 0 
0 0 1 4 0 1 1 2 17 2 3 0 1 0 0 9 12 31 0 4 8 14 0 0 13 0 1 1 0 0 1 1 0 8 1 2 16 2 1 2 0 2 18 1 0 24 3 8 8 1 44 5 1 9 2 6 0 0 1 0 2 0 10 1 
2 0 155 0 1 19 0 16 3 2 0 2 29 1 1 8 0 0 3 14 0 14 2 4 0 1 13 0 3 13 3 1 0 4 22 0 2 0 1 2 0 0 53 1 0 0 0 12 1 0 132 1 0 0 18 5 4 1 14 0 1 23 34 0 
9 13 16 7 11 1 0 2 0 1 5 5 0 2 0 1 8 33 2 0 1 1 1 0 0 0 3 41 0 3 7 0 2 8 0 1 3 23 1 22 0 18 2 0 2 0 0 0 0 0 1 0 0 0 0 0 19 0 0 2 0 1 0 4 
1 1 15 3 4 0 3 0 0 6 1 0 0 2 0 0 2 1 1 18 6 21 8 1 7 3 17 27 0 3 12 1 0 0 0 9 0 2 8 1 3 2 0 2 1 4 1 0 0 8 11 4 0 3 5 0 1 2 0 1 25 13 1 0 
0 0 10 39 3 1 28 0 4 0 0 1 9 0 8 18 3 2 3 146 0 2 32 9 4 24 6 0 0 0 0 68 0 1 2 4 0 22 2 0 1 2 3 3 11 0 1 10 10 2 0 10 0 0 3 1 0 2 12 10 0 11 0 5 
7 33 3 1 31 0 0 2 0 40 9 1 0 1 1 1 2 0 1 7 9 5 6 181 0 0 4 3 2 2 2 3 0 9 5 20 0 4 0 0 83 3 40 9 1 7 0 11 0 0 0 6 2 7 0 1 3 1 0 6 0 0 6 3 
1 0 53 11 5 2 4 0 3 1 2 0 5 30 0 0 0 0 5 2 9 0 0 4 2 0 11 0 1 3 2 0 1 1 4 0 1 5 9 0 0 1 0 0 0 1 1 33 6 0 1 1 0 6 9 0 0 1 0 2 4 3 0 0 
7 6 1 3 8 1 3 0 0 1 11 0 0 0 1 1 10 0 12 0 2 21 1 1 0 1 6 2 3 0 2 0 9 14 1 4 9 0 0 9 4 1 0 3 2 0 1 6 0 13 1 11 1 6 5 3 14 1 0 1 0 0 0 2 
1 25 0 0 1 5 0 1 1 2 2 5 0 0 0 1 0 0 2 1 0 0 0 18 1 3 2 0 0 1 1 17 1 1 2 6 6 0 2 2 3 1 1 35 2 1 5 0 0 36 1 15 0 21 22 0 2 1 4 14 10 2 25 0 
0 2 0 7 0 1 0 0 2 0 10 0 3 1 0 1 4 1 0 12 3 4 0 3 8 1 2 51 0 5 5 0 0 0 3 8 1 0 2 3 18 2 3 75 2 2 0 1 4 2 34 11 2 0 2 1 30 2 0 2 1 7 0 0 
11 2 0 0 3 0 0 21 5 0 45 0 0 1 3 11 0 6 1 2 38 6 3 1 14 48 0 6 0 1 0 1 1 0 0 2 30 8 1 15 0 1 0 0 1 0 3 0 6 6 0 13 4 2 1 3 1 10 5 9 0 0 17 0 
1 0 3 0 2 1 95 0 0 2 1 85 0 20 2 77 0 7 0 13 14 3 0 1 1 1 0 8 0 2 0 2 0 83 2 0 0 20 2 0 4 1 19 1 0 0 2 3 0 1 5 1 0 1 24 0 1 0 3 18 8 0 18 2 
2 0 2 82 3 0 15 1 0 0 0 2 1 0 0 56 5 3 7 5 1 4 1 7 0 3 4 2 0 6 0 5 10 3 0 11 1 3 2 5 0 62 0 0 5 2 28 0 2 2 1 1 0 0 1 9 0 0 2 0 3 3 0 2 
26 1 0 1 1 0 1 12 18 3 0 15 2 4 1 0 11 2 3 12 1 2 1 5 0 1 3 1 1 0 29 8 1 5 0 2 5 29 1 3 0 14 6 2 0 0 3 0 5 0 6 0 0 1 0 0 1 0 1 1 4 3 6 9 
4 1 0 12 4 14 17 3 3 0 0 6 3 3 89 284 0 0 2 6 2 15 0 0 0 3 1 1 5 10 3 6 0 0 0 0 1 0 2 6 0 16 0 1 4 0 7 0 2 0 3 6 6 6 1 1 0 0 1 1 12 0 5 0 
0 11 2 4 15 4 6 0 1 1 50 0 7 0 2 14 0 1 0 14 31 1 4 0 28 4 0 6 0 8 5 0 3 1 8 6 0 1 11 0 6 3 0 2 1 1 8 3 1 7 1 20 0 134 2 0 8 30 3 0 21 1 3 2 
2 0 2 0 1 6 8 0 2 5 0 6 0 1 2 0 8 0 0 3 1 1 11 0 1 3 0 0 8 0 4 1 0 0 23 10 0 0 0 74 13 2 2 2 1 6 0 1 1 0 3 25 4 4 0 2 6 4 2 11 3 5 7 2 
0 2 6 0 74 1 15 5 0 0 25 0 0 0 6 1 3 1 10 0 6 1 2 0 1 8 16 18 1 0 11 5 0 3 4 6 2 0 5 1 4 10 2 0 1 156 5 1 0 10 4 0 0 22 77 0 0 0 13 5 2 8 5 20 
0 3 2 25 0 0 1 3 0 0 7 25 3 27 1 5 0 0 1 1 12 5 1 0 1 4 23 0 2 0 0 7 0 12 0 27 1 5 1 14 0 2 37 0 0 0 1 1 5 8 18 0 3 0 0 29 4 1 1 3 1 5 0 9 
7 0 0 0 0 5 7 1 3 1 1 0 1 3 0 4 43 0 1 12 1 0 0 0 6 11 0 6 2 6 24 6 26 1 16 1 1 22 15 3 28 0 4 2 5 0 8 1 3 3 0 3 2 9 3 3 1 0 76 15 10 125 11 2 
497 1 1 8 0 4 0 0 0 0 1 0 1 1 0 2 0 33 16 0 0 3 0 0 20 0 13 1 1 15 0 0 7 30 0 1 0 0 0 2 0 0 1 7 0 3 1 3 2 3 1 39 0 24 6 0 11 12 2 0 1 6 8 2 
0 1 0 5 0 2 4 13 12 38 0 3 1 0 28 2 5 9 7 2 0 5 1 4 0 4 1 26 1 2 2 0 7 3 0 8 11 7 8 0 3 4 2 4 2 4 1 6 2 5 0 0 1 1 1 3 1 0 91 0 60 14 0 5 
0 2 9 1 7 10 4 6 4 0 1 12 10 1 0 0 5 0 15 10 2 0 1 47 7 0 0 8 0 4 18 1 0 10 2 0 4 0 24 1 1 1 0 30 1 10 1 4 0 0 3 0 4 2 0 5 0 3 1 15 1 47 1 3 
0 1 3 1 0 1 1 115 4 0 3 0 1 64 12 2 5 0 13 0 0 1 0 4 0 0 1 47 1 8 0 6 0 0 13 1 8 3 2 19 0 3 0 0 3 0 0 1 12 0 0 1 0 1 6 2 2 0 1 0 0 2 1 2 
2 1 0 4 10 29 4 0 2 2 1 2 1 1 52 1 2 4 10 20 0 0 0 1 0 1 0 1 45 0 1 1 0 2 1 0 0 0 0 0 4 2 6 1 0 2 0 0 0 1 10 0 0 9 4 28 3 7 16 0 1 0 0 15 
8 1 0 0 0 0 0 7 4 0 1 2 2 3 7 2 0 2 7 0 0 6 0 2 4 91 1 0 0 1 1 2 0 1 5 1 0 1 0 0 0 0 17 8 1 1 6 22 10 0 1 0 3 1 7 2 10 1 12 0 0 0 0 5 
0 0 1 1 1 159 10 11 2 18 25 0 1 1 0 3 0 0 2 2 0 1 6 0 3 6 0 1 2 1 12 21 8 1 3 0 0 1 17 22 0 20 1 29 19 0 1 1 8 3 3 8 25 3 0 12 4 6 0 1 1 1 0 0 
2 0 2 9 5 0 2 0 2 4 3 4 0 1 1 0 0 2 2 13 10 1 9 0 2 3 0 1 0 0 1 0 13 0 0 0 8 0 1 12 1 25 0 6 0 1 3 1 0 2 4 1 0 7 0 3 0 13 14 1 1 1 2 0 
3 1 0 5 6 1 1 1 2 2 6 8 2 14 0 4 0 17 1 1 1 1 2 1 12 0 1 1 10 2 1 0 8 0 2 7 1 1 32 0 13 27 2 7 1 39 1 1 0 3 1 1 1 1 11 1 0 3 0 0 3 11 3 8 
1 14 1 5 2 1 14 0 1 5 0 9 0 158 0 39 0 0 0 3 0 1 6 6 0 0 1 0 0 0 0 0 1 0 0 14 0 0 0 4 17 1 1 3 15 10 0 0 0 3 0 14 4 19 8 0 3 0 0 0 0 0 6 8 
3 1 3 6 4 4 16 7 0 4 2 1 0 22 5 0 6 1 3 0 32 3 10 0 1 2 2 0 17 0 3 6 1 1 1 1 0 1 6 0 0 1 3 8 8 0 0 4 3 11 0 11 7 5 1 2 1 3 29 33 4 1 1 34 
3 23 0 0 1 0 1 28 0 2 2 5 0 0 0 1 1 25 0 1 0 0 2 7 1 0 3 3 2 16 1 6 0 24 18 0 0 1 0 68 51 0 2 0 0 8 4 2 1 0 0 1 3 0 2 0 22 2 3 16 1 3 77 2 
0 1 0 9 26 1 0 0 6 14 10 13 0 1 2 0 0 4 0 0 27 1 2 6 1 0 0 0 3 51 1 11 2 6 0 0 1 4 0 0 8 8 1 1 0 1 0 1 1 41 220 31 11 0 1 1 0 0 2 2 4 1 1 0 
8 0 0 0 1 0 7 1 2 1 2 3 1 6 4 2 0 2 1 1 0 79 0 1 0 12 2 1 9 1 11 1 0 0 5 0 27 3 72 1 0 5 3 0 3 17 7 1 2 7 6 0 15 3 0 3 1 2 1 1 0 0 49 11 
2 7 0 0 0 2 0 2 7 1 0 5 1 0 0 1 1 30 169 3 12 5 0 0 3 1 3 5 2 2 0 0 2 1 0 6 0 2 1 3 8 1 17 0 3 0 1 0 34 1 29 0 1 0 5 0 1 8 0 4 3 1 13 8 
0 0 0 9 0 0 0 5 2 0 2 0 10 25 102 2 0 8 1 0 0 0 3 4 1 0 1 0 6 1 6 5 41 1 0 1 0 2 21 1 0 0 0 1 6 0 3 0 1 0 13 2 0 1 0 0 0 4 1 3 9 0 9 19 
2 0 4 1 2 0 2 1 0 1 1 0 1 3 0 0 3 18 0 10 13 0 5 2 47 0 1 2 5 1 0 0 3 1 50 0 0 0 23 1 0 15 3 2 26 0 11 1 4 4 0 2 6 0 2 1 7 0 3 80 2 77 5 0 
6 2 0 0 2 1 11 19 60 0 18 0 10 0 11 0 1 0 68 3 6 10 0 70 1 8 1 1 6 1 1 1 1 0 1 1 0 0 2 0 0 0 3 0 0 0 3 0 12 4 0 0 1 6 2 1 1 24 3 3 0 2 5 2 
0 6 1 7 0 3 27 0 1 0 4 11 1 1 6 5 0 9 0 4 1 5 1 5 23 3 2 0 20 1 1 0 0 3 6 8 0 8 3 1 20 1 10 1 6 0 0 5 0 0 3 1 0 0 2 3 0 1 1 6 1 1 0 0 
49 4 1 32 2 7 4 5 2 3 0 11 100 0 0 13 0 0 2 25 1 1 0 1 0 0 0 11 1 15 5 1 3 0 0 7 27 1 7 0 6 7 4 11 1 5 0 0 1 3 0 15 3 0 1 6 0 1 0 0 1 2 2 4 
0 4 4 1 1 2 1 2 0 196 1 0 1 7 0 3 0 13 8 3 0 2 0 0 0 3 2 6 1 4 7 1 0 19 1 0 0 0 1 0 1 5 1 0 4 7 0 0 0 2 1 5 0 0 10 0 0 1 0 0 0 0 1 0 
0 1 5 5 0 2 1 0 20 0 1 9 5 2 0 37 5 23 11 6 2 0 0 2 7 1 2 0 4 1 0 10 0 0 4 0 5 0 0 0 4 0 0 8 50 7 1 1 26 1 0 0 16 0 5 3 4 24 0 3 2 1 0 38 
11 6 1 1 4 1 7 15 6 5 0 0 1 0 4 11 0 1026 8 19 2 2 3 0 17 4 1 2 0 0 3 6 1 4 34 1 3 24 0 0 0 4 0 11 0 39 1 2 1 10 0 5 0 1 27 1 2 58 1 14 3 1 0 11 
30 0 0 0 1 2 19 2 8 4 0 0 4 1 1 1 2 0 0 6 0 1 0 1 1 1 1 1 18 0 5 0 1 1 0 6 1 93 1 0 7 0 9 9 0 23 0 6 10 24 0 8 0 0 0 10 1 6 0 0 21 0 3 4 
0 1 1 1 0 0 0 0 0 3 1 0 2 8 0 8 0 2 1 37 1 0 1 0 0 0 15 6 3 0 0 2 0 2 20 4 1 1 0 0 1 0 0 0 17 7 1 0 0 8 8 1 0 1 1 5 0 16 1 1 3 0 0 5 
4 0 2 0 3 4 1 0 1 1 10 1 1 0 1 0 2 0 2 3 1 0 1 19 15 0 0 18 14 3 2 13 0 0 2 2 0 0 4 0 18 1 0 0 0 3 0 11 1 0 1 1 1 4 35 1 1 6 2 1 0 9 3 7 
48 76 1 12 0 0 1 2 1 0 1 2 3 23 0 7 0 0 3 0 0 0 0 4 0 0 0 22 13 0 3 1 0 0 1 6 1 24 0 0 1 1 6 21 15 7 7 3 5 0 1 13 0 13 8 1 1 0 0 23 0 1 27 5 
0 0 2 2 25 10 1 0 0 11 1 0 0 1 1 4 1 0 1 4 1 1 0 24 50 2 0 3 11 1 1 40 14 33 41 2 4 1 0 15 5 0 4 1 8 3 7 25 0 0 28 0 0 0 0 48 0 4 0 25 10 2 97 7 
9 1 2 4 1 74 1 2 0 0 0 0 30 6 1 0 4 5 2 1 14 0 3 6 0 1 31 4 0 169 7 0 1 1 3 0 19 23 0 1 3 0 1 0 1 1 0 0 1 2 1 0 1 0 6 0 3 0 0 0 1 3 6 0 
7 1 68 4 0 5 1 61 3 5 1 0 1 0 0 5 0 6 2 0 10 2 10 1 1 0 12 6 0 13 0 1 1 90 14 0 1 3 0 1 1 0 3 2 2 3 47 0 1 2 10 1 16 0 6 3 0 4 3 1 0 2 0 1 
0 1 0 2 0 2 0 0 0 1 17 2 36 11 0 1 1 0 1 0 1 0 0 16 1 0 2 1 8 3 1 0 0 0 5 3 2 1 2 45 9 0 11 10 2 20 0 17 0 0 0 5 23 29 0 11 0 2 0 1 12 2 1 30 
4 140 34 0 2 1 8 0 8 0 15 1 0 2 0 1 5 2 6 0 0 1 3 1 3 81 0 6 7 1 2 3 0 8 4 0 1 3 6 2 0 2 0 2 11 6 238 2 2 13 4 5 12 0 4 5 6 10 0 11 0 1 12 0 
1 0 2 0 0 0 1 2 3 6 0 0 1 12 5 0 1 3 1 0 1 6 0 5 89 2 43 0 0 0 8 0 1 0 2 6 2 0 6 0 2 2 1 3 1 2 11 0 1 0 12 1 0 1 6 1 12 0 0 0 1 0 1 0 
1 12 2 0 3 11 0 0 2 1 1 2 0 127 10 0 1 6 2 8 1 1 22 6 3 1 53 0 1 0 23 5 0 2 0 1 0 2 13 2 0 1 4 5 0 6 4 31 0 0 3 2 0 5 1 0 2 1 9 0 2 24 0 3 
0 1 0 0 9 0 27 9 0 19 0 130 1 4 3 6 7 2 23 1 28 11 6 8 0 9 0 0 93 1 3 1 0 0 9 0 1 0 5 3 0 15 0 13 0 4 1 0 2 3 2 8 1 0 0 7 4 1 0 13 5 0 0 13 
2 2 542 4 8 4 2 31 7 6 16 2 4 0 1 1 0 1 10 0 1 0 5 3 0 32 4 1 0 0 10 1 4 0 3 12 9 7 5 1 0 1 1 8 1 0 9 1 0 9 0 1 2 7 0 18 1 42 12 1 3 0 4 0 
0 3 0 4 1 20 2 0 0 0 1 0 0 11 18 0 0 1 3 0 4 1 0 1 0 1 0 38 10 0 4 5 1 0 5 5 0 1 0 0 0 2 6 3 5 1 0 3 71 1 1 8 1 0 4 3 1 1 1 2 0 2 3 0 
0 11 0 6 1 0 0 33 3 1 0 0 0 0 1 34 0 2 12 0 0 1 2 0 0 10 6 2 0 0 2 10 1 2 0 3 15 0 76 19 0 0 0 3 1 0 0 0 2 0 9 0 0 2 165 1 1 0 5 12 1 3 7 16 
1 6 10 2 29 2 0 2 0 1 2 5 1 0 0 0 1 6 0 4 0 0 6 0 0 4 48 0 0 13 16 5 1 2 1 1 0 2 0 1 0 2 14 60 1 4 0 6 1 0 27 0 7 11 0 1 0 16 0 5 0 3 2 0 
0 2 13 1 0 12 10 1 1 1 1 27 3 1 1 0 1 1 0 0 6 0 0 0 0 1 0 1 3 1 1 0 13 7 1 1 0 11 26 3 0 0 0 4 1 26 30 90 1 0 3 0 11 25 0 0 0 7 4 1 1 0 31 2 
2 18 42 1 1 1 18 1 8 6 5 15 1 0 3 1 13 1 0 7 1 0 1 0 0 2 0 4 0 1 23 6 0 35 3 3 26 0 0 1 0 1 6 0 266 1 0 0 12 0 2 0 1 1 1 1 7 0 0 1 0 0 0 0 
2 0 2 0 144 6 0 0 15 14 11 0 1 14 8 9 0 1 46 0 0 4 17 8 0 2 7 5 0 0 0 0 1 2 0 17 0 0 4 0 1 3 46 0 9 6 4 3 8 0 0 0 3 0 7 4 0 6 0 0 0 1 2 0 
85 2 0 3 3 0 10 0 2 12 1 1 0 1 9 1 9 2 30 11 6 11 10 1 8 0 0 10 4 2 5 1 1 2 1 1 0 4 1 0 0 6 9 29 12 5 6 8 13 13 12 2 5 0 0 0 11 0 3 6 79 0 27 1 
1 4 1 7 2 1 1 0 1 5 0 16 24 2 0 16 2 5 8 1 30 0 0 1 0 0 6 1 7 4 7 0 6 1 5 0 1 2 0 2 1 1 0 32 0 10 1 4 1 3 2 11 3 10 1 3 1 0 4 0 7 0 2 0 
15 0 0 1 10 10 1 1 2 0 2 0 2 1 102 0 1 1 0 2 1 3 10 0 0 0 2 19 3 1 1 0 12 2 3 1 4 1 5 0 19 2 0 6 0 0 2 4 0 0 0 0 61 0 22 0 4 9 2 3 1 0 2 7 
0 1 11 0 4 1 5 4 3 3 0 6 0 1 2 39 14 0 9 0 2 4 2 43 1 0 3 21 3 0 0 0 1 5 4 3 9 46 3 0 1 1 0 1 4 1 38 0 14 1 1 7 0 33 0 1 1 16 0 0 0 0 4 0 
22 2 3 3 1 2 0 3 1 0 3 0 1 2 1 5 0 24 0 2 0 16 0 0 0 2 1 0 4 4 0 0 26 1 0 13 4 4 12 2 6 7 0 1 1 2 0 0 0 2 0 0 6 15 0 1 0 11 6 0 0 1 0 14 
0 6 0 3 2 1 0 1 0 0 1 4 1 6 8 8 3 2 0 2 1 0 0 1 5 0 59 0 1 3 2 0 0 0 111 1 1 5 11 0 3 0 6 0 0 1 0 0 11 7 0 2 89 2 1 13 0 85 1 3 0 2 1 0 
0 0 1 114 2 0 4 1 2 0 0 0 0 0 4 0 5 0 0 0 0 7 6 20 0 2 1 1 9 0 11 0 2 28 0 0 1 0 1 27 2 0 3 2 1 18 0 0 5 30 1 4 0 0 9 4 3 5 0 0 2 0 0 6 
0 0 8 4 4 1 1 3 141 2 1 1 117 18 0 0 0 4 1 2 2 5 1 0 2 5 0 11 1 0 9 2 2 0 20 22 0 5 0 0 32 0 0 3 6 10 0 3 2 1 0 1 0 0 0 4 1 0 1 0 0 12 1 2 
4 0 5 12 0 9 1 2 0 0 0 3 6 0 6 7 47 0 29 1 1 153 0 1 22 1 10 1 21 0 0 6 11 0 5 0 1 2 0 1 2 1 2 2 17 0 7 2 3 3 11 1 0 7 9 0 0 0 2 1 2 3 1 2 
1 0 0 6 0 11 10 0 2 0 1 8 5 1 0 3 1 2 3 3 0 1 1 3 1 18 2 2 41 0 5 1 7 0 0 0 0 1 6 1 0 6 1 7 9 2 47 0 11 1 3 1 0 0 1 5 3 2 24 0 0 1 8 8 
0 0 1 2 0 10 1 2 5 0 2 0 94 1 0 10 7 4 1 20 4 3 0 0 1 0 2 7 2 0 1 1 0 16 1 23 1 8 76 1 6 2 3 0 0 1 10 0 3 0 1 64 1 0 3 0 0 90 0 0 1 9 0 0 
4 3 2 1 0 3 0 0 10 4 6 1 0 0 3 23 15 2 22 2 125 37 0 0 2 3 1 0 341 5 0 1 0 2 1 0 0 1 2 0 3 0 0 0 1 0 0 1 1 1 0 1 8 3 0 4 0 24 2 2 2 3 24 0 
1 5 9 5 1 8 42 43 0 0 1 6 0 54 0 0 2 5 0 1 0 0 1 0 5 9 37 1 80 7 0 0 2 16 0 0 5 3 11 11 3 0 1 0 0 0 5 1 0 0 0 4 1 0 1 0 23 6 0 0 10 3 1 1 
3 1 26 1 3 4 6 1 1 0 26 0 8 1 2 1 1 29 16 1 2 8 0 5 0 11 25 0 3 4 0 0 0 2 2 2 4 1 15 9 5 4 47 70 1 8 0 0 3 20 1 0 1 2 5 0 1 1 2 5 0 5 8 1 
7 2 0 0 4 1 0 5 0 3 8 2 1 0 0 0 0 3 0 8 18 0 14 2 2 3 0 0 4 2 0 1 20 0 4 19 0 2 4 0 3 0 0 2 20 7 1 1 1 0 15 1 0 0 4 12 6 22 0 2 0 4 0 4 
5 1 1 4 0 0 2 1 19 2 0 5 1 0 7 53 2 0 19 0 12 26 0 43 2 1 10 1 0 11 0 0 21 11 8 0 0 0 0 6 0 4 0 0 12 2 0 1 0 14 4 3 130 1 24 2 0 0 6 2 0 15 3 3 
0 3 0 0 1 2 0 0 3 4 2 1 1 16 0 0 0 14 11 13 45 2 23 2 31 3 5 1 18 8 4 28 37 8 0 0 2 1 2 6 1 60 0 0 0 3 1 1 16 6 3 10 16 0 1 1 1 3 0 0 3 2 11 5 
0 1 0 1 0 7 2 7 24 38 7 2 0 1 9 0 4 0 6 1 3 1 0 4 0 22 1 0 1 1 5 1 10 1 3 1 1 0 7 17 4 45 4 6 0 0 4 14 3 12 0 5 9 1 0 1 0 13 9 34 6 1 6 0 
1 7 8 4 1 2 0 13 4 4 1 0 1 0 0 19 15 8 3 11 1 0 5 0 2 0 1 0 0 1 2 0 1 14 114 2 2 0 9 2 6 0 12 0 6 174 5 1 35 0 0 0 7 2 1 82 11 13 46 0 0 4 0 0 
0 1 3 0 3 0 1 1 2 1 1 0 2 2 0 10 1 5 1 0 0 19 11 1 48 0 4 2 3 20 51 0 53 0 1 1 5 1 0 0 0 0 2 0 4 1 2 0 0 2 0 5 7 5 2 6 1 0 20 0 1 30 3 0 
0 0 1 10 4 0 1 4 3 0 0 0 0 1 49 6 6 10 0 3 18 10 0 8 4 90 1 0 8 8 7 0 0 0 5 0 0 0 0 1 4 0 0 0 17 2 2 0 0 2 2 1 3 4 2 0 1 0 1 2 1 66 7 1 
8 0 0 9 2 0 0 1 122 0 0 2 2 61 4 13 3 13 1 0 1 6 0 28 0 2 2 25 6 20 0 2 47 14 0 1 6 0 1 7 0 4 4 2 1 0 6 8 5 0 1 1 3 0 8 0 1 1 0 4 2 1 0 12 
1 0 12 29 0 1 1 1 1 16 2 2 0 13 27 0 1 8 0 9 7 5 2 9 5 3 2 3 21 6 9 7 0 0 5 1 6 0 4 1 1 11 1 4 2 6 63 7 3 76 3 3 1 1 0 0 17 0 12 15 0 0 2 1 
0 1 5 1 0 1 0 21 5 10 14 1 7 5 5 5 8 5 0 3 6 4 1 49 9 3 6 1 10 1 1 0 6 36 0 6 1 10 0 28 15 0 31 0 5 17 1 1 2 9 4 0 2 1 0 0 2 1 0 0 1 0 0 8 
1 15 1 3 1 3 0 3 2 11 4 2 2 9 0 0 13 0 0 0 9 8 0 3 0 0 14 23 5 0 5 0 0 1 14 28 1 0 14 0 31 0 1 0 8 4 1 0 2 0 7 0 6 1 1 21 0 0 0 2 2 7 0 0 
5 0 0 0 1 32 2 1 0 7 0 1 0 2 11 0 1 13 1 51 5 0 5 7 1 0 0 1 0 2 0 0 1 5 0 8 8 1 0 4 0 1 5 0 0 0 3 15 4 1 0 1 5 6 0 38 32 5 0 0 4 0 0 8 
1 25 20 1 6 0 0 3 0 3 1 1 2 0 54 0 0 3 1 7 5 0 4 1 117 131 0 0 8 1 1 0 0 5 0 1 3 10 5 2 0 0 0 1 1455 3 2 0 0 2 0 0 0 0 4 0 14 1 0 30 0 2 0 2 
1 5 0 18 0 3 3 1 2 3 2 1 2 4 1 2 5 0 2 1 0 0 2 1 1 0 2 18 3 0 0 1 1 3 0 9 0 1 0 0 3 3 7 9 3 32 0 0 0 14 5 0 32 2 0 0 0 0 46 0 0 4 5 0 
0 9 23 10 0 2 0 2 1 3 0 22 0 0 1 0 4 2 15 4 3 3 0 2 1 39 0 0 2 1 0 4 57 42 2 9 1 1 10 7 0 0 0 1 23 0 2 2 0 0 1 2 5 7 3 0 1 0 1 2 5 0 8 16 
2 0 1 5 2 2 7 15 5 0 0 11 7 1 2 1 12 3 4 1 1 0 0 1 22 2 2 0 2 2 4 3 0 2 2 0 0 1 34 7 2 11 0 0 7 1 1 1 7 12 2 2 2 1 0 0 3 0 0 0 10 23 35 25 
2 22 9 5 0 11 0 5 0 0 0 4 0 26 0 9 17 4 1 3 11 1 0 2 9 9 0 91 0 4 0 5 3 21 0 29 2 0 0 5 30 11 59 1 2 14 1 1 16 1 0 0 0 0 14 1 0 0 3 7 11 2 0 10 
1 2 4 0 2 1 5 7 0 4 8 0 0 0 2 8 2 0 56 1 20 0 4 1 1 0 3 1 0 30 0 0 17 0 4 0 0 0 0 0 0 3 0 0 0 0 0 0 3 2 0 1 0 0 0 11 0 4 1 0 4 6 8 0 
3 0 11 6 0 1 4 14 3 0 15 0 3 6 5 6 5 9 5 12 0 0 3 0 103 0 2 1 0 4 23 2 10 1 0 0 6 0 1 1 4 0 17 0 1 5 0 1 0 6 0 0 10 16 1 3 37 0 14 35 1 3 1 1 
17 0 4 0 3 2 0 1 6 22 0 1 2 10 61 1 1 2 4 1 4 0 1 1 6 114 2 0 0 3 0 0 26 11 7 0 0 3 3 10 0 1 1 0 4 3 2 1 0 0 1 1 0 0 0 15 23 0 0 4 6 0 0 0 
0 5 5 1 3 0 0 5 8 8 0 11 0 3 2 7 1 3 8 0 0 0 0 2 4 13 10 1 3 1 0 0 0 0 6 19 0 2 87 1 21 1 6 4 0 5 0 4 0 5 0 2 0 0 0 0 0 0 17 0 0 0 2 3 
1 0 1 0 5 0 4 1 3 10 1 1 2 0 0 1 0 3 0 120 0 2 0 3 46 2 94 0 0 21 2 0 1 35 1 0 3 1 2 0 18 0 14 1 1 1 0 10 5 0 0 0 0 2 0 3 1 0 1 0 0 0 1 0 
0 2 2 1 0 0 0 1 34 1 3 30 0 20 1 4 13 0 6 3 0 0 0 23 7 11 3 0 7 1 0 0 1 1 19 7 1 0 0 1 3 2 1 1 3 0 3 4 1 0 1 9 1 13 16 15 0 6 3 0 20 433 45 1 
16 2 1 3 1 10 0 1 3 1 6 1 3 0 20 4 2 0 0 1 0 0 1 3 1 2 2 1 1 0 0 6 1 2 0 0 1 2 2 5 0 5 99 0 0 0 2 0 1 0 5 0 2 1 0 0 0 7 1 0 2 1 4 0 
0 44 0 0 1 2 1 0 0 12 20 27 0 31 2 1 2 467 1 1 20 3 3 4 3 1 0 0 3 0 2 3 0 0 0 0 597 10 233 2 0 15 4 0 28 1 0 0 0 2 19 1 0 3 0 1 32 0 2 1 0 0 0 0 
0 1 4 1 0 6 0 25 0 0 15 9 1 2 0 2 8 0 15 0 1 43 0 1 0 45 0 0 0 0 0 0 0 11 3 445 0 0 0 72 2 2 0 0 6 4 0 1 4 1 11 0 1 3 6 1 8 1 0 1 1 1 79 1 
84 1 5 1 0 0 120 1 1 6 0 3 17 7 3 0 1 1 0 1 0 0 2 9 0 73 0 0 35 7 0 11 4 0 0 0 3 5 2 44 0 0 0 0 0 5 0 0 0 17 3 9 0 2 2 1 1 1 0 0 4 0 21 1 
8 15 1 0 6 3 1 0 0 6 0 1 11 7 14 1 3 13 1 20 1 0 1 0 6 1 0 1 6 1 1 0 3 1 1 9 0 1 3 0 0 1 5 0 2 0 1 15 2 3 3 0 14 1 10 50 1 2 1 39 7 1 0 1 
1 263 22 12 0 7 1 1 10 2 2 5 0 2 20 0 0 0 0 15 0 1 8 0 7 1 6 1 12 1 30 5 0 4 6 1 0 1 1 1 0 1 0 1 0 1 0 0 1 2 69 0 0 0 3 0 1 0 3 11 0 1 0 1 
0 10 5 5 19 3 1 0 4 1 1 1 0 21 4 3 1 0 5 1 7 4 3 2 53 1 6 0 0 0 6 0 0 0 2 0 0 0 2 0 3 0 0 9 1 0 0 6 0 75 0 22 2 39 5 0 3 2 0 2 3 7 2 15 
3 116 3 2 3 9 3 0 1 0 0 0 4 0 0 0 1 1 0 1 0 1 0 2 5 0 1 0 0 1 6 0 11 5 6 0 0 0 0 21 9 0 2 3 7 0 0 0 19 17 8 2 2 0 0 33 1 72 0 0 4 1 4 0 
3 0 0 2 0 7 2 2 1 19 0 0 14 20 0 5 1 2 1 0 33 32 0 334 17 2 3 7 2 7 0 11 3 1 8 7 9 0 22 0 23 0 2 15 0 0 40 23 28 1 11 14 0 6 2 1 1 10 0 2 0 1 1 27 
0 58 0 3 0 0 4 1 17 1 11 4 0 7 32 0 1 1 7 2 2 1 0 1 4 23 6 1 1 0 0 6 2 0 2 0 1 0 3 0 0 63 0 3 1 9 3 0 1 0 0 3 0 0 0 1 0 1 25 6 0 69 30 20 
1 0 0 2 6 9 0 0 12 8 0 0 1 1 3 5 2 1 62 0 1 1 3 1 16 0 1 1 5 1 0 0 10 1 8 2 1 2 1 2 0 19 15 1 1 1 22 21 0 1 8 1 10 3 16 0 0 0 0 4 6 1 0 5 
30 0 3 6 1 12 0 4 6 0 19 0 0 1 5 0 27 2 13 1 10 3 13 1 16 21 0 2 0 0 2 25 0 1 0 0 0 3 4 2 0 5 0 0 0 0 14 3 5 8 0 0 1 1 7 3 0 2 0 56 0 19 5 3 
5 0 82 0 3 10 9 1 0 24 7 5 0 76 0 1 7 0 2 1 11 55 3 0 2 4 28 0 1 0 102 8 3 29 3 25 4 10 3 22 1 0 8 1 2 13 2 13 0 0 1 1 1 0 10 123 0 1 0 1 0 28 1 79 
33 1 1 3 0 0 2 0 2 6 6 8 7 0 0 1 0 0 4 0 2 59 0 0 2 1 0 22 12 2 8 1 0 0 0 5 2 15 0 0 4 2 8 3 1 1 1 0 0 2 9 1 0 1 0 0 0 0 13 1 1 0 0 2 
14 8 3 5 0 19 8 0 0 1 4 0 7 4 1 2 0 0 0 1 0 0 1 8 0 0 1 0 0 1 3 3 0 0 0 1 5 3 7 1 11 1 1 2 15 0 3 0 1 0 1 3 11 0 5 9 5 3 1 8 1 11 2 1 
0 1 1 5 99 0 0 23 0 0 0 266 0 8 0 0 1 0 5 0 3 4 0 0 10 9 1 1 2 1 0 0 20 4 0 5 2 0 3 41 3 1 19 0 4 8 1 0 0 0 0 4 2 3 0 0 0 0 0 1 0 2 0 1 
8 1 13 19 6 0 4 1 0 1 10 0 0 0 4 0 1 1 14 1 6 3 41 5 43 5 0 11 0 0 1 5 12 10 0 12 0 0 0 0 0 5 2 1 0 0 0 0 0 0 31 1 1 0 14 6 1 0 3 7 3 0 1 2 
0 1 0 1 1 4 0 1 5 16 2 1 2 5 4 0 95 4 0 1 1 3 2 2 13 5 0 0 89 2 1 28 6 1 23 0 1 10 1 0 19 1 0 1 5 0 7 0 0 1 2 2 1 0 1 11 8 9 0 3 0 13 1 3 
10 0 8 5 2 20 8 22 0 0 21 13 1 1 3 0 1 0 1 0 5 1 0 5 12 760 2 0 5 1 3 1 0 2 0 1 15 45 2 66 1 0 4 0 10 1 1 0 0 1 5 1 0 8 8 21 8 2 10 0 0 2 0 7 
0 3 9 4 4 1 2 3 1 0 5 21 5 3 6 1 0 0 1 0 5 19 0 9 7 28 0 3 7 0 1 0 0 0 1 4 7 0 8 6 18 9 12 0 0 21 11 4 1 1 1 0 5 0 1 0 1 7 3 3 8 6 1 21 
8 0 7 0 0 4 1 1 0 1 1 0 1 8 6 16 1 12 0 4 25 4 0 0 12 0 0 0 0 0 1 3 1 0 1 1 11 4 214 0 0 1 2 3 1 0 1 9 3 10 0 0 2 1 1 0 28 2 4 0 52 0 2 1 
5 0 0 0 0 46 2 19 0 6 0 1 3 2 0 0 1 5 0 0 3 8 1 0 0 1 112 0 1 0 0 24 5 2 24 0 2 7 19 4 6 30 5 3 4 1 1 0 74 1 2 8 2 109 1 3 0 4 0 11 0 11 0 0 
29 2 0 1 1 1 8 0 0 7 2 2 1 1 0 2 0 10 10 0 1 1 1 3 1 0 1 0 6 15 1 3 2 7 33 1 0 0 0 0 0 15 1 12 7 0 0 0 0 0 1 6 0 14 2 104 0 4 0 2 19 1 0 5 
5 6 28 16 3 2 1 13 20 19 1 12 0 0 2 9 21 0 0 2 0 0 114 1 1 27 0 70 1 0 4 2 13 7 28 0 26 1 8 23 2 16 7 10 2 0 26 0 3 5 2 0 1 1 3 6 1 1 9 1 14 0 5 13 
0 0 4 9 1 1 6 1 1 1 2 6 0 0 10 20 17 7 0 0 0 2 32 25 6 0 2 34 1 1 5 3 1 42 42 0 0 2 2 13 0 3 1 17 0 33 24 50 10 1 17 7 0 0 15 7 3 2 2 0 3 1 0 3 
17 0 0 4 0 3 2 1 2 2 5 0 4 4 0 5 9 10 11 0 0 19 0 8 8 14 1 21 3 0 1 0 2 2 21 66 0 1 1 8 0 0 1 0 1 1 0 9 1 1 6 10 0 0 0 0 238 0 5 6 10 1 0 1 
48 6 48 1 2 1 0 0 0 3 2 62 1 6 2 84 1 5 0 1 3 0 6 1 0 4 1 13 0 1 0 9 0 60 7 0 1 0 1 6 0 1 0 1 0 0 2 3 1 8 8 10 4 2 14 0 0 4 16 0 8 33 2 0 
1 1 4 0 1 1 2 0 3 45 20 7 0 1 1 0 2 0 3 1 0 9 5 78 1 230 19 3 1 72 1 4 1 9 0 3 2 1 0 2 8 0 1 0 1 1 20 0 2 0 7 0 2 4 0 9 3 0 2 0 9 0 3 9 
10 0 0 2 1 3 0 0 3 8 0 0 1 8 4 0 52 0 0 29 0 6 1 15 0 6 1 9 13 2 3 0 0 1 1 9 0 1 0 0 0 1 9 3 0 3 3 3 1 0 6 4 0 0 1 7 0 0 16 0 0 1 3 22 
0 1 0 14 5 4 1 0 0 41 1 1 171 14 26 38 183 0 0 6 14 0 1 0 6 14 3 2 3 0 7 0 10 0 8 5 0 2 0 0 8 1 7 2 0 10 0 8 1 0 0 2 1 0 0 1 3 0 13 0 0 2 3 5 
7 5 47 1 3 9 0 0 0 1 4 2 2 0 2 18 0 2 2 28 0 0 0 2 2 0 4 3 1 1 13 0 0 99 1 3 1 1 6 8 0 2 1 4 5 36 3 1 0 1 10 4 3 42 40 12 5 2 1 4 0 2 0 4 
7 2 0 1 0 4 15 2 2 34 1 43 0 0 0 1 0 0 2 0 3 7 2 1 9 57 1 0 6 0 4 0 16 0 1 1 0 1 0 3 20 16 0 0 6 2 0 0 0 1 0 1 0 4 0 8 3 1 11 0 1 1 1 0 
22 13 2 4 1 0 1 35 0 6 3 1 0 2 1 0 3 2 0 0 1 0 6 0 0 1 0 0 8 514 2 3 34 0 1 1 1 13 0 1 2 7 6 1 50 5 2 2 0 0 0 1 0 0 4 1 23 2 10 2 1 2 1 2 
3 3 1 0 13 0 2 8 19 0 6 128 0 0 1 1 1 2 4 3 19 0 3 10 2 8 16 4 0 2 0 2 2 0 0 5 4 0 3 22 9 0 1 0 8 6 7 7 1 3 2 7 4 7 0 0 4 23 1 0 2 0 1 2 
0 2 6 0 8 10 12 1 1 7 0 3 4 1 0 8 1 1 39 1 9 4 2 9 0 1 1 49 1 2 3 6 0 1 1 3 12 5 4 0 0 2 1 8 0 6 2 1 1 4 1 2 13 1 0 0 1 0 0 0 79 0 2 0 
52 1 3 1 2 2 0 0 0 6 0 1 0 9 0 33 0 1 2 0 3 0 0 3 1 13 1 0 1 0 1 0 56 2 12 0 0 48 2 0 0 0 1 0 1 3 1 27 0 0 0 23 0 48 0 2 0 1 1 1 0 0 0 12 
1 2 2 1 4 127 1 0 0 0 169 1 2 10 1 3 1 2 0 3 19 1 1 0 1 2 4 0 3 1 1 17 1 2 11 0 3 1 1 0 3 0 2 29 0 9 0 0 0 9 0 43 3 0 4 1 2 41 1 2 2 4 3 1 
0 3 0 2 0 6 11 0 0 6 19 1 1 0 0 2 1 1 36 0 5 0 0 7 3 2 2 0 0 79 3 1 4 122 14 2 4 1 0 5 6 1 1 2 0 1 2 0 3 0 0 2 1 1 12 0 0 10 2 10 12 0 2 2 
0 86 2 14 15 0 8 9 9 18 0 5 1 1 16 8 16 3 3 0 1 0 3 25 0 7 3 30 1 1 16 0 7 3 0 1 1 0 0 0 1 12 1 3 5 1 2 5 17 4 1 27 2 2 0 6 59 0 0 1 0 2 0 0 
3 17 12 0 9 0 1 0 1 0 11 16 2 7 16 0 0 16 2 0 1 1 2 1 1 1 15 1 1 1 44 2 0 2 5 0 0 1 0 2 3 0 6 0 1 2 6 3 0 18 1 1 3 0 8 2 109 144 0 3 1 1 0 0 
1 5 0 2 2 0 1 0 2 2 1 0 2 1 11 4 6 1 2 0 31 8 1 5 4 0 1 3 0 2 2 3 0 1 14 23 29 1 0 0 0 2 8 0 15 0 10 0 1 5 0 0 3 0 0 0 10 42 1 8 1 0 2 0 
4 0 0 3 41 0 0 1 7 12 0 27 12 0 27 4 2 0 11 1 0 7 1 1 4 1 2 0 11 1 12 4 0 3 3 3 0 4 0 0 0 37 0 0 2 1 3 10 1 1 0 0 0 4 8 1 0 0 6 2 4 0 1 1 
0 1 2 25 6 0 263 0 34 5 2 1 3 1 0 0 49 2 6 13 0 7 1 7 6 2 0 9 1 5 2 87 14 1 6 1 72 4 2 0 0 0 7 0 1 4 8 0 12 0 4 3 0 5 5 2 4 0 0 1 1 11 3 1 
41 3 0 4 0 0 1 0 1 12 2 0 0 3 16 1 2 4 6 2 0 0 98 0 6 34 1 1 0 0 4 0 23 3 0 1 0 7 64 2 0 0 0 0 20 0 0 0 0 2 3 4 2 6 3 1 0 3 3 5 3 0 4 2 
16 0 6 0 2 1 0 1 0 1 1 2 0 2 3 1 0 1 0 0 0 5 2 0 0 3 0 5 0 0 2 1 2 21 3 15 1 23 0 0 62 73 35 6 0 1 0 1 1 16 0 1 0 0 1 4 1 0 0 0 16 0 82 18 
47 0 1 4 0 12 2 6 3 2 0 1 0 13 0 6 6 0 2 11 0 0 0 3 2 0 0 1 315 1 2 1 0 1 19 2 18 5 6 7 5 46 1 13 1 0 4 0 9 24 3 19 3 6 0 4 0 47 0 17 0 1 31 1 
0 9 1 38 1 11 0 0 3 2 1 61 6 8 1 1 73 0 1 1 19 18 0 3 0 6 21 0 2 0 6 0 4 3 0 60 1 4 3 0 2 7 0 1 0 0 0 58 2 4 0 0 1 6 1 9 0 10 6 1 1 0 6 0 
0 9 1 0 2 2 7 3 0 1 2 118 2 0 0 0 1 12 0 0 2 12 0 1 5 1 0 4 0 0 2 1 0 0 0 148 5 2 2 2 0 14 0 0 6 1 1 3 4 0 7 1 8 5 3 0 2 9 2 0 7 0 6 2 
0 1 1 0 121 5 13 0 0 0 0 0 0 3 0 5 0 2 2 1 8 2 0 0 0 0 0 4 1 2 2 0 0 8 2 4 14 0 3 0 1 0 41 23 279 3 1 0 3 1 0 0 0 3 3 4 1 13 11 3 17 17 5 0 
0 0 0 3 0 3 39 0 14 0 17 30 0 27 3 0 64 10 1 0 0 1 1 0 1 0 16 3 2 0 4 8 4 17 1 2 4 0 1 0 0 6 0 2 0 1 1 3 1 0 18 0 16 0 7 5 1 11 0 0 31 0 0 4 
7 6 1 3 1 1 0 1 1 2 1 0 3 1 0 0 3 1 0 1 29 3 2 0 0 1 12 1 3 1 13 3 1 0 21 0 0 19 30 0 0 2 0 6 4 0 0 5 2 0 2 5 0 2 1 1 0 8 2 2 0 0 31 0 
11 0 2 0 0 216 23 1 0 1 0 0 7 1 1 2 1 187 8 9 0 12 3 5 5 0 0 3 4 22 2 1 7 0 0 6 0 1 17 1 8 4 96 0 0 0 1 12 0 15 0 0 5 5 535 8 39 2 0 3 1 1 0 1 
0 1 0 29 6 0 0 0 1 10 81 39 19 0 0 0 0 4 2 1 1 5 0 3 0 0 2 0 3 0 0 0 2 0 1 1 0 2 4 0 71 0 1 8 4 4 0 8 4 4 1 6 18 3 1 0 0 17 0 5 3 0 3 1 
0 44 4 7 2 9 4 0 0 0 2 20 11 15 19 6 0 1 6 0 101 14 0 68 0 0 0 4 0 1 4 1 0 0 0 0 2 1 1 80 0 1 4 1 1 4 2 0 1 64 1 1 7 0 0 0 36 0 3 26 68 49 0 2 
4 0 6 1 0 3 4 4 1 0 0 0 8 2 23 4 1 0 1 2 10 3 0 0 1 3 5 0 0 1 2 6 0 0 1 0 17 28 0 10 5 0 1 0 2 0 2 1 0 0 1 1 0 1 0 61 2 31 1 0 0 3 0 1 
5 1 0 0 1 1 99 4 2 1 1 2 0 4 2 9 185 2 0 0 1 0 1 1 1 0 2 3 1 1 30 0 6 2 5 1 1 0 3 0 3 0 3 5 0 3 0 4 6 0 2 0 1 4 7 0 0 1 7 1 10 4 1 2 
1 0 2 3 0 2 3 15 1 22 7 15 2 0 0 1 3 0 0 0 0 0 1 0 0 1 0 9 4 0 2 3 4 297 2 5 1 13 0 0 2 7 1 1 5 7 6 0 0 0 5 1 6 0 16 0 0 2 1 0 6 0 3 4 
1 2 9 3 1 0 1 2 0 0 0 16 0 11 1 2 5 2 15 1 0 1 1 0 2 2 1 2 28 21 2 0 1 0 2 28 3 0 1 1 29 1 0 60 0 0 1 0 0 4 0 0 28 8 1 0 2 1 1 83 0 5 2 59 
0 9 2 0 1 0 30 0 0 4 9 127 11 1 0 2 7 51 1 73 1 35 2 2 4 0 46 7 2 7 0 29 0 3 11 0 66 2 4 1 22 1 10 8 4 0 25 104 11 43 7 3 9 0 2 0 0 5 78 2 1 7 3 0 
7 0 1 99 0 0 6 1 0 101 4 33 20 2 0 13 12 0 1 0 4 0 0 52 2 0 0 0 0 3 10 1 0 0 1 4 7 10 1 0 0 9 1 3 0 9 1 1 0 0 3 0 0 0 0 1 1 1 17 1 1 1 1 15 
0 1 5 2 3 2 0 2 0 0 2 0 10 0 1 2 0 3 23 29 0 1 3 0 32 0 13 2 10 2 0 0 6 4 4 1 6 4 0 25 3 4 10 0 2 11 0 1 1 0 18 2 7 0 0 9 27 1 2 159 0 4 11 1 
0 0 1 0 2 6 0 1 0 10 0 11 1 4 1 1 22 0 0 14 3 7 0 4 4 0 17 1 8 2 0 7 42 26 0 2 10 4 0 4 0 0 7 2 2 1 2 8 1 0 0 3 16 4 8 22 3 26 7 13 0 7 5 3 
3 0 0 0 0 1 0 0 6 4 36 1 4 35 0 1 2 0 1 9 2 0 0 1 6 0 1 2 0 0 0 15 17 3 0 5 0 0 0 18 125 3 4 2 0 1 0 1 0 6 52 3 0 5 1 4 14 0 1 1 3 5 7 1 
1 8 6 0 0 1 1 0 1 37 5 1 1 0 3 0 1 0 0 1 0 39 5 9 2 0 0 2 4 0 0 326 0 0 0 0 1 1 5 28 1 4 4 0 1 0 2 15 7 13 72 3 2 0 1 10 0 0 0 18 0 10 4 1 
3 2 3 0 0 26 1 0 3 1 1 0 5 1 0 2 5 8 1 0 0 2 0 9 3 1 4 0 4 21 0 1 4 0 38 0 0 2 0 0 28 28 1 0 2 2 0 3 0 1 1 1 2 5 1 0 13 3 1 21 130 10 6 1 
63 0 0 3 14 2 10 0 11 24 12 1 11 8 4 1 1 3 0 14 0 0 4 0 6 1 3 2 3 0 1 0 6 0 0 13 0 34 7 2 1 0 1 19 1 5 0 1 13 0 0 4 13 1 2 4 12 0 1 0 12 3 3 1 
0 0 7 0 3 2 2 3 3 0 16 24 0 0 0 22 0 3 6 1 9 6 1 0 19 0 0 139 0 6 25 21 1 2 0 0 0 0 8 2 0 12 0 1 0 0 0 5 0 0 1 0 4 1 1 0 6 6 2 0 0 5 3 1 
3 38 43 0 18 1 1 0 3 1 0 1 0 17 0 1 0 41 1 2 5 7 0 0 1 1 2 4 11 92 4 2 0 1 2 1 4 1 2 0 1 6 3 0 1 3 3 23 0 1 6 29 1 0 3 3 0 33 1 0 3 28 21 4 
5 19 1 13 0 0 0 0 5 16 1 13 1 0 208 2 0 0 35 2 2 7 20 1 0 10 7 2 0 1 0 1 24 9 1 12 1 0 0 1 2 62 9 0 0 4 4 5 1 3 0 1 2 0 5 0 14 0 23 0 0 1 2 4 
1 0 27 24 11 0 2 10 2 0 1 2 1 0 0 0 0 19 1 2 0 1 2 60 3 0 1 0 2 1 10 11 1 3 8 1 0 1 0 1 3 0 19 11 0 0 8 1 0 1 0 26 0 0 9 1 105 6 4 0 0 2 0 0 
1 9 2 2 0 0 4 6 6 0 20 2 0 1 3 9 2 2 0 0 0 0 0 4 1 0 9 0 0 24 0 9 8 0 8 16 0 1 5 6 3 40 0 1 0 2 6 13 0 3 43 1 7 2 5 5 7 0 0 0 0 3 1 0 
5 0 1 4 0 27 1 1 1 8 0 21 3 2 0 0 0 1 0 0 0 8 3 1 0 0 0 31 0 0 0 7 0 2 26 0 13 111 1 0 2 1 9 7 1 0 0 0 2 0 13 2 63 34 3 14 3 18 8 145 7 0 0 132 
3 9 10 3 0 6 1 1 0 1 5 0 0 1 0 0 15 4 0 0 0 2 3 6 0 46 1 0 0 2 0 1 1 0 1 1 2 0 0 0 23 0 0 0 1 1 0 2 0 3 0 6 0 1 19 4 2 1 21 11 3 1 0 32 
0 1 7 0 4 3 8 0 8 1 1 6 0 0 1 10 0 7 6 4 0 1 1 12 1 10 1 2 5 0 1 0 11 5 5 0 5 0 0 8 5 0 5 1 12 3 0 5 11 1 2 0 0 0 2 168 14 6 8 32 1 8 58 0 
1 3 10 4 0 1 4 5 20 113 0 0 1 5 1 1 10 1 29 4 0 0 0 0 1 1 0 28 4 0 11 56 2 1 25 2 15 11 2 6 0 4 15 3 0 0 1 18 0 0 0 0 3 24 0 12 7 2 27 0 4 0 0 1 
0 0 0 0 0 6 1 0 0 1 0 0 0 2 0 3 5 2 0 1 4 1 1 2 1 0 24 0 0 1 143 3 1 29 0 2 0 2 1 3 55 40 8 1 5 3 1 0 4 3 23 6 171 1 0 2 7 0 1 1 1 2 0 9 
3 2 23 9 0 2 1 0 5 1 10 0 1 0 15 9 5 1 38 19 7 0 2 18 11 1 0 50 0 67 20 14 0 20 1 0 0 5 0 3 225 1 0 2 0 2 3 2 1 0 0 5 3 2 3 80 0 8 5 6 1 2 0 10 
1 3 0 1 15 3 0 2 15 0 0 4 25 8 6 111 0 0 1 2 9 3 3 0 1 0 0 2 0 0 13 14 3 16 0 3 2 2 0 0 6 0 2 1 1 5 4 1 9 2 0 11 1 0 5 4 1 17 10 5 28 1 0 72 
0 2 1 19 0 3 2 0 0 1 1 0 1 0 4 5 1 7 1 0 6 0 9 1 2 1 0 4 0 6 0 0 35 8 0 9 6 43 1 3 3 4 14 3 6 1 0 24 0 2 0 0 0 0 2 57 1 19 0 2 23 1 17 11 
0 0 0 17 1 12 0 0 0 4 1 1 1 10 0 10 27 2 0 0 10 3 0 1 20 0 24 23 28 13 0 1 5 0 5 0 0 0 1 1 6 8 8 10 0 2 0 55 3 1 5 0 4 5 0 0 2 4 0 0 2 8 0 0 
4 11 0 56 0 0 1 0 0 2 5 36 2 16 4 5 2 5 4 4 0 0 2 1 1 1 2 0 13 55 0 2 0 8 3 3 0 0 1 0 2 3 6 1 0 0 0 7 6 1 0 1 5 0 0 8 33 10 0 37 6 0 2 3 
0 0 0 0 0 10 1 2 10 1 1 0 2 5 0 14 10 24 0 0 1 0 4 0 2 5 0 1 2 0 2 1 11 0 0 4 0 112 4 21 5 0 2 2 0 1 0 1 11 0 20 0 1 1 0 0 0 0 0 9 0 3 0 1 
0 2 0 3 0 5 2 2 5 19 0 0 1 1 12 18 6 41 116 1 2 14 2 2 9 0 0 0 0 1 11 1 3 0 0 2 20 9 0 0 1 1 7 0 6 15 0 5 17 7 8 0 25 0 5 16 3 1 0 9 1 0 2 1 
1 0 2 7 6 0 4 3 1 0 1 3 2 1 1 2 4 1 31 5 2 0 17 0 1 0 1 0 2 3 0 0 6 4 11 0 3 0 1 2 7 10 0 1 2 0 2 3 5 69 0 0 0 12 0 38 0 0 6 0 2 6 4 0 
3 1 0 0 1 1 0 0 0 1 6 5 0 9 4 0 1 0 2 3 0 1 0 1 13 6 36 48 7 0 9 1 5 0 2 0 3 1 19 10 1 5 2 0 2 0 15 1 6 0 1 0 0 5 19 28 0 0 38 6 0 1 5 0 
1 0 1 28 1 3 13 0 2 0 6 0 2 1 6 0 19 31 9 3 0 4 20 9 0 0 7 0 4 1 2 1 17 9 0 18 7 0 0 2 3 1 6 3 1 0 1 0 1 0 0 0 0 1 45 0 6 1 1 1 0 1 1 1 
102 0 1 1 8 3 0 0 3 0 10 1 0 3 8 2 25 1 0 1 5 0 0 23 0 0 9 0 33 6 5 12 0 4 23 0 2 1 10 4 0 1 0 0 2 2 2 6 5 0 0 1 0 11 1 2 1 1 5 2 1 0 3 5 
1 2 1 2 53 1 12 1 0 37 3 0 3 1 3 1 1 3 0 0 186 0 3 2 0 7 3 2 0 37 0 0 23 2 1 269 12 16 1 32 1 0 7 1 0 1 0 2 4 0 1 0 6 2 4 3 0 19 27 1 6 2 4 12 
6 1 23 12 33 0 7 1 0 0 2 3 1 0 0 0 1 2 0 1 0 0 1 1 11 17 2 1 0 23 0 4 0 0 0 0 0 0 0 41 1 4 4 17 7 14 7 14 2 18 12 0 0 1 3 0 1 47 6 7 9 109 0 2 
0 0 0 0 12 6 2 1 535 4 0 7 0 0 1 2 2 29 0 1 1 0 0 4 1 0 2 1 1 0 0 0 4 0 1 2 0 1 70 3 1 1 10 1 0 4 1 0 223 1 3 2 7 5 1 228 0 2 8 1 7 8 1 3 
0 0 16 0 10 5 1 1 23 0 3 3 0 0 1 0 1 0 1 40 1 1 30 15 6 0 7 31 18 143 1 0 5 1 3 1 12 5 14 2 1 3 21 0 0 0 1 0 2 3 1 0 1 283 42 0 0 0 3 3 0 8 0 2 
1 34 3 0 4 1 54 1 3 0 2 12 80 0 0 3 7 8 0 3 0 0 0 220 0 0 6 1 25 4 0 1 0 48 1 13 1 2 0 1 0 4 0 1 0 0 3 1 1 0 5 1 1 5 1 0 3 2 0 0 0 0 3 0 
11 1 0 0 18 2 1 0 2 7 1 4 0 1 0 0 3 0 1 0 8 12 3 1 0 2 3 1 0 3 1 2 0 1 0 780 1 0 9 3 0 2 1 17 3 1 7 5 29 19 2 44 30 2 1 1 1 233 2 0 18 0 2 8 
0 39 1 0 5 12 2 0 1 1 0 0 0 0 6 0 13 37 2 6 0 13 1 0 0 5 67 2 0 6 2 8 1 3 5 0 0 0 1 0 0 0 0 0 1 8 0 3 0 4 1 38 4 1 1 0 11 1 0 2 5 1 1 7 
41 0 11 1 9 1 1 2 1 0 0 1 1 1 0 1 124 1 39 0 76 3 0 3 5 1 0 0 0 1 0 4 1 38 85 0 0 2 0 3 4 1 0 0 2 0 1 27 8 4 0 4 0 0 4 8 2 0 1 0 1 3 2 0 
0 8 4 1 3 0 71 6 2 4 4 1 11 0 12 0 7 0 0 5 14 6 0 1 2 0 1 1 12 0 8 6 1 0 3 0 1 0 15 0 1 4 0 0 4 6 9 60 25 12 8 0 2 3 1 1 5 23 0 1 0 9 1 0 
1 0 1 4 2 0 0 13 43 1 1 2 3 0 0 1 4 0 0 2 0 6 0 0 0 42 10 39 0 9 2 0 9 17 7 12 0 0 8 63 11 2 6 0 70 0 3 6 4 0 11 1 16 3 1 0 1 80 0 0 2 34 6 2 
5 0 4 9 2 0 5 1 5 0 0 8 1 15 0 5 10 0 0 36 1 0 3 0 144 0 2 5 0 0 1 0 3 44 0 8 2 1 0 1 33 11 0 0 0 0 3 3 0 0 0 1 1 2 7 2 4 53 0 1 0 10 0 7 
1 8 0 35 1 3 1 0 4 1 0 5 8 70 4 1 1 2 0 2 3 1 1 3 3 3 3 0 1 0 1 17 2 5 44 20 0 0 0 6 7 4 14 0 150 19 1 6 13 0 0 2 0 1 0 2 1 8 95 1 55 0 0 0 
1 0 0 0 166 0 2 2 1 29 0 0 5 1 0 1 4 17 23 0 4 1 1 0 0 0 3 0 14 5 5 0 0 0 1 0 0 2 1 2 30 1 3 1 0 4 4 0 1 0 128 1 9 1 7 1 0 1 0 2 1 1 1 2 
1 0 0 1 0 5 4 1 12 0 14 0 5 255 1 0 8 4 0 3 2 6 2 0 1 0 7 0 0 0 6 0 4 2 18 2 8 6 0 1 1 0 0 2 1 9 0 3 1 0 1 6 1 42 1 6 0 6 0 2 1 1 0 1 
0 1 3 0 0 0 1 1 3 2 3 0 0 2 1 23 0 0 2 2 12 27 11 0 0 0 12 7 2 0 8 2 0 5 1 1 17 2 0 0 0 10 0 0 9 12 19 6 4 0 20 1 5 1 0 32 0 6 0 0 1 2 0 0 
7 1 2 6 3 6 0 31 3 1 2 1 13 30 1 3 8 12 0 1 90 28 3 30 13 0 0 1 10 50 8 12 5 6 0 1 69 1 16 10 2 2 4 1 0 7 6 0 8 0 9 1 1 15 1 0 3 1 4 0 9 1 2 1 
0 4 1 0 21 0 2 1 1 6 59 1 6 70 0 0 4 1 2 0 0 0 5 7 0 5 6 2 1 0 1 2 1 0 12 1 2 41 0 3 2 13 2 4 4 6 3 0 1 46 2 0 2 0 0 1 4 1 0 3 0 1 0 5 
3 2 2 2 30 3 2 4 3 2 15 0 4 3 2 1 3 3 7 0 0 2 1 1 0 2 27 0 1 3 2 0 0 1 5 0 0 100 1 1 1 7 0 1 0 2 1 0 1 0 0 28 23 1 1 0 0 6 0 0 0 4 2 0 
111 1 0 25 1 0 0 2 0 0 0 1 9 0 0 61 1 1 1 1 2 1 19 4 0 4 8 0 0 27 2 1 13 0 22 0 24 18 0 0 0 0 3 0 0 0 2 1 2 7 0 49 29 17 1 0 7 0 29 10 19 0 4 9 
4 0 0 0 4 59 2 0 3 0 26 88 18 0 7 2 26 0 1 1 1 0 3 7 1 0 1 2 0 46 14 7 7 0 1 1 0 19 5 2 7 0 2 0 2 0 0 0 5 0 5 5 2 0 3 2 8 5 0 1 9 0 0 1 
6 3 1 1 22 0 4 56 0 0 1 0 0 0 0 54 2 22 2 44 0 1 4 0 0 29 9 0 18 0 0 0 4 7 0 22 1 0 0 1 0 0 3 1 3 1 0 16 2 1 1 2 0 1 3 11 2 0 1 0 0 1 3 0 
0 0 0 9 33 89 2 8 1 0 1 0 0 0 0 6 2 0 0 1 1 4 1 1 0 1 12 1 1 1 7 14 2 1 1 1 17 0 10 0 1 1 14 0 1 0 0 2 0 0 2 7 0 0 0 7 41 2 38 1 1 5 1 9 
1 1 0 1 5 2 4 6 0 0 0 0 0 3 0 9 0 10 0 10 0 46 0 11 5 2 2 1 1 0 8 10 7 9 0 8 14 0 1 19 0 1 0 0 0 1 79 3 0 1 1 26 0 31 0 0 1 4 2 21 0 0 1 1 
0 2 0 39 1 0 0 1 0 10 0 7 10 0 0 1 0 8 1 4 1 1 1 3 0 1 1 33 6 2 0 1 0 0 0 0 1 0 1 2 1 0 4 1 1 188 2 10 0 1 0 0 0 0 0 23 36 7 0 2 0 1 1 3 
1 0 6 0 0 1 2 0 0 6 0 0 0 416 11 1 2 4 5 0 5 0 2 0 0 1 4 0 1 4 7 0 2 5 2 0 21 11 13 1 0 0 11 0 4 6 46 1 0 9 0 1 1 3 9 0 1 0 8 3 20 4 10 5 
0 2 2 2 0 6 0 0 2 1 1 0 4 35 2 1 1 2 1 1 2 1 0 0 0 1 0 0 0 6 0 3 0 0 3 2 0 9 0 3 65 0 3 18 2 0 10 21 0 1 8 3 1 6 1 0 0 0 0 3 0 0 11 3 
6 2 1 1263 1 1 3 5 3 16 1 0 3 0 13 149 6 0 11 2 1 4 1 3 19 4 4 9 13 0 181 1 8 0 0 48 0 1 0 11 1 1 2 0 44 1 1 0 8 3 0 32 0 3 0 0 53 2 24 0 15 5 2 1 
1 0 12 3 4 0 1 0 1 0 1 33 1 1 5 7 11 0 8 1 1 0 1 0 29 5 2 50 2 3 4 10 0 8 5 2 8 2 1 10 7 0 2 2 2 0 8 1 0 0 1 2 1 0 0 1 1 7 1 4 23 1 6 107 
0 6 0 1 0 2 1 12 38 5 6 0 14 0 0 0 6 6 0 3 3 0 5 2 2 8 13 2 15 5 0 1 3 1 4 0 13 14 1 0 0 0 0 1 0 1 0 1 0 2 2 11 0 0 165 5 0 2 1 7 5 2 0 4 
0 2 5 4 0 6 0 4 4 1 1 0 4 0 2 9 4 0 1 8 0 193 12 1 5 0 0 8 2 27 17 2 0 0 1 1 0 3 1 1 6 1 2 0 1 1 1 1 0 11 1 37 39 0 1 1 2 0 0 0 0 3 9 3 
2 3 0 9 0 0 1 4 0 0 0 0 5 1 0 8 29 0 0 2 10 6 0 0 1 0 1 1 7 2 0 2 0 1 0 0 23 0 5 10 7 1 0 7 3 0 41 7 3 0 0 1 2 0 6 0 58 1 1 0 0 1 11 1 
20 19 2 6 8 22 2 0 0 0 0 1 2 48 18 0 70 0 44 40 0 0 2 0 5 74 1 12 11 1 14 0 0 1 5 7 0 2 0 36 0 0 0 33 0 1 3 2 0 1 0 3 2 1 1 0 21 0 1 150 4 31 0 0 
5 33 2 0 9 1 7 1 8 3 8 0 2 0 0 44 2 0 1 1 0 0 121 1 5 26 13 8 0 1 2 4 11 9 6 4 0 4 8 0 4 0 1 2 9 0 44 0 17 0 1 1 0 0 0 1 0 0 2 92 0 1 1 0 
1 33 2 1 4 0 11 3 14 0 0 12 8 1 3 1 1 0 0 0 1 24 1 1 0 6 0 4 0 1 0 1 6 1 33 39 0 7 0 6 0 3 1 0 2 0 5 0 0 1 0 0 10 2 195 96 10 0 4 0 1 11 1 1 
0 1 6 4 1 44 0 2 1 0 0 43 2 3 20 2 18 4 0 1 111 68 0 1 1 0 0 0 0 0 3 0 2 0 9 2 0 5 25 1 0 5 0 0 69 1 0 0 8 1 0 2 2 0 1 10 10 2 0 0 20 5 0 0 
2 1 0 2 3 7 0 0 12 2 1 0 0 8 0 4 37 3 0 3 4 2 69 5 36 0 0 0 9 18 1 1 1 0 4 1 0 1 1 7 0 11 1 2 0 0 3 0 0 15 12 7 0 2 1 2 0 4 7 1 0 1 9 5 
16 53 9 0 0 163 0 3 0 0 2 9 0 7 0 6 2 0 37 6 1 0 7 5 5 1 0 2 32 2 19 2 0 6 28 42 1 0 0 5 0 52 1 0 8 1 8 16 3 7 0 0 0 2 0 3 2 0 4 6 0 2 2 6 
29 1 4 0 0 6 1 1 0 7 9 0 1 0 0 0 1 1 23 0 1 0 9 7 3 1 1 1 1 5 1 0 10 3 5 0 1 19 0 2 0 9 0 86 0 2 2 1 2 0 5 2 0 0 1 8 2 1 0 2 0 15 309 3 
1 0 8 2 21 0 0 0 1 0 10 6 20 1 3 27 0 0 3 0 1 0 0 4 2 4 2 21 0 5 7 5 42 0 5 246 3 1 0 2 1 0 2 4 0 0 2 7 7 30 0 67 7 2 1 1 0 10 0 0 0 6 1 1 
0 0 1 5 9 0 0 10 1 1 7 1 1 4 0 2 0 26 3 10 0 5 20 1 2 1 5 4 6 24 9 0 9 2 19 36 0 23 0 0 1 5 2 52 0 33 1 1 1 2 277 1 1 217 0 1 8 0 1 1 0 0 2 0 
6 0 3 2 1 0 0 6 1 1 7 0 2 12 13 1 0 0 6 1 0 1 211 2 3 0 4 2 4 0 7 46 0 9 4 3 6 0 2 9 2 2 1 1 0 0 4 0 1 1 253 0 8 21 0 0 1 0 0 1 1 15 7 0 
0 0 3 0 0 5 1 4 1 0 0 2 0 66 2 1 0 16 0 21 12 0 6 1 0 2 1 0 0 0 3 26 97 18 1 1 37 11 1 0 0 0 1 3 4 10 1 3 1 5 20 58 0 5 5 0 0 0 2 0 0 5 15 7 
2 0 7 1 0 9 1 0 0 0 0 58 1 0 1 65 10 1 0 15 0 0 0 5 3 0 0 0 0 1 0 0 0 2 1 0 3 1 0 1 2 9 0 29 1 3 1 40 2 7 0 1 0 0 1 1 0 152 2 8 0 1 3 0 
7 1 0 1 0 0 1 0 0 0 0 1 4 7 11 17 107 0 0 4 0 1 0 4 0 0 0 19 0 2 1 0 1 4 4 0 0 0 5 1 3 12 5 0 3 0 7 12 0 36 0 26 11 12 2 2 3 26 0 0 26 2 3 2 
1 0 2 0 0 2 9 1 0 0 8 0 8 0 1 6 1 0 2 1 1 5 11 0 1 0 2 1 0 0 0 5 17 3 8 19 0 0 7 6 6 1 0 3 0 0 0 1 91 2 1 0 1 1 3 1 0 76 1 0 0 3 1 1 
1 0 36 0 0 0 8 0 1 1 10 1 2 6 5 0 3 0 1 5 1 1 5 0 0 4 18 5 2 3 70 1 0 7 4 1 94 7 0 0 0 0 0 2 2 29 0 1 1 0 0 1 0 0 1 0 0 16 6 1 3 0 18 3 
0 0 1 0 1 7 7 0 2 1 0 6 1 0 20 1 0 3 0 0 14 3 6 11 0 22 2 34 4 0 9 0 7 5 1 27 1 1 30 7 1 6 3 2 2 0 1 0 7 9 12 0 0 4 1 13 0 1 2 2 0 0 14 0 
3 35 0 1 0 0 0 15 4 2 0 0 9 0 3 0 3 0 0 0 4 1 10 0 4 3 3 0 1 2 1 1 0 0 0 0 2 0 0 1 4 4 1 1 0 2 0 0 1 1 0 6 2 0 1 0 5 1 0 1 1 3 0 0 
0 1 3 6 0 0 1 0 0 163 0 5 4 1 27 0 8 0 7 86 1 2 66 6 6 0 0 2 0 1 0 0 10 0 1 1 0 30 0 10 1 2 1 0 1 8 114 7 2 10 9 6 2 89 30 1 0 0 5 2 3 1 44 0 
2 1 0 0 3 11 1 1 152 7 0 19 1 8 1 11 1 0 0 2 1 31 0 1 13 0 0 8 0 42 33 2 1 11 2 0 1 0 5 0 2 2 4 2 39 4 1 0 4 8 5 0 1 1 0 4 0 0 6 2 0 80 8 46 
1 5 2 1 1 13 1 4 1 1 0 6 5 4 5 0 0 5 0 0 0 0 0 1 0 7 0 0 2 0 12 3 0 17 2 2 1 1 0 0 5 2 36 27 0 0 1 1 2 1 4 7 7 2 3 4 1 9 1 3 36 6 166 0 
0 1 15 1 28 0 1 0 1 0 3 1 6 23 8 1 15 0 117 0 0 0 0 1 0 0 3 0 8 0 1 0 7 1 0 69 1 5 1 3 7 32 1 27 30 14 2 1 0 2 6 0 3 0 0 3 0 0 11 2 5 0 1 0 
3 3 0 0 1 0 6 4 11 2 3 6 0 4 0 0 0 2 0 28 1 0 1 4 3 4 0 0 7 5 0 1 1 0 0 1 2 6 0 0 9 87 4 2 1 59 5 0 0 9 0 0 3 2 1 6 3 1 4 2 1 1 1 26 
0 0 12 0 8 7 5 0 3 0 2 1 2 75 4 0 1 1 2 0 0 2 7 0 4 1 9 7 41 0 2 1 0 2 0 3 9 2 1 1 4 21 1 0 6 4 2 1 68 0 41 2 0 6 1 0 1 0 1 3 42 0 6 0 
0 0 1 0 1 0 1 0 6 0 0 0 0 0 0 0 0 2 0 2 1 5 0 0 0 0 1 10 5 1 0 33 6 5 0 18 0 3 0 0 44 9 6 9 2 0 0 6 2 3 0 0 6 0 0 1 1 1 1 8 1 3 0 2 
11 0 0 0 1 4 0 8 0 1 8 31 0 55 3 0 6 0 1 0 4 3 7 1 1 55 0 0 7 0 2 16 0 13 7 5 0 2 0 1 9 275 0 5 3 2 5 4 2 3 2 0 0 9 0 16 1 7 2 0 3 1 0 1 
2 0 12 4 0 6 8 5 1 2 0 2 3 1 7 1 2 1 99 1 3 0 0 2 1 0 29 0 26 0 3 4 0 1 0 3 1 0 1 1 9 66 4 0 2 18 14 0 0 18 21 6 1 1 4 8 0 1 3 0 5 8 1 0 
1 3 7 19 0 1 31 3 24 0 1 1 22 2 2 0 0 5 0 5 7 1 44 12 4 11 1 14 0 6 20 2 14 6 0 0 3 20 1 0 3 2 3 4 6 2 0 9 49 1 0 0 0 6 1 0 14 7 1 5 12 2 0 1 
1 0 5 3 1 0 5 15 7 6 0 0 17 1 3 0 9 9 0 0 1 0 6 4 0 0 0 5 6 1 0 6 18 15 14 6 1 5 15 0 10 0 2 2 1 5 28 13 83 1 0 4 5 5 0 0 39 1 1 6 3 0 5 1 
2 5 0 0 1 0 4 3 0 22 9 3 1 5 4 0 1 145 1 9 1 2 0 2 13 1 39 2 5 0 0 3 0 4 0 0 1 4 4 29 5 1 0 1 5 6 0 34 7 0 0 2 6 31 10 12 1 7 2 0 3 5 65 1 
0 0 1 2 4 14 0 1 0 21 1 14 6 2 0 5 4 0 0 10 4 0 53 3 2 0 5 5 0 0 5 1 0 1 5 1 0 0 40 2 1 1 0 79 0 1 7 0 0 18 3 0 0 3 0 6 9 3 6 1 0 1 8 1 
5 1 1 4 0 0 2 1 6 0 1 0 0 0 22 1 1 9 1 0 1 0 3 30 1 11 5 0 1 2 1 1 2 1 2 8 0 3 0 2 0 0 2 0 12 1 2 4 1 6 6 7 0 0 1 1 8 0 1 1 0 16 0 17 
2 0 2 0 6 1 0 3 2 1 1 1 4 2 0 24 1 0 0 18 0 4 1 0 5 1 0 4 0 5 4 0 6 0 0 22 0 3 0 22 0 0 0 5 2 1 0 0 1 0 3 8 1 0 0 30 0 12 4 0 18 95 15 1 
1 0 0 5 1 2 0 1 2 1 13 7 30 0 0 3 2 7 0 2 0 1 32 8 2 15 0 5 0 1 6 0 0 0 0 0 0 0 2 0 10 0 1 0 0 0 2 0 1 11 0 2 0 0 22 1 0 1 0 7 10 5 0 2 
17 0 1 0 7 2 0 1 6 1 0 0 1 3 5 0 1 18 7 2 0 7 9 0 28 0 10 0 0 57 6 1 1 6 9 4 2 0 65 0 7 2 0 4 4 0 7 1 0 0 1 2 3 0 1 0 2 0 2 2 0 2 11 54 
2 15 3 16 1 7 9 3 0 3 27 7 0 0 10 6 1 0 12 2 8 0 3 0 2 21 0 0 6 0 3 2 0 2 0 5 0 0 4 22 8 2 7 1 1 0 2 0 0 2 0 0 4 15 1 0 1 0 10 37 0 0 0 7 
0 3 0 1 1 12 4 6 5 15 7 7 0 7 0 40 1 1 14 68 0 0 3 0 0 1 1 0 7 0 1 55 0 85 26 43 0 5 1 12 87 0 12 16 0 1 1 0 0 6 3 1 0 2 1 0 1 4 15 0 0 0 0 0 
2 0 2 6 1 0 3 1 4 0 1 0 40 0 1 0 0 0 12 0 1 57 2 0 2 27 2 50 18 1 5 0 1 6 1 3 1 0 0 2 1 2 1 1 7 11 0 3 15 0 0 0 2 11 0 0 36 3 27 0 2 3 0 1 
0 1 38 0 361 0 7 8 0 1 6 22 1 16 4 1 12 0 6 10 59 2 0 5 26 1 0 0 21 3 9 0 1 1 0 9 21 0 2 2 6 0 1 5 0 20 1 2 0 1 25 6 1 0 11 0 2 1 2 0 3 8 0 0 
0 6 6 4 14 1 0 3 0 10 2 0 2 1 0 0 1 0 1 1 0 0 1 1 4 0 2 0 20 6 3 3 2 0 0 18 8 2 1 0 43 0 31 0 1 1 38 0 1 0 103 7 1 1 3 0 4 1 0 2 0 7 3 0 
1 2 0 5 1 6 1 0 1 2 0 0 8 1 0 3 9 3 0 30 25 0 0 0 1 0 0 1 5 27 1 0 0 1 0 1 7 3 1 34 3 34 13 3 2 2 1 2 43 0 1 1 0 3 0 9 1 6 29 1 14 1 7 12 
0 9 0 5 2 7 28 1 0 1 0 0 2 0 1 2 9 37 3 0 11 0 0 1 1 1 3 5 5 1 0 0 27 4 30 0 24 2 308 11 1 8 0 5 1 1 1 0 1 0 3 2 1 0 2 0 182 5 4 0 23 6 2 2 
0 0 1 1 0 0 1 0 0 0 1 15 7 0 1 1 2 0 0 10 0 1 0 0 0 1 0 11 5 7 1 1 10 1 55 6 0 5 11 0 7 4 0 0 9 2 2 0 1 6 6 0 6 4 0 0 0 1 2 3 23 1 0 0 
1 0 0 112 3 1 0 11 1 18 10 2 1 4 1 5 4 0 0 13 1 0 22 2 0 0 0 0 3 3 18 49 1 0 15 5 0 2 2 1 0 1 2 1 1 1 5 0 1 7 2 1 0 0 3 28 1 1 0 1 0 0 0 13 
12 2 24 9 7 0 0 0 1 0 0 2 0 49 8 2 0 0 0 0 1 0 7 0 40 1 1 5 3 3 3 1 0 0 2 3 2 0 1 0 1 2 1 0 1 0 25 7 4 1 4 0 4 0 1 1 37 2 7 32 7 12 0 2 
19 5 0 1 0 0 0 11 2 0 1 26 1 0 7 0 1 10 0 25 6 11 0 20 0 0 0 0 5 0 20 0 0 27 1 2 3 0 63 27 7 11 0 1 10 0 1 0 0 0 32 0 3 1 0 2 1 0 1 2 82 1 0 3 
4 1 15 1 14 1 7 5 4 1 0 1 3 0 4 1 3 1 1 5 2 4 2 48 1 3 9 2 1 1 0 17 0 0 26 3 14 0 1 11 0 0 0 7 1 1 15 0 2 0 11 1 0 9 88 29 0 0 1 0 2 1 1 0 
8 0 0 0 3 1 2 0 1 2 0 1 17 0 135 15 10 0 9 0 374 1 0 35 1 3 1 0 6 0 1 7 4 1 0 4 0 5 1 0 11 0 1 24 1 3 0 3 1 0 6 50 0 4 1 7 1 1 16 0 3 4 0 1 
3 6 13 0 4 1 0 1 1 2 0 17 0 1 21 5 0 1 11 13 1 0 2 2 2 7 0 7 0 0 2 7 2 7 3 0 0 1 1 4 12 1 7 1 2 0 0 0 0 3 2 6 2 0 846 13 0 0 0 0 0 14 5 1 
5 11 0 84 1 3 0 2 1 12 1 0 2 31 3 1 0 26 0 4 1 49 8 0 1 0 26 0 0 184 8 0 1 0 0 9 43 1 8 6 5 13 34 0 0 1 122 0 11 2 149 1 0 21 0 0 0 9 1 1 0 10 10 2 
9 3 1 3 0 0 104 4 3 0 0 1 2 0 10 1 0 0 3 1 0 3 5 7 4 1 1 0 0 1 3 0 4 19 0 0 2 0 0 31 3 7 6 0 2 3 1 3 1 5 4 3 6 3 0 4 2 1 3 0 13 2 213 3 
1 3 1 23 1 17 0 64 3 0 2 4 0 0 0 1 67 0 0 1 42 0 1 5 7 15 2 1 2 2 0 41 2 1 0 1 4 0 0 1 2 524 21 1 0 10 0 7 1 0 8 0 1 1 2 3 1 0 1 2 3 9 1 8 
0 0 2 0 4 3 0 0 6 5 8 0 13 1 1 3 1 56 1 5 2 7 2 2 10 0 1 23 0 42 9 0 2 1 3 45 1 15 6 5 15 1 71 6 0 6 0 0 4 9 0 0 8 0 41 0 2 2 0 8 10 2 1 0 
24 0 1 0 57 1 8 11 13 0 4 0 10 0 5 2 1 3 0 6 1 4 0 1 2 2 0 0 4 26 0 2 4 2 48 0 1 15 0 0 8 4 0 2 2 0 3 1 3 2 5 63 2 1 3 3 0 0 0 3 2 12 1 1 
1 0 2 0 3 17 0 1 2 0 0 3 0 0 1 0 0 0 2 1 1 6 1 7 10 3 0 10 2 8 2 33 0 0 5 5 0 0 4 4 3 0 1 1 0 1 1 8 0 3 1 2 5 0 10 0 2 7 20 0 0 0 24 1 
0 41 1 0 1 0 100 0 2 2 0 5 1 8 0 0 0 3 10 0 8 39 5 28 2 1 0 12 0 0 0 14 0 0 0 0 11 22 1 7 6 2 0 16 3 1 1 5 3 84 3 0 19 35 0 63 3 52 7 3 5 0 74 7 
147 3 3 6 1 16 3 5 3 0 65 0 0 0 0 0 50 31 2 14 31 0 0 1 37 5 7 2 4 1 4 2 0 4 1 2 92 1 1 3 5 1 4 5 0 2 14 2 1 1 2 2 7 103 16 2 1 28 0 0 0 0 5 1 
1 6 0 1 118 3 0 0 62 22 0 2 18 11 2 0 1 10 1 2 1 0 2 0 3 19 0 1 4 0 0 0 0 1 1 0 9 1 19 2 2 3 4 0 0 0 14 2 7 5 5 0 1 0 4 1 0 0 0 1 0 1 0 0 
2 16 2 6 4 15 0 0 0 1 0 4 2 1 0 0 15 1 2 2 36 2 22 0 0 0 0 4 0 2 1 0 1 0 0 0 9 3 3 3 28 0 24 4 0 0 9 0 0 11 5 6 47 1 7 0 0 3 25 0 4 4 9 2 
3 13 0 0 0 0 1 3 0 5 1 9 0 3 13 0 1 1 4 1 6 0 42 3 0 4 1 3 5 5 0 3 0 0 0 1 5 182 29 1 0 1 0 0 1 7 0 1 0 1 0 1 21 2 0 2 0 2 0 32 0 0 0 0 
1 0 5 7 1 2 0 0 60 2 2 0 12 37 1 4 1 0 4 9 4 3 1 3 0 0 0 2 0 0 0 28 0 1 4 2 4 2 1 2 1 1 2 24 15 9 7 0 0 3 23 1 0 0 5 0 6 1 90 3 8 5 2 0 
0 0 0 1 0 2 1 1 16 3 0 0 0 1 3 2 7 6 0 30 1 1 0 0 1 19 0 0 9 1 13 26 1 2 0 84 20 0 1 4 2 3 0 5 2 1 1 1 2 1 0 2 1 0 14 2 2 1 4 8 83 21 0 2 
9 0 69 0 0 21 1 1 1 0 3 20 6 7 1 0 1 0 10 1 8 0 5 34 0 21 4 30 3 44 5 0 0 0 12 0 0 8 0 0 0 2 0 0 2 3 0 5 9 1 2 0 2 1 2 1 4 3 0 10 3 2 0 0 
1 3 1 0 3 38 0 11 0 3 0 0 41 3 4 15 5 4 4 2 0 2 1 0 3 3 5 27 2 9 1 6 9 5 3 2 0 1 15 1 72 4 1 2 2 0 4 9 1 1 4 8 0 1 0 76 19 1 1 0 1 0 1 3 
1 5 0 2 2 0 0 14 5 13 11 5 12 0 0 20 1 1 45 1 1 0 1 0 1 0 0 9 14 2 1 1 36 17 0 2 39 34 33 6 10 4 1 24 5 2 0 0 0 4 1 1 6 1 0 3 18 7 5 1 0 0 4 1 
2 1 29 0 0 1 1 9 0 0 0 8 1 0 0 0 4 11 2 1 2 3 0 2 5 0 0 0 1 1 0 7 0 0 1 7 2 1 1 2 19 2 1 88 6 0 1 0 1 2 0 25 1 0 0 2 8 2 0 0 0 0 6 0 
3 0 0 0 1 0 14 0 0 0 14 6 0 5 7 1 0 12 2 32 0 106 0 2 0 11 9 10 1 0 0 2 1 14 50 2 26 0 1 2 0 55 2 3 2 4 2 0 1 0 0 0 2 2 13 4 0 1 7 0 8 3 6 0 
1 1 0 2 44 1 0 0 0 0 0 2 0 0 0 0 0 0 1 2 0 14 52 12 1 3 0 1 0 0 1 2 7 0 1 0 0 14 0 14 46 0 0 6 47 3 5 2 0 0 8 0 2 5 16 11 0 13 0 0 1 5 1 0 
2 3 1 0 1 1 0 0 0 12 0 0 6 2 2 0 0 9 0 2 41 4 0 2 5 35 2 21 5 0 0 1 6 1 1 0 0 4 8 6 44 1 1 0 2 1 1 3 15 9 0 0 17 1 2 0 1 0 12 39 24 5 0 3 
1 7 0 1 8 1 4 2 2 1 0 0 2 1 0 16 0 2 12 0 4 0 1 5 0 30 0 0 0 0 11 0 0 370 6 5 2 0 7 2 0 0 6 2 0 0 4 5 5 0 0 2 0 0 5 1 0 1 3 0 3 2 0 3 
85 1 6 0 2 7 0 3 5 0 1 0 4 0 2 0 2 0 0 1 0 5 23 0 0 0 8 0 3 0 1 0 4 7 4 1 0 6 1 1 1 13 0 0 0 19 4 6 0 1 0 5 2 0 7 0 1 0 14 31 1 8 6 4 
1 4 1 0 53 0 1 0 14 15 0 4 0 3 0 5 0 0 0 2 1 12 2 2 1 3 13 5 15 1 0 1 9 1 1 1 1 1 0 0 1 1 10 0 0 0 1 0 0 10 3 1 4 1 0 2 4 0 3 1 1 0 2 0 
1 2 2 0 19 1 2 4 3 8 94 0 2 4 3 3 5 0 2 1 1 0 1 6 1 7 2 0 1 0 14 0 0 72 1 2 0 5 25 22 1 75 0 1 0 0 0 0 9 14 2 2 0 3 40 2 1 4 0 0 0 0 15 1 
3 65 22 0 1 1 0 10 5 6 3 3 0 0 1 1 4 12 212 0 1 60 1 1 0 0 0 2 1 2 3 7 9 1 3 99 1 3 0 1 4 0 4 15 0 2 0 1 1 1 1 0 2 1 12 1 3 2 1 33 0 0 1 4 
12 19 0 60 18 0 1 38 0 0 0 0 3 0 8 1 0 7 1 4 3 1 11 5 0 0 17 5 0 0 19 6 4 0 35 0 5 1 5 3 16 1 0 3 1 12 2 13 1 0 15 0 0 1 0 2 0 28 0 4 9 1 47 2 
1 3 0 16 2 1 3 6 0 0 1 2 0 22 18 6 21 2 0 16 2 1 0 0 5 0 2 125 40 1 0 0 4 0 10 0 9 0 3 0 6 4 1 5 13 0 14 2 9 0 2 1 5 0 9 1 0 1 7 7 3 0 4 0 
0 5 2 0 0 3 0 0 1 0 2 12 0 13 1 0 1 0 14 0 1 0 0 0 1 3 1 3 0 1 1 23 8 1 40 1 1 4 0 3 0 0 1 3 2 2 0 3 2 1 1 1 2 8 4 66 1 11 0 1 0 3 11 0 
5 11 60 1 0 0 0 0 2 0 0 28 0 2 48 0 1 11 0 14 9 3 0 0 0 29 1 0 1 0 8 0 9 1 0 1 21 6 0 1 24 8 17 0 32 0 2 1 16 0 3 0 1 4 16 2 6 1 4 0 0 1 0 16 
0 6 15 0 0 16 10 0 1 1 3 0 1 0 17 0 0 102 1 1 0 3 0 1 1 3 3 1 90 116 5 2 5 22 3 1 9 0 1 1 5 20 5 0 6 0 0 0 8 0 2 1 1 8 0 7 18 0 0 0 2 0 1 0 
17 3 0 1 0 0 0 1 3 0 17 1 0 0 27 13 0 3 1 0 5 0 1 54 3 3 3 6 6 0 4 1 29 1 2 24 8 0 9 8 0 4 0 10 5 3 1 0 244 0 1 396 26 1 8 0 1 0 0 15 0 1 4 8 
1 5 0 1 1 0 36 0 0 20 0 0 0 2 0 0 36 3 10 27 0 0 1 2 3 32 0 1 32 4 1 2 0 0 1 41 0 0 0 0 2 2 1 0 107 1 5 1 1 0 1 0 0 26 1 6 18 2 0 1 0 1 2 8 
0 0 0 5 1 2 5 7 1 10 1 1 0 1 29 0 9 6 8 1 4 2 8 7 3 2 3 45 1 1 5 1 5 2 2 0 0 10 0 6 0 15 3 0 1 1 0 0 12 2 2 0 3 0 0 9 0 3 1 1 1 1 8 6 
2 0 1 0 3 1 0 1 2 0 3 1 5 3 2 0 2 25 14 5 18 2 3 0 0 1 3 2 0 7 0 0 8 0 0 6 2 1 28 1 1 1 3 3 0 0 21 2 1 1 3 3 0 2 1 1 6 1 7 0 0 2 0 8 
0 0 4 23 0 6 3 1 0 0 4 0 1 6 0 0 7 0 3 7 3 1 4 0 0 0 2 1 2 0 1 1 1 0 0 85 0 4 0 39 1 7 0 0 2 0 5 13 1 13 0 0 1 0 0 16 3 39 3 4 7 0 5 2 
2 14 5 0 12 1 1 1 5 0 3 0 1 13 10 3 5 5 1 1 15 3 5 1 1 4 0 0 0 0 0 4 0 0 0 1 5 0 1 0 1 0 0 1 0 2 6 9 0 1 4 1 1 0 0 19 107 2 11 0 6 0 2 3 
1 4 10 0 0 0 0 1 6 1 10 16 7 14 1 0 2 13 0 0 0 0 1 11 2 1 1 20 39 9 4 13 17 2 6 11 1 9 4 1 0 7 3 0 7 8 68 3 4 0 2 28 11 1 14 7 19 4 2 6 0 0 0 1 
1 1 1 2 5 1 9 0 0 2 0 0 3 12 0 1 119 1 10 0 0 1 14 5 0 0 24 13 0 1 0 12 1 1 2 3 3 0 0 0 0 1 2 2 5 3 51 3 1 0 0 1 0 5 3 0 1 8 24 0 3 1 3 2 
17 0 3 26 6 4 0 11 5 1 8 28 4 1 3 1 1 9 5 0 3 30 0 0 0 1 1 0 0 3 0 0 1 26 1 0 2 1 21 2 2 1 10 0 2 7 1 1 8 4 3 0 87 0 2 52 0 0 10 0 0 48 0 1 
4 121 0 1 87 4 1 5 3 4 58 7 0 0 2 23 0 2 4 3 0 2 1 0 0 0 0 1 2 1 0 3 0 7 0 8 0 8 2 19 1 2 0 1 1 1 2 8 0 0 9 1 0 58 1 0 1 0 29 1 1 1 0 5 
2 6 2 2 0 1 0 43 2 24 3 10 1 0 4 1 2 5 2 12 23 0 0 5 0 8 14 0 5 4 3 3 0 1 0 6 2 0 14 1 1 2 4 0 2 0 4 18 12 3 2 0 5 957 6 2 16 0 57 1 0 2 1 8 
0 1 1 1 41 1 6 1 6 0 1 0 4 5 7 17 9 1 1 1 0 23 0 26 1 1 0 51 1 4 26 14 0 0 3 0 0 1 10 39 1 1 22 0 0 4 0 2 0 0 5 1 4 1 1 2 2 6 0 21 42 1 1 0 
1 2 0 1 3 2 0 0 3 14 5 0 22 0 4 95 35 0 20 0 0 0 1 0 0 3 4 1 0 0 9 1 3 2 1 43 0 1 11 3 0 1 8 3 3 11 2 0 12 3 5 7 34 0 1 6 2 0 1 0 0 0 1 7 
0 1 1 4 1 2 2 0 7 24 12 0 13 4 43 1 2 10 44 1 4 0 0 6 1 0 1 1 1 0 6 1 0 3 0 82 16 8 0 1 0 0 2 0 0 1 1 0 0 1 1 2 1 2 1 8 0 40 24 124 1 5 0 2 
2 32 2 11 2 0 10 2 0 18 1 2 1 17 7 1 0 1 3 2 0 2 14 0 0 4 1 0 79 6 0 32 2 8 5 0 10 0 3 1 3 0 0 0 401 0 0 2 10 1 0 1 1 12 1 0 2 4 0 22 7 61 13 3 
3 5 14 1 0 6 0 1 18 6 0 1 1 0 0 0 7 0 6 1 13 0 0 3 0 5 0 1 1 4 10 5 0 1 1 0 0 4 30 0 1 0 9 0 3 0 0 2 0 48 1 0 0 0 2 9 7 2 1 0 6 0 0 1 
0 1 0 1 3 3 0 15 0 1 0 0 1 0 8 2 2 5 19 7 0 2 0 13 0 0 0 0 50 0 1 0 0 0 6 0 0 0 252 10 0 3 2 3 19 0 4 4 38 2 5 0 0 0 1 5 5 8 0 0 0 4 0 0 
0 0 0 0 8 0 0 1 0 1 2 27 0 1 1 3 0 0 1 26 0 1 0 0 0 0 5 0 1 0 0 4 0 7 1 0 7 0 0 0 0 5 25 0 5 2 0 1 3 11 0 5 29 30 0 0 3 1 0 1 36 9 1 2 
7 71 2 1 5 4 0 2 6 3 0 9 1 1 1 0 1 6 2 0 0 8 0 0 0 0 0 2 16 2 0 1 0 0 15 2 1 9 6 0 1 7 3 1 0 10 2 11 1 1 12 43 0 0 0 1 5 3 0 0 0 0 12 1 
17 11 1 10 0 1 4 2 0 2 1 3 1 17 2 1 85 4 1 0 0 12 17 3 2 1 0 2 1 0 7 7 4 4 1 2 0 0 1 4 0 2 0 16 15 0 1 19 0 2 113 1 1 1 4 0 0 0 0 6 14 10 0 14 
0 73 0 9 19 1 0 2 1 2 0 1 1 24 2 30 3 0 13 6 1 1 0 3 0 1 0 5 3 5 1 3 1 2 2 8 0 1 1 7 0 0 1 0 0 1 0 5 12 0 6 0 0 1 0 32 6 1 1 7 0 0 0 4 
15 4 0 1 2 2 3 2 18 0 0 2 1 144 0 5 0 1 0 69 8 0 0 0 2 0 0 2 0 2 0 10 4 1 17 3 8 0 1 0 26 0 5 13 16 0 2 1 0 0 0 6 0 3 26 2 8 16 0 0 0 3 2 0 
0 1 8 1 7 7 0 2 10 0 0 1 3 0 1 20 0 0 2 22 2 0 1 7 21 35 94 1 0 0 27 2 0 0 0 15 2 0 10 6 1 19 24 0 3 95 9 0 1 1 3 0 1 1 1 18 0 1 15 8 7 9 0 0 
0 6 0 2 3 2 1 0 0 0 0 1 1 3 0 1 29 1 0 2 36 1 3 0 0 0 160 4 8 3 7 0 5 0 2 1 0 0 1 0 338 0 0 1 0 0 29 27 0 4 2 0 2 1 14 0 0 1 1 8 0 0 41 3 
6 6 1 5 3 16 0 0 1 23 0 1 3 0 1 4 1 5 1 1 14 0 3 1 0 388 6 17 0 7 0 1 2 0 0 2 26 0 0 9 1 0 4 0 1 1 0 0 2 5 7 40 1 0 2 18 0 0 0 0 2 1 0 6 
0 1 0 2 10 1 11 0 1 0 0 8 0 0 0 4 3 1 0 0 0 0 1 7 0 7 4 7 0 2 1 14 44 1 0 0 1 0 10 5 4 1 2 1 1 1 0 0 0 6 14 3 2 0 0 0 5 0 13 8 0 1 0 1 
0 0 0 0 4 2 0 4 4 0 1 1 1 3 2 0 5 62 0 0 13 11 1 0 0 0 0 5 0 2 0 0 1 3 19 4 0 13 0 0 1 6 1 2 0 0 0 1 3 3 1 1 0 0 16 0 2 6 8 1 0 2 1 1 
2 6 1 0 0 2 4 0 12 0 0 6 2 2 30 1 4 0 0 11 0 0 4 39 16 8 0 7 1 0 0 0 11 5 2 0 0 0 2 4 2 40 1 1 3 2 4 0 0 5 0 0 5 0 0 14 6 2 49 0 1 22 130 0 
0 0 1 3 3 1 1 0 3 3 0 2 2 0 1 5 67 0 6 0 1 0 1 74 0 0 1 9 0 6 2 2 0 2 12 0 4 1 0 0 23 0 3 2 1 10 8 0 0 3 4 1 3 0 0 10 1 4 2 0 0 2 3 13 
1 4 2 0 2 5 1 52 5 1 3 5 0 7 0 0 1 5 0 0 0 5 5 0 0 7 1 0 11 0 12 11 1 1 1 0 1 3 3 2 1 2 12 1 0 0 1 0 0 1 0 10 0 1 0 10 0 3 2 3 1 1 0 9 
0 12 0 9 1 3 67 0 5 1 1 0 0 3 2 1 0 6 1 6 0 0 1 9 0 2 2 3 10 7 0 1 1 3 4 4 2 6 0 20 0 0 1 3 1 3 0 0 1 0 1 1 1 10 5 18 0 0 39 0 0 0 0 2 
0 0 0 3 11 0 1 21 0 7 0 4 1 25 8 14 7 1 0 0 0 33 3 6 0 5 11 1 5 1 0 0 0 2 63 3 2 10 1 3 13 6 0 2 2 1 1 5 56 4 2 1 4 1 21 1 0 2 85 0 4 5 0 0 
1 0 4 1 4 1 7 0 0 22 0 1 0 1 2 12 0 0 4 7 32 0 0 0 1 5 0 0 0 2 2 4 0 0 2 0 1 2 2 29 0 1 0 21 0 0 40 1 0 1 2 6 1 0 1 0 0 35 6 1 2 3 0 6 
12 0 0 0 2 5 1 4 1 0 0 0 0 0 0 1 11 6 0 11 43 0 2 0 4 0 8 0 2 4 25 6 0 3 1 1 0 4 3 2 0 1 0 0 3 0 0 18 0 22 0 10 0 2 7 0 0 0 0 3 0 1 0 7 
11 1 5 0 7 0 131 2 1 0 0 12 0 0 1 0 0 1 2 3 1 0 0 0 31 38 7 4 15 1 0 11 0 0 2 1 9 1 28 6 93 2 1 4 1 18 5 1 0 1 0 5 1 4 12 0 7 0 7 0 0 0 17 1 
6 5 0 0 1 1 0 0 0 1 0 0 1 2 1 3 48 4 0 0 6 1 3 8 5 2 3 8 0 1 4 36 0 3 16 0 2 2 0 1 9 5 6 7 0 13 2 0 0 45 0 0 0 2 3 2 3 1 2 0 4 0 3 0 
0 1 0 0 4 3 2 1 5 0 3 1 0 1 18 3 1 11 4 0 1 0 0 3 11 8 0 2 7 1 0 11 3 2 0 5 7 0 25 1 0 0 0 0 4 1 3 1 0 0 7 4 0 1 27 9 2 7 1 0 0 1 3 6 
1 0 2 1 3 0 0 16 5 1 2 6 4 2 0 1 3 0 2 0 0 0 0 0 32 2 9 1 0 0 0 1 169 1 0 66 18 0 1 27 0 0 8 26 13 0 0 6 7 0 0 0 0 1 0 0 9 2 11 16 4 0 4 630 
12 0 0 1 0 1 1 20 6 0 2 0 1 0 0 0 0 0 86 3 3 14 0 65 5 0 2 2 18 2 17 0 1 3 2 2 0 2 58 3 2 5 0 7 0 0 5 0 4 0 0 1 4 7 2 5 2 1 3 0 1 5 10 0 
3 3 0 0 1 1 1 6 0 0 1 1 3 6 0 1 0 0 2 2 1 1 5 0 16 2 0 2 0 2 1 30 0 2 3 0 17 0 0 9 6 3 0 0 45 5 0 1 1 0 0 0 0 0 6 1 0 0 1 5 1 0 6 0 
0 0 4 0 3 1 0 0 1 34 1 0 0 0 0 0 0 1 1 5 4 2 0 0 3 0 1 3 7 1 4 16 2 3 0 2 0 1 0 0 4 0 0 0 2 17 1 0 1 0 2 0 1 1 2 4 1 0 17 11 15 0 0 62 
0 3 0 0 0 0 0 60 0 0 10 1 1 33 10 6 0 0 1 0 0 0 1 17 0 1 17 0 204 0 2 7 6 0 0 0 1 100 2 1 6 0 1 0 0 1 0 6 10 0 3 7 10 7 0 18 0 6 0 1 2 2 22 0 
4 4 0 1 0 3 27 0 0 10 24 0 8 2 0 0 1 2 6 6 1 4 11 1 1 1 0 7 0 0 0 7 0 1 0 2 23 0 0 0 2 0 8 6 6 1 31 0 0 0 8 2 0 0 5 20 7 3 11 1 1 0 0 0 
0 0 0 4 0 1 11 0 50 1 12 2 25 0 61 0 0 48 1 2 2 2 7 0 0 0 1 0 112 24 0 17 0 4 7 2 1 8 3 12 59 0 1 19 1 0 8 1 1 2 10 0 0 0 12 2 0 13 5 0 5 4 0 0 
0 3 2 8 7 0 8 2 2 2 11 7 1 0 0 12 3 15 62 0 1 1 10 1 1 0 0 6 3 0 1 3 4 0 0 4 1 1 6 16 3 2 1 3 17 7 5 0 6 0 3 25 0 0 1 2 11 0 0 3 4 16 3 1 
1 0 22 0 1 0 0 1 17 1 14 0 4 2 13 1 5 16 0 0 2 0 15 0 9 2 4 1 0 22 3 1 2 1 0 2 4 0 1 0 0 11 2 0 0 0 2 1 3 3 0 1 1 0 4 0 1 1 29 2 33 1 0 0 
3 23 29 5 1 6 2 1 2 1 0 1 3 0 34 0 0 2 2 1 15 7 0 2 1 1 59 3 5 0 0 0 2 27 9 0 0 6 2 0 1 0 0 0 0 0 4 4 2 10 8 2 2 4 4 3 0 1 0 0 6 70 7 0 
38 4 4 27 4 0 1 0 3 2 6 1 1 2 15 3 0 62 4 3 0 2 2 1 1 0 7 0 0 0 2 2 5 0 1 89 2 25 0 0 0 0 0 0 2 13 0 4 0 0 41 0 3 1 2 2 1 18 1 0 17 6 2 8 
0 5 2 1 10 2 0 5 0 28 6 25 15 5 0 0 0 66 6 11 2 0 11 10 5 0 10 1 0 1 0 4 13 1 27 1 3 0 0 1 0 1 1 2 0 0 1 0 0 0 2 0 0 6 3 0 5 1 0 1 11 1 5 0 
2 12 0 5 2 46 3 1 2 0 21 10 18 0 0 1 2 0 3 3 1 1 3 2 6 1 1 10 1 0 0 0 1 2 26 0 62 1 1 7 0 2 1 0 3 0 9 1 0 1 0 0 0 7 4 12 1 1 0 6 15 1 0 0 
0 3 7 18 1 2 3 0 2 1 0 1 0 3 1 7 11 1 0 6 0 1 15 1 0 0 0 8 4 8 1 0 3 3 0 10 62 4 0 1 8 1 9 6 2 2 0 2 4 0 0 24 1 50 0 2 3 0 0 7 1 23 11 1 
0 2 4 17 0 2 1 2 8 2 2 0 13 0 0 0 10 5 3 5 0 0 3 0 1 0 3 3 1 1 72 0 0 0 1 1 0 0 2 1 5 5 18 3 0 0 0 1 0 1 1 3 5 6 1 11 5 0 2 3 3 7 4 3 
92 0 0 0 0 0 5 1 3 17 14 0 15 32 0 1 7 1 0 0 1 125 1 0 1 0 7 3 15 1 10 22 3 24 7 8 1 76 1 1 7 2 1 0 959 0 0 39 45 0 0 2 13 12 9 0 2 0 3 7 2 0 42 17 
0 3 3 12 13 2 0 81 0 7 1 5 30 5 0 0 2 7 1 0 5 4 0 3 7 9 7 0 5 4 1 70 1 0 15 1 2 1 1 5 8 0 0 0 18 1 1 16 4 0 3 1 0 54 5 0 2 0 11 5 9 3 6 13 
1 4 23 4 1 0 4 0 2 31 8 0 2 3 0 1 0 2 1 10 0 24 40 39 0 11 0 3 0 1 41 0 1 1 10 8 4 0 0 1 2 1 7 5 1 0 0 1 0 13 0 0 6 1 0 9 3 3 2 0 5 4 27 0 
2 0 4 1 1 0 0 1 1 8 4 0 9 0 7 9 2 21 4 9 1 10 1 0 3 0 0 1 2 0 0 1 17 1 0 2 0 0 17 4 1 20 0 5 22 2 3 1 0 0 28 0 2 0 15 1 1 5 2 1 0 6 0 1 
8 0 1 17 0 10 4 1 0 2 0 6 0 1 0 1 8 0 8 9 29 1 3 26 42 0 0 0 3 0 2 3 2 2 1 28 0 4 2 5 58 1 25 6 0 6 1 2 1 0 0 9 9 0 1 10 0 9 1 0 0 0 0 171 
1 0 2 5 31 0 3 18 5 14 1 10 2 32 1 4 16 0 4 15 96 1 0 2 0 5 43 7 11 1 5 0 13 0 0 28 2 4 466 0 6 16 1 0 0 3 0 1 0 34 3 0 2 1 4 0 4 8 0 0 0 0 0 1 
18 0 2 19 0 4 0 37 12 0 0 0 1 1 2 0 30 4 1 3 0 0 10 20 1 24 18 3 2 15 0 4 6 3 11 10 0 3 0 0 0 3 4 1 41 0 15 0 6 5 0 0 1 0 1 0 10 2 3 4 4 0 36 8 
1 0 1 0 3 0 37 1 0 2 25 15 0 0 1 8 2 1 0 18 0 5 21 7 0 0 0 11 2 0 1 4 5 2 0 0 2 8 2 1 1 75 3 4 2 1 0 6 0 0 2 2 0 0 0 0 0 1 0 14 6 0 0 1 
2 2 0 1 0 5 41 0 0 0 0 0 0 0 15 0 1 0 0 10 7 0 3 9 10 190 1 0 1 3 35 0 6 1 0 12 0 5 0 21 17 8 0 0 1 1 0 2 0 69 0 2 0 28 20 11 14 1 15 1 3 2 5 3 
25 3 2 0 10 29 35 1 0 2 1 6 0 0 11 19 0 5 1 2 0 10 42 0 2 75 4 2 1 0 1 1 39 30 2 3 0 2 0 0 12 0 74 8 2 21 0 2 1 13 1 0 6 2 1 11 1 6 0 42 3 0 1 0 
1 0 0 53 0 33 0 0 2 1 7 1 2 1 6 1 0 1 39 3 0 0 5 0 0 0 47 4 0 2 1 4 0 0 0 0 0 0 2 1 4 0 1 2 0 1 0 3 0 15 17 32 9 7 1 1 27 1 52 5 0 4 0 0 
0 0 5 12 4 0 0 0 0 0 2 7 1 9 4 1 0 0 2 0 0 2 3 1 24 2 3 1 7 9 0 0 24 7 0 0 0 0 5 4 0 0 2 6 0 2 0 13 9 1 1 3 6 2 9 2 0 3 0 6 0 2 4 2 
9 1 9 1 19 9 61 4 0 0 20 0 4 0 5 4 1 0 9 4 11 1 3 2 13 1 0 7 5 1 0 1 8 25 1 0 0 32 1 2 5 16 0 1 0 0 5 4 1 10 3 9 2 17 1 5 0 0 0 15 2 5 0 0 
0 1 1 4 0 16 0 0 1 2 0 1 1 0 0 31 0 28 0 0 0 2 1 0 7 5 5 1 2 0 2 0 5 1 9 7 7 0 5 17 20 2 8 2 0 16 4 0 1 0 1 6 3 3 1 1 5 0 11 0 9 0 0 0 
10 1 0 1 0 2 0 0 1 1 0 14 0 4 0 1 28 3 35 3 0 0 1 1 8 4 8 2 0 1 3 0 1 6 4 23 5 102 2 1 20 2 0 1 1 7 29 3 4 0 0 0 25 3 10 2 22 16 105 1 1 47 8 2 
15 1 0 0 40 3 0 13 4 1 1 0 0 0 1 10 6 1 0 1 7 32 0 3 4 25 1 2 0 2 48 0 5 5 1 12 6 0 0 0 3 0 1 0 13 86 1 2 0 8 0 7 1 1 0 75 0 191 1 4 1 3 0 1 
1 0 0 0 0 0 2 0 11 1 0 4 1 11 2 87 6 6 2 0 0 1 11 11 10 0 6 0 0 0 3 1 99 36 3 0 3 0 0 8 0 1 13 2 0 0 6 6 2 0 2 6 1 1 4 0 5 1 1 26 1 7 4 0 
14 1 0 3 0 7 0 26 0 274 5 2 0 0 0 0 12 0 16 0 1 1 2 0 28 2 13 0 5 6 0 2 0 3 0 0 9 1 2 3 1 0 2 3 0 1 1 0 0 0 1 0 2 2 2 0 12 1 82 37 11 3 6 0 
9 0 2 0 4 92 0 0 0 0 0 2 17 0 1 0 0 4 23 1 1 0 3 74 0 6 0 3 1 1 0 2 9 26 6 3 13 0 0 0 6 1 1 8 0 6 1 29 9 2 0 9 5 1 14 1 1 57 0 0 8 0 0 0 
2 15 6 1 3 1 1 1 2 1 9 5 3 1 1 4 0 3 3 3 10 9 0 1 0 1 4 0 0 0 0 2 0 0 3 1 12 1 8 0 0 0 56 2 223 3 1 2 9 0 1 8 6 1 1 2 1 2 1 0 0 5 0 2 
8 0 0 0 0 7 0 0 10 3 4 38 0 1 49 10 1 0 0 5 0 6 9 1 12 8 100 34 0 0 1 0 7 4 2 0 8 5 2 2 0 3 10 1 21 4 0 6 0 0 1 0 0 73 1 2 0 0 0 1 0 9 1 3 
3 0 0 4 12 0 412 0 4 8 2 1 0 0 2 0 0 5 6 15 1 0 0 0 2 0 5 0 0 0 1 0 15 1 0 6 1 0 13 0 39 1 6 3 5 0 2 6 11 1 8 1 1 6 0 0 2 1 10 0 1 1 0 10 
57 0 5 0 0 1 1 4 1 6 21 4 14 1 1 5 3 1 1 0 0 9 4 0 2 8 1 1 1 9 0 5 0 0 45 7 3 0 6 1 0 1 4 0 0 0 3 0 2 3 3 2 0 1 1 15 0 10 1 176 0 1 1 15 
2 2 0 5 8 2 0 1 10 1 0 3 1 0 14 1 51 0 3 8 9 1 0 1 0 1 9 1 0 52 1 3 8 0 1 12 3 0 2 5 1 7 15 0 0 0 3 2 0 0 1 7 10 3 90 2 1 1 5 12 5 0 5 0 
4 0 0 73 28 1 0 3 64 1 2 1 1 6 4 2 39 30 0 0 2 0 3 6 1 2 0 0 2 3 0 0 1 1 1 0 1 0 61 8 0 0 1 3 0 0 0 0 8 3 0 2 1 2 6 0 1 0 25 81 2 2 0 0 
3 1 0 60 0 0 11 0 10 14 0 1 0 0 324 33 32 3 0 9 0 5 0 17 6 3 40 1 0 0 2 0 0 5 1 0 4 6 31 226 6 2 5 0 19 4 0 0 0 1 0 0 0 0 0 26 2 1 1 3 0 0 0 0 
0 1 0 1 0 0 0 9 8 1 7 8 0 0 4 70 0 2 0 0 7 1 0 10 0 9 5 0 1 87 1 3 0 1 8 1 4 2 4 0 4 2 8 0 122 0 1 5 1 4 0 0 1 0 0 8 4 26 4 0 1 3 20 0 
19 1 2 9 3 0 0 0 8 9 1 1 2 0 0 0 0 1 15 36 4 1 1 1 3 3 3 4 59 0 1 0 0 0 122 1 3 8 1 0 1 0 7 24 0 210 65 14 5 2 0 4 8 0 10 0 1 0 0 13 0 1 0 17 
1 0 1 0 2 2 2 2 9 6 1 0 7 0 2 2 2 0 26 5 0 2 0 0 64 1 2 0 2 0 7 4 19 0 28 2 16 0 0 0 14 24 43 4 0 1 14 0 0 0 0 2 0 0 0 9 5 121 5 0 4 4 1 14 
2 1 0 1 3 1 13 1 2 2 4 6 1 9 0 1 1 3 1 3 1 1 3 8 13 13 1 0 0 2 1 12 4 0 2 1 7 1 0 0 0 0 21 5 1 5 4 3 0 2 1 0 38 3 2 0 63 3 9 1 0 17 5 0 
0 3 0 3 4 0 12 2 2 2 24 3 0 26 1 0 2 0 1 0 151 0 135 6 0 0 0 0 9 25 0 0 2 12 0 20 0 7 0 1 8 1 0 1 51 12 1 0 0 2 3 2 0 0 9 0 20 0 2 0 7 0 2 2 
3 233 14 2 0 0 6 9 35 26 1 1 26 19 0 1 1 0 1 1 0 1 3 0 4 28 1 6 1 0 2 11 0 0 0 1 9 2 0 2 3 10 8 231 28 0 9 3 1 0 0 0 8 4 0 20 0 0 0 60 3 0 2 0 
0 0 71 9 5 2 0 0 6 2 7 13 54 0 21 1 6 0 6 6 1 13 2 1 19 0 3 7 1 0 0 1 8 2 3 1 0 2 7 0 2 0 0 0 2 0 0 0 4 0 1 2 2 8 0 7 3 0 3 3 0 1 2 5 
12 0 0 1 4 2 0 1 14 0 8 3 8 3 16 3 4 0 1 5 2 1 13 0 12 23 1 5 0 2 1 33 0 0 1 1 0 12 0 0 0 0 1 1 0 1 1 6 1 0 0 10 7 2 3 20 0 115 1 0 0 7 14 1 
40 2 38 3 0 16 0 3 7 1 28 4 0 5 1 1 0 11 0 0 0 7 0 7 13 5 1 9 4 55 0 8 2 0 1 0 2 0 0 5 1 3 0 15 0 6 0 1 1 0 0 8 1 3 0 22 1 16 1 7 1 16 1 0 
17 0 1 0 18 16 0 3 5 0 2 7 0 1 14 6 18 1 6 2 9 2 3 1 10 0 4 14 1 4 2 0 21 0 2 2 7 17 0 0 1 1 0 0 3 6 34 13 1 1 1 4 1 15 0 3 0 5 0 1 8 5 2 4 
21 14 0 1 4 4 3 0 1 0 4 4 1 9 1 55 0 15 0 14 4 13 1 1 53 0 0 5 0 0 0 0 0 1 8 0 9 0 2 0 0 0 0 1 1 1 1 37 1 10 10 0 0 4 11 0 1 0 8 0 3 2 0 21 
0 0 1 321 0 0 1 0 14 1 0 0 0 0 0 0 3 14 11 152 18 0 0 1 0 0 1 9 1 2 5 1 1 5 17 0 1 1 15 1 3 2 35 1 1 0 5 0 0 4 0 0 0 1 0 0 0 3 6 10 2 0 0 29 
5 6 2 0 8 1 2 0 0 1 54 1 0 2 0 2 0 1 2 12 3 0 2 0 0 589 0 0 0 0 0 0 1 2 4 3 5 1 0 7 5 0 0 3 3 1 12 0 29 9 34 0 32 59 2 3 0 2 72 14 2 2 0 2 
0 25 1 1 0 1 0 0 4 1 16 3 1 2 6 8 0 0 0 1 2 7 0 10 0 2 1 1 2 3 0 7 1 345 0 8 0 0 1 1 0 3 1 0 16 1 0 9 11 19 11 5 5 5 0 10 0 0 0 0 0 5 0 0 
2 2 0 1 2 2 0 1 39 1 5 39 11 0 20 13 14 9 0 0 1 0 1 2 3 0 0 5 0 5 4 4 0 3 40 3 1 1 3 2 107 10 0 3 0 2 6 4 7 10 0 4 0 20 1 0 30 44 1 0 3 2 1 2 
7 1 0 5 0 6 0 0 8 1 1 6 1 0 110 0 0 25 9 76 0 2 2 1 0 0 0 6 5 1 0 32 3 6 0 219 19 36 5 0 0 38 1 1 3 0 0 0 5 132 1 2 1 0 1 3 1 7 3 0 1 1 0 0 
0 0 0 5 35 3 14 0 2 0 2 5 1 7 11 0 2 32 7 1 0 0 9 1 1 13 3 7 0 0 2 1 0 2 9 0 0 0 0 0 1 1 21 1 0 8 16 2 6 1 4 0 0 15 7 0 10 150 1 1 2 0 2 1 
0 4 3 4 7 4 1 5 9 1 45 8 0 0 0 7 1 0 1 1 0 2 1 8 3 0 0 0 17 0 0 2 5 0 4 1 4 5 0 1 0 0 2 0 0 2 14 0 3 52 11 1 3 12 0 0 1 1 15 1 3 2 0 6 
0 0 2 1 15 2 2 0 0 6 36 0 3 8 2 1 3 2 0 0 16 16 0 0 0 0 0 1 0 1 4 1 3 0 13 6 7 4 7 27 0 2 5 13 3 12 0 6 13 23 0 1 20 0 2 0 5 1 0 1 0 0 58 1 
1 3 0 2 0 0 0 14 0 1 5 4 2 1 1 0 3 2 0 17 9 0 0 0 1 0 1 1 12 1 12 0 3 22 7 0 4 2 17 0 0 6 38 4 0 0 5 1 4 0 14 1 0 2 0 3 0 5 0 3 0 1 0 22 
5 4 0 0 2 0 0 0 0 0 0 6 49 0 0 0 1 2 2 0 1 2 3 0 6 1 0 0 12 3 1 0 6 1 0 0 58 1 1 1 0 2 0 3 1 0 0 1 2 23 1640 15 0 0 0 9 0 2 1 2 0 17 0 2 
2 2 0 0 1 63 6 2 0 1 0 0 0 2 0 1 0 3 0 0 0 0 23 1 4 0 9 0 11 1 0 0 1 6 0 2 0 0 0 1 3 2 1 1 7 0 7 0 0 1 5 24 2 0 0 1 7 6 31 0 0 0 1 1 
1 0 3 2 0 48 25 0 2 0 0 0 0 6 2 3 11 3 1 0 1 199 6 0 1 0 1 0 0 6 0 0 0 0 3 1 3 21 3 8 0 8 2 1 1 1 1 0 3 0 0 1 10 0 1 1 2 0 0 0 1 5 4 1 
5 3 11 17 1 34 75 4 0 13 0 0 9 2 4 28 0 4 30 1 0 0 4 8 2 6 4 0 10 0 7 0 6 4 2 14 5 0 0 4 23 1 5 2 1 3 1 1 1 0 0 46 6 1 3 1 2 1 1 6 1 29 0 0 
10 9 3 2 2 14 5 0 8 0 3 0 1 3 14 5 0 0 1 1 0 14 70 0 1 1 1 0 0 20 1 1 1 2 1 0 0 3 34 0 1 0 56 2 0 0 0 8 8 5 0 10 0 1 1 19 35 0 0 1 3 1 0 12 
0 0 3 1 0 1 0 13 3 0 0 7 0 19 2 78 1 2 1 1 0 2 28 2 0 3 1 2 0 0 1 5 5 1 0 0 0 1 12 4 8 9 2 3 2 0 0 1 1 1 1 0 4 0 0 0 13 0 2 2 0 3 69 1 
15 11 0 0 1 0 1 4 0 0 31 8 2 2 27 21 0 1 1 1 0 41 0 3 0 1 2 5 37 728 0 0 0 14 0 0 0 5 2 1 7 0 21 2 7 0 0 103 0 1 93 28 5 0 8 18 1 0 1 0 15 45 1 2 
0 0 5 7 2 5 28 0 1 2 0 0 17 1 0 2 7 2 3 0 2 2 1 29 0 0 1 2 1 1 0 0 0 1 0 6 22 0 0 0 6 0 0 0 26 2 0 0 0 8 4 2 1 1 6 15 0 13 39 1 0 0 0 0 
11 1 1 0 1 12 1 0 0 0 21 0 9 1 1 15 113 14 0 0 6 0 1 1 0 1 3 0 7 3 0 7 0 2 10 1 0 6 0 1 29 0 11 1 2 10 1 0 0 8 1 0 16 1 8 3 1 2 0 16 2 0 16 2 
2 0 0 2 0 0 0 5 2 1 23 7 14 1 7 62 3 1 9 2 2 14 0 2 0 0 24 20 3 0 2 2 5 5 0 0 0 1 1 0 19 3 1 6 13 1 3 0 5 0 0 3 1 0 1 13 0 8 1 0 5 0 1 0 
0 23 3 9 0 9 0 1 1 0 4 10 2 1 4 0 0 3 9 0 0 0 1 0 1 0 1 1 0 5 0 69 0 0 0 2 0 1 0 1 1 1 8 0 0 6 0 6 0 11 0 2 5 1 19 1 0 32 0 7 1 1 17 14 
0 4 5 0 8 