0 422 2 1 0 5 17 2 0 2 14 2 0 2 1 0 1 1 6 15 0 1 0 0 0 1 3 3 1 3 0 0 46 2 2 0 0 31 1 0 2 7 19 1 4 0 14 1 6 2 3 0 4 6 14 2 46 0 0 25 8 0 2 4 
0 3 1 0 0 0 15 0 3 2 5 3 3 5 6 7 5 2 0 4 9 0 0 1 0 5 12 2 1 0 1 11 18 0 0 2 2 0 3 0 10 5 0 1 6 2 4 0 4 0 902 4 0 1 1 2 6 0 3 2 0 0 17 0 
13 8 5 2 12 1 2 7 28 0 0 0 3 0 16 9 1 1 16 1 0 2 16 1 15 0 4 1 0 551 3 0 1 0 2 21 3 2 1 5 29 0 8 7 0 3 24 1 0 3 2 0 0 2 20 1 10 1 1 9 1 1 0 3 
0 4 9 1 0 2 2 1 0 0 1 2 5 7 1 3 1 0 0 1221 3 95 18 2 2 0 2 0 0 1 2 0 1 0 4 20 7 2 1 7 0 10 2 0 1 0 10 0 1 14 24 5 75 0 0 3 2 3 1 0 7 6 0 13 
23 3 0 1 0 3 20 14 0 2 1 1 3 14 28 1 5 7 1 6 6 78 1 18 0 6 0 0 6 1 19 1 1 0 2 3 296 32 0 0 0 0 0 7 7 0 0 1 9 4 4 0 0 0 1 4 0 0 5 2 8 1 1 1 
9 50 0 2 0 7 0 2 3 0 0 38 18 0 0 0 0 0 0 4 1 1 17 15 0 10 5 0 8 4 0 119 7 2 5 7 0 0 2 0 11 1 2 0 12 0 0 0 1 4 1 0 3 1 1 30 27 0 0 0 1 0 0 31 
0 125 7 3 2 0 0 4 0 5 3 2 0 10 10 0 1 0 6 0 5 1 1 2 16 9 31 0 1 8 5 0 4 22 1 8 6 6 5 0 34 14 1 0 1 67 12 1 1 3 18 10 40 1 0 8 1 1 28 1 0 1 0 9 
3 4 0 5 4 0 12 0 0 0 0 0 67 2 0 1 1 9 1 0 1 17 1 25 20 0 3 6 0 146 11 0 26 9 208 6 0 1 341 4 0 2 1 3 1 0 3 0 9 3 0 0 273 3 0 7 2 20 1 0 0 0 9 31 
0 7 0 0 0 1 21 1 17 19 48 1 5 0 0 2 15 1 0 1 6 4 0 0 2 1 1 1 0 376 0 3 12 1 2 4 42 7 2 2 3 55 5 2 1 1 0 0 1 1 0 1 1 1 0 1 1 8 2 0 4 2 0 0 
0 2 17 0 2 1 0 2 0 0 4 2 13 1 1 0 15 2 2 6 12 233 0 3 1 80 3 1 12 1 3 7 22 51 3 6 0 21 0 19 0 8 1 1 67 10 0 0 1 0 10 0 0 2 0 0 0 1 0 2 11 360 3 0 
2 6 18 1 0 1 8 22 2 20 1 14 7 5 31 8 1 368 17 8 1 2 3 1 2 0 2 11 0 2 7 3 19 12 8 3 6 0 7 4 8 0 0 14 0 0 11 1 3 3 3 1 6 1 13 22 1 2 1 6 0 10 0 1 
0 1 0 67 5 0 8 2 1 21 13 7 0 1 7 5 0 13 0 3 9 4 0 16 18 7 5 0 1 0 0 1 4 0 0 13 0 141 2 0 4 1 1 4 0 1 0 0 0 0 3 1 1 13 0 2 0 6 1 13 8 2 7 0 
6 17 0 13 26 5 0 2 1 0 0 7 15 2 0 0 1 55 5 49 0 0 1 1 0 2 3 0 0 14 0 0 14 3 1 1 2 5 0 26 10 1 3 1 8 2 1 0 1 0 31 0 0 18 1 1 7 0 0 2 3 1 0 0 
34 61 7 1 2 0 2 21 1 0 0 10 2 0 16 0 1 0 2 0 0 1 5 0 1 0 0 1 0 0 153 1 0 0 1 0 0 1 11 1 3 0 46 7 2 0 0 2 8 21 6 3 0 1 96 7 14 5 2 11 12 33 0 4 
6 15 1 152 0 8 0 1 5 11 124 27 9 26 3 0 0 12 3 25 17 2 2 3 2 2 0 11 1 8 16 2 27 0 3 1 0 1 30 6 2 0 1 0 0 0 1 11 5 2 4 16 0 0 0 0 1 1 25 39 2 1 10 436 
0 1 1 2 5 3 0 0 4 9 71 2 0 0 22 76 0 8 4 0 0 8 12 4 26 5 1 1 13 0 18 68 1 1 0 0 1 0 0 14 0 0 2 5 6 3 1 2 1 0 0 0 41 1 0 1 0 2 3 0 0 0 1 1 
0 13 2 1 3 87 15 0 4 2 1 2 0 4 92 2 9 18 0 1 0 0 11 0 3 0 1 1 0 1 2 4 1 10 0 1 0 5 3 1 0 0 0 4 1 499 1 1 1 0 1 1 0 0 2 0 1 5 8 0 5282 8 5 1 
0 43 2 2 12 10 86 1 0 0 2 91 1 0 0 0 52 10 7 0 0 3 3 0 551 40 22 0 2 0 1 1 12 0 2 6 0 2 332 5 0 2 8 18 0 12 39 3 5 0 0 0 0 15 0 12 0 0 0 37 41 0 20 30 
2 2 0 6 1 4 0 1 15 5 9 10 0 1 10 0 1 1 10 7 9 0 7 1 6 8 9 1 1 2 9 8 8 10 5 12 3 15 0 3 9 3 16 0 10 0 5 1 4 25 0 22 8 0 0 0 1 2 10 2 0 1 23 11 
2 19 29 11 1 10 3 0 1 3 3 9 1 1555 0 223 1 0 1 163 20 112 10 0 0 4 6 1 0 2 2 4 4 30 2 0 6 0 11 3 19 2 0 44 0 0 1 11 0 5 0 3 1 0 7 0 0 1 0 1 1 0 5 1 
6 11 15 0 0 3 1 35 2 1 1 22 2 2 1 0 4 1 0 1 10 658 3 0 2 42 0 8 4 4 0 5 17 2 4 13 1 7 22 12 24 8 0 2 9 0 1 4 1 2 0 80 3 1 0 4 0 15 0 1 0 1 2 2 
1 0 0 0 4 34 3 1 2 1 1 0 5 0 11 2 0 4 4 28 20 0 2 0 1 7 2 0 5 18 8 3 6 1 2 6 0 1 8 0 6 9 12 2 4 1 24 28 3 1 2 1 1 0 123 2 32 1 1 7 3 1 7 1 
16 133 9 6 7 7 2 32 0 12 2 1 0 22 10 1 4 2 2 4 1 0 1 5 3 1 1 20 1 2 2 6 7 10 0 15 7 0 0 8 3 1 24 44 4 1 11 1 12 0 0 1 0 0 24 0 3 7 31 1 13 3 20 4 
2 2 0 0 3 108 8 0 14 0 2 2 93 0 8 2 1 1 2 0 1 10 3 4 1 0 0 1 4 0 1 1 9 2 0 1 2 95 1 6 6 3 11 3 0 2 1 134 1 0 3 10 1 0 2 4 0 0 3 0 9 0 0 1 
0 17 0 1 15 1 0 4 20 83 1 0 0 13 0 43 3 0 3 1 1 10 0 1 1 0 5 2 1 6 9 2 4 0 1 7 91 0 0 0 9 0 0 4 2 3 0 0 1 4 0 3 1 1 3 0 2 214 5 7 2 1 13 0 
16 12 6 6 0 8 22 2 0 3 1 11 8 2 23 6 12 1 0 0 6 4 1 0 8 2 6 0 5 9 27 35 0 0 10 6 21 1 0 3 1 1 0 11 0 4 29 7 53 5 2 1 3 10 3 3 1 2 2 1 2 0 31 0 
70 0 3 0 11 0 5 4 18 0 30 0 8 0 1 5 0 1 0 1 8 1 2 13 2 13 14 3 2 5 1 11 0 277 0 0 0 2 7 1 3 4 0 1 1 0 2 6 6 413 2 10 5 6 11 1 480 1 23 16 7 1 0 7 
2 0 27 0 0 0 7 1 36 61 36 8 1 2 2 0 1 1 14 2 0 0 9 16 1 0 1 0 0 1 31 1 7 1 0 4 7 2 8 12 6 0 0 1 0 5 0 1 0 1 0 0 0 29 4 7 3 1 5 3 1 15 1 9 
0 1 1 32 2 1 1 6 2 2 60 25 1 1 2 2 0 39 3 1 3 6 9 0 2 1 3 1 3 8 0 0 2 0 0 0 0 1 1 3 0 17 0 6 11 1 0 2 0 2 3 0 0 145 3 23 1 0 4 2 1 1 1 13 
0 0 1 0 3 9 7 0 0 1 1 6 1 2 2 6 2 0 4 17 1 0 0 2 6 0 1 0 0 4 15 19 3 0 2 21 4 0 8 2 0 0 2 6 0 1 14 4 13 93 4 1 3 2 21 0 2 0 8 1 0 2 9 1 
4 0 0 0 3 1 19 0 3 1 3 2 0 0 12 1 3 0 7 14 17 11 1 0 4 1 2 20 0 0 1 8 11 8 45 4 8 40 18 2 7 9 0 0 17 8 3 1 0 2 0 6 3 1 0 1 105 2 0 1 1 34 2 1 
1 6 1 0 10 205 0 1 0 1 0 7 0 2 0 2 44 0 1 1 1 6 1 1 10 0 0 2 0 4 3 11 2 10 28 5 0 37 15 9 2 12 0 0 0 1 2 0 1 5 8 3 135 8 0 2 0 0 2 0 34 0 0 0 
4 2 6 0 81 6 0 2 2 1 2 0 10 0 27 1 0 22 0 7 0 4 1 1 0 1 0 0 0 2 0 7 2 0 0 3 0 245 18 2 1 1 0 24 0 0 0 0 25 8 0 23 14 0 0 0 0 3 1 0 1 3 0 15 
2 6 0 7 14 0 5 2 6 0 1 4 3 7 1 3 1 0 8 1 18 0 28 1 1 0 9 3 9 2 1 0 5 4 3 3 1 25 0 78 0 0 2 0 7 1 0 0 45 21 0 0 24 0 7 1 20 0 0 1 3 1 1 8 
0 1 0 199 2 2 3 0 3 8 19 5 7 1 3 1 0 5 1 2 1 9 1 21 1 0 2 26 1 0 1 0 7 0 6 0 4 25 3 12 5 3 10 4 0 21 1 0 9 2 0 4 0 8 2 0 0 0 3 16 7 0 12 1 
1 147 4 56 6 64 1 2 11 0 0 0 4 1 55 7 0 2 0 0 1 5 15 3 0 4 0 1 0 3 2 0 1 9 0 14 16 1 14 1 0 1 1 1 0 0 2 3 1 1 1 0 2 6 0 3 0 1 0 0 1 2 3 32 
14 3 4 0 0 0 24 1 0 9 6 0 0 192 2 0 8 1 2 0 2 25 0 0 0 13 6 9 2 1 2 7 6 3 2 0 1 2 0 7 1 10 0 1 3 5 13 1 2 1 1 1 6 0 0 0 3 0 1 1 3 47 0 167 
2 1 10 20 4 7 3 2 8 3 0 2 0 0 4 1 2 0 3 0 2 2 2 1 7 2 5 0 0 2 2 1 7 13 0 0 0 2 0 2 3 2 1 1 0 1 0 0 36 5 4 1 0 0 4 1 2 78 2 0 4 21 7 0 
1 0 13 0 7 0 0 1 0 6 0 4 0 3 4 7 6 3 3 7 36 55 6 3 1 22 15 0 0 6 0 2 7 0 1 0 3 1 0 5 2 4 3 7 1 0 0 1 2 48 3 0 37 0 1 0 5 2 0 2 3 3 0 8 
266 4 2 53 2 1698 2 168 0 2 0 0 5 2 0 11 72 1 7 1 32 0 4 2 8 17 14 6 2 2 1 3 2 0 0 9 2 23 17 3 1 0 10 1 2 455 0 0 8 408 1 1 1 9 0 0 26 3 0 216 1 3 0 1 
40 10 1 2 3 0 6 1 14 0 9 0 2 6 2 215 0 7 0 0 4 0 1 6 0 2 1 19 48 10 0 4 2 36 5 0 14 1 0 1 2 24 0 2 2 0 3 9 0 4 28 8 20 0 4 11 0 607 9 100 3 5 0 1 
0 0 2 0 7 4 1 1 1 6 2 51 37 0 12 0 3 1 3 2 0 13 1 3 15 1 1 12 8 1 0 1 1 1 1 0 19 0 0 5 2 0 12 1 0 2 1 1 1 7 2 6 0 4 4 30 4 19 0 11 1171 0 0 2 
1 4 2 13 0 2 2 0 11 6 3 0 5 1 3 6 7 12 30 0 2 19 0 27 0 5 2 1 1 0 6 0 0 12 10 2 0 26 28 9 1 17 0 0 3 0 0 1 6 0 5 6 0 1 0 2 5 4 12 4 0 1 4 16 
12 11 0 8 61 0 0 1 6 12 1 1 1 4 0 2 8 0 0 3 1 1 0 14 1 6 0 2 1 14 1 3 1 4 7 9 9 4 5 1 8 0 0 2 11 5 17 0 1 2 5 40 28 17 2 1 3 3 6 3 28 8 28 5 
6 3 207 0 0 6 1 13 1 4 3 18 12 0 5 0 0 2 1 12 5 1 7 6 2 0 1 2 11 2 2 0 1 1 18 0 1 1 0 0 19 9 5 6 2 0 16 42 5 0 1191 0 0 1 2 10 11 7 16 1 1 0 2 0 
0 25 1 1 0 3 2 0 0 0 1 1 5 0 2 1 6 6 8 0 1 0 0 1 11 8 40 10 9 0 0 0 8 0 1 19 0 1 8 2 2 5 3 5 0 0 0 10 7 0 0 17 3 58 1 0 0 0 2 0 2 11 0 2 
1 0 1 4 11 36 186 24 0 1 1 9 0 0 3 2 1 2 10 6 0 3 2 0 8 1 1 4 2 0 0 1 0 0 0 48 9 28 0 0 3 1 0 4 26 0 11 16 0 3 0 2 2 1 1 1 4 120 0 0 1 2 1 17 
1 0 0 0 0 0 0 25 0 1 8 3 2 0 0 3 10 1 0 0 5 1259 0 1 0 2 1 1 2 3 0 2 1 0 14 5 8 24 4 1 0 1 35 8 5 2 36 40 1 0 8 4 5 7 1 1 11 1 19 4 3 0 0 0 
0 0 8 0 4 0 0 0 3 0 0 4 3 0 0 9 0 2 2 1 14 2 0 1 1 6 1 0 0 4 3 1 1 47 0 0 0 2 8 0 11 8 23 0 3 7 125 2 1 4 0 0 66 2 55 0 2 2 0 1 6 0 11 2 
9 7 0 4 5 7 102 4 8 0 2 33 34 1 4 18 40 0 5 0 37 0 5 0 1 17 0 4 0 3 3 0 23 8 9 4 0 2 2 12 5 3 14 1 2 7 5 5 1 0 2 0 3 0 5 1 5 36 0 2 8 1 1 0 
1 0 0 1 0 0 2 24 37 0 0 2 10 10 0 0 1 0 1 0 0 0 0 0 1 20 0 3 1 1 0 2 0 0 0 1 0 1 4 0 0 23 2 0 0 2 2 3 0 0 9 4 0 1 5 1 0 1 51 0 1 7 3 1 
2 11 0 0 3 2 3 28 2 0 8 0 0 1 0 1 0 0 0 0 20 4 0 1 0 0 0 3 1 1 0 0 1 12 6 3 2297 4 2 0 2 88 3 0 1 0 0 0 0 1 9 10 4 0 0 0 4 1 12 2 1 10 1 2 
154 6 1 4 1 0 0 6 1 1 0 5 1 0 0 1 15 0 2 43 7 0 0 11 2 1 0 76 7 9 7 2 13 10 6 1 0 0 6 3 66 13 0 4 10 2 9 0 2 0 8 0 6 1 4 6 0 2 11 3 1 33 1 0 
2 0 4 2 2 11 16 9 2 0 1 47 2 1 1 4 4 0 0 2 6 14 2 13 0 3 0 6 15 2 5 3 0 0 0 32 2 15 5 0 22 0 1 1 2 0 2 27 192 0 0 98 9 0 0 1 1 7 0 5 3 23 0 0 
0 198 2 0 0 9 51 5 2 6 0 0 0 0 0 0 3 0 0 3 28 10 2 5 0 0 74 4 15 3 1 6 0 0 4 12 1 0 2 22 0 32 1 4 0 11 0 0 1 1 17 1 0 21 28 0 1 0 3 5 1 6 1 1 
11 0 0 0 4 4 1 6 2 1 30 0 3 9 4 0 10 3 340 0 8 0 74 0 4 25 51 2 1 0 1 1 0 6 1 10 0 83 0 6 8 12 4 1 15 0 0 6 49 3 8 9 28 4 0 0 50 2 0 2 1 5 0 12 
16 1 2 1 0 1 2 3 1 0 0 1 6 0 0 0 2 1 3 7 5 238 42 0 0 0 0 1 1 4 1 1 1 3 9 0 6 9 9 43 9 1 7 1 1 1 1 13 0 1 1 1 0 2 14 0 1 0 0 25 0 0 6 2 
0 1 3 1 16 1 4 69 0 0 0 0 33 7 14 0 2 6 4 351 1 5 2 0 1 5 0 3 8 0 5 6 0 4 11 1 3 14 5 0 1 4 0 0 31 8 0 0 0 2 4 1 7 0 0 0 5 2 2 1 0 3 1 10 
1 1 15 1 1 0 0 4 5 3 2 0 1 13 0 7 15 1 9 1 10 2 2 1 3 9 5 0 1 1 1 6 0 0 10 0 5 3 11 0 6 4 1 0 0 8 4 1 3 1 8 1 0 2 5 0 11 3 0 16 1 1 0 0 
2 6 9 6 57 0 1 8 38 0 1 31 40 7 1 48 45 47 64 22 1 5 0 0 0 0 0 1 0 1 2 63 1 1 0 39 10 0 1 9 5 0 0 0 0 0 5 19 7 64 1 12 4 2 49 9 2 46 0 0 0 15 5 0 
1 24 3 2 5 2 0 1 2 6 0 10 7 1 1 6 0 2 21 2 0 3 11 1 2 11 1 3 12 43 1 1 10 1 1 0 17 2 8 1 0 27 15 4 5 26 2 1 1 3 1 3 0 7 1 3 0 0 0 311 0 0 32 0 
4 5 2 1 6 1 7 1 6 4 1 2 13 0 1 2 6 8 305 0 5 2 0 0 17 2 30 0 1 23 23 0 4 72 37 10 6 26 7 2 0 0 1 2 1 0 11 4 1 0 0 0 1 4 0 1 0 0 10 6 2 2 0 2 
8 69 5 0 4 0 4 2 10 13 2 0 0 2 1 15 0 0 6 1 1 2 2 0 2 1 0 1 2 2 2 18 0 0 0 12 2 1 1 0 0 2 4 24 1 17 5 1 3 1 11 5 4 13 28 2 48 1 0 1 0 53638 0 1 
13 0 6 0 3 19 8 4 0 11 9 4 6 2 1 12 3 0 0 9 2 6 8 10 0 66 24 7 2 3 13 55 4 6 74 2 0 0 2 8 21 48 0 0 2 6 0 17 0 49 33 12 0 145 2 0 1 5 13 8 21 89 7 414 
0 1 11 0 6 0 4 0 3 0 11 2 7 3 2 14 0 0 0 3 3 1 3 4 0 0 21 1 4 28 6 359 5 2 0 1 0 11 31 13 0 11 1 2 0 3 1 0 0 4 5 0 18 2 1 0 0 1 3 0 4 3 0 0 
9 5 30 6 3 0 1 0 1 22 0 8 0 10 0 4 2 12 0 20 0 1 5 1 26 2 6 178 1 1 1 15 21 7 1 17 4 7 0 1 16 0 0 5 2 37 0 0 7 18 1 1 7 1 6 0 10 1 107 1 3 0 0 0 
0 0 3 3 17 0 0 0 4 13 5 8 2 3 0 0 0 86 2 4 2 1 6 1 4 1 0 0 67 0 0 2 8 6 0 2 1 12 1 40 6 0 1 0 7 25 2 7 2 98 439 1 4 4 2 1 3 10 2 0 5 0 0 0 
2 0 2 1 1 0 8 25 5 1 0 18 0 5 39 7 1 2 8 2 14 1 28 4 0 1 0 0 1 5 0 7 2 0 109 3 1 0 2 1 1 1 14 0 0 0 4 2 24 0 2 3 1 0 269 1 2 1 24 6 9 26 15 3 
0 1 100 0 3 0 1 1 0 10 22 3 0 4 4 7 31 1 0 0 10 2 2 1 1 9 1 26 1 0 0 3 15 8 2 1 10 3 1 25 0 2 31 12 0 17 1 32 0 0 28 2 1 1 28 4 1 0 13 6 1 0 1 1461 
45 2 0 307 3 0 7 6 0 0 9 2 7 22 10 22 0 0 0 0 166 3 5 15 4 0 0 2 7 1 0 8 1 0 6 13 1 8 1 1 1 5 0 1 27 0 11 1 102 4 3 5 0 0 7 6 0 1 1 0 7 12 0 3 
27 0 0 0 1 0 3 8 0 0 4 0 0 0 1 5 1 2 1 1 9 0 9 5 229 52 0 11 1 0 1 2 5 2 24 0 24 9 2 0 172 0 0 1 1 11 0 1 0 0 13 13 2 3 2 1 2 18 13 0 1 7 0 0 
10 9 42 13 0 1 1 2 1 0 5 9 5 1 3 6 1 1 0 0 21 1 212 1 2 24 2 6 3 0 1 5 1 3 1 0 9 40 34 2 5 39 0 2 2 4 8 1 19 0 1 1 0 1 0 0 1 6 0 2 2 0 0 28 
4 34 14 15 2 0 80 1 16 0 3 7 2 77 2 30 0 0 4 4 4 8 1 0 0 1 1 0 11 1 0 0 0 2 2 1 1 1 0 1 4 1 1 1 9 5 0 10 4 2 0 2 3 0 9 0 197 6 2 0 6 4 1 12 
49 1 4 0 1 4 0 12 1 0 0 0 4 14 89 11 1 6 4 1 4 6 9 7 0 3 4 1 2 1 5 0 1 0 1 0 2 0 3 0 0 2 22 14 1 5 37 7 0 10 0 3 0 0 6 1 0 18 4 2 3 2 4 0 
5 3 0 2 2 100 0 1 0 37 1 51 4 14 12 24 1 6 16 0 0 0 68 3 0 1 0 12 1 1 6 7 2 0 0 0 2 2 0 1 1 2 1 2 2 1 4 3 1 0 8 2 5 3 4 0 15 0 0 37 1 4 5 0 
32 0 4 0 0 3 19 3 395 12 0 7 1 104 0 1 1 7 6 0 8 9 2 1 18 0 1 1 35 1 13 2 0 1 6 3 0 2 8 2 23 3 59 41 8 0 27 0 1 4 378 1 4 1 2 1 0 0 9 0 0 0 0 2 
7 25 3 0 101 22 28 1 1 5 2 1 35 59 1 0 9 0 1 2 7 1 1 0 0 2 1 99 1 0 0 7 0 2 1 4 1 0 1 1 1 0 0 7 3 7 24 151 0 0 6 0 8 0 11 1 0 119 6 1 1 5 1 0 
1 0 11 17 2 27 0 47 0 0 2 0 4 2 0 0 11 2 0 12 0 26 0 2 147 2 0 6 2 4 19 2 0 1 0 1 0 3 10 14 0 1 3 2 6 0 29 1 1 10 9 0 0 0 0 9 3 2 5 0 0 1 10 4 
1 1 0 7 0 0 0 1 4 2 0 2 0 7 0 46 0 0 1 6 29 4 1 0 1 0 9 0 0 4 4 2 1 1 8 4 1 42 25 5 20 1 1 3 5 5 0 4 0 0 0 6 14 5 14 2 0 0 48 1 21 3 5 0 
0 2 2 0 0 0 0 6 1 5 7 255 246 9 5 3 0 0 3 519 12 27 24 1 0 2 0 1 9 6 4 0 1 109 0 154 0 119 6 10 1 9 0 1 1 2 1 2 0 0 0 0 1 0 1 5 0 2 0 15 34 1 13 6 
0 7 6 6 0 2 26 6 0 5 0 1 22 9 3 12 13 0 3 2 10 1 2 4 15 11 0 0 1 7 3 0 0 6 3 0 0 4 0 6 21 1 9 75 0 41 11 1 2 1 0 0 0 2 0 3 5 33 11 1 18 0 1 10 
6 0 0 0 6 14 2 4 22 6 1 3 1 9 81 0 4 7 10 0 0 0 0 2 0 0 8 5 17 0 2 0 9 8 2 12 0 0 5 0 0 0 4 7 3 1 2 5 2 3 2 3 3 1 0 5 0 156 0 0 10 1 2 0 
6 13 15 119 5 0 0 22 0 4 5 0 2 1 0 3 2 13 9 1 1 0 0 2 0 0 0 8 2 0 3 2 1 1 0 180 11 0 1 2 0 10 21 3 0 1 10 4 3 4 0 2 9 1 12 5 1 13 37 2 1 2 0 75 
0 17 0 5 7 4 0 0 2 6 1 0 1 0 14 1 6 0 0 13 0 0 1 1 30 2 1 0 3 0 35 2 1 0 0 1 1 0 1 0 1 5 1 0 5 5 3 0 6 10 3 2 1 2 9 0 0 1 0 26 0 7 0 2 
154 3 1 4 0 1 1 0 0 0 1 0 1 0 2 0 4 32 1 36 0 9 5 4 2 0 8 7 1 0 2 1 1 2 7 5 46 0 0 20 5 0 1 66 0 1 0 2 0 5 2 8 8 0 1 0 0 0 0 7 0 13 0 10 
1 0 1 8 34 1 1 1 7 3 0 16 0 4 7 2 1 0 10 4 2 2 1 0 0 7 0 0 0 1 9 0 1 0 0 0 4 22 4 1 9 35 1 20 0 10 0 2 6 3 0 10 1 2 0 1 1 0 76 6 2 1 10 14 
1 16 1 4 6 30 0 0 0 10 0 0 5 1 0 5 1 0 6 0 26 0 24 1 9 28 0 12 1 22 6 0 1 1 5 47 91 2 14 30 2 11 0 0 0 1 6 3 8 2 2 2 0 0 5 10 0 1 4 0 0 1 2 1 
11 0 14 7 22 5 0 3 2 2 8 16 33 1 69 0 1 0 1 0 0 0 1 3 239 5 5 9 22 6 3 0 0 2 6 1 3 1 7 2 0 84 4 0 0 0 2 3 0 0 0 0 1 3 5 1 2 0 0 1 2 9 2 1 
14 26 2 37 1 4 0 18 0 1 4 28 0 0 2 2 5 1 9 0 3 1 1 1 3 31 2 0 9 4 12 53 6 4 1 29 0 9 7 0 8 1 0 4 2 1 17 2 10 1 0 22 13 32 4 4 0 1 1 0 186 6 1 2 
1 0 19 1 1 0 3 2 22 4 0 0 38 0 0 5 1 2 5 12 4 1 7 9 1 0 3 0 3 0 6 3 1 2 10 21 0 0 14 0 0 1 2 1 5 7 3 2 3 0 1 2 3 0 14 0 19 4 19 30 1 0 2 5 
2 0 5 3 0 0 0 0 2 21 2 4 4 1 0 3 4 13 0 2 11 27 1 0 0 0 0 0 0 12 2 1 0 1 5 1 4 1 0 3 0 0 19 21 0 2 16 0 1 30 1 7 1 2 22 1 357 0 4 2 1 3 2 1 
4 5 0 0 11 24 0 13 1 4 12 1 6 2509 2 19 25 9 1 1 2 8 24 0 3 3 0 99 0 9 0 2 1 2154 0 2 4 35 0 2 10 1 16 0 3 16 0 1 0 28 0 0 6 19 5 25 12 0 0 0 3 11 1 0 
71 4 1 0 0 0 0 0 0 5 0 1 10 382 5 1 0 3 11 4 4724 2 7 2 1 8 16 3 2 50 3 0 0 1 0 0 0 1 124 3 0 1 1 4 25 0 0 0 0 5 7 16 6 0 0 0 1 8 1 22 0 1 2 2 
22 3 0 2 1 0 1 2 300 0 0 16 0 1 6 0 87 0 0 1 274 3 13 9 11 1 28 2 1 0 5 0 2 23 0 0 3 1 0 8 2 3 13 0 17 5 2 1 4 2 10 5 2 1 1 9 4 0 2 0 10 24 2 0 
1 0 8 1 1 12 12 2 8 0 5 2 1 4 11 5 1 8 2 8 32 0 4 2 24 0 2 6 1 34 12 0 193 1 46 0 10 0 2 23 0 3 0 108 0 0 2 18 0 0 187 6 0 1 1 1 0 21 134 19 4 17 0 1 
0 1 10 56 8 0 6 128 27 7 8 1 0 0 0 0 0 5 0 0 1 1 0 0 0 6 2 14 0 5 1 0 6 12 155 9 2 5 0 0 1 14 3 1 26 20 0 7 23 0 5 5 77 5 10 1 4 3 141 0 0 0 1 2 
0 17 1 0 3 5 1 4 1 0 1 0 5 6 2 0 0 1 1 11 2 3 0 15 0 4 0 0 1 8 1 0 1 11 1 3 6 0 2 0 0 4 0 3 24 103 1 0 1 0 0 5 4 7 8 19 0 185 2 5 14 1 2 0 
466 2 0 0 9 4 1 13 3 10 0 8 5 3 3 1 5 28 6 2 5 3 1 0 0 0 4 1 0 2 1 2 43 0 8 2 1 79 10 1 0 7 0 24 1 2 1 22 0 0 0 2 1 8 23 8 0 4 1 1 0 1 3 3 
25 4 7 3 8 7 6 1 3 3 0 7 1 1 26 0 4 6 1 0 0 3 6 0 0 1 1 29 3 25 0 0 0 8 21 6 4 0 0 2 3 0 45 2 0 0 1 49 18 0 3 1 0 316 3 0 38 2 0 13 2 134 0 0 
0 0 6 0 8 18 0 18 3 0 36 2 0 9 0 2 35 5 0 0 0 0 6 6 0 0 0 74 10 5 0 6 1 24 1 8 0 0 1 1 0 6 1 0 2 0 34 7 0 137 5 6 5 0 2 1 0 0 1 2 0 3 3 1 
0 0 134 1 1 5 0 67 1 1 1 1 6 3 1 0 1 3 0 0 0 9 1 1 8 28 1 4 2 0 0 3 0 17 5 3 11 6 1 3 0 2 0 2 14 3 1 195 3 13 5 21 1 17 55 1 3 1 0 22 1 0 0 18 
24 1 3 15 4 2 0 0 7 13 2 2 7 73 1 0 6 7 30 8 2 7 4 0 0 18 2 9 4 0 0 73 2 56 6 4 15 2 0 24 1 3 1 3 0 0 0 0 1 0 0 0 1 18 1 1 0 15 17 1 9 43 0 6 
8 6 2 1 0 14 0 0 4 1 0 50 9 0 2 11 1 3 3 1 1 23 5 275 1 0 1 1 2 0 3 43 2 0 0 1 1 1 0 0 0 4 5 1 1 40 16 0 278 1 0 14 8 7 14 12 2 0 0 3 2 2 1 2 
0 0 2 1 1 17 3 28 21 7 6 7 8 3 3 5 20 19 0 1 0 0 0 1 0 0 1 0 2 1 0 0 5 0 6 13 32 1 0 1 0 31 1 1 4 16 1 4 10 0 2 0 1 1 7 10 77 0 6 1 1 12 2 0 
1 38 3 7 5 54 12 360 3 2 3 9 0 2 0 0 25 1 0 6 2 1 1 0 24 0 76 178 6 4 1 0 1 0 0 0 27 3 0 1 0 11 3 10 1 61 8 5 0 9 14 0 0 3 68 0 8 2 1 0 23 1 51 3 
0 0 1 0 16 0 0 0 0 2 2 6 0 0 2 2 0 1 8 1 8 1 1 1 0 0 5 1 7 0 4 0 5 0 1 1 4 1 2 4 11 1328 0 0 5 6 1 4 19 0 1 0 6 0 5 10 3 9 2 0 0 31 3 5 
2 15 6 2 2 3 0 20 0 0 0 32 16 0 0 0 4 0 1 1 4 1 1 17 0 5 0 42 0 3 7 2 0 2 2 1 3 0 0 2 1 0 0 0 0 0 0 1 0 1 8 2 4 4 0 1 0 5 0 3 0 0 0 1 
24 0 76 0 3 1 6 4 26 2 3 0 4 0 10 1 0 8 0 56 1 1237 0 0 0 0 1 3 2 406 1 4 5 1 28 1 1 5 11 2 1 9 3 0 5 0 3 1 0 3 11 1 1 0 0 11 0 0 27 1 0 9 1 5 
0 4 0 2988 0 2 0 3 4 0 0 2 4 14 1 0 0 5 1 5 6 1 2 15 0 11 1 37 2 1 0 4 1 0 0 15 1 4 2 15 10 1 7 8 0 4 3 4 1 1 4 1 0 0 10 1 0 10 11 0 0 2 1 3 
1 0 1 1 3 2 0 0 17 262 0 11 6 2 0 1 0 1 0 2 2 1 3 20 3 0 8 515 1 0 6 1 0 8 0 0 1 46 19 0 1 4 6 3 2 2 1 70 1 0 23 4 4 0 4 28 4 0 2 15 1 6 15 0 
11 9 1 2 2 1 5 2 9 0 1 7 1 9 13 10 2 0 10 1 0 0 2 0 6 0 0 5 0 0 1 0 1 3 3 0 3 0 3 0 0 1 107 48 4 46 0 1 1 0 0 26 0 1 3 6 1 0 1 1 3 0 193 1 
0 0 6 22 0 7 3 16 6 16 1 0 2 0 8 0 5 0 4 3 12 20 0 1 1 1 8 2 0 0 0 5 1 0 0 0 23 3 1 1 9 1 14 2 1 8 0 36 0 1 1 11 0 1 3 2 0 2 0 15 8 0 0 0 
13 0 0 3 12 0 2 1 51 0 49 0 3 15 0 79 1 23 4 0 1 11 11 24 1 6 1 0 0 37 2 6 0 1 1 2 5 2 26 4 0 9 0 1 35 5 1 0 16 1 3 1 1 102 2 1 0 1 1 0 2 25 18 0 
3 1 0 3 0 10 1 7 1 9 14 24 1 8 304 0 8 2 1 18 4 0 0 9 1 0 43 29 7 0 1 5 6 5 0 0 1 0 0 0 25 0 2 12 6 2 7 1 0 0 2 2 0 7 1 8 10 8 2 1 21 11 0 0 
0 7 74 2 0 2 0 6 1 0 7 5 5 1 2 7 1 7 3 29 0 47 0 32 1 0 110 6 1 1 17 0 2 14 2 0 22 9 45 4 5 2 1 7 11 2 32 25 0 0 2 0 1 1 0 2 0 4 1 0 4 22 1 1 
5 0 6 1 16 0 0 1 0 0 0 3 0 2 1 54 2 19 20 1 4 5 2 0 0 0 995 0 0 1 3 12 0 33 7 6 4 1 227 82 10 40 1 3 2 0 13 10 0 27 2 19 0 2 0 3 0 1 0 0 1 1 2 1 
1 5 1 45 2 0 0 3 0 0 0 1 0 0 11 0 1 2188 6 0 0 1 1 1 4 0 2 0 23 1 1 1 0 0 1 2 15 4 2 3 11 8 1 3 0 12 1 0 1 27 1 0 3 0 626 19 9 0 12 0 11 0 21 1 
0 8 16 3 2 0 1 5 2 0 5 58 2 4 5 1 1 7 6 3 11 2 0 15 10 14 4 1 0 0 13 26 0 3 3 1 1 2 2 1 1 0 9 0 1 0 2 1 1 0 40 1 1 1 7 2 7 15 4 0 0 0 41 4 
4 0 12 0 1 9 1 3 1 1 15 2 0 3 5 7 1 124 8 0 0 1 0 0 5 0 1 2 3 9 17 3 27 0 1 8 32 5 1 0 100 2 1 10 3 0 2 1 0 0 0 3 2 2 0 4 1 19 2 1 5 5 3 3 
14 6 1 411 0 1 10 16 1 3 0 2 0 0 6 0 8 4 1 0 0 1 1 1 2 0 1 0 4 2 0 1 0 1 0 2 4 0 1 3 0 0 9 0 3 1 0 2 69 0 0 0 5 10 6 7 0 5 1 3 0 3 4 5 
8 1 35 1 0 4 3 1 9 0 3 0 1 4 2 0 0 3 34 9 3 14 5 0 1 2 21 1 0 7 0 1 0 23 2 0 0 2 4 2 0 2 2 0 1 2 212 3 0 26 1 3 1 0 0 0 2 8 1 0 2 0 0 0 
18 1 4 1 1 0 0 1 39 4 5 1 8 0 2 3 0 0 0 8 2 3 1 2 0 1 0 102 0 1 6 14 26 6 59 0 0 0 8 44 10 2 1 8 1 6 0 5 7 130 5 5 0 3 1456 1 0 7 9 0 0 3 1 20 
0 13 1 2 0 28 2 0 10 23 2 0 3 1 0 1 2 0 0 1 0 1 1 1 0 3 25 847 2 28 0 9 1 17 1 1 0 1 79 3 17 1 0 1 26 2 0 8 5 0 5 2 2 0 7 2 0 73 8 10 0 0 1 2 
20 0 91 12 39 25 12 0 1 1 553 1 5 0 8 0 4 0 1 1 0 8 0 0 4 0 0 1 14 1 125 0 8 0 1 6 2 0 2 0 158 0 7 2 11 1 5 25 1 1 1 1 9 11 3 1 1 1 3 1 2 1 71 0 
3 1 0 1 1 3 0 56 1 1 1 12 0 19 0 1 0 150 4 4 38 0 16 2 5 3 1 0 1 8 1 4 12 3 8 0 0 2 2 0 0 0 0 44 0 2 3 0 3 0 0 0 2 0 0 7 28 7 1 2 0 30 2 1 
0 1 2 3 0 1 4 8 6 3 1 1 0 0 8 0 5 0 1 6 8 3 18 5 3 46 3 24 3 5 28 1 4 4 2 1 2 7 1 0 45 1 65 0 1 0 29 9 22 0 1 0 2 0 3 0 2 45 0 4 0 33 3 0 
0 1 6 10 2 4 33 4 18 45 0 0 2 12 1 2 4 0 3 3 14 0 0 2 0 0 1 0 12 0 0 9 5 1 0 2 1 0 6 1 1 2 0 11 0 0 0 0 2 12 1 0 1999 0 2 4 1 0 4 9 2 11 2 31 
10 1 1 4 0 4 6 9 5 1 0 5 3 3 6 11 0 0 1 11 6 1 4 0 9 1 1 4 0 0 1 17 1 0 2 7 1 0 3 22 5 1 0 1 0 0 9 0 1 1 29 1 14 14 47 2 2 0 1 3 3 0 9 9 
58 0 2 9 8 19 1 0 0 1 0 2 0 1 16 0 0 0 6 1 0 0 0 1 6 1 1 4 7 5 16 2 0 9 12 4 1 1 0 1 16 11 1 9 0 1 1 0 12 0 2 1 2 93 0 1 30 0 1 2 0 2 7 1 
5 2 0 67 0 28 1 1 6 1 3 1 7 8 0 0 417 0 0 3 0 10 6 0 2 6 1 1 5 1 0 0 1 0 2 14 2 0 2 4 0 1 0 1 10 5 1 0 1 3 10 0 0 0 0 85 91 1 2 1 0 0 26 4 
3 0 0 0 5 0 1 0 5 8 6 0 7 1 5 9 1 0 0 0 0 11 8 29 11 6 4 36 3 4 0 1 5 4 17 9 0 1 2 0 11 1 0 4 3 1 0 1 15 0 5 3 8 0 97 3825 0 26 2 0 7 3 3 5 
3 1 0 0 0 1 0 13 0 11 0 8 1 0 8 727 4 1 4 2 0 5 3 0 0 0 1 0 0 13 1 5 3 0 1 18 0 28 3 1 2 10 0 54 0 1 1 6 8 8 39 20 3 1 0 8 91 1 5 2 3 7 3 18 
6 6 0 1 0 0 0 4 0 5 11 0 1 0 0 3 1 6 0 0 4 1 1 26 1 0 0 11 6 7 0 0 70 5 0 2 5 0 3 2 0 0 1 1 9 4 15 0 4 0 0 0 0 11 0 1 1 0 2 1 1 1 1 168 
8 1 2 2 0 25 22 1 23 20 0 59 0 1 160 0 0 1 38 1 0 4 5 7 1 10 1 0 0 3 9 1 0 6 0 1 5 24 12 3 9 3 39 1 2 0 23 0 49 5 1 1 1 1 0 6 34 2 0 1 1 1 0 1 
1 3 8 10 0 1 91 1 5 1 5 1 2 28 9 4 8 2 0 1 0 0 0 2 0 213 0 4 0 1 1 6 2 0 1 1 5 0 70 1 1 1 0 0 1 13 8 1 0 367 2 0 0 5 0 7 30 0 0 0 4 0 4 6 
81 0 5 0 0 5 0 1 4 54 0 2 1 1 8 1 0 0 1 5 1 0 1 6 4 0 13 21 3 1 0 0 0 0 0 0 2 0 1 1 18 0 10 5 8 14 0 32 0 7 1 0 0 1 1 0 6 37 0 1 1 4 0 7 
0 0 45 6 0 26 2 0 1 0 1 2 4 1 0 0 0 2 1 0 1 0 2 0 1 2 2 0 15 1 0 1 0 28 1 14 1 2 2 6 0 1 0 0 0 32 0 0 19 0 0 3 0 1 3 107 1 12 0 31 0 2 2 0 
9 0 23 5 8 1 224 1 0 60 0 0 52 3 6 3 16 0 10 21 3 1 41 0 37 0 6 5 0 0 0 1 1 3 0 0 1 0 1 13 1 0 0 1 15 1 7 8 3 7 15 0 2 9 21 0 2 2 3 0 4 12 3 6 
0 1 181 1 3 6 38 77 24 1 32 1 0 6 1 6 0 3 74 1 6 0 3 0 0 24 2 1 3 9 1 1 241 4 0 0 15 2 41 0 22 16 2 10 6 1 0 0 0 6 5 4 1 0 0 0 5 7 13 1 0 0 0 127 
4 2 1 2 45 7 1 2 4 1 0 2 1 4 8 47 0 0 0 5 15 1 28 2 0 0 0 6 6 1 1 1 0 1 0 3 2 1 2 5 1 22 0 4 22 6 0 1 3 2 0 0 2 5 3 1 0 1 5 45 0 2 2 2 
0 74 1 0 3 1 1 4 3 1 4 18 1 1 23 1 6 18 2 26 3 0 2 3 4 17 5 2 0 0 1 74 0 0 29 1 0 4 1 0 7 0 1 0 6 2 11 6 5 0 0 0 83 1 1 0 20 7 8 8 318 0 1 43 
0 0 1 3 2 2 25 1 14 0 2 36 8 4 4 0 9 12 6 0 1 3 0 39 11 0 40 15 1 1 47 18 0 1 2 0 4 12 0 7 3 4 1 0 0 0 4 88 22 1 0 17 1 0 9 4 2 1 1 13 1 4 1 9 
0 0 1 13 0 0 1 2 1 3 0 31 3 4 1 40 6 0 44 22 0 15 11 0 3 2 0 5 1 1 34 6 11 0 1 1 1 8 1 1 474 19 1 34 0 2 25 3 1 1 5 2 1 0 0 13 1 1 4 6 4 1 0 12 
2 15 0 0 0 9 27 1 30 6 39 5 0 14 1 3 1 0 1 0 198 0 31 4 1 2 8 66 1 0 2 0 20 1 6 2 0 1 3 1 8 0 10 6 0 3 154 2 1 2 0 5 5 1 1 5 5 0 1 2 5 10 5 0 
6 54 2 10 0 82 61 0 36 0 0 0 2 0 31 4 0 1 10 12 6 3 9 4 76 0 14 3 0 86 1 3 2 14 20 1 0 8 9 2 0 3 1 10 0 5 5 0 6 3 4 4 1 1 11 1 118 1 9 3 12 2 2 4 
0 2 16 21 2 8 1 1 2 1 0 0 8 1 0 3 0 0 3 0 1 1 2 0 2 8 2 1 1 0 0 7 0 5 0 0 20 2 0 1 1 3 0 11 3 0 9 7 2 0 7 1 1 4 3 0 63 19 0 2 0 1 6 4 
10 0 1 4 1 2 6 23 0 3 25 26 0 63 2 214 3 0 0 0 3 22 0 5 6 0 2 5 2 8 0 0 4 0 0 0 0 1 8 1 0 0 0 0 0 0 1 0 2 1 295 2 15 1 1 84 11 9 8 0 15 69 44 9 
0 0 3 6 2 1 1 6 5 0 3 3 0 15 9 0 7 2 0 2 7 3 19 0 10 0 4 0 1 2 0 0 1 3 2 1 1114 10 3 4 1 0 16 0 0 3 1 0 25 1 3 2 0 6 2 0 17 1 18 14 0 1 3 1 
13 3 0 14 1 7 11 17 0 0 2 0 13 0 0 4 0 91 4 0 5 0 0 1 11 16 1 9 0 0 25 11 1 0 1 9 0 0 0 0 3 14 0 55 4 10 7 7 0 0 7 1 222 1 0 0 0 1 0 0 3 5 6 3 
1 0 0 2 6 3 16 0 0 4 0 1 0 1 1 1 1 0 1 2 1 7 4 0 2 0 0 1 11 3 0 1 26 13 0 0 44 3 5 0 5 6 1 4 1 1173 3 0 1 4 6 2 0 0 0 0 6 4 2 4 0 1 12 0 
8 1 3 0 0 1 2 21 10 7 7 0 0 4 12 21 3 8 7 4 0 0 3 1 10 6 7 0 13 13 0 10 52 0 0 0 1 12 6 2 1 12 2 1 1 3 0 0 7 67 6 10 3 0 0 5 0 0 0 16 0 2 310 0 
0 1 3 12 0 5 2 6 1 0 0 3 17 0 3 1 3 56 2 12 1 3 1 0 16 4 1 6 77 1 3 5 27 0 4 5 0 17 0 0 0 1 0 1 0 8 2 56 4 45 1 0 1 1 1 0 1 1 0 0 1 10 7 24 
3 0 2 7 22 2 0 0 5 1 1 1 18 1 0 1 1 0 4 2 0 0 10 0 1 4 10 0 0 2 20 0 4 13 7 25 1 0 1 10 1 1 0 7 1 0 0 1 3 0 2 0 0 7 1 3 2 24 0 0 18 0 3 7 
0 4 0 7 49 5 0 8 2 1 72 8 5 0 1 4 5 5 0 0 3 3 0 1 2 0 2 0 4 13 0 8 0 2 0 3 0 26 3 5 4 0 0 17 0 1 5 1 0 0 12 4 0 3 0 0 1 0 2 17 22 0 111 3 
5 7 0 1 3 2 2 2 0 3 0 6 0 1 3 0 0 1 0 67 3 1 20 0 2 1 38 1 1 25 0 2 1 7 3 1 3 1 0 6 6 1 0 8 1 2 1 0 2 0 1 0 0 15 1 0 2 3 0 0 0 18 0 12 
28 1 39 7 0 2 1 10 8 2 0 0 9 2 3 1 2 0 0 5 0 0 2 2 2 1 6 0 9 0 1 9 0 7 8 0 1 10 4 1 3 3 1 28 0 0 30 0 3 1 20 0 1 5 0 0 7 2 21 6 1 9 58 10 
1 1 3 5 25 3 7 0 8 18 0 0 0 23 29 0 5 0 2 1 2 0 4 0 2 7 10 0 0 2 14 1 4 9 1 1 0 0 0 12 0 202 1 3 0 0 0 9 0 1 0 22 1 3 5 0 0 9 35 1 0 2 26 1 
0 2 2 0 0 0 2 11 2 0 1 1 1 0 15 1 4 4 0 2 5 7 3 14 1 12 0 3 0 0 1 0 2 1 5 1 1 6 2 82 1 33 13 4 2 0 4 1 2 0 4 0 14 4 0 1 1 7 0 3 1 2 1 3 
0 6 0 12 0 1 1 1 25 13 1 0 1 0 3 6 1 2 1 26 0 6 6 6 3 0 0 10 0 1 1 17 5 9 0 0 0 14 28 3 2 0 2 9 2 0 3 0 0 1 1 3 0 6 5 0 1 2 0 0 1 3 1 1 
43 49 0 0 1 0 19 0 11 3 0 0 0 2 4 0 75 1 0 1 1 2 3 16 0 4 0 11 1 1 11 7 4 1 2 0 2 7 2 4 8 7 1 2 0 1 0 2 0 6 1 1 6 0 1 1 4 0 0 1 29 2 7 1 
0 0 0 11 0 1 3 42 0 7 1 2 0 75 12 0 9 8 0 12 28 1 1 28 3 3 5 0 13 1 0 4 8 0 5 8 0 2 126 24 2 48 4 0 0 0 25 18 1 8 1 0 15 0 1 1 0 1 42 1 2 1 5 6 
3 0 243 9 25 1 9 1 6 2 0 48 67 1 42 1 0 1 8 9 1 1 2 3 0 1 9 5 6 0 0 0 9 3 1 0 6 0 11 6 74 1 0 8 13 0 8 11 1 7 1 3 24 6 0 0 83 1 10 0 19 14 4 2 
102 1 3 2 1 11 6 1 5 26 0 0 1 74 29 1 0 3 0 15 106 1 4 2 2 1 2 2 0 0 2 9 0 4 5 0 2 2 0 47 0 7 7 1 0 1 33 9 0 0 5 1 1 8 31 0 88 38 0 11 1 0 5 9 
0 0 4 0 26 6 0 1 1 0 70 5 2 1 2 3 2 2 2 1 0 178 0 1 0 0 7 2 27 2 8 0 55 25 0 0 6 3 0 0 0 26 5 0 5 0 0 9 1 16 1 3 1 0 1 0 2 1 0 0 30 1 7 711 
2 0 0 0 1 0 2 0 3 0 40 0 1 7 14 6 0 0 1 0 0 6 3 2 0 0 1 10 0 5 1 0 0 2 1108 0 19 1 0 2 0 1 19 1 1 5 0 0 0 2 1 3 8 0 0 13 2 2 0 1 23 2 5 22 
3 0 9 0 0 1 1 17 1 1 14 0 4 0 1 85 4 17 0 4 13 25 12 0 1 19 4 16 4 7 10 24 3 0 1 1 3 9 3 3 30 10 5 3 3 1 19 9 3 0 0 1 0 0 8 17 12 0 2 0 0 0 2 0 
1 204 6 10 4 0 1 1 1 0 8 5 14 26 0 0 0 4 1 0 0 8 0 3 0 0 0 0 1 0 0 0 1 9 0 8 0 6 0 0 0 0 3 10 31 6 1 11 2 0 8 0 0 18 7 10 2 0 0 37 8 0 5 4 
2 1 0 0 12 8 2 6 4 0 6 2 90 1 1 0 0 15 0 8 40 8 0 1 5 2 6 0 10 0 0 1 15 0 3 0 5 3 14 0 99 5 12 0 0 0 0 0 2 0 3 87 0 0 6 9 1 0 19 0 16 4 4 3 
39 5 0 21 1 9 0 1 6 0 4 1 7 6 3 2 2 2 9 0 8 5 4 0 46 5 33 21 19 5 0 1 4 7 18 12 0 0 1 0 21 0 1 62 2 74 6 37 2 8 0 5 0 1 3 9 1 1 1 2 0 59 1 0 
28 0 13 2 6 0 20 1 1 3 1 4 11 3 2 0 0 14 7 1 1 7 0 1 0 4 5 0 6 1 5 3 1 0 0 4 0 1 5 0 5 0 8 0 3 1 10 1 20 1 4 5 9 3 1 6 2 0 0 4 73 47 4 0 
2 10 0 2 0 1 5 3 0 1 2 9 0 8 1 0 0 0 1 1 1 10 2 10 0 0 6 4 1 2 1 0 3 0 81 75 0 0 4 9 6 3 13 2 16 5 0 0 4 4 7 0 2 4 0 16 0 4 0 1 7 4 0 0 
1 0 6 0 12 3 62 0 2 0 1 0 1 0 33 2 1 2 9 0 0 4 0 1 11 29 0 65 4 1 54 2 10 0 1 7 0 7 9 2 34 0 64 0 13 0 1 0 0 0 4 1 0 0 2 6 4 1 1 0 3 0 0 73 
8 0 0 4 3 9 0 1 21 29 1 5 0 0 67 2 10 2 1 1 26 3 4 27 1 0 0 4 3 2 1 0 7 1 1 54 0 1 1 0 0 4 0 1 11 41 2 28 4 20 2 47 0 0 0 19 0 6 13 1 0 6 0 1 
9 35 0 4 42 1 2 1 2 1 0 0 5 0 0 3 0 5 0 0 1 1 1 211 3 6 1 1 4 0 0 0 2 0 3 0 0 2 8 0 1 7 21 1 0 0 0 0 2 0 1 4 3 2 0 0 2 0 6 0 4 2 3 0 
0 0 1 27 0 2 0 0 1 0 1 6 0 0 0 1 1 1 0 0 0 21 2 4 3 7 0 5 7 2 1 1 1 2 7 3 1 4 2 8 4 48 1 22 1 0 13 4 14 0 0 1 2 2 0 1 0 1 23 0 2 0 1 34 
7 1 1 34 8 9 5 0 0 2 0 1 1 0 1 4 1 3 1 9 0 0 6 0 10 0 13 0 0 3 0 7 3 23 4 2 27 1 1 3 7 1 10 13 0 4 2 0 0 2 2 0 1 0 1 3 1 4 1 0 0 0 0 0 
0 0 2 2 1 0 1 1 0 3 5 25 0 0 7 1 0 6 1 23 2 1 2 19 1 0 0 2 6 0 1 1 5 1 25 5 2 1 2 5 9 5 4 0 0 0 9 0 7 24 0 0 85 0 0 32 0 0 0 69 8 2 0 139 
1 5 1 14 7 0 3 4 2 0 0 1 0 2 2 11 23 3 4 4 4 2 20 16 7 1 1 0 3 0 58 2 0 10 0 0 1 8 2 1 0 0 1 6 12 1 5 0 18 28 10 0 0 0 7 2 10 0 0 4 4 0 2 2 
10 0 64 34 0 0 0 2 1 0 9 44 0 0 21 3 0 0 4 0 2 0 10 2 0 1 1 3 0 110 1 0 6 0 4 1 6 3 36 1 129 0 0 0 1 0 0 0 16 0 7 265 0 1 39 17 4 0 0 0 0 2 0 0 
58 0 4 1 0 4 20 0 5 12 0 0 0 2 0 2 6 8 8 0 0 2 2 0 3 3 0 2 6 38 5 1 0 13 5 7 0 7 2 3 17 1 2 1 0 0 6 132 6 1 6 6 1 0 8 7 1 1 1 0 0 72 4 4 
2 5 1 184 2 0 1 1 0 3 3 14 17 1 7 11 3 347 0 2 0 0 0 13 0 1 3 12 0 1 4 1 3 0 0 0 0 24 1 20 5 0 0 2 1 14 1 48 1 6 4 1 2 6 1 7 14 2 1 0 22 15 1 29 
11 1 25 19 7 0 13 5 0 5 1 0 5 10 0 1 7 181 1 1 0 2 17 0 0 38 1 1 9 8 0 0 2 2 11 1 0 1 4 5 0 0 1 5 0 4 0 1 2 0 3 0 0 0 1 3 1 35 9 2 0 41 6 9 
2 0 25 4 5 0 30 0 5 0 0 1 3 7 46 1 2 1 1 4 1 4 64 0 7 1 1 10 33 1 1 0 1 2 7 9 4 4 0 8 2 1 4 2 1 45 0 3 1 11 2 3 2 8 0 0 1 0 2 2 1 1 2 0 
2 0 1 11 0 15 2 18 0 27 0 0 20 35 0 1 3 15 4 1 29 0 0 1 1 0 44 25 0 35 0 1 1 0 57 2 0 0 0 2 2 2 4 0 1 2 11 7 7 0 13 2 1 1 1 19 12 3 1 3 0 1 3 4 
4 0 5 7 32 0 0 8 1 1 26 0 8 3 1 1 3 1 1 0 7 1 1 0 1 1 1 0 1 3 6 30 58 0 11 1484 0 3 3 2 0 1 6 14 30 4 1 3 11 8 42 6 4 21 0 5 0 0 8 0 0 1 33 0 
4 5 22 1 3 0 3 2 8 0 0 5 0 1 1 11 0 0 1 6 0 17 1 1 5 38 0 4 5 0 1 205 0 0 1 1 6 1 16 0 0 2 0 0 23 1 3 2 0 19 1 2 17 23 4 4 12 0 4 0 4 107 5 66 
17 0 0 0 23 22 3 5 9 18 34 1 0 2 16 0 1 2 2 2 1 4 20 5 0 1 11 0 2 1 4 1 1236 4 1 3 37 0 10 4 0 18 1 1 0 4 0 2 11 27 6 0 5 5 0 1 43 0 4 12 2 1 13 8 
3 1 0 36 0 2 11 5 5 7 0 2 0 1 1 0 5 0 140 19 2 1 10 1 2 0 6 0 10 8 2 0 0 1 1 0 6 0 0 4 2 1 14 12 1 0 61 1 0 0 6 3 13 1 1 0 0 2 4 14 5 0 0 62 
0 8 7 2 3 1 28 1 0 1 0 13 1 5 3 8 0 0 0 1 3 53 4 18 4 4 6 8 1 6 0 30 2 2 12 0 6 1 2 1 6 0 36 2 1 0 2 1 1 0 1 10 6 0 0 1 143 1 10 6 3 2 0 16 
1 7 1 88 0 19 10 13 0 0 5 1 0 1 2 5 3 0 4 21 1 1 3 0 1 0 0 2 5 2 3 82 1 6 2 70 2 0 2 7 20 0 0 1 2 2 0 7 0 0 0 0 0 7 7 0 1 0 4 10 2 23 7 3 
83 5 3 9 0 2 4 13 124 14 0 19 0 19 3 3 8 0 4 47 8 4 1 0 2 3 0 0 2 0 4 2 1 1 2 0 2 0 0 0 5 2 12 1 8 11 0 0 1 4 0 15 0 48 3 20 2 0 2 1 0 0 1 1 
1 5 10 0 1 2 4 2 0 0 0 0 18 3 0 11 0 5 0 2 9 0 1 145 0 20 0 4 8 2 261 2 0 6 2 10 4 1 0 0 0 1 0 0 7 13 0 0 1 5 11 1 9 37 2 5 4 2 0 0 2 0 3 2 
2 6 0 14 1 5 6 0 7 4 0 0 0 6 0 3 6 0 7 13 2 0 1 8 6 0 1 0 3 14 0 25 55 1 2 5 0 4 61 29 2 0 0 2 2 5 15 6 2 25 1 0 1 3 1 0 52 0 2 0 1 0 0 3 
5 8 2 1 1 0 3 4 0 1 1 4 0 21 2 1 4 0 1 3 13 14 1 1 0 6 1 3 7 16 0 1 1 0 3 10 0 0 5 1 6 2 12 1 2 0 16 1 0 8 472 0 39 2 0 2 3 28 2 6 8 3 60 5 
6 0 6 8 22 21 1 1 0 0 1 3 2 0 0 6 1 0 0 1 1 2 1 146 0 5 0 54 4 19 3 1 1 14 7 0 2 45 1 7 9 4 4 0 0 0 8 0 1 4 2 1 0 1 11 0 12 6 18 39 2 3 4 24 
0 9 81 0 1 8 5 3 1 12 16 0 11 4 2 1 0 1 4 7 2 2 4 0 27 2 0 7 4 1 3 5 0 4 1 4 0 0 0 2 0 290 0 0 1 4 0 5 13 9 4 2 0 1 0 3 1 2 6 0 0 5 5 0 
1 0 22 1 3 0 0 3 8 6 1 75 5 33 0 9 3 1 6 7 0 3 706 28 0 2 2 2 8 1 0 3 23 1458 0 2 3 0 5 5 0 1 42 1 0 3 0 5 1 0 19 10 7 1 2 9 0 2 2 8 3 27 1 0 
6 0 3 1 2 1 4 0 1 0 3 3 11 1 14 1 0 2 1 0 1 11 2 8 1 13 13 18 0 13 10 404 0 0 1 2 1 1 1 2 0 0 6 30 14 2 0 1 1 1 0 1 5 0 0 23 0 2 3 25 0 3 2 1 
2 1 1 30 0 2 14 3 1 1 208 9 6 1 0 2 2 2 0 8 0 2 1 21 4 3 4 0 5 10 0 2 2 0 0 2 0 3 3 0 0 15 0 0 6 2 0 10 0 1 0 2 0 12 0 1 1 2 1 30 0 4 0 0 
1 5 3 0 5 1 5 8 6 2 27 8 2 5 7 1 8 2 45 0 0 1 6 0 17 10 9 7 7 2 4 12 1 4 0 2 1 0 0 1 0 1 3 2 0 2 53 0 0 7 0 377 1 1 0 1 3 0 1 1 0 1 0 24 
5 4 0 1 0 1 3 6 15 4 257 7 0 3 0 37 170 102 4 0 0 14 1 1 0 0 0 0 1 1 0 0 0 1 4 1 1 23 2 274 44 15 5 1 0 10 0 1 0 157 0 14 7 0 1 5 0 12 43 2 6 0 5 7 
0 15 6 1 1 6 0 1 1 1 1 0 9 1 1 0 0 1 0 13 0 3 0 2 0 4 6 1 0 2 1 5 0 6 25 0 0 0 4 0 6 15 5 0 0 0 1 0 3 5 40 5 0 1 0 1 1 17 1 0 3 0 1 0 
0 9 1 5 33 0 0 0 1 6 0 1 0 19 0 2 1 3 26 1 2 65 0 0 0 234 15 44 1 20 0 1 1 6 7 1 14 0 0 1 5 0 2 2 1 4 9 0 4 22 11 0 0 0 1 6 0 2 5 2 1 10 66 2 
1 2 0 1 6 4 0 0 4 0 7 6 31 0 18 91 6 0 55 14 0 0 108 2 13 0 0 2 2 8 0 1 1 7 8 0 6 6 8 1 0 3 15 0 0 72 0 0 0 1 0 1 0 2 6 0 1 16 2 1 20 27 16 1 
48 2 2 2 1 1 3 0 8 7 1 9 0 0 11 1 2 46 2 2 12 1 3 0 3 34 6 29 0 1 1 27 7 13 5 0 1 23 11 1 1 1 1 8 1 0 7 2 6 28 9 0 1 20 0 0 3 0 2 0 4 0 11 2 
0 0 1 23 1 4 10 10 0 0 0 1 1 29 8 15 1 5 0 0 5 0 9 0 4 7 2 0 2 5 4 2 4 1 1 1 2 25 3 3 0 2 1 29 1 4 1 2 3 9 11 1 0 11 3 0 2 13 0 1 5 27 1 2 
2 24 0 0 4 421 1 0 5 3 7 1 23 9 1 2 9 1 0 1 1 0 0 0 0 0 0 47 2 31 5 26 3 1 0 0 1 5 2 0 0 0 1 1 0 0 2 3 9 0 5 4 9 9 0 1 0 6 5 2 0 12 0 0 
0 2 5 1 4 3 16 1 6 0 0 1 13 17 87 2 10 2 11 0 0 1 7 2 0 0 22 7 1 1 3 0 0 50 3 0 12 85 1 1 0 0 2 0 3 2 535 0 0 1 64 1 1 85 0 32 1 11 1 62 0 2 0 7 
2 2 3 8 2 4 15 4 1 0 1 3 18 9 47 4 81 0 7 35 1 5 1 0 2 5 476 42 0 0 0 0 0 0 3 3 1 2 1 1 0 0 3 6 7 4 3 0 0 8 1 0 0 4 9 1 1 34 2 0 12 2 1 0 
0 2 0 0 1 18 595 83 2 2 1 0 2 55 0 71 1 8 127 1 4 0 0 7 0 1 0 125 1 17 18 5 8 0 0 2 3 0 6 27 1 0 0 13 1 1 21 0 9 2 0 6 14 4 1 0 350 1 0 5 0 21 0 0 
4 1 5 2 13 10 7 6 7 2 0 0 0 4 3 2 2 0 1 0 2 9 1 0 1 2 0 0 1 1 10 29 6 1 7 0 1 4 1 3 7 2 1 0 228 0 13 7 9 18 0 4 21 1 0 0 22 1 0 2 0 19 2 4 
0 3 1 1 0 0 0 0 0 0 1 2 0 5 0 132 1 0 1 1 4 1 9 1 24 1 1 2 3 1 9 2 16 8 9 96 2 1 2 0 19 0 18 5 17 7 0 0 5 7 31 0 1 0 2 1 19 4 2 2 30 0 55 1 
2 4 2 9 7 4 0 0 0 0 12 10 2 0 0 8 1 5 0 2 0 0 42 0 6 1 0 23 1 0 2 37 0 0 14 5 10 124 20 2 1 14 6 2 0 9 0 1 2 40 0 9 0 3 3 6 0 3 0 6 0 1 0 18 
13 5 2 1 0 0 3 0 1 28 4 1 2 3 0 3 1 0 3 2 87 16 1 7 1 3 3 0 3 26 2 1 31 0 10 2 1 1 0 0 0 2 35 43 3 0 2 0 88 2 16 2 3 16 7 4 13 1 2 2 0 2 1 9 
7 4 1 1 5 1 1 4 1 1 1 16 0 1 7 9 1 0 1 1 0 169 1 1 7 0 11 8 0 9 0 1 1 1 1 4 2 0 8 10 3 3 1 0 0 6 1 103 2 5 16 1 3 1 1 1 9 16 6 12 12 3 40 5 
6 0 0 0 0 2 6 0 0 24 8 3 14 3 1 1 9 5 1 0 5 0 1 0 1 1 1 5 2 1 1 0 6 0 1 1 2 0 3 0 89 26 2 0 5 0 6 0 6 1 1 10 0 8 0 13 1 7 1 1 1 7 125 1 
3 3 5 0 9 0 0 3 1 3 46 37 0 19 13 0 0 8 9 0 0 15 13 2 0 0 1 0 23 20 30 1 0 24 0 1 1 3 26 3 0 0 2 1 5 4 13 6 1 2 0 0 41 5 3 7 0 23 6 28 10 35 0 0 
1 0 0 34 4 7 0 1 0 0 26 2 0 3 2 11 1 0 0 1 5 1 0 0 23 4 14 3 0 1 11 4 0 0 1 6 14 0 3 0 0 34 2 0 19 41 1 2 0 1 2 10 0 3 10 14 34 1 3 0 1 4 0 1 
4 0 9 4 12 0 1 3 0 20 0 1 0 2 1 1 2 6 4 0 12 3 238 15 4 1 2 2 1 0 0 0 4 8 1 0 1 1 1 4 4 0 79 32 55 5 0 1 13 0 5 5 26 0 63 0 11 2 0 9 1 99 0 0 
5 0 0 17 5 32 0 2 7 7 0 1 2 8 3 3 0 4 1 6 0 0 5 1 2 0 0 0 0 1 5 0 8 3 1 6 45 10 9 7 9 0 0 1 3 1 5 6 0 10 25 6 26 11 7 0 3 0 8 0 0 0 4 2 
0 4 1 8 0 6 5 4 0 12 0 0 3 1 0 3 0 6 13 2 10 1 3 1 0 2 0 8 2 7 5 0 2 0 15 0 1 1 9 1 1 0 1 1 1 0 0 6 5 4 9 1 1 0 25 0 4 4 4 0 5 3 1 0 
7 0 3 0 3 171 4 0 0 5 0 0 0 2 1 31 0 0 3 55 1 5 6 2 0 6 0 1 13 22 0 7 4 0 0 2 5 0 31 4 2 35 6 0 4 0 0 5 0 3 2 0 3 6 0 5 1 0 0 6 3 0 1 5 
2 27 61 0 1 2 0 0 1 2 1 2 13 0 0 1 0 1 7 21 0 3 0 6 13 0 21 0 3 1 51 7 1 9 2 1 0 1 2 1 1 9 3 0 4 0 26 7 0 1 0 0 1 3 1 0 4 12 15 2 0 3 0 6 
1 0 5 1 28 13 1 4 0 0 1 0 3 0 24 0 0 45 0 0 4 34 105 0 5 2 4 2 24 20 0 4 8 14 0 0 0 6 102 1 5 0 1 7 11 7 12 4 8 0 4 0 5 2 1 638 4 0 3 10 0 28 1 11 
6 296 2 2 1 0 0 1 2 1 0 6 9 0 1 28 8 6 0 0 0 11 1 18 35 1 0 25 388 3 1 4 0 1 2 2 6 0 0 0 2 16 0 2 1 0 23 0 5 143 2 6 10 2 0 1 1 12 1 0 1 0 0 8 
0 9 0 0 0 1 1 3 3 1 0 6 1 0 2 0 19 6 106 7 0 11 2 1 3 0 0 41 1 1 0 9 0 15 0 3 1 0 0 0 5 0 0 0 1 2 2 0 7 1 5 9 6 2 183 5 13 4 0 13 0 1 2 0 
549 0 2 10 6 1 2 1 0 5 5 18 1 0 0 1 1 1 176 0 3 1 4 16 0 0 0 4 7 1 3 2 3 2 1 1 0 2 0 0 1 16 1 3 2 0 8 0 45 11 1 6 103 0 1 4 6 1 1 8 20 5 0 29 
10 0 8 2 0 11 0 1 0 0 9 0 51 5 163 5 1 12 0 1 12 1 9 9 0 1 8 0 3 1 0 0 5 0 3 6 0 0 0 14 0 9 2 7 5 2 5 1 6 1 36 0 2 0 1 11 0 6 2 28 0 1 0 0 
7 6 3 1 6 3 3 3 0 1 1 0 20 2 37 49 0 4 1 48 3 3 1 0 1 1 20 2 1 0 6 0 0 1 0 1 2 0 1 1 1 31 1 1 0 0 57 16 2 4 2 0 2 4 33 3 3 3 2 217 11 7 1 2 
3 6 0 2 0 7 0 6 0 0 6 1 2 0 0 0 0 1 4 1 1 0 11 9 0 0 11 1 0 0 2 40 8 11 0 1 4 2 2 3 6 4 19 5 5 29 8 2 2 0 27 1 29 8 0 0 1 0 31 1 4 6 2 55 
6 2 1 1 1 2 1 1 1455 2 5 0 23 0 0 1 7 0 78 1 0 2 1 5 0 1 6 1 1 1 0 6 0 6 1 4 2 1 0 370 1 1 3 253 0 1 15 0 0 2 2 3 1 2 0 26 1 14 1 0 2 13 1 6 
9 7 5 4 1 0 28 8 4 0 0 3 18 0 1 0 6 13 2 2 3 3 0 0 0 7 5 13 1 2 9 5 7 31 13 1 2 1 0 17 0 3 2 1 2 26 1 3 4 9 0 0 0 1 6 0 14 4 0 1 0 1 12 7 
2 14 0 2 1 6 1 0 0 1 2 0 0 11 1 8 5 9 1 2 14 2 6 198 0 5 5 2 0 1 15 0 7 0 0 2 3 0 0 8 40 10 0 3 31 0 7 5 2 0 30 0 0 2 1 0 2 33 15 0 36 0 1 4 
4 3 9 1 5 0 1 11 7 12 13 1 11 3 32 4 2 0 1 3 0 9 20 5 1 0 15 0 0 0 1 0 1 4 0 5 0 3 21 2 1 10 0 4 2 12 1 5 2 0 2 24 1 2 2 1 1 0 0 1 2 0 2 43 
1 4 0 211 1 10 0 0 2 14 0 1 4 0 5 3 0 1 0 1 2 4 3 11 1 0 0 2 2 8 0 7 10 4 6 1 0 0 22 10 1 0 0 3 4 21 27 1875 4 3 3 1 3750 0 20 1 3 3 2 4 2 2 12 0 
1 0 0 349 6 0 259 1 2 1 0 4 11 0 27 5 12 15 10 1 6 1 0 0 1 2 0 2 9 5 4 0 1 15 6 2 0 0 13 0 1 30 19 0 6 5 0 18 1 0 1 14 8 13 0 1 7 8 0 1 1 5 0 9 
2 4 1 2 6 6 0 7 1 0 1 10 9 15 14 4 1 0 0 0 0 0 15 8 128 3 24 2 2 1 1 0 0 2 1 0 6 11 1 0 3 13 5 1 8 2 0 17 2 12 0 12 1 2 0 2 2 0 27 0 11 14 10 7 
1 222 2 1 12 0 34 0 1 6 3 13 8 0 0 3 0 18 9 1 3 1 0 0 19 1 0 6 0 42 0 0 4 1 0 0 1 0 1 53 6 0 0 0 9 6 2 1 51 1 1 2 47 5 4 0 5 1 1 3 3 19 0 0 
14 2 1 0 7 23 2 12 3 4 1 1 13 0 3 2 1 10 2 2 13 1 0 0 3 15 1 2 11 7 45 3 0 2 9 0 11 7 9 7 0 13 0 1 2 10 0 1 4 6 0 0 5 1 0 6 12 1 15 62 3 1 0 13 
13 19 0 0 1 7 3 472 1 0 1 0 1 3 1 7 5 2 7 1 0 1 0 1 1 25 1 4 3 0 23 24 1 1 1 0 0 4 0 0 16 5 0 0 0 0 0 1 3 1 5 5 451 0 6 56 0 4 5 5 43 0 13 2 
7 3 0 27 0 0 5 11 0 12 6 1 9 1 0 0 0 8 3 11 1 2 1 4 2 1 0 1 23 4 0 9 1 340 0 0 0 1 32 0 1 1 0 0 30 10 7 1 0 1 2 1 4 15 6 0 0 2 1 26 2 1 1 0 
0 1 0 7 4 4 4 0 1 8 0 52 3 0 20 0 0 0 2 1 1 1 6 2 5 16 12 3 1 2 1 0 1 5 25 0 13 2 44 42 1 4 7 0 12 2 3 1 3 0 0 12 19 1 0 3 16 6 3 0 1 0 3 0 
24 4 1 14 23 3 1 0 1 1 4 1 13 0 1 1 2 2 68 0 0 2 4 0 14 26 2 1 0 26 5 4 41 1 0 7 1 3 3 0 5 0 0 0 0 1 1 0 1 0 15 12 2 17 2 1 0 0 0 0 0 6 5 6 
8 0 0 0 0 0 3 1 4 2 1 0 4 2 5 17 3 1 19 6 6 10 1 24 0 7 1 0 0 9 1 3 1 1 7 1 0 16 10 5 0 13 1 11 9 3 5 1 0 0 6 4 5 3 1 0 1 0 0 0 1 2 2 8 
0 2 1 0 0 1 3 0 0 0 0 0 10 1 7 0 1 92 7 24 4 7 5 3 194 13 0 3 1 11 6 3 1 0 0 1 0 10 1 4 0 223 5 232 20 0 10 9 1 7 3 4 1 3 0 13 10 14 0 0 0 4 0 1 
1 3 0 2 0 16 0 7 11 2 0 3 42 0 1 1 0 0 4 4 14 9 2 0 0 517 2 30 0 0 1 2 1 23 1 2 1 5 2 3 0 26 4 0 0 1491 3 8 1 4 2 6 7 0 28 6 4 0 2 6 0 30 0 1 
12 3 0 5 8 0 253 0 6 0 0 1 0 2 0 0 9 0 3 12 8 0 10 1 2 3 14 28 1 4 1 166 1 0 0 0 3 0 0 0 0 3 7 13 6 1 2 1 3 0 6 34 0 0 2 2 0 0 0 1 1 0 9 4 
0 4 8 1 1 0 0 0 1 34 1 3 5 1 4 0 25 0 57 7 1 0 8 0 7 5 3 29 1 0 0 168 1 1 0 5 17 1 0 0 0 1 7 5 12 7 6 19 2 2 49 2 0 33 1 20 1 0 5 0 7 3 0 2 
43 2 14 0 0 1 0 2 14 3 10 1 1 1 0 0 14 0 1 0 1 14 1 4 0 140 4 2 1 20 2 15 3 0 1 0 6 9 23 1 2 0 5 1 0 0 2 2 0 2 0 0 0 7 3 12 3 0 10 0 4 1 52 1 
5 1 5 14 0 2 26 19 4 11 1 0 14 1 0 2 0 0 2 3 2 1 4 0 1 3 4 0 0 23 0 1 1 2 9 0 22 33 8 4 2 0 0 1 0 7 0 11 0 0 10 3 1 0 0 0 8 0 0 1 10 1 2 136 
4 0 0 6 1 7 0 4 2 1 2 12 0 0 0 7 85 0 2 0 8 0 5 3 0 10 0 4 3 31 16 0 3 1 0 1 6 3 0 330 19 4 0 1 0 6 4 3 15 0 9 0 0 2 2 1 1 18 4 2 1 5 0 32 
9 1 1 0 1 34 8 0 14 0 0 2 3 34 0 37 32 0 2 3 0 0 1 3 6 0 7 32 6 2 8 8 8 48 0 6 4 4 4 5 0 0 11 13 2 11 4 7 1 3 4 4 0 3 3 0 5 9 1 2 4 0 0 11 
3 0 91 0 2 23 1 2 125 6 0 13 0 0 0 1 1 91 0 1 16 37 2 1 38 1 12 0 7 5 1 0 0 0 4 1 0 1 2 2 2 1 2 0 2 3 1 0 0 5 1 5 1 2 0 22 7 3 13 0 8 0 6 2 
2 0 0 0 0 0 5 24 1 4 9 4 1 0 0 1 5 21 0 2 0 0 1 5 1 8 0 0 0 0 17 2 5 0 0 5 4 15 3 4 10 127 1 0 2 39 3 0 1 5 7 0 0 17 14 21 24 3 42 1 7 0 0 11 
12 0 27 2 0 3 5 0 2 0 4 3 0 0 0 1 3 0 92 1 221 12 0 0 57 1 0 5 0 1 7 71 0 0 10 0 21 0 1 10 3 6 0 1 1 1 0 0 1 3 0 1 1 1 2 1 8 1 3 1 0 1 0 10 
11 0 2 1 52 3 12 11 3 0 7 30 0 14 0 8 0 10 3 4 1 0 1 1 91 0 0 2 6 12 1 3 1 5 2 1 48 0 1 3 2 16 0 3 1 1 0 205 0 0 2 8 4 5 0 1 2 32 21 0 20 2 2 2 
5 2 6 0 2 10 1 1 0 1 4 6 26 0 3 1 295 4 7 4 3 0 18 4 0 0 18 3 1 0 8 6 0 0 0 3 1 6 1 0 3 0 0 3 3 1 5 0 1 8 1 9 24 18 9 1 1 1 20 0 1 0 2 9 
2 3 0 0 17 1 68 83 10 1 0 0 0 7 55 1 6 10 3 1 1 1 0 0 5 0 3 99 1 4 20 1 10 0 3 1 44 0 1 0 0 0 1 23 0 16 2 0 6 0 105 0 0 0 1 3 0 16 0 0 7 5 0 16 
1 1 0 15 0 0 0 0 0 2 4 0 3 2 3 0 111 9 3 4 0 8 5 25 0 2 0 1 4 7 7 6 4 1 1 0 2 0 0 1 14 0 3 25 0 0 0 34 0 8 27 18 0 26 0 0 0 9 1 3 24 6 3 0 
0 1 153 0 0 2 0 2 0 11 1 0 3 0 1 8 0 26 1 24 2 32 0 64 3 18 4 2 89 0 1 25 8 10 0 28 50 19 0 2 0 1 1 1 6 0 12 0 0 3 0 1 0 1 2 1 1 0 2 0 0 0 10 1 
7 1 0 2 0 1 3 2 7 5 0 143 1 1 1 0 22 3 38 2 0 33 8 0 0 0 0 0 0 1 21 0 0 2 1 3 3 5 0 3 1 0 2 3 0 0 2 251 10 0 1 4 1 6 1 0 86 13 11 1 0 2 8 2 
1 1 1 1 1 0 10 0 28 49 13 1 4 1 1 48 8 0 0 2 1 0 1 0 2 1 0 8 4 62 0 1 1 10 0 2 0 6 7 6 11 3 1 6 306 0 10 1 5 2 8 9 2 2 32 4 53 1 5 7 6 0 0 26 
1 0 0 0 18 2 7 3 5 8 6 0 1 0 2 1 5 1 0 1 1 0 1 5 4 12 7 79 6 3 27 19 0 0 1 2 4 2 1 0 0 16 2 1 2 7 1 1 4 3 3 8 0 20 5 72 0 67 4 49 1 0 0 0 
9 1 1 3 9 1 7 1 2 0 22 3 0 4 4 3 0 0 0 3 27 6 36 5 1 1 0 0 3 9 2 6 18 0 6 1 0 0 7 2 2 3 4 3 1 12 0 0 0 1 0 2 0 0 3 3 57 6 4 2 1 0 2 5 
3 2 22 2 1 0 1 0 40 0 0 4 3 2 51 10 48 0 0 3 5 4 2 12 17 0 5 1 8 0 102 0 0 43 0 4 0 2 4 4 8 1 22 3 1 5 11 0 0 3 6 3 6 0 4 0 0 5 0 31 0 0 1 20 
0 4 101 0 12 1 9 1032 3 1 7 7 1 0 0 0 0 8 1 0 24 0 1 7 1 1 5 2 0 0 8 0 0 0 2 2 1 48 1 5 9 4 0 2 6 8 10 2 0 5 9 7 3 2 5 1 6 0 1 2 4 0 4 1 
0 0 2 1 0 1 3 1 1 1 2 0 5 1 29 0 0 0 0 3 7 2 1 2 0 38 2 0 0 4 2 33 19 4 0 1 6 3 29 4 8 0 15 7 0 2 11 31 0 0 1 4 9 0 0 6 3 1 0 1 8 0 0 10 
8 0 1 3 2 0 2 38 6 1 0 1 0 0 6 55 2 0 4 4 2 1 24 5 213 20 226 0 7 31 15 2 7 11 15 22 0 1 0 29 1 4 8 0 1 272 17 0 2 6 6 0 0 0 1 0 3 30 1 0 1 31 0 3 
1 10 25 0 0 0 0 0 1 1 1 0 0 10 360 12 4 2 1 1 2 0 2 4 1 4 0 3 4 1 0 1 5 0 1 1 0 0 2 3 0 10 0 2 4 0 0 2 351 2 0 0 0 0 0 66 0 0 0 0 1 2 2 2 
0 6 1 6 0 17 0 0 178 0 12 3 3 1 2 2 9 48 5 1 10 3 1 1 1 3 2 1 4 1 7 2 10 4 0 6 1 0 0 30 9 2 2 5 44 0 0 15 0 2 2 22 3 0 4 0 7 0 8 1 0 6 4 1 
1 0 8 108 1 2 13 2 2 29 0 25 1 1 1 19 0 2 4 1 0 9 0 1 1 6 3 0 0 27 10 8 10 0 1 2 1 0 11 0 1 1 1 0 8 9 15 2 2 6 0 16 0 23 7 7 1 0 6 0 0 0 13 0 
0 464 0 1 1 0 1 1 0 14 3 0 1 23 0 3 6 0 1 1 0 0 6 6 67 4 0 5 12 0 28 0 25 20 0 0 0 0 2 0 0 0 7 0 191 10 2 9 4 0 5 7 0 1 9 13 0 4 0 0 2 1 4 0 
1 0 8 16 2 1 4 3 0 11 2 13 6 1 26 16 0 0 14 0 1 9 4 0 2 8 22 0 59 0 3 38 0 4 6 1 2 2 16 0 0 3 2 0 9 8 0 1 2 5 1 3 2 0 24 0 0 2 2 0 2 1 0 0 
5 9 1 0 1 1 2 1 8 13 0 4 9 2 4 19 0 11 0 7 8 1 0 1 3 1 0 1 7 1 0 6 0 115 8 1 0 1 7 0 0 6 0 51 0 1 2 3 24 0 41 6 1 2 1 19 4 5 2 1 0 0 1 0 
2 8 9 2 2 4 7 7 3 12 1 1 1 0 0 5 121 0 0 2 0 2 3 12 0 11 4 3 9 1 15 1 2 0 4 8 0 2 6 0 4 1 35 2 2 3 0 1 2 0 0 73 0 19 0 0 17 0 2 2 2 1 0 1 
8 6 3 1 2 64 12 4 0 11 1 0 20 10 2 1 3 3 3 0 0 0 0 0 3 1 0 21 9 0 6 1 13 1 0 2 0 0 1 1 118 1 2 0 5 1 0 2 0 46 0 0 0 1 0 9 0 7 0 1 1 9 3 1 
2 3 1 6 6 0 6 0 2 1135 2 0 38 25 2 42 2 11 15 0 3 0 5 1 1 66 0 1 6 14 12 1 0 0 2 6 0 0 2 1 11 0 24 0 3 15 4 8 0 0 0 3 0 9 18 1 11 7 3 20 0 8 0 5 
0 2 1 0 28 2 1 4 0 6 10 0 22 5 1 0 7 15 3 11 1 20 0 1 2 1 3 1 0 0 1 0 0 0 28 1 2 1 0 4 2 0 25 0 8 7 3 188 23 1 3 8 0 2 1 4 5 0 1 2 1 1 7 0 
2 5 4 23 17 0 2 1 1 0 6 1 0 5 0 44 0 4 6 0 1 2 2 0 1 10 2 0 1 69 31 0 5 733 24 4 1 2 10 7 4 15 12 155 13 0 12 0 9 6 1 24 2 9 0 3 4 0 1 0 11 3 5 0 
6 4 27 31 4 3 5 0 0 8 2 6 32 5 3 6 0 2 5 0 1 120 0 0 0 1 0 2 8 21 5 3 0 9 2 0 1 0 2 6 1 0 4 1 0 9 1 4 1 7 4 162 2 3 1 3 5 0 0 4 7 0 1 4 
1 10 22 9 2 0 0 2 3 0 5 0 22 5 5 3 9 5 3 0 0 1 2 0 12 12 8 6 1 6 0 0 1 3 0 1 1 0 3 1 1 1 1 1 4 0 7 5 1 22 1 1 0 0 4 2 0 1 2 1 3 5 5 0 
1 0 47 0 1 1 0 3 10 4 2 3 8 1 0 6 2 2 1 0 0 1 0 30 9 4 4 1 2 3 1 0 2 1 1 3 20 1 0 0 1 25 4 3 6 79 6 6 0 0 0 1 65 2 11 1 3 9 1 2 4 54 13 7 
0 3 14 1 0 0 0 0 15 1 1 1 1 7 0 0 3 15 1 20 2 2 4 14 11 5 0 0 1 4 1 0 1 0 0 0 0 0 49 7 2 3 26 0 3 3 1 9 1 0 1 1 1 1 12 13 7 23 7 0 0 2 2 5 
2 12 0 13 0 8 10 1 10 3 4 18 84 1 0 10 0 0 1 5 1 0 1 0 7 0 2 0 0 0 31 22 1 28 3 0 2 130 0 1 1 2 6 24 2 5 3 11 8 7 0 0 7 10 2 6 1 0 2 1 37 22 5 10 
0 12 3 0 4 18 0 1 4 0 2 1 0 0 0 2 1 2 14 3 0 1 1 0 4 0 0 0 5 9 6 4 0 0 0 8 5 5 2 1 0 1 0 2 6 6 25 1 3 1 1 2 4 2 3 1 15 0 2 1 6 2 9 23 
3 0 2 0 7 9 7 0 0 7 4 2 1 1 0 3 27 2 1 0 0 18 2 7 8 2 1 1041 4 2 7 9 0 6 4 1 11 1 28 2 0 7 4 1 1 0 1 153 1 1 0 2 5 13 1 5 4 0 0 1 1 0 2 2 
5 12 1 18 2 10 4 5 6 3 2 0 40 7 0 1 3 1 1 2 2 0 9 1 0 0 8 7 26 1 0 14 1 0 12 25 0 3 2 2 1 2 6 27 4 1 0 1 0 0 24 0 2 12 1 0 0 17 1 0 0 1 6 0 
2 4 16 0 10 1 0 5 1 0 7 11 2 4 4 2 0 26 0 2 6 0 0 0 55 34 40 0 0 1 1 13 4 0 0 2 0 3 1 0 0 0 5 11 5 2 0 2 1 3 9 4 15 31 0 4 1 3 0 0 2 0 1 0 
263 11 2 1 4 3 1 1 5 0 2 0 9 0 0 25 0 4 3 0 22 3 2 25 1 0 10 0 13 1 6 3 0 2 3 0 3 2 1 2 2 6 0 6 3 5 0 5 0 3 1 0 2 1 2 71 3 20 6 1 2 0 1 1 
14 4 1 1 2 0 6 4 0 1 1 2 0 40 0 7 0 0 418 0 0 460 1 306 1 0 0 0 1 9 3 1 3 9 0 0 36 5 11 2 4 0 1 11 241 0 13 5 6 11 8 0 0 0 1 2 3 0 2 11 1 0 1 0 
1 0 2 262 4 0 1 0 0 3 2 3 0 4 2 18 0 40 5 1 3 1 5 1 0 5 57 8 0 11 0 7 0 10 150 1 0 3 4 9 0 0 11 1 77 0 3 5 7 11 1 0 0 2 1 10 0 5 0 25 3 115 21 0 
2 9 3 0 82 7 0 0 3 5 1 1 1 11 2 26 1 0 5 0 0 2 0 2 2 3 3 24 0 0 3 6 2 0 2 0 37 0 5 0 0 0 9 3 19 0 0 4 1 0 7 1 0 0 5 28 2 7 0 6 3 8 2 1 
0 0 5 5 0 0 6 0 1 3 0 4 2 1 0 8 1 1 231 0 4 189 21 0 3 0 12 10 1 3 5 10 9 2 1 0 9 0 7 1 7 0 0 1 0 1 538 26 0 0 46 8 4 2 7 1 0 27 9 2 0 0 0 1 
10 1 1 1 0 1 1 0 6 1 11 25 2 14 0 0 0 2 2 1 3 6 58 1 3 2 0 8 2 2 0 1 12 0 48 1 2 0 1 6 1 2 1 85 0 1 5 59 1 3 6 7 1 1 1 1 1 116 0 1 3 33 11 4 
12 63 0 0 4 20 3 0 3 2 2 12 17 1 1 0 0 3 25 0 2 8 5 11 2 21 1 12 0 19 2 0 2 1 1 1 14 9 1 2 1 1 0 145 0 6 5 1 17 0 8 8 0 1 1 0 1 5 10 0 1 2 3 8 
2 0 1 0 3 2 0 2 1 0 0 6 1 1 1 1 2 7 3 4 4 0 0 4 2 10 22 5 0 11 1 0 1 0 0 12 1 13 2 89 1 0 1 16 1 0 2 11 7 1 34 2 0 0 19 3 1 0 11 1 0 6 1 5 
0 24 1 5 14 7 0 0 1 8 4 16 0 8 1 0 4 1 7 7 15 0 1 14 0 16 0 1 2 0 0 0 5 2 7 89 7 1 0 1 0 37 1 1 1 16 17 44 9 0 2 2 0 8 2 4 14 0 7 0 0 3 3 0 
7 6 7 30 0 0 4 11 16 0 20 2 0 13 2 3 4 2 2 2 58 26 18 2 48 2 4 3 7 0 0 1 0 3 9 20 0 0 3 10 0 20 103 1 1 0 0 0 0 0 9 0 3 0 159 2 1 3 0 0 5 10 7 1 
4 0 0 0 8 0 8 1 0 0 5 0 4 0 25 1 2 3 2 9 4 1 1 0 0 1 0 0 35 2 4 27 0 0 0 0 2 7 0 4 10 4 27 1 0 0 22 2 11 7 1 0 4 5 0 0 26 1 2 1 0 1 6 2 
3 1 0 15 2 1 0 1 0 24 3 1 4 265 0 1 0 0 4 58 0 0 5 2 0 4 1 1 0 0 10 7 10 4 8 9 0 2 0 3 0 2 69 0 6 7 1 23 7 1 0 0 0 0 0 0 0 3 1 19 1 7 2 3 
17 18 2 7 0 4 0 41 32 3 0 0 3 0 3 1 6 2 3 2 2 11 1 6 44 27 2 1 5 2 3 2 0 3 0 1 2 0 4 0 2 3 0 0 1 1 13 1 4 3 5 0 1 889 23 0 0 30 2 1 3 5 0 6 
1 20 2 14 95 0 3 3 3 5 2 1 0 9 0 12 69 1 1 44 1 11 0 6 10 1 17 346 1 0 5 0 0 1 1 0 1 1452 1 0 18 11 0 2 0 2 2 5 0 3 1 8 0 0 21 1 29 214 0 20 0 3 1 0 
12 0 10 0 2 0 11 20 0 6 3 1 1 4 85 0 3 2 5 3 0 1 1 7 130 0 4 81 8 5 1 4 1 1 2 7 1 0 2 2 43 0 1 0 0 11 8 4 7 2 3 0 1 9 0 0 3 0 1 0 17 2 0 45 
0 0 0 1 17 0 2 5 3 10 2 4 1 20 6 3 0 3 0 6 1 0 2 0 0 0 0 0 61 0 1 1 1 5 2 2 1 0 1 0 0 1 1 4 1 2 25 0 6 0 4 8 0 1 1 2 0 6 1 2 1 29 13 1 
0 0 1 1 6 1 1 3 0 3 0 1 0 2 0 2 0 0 0 13 646 0 40 4 28 7 0 26 0 0 5 3 1 5 4 42 97 4 19 4 5 6 0 29 1 45 3 1 316 3 3 0 0 1 0 2 4 4 1 6 0 2 0 14 
110 1 1 0 48 1 30 4 8 144 0 88 9 8 1 0 2 7 12 0 1 1 1 10 54 23 10 0 4 11 5 0 28 1 5 14 1 6 10 0 8 2 0 0 4 0 0 0 14 0 5 6 2 7 11 0 2 1 2 1 20 1 1 1 
164 0 23 29 15 1 1 1 0 17 2 1 1 1 12 0 31 6 1 0 5 1 0 31 4 22 20 2 0 0 2 8 0 2 36 2 0 1 5 6 3 0 244 21 6 0 5 26 2 11 9 9 19 0 1 10 1 0 43 0 160 17 3 6 
1 13 13 0 12 1 27 0 5 8 0 3 3 15 12 17 1 16 4 0 0 0 11 1 12 6 5 1 0 126 1 7 3 0 0 1 0 1 2 2 13 0 0 6 1 19 146 1 1 12 0 2 2 0 0 3 1 1 3 13 0 1 0 1 
8 10 0 13 10 1 3 0 40 0 1 0 8 0 0 0 9 10 4 1 62 0 0 2 16 15 0 2 1 0 0 0 0 1 1 0 0 2 0 0 5 3 62 1 0 15 466 1 0 7 0 0 2 0 8 0 0 27 0 4 1 96 2 1 
0 0 5 4 11 8 0 0 0 1 92 1 17 2 0 3 0 1 0 3 5 1 5 58 3 1 3 0 1 2 7 26 3 1 7 7 4 1 9 3 196 13 4 0 1 2 0 6 11 0 2 0 1 3 28 0 1 2 0 3 0 1 0 1 
13 1 4 1 5 0 2 2 0 1 0 2 1 0 2 2 1 11 1 0 22 2 0 1 0 1 0 0 2 2 0 0 1 1 10 1 6 34 1 2 20 19 1 27 0 1 1 3 1 1 1 19 0 1 14 1 3 0 2 1 4 6 1 0 
3 0 1 2 0 1 3 1 5 6 230 0 0 131 0 9 0 2 13 0 124 6 4 2 1 0 110 44 1 1 1 8 9 1 0 20 2 5 2 41 0 0 27 1 0 2 17 1 2 0 15 0 4 6 0 0 1 0 37 0 1 5 0 9 
7 10 0 1 1 1 7 1 0 1 0 4 6 2 1 2 472 0 0 1 0 0 3 1 0 0 5 0 1 0 0 8 0 23 3 22 0 2 0 0 0 24 0 1 2 1 1336 0 0 0 6 0 1 0 3 1 1 5 0 0 0 12 0 47 
1 25 9 5 89 18 1 1 2 3 6 2 0 1 1 4 5 0 2 6 46 0 0 6 3 0 5 2 0 2 3 23 1 14 530 1163 2 5 13 13 2 333 9 8 0 2 0 1 1 0 0 4 38 2 0 0 1 0 0 17 0 9 0 9 
1 0 5 1 1 0 0 87 8 2 2 1 2 0 1 8 34 0 0 0 1 1 2 1 0 5 4 0 14 2 0 4 10 22 1 0 1 1 3 11 1 18 0 2 0 17 8 0 0 2 7 0 2 0 6 2 47 1464 0 1 1 6 0 7 
21 7 1 7 0 5 0 1 1 7 4 6 2 1 1 1 10 3 1 0 3 0 0 1 0 0 8 1 1 11 0 0 0 13 1 2 0 3 13 0 0 14 1 26 1 4 4 0 0 0 0 5 10 0 14 3 0 1 2 1 0 2 0 3 
0 5 0 12 1 2 1 0 0 0 4 0 11 0 15 0 1 6 15 75 2 2 0 0 0 2 7 1 2 40 32 15 218 4 13 1 4 2 3 1 2 11 0 0 3 0 6 0 0 2 0 0 0 5 3 19 5 0 1 2 2 2 37 16 
0 0 0 14 6 9 0 0 0 0 0 1 10 3 20 0 0 1 1 3 4 3 6 12 303 0 0 30 3 0 1 0 2 1 10 0 3 10 3 98 1 3 6 1 7 7 1 22 0 0 1 0 12 0 8 11 4 0 1 2 3 4 8 0 
0 1 31 8 0 0 1 1 3 2 11 0 0 0 1 6 2 19 3 0 3 5 2 2 20 0 0 89 50 0 0 7 0 38 1 0 2 4 2 1 1 0 4 5 3 0 1 0 7 2 1 10 4 7 2 9 7 0 1 24 8 0 2 0 
0 12 0 18 0 267 0 7 45 2 3 6 2 7 3 2 0 0 6 0 0 9 2 1 0 9 5 7 0 1 2 1 5 59 0 9 2 50 0 1 12 0 83 0 0 2 0 82 1 12 1 1 8 2 1 1 0 43 2 0 0 1 0 0 
1 40 241 2 0 0 0 27 0 2 4 1 2 9 5 0 0 0 1 0 1 4 6 1 9 3 2 4 11 2 1 1 4 0 11 6 1 2 2 1 3 5 0 0 0 0 0 1 1 0 3 54 1 0 30 0 1 2 5 3 1 0 1 1 
0 0 1 2 0 0 2 24 0 10 44 9 52 5 10 4 0 5 2 0 0 0 11 0 0 0 29 7 1 0 0 1 2 1 3 52 0 28 34 5 2 24 1 5 1 3 13 11 8 285 2 0 1 2 3 2 3 129 0 218 0 8 4 1 
1 0 4 11 0 3 0 8 52 1 9 15 2 0 0 1 0 4 1 1 2 1 0 132 7 0 2 46 133 2 5 9 0 1 13 5 3 0 1 5 0 6 7 7 27 6 1 82 2 0 0 3 1 30 55 0 8 2 1 1 1 1 0 41 
2 0 0 23 1 57 0 1 0 3 2 0 6 0 5 1 1 1 73 2 12 100 20 20 0 9 1 6 0 2 0 0 1 1 1 0 1 0 0 4 1 13 3 2 0 3 12 0 0 4 61 4 2 1 0 0 2 7 9 1 0 466 2 0 
0 104 0 2 2 1 11 4 1 0 1 0 29 0 1 1 0 5 0 19 1 1 0 35 0 0 5 12 1 4 29 0 19 0 1 1 1 2 294 10 9 4 0 5 0 29 2 6 7 5 3 16 2 12 0 12 16 0 1 0 116 5 0 0 
6 0 31 5 3 1 1 1 0 1 13 0 2 1 3 13 1 0 6 10 3 1 1 3 0 1 0 4 1 7 25 1 1 0 6 25 0 0 0 2 2 10 505 9 1 2 10 0 3 29 0 109 3 0 0 5 0 13 0 0 21 0 9 0 
0 3 106 180 1 3 1 0 0 11 0 3 2 7 2 0 0 4 1 1 0 5 2 0 3 0 2 0 3 1 11 0 3 5 0 3 1 1 3 0 67 4 0 52 27 0 12 3 1 9 47 98 0 18 0 0 2 0 0 18 4 1 38 78 
1 2 28 2 2 0 1 2 0 3 0 1 1 13 2 0 10 11 1 1 6 0 0 1 3 1 5 0 1 13 0 25 7 8 46 2 5 0 3 5 32 3 50 0 0 13 1 2 6 1 29 3 2 7 0 0 4 10 6 2 2 8 34 4 
0 1 3 2 2 1 14 7 8 0 0 1 2 5 1 1 0 8 0 18 3 44 1 0 4 1 4 12 4 0 0 0 5 2 0 1 38 17 137 6 1 2 42 6 0 0 19 0 8 6 1 5 20 16 1 0 2 3 1 8 2 13 0 11 
1 0 0 0 0 1 3 2 2 1 6 12 1 0 1 10 2 15 34 0 5 2 5 1 12 20 10 0 0 1 66 2 2 7 7 7 1 0 2 2 5 27 1 18 7 2 6 0 20 2 0 1 9 1 5 2 5 28 6 5 0 17 3 0 
1 0 0 4 0 1 0 6 0 1210 5 0 1 0 12 0 15 1 2 8 213 6 0 1 1 0 27 15 0 677 0 0 2 0 0 63 0 1 5 5 4 6 40 0 1 0 4 2 3 5 20 204 10 7 3 16 2 5 11 2 0 6 3 1 
0 14 7 0 9 1 2 6 18 2 1 0 1 1 11 42 3 18 0 1 0 1 1 0 1 28 5 0 71 0 2 6 26 437 15 1 14 1 1 0 1 55 2 7 12 21 7 67 3 0 4 1 0 4 6 0 1 0 1 0 1 25 3 0 
1 1 2 11 5 1 0 13 0 4 9 12 1 0 0 19 2 1 4 1 1 5 2 3 14 5 7 1 1 1 1 1 1 1 49 5 0 3 31 3 1 4 11 1 2 0 1 2 0 11 4 4 0 0 1 0 2 6 4 1 0 108 13 1 
0 3 5 34 2 6 11 1 0 2 11 7 0 11 7 0 0 18 0 1 8 0 0 0 2 101 11 0 13 6 0 3 0 6 33 12 5 2 0 5 1 6 13 7 7 23 9 1 2 3 8 2 6 0 0 0 221 0 5 6 4 34 2 1 
0 0 3 0 0 0 0 1 0 6 11 11 1 1 18 0 0 5 1 3 3 0 1 1 10 2 6 16 2 0 58 2 113 0 0 1 4 2 2 1 0 3 3 3 1 0 5 1 0 0 0 2 29 2 1 1 0 0 0 0 3 1 12 0 
0 1 2 0 0 2 38 0 0 0 0 8 0 1 44 142 3 0 8 0 3 5 140 1 8 0 0 1 4 1 3 10 0 0 0 3 9 1 0 1 12 0 1 5 0 1 6 0 2 11 0 6 29 2 9 1 6 0 6 6 2 1 0 0 
5 68 0 0 4 5 1 2 7 20 3 3 6 11 1 0 4 7 0 0 1 6 0 0 2 1 9 0 0 11 5 6 2 1 34 1 0 0 11 0 11 6 0 3 5 5 8 1 0 20 4 3 0 0 0 10 41 1 0 0 1 2 1 2 
6 2 0 2 0 14 0 7 225 6 1 0 12 1 34 6 18 3 0 2 3 8 0 0 2 58 8 7 0 15 0 13 0 224 9 3 2 8 214 0 0 1 17 0 5 1 0 1 0 0 1 44 2 1 0 0 5 2 3 0 2 0 0 0 
6 0 2 2 0 9 1 0 2 0 9 17 1 3 0 46 7 5 3 212 0 6 0 0 1 0 1 1 11 2 1 0 6 1 0 71 14 0 46 0 0 1 4 14 1 16 0 0 4 232 0 20 34 45 1 1 53 40 0 4 14 1 13 1 
3 1 0 5 5 61 0 30 0 5 0 0 5 1 3 0 1 0 1 14 0 7 0 3 2 5 2 1 1 2 0 4 7 1 2 1 9 6 3 0 11 0 0 0 133 0 6 0 11 1 10 1 0 2 0 2 1 0 23 1 6 1 0 0 
1 5 3 9 1 1 0 3 0 7 8 239 0 1 13 0 0 2 4 0 3 108 2 3 1 0 2 7 0 9 10 0 5 10 0 2 11 0 5 0 0 37 5 7 0 0 21 0 1 1 0 3 0 7 2 0 17 1 1 6 3 0 0 0 
15 1 1 0 1 0 5 27 1 1 0 3 1 0 6 5 1 1300 1 0 1 3 15 3 6 0 4 5 6 3 0 11 7 9 1 53 0 10 0 21 2 0 2 4 1 4 1 14 4 0 0 14 2 0 1 5 5 20 3 6 2 0 9 0 
3 7 1 2 0 20 12 2 0 2 0 8 11 3 0 7 2 1 2 1 0 1 17 24 1 1 0 1 0 3 0 0 27 5 33 9 0 2 1 4 0 2 0 2 1 1 9 1 0 0 0 11 0 3 1 0 29 0 0 1 0 0 110 4 
0 0 0 3 3 3 0 10 4 6 0 2 1 0 1 319 0 3 22 0 0 2 7 1 0 0 1 9 0 1 16 2 1 3 3 534 26 0 1 0 2 1 2 12 13 1 0 4 4 5 2 1 17 11 0 7 5 2 10 1 1 0 2 0 
1 5 2 26 0 8 21 1 0 3 5 0 7 1 2 1 0 1 1 1 0 1 2 1 0 27 0 6 0 8 1 1 7 2 1 4 28 472 0 5 1 2 1 0 17 2 0 2 0 0 214 5 0 45 1 2 0 74 10 1 1 24 5 0 
1 21 3 15 1 10 0 1 3 1 0 1 14 5 2 7 0 0 3 17 6 197 13 0 6 2 0 2 11 7 40 1 148 2 0 2 3 0 4 0 22 3 11 4 7 0 0 160 7 0 0 73 0 4 0 1 1 0 8 2 0 0 61 15 
3 2 0 37 0 7 1 29 1 17 0 0 4 13 12 3 8 3 1 10 2 1 0 4 2 10 13 0 1 1 3 0 3 14 0 0 13 2 5 1 0 5 0 3 5 3 8 0 13 0 3 1 1 0 8 1 1 2 44 0 2 1 0 3 
196 0 6 0 9 2 0 9 7 1 2 0 2 6 2 1 2 6 2 0 4 27 19 1 3 1 1 1 1 11 0 0 4 0 2 0 17 1 7 7 0 1 6 1 0 12 2 0 0 0 0 4 0 5 7 1 35 4 16 246 11 103 1 4 
0 0 0 9 0 33 0 3 1 0 4 7 1 31 11 5 2 1 0 31 5 1 4 0 0 1 0 1 0 3 7 15 1 0 0 16 0 0 1 0 26 0 1 2 47 1 11 8 0 8 2 8 0 0 23 48 13 0 7 0 0 28 4 1 
40 2 0 1 1 4 0 0 10 2 0 0 10 5 10 3 2 11 1 1 0 0 2 4 19 22 0 1 15 3 0 25 0 0 1 1 0 2 5 4 2 50 1 3 0 30 67 0 9 13 0 1 5 0 47 0 5 9 0 0 11 0 3 0 
4 1 99 29 1 10 0 1 0 0 5 322 0 1 3 36 2 0 1 8 0 18 102 2 0 1 182 0 0 0 64 3 4 0 8 1 1 4 3 0 3 1 48 1 3 0 20 5 10 0 62 0 2 6 0 1 61 0 15 3 3 2 11 10 
1 7 4 1 0 0 0 0 148 0 1 1 0 1 4 0 0 2 293 2 3 1 23 0 15 1 0 0 220 7 1 2 24 5 1 1 10 12 4 2 40 1 3 1 3 5 6 4 12 2 3 4 6 10 0 31 0 8 0 2 2 0 72 0 
21 3 1 0 0 2 1 8 0 1 1 0 0 0 14 6 35 15 19 4 0 13 12 0 44 0 0 318 0 1 3 9 2 1 55 1 10 4 40 0 0 0 0 0 0 0 0 1 55 0 0 1 0 19 0 6 4 15 2 63 1 2 0 0 
0 19 0 0 2 1 14 2 1 0 0 9 8 0 1 0 2 1 13 3 20 0 1 2 0 0 72 0 0 5 0 68 1 1 1 0 0 3 3 3 2 16 1 5 9 1 3 0 0 5 6 1 0 1 4 1 5 353 1 0 2 1 13 3 
1 48 0 1 0 1 0 21 7 1 19 4 44 2 13 10 0 1 1 0 0 10 0 15 16 107 11 2 2 0 8 4 10 0 1 0 1 38 0 0 1 3 2 1 32 1 0 26 17 0 6 4 4 1 1 1 0 0 4 3 0 0 0 2 
0 3 9 1 6 2 0 2 6 0 1 1 2 0 1 2 0 2 1 4 8 0 0 0 10 0 0 0 1 2 4 12 4 28 2 2 0 1 1 6 1 0 25 6 0 193 0 1 1 19 258 4 10 7 0 0 0 0 0 0 1 0 0 1 
0 0 3 12 4 0 6 1 1 0 0 24 1 12 0 0 4 110 0 0 0 0 8 0 4 9 1 0 25 0 1 7 3 8 1 1 4 0 5 7 2 0 0 0 0 2 1 21 2 6 1 12 40 0 6 0 0 1 3 7 3 1 0 1 
4 17 1 3 1 0 1 6 1 0 0 0 8 3 4 28 3 1 37 0 1 158 1 2 225 29 7 0 0 2 2 0 4 0 5 1 23 0 0 0 5 9 0 0 0 8 0 28 1 2 52 6 1 3 0 6 2 1 5 9 0 3 0 0 
119 1 3 9 8 7 0 5 1 0 1 22 6 0 0 11 2 5 1 0 1 14 0 364 1 3 4 0 1 0 4 3 0 8 5 4 5 0 1 2 24 1 4 0 16 8 1 1 1 18 1 26 6 19 0 64 9 13 0 7 15 1 69 0 
125 5 1 8 0 0 1 5 4 0 2 1 5 3 1 3 0 0 3 79 2 1 0 0 0 1 2 0 5 15 116 61 0 0 7 0 1 29 10 0 0 31 0 2 0 1 0 6 44 2 0 67 0 3 1 0 16 0 0 3 1 1 38 25 
0 6 1 2 2 5 0 0 25 0 2 0 77 1 0 6 12 19 1 65 0 2 2 2 0 0 1 17 1 5 6 0 0 25 2 1 2 0 1 1 9 4 3 7 46 0 6 1 23 3 2 2 8 1 178 0 3 3 0 3 5 6 1 1 
2 1 1 8 0 11 0 1 1 0 5 0 0 20 20 0 1 2 2 1 37 7 0 7 5 6 0 0 1 2 0 8 5 7 5 0 2 0 21 1 0 3 20 8 0 2 4 0 5 11 0 0 8 17 0 2 17 0 2 18 0 1 0 27 
3 7 5 1 7 0 10 0 0 2 0 0 0 12 0 3 5 0 2 0 4 1 20 0 1 2 1 11 0 12 12 0 1 2 3 2 30 1 3 5 2 3 0 7 34 0 0 7 3 7 0 2 2 5 1 0 0 0 3 0 13 4 6 1 
1 7 0 5 0 26 5 23 30 13 2 2 2 3985 6 0 0 354 5 6 2 0 0 2 17 0 312 5 18 1 0 5 0 3 10 0 1 2 0 0 2 10 12 0 0 7 21 41 0 0 12 0 2 0 1 0 20 0 3 8 0 0 2 5 
36 2 484 4 2 2 1 4 12 2 7 10 0 11 3 11 1 75 0 2 1 0 1 0 5 0 2 1 50 1 0 4 5 0 9 25 6 2 21 0 1 3 0 1 1 1 1 0 3 0 13 0 1 1 0 0 15 0 0 7 0 7 1 0 
2 0 22 0 9 0 40 22 21 0 1 0 2 32 3 1 14 10 36 10 0 1 1 1 25 13 0 3 0 0 29 4 7 0 25 0 0 2 2 50 1 51 0 4 0 6 2 0 7 0 0 2 1 1 8 0 1 1 8 0 0 1 14 7 
12 1 3 0 1 12 35 0 8 1 0 0 1 2 7 0 6 7 3 0 0 2 3 2 0 2 14 0 0 1 0 14 7 1 3 6 75 2 0 0 1 7 0 0 4 56 3 2 0 5 10 0 1 3 1 3 4 0 21 2 4 1 2 2 
5 1 103 0 3 0 1 0 0 2 1 0 0 5 0 1 6 4 0 3 2 4 5 0 7 0 0 3 1 49 0 0 0 1 35 1 73 1 3 1 4 0 2 12 10 2 3 7 0 1 10 2 1 12 0 6 1 0 32 4 4 1 2 0 
0 1 2 0 3 0 0 0 0 13 9 5 1 2 1 5 0 3 1 9 0 0 3 3 3 1 0 0 2 24 0 0 1 0 0 5 2 2 2 1 4 5 4 0 7 2 4 0 0 17 25 0 34 183 1 2 390 3 1 8 0 14 5 1 
0 26 3 0 0 0 3 6 25 18 3 1 0 37 5 12 0 18 0 1 4 0 0 2 17 13 21 41 2 1 1 1 0 0 6 1 5 0 4 2 0 23 1 1 0 3 0 0 0 1 6 0 15 7 0 3 2 0 0 4 0 2 3 0 
118 8 0 1 2 2 1 0 26 6 0 1 0 189 0 54 1 38 1 24 1 1 1 2 0 0 1 0 2 1 3 0 1 2 1 11 1 8 0 1 0 0 1 24 3 275 1 0 0 21 1 4 13 15 2 0 3 0 15 0 7 1 0 21 
2 1 0 1 5 0 2 3 2 3 10 8 2 0 3 10 1 0 7 6 4 0 11 5 15 3 20 0 1 2 0 1 19 1 13 3 2 0 0 0 2 19 22 6 0 10 8 0 0 0 10 14 0 11 2 23 8 4 20 1 82 3 20 3 
4 2 4 12 2 6 7 2 0 0 42 1 48 2 0 12 6 9 15 8 1 8 10 0 1 9 3 0 28 4 1 3 6 4 1 27 0 0 1 6 3 8 1 1 3 0 5 2 8 1 24 12 5 2 0 4 6 16 0 4 9 0 6 5 
0 6 88 0 3 6 3 0 13 20 0 0 8 6 2 0 1 4 1 6 3 0 4 0 2 2 0 21 9 1 1 17 2 0 1 0 2 7 1 5 16 23 2 3 1 12 1 1 0 7 3 5 5 1 11 5 1 2 0 0 1 10 2 1 
12 2 2 3 1 0 33 1 0 4 0 6 0 0 5 43 35 4 2 1 1 0 17 2 20 0 105 2 2 2 97 1 0 18 1 1 35 0 1 1 5 3 8 1 2 4 2 0 7 1 1 75 6 1 2 1 0 6 2 0 12 2 1 2 
5 4 31 716 2 3 0 1 3 7 2 1 3 0 0 1 0 2 0 0 6 0 6 8 8 0 4 5 11 6 0 1 3 8 0 7 0 7 0 18 0 1 26 3 4 7 3 1 0 1 23 0 1 1 1 0 14 0 0 1 0 1 5 4 
1 0 3 0 3 3 3 0 0 0 6 0 1 0 22 8 0 0 1 11 1 1 0 2 1 2 8 0 0 19 2 0 25 0 20 4 2 0 0 6 0 0 0 27 1 0 0 2 7 8 2 0 29 2 0 3 2 0 9 0 20 166 2 4 
11 0 5 392 0 3 1 1 0 0 42 0 1 0 1 3 10 1 0 15 2 24 0 1 5 2 0 1 4 0 4 2 0 0 10 30 0 2 66 0 2 9 1 1 5 3 5 1 0 5 0 14 1 4 54 0 16 1 0 2 2 1 0 18 
1 4 1 71 1 5 6 1 4 0 1 4 11 21 0 0 1 1 0 2 1 6 6 2 8 1 2 0 2 1 1 32 1 2 1 0 0 2 1 0 14 1 1 1 3 7 0 1 2 0 1 1 0 0 0 2 0 0 7 13 1 8 0 2 
0 0 0 8 4 0 2 1 27 4 14 4 5 4 33 0 5 4 8 4 1 0 52 2 34 27 1 1 2 0 1 2 1 3 1 0 27 34 1 15 0 0 2 0 14 1 39 12 13 2 2 3 0 0 1 1 9 3 0 2 7 11 4 37 
2 11 1 4 6 0 0 3 1 1 2 0 0 7 0 1 0 3 0 1 0 24 6 0 3 0 17 0 0 6 2 0 2 0 5 5 1 21 33 4 14 0 0 1 0 0 0 0 115 11 81 5 0 6 2 4 0 0 0 27 0 3 4 1 
141 1 10 10 14 0 5 1 13 0 0 14 1 0 1 24 0 1 6 2 3 11 6 2 5 4 27 3 2 4 3 0 0 51 1 17 7 15 0 14 0 4 0 14 0 0 16 0 1 16 2 45 5 3 2 6 31 7 1 11 2 1 0 18 
16 3 0 48 1 1 13 1 6 0 0 3 2 3 13 169 3 3 0 0 7 1 4 2 4 2 3 0 5 270 0 9 12 1 16 4 0 0 1 0 1 0 17 3 1 1 1 28 0 1 1 1 0 7 1 0 7 17 0 2 3 270 209 7 
0 2 1 27 24 0 36 0 2 0 0 7 4 15 0 0 2 6 2 28 1 2 2 6 1 5 3 16 14 1 1 0 35 6 37 6 7 2 0 10 0 3 6 1 11 2 14 53 9 79 0 3 5 0 7 1 0 2 1 0 5 26 1 0 
1 4 1 2 0 3 0 1 70 0 9 4 2 9 2 28 0 0 31 472 2 0 1 0 0 1 27 3 1 3 1 2 1 1 3 0 6 1 1 3 1 19 19 15 108 0 0 25 9 1 1 1 1 2 64 4 2 0 2 0 7 1 11 0 
0 2 0 0 108 1 23 14 9 1 0 0 9 0 2 2 0 11 0 0 0 26 5 1 0 3 6 0 1 87 0 1 1 20 1 1 3 0 0 0 10 1 0 1 0 3 0 9 3 5 2 31 1 0 13 0 1 7 7 34 7 3 0 0 
2 22 11 0 0 0 11 9 40 6 3 3 54 0 32 3 0 3 1 20 1 13 1 12 2 0 20 52 7 1 7 6 0 0 2 0 23 0 1 0 1 2 3 0 6 15 6 0 32 12 9 3 1 0 0 0 1 3 9 2 0 1 0 0 
1 5 0 9 12 4 1 1 3 18 21 0 21 0 0 16 16 1 39 6 3 12 0 4 0 5 1 1 1 41 1 0 0 0 2 0 0 40 1 7 2 1 10 1 0 0 0 2 2 2 3 4 5 0 7 1 14 0 20 0 1 0 1 7 
54 6 0 8 2 0 1 15 4 1 6 0 1 0 4 3 4 0 1 5 1 0 2 1 1 0 1 8 10 31 3 0 14 0 2 0 3 1 3 11 4 2 0 0 0 0 2 13 0 2 11 2 0 0 0 9 2 0 22 9 17 0 0 1 
7 4 14 1 4 8 2 1 9 0 4 1 1 1 66 11 1 1 0 6 2 5 1 0 5 207 660 0 1 2 45 3 4 0 2 2 1 3 5 0 0 1 18 6 1 9 1 0 93 0 2 6 1 1 26 1 3 2 1 0 0 0 1 119 
21 7 3 6 0 0 6 2 25 0 2 0 13 0 0 1 0 0 7 1 7 1 0 6 1 1 0 2 1 20 4 6 0 0 1 27 44 13 0 0 0 0 50 0 8 16 0 0 0 2 0 15 0 0 25 3 1 0 0 3 2 0 1 2 
7 0 0 0 12 1 0 0 117 7 83 86 10 0 0 0 0 28 1 0 1 92 0 28 4 0 6 3 1 0 2 3 4 3 0 1 4 82 0 1 5 22 3 2 16 0 0 15 6 0 0 42 1 2 2 1 0 24 0 9 8 3 74 1 
3 1 0 19 6 1 0 5 0 43 5 1 0 17 0 20 71 4 8 1 1 0 7 1 0 0 3 0 2 0 4 25 9 2 0 2 0 1 1 0 1 0 1 0 10 0 0 12 5 3 2 2 0 6 1 1 0 1 4 0 5 5 21 6 
0 0 9 0 47 0 9 0 8 2 0 7 6 2 11 0 3 17 0 2 3 8 0 2 20 5 5 0 8 0 5 0 1 1 0 2 1 1 1 0 2 0 7 0 9 0 3 0 2 0 4 62 4 0 1 11 1 20 0 199 2 6 0 7 
0 1 1 1 9 4 11 1 2 1 0 0 4 2 0 28 2 6 0 0 0 0 2 0 1 1 0 12 44 1 1 2 4 16 1 17 0 5 41 8 0 10 7 1 0 0 0 2 14 0 0 0 2 7 3 8 0 4 1 39 6 2 0 7 
0 0 2 1 2 4 102 0 39 0 5 19 22 0 1 7 0 6 0 13 0 2 0 0 0 10 1 2 2 15 5 15 12 0 1 6 0 0 0 15 0 1 0 1 7 1 1 6 71 0 2 1 2 75 0 6 1 1 0 0 3 0 0 0 
5 14 14 3 2 2 0 1 30 1 0 2 7 2 47 2 0 88 4 0 0 1 2 48 6 1 9 9 18 0 4 3 1 0 2 1 0 4 1 5 10 0 0 17 2 0 0 1 5 1 1 0 2 12 3 34 1 1 10 0 0 3 1 6 
2 0 91 2 1 3 28 0 1 2 0 4 6 1 0 0 0 215 0 6 9 1 161 1 6 16 17 2 4 0 0 0 1 2 1 2 0 0 0 11 1 9 1 0 5 12 5 0 6 2 1 0 0 5 1 10 2 0 1 3 5 1 10 26 
3 9 1 6 1 0 1 9 0 6 1 0 25 47 1 1 0 3 2 3 1 1 3 1 29 2 5 1 3 0 0 11 4 0 24 14 1 8 0 41 0 12 4 0 0 0 5 14 8 146 0 10 3 5 4 2 17 1 0 1 1 28 4 0 
6 1 0 0 0 0 0 1 0 6 1 0 7 9 3 25 0 0 111 2 0 2 1 97 0 0 1 4 8 1 0 6 6 14 1 0 30 0 6 0 11 0 0 1 0 1 192 0 1 2 7 0 7 0 1 0 2 1967 0 113 3 0 1 1 
0 14 3 2 2 6 1 0 0 14 0 0 5 2 2 2 1 5 19 4 2 2 1 0 1 1 1 2 3 42 0 1 3 6 0 5 5 1 6 0 1 32 0 0 1 11 33 2 0 1 1 0 0 26 5 0 1 1 0 5 1 1 0 4 
0 7 3 0 1 1 1 3 0 2 10 163 0 107 10 0 0 0 0 49 1 1 1 0 1 0 2 0 4 0 1 3 3 1 7 0 5 2 8 1 4 7 2 1 0 3 3 6 4 10 0 23 8 0 3 0 2 1 2 13 2 26 1 7 
5 0 3 0 0 1 3 10 1 20 3 5 8 1 2 1 8 15 1 125 0 1 2 18 5 1 0 0 3 7 0 10 0 104 4 2 0 13 2 0 18 1 2 2 2 3 1 1 6 0 0 13 1 2 4 1 0 2 11 9 1 3 1 0 
4 16 14 6 2 0 16 4 11 2 6 2 1 3 1 0 8 1 15 1 1 0 2 0 6 3 0 2 0 9 28 15 9 23 5 7 2 3 3 1 1 0 0 10 1 10 31 1 4 12 2 7 0 0 2 0 1 23 1 0 1 223 0 0 
2 0 0 2 1 6 24 0 2 0 1 1 1 2 2 1 3 2 0 0 17 3 0 4 1 2 10 0 3 8 2 1 0 6 1 1 1 0 334 7 0 6 1 11 2 1 1 2 14 0 2 1 2 2 1 0 0 11 6 3 2 2 0 4 
0 3 2 7 1 0 10 19 10 1 1 3 1 12 6 1 0 4 0 1 5 7 1 10 0 4 0 43 14 2 0 6 26 4 1 0 2 159 2 20 0 0 0 0 2 1 4 0 0 0 6 0 1 6 1 9 1 0 5 4 1 1 6 0 
3 294 1 1 1 0 0 0 18 4 7 0 9 19 7 11 31 0 6 14 0 0 0 0 1 0 5 1 0 6 1 1 1 3 2 20 33 10 3 0 2 6 1 0 0 0 7 19 3 0 1 0 12 1 5 3 9 10 13 129 9 0 2 1 
1 6 3 13 783 21 4 2 0 1 1 2 0 6 10 1 3 0 8 191 1 14 0 0 4 2 4 6 2 7 16 0 3 6 39 0 0 0 2 3 1 0 1 1 17 2 10 14 0 33 5 3 2 2 464 1 0 4 4 3 3 1 1 1 
7 5 0 1 4 0 4 0 39 0 0 3 2 1 2 1 1 0 1 2 14 5 0 22 1 0 5 1 0 8 5 0 0 1 0 1 2 8 0 2 17 0 37 0 12 0 1 4 1 1 0 5 0 3 6 3 1 0 11 2 0 5 1 10 
1 16 13 3 4 0 1 1 228 1 0 0 6 1 1 8 0 43 0 33 0 1 0 17 0 3 2 8 22 3 0 1 4 24 4 1 0 5 4 6 1 3 1 2 1 0 2 0 3 9 0 1 0 1 3 0 0 4 42 7 5 4 6 16 
3 3 51 3 333 0 58 1 1 0 2 4 0 12 0 0 6 0 0 1 2 4 110 1 3 7 3 7 0 44 1 4 4 5 2 1 3 0 0 1 1 0 2 1 1 3 94 30 1 2 3 0 0 2 0 10 101 1 1 2 3 7 0 4 
6 0 21 7 84 54 0 0 16 25 1 1 0 35 70 0 0 5 4 6 0 1 0 141 7 13 0 0 21 2 4 0 3 0 3 2 1 3 2 1 1 8 1 0 0 0 1 36 1 211 15 0 0 0 46 0 1 1 0 4 302 1 14 0 
42 3 2 12 22 0 1 4 10 2 1 29 5 5 0 11 21 1 5 3 2 6 7 3 11 3 0 0 0 4 14 8 0 22 4 0 0 120 0 8 14 8 1 2 1 21 1 1 3 3 0 12 6 15 1 5 0 0 5 1 1 1 7 0 
0 0 3 0 1 15 1 2 0 0 0 0 2 1 19 1 13 2 0 0 2 0 0 0 2 172 0 0 7 18 1 0 0 0 0 10 31 6 4 1 0 1 17 0 1 1 1 1 0 0 4 7 6 0 12 0 3 27 0 0 0 2 0 0 
0 1 1 0 1 0 40 1 1 0 1 1 0 22 7 0 6 5 1 20 33 2 3 1 1 11 0 0 10 2 1 6 0 99 0 0 2 4 10 11 1 1 8 0 0 5 0 45 0 10 2 0 3 24 3 0 0 0 0 4 34 8 3 1 
2 3 2 2 41 2 3 0 1 8 1 7 1 0 3 3 16 59 7 5 0 1 0 0 2 5 0 1 1 1 5 13 1 10 5 0 0 2 5 5 0 1 26 2 0 1 1 9 0 2 2 0 15 1 2 16 1 4 0 114 12 7 4 1 
0 0 1 6 0 1 7 0 51 12 0 0 5 1024 1 1 564 11 1 2 0 0 1 0 1 1 1 1 2 49 12 1 1 21 6 0 12 8 2 160 1 10 0 1 27 1 0 13 2 0 0 0 0 0 5 18 0 1 1 12 17 0 20 21 
8 4 1 0 4 0 3 2 1 3 9 2 0 0 6 10 4 0 9 0 0 0 12 1 0 0 3 2 15 1 0 1 7 3 1 1 4 0 0 2 5 5 9 1 1 2 7 0 0 296 1 2 0 5 10 18 1 0 1 1 6 1 2 10 
1 1 1 4 1 1 225 2 35 3 23 5 0 2 1 4 0 0 1 385 25 1 0 0 0 10 1 1 1 47 12 0 1 0 1 0 0 10 0 0 2 0 5 74 4 8 0 0 8 1 87 1 8 6 4 0 143 0 0 3 37 1 1 12 
3 0 0 10 0 0 2 3 4 0 4 1 1 0 7 5 7 2 208 0 4 0 0 1 1 0 1 6 6 4 0 0 441 1 31 1 12 12 0 81 5 0 4 0 0 2 0 7 138 3 0 16 1 2 1 1 3 78 0 0 26 3 1 3 
7 6 0 0 0 5 0 0 1 3 0 0 1 2 8 1 0 0 0 5 2 1 0 2 0 1 7 11 2 0 0 5 0 15 1 5 0 1 2 0 0 1 1 5 2 28 7 0 4 0 13 3 8 4 0 0 1 2 41 0 6 1 0 10 
3 2 2 2 0 0 6 0 4 1 5 4 36 0 0 6 1 0 9 1 3 0 2 5 0 0 0 0 2 2 0 4 4 1 0 1 0 1 1 2 1 3 4 0 0 4 0 0 5 21 0 13 0 10 8 1 3 15 0 1 0 6 0 0 
2 40 2 0 206 19 0 4 1 0 1 6 1 2 1 3 0 0 0 3 1 0 4 1 2 1 1 5 8 4 13 3 3 1 0 7 5 7 2 6 2 0 0 4 2 0 4 2 38 5 0 0 1 7 1 6 0 1 10 0 0 0 20 1 
43 2 1 10 1 1 4 5 5 17 7 3 10 12 2 43 11 1 9 0 6 68 30 26 28 0 3 1 0 25 0 0 1 3 1 2 3 0 34 2 1 1 1 3 0 0 2 1 10 1 6 11 20 0 1 1 9 1 54 9 1 0 4 1 
2 1 0 1 7 11 0 83 0 0 27 8 0 1 0 0 0 4 8 1 7 1 1 5 95 11 1 12 2 1 1 2 2 2 0 19 13 4 2 2 0 8 0 0 1 5 7 0 1 3 8 2 1 1 5 0 3 12 2 7 0 0 0 2 
15 0 17 0 2 0 5 0 7 4 1 1 0 195 3 1 7 1 2 3 11 0 0 0 2 83 2 1 29 23 10 7 0 1 1 14 11 0 0 0 6 268 8 19 1 4 0 3 0 42 0 1 2 14 4 1 51 8 2 9 1 0 0 8 
19 15 9 2 5 1 2 32 19 6 4 0 5 2 5 0 51 5 70 0 0 0 0 9 5 1 2 6 2 24 4 2 14 0 4 9 0 2 1 17 21 7 2 2 0 3 3 1 1 5 0 0 3 4 1 7 0 2 51 9 0 0 1 10 
6 10 1 0 1 44 1 0 25 5 0 0 0 4 1 9 92 1 1 0 9 22 22 7 2 13 0 12 6 5 2 3 1 6 4 0 25 1 3 1 0 122 10 5 0 17 0 1 0 5 2 5 0 0 1 0 5 0 6 10 1 1 1 1 
1 1 1 0 2 0 6 4 1 1 0 2 25 0 0 3 5 0 5 1 10 4 2 5 2 0 9 0 0 6 1 0 2 0 17 0 0 0 15 6 38 4 3 0 0 11 3 0 38 5 13 0 12 0 4 2 12 27 1 0 0 0 2 7 
1 0 0 10 0 1 9 0 12 1 2 1 81 25 3 39 1 2 1 33 21 0 1 134 40 0 0 0 2 2 2 9 0 0 7 10 11 2 1 41 0 0 2 0 2 5 7 1 0 333 3 0 0 0 0 2 0 11 1 0 216 1 2 2 
0 70 2 13 1 4 155 0 1 13 0 0 2 6 0 2 0 0 1 0 10 8 0 0 41 1 0 1 0 3 10 1 0 1 2 76 0 2 0 0 7 5 1 2 1 0 22 7 1 20 1 6 2 3 0 0 2 3 19 0 0 45 39 0 
1 3 0 4 3 7 1 0 23 10 0 2 0 10 6 2 46 0 13 1 1 24 5 5 18 0 1 1 6 192 0 3 1 1 0 1 7 28 3 0 0 0 3 2 6 0 24 3 13 0 0 2 0 0 0 2 11 4 25 6 1 6 6 11 
0 2 0 1 2 0 4 5 18 9 2 11 1 1 4 2 8 2 0 3 0 0 0 3 1 89 1 50 0 0 4 0 18 6 0 0 4 1 2 13 0 133 0 67 22 8 0 16 1 17 0 1 1 1 1 2 2 2 16 0 0 11 1 1 
5 6 4 4 0 12 3 2 0 0 1 4 0 3 33 1 1 0 9 4 4 1 18 1 6 2 11 0 0 1 57 17 1 17 1 3 1 0 0 2 0 0 0 1 3 8 7 1 0 8 0 6 1 0 1 8 5 5 2 8 0 4 13 5 
12 4 61 2 0 32 1 2 4 3 2 6 6 3 0 33 2 19 0 6 4 0 5 7 4 42 1 0 10 0 1 6 2 1 32 5 1 23 3 1 0 5 2 5 1 4 3 6 12 23 8 0 5 0 5 5 3 1 13 1 8 0 0 8 
1 3 40 13 8 66 1 1 0 1 0 0 9 9 29 2 1 1 0 13 3 6 0 3 4 9 1 2 2 1 2 1 0 13 10 7 2 36 27 94 2 16 0 0 0 13 26 6 3 8 1 1 2 3 0 551 2 5 2 3 2 0 1 5 
1 3 3 5 2 10 0 70 32 8 12 3 1 1 2 3 3 16 0 26 0 2 0 11 12 0 2 0 0 82 1 0 14 1 53 0 1 3 6 1 0 1 3 1 1 3 0 14 4 1 6 5 1 4 29 2 1 20 4 0 3 0 0 4 
4 5 0 1 21 0 17 3 10 0 0 6 0 45 6 0 8 5 50 4 0 10 1 3 1 5 0 1 1 24 7 6 214 21 13 5 1 8 2 2 1 1 3 4 0 0 0 1 5 1 12 0 16 1 0 0 2 7 8 0 2 10 1 5 
0 0 1 0 0 11 1 1 9 2 13 1 0 0 0 2 5 1 9 0 32 1 0 5 0 2 2 0 0 3 118 1 39 0 2 24 26 1 0 0 5 0 0 2 2 22 1 1 0 4 10 1 58 0 0 1 1 2 0 0 7 4 10 10 
7 2 13 10 5 2 3 24 58 3 0 45 1 2 6 1 9 3 0 0 2 0 2 0 2 6 27 9 28 6 6 1 1 7 0 0 0 0 1 4 7 8 0 0 2 1 2 0 5 2 0 0 37 0 1 0 0 1 7 1 556 1 4 7 
1 29 0 0 1 24 30 1 1 27 11 1 1 3 1 0 0 2 0 0 2 9 14 0 0 1 12 3 0 5 156 1 4 3 0 17 0 0 1 2 17 0 5 38 0 18 0 0 0 6 1 0 312 12 1 3 1 3 0 1 90 4 4 1 
0 1 1 0 9 0 4 1 1 0 57 2 1 1 8 40 1 7 1 9 2 127 2 250 2 7 31 0 0 0 1 0 21 6 10 513 4 0 49 0 0 7 8 8 0 5 1 42 6 0 27 0 12 4 1 3 0 1 10 1 2 6 1458 5 
4 0 0 4 2 73 2 0 2 0 0 0 0 29 4 4 0 2 9 1 12 0 0 0 1 5 1 9 2 1 0 0 10 0 0 38 2 4 31 1 0 1 12 0 5 1 1 1 2 0 0 0 22 31 1 3 4 493 0 3 8 3 1 0 
37 1 1 3 2 1 3 0 27 0 0 0 0 1 0 0 1 0 1 0 6 0 0 1 1 6 25 0 22 15 0 17 6 2 2 1 2 3 0 11 38 1 1 0 0 4 6 5 4 1 0 10 10 2 0 3 0 0 0 1 2 0 0 9 
0 14 23 5 66 1 10 4 2 0 0 0 9 0 18 5 1 3 6 3 13 0 11 1 1 5 0 4 12 1 1 0 2 1 1 7 2 1 1 1 1 3 0 3 10 0 4 1 2 2 2 10 0 7 2 4 0 1 0 0 0 0 6 1 
2 14 2 1 9 1 2 1 0 0 5 3 43 2 27 18 0 3 2 0 0 0 6 0 0 5 1 0 0 0 20 31 10 1 1 0 4 1 0 0 1 0 455 0 1 4 5 2 0 7 2 2 0 0 0 9 0 48 0 1 3 5 6 0 
1 5 0 1 2 2 12 0 54 1 3 22 0 3 0 2 3 0 0 0 9 1 1 0 0 0 1 9 3 2 2 2 1 396 0 0 0 0 4 0 1 44 0 8 1 1 3 5 0 4 20 13 6 0 6 0 0 38 2 0 0 1 1 5 
10 0 0 7 0 0 0 6 0 8 0 1 1 1 15 3 2 5 54 0 2 1 975 0 0 1 0 2 5 2 1 4 2 1 0 4 0 11 0 0 0 3 2 7 0 2 3 6 0 6 1 8 2 1 14 3 0 1 6 7 0 1 0 0 
8 3 0 0 3 0 1 9 0 3 0 0 6 50 11 2 21 1 11 28 6 1 4 0 18 0 3 2 3 5 0 14 1 3 0 1 1 162 0 1 23 1 1 11 0 0 2 8 1 3 0 13 6 5 67 0 0 1 1 6 18 0 0 1 
1 1 0 9 0 23 2 18 2 4 0 0 0 1 0 0 19 1 0 50 0 1 5 2 0 0 0 3 11 1 0 0 11 2 0 18 0 10 0 5 2 1 1 2 10 47 0 112 0 1 1 9 64 2 0 2 6 1 1 0 51 3 6 8 
0 1 2 19 0 2 0 1 14 1 0 0 2 7 3 12 1 0 2 0 2 3 5 12 1 10 11 13 15 12 0 7 1 0 2 5 14 10 0 0 1 0 14 20 43 100 0 0 10 4 0 2 2 0 7 2 97 2 4 14 0 0 6 2 
11 21 0 7 25 0 35 0 3 255 2 1 0 2 11 0 0 0 1 2 15 23 0 2 2 0 0 88 0 1 1 1 3 9 5 0 1 2 17 3 0 10 11 3 1 0 8 4 16 2 0 0 1 1 5 2 4 1 0 1 11 0 0 91 
0 3 3 1 2 0 10 0 11 6 1 0 3 0 2 1 0 2 0 1 0 5 4 161 2 12 2 0 0 3 0 8 4 2 0 4 100 6 2 20 0 2 1 9 0 3 0 8 1 2 1 3 0 1 5 6 1 1 3 5 1 5 2 28 
2 5 0 1 0 8 0 29 1 5 3 5 1 1 4 89 0 11 0 44 0 14 73 0 6 0 3 38 1 6 1 1 0 22 0 0 3 1 8 0 0 0 0 6 3 1 0 7 0 0 0 0 0 9 9 5 21 4 0 0 1 7 23 6 
0 1 56 1 2 0 8 8 8 5 10 0 0 1 0 13 12 11 1 2 4 5 0 2 0 6 70 0 4 0 0 5 2 1 1 0 4 12 1 2 1 0 0 3 1 1 6 14 1 5 4 1 55 4 0 4 151 0 22 3 7 11 2 33 
0 2 10 0 2 17 10 1 0 1 0 1 0 7 0 0 0 4 6 0 71 2 16 0 1 1 9 0 3 0 1 1 4 0 3 4 190 2 0 1 1 3 0 6 1 2 0 0 0 249 1 0 0 0 17 41 1 2 28 1 16 1 0 2 
2 2 1 1 11 2 10 3 0 2 3 3 1 4 20 1 61 4 2 13 1 2 8 1 0 0 0 3 11 3 1 44 0 5 5 0 0 2 2 1 0 6 1 22 6 7 5 1 0 1 6 0 5 3 6 2 0 0 12 2 1 0 0 3 
32 9 16 0 4 1 1 0 7 1 0 0 2 1 6 0 57 3 3 8 0 1 7 2 1 0 0 0 0 6 0 7 1 8 34 1 2 0 0 1 0 3 1 1 5 1 0 0 36 2 4 3 0 143 6 2 2 5 1 2 0 0 1 1 
2 0 7 2 3 3 1 7 2 24 9 0 0 3 0 1 7 2 22 2 13 5 2 2 5 0 2 4 0 10 4 14 0 7 27 0 3 5 1 6 2 0 5 5 6 3 2 0 4 0 30 3 15 0 1 5 1 8 0 12 1 0 2 16 
0 4 0 0 0 0 0 17 2 0 10 1 5 0 0 2 0 6 0 5 0 48 1 810 1 10 1 1 9 1 1 0 1 68 6 0 0 2 0 6 0 0 0 0 2 3 0 2 12 7 9 5 4 0 0 4 0 0 1 2 1 2 1 3 
1 12 1 1 11 51 4 1 34 85 1 6 5 0 42 0 109 680 5 51 1 3 6 1 1 5 0 10 8 6 0 0 7 20 46 0 0 9 2 2 2 1 1 0 0 1 0 0 32 2 0 4 13 1 393 7 2 1466 6 1 15 1 3 5 
0 22 7 4 0 2 0 16 4 32 22 9 0 10 20 8 5 3 0 6 7 1 8 5 2 2 2 1 0 1 1 6 12 3 0 1 3 0 1 0 4 1 0 0 3 0 2 3 0 0 10 19 15 3 0 1 1 0 3 8 0 21 0 1 
3 0 5 1 6 0 10 19 34 0 4 14 7 0 6 0 0 5 1 0 0 0 195 0 0 3 141 89 68 1 0 5 7 2 90 1 0 1 1 0 3 0 1 1 0 0 1 1 5 2 16 1 4 1 1 0 3 7 0 17 0 3 1 0 
0 7 1 0 0 3 1 1 9 3 6 0 2 2 1 0 37 0 11 2 2 2 4 0 24 7 11 0 1 0 1 1 0 0 5 1 1 0 21 4 2 183 33 0 9 18 1 0 1 2 17 0 4 0 0 0 2 10 4 0 6 8 2 0 
0 20 0 0 5 4 4 4 0 6 0 0 0 20 5 2 3 0 0 1 0 1 0 10 10 0 5 2 10 9 155 0 7 0 0 101 0 7 3 8 0 1 5 3 18 1 0 2 0 10 3 1 1 13 8 219 6 0 0 0 22 0 0 2 
2 8 0 0 0 0 119 7 7 2 0 1 0 10 3 6 0 39 20 63 0 1 9 4 1 7 1 1 0 7 0 2 1 0 1 1 1 1 0 9 1 0 7 410 3 0 2 7 4 0 2 17 13 2 9 0 1 2 1 0 0 54 8 2 
0 1 0 1 0 2 0 2 3 4 8 0 12 0 2 1 1 2 1 48 2 0 0 7 4 3 2 1 1 1 1 1 0 0 0 13 6 1 1 6 0 2 33 26 0 0 6 3 2 0 1 1 0 2 4 12 8 0 18 11 1 9 0 1 
0 0 0 0 0 34 1 0 0 0 3 1 3 0 9 1 0 16 1 27 35 0 0 4 0 5 0 1 0 1 1 1 2 0 8 21 0 1 4 99 0 35 1 0 0 10 5 0 4 255 9 7 2 2 5 21 0 1 1 0 2 11 8 11 
6 3 2 1 2 0 7 0 2 5 6 0 0 1 0 0 5 0 1 4 1 4 0 0 2 3 1 4 35 23 3 1 3 1 8 1 0 5 1 0 1 0 0 0 12 0 1 4 0 4 3 9 2 20 0 2 3 0 0 11 0 1 0 0 
0 8 2 0 11 0 6 1 0 0 7 2 1 1 30 5 0 7 0 16 1 0 21 1060 1 4 2 4 0 2 1 1 2 2 0 12 96 86 50 3 1 28 16 5 3 1 0 1 2 11 9 5 5 30 7 0 11 2 5 3 2 10 5 4 
2 24 0 30 0 0 2 0 0 0 18 30 0 5 6 2 2 1 1 0 3 0 2 5 0 1 8 2 9 1 0 7 1 0 0 4 0 2 0 1 0 0 10 0 4 29 10 1 4 2 3 0 32 8 2 11 7 1 7 4 1 1 1 2 
1 7 0 7 30 18 0 5 0 22 8 0 2 2 0 0 1 1 0 0 8 10 7 83 0 11 0 0 0 37 0 14 1 2 4 0 0 29 7 0 20 1 14 3 0 2 0 0 2 0 4 1 11 1 0 21 0 13 4 1 4 6 2 1 
1 4 1 0 0 1474 0 2 1 4 3 39 11 1 25 0 3 7 0 0 0 0 4 2 12 0 25 8 18 0 1 6 0 4 3 17 0 0 3 1 0 5 1 0 1 0 35 2 4 2 36 1 11 2 1 4 5 0 4 6 2 0 1 3 
0 2 8 5 0 0 2 1 10 10 29 4 1 4 0 26 7 24 5 0 10 1 17 0 0 12 7 1 16 3 1 8 1 4 1 0 0 0 48 5 1 0 0 7 0 4 1 4 0 2 7 2 2 48 2 3 0 4 7 6 0 1 0 0 
8 15 4 7 0 7 2 0 9 9 0 21 28 2 11 15 26 1 189 0 1 5 30 2 0 2 4 0 14 0 8 6 0 0 0 4 0 2 33 0 28 75 0 102 3 4 331 5 6 0 10 6 0 2 8 1 0 11 28 0 1 0 5 1 
2 12 1 1 4 0 34 6 0 2 14 0 93 0 0 0 1 3 0 0 0 1 10 0 13 5 0 1 0 1 0 7 0 4 0 2 0 406 2 0 13 25 9 1 2 2 4 3 2 0 6 1 26 1 15 0 12 1 0 3 2 34 43 3 
0 5 1 1 1 5 8 31 1 2 8 6 10 2 5 0 0 16 1 0 0 14 0 2 48 1 24 3 9 0 30 3 7 2 3 0 44 0 4 5 1 0 0 5 9 1 0 0 1 0 1 3 2 3 0 8 0 1 4 26 0 0 0 3 
0 0 8 0 0 0 0 1 0 1 2 1 1 0 8 1 13 8 4 6 75 1 0 24 2 1 7 83 0 5 3 5 8 57 21 29 2 7 86 1 25 48 0 1 191 34 0 0 1 0 0 13 17 157 0 1 2 19 1 1 2 1 0 5 
1 17 1 15 1 2 12 14 1332 1 1 1 0 126 18 1 20 1 1 2 5 0 0 3 1 28 2 0 0 2 4 0 256 2 3 5 3 5 0 3 0 3 0 3 1 2 3 0 0 1 1 0 50 0 2 0 1 3 1 0 212 8 0 3 
24 30 1 0 1 3 0 0 7 3 0 0 63 6 1 6 18 3 0 0 0 4 27 0 0 8 0 1 5 0 2 1 0 3 0 0 7 6 0 0 5 5 0 3 1 0 125 0 22 11 1 0 3 4 0 3 1 17 1 1 45 0 0 0 
1 0 26 6 1 3 1 8 2 0 1 0 4 1 6 5 0 32 1 0 6 1 3 5 23 37 3 0 15 0 0 948 0 2 7 8 0 0 0 0 30 1 0 1 4 1 0 1 1 0 2 0 3 25 1 1 3 0 18 1 2 4 3 2 
0 0 21 2 32 3 0 0 0 5 2 2 0 77 4 1 2 1 0 0 3 0 1 9 65 1 0 1 0 0 10 4 4 21 1 27 3 4 6 8 2 0 1 5 0 1 0 0 0 5 11 3 2 2 6 0 4 1 0 2 1 0 3 1 
2 4 1 26 15 3 2 0 2 3 7 1 1 2 1 2 1 0 2 0 2 42 14 3 9 4 2 81 1 3 5 1 0 14 2 0 4 226 0 2 0 8 1 0 21 2 0 5 3 1 2 1 0 1 5 4 5 167 5 2 2 4 1 2 
36 10 2 8 0 1 0 4 1 1 0 1 0 0 1 4 9 1 1 8 0 0 2 0 20 0 13 0 0 31 10 5 0 7 3 9 0 4 1 2 0 7 1 0 3 2 9 11 0 0 0 4 2 11 2 0 23 38 0 4 1 1 0 1 
3 1 4 2 0 0 5 0 6 0 1 0 3 1 1 3 0 0 0 1 1 14 6 8 0 3 0 1 0 0 0 1 20 0 4 0 0 0 1 28 5 0 3 6 2 1 0 0 2 0 2 6 0 2 1 1 0 6 1 0 4 19 0 3 
2 1 1 0 4 2 5 21 0 10 4 0 220 4 0 1 6 3 0 3 148 1 0 1 5 5 5 1 35 14 2 9 1 0 96 5 2 51 2 1 2 5 0 18 2 0 17 1 13 1 2 1 9 8 3 31 10 0 0 1 2 1 0 56 
2 0 0 1 1 1 0 1 5 1 1 3 0 9 0 0 1 0 11 9 14 1 4 0 0 3 1 74 0 0 21 17 8 0 0 0 2 2 89 7 5 0 2 9 1 1 0 16 3 0 2 0 5 0 2 0 29 0 0 1 6 4 0 0 
8 3 1 0 1 2 0 0 97 0 0 2 0 0 2 3 32 0 0 2 1 3 0 1 33 0 1 12 0 2 0 8 1 1 0 8 0 1 1 1 0 0 1 14 10 4 1 1 1 1 8 1 0 0 0 1 0 3 2 0 9 18 1 1 
0 3 0 0 6 6 2 0 0 1 1 36 1 25 13 1 1 1 12 126 1 3 21 3 55 1 1 0 3 0 0 0 30 0 5 2 0 4 6 10 0 113 3 0 39 0 8 5 15 0 2 26 1 0 11 17 14 1 1 0 0 33 2 3 
18 3 0 2 0 0 1 5 0 4 19 0 0 0 0 0 0 0 1 0 0 0 586 2 0 1 15 3 6 3 3 4 1 0 54 0 27 1 7 0 0 0 1 18 1 87 4 32 0 8 10 0 11 0 0 1 107 11 10 2 1 0 0 14 
0 17 7 6 2 6 4 37 8 0 25 0 1 34 109 10 1 0 10 0 1 8 11 0 7 2 0 3 0 0 2 1 10 2 2 8 0 37 16 89 8 7 0 12 9 14 1 2 0 0 1 0 0 2 552 14 0 19 1 4 3 0 0 0 
1 1 38 3 2 0 23 10 0 0 4 2 158 1 1 28 0 23 3 0 0 1 87 26 3 9 28 0 4 0 0 0 1 92 0 0 3 3 2 2 45 0 0 0 1 5 9 0 2 5 21 3 0 0 0 7 0 1 0 3 3 0 1 7 
2 9 0 8 1 1 2 2 4 1 0 77 13 0 1 2 5 0 0 30 5 6 1 0 0 1 5 2 1 2 22 0 1 19 0 0 16 4 2 0 0 2 0 2 11 0 0 1 7 17 4 7 3 1 6 0 5 1 1 2 1 1 2 1 
2 8 118 25 1 11 1 1 4 17 1 0 3 0 1 2 1 9 152 19 0 0 4 1 28 41 7 2 1 1 0 5 4 0 1 0 0 4 14 0 11 0 0 12 1 7 4 4 0 0 2 5 80 5 1 33 1 2 0 1 0 0 6 18 
0 0 4 5 557 24 6 1 1 0 1 0 20 0 3 0 0 5 1 63 11 3 13 5 5 3 2 0 13 880 0 0 2 1 6 7 0 0 7 1 6 13 0 11 1 0 1 118 0 43 8 0 5 23 9 5 1 0 5 150 0 2 0 84 
0 0 2 5 9 10 5 0 31 2 2 6 22 0 0 32 1 144 1 1 1 0 1 2 0 24 0 0 17 160 14 7 0 5 9 0 13 1 52 2 2 3 1 0 3 0 0 2 106 2 0 47 7 6 1 0 2 1 2 3 5 0 4 1 
2 0 0 0 0 1 13 1 2 0 4 7 3 0 0 0 9 13 17 0 6 1 9 2 0 2 2 0 3 0 4 0 0 1 6 6 10 1 1 0 4 9 1 7 4 1 10 4 6 0 199 2 10 1 1 3 1 0 1 1 3 0 0 5 
72 1 1 4 0 1 3 1 6 1 21 0 2 2 0 0 1 0 0 10 10 0 4 0 2 2 0 1 1 6 2 10 1 2 4 0 1 2 320 29 0 0 5 18 0 10 1 5 2 2 1 1 1 0 5 2 0 0 3 0 1 170 1 7 
1 5 1 0 0 2 23 1 1 3 7 0 6 137 1 11 4 2 0 109 0 2 0 0 1 2 0 7 14 3 4 3 0 16 3 8 3 0 1 0 1 0 7 0 4 0 1 4 3 2 5 6 6 0 2 0 1 13 0 5 1 2 3 0 
0 0 4 9 14 2 274 2 1 1 16 1 14 2 1 0 83 3 1 3 0 0 4 4 3 0 0 12 11 0 2 0 2 3 3 11 1 2 1 5 1 0 0 0 24 11 0 141 100 4 7 1 8 1 16 1 2 32 0 0 1 13 1 0 
2 2 1 2 0 0 7 0 2 0 0 3 18 12 1 7 0 0 10 0 1 0 12 1 2 1 34 2 3 1 4 72 0 6 4 0 12 1 10 1 29 1 0 26 11 15 0 12 6 2 0 8 1 1 1 6 0 1 0 6 1 1 1 3 
0 14 6 6 0 1 12 0 6 193 0 2 73 4 2 2 12 4 1 0 1 10 0 1 2 8 0 0 0 7 5 6 2 12 2 1 6 34 5 4 5 1 2 3 2 2 2 0 0 3 2 0 4 1 3 3 0 2 7 254 8 3 0 5 
1 0 0 1 1 0 9 3 1 0 0 1 2 1 1 0 3 0 9 6 0 160 6 0 1 9 16 2 1 0 42 21 1 0 10 73 4 6 0 1 3 6 2 4 5 0 0 52 11 0 0 1 0 2 0 1 2 2 1 1 1 1 84 36 
2 2 10 17 3 41 11 128 0 3 2 0 1 139 1 13 1 0 0 13 5 1 2 13 0 0 0 1 0 4 0 6 1 1 2 82 22 13 2 3 6 0 1 2 0 4 4 156 1 5 0 1 0 3 1 0 2 27 0 1 34 2 7 5 
62 19 2 4 19 5 1 220 0 0 7 79 0 10 1 8 123 0 9 0 0 3 3 0 0 10 2 9 72 10 0 3 6 1 0 73 0 6 19 1 0 13 3 0 40 0 0 15 18 342 3 0 1 1 0 8 2 0 18 0 0 0 0 10 
0 5 578 2 0 1 0 4 0 0 6 3 1 0 7 0 0 10 1 1 0 0 0 0 0 0 2 1 1558 12 15 6 0 1 1 2 1 0 0 15 0 2 0 0 0 11 31 1 0 0 1 14 0 0 1 1 3 22 2 1 5 2 0 7 
2 4 13 3 3 0 2 0 5 1 1 0 1 7 17 13 0 0 73 1 1 1 0 5 7 6 1 0 3 0 8 10 1 1 7 291 2 14 1 3 0 48 4 1 1 38 7 0 0 2 1 9 1 1 0 1 1 0 12 4 11 2 4 0 
0 0 8 6 386 2 0 4 0 3 5 1 0 0 6 0 1 2 33 0 1 2 0 0 0 25 0 1 9 0 3 8 11 579 93 11 1 0 1 7 0 3 2 0 45 1 30 3 0 1 0 3 0 24 0 58 4 0 3 8 20 0 0 0 
1 2 1 0 1 0 1 7 0 2 0 15 9 2 6 26 27 39 0 2 10 1 1 1 0 1 1 2 0 204 0 4 3 3 0 13 2 9 26 3 1 5 4 1 1 1 1 7 4 23 7 1 3 70 3 4 1 23 3 0 4 0 0 0 
0 0 3 15 2 0 4 0 1 2 1 4 0 9 41 7 0 11 0 7 1 1 0 14 26 5 0 2 2 3 2 14 1 2 15 7 6 10 0 0 0 3 1 1 3 0 10 0 5 0 3 0 2 6 5 7 4 40 4 11 5 14 1 0 
0 5 15 2 0 16 5 18 76 0 0 13 35 3 4 7 0 8 0 0 1 2 0 4 7 9 5 0 7 3 6 0 1 0 0 2 0 0 21 4 30 0 1 1 3 1 6 5 4 39 1 2 2 1 2 0 0 28 0 5 2 4 4 3 
2 23 0 3 1 1 2 1 1 1 0 51 27 124 238 5 1 6 5 2 10 2 3 1 6 8 2 2 6 2 1 5 1 0 1 0 13 0 0 3 0 7 0 5 2 0 0 9 12 0 5 0 0 28 0 1 9 2 1 0 0 9 1 4 
0 16 10 4 0 0 51 2 0 4 24 0 2 2 6 20 1 2 0 0 0 9 0 2 11 0 2 5 2647 1 169 3 1 1 1 0 0 0 0 7 1 9 3 8 0 1 6 3 2 1 2 2 3 0 14 14 0 0 1 1 4 0 2 2 
2 20 2 0 0 0 13 1 123 0 1 42 2 0 0 7 0 1 2 1 0 0 4 0 2 37 0 0 0 0 0 20 27 0 0 7 1 0 0 0 1 2 22 6 1 2 43 0 0 10 5 1 2 0 2 0 2 6 5 2 0 15 0 0 
37 2 0 10 251 34 1 7 0 6 3 7 0 10 24 2 18 7 2 1 0 15 2 8 1 0 5 1 0 0 4 0 1 5 0 23 1 2 0 24 505 53 3 6 7 3 1 0 0 0 10 26 2 19 19 11 7 0 0 0 1 1 26 6 
1 5 3 15 5 0 4 1 53 0 13 38 1 0 3 1 8 3 1 6 3 1 2 44 0 0 1 1 1 0 55 21 5 8 94 0 1 5 0 1 24 0 0 0 5 11 2 0 1 25 0 5 0 43 8 1 11 19 0 2 1 4 0 8 
14 2 0 40 0 7 29 0 0 1 245 3 0 4 6 0 2 0 0 1 0 4 2 1 46 2 1 0 7 0 0 12 2 0 15 1 6 1 0 7 7 1 0 1 9 1 0 0 3 4 1 1 66 14 5 0 0 0 4 3 8 74 1 3 
1 1 7 6 29 12 4 0 0 0 60 1 1 11 0 51 4 0 5 0 0 0 1 9 3 1 1 17 60 1 3 4 0 10 1 0 0 1 7 0 27 2 1 2 6 3 1 13 6 1 0 1 13 1 1 8 0 0 3 1 3 4 1 5 
23 4 0 8 3 3 6 70 5 0 1 0 1 0 1 0 0 11 0 0 5 23 3 2 3 5 4 2 44 12 5 1 0 0 1 2 0 15 1 2 1 2 4 2 6 3 19 0 0 0 5 1 11 3 1 13 24 6 19 1 43 3 0 12 
2 1 7 3 0 0 0 76 2 2 9 12 0 0 0 0 0 0 1 1 12 1 1 0 1 0 0 0 12 1 10 1 7 0 31 4 15 2 1 0 18 8 1 0 3 3 5 0 14 0 10 2 1 43 1 0 3 2 2 1 16 2 1 1 
1 1 0 2 1 2 6 0 0 0 5 0 23 1 7 2 5 1 0 5 306 8 1 21 19 2 0 0 3 5 7 1 9 62 1 253 272 2 1 1 6 0 9 0 0 0 0 21 0 5 4 1 2 1 2 2 1 3 15 0 9 15 0 5 
3 3 0 0 10 0 1 0 1 0 0 8 6 5 8 0 6 5 1 5 0 1 0 32 1 14 0 0 9 8 15 39 7 1 11 13 0 6 1 1 0 16 68 0 18 1 4 0 15 0 0 148 16 3 1 0 2 2 4 0 2 2 34 7 
6 3 0 2 8 0 0 14 85 1 0 2 25 119 0 24 0 0 0 0 8 0 0 1 0 16 16 1 248 0 8 0 27 0 14 1 14 171 2 0 0 1 1 0 4 2 4 0 1 2 1 0 30 1 1 1 3 6 0 4 2 0 4 0 
2 2 1 12 0 48 2 2 3 4 0 1 2 13 8 8 4 2 1 0 1 1 3 6 11 0 4 1 1 23 1 1 1 0 10 1 0 1 0 1 5 0 1 3 2 0 1 2 0 4 26 0 1 0 26 1 5 0 2 1 14 1 0 0 
618 10 1 29 12 1 755 14 32 1 3 8 2 0 5 0 9 2 3 16 3 0 16 5 11 6 0 0 0 217 90 3 3 7 8 0 11 2 0 46 42 1 0 2 0 1 10 1 4 2 5 0 0 5 11 1 11 32 3 2 3 0 0 0 
1 3 8 5 0 6 25 11 2 0 0 5 26 1 6 1 245 6 0 0 49 1 0 0 5 0 0 1 25 0 0 0 9 18 0 1 3 0 33 10 13 2 1 0 1 8 6 3 1 0 21 2 3 13 48 2 1 0 3 0 0 0 1 0 
0 11 4 4 12 0 0 0 0 30 10 0 1 14 68 4 1594 3 0 1 1 33 0 0 0 5 0 1 3 8 7 0 0 1 0 1 6 3 10 5 1 2 4 1 12 1 1 21 0 0 0 14 4 91 4 1 1 0 2 1 1 9 1 0 
0 16 14 0 1 0 0 9 1 3 0 22 4 7 16 0 42 7 5 0 1 3 9 7 259 1 2 15 0 1 4 5 2 0 2 14 6 4 2 4 8 5 0 0 1 3 0 16 1 20 6 0 2 1 2 5 0 0 1 10 3 0 2 0 
2 4 2 10 0 48 13 7 0 0 0 1 2 5 8 17 2 0 0 0 2 1 2 4 195 5 5 0 1 0 5 6 1 5 5 0 1 0 1 1 16 1 0 1 33 15 6 50 2 5 0 0 1 7 0 0 0 9 10 1 2 2 0 52 
0 5 1 0 11 0 0 2 2 9 9 0 0 3 0 1 0 7 0 1 3 5 0 0 7 0 5 3 1 5 2 2 28 1 19 1 4 2 2 1 4 21 0 9 19 1 3 0 2 3 3 0 0 4 2 1 11 34 0 0 1 19 11 2 
3 0 1 15 0 0 1 0 26 15 2 1 1 217 12 4 0 2 16 8 1 9 8 3 16 2 4 0 10 22 0 6 0 0 0 1 1 1 4 15 3 1 3 5 154 13 0 1 13 0 1 16 4 0 18 3 2 0 2 1 0 23 1 1 
1 59 9 38 0 1 8 8 5 1451 0 1 2 4 0 0 15 8 64 1 21 29 8 5 0 0 1 4 4 8 1 26 2 44 4 11 1 9 7 0 2 0 2 2 1 6 0 0 9 1 0 0 0 8 0 0 0 0 0 19 0 1 0 1 
11 2 2 5 0 1 2 1 8 1 12 8 16 11 5 10 8 1 0 0 4 3 9 1 2 1 0 0 3 1 0 2 0 1 2 6 1 8 13 0 92 10 0 3 1 2 2 2 0 4 0 3 0 46 7 10 5 1 0 1 1 2 2 2 
1 10 8 15 0 0 8 0 2 2 61 2 11 1 0 4 9 13 0 7 0 44 2 19 0 1 4 6 2 1 1 1 5 1 8 2 1 2 8 0 1 7 2 0 2 2 1 3 368 4 19 0 1 12 0 0 0 0 3 4 0 0 4 99 
6 0 70 0 0 86 9 0 9 3 0 6 3 7 0 7 1 22 4 0 65 2 1 1 5 0 4 1 0 0 0 1 0 10 15 2 5 2 9 1 2 0 2 1 7 0 0 0 0 0 1 3 6 0 51 0 0 6 0 2 0 1 1 0 
0 2 0 456 32 18 0 581 0 0 91 2 2 0 47 0 11 2 0 0 7 15 0 4 2 0 2 2326 1 3 4 3 0 1 9 1 11 1 6 219 3 3 3 0 4 3 0 0 46 0 6 7 1 120 0 1 0 18 5 0 3 8 12 23 
0 0 0 0 1 1 1 68 5 0 0 0 12 11 1 1 5 0 0 1 8 7 0 20 0 2 5 57 1 1 0 1 2 0 0 0 2 0 0 2 0 74 0 41 0 5 21 5 1 1 2 5 0 1 0 21 1 1 9 2 6 3 1 0 
1 0 0 4 73 0 0 82 1 5 1 1 28 0 9 1 6 0 1 1 4 0 9 3 15 1 0 4 16 0 0 0 0 1 9 3 0 0 0 0 1 179 5 8 1 0 6 0 4 43 10 44 6 1 3 4 0 0 15 0 1 1 6 0 
12 6 13 0 0 7 0 1 4 7 0 4 2 0 8 9 2 0 1 20 4 0 92 1 6 12 4 8 19 74 0 0 1 0 2 2 2 4 5 109 0 0 1 14 4 1 1 8 3 8 0 4 8 34 0 2 0 0 2 0 3 2 0 3 
0 0 0 4 0 2 0 4 0 6 0 91 2 4 2 3 0 14 1 1 0 5 0 1 2 0 0 1 10 6 4 1 5 0 21 1 20 1 72 33 1 0 2 7 0 20 1 6 226 0 45 0 1 2 2 0 0 35 10 8 13 3 8 2 
6 0 1 1 0 1 2 2 1 12 9 2 6 5 1 0 3 1 2 1 0 7 0 10 6 188 0 5 0 1 19 3 3 0 0 6 5 106 28 20 2 6 0 1 0 15 2 0 3 5 0 10 4 18 0 15 0 2 0 0 16 28 13 0 
159 65 2 4 0 6 0 0 6 0 2 4 8 2 5 1 1 7 0 1 1 3 1 6 1 3 7 0 1 6 34 0 106 0 4 0 38 2 27 0 1 9 1 5 16 10 2 6 20 2 0 7 2 1 0 4 2 1 0 6 44 1 2 0 
0 5 8 3 6 0 220 2 0 1 1 0 4 1 1 9 3 8 7 3 0 0 0 2 0 0 3 1 0 0 40 3 0 0 1 1 1 73 0 1 2 1 3 3 10 7 0 4 4 8 0 2 10 0 0 10 0 1 2 115 0 13 6 16 
3 51 0 0 1 3 2 1 1 4 3 6 1 9 0 16 2 2 2 2 1 1 1 8 5 0 5 9 91 11 4 0 0 1 344 1 0 25 0 24 0 0 0 54 1 8 6 0 0 4 0 24 1 0 3 1 0 25 5 1 2 0 2 152 
6 0 228 0 3 0 1 1 2 3 0 0 30 0 14 24 0 5 0 0 2 4 5 6 8 4 7 15 101 280 0 0 1 0 1 0 4 8 4 0 1 1 4 7 22 2 3 3 23 0 3 1 1 0 8 2 0 0 27 3 0 8 0 13 
0 0 0 3 3 105 7 13 1 2 0 2 6 0 5 2 31 5 7 0 9 1 6 0 15 1 0 0 1 5 0 0 0 2 1 1 0 0 0 0 18 0 6 0 1 2 0 6 0 0 1 29 3 0 0 4 1 0 14 0 4 0 80 1 
1 1 0 1 9 0 10 1 2 4 6 0 0 1 0 6 1 0 3 0 2 6 0 7 0 0 0 3 0 0 2 27 4 14 6 3 0 13 1 2 4 202 1 8 1 3 22 1 1 1 6 1 20 8 1 0 7 5 0 40 0 4 8 1 
3 2 1 5 2 2 10 1 13 4 0 2 1 0 4 0 1 1 4 0 3 1 13 3 2 2 0 0 1 1 1 2 22 2 5 29 80 1 0 0 1 5 0 0 1 0 4 0 3 0 23 0 1 3 4 1 5 0 67 1 3 0 9 4 
0 0 6 1 0 0 7 1 7 0 0 51 2 5 9 0 20 4 2 0 3 8 1 7 24 2 2 1 1 3 1 0 24 1 13 5 96 2 2 4 1 0 1 20 18 1 2 50 4 1 1 0 8 0 0 2 0 0 0 1 1 3 0 8 
11 11 0 17 1 0 2 1 3 0 3 0 2 0 14 40 0 17 0 0 2 6 4 9 15 1 0 14 0 7 0 1 2 4 13 1 3 3 0 0 0 2 13 1 79 1 10 4 2 0 1 6 14 5 0 61 1 0 2 18 1 4 4 11 
2 1 0 0 0 0 0 48 0 0 2 7 3 0 0 2 0 2 0 2 8 1 18 2 1 1 2 9 0 2 0 3 0 1 4 4 1 11 10 10 2 0 2 0 0 0 1 12 2 3 0 0 2 0 3 204 1 3 2 0 0 3 0 0 
20 0 7 6 5 0 13 1 9 0 30 6 8 2 72 0 0 10 2 7 6 2 1 1 2 2 25 3 3 0 13 61 2 5 2 99 2 0 3 0 1 1 1 0 7 8 72 114 4 18 11 0 8 0 0 1 3 4 2 11 0 9 11 7 
36 1 1 3 1 7 3 0 0 0 0 41 0 0 13 6 0 3 11 16 31 20 3 2 3 0 1 1 0 246 5 6 0 17 0 0 7 0 4 1 11 0 2 0 1 5 3 3 6 1 4 3 1 1 2 1 10 1 1 1 2 0 0 0 
0 8 1 0 0 13 1 13 2 2 2 15 10 7 14 1 46 0 26 1 2 2 2 2 0 9 4 2 5 1 3 0 7 0 11 2 0 0 13 2 7 4 1 3 1 0 9 1 3 2 0 0 0 21 0 0 8 1 199 74 3 0 0 4 
6 5 3 1 18 1 1 6 8 2 8 18 6 26 6 0 1 1202 56 0 7 0 0 1 7 31 3 5 1 148 3 99 3 60 0 26 1 1 1 0 0 0 0 5 1 0 0 1 1 0 5 1 4 0 4 0 0 7 1 0 2 9 8 1 
0 2 2 2 0 8 1 0 3 6 1 4 0 0 2 0 4 0 4 4 0 1 16 1 1 12 187 5 3 0 5 229 0 3 2 15 5 2 0 0 8 0 2 0 5 9 3 16 1 5 0 0 0 1 2 1 5 0 1 1 1 0 1 0 
0 2 0 4 2 1 0 0 0 1 1 1 0 1 1 3 0 0 1 2 0 1 19 2 3 25 0 21 3 0 4 0 29 31 6 1 0 2 0 0 0 0 1 77 4 3 3 0 1 0 34 295 0 2 16 0 30 1 1 0 14 0 17 7 
46 2 1 10 1 2 1 0 2 1 4 0 0 13 4 3 1 5 1 47 3 2 17 0 0 1 4 0 3 0 0 0 0 35 9 10 12 0 1 15 0 3 0 0 0 0 1 4 3 1 1 13 0 2 5 1 0 15 8 0 0 1 5 1 
0 0 5 0 2 12 2 4 2 3 29 0 3 13 2 0 1 3 18 2 4 0 0 0 0 1 3 3 13 0 12 64 0 1 3 0 17 0 27 0 13 1 2 59 0 3 2 2 14 6 25 0 0 3 2 0 0 9 1 0 0 1 25 0 
11 7 0 0 11 18 37 3 4 318 0 0 0 0 5 3 5 1 11 7 2 3 0 1 13 0 2 10 1 0 74 5 9 2 0 23 10 2 2 3 3 10 0 16 34 2 1 8 1 14 1 2 17 2 1 1 26 1 0 108 21 10 2 2 
1 3 21 1 0 0 0 7 3 1 1 0 1 1 0 12 2 5 0 2 3 24 2 6 14 0 0 0 1 6 14 0 2 1 28 65 2 7 1 6 34 10 0 1 2 484 0 0 2056 0 1 3 13 1 1 1 4 0 99 0 0 27 2 0 
3 29 10 8 2 6 5 3 30 0 1 5 2 4 0 8 9 1 36 5 0 0 8 21 0 24 1 7 0 0 1 1 1 2 8 27 0 0 14 1 0 0 4 9 10 0 0 0 0 0 2 17 0 8 0 3 0 0 1 13 8 1 62 4 
0 4 1 12 1 6 14 12 346 5 0 2 0 19 3 0 12 2 9 12 5 1 10 12 1 1 12 0 5 40 1 1 1 13 13 3 11 0 25 23 1 0 0 1 0 3 1 8 0 2 5 12 0 2 29 0 2 1 0 1 1 1 6 3 
0 0 210 7 1 4 1 8 16 6 3 1 9 1 4 1 0 2 6 0 5 10 11 23 1 2 7 1 1 6 13 5 0 12 8 7 2 2 1 33 215 7 0 2 20 2 1 3 12 1 1 1 0 1 5 0 11 6 1 0 5 3 2 0 
1 2 1 3 4 0 0 0 0 30 8 1 0 0 8 3 15 0 1 0 1 11 0 0 33 11 120 0 0 0 6 0 227 1 5 9 558 0 37 0 22 35 0 1 3 2 6 5 0 3 5 2 43 0 0 9 0 15 7 16 1 18 0 129 
1 6 9 0 3 0 0 1 0 0 0 6 2 1 1 1 0 6 1 3 1 3 1 0 0 0 6 5 1 13 34 2 1 8 2 1 4 1 1334 0 6 0 3 12 0 1 21 1 1 1 1 0 1 0 3 26 0 0 4 0 1 6 10 1 
1 1 1 0 2 0 2 3 1 0 1 32 0 26 1 2 4 0 2 6 1 6 93 6 0 1 0 98 1 12 2 25 1 4 3 19 0 88 0 3 2 0 0 1 0 42 64 15 4 0 2 13 1 5 0 1 1 123 4 7 5 23 0 2 
1 5 1 1 3 0 0 10 5 0 3 0 2 4 1 0 16 33 0 4 1 2 5 1 0 87 1 54 1 4 34 0 2 5 4 0 106 29 18 1 2 56 0 3 0 4 1 4 2 30 0 3 1 1 59 26 0 9 1 0 3 169 63 2 
18 1 5 1 0 3 3 0 0 0 4 0 9 0 7 1 3 0 2 2 0 2 4 16 5 7 4 10 5 0 6 0 8 0 8 2 7 25 0 1 0 8 9 0 13 0 2 0 10 22 1 5 0 2 2 0 19 0 4 3 0 0 1 1 
0 22 27 84 2 2 37 0 7 28 0 0 8 43 2 4 4 8 0 1 23 33 3 0 0 0 0 3 1 39 1 9 1 8 1 0 1 1 1 0 1 4 12 32 19 0 0 0 1 0 0 1 1 7 11 8 0 10 6 1 4 2 0 3 
1 13 20 24 6 2 0 4 0 2 6 3 0 1 1 0 1 10 0 7 2 2 2 2 7 0 16 5 10 0 1 0 0 3 0 8 1 0 3 4 2 8 203 9 6 1 3 2 14 111 0 4 4 5 0 9 118 0 1 9 0 0 0 1 
2 20 15 8 2 4 0 7 0 2 1 3 5 6 0 1 0 10 1 9 110 10 18 0 8 0 3 3 6 1 0 4 1 0 7 1 1 21 0 1 1 11 0 4 2 5 4 0 1 1 82 8 0 4 10 3 5 10 0 5 1 3 2 1 
8 6 1 0 13 4 0 0 0 0 2 2 0 0 3 0 17 4 1 25 0 6 6 14 0 9 9 1 145 16 3 0 7 2 1 10 0 14 53 2 0 3 30 1 9 8 10 0 0 3 1 3 3 7 0 9 39 31 0 0 8 1 6 1 
5 9 0 0 4 0 7 0 31 0 5 10 0 0 0 2 1 0 18 195 22 3 1 17 1 1 106 0 25 1 1 1 2 40 2 17 2 2 2 1 64 1 2 19 1 5 0 1 1 19 25 35 0 10 0 2 0 0 70 1 9 6 7 0 
1 3 2 0 0 1 0 0 0 12 17 3 0 2 4 0 12 0 23 4 0 0 3 10 8 0 119 1 1 0 12 1 1 1 0 0 7 1 0 2 2 1 1 18 0 5 2 0 0 24 0 22 1 5 0 7 2 7 9 1 5 1 1 1096 
0 7 0 5 1 8 0 5 3 4 2 0 0 2 4 1 6 12 4 3 0 31 46 4 19 3 0 1 0 1 19 0 4 3 10 55 0 0 23 5 0 36 2 1 1 8 0 6 1 0 1 5 3 5 7 0 0 1 1 41 1 0 49 1 
1 1 0 0 21 1 0 0 6 5 1 0 11 1 3 2 0 16 0 0 1 30 5 210 0 70 3 9 0 12 0 66 1 4 6 5 0 21 2 0 0 14 6 1 1 3 229 1 0 0 26 8 2 2 0 0 11 48 1 25 10 0 7 0 
1 43 1 2 1 6 1 3 1 2 0 0 43 1 0 1 3 1 1 5 1 36 0 9 1 1 2 3 2 18 0 4 1 9 1 3 0 2 0 194 8 0 3 0 19 735 1 8 0 6 0 3 26 0 1 3 0 4 0 3 0 0 5 2 
1 1 1 0 2 3 0 1 1 27 18 7 0 0 7 7 0 0 5 0 1 0 237 2 4 1 1 1 1 4 0 1 10 3 9 65 7 1 0 1 0 16 0 1 1 0 8 2 3 4 0 1 1 1 10 0 0 0 2 20 1 2 478 4 
0 129 0 3 0 850 1 0 7 98 0 5 0 1 2 1 1 27 7 5 4 35 0 0 0 6 32 40 0 1 560 1 5 2 5 1 1 1 36 7 0 1 11 15 1 14 0 32 6 1 1 8 180 0 53 3 1 3 0 10 0 1 8 5 
0 1 1 207 25 1 1 16 0 1 5 1 39 1 1 2 2 15 1 3 0 6 0 0 5 16 0 6 7 1 6 0 2 3 2 4 9 18 5 1 1 1 0 3 1 8 6 0 0 0 26 11 11 15 3 2 10 29 8 1 27 1 1 13 
8 0 6 0 0 142 1 11 6 15 0 3 2 6 2 20 4 1 10 0 1 0 1 25 2 1 2 3 5 6 0 5 6 0 0 20 4 5 3 38 5 4 12 1 12 1 1 0 0 30 5 0 10 1 0 1 6 11 0 3 1 3 9 13 
38 16 5 2 4 1 0 1 66 0 1 1 2 31 1 1 10 3 6 0 10 0 0 12 12 0 0 0 0 11 0 0 0 0 4 0 2 2 3 1 2 2 24 1 1 6 0 4 8 1 36 3 4 122 3 15 9 3 1458 25 71 2 4 1 
3 4 0 0 2 2 1 6 0 5 6 0 3 0 3 6 3 5 19 2 2 0 3 3 0 10 0 0 1 115 2 0 2 3 17 5 3 0 0 1 2 0 1 1 40 79 0 0 3 3 2 1 3 8 1 0 3 14 0 18 39 499 1 0 
0 0 6 0 5 2 1 11 4 2 2 2 0 2 0 2 1 1 0 9 1 4 1 0 9 0 4 0 2 1 6 8 1 44 9 0 10 0 4 2 10 0 7 11 0 0 8 0 4 1 7 0 0 0 1 0 3 1 0 7 0 0 4 5 
1 0 3 9 26 2 0 1 10 0 1 0 0 3 1 3 20 1 0 0 3 6 1 1 0 2 4 4 1 0 0 6 80 6 0 0 0 23 1 1 5 6 2 17 1 2 35 2 0 24 1 36 1 0 11 1 0 236 0 66 3 4 2 0 
4 1 1 4 2 5 4 0 1 1 20 1 406 0 1 7 0 13 1 0 0 8 32 27 1 43 6 10 0 0 24 8 0 0 0 1 1 13 9 0 12 3 1 0 6 3 1 1 0 0 0 1 2 0 5 2 0 8 41 1 1 0 2 0 
0 33 0 0 23 3 12 1 9 12 8 1 1 0 6 8 21 4 0 12 1 4 19 2 2 127 4 5 0 0 12 7 0 4 0 3 7 9 0 0 5 4 2 701 27 2 0 6 2 5 0 2 0 3 1 2 5 2 0 2 2 1 9 1 
1 2 9 9 4 1 1 1 0 0 0 115 5 0 2 2 6 1 19 9 0 4 7 6 5 1 1 1 14 2 3 0 1 1 2 0 146 0 1 3 1 41 1 4 1 6 4 0 5 3 10 5 7 7 1 27 3 0 0 19 11 6 6 3 
110 0 0 2 3 138 1 0 1 0 0 1 2 5 3 6 0 6 0 5 2 1 7 2 0 1 4 0 11 3 0 0 5 3 1 300 0 4 29 0 17 5 7 107 5 3 350 1 0 8 0 0 1 6 1 3 3 10 0 18 1 11 0 0 
7 9 0 1 10 7 1 7 0 0 5 0 3 5 4 0 1 0 17 0 6 3 0 2 3 0 0 19 3 5 11 3 1 2 1 4 9 0 4 2 9 1 0 3 0 23 3 1 6 6 2 0 7 1 0 1 1 0 6 8 1 3 2 9 
3 1 3 4 0 7 1 1 7 2 24 1 3 0 0 8 0 0 1 3 2 3 1 20 0 43 1 41 0 5 0 18 2 5 1 0 2 1 2 0 71 1 0 0 6 0 0 0 4 18 1 3 9 20 0 7 1 27 2 9 86 0 0 1 
7 5 1 0 0 4 2 4 5 26 0 4 1 6 0 0 2 2 9 4 26 1 2 0 3 0 4 13 6 7 0 12 3 3 3 8 2 3 1 1 0 2 0 0 7 0 194 1 6 3 1 0 98 8 0 25 0 51 0 0 3 3 0 4 
145 0 1 0 2 1 0 4 8 1 2 1 25 4 5 3 16 1 21 1 2 6 2 8 1 1 6 1 1 4 0 2 3 0 3 2 1 6 2 2 10 9 1 0 0 2 1 0 0 2 148 8 2 0 3 0 1 6 80 1 0 3 8 2 
10 3 0 3 6 1 8 0 2 0 2 3 20 1 7 2 0 37 1 4 5 1 20 4 4 0 1 5 2 0 0 21 93 8 0 2 9 0 26 4 0 4 0 11 13 0 5 0 27 0 2 0 0 26 0 16 20 11 2 7 1 0 0 9 
1 0 7 0 1 2 25 0 1 1 3 8 1 15 0 0 6 14 5 24 0 1 10 1 8 1 0 0 3 1 6 25 0 6 7 7 0 3 3 2 14 8 1 8 38 0 1 1 1 2 0 6 6 12 2 1 0 1 0 15 1 2 3 2 
3 4 1 0 0 2 0 10 0 4 20 11 2 1 2 1 0 9 13 6 0 4 11 1 2 1 0 0 0 6 4 1 1 23 2 1 13 1 7 0 3 1 0 0 19 0 1 0 2 0 0 3 1 1 4 185 1 6 4 2 0 3 3 2 
0 4 0 7 1 3 1 0 4 16 1 0 0 8 1 0 2 1 1 1 45 0 26 85 2 7 2 0 6 2 16 0 0 0 2 0 0 3 4 0 6 4 1 1 5 0 0 3 3 1 3 0 1 1 47 1 2 1 7 13 0 48 4 0 
0 1 0 1 1 12 8 5 0 3 2 3 0 0 1 1 3 0 2 99 6 0 0 1 8 17 1 1 1 5 0 3 7 28 3 21 1 6 1 1 4 5 6 12 3 8 10 22 2 1 5 2 34 0 1 8 3 5 0 28 1 0 7 12 
20 0 0 0 0 0 6 4 1 1 23 6 0 1 1 10 3 4 15 0 1 5 0 1 5 0 10 3 2 5 4 0 3 2 0 1 0 1 0 29 1 1 2 3 3 9 9 6 2 28 6 3 2 4 2 0 1 1 0 0 42 18 7 1 
1 26 0 0 0 3 23 2 11 13 2 1 0 2 4 8 13 12 25 0 3 0 11 1 2 0 3 0 0 30 13 1 0 9 552 7 6 29 13 125 0 1 3 0 68 0 1 6 13 0 6 19 1 0 6 1 16 8 2 1 0 0 1 1 
4 1 3 1 1 2 1 0 0 0 2 1 7 15 21 0 9 1 42 2 6 7 1 24 8 9 24 6 17 9 7 4 2 13 2 3 1 0 2 47 0 0 1 2 1 6 0 3 0 1 0 7 0 1 1 15 0 5 6 3 2 0 2 1 
0 1 279 0 1 1 32 2 7 5 1 4 8 0 56 236 12 0 8 0 1 2 1 34 1 0 10 20 1 3 6 0 0 0 2 9 26 7 0 0 1 1 0 7 4 0 1 21 82 1 0 0 1 5 0 0 0 2 0 8 0 107 0 0 
0 0 1 6 11 33 1 0 2 8 12 1 21 1 1 1 1 178 0 0 8 1 1 0 1 0 1 0 1 1 10 1 9 0 0 2 0 20 75 1 2 0 2 0 0 2 16 1 10 1 0 12 20 1 5 9 0 13 1 3 3 6 21 0 
24 2 1 3 1 1 3 9 1 1 0 13 1 0 9 13 1 1 0 4 1 0 13 1 0 2 0 1 0 0 0 44 0 16 2 1 2 1 2 18 1 0 13 0 17 2 1 4 18 4 6 82 12 0 32 1 0 1 36 1 1 0 1 4 
0 4 8 9 11 0 6 2 0 5 2 2 0 2 0 8 0 0 35 0 0 45 0 2 0 0 14 15 57 1 5 90 0 0 0 0 0 1 0 1 1 1 0 0 0 0 2 0 2 1 3 33 2 0 3 1 0 0 3 6 31 6 0 0 
1 0 1 0 7 3 18 35 5 1 27 21 631 1 2 2 66 1 11 7 33 15 26 0 0 0 0 7 0 0 0 16 0 34 9 26 2 0 36 0 17 41 4 0 2 1 3 1 3 0 66 0 4 1 1 0 0 0 6 7 0 3 3 0 
5 11 15 1 0 2 0 1 1337 0 2 7 12 1 2 0 4 1 2 0 3 37 3 0 3 2 0 8 1 6 7 9 9 1 3 2 0 5 6 31 0 2 4 2 0 52 2 0 3 0 3 1 1 1 2 3 1 0 0 0 1 4 41 1 
1 0 0 123 1 7 26 0 1 2 5 1966 7 26 2 1 10 24 0 2 0 7 0 7 1 0 2 5 3 8 2 6 0 0 2 0 2 4 2 0 74 1 0 0 0 0 2 7 10 0 24 2 1 8 86 1 4 0 1 1181 1 2 0 2 
1 3 2 1 2 1 4 9 1 0 0 0 18 0 6 1 0 22 212 1 0 0 0 289 0 12 2 1 4 0 5 2 0 4 2 0 145 1 1 6 0 1 1 1 9 2 9 0 0 6 0 7 3 0 8 1 0 2 5 0 195 31 1 0 
6 2 6 0 19 59 0 3 1 2 1 1 1 5 9 0 2 9 151 18 17 0 5 1 1 8 1 2 0 4 2 3 0 18 1 71 1 1 4 3 0 0 0 2 2 6 1 6 0 12 4 10 6 14 4 7 0 1 5 0 2 0 0 0 
0 3 2 4 9 0 8 0 1 0 2 9 3 1 12 1 0 33 23 5 2 1 0 3 6 18 0 0 0 1 1 17 5 2 3 13 2 0 2 0 18 2 3 2 0 10 6 4 0 0 6 2 22 0 0 59 10 1 0 5 6 7 1 0 
0 16 2 0 10 2 0 1 4 2 4 0 0 9 1 2 2 1 0 3 5 4 0 4 0 5 4 3 100 0 1 1 0 1 15 0 6 52 1 7 2 6 5 18 1 17 8 1 1 0 0 0 0 5 0 1 0 0 3 20 9 0 2 2 
0 28 0 25 2 1 0 195 15 0 1 1 2 0 0 365 4 0 12 1 3 0 0 12 0 0 4 1 1 5 3 1 5 2 1 0 16 4 0 1 1 1 0 2 9 0 4 2 0 3 11 0 0 5 12 1 1 89 0 2 1 0 1 6 
3 0 2 7 4 0 7 0 6 1 1 42 1 18 1 0 1 0 8 89 0 1 1 7 0 1 0 0 1 0 1 5 6 9 4 0 0 0 1 2 2 1 0 0 0 1 11 12 1 10 2 8 33 0 3 4 1 0 1 0 29 2 1 1 
0 5 5 0 2 4 1 0 1 1 1 3 0 2 0 40 1 0 1 1050 4 11 8 5 1 1 1 5 4 1 0 0 6 13 1 7 0 0 0 3 3 13 2 1 0 4 1 293 5 6 1 7 0 31 0 0 7 18 1 27 4 124 12 1 
72 1 0 1 3 3 6 0 7 0 11 1 0 6 0 10 2 4 25 2 5 0 1 0 1 6 0 0 0 5 2 5 12 0 4 248 44 405 1 14 1 7 14 0 3 27 1 7 0 4 1 8 0 0 29 9 10 0 15 8 1 0 0 124 
6 1 1 0 1 62 4 0 60 2 8 0 1 1 86 2 10 29 1 1 0 4 0 1 1 0 10 2 3 2 0 0 1 1 0 0 2 1 8 0 0 1 0 1 0 2 3 3 1 20 4 0 1 6 12 22 0 16 12 19 0 70 0 1 
184 0 154 22 5 3 8 1 5 9 1 7 10 7 5 34 10 8 1 9 1 1 5 10 0 0 4 3 3 1 0 3 0 3 75 3 0 2 3 10 9 0 6 2 2 0 5 128 2418 2 1 1 1 0 0 1 6 0 9 6 1 0 19 0 
2 2 1 2 2 5 1 16 20 0 3 4 7 0 43 0 1 0 7 7 0 0 8 1 118 30 2 1 39 0 0 1 1 1 0 26 13 1 16 1 1 0 3 9 1 4 3 22 6 23 3 2 13 1 6 5 0 27 21 2 0 1 0 0 
26 177 7 0 0 3 56 1 1 4 0 0 0 2 0 0 0 24 2 1 0 11 0 1 161 1 0 27 1 25 10 1 27 7 6 2 0 1 4 36 11 1 2 7 5 0 0 1 0 1 9 1 1 1 26 0 5 3 2 2 0 6 0 2 
3 11 2 0 16 20 3 0 11 0 44 5 19 2 0 0 0 0 155 1 0 1 1 21 2 4 1 1 2 186 3 6 0 2 0 4 1 0 0 12 1 2 8 1 1 41 1 10 2 2 0 1 4 0 0 4 22 1 0 1 0 53 0 20 
0 3 0 9 19 5 7 0 5 18 0 1 0 3 2 1 28 0 1 2 1 1 1 3 0 2 0 0 3 0 2 127 25 4 3 0 3 6 0 1 0 2 2 0 205 2 0 191 0 1 7 9 3 4 0 5 1 0 0 4 2 24 7 4 
1 0 10 0 5 8 34 0 0 6 1 5 9 2 36 0 10 0 1 1 4 4 0 0 1 0 1 0 13 13 0 54 1 2 0 2 28 1 1 0 1 1 0 0 0 2 19 1 0 0 2 1 0 2 0 75 20 1 15 3 0 0 1 0 
3 7 23 303 2 1 4 1 1 3 0 1 2 0 0 5 4 0 1 0 1 0 1 5 1 16 0 2 101 0 4 0 0 8 0 1 0 1 3 3 414 7 6 54 3 5 2 0 8 0 5 0 28 93 5 0 4 0 0 573 0 3 1 16 
0 1 0 0 2 1 27 0 1 0 2 1 2 3 19 1 2 8 7 2 2 0 2 4 0 0 0 0 1 2 0 0 1 0 2 24 1 1 2 3 7 0 0 0 0 3 1 7 1 3 19 0 1 3 0 2 0 0 0 6 2 23 0 0 
7 19 1 48 1 1 16 1 2 1 2 46 22 0 9 0 2 3 1 0 12 0 10 0 45 0 1 5 0 1 1 5 0 2 6 1 0 3 1 0 0 0 3 0 1 1 3 1 0 2 1 251 1 5 0 0 2 8 22 17 2 11 1 0 
1 19 0 5 3 25 2 1 0 0 0 0 50 1 1 0 2 1 3 120 10 1 0 1 2 11 4 0 0 29 27 1 2 3 2 20 1 1 0 1 3 2 0 0 2 1 27 1 1 29 4 10 0 7 138 0 1 1 3 0 5 0 8 16 
38 1 1 0 0 12 0 4 17 7 54 0 1 1 1 1 1 5 3 2 6 1 0 1 1 0 1 1 13 44 1 13 9 39 0 0 3 9 0 7 6 1 15 2 27 3 8 1 17 26 5 0 2 0 12 0 2 2 0 8 47 0 4 1 
37 0 3 0 0 3 0 1 0 7 27 2 5 3 0 9 14 8 16 0 0 0 2 0 0 11 4 1 9 1 0 4 2 8 0 1 0 12 1 8 1 4 75 5 1 201 1 2 1 1 0 1 6 3 1 0 9 0 0 0 0 0 2 0 
0 2 0 1 7 0 0 7 2 0 2 3 20 3 41 0 2 0 0 3 19 28 15 1 2 14 45 3 2 1 5 0 0 2 3 1 0 0 1 0 2 2 0 0 10 2 3 2 35 0 0 1 2 17 103 2 8 0 7 18 5 47 5 0 
1 3 1 44 2 1 0 5 10 0 4 5 4 2 28 0 1 0 207 1 1 0 432 0 1 8 3 4 0 0 2 0 1 6 2 0 0 1 7 0 3 1 1 0 3 527 0 7 4 4 51 6 1 0 5 0 0 2 1 13 71 0 2 2 
0 0 2 253 0 2 0 29 4 0 0 1 1 0 9 4 0 5 1 5 1 1 8 55 18 2 0 2 0 0 0 29 1 27 3 7 5 0 0 0 1 0 7 0 1 4 3 2 148 2 0 12 0 2 0 0 0 3 0 7 0 1 0 2 
5 48 0 14 29 1 0 0 0 2 0 6 0 0 5 1 0 12 0 2 1 3 2 113 199 37 8 0 2 7 2 1 10 4 4 14 1 20 7 61 0 42 1 0 2 2 1 1 5 6 1 3 378 1 0 0 0 1 1 7 5 4 2 2 
4 175 25 0 1 22 2 2 15 26 0 1 2 12 1 1 1 7 8 0 1 3 29 4 1 0 2 0 0 64 4 3 4 4 2 14 7 10 3 25 2 4 0 1 0 5 0 52 0 0 2 3 1 2 4 3 0 2 0 0 0 1 2 4 
2 1 0 7 0 1 0 5 0 15 1 3 9 17 4 32 0 0 0 6 2 0 6 0 388 0 0 0 3 0 2 0 0 36 1 2 18 8 0 7 0 6 10 0 4 0 0 2 6 4 2 1 52 0 20 5 4 1 1 0 0 0 2 4 
1 2 0 40 1 3 12 1 7 6 1 1 1 1 0 28 1 1 1 16 119 0 0 7 0 92 70 3 1 0 1 0 0 16 4 7 1 3 4 0 0 0 2 0 14 0 0 0 1 10 0 17 0 0 0 2 0 0 3 0 8 0 0 1 
2 5 10 4 0 5 7 11 80 1 3 1 3 4 0 0 130 0 4 23 0 0 0 4 1 5 1 30 44 0 3 3 9 18 2 8 18 4 0 3 4 1 7 0 0 7 7 1 1 0 0 8 0 3 1 22 14 10 4 13 5 1 7 2 
1 6 0 0 2 5 4 2 20 1 0 1 2 1 1 1 3 0 1 10 27 1 1 11 1 7 1 502 0 13 0 0 12 0 1 7 0 2 0 0 10 0 12 8 0 1 10 1 0 0 0 2 1 19 1 0 0 3 2 0 1 0 2 27 
1 0 1 2 10 0 3 1 64 22 2 4 3 1 0 11 6 0 3 0 7 0 0 3 8 0 8 11 254 125 1 6 0 0 0 0 0 1 0 2 3 3 29962 2 4 1 0 1 0 8 0 0 0 31 3 0 2 0 0 19 2 7 95 52 
1 2 1 1 1 1 0 1 0 15 1 0 7 1 9 1 1 1 5 0 1 5 1 0 2 2 1 0 0 14 5 12 9 16 0 622 6 0 0 1 9 2 4 3 26 6 0 7 1 60 3 91 9 10 3 0 19 5 2 0 1 1 0 3 
0 0 9 1 1 2 0 0 2 2 25 1 10 0 2 0 3 0 3 8 0 2 0 1 6 0 2 1 6 581 2 1 0 1 3 6 2 11 115 0 7 6 7 1 4 4 0 2 22 0 426 0 34 0 0 1 8 11 25 0 7 1 1 0 
0 0 1 1 0 38 0 0 74 55 0 8 15 1 14 0 0 0 1 13 1 2 2 0 1 2 0 1 5 2 7 6 3 3 1 56 0 9 3 1 0 0 0 1 0 0 36 0 18 2 1 2 0 3 246 12 164 4 5 0 16 5 5 0 
0 8 0 20 8 0 0 0 7 6 5 4 8 0 5 1 2 5 1 0 11 1 0 4 11 0 1 0 17 0 0 4 3 0 0 1 0 438 0 1 135 3 0 0 3 7 1698 0 1 0 1 1 0 0 98 2 23 27 21 0 1 2 3 2 
3 0 5 2 0 27 4 8 0 11 0 0 14 1 0 4 10 1 3 11 0 1 1 11 5 518 18 0 9 0 4 0 0 3 38 0 1 0 2 1 0 1 1 20 1 57 1 4 9 0 13 2 0 22 16 0 1 1 2 0 0 34 0 2 
10 19 0 1 0 12 1 1 5 1 2 7 3 2 1 0 9 4 0 1 2 3 0 9 0 1 0 4 1 0 8 0 0 1 2 1 1 30 8 0 1 3 1 12 1 0 0 0 8 0 10 2 0 0 1 174 23 0 0 19 1 1 11 1 
20 1 804 25 3 2 5 3 3 0 12 7 9 3 12 0 0 0 13 3 0 28 7 0 40 5 8 11 0 7 42 0 6 0 20 2 0 2 18 0 3 0 32 0 1 1 4 4 0 4 5 5 4 33 6 1 2 2 1 10 0 2 0 7 
0 14 0 5 5 2 8 1 4 0 35 4 9 22 2 1 0 11 3 12 2 42 100 41 0 2 1 14 0 3 0 114 21 0 1 0 0 2 0 10 3 3 0 0 8 8 0 0 1 1 11 29 2 7 1 8 33 5 1 5 6 0 1 2 
22 0 6 1 0 0 163 18 3 0 0 0 1 8 3 0 13 6 0 0 0 15 0 12 0 0 3 2 2 0 14 50 0 1 2 23 3 20 1 0 62 15 10 1 0 0 0 15 8 2 184 11 10 6 0 5 2 0 0 4 0 1 2 1 
0 3 1 0 1 7 11 17 0 20 15 147 0 0 1 4 1 10 0 0 0 27 1 0 2 3 0 1 1 1 0 1 12 23 4 0 0 2 8 0 28 6 78 0 4 3 0 0 15 9 3 0 0 0 0 6 7 0 12 1 22 1 8 2 
0 0 0 2 0 0 202 200 32 2 514 1 3 0 1 2 0 6 2 0 11 0 15 0 0 0 5 4 2 18 0 3 57 0 1 8 5 0 0 2 1 2 1 0 2 7 29 0 0 1 20 4 10 1 0 2 0 1 0 0 1 0 7 0 
4 21 1 52 0 0 5 0 6 24 2 24 23 1 1 6 6 2 0 1 0 316 0 0 2 6 1 1454 329 16 7 15 2 0 0 5 24 2 5 5 2 0 16 264 7 0 2 1 0 1 2 9 1 0 1 2 0 1 1 5 15 7 3 1 
2 13 1 3 7 4 1 0 7 0 31 0 0 2 2 2 4 4 5 2 4 7 0 1 8 1 6 0 1 14 1 7 4 7 2 2 0 116 1 7 1 0 6 1 0 0 1 0 1 2 0 1 1 1 14 2 0 0 8 1 0 40 0 6 
0 19 9 0 2 1 6 0 1 18 4 2 0 82 10 16 8 26 8 5 0 1 0 1 2 1 5 0 2 1 26 1 0 30 0 5 1 0 6 0 0 3 0 2 10 0 1233 15 0 0 45 17 4 1 4 6 0 0 3 2 0 0 1 1 
2 5 0 12 1 1 0 0 2 4 0 3 2 2 2 8 0 4 2 29 9 0 0 1 23 0 0 5 0 34 2 0 0 0 0 0 0 0 1 4 1 3 1 6 14 1 7 3 589 0 0 1 0 2 0 1 4 2 1 0 3 1 58 12 
14 1 12 0 1 24 4 4 1 4 1 2 546 5 3 3 1 1 0 0 2 0 0 2 7 0 2 1 6 0 49 1 7 0 1 1 0 0 0 3 0 0 0 0 2 1 1 1 14 0 1 1 0 2 0 0 0 1 3 1 16 0 2 0 
0 2 2 12 0 0 0 1 2 49 3 5 2 10 0 8 1 3 0 1 35 2 3 1 3 9 0 2 0 0 4 11 11 28 0 0 5 0 9 6 0 19 33 0 7 2 9 29 0 4 0 94 0 11 6 0 0 0 0 4 0 0 2 3 
0 7 17 14 2 0 2 0 0 4 12 2 15 6 12 0 0 0 6 31 3 0 1 1 0 1 0 0 0 5 0 21 49 1 4 3 6 21 1 3 9 3 1 0 9 5 0 1 1 0 2 5 23 1 3 0 3 1 4 2 0 0 6 3 
1 0 3 7 7 1 0 12 3 0 0 9 1 0 8 0 30 0 1 2 5 0 0 12 30 0 0 4 1 0 0 0 0 1 3 0 7 4 12 0 2 0 0 3 0 3 3 5 6 118 11 4 0 2 0 0 20 8 132 7 0 4 0 1 
0 8 24 1 17 1 5 1 6 2 5 1 16 0 0 8 21 5 0 1 0 0 0 2 6 6 10 0 4 3 0 7 2 2 2 314 0 5 0 0 10 6 2 1 1 0 5 42 0 1 14 0 1 0 13 0 2 10 14 8 11 4 0 2 
0 3 1 0 0 1 3 6 8 31 2 0 6 2 9 7 0 50 0 1 0 21 6 6 68 0 1 4 7 3 2 23 0 2 1 3 1 0 0 6 2 6 1 0 1 7 2 5 2 10 0 1 2 1 0 1 0 0 0 0 7 14 0 5 
0 5 10 0 3 1 6 0 8 0 1 2 1 3 0 2 1 0 43 0 21 5 245 18 0 1 3 11 3 2 2 19 4 6 5 0 2 0 2 5 0 1 1 7 6 0 0 0 91 1 1 1 31 3 1 9 1 0 12 0 2 3 19 5 
25 409 30 3 1 1 5 1 10 10 54 4 0 2 1 1 1 2 3 0 0 12 2 2 5 3 1 0 4 6 1 0 112 1 1 3 3 0 52 3 5 1 2 0 6 0 1 5 6 0 0 2 3 48 1 4 21 6 1 10 0 3 0 16 
0 5 0 7 0 16 1 1 1 13 0 0 0 0 7 2 1 35 7 1 66 421 1 17 3 1 0 0 1 0 3 1 1 2 2 4 2 0 1 8 263 0 6 5 3 0 0 5 2 0 1 12 0 2 4 15 0 4 0 2 30 1 6 3 
4 10 2 0 0 0 4 1 179 4 16 3 1 3 1 0 2 0 4 2 2 2 6 1 0 2 1 0 0 1 0 3 2 31 65 20 1 3 2 0 37 0 0 5 0 1 0 0 8 63 4 1 3 1 1 1 0 7 1 54 4 5 4 4 
0 3 2 7 1 5 29 3 5 13 5 5 1 0 4 0 4 1 5 3 11 4 6 2 0 6 1 11 30 1 1 2 1 2 1 87 4 1 0 54 0 26 0 0 2 0 0 0 0 3 3 1 0 26 5 0 6 1 20 3 0 1 0 0 
0 7 7 2 3 0 7 9 0 2 0 12 0 0 2 2 1 5 1 9 0 52 38 5 0 0 0 11 3 1 0 0 0 1 2 8 1155 1 1 15 15 2 2 3 0 13 5 0 6 0 3 1 1 9 1 11 1 2 4 17 2 14 1 2 
0 0 1 0 1 1 0 4 5 1 0 0 3 0 7 0 8 0 0 3 2 0 0 8 11 3 2 2 0 32 0 1 0 75 9 25 11 0 1 1 6 2 1 0 0 2 2 5 3 0 0 2 12 13 58 1 1 9 1 0 2 4 1 0 
10 0 0 83 3 2 3 1 4 1 0 3 0 5 11 2 6 1 7 8 49 0 8 4 1 3 1 7 0 53 4 0 1 5 1 1 0 1 328 1 0 0 1 0 3 1 0 4 1 0 2 0 0 0 0 5 1 52 184 0 8 19 1 1 
6 1 6 5 4 0 1 0 8 34 3 0 2 1 2 29 3 0 0 5 3 9 22 0 0 5 7 3 3 0 1 2 15 7 0 0 1 29 11 1 3 0 0 15 0 5 3 4 1 0 2 25 5 2 1 0 122 11 2 4 0 0 0 5 
4 0 2 0 0 0 13 1 15 4 0 1 0 0 0 1 20 4 4 1 31 50 0 32 0 0 2 1 3 1 1 2 0 11 1 6 3 5 1 1 1 1 7 0 0 0 3 2 615 0 5 2 5 0 0 1 0 1 1343 1 10 5 8 2 
1 0 0 0 0 0 1 1 6 2 2 2 0 0 1 37 6 19 4 5 1 0 1 3 0 0 2 1 2 0 3 0 0 0 1 0 2 2 4 0 2 7 8 1 1 0 0 1 7 21 367 0 5 1 4 3 35 13 2 31 2 2 29 0 
0 1 1 4 2 23 0 1 1 9 2 0 0 3 2 0 1 9 2 0 8 0 1 0 0 15 10 3 5 3 0 5 0 10 2 9 18 1 0 0 3 27 0 15 1 9 2 4 4 0 13 0 1 0 0 1 5 2 7 46 1 0 17 8 
0 1 0 7 2 0 2 0 1 2 6 2 0 9 2 20 0 2 10 19 0 4 1 0 8 15 1 3 17 16 5 6 1 0 9 5 0 2 1 0 0 1 2 0 2 26 2 0 0 5 23 59 3 1 1 1 7 5 3 1 2 10 0 1 
7 0 22 3 0 3 1 1 1 7 5 2995 95 0 10 10 6 2 6 0 0 2 0 0 0 1 75 239 8 0 5 4 14 0 18 0 15 0 1 3 1 1 0 1 0 0 1 89 0 20 4 0 2 9 1 1 3 10 6 4 0 1 2 1 
1 3 0 3 1 14 1 1 18 9 3 4 0 1 102 4 3 1 14 0 0 1 1 0 8 0 0 1 41 5 0 0 0 3 0 1 0 6 11 1 2 1 10 1 3 2 1 4 0 5 4 2 25 3 0 9 0 1 0 0 6 2 3 0 
2 9 1 51 125 2 0 9 8 1 7 25 12 3 6 0 3 9 22 6 4 0 446 24 0 1 2 2 1 3 1 2 6 2 14 2 2 0 0 5 12 2 9 1 4 1 3 2 0 2 1 0 15 2 0 28 0 1 7 0 6 6 14 15 
8 3 0 2 3 6 1 1 3 2 0 20 1 3 7 1 12 7 0 6 61 1 0 2 1 2 1 4 1 0 12 1 8 423 3 1 1 5 3 7 4 0 1 31 0 0 2 8 2 1 4 1 8 15 0 1 0 2 0 0 0 2 5 1 
2 2 0 1 5 4 0 13 80 2 1 3 4 4 2 172 0 0 2 4 0 8 0 0 1 2 1 5 1 0 4 0 1 1 0 0 0 8 0 14 38 1 4 11 1 1 1 0 0 1 0 10 0 0 0 0 2 2 0 0 1 5 1 1 
58 0 2 12 1 0 12 3 27 15 0 1385 2 0 18 0 8 0 2 1 9 9 29 2 21 9 0 6 2 14 5 6 1 0 0 4 0 1 14 3 7 1 1 0 1 15 0 1 14 1 4 12 2 0 0 0 1 0 14 1 2 1 2 5 
1 17 5 0 6 2 22 1 2 1 0 2 1 0 5 118 21 12 0 0 9 1 1 10 3 0 0 7 7 2 0 1 0 0 4 3 9 3 8 0 0 5 4 0 11 27 0 0 0 2 7 0 2 2 1 0 2 0 148 0 14 1 1 1 
27 0 11 4 1 7 2 7 0 6 6 0 6 1 0 109 0 10 6 5 0 12 3 9 6 2 0 23 10 2 5 5 0 2 3 30 28 6 1 0 3 17 0 28 1 5 34 4 14 2 15 9 0 0 0 1 1 0 0 7 7 1 4 2 
1 48 2 0 0 7 0 8 22 0 2 10 0 13 0 99 92 7 0 2 4 6 29 13 4 16 0 6 8 9 19 2 1 0 2 0 20 3 3 0 1 10 6 0 1 0 1 0 5 1 49 0 1 7 1 7 0 2 6 6 0 10 0 2 
2 9 0 0 2 29 1085 7 0 1 1 73 0 13 11 1 0 0 0 10 0 7 2 74 1 6 1 0 0 5 1 1 13 32 1 3 3 73 3 5 13 0 1 19 16 1 2 35 0 205 1 6 1 4 5 0 1 1 0 3 5 25 0 0 
0 0 27 2 6 0 4 5 6 0 0 0 0 2 11 1 1 0 0 0 47 5 0 16 1 1 2 2 34 0 1 1 1 4 0 11 1 34 1 23 0 34 9 0 2 2 0 3 1 0 1 6 0 24 1 3 6 2 2 1 0 3 0 0 
2 1 17 37 3 16 2 0 5 1 1 1 7 8 1 0 0 0 0 0 1 11 6 5 14 0 171 2 0 11 52 2 2 2 34 1 7 3 3 0 3 2 0 8 1 0 4 1 77 13 0 0 1 4 1 35 1 7 2 1 3 2 1 0 
6 0 1 1 12 13 0 0 2 58 2 0 1 7 1 0 0 2 0 0 1 2 1 0 0 3 0 1 4 8 0 1 0 0 1 0 17 0 1 3 1 2 6 2 7 5 23 0 7 0 5 8 4 3 12 4 3 3 0 6 2 6 17 0 
0 1 3 7 79 0 0 0 1 3 0 14 0 15 0 6 5 2 18 23 0 2 1 0 3 1 0 0 8 9 18 0 5 1 5 9 0 19 0 2 0 0 0 1 1 16 11 9 1 0 24 0 3 1 4 2 0 0 20 2 0 1 0 1 
1 10 0 5 0 17 0 11 18 1 7 1 0 4 2 0 42 8 0 5 1 91 6 0 3 2 1 12 0 58 2 0 5 7 7 4 6 0 58 2 4 301 5 4 0 1 0 0 14 1 14 4 0 6 6 0 4 20 6 0 0 4 23 2 
3 1 2 0 3 16 1 3 0 75 3 3 81 4 0 3 1 7 0 9 0 5 23 7 0 1 2 32 14 7 2 0 0 0 0 29 0 1 25 22 1 1 0 1 1 30 3 39 0 1 0 11 1 7 0 1 0 0 0 3 9 0 222 2 
2 1 25 15 1 32 2 4 29 4 1 0 1 0 20 10 9 1 0 1 0 0 4 3 1 0 10 7 16 3 4 0 0 11 2 1 1 2 0 0 0 0 0 21 2 0 2 0 1 41 2 0 2 1 1 0 2 0 8 1 1 2 0 2 
5 7 1 0 0 0 4 10 2 2 0 7 1 10 0 3 4 14 3 0 1 10 6 1 815 0 0 0 43 5 1 2 0 0 0 0 1 2 1 1 15 2 12 1 12 5 2 3 0 8 0 0 2 1 0 0 1 0 0 4 4 0 8 40 
1 4 1 46 2 2 0 1 31 1 0 0 2 21 1 0 5 4 3 2 20 13 1 0 4 1 4 62 1 2 1 4 1 0 3 2 10 5 9 5 3 1 37 0 1 5 0 2 0 1 0 0 77 62 6 9 0 2 0 11 16 10 24 1 
172 0 3 0 14 1 0 0 5 2 0 16 9 7 4 0 2 1 1 5 4 2 405 9 0 5 0 8 2 18 2 3 3 18 2 1 1 3 2 0 6 0 1 0 2 0 4 16 1 0 4 1 19 2 10 13 0 0 16 0 41 0 0 0 
103 72 2 4 5 12 8 1 0 3 1 2 2 3 4 1 1 0 22 0 3 1 2 0 2 6 4 11 17 5 1 8 3 0 0 0 0 45 1 1 8 1 228 6 22 3 3 3 23 53 0 0 0 0 10 13 2 1 19 0 14 2 0 1 
1 9 0 1 1 6 3 1 5 4 0 1 3 1 4 1 61 5 2 11 2 0 0 1 1 0 0 0 1 1 0 0 0 3 1 0 20 2 6 0 5 2 0 0 0 53 16 1 2 2 33 10 1 1 1 0 0 0 5 5 2 2 28 0 
0 0 10 1 1 1 9 1 1 6 0 28 13 8 1 2 1 2 1 2 7 1 1 1 4 16 6 144 2 18 1 1 0 7 121 3 354 1 3 8 0 15 2 0 0 6 1 1 2 7 0 1 0 3 7 837 0 0 0 2 0 53 64 0 
1 5 5 26 3 33 0 1 0 8 0 3 0 15 0 1 0 0 2 2 2 176 0 2 2 10 15 14 2 2 6 11 7 0 14 1 4 0 3 2 44 0 2 0 9 547 0 0 3 1 24 14 2 4 0 1 39 4 4 0 2 14 0 0 
1 6 16 81 5 0 11 2 152 0 0 0 9 1 0 1 4 0 1 7 2 1 0 11 1 0 11 3 17 3 0 1 0 8 1 0 1 21 0 975 37 4 0 0 0 0 1 1 1 13 2 0 0 0 6 7 26 4 11 2 0 3 1 0 
0 2 3 0 0 1 7 0 19 0 0 164 3 4 7 22 7 1 0 6 55 1 6 4 1 1 3 0 16 1 3 7 10 0 1 17 40 4 9 0 0 11 2 23 1 0 7 0 2 2 3 2 1 13 1 13 1 0 3 15 40 0 1 0 
3 1 29 2 3 3 0 1 3 0 7 0 10 7 0 0 0 7 1 3 0 0 17 1 2 8 4 0 4 4 0 2 0 9 1 5 66 3 2 16 128 2 4 23 0 0 1 0 6 11 2 3 1 6 14 5 8 4 62 4 0 7 2 1 
1 7 0 1 1 0 0 2 3 7 8 1 0 10 1 1 0 0 3 0 2 0 12 0 2 3 0 2 1 3 56 0 1 1 6 6 1 150 1 1 13 0 0 0 0 0 163 0 0 0 16 1 6 70 1 15 0 1 3 8 6 0 1 3 
1 2 10 0 0 0 28 9 7 3 6 10 0 2 5 1 3 1 10 5 0 7 12 6 1 4 0 1 1 16 0 2 0 2 0 56 8 2 23 7 1 0 2 8 9 7 23 1 22 1 1 35 11 2 1 1 1 0 1 6 3 6 4 9 
0 12 0 1 4 3 1 0 1 8 1 0 6 4 3 0 3 2 0 0 0 1 2 2 0 0 1 6 2 338 0 0 0 5 3 4 4 3 1 0 0 3 18 1 2 1 1 50 1 7 16 1 0 7 8 2 1 8 25 3 0 2 1 14 
1 0 0 1 1 0 1 18 0 0 47 4 10 2 0 0 4 0 4 0 0 2 4 0 1 5 3 1 1 0 4 7 2 0 0 2 0 4 0 6 3 20 3 24 3 1 12 0 0 7 0 1 0 3 1 0 2 5 0 59 2 0 1 2 
190 0 3 0 11 0 0 5 10 0 0 2 2 0 1 0 0 1 0 1 0 2 0 0 96 2 8 5 1 1 1 0 0 9 0 1 18 4 9 0 0 1 7 1 13 4 6 27 3 7 2 17 0 0 10 6 0 4 3 29 1 1 1 0 
1 8 5 2 5 1 0 1 0 9 3 0 0 2 0 5 35 5 0 1 132 6 34 1 13 0 1 2 0 0 0 18 0 0 14 6 1 0 26 5 0 0 10 28 0 4 3 63 0 4 2 0 4 42 0 0 0 7 0 0 0 1 1 1 
1 18 0 0 27 1 9 1 2 14 15 20 1 36 7 3 1 1 0 9 11 0 0 1 9 3 14 1 0 5 1 6 628 0 30 4 171 1 0 1 1 0 5 9 23 10 2 13 2 1 25 13 2 13 1 7 4 1 0 110 8 2 0 11 
0 25 4 0 0 13 15 2 1 1 1 1 0 0 1 2 5 0 3 2 0 1 13 6 1 0 9 1 8 0 1 0 1 32 5 1 1 11 0 0 17 0 0 3 0 116 0 9 12 1 10 5 2 66 3 0 3 18 1 10 2 80 0 0 
26 18 5 0 2 1 5 9 5 2 12 0 6 4 15 16 1 21 0 10 1 4 2 4 0 9 2 0 5 0 1 0 4 0 1 13 3 1 1 20 36 3 7 11 0 5 1 2 0 0 0 9 4 3 7 0 3 1 1 1 2 1 1 9 
0 2 1 8 2 1 0 7 0 9 0 4 2 0 15 0 15 0 0 17 8 3 1 7 2 3 0 5 0 1 0 6 7 2 1 3 1 1 7 6 3 3 9 2 1 4 6 0 5 24 0 11 223 0 0 0 7 0 2 12 3 0 0 4 
3 51 2 0 2 24 0 11 0 2 0 95 0 0 1 2 3 31 0 1 3 24 1 2 1 4 7 2 1 0 2 0 0 2 0 0 3 235 0 1 1 2 12 2 122 6 18 0 14 25 1 0 15 3 0 370 0 16 2 4 8 2 2 0 
4 6 0 14 3 5 33 1 0 0 2 29 1 0 17 0 14 3 0 56 0 1 0 4 0 0 1 18 4 0 6 0 0 0 12 0 13 0 0 0 1 26 9 16 4 14 0 0 1 2 0 1 0 6 2 23 40 13 35 3 0 0 0 6 
0 0 0 1 2 1 3 14 0 3 1 766 0 5 0 0 2 4 1 2 2 3 1 0 20 7 2 0 1 27 17 1 15 3 0 1 10 10 3 2 2 1 14 0 0 1 0 0 1 7 17 4 2 1 7 0 6 2 0 7 0 0 1 135 
0 19 14 0 0 0 2 0 6 443 0 16 3 0 1 0 0 3 162 3 1 2 1 29 2 3 6 10 1 6 2 0 0 0 1 10 0 1 0 0 1 10 0 1 1 20 0 1 38 7 0 2 8 0 2 6 3 8 5 11 1 1 0 13 
1 1 2 0 0 15 5 2 1 1 2 2 2 0 1 1 3 17 1 30 6 1 16 2 0 32 0 1 1 0 0 0 0 10 0 9 1 0 0 10 35 1 7 1 71 1 15 1 0 0 3 8 1 0 0 0 9 1 5 4 0 7 1 6 
3 5 0 1 0 43 17 11 1 5 0 0 63 5 9 7 4 6 3 0 0 31 0 0 5 2 6 0 0 1 0 1 40 0 13 3 1 1 1 0 8 2 384 8 3 0 0 0 2 1 2 1 0 0 6 42 0 2 3 4 1 3 1 18 
12 9 20 1 8 3 0 0 16 0 5 0 6 0 34 0 2 4 1 1 11 2 3 17 0 136 1 10 0 4 17 0 6 2 0 11 48 7 3 0 0 2 1 1 111 1 1 3 1 22 0 0 1 1 0 30 56 3 6 0 2 14 2 16 
17 1 0 6 1 7 9 0 6 6 10 6 9 12 0 1 2 9 12 2 0 2 15 5 1 0 1 0 1 0 1 1 33 1 0 8 1 4 0 5 3 59 0 8 3 1 13 1 2 21 6 9 4 4 16 4 0 0 1 0 26 35 6 2 
18 21 9 13 9 1 0 4 3 0 1 2 0 4 0 1 1 0 6 0 45 19 25 3 10 1 6 1 57 1 9 11 10 0 3 0 4 0 40 2 1 14 20 0 21 8 70 3 9 0 4 0 3 2 2 2 1 10 2 3 11 11 5 4 
1 0 23 10 2 0 0 2 10 5 1 1 3 2 1 0 0 1 8 17 2 1 1 6 0 13 6 6 0 0 0 0 0 0 5 0 5 0 0 1 13 6 0 21 0 1 4 1 6 5 3 128 0 1 1 3 5 1 8 0 1 22 0 1 
6 3 0 4 3 0 0 5 6 1 3 4 0 0 5 2 1 2215 8 3 7 7 2 6 12 4 7 2 0 1 0 4 1 8 1 3 4 1 1 0 31 1 0 5 1 1 3 0 3 4 2 2 2 2 11 1 1 0 0 0 18 3 5 4 
2 11 0 231 0 1 14 19 8 0 0 0 0 2 147 1 42 2 1 0 0 0 1 1 13 0 2 3 69 8 181 1 0 5 3 137 0 1 0 34 8 0 0 7 3 7 1 10 2 1 1 22 1 3 14 12 0 11 0 1 3 168 6 0 
0 0 6 14 26 6 7 0 1 0 4 3 5 19 0 3 8 5 3 553 1 0 1 24 0 1 33 1 14 25 1 1 5 0 10 2 3 1 11 2 2 11 1 0 1 1 2 0 0 6 1 2 1 7 1 0 5 0 0 1 2 0 0 3 
1 2 8 3 1 1 0 212 16 6 2 1 4 0 13 33 24 24 0 1 3 15 13 1 20 3 1 0 60 1 1 0 17 0 3 55 57 0 5 8 8 1 43 26 3 1 0 30 22 0 0 0 1 0 7 3 11 0 19 0 0 2 1 4 
2 4 1 1 1 9 0 3 1 0 0 0 16 183 1 7 3 4 0 1 0 94 6 16 0 4 4 3 5 4 7 1 33 2 0 4 1 17 0 5 2 0 0 142 11 5 0 0 17 0 0 0 5 31 3 0 0 7 1 9 65 1 3 0 
0 2 0 0 5 1 3 4 7 0 6 5 0 0 1 0 4 3 0 0 2 3 0 0 9 0 0 7 15 35 5 9 16 1 6 1 7 2 1 0 0 2 3 2 0 1 14 4 1 0 0 6 1 0 4 1 3 14 4 1 4 1 0 1 
6 0 0 1 1 4 10 0 2 3 1 12 4 60 26 5 2 2 9 1 4 12 2 4 0 0 5 0 7 3 0 0 1 1 6 87 1 0 72 0 1 2 1 1 1 0 1 0 0 3 201 28 1 0 3 1 0 32 1 4 3 6 3 0 
6 212 0 0 1 6 1 14 2 3 7 1 1 2 0 2 0 0 1 26 4 1 0 4 0 0 7 1 6 0 6 0 0 0 0 2 11 0 12 0 4 0 2 2 0 4 5 1 1 49 5 0 3 1 2 195 5 1 6 13 137 0 2 0 
0 10 5 0 0 7 2 4 0 1 171 4 0 17 0 1 1 0 5 11 286 12 3 5 0 0 14 0 1 236 23 0 2 1 0 1 1326 42 19 0 9 27 2 99 12 1 5 4 59 0 0 7 1 0 0 0 3 5 18 10 87 6 10 0 
1 586 1 1 2 2 1 1 10 2 1 0 11 12 4 4 1 1 7 12 3 4 3 2 0 0 4 4 1 0 1 8 0 0 0 37 0 1 0 5 1 2 5 16 8 2 0 6 0 3 3 2 0 5 5 2 18 2 10 10 9 0 0 2 
17 1 4 1 0 0 0 1 22 1 3 0 0 0 0 0 0 6 0 0 4 4 3 1 27 2 5 4 41 0 6 3 13 6 0 1 2 1 0 9 0 7 2 60 6 3 0 0 1 14 0 2 1 7 33 1 3 6 4 3 0 4 5 0 
5 12 2 0 4 0 0 0 0 2 9 0 9 7 0 1 0 741 1 6 3 15 9 1 0 9 10 1 5 3 0 8 27 2 0 0 3 0 5 0 1 2 32 2 4 0 2 1 5 1 1 0 0 4 2 4 1 4 2 2 0 0 0 1 
0 1 19 9 2 1 10 0 0 121 0 9 0 3 13 1 1 8 1 0 3 22 1 2 0 2 1 3 11 1 0 9 0 2 0 1 0 9 0 1 11 27 47 3 1 2 14 11 1 0 0 0 1 1 2 2 2 0 1 1 9 0 4 2 
1 0 3 0 5 9 82 8 2 371 0 3 14 12 5 2 1 4 3 0 10 2 1 20 7 0 11 4 0 7 3 0 0 9 3 6 0 4 0 7 16 0 0 0 64 0 8 1 2 2 0 8 5 8 5 2 0 1 1 7 1 0 0 0 
3 3 0 6 8 3 4 44 2 8 0 10 0 34 15 2 5 64 0 0 1 0 25 0 1 9 16 1 0 49 0 1 5 9 113 1 0 75 0 0 1 7 2 1 9 0 0 0 0 5 4 0 0 5 7 1 5 2 0 2 0 2 0 1 
2 2 0 1 3 10 0 2 1 19 1 0 1 0 1 25 3 2 11 0 0 8 2 3 6 2 8 0 0 0 7 1 1 4 0 0 19 7 0 5 55 9 0 5 39 0 13 1 39 12 0 1 0 0 4 0 4 6 1 2 0 2 1 4 
3 2 0 23 3 0 0 0 21 1 0 0 0 0 4 1 0 0 53 219 2 1 1 0 0 16 4 1 0 1 1 27 0 3 3 1 38 2 7 12 23 9 1 1 2 0 4 1 3 314 12 1 1 0 2 2 110 2 5263 8 23 0 6 20 
3 1 0 6 2 51 0 0 4 134 11 5 12 1 0 9 0 1 0 0 0 1 1 2 0 4 1 1 1 4 0 7 0 1 2 2 0 0 87 3 4 1 2 2 0 44 0 1 5 3 1 8 11 0 0 12 39 2 0 0 0 3 7 0 
0 2 5 1 17 1 9 1 0 0 4 12 2 19 11 39 3 9 6 1 4 4 19 0 1 1 1 10 3 1 1 0 10 0 1 3 3 4 4 1 3 8 84 0 1 27 18 4 0 4 5 8 11 0 0 24 15 1 1 1 1 53 0 2 
0 1 0 3 0 0 0 0 13 0 5 25 2 1 0 0 0 1 4 1 1 3 2 0 1 3 2 10 0 1 4 1 5 0 0 1 1 6 1 13 1 0 16 0 0 2 0 0 0 29 0 16 72 0 1 2 1 13 3 0 2 0 4 2 
9 5 0 2 5 0 0 0 4 9 7 19 47 1 118 8 1 3 0 6 2 1 22 1 0 0 4 1 3 2 0 0 30 24 14 2 3 4 1 6 2 0 0 0 0 2 0 1 8 31 15 1 0 2 11 5 3 4 0 2 3 3 4 26 
0 8 1 2 0 2 5 2 0 0 2 9 1 18 1 8 5 3 12 7 2 1 0 0 5 0 0 15 329 2 1 13 2 0 0 5 2 0 1 0 19 0 3 1 4 3 3 1 0 6 1 4 2 3 0 0 0 2 1 3 15 0 32 1 
3 11 0 1 8 8 0 0 0 41 0 2 0 0 3 3 5 10 50 0 1 0 0 4 2 3 2 1 2 1 1 1 4 0 2 0 2 0 2 5 2 5 0 0 1 6 2 2 0 0 0 245 2 0 1 1 1 15 10 0 11 6 4 17 
6 3 6 5 1 5 9 0 1 8 0 12 1 7 0 2 4 10 4 23 6 30 27 0 1 6 0 1 7 0 1 1 4 2 12 0 0 6 3 3 37 0 0 2 0 23 5 7 21 0 5 8 2 0 3 12 13 1 2 2 1 3 0 0 
0 23 5 13 0 0 0 8 42 4 1 18 0 0 1 1 0 1 3 3 17 8 2 14 40 1 0 8 11 4 1 9 2 3 2 12 10 5 1 28 1 8 8 6 0 145 9 1 5 1 9 11 12 0 5 2 0 12 342 0 1 2 3 4 
0 4 7 1 2 30 0 2 0 5 1 1 0 1 1 6 8 2 35 0 4 17 0 2 29 0 5 0 0 0 29 250 0 6 3 0 1 0 5 68 1 3 2 3 0 0 2 0 0 0 5 3 4 21 1 11 0 0 8 0 6 0 0 5 
4 15 3 123 18 1 19 2 1 11 1 1 70 3 8 2 1 15 9 0 2 0 0 3 4 0 39 0 3 0 5 0 0 1 0 26 1 6 1 195 49 4 14 0 2 3 17 0 0 19 1 2 1 0 0 1 59 73 0 0 1 25 3 2 
1 4 2 0 39 0 0 3 1 3 1 0 2 2 10 1 2 1 5 9 15 2 1 3 3 0 3 2 0 2 73 1 8 1 5 1 12 1 2 8 6 0 0 1 1 1 23 1 0 2 0 0 0 1 3 1 0 12 0 4 7 1 1 14 
17 9 3 6 0 2 0 14 2 7 0 0 0 0 3 0 2 48 2 2 13 2 0 34 1 4 5 3 0 1 6 5 5 0 0 4 14 16 73 1 0 3 8 1 1 0 1 0 0 5 16 0 1 0 5 1 2 0 1 1 7 9 1 5 
5 2 11 0 1 25 0 1 0 4 2 1 3 2 10 1 6 0 12 0 1 0 11 1 15 0 0 7 2 2 1 13 1 0 15 2 58 0 2 0 7 0 11 19 3 0 9 6 0 0 11 37 1 6 4 1 3 0 8 1 3 4 2 0 
1 0 2 0 3 0 1 0 1 2 0 4 1 10 2 10 1 2 1 0 2 24 1 0 1 1 7 8 5 1 7 0 0 8 0 8 1 5 1 1 6 0 9 4 1 16 3 1 4 1 0 3 0 1 2 0 3 0 5 0 3 1 0 5 
1 11 0 13 1 0 4 23 37 1 6 2 15 6 6 0 0 3 1 2 0 0 8 2 27 0 17 4 12 0 1 11 3 0 10 1 18 3 23 2 0 0 2 0 0 1 0 3 58 28 3 2 3 0 0 3 5 3 9 2 0 0 0 38 
0 0 1 2 4 2 3 12 17 202 0 7 0 1 3 2 38 1 0 4 5 2 33 4 9 0 3 0 8 2 11 15 1 0 2 6 0 1 383 13 2 3 8 0 0 1 46 6 2 25 0 1 2 3 3 1 2 1 154 9 0 6 13 2 
1 3 14 0 0 8 0 0 3 19 1 0 0 3 2 0 0 0 1 1 2 4 2 0 1 30 3 8 20 46 28 11 23 1 1 0 0 8 57 4 0 2 13 6 4 423 7 10 346 2 2 1 1 1 2 0 0 3 6 0 0 24 4 0 
16 0 1 54 0 8 0 2 1 6 0 1 5 0 0 2 1 4 0 0 4 1 3 2 0 2 4 2 0 0 0 2 7 1 6 0 2 2 9 3 1 9 2 1 1 9 1 1 2 10 5 15 0 1 12 0 4 2 15 0 42 0 1 2 
1 0 10 10 2 2 0 1 48 2 2 0 17 15 1 0 4 2 7 0 2 3 12 4 0 1 1 2 0 2 3 19 1 5 4 10 1 5 0 1 14 7 1 1 0 1 10 0 0 1 13 0 70 12 2 1 12 1 0 3 3 7 0 6 
2 1 4 2 12 2 8 1 2 1 2 15 4 0 0 4 0 42 0 7 6 0 0 169 0 0 0 0 3 9 6 0 1 0 1 3 1 6 6 0 0 1 4 3 20 5 5 4 4 1 4 1 1 8 0 2 5 1 5 10 13 0 1 0 
3 95 3 1 1 2 0 13 1 2 0 7 33 6 115 0 4 86 0 0 0 2 2 4 2 8 1 1 10 0 5 2 4 1 0 1 0 1 4 0 1 1 1 31 46 3 1 0 1 4 1 402 0 6 43 0 2 2 1 1 2 6 7 2 
3 0 10 0 2 3 1 5 32 1 2 2 1 17 1 1 4 0 5 0 2 16 0 7 6 5 0 4 1 4 6 5 1 13 65 0 1 0 12 0 1 2 30 5 5 21 2 23 0 2 221 1 2 58 3 2 1 0 12 0 13 8 9 1 
10 0 0 1 3 0 120 0 0 4 1 3 1 1 10 0 45 13 1232 0 2 1 177 2 19 7 1 79 2 1 8 37 0 2 0 2 1 1 31 0 3 0 0 0 3 1 0 2 0 0 6 0 14 1 4 34 9 3 12 0 0 0 13 4 
0 1 1 1 0 0 8 11 0 0 5 0 8 3 3 5 8 1 0 0 0 0 0 1 0 16 0 0 0 3 0 1 27 1 5 7 0 6 1 1 5 33 1 2 1 1 18 1 0 0 4 2 0 0 2 8 3 0 2 0 0 7 0 2 
48 2 1 5 2 11 0 3 7 0 0 1 0 0 5 1 52 6 5 0 1 0 0 2 0 25 0 3 0 1 7 3 5 16 0 11 44 39 1 0 6 2 0 1 6 21 0 1 26 0 7 1 1 0 0 2 0 1 4 1 5 0 0 36 
1 8 0 2 5 7 2 15 1 57 1 9 2 0 10 1 29 350 0 33 1 5 2 1 4 8 1 1 1 97 8 0 2 1 0 0 23 95 0 0 0 3 4 14 0 0 2 0 1 4 0 2 0 1 1 1 0 1 27 2 0 3 0 0 
1 1 1 0 12 12 0 2 21 0 0 16 6 0 2 4 3 5 0 36 5 0 1 12 8 0 9 5 2 0 35 10 45 13 0 1 2 18 1 7 18 20 0 23 8 1 69 0 37 1 1 0 0 11 1 3 1 2 3 2 0 2 2 6 
33 13 2 0 1 0 7 2 7 1 1 0 2 6 33 2 0 12 0 2 6 2 4 0 10 12 5 1 3 0 1 0 8 1 87 2 5 1 2 0 0 6 0 0 5 0 0 1 1 18 0 0 1 9 0 13 0 0 2 0 31 0 19 2 
0 2 2 11 1 0 35 15 0 0 0 5 49 103 0 0 27 9 0 2 3 0 1 0 0 2 0 1 2 6 0 0 23 88 255 0 5 57 5 7 33 0 2 1 2 1 0 5 3 3 1 0 6 0 0 8 3 59 32 1 1 5 3 10 
2 0 0 2 0 2 2 1 2 3 4 0 25 1 1 26 0 1 13 0 26 5 0 3 7 43 1 2 0 1 3 15 1 2 8 0 1 6 8 0 0 2 0 0 5 68 8 44 0 3 1 1 6 32 2 1 26 4 0 6 0 1 5 8 
1 1 17 22 0 0 4 1 571 1 11 23 0 10 0 36 1 0 1 14 48 0 9 1 0 3 0 23 0 0 12 2 2 0 0 1 0 0 0 3 0 2 8 0 3 1 7 0 31 1 1 0 7 0 15 0 1 0 1 0 133 13 5 2 
0 0 25 10 38 0 7 20 0 4 7 3 3 2 0 4 0 6 2 0 1 0 0 0 4 0 51 0 0 5 2 4 0 4 1 3 9 55 2 2 4 11 6 359 37 2 7 0 0 3 0 3 0 0 27 0 2 22 1 3 2 25 0 3 
63 1 18 1 1 10 1 4 21 2 4 0 0 127 1 5 1 11 3 31 3 2 2 11 10 0 3 4 6 26 1 1 0 22 0 0 3 1 0 0 4 1 0 4 1 0 29 1 1 0 0 10 2 65 0 1 3 188 0 2 7 0 7 5 
2 0 209 14 9 5 0 25 1 12 0 1 4 2 9 5 5 4 0 1 0 1 1 10 0 0 0 0 2 0 1 2 1 0 97 22 0 2 2 1 760 0 93 0 0 1 11 1 2 0 1 3 1 0 0 0 0 25 0 1 0 0 67 10 
4 0 1 0 0 0 2 0 0 8 2 8 0 1 2 3 4 1 0 0 0 8 1 5 0 3 5 0 3 10 0 18 0 9 7 2 18 0 0 0 4 14 1 1 0 3 1 1 13 0 7 1 1 2 1 1 3 9 2 128 19 2 0 0 
2 6 26 0 5 8 3 9 2 0 1 0 9 0 0 0 5 1 0 5 3 3 5 1 2 0 0 1 10 0 2 1 3 9 1 1 0 0 0 1 0 0 0 4 7 3 0 0 0 13 1 0 0 1 0 1 0 2 21 0 8 3 1 2 
0 237 0 2 1 6 0 1 10 0 0 0 3 1 7 1 2 1 2 17 10 3 5 11 1 1 1 2 0 6 1 0 0 0 1 3 470 1 3 0 0 2 0 811 5 117 0 0 4 0 15 4 0 10 0 1 2 0 3 0 11 1 3 28 
2 0 1 2 1 0 0 21 15 6 0 0 20 0 0 3 1 4 1 2 0 3 5 0 0 0 9 0 1 4 33 1 2 9 1 12 1 1 0 0 5 0 4 1584 0 0 0 5 2 0 3 0 1 3 6 9 25 1 3 5 1 1 0 0 
1 2 13 8 5 1 1 10 2 0 1 0 0 4 2 20 2 2 1 1 1 9 15 1 0 0 14 1 1 1 15 12 8 0 600 3 1 0 0 1 827 10 50 0 7 10 2 1 0 5 20 13 0 7 3 6 274 0 1 3 2 1 2 9 
17 0 2 0 0 0 1 5 0 5 7 1 0 3 0 2 6 1 1 2 0 33 22 1 0 1 1 19 1 0 2 10 1 0 1 1 3 4 0 0 0 2 1 0 0 1 2 1 31 0 259 11 0 10 1 1 7 0 0 2 1 3 4 1 
2 9 28 18 0 5 0 0 3 6 0 1 2 4 0 0 0 0 18 1 11 7 0 3 0 7 1 0 8 4 2 2 0 0 9 14 1 0 6 1 1 7 5 4 6 4 12 4 0 2 0 7 6 0 0 7 8 2 17 1 1 2 0 0 
39 0 0 3 0 5 32 0 2 16 1 0 1 1 0 2 0 0 10 0 95 0 2 3 0 0 4 0 12 2 1 0 0 0 0 5 75 40 0 2 20 1 1 0 1 4 15 4 2 2 40 21 1 0 1 1 3 1 0 49 31 0 0 7 
0 8 10 5 7 45 1 0 0 0 1 1 3 0 0 7 0 6 0 165 32 6 0 0 0 11 1 4 0 1 0 0 10 0 0 5 1 0 1 0 9 1 6 1 6 1 1 0 2 12 2 3 0 105 0 3 1 2 2 0 8 28 1 17 
0 0 38 0 0 1 3 5 17 4 7 3 1 3 26 0 2 0 0 0 3 6 0 5 2 9 1 6 20 2 0 4 0 0 4 7 0 0 1 0 0 0 1 3 2 5 4 1 1 0 6 1 1 0 11 2 2 0 72 1 17 0 1 11 
17 7 9 0 0 2 4 1 1 1 0 0 4 0 16 1 6 1 3 52 25 28 2 26 10 1 0 0 7 39 0 0 21 7 10 3 22 4 1 4 2 7 2 0 0 41 1 22 0 21 45 5 4 27 2 0 31 1 0 0 1 1 0 0 
2 1 3 0 0 1 5 1 0 18 48 0 10 0 9 5 3 0 2 33 1 5 0 0 6 4 2 0 71 1 3 0 3 30 0 2 0 1 18 20 1 1 32 1 1 1 0 3 0 8 2 5 2 2 2 2 1 1 0 6 24 11 0 0 
4 5 1 2 1 1 0 1 2 0 2 0 1 0 7 12 17 0 5 3 13 1 3 3 1 6 7 2 0 9 29 0 14 0 9 0 7 0 0 0 2 47 5 0 2 0 9 42 0 0 0 1 2 38 1 4 24 1 18 1 18 4 0 2 
1 24 9 3 2 20 5 2 3 3 4 2 1 1 0 11 3 0 1 11 1 36 1 33 1 31 0 1 8 20 6 5 0 12 1 0 2 1 102 0 2 1 2 6 0 2 9 0 0 1 2 7 1 0 3 0 0 40 0 6 0 0 3 21 
29 1 12 5 1 2 0 1 0 6 4 1 14 0 1 5 4 0 1 2 0 3 2 12 17 45 38 1 0 16 2 2 0 2 8 1 2 4 1 0 0 4 3 20 49 3 1 4 1 1 1 15 2 2 84 1 1 0 1 2 2 2 2 0 
1 6 0 7 33 1 0 0 1274 1 17 0 0 0 0 4 1 0 0 1 17 6 1 4 0 13 7 2 14 1 0 10 0 1 0 0 0 12 1 1 0 1 0 1 1 38 81 1 5 1 12 2 5 1 16 10 3 1 0 11 637 1 0 4 
0 1 2 7 0 36 0 9 0 7 6 1 0 1 1 0 11 0 0 1 0 0 0 6 0 2 3 0 9 31 8 0 0 43 2 2 1 2 1 15 6 22 7 6 28 12 3 22 0 31 1 3 3 0 13 1 0 4 4 1 1 6 1 1 
1 0 13 0 0 2 2 1 0 2 2 4 1 0 7 0 8 0 4 1 20 0 0 0 8 1 28 19 0 3 2 0 2 0 1 3 3 2 11 9 0 0 5 11 2 17 6 0 14 15 1 0 2 80 25 5 7 107 18 18 1 96 1 0 
0 1 50 30 1 0 0 3 8 1 2 61 0 2 2 1 0 34 51 0 2 3 0 3 2 8 16 0 11 6 0 5 3 1 3 62 36 0 0 0 4 1 21 5 0 8 2 0 0 0 0 3 12 0 6 20 13 8 2 2 105 0 14 1 
4 0 1 5 0 127 2 42 0 0 3 4 1 0 1 5 1 1 3 0 1 8 0 5 1 45 3 1 1 0 6 11 0 7 88 3 35 3 0 3 5 4 0 2 1 7 1 2 0 14 90 8 0 7 112 3 3 2 0 1 0 3 0 10 
2 1 0 11 2 1 1 0 3 1 0 566 0 26 2 2 0 5 15 0 22 7 0 1 0 41 5 1 26 2 1 2 3 0 3 2 0 14 6 13 0 2 15 1 5 18 1 0 1 0 1 1 3 0 0 16 1 0 19 0 2 80 1 4 
13 0 3 0 5 0 1 0 21 158 0 31 2 1 0 0 10 2 1 50 10 1 1 1 6 6 11 4 1 1 1 0 6 22 0 3 7 83 7 0 2 1 3 1 8 1 1 5 0 3 8 0 13 10 8 1 3 6 0 6 4 0 4 0 
35 3 5 6 1 1 0 0 7 5 1 0 3 4 0 2 3 0 3 12 5 0 9 1 1 9 1 0 0 41 0 0 0 2 0 3 8 8 13 1 0 2 10 0 0 0 1 12 44 11 0 1 0 4 0 67 79 0 1 0 1 0 192 6 
9 1 0 0 1 7 1 1 14 18 0 1 1 6 0 6 12 2 1 0 3 0 28 4 0 0 7 5 10 1 20 1 1 0 42 0 17 2 0 27 0 0 0 9 8 4 12 3 1 4 1 0 0 0 1 31 6 1 1 2 4 7 0 2 
7 0 0 2 12 0 0 5 5 4 3 0 0 438 2 62 0 1 2 1 68 10 7 33 2 3 15 0 197 60 0 0 0 0 0 1 18 0 0 0 37 6 9 0 4 2 0 3 5 0 0 3 736 4 4 0 0 34 0 1 0 2 0 21 
2 0 1 17 7 0 70 0 1 1 8 3 0 0 1 6 1 0 0 3 16 4 47 8 21 1 0 0 25 18 4 13 3 0 0 4 0 0 0 0 0 1 1 1 5 4 0 1 0 0 3 0 9 7 0 0 8 4 4 0 1 1 6 0 
0 1 0 0 45 1 15 5 2 20 27 1 3 8 0 0 2 7 1 0 28 0 2 1 2 0 4 4 1 0 4 1 3 7 0 0 5 15 0 4 7 7 18 0 3 1 4 5 1 37 1 0 9 16 1 0 4 2 0 6 1 14 1 3 
3 27 2 2 27 70 0 9 28 25 3 2 0 19 2 3 8 0 6 1 0 0 1 1 0 30 0 0 1 1 6 20 11 1 0 1 92 6 3 2 0 33 7 7 10 3 22 6 0 55 10 1 2 19 0 12 0 0 0 1 2 0 0 9 
19 3 0 0 1 2 8 1 0 206 2 2 30 14 5 32 0 1 3 1 12 2 7 2 1 24 2 14 1 1 0 10 0 0 1 49 2 0 0 1 2 0 34 4 1 0 1 14 1 0 1 9 2 0 5 20 14 4 2 2 10 68 374 0 
4 0 4 89 7 91 0 24 5 1 3 0 8 0 3 0 1 3 15 0 1 3 0 1 12 0 5 0 0 59 1 0 2 1 25 0 0 4 6 45 4 0 1 3 0 1 2 0 1 0 0 0 12 5 0 0 2 14 0 5 0 11 2 0 
1 2 3 1 4 3 0 0 1 0 1 14 36 0 0 33 1 21 0 3 2 1 0 14 5 9 3 1 0 6 0 1 1 4 0 0 3 5 1 0 0 0 1 2 0 19 12 4 1 8 1 1 5 9 3 13 13 8 2 0 0 12 1 7 
2 4 5 0 2 6 0 16 35 0 1 0 19 8 0 0 0 1 1 1 1 12 7 1 0 1 4 48 24 14 92 1 1 8 3 130 8 0 32 27 23 0 12 1 0 1 2 0 11 15 1 490 1 16 1 1 3 11 0 16 7 16 0 3 
2 1 5 0 0 6 20 11 1 2 1 1 2357 0 6 0 0 0 3 2 0 0 3 2 7 1 1 8 1 1 7 7 6 7 22 3 2 0 4 0 3 0 28 0 53 0 1 7 150 39 0 2 56 0 0 0 1 2 0 0 1 1 1 3 
0 1 3 7 1 6 1 1 5 0 1 3 13 0 23 6 0 4 1 8 14 0 10 2 4 2 5 6 5 6 1 0 1 14 0 1 1 0 204 41 0 3 73 1 10 0 1462 2 3 21 1 23 6 64 1 0 223 1 0 1 0 31 0 4 
5 1 1 8 0 7 0 1 2 1 0 2 0 10 2 0 2 5 9 5 3 1 0 0 0 29 1 4 3 0 6 15 1 5 6 1 2 21 30 3 1 1 1 55 0 3 0 19 1 0 2 4 0 2 11 4 30 2 0 6 2 0 6 2 
2 0 4 4 5 0 0 25 6 1 0 7 1 0 0 0 6 5 11 0 0 1 0 1 3 11 0 0 2 0 1 3 1 12 5 12 4 0 1 0 15 1 7 6 1 1 4 7 2 13 10 15 0 9 3 5 21 1 35 2 14 2 7 17 
24 5 1 0 2 21 0 2 1 0 2 0 1 4 1 26 0 3 22 0 1 3 3 5 0 8 2 4 25 2 6 1 1 1 2 4 0 6 12 2 4 0 7 2 1 0 17 1 3 0 1 0 5 1 3 0 8 8 15 13 128 0 0 1 
34 38 1 25 8 7 2 0 8 0 33 3 3 0 5 0 0 0 12 5 0 4 0 0 3 1 7 0 3 0 16 8 7 24 2 1 0 11 0 0 4 22 1 8 1 0 1 0 0 2 1 1 0 0 6 1 0 0 19 0 2 0 7 0 
0 0 1 0 0 0 1 152 5 29 11 10 6 0 1 2 15 4 4 8 2 3 0 11 13 11 3 1 0 12 1 0 44 3 0 0 6 10 0 0 0 0 4 10 0 38 1 0 0 2 41 0 2 0 31 1 0 1 8 7 0 3 10 0 
3 22 11 0 24 1 3 1 52 2 1 5 13 31 7 1 45 1 0 1 0 1 26 1 2 42 1 1 0 1 5 8 91 2 1 10 0 6 3 3 19 0 2 0 1 10 1 6 0 0 7 0 8 0 40 2 0 3 3 92 8 4 0 3 
8 17 4 0 3 0 0 9 8 4 4 6 0 0 0 5 0 2 13 0 0 3 1 10 2 12 1 4 8 1 5 0 350 68 1 0 78 1 6 6 5 0 0 0 1 2 1 0 0 4 5 23 1 4 0 0 0 0 4 1 9 1 58 2 
2 2 18 4 7 1 3 1 1 7 11 0 3 1 0 1 0 2 25 1 8 429 1 8 0 2 11 0 0 0 11 3 4 1 0 13 1 12 1 1 22 2 14 0 1 55 1 14 2 28 1 0 1 0 1 12 9 4 0 6 2 8 1 8 
0 0 1 9 0 0 1 0 0 4 3 2 5 0 2 1 0 1 4 4 1 9 0 10 2 0 1 1 0 52 0 11 3 0 3 0 10 0 2 2 9 0 79 0 8 0 17 14 2 0 0 120 15 0 1 3 11 0 0 0 3 6 7 6 
0 1 2 0 0 0 1 0 8 3 0 17 3 4 1 1 12 7 15 3 6 0 4 0 3 1 2 2 8 4 0 1 4 0 0 3 1 0 0 9 0 594 1 2 0 0 1 0 1 0 3 2 3 0 1 0 6 0 82 4 0 2 1 1 
0 0 2 13 28 3 10 2 1 5 19 1 1 1 2 2 0 13 13 5 3 0 5 2 2 7 1 13 1 31 0 21 3 4 2 11 2 1 6 6 3 0 9 1 0 0 7 0 0 1 20 5 0 0 3 1 1 71 1 1 2 2 0 2 
1 1 1 917 5 17 1 17 1 0 0 2 0 2 16 1 0 2 4 1 0 0 0 18 2 3 25 0 0 3 0 0 0 1 0 55 12 0 0 1 1 0 0 1 1 26 3 9 356 7 0 65 4 1 11 0 30 10 0 1 3 0 31 3 
2 1 1 34 4 1 10 1 7 1 3 8 1 0 29 7 0 17 4 3 1 23 3 0 0 22 1 4 12 2 0 9 2 18 2 0 36 0 2 0 0 28 0 2 0 1 0 3 1 0 3 0 5 0 6 0 9 0 1 8 1 0 3 3 
0 6 3 1 0 0 3 0 3 6 0 14 5 0 22 2 0 0 2 2 0 8 40 23 0 1 1 1 1 4 1 1 4 1 2 3 0 0 7 0 0 2 20 6 0 3 0 1 3 1 3 5 0 2 73 6 3 0 5 3 2 14 3 5 
0 7 1 8 2 3 4 2 8 1 25 68 0 12 2 0 1 3 0 18 0 0 79 0 1 3 1 8 5 2 1 12 0 0 0 1 3 1 23 2 0 1 0 1 0 0 1 1 1 5 0 1 2 1 1 1 3 2 0 10 44 11 38 0 
15 24 0 2 9 2 1 1 114 0 3 6 2 6 0 0 0 7 3 1 2 12 0 2 0 0 7 30 166 7 0 0 69 5 1 6 154 2 96 6 3 5 2 1 3 0 30 0 2 1 2 2 2 10 2 0 0 2 8 31 50 2 0 33 
0 1 1 8 5 1 1 4 0 21 1 0 0 2 0 3 33 16 1638 261 4 0 0 19 5 1 4 0 0 2 0 2 3 4 0 1 0 13 0 0 36 0 0 0 11 1 0 0 1 1 39 9 163 0 2 0 9 0 4 3 0 0 0 3 
90 1 0 0 0 35 1 1 1 4 16 7 1 9 0 0 1 8 4 1 1 0 5 7 60 4 4 40 17 3 2 0 0 8 0 0 35 2 0 3 0 5 4 7 3 1565 4 13 0 1 2 2 0 14 14 4 11 0 0 1 0 31 1 19 
1 3 3 40 0 15 1 0 5 4 2 1 1 4 1 6 1 1 1 1 1 28 3 9 1 5 1 1 7 3 1 4 0 3 0 53 13 8 38 3 11 0 0 1 19 2 0 0 1 0 84 20 3 31 12 10 0 25 3 0 0 5 0 14 
1 2 36 18 0 0 185 2 2 8 0 1 24 2 15 16 1 1 1 16 2 2 7 1 17 12 7 0 1 0 4 89 0 4 0 4 4 1 1 2 0 0 9 7 2 6 1 2 0 0 264 10 0 0 0 10 7 1 5 0 4 0 43 1 
218 20 0 56 1 0 5 4 3 1 8 1 1 1 10 0 0 3 2 0 13 10 7 1 7 4 13 0 1 1 1 14 32 4 18 167 0 0 1 0 1 1 36 0 0 0 3 0 8 0 0 0 3 8 2 8 1 2 1 2 5 41 13 13 
45 46 1 0 1 1 8 1 3 27 27 1 6 0 1 16 4 0 0 2 1 44 6 23 31 0 18 0 0 9 0 186 3 0 2 2 5 0 2 4 1 2 3 0 28 2 4 0 0 1 3 4 2 0 0 0 5 9 5 3 5 0 9 1 
0 3 0 8 2 46 10 1 0 0 3 0 319 8 5 0 17 0 0 9 7 2 0 2 11 207 9 0 0 22 0 0 10 979 4 0 4 4 10 6 10 3 2 5 3 0 2 14 1 1 2 0 10 5 3 1 3 1 3 29 0 1 0 1 
2 0 3 2 1 1 2 5 0 0 4 5 1 2 0 5 0 28 1 0 6 0 4 5 1 0 0 41 4 6 1 1 0 20 0 2 0 1 1 3 7 2 0 0 1 2 2 1 8 0 0 5 0 0 11 1 7 4 7 0 3 1 1 5 
1 48 28 0 27 0 1 0 17 27 2 11 2 3 19 8 0 1 0 1 2 2 7 0 0 8 0 1 9 6 2 2 0 2 1 1 0 6 235 5 14 0 1 0 2 1 7 8 0 0 0 87 10 3 0 0 4 6 12 0 6 23 1 4 
13 12 2 9 0 4 1 40 31 0 3 0 0 2 2 0 3 0 1 2 3 1 2 2 0 0 0 1 3 0 5 0 6 17 8 0 0 3 1 0 9 7 6 2 28 8 1 6 0 0 0 2 9 5 3 0 12 0 8 0 7 25 7 0 
0 0 3 133 6 4 5 0 16 1 0 1 1 12 0 3 0 5 1 4 0 0 0 5 0 1 12 1 2 0 2 0 1 3 3 2 0 0 7 2 1 2 13 1 5 1 1 0 0 0 0 0 7 1 2 0 6 0 4 1 0 0 5 400 
0 28 1 0 1 10 7 5 2 0 0 0 0 50 23 5 7 1 2 2 37 24 5 5 1 2 6 0 1 3 3 1 0 0 0 6 1 2 0 0 0 3 4 0 0 0 1 0 0 2 1 3 3 1 0 1 0 1 55 0 0 0 0 0 
8 3 2 3 0 61 24 0 7 0 1 1 0 136 11 0 2 1 123 9 68 11 0 0 2 26 0 3 54 6 0 0 0 0 3 0 3 8 3 2 1 25 0 3 0 2 1 6 0 1 10 1 9 0 8 1 2 118 1 24 0 2 20 0 
1 1 24 18 2 6 0 28 7 3 0 5 0 11 3 3 1 0 30 10 6 3 1 3 4 2 1 11 0 1 3 2 0 5 291 1 31 1 38 0 1 6 3 0 0 23 0 0 215 2 2 1 1 0 0 0 1 0 0 1 1 0 2 12 
4 1 0 5 1 0 2 0 6 1 27 1 0 0 1 2 3 17 4 36 2 1 0 0 4 0 2 2 0 10 7 1 0 17 6 1 9 6 1 0 9 253 1 0 0 6 2 10 1 0 3 0 0 0 4 1 1 74 262 1 1 1 0 12 
0 2 26 0 4 2 22 5 415 3 0 3 4 2 1 3 1 0 1 7 1 0 0 9 0 7 4 6 0 620 1 0 99 0 0 8 0 3 1 1 1 0 0 2 13 1 2 123 2 20 0 0 17 1 0 0 0 1 4 1 0 7 6 3 
0 0 111 24 8 3 6 12 0 8 15 0 1 6 2 0 1 1 1 14 2 6 12 8 1 2 15 5 1 27 27 0 25 5 1 0 4 0 2 0 1 2 3 0 4 0 199 1 1 7 0 4 2 0 4 15 0 2 17 1 20 6 1 5 
0 12 3 11 3 10 7 2 19 24 12 0 0 1 25 5 11 0 7 2 5 18 1 3 0 2 6 9 8 0 4 16 1 9 0 0 3 9 1 2 13 5 6 0 4 10 1 8 1 15 1 60 0 0 1 3 2 1 0 1 3 0 36 3 
2 0 14 3 10 94 5 17 20 2 6 7 11 1 1 8 237 0 4 11 6 924 6 3 1 2 13 5 2 1 0 1 11 1 2 0 0 3 10 0 1 0 0 16 0 2 1 6 96 1 4 0 16 5 69 4 12 1 0 0 1 1 1 2 
2 8 1 0 5 1 0 4 2 14 44 4 0 3 1 12 1 1 0 1 0 2 0 9 0 1 0 12 8 10 1 0 6 7 4 2 0 1 1 0 88 43 6 0 3 2 1 2 7 3 0 3 1 11 6 6 11 0 10 0 1 2 0 0 
0 0 7 2 1 1 10 2 1 0 1 9 0 0 3 34 19 3 0 0 2 7 1 0 0 3 0 0 2 4 0 0 8 0 0 1 0 9 1 2 1 5 0 3 0 3 69 0 34 0 0 26 0 1 18 0 4 0 6 6 1 1 1 23 
0 1 0 0 0 1 1 93 1 1 1 73 0 2 2 3 2 10 0 120 0 2 31 0 7 11 6 17 5 3 0 5 4 2 1 6 1 1 0 0 1 0 16 0 28 6 6 2 0 1 3 1 0 1 0 15 1 7 0 7 9 1 0 0 
2 4 0 4 8 1 17 4 1 1 0 0 1 0 6 0 0 1 1 4 2 1 0 15 1 0 1 0 3 2 2 0 0 10 1 1 24 0 1 12 0 1 4 8 1 1 2 0 9 1 2 22 0 4 2 0 4 0 0 8 0 5 0 2 
3 6 1 5 5 5 15 91 0 1 6 0 4 0 11 2 3 5 26 0 10 0 1 0 0 1 0 0 1 36 0 1 0 8 1 10 91 2 0 2 1 1 6 2 3 1 11 4 6 0 2 0 1 7 1 1 3 6 7 0 9 0 6 0 
3 1 3 2 0 0 2 0 1 4 3 4 2 2 0 0 1 0 0 2 0 28 5 1 11 0 0 19 0 15 3 2 15 40 2 10 1 0 1 2 1 2 1 4 65 8 13 1 2 1 2 11 2 3 0 2 7 0 1 3 1 1 533 1 
0 0 1 0 3 1 36 2917 4 1 1 0 2 5 16 0 0 6 2 0 15 1 15 2 0 4 0 3 1 1 5 9 0 5 4 7 21 1 0 0 0 43 0 6 0 0 177 10 1 6 5 1 0 4 2 5 0 0 0 0 5 4 2 0 
0 5 150 4 2 0 17 3 13 2 11 1 9 1 0 3 0 0 16 2 1 1 2 0 10 3 0 3 46 8 1 3 3 0 2 6 0 0 0 7 12 37 1 5 3 2 1 7 28 0 1 7 7 0 0 1 10 3 4 0 0 0 3 0 
1 1 5 4 0 1 0 0 25 2 0 0 0 2 10 1 2 1 2 0 20 35 0 0 0 1 0 4 0 0 36 3 4 127 9 0 4 40 36 111 3 8 1 0 0 8 2 19 4 1 0 5 0 3 0 1 34 0 12 1 54 2 4 2 
27 5 2 0 0 0 10 1 5 0 3 1 1 3 40 1 0 0 3 0 2 1 3 0 0 12 4 0 0 2 10 2 0 0 2 0 0 2 1 92 7 0 18 1 2 1 1 21 0 0 0 2 0 0 0 3 0 2 5 0 0 1 0 25 
13 8 5 17 1 0 0 407 0 5 8 1 0 1 4 4 3 1 0 1 3 0 4 4 4 7 0 8 0 1 0 0 7 6 4 0 0 0 10 7 4 2 3 1 22 9 0 2 0 1 4 1 1 14 108 20 13 4 1 31 2 0 2 19 
2 1 8 12 1 8 2 0 0 0 1 44 0 0 77 2 102 44 13 3 7 0 5 0 48 27 25 2 119 1 1 1 0 22 1 0 2 2 110 0 0 0 2 5 7 8 0 0 0 4 1 1 0 25 23 1 2 2 2 1 5 0 7 1 
87 19 9 3 0 2 4 2 1 3 1 3 25 73 132 3 34 0 0 11 2 0 0 0 3 73 47 5 1 6 10 1 5 5 5 0 1 9 5 0 0 1 0 3 0 62 1 0 15 1 6 2 3 1 12 5 2 9 4 12 25 18 0 6 
0 2 18 0 1 0 318 4 305 4 1 9 1 1 15 0 1 3 1 1 0 19 1 9 9 1 3 1 2 1 36 5 1 0 1 0 47 0 5 0 10 1 17 3 1 6 0 22 2 1 48 0 0 0 0 40 2 1 1 0 0 16 1 3 
1 4 6 3 6 1 0 64 1 0 1 3 4 6 1 0 0 3 1 8 9 2 0 0 1 55 0 4 2 29 0 0 0 0 1 0 1 3 17 2 4 2 5 0 0 1 8 3 8 0 0 2 0 4 1 10 8 0 1 4 2 19 13 4 
1 2 0 21 0 1 9 3 34 5 2 0 0 4 3 1 0 2 0 10 0 0 0 1 0 1 310 4 0 0 5 8 0 0 1 0 2 14 2 23 0 3 5 4 1 3 1 1 49 0 0 8 2 0 7 0 3 19 7 4 0 0 8 0 
20 1 1 30 5 21 0 1 20 1 0 1 2 1 2 0 48 0 20 2 30 2 4 0 12 5 1 16 5 1 1 2 1 1 0 0 2 0 4 0 0 1 5 0 11 3 1 6 7 2 0 1 1 29 38 5 1 3 0 0 6 6 0 2 
0 0 5 1 0 63 0 0 6 10 0 22 0 0 0 2 9 1 1 1 1 8 1 1 1 2 1 2 12 8 2 1 1 139 17 0 1 2 0 6 1 8 14 20 3 2 0 0 0 12 0 4 1 7 0 0 1 0 2 2 14 0 1 0 
1 0 0 0 2 5 3 0 1 2 0 12 14 0 1 2 12 8 2 1 12 6 5 2 3 9 2 0 1 0 1 1 1 4 31 3 9 2 0 2 0 1 1 0 0 1 0 5 19 0 2 0 1 2 12 1 8 1 1 12 5 0 0 0 
0 2 0 0 3 8 1 16 0 11 13 4 18 0 7 3 0 1 0 1 0 5 2 7 7 1 2 0 2 1 0 8 1 1 0 4 5 7 9 2 2 0 0 0 9 0 1 1 0 1 1 2 44 6 4 0 0 218 6 6 26 0 9 0 
1 0 0 1 0 8 1 6 24 0 0 1 1 4 2 0 4 0 42 1 1 2 1 13 0 51 2 0 5 0 1 1 0 0 0 18 5 19 1 0 44 12 2 2 0 17 0 48 0 29 671 28 3 8 1 4 2 0 0 26 35 13 477 3 
22 2 2 0 7 34 1 3 2 8 1 0 14 3 0 0 0 1 4 15 2 6 11 2 11 3 1 5 7 2 0 0 19 11 0 0 1 3 0 3 0 0 10 0 0 0 3 0 11 1 2 3 1 7 7 0 2 2 6 4 0 1 44 4 
1 10 0 0 2 0 4 0 3 2 10 6 0 5 0 0 15 3 1 1 0 0 7 1 2 4 52 0 4 0 0 3 0 0 6 22 13 6 0 11 6 1 9 225 3 3 1 1 1 7 4 1 0 2 84 0 0 0 0 3 1 134 2 0 
7 0 5 0 2 4 1 0 1 2 2 5 3 0 18 1 10 62 17 0 9 14 3 2 0 14 4 0 211 4 0 11 0 8 0 0 0 39 5 5 5 0 2 3 7 5 12 3 3 10 36 0 1 2 1 9 1 6 153 9 1 5 0 1 
0 2 0 0 1 4 4 29 0 0 3 135 8 4 0 20 2 0 0 0 1 5 2 23 2 0 0 6 0 1 0 9 36 7 16 0 3 0 801 11 6 0 8 35 2 7 1 53 0 0 0 0 0 1 2 0 0 1 0 0 0 0 4 0 
0 0 1 10 22 6 0 0 0 17 2 0 0 1 3 8 2 0 0 7 0 11 1 1 5 1 0 2 1 114 7 35 4 2 0 1 0 9 37 0 4 6 9 1 0 4 4 3 1 0 149 1 1 2 5 1 0 3 9 202 1 0 0 0 
1 1 2 0 2 0 1 22 0 1 5 46 0 11 0 0 0 8 0 4 1 1 0 0 0 1 7 32 21 0 1 29 3 12 8 0 4 1 0 3 1 10 0 3 0 40 0 3 13 0 13 0 0 18 1 0 22 2 0 3 5 0 0 2 
0 8 1 18 0 1 0 0 3 0 4 26 33 0 50 1 0 3 9 0 12 1 0 1 0 5 1 0 5 0 2 1 3 1 4 0 7 0 4 0 0 11 3 10 18 0 4 0 0 10 0 1 0 214 14 12 18 27 0 0 19 0 1 193 
2 1 14 0 19 1 17 5 2 23 0 11 12 63 1 1 2 1 0 1 1 1 4 0 1 8 0 0 6 3 4 2 25 0 17 1 1 1 14 1 1 1 0 0 1 0 3 2 0 0 0 7 14 3 3 1 0 231 5 2 12 12 8 26 
0 0 0 2 1 0 7 27 1 1 1 10 22 1 1 0 5 9 7 2 7 2 2 3 6 0 3 0 14 2 6 1 4 13 0 0 0 0 124 1 1 4 61 25 1 2 0 0 4 0 27 3 1 0 17 9 0 0 15 0 1 0 0 14 
2 2 13 2 13 2 0 1 0 1 12 5 51 22 1 7 16 21 4 2 5 2 1 1 0 6 1 4 0 1 0 4 34 1 3 0 1 263 1 1 1 5 0 0 0 6 3 17 8 2 4 2 11 5 177 0 14 1 6 1 15 2 6 27 
1 2 1 0 0 34 5 0 1 6 2 0 1 0 4 0 1 1 69 1 0 0 1 1 1 0 4 1 0 0 2 391 5 605 1 0 4 1 1 3 6 23 2 5 1 5 9 35 8 17 4 5 14 0 4 0 3 0 26 4 9 0 5 4 
2 3 0 1 6 25 27 0 1 1 0 6 5 21 0 1 3 41 0 3 4 1 11 0 1 25 1 0 4 8 26 2 6 0 0 1 2 2 1421 22 39 1 1 2 0 0 2 1 2 1 0 1 11 3 0 0 235 3 0 4 2 0 4 0 
0 1 0 2 32 9 2 4 3 1 0 0 5 2 33 3 27 1 8 1 0 1 1 5 1 0 18 0 1 1 1 1 1 0 0 3 14 8 58 17 5 5 19 73 4 1 51 6 0 2 2 12 1 3 0 0 1 3 16 21 1 0 5 1 
1 0 4 1 0 4 0 30 1 1 0 0 5 2 1 2 1 1 1 1 64 0 0 1 3 1 118 13 60 1 0 1 5 18 20 2 10 0 0 0 0 19 5 64 0 1 2 1 8 6 9 1 0 3 51 1 0 2 1 0 1 0 2 11 
0 0 99 3 3 0 1 1 4 1 262 0 0 2 2 18 2 1 63 1 3 2 10 1 1 0 1 6 0 0 152 10 13 0 27 2 1 27 0 0 0 3 0 18 2 4 4 7 0 1 6 2 76 9 3 16 1 25 1 1 6 0 89 4 
2 1 3 4 1 0 1 0 12 36 15 3 2 0 11 1 0 7 4 0 0 0 1 28 20 3 1 2 1 3 13 2 1 1 1 0 38 1 16 1 0 0 1 4 11 0 0 0 0 0 0 5 5 9 3 0 6 0 4 0 4 1 4 11 
0 3 1 0 10 0 0 189 0 0 5 1 6 0 0 2 11 1 0 3 1 1 6 0 4 0 1 18 24 2 1 4 9 10 0 12 4 1 1 1 1 0 27 5 90 3 7 1 4 0 86 6 2 1 0 2 0 7 27 4 6 3 10 11 
3 0 164 3 9 0 2 0 9 12 1 1 6 12 2 1 0 0 2 8 0 9 0 4 1 0 4 2 2 0 6 1 0 3 96 0 0 0 1 0 1 2 0 3 142 0 5 0 2 0 14 1 1 0 10 0 0 4 0 22 2 9 24 1 
0 0 1 13 0 0 1 0 2 2 5 5 8 946 2 4 7 0 0 2 1 18 0 184 16 1 1 7 4 0 3 1 0 0 2 0 0 3 7 2 32 6 8 0 20 0 8 13 0 2 1 0 3 2 1 0 1 1 3 1 1 5 1 2 
1 20 0 0 1 4 124 0 4 25 0 4 8 1 0 1 7 4 6 1 1 26 1 14 10 0 3 9 3 0 0 3 1 0 0 3 4 2 5 16 0 1 0 6 0 0 23 7 9 0 0 2 3 0 177 1 3 15 0 0 0 21 2287 5 
0 1 1 2 3 40 34 1 2 11 14 0 35 6 0 3 3 1 0 57 0 0 3 8 27 9 1 2 0 1 0 1 11 0 2 0 0 1 0 0 0 3 1 3 12 0 3 1 21 0 0 1 0 4 0 2 5 8 1 1 2 0 0 0 
0 0 814 3 0 28 32 0 1 1 36 0 0 4 0 22 15 0 1 3 2 1 1 0 1 1 0 0 10 15 4 30 0 0 0 5 5 1 1 9 4 6 1 6 5 0 2 48 1 2 10 4 0 5 3 3 2 2 1 0 0 1 27 15 
0 0 0 0 4 0 4 13 7 6 1 3 3 6 255 0 11 0 3 1 0 2 5 3 11 354 1 0 2 1 0 3 0 6 3 0 9 2 18 1 1 12 11 1 26 6 1 3 3 3 0 0 2 4 19 8 0 1 2 1 11 12 85 1 
31 6 0 4 0 0 1 3 0 1 10 5 0 0 4 0 1 1 18 0 1 43 11 2 0 6 1 1 2 28 0 1 5 1 0 1 13 1 1 8 0 0 0 0 45 2 6 0 9 1 4 0 1 43 0 0 1 1 28 0 0 3 0 2 
1 9 0 0 9 1 41 26 0 13 3 80 0 43 1 0 2 6 1 0 7 1 2 0 1 0 12 0 2 0 1 1 6 1 1 1 12 0 2 11 18 5 5 4 1 1 2 4 199 31 1 0 5 5 11 0 0 1 2 3 30 6 2 4 
3 1 2 0 0 1 3 7 3 0 0 6 5 23 3 8 12 10 7 1 22 0 6 1 2 7 0 6 2 1 0 0 0 1 2 0 2 5 1 5 8 0 12 1 0 10 1 43 23 4 1 8 2 44 0 1 1 1 1 5 1 1 14 7 
1 0 2 5 0 1 5 0 1 0 1 1 7 14 169 3 1 2 0 0 65 9 1 23 3 5 11 237 2 0 2 0 20 1 2 1 2 3 1 0 3 0 1 34 7 0 0 0 0 4 0 9 2 1 9 0 39 0 0 2 0 1 1 0 
5 0 5 18 6 65 2 0 0 2 2 10 3 1 3 1 6 0 15 2 10 0 31 18 13 10 0 4 7 0 2 0 2 1 223 23 2 17 4 16 0 7 0 0 0 1 0 0 1 0 2 0 9 0 371 11 0 1 1 0 6 29 1 1 
0 10 0 1 2 6 35 6 0 43 0 0 1 0 2 3 0 0 2 1 0 0 1 1 12 5 0 1 1 2 16 0 6 0 12 5 2 15 0 16 0 0 72 12 7 0 31 1 0 0 1 31 234 2 10 12 6 1 0 3 43 0 4 0 
0 4 82 10 14 0 4 1 1 0 0 12 17 0 8 0 5 11 4 0 0 17 3 4 1 8 14 2 11 3 5 5 0 14 2 12 1 1 0 1 1 2 1 32 8 3 2 1 5 19 37 2 2 65 2 0 13 50 14 14 24 0 4 0 
16 8 8 7 1 7 6 0 11 0 1 1 1 1 1 29 43 0 1 2 1 0 0 0 1 9 34 12 0 290 2 0 6 5 8 0 0 1 4 34 28 12 0 1 28 27 30 0 0 10 38 1 0 55 0 6 0 9 0 8 1 1 5 7 
5 1 1 3 4 4 6 1 8 1 0 1 2 7 2 0 2 1 4 1 8 1 9 24 6 2 4 0 8 0 7 0 4 1 1 2 0 6 0 3 1 0 0 0 9 2 3 1 148 5 5 13 5 2 3 0 0 0 14 0 5 0 2 116 
0 0 0 4 1 3 0 1 6 9 0 2 42 80 34 2 2 12 1 0 4 0 0 3 2 0 2 12 1 22 2 4 1 6 2 0 0 7 2 2 2 0 7 0 8 9 3 1 0 2 0 0 0 2 51 1 0 1 0 0 26 2 0 0 
1 3 1 2 2 0 7 1 10 1 1 0 3 2 0 27 0 2 0 6 0 12 2 1 0 1 0 2 1 4 1 2 1 1 0 5 22 2 11 0 5 0 0 8 0 0 3 10 1 983 2 21 2 5 17 2 5 2 0 1 28 0 0 20 
1 2 0 14 6 5 2 9 0 1 4 6 8 0 52 2 3 40 718 16 3 1 0 1 150 4 0 43 3 1 4 0 1 21 7 1 0 8 0 3 23 2 24 16 8 0 2 1 1 0 6 0 12 5 0 0 1 1 0 1 0 23 3 3 
1 0 4 43 1 0 1 1 1 0 3 3 14 0 13 0 3 1 4 10 2 1 9 72 17 4 0 4 1 1 1 2 24 1 0 0 0 22 2 0 2 26 0 2 18 1 2 0 3 0 1 1 1 42 0 2 1 3 1 1 5 4 0 0 
0 0 0 1 18 0 5 7 0 1 2 0 0 46 1 5 4 1 12 3 6 0 23 0 30 20 4 2 1 0 0 3 4 4 0 2 2 1 4 1 0 9 3 1 3 1 0 10 0 20 1 0 22 1 2 43 0 59 6 1 7 0 0 0 
1 2 3 1735 0 2 2 0 0 1 4 0 28 0 1 0 0 14 12 6 0 8 0 2 20 0 0 1 0 4 0 3 17 1 0 1 0 4 0 1 1 0 21 8 7 0 1 1 0 3 0 2 3 1 0 2 4 1 2 2 2 1 0 5 
0 2 1 31 1 1 2 0 1 1 1 1 12 0 9 0 1 0 1 3 1 3 0 5 0 0 9 3 1 0 4 0 10 2 1 2 62 0 0 1 0 0 4 4 2 3 1 1 0 4 1 6 3 0 0 7 0 11 1 31 0 1 0 3 
44 2 2 2 19 2 7 1 5 30 0 2 0 0 40 2 4 0 39 0 1 0 45 1 20 0 3 200 0 1 0 2 5 5 7 0 0 1 1 4 4 27 0 1 0 0 10 1 1 2 5 1 0 214 3 0 10 1 4 0 0 1 0 7 
3 0 13 48 3 1 5 4 1 0 2 2 2 0 41 7 6 1 3 1 14 0 1 12 0 8 34 2 3 0 0 2 0 3 4 3 3 1 24 2 3 1 3 2 0 2 1 0 1 0 1 0 1 7 3 6 0 0 2 27 1 0 0 3 
143 29 10 5 54 6 5 2 0 0 0 2 2 38 3 0 0 1 9 1 0 5 1 0 0 1 1 1 30 18 7 2 3 30 0 2 3 1 1 0 19 2 5 0 0 0 0 2 0 0 0 1 5 0 1 1 0 0 15 6 1 311 0 8 
13 9 0 0 0 3 22 0 0 8 1 3 12 4 1 6 5 1 20 2 0 0 3 56 2 1 0 0 6 1 0 0 2 1 7 20 0 7 1 2 6 1 5 0 0 0 25 1 2 6 0 2 0 7 58 33 0 5 1 6 3 6 0 0 
4 0 7 1 1 11 0 3 3 0 0 8 1 2 14 5 16 0 2 1 0 3 1 0 1 0 3 1 0 26 1 1 0 2 307 0 18 0 3 0 0 0 50 1 14 0 2 6 35 0 27 1 5 2 0 1 1 0 4 4 20 83 1 1 
3 0 0 4 7 1 5 8 1 4 7 0 1 12 0 3 8 5 11 28 0 6 11 9 0 3 4 0 26 5 0 1 7 21 0 0 0 0 0 8 10 5 1 117 1 3 0 0 2 0 37 5 14 2 2 0 16 36 0 1 1 3 23 0 
1 1 0 2 20 12 1 2 2 1 2 0 4 0 56 0 9 2 1 0 4 29 5 7 0 5 3 0 1 9 2 1 0 1 2 0 7 1 0 4 0 0 2 6 1 0 1 1 1 1 0 1 0 4 0 0 0 13 1 31 22 8 2 0 
0 13 26 1 12 0 0 17 14 0 6 0 0 6 2 2 14 36 3 3 15 0 14 1 1 18 1 1 2 4 0 1 2 16 115 1 7 3 1 6 7 0 24 4 23 0 35 0 0 0 43 0 20 0 2 0 0 6 1 7 2 2 9 0 
21 120 6 24 1 2 1 5 10 1 1 0 1 2 17 0 1 1 4 0 3 1 7 12 5 4 2 0 14 0 0 3 0 10 35 14 35 21 1 285 0 2 10 3 0 0 12 49 0 0 1 21 38 43 5 0 3 1 1 0 0 0 8 8 
0 6 3 4 1 1 3 2 4 1 10 5 1 0 25 3 1 1 8 18 10 3 56 0 4 2 2 53 4 0 0 13 0 0 0 2 7 8 16 0 1 1 181 2 1 3 0 11 6 18 0 5 29 1 5 25 2 2 4 0 1 8 1 3 
0 2 0 6 10 7 1 1 1 9 0 3 0 8 347 1 2 0 0 1 4 16 7 17 0 2 3 0 0 1 9 2 0 7 1 1 0 0 1 3 11 0 43 0 0 1 0 0 2 0 3 2 0 5 1 7 0 2 9 10 0 0 11 1 
0 24 43 14 0 0 0 0 46 7 49 0 25 0 4 0 0 0 5 3 22 1622 10 0 9 0 1 0 0 34 0 29 5 2 0 0 0 2 30 16 31 3 0 0 1 6 1 2 0 4 1 0 1 29 13 0 2 9 1 2 0 0 114 19 
1 0 4 3 3 0 0 22 5 6 2 0 0 34 0 125 1 14 1 0 1 1 1 0 17 1 117 0 0 7 2 0 0 5 4 0 0 39 1 13 1 4 5 1 21 3 1 0 0 6 1 1 2 8 6 1 3 42 0 1 24 2 3 2 
3 0 5 2 10 1 0 22 25 25 0 45 1 0 4 4 3 1 0 1 52 1 2 6 3 0 1 0 3 86 16 0 1 2 7 4 0 1 0 1 4 4 1 3 1 2 6 0 13 0 18 0 1 0 37 4 1 1 196 8 9 5 4 0 
4 1 0 4 47 4 14 14 6 0 1 1 1 0 0 0 3 1 6 65 0 4 0 1 0 0 0 2 0 3 4 580 20 5 8 3 3 0 1 2 0 17 36 0 12 0 2 3 0 1 1 2 3 4 8 3 3 5 9 2 2 0 8 0 
2 22 3 0 1 3 4 3 0 2 45 1 8 6 3 10 0 2 26 1 4 5 7 1 45 64 57 1 0 3 0 10 0 23 2 294 10 7 1 0 5 3 0 1 3 3 13 0 9 2 1 0 0 1 0 14 0 0 120 5 1 0 0 0 
0 4 0 0 3 7 0 1 0 23 4 0 4 1 88 3 0 1 41 4 0 0 0 0 0 0 1 15 27 1 5 0 0 0 1 1 1 2 34 0 22 15 0 6 2 19 20 5 3 1 94 0 4 0 1 5 2 0 3 1 8 2 1 0 
0 7 4 1 1 2 3 24 2 0 0 0 0 0 7 0 2 0 1 9 2 1 4 2 0 5 15 1 2 12 0 2 14 1 22 20 7 42 0 0 0 0 7 1 5 6 11 1 0 0 1 1 0 0 6 2 8 1 2 3 0 3 20 4 
0 10 0 12 6 72 0 1 34 1 1 0 0 2 3 0 0 0 0 0 6 1 0 0 1 2 0 9 4 3 0 0 87 1 8 5 1 1 4 3 0 0 0 3 6 1 0 17 0 0 0 7 1 96 6 6 13 0 1 1 2 7 4 2 
3 4 0 9 117 0 8 1 11 0 0 0 7 1 0 14 135 3 0 4 1 3 15 11 0 53 5 23 1 0 0 4 1 1 1 0 0 0 0 0 373 18 5 0 29 50 0 3 10 22 3 0 17 2 0 0 1 87 13 0 0 3 77 0 
1 0 0 1 2 0 2 4 0 6 7 16 6 1 3 10 32 3 6 3 10 6 1 5 3 206 1 48 9 0 9 1 1 0 1 185 1 6 4 61 0 8 0 0 1 18 1 10 3 1 2 0 18 13 2 3 14 28 7 15 0 8 8 0 
2 3 42 0 4 21 0 11 6 2 8 0 15 7 0 1 0 1 0 0 0 2 3 1 0 1 1 8 1 19 1 1 0 19 3 10 8 1 23 5 1 1 0 1 5 1 2 24 0 2 0 0 3 2 1 1 11 0 5 5 43 0 0 3 
0 0 37 0 0 0 2 8 0 0 0 4 0 0 2 6 0 8 0 5 3 2 5 0 0 2 2 55 0 0 18 0 7 1 5 6 3 2 2 9 4 0 0 1 0 1 1 0 1 3 4 19 6 2 0 4 10 0 17 5 8 15 3 30 
16 0 3 1 0 6 1 3 8 3 1 1 1 1 10 2 15 0 2 0 9 2 12 2 4 1 4 1 5 23 1 20 9 1 0 18 2 0 0 37 5 0 0 2 0 0 0 4 0 4 22 0 11 0 224 5 12 0 0 1 1 1 2 27 
17 2 6 1 7 2 1 5 12 4 18 0 0 37 6 0 13 1 4 1 2 0 0 0 8 0 7 4 7 0 7 0 1 0 0 3 1 2 0 1 0 0 11 0 9 0 2 1 0 0 0 0 2 0 30 0 0 2 0 12 9 5 8 1 
3 0 1 3 3 98 10 1 39 1 1 0 0 2 6 1 0 46 2 3 1 7 0 0 1 2 25 0 0 19 3 2 6 4 1 1 0 0 4 0 81 1 1 0 2 0 0 2 29 1 16 1 4 75 1 0 2 3 25 2 2 0 1 0 
0 5 2 3 8 5 1 6 1 0 0 2 1 3 20 2 1 41 2 2 3 0 123 2 6 0 1 24 1 0 2 0 13 3 0 0 3 1 848 2 20 5 1 9 21 6 1 21 3 0 0 5 65 3 0 47 0 20 10 0 7 0 1 2 
8 0 23 5 0 1 5 1 9 1 2 141 1 0 65 2 5 17 6 0 0 1 2 11 0 111 0 7 0 3 4 0 0 238 6 39 2 0 1 4 0 2 12 6 5 1 1 0 42 3 4 1 56 1 0 0 0 0 0 1 5 4 9 1 
20 1 1 4 2 4 0 11 0 0 9 0 0 343 2 4 42 0 4 0 3 42 4 1 0 2 3 1 1 6 3 0 0 0 63 12 11 10 1 2 2 82 3 1 0 3 9 1 2 6 1 32 4 1 5 4 0 0 0 6 2 1 7 2 
16 0 6 15 9 7 2 1 4 3 0 1 42 0 1 0 0 15 2 1 3 1 6 0 37 11 0 3 17 1 7 22 2 7 6 5 4 1 37 2 1 14 3 11 3 2 4 6 3 1 0 7 14 0 19 8 6 1 1 0 35 17 1 0 
1 2 11 0 1 3 5 0 16 0 0 19 0 7 5 0 0 1 0 0 4 1 0 19 0 0 14 0 3 4 0 1 0 0 2 3 2 0 31 0 1 0 2 2 0 1 1 26 11 0 0 1 21 5 34 2 5 17 13 1 0 0 0 2 
1 2 10 2 1 24 0 1 0 35 12 46 10 1 10 93 0 2 49 0 2 20 0 0 1 29 1 1 1 7 1 16 0 2 4 2 0 0 1 29 0 0 0 0 2 0 5 0 106 15 2 0 7 0 4 4 7 3 5 10 4 23 24 2 
1 2 1 1 5 1 1 10 4 0 3 1 0 1 2 0 15 1 3 0 13 30 1 0 1 0 12 0 0 0 2 1 1 1 3 5 3 0 7 0 0 0 1 7 1 0 2 3 0 1 4 4 5 0 1 5 8 2 0 1 5 24 3 0 
12 0 0 2 6 6 25 6 0 63 6 0 1 0 2 1 2 15 1 0 0 0 11 1 0 46 58 5 0 7 1 0 7 0 11 10 12 8 1 1 0 5 28 3 2 52 41 9 59 3 2 1 93 0 0 1 2 11 0 0 0 9 4 6 
10 24 8 0 2 1 2 1 0 5 1 8 1 0 0 0 0 2 1 1 5 2 14 7 4 0 0 0 0 5 58 0 4 2 15 5 1 3 0 2 3 1 7 3 2 0 21 25 9 1 1 0 2 2 0 1 1 10 3 6 1 6 0 0 
1 5 0 0 6 0 6 8 1 2 2 11 1 1 0 9 2 4 0 2 2 1 0 6 4 0 0 1 70 2 4 0 0 0 0 0 0 7 2 0 9 0 0 5 0 2 6 8 1 4 1 7 1 27 0 68 0 4 3 1 0 5 51 0 
1 17 0 11 8 0 5 0 9 4 1 4 5 60 0 0 0 9 72 0 2 1 15 1 142 4 7 5 2 7 5 4 1 0 0 6 1 2 0 140 1 10 24 1 34 4 2 0 5 0 3 9 0 0 1 32 8 5 59 2 0 1 2 0 
1 1 2 0 4 3 2 6 1 0 9 7 9 0 4 0 2 0 3 0 1 5 1119 52 1 2 247 0 1 17 2 5 28 2 1 1 3 0 11 1 1 2 10 0 2 0 0 1 0 251 0 3 0 2 34 1 1 2 5 0 7 0 1 8 
6 2 0 1 3 0 4 1 4 7 1 3 0 1 1 10 0 0 1 6 0 3 0 1 0 11 0 0 0 0 4 0 2 1 1 47 3 4 0 174 9 265 1 0 1 12 1 15 2 0 0 0 1 69 2 0 2 7 1 0 22 4 0 0 
0 1 4 24 0 3 18 0 0 32 8 7 0 0 19 38 0 0 160 9 0 0 9 1 17 1 2 35 17 1 1 8 1 17 0 1 6 23 1 6 21 1 0 1 4 7 32 18 8 14 1 10 0 1 6 131 1 2 7 1 2 6 8 0 
0 2 0 4 3 30 5 0 19 3 0 0 3 2 3 0 1 6 1 0 1 16 18 133 4 0 2 1 18 5 6 0 2 11 7 0 9 5 9 0 6 16 1 27 4 39 1 6 8 6 0 47 4 1 23 0 0 1 2 8 4 1 12 0 
0 2 1 54 0 1 1 40 3 2 0 8 20 5 0 0 0 0 0 0 2 3 248 0 0 3 2 1 0 0 3 3 22 0 8 0 0 0 0 0 27 4 0 2 1 4 7 4 0 0 0 0 25 2 0 0 0 5 0 9 0 60 22 22 
0 10 2 0 2 0 2 9 27 0 0 0 6 0 30 0 0 3 11 2 12 3 5 0 5 10 0 0 0 0 2 0 6 3 1 2 0 0 0 0 1 7 13 0 5 1 12 3 2 0 13 1 2 33 1 21 5 18 8 8 8 12 4 1 
0 0 4 2 9 3 1 9 3 2 6 47 21 1 5 5 0 1 6 2 94 0 4 120 1 6 1 2 1 16 4 6 1 0 1 1 3 0 0 3 13 0 5 0 0 1 0 21 0 11 3 0 1 0 2 0 0 1 9 1 4 3 2 5 
89 3 8 33 0 0 2 0 3 20 0 0 4 25 0 0 21 1 19 2 1 0 13 1 0 0 23 0 1 2 3 5 0 2 12 1 10 3 1 0 8 100 19 2 45 0 3 1452 0 14 6 0 2 0 0 0 22 45 1 0 1 0 12 8 
0 1 2 3 4 1 6 2 0 0 35 21 0 5 0 1 1 0 63 1 5 19 0 4 0 0 0 3 1 3 0 3 1 1 12 1 0 3 11 42 0 3 0 1 5 0 0 16 8 14 0 0 1 8 0 24 1 0 1 0 4 9 2 2 
0 10 14 11 1 0 1 17 13 8 0 4 3 27 3 5 1 0 0 0 2 5 0 0 1 5 0 0 1 96 2 1 2 6 4 6 5 5 50 6 7 0 1 146 6 20 11 2 0 0 2 1 1 6 2 4 47 7 4 10 2 3 5 11 
1 7 4 1 0 12 1 5 2 2 2 2 10 1 1 6 0 0 5 1 0 2 15 32 1 0 338 2 4 0 2 2 0 0 0 5 0 4 0 32 0 7 9 82 7 523 11 0 1 0 0 2 0 6 0 2 4 1 2 0 0 14 20 0 
5 4 3 0 0 8 206 6 0 0 13 65 0 0 7 5 5 485 1 1 1 1 0 1 1 10 1 12 3 6 1 15 2 0 5 1 4 3 0 1 467 21 62 3 7 0 2 1 1 5 10 2 177 1 0 9 0 2 2 0 0 3 0 0 
6 12 0 0 0 11 6 4 1 0 15 0 0 1 0 1 2 1 7 0 2 0 0 0 40 0 0 15 0 0 3 2 0 73 1 2 1 0 0 10 0 4 15 18 4 8 1 2 4 0 3 2 1 0 0 2 10 2 1 92 0 13 4 77 
27 0 16 1 0 0 27 0 0 1 0 1 25 0 1 2 1 1 2 0 1 0 0 0 0 1 3 0 1 0 1 3 5 33 1 2 6 0 6 29 13 7 0 9 3 4 6 12 0 0 0 2 16 2 0 2 2 0 0 3 0 0 9 1 
10 9 1 4 11 0 1 20 3 2 0 0 5 2 43 5 0 7 2 4 4 0 4 0 0 0 11 3 0 0 2 0 0 0 0 4 0 6 0 2 7 0 1 0 12 1 0 1 4 7 2 0 1 0 1 2 1 9 4 7 1 1 32 1 
31 1 0 0 0 2 1 8 0 1 6 30 0 5 41 2 0 0 9 7 2 1 6 0 5 6 586 0 3 10 1 0 3 0 1 1 6 0 0 23 5 1 0 99 1 23 0 0 0 2 121 0 6 0 0 5 0 0 21 2 5 0 8 3 
23 1 0 1 19 9 1 1 2 3 6 9 1 0 1 119 0 0 2 0 1 0 0 2 5 1 0 0 0 1 0 33 0 1 40 5 14 0 1 0 18 15 14 1 0 2 1 5 2 11 2 0 0 5 2 0 22 11 4 4 0 2 26 22 
9 2 24 11 6 16 5 13 0 18 4 13 2 0 0 1 29 1 14 0 1 8 1 0 0 4 0 104 1 26 6 0 1 6 0 129 3 5 2 0 14 3 1 2 32 1 2 1 9 3 7 0 0 0 12 1 1 8 0 1 0 22 35 7 
10 14 0 1 0 0 0 20 11 2 7 38 6 0 1 1 1 2 1 1 43 1 3 0 2 8 2 5 0 0 6 0 0 5 3 1 8 0 0 3 1 0 0 0 7 55 1 0 2 3 0 3 14 1 0 1 1 0 3 0 19 0 3 1 
1 0 7 1 0 7 8 11 0 0 1 0 10 1 1 0 3 7 9 0 17 0 51 6 12 5 13 8 0 1 4 0 11 0 3 1 0 0 135 1 0 5 0 0 2 28 1 5 37 0 0 2 5 5 1 4 13 1 0 22 1 11 5 1 
1 1 0 4 2 5 0 0 1 3 1 3 18 1 1 5 0 9 1 0 0 9 2 1 0 9 1 3 9 6 48 4 4 0 0 0 9 1 1 0 3 0 3 2 2 6 3 11 0 9 9 1 0 2 1 8 0 5 0 0 15 1 2 1 
2 8 5 9 1 1 3 23 0 5 0 15 7 9 0 43 8 0 0 1 1 0 9 0 6 1 0 3 0 10 9 1 3 6 8 9 9 2 0 0 0 40 0 7 5 3 3 56 101 17 0 3 37 7 9 0 15 1 43 0 8 4 3 0 
0 1 6 3 4 0 1 2 1 1 9 1 2 0 14 44 2 4 3 10 2 14 0 10 1 0 2 0 0 4 3 1 3 2884 29 1 21 1 9 7 0 0 2 0 0 0 2 0 1 0 3 1 0 1 0 1 3 810 0 0 3 14 0 0 
1 0 4 59 1 3 1 16 0 2 0 0 1 17 1 1 2 4 1 22 2 45 0 11 1 0 2 15 4 6 47 20 0 1 0 4 0 19 2 29 42 1 1 30 0 1 1 1 10 0 0 0 18 0 4 3 0 0 42 4 3 0 22 0 
4 0 0 6 0 0 267 0 1 0 185 1 7 3 0 16 0 1 2 9 0 0 0 71 1 2 0 5 2 1 9 9 5 0 0 1 1 0 2 2 1 6 4 0 1 0 0 1 4 2 1 0 1 0 4 0 0 4 2 13 22 0 1 6 
21 14 0 9 1 6 0 4 0 7 34 276 0 6 0 232 4 0 3 13 1 13 0 0 0 0 1 0 2 3 10 0 6 697 3 1 0 1 0 1 11 5 0 4 11 1 1 2 0 2 0 36 4 1 1 1 0 0 0 0 4 2 0 0 
2 1 0 0 3 0 89 1 0 5 3 0 2 2 2 9 0 7 0 5 5 342 0 0 1 1 7 108 0 1 0 1 0 0 22 4 4 7 0 7 2 1 0 2 2 0 0 2 1 2 4 0 8 1 47 27 6 1 4 5 7 2 6 2 
0 0 5 4 0 4 3 1 0 10 2 1 120 0 3 0 36 0 2 1 14 1 4 1 2 12 13 1 2 26 9 3 4 2 89 3 0 0 5 0 10 0 2 42 1 6 1 260 456 14 1 3 9 35 0 3 7 28 20 1 0 4 0 1 
6 4 3 20 10 0 17 61 0 6 4 0 12 7 4 1 2 0 5 2 10 2 1 23 146 10 8 1 1 5 2 0 2 0 3 0 2 0 3 62 0 1 14 1 3 26 11 1 0 0 1 3 0 7 2 0 139 1 16 1 0 0 24 0 
5 15 0 0 0 1 0 1 147 48 5 24 0 0 0 1 5 0 34 0 2 0 73 1 7 2 0 0 1 9 4 1 2 3 7 9 0 0 9 0 1 1 4 188 2 4 3 2 16 4 0 14 5 0 0 1 0 3 15 9 0 19 9 1 
1 2 2 3 3 2 3 12 4 25 0 0 8 1 0 1 3 0 26 1 14 16 3 0 2 1 13 28 1 4 2 9 0 6 2 0 31 1 8 3 0 1 410 2 0 2 1 4 0 1 4 0 2 3 0 1 30 1 1 1 1 3 12 3 
9 2 0 1 1 5 5 4 2 2 0 3 16 0 5 0 3 1 1 1 4 8 2 0 0 1 2 0 1 29 0 10 1 1 8 1 0 107 2 37 2 6 1 0 0 1 104 2 1 0 3 5 2 0 0 1 0 0 4 33 2 0 15 1 
3 2 0 2 2 10 16 0 0 3 19 0 28 20 1 0 12 2 0 1 15 6 8 0 20 0 12 8 5 0 2 0 5 202 1 2 2 0 3 22 21 1 6 1 1 2 16 1 222 3 0 1457 2 1 0 6 6 28 0 1 1 6 0 0 
2 0 0 5 0 7 1 0 0 2 0 184 3 0 14 8 0 10 2 23 0 0 0 2 3 21 0 12 4 1 3 1 1 0 0 10 0 0 2 4 0 2 0 0 10 0 10 3 0 0 0 0 6 0 4 0 1 2 6 0 7 0 0 8 
0 4 4 2 4 1 3 0 87 0 0 2 3 4 35 3 1 3 1 0 2 6 2 43 0 4 2 2 0 0 6 0 0 1 0 15 2 2 0 0 5 7 4 0 12 0 2 0 0 0 5 5 0 2 9 28 8 3 5 34 0 21 0 0 
121 2 9 5 0 10 1 10 6 4 1 7 0 0 4 0 1 3 4 1 1 4 0 17 1 3 1 0 0 0 0 3 20 64 3 18 0 6 5 0 4 10 2 1 38 5 2 56 4 0 6 1 0 2 2 0 2 0 0 6 2 4 5 6 
3 5 1 2 1 0 4 0 5 4 1 26 1 37 0 0 3 2 0 1 0 1 3 0 0 0 0 2 19 1 0 0 18 1 2 1 5 1 2 1 12 8 2 1 3 1 0 36 6 2 0 4 4 19 2 3 2 0 94 1 1 17 1 0 
3 10 0 10 6 4 0 7 5 1 0 3 1 2 9 1 4 0 2 19 0 1 31 6 1 10 6 15 6 11 0 4 1 1 0 7 3 5 7 13 607 13 0 8 28 1 0 4 1 4 2 0 5 1 0 5 1 0 8 2 5 0 1 10 
2 4 19 2 7 29 3 2 0 0 9 0 9 4 84 3 0 1 24 7 44 0 0 5 1 0 5 196 2 0 0 1 21 3 0 2 3 0 0 28 0 15 0 7 15 0 4 0 5 1 0 1 2 0 0 25 4 3 1 2 1 4 0 36 
1 4 0 2 0 0 2 3 0 1 0 1 1 1 373 1 0 1 0 1 18 2 0 17 3 1 0 6 1 0 0 3 0 0 0 22 4 1 1 1 6 0 1 11 2 1 10 35 15 6 10 29 1 11 0 7 0 0 0 5 2 4 10 1 
3 0 5 1 315 30 2 0 0 0 1 1362 6 1 0 1 30 0 1 12 85 0 12 26 2 1 0 2 0 56 59 7 42 2 2 8 0 5 6 3 0 2 13 0 0 1 2 2 0 19 0 0 7 3 0 10 2 5 1 0 2 5 0 14 
0 2 18 27 0 3 0 2 0 5 1 1 9 0 3 5 2 0 1 0 1 0 7 17 3 0 78 1 5 0 22 1 0 8 0 1 2 6 0 1 6 2 2 0 7 3 3 8 0 10 6 1 4 0 0 1 1 0 0 12 1 7 4 0 
0 1 1 0 2 16 1 3 1 0 0 0 10 4 6 22 11 0 1 0 3 0 0 68 2 0 1 2 1 1 0 0 0 0 2 0 0 1 1 21 20 65 3 2 0 2 23 0 1 7 1 77 94 19 9 2 6 4 0 13 0 23 2 2 
11 2 1 2 0 1 1 2 7 1 6 140 3 0 1 0 0 0 4 5 36 5 2 1 7 19 0 3 1 0 7 1 5 0 1 1 1 12 0 0 3 59 1 3 1 3 4 0 1 1 1 2 13 0 2 0 15 0 2 0 0 0 0 1 
1 0 2 81 0 2 2 0 0 6 1 3 19 0 0 1 96 0 3 0 361 1 1 31 0 30 1 1 2 9 0 2 0 8 5 1 0 4 3 0 2 20 8 0 1 2 12 44 1 1 3 3 0 7 0 2 11 2 11 0 3 5 124 0 
3 3 0 11 0 2 0 3 0 0 29 0 0 0 0 2 1 6 0 0 1 30 1 100 1 2 21 38 6 0 0 0 2 1 0 0 5 2 1 3 0 3 0 12 0 19 4 1 0 3 8 2 0 1 5 2 18 0 0 4 1 0 3 0 
34 3 0 1 6 1 304 27 2 2 5 44 0 4 2 22 30 11 6 1 0 8 4 0 6 6 12 2 101 23 1 0 12 1 0 0 3 0 0 1 0 19 0 1 4 2 3 3 0 0 0 0 6 3 2 0 5 2 2 38 1 0 2 0 
6 18 0 0 2 1 1 6 0 19 0 0 9 0 6 4 1 1 5 9 612 1 8 2 1 0 0 25 1 1 6 0 0 2 9 3 2 0 4 7 2 2 1 1 0 9 1 0 0 1 16 1 0 3 1 0 1 0 0 0 1 2 9 5 
1 2 2 1 8 34 14 1 3 1 2 0 2 1 0 28 29 3 8 3 16 2 0 14 12 1 1 0 1 2 7 0 0 4 281 2 0 51 1 6 93 16 0 15 5 0 11 1 1 3 7 0 2 1 3 1 21 11 16 0 11 2 2 6 
1 2 4 1 0 0 1 5 4 0 3 5 17 3 2 0 0 6 0 4 0 0 7 0 12 12 4 11 7 0 0 14 0 18 5 34 9 5 21 0 9 3 1 0 0 1 21 0 19 0 58 1 0 5 0 0 3 2 17 0 14 1 11 1 
0 0 0 1 3 26 6 0 2 1 1 6 3 1 14 0 2 1 1 0 0 2 0 5 2 0 74 12 14 25 2 2 1 15 0 0 1 9 2 1 12 16 1 0 0 18 0 0 2 463 0 7 0 0 0 21 1 0 19 10 13 0 3 0 
1 218 2 2 8 3 1 0 5 6 3 0 1 3 0 0 2 1 6 1 2 6 15 1 8 0 211 2 1 0 3 14 2 20 2 3 2 1 3 1 0 22 0 5 246 1 5 5 83 1 8 0 1 0 2 0 8 7 0 0 17 21 1 3 
1 2 11 0 2 3 0 140 21 43 4 11 0 1 1 0 1 3 2 1 0 4 1 43 0 6 3 1 8 0 1 8 68 7 9 0 1 9 6 0 6 0 0 0 0 17 0 4 0 5 23 6 0 0 1 1 8 0 7 0 1 15 0 3 
2 0 0 0 0 1 408 0 0 0 0 1 10 15 19 5 0 1 0 5 0 0 31 1 0 0 16 1 15 0 1 0 8 0 0 0 13 8 0 1 0 14 0 1 5 3 0 0 6 0 7 6 2 1 4 1 1 5 0 0 2 49 0 1 
0 2 23 48 1 3 0 4 1 0 0 1 0 6 1 3 31 0 1 4 117 2 1 3 1 6 3 0 0 2 6 3 0 2 61 3 1 8 0 4 0 1 18 0 17 0 1 1 0 1 5 3 0 1 0 2 12 2 5 0 80 1 111 0 
0 0 2 6 2 20 106 1 1 1 1 8 12 3 0 5 9 366 1 82 11 82 0 0 55 0 0 0 5 3 1 0 5 4 5 1 2 2 14 4 1 3 0 2 0 0 2 0 5 0 0 0 0 1 0 5 3 34 2 8 0 6 6 0 
0 1 4 2 0 6 5 21 135 9 6 4 3 20 2 1 4 117 1 76 1 6 3 2 0 1 0 5 2 9 1 1 0 9 0 1 12 1 8 1 2 1 0 4 1 0 0 1 0 2 4 4 1 2 18 3 0 8 5 0 2 4 7 2 
19 1 9 43 4 5 0 0 71 1 11 0 3 1 19 7 13 2 2 1 0 9 0 2 9 9 3 50 1 0 6 1 3 17 1 2 1 2 1 0 0 4 1 11 4 1 0 0 1 3 0 2 0 0 17 9 0 0 0 3 1 0 6 0 
4 8 2 23 3 38 0 1 0 0 0 11 0 1 3 0 0 29 176 3 16 3 2 1 0 4 2 9 0 0 10 0 1 8 2 3 1 1 0 3 11 0 1 89 0 417 1 6 0 1 5 11 0 3 0 0 1 4 4 2 1 11 128 2 
0 0 2 0 3 60 0 1 0 0 4 1 0 1 1 1 2 3 0 2 0 3 2 29 55 3 0 0 1 1 0 5 1 5 74 1 10 1 29 2 0 0 15 0 9 2 3 4 3 13 1 0 3 0 3 2 0 7 3 9 11 1 1 8 
0 1 0 3 1 0 2 1 13 21 0 5 0 0 0 0 1 4 0 10 0 8 0 2 6 0 3 2 3 0 0 0 3 4 0 0 2 0 1 17 60 35 10 5 1 13 0 3 8 1 0 1 8 2 0 0 6 1 3 0 0 2 0 1 
0 0 1 1 7 0 15 1 9 3 3 10 306 2 1 1 0 0 42 0 0 0 204 0 0 36 21 0 3 6 0 4 1 14 2 18 1 0 1 12 1 0 0 5 1 1 22 0 117 4 2 1 6 1 13 11 1 1 0 9 2 1 7 0 
0 13 1 14 8 0 3 4 33 0 1 0 0 3 13 2 0 0 1 0 6 4 0 0 6 0 1 3 1 0 1 6 8 0 9 7 0 12 2 2 7 2 5 0 3 2 0 0 4 0 0 8 5 2 0 2 2 8 0 1 2 1 1 1 
1 10 3 38 2 0 3 1 11 64 1 2 9 5 5 22 0 253 2 0 0 0 3 11 0 2 1 4 0 0 2 0 11 1 1 2 4 0 4 0 0 5 9 27 4 1 1 0 4 3 0 96 5 1 0 19 1 4 0 18 0 1 2 0 
1 0 3 0 97 10 3 3 2 1 0 3 4 1 3 6 3 4 0 1 7 5 11 2 2 0 1 1 17 2 3 2 3 11 0 3 0 4 1 60 0 0 3 22 0 16 4 4 2 1 0 95 2 3 0 5 0 5 7 0 1 4 1 4 
0 1 1 9 4 1 1 0 5 11 12 32 2 0 5 2 6 1 4 0 7 2 0 3 0 0 15 0 9 0 1 0 9 121 6 7 1 1 1 3 0 3 12 2 4 0 1 2 1 34 6 1 12 1 2 1 2 9 1 1 1 1 7 4 
0 1 20 0 3 0 0 243 47 4 20 0 1 12 2 3 7 6 5 5 9 1 3 1 8 1 1 11 61 3 2 2 2 1 1 4 0 1 0 5 10 6 5 1 1 0 0 42 4 627 0 0 0 3 32 3 0 1 53 3 6 2 9 0 
0 2 2 0 50 2 1 0 1 5 1 8 1 0 2 4 7 0 3 0 7 0 29 1 0 2 1 3 5 8 14 0 1 0 0 107 34 9 1 3 1 3 3 0 1 10 1 4 1 4 1 36 9 0 0 0 0 8 29 3 2 0 0 1 
120 2 2 0 2 0 0 1 0 4 4 0 74 9 1 15 2 1 0 3 19 0 0 1 4 2 6 1 27 8 0 11 0 0 1 0 5 13 1 1 0 6 6 0 0 0 61 2 0 26 2 5 0 0 1 0 38 1 1 1 0 70 0 0 
15 2 1 1 1 0 0 7 2 0 3 4 1 2 0 7 504 3 0 2 1 18 2 0 365 9 87 1 4 2 15 15 0 0 0 4 1 22 0 1 5 1 7 6 2 2 19 1 0 19 0 6 1 29 3 8 0 1 0 6 0 5 0 1 
7 2 4 14 0 0 0 1 0 2 5 3 2 1 1 11 2 0 0 5 8 3 7 6 2 8 0 3 5 1 2 0 1 2 1 10 3 3 54 14 0 2 18 0 0 0 16 2 70 5 0 1 0 1 4 8 0 9 0 0 0 3 2 0 
7 16 12 1 6 68 0 2 9 0 2 5 0 6 1 2 0 16 0 0 4 2 1 0 56 37 0 1 0 15 2 0 2 0 0 8 0 3 5 3 9 1 1 0 1 8 2 0 15 1 0 0 0 12 2 4 1 13 0 0 0 0 3 0 
50 6 5 0 0 2 0 0 0 3 1 8 22 14 7 3 0 2 1 0 0 1 1 1 240 2 5 0 0 3 0 1 180 2 0 1 4 0 0 5 13 66 20 0 3 2 0 1 0 0 23 0 3 0 5 3 0 0 0 1 3 14 0 3 
1 1 1 1 0 1 1 18 3 0 2 26 0 57 0 0 0 0 16 0 47 1 1 0 8 3 1 5 6 8 2 2 4 0 32 5 0 3 236 1 5 0 386 0 6 0 14 0 0 6 0 1 13 19 2 5 5 55 2 0 2 0 1 4 
4 0 2 44 3 1 1 3 0 1 10 0 0 2 0 37 8 2 0 1 1 38 1 10 5 24 0 0 0 5 0 2 1 0 0 3 0 0 0 56 0 2 4 1 11 24 1 6 195 2 20 9 3 1 0 6 21 3 2 0 3 5 5 0 
7 0 0 142 3 29 1 39 1 0 11 0 13 32 35 47 2 8 0 14 0 0 0 5 14 124 1 0 0 2 83 18 4 6 1 0 0 0 0 0 2 29 0 2 0 2 3 1 8 2 3 0 0 1 9 5 1 0 8 17 15 0 9 43 
0 5 0 8 7 0 7 0 2 5 3 9 0 1 0 85 0 5 96 0 8 0 0 0 0 3 303 0 0 17 2 0 7 13 1 0 0 1 1 0 26 27 1738 0 3 0 16 2 1 1 6 0 2 0 125 0 11 27 0 3 1 65 0 4 
42 0 0 4 0 3 11 0 12 24 6 29 1 2 1 8 1 13 21 0 9 0 18 0 4 8 0 1 2 0 2 0 8 3 0 1 9 7 121 4 1 2 14 0 3 19 1 4 0 0 2 27 4 1 6 0 1 1 5 1 12 5 0 11 
3 123 1 0 0 6 0 0 6 2 2 10 27 1 1 0 4 2 34 2 6 1 5 2 0 4 7 1 1 0 4 5 0 0 3 28 0 54 0 0 24 0 0 7 0 0 2 1 0 0 0 0 4 14 1 2 5 2 1 9 0 10 10 0 
1457 8 2 7 0 7 167 3 117 0 1 1 0 42 0 2 4 6 3 2 2 1 0 0 6 0 7 3 0 0 4 44 0 5 3 0 6 0 1 0 1 0 7 0 0 0 1 0 2 34 311 2 9 5 8 16 0 0 1 10 2 2 10 0 
2 1 0 0 3 2 12 449 0 38 0 1 149 0 0 2 3 3 58 8 21 17 2 2 1 0 34 2 22 0 5 7 1 0 12 2 2 1 1 2 0 1 0 0 0 8 1 9 169 0 6 0 0 3 0 0 12 2 0 0 0 1 8 1 
0 1 4 0 11 20 14 6 2 40 7 2 4 1 3 2 6 3 0 14 1 35 0 1 0 2 0 6 13 7 6 24 1 5 26 0 0 4 0 0 0 55 1 0 3 1 1 16 0 0 0 1 0 7 2 0 1 0 1 0 0 0 1 12 
2 0 3 0 2 0 2 0 0 0 56 0 1 7 0 0 0 0 1 1 41 1 1 23 15 0 1 10 1 1 1 0 15 0 2 3 0 0 2 0 0 2 0 0 1 8 0 2 0 9 0 2 1 0 24 1 11 0 0 0 1 0 10 5 
10 10 16 4 2 4 2 5 2 1 1 1 1 0 5 5 1 0 12 5 1 3 2 4 1 1 15 6 2 32 1 0 44 4 38 0 2 6 1 1 1 0 0 4 3 2 0 35 1 8 4 1 12 0 1 6 2 6 6 0 2 12 0 3 
0 23 4 1 0 0 0 1 8 0 1 18 2 4 1 0 2 1 1 1 16 0 0 164 113 4 0 2 2 0 2 2 6 0 3 1 0 0 6 6 7 1 28 6 1 2 0 5 0 15 0 5 0 0 3 3 3 0 4 2 5 44 1 0 
2 0 8 3 0 0 0 28 1 1 0 4 0 2 0 0 42 0 13 0 2 3 2 0 29 3 2 3 1 8 2 2 0 0 1 0 0 8 0 1 57 4 13 2 0 24 0 19 11 1 49 1 1 1 0 0 2 0 1 9 74 8 0 19 
10 3 1 4 1 0 2 1 1 0 0 56 1 0 7 0 36 5 0 5 5 1 0 0 75 30 9 3 6 1 0 0 6 0 1 5 7 5 11 143 2 0 7 0 1 1 0 1 0 0 0 0 10 0 0 7 159 18 89 0 4 29 4 1 
0 0 17 41 13 0 4 4 2 42 0 2 7 1 3 1 31 0 0 141 0 17 8 1 1 0 5 0 0 2 0 1 13 3 3 1 1 0 1 2 0 1 1 0 0 1 2 3 42 3 5 1 0 20 5 1 9 5 23 9 8 0 8 3 
0 1 1 62 33 0 45 8 0 16 32 3 1 0 2 24 1 0 1 7 2 2 11 1 1 1 2 85 2 0 15 4 5 0 0 51 0 8 3 20 7 1 12 2 4 33 9 0 0 0 0 1 9 3 32 0 0 1 0 6 1 0 1 4 
232 8 0 11 18 0 3 1 2 1 10 14 12 10 5 1 0 1 2 6 6 2 7 9 0 10 1 1 16 12 0 2 1 0 4 2 176 26 1 2 0 2 3 0 0 2 0 35 0 8 0 47 4 23 1 17 0 2 1 0 0 9 3 19 
0 0 1 0 0 4 13 2 17 14 23 4 7 1 0 3 45 0 5 10 6 1 0 0 2 31 3 6 1 0 1 5 14 120 107 0 44 13 5 0 0 3 0 0 3 0 1 26 0 0 0 3 25 41 0 1 0 11 0 2 2 0 17 0 
8 2 1 3 0 8 4 1 0 1 13 6 1 0 0 11 9 0 6 5 3 0 1 9 8 1 2 1 2 8 2 6 0 5 2 3 8 1 11 0 5 3 3 1 2 20 10 3 1 11 1 0 0 0 7 0 1 4 0 2 7 2 0 7 
4 2 26 5 0 1 17 11 0 0 12 1 1 3 4 3 3 0 0 1 28 37 0 3 5 4 1 1 9 3 0 2 2 31 4 1 0 3 5 9 0 14 0 4 4 2 48 0 1 1 0 1 2 0 0 4 0 5 11 2 16 2 11 0 
72 0 0 13 13 1 3 0 0 0 6 15 9 4 34 1 2 1 12 3 8 2 0 15 40 3 1 0 0 1 5 0 1 10 47 1 2 3 4 3 0 0 27 1 1 1 2 9 3 0 0 3 3 0 7 1 1 6 7 0 0 1 1 0 
6 3 1 1 8 9 11 23 146 1 2 10 0 5 0 0 5 0 2 0 3 1 1 0 2 1 24 0 0 1 0 6 2 0 1 0 3 1 0 93 9 8 0 2 2 1 3 15 0 201 7 4 10 1 1 0 1 0 0 2 8 1 5 174 
0 0 2 0 0 1 3 5 3 0 0 0 0 4 11 0 8 7 20 219 13 0 1 2 19 0 10 0 3 1 11 0 2 3 29 6 2 1 0 2 1 9 1 5 6 0 2 0 0 4 0 3 0 1 0 3 0 7 3 1 0 0 3 13 
4 0 0 1 1 0 0 109 3 1 14 2 11 1 2 14 0 2 3 18 0 3 50 26 3 14 3 2 5 2 6 3 0 0 0 5 9 1 2 0 4 2 0 0 5 7 0 2 3 0 0 67 0 2 1 0 10 5 0 0 79 49 2 0 
0 2 20 6 2 9 2 6 1 0 6 20 8 4 7 0 3 3 2 3 2 6 44 0 0 1 1 0 132 2 1 9 0 0 4 14 3 4 17 3 4 10 0 2 2 0 1 8 1 6 3 4 2 3 2 0 9 2 0 1 1 2 1 3 
14 3 0 0 5 0 0 12 1 9 2 0 7 16 4 1 0 1 1 1 7 0 0 13 1 1 14 9 0 0 1 21 83 3 1 0 0 0 0 0 0 1 6 3 0 0 46 9 0 6 0 1 0 0 1 0 2 5 0 1 19 1 1 2 
5 2 6 2 0 963 0 0 0 10 0 3 4 0 28 2 8 3 0 10 11 3 1 3 2 1 79 9 2 0 1 0 3 1 5 159 68 7 1 1 0 4 8 14 0 0 0 0 0 10 0 0 4 2 19 168 0 2 14 0 1 1 1 7 
0 3 4 0 4 0 0 2 9 0 1 1 0 1 0 2 0 1 1 0 13 0 0 0 116 1 1 7 1 0 1 0 0 1 0 2 11 1 0 7 1 4 73 2 27 3 0 4 17 0 0 1 0 7 23 0 8 0 2 3 2 2 1 43 
50 10 0 1 11 1 0 5 3 1 3 6 0 0 6 10 0 0 4 1 0 1 5 227 6 0 2 1 52 25 1 8 5 0 10 4 6 0 0 0 0 0 6 0 2 2 0 7 2 14 16 1 45 1 3 0 7 0 0 389 2 1 23 0 
0 0 1 0 2 5 2 2 17 13 13 0 1 0 0 45 0 0 1 26 0 1 6 3 0 0 0 1 0 6 0 0 1 0 2 5 4 0 0 34 1 0 4 1 0 7 2 4 2 32 9 1 2 0 3 7 1 4 7 1 14 0 1 0 
0 1 0 62 20 6 16 3 0 180 0 3 4 15 11 0 1 28 2 1 0 5 1 231 0 10 5 2 1 10 3 0 1 1 33 3 48 6 3 1 1 0 1 6 1 1 244 0 0 3 5 1 3 0 2 1 16 0 1 2 0 2 9 2 
0 10 2 21 28 25 3 0 1 15 14 0 14 0 11 10 0 2 1 0 0 1 10 1 1 0 6 0 1 0 2 1 1 0 1 18 0 5 0 2 2 0 3 3 2 0 5 1 2 6 44 2 21 1 1 30 0 2 1 4 0 0 0 0 
8 1 16 1 9 1 16 1 0 0 0 0 8 7 1 1 3 4 0 2 0 11 5 6 0 1 4 0 2 4 30 0 1 1 2 1 3 4 0 6 1 1 0 2 0 0 8 8 5 2 117 1 0 8 0 9 1 0 1 10 0 9 0 13 
3 1 1 0 0 11 2 29 211 7 10 6 2 1 12 0 406 0 4 25 2 7 5 73 0 3 12 1 4 0 24 0 4 1 5 3 4 0 0 1 64 4 6 0 0 8 0 5 1 3 72 0 2 1 0 117 0 15 0 3 0 4 1 1 
10 1 1 3 1 0 226 0 5 3 14 0 2 2 2 0 42 1 4 1 0 11 1 3 4 0 0 40 8 0 0 0 26 2 0 0 0 1 9 10 0 0 2 0 0 6 8 0 0 1 1 1 6 80 11 1 24 12 2 60 1 1 0 0 
24 2 4 1 0 1 9 20 0 0 0 2 15 4 1 13 0 6 15 0 1 0 11 7 0 1 13 14 4 2 1 18 0 0 5 4 1 1 1 12 5 4 0 0 3 1 2 0 5 5 2 2 33 0 3 0 0 4 1 0 191 27 112 0 
27 0 2 0 0 18 2 0 4 3 0 2 0 0 0 3 1 8 4 0 4 2 0 1 1 1 0 5151 3 7 32 0 6 8 1 2 15 43 0 6 0 21 12 12 5 3 8 0 38 1 1 2 10 32 2 0 1 0 1 10 0 0 2 1 
2 0 1 4 0 0 1 8 0 0 0 109 0 0 2 0 6 1 3 3 1 15 3 1 0 8 27 1 7 7 6 0 4 0 0 2 4 0 0 0 14 1 1 1 1 2 0 3 0 0 1 2 32 14 2 0 3 3 0 16 4 2 1 0 
4 45 3 12 5 8 8 122 1 5 50 1 1 2 3 1 0 4 3 0 11 1 1 14 3 6 24 9 0 9 0 4 0 6 2 0 2 7 1 0 2 2 13 1 2 0 4 25 213 0 7 8 0 1 35 0 2 1 1 0 1 54 5 0 
0 2 2 37 1 0 3 2 15 9 0 26 10 68 1 6 2 47 1 6 0 0 42 0 0 32 1 1 1 3 7 4 4 3 207 0 1 3 13 3 4 9 3 886 3 6 20 1 0 5 1 0 2 0 1 0 4 1 0 1 0 2 0 16 
2 8 0 13 2 2 33 1 3 5 0 1 2 12 18 27 1 52 1 16 2 0 8 0 1 7 22 1 24 78 0 0 0 18 0 18 0 249 1 19 1 2 1 9 0 4 0 0 0 2464 0 0 11 9 7 0 12 2 0 0 0 0 2 0 
1 72 0 0 3 0 7 0 46 3 0 0 1 1 0 333 2 21 0 3 7 6 5 14 30 1 2 54 1 25 33 0 1 170 1 6 1 2 6 39 1 1 6 0 2 0 4 0 0 5 2 2 0 0 1 1 2 1 11 0 1 0 20 1 
1 5 3 19 1 15 5 0 0 2 24 2 42 6 5 0 1 0 10 1 3 0 4 2 4 0 1 1 7 1 1 0 0 1 1 5 40 0 1 1 4 4 1 1 8 2 1 0 1 33 6 0 0 4 38 1 0 5 6 0 2 1 8 7 
7 23 6 5 4 1 7 0 0 14 1 35 1 3 6 1 0 59 4 1 0 2 1 5 2 1 7 0 1 0 0 2 52 8 1 5 16 0 0 33 1 1 1 2 16 3 0 2 5 0 8 1 1 31 0 1 23 1 6 0 0 0 2 3 
29 2 8 0 8 0 0 3 19 0 2 7 68 2 5 20 1 1 0 0 1 6 5 4 0 1 8 12 1 2 156 11 0 4 0 4 1 1 0 4 1 0 7 9 1 3 10 0 14 3 0 2 1 5 1 9 1 24 0 0 26 0 17 0 
2 1 0 1 33 0 0 2 0 7 2 0 0 2 15 1 4 0 4 1 1 3 1 213 13 1 1 0 0 0 1 150 1 0 5 2 6 329 4 1 10 1 4 0 7 1 1 0 1 0 3 0 3 2 0 2 0 0 4 0 96 1 1 12 
0 1 0 0 1 110 0 1 0 4 8 7 1 4 0 8 1 1 2 4 1 2 36 0 4 46 0 2 1 1 0 10 5 22 8 2 2 6 14 0 1 2 0 1982 1 59 2 0 5 0 30 0 0 41 1 2 0 1 0 1 35 2 1 6 
46 7 6 7 1 0 46 32 3 6 3 1 0 0 0 2 1 5 0 2 5 46 3 0 0 0 6 2 4 30 0 3 1 0 2 0 0 0 0 0 0 0 0 0 0 47 45 28 4 1 0 2 1 6 1 17 38 11 0 0 0 4 3 1 
0 0 11 0 2 1 7 0 1 4 4 0 39 1 0 4 2 0 12 35 2 8 10 9 36 1 5 1 1 1 0 0 7 0 233 2 2 4 7 12 2 0 2 6 0 0 3 9 116 4 0 2 4 0 10 1 5 1 0 1 6 0 0 210 
5 6 2 1 5 12 0 1 0 57 0 1 2 15 2 0 44 5 0 0 0 2 4 2 9 39 2 5 0 2 1 1 2 4 0 8 2 12 0 1 0 1 5 1 0 4 3 7 11 1 2 19 29 22 1 11 1 69 11 9 4 1 10 1 
1 17 50 116 0 0 6 10 0 28 6 1 1 2 1 12 7 11 0 2 11 792 1 10 5 0 0 12 0 2 1 0 7 55 0 1 2 0 0 0 3 4 8 4 1 3 20 12 0 0 2 0 399 4 255 3 4 10 1 7 78 17 33 4 
1 20 2 1 1 23 2 12 5 37 7 1 3 2 35 45 1 31 51 0 0 6 3 1 0 0 21 8 4 1 1 1 0 4 12 0 18 0 12 0 3 0 1 4 0 3 0 1 2 69 1 1 3 4 2 3 5 0 29 8 6 3 11 0 
0 0 1 2 3 1 0 3 1 205 6 1 9 3 0 2 4 2 0 1 18 2 2 0 4 1 0 2 1 0 2 6 1 1 0 0 99 5 1 0 0 1 1 7 1 2 1 17 7 2 0 0 11 1 7 9 8 0 2 0 26 25 0 8 
3 1 0 13 0 0 0 8 0 0 0 28 0 5 2 1 1 1 8 0 0 2 1 1 2 7 1 0 10 1 1 5 0 42 1007 0 19 1 8 2 3 26 0 4 7 38 0 1 229 5 6 3 11 0 0 15 6 3 2 15 6 6 31 0 
0 1 31 1 5 0 9 0 0 3 4 1 0 2 4 5 0 5 15 0 0 8 5 2 0 25 0 0 2 0 2 1 0 1 15 0 77 0 0 0 6 16 1 0 1 0 1 11 1 1 0 0 0 0 4 45 10 6 65 19 0 6 48 0 
99 4 0 0 2 10 0 0 5 6 0 31 1 3 1 3 1 6 1 3 2 0 8 18 1 2 0 24 4 2 8 0 0 1 2 0 1 64 0 7 20 4 0 9 4 30 2 0 7 12 5 1 26 1 1 2 10 0 0 2 22 1 0 0 
0 3 1 0 4 0 1 163 1 0 2 1 8 0 12 9 2 0 0 15 10 3 15 23 0 10 0 2 3 19 19 7 4 2 0 1 0 1 3 0 9 1 0 7 1 0 3 5 4 0 0 0 4 2 8 0 1 9 0 2 2 0 9 127 
6 1 2 6 3 9 4 1 1 5 4 0 1 1 0 2 0 0 36 0 115 6 14 0 0 0 34 13 0 117 0 3 0 0 0 1 4 0 10 2 17 3 14 1 0 7 0 4 21 11 6 1 1 18 0 0 30 18 4 27 1 0 30 1 
3 1 71 14 0 0 0 3 0 2 3 31 1 0 1 1 5 3 1 3 0 0 1 3 7 12 1 0 16 5 2 3 0 3 1 0 0 0 5 0 0 1 48 2 9 44 0 0 0 3 4 4 9 1 0 1 4 9 0 5 0 0 4 1 
1 39 96 3 10 19 3 6 1 1 3 8 30 1 16 14 0 12 0 0 28 1 2 1 0 22 3 0 1 6 0 1 3 0 0 0 1 0 2 9 2 1 2 77 21 1 0 1 3 2 3 1 0 33 0 0 226 0 0 2 10 0 13 1 
0 0 5 22 0 1 17 1 59 2 10 1 18 8 54 0 5 0 4 0 0 1 7 7 0 1 1 3 0 0 12 1 1 1 21 0 1 2 6 2 3 10 1 4 3 1 13 2 1 0 2 0 22 0 2 406 2 27 0 10 1 1 1 2 
104 13 1 0 1 0 1 1 0 0 0 4 1 1 39 2 20 0 0 1 1 3 3 1 0 14 0 1 0 0 727 10 0 2 2 19 2 6 5 0 0 6 4 1 1 10 10 0 2 1 0 2 0 3 12 0 0 1 0 20 1 3 1 0 
3 10 5 6 1 0 7 2 1 0 1 9 0 1 83 2 2 14 1 0 4 5 49 2 7 1 0 17 4 3 0 6 1 2 6 2 0 2 5 2 1 0 1 0 0 4 0 6 1 6 3 3 1 0 0 1 13 3 23 2193 1 4 3 32 
1 0 14 4 1 0 0 1 24 0 91 1 3 38 1 2 20 0 54 0 5 0 1 11 1 0 0 2 0 0 1 3 1 0 0 1 5 0 236 4 1 5 4 6 3 19 0 5 0 0 8 0 31 92 3 2 0 7 2 6 0 1 10 5 
0 1 32 0 1 10 0 16 3 1 0 8 10 4 0 1066 4 0 1 6 0 1 2 1 1 37 2 7 0 25 6 1 3 1 1 2 5 3 0 2 3 2 0 17 12 1 0 0 0 0 0 10 0 2 1 6 9 6 1 0 1 22 6 2 
1 0 0 0 2 6 0 7 7 0 1 0 4 1 2 1 0 24 15 9 2 0 0 16 10 1 7 3 0 0 9 6 0 0 0 15 22 2 0 30 0 0 13 2 9 23 14 4 2 1 45 24 10 1 20 0 1 1 3 0 6 9 10 13 
0 6 0 1 0 1 0 7 0 24 4 88 30 251 0 2 1 22 20 42 4 0 2 1 1 29 6 2 22 3 2 0 0 1 5 29 8 16 14 0 0 2 1 1 0 1 2 7 1 8 9 0 0 0 0 2 0 2 7 1 1 15 0 1 
6 1 0 3 7 0 0 0 5 6 1 6 2 0 0 6 208 4 0 12 2 9 0 5 9 12 8 71 3 26 2 0 1 4 12 1 1 0 9 2 2 0 0 0 33 0 6 0 0 1 9 38 12 0 0 1 9 0 1 9 0 102 0 13 
0 0 0 1 6 5 0 0 5 190 0 2 1 2 4 1 41 0 5 1 5 0 0 7 2 5 17 2 2 0 22 11 0 0 2 0 3 1 1 1 9 3 0 40 9 1 3 3 2 3 0 0 1 3 1 1 0 69 1 5 0 8 3 1 
1 11 2 6 26 18 17 1 8 18 0 0 0 2 1 2 6 7 1 21 5 0 13 0 0 1 1 1 5 1 6 0 0 0 1 0 1 1 12 1 58 0 13 0 1 0 3 9 0 9 3 0 4 3 0 4 14 25 0 42 17 7 21 1 
1 0 18 391 0 29 2 3 0 2 15 4 3 5 13 0 0 1 3 1 0 14 0 1 4 1 7 12 0 3 2 0 2 1 216 7 2 4 2 0 2 1 0 0 2 1 11 0 1 2 1 0 0 0 32 2 3 11 0 10 0 8 1 13 
14 1 42 18 0 0 8 0 0 1 6 2 3 8 3 7 2 2 0 13 1 1 13 1 26 0 8 0 5 0 1 2 6 0 0 22 2 28 1 0 0 9 0 2 0 1 1 1 0 0 0 4 2 17 35 12 3 1 5 0 1 0 0 2 
1 16 4 1 1 1 3 2 2 1 4 8 0 1 2 20 3 611 0 1 4 3 2 2 0 7 5 0 0 9 1 0 1 2 1 1 1 1 0 0 10 35 3 8 1 8 0 0 32 20 1 0 2 2 0 1 4 13 5 0 6 4 0 3 
0 6 0 0 5 1 1 10 7 2 0 0 23 5 6 17 2 0 3 2 0 0 47 1 2 0 10 48 0 3 1 2 0 3 1 127 74 1 5 1 0 1 1 0 3 0 0 25 0 3 3 1 2 1 5 5 2 1 0 0 6 0 3 0 
5 1 1 10 1 23 1 0 8 1 0 0 3 15 260 0 0 12 0 0 0 1 0 9 171 1 2 0 0 1 0 0 11 1 6 23 0 6 1 0 7 3 6 201 9 1 0 1 14 1 4 2 13 1 1 8 0 2 0 1 1 5 3 16 
15 3 1 6 0 0 4 8 82 0 1 29 4 1 1 9 49 4 5 4 12 0 0 0 27 22 0 1 4 6 1 6 1 0 28 0 1 0 0 32 26 1 0 0 0 1 1 4 5 14 2 8 0 2 5 7 1 7 0 0 0 6 1 2 
0 22 0 62 6 0 5 0 9 4 0 2 0 2 1 5 1 1 0 6 602 23 2 0 2 0 1 0 5 6 0 0 0 169 1 3 1 0 1 2 1 19 2 21 4 0 9 6 3 3 13 5 11 1 0 5 2 0 1 0 2 54 0 9 
1 1 7 2 3 0 1 0 2 3 0 0 1 1 4 0 3 12 2 0 7 6 4 6 7 0 19 4 24 0 1 1 5 1 0 2 2 9 6 3 0 26 2 1360 9 0 14 19 10 8 0 2 1 7 0 0 2 9 6 1 5 144 0 1 
457 33 2 4 17 0 0 3 0 11 2 1 0 0 3 17 1 1 1 2 1 0 0 0 10 0 1 4 0 0 0 9 1 0 6 0 10 6 0 2 4 0 4 1 15 3 0 4 2 6 20 1 3 23 0 16 0 5 16 1 8 5 0 5 
6 23 1 90 81 1 1 1 30 6 2 1 3 0 1 0 0 10 0 5 1 23 8 44 0 1 0 1 8 6 1 0 0 70 92 35 2 7 106 1 6 1 0 0 13 0 26 1 2 1 0 2 5 7 1 0 0 9 32 0 1 0 0 12 
3 1 0 0 5 2 0 13 2 0 2 4 3 0 22 0 0 6 1 7 0 5 7 0 1 109 0 6 0 0 0 0 1 0 1 1 0 107 0 75 66 1 5 147 31 3 3 1 0 26 4 6 0 1 1 2 0 41 34 3 34 1 0 12 
0 1 9 7 8 4 2 1 1 2 4 0 1 2 4 0 637 0 7 8 4 13 2 13 22 0 4 2 23 10 0 3 1 12 4 1 6 0 19 205 1 1 1 422 7 54 7 0 6 2 0 4 2 3 0 0 3 3 9 4 11 4 0 4 
2 850 0 0 0 2 35 1 0 0 1 3 1 0 0 5 2 6 0 0 12 1 1 6 1 5 12 1 41 7 55 0 42 0 2 9 17 71 0 0 0 72 1 1 1 5 36 1 0 14 1 0 0 0 44 0 70 2 6 7 7 0 9 51 
0 4 10 0 1 0 1 38 0 3 0 1 0 0 1 22 8 9 1 1 3 1 2 0 0 1 1 0 2 13 56 1 1 2 0 54 5 6 2 2 0 0 6 0 8 20 31 2 0 2 1 7 1 23 0 3 0 11 1 0 1 15 1 38 
0 9 1 1 0 0 7 0 0 2 6 11 1 0 0 9 52 12 12 0 87 13 2 0 2 21 0 13 14 1 67 0 2 31 2 2 0 3 1 8 1 0 13 0 15 4 1 5 2 14 1 4 0 0 12 5 28 0 4 0 5 11 13 0 
1 0 9 0 129 2 0 0 29 0 0 0 121 7 37 29 0 1 1 3 5 16 6 1 1 0 0 13 5 3 5 2 2 4 0 5 1 0 1 18 12 32 4 0 3 26 0 0 126 5 1 0 0 1 0 0 3 0 2 6 3 2 37 4 
0 0 0 5 12 13 3 0 1 11 0 11 2 30 1 68 2 3 51 7 1 1 5 2 3 3 275 5 2 2 1 0 1 1 7 6 0 4 17 3 1 0 9 0 3 1 22 3 0 57 1 0 1 0 0 0 90 2 1 1 0 3 1 0 
5 2 0 0 4 0 1 2 2 1 0 10 0 7 2 3 8 4 7 0 2 33 7 1 1 15 5 1 1 11 0 7 0 4 0 0 11 0 4 1 9 22 0 3 1 1 1 3 9 0 6 9 46 0 0 8 6 3 2 6 0 0 404 0 
1 1 13 0 4 2 0 1 0 0 0 0 0 1 1 16 0 2 236 2 8 105 4 0 0 1 0 0 0 0 2 1 14 20 10 1 1 1 0 2 0 22 10 0 0 7 0 0 0 37 3 18 1 0 3 6 2 0 0 0 0 0 5 4 
2 0 95 1 1 0 2 2 4 4 6 21 0 0 1 0 12 7 1 1 0 0 0 12 55 12 0 56 0 5 1 2 1 1 24 8 2 3 0 37 0 1 0 3 0 17 9 12 5 2 0 0 1 2 3 0 1 0 0 0 3 0 26 1 
136 0 8 0 1 5 6 3 357 6 1 2 7 0 0 6 0 14 4 0 47 3 9 18 7 0 0 53 2 63 9 0 0 0 13 1 3 2 5 1 1 9 0 1 0 0 0 43 2 7 0 5 2 25 3 6 0 1 1 46 1 1 23 0 
16 1 6 1 0 5 0 0 0 25 0 0 3 4 27 0 5 0 0 0 41 0 6 13 11 2 1 4 2 2 0 45 0 0 0 2 2 0 17 9 0 6 9 0 6 0 3 9 1 24 7 9 10 163 29 284 0 2 0 2 9 2 5 10 
0 7 1 1 1 8 3 1 2 0 1 0 15 0 2 21 57 1 6 1 1 0 26 7 2 9 35 4 1 3 18 1 0 4 2 19 0 7 0 1 1 21 0 14 22 18 1 0 39 1 1 0 17 20 0 5 0 2 2 1 55 9 219 0 
11 0 0 3 0 24 6 0 3 60 14 0 0 0 2 1 4 7 12 0 0 9 1 1 1 1 3 1 0 3 4 0 1 2 0 2 0 6 2 0 3 0 2 9 13 1 3 1 1 4 0 1 25 0 1 6 17 40 0 6 4 1 0 2 
0 7 1 3 18 0 0 3 2 0 0 2 6 1 2 2 1 7 0 4 1 2 0 12 1 1 3 108 1 1 3 11 4 19 9 23 0 23 0 1 7 0 4509 1 1 2 23 2 11 28 1 0 2 1 0 3 2 0 0 0 1 10 0 9 
0 0 0 3 12 4 1 3 0 1 3 29 1 0 0 0 42 1 59 1 4 13 9 1 0 6 0 2 5 2 4 1 20 29 0 9 14 0 0 120 28 24 2 0 6 18 0 0 1 1 1 6 2597 0 1 8 0 0 2 0 2 17 1 3 
0 0 2 46 0 120 1 1 0 5 0 0 0 1 4 1 2 26 2 5 94 26 7 1 0 3 0 6 1 1 0 1 0 4 1 0 0 11 5 25 3 0 13 1 0 2 1 1 1 3 30 0 12 0 2 8 0 1 0 6 5 0 25 0 
10 3 3 2 2 0 2 0 0 1 3 0 1 0 3 1 0 3 1 1 92 2 3 0 3 4 0 0 1 0 8 1 0 1 7 1 0 5 0 0 35 1 1 0 0 6 2 11 0 0 1 0 0 12 4 1 4 11 1 1 1 0 1 1 
0 0 5 0 0 1 1 3 0 0 1 0 13 7 1 14 2 3 7 0 7 1 0 37 5 1 1 1 0 1 0 9 1 1 9 0 0 0 21 1 2 9 4 0 6 1 0 1 13 2 67 2 71 20 3 8 0 38 34 16 0 2 4 8 
2 1 0 2 6 1 1 2 0 2 4 9 13 1 4 12 3 8 2 0 9 0 91 1 5 11 1 2 0 0 22 10 68 4 13 59 0 1 8 1 13 2 2 0 1 4 0 5 3 1 1 1 5 17 1 1 3 0 12 5 0 2 1 0 
0 64 0 5 93 5 186 0 1 1 10 0 22 2 2 15 28 3 9 0 2 0 2 0 7 0 3 0 2 0 15 1 16 1 12 5 14 3 40 1 0 3 0 1 0 1 3 2 7 1 0 39 1 6 0 0 0 12 0 3 3 3 0 4 
3 1 0 1 2 2 0 0 5 1 1 0 1 0 2 10 1 0 0 6 4 0 0 1 3 16 0 13 0 0 0 0 0 12 1 0 37 4 5 24 0 0 8 3 5 6 12 4 2 17 1 0 0 2 1 1 1 6 0 597 4 1 0 1 
6 1 0 0 3 0 2 3 8 0 4 6 7 0 2 0 0 0 0 1 9 3 3 8 0 3 13 1 0 0 1 8 1 7 0 0 2 0 1 4 1 7 2 2 0 3 0 14 0 5 11 0 2 0 0 7 1 2 14 0 11 50 5 1 
1 0 41 2 0 8 4 0 14 1 15 22 0 1 32 13 3 0 15 2 42 1 5 5 1 1 1 5 18 43 0 0 23 8 59 5 1 0 1 1 0 2 5 7 0 1 0 0 7 0 4 1 0 0 1 2 0 0 4 0 0 0 4 0 
3 0 0 27 16 1 0 3 0 20 0 34 1 4 3 0 0 84 0 5 0 1 0 2 13 1 0 9 1 0 2 0 1 2 6 4 0 0 3 4 2 3 4 1 1 4 0 0 0 214 0 1 3 0 0 0 0 6 0 3 20 11 60 7 
3 1 43 0 8 1 0 1 1 4 45 2 1 0 0 2 2 1 5 1 2 1 1 2 2 1 9 7 0 0 2 0 4 0 0 0 1 0 6 0 0 2 1 0 4 4 1 0 6 20 2 8 3 0 1 4 0 1 0 0 53 10 9 2 
1 2 0 45 20 144 0 0 1 8 0 2 1 0 0 2 0 13 4 1 5 1 5 0 0 0 7 0 0 1 0 4 0 3 5 91 8 12 20 13 1 0 0 0 5 12 0 3 13 1 8 33 2 0 8 1 1 2 21 20 30 2 0 2 
0 0 0 1 3 8 0 1 0 25 0 1 0 0 1 0 1 1 4 0 2 2 0 0 7 10 1 0 0 2 0 2 25 1 0 2 1 2 13 32 24 2 2 0 0 5 2 0 0 0 1 0 17 15 3 6 7 41 0 1 1 3 135 31 
9 1 0 1 0 0 5 8 1 0 1 20 0 5 1 1 0 0 0 2 1 1 0 0 1 7 9 9 1 4 587 7 2 0 1 4 0 2 4 0 1 6 4 0 10 2 0 6 0 1 2 2 0 0 7 8 46 0 62 4 1 66 0 0 
1 1 8 1 1 3 61 1 2 8 2 5 0 0 1 3 5 4 6 0 9 47 0 18 22 5 0 2 33 15 3 12 5 142 1 0 0 5 1 4 28 1 11 0 3 0 5 4 1 5 0 2 2 6 3 5 1 0 0 0 0 0 52 2 
2 2 0 1 0 2 4 0 39 5 0 0 0 28 1 3 4 1 4 9 0 0 0 1 0 0 10 0 0 1 0 0 0 4 3 0 0 2 5 4 1 0 2 3 4 2 2 2 9 7 44 1 52 0 0 0 7 0 2 0 21 1 4 1 
1 6 0 1 2 49 1 5 0 28 1 0 9 0 1 1 1 11 1 2 14 1 0 0 558 7 0 2 12 5 0 6 4 5 1 14 3 1 0 9 1 0 0 26 2 2 0 9 7 3 2 1 166 60 10 0 0 25 2 3 1 9 36 77 
10 3 6 1 3 89 14 0 26 1 39 0 10 1 3 8 1 2 1 0 1 0 1 109 1 55 2 0 0 18 1 5 1 7 2 0 1 1 0 1 0 9 26 7 0 1 0 4 0 3 31 1 1 1 19 0 3 0 6 2 1 2 1 0 
0 0 0 0 17 1 1 0 1 2 2 2 0 0 1 3 10 11 11 24 1 21 0 0 1 10 1 0 8 1 2 8 13 0 9 2 1 1 15 5 110 1 2 1751 3 31 6 2 119 3 5 0 0 1 2 2 2 11 1 3 46 1 2 2 
0 0 0 0 12 0 106 4 11 1 2 3 6 2 0 1 1 2 9 14 6 1 1 1 0 1 0 1 0 3 0 1 1 3 14 2 5 16 0 12 0 30 0 0 0 1 0 52 0 0 32 8 0 13 3 3 43 0 0 6 1 24 1 11 
0 8 0 3 8 1 0 3 0 1 5 0 387 0 0 0 3 28 6 2 4 2 0 9 0 3 4 1 0 4 6 0 2 0 0 1 1 1 13 6 0 34 4 1 0 0 4 3 7 13 2 4 0 0 2 0 23 15 27 39 10 0 1 1 
1 1 0 0 0 0 17 0 3 6 0 0 0 37 8 4 0 6 1 14 104 39 2 4 0 0 0 0 3 0 126 0 3 4 3 1 12 5 3 1 3 16 4 0 434 0 1 12 24 38 0 9 14 0 36 3 52 0 42 1 0 1 19 5 
2 0 0 11 0 7 10 0 0 6 2 0 1 2 2 0 0 35 2 1 0 0 5 0 2 11 0 0 6 1 0 4 8 0 0 0 0 1 1 0 8 3 8 0 2 2 1 1 3 2 41 5 0 0 0 16 1 115 10 2 0 1 3 2 
6 1 2 5 1 2 3 0 0 10 1 16 0 1 27 8 2 1 23 0 0 0 2 0 5 1 0 4 9 54 1 1 9 1 17 2 24 0 0 3 0 81 3 0 7 13 6 24 2 0 1 0 1 1 6 2 0 0 3 0 4 2 0 1 
1 43 4 57 1 1 7 1 5 6 4 2 0 2 16 28 0 1 30 4 7 0 1 0 0 1 0 0 0 4 5 1 5 4 9 1457 5 1 1 2 3 2 0 1 1 3 7 26 0 1 24 0 6 6 0 1 0 1 4 5 3 64 98 15 
9 2 11 1 1 2 2 1 9 2 1 1 0 0 7 7 2 0 5 0 1 0 1 0 0 0 53 5 0 10 1 8 9 0 27 0 21 3 17 28 2 2 5 14 0 1 8 0 7 7 0 0 15 0 1 31 1 17 0 3 1 0 3 2 
0 6 2 1 2 8 7 0 1 1 0 1 0 3 3 2 58 0 3 1 1 3 5 0 3 1 2 1 0 12 0 4 2 1 0 0 1 1 0 9 0 0 5 0 825 0 63 1 9 6 2 0 3 35 3 1 4 0 1 0 1 55 0 8 
2 2 2 11 0 7 5 0 1 1 4 5 4 0 4 3 80 1 5 0 2 2 4 9 0 5 16 16 9 0 13 8 16 1 2 0 0 1 6 3 2 15 7 11 0 0 4 6 1 0 0 0 2 0 1 2 1 1 118 0 2 2 25 62 
21 7 4 4 2 1 1 1 1 2 27 12 29 0 1 5 28 7 0 1 8 2 2 2 22 13 35 7 0 4 4 4 12 0 0 32 0 7 0 0 5 0 252 0 0 3 0 7 0 3 4 2 14 0 34 1 2 1 3 0 14 0 1 0 
22 1 2 1 0 2 46 0 10 0 1 11 5 1 1 0 0 2 11 7 8 50 1 0 0 0 0 1 6 0 3 4 13 0 31 2 0 2 11 1 0 0 0 1 17 1 9 1 1 1 2 3 0 1 3 6 1 7 36 3 0 2 26 4 
2 15 5 98 3 0 2 0 2 5 0 1 5 0 25 6 1 7 2 1 0 55 5 1 1 0 0 6 1 14 5 4 0 13 7 3 8 2 3 30 0 1 3 1 1 0 2 1 3 5 5 2 140 4 1 7 5 0 0 58 4 4 0 52 
0 0 17 0 50 3 32 9 2 0 0 0 15 2 7 8 2 1 0 2 0 5 0 8 1 0 1 0 0 9 0 2 1 1 9 8 5 0 5 2 2 30 0 33 12 4 13 1 0 0 1 103 0 11 2 0 146 4 1 39 0 0 2 0 
0 39 2 0 7 2 0 1 2 1 0 4 17 8 2 27 1 0 1 8 0 8 0 1 5 3 8 353 3 40 2 0 0 3 16 2 1 190 1 6 8 1 5 8 0 1 11 7 2 4 14 37 18 2 11 1 1 30 6 14 0 19 3 5 
5 1 3 3 1 0 0 0 1 145 2 0 0 3 2 0 11 5 3 15 9 5 6 3 1 26 39 3 8 0 1 0 8 1 0 5 4 2 716 0 0 2 0 1 15 1 6 10 8 0 3 3 69 1 89 24 2 1 8 2 1 0 0 21 
2 1 2 0 5 0 1 3 0 33 4 8 2 5 2 2 0 5 1 0 1 5 10 7 5 2 2 2 25 4 1 0 0 0 2 0 0 25 29 0 6 0 3 0 8 9 3 0 2 1 1 1 3 0 1 2 3 17 11 1 9 0 2 2 
0 0 0 27 1 1 0 1 1 1 3 4 2 0 16 6 0 19 3 0 0 16 2 2 1 0 2 1 0 7 0 0 0 1 1 0 70 12 0 0 5 0 0 0 1 1 3 1 0 1 27 14 1 7 0 0 5 0 75 2 2 1 1 28 
10 3 0 11 0 0 1 20 1 2 4 0 30 6 11 2 0 20 2 4 11 2 0 9 4 15 0 2 6 30 0 4 3 4 32 2 15 3 6 24 1 11 0 2 0 4 0 1 0 0 5 1 4 1 0 1 1 0 4 4 1 4 0 2 
14 1 0 24 1 1 1 0 0 2 1 7 1 3 0 0 0 0 0 1 0 7 1 0 9 49 6 8 0 0 0 3 0 3 11 9 0 0 10 0 2 5 0 0 0 17 1080 1 1 3 1 10 0 1 2 0 3 0 1 12 0 4 16 0 
22 16 0 0 1 3 6 13 0 0 4 1 2 22 1 1 4 1 0 0 0 8 1 6 3 27 79 59 0 6 13 2 2 6 1 8 3 0 142 3 1 0 32 2 2 2 1 10 72 6 1 67 5 23 3 7 10 7 15 1 5 1 0 177 
1 10 6 5 0 1 3 1 1 2 1 2 0 0 22 1 1 33 3 0 3 4 17 2 3 0 11 2 3 2 2 2 0 1 7 58 22 0 3 1 1 3 6 4 1 2 2 0 0 0 4 1 0 0 8 0 0 3 1 18 0 0 0 10 
1 1 1 1 6 23 0 20 1 9 2 0 3 8 107 37 0 3 2 2 16 118 1 0 0 0 38 1 0 2 36 0 0 0 33 1 0 0 0 0 3 0 0 4 0 13 3 48 0 0 0 6 1 2 5 0 7 27 2 1 4 1 21 14 
1 70 2 10 4 2 15 0 5 8 1 0 0 12 0 0 0 0 1 2 1 0 3 3 7 4 0 2 0 1 0 4 2 0 4 2 1 3 14 9 12 21 0 2 2 48 20 2 0 3 1 47 0 0 0 0 42 11 65 1 0 1 2 22 
0 76 1455 1 0 0 80 18 6 1 33 1 3 1 10 0 2 2 1 1 1 0 7 0 1 0 1 1 45 0 8 4 0 0 2 1 0 4 14 0 13 15 10 1 25 3 5 2 1 90 4 28 0 28 5 1 0 5 2 0 9 0 8 0 
0 5 0 4 3 1 1 0 15 0 25 1 4 2 11 4 4 0 0 3 0 0 4 0 5 11 5 10 2 0 19 5 6 1 27 2 0 1 7 2 4 0 3 12 14 23 0 22 1 1 1 4 6 0 6 8 0 0 0 1 11 0 0 233 
0 45 1 21 1 0 3 2 5 4 19 2 1 4 0 0 102 182 4 12 11 4 1 21 3 1 7 0 4 0 3 0 19 3 3 1 0 26 2 0 1 1 0 1 0 0 9 0 318 0 1 0 0 0 98 15 2 3 5 1 1 0 0 0 
1 0 18 0 37 0 1 2 3 0 495 0 13 1 6 0 5 27 6 0 25 0 4 2 52 8 3 1 3 12 2 8 7 1 0 1 0 4 0 0 183 0 1 0 1 0 735 22 37 0 0 0 11 8 3 0 1 0 42 2 2 2 2 18 
34 0 85 6 146 0 2 2 0 156 7 1 1 1 225 2 2 1 93 2 54 5 18 15 5 1 1 5 1 3 6 8 7 0 203 8 1 1 1 7 50 0 5 5 0 76 0 2 0 2 0 0 5 23 5 21 4 24 3 4 93 1 2 2 
3 0 23 3 5 9 10 0 0 0 1 2 2 0 5 0 0 0 2 5 0 0 1 0 0 5 4 2 41 0 11 3 29 0 1 4 17 1 1 1 3 7 6 2 0 1 0 0 0 8 2 2 211 1 12 0 6 0 1 0 5 0 5 8 
14 4 1 1 1 9 5 1 4 18 2 6 2 0 13 0 0 9 1 3 6 2 0 0 0 12 28 0 9 0 0 1 6 0 0 0 0 0 3 0 1 12 41 3 0 0 5 2 0 0 1 75 6 0 0 3 3 0 1 2 1 25 44 8 
8 3 4 4 2 3 0 0 0 1 177 3 2 1 13 32 0 1 1 1 0 1 18 1 6 7 0 4 25 0 5 0 7 1 0 0 2 0 7 8 4 43 0 0 0 3 4 9 2 3 1 1 4 0 4 12 0 1 16 0 3 2 642 2 
3 1 0 2 0 1 7 5 0 13 379 12 0 4 11 13 0 72 0 1 0 2 0 3 1 4 7 8 6 1 1 1 0 3 0 6 0 3 0 4 5 1 5 0 0 4 4 4 3 0 4 1 1 0 4 3 0 2 8 4 0 1 5 3 
13 1 0 7 1 1 21 1 0 10 33 3 0 0 46 2 7 5 0 2 8 1 3 8 2 0 343 12 1 0 11 5 16 5 0 4 3 28 12 41 4 9 4 0 1 4 0 3 0 28 26 28 0 0 0 2 2 3 0 0 8 0 6 15 
113 22 38 1 4 6 2 0 0 6 0 11 15 6 0 1 0 10 4 1 11 0 0 1 3 1 0 2 0 17 0 2 4 0 0 1 0 0 0 1 31 0 0 1 0 0 5 0 0 1 25 2 7 0 1 2 3 4 4 0 0 1 0 0 
0 83 1 27 2 21 14 2 8 0 6 0 0 42 1 1 0 0 11 1 1457 0 8 0 0 36 1 0 0 0 3 2 0 0 9 4 30 0 22 0 1 3 2 29 2 0 0 0 11 6 1 0 29 2 10 1 87 9 12 0 0 1 1 0 
1 0 0 2 0 1 0 0 3 1 0 1 29 12 19 0 0 0 19 6 1 2 0 2 7 0 2 8 0 0 0 2 3 1459 1 0 0 0 4 0 1 8 4 6 0 222 1 49 2 1 2 0 0 3 1 0 1 0 1 0 1 2 6 0 
13 2 12 0 8 0 1 0 1 7 5 1 1 3 0 0 0 0 92 0 4 0 0 0 1 90 33 1 7 14 0 4 3 6 0 33 2 2 3 1 1 0 8 5 5 0 1 2 18 20 2 0 0 0 6 0 4 0 0 11 10 11 1 3 
5 0 0 0 3 24 0 1 3 28 1 0 6 8 0 1 79 1 1 6 5 0 2 1 0 2 6 9 0 0 0 0 0 1 0 1 7 2 1 3 3 4 59 0 6 3 35 5 2 0 7 57 8 0 0 9 2 0 1 26 0 1 0 2 
0 7 2 0 1 1 283 0 10 2 15 0 1 2 0 0 0 14 1 198 7 41 0 9 0 0 2 6 83 1 4 9 10 9 17 5 3 1 2 1 4 3 2 1 2 36 322 6 0 1 0 10 1 0 36 1 0 4 3 4 0 1 5 0 
2 0 0 7 0 9 0 3 5 7 1 42 2 3 2 1 14 7 6 3 0 1 0 0 2 5 6 7 3 5 0 27 0 12 3 47 0 3 0 10 19 5 0 16 1 4 5 0 5 2 4 2 2 15 63 0 2 1 1 0 1 4 2 2 
4 2 0 0 4 32 113 61 13 0 2 6 0 0 8 1 0 0 0 192 0 5 18 7 2 4 15 16 1 1 10 4 10 0 0 0 0 0 3 0 6 0 0 5 3 1 6 27 0 0 11 18 31 3 1 7 1 5 2 11 3 3 0 5 
1 45 0 1 0 0 6 1 0 21 0 5 4 15 3 0 3 11 0 1 30 12 1 6 0 20 14 2 7 2 6 0 16 0 28 3 0 4 0 5 1 4 1 12 7 1 0 15 2 3 1 4 104 0 13 0 1 36 1 0 3 111 0 13 
1 14 13 2 7 0 1 4 0 5 0 1 7 1 0 0 216 1 7 25 119 15 8 86 65 9 4 0 43 33 2 2 0 6 6 4 6 7 4 1 4 1 39 0 2 7 8 1 1 0 0 0 1 4 0 1 2 2 0 0 1 6 0 1 
0 0 0 16 1 2 15 19 13 0 0 12 13 6 6 3 0 7 11 0 29 1 4 1 4 2 2 9 39 0 7 24 2 9 0 20 8 0 6 6 0 6 0 0 0 13 7 1 3 0 11 7 47 0 5 4 1 0 2 0 0 12 0 0 
17 0 5 0 9 0 1 1 3 1 0 2 0 2 1 2 10 6 3 3 1 469 3 4 16 1 64 0 0 1 7 3 2 2 0 15 1 0 1 15 9 3 7 1 6 3 1 2 0 0 1 1 13 6 4 7 0 16 0 1 2 2 1 5 
3 0 0 1 0 0 0 3 0 2 6 0 11 629 0 1 1 3 1 1 1 11 6 5 5 2 0 18 0 3 7 6 23 0 0 8 0 1 3 9 1 4 2 0 1 13 0 1 64 0 10 1 1 0 0 1 3 7 1 0 0 52 4 0 
8 3 0 11 0 0 1 16 0 1 1 1 1 6 6 1 2 0 5 1 7 18 1 3 0 1 69 6 0 56 19 0 20 11 6 5 21 4 0 0 138 19 31 10 4 24 0 0 0 305 0 0 29 1 0 0 0 9 1 1 2 0 0 0 
0 20 1 0 3 0 10 1 6 0 24 1 0 42 4 1 26 3 1 0 1 5 0 2 4 0 0 0 37 20 0 0 0 1 4 3 3 1 0 1 2 2 5 2 7 2 0 2 2 1 0 3 5 13 2 3 1 1 1 0 0 2 9 3 
1 5 0 3 2 4 9 2 0 0 15 1 1 15 0 0 0 0 1 1 6 0 13 2 1 0 3 5 0 0 23 5 14 4 0 0 1 0 2 2 2 1 0 6 2 15 1 4 2 0 3 1 0 1 0 0 5 0 0 0 0 0 0 1 
2 0 0 1 1 1 18 1 2 210 6 3 0 0 1 1 0 0 18 0 1 9 17 1 0 0 14 0 2 7 11 9 9 24 5 1 7 1 4 0 1 9 0 73 49 1 0 0 4 2 1 2 1 4 7 0 0 3 0 0 5 1 0 0 
0 1 3 1 22 7 0 2 3 0 4 2 1 1 1 3 3 4 54 7 0 0 0 32 9 0 2 0 0 0 8 3 0 8 0 0 9 0 221 0 0 2 22 1 4 0 0 126 0 103 4 1 21 0 3 3 0 1 7 0 9 0 0 8 
2 0 4 8 0 0 1 0 0 4 3 28 1 13 2 0 0 3 3 31 1 0 4 1 1 0 2 8 1 1 0 2 30 98 0 3 0 4 6 3 0 5 0 9 1 11 1 3 2 2 1 1 2 16 0 10 1 9 0 70 23 2 0 14 
1 8 1 0 22 0 0 0 370 7 3 0 0 0 1 0 16 9 1 5 38 2 5 6 2 0 22 2 27 1 27 1 2 0 2 0 10 2 1 0 7 11 1 2 1 0 0 5 5 1 2 3 2 0 1 1 2 0 6 0 11 1 7 3 
0 24 0 0 16 0 0 1 4 2 7 51 0 4 4 1 4 4 17 2 13 0 0 14 5 1 0 1 7 15 4 11 0 0 0 31 0 0 10 32 3 1 1 3 1 7 2 0 10 3 0 2 2 1 11 0 0 5 0 22 2 9 5 0 
2 2 0 0 3 4 2 5 4 8 0 15 3 13 2 1 13 1 10 3 2 6 1 2 4 2 2 0 11 16 3 20 11 6 2 4 0 0 3 1 1 0 37 4 2 3 3 20 0 1 45 2 3 1 2 16 51 4 0 3 7 0 45 1 
0 0 1 0 21 2 0 2 0 1 0 4 4 4 11 24 4 0 1 102 11 0 6 0 7 1 3 2 1 1 0 10 1 0 2 3 1 1 7 4 0 0 1 4 5 0 0 1 0 0 0 0 8 0 2 1 24 433 1 0 9 1 11 0 
0 1 232 3 2 2 0 9 1 7 1 0 32 0 0 6 1 0 1 16 12 1 1 0 0 13 0 0 15 0 0 0 2 8 0 32 1 53 1 1 337 32 1 59 2 21 0 1 2 0 76 0 3 25 2 4 35 0 1 3 40 1 0 1 
0 4 0 3 0 0 40 6 0 0 10 0 0 11 0 2 19 1 1 0 1 0 6 35 45 0 1 0 0 0 1 62 30 6 10 0 2 3 51 0 31 0 0 0 0 2 0 4 1 0 0 3 0 2 2 0 18 0 2 7 11 0 12 8 
0 6 0 111 0 3 23 0 1 0 2 8 17 1 0 1 3 20 10 2 5 2 10 0 0 1 0 1 1 0 3 2 7 2 0 1 2 24 0 4 11 4 2 18 1 0 0 3 0 1 15 0 0 0 64 6 2 0 3 2 1 1 2 3 
3 0 9 5 1 3 0 0 0 0 3 0 65 6 1 0 2 0 8 4 0 1 9 7 7 0 0 3 0 4 6 3 0 1 1 0 1 12 2 0 0 0 11 1 2 88 2 3 0 1 4 0 3 37 0 4 1 0 27 0 1 0 0 1 
74 1 2 5 1 1 4 23 0 0 1 1 1 7 2 11 1 6 0 8 36 0 0 40 0 2 1 8 1 0 1 6 12 0 13 7 17 2 55 0 1 40 2 5 1 0 1 2 5 14 0 2 1 4 0 1 11 12 0 0 2 3 1 5 
0 0 12 0 17 0 3 11 2 2 0 4 0 57 3 19 4 39 5 8 0 3 1 21 6 0 5 1 0 8 4 0 0 3 1 137 2 0 31 148 5 0 52 5 8 14 1 1 31 1 2 15 0 0 4 11 1 2191 2 2 4 1 3 1 
1 3 4 0 2 7 1 3 1 10 1 155 0 0 0 11 6 2 0 5 1 1 1 1 1 0 0 0 21 1 0 2 1 0 8 24 48 2 0 1 10 1 12 11 0 1 0 0 83 28 0 44 1 31 1 10 0 6 1 1 0 3 0 1 
1 6 2 20 0 4 2 0 0 21 5 2 28 0 0 1 6 3 1 19 0 1 10 6 40 0 3 19 5 2 1 2 19 3 0 0 2 1 1 0 0 3 11 9 0 11 1 0 2 4 2 17 1 7 1 12 1 2 0 186 2 0 1 24 
2 71 3 48 3 2 14 1 4 0 4 0 0 8 6 0 6 41 41 0 1 18 0 0 4 0 0 0 6 2 5 6 6 0 3 1 1 25 12 8 1 0 13 21 0 2 1 0 0 0 0 2 1 15 13 0 1 0 2 1 11 0 0 2 
1 3 2 15 95 1 2 1 0 1 7 7 0 1 1 0 0 2 3 6 1 0 5 38 0 7 0 0 17 11 10 0 1 1 1 7 1 0 1 0 0 0 8 0 2 1 2 1 471 1 5 3 0 6 4 0 0 5 26 2 1 0 0 17 
0 2 14 9 18 25 0 63 4 0 2 6 0 20 53 1 0 1 1 0 5 2 8 13 2 1 19 85 1 14 9 4 0 1 1 0 1 7 2 5 33 1 0 0 9 0 14 0 0 1 1 11 10 8 2 11 2 5 3 0 2 2 1 3 
6 10 2 1 1 99 0 968 37 0 0 8 0 0 2 0 2 2 1 0 0 21 1 12 0 0 0 8 7 3 11 2 2 0 1 3 0 1 1 43 5 0 78 0 31 3 2 47 3 0 2 4 2 0 1 0 0 128 1 3 2 11 1 0 
1 23 2 2 0 0 79 28 0 3 10 1 2 6 0 1 7 0 1 0 0 2 53 1 11 5 1 1 0 3 1 7 4 1 0 0 6 7 0 0 3 3 0 0 1 45 5 3 24 1 4 0 0 11 1 1 3 6 0 0 1 0 2 0 
9 19 1 1 6 5 1 1460 21 1 1 0 0 5 1 5 0 0 0 0 2 219 3 3 1 39 6 0 1 9 0 10 0 1 5 80 0 2 2 1 3 0 0 1 6 0 0 4 2 6 2 0 2 0 3 10 0 9 2 0 13 0 2 1 
30 5 13 3 1 8 0 13 0 15 0 49 16 224 5 1 7 2 1 0 0 1 6 0 4 0 5 8 0 5 0 16 0 0 0 4 3 5 0 7 3 1 4 8 6 21 0 0 4 30 0 2 1 1 0 3 0 3 1 8 25 17 0 8 
3 4 8 0 6 7 0 0 5 1 0 3 9 1 1 2 0 40 0 0 1 1 4 0 0 0 10 47 0 0 3 1 1 12 0 1 1 57 5 2 0 5 25 1 0 0 0 4 1 21 0 0 9 4 1 2 0 8 3 3 1 0 2 0 
0 4 0 3 3 0 8 3 5 0 26 1 1 0 0 1 9 1 5 25 1 10 0 9 1 2 2 1 0 1 1 19 14 0 0 0 1 0 6 8 0 27 1 0 50 2 0 3 0 3 0 2 0 1 1 5 1 0 0 12 4 0 67 3 
0 15 2 1 3 79 0 5 8 1 1 4 1 0 2 6 5 22 2 25 23 0 19 51 2 8 1 0 0 0 0 6 2 10 9 16 0 32 1 0 0 40 27 0 44 0 0 0 1 0 0 0 1 3 20 0 1 0 1 1 0 16 9 1 
2 4 9 0 0 0 10 3 2 0 3 0 1 0 0 0 11 0 1 6 0 0 1 101 0 8 1 3 5 1 0 3 23 5 5 3159 0 2 2 0 0 6 1 24 2 0 1 0 0 0 1 0 0 2 1 0 16 0 25 1 3 1 2 50 
3 6 11 2 2 0 0 3 7 1 0 17 18 0 1 0 0 2 85 13 1 1 1 0 0 18 2 0 2 14 7 0 1 0 0 3 1 1 1 5 2 1 0 14 3 343 1 3 0 7 9 1 7 10 0 1 7 8 27 4 4 11 0 1 
0 0 4 1 12 2 0 2 0 0 1 15 1 0 6 0 2 30 0 0 1 15 2 2 6 16 0 1 2 71 0 5 155 3 18 7 0 13 0 1 13 2 5 2 0 9 4 1 0 0 3 1 0 1 10 41 7 30 7 6 3 2 0 6 
1 1 0 2 0 23 0 0 1 1 0 3 0 2 0 25 1 2 0 3 1 22 1 4 1 25 3 25 11 1 1 0 0 10 7 11 2 0 1 0 1 39 0 0 1 66 5 0 0 10 2 0 3 2 255 17 0 3 24 2 2 1 2 3 
1 2 25 4 8 1 2 20 3 2 5 22 0 6 20 6 10 4 0 29 0 43 0 0 0 8 5 5 11 14 25 13 14 0 0 19 1 0 0 3 1 15 1 13 11 6 0 2 22 9 15 2 216 1 10 10 2 1 0 0 0 3 3 0 
0 35 2 1 0 3 10 1 0 16 3 2 7 0 8 6 0 0 4 33 1 0 3 12 0 15 1 5 1 2 2 0 3 0 2 1 1 5 1 0 1 1 1 1 3 235 1 1 2 1 2 0 1 4 1 16 0 1 0 0 0 1 1 8 
351 6 2 0 0 0 2 8 14 0 3 0 1 1 8 0 0 1 107 0 3 1 0 0 1 0 0 70 2 2 1 1 2 145 3 4 0 0 0 40 5 0 1 0 0 0 2 0 0 0 5 10 11 0 1 31 5 1 1 370 0 9 0 5 
3 1 7 16 1 0 9 0 6 1 1 8 1 11 1 2 0 50 0 1 3 3 0 0 3 1 208 1 0 2 1 8 2 0 0 4 1 3 0 1 4 1 32 0 5 6 1 1 0 0 0 0 2 110 53 0 5 2 8 0 7 1 3 3 
0 40 1 9 0 0 0 18 1 0 0 0 1 0 1 5 0 0 8 1 15 6 0 0 0 44 15 5 10 16 1 1 0 1 7 1 5 1 2 8 0 1 3 4 0 3 14 40 1 1 1 6 0 4 13 24 1 4 0 0 0 11 132 2 
0 0 42 0 3 0 1 2 13 0 30 0 1 8 0 0 2 0 7 3 9 37 0 3 3 0 2 2 8 0 2 20 0 4 3 15 14 5 0 1 5 0 2 1 5 0 3 1 11 0 118 1 10 3 2 0 42 0 466 0 1 5 1 15 
1 1 3 149 0 0 1 0 5 0 0 3 0 0 0 0 6 1 1 7 7 11 102 1 0 0 1 4 1 0 1 3 0 1 13 28 0 0 0 1 8 89 0 0 4 11 3 2 0 1 7 0 1 7 33 5 278 0 4 0 198 11 0 0 
0 0 1 8 1 2 136 4 3 0 9 3 0 7 5 58 3 26 18 9 5 0 2 0 2 0 212 3 0 2 0 0 9 0 2 126 137 0 147 0 0 2 13 11 4 0 5 11 3 0 0 2 0 0 0 17 8 5 2 3 9 33 2 13 
1 0 6 0 2 0 4 0 6 6 9 0 3 23 1 9 11 8 0 12 5 32 20 29 1 0 0 10 1 2 20 5 6 9 100 0 0 16 1 3 0 0 5 1 0 7 1 48 1 115 8 0 4 0 0 20 0 2 1 1 7 4 0 0 
6 1 0 6 0 1 9 3 0 23 0 4 0 6 8 11 2 1 29 70 5 3 5 14 13 3 5 18 1 3 271 0 2 21 0 6 7 0 9 11 1 39 29 0 198 0 0 1 8 21 1 0 0 20 1 0 1 0 0 5 1 36 0 0 
40 1 7 5 17 1 0 5 2 33 1 10 3 0 3 1 3 0 4 0 1 10 3 1 0 5 1 2 12 3 3 1 8 1 62 0 3 8 0 0 23 9 1 10 0 42 7 1 3 0 1 5 0 6 5 4 5 83 14 2 8 1 3 0 
0 1 2 8 4 1 2 1 0 0 0 1 4 4 7 0 6 0 0 0 0 0 0 0 5 3 2 32 9 0 4 1 168 1 2 1 0 1 24 0 2 6 14 1 1 7 0 1 7 0 1 2 7 1 2 6 2 6 0 9 9 165 0 10 
2 25 2 1 3 11 6 12 4 2 0 197 0 15 106 0 5 2 3 10 0 3 3 3 0 1 1 0 11 5 0 0 0 3 7 0 4 1 4 31 3 18 1 2 11 0 0 0 1 3 2 6 4 12 0 2 29 105 0 6 2 3 0 15 
3 9 9 0 36 4 10 1 4 0 2 0 1 2 1 14 0 0 279 2 4 0 10 131 21 0 0 11 29 25 0 1 0 0 0 2 1 27 1 3 0 1 0 0 1 3 0 1 1 3 6 24 5 16 2 2 3 4 1 0 7 2 1 6 
0 2 24 2 24 5 1 0 2 2 4 31 29 25 0 0 2 2 0 1 0 2 3 1 5 0 14 2 0 48 0 0 0 9 4 1 1 1 1 1 0 5 4 2 1 2 0 11 1 0 5 5 3 6 1 21 0 59 1 0 2 0 29 1 
2 6 3 8 1 14 7 0 0 1 2 7 333 0 2 7 2 2 0 21 2 6 0 0 13 19 1 1 33 0 6 0 0 37 13 14 0 0 1 0 1 0 14 1 20 6 2 4 15 1 0 0 20 7 1 17 3 4 7 0 1 0 1 1 
0 0 0 8 3 0 3 0 3 9 1 254 0 0 4 2 1 1 0 7 3 33 6 92 0 0 0 0 2 1 1 54 13 7 3 0 7 1 0 0 1 0 2 5 5 4 0 1 18 0 8 0 0 0 2 5 2 7 0 1 1 1 1 6 
0 0 0 1 0 59 1 3 0 0 4 7 3 2 0 208 1 2 2 95 0 3 1 0 1 1 0 2 11 8 17 0 0 23 2 0 2 3 1 1 2 9 26 0 72 4 2 0 14 7 1 90 0 1 5 1 11 1 8 15 1 4 2 7 
0 2 61 12 0 0 0 4 18 0 5 2 2 1 3 0 1 6 0 1 0 1 3 101 8 5 0 0 1 3 2 3 0 2 3 2 0 33 4 0 1 16 1 0 5 5 0 1 7 2 8 1 41 6 12 7 2 8 8 6 6 0 1 6 
0 3 0 1 0 3 2 0 6 0 1 1 5 2 2 6 0 18 2 10 3 0 3 5 1 15 7 5 1 2 24 3 1 0 6 4 0 1 1 1 2 3 0 3 130 0 0 1 0 6 7 0 0 6 0 0 1 0 4 0 1 2 0 2 
0 18 0 2 4 0 0 22 1 1 17 0 0 0 12 1 0 34 0 2 0 0 2 0 1 2 3 8 1 0 71 2 1 35 0 35 4 0 4 0 0 0 3 1 0 14 3 2 5 6 80 0 3 11 0 4 5 5 0 2 0 0 1 4 
0 10 6 1 4 28 0 22 0 2 0 12 3 0 14 1 5 0 1 12 25 44 3 0 4 13 0 0 0 2 5 72 3 2 1 0 0 0 2 0 1 7 11 0 23 2 15 4 0 12 9 14 0 3 0 18 1 1 15 0 20 2 0 0 
1 0 6 1 0 1 2 3 0 2 0 3 1 0 2 2 1 5 1 2 0 1 4 1 0 0 53 0 1 1 13 1 13 168 5 3 1 1 4 28 1 0 3 1 15 4 1 1 0 1 0 15 0 7 1 0 7 4 0 0 3 5 0 12 
3 9 20 4 0 0 3 1 2 0 0 13 4 17 1 29 1 0 0 4 0 0 0 2 25 2 1 2 8 8 4 0 0 1 0 1 0 1 2 0 7 8 4 2 2 0 5 11 7 0 1 0 15 1 0 1 0 31 1 0 1 10 0 10 
7 1 15 2 94 1 17 51 12 2 1 2 0 3 0 2 1 1 194 1 32 0 4 5 1 0 9 21 1 2 0 125 3 2 0 1 0 0 7 22 1 0 1 0 1 1 0 2 53 7 16 1 0 4 1 2 0 3 3 9 1 51 0 2 
0 7 55 2 35 3 5 3 0 1 9 13 0 7 1 8 27 3 1 1 0 2 0 1 3 0 0 2 9 6 0 1 9 4 15 8 0 3 1 3 1 6 0 4 58 7 0 0 11 1 1 5 0 3 2 1 0 1 1 4 1 2 1 3 
37 1 127 0 19 1 1 1 5 0 2 0 0 1 2 18 0 0 8 0 12 2 3 4 9 2 6 0 1 2 0 21 8 2 8 10 1 0 6 3 0 7 0 6 1 0 1 111 0 40 6 1 0 4 0 53 0 19 19 0 4 0 6 8 
2 5 2 21 0 1 1 0 1 0 10 2 41 44 0 6 7 130 1 1 2 6 21 3 6 3 2 17 16 1 3 2 1 1 6 2 0 0 2 0 48 0 8 10 0 2 5 113 1 202 1 19 1 0 0 1 15 4 18 1 0 3 0 2 
7 0 7 0 1 722 0 6 1 1 1 6 1 9 1 23 5 47 0 4 1 0 0 22 4 10 0 2 0 3 8 1 9 0 2 6 9 10 0 6 32 13 3 3 1 2 2 3 9 9 0 1 1 0 20 0 5 2 0 0 10 3 0 14 
10 0 7 8 7 1 1 7 0 0 0 1 5 0 7 6 0 0 6 33 3 16 4 0 0 6 6 0 1 0 28 9 9 8 0 1 61 2 1 2 0 1 5 0 8 0 0 2 7 129 1 5 18 5 213 0 1 0 309 5 0 8 50 4 
2 5 0 4 0 0 9 3 10 17 8 5 4 4 7 5 4 0 3 2 2 0 1 0 0 5 0 6 1 2 40 6 1 1 1 1 1 5 0 1 0 1 5 3 2 4 2 30 39 2 7 0 0 1 38 9 3 4 3 15 5 0 1 1 
30 0 2 0 4 7 29 1 0 0 29 1 18 1 6 8 3 19 0 1 3 2 6 1 2 1 25 0 34 2 5 1 24 0 2 5 5 1 6 0 27 4 1 0 5 2 2 20 0 1 202 10 1 1 0 1 0 3 1 0 5 2 3 23 
0 2 1455 0 5 1 0 1 0 5 0 4 0 12 1 31 8 8 1 1 1 5 2 9 107 3 0 0 1 9 3 3 5 0 3 15 1 9 8 2 0 1 52 0 1 8 1 6 6 1 10 6 1 2 5 106 0 1 4 1 1 0 97 1 
7 0 14 8 5 1 1 3 1 18 1 0 6 4 14 1 1 1 2 14 8 32 1 21 2 21 1 1 0 1 1 1 1 0 11 16 2 0 7 2 1 1 5 2 0 3 0 2 2 0 1 0 0 1 3 0 0 0 0 2 0 126 0 1 
2 0 1 1 1 1 3 7 1 0 0 70 484 1 2 35 0 8 9 0 49 4 0 0 2 0 0 8 5 2 58 14 5 2 2 0 37 4 5 3 0 1 0 1 1 15 5 1 2 3 0 0 3 37 7 1 10 3 76 0 1 0 6 1 
9 0 0 2 0 2 167 49 21 10 12 5 8 4 2 7 1 0 0 0 0 0 12 2 0 3 1 4 0 2 0 2 7 2 1 0 13 1 2 10 1 29 45 69 2 1 0 0 14 2 2 0 2 0 0 0 1 2 8 1 4 1 5 15 
0 0 9 1 4 3 0 1 1 0 0 9 5 0 4 6 0 14 0 0 3 0 8 4 0 1 0 5 2 0 0 2 1 21 0 1 3 6 0 0 39 1 10 4 5 3 0 5 1 1 1 0 2 183 0 1 5 3 3 21 0 1 1 0 
0 99 2 1 10 12 3 0 1 0 0 1 5 1 5 6 0 0 268 2 8 0 3 0 0 0 4 0 7 0 0 2 7 14 0 0 32 0 0 2 1 0 15 11 1 3 28 0 3 6 49 6 202 3 214 0 0 1 3 11 2 0 6 6 
1 0 7 10 2 0 0 5 5 7 0 4 2 0 9 3 0 0 6 2 0 11 40 3 2 3 0 7 9 0 4 0 0 8 0 1 0 30 19 5 7 7 2 0 1 1 0 0 1022 3 12 1 70 6 7 0 0 5 1 3 0 33 0 7 
1 3 0 7 0 5 0 5 0 0 0 2 1 1 2 33 2 0 0 0 0 0 9 0 2 3 6 3 0 0 1 0 1 23 1 0 0 1 2 2 1 0 1 17 25 1 6 0 12 7 179 218 9 44 3 8 0 7 0 0 1 0 0 34 
1 14 3 3 1 13 1 11 0 1 4 22 3 3 11 66 1 6 1 1 2 1 3 0 136 7 2 18 2 4 41 1 0 0 1 1 27 2 5 0 4 4 0 5 1 5 17 3 2 46 2 0 3 7 118 0 2 12 1 42 1 0 0 36 
17 5 1 7 0 1 63 1 0 0 1 13 7 5 2 0 1 2 0 0 0 1 0 9 9 10 0 0 3 0 4 8 4 0 0 0 2 0 1 2 3 0 1 2 13 2 1 0 12 0 0 0 0 24 8 0 3 1 0 1 20 2 2 52 
2 2 1 4 1 2 7 0 0 0 0 2 0 1 1 1 2 3 0 0 0 3 1 0 0 0 1 18 1 3 1 1 6 1 0 11 4 790 1 0 1 3 2 15 5 175 0 1 104 16 2 5 0 0 0 11 0 144 1 10 18 4 0 18 
0 0 1 14 4 1 9 2 0 0 1 4 3 21 1 4 1 1 1 1 0 0 0 15 0 0 5 1 23 20 0 1 1 12 2 0 0 7 16 0 0 1 0 0 0 0 7 17 2 0 1 1 3 0 6 0 1 7 0 10 1 1 3 2 
0 2 10 5 1 0 0 5 2 0 1 34 1 0 2554 16 0 2 3 10 0 2 0 9 0 9 1 1 0 4 21 4 1 0 12 1 0 1 0 1 0 3 4 12 24 123 1 1 16 57 0 0 2 1 1 0 1 10 12 0 6 14 32 0 
0 5 1 55 1 1 10 0 24 2 6 1 2 75 0 3 2 18 16 1 3 2 3 4 0 13 0 0 2 6 2 3 1 2 13 0 1 104 6 3 0 6 3 0 0 1 5 23 0 0 7 5 140 10 8 5 1 7 6 0 1 2 1 1 
2 6 48 0 6 0 5 11 3 0 1 1 0 14 1 2 1 1 22 3 4 0 1 0 4 10 1 1 2 0 1 1 0 3 15 0 1 0 0 0 66 0 56 9 1 1 1 3 0 0 0 1 59 0 0 4 5 0 1 3 137 0 5 17 
3 0 11 0 6 1 1 1 0 0 0 0 8 3 15 23 31 51 0 0 1 7 2 10 3 2 2 8 1 14 3 2 13 25 18 8 0 1 387 1 15 0 8 22 1 0 0 2 73 1 0 6 1 56 0 12 1 8 2 1 0 0 1 2 
1 1 0 0 14 61 0 5 0 1 16 12 4 2 1 30 10 20 28 13 7 0 0 0 1 15 217 5 13 74 2 0 8 1211 6 1 1 37 6 4 6 2 15 1 0 22 1 19 3 3 1 2 0 0 9 3 1 0 0 68 0 7 25 0 
0 1 24 13 10 336 1 14 2 1 5 0 1 7 11 0 1 13 27 0 9 1 10 37 0 7 0 0 6 0 13 5 4 0 0 0 0 0 0 26 0 1 3 6 3 0 10 4 4 2 7 31 0 2 8 1 2 2195 1 5 2 0 0 2 
30 3 0 2 16 1 0 0 1 0 2 9 2 3 0 1 20 6 0 2 0 1 9 0 0 3 0 2 2 6 0 0 0 6 1 34 1 5 0 12 5 16 0 3 0 8 0 23 4 0 24 12 0 0 0 2 0 118 0 4 1 4 0 2 
1 230 0 0 1 1 0 11 6 19 0 0 1 6 2 27 4 17 0 1 61 19 1 2 3 6 2 0 3 26 5 0 1 0 1 0 23 3 6 1 4 11 2 47 4 1 51 1 1 7 4 2 17 1 1 11 5 1 1 0 5 1 0 0 
0 0 0 67 4 3 1 4 3 0 6 0 3 0 0 0 1 0 3 1 2 1 4 30 6 1 22 26 1 2 6 20 3 3 0 0 0 5 0 0 2 17 1 0 14 5 7 39 0 0 66 2 0 1 6 9 2 13 0 11 0 5 2 6 
1 0 11 0 0 0 3 43 0 10 0 3 0 2 7 36 6 0 1 0 1 2 1 1 1 3 6 2 2 1 0 1 2 3 0 1 1 0 6 2 0 0 7 1 12 21 0 4 4 0 0 1 1 5 2 0 0 0 6 0 1 9 0 1 
1 1 30 0 0 2 2 18 9 0 4 6 5 8 10 4 1 27 0 7 2 0 43 0 15 2 0 3 1 0 4 0 1 2 0 10 0 1 9 0 48 1 0 1 2 3 5 12 6 1 0 6 35 0 0 0 0 3 11 1 26 35 1 2 
4 8 0 11 13 2 7 6 1 6 1 1 8 0 0 0 1 219 0 0 18 40 1 0 1 10 2 2 4 1 0 217 13 8 14 6 48 32 0 1 7 22 0 6 1 0 0 0 1 1 33 0 1 225 92 1 17 4 0 10 16 32 0 3 
0 6 8 47 0 1 2 508 4 2 0 2 0 0 0 1 0 0 1 0 0 0 7 0 0 10 0 1 12 0 0 1 21 3 18 0 0 0 5 10 0 2 9 2 2 2 26 5 0 8 0 3 2 17 0 27 0 2 4 10 16 6 0 4 
209 1 1 5 2 1 1 1 0 0 7 0 2 0 2 34 0 0 2 1 1 1 1 2 2 1 1 0 2 1 20 2 7 49 0 9 8 1 0 0 4 19 0 0 23 24 0 0 0 0 0 3 6 3 2 2 6 2 2 0 6 0 3 1 
2 4 0 2 32 15 3 2 0 12 2 10 0 0 4 9 6 0 3 4 2 3 0 0 3 0 9 18 2 6 1 4 0 2 0 2 181 1 0 4 0 4 0 68 5 0 1 44 3 0 2 1 0 3 18 0 1 0 1 201 2 3 2 6 
8 1 0 1 2 2 4 3 16 1 0 0 0 2 0 56 1 0 7 26 4 2 14 7 0 2 7 1 1 1 1 7 0 0 0 0 8 9 6 7 9 2 0 1 4 16 9 0 0 8 1 4 22 2 12 0 0 2 0 1 2 36 0 2 
0 2 0 8 1 4 6 4 1 3 49 3 0 0 0 0 3 4 0 0 5 20 0 10 0 0 7 0 0 4 2 2 0 6 0 1 3 3 5 0 0 5 19 0 3 4 2 4 1 0 0 0 0 1 0 4 0 8 9 2 8 4 0 1 
0 8 7 5 1 7 5 33 0 0 0 1 1 26 12 0 1 5 0 1 1 4 0 0 0 1 0 57 0 2 0 1 11 0 0 107 284 41 0 4 0 1 7 1 6 1 4 12 0 1 9 0 0 13 64 2 1 0 37 3 1 0 0 0 
0 24 1 0 4 4 0 18 21 0 0 0 4 70 1 4 0 2 11 71 1 15 1 1 1 2 11 0 0 149 1 11 7 7 10 119 0 5 49 14 1 0 1 9 1 13 0 56 4 6 0 0 4 1 0 85 6 4 9 254 2 0 30 39 
22 41 0 1 39 1 5 2 1 2 2247 0 7 2 2 1 20 66 1 267 30 1 1 2 5 2 12 0 2 2 5 3 0 4 1 3 2 11 0 0 1 36 0 0 9 0 31 6 5 0 13 10 1 9 0 2 3 0 0 2 3 0 16 1 
5 0 8 7 0 1 0 1 99 0 0 1 1 9 0 2 24 2 1 7 9 1 6 66 0 4 1 1 3 5 4 0 4 3 7 1 0 1 6 11 31 4 2 5 42 0 26 1 0 0 0 191 2 0 13 0 0 29 2 6 2 1 0 0 
2 0 3 9 1 0 0 0 1 3 2 1 0 1 0 3 2 0 1 0 0 32 118 1 0 9 7 0 1 8 4 0 0 0 1 7 0 2 0 0 1 3 17 2 9 30 3 1 9 0 4 2 186 1 1 5 2 1 16 0 0 1 2 1 
1 10 10 0 3 0 18 1 1 6 37 149 1 3 2 4 0 0 19 2 3 34 0 8 407 0 0 2 1 3 1 1 2 4 2 0 1 446 0 0 2 124 0 2 5 0 9 3 1 48 58 1 2 3 1 3 6 2 0 0 0 5 0 0 
2 2 31 0 1 4 0 4 10 2 3 1 13 2 10 0 0 1 7 7 4 2 0 30 2 26 1 3 33 1 12 5 1 1 0 0 5 13 722 45 7 0 2 0 2 350 0 1 0 6 2 1 5 3 0 10 28 4 2 0 1 0 3 3 
1 4 1 0 3 37 1 1 0 3 36 1 1 1 32 2 8 62 19 5 0 2 0 2 2 0 0 6 5 2 44 1 0 0 17 1 0 0 3 0 2 3 2 13 0 1 27 0 0 0 0 1 1 19 1 0 0 1 0 0 14 26 20 15 
14 28 0 3 7 13 6 6 0 0 372 5 0 4 0 0 1 2 0 4 0 0 0 6 26 0 1 2 0 0 0 3 13 1 1 0 126 0 0 1 0 1 24 0 4 0 2 1 2 159 0 10 1 63 0 56 1 1 7 6 0 1 2 1 
78 0 4 2 3 10 5 0 6 1 2 3 7 2 0 1 22 32 88 4 111 4 5 0 3 0 1 8 0 0 25 0 2 106 1 26 2 24 0 7 3 10 1 2 5 0 2 1 5 2 3 2 0 0 1 1 49 42 2 0 1 0 0 7 
3 0 2 0 4 0 7 5 1 7 1 3 0 121 6 102 4 14 15 0 9 4 1 0 3 4 1 3 0 2 1 5 0 1 7 2 2 0 1 1 1 4 1 7 4 0 0 3 1 0 0 1 1 1 1 1 1 0 2 2 1 2 2 8 
23 1 30 0 8 8 5 1 9 18 0 0 13 0 1 32 1 1 0 0 9 3 2 1 1 5 0 0 0 2 2 0 1 0 0 0 1 0 51 0 1 17 9 11 4 2 79 0 26 2 0 3 0 0 13 1 2 1 8 0 0 20 1 1 
4 3 13 0 14 2 5 3 0 19 3 6 0 0 1 8 9 6 12 1 1 3 2 2 4 1326 27 0 0 0 5 4 0 1 0 0 0 0 6 1 3 0 1 38 0 6 84 1 0 3 0 1 12 0 9 0 10 0 7 1 6 0 2 1 
1 5 4 21 1 4 8 2 1 1 0 2 24 0 0 5 7 1 4 0 2 0 4 0 3 26 5 6 1 0 10 13 0 4 4 1 1 0 2 1 1970 1 1 3 0 0 7 10 0 0 1 2 0 1 10 1 0 1 3 10 1 0 5 3 
0 5 0 2 1 0 3 0 1 0 12 0 1 17 87 3 5 0 11 3 2 4 0 3 0 59 0 11 2 85 0 1 3 3 5 12 6 2 27 8 3 2 4 0 0 2 3 0 16 0 2 5 44 7 0 0 0 0 4 16 7 32 1 0 
1 21 10 7 11 3 0 50 0 1 0 0 1 1 1 0 2 0 2 1 0 3 11 5 2 2 1 6 1 12 2 6 1 1 0 5 0 12 2 2 7 0 2 6 0 4 5 0 5 2 3 0 9 1 5 6 6 9 1 7 99 1 8 3 
7 1 0 0 1 0 25 1 0 0 0 9 0 3 7 11 0 5 0 1 4 30 2 3 3 0 6 0 0 0 0 1 0 3 0 58 1 8 0 3 13 1 0 1 5 4 0 0 0 0 0 1 20 8 2 0 0 6 1 25 1 3 6 1 
1 0 22 0 1 1 0 11 0 102 2 7 1 2 1 2 2 3 6 10 38 4 4 1 0 19 0 11 0 3 2 0 13 20 1 1 61 0 1 0 3 65 4 14 0 0 13 0 0 1 0 15 2 0 5 0 0 2 0 10 3 3 2 2 
0 1 1 2 1 0 7 9 1 4 3 5 0 0 0 1 1 0 1 0 2 5 6 2 0 7 1 1 2 1 1 1 6 0 0 1 1 13 2 42 2 0 10 1 1 3 3 2 1 1 4 2 0 5 0 0 1 14 3 30 2 5 174 0 
2 2 5 0 4 10 11 0 8 5 4 0 0 1 3 6 0 2 0 2 8 5 16 0 1 7 6 0 14 15 0 29 23 2 3 3 1 3 0 3 5 0 14 0 0 1 5 38 2 15 0 43 3 1 0 0 9 2 0 1 9 28 0 2 
153 49 1 548 13 0 0 10 0 0 6 1 16 4 4 0 2 4 0 1 1 0 5 3 15 18 3 2 10 3 8 9 0 0 2 0 1 0 20 1 1 16 7 2 14 13 0 0 1 1 221 109 0 11 4 0 1 0 1 2 1 1 17 5 
10 28 0 17 0 1 4 1 0 6 0 0 54 1 4 0 17 1 0 2 8 1 2 1 0 1 1 41 6 2 15 1 0 2 7 0 0 0 2 3 1 1 1 0 21 330 1 1 1 0 3 0 1 47 1 0 14 12 0 7 7 0 3 4 
0 3 5 25 14 0 0 4 1 3 0 0 2 0 0 1 22 5 0 1 32 5 1 8 0 0 3 2 2 2 0 3 4 1 2 1 0 3 1 33 2 4 3 10 30 2 9 5 1 8 0 0 4 29 3 5 2 14 29 0 0 0 8 12 
9 0 0 0 0 2 4 0 6 6 0 2 12 3 3 2 1 11 1 22 2 0 1 1 1 5 92 8 0 5 4 0 1 2 2 1 4 192 1 3 3 0 45 2 0 0 1 0 48 8 0 0 6 0 0 81 0 0 1 4 1 6 6 5 
0 1 1 1 0 43 0 3 3 0 4 1 0 3 6 0 2 0 11 1 0 0 0 0 5 8 10 7 6 0 2 0 0 15 237 3 0 0 356 4 1 5 2 14 0 0 8 12 0 294 1 39 1 4 11 5 3 2 2 206 0 0 10 1 
1 6 0 0 16 1 6 5 8 24 4 0 2 0 0 8 5 4 0 5 1 6 1 0 2 0 1 29 1 0 4 1 5 0 8 4 0 1 11 1 0 0 11 0 4 1 11 5 9 2 204 0 10 0 15 17 1 0 0 1 8 0 1 5 
3 4 5 4 3 5 24 4 7 12 2 75 76 3 1 9 8 23 94 9 2 23 1 3 10 3 20 0 0 1 2 0 1 59 0 28 1 9 3 0 5 2 0 98 3 4 0 0 1 56 7 0 4 13 32 1 4 1 41 16 0 3 2 17 
2 0 154 67 0 1 17 4 3 2 3 0 3 0 23 0 1 19 6 3 49 6 0 8 0 0 0 1 2 1 16 0 1 7 1 14 1 9 71 6 1 0 0 20 2 4 0 14 0 3 18 1 1 0 0 2 6 0 5 12 66 0 1 1 
51 7 7 4 0 15 2 1 92 2 1 3 2 2 7 1 0 4 13 2 1 6 6 1 0 0 4 5 1 8 33 4 0 0 55 1 0 0 0 4 4 0 2 16 4 1 2 2 18 5 0 4 4 0 7 5 6 5 11 3 4 0 1 16 
6 7 34 1 0 10 680 22 38 9 0 0 10 4 3 0 0 5 6 0 4 14 24 0 0 0 1 1 1 1 0 3 8 3 37 0 1 0 3 69 0 2 0 8 9 22 16 1 0 2 1 3 14 6 10 4 1 7 3 116 12 0 6 0 
1 23 0 7 1 5 0 1 0 0 5 0 227 0 6 9 3 9 6 9 0 1 557 7 5 16 0 11 27 0 18 0 0 2 1 3 21 1 1 2 2 16 6 4 7 7 1 4 0 0 4 1 1 128 1 10 8 8 2 2 1 1 8 4 
2 5 3 2 16 0 0 2 0 0 0 2 1 0 0 27 255 0 20 0 0 0 3 0 1 1 3 1 4 14 2 31 0 184 0 5 1 3 0 0 0 0 8 2 2 3 4 2 7 2 11 17 1 6 42 1 9 1 0 0 3 0 0 2 
1 0 1 0 0 0 6 0 38 0 2 8 0 1 645 1 9 3 7 4 49 0 1 0 0 0 1 5 0 9 3 0 6 0 4 19 6 0 4 54 0 0 2 3 2 2 0 2 0 1 8 6 1 7 2 10 0 0 3 4 1 4 0 0 
37 0 0 0 6 0 2 0 0 0 1 3 4 41 4 6 8 9 13 0 0 21 24 1 0 5 8 15 2 23 1 10 28 0 10 0 0 0 0 3 7 1 0 1 1 1 0 0 3 1 13 0 7 1 6 14 2 18 8 1 152 3 2 11 
0 0 1 3 4 0 3 3 1 0 0 0 13 12 0 31 1 8 3 1 7 21 3 1 9 0 1 43 1 2 1 10 1 3 1 1 2 5 1 2 3 3 6 0 2 6 0 7 5 1 0 1 0 13 1 0 4 5 44 0 1 3 39 0 
1 4 2 6 1 0 2 10 0 1 1 1 0 10 0 0 1 1 3 0 0 13 0 17 8 0 8 1 16 4 11 1 0 2 0 15 0 1 0 2 1 2 3 3 4 2 0 1 1 3 3 0 23 10 3 6 1 2 0 1 0 0 2 1 
5 1 5 1 0 2 2 4 225 21 2 4 28 9 0 0 2 1 0 1 0 24 1 17 4 2 2 9 0 6 50 0 1 4 342 1 0 5 0 1 3 0 2 0 3 0 4 1 22 1 5 2 27 6 6 3 2 1 20 0 0 5 20 5 
0 0 2 6 0 3 4 74 0 3 1 1 0 43 1 0 2 2 1 1 1 0 33 0 2 5 1 15 0 0 4 1 0 3 1 1 1 819 26 1 0 0 0 14 1 45 1 0 0 2 0 2 0 118 2 7 2 1 9 1 4 0 0 2 
8 2 0 1 5 0 1 14 2 27 13 13 1 8 0 2 5 9 12 1 9 203 1 29 1 9 1 0 1 2 7 11 0 5 1 1 0 46 0 1 10 0 1 0 1 4 3 0 2 2 0 1 0 90 0 8 68 2 0 1 2 1 12 0 
0 11 0 0 205 0 2 0 3 0 1 0 0 17 22 0 10 0 1 2 9 1 0 0 18 1 1 1 2 0 2 0 0 11 12 0 1 8 0 1 0 0 3 0 2 1 6 0 3 1 23 5 6 11 0 1 1 21 0 2 52 9 48 1 
10 2 2 0 5 0 51 235 1 8 2 0 1 15 0 4 7 0 2 4 54 2 152 1 1 0 66 0 4 0 49 0 1 121 0 0 2 0 0 7 0 3 18 0 5 0 9 0 0 14 1 0 1 1 1 5 7 1 7 2 3 1 0 0 
4 0 23 0 1 4 0 5 2 176 2 5 3 0 12 4 0 11 3 16 0 9 4 2 1 0 4 0 24 0 0 1 5 46 0 3 0 0 0 1 0 48 0 8 0 0 59 3 37 303 1 31 6 243 4 1 43 1 2 9 0 0 2 6 
0 0 1 2 2 0 4 7 0 36 6 2 1 2 1 0 2 0 2 1 1 10 6 1 1 0 1 0 0 7 2 1 0 1 0 1 0 365 1 2 1 0 0 27 20 2 0 0 14 1 1 3 2 4 0 1 0 0 1 5 6 25 0 18 
1 2 2 2 2 0 0 1 7 0 0 0 29 6 0 0 0 0 5 9 0 0 22 4 0 0 9 8 7 1 0 0 6 3 12 0 7 10 66 1 11 0 0 1 0 1 0 2 59 32 1 7 6 11 6 14 4 23 0 0 0 63 2 0 
0 2 2 2 0 8 0 2 0 5 0 4 0 3 6 0 0 0 10 55 0 4 6 14 1 0 2 6 0 0 7 24 2 3 9 0 0 4 2 12 2 0 18 4 0 23 0 0 1 1 0 0 5 10 31 0 0 13 1 11 0 0 3 1 
0 1 0 4 6 0 0 3 0 0 3 6 0 1 1 2 10 16 0 1 8 1 1 6 0 0 5 1 20 1 1 1 1 5 9 0 0 4 444 0 1 0 2 1 24 61 1 2 10 1 0 2 11 2 1 5 5 11 1 5 2 9 3 3 
1 0 5 18 0 0 25 0 0 0 0 5 156 0 6 0 0 3 0 54 148 1 3 1 255 1 3 4 9 1 2 0 0 0 0 0 26 3 1 3 1 0 1 0 240 0 0 0 11 1 58 12 0 11 1 2 4 5 1 7 1 12 5 3 
1 0 19 35 1 1 1 0 1 25 1 1 1 1 3 1 6 0 0 2 2 2 8 13 2 0 1 0 1 2 0 5 0 1 0 11 7 18 0 30 10 6 0 0 0 6 1 64 0 3 33 0 0 1 3 0 9 0 0 3 12 0 10 0 
5 0 4 4 65 3 0 14 5 19 0 1 121 1 2 4 1 1 27 1 24 1 3 1 47 10 0 0 0 10 23 0 2 0 6 1 0 0 2 35 0 28 6 32 0 17 1 0 18 0 19 1 0 7 1 9 0 0 1 1 0 0 2 1 
29 0 0 4 9 2 3 0 0 1 1 0 2 32 0 5 2 7 3 0 1 1 1 0 6 16 9 26 0 9 1 26 0 16 52 2 6 0 775 1 8 6 2 7 5 86 0 4 0 0 1 7 4 0 0 0 1 3 2 0 0 13 10 5 
117 7 1 7 0 0 0 2 14 0 7 0 1 11 3 10 1 1 1 0 5 2 5 5 14 2 2 5 5 2 12 6 0 2 11 1 1 2 18 0 0 0 0 1 6 0 3 21 0 0 5 16 4 2 11 4 15 2 9 0 7 1 0 2 
2 2 2 6 0 2 0 0 21 4 2 14 22 1 6 6 12 1 1 1 11 2 30 1 3 3 0 1 9 1 0 1 1 0 2 2 19 3 0 0 8 5 1 34 2 0 0 6 3 0 2 1 0 0 4 9 0 1 0 3 4 2 1 0 
2 13 6 65 11 7 1 1 4 5 0 2 1 0 0 0 0 0 0 27 0 1 8 7 1 0 37 0 1 0 5 0 0 0 24 1 12 7 14 0 2 1 81 7 1 0 0 0 0 1 1 3 0 0 7 19 7 0 8 4 0 0 0 8 
0 1 7 0 9 4 0 32 5 6 3 1 0 3 1 12 4 4 8 2 0 4 14 13 6 1 0 0 1 2 0 19 8 1 2 173 72 0 0 0 5 0 11 6 1 1 0 2 1 2 1 15 554 12 0 1 0 7 0 16 6 0 10 1 
0 0 32 2 2 2 8 7 2 0 83 7 2 12 0 7 22 1 19 2 0 5 0 10 0 42 4 9 0 7 1 2 0 6 8 1 1 0 32 1 0 0 2 2 9 0 3 2 1 2 4 0 0 0 130 0 15 2 1 0 6 3 0 0 
48 0 1 4 8 0 0 466 0 8 1 0 0 3 150 13 1 0 6 37 9 1 1 1 4 26 0 0 1 2 8 7 0 2 1 8 0 89 1 2 2 4 3 0 11 2 43 17 0 0 45 0 3 3 0 6 5 0 0 24 27 5 0 26 
10 2 24 3 225 4 17 0 7 11 0 0 2 3 8 8 8 0 3 0 0 0 4 2 0 0 0 5 1 3 6 27 1 4 0 9 7 4 0 0 2 0 0 28 2 11 0 89 3 3 112 116 1 0 9 9 7 0 0 14 0 27 0 5 
13 144 1 3 1 6 6 4 0 15 0 2 0 0 1 0 41 3 1 4 0 3 46 0 0 4 9 0 8 11 3 13 28 0 3 51 10 1 47 3 3 1 2 0 1 10 16 5 10 1 1 0 0 6 0 0 0 19 3 25 1 31 0 0 
14 1 1 0 2 0 0 47 15 5 0 6 5 2 1 0 17 2 12 4 0 0 0 4 0 0 5 5 2 0 3 3 0 7 9 6 8 6 0 3 0 3 0 94 11 3 3 3 0 0 9 2 34 1 0 1 12 1 0 3 1 1 441 1 
3 0 7 22 0 299 0 38 6 1 2 2 0 1 8 2 0 1 2 10 10 2 42 1 0 0 215 123 1 0 7 3 2 9 2 1 0 118 2 1 2 16 2 14 1 13 0 0 2 8 0 10 1 10 5 15 0 0 0 0 0 5 0 2 
7 1 16 0 16 5 12 0 0 0 7 1 5 1 2 1 6 5 0 10 4 0 1 0 3 1 2 4 2 1 0 17 0 6 0 11 11 2 0 2 1 0 29 10 16 3 3 0 6 0 9 10 1 0 6 0 5 11 0 18 2 5 6 2 
0 1 4 0 5 0 1 2 1 1 9 1 1 14 45 89 0 1 3 0 0 1 2 27 0 1 2 2 5 7 25 0 0 1 2 7 0 0 0 3 1 41 11 4 8 0 0 0 0 87 1 5 24 0 11 2 0 18 5 0 1 3 1 3 
2 9 3 3 14 1 0 8 2 7 1 7 10 4 3 11 0 216 0 18 0 11 33 1 1 1 8 1 7 1 0 0 1 24 0 1 3 6 0 1 11 23 13 2 0 1 104 2 0 0 3 1 0 0 0 2199 4 2 1 0 0 1 38 2 
14 0 7 0 0 4 1 10 40 2 1 6 6 6 23 0 4 88 3 10 5 0 4 0 0 17 2 7 6 16 1 0 0 2 2 4 90 1 1 6 24 13 6 0 1 11 0 2 0 1 91 0 1 2 0 6 3 0 0 0 3 6 7 1 
2 4 1 2 20 0 68 1 0 23 1 152 4 0 9 16 2 0 4 2 39 1 2 0 4 0 4 1 0 346 15 3 0 5 0 2 7 11 18 5 2 0 0 4 6 1 7 13 1 1 3 3 5 1 7 1 5 0 1 1 127 0 8 6 
18 2 3 0 1 27 4 0 2 0 21 1 0 0 1 3 1 1 0 0 0 0 9 0 7 2 1 0 2 3 0 3 0 10 3 2 9 12 1 6 1 6 0 8 28 0 0 1 9 0 0 35 0 1 0 2 3 2 1 0 0 0 91 1 
0 106 177 83 0 2 3 0 27 1 6 2 1 1 7 46 4 7 0 2 0 0 0 14 4 10 2 0 8 4 0 1 1 7 1 8 0 0 5 4 1 3 0 1 3 0 54 0 0 0 9 1 6 0 0 13 12 0 0 0 0 0 0 0 
2 0 1 1 6 1 1 1 5 1 1 15 2 0 4 0 4 0 0 15 1 1 41 75 4 19 15 0 0 10 8 10 1 0 5 1 0 5 0 25 8 2 13 1 0 25 1 5 40 0 0 8 2 2 4 49 3 9 8 1 1 0 17 0 
1 0 5 1 0 1 5 10 4 4 0 2 3 72 3 0 5 4 1 5 3 0 29 6 2 2 14 3 0 3 0 13 1 8 0 0 6 3 1 18 5 18 0 1 2 1 2 11 0 22 0 8 2 27 13 11 10 2 2 3 3 2 0 9 
0 0 0 0 7 0 1 1 0 1 1 1 11 6 2 3 1 1 11 1 0 1 11 0 12 50 3 7 0 0 0 1 0 51 18 6 3 0 1 10 0 2 0 24 0 6 1 28 7 1 17 3 4 1 0 3 0 3 0 15 3 3 0 0 
0 6 0 0 7 3 3 1 1 1 0 2 0 3 1 0 0 3 0 3 45 0 1 0 0 1 3 28 5 0 1 25 83 1 29 0 0 0 3 0 9 12 0 9 1 10 18 2 6 5 1 18 11 0 0 52 4 2 0 6 1 2 1 2 
3 0 7 6 1 0 3 0 1 1 28 4 13 0 0 18 1 9 75 2 39 3 3 0 0 23 1 8 1 1 1 0 0 0 1 0 1 0 6 3751 2 0 10 11 0 2 0 0 7 2 0 10 0 1 3 5 9 4 350 4 0 3 0 7 
30 4 0 8 2 4 3 23 28 2 0 3 6 0 36 7 13 2 5 1 37 3 0 8 131 2 1 2 5 0 3 0 1 0 98 3 2 1 0 2 5 4 5 0 1 0 19 1 2 0 2 3 1 0 7 1 4 0 2 2 1 0 0 10 
2 0 0 0 1 10 16 7 2 1016 12 0 0 3 0 4 3 0 2 4 1 1 0 127 1 3 1 13 0 2 1 8 1 0 0 2 3 11 1 0 1 28 4 17 0 7 4 1 4 17 2 12 2 247 3 5 0 32 3 18 4 4 405 4 
5 3 0 0 11 4 12 0 0 7 2 0 3 5 116 2 0 1 5 0 2 5 22 2 8 8 27 13 0 0 1 0 5 1 3 3 0 25 6 10 0 1 2 1 1 19 1 1 1 0 8 5 1 0 18 0 1 0 11 1 60 3 24 1 
20 2 2 157 0 4 5 12 0 2 5 0 4 2 1 0 0 1 0 3 2 0 0 1 253 0 3 5 0 1 1 5 12 26 0 1381 257 12 0 3 0 0 0 0 1 7 10 0 6 0 12 5 1 0 0 0 1 2 11 7 2 0 11 1 
0 90 113 5 1 3 44 63 0 1 6 0 1 4 0 0 0 3 6 1 1 2 2 0 3 0 1 2 0 6 27 7 16 1 0 1 1 12 0 1 1 3 21 2 0 0 5 18 123 1 4 0 1 0 2 0 3 0 63 1 3 11 0 0 
0 0 12 0 0 6 0 2 0 0 0 3 0 3 3 7 0 0 0 0 6 3 2 26 217 23 141 0 4 5 4 0 0 2 0 2 0 24 1 0 6 1 27 23 1 1 0 10 60 3 109 2 0 13 1 0 22 1 4 2 2 316 251 20 
0 41 32 3 8 1 4 0 5 9 5 1 3 0 0 6 4 0 1 0 0 25 0 0 2 8 0 0 0 1 2 0 63 2 0 3 2 0 191 0 10 0 1 0 0 0 26 0 44 0 5 1 846 1 0 2 1 26 2 11 84 9 8 23 
0 2 1 1 0 1 1 2 1 1 10 3 0 0 15 1 7 0 0 13 0 0 2 1 0 1 0 0 3 8 4 2 0 85 14 0 13 0 1 59 18 1 31 37 7 11 3 28 50 2 3 1 2 5 0 2 1 0 1 2 4 10 2 0 
0 4 6 15 0 1 0 3 2 0 1 0 17 78 0 15 36 2 2 15 1 9 0 6 22 27 5 6 1 2 0 0 2 0 1 1 5 1 2 7 0 1 11 9 0 0 0 0 0 1 1 1 1 0 2 1 0 1 2 0 5 0 2 1 
10 0 0 5 8 1 1 1 0 9 2 0 1 4 0 1 0 0 4 1403 0 1 2 1 1 4 0 7 7 1 1 0 0 13 2 10 1 0 7 2 80 6 3 7 7 35 9 0 2 1 0 0 6 0 51 0 0 0 123 0 42 0 6 80 
0 9 3 23 2 5 1 0 63 3 2 1 3 0 0 1 1 2 1 13 1 1 0 2 1 0 37 17 3 1 1 18 4 0 0 3 1 2 17 2 6 3 2 8 922 2 2 1 30 400 0 0 5 1 2 0 11 54 1 1 5 0 0 3 
10 2 0 1 2 2 1 1 1 3 0 0 0 1 1 9 2 8 2 2 1 4 0 2 1 5 0 1 8 1 11 0 1 6 0 2 2 108 1 1 1 3 4 1 1 1 20 7 0 1 1 0 3 1 2 0 0 0 11 27 0 13 0 32 
2 9 1 32 2 0 1 1 11 0 2 92 30 1 1 6 0 16 1 1 5 3 2 329 0 25 2 0 0 0 0 0 5 0 0 25 10 6 0 1 0 2 1 0 7 1 3 0 30 1 20 0 1 10 3 0 10 7 3 3 9 4 6 1 
0 5 9 0 8 0 4 5 23 3 3 6 10 0 2 0 1 1 0 3 17 36 2 0 1 5 1 4 3 4 8 46 1 10 0 0 4 37 0 1 0 0 9 16 0 3 0 0 8 0 6 0 15 6 1 0 0 1 0 2 6 7 0 3 
1 11 0 1 0 2 6 42 14 1 26 0 9 8 2 0 0 0 1 0 15 1 2 2 3 8 0 3 1 53638 0 3 6 0 1 17 4 0 15 19 19 5171 3 0 17 0 1 0 2 5 161 8 0 2 0 1 2 0 4 1 1 1 0 1 
2 0 8 15 0 0 10 17 0 1 8 0 1 0 3 0 8 42 30 0 2 0 0 2 0 1 0 1 10 5 3 3 1 0 0 0 0 3 0 5 2 12 4 1 1 1 1 1 1 28 1 7 1 0 3 1 0 3 0 2 39 0 0 8 
6 4 32 6 32 0 2 2 144 5 2 1 2 0 1 4 5 0 6 0 14 0 3 4 0 1 0 2 0 1 1 0 16 91 1 2 2 2 3 119 10 0 39 10 9 7 5 1 33 3 0 547 7 3 12 0 2 3 1 7 3 4 0 7 
10 2 2 0 1 1 1 1 29 1 5 55 8 12 0 19 0 219 6 4 22 3 0 26 164 3 29 12 2 7 2 2 1 3 4 19 1 1 2 1 354 0 4 2 2 5 1 0 2 0 10 9 1 9 0 1 0 2 0 2 2 1 1 0 
2 2 36 9 1 7 8 0 1 6 102 2 1 0 1 10 2 1 1 1 2 1 0 0 1 0 11 0 1 0 19 0 0 0 4 6 5 2 0 6 1 47 0 16 1 0 0 0 30 0 14 8 1 7 2 1 1 10 0 1 1 5 1 9 
1 0 1 1 26 1 0 2 0 2 0 0 1 1 1 0 2 0 4 3 18 24 472 8 1 0 0 95 959 7 0 0 1 18 3 0 6 22 5 12 1 6 33 2 7 408 0 168 0 1 0 2 1 63 1 6 1 0 16 2 4 0 0 5 
0 1 15 2 0 0 4 2 1 4 9 7 0 3 5 79 2 0 0 2 1 1 1 1 0 3 1 0 0 1 0 0 0 0 6 11 0 1 4 0 1 4 0 9 682 79 7 9 0 6 0 1 19 0 6 0 1 21 6 9 2 5 0 50 
4 298 7 5 21 12 0 1 0 4 4 29 5 1 2 0 18 5 6 5 1 1 3 3 12 0 1 1 2 0 9 1 10 3 19 0 0 8 0 2 3 1 4 51 4 3 1 1 0 12 5 0 0 8 0 2 1 65 1 3 2 3 0 4 
1 0 2 1 0 1 1 3 0 127 33 80 1 5 15 1 4 5 6 66 10 0 17 8 0 1 0 1 0 1 32 29 0 7 0 2 22 0 6 2 10 2 0 0 4 49 0 3 0 5 10 10 574 0 6 0 71 34 1 42 9 1 6 0 
10 0 0 1 5 1 0 2 1 1 0 12 2 1 2 9 2 29 0 1 0 0 58 0 0 1 14 13 38 1 1 0 0 0 2 0 30 7 1 2 4 8 1 2 0 1 0 26 24 29 0 1 2 16 1 0 3 22 1 10 3 1 5 1 
0 5 16 6 14 0 0 4 1 0 6 424 1 153 8 0 24 4 2 1 1 9 0 13 1 15 1 0 1 4 0 0 1 2 0 1 1 1 3 14 3 503 27 0 6 4 7 24 2 1 1 1 5 5 0 4 1 0 12 1 0 2 1 2 
12 9 1 7 0 3 0 6 2 0 1 1 4 0 6 1 0 23 6 2 18 1 0 1 3 0 1 42 2 1 0 0 1 1 0 0 1 5 0 8 0 3 3 42 0 7 0 0 9 0 1 0 10 1 5 1 0 3 0 0 1 3 1 0 
1 42 1 19 2 0 0 0 0 3 0 15 0 0 2 20 0 0 7 19 1 11 7 3 1 1 4 56 1 1 0 8 0 98 53 1 11 0 0 4 3 9 4 3 0 0 3 0 9 2 1 2 2 2 1 5 8 17 2 1 5 12 1 0 
0 4 0 9 1 0 1 3 0 1 25 2 799 0 0 14 23 1 0 1 5 6 1 5 3 58 0 0 1 0 12 48 10 4 3 30 0 1 3 5 0 39 5 7 1 5 0 5 0 1 1 0 8 0 0 2 3 0 3 10 0 278 2 0 
1 4 10 6 1 12 1 0 6 0 2 4 3 4 1 1 0 1 1 16 0 0 55 1 0 0 5 8 38 46 0 17 9 0 5 0 2 2 0 3 4 4 1 11 0 7 0 10 4 367 0 61 0 1 1 0 0 1 5 1 9 0 57 2 
0 4 12 0 0 0 4 0 3 26 3 3 8 0 0 61 0 0 28 0 0 5 5 6 0 1 0 1 5 4 2 1 0 0 3 1 0 0 8 2 16 10 3 6 20 5 0 194 2 0 6 0 2 0 0 1 1 0 10 1 0 0 52 0 
1 0 1 2 0 0 3 34 15 1 1 0 0 3 0 16 0 5 0 0 4 50 11 1 1 14 5 3 16 1 0 1 16 0 2 2 29 3 10 0 7 8 9 1 5 47 0 0 38 2 2 41 4 4 0 35 0 2 3 0 2 16 1 0 
2 38 24 0 7 2 1 8 0 5 0 0 16 9 1 0 23 3 9 0 0 0 0 0 7 1 0 1 2 0 290 2 3 5 0 0 8 2 5 1 8 1 0 32 5 0 0 2 1 0 2 2 12 0 0 0 25 0 0 0 7 0 0 11 
8 1 0 3 3 1 1 0 1 36 1 2 2 1 0 4 8 1 0 0 2 11 10 0 10 3 23 0 0 1 8 2 207 1 16 2 5 87 0 0 2 3 0 0 3 3 37 2 4 12 13 0 0 0 9 1 0 0 3 36 1 2 0 19 
1 47 0 0 0 1 8 0 0 3 0 4 4 0 1 30 0 0 1 16 0 1 0 23 11 2 31 5 228 2 2 1 3 11 2 0 5 1 2 10 5 0 3 0 5 1 0 0 0 48 2 17 0 5 1 8 2 0 6 0 0 0 1 0 
2 1 2 0 0 2 3 3 0 1 0 4 5 1 212 1 2 2 2 0 0 0 698 119 77 1 12 1 0 5 2 13 0 0 4 1 5 1 1 0 44 10 4 1 1 1 0 5 2 1 0 0 211 1 8 1 0 69 2 14 2 1 0 2 
3 0 1 1 2 15 125 2 4 1 1 1 0 1 0 0 0 0 1288 3 2 0 1 11 2 0 1 1 0 0 36 13 6 0 0 0 10 2 0 1 1 1 5 2 5 1 1 0 28 1 25 1 5 0 0 0 3 0 0 1 13 31 0 2 
51 0 0 0 0 8 5 0 0 0 7 36 1 0 8 0 8 0 4 0 1 1 6 3 7 0 1 350 0 2 7 1 3 0 1 0 1 4 1 0 7 5 0 9 3 1 0 20 0 18 1 1 6 0 0 0 0 0 5 8 0 2 18 1 
13 22 0 98 25 0 13 1 0 2 4 2 3 0 40 0 12 0 1 5 2 3 2 1 0 0 0 0 1 3 29 3 14 0 0 0 0 4 142 3 1 3 6 18 5 0 1 10 0 8 2 0 1 2 6 2 5 1 6 0 1 6 1 7 
2 761 1 0 6 0 7 3 1 2 10 1 1 1 7 1 0 0 1459 7 1 2 5 0 0 4 0 0 3 2 1 1 2 1 0 6 9 11 1 1 2 1 0 1 2 0 8 0 44 1 2 0 25 33 1 0 1 24 0 19 1 38 0 2 
0 0 1 7 0 3 47 1 47 1 0 0 9 2 42 2 3 3 272 1 0 0 0 0 7 1 1 28 0 13 8 0 14 2 0 7 10 2 2 8 5 3 9 3 5 4 0 10 1 4 1 1 0 0 1 3 3 1 0 1 1 2 0 0 
9 0 8 0 11 6 15 0 4 0 2 0 2 0 3 0 2 1 0 1 2 3 2 1 5 0 0 31 0 0 1 0 0 13 25 0 8 7 0 17 1 8 0 2 6 18 87 18 1 4 1 3 49 12 0 19 0 2 1 1 7 4 1 0 
1 2 1 3 1 5 0 2 0 1 3 23 16 8 0 3 2 6 3 2 21 12 9 0 1 1 2 2 0 0 1 0 0 1 2 0 5 8 1 21 29 0 6 5 0 27 0 4 1 7 13 3 20 0 5 11 2 4 2 19 9 1 1 1 
8 2 0 6 0 6 0 1 1 4 6 0 14 0 0 0 1 1 4 0 17 5 3 3 2 13 0 2 0 3 0 3 7 134 0 6 0 13 9 2 11 14 0 105 0 0 0 2 0 0 10 1 2 17 3 2 5 25 1 6 24 1 1 7 
2 1 140 0 1 2 2 0 2 2 1 12 1 2 0 1 1 7 3 7 5 0 11 1 0 0 14 2 2 0 2 217 0 0 5 0 0 0 2 1 6 0 0 0 54 1 2 1 7 2 0 2 0 1 21 6 0 14 0 1 5 0 1 22 
0 0 0 0 0 8 12 5 1 2 1 0 9 18 0 0 0 0 0 6 0 9 0 3 5 1 1 1 18 0 0 10 0 1 1 4 0 0 1 0 46 0 6 6 0 1 7 0 16 49 0 32 1 0 1 2 1 4 2 1 2 9 1 1 
0 1 0 0 10 37 0 1 17 0 1 0 0 0 1 1 10 0 0 1 58 1 1 9 3 0 3 0 1 3 1 0 7 0 1 1 0 6 0 4 7 0 7 0 22 33 2 2 8 0 2 0 7 27 10 0 3 0 21 5 14 5 0 2 
1 0 40 0 1 3 1 3 31 0 0 2 3 84 10 0 0 0 0 23 0 2 1 0 0 0 10 32 0 0 0 0 3 5 0 0 0 0 6 1 3 22 2 7 0 1 2 6 0 2 0 10 0 2 0 4 8 111 0 4 6 2 1 1 
78 4 5 3 0 1 0 2 1 102 0 180 3 0 1 9 2 53 0 8 10 2 0 1 1 4 0 1 12 2 0 4 1 0 0 1 0 0 1 3 28 1 4 0 7 9 0 14 0 0 13 37 3 45 2 0 107 1 1 8 9 3 0 1 
4 11 50 11 4 0 9 5 4 1 2 0 4 2 6 0 0 5 1 0 1 3 4 1 0 0 1 0 0 0 26 5 0 10 2 4 3 4 0 3 1 1 3 6 5 2 2 6 33 0 13 3 3 0 3 1 2 3 1 31 3 2 1 3 
0 2 0 12 18 2 0 2 4 0 9 0 0 0 3 14 1 156 1 247 143 21 0 2 2 1 15 1 2 2 0 0 2 0 0 1 0 0 1 6 3 0 0 2 0 5 4 4 0 1 0 2 3 7 0 5 0 2 7 4 0 2 0 7 
7 3 1 12 7 25 33 2 2 2 2 3 1 4 10 1 0 8 1 0 0 0 28 13 0 5 2 0 3 2 239 0 6 5 1 2 0 3 0 38 10 9 1 1 1 8 0 2 0 2 2 9 3 2 0 52 22 0 1 6 5 12 1 2 
1 0 4 3 38 0 1 0 13 2 0 0 0 5 6 7 29 21 4 1 89 14 9 1 0 2 3 3 0 9 30 0 1 0 2 1 27 3 3 1 3 1 7 3 1 0 0 2 1 0 1 0 0 3 0 90 0 1 1 1 1 5 2 0 
5 0 2 24 4 5 3 3 24 5 0 4 0 1 3 37 8 0 0 2 0 0 0 5 1 0 10 2 54 0 1 26 0 1 1 0 3 2 5 210 5 2 1 1 0 0 0 2 1 31 0 0 0 23 12 6 0 0 0 1 0 0 2 0 
0 5 3 9 0 6 0 8 4 4 1 0 2 10 40 1 0 3 1 4 2 0 3 1 8 2 0 1 5 12 10 2 0 0 0 1 75 10 0 9 3 20 2 1 0 1 0 6 2 0 1 20 1 0 2 21 0 0 10 5 0 1 0 1 
350 1 4 22 4 0 37 0 8 1 0 6 3 0 11 0 71 256 0 3 0 0 0 14 5 2 0 0 0 0 0 0 1 0 1 0 0 0 5 0 2 0 1 0 11 1 0 3 0 0 1 0 4 1 2 0 5 8 0 15 1 1 0 5 
8 3 19 1 0 0 1 0 2 3 3 1 1 6 0 12 0 0 30 0 1 0 0 14 12 0 3 5 0 24 7 10 7 2 0 3 21 2 21 6 1 0 0 0 14 1 11 8 8 12 8 4 0 7 3 3 2 0 4 6 28 0 10 1 
0 3 0 2 1 0 52 0 24 2 0 5 41 9 0 2 1 21 0 3 0 4 0 5 0 1 0 0 4 10 1 2 0 1 7 0 0 90 5 2 0 37 2 54 2 1 3 1 24 6 0 0 0 2 2 0 4 6 12 0 2 3 0 0 
9 0 29 4 0 1 1 1 1 1 1 8 12 1 0 10 0 1 0 3 11 0 0 0 1 50 0 30 1 3 24 0 2 2 6 7 9 2 0 14 0 0 0 3 3 2 0 0 0 60 7 2 2 5 2 0 9 11 2 0 0 40 23 1 
0 3 3 0 4 1 3 5 0 2 2 15 0 0 0 1 6 12 1 1 1 2 0 2 0 3 0 9 0 2 0 10 22 1 3 0 0 1 1 5 0 0 0 1 0 4 0 7 16 17 2 2 7 7 6 0 7 0 1 4 0 9 0 5 
9 1 0 36 0 17 1 0 8 5 10 3 7 20 3 0 8 0 6 34 1 1 1 0 27 1 1 1 4 1 1 1 1 1 0 1 2 1 1 1 192 0 1 4 0 3 1 1 1 1 0 1 3 0 1 27 1 0 1 2 4 1 0 3 
2 2 0 4 8 9 2 13 0 23 0 4 0 16 6 4 86 0 3 1 0 5 82 1 7 39 24 6 6 0 0 0 3 0 1 1 2 1 8 1 1 0 3 0 4 0 133 6 0 4 1 16 3 1 16 0 9 10 0 13 0 2 7 0 
4 9 17 1 0 0 12 5 14 4 0 4 2 5 5 0 0 0 1 0 5 0 1 1 2 1 0 0 18 13 8 4 47 3 7 0 0 11 5 1 0 7 0 4 0 7 2 0 1 2 0 1 1 1 26 5 5 3 2 2 0 4 2 1 
2 1 6 0 2 3 9 0 4 2 0 13 1 0 0 5 4 3 0 6 2 13 7 7 0 3 2 0 0 4 0 0 0 22 6 7 0 1 18 3 3 3 2 5 0 8 12 3 1 5 13 1 0 3 30 5 4 1 0 12 1 5 2 0 
0 2 11 5 1 1 49 25 11 0 15 1 4 0 6 16 8 37 0 0 1 0 34 4 5 0 0 21 529 6 8 0 0 0 10 0 4 6 1 0 5 4 1 4 1 1 0 88 4 2 0 0 2 8 2 1 1 0 1 12 0 5 0 0 
8 0 2 6 11 4 18 1 3 7 2 16 0 1 1 0 0 3 0 1 42 0 2 0 0 0 0 12 0 0 1 1 2 4 1 2 7 0 34 0 11 0 1 7 1 6 0 2 24 2 2 0 1 4 1 0 15 4 1 9 0 2 9 1 
3 3 0 16 25 0 3 4 2 0 2 26 9 6 1 1 2 1 0 2 17 0 1 2 4 6 0 0 0 0 0 8 79 0 0 0 1 9 40 0 11 2 0 6 3 45 0 1 2 4 0 149 1 0 5 0 5 1 23 17 14 1 21 0 
0 0 5 1 25 459 0 2 3 6 23 7 1 14 2 0 3 1 1 0 5 0 1 0 2 3 0 2 1226 2 2 14 1 1 0 7 19 1 14 2 0 1 4 1 4 0 3 2 1 6 18 23 3 3 7 1 12 0 17 0 0 0 22 3 
0 7 0 0 1 2 0 0 0 0 8 1 9 1 0 12 2 9 9 2 3 0 0 0 14 1 8 3 0 3 6 1 1 0 1 1 2 1 2 11 0 0 0 4 0 1 13 0 4 5 0 0 0 1 0 8 2 1 0 17 3 1 33 3 
4 2 0 1 3 10 3 0 3 0 1 2 0 4 6 1 0 1 2 0 1 0 1 0 1 2 19 2 2 4 1 2 3 1 1 3 12 8 2 1 1 5 5 0 2 1 5 0 1 0 1 0 1 1 1 9 1 1 2 3 0 0 0 1 
0 7 3 14 31 2 5 0 1 0 0 1 1 5 0 3 0 3 0 1 49 1 30 0 1 2 1 1 22 0 0 0 2 3 8 6 0 0 2 3 0 1 0 3 16 0 1 0 18 1 2 0 6 0 2 1 0 8 1 1 2 5 14 59 
0 2 1 1 5 1 0 2 0 10 18 0 1 4 3 1 0 0 0 0 2 0 1 4 1 6 13 0 6 10 0 2 1 2 23 3 1 2 3 60 0 3 0 2 0 11 6 1 0 1 10 4 0 0 5 154 1 0 1 434 2 1 1 0 
129 915 0 0 6 1 158 0 1 76 0 11 31 7 2 5 5 0 1 15 0 0 5 0 5 22 2 3 1 16 4 11 5 5 0 0 3 1 0 1 0 1 0 4 0 7 4 13 3 3 10 14 11 4 13 4 14 1 0 1 0 3 6 2 
0 0 11 10 6 47 3 1 1 0 0 1 1 46 0 1 13 1 0 18 0 1 4 7 0 63 0 11 1 1 438 0 10 2 0 0 4 1 8 0 27 2 0 8 0 1 0 0 1 2 2 20 4 0 2 8 4 9 1 1 2 0 0 4 
32 1 1 10 3 90 4 128 2 2 4 4 3 0 55 1 0 3 0 1 98 8 1 5 11 0 1 2 3 7 198 7 8 0 0 34 15 3 0 1 0 0 6 57 0 7 16 1 1 0 12 9 1 4 0 1 14 6 5 0 3 0 10 0 
4 7 0 0 0 17 0 103 7 3 1 51 3 5 0 0 0 2 0 12 1 3 8 5 9 4 13 0 1 3 0 1 1 35 1 1 8 2 0 1 4 1 0 11 2 9 0 4 4 9 12 1 1 7 212 1 2 0 1 1 3 0 3 6 
3 1 0 0 1 6 6 12 8 32 1 1 8 0 7 1 2 5 1 0 2 9 5 0 2 0 1 1 3 0 8 8 0 0 0 1 0 15 1 1 2 1 4 0 7 1 9 1 3 2 7 0 0 17 2 2 5 0 3 5 1 0 5 1 
8 1 0 1 0 0 0 1 7 6 46 0 1 1 0 2 0 2 2 0 42 1 0 8 0 1 1 2 0 1 0 7 4 0 51 0 9 1 6 1 106 6 1 29 3 46 0 0 6 2 4 27 0 220 7 2 0 0 3 0 13 2 0 1 
0 4 0 17 12 27 0 99 2 18 0 0 0 10 0 1 1 0 2 6 2 0 28 1 0 0 0 2 0 1 261 1 55 2 1 2 9 22 10 1 1 2 0 9 4 1 0 0 3 0 0 0 0 0 1 0 1 1 1 5 14 0 2 9 
10 1 0 1 9 4 1 4 8 0 0 3 28 0 0 4 7 0 0 2 0 2 2 27 0 0 2 9 2 1 5 0 0 3 0 0 22 1 2 0 0 1 0 8 0 3 5 2 2 2 10 14 4 35 0 72 7 3 16 28 16 4 21 1 
0 9 5 0 7 3 0 81 1 12 2 9 7 5 1 3 8 3 18 14 0 8 7 1 0 0 1 0 1 0 1 23 1 1 3 1 15 2 5 12 0 1 0 3 0 0 17 0 1 4 10 1 0 4 0 1 1 2 0 0 2 0 1 0 
4 4 0 3 10 33 21 3 3 1 9 1 1 11 1 0 5 0 0 0 0 0 2 7 0 5 2 22 3 3 25 2 2 0 6 4 4 1 11 36 0 2 0 6 0 0 12 0 0 82 3 1 2 4 1 3 1 0 0 0 2 0 8 3 
3 16 1 0 1117 19 0 0 4 0 4 5 8 12 2 0 11 30 1 0 1 0 2 3 2 33 3 21 0 122 0 6 2 62 115 0 4 3 4 69 3 1 10 3 1 8 1 0 28 5 11 2 6 51 4 42 4 1 0 1 13 1 3 41 
1 3 1 30 18 56 3 1 1 8 4 1 24 9 11 10 12 0 2 0 59 1 0 3 0 3 2 19 0 3 2 1 0 8 1 27 20 78 1 0 1 2 73 1 1 1 21 3 14 33 2 10 11 1 9 46 13 8 0 9 1 1 6 9 
10 1 13 3 20 3 5 0 413 3 2 3 38 1 3 7 115 3 5 2 2 10 0 0 1 1 11 6 1 10 0 1 0 0 5 21 1 0 5 2 0 261 15 2 0 1 17 17 7 9 1 0 4 1 2 4 34 5 0 0 0 6 39 2 
1 5 2 0 7 0 221 0 1 3 0 3 2 5 0 2 1 21 0 0 0 10 11 14 52 7 2 1 11 7 28 7 11 0 1 0 13 1 1 2 6 1 498 30 1 5 1155 4 4 6 3 0 0 0 1 0 70 0 7 0 1 0 0 1 
20 1 0 0 0 2 11 2 27 0 1 8 0 11 1 0 18 0 1 47 16 2 6 0 0 0 1 0 0 0 1 0 23 2 3 0 0 0 2 5 29 5 0 0 0 5 1 1 25 0 6 6 1 8 4 0 0 2 5 4 2 32 1 23 
9 84 1 4 2 11 1 0 3 9 0 11 3 0 1 165 4 0 5 2 2 32 15 10 9 35 1 38 1 0 1 1 7 1 0 22 0 5 0 5 18 1 6 3 11 1 3 2 0 1 0 0 0 0 0 1 0 1 14 1 15 0 0 4 
4 4 2 3 0 3 1 4 2 1 3 2 0 0 2 1 0 4 7 1 0 1 1 14 2 9 2 4 1 0 5 3 3 1 1 0 1 0 0 1 5 2 29 0 111 1 1 0 1 0 2 8 10 13 10 1 16 2 2 2 2 83 6 49 
1 4 10 3 20 8 12 0 1 0 1 0 0 24 0 4 12 1 5 1 0 36 3 0 27 7 125 5 1 0 19 3 4 22 4 1 0 0 4 1 1 2 3 18 0 0 1 11 0 1 0 8 2 34 0 14 15 7 3 9 0 1 2 2 
0 20 0 5 21 6 0 5 2 15 16 0 0 0 0 5 0 9 13 4 15 13 7 6 11 0 1 0 7 1 0 67 2 1 0 0 2 1 4 1 11 0 18 2 7 7 41 0 0 25 2 30 7 11 0 122 1 149 9 1 0 1 2 1 
1 0 3 1 22 4 4 3 3 0 0 2 8 32 0 13 4 0 2 0 12 2 1 20 6 13 1 1 0 7 0 1 0 3 0 3 6 2 1 2 17 2 2 1 2 4 30 2 0 2 1 0 1 36 1 1 10 0 2 8 0 4 5 1 
2 0 1 30 11 42 0 0 7 8 0 1 6 0 1 7 21 0 0 0 3 6 1 2 1 53 2 8 228 26 4 66 0 2 3 4 0 27 0 0 2 6 3 0 2 2 0 5 2 1 7 0 5 2 6 28 106 2 1 0 43 0 1 0 
0 3 1 0 106 6 32 3 1 0 8 1 2 7 1 0 0 1 8 34 3 12 2 0 2 1 1 5 0 0 11 10 2 0 0 0 0 2 0 6 1 0 9 0 1 1 7 2 2 2 1 5 2 1 3 0 2 10 0 170 0 9 1 1 
0 2 0 0 1 0 1 5 1 0 0 0 0 1 7 7 10 0 0 2 3 1 0 8 2 3 4 0 1240 11 0 219 23 5 5 61 5 0 8 8 1 0 2 5 16 0 0 10 3 13 14 4 2 0 2 1 8 47 5 0 1 7 2 0 
2 0 0 1 2 0 2 354 0 0 7 11 0 2 0 0 0 0 0 4 7 9 8 0 2 1 1 83 3 3 3 12 13 1 0 17 4 2 1 1 1 0 2 0 12 1 0 2 1 0 2 86 8 2 0 10 8 40 41 3 1 0 10 0 
36 42 0 1 0 14 0 1 12 3 4 6 1 0 3 72 3 2 7 0 2 3 7 2 0 20 1 3 7 9 1 1 1 1 3 64 0 7 38 0 0 253 0 4 0 0 1 14 0 5 4 3 41 7 2 14 1 0 14 1 3 2 23 1 
0 21 0 1 38 26 0 0 1 28 38 0 16 5 1 1 23 2 20 2 24 2 2 1 0 21 4 0 1 1 0 1 18 0 12 0 44 0 2 6 1 0 0 1 1 2 2 8 1 1 0 11 4 2 1 7 9 13 9 0 13 8 4 0 
0 0 0 0 1 1 0 12 0 1 0 0 4 3 0 0 0 1 0 1 8 1 6 5 1 0 7 13 1 0 0 119 0 1 0 7 3 35 4 2591 21 7 0 26 0 1 1 13 0 0 1 0 3 26 8 1 443 11 3 31 5 0 9 178 
0 6 0 1 0 0 9 0 5 1 3 9 0 8 2 0 10 4 0 5 2 5 5 3 9 5 1 1 5 2 4 4 0 1 0 0 10 3 2 12 0 29 0 0 1 3 35 9 0 0 1 3 0 10 16 14 6 2 2 1 0 7 0 6 
3 0 11 1 2 7 0 14 0 0 3 0 0 7 0 1 123 3 5 1 0 0 2 2 16 1 0 0 0 0 0 2 4 0 2 6 2 2 0 0 2 1 0 1 0 1 5 0 0 4 9 12 4 2 17 2 0 1 2 2 0 3 2 0 
8 2 33 2 2 31 16 0 4 4 5 1 96 0 0 0 1 102 4 13 1 3 0 1 7 2 6 0 2 2 6 0 131 1 3 0 9 3 9 2 4 1 2 1 2 3 0 11 2 0 3 3 5 0 27 7 0 1 2 0 6 76 1 1 
11 5 0 1 1 1 1 0 2 3 2 3 1 0 0 26 4 1 0 12 0 10 0 0 0 1 13 2 0 0 12 30 0 1 0 0 2 0 1 0 17 1 39 0 11 78 492 3 0 5 0 2 0 2 0 0 3 1 14 0 1 0 0 7 
1 47 0 0 1 1 10 3 22 1 18 37 0 0 8 0 5 5 12 107 0 0 2 1 2 0 43 45 1 0 17 0 9 25 46 1 0 3 1 1 1 5 0 12 55 1 0 1 9 1 0 11 1 0 3 5 3 0 2 0 332 6 3 15 
52 11 2 12 0 2 11 0 0 2 3 0 3 1 3 4 0 2 64 17 7 23 0 1 25 5 2 1 24 1 1 26 26 3 7 0 13 1 6 0 1 0 23 7 1 0 1 1 52 1 206 35 2 18 0 2 1 1 0 0 1 0 1 1 
27 0 1 0 1 3 1 4 4 2 1 0 4 1 3 3 1 1 3 0 0 6 7 0 0 30 3 0 1 1 12 5 1 3 1 1 1 3 3 4 212 1457 4 6 2 7 7 0 0 5 2 1 5 3 21 3 0 0 0 0 0 3 0 2 
0 1 1 0 2 67 2 51 0 1 1 10 3 35 3 14 0 21 16 37 0 2 17 5 1 0 0 4 2 6 0 1 0 0 7 33 9 7 2 50 0 4 1 3 3 8 2 2 2 0 5 2 7 0 3 2 5 21 7 0 1 5 33 1 
14 4 9 0 7 0 17 9 37 6 14 0 0 2 0 1 0 3 0 2 11 3 0 2 0 1 9 2 3 3 0 0 0 0 64 7 4 9 11 1 389 17 5 0 4 0 2 0 1 1 2 7 5 3 1 9 0 0 9 1 1 6 1 0 
3 2 15 7 3 1 16 4 6 38 0 5 0 7 0 81 57 2 29 6 190 0 2 1 5 1 25 0 0 1 40 0 2 1 16 0 50 3 8 1 1 1 0 1 10 1 0 14 67 534 3 8 11 0 5 0 1 1 7 0 11 0 0 7 
1 15 28 13 6 1 5 1 0 11 19 0 2 1 0 1 0 0 0 0 4 0 0 0 12 3 1 0 1 3 2 6 0 0 0 1 1 0 0 1 9 2 0 0 25 1 1 1 1 0 1 3 6 1 5 6 2 1 9 1 1 16 0 0 
0 14 2 19 2 12 41 2 12 0 0 10 1 0 320 1 0 4 1 4 0 1 0 0 8 4 3 0 5 0 0 4 19 43 6 12 0 0 0 0 0 7 0 3 1 1 2 10 1 1 3 1 3 49 0 0 0 10 7 9 2 29 0 0 
0 4 3 0 6 0 1 0 4 1 0 51 0 10 137 0 0 12 1 8 1 2 6 1 2 6 6 0 2 2 0 40 2 36 2 8 4 0 55 2 1 0 2 0 2 36 0 0 1 5 2 4 11 23 1 0 0 12 5 1 1 0 31 1 
0 15 1 44 1 13 1 4 6 7 0 0 2 0 50 19 0 0 5 2 3 0 0 7 0 0 2 10 0 15 7 12 1 1 1 8 9 0 28 0 2 3 13 3 2 4 1 0 7 2 27 3 8 0 0 0 1 8 5 21 1 3 0 2 
0 4 20 4 1 1 3 1 9 2 2 27 0 2 6 0 1 8 0 0 0 2 0 0 2 1 9 2 22 1 1 1 9 2 0 6 3 20 13 0 0 2 1 0 1 1 4 2 0 1 11 26 1 0 1 1 27 0 11 2 0 16 20 0 
14 0 0 6 3 120 10 1 0 0 0 0 0 0 4 1 2 3 0 5 14 0 0 0 1 17 13 2 0 1 5 11 8 3 1 0 1 30 1 18 0 13 0 0 1 0 3 0 3 1 0 6 12 1 2 1 0 3 2 3 2 2 0 0 
2 1 1 8 2 2 5 2 0 1 1 6 4 5 0 0 0 0 0 0 24 0 0 12 3 1 0 60 5 121 2 8 1 0 2 0 3 4 5 0 2 0 2 0 4 0 10 0 10 1 2 0 1 35 6 0 0 14 4 5 1 1 34 0 
0 0 17 0 5 1 0 3 3 7 7 2 0 3 0 0 1 10 2 8 2 0 9 11 1 0 354 1 0 30 1 2 19 4 0 0 3 2 0 7 0 7 0 0 1 0 1 1 10 18 1 1 0 2 3 0 1 2 0 0 3 0 0 0 
0 0 3 3 2 23 4 3 5 8 7 0 1 3 0 10 0 7 0 0 0 0 1 23 10 3 9 7 4 0 1 118 17 1 15 17 2 5 0 4 10 0 3 12 1 5 2 0 5 2 0 2 1 5 0 0 30 1 9 10 248 2 0 3 
0 8 0 2 2 1 3 0 0 5 0 3 0 0 2 0 0 0 1 5 2 2 29 2 4 3 1 0 1 1 13 1 1 1 15 0 1 4 0 12 0 2 16 1 0 20 3 2 1 0 3 3 20 2 0 0 9 9 38 5 6 0 1 1 
0 1 3 5 7 263 6 0 15 0 1 7 28 3 5 0 0 3 0 0 2 0 0 13 1 0 5 3 3 2 8 3 0 0 14 0 2 0 1 8 1 0 0 5 4 0 219 1 1 3 45 18 16 2 1 4 5 0 0 3 25 22 9 1 
2 0 9 3 2 1 0 10 107 3 104 0 3 43 56 2 8 0 1 5 2 0 3 1 1 4 0 0 2 1 0 1 1 10 1 2 22 0 2 1 1 0 8 0 1 7 0 8 0 1 0 1 12 25 1 2 1 2 10 46 0 24 2 0 
34 5 5 1 3 129 9 1 1 1 0 2 0 17 1 1 6 50 16 0 1 18 4 23 0 0 0 55 5 1 5 0 5 0 5 5 9 6 0 16 0 6 0 4 8 0 1 0 7 1 1 0 0 6 4 1 5 4 6 6 1 67 25 1 
0 0 0 1 10 16 2 14 1 8 0 0 9 0 7 0 6 2 2 5 3 3 1 0 0 314 1 19 4 27 7 0 1 0 3 1 6 6 1 1 1 1 389 0 9 37 1 0 2 1 1 0 1 14 1 1 0 1 2 0 0 3 6 21 
12 0 2 1 0 7 2 1 2 0 2 0 1 43 0 6 5 3 0 4 3 1 4 0 0 32 14 0 0 0 0 3 1 3 0 2 3 2 5 18 13 0 95 3 0 4 10 1 1 0 0 1 0 0 0 2 2 3 2 9 8 1 1 3 
2 14 3 1 1 28 2 7 1 1 1 0 0 1 10 10 0 0 1 2 0 6 1 0 0 26 1 1 0 0 0 4 45 0 1 0 1 0 149 26 1 0 6 0 3 1 2 2 0 0 10 1 0 0 3 0 0 0 0 0 5 2 10 0 
3 1 5 0 0 85 0 0 0 5 0 5 5 4 0 14 0 0 1 0 0 131 2 0 0 1 1 8 0 1 0 0 13 4 0 0 11 1 0 1 13 0 8 9 1 1 8 2 0 1 9 16 0 0 0 0 2 0 6 8 6 1 0 0 
0 0 8 5 3 20 0 2 10 6 0 2 1 2 6 52 1 0 1 61 12 0 2 0 1 0 5 38 2 88 0 10 23 4 0 1 1 1 2 5 1 0 1 193 2 0 10 1 47 87 0 1 18 97 0 4 1 0 3 0 0 0 13 11 
1 11 9 1 0 4 5 15 2 23 1 10 0 3 1 3 2 0 4 2 1 11 18 5 3 1 2 1 142 2 1 11 13 0 3 0 11 21 6 1 4 1 21 0 0 2 9 1 1 3 257 15 3 7 9 4 1 140 9 3 2 0 3 1 
3 1 1 3 190 13 73 1 1 1 1 1 0 2 2 2 0 0 6 51 3 1 0 0 6 7 3 5 0 2 0 1 7 0 32 0 6 10 2 6 0 1 1 0 0 0 0 13 2 4 25 1 0 0 1 7 8 1 0 3 1 3 0 0 
0 0 126 0 2 17 19 2 6 57 25 42 18 5 7 0 5 2 1 0 0 18 1 1 1 0 0 257 1 1 0 248 5 3 2 1 1 0 0 0 0 0 11 0 4 2 0 11 1 7 5 0 0 3 0 4 0 0 1 10 0 0 0 2 
4 0 3 1 26 22 0 65 19 3 12 0 0 0 8 9 3 0 2 1 5 11 3 1 14 1 26 0 1 1 2 0 0 0 7 1 8 1 1 1 2 1 25 3 69 1 1 2 36 6 4 6 2 1 3 0 0 1 0 0 7 0 15 9 
17 19 0 7 11 10 9 1 1 0 0 1 2 5 89 2 5 1 3 2 1 0 1 2 0 2 0 0 11 1 0 7 20 0 98 2 2 29 1 0 2 0 0 0 3 0 5 1 0 269 0 2 1 7 1 24 2 0 0 8 5 10 0 14 
0 1 2 0 30 7 0 0 0 1 4 0 7 0 37 2 16 7 0 0 6 1 5 0 1 3 0 1 8 3 10 6 0 1 1 3 0 2 1 0 29 0 3 0 1 1 1 0 0 11 1 1 5 4 0 2 1 0 0 10 34 2 15 0 
0 0 7 3 13 13 47 13 0 1 0 19 3 0 7 1 0 15 1 0 10 6 17 0 0 10 0 5 4 2 2 10 7 12 8 0 14 117 0 1 0 0 2 4 2 2 2 0 0 0 0 6 2 0 7 0 1 10 1 0 6 3 7 3 
4 3 0 10 2 5 1 0 1 0 50 4 1 2 24 20 0 1 3 1 2 7 1 0 1 4 0 4 0 1 1 5 4 0 11 2 19 1 5 0 22 1 12 42 5 0 1 2 0 8 6 9 3 11 26 24 0 2 1 0 17 3 19 2 
0 6 1 2 0 0 2 26 5 0 77 1 1 0 1 0 1 5 1 24 1 0 0 1 9 15 63 3 47 53 11 4 0 52 2 13 1 3 0 30 3 11 1 2 6 0 0 0 3 1 0 6 5 7 19 6 0 2 0 3 2 5 1 10 
0 60 1 26 4 0 0 0 1 24 2 1 2 7 3 0 0 0 0 1 11 1 5 17 26 0 9 1 1 1 3 1 342 1 0 0 2 1 0 14 3 5 6 1 9 0 0 4 0 3 0 1 1 0 5 0 3 1 6 73 45 1 0 7 
0 4 8 0 4 2 87 0 0 10 4 1 0 0 23 3 2 1 15 0 2 10 0 0 14 1 0 0 6 11 11 14 2 10 7 6 7 7 1 1 0 7 1 1 57 0 3 4 2 2 0 1 1 1 0 141 9 0 2 1 11 18 1 0 
4 2 0 1 0 0 0 1 3 1 0 3 0 6 15 3 3 55 1 70 4 5 49 7 1 1 2 47 1 2 1 1 2 0 0 2 1 14 13 0 1 8 2 0 1 9 6 5 1 1 44 3 13 23 1 2 1 0 1 0 0 2 32 0 
3 1 2 1 0 7 0 0 1 1 4 2 36 8 16 1 28 0 0 6 1 1 42 0 1 0 1 2 9 0 3 10 0 0 0 0 9 28 32 11 1 3 3 9 0 1 2 17 0 1 13 1 8 0 3 7 0 6 5 0 35 2 0 1 
1 5 419 4 3 8 10 12 2 2 2 28 1 0 4 0 1 4 1 3 4 140 2 0 0 2 1 5 10 17 0 89 1 2 8 18 1 2 0 22 1 0 7 1 30 8 3 1 0 1 16 2 0 0 15 6 8 1 3 0 3 0 0 1 
3 0 1 1 3 0 4 5 0 0 0 2 1 4 10 6 7 1 13 0 1 0 0 1 2 3 0 4 0 3 4 4 1 1 1 1 1 2 1 3 0 2 0 1 44 1 0 3 2 2 0 0 0 3 0 6 16 6 0 0 0 2 2 1 
7 6 0 0 22 0 8 0 4 6 1 66 6 0 1 13 18 0 0 12 0 9 1 1 12 0 0 4 2 3 3 2 4 0 1 2 1 1 0 2 4 1 0 0 15 6 3 2 5 21 0 4 0 4 0 14 1 4 13 30 0 13 1 5 
1 145 20 5 16 0 2 13 26 3 7 1 1 0 4 3 11 0 0 1 0 0 699 0 1 0 1 37 1 0 1361 0 0 0 0 27 0 0 16 1 0 1 0 2 18 1 0 2 12 3 1 4 0 18 0 0 0 2 3 5 3 3 11 7 
6 7 3 19 15 0 31 0 4 0 1 0 1 1 2 4 0 2 0 0 2 0 1 5 0 2 12 0 0 0 0 0 12 0 1 7 0 0 2 13 8 0 8 3 0 3 10 2 2 16 23 2 0 0 1 62 0 1 3 0 3 3 3 0 
0 9 5 5 2 3 1 3 0 21 5 57 1 258 6 55 5 0 0 9 351 1 0 15 2 1 36 3 0 1 0 9 1 9 3 3 0 3 27 25 27 1 8 4 0 31 7 2 19 0 0 0 6 2 0 1 0 10 3 0 1 4 2 2 
0 221 0 1 54 3 2 26 9 86 6 1 1 7 6 1 2 0 10 1 2 59 4 1 0 1 1 0 1 2 0 2 0 9 4 4 3 2 0 2 1 0 1 0 12 11 0 0 6 12 3 2 11 0 6 1 1 0 0 179 3 0 1 0 
40 5 24 14 3 0 34 0 0 0 66 1 0 1 1 0 24 3 4 0 1 7 1 1 5 0 2 1 1 0 1 2 35 6 8 3 0 0 0 4 9 1 0 1 9 415 8 0 11 3 4 0 2 20 1 5 11 1 0 2 5 2 0 0 
14 2 4 0 1 1 18 4 0 21 1 5 0 0 0 3 0 103 2 1 2 4 0 0 0 39 5 0 0 1 17 1 0 11 14 14 5 9 2 5 5 3 10 0 3 19 10 6 3 0 7 0 3 16 1 1 21 29 1 9 0 18 5 0 
5 0 0 9 1 25 0 6 1 44 5 164 3 0 0 25 1 3 1 0 13 13 211 3 5 0 0 1 4 0 1 0 116 4 4 0 0 26 9 0 18 0 0 3 0 1 5 26 0 1 1 4 4 0 8 1 0 8 4 13 0 0 12 0 
0 0 1 3 22 6 0 6 18 3 3 0 47 6 0 10 36 26 93 2 2 0 0 65 0 2 2 3 0 0 0 1 6 0 1 73 11 209 2 1 21 18 0 2 1 0 151 2 1 0 0 0 0 2 15 87 0 0 1 2 0 0 1 17 
2 2 2 5 1 3 0 2 1 19 44 9 1 1 1 7 1 0 0 0 1 14 0 4 1 0 2 2 0 2 5 9 2 16 1 17 2 0 1 1 2 3 6 1 3 0 3 0 9 0 0 5 1 6 2 0 4 0 0 7 3 3 25 10 
0 12 11 0 5 2 1 14 26 0 5 1 15 0 131 7 4 125 13 3 20 3 1 0 7 1 11 2 4 0 6 1 0 1 0 1 2 1 6 2 0 2 35 1 0 11 0 6 16 0 2 1 23 0 1 27 2 214 0 1 2 4 2 2 
1 1 14 118 1 9 259 5 1 0 1 0 38 1 6 2 70 3 3 0 3 13 1 7 2 14 0 0 644 0 3 8 32 7 0 1 6 0 1 19 6 1 1 0 5 45 3 1 4 9 0 1 3 0 5 2 19 5 0 0 47 3 11 8 
71 0 2 2 1 0 2 1 0 0 1 2 6 1 9 0 0 0 0 30 0 11 1 0 0 0 2 16 12 2 0 0 1 13 0 9 1 0 0 0 25 0 0 9 1 12 1 26 10 0 1 1 0 0 10 0 107 9 27 1 8 0 2 1 
11 0 4 3 1 13 1 0 1 0 2 0 0 126 2 5 0 5 0 9 0 0 0 21 0 0 0 1 1 0 8 1 0 8 4 0 23 0 0 204 0 2 13 1 4 1 4 2 2 0 11 4 4 4 58 0 13 44 0 0 20 2 0 1 
14 0 3 0 33 1 1 3 1 0 5 3 3 0 2 2 1 7 6 0 8 71 4 5 4 4 0 1 0 0 9 1 199 0 10 2 5 3 1 1 2 39 0 5 0 0 20 1 1 14 0 6 0 0 1 10 1 0 5 1 0 3 2 2 
0 2 6 1 0 0 0 2 1 2 5 6 0 1 1 16 4 1 0 22 7 1 0 1 95 1 1 0 17 7 3 2 8 6 1 2 0 1 25 0 0 0 0 0 33 0 3 0 0 1 0 7 4 3 4 0 1 2 2 3 1 8 4 0 
0 2 1 0 0 3 4 3 0 0 9 2 9 234 13 17 0 23 3 1 5 5 2 4 0 4 0 0 6 4 2 4 2 3 5 1 2 0 8 5 2 1 3 18 4 6 8 11 1 10 0 10 6 1 8 3 1 0 0 2 2 0 7 0 
0 1 6 4 0 37 0 13 0 38 10 1 2 4 2 1 2 1 3 2 0 1 0 59 1 5 3 0 3 0 5 4 3 1 0 4 80 1 0 1 5 7 1 5 3 1 0 1 2 0 1 6 0 24 1 6 1 1 2 41 4 0 0 1 
6 3 0 24 1 7 4 0 3 2 5 10 0 0 4 0 8 227 4 4 0 0 9 0 0 4 48 5 0 1 1 1 4 11 1 8 1 5 0 7 0 5 1 13 17 11 0 2 0 0 1 9 0 1 3 0 4 11 2 3 0 0 1 1 
33 1 4 7 3 1 1 617 0 1 1 0 36 4 26 9 5 2 1 2 1 5 27 11 1 0 2 4 0 1 152 0 0 1 1 1 1 0 1 4 0 0 3 3 20 4 1 0 3 5 1 6 1 1 0 16 9 0 0 0 2 30 1 6 
3 0 1 6 0 2 1 9 7 4 6 18 0 1 5 1 5 2 0 5 9 0 4 9 93 3 12 0 4 0 2 8 4 2 8 29 1 2 0 1 15 0 0 4 11 0 1 2 3 3 2 4 0 1 1 5 13 1 12 1 0 0 2182 5 
0 5 18 0 1 1 1 0 0 4 1 7 6 17 0 0 5 3 7 3 0 0 7 1 0 1 4 36 5 6 9 5 6 11 22 6 0 2 2 5 1 3 0 3 0 2 4 0 0 3 0 18 2 5 0 0 2 3 1 0 36 1 1 0 
3 2 5 38 1 95 1 0 0 6 4 3 1 8 26 0 1 0 0 5 0 27 21 1 2 24 0 0 14 4 1 31 2 0 8 2 0 5 5 0 12 0 1 0 0 5 22 2 6 0 7 0 0 36 1 86 0 22 0 4 23 4 37 0 
0 0 1 0 2 0 3 0 2 4 1 0 3 1 1 1 0 0 1 0 2 0 5 0 28 1 1 0 7 0 0 4 0 0 5 2 0 2 5 7 15 8 0 0 11 0 5 3 0 0 1 10 1 1 0 16 3 3 20 7 3 6 2 2 
34 11 6 207 14 8 0 23 0 0 27 0 0 1 0 15 0 1 20 0 4 122 0 21 3 47 2 6 0 0 13 1 36 0 5 1 0 0 3 0 6 1 78 5 0 7 2 9 0 8 2 3 0 1 1 2 33 0 0 0 1 3 0 0 
213 2 16 14 1 1 1 45 1 0 1 0 5 80 0 3 209 0 5 1 0 7 2 2 0 19 2 5 53 0 0 6 1 0 2 0 1 0 0 3 1 0 11 1 0 6 2 0 1 39 1 0 10 4 12 1 0 0 0 1 4 0 29 10 
13 13 1 6 0 3 1 58 0 0 5 1 2 8 15 16 1 0 0 0 318 1 0 0 2 0 0 4 9 0 0 1 14 2 0 5 4 12 13 0 1 1 4 2 3 16 2 2 1 1 16 0 0 18 7 3 4 2 0 20 0 0 0 5 
1 1 1 4 0 6 1 1 1 0 0 7 6 0 14 7 2 0 0 96 2 7 2 2 0 7 0 35 3 29 0 0 21 4 1 1 23 34 123 96 1 3 1 7 7 9 4 3 10 0 6 13 0 0 1 1 2 191 16 12 6 4 3 28 
60 0 0 5 2 2 24 2 1 6 36 3 2 1 47 0 36 2 7 9 1 20 17 1 11 0 4 1 0 2 1 5 0 61 7 6 3 7 1 0 0 1 0 1 1 1 8 1 1 5 1 0 1 2 2 0 4 1 1 8 0 6 46 20 
0 1 36 2 0 16 2 54 1 0 1 1 0 1 0 0 0 2 0 0 0 1 1 3 7 7 1 30 0 3 8 0 84 3 1 1 5 3 2 0 1 0 0 0 3 1 2 5 0 163 6 0 6 0 0 10 0 0 1 1 32 1 2 0 
6 5 15 5 5 6 0 7 1 1 0 0 7 1 81 23 5 7 1 1 1 0 0 5 115 6 2 16 327 7 2 6 3 47 2 0 1 0 5 0 1 59 224 13 8 5 0 4 1 0 0 6 0 0 3 0 1 14 7 0 0 12 0 0 
15 193 2 1 0 28 13 28 2 4 45 0 0 0 0 3 11 19 10 0 0 1 0 15 2 0 6 0 1 21 19 2 18 4 5 2 2 0 0 0 2 10 21 7 1 3 14 23 15 0 4 1 1 10 1 0 0 2 1 4 0 3 2 0 
19 2 0 1 5 7 12 0 1 0 3 2 0 5 1 6 1 26 88 0 1 1 0 54 154 2 3 33 5 1 1 0 1 7 76 1 0 2 5 5 1 0 1 2 0 13 2 7 0 0 9 0 30 1 1 0 0 5 4 1 39 6 0 20 
7 2 1 0 1 2 0 4 0 1 11 1 1 15 0 615 0 1 11 0 6 0 7 1 12 0 4 0 0 15 0 0 2 16 1 0 0 3 3 1 17 0 0 6 1 1 0 9 0 15 0 5 6 1 6 5 16 0 0 2 14 0 0 0 
0 3 0 4 3 1 6 0 0 2 111 5 0 0 0 2 0 0 0 1 0 3 0 15 0 0 1 0 0 1 0 0 6 3 329 0 6 0 13 5 148 0 1 9 2 5 1 8 5 7 19 1 0 8 1 0 1 14 0 4 6 1 4 7 
1 3 6 1 0 30 0 2 1 1 1 1 0 0 113 6 0 1 0 1 213 2 15 7 23 20 22 0 29 2 0 1 0 16 2 23 6 2 3 0 8 4 22 3 1 5 6 2 0 93 0 5 6 5 0 7 2 11 4 2 0 0 2 1 
0 21 3 1 1 6 5 3 2 2 3 3 3 1 0 1 9 5 0 14 0 0 35 0 10 9 6 3 1 6 0 1 1 1 1 4 6 10 56 0 9 6 0 2 0 0 4 0 0 2 6 3 1 9 28 4 0 5 1 0 2 1 2 5 
2 6 1 190 14 0 6 3 307 6 9 7 7 0 0 0 4 0 0 0 14 1 14 16 0 0 0 1 1 0 1 0 0 200 37 0 1 1 40 1 1 2 12 1 2 1 1 7 2 1 0 12 6 0 1 13 0 0 2 0 1 1 0 9 
1 2 3 1 3 5 0 0 43 0 3 62 1 1 0 0 0 1 7 2 1 2 0 2 0 0 0 0 2 3 1 0 0 0 3 0 50 1 12 14 118 142 1 0 0 13 0 33 2 21 3 20 9 2 39 0 1 1 11 1 0 0 5 0 
0 0 0 8 23 4 0 9 0 5 3 0 0 0 10 0 16 11 0 0 18 7 0 5 10 50 73 0 0 2 1 3 21 5 0 0 7 1588 21 1 2 0 0 3 0 2 0 39 1 2 1 4 1 1 1 0 4 0 0 4 13 5 3 0 
0 0 1 4 2 0 0 0 1 1 0 0 0 1 1 1 0 6 0 0 24 2 6 2 2 164 6 2 6 91 15 1 0 1 1 13 15 6 1 1 1 18 0 0 0 7 2 0 0 0 1 0 0 0 25 2 19 32 1 0 0 1 1 1 
5 0 0 0 3 4 0 35 3 0 1 28 0 43 6 10 4 9 1 1 0 0 7 5 5 5 7 9 1 1 0 0 3 123 0 6 1 1 0 0 8 15 1 0 0 0 0 7 1 0 1 26 0 14 0 2 4 5 22 0 1 0 9 5 
1 1 0 47 1 7 0 13 1 0 8 5 5 0 1 3 18 0 91 2 11 2 1 14 0 0 1 5 10 1 13 6 41 0 1 2 7 0 13 6 27 4 0 2 0 0 0 1 1 4 2 11 1 1 0 0 33 4 352 3 0 27 29 1 
1 7 2 1 5 1 0 0 6 1 0 143 1 3 1 5 2 0 1 6 0 0 6 3 8 0 0 0 1 2 1 0 8 0 2 0 1 0 43 0 2 0 1 0 11 9 4 0 1 1 5 3 0 11 0 9 0 6 26 2 0 0 8 3 
1 0 0 0 0 2 1 1 0 12 0 5 0 10 6 0 4 2 18 0 4 0 2 4 2 1 1 5 2 3 1 12 4 0 2 35 2 0 0 1 2 2 0 30 0 9 1 2 5 0 11 0 4 9 0 0 1 6 0 1 0 2 7 1 
2 25 0 25 0 0 38 1 230 2891 4 1 0 13 0 1 1 3 0 10 0 0 32 3 0 3 0 3 0 0 0 9 0 0 0 27 3 1 1 17 21 3 4 1 0 2 1 0 20 2 0 6 4 7 4 0 458 2 1 0 1 120 0 0 
0 2 3 2 0 14 0 9 0 1 24 1 1 56 34 551 0 17 120 2 0 1 0 10 2 9 18 2 0 5 11 1 4 4 11 7 16 4 6 0 2 1 1 2 7 6 3 5 10 1 0 8 2 0 2 0 1 0 3 0 4 10 49 0 
20 0 0 3 0 0 1 25 3 2 0 2 1 2 234 6 1 15 3 5 6 4 12 0 1 2 1 1 2 1 16 1 1 7 0 4 6 4 11 2 6 6 4 3 0 0 10 2 0 6 6 0 2 9 1 0 0 0 16 12 0 2 8 27 
4 5 0 6 1 3 57 5 0 0 7 8 0 1 1 7 4 1 1 5 6 1 9 8 21 1 1 3 1 26 0 5 21 11 6 0 115 0 1 93 1 0 4 4 0 10 1 0 7 32 0 1 1 17 0 0 0 1 1 7 2 13 2 1 
5 3 0 0 0 2 0 0 1 19 1 4 8 8 0 0 0 3 5 1 0 0 27 0 1 0 1 0 6 23 0 0 1 0 0 6 0 2 1 0 81 13 1 3 0 0 15 2 0 1 0 0 12 12 1 0 1 1 216 1 0 4 6 7 
3 0 3 0 1 14 0 10 1 15 1 4 2 0 0 5 8 1 1 3 0 12 0 5 1 74 7 27 0 0 1 4 2 12 0 3 0 6 18 5 5 3 18 5 4 7 0 0 43 0 1 1 10 0 1 0 0 15 0 5 6 12 1 0 
5 2 0 2 2 0 2 0 9 0 9 0 2 7 3 34 3 3 5 5 1 0 13 1 85 1 5 37 19 1 0 1 0 0 0 5 0 5 450 3 1 126 1 0 0 397 1 4 1 2 1 9 6 1 3 4 0 2 0 1 1 17 1 2 
3 8 3 2 16 23 24 3 0 1 3 0 0 8 0 1 17 0 0 0 17 6 11 3 1 16 0 1 0 0 2 0 4 3 13 10 1 0 0 4 1 0 7 0 0 0 5 38 13 5 2 3 0 1 3 21 2 0 1 4 5 0 26 2 
1 11 1 0 0 7 7 1 2 4 1 3 3 2 6 0 2 1 0 1 0 3 4 8 15 10 0 8 7 0 15 7 9 6 10 0 27 0 0 232 32 5 0 0 7 1 13 1 10 4 0 2 0 6 5 3 0 0 0 3 0 1 0 0 
5 1 0 0 5 0 5 16 1 0 3 0 1 31 2 10 0 0 36 41 24 0 1 51 1 2 1 4 47 4 0 9 12 6 0 0 13 2 2 42 32 1 4 0 9 1 76 9 3 3 0 2 8 0 2 33 0 1 12 1 1 14 1 0 
38 6 0 0 25 1 3 5 2 21 3 5 3 0 28 40 228 1 6 73 2 1 2 0 84 1 0 6 0 1 1 0 0 7 8 5 0 0 31 0 0 0 5 4 1 29 1 0 0 3 0 2 0 6 3 1 9 0 0 0 2 1 3 1 
6 2 31 1 7 0 0 16 0 1 0 1 0 0 3 7 0 213 17 2 0 2 0 0 14 0 0 8 1 2 8 1 31 0 1 10 0 0 6 2 1 5 0 1 1 0 17 3 1 13 0 0 0 0 3 2 4 8 12 1 1 3 1 0 
52 1 0 31 0 27 33 0 9 6 0 2 2 3 1 1 1 17 1 1 0 0 4 3 2 0 0 0 2 7 0 4 4 9 14 0 3 4 5 0 6 2 6 47 0 0 0 2 3 1 10 5 0 3 1 193 1 7 1 0 2 2 0 5 
1 7 0 3 14 122 27 1 34 1 15 1 0 1 0 9 202 9 1 2 0 14 0 1 0 0 12 1 6 2 3 1 1 6 1 14 0 1 0 0 1 1 3 0 0 3 246 1 2 0 2 26 140 25 226 3 4 12 2 6 1 4 1 19 
1 3 0 0 1 0 53 0 1 9 1 0 3 0 0 5 1 1 0 0 11 6 0 2 11 10 0 4 15 0 49 3 2 1 0 6 1 6 0 49 0 20 5 1 1 5 0 25 2 1 5 2 2 0 1 3 3 0 0 1 3 5 10 0 
0 10 0 1 3 0 0 11 1 1491 70 2 6 247 2 10 32 1 2 3 8 2 8 11 3 0 3 1 2 2 1 2 4 0 1 9 0 1 46 194 0 13 1 1 0 1 10 2 1 4 1 3 3 36 1 0 0 1 1 4 102 0 0 0 
0 0 0 0 4 1 9 0 0 3 0 0 0 5 64 4 10 0 0 12 2 0 1 0 5 5 1 2 0 0 2 0 6 2 1 1 30 0 0 0 0 2 140 0 0 0 3 1 2 1 0 6 9 13 2 10 3 3 1 0 14 50 0 2 
0 10 5 0 0 5 4 0 16 3 1 31 3 2 7 29 21 5 2 7 201 0 0 2 22 15 0 1 0 1 0 0 0 13 1 0 0 1 1 16 2 0 0 0 36 2 0 2 2 13 0 0 0 11 0 0 1 0 110 172 14 14 6 0 
7 31 2 0 2 4 0 0 1 0 3 1 4 0 2 3 6 2 0 8 1 0 5 0 0 0 1 2 318 1 19 2 5 0 6 0 135 1 0 2 11 0 1 1 1 1 10 2 5 138 4 0 2 7 7 4 0 1 0 6 5 0 9 0 
5 0 4 2 1 0 5 5 8 0 0 2 0 1 13 4 4 1 1 13 1 1 0 6 1 5 1 10 10 0 6 3 6 0 3 6 4 3 2 0 0 0 0 17 10 1 0 0 7 3 4 3 6 4 3 1 8 3 6 1 0 10 9 2 
19 2 16 4 0 0 0 99 6 0 8 109 44 9 2 0 7 0 6 0 23 10 0 9 1 31 0 17 0 2 18 1 27 2 179 0 0 0 2 1 7 0 28 0 2 0 0 2 0 0 1 3 0 24 131 1 1 1 32 30 0 0 0 0 
2 2 6 1 0 1 1 0 9 1 0 0 6 0 1 0 0 11 0 1 1 0 6 0 14 2 4 2 0 4 0 1 1 1 5 0 1 0 1 147 1 10 2 5 2 0 0 0 0 0 14 4 49 26 0 15 6 1 2 7 1 6 14 0 
1 6 0 2 1 12 64 2 4 0 0 5 4 1 10 3 147 0 2 4 0 119 0 4 2 0 2 1 0 0 1 6 2 0 1 0 1 44 29 0 0 4 31 6 7 2 0 1 0 1 1 100 8 2 3 0 16 18 0 3 3 0 1 50 
0 1 0 6 0 1 0 1 0 1 0 0 4 1 6 0 1 38 4 7 0 0 2 1 73 0 2 4 3 0 1 11 0 1 5 1 0 5 0 0 0 0 1 0 25 2 4 3 3 0 0 0 0 1 2 4 0 0 7 11 3 0 0 2 
22 0 1 2 0 0 13 0 12 7 3 3 3 1 7 1 1 3 18 16 0 6 13 0 0 6 2 0 1 17 8 2 16 8 149 1 0 3 7 0 2 2 4 6 7 9 112 138 3 15 1 4 0 1 5 3 3 0 2 18 12 109 1 0 
1 3 8 28 1 0 1 0 17 1 3 1 0 1 5 0 0 1 8 1 0 2 1 1 19 0 2 4 7 1 41 0 1 14 0 0 1 7 18 2 4 1 12 18 2 0 1 1 23 96 2 9 1 29 0 0 0 0 3 0 3 22 2 0 
0 1 1 9 1 0 6 11 40 9 1 4 3 0 0 7 4 0 5 0 13 1 4 7 0 14 5 2 5 6 0 34 0 4 8 1 4 0 0 0 26 3 0 0 0 2 16 0 30 51 0 1 2 24 6 0 0 2 4 2 0 17 0 1 
0 0 0 1 0 0 1 0 32 1 0 0 2 0 145 0 0 357 2 1 0 1 1 2 2 16 11 48 0 5 1 3 24 5 5 0 0 0 0 1 0 0 15 3 0 34 0 1 8 5 0 26 0 0 9 4 2 0 0 0 2 1 17 9 
3 0 1 1 0 26 0 1 0 1 0 1 0 1 0 9 0 1 33 0 2 2 0 15 0 10 0 1 0 11 1 0 2 3 1 3 0 10 5 6 29 41 2 7 0 1 2 0 0 0 16 3 0 5 196 4 4 27 2 1 1 3 76 0 
40 0 1 0 1 2 6 6 1 6 1 16 11 0 1 19 0 2 1 3 1 6 0 0 8 6 7 1 0 0 7 3 4 80 0 1 8 3 0 0 1 1 0 0 2 1 6 17 6 1 15 0 1 12 5 27 6 0 0 3 2 0 2 4 
3 1 2 5 1 0 27 17 4 6 1 3 34 34 0 0 2 13 3 0 1 0 1 0 18 0 0 1 4 0 3 0 587 2 1 0 0 7 3 2 10 1 1 2 0 5 2 1 0 2 4 0 0 0 7 0 0 0 2 11 5 6 1 60 
42 0 0 13 4 12 14 1 1 0 0 18 5 5 1 0 3 0 23 7 1 42 67 26 5 1 0 3 12 42 0 2 3 0 2 0 1 0 0 26 3 7 1 0 26 4 34 0 4 1 0 4 3 1 23 35 0 9 8 0 18 0 8 4 
4 1 4 6 1 4 1 1 11 1 3 2 379 1 2 1 0 14 0 6 0 0 2 0 3 2 8 3 6 1 4 220 6 0 1 3 3 3 1 1 5 0 1 11 1 2 6 22 0 5 3 0 11 1 4 1 1 0 1 1 9 372 15 39 
1 10 14 20 2 1 2 1 1 0 126 3 0 8 1 1 0 4 0 31 1 0 11 0 3 3 1 1 0 0 0 4 2 0 0 5 63 1 0 36 13 15 1 141 1 8 74 2 8 2 3 0 5 15 5 11 1 2 3 0 25 0 0 14 
6 3 0 6 3 3 1 0 1 0 3 0 9 1 0 0 3 2 1 13 8 1 23 0 1 0 0 6 2 0 2 0 0 2 0 10 5 2 0 1 3 1 1 0 0 0 2 4 1 0 0 1 2 5 0 1 49 0 0 0 18 0 1 8 
3 2 4 0 1 114 21 0 2 0 4 0 1 0 0 0 5 1 3 6 0 0 7 8 19 1 0 5 499 0 0 1 3 0 2 6 10 4 2 0 1 14 32 8 0 4 14 5 0 16 11 0 4 1 0 11 0 12 2 16 1 0 12 0 
0 9 0 2 1 1 20 1 31 10 2 2 2 0 74 10 30 1 1 0 0 5 2 0 1 7 1 86 10 6 1 2 2 1 0 24 1 0 0 13 1 0 0 0 1 0 0 2 0 1 0 4 11 1 5 2 4 2 2 1 51 2 0 0 
0 18 4 1 3 3 34 1 0 0 1 0 0 6 0 2 3 5 1 6 8 64 2 3 1 5 1 4 8 0 0 3 2 1 0 0 0 1 0 1 6 2 23 0 20 0 125 4 1 13 0 0 0 6 2 2 3 1 319 10 0 2 1 0 
0 31 0 0 3 26 6 1 1 25 0 1 46 0 0 1 2 34 7 34 0 1 0 0 7 0 0 0 2 0 0 0 8 1 9 1 3 1 18 7 0 23 1 0 41 0 1 0 0 1 2 0 0 6 5 2 1 1 0 7 4 0 0 5 
0 0 4 6 2 6 18 0 8 15 0 1 3 1 0 0 1 0 0 44 1 0 1 0 0 10 9 45 1 1 1 1 1 0 1 1 4 50 9 1 8 0 0 1 3 0 11 0 1 18 0 1 1 2 1 3 4 0 11 1 0 23 9 21 
0 1 5 2 3 28 2 5 1 0 2 64 2 5 5 2 12 1 11 16 1 14 0 2 0 6 0 1 0 2 45 6 0 3 0 14 0 0 6 8 21 0 1 5 7 0 15 1 34 1 3 4 0 0 5 0 0 6 2 4 0 2 2 0 
0 40 4 1 2 9 9 2 0 0 0 1 0 9 1 4 0 20 3 104 2 0 2 3 2 1 2 23 1 18 1 0 0 254 0 20 29 120 1 22 0 35 8 2 2 0 0 1 10 1 2 4 19 1 1 4 0 0 7 2 1 25 1 2 
2 0 2 2 22 1 4 1 3 3 22 3 27 0 1 7 12 57 50 1 2 6 0 4 1 0 11 6 0 12 6 17 0 1 4 10 27 2 0 2 1 34 1 3 2 0 3 1 7 2 3 15 1 77 0 0 0 0 2 0 27 2 1 0 
4 0 1 6 1 49 10 4 5 0 2 1 0 0 10 34 3 3 0 1 2 0 0 7 49 18 0 0 0 40 0 0 0 2 1 12 90 2 0 3 3 1 0 1 0 0 1 7 2 0 0 4 0 0 0 1 4 10 0 13 3 1 3 1 
0 0 1 0 2 17 0 1 0 1 0 3 6 45 6 17 0 9 1 16 0 1 0 13 8 159 6 0 1 33 0 6 31 2 1 2 0 0 1 41 0 240 0 0 2 1 1 1 1 1 1 8 0 0 0 6 1 13 2 12 1 13 1 3 
1 2 4 1 0 0 75 29 6 2 1 1 1 10 0 0 0 15 3 4 318 4 0 1 2 0 2 4 1 4 0 3 0 0 2 2 6 0 0 27 6 5 46 12 1 3 5 0 2 10 1 1 0 2 5 1 5 1 2 4 0 0 1 0 
3 0 1 28 11 3 7 1 0 6 9 0 1 13 3 6 1 3 0 1 0 15 8 70 1482 17 1 3 0 0 5 5 11 2 47 2 0 5 2 44 9 2 1 1 1 6 0 7 1 5 0 0 11 0 24 2 1 0 13 5 0 1 0 3 
1 0 3 10 1 1 0 1 1 6 2 1 1 6 0 0 2 15 0 0 1 1 5 1 1 35 6 1 0 0 0 1 1 0 3 8 2 0 1 20 49 10 1 0 143 1 11 3 0 1 104 0 0 0 0 2 0 7 23 1 0 1 3 1 
1 3 0 49 0 2 1 4 0 0 3 3 19 3 0 0 4 0 9 0 29 4 1 0 1 0 1 70 1 0 3 0 0 1 1 7 1 2 2 0 6 0 0 11 9 308 9 5 0 1 1 0 1 0 1 2 2 13 1 2 1 3 0 1 
2 2 0 0 3 0 18 5 3 0 2 0 1 18 18 1 7 0 8 8 1 0 8 0 4 0 11 9 6 4 1 9 0 1 6 2 62 6 2 1 0 0 1 2 9 11 22 7 3 3 1 23 1 0 6 11 10 10 1 3 2 1 1 8 
3 2 3 2 11 2 1 17 1 25 5 0 10 3 1 7 0 5 5 0 9 1 17 0 13 1 1 29 12 1 6 0 1 9 1 8 29 1 0 4 63 0 2 0 4 8 42 2 0 1 0 1 1 2 0 0 4 0 0 1 8 1 0 1 
18 3 3 24 0 2 2 4 4 8 33 3 7 0 1 10 4 0 0 0 0 4 2 0 14 1 1 2 17 2 0 0 0 1 53 1 2 0 0 5 0 0 13 1 5 33 0 2 28 0 1 0 37 3 0 0 2 0 0 1 0 1 1 30 
1 12 5 12 4 0 2 0 3 23 2 1 1 8 2 12 13 2 43 0 74 4 6 0 3 3 13 0 3 1 5 2 5 13 13 3 0 4 1 16 1 1 16 14 20 4 7 1 0 0 8 0 1 2 2 0 34 8 0 21 3 3 3 2 
0 0 1 2 7 0 1 1 1 1 2 2 0 4 2 1 3 1 2 2 1 12 3 0 0 1 14 12 0 3 0 2 1 1 3 42 0 22 1 1 54 2 10 0 1 12 0 53 7 0 2 0 1 17 2 5 2 0 1 6 3 2 6 18 
8 1 2 0 2 5 6 0 2 5 29 0 5 10 13 18 0 2 0 8 3 24 0 16 2 14 7 3 0 403 31 0 0 0 0 101 3 0 0 3 10 7 1 0 51 3 0 1 7 0 0 0 1 1 0 0 7 1 31 0 0 4 1 0 
68 0 6 4 3 2 1 1 7 0 345 2 5 0 0 0 2 1 0 8 8 0 2 0 398 1 7 0 203 2 0 2 1 25 1 1 3 0 4 1 0 3 68 0 7 1 9 30 18 3 3 2 2 14 122 6 2 3 1 2 8 0 7 0 
3 1 5 15 2 4 0 2 24 1 0 0 5 7 0 0 1 0 0 0 0 8 3 1 2 7 0 7 13 8 15 0 0 5 1 25 0 20 0 7 6 2 8 3 0 0 0 2 1 14 1 16 0 1 16 9 2 4 0 0 1 1 2 3 
1 8 18 3 3 0 2 55 3 0 10 3 0 1 1 19 16 0 0 0 9 2 1 0 7 9 0 8 2 1 2 2 0 7 2 0 1 0 45 4 1 0 6 0 0 3 2 0 19 4 6 4 0 8 1 0 3 0 4 0 8 2 1 0 
0 8 3 2 3 0 3 0 30 0 0 5 3 1 10 0 2 0 1 2 41 1 11 6 0 65 4 1 3 0 64 0 3 8 61 3 0 2 1 2 5 207 0 1 0 4 1 2 146 66 1 4 0 0 27 13 1 1 4 0 8 2 9 1 
1 1 0 0 485 67 1 4 9 9 1 2 241 3 46 32 0 0 76 25 9 0 3 0 0 1 3 4 2 3 0 1 2 3 0 30 4 1 1 10 15 5 10 1 0 4 0 2 1 7 3 3 0 2 1 0 0 5 4 7 0 2 83 4 
5 1 2 1 1 41 4 4 8 17 1 0 44 26 8 13 5 1 1 20 13 5 5 262 5 1 1 0 3 1 14 210 0 3 0 0 0 26 1 9 2 31 0 0 3 0 59 18 28 6 1 2 11 0 1 1 36 24 0 0 1 1 6 3 
1 0 1 3 848 0 2 0 4 0 8 7 1 0 7 4 1 33 1 7 27 0 1 1 0 3 0 0 7 0 0 1 56 0 1 4 3 1 0 3 27 0 1 0 25 1456 6 4 1 0 1 1 1 11 2 0 9 1 1 0 9 3 1 0 
1 0 32 1 0 1 0 0 3 1 0 0 0 0 1 212 1 1 10 0 1 0 0 1 1 1 1 0 7 0 0 1 1 0 15 14 2 4 3 2 1 17 4 5 1 2 1 0 32 38 13 1 0 6 1 4 2 2 1 1 44 0 0 9 
1 4 172 0 0 19 3 5 0 3 3 12 0 1 0 2 0 4 15 0 40 7 10 2 0 0 4 4 0 0 5 0 2 1 6 13 1 5 5 14 1 0 27 1 5 11 20 9 0 1 7 0 0 9 1 0 2 8 10 0 1 1 1 7 
12 1 0 1 9 1 0 8 2 0 2 3 3 0 4 0 0 2 1 0 0 43 4 1 7 8 11 1 3 5 15 0 6 3 1 5 0 0 11 0 13 1 29 1 10 1 2 2 0 3 1 1 12 174 1 0 23 0 1 1 1 1 11 0 
380 1 0 0 7 1 21 0 46 0 9 3 0 3 0 6 5 0 29 66 2 0 61 0 1 1 2 2 4 0 1 1 0 7 1 1 1 8 0 0 3 276 10 0 0 5 2 0 9 5 493 0 1 1 6 9 4 2 276 40 4 5 0 4 
2 10 1 0 9 1 0 0 23 0 4 45 96 4 44 9 4 24 21 1 10 0 2 6 146 2 1 8 0 15 0 0 10 0 4 0 10 0 2 2 11 3 0 2 12 0 0 0 1 0 1 3 411 0 1 2 0 0 8 0 0 0 3 0 
4 1 0 0 1 6 1 0 3 8 14 0 2 0 1 3 8 8 0 0 3 0 10 0 28 28 0 31 12 2 7 1 0 0 1 6 7 0 0 9 1 0 0 9 7 3 2 14 2 2 3 24 0 1 10 0 12 1 1 1 0 0 0 1 
1 21 0 5 2 0 1 2 2 1 7 30 0 24 0 2 4 4 3 4 2 8 0 0 8 1 0 1 0 0 9 1 0 5 8 10 0 34 11 8 4 24 1 0 4 0 7 55 0 1 0 1 3 0 0 3 148 79 0 0 4 3 22 0 
13 1 0 5 367 1 4 1 0 8 0 7 10 1 9 2 2 9 14 1 2 2 1 8 1 1 6 0 5 6 10 2 32 0 1 7 4 1 9 4 0 0 0 0 178 1 1 0 3 2 2 3 30 3 0 0 0 4 13 1 4 0 340 5 
5 1 2 29 0 1 5 12 15 0 0 0 0 2 1 0 7 0 1 7 3 1 21 21 1 11 5 1 1 30 5 2 3 3 0 3 1 5 5 4 1 5 0 3 5 5 0 8 0 1 1 1 14 1 0 1 13 5 1 21 2 0 9 5 
94 0 3 24 0 4 19 9 0 17 0 1 0 1 4 15 1 0 1 7 0 3 0 1 0 4 0 1 1 0 2 0 2 0 16 1 3 0 2 1 1 1 26 2 0 8 2 16 0 0 1 0 0 11 2 3 3 52 0 0 2 10 1 13 
7 8 0 1 5 2 1 2 27 2 2 0 3 1 0 0 0 27 0 0 39 47 11 2 0 0 1 42 344 8 1 5 0 1 1 13 0 1 111 0 0 16 11 1 4 40 0 0 0 1 3 0 7 6 0 0 1 4 38 0 10 0 0 4 
2 6 3 5 0 7 21 5 10 0 0 0 0 7 1 3 0 2 5 0 1 2 3 5 2 2 11 0 0 1 22 4 1 14 0 6 1 7 0 2 0 1 3 0 40 19 0 4 0 17 1 7 3 0 0 0 1 50 0 1 262 18 0 3 
58 18 1 1 0 4 318 0 5 3 0 0 8 0 0 0 4 19 7 1 1 5 1 2 3 1 1 0 10 2 0 0 70 8 1 1 0 0 2 0 0 7 1 0 9 18 1 3 0 18 1 1 3 161 7 4 20 0 2 8 0 12 9 18 
1 9 40 11 3 1 3 0 28 134 12 16 1 25 2 92 2 7 3 1 0 0 4 9 2 35 4 2 16 1 5 0 0 5 7 1 12 0 1 4 0 0 81 2 7 2 1 1 1 1 1 10 17 3 6 8 15 8 2 0 0 5 1 0 
0 5 3 26 15 4 0 0 1 0 105 1 0 5 8 2 0 7 0 5 0 2 2 2 0 10 0 5 6 0 0 3 1 27 0 2 2 0 33 0 1 0 6 3 76 7 0 4 7 1 24 0 0 1 666 1 0 2 0 3 0 0 8 6 
0 33 5 37 7 3 0 15 0 2 4 0 6 0 3 3 1 4 0 0 1 1 0 0 0 8 11 1 8 0 2 0 69 9 0 2 7 4 1 1 3 2 5 35 27 4 0 4 20 0 84 1 1 4 0 1 0 1 0 17 1 4 3 2 
0 2 19 0 6 5 2 5 2 1 2 7 20 2 4 0 7 14 5 1 3 3 5 0 1 7 109 0 0 0 0 1 1 2 2 4 3 2 0 3 1 1 0 2 0 8 9 13 0 3 0 1 0 1 20 7 0 0 6 23 2 2 2 2 
0 1 103 1 5 5 7 3 11 7 2 78 5 0 2 7 41 6 0 6 0 98 48 0 22 7 37 13 0 0 0 2 3 0 0 1 1 3 13 5 5 0 1 0 1 2 22 0 2 1 1 5 36 2 4 12 0 1 12 1 0 0 4 2 
1 15 0 12 9 6 1 3 32 11 35 0 3 1 0 0 0 4 3 30 2 0 2 0 9 0 1 1 4 0 1 1 1 2 3 112 5 22 62 1 2 1 6 5 0 1 1 6 0 8 3 0 1 15 1 2 2 10 2 9 0 0 2 7 
2 2 2 38 411 2 4 1 0 1 0 25 0 5 29 0 0 0 1 3 10 1 0 0 0 2 1 0 0 0 0 1 2 1 9 1 2 0 7 3 5 2 4 0 8 3 0 1 4 2 0 5 35 11 0 1 1 0 4 24 5 0 5 9 
24 0 4 1 14 52 1 170 0 1 4 9 2 7 0 0 1 0 1 0 7 0 1 4 51 2 0 4 2 0 3 1 0 2 12 1 0 2 1 7 5 2 133 1 28 28 0 4 1107 0 0 0 0 3 2 71 0 0 8 26 0 3 0 4 
0 0 2 93 8 0 2 1 5 8 1 0 0 0 8 5 2 2 2 0 10 2 3 0 0 0 1 0 0 3 0 0 9 0 0 2 12 2 12 38 0 1 3 0 47 3 0 12 0 4 3 6 2 0 0 0 1 1 4 1 6 1 10 7 
11 1 4 2 7 0 3 1 4 4 476 6 0 0 10 5 35 7 4 4 1 5 4 26 0 0 0 3 8 1 2 2 0 5 1 1 10 5 3 3 5 0 3 0 2 13 6 1 0 3 2 1 0 1 0 0 1 7 0 4 2 0 2 19 
5 110 34 2 27 2 33 10 0 1 0 15 22 0 0 0 7 3 0 7 2 15 0 0 0 3 1 8 15 32 7 0 2 0 5 0 6 5 0 1 2 3 0 0 1 45 1 1 129 24 136 1 1 1 118 2 3 0 1 0 4 2 6 20 
0 4 29 1 0 4 0 5 0 0 4 1 1 0 6 4 6 1 0 0 1 8 0 33 0 2 3 0 15 0 0 3 0 0 4 5 1 0 11 6 0 7 69 588 0 8 3 30 9 0 2 2 1 0 0 8 0 0 0 7 11 0 2 18 
20 0 5 0 0 2 1 83 1 18 1 6 0 111 9 3 1 8 1 0 0 0 7 1 30 45 0 6 2 3 8 0 0 0 1 0 2 2 0 1 3 81 3 1 2 1 4 1 8 1 0 2 0 6 3 1 0 0 0 1 0 4 1 0 
6 3 0 28 6 0 0 0 0 79 1 8 3 1 11 2 2 12 1 0 2 0 20 0 0 1 11 32 2 0 0 0 0 13 3 2 4 0 0 2 0 1 9 2 11 11 2 2 58 0 35 3 0 23 10 0 0 12 2 1 0 0 11 1 
0 7 1 2 1 4 3 1 2 1 3 0 23 0 2 0 3 2 0 0 0 0 1 5 0 37 1 1 0 1 1 21 4 1 2 0 1 1 21 1 5 4 3 0 0 0 9 10 5 1 14 5 10 1 2 1 12 5 7 534 20 1 0 2 
5 1 0 1 0 6 2 0 1 0 7 25 3 3 0 2 1 0 0 0 0 2 0 6 1 11 10 29 1 11 15 19 2 9 1 0 22 4 13 0 1464 1 0 0 26 2 22 0 0 0 0 6 3 1 30 1 0 0 0 0 0 25 1 1 
0 5 1 10 0 6 1 0 2 2 11 0 1 0 100 5 2 0 0 1 0 0 0 0 1 4 2 1 13 26 10 0 25 42 0 2 2 2 0 11 0 0 16 1 12 8 11 0 9 3 7 14 0 3 0 1 0 416 478 1 0 1 0 2 
0 1 6 0 1 3 8 1 2 0 2 9 1 42 7 1 10 1 24 4 2 10 5 1 0 3 315 0 1 16 20 10 6 0 1 6 22 3 1 9 0 13 2 1 0 0 5 5 26 1 3 8 1 0 0 11 0 1 5 4 11 3 0 29 
6 29 296 4 10 0 22 3 3 1 32 1 5 0 2 0 0 378 0 7 64 1 2 1 0 0 10 9 6 18 0 14 1 1 2 10 0 7 5 9 167 2 4 1 2 0 1 3 6 6 0 2 0 0 2 2 10 0 0 0 0 6 1 6 
18 3 4 66 9 0 0 0 1 1 1 1 1 10 0 1 5 1 2 14 2 0 0 6 5 10 23 11 0 1 2 0 0 0 6 0 0 2 16 6 6 0 13 135 0 2 0 14 5 0 1 0 0 0 0 0 1 9 0 4 12 2 0 5 
0 6 1 0 4 72 14 183 0 14 10 1 1 18 4 6 1 8 2 0 1 1 19 0 5 0 2 1 6 1 1 10 3 0 2 1 1 0 27 1 0 0 0 1 0 0 0 2 12 14 1 11 1 0 2 2 1 5 22 0 15 4 0 0 
25 4 4 3 0 1 5 3 1 0 3 1 1 0 0 8 26 0 0 0 1 2 0 2 0 9 4 11 3 1 2 14 1 5 9 2 2 46 4 0 6 0 1 3 1 3 2 0 2 0 1 6 0 1 3 1 1 215 0 357 5 2 3 0 
0 1 2 5 4 0 0 4 0 17 3 5 3 13 1 2 1 3 0 7 51 8 6 1 36 2 0 4 4 2 0 8 0 0 0 9 53 2 0 0 2 3 1 0 1 0 5 0 51 5 1 21 17 5 1 0 1 1 0 0 2 9 2 0 
3 42 2 1 1 6 3 1 2 6 1 6 6 0 8 0 21 2 1 0 43 0 16 0 0 5 12 8 0 2 29 0 0 2 1 6 1 0 1 1 1 34 0 1 9 11 0 1 0 0 0 0 0 10 3 1 1 3 14 1 0 3 3 0 
9 0 53 27 0 0 1 1 0 21 5 1 0 2 4 10 0 3 16 2 0 10 13 7 10 0 6 9 0 1 2 0 0 8 0 5 5 0 0 4 0 6 1 0 0 0 12 0 1 0 4 0 100 3 0 0 11 945 7 29 0 1 11 4 
30 0 1 0 0 0 3 1 19 4 1 0 0 3 123 0 2 8 0 18 2 8 1 0 1 1 0 0 0 7 1 0 2 0 3 5 1 0 4 9 1 4 2 3 5 2 0 0 0 13 0 5 0 11 5 3 11 9 3 3 0 71 15 22 
5 2 21 32 2 0 0 0 0 3 2 23 1 0 151 0 5 6 3 0 6 1 1 0 0 0 0 0 5 0 0 1 2 0 17 0 1 5 1 8 418 23 7 0 7 1 2 0 1 0 13 4 1 2 9 0 1 2 0 13 0 0 10 0 
1 9 0 0 11 4 0 0 16 3 1 0 37 3 3 0 0 5 1 0 2 7 0 2 78 2 0 336 0 2 0 3 11 3 4 2 0 8 3 2 6 2 0 1 0 0 4 0 0 18 3 127 1 1 11 1 2 1 0 0 0 17 0 766 
0 0 2 22 1 5 1 0 36 49 1 2 0 12 1 0 0 27 3 1 59 191 6 31 0 15 5 2 6 1 1 17 0 1 0 1 3 0 2 6 1 10 1 2 1 0 1 0 3 0 7 0 6 28 0 1 7 7 0 8 14 0 11 6 
5 1 4 4 2 4 2 0 40 0 17 2 1 8 12 5 1 1 3 0 4 14 102 2 6 4 4 0 1 1 0 39 17 1 2 0 1 0 7 0 1 0 0 0 5 0 1 0 0 18 6 2 193 3 5 4 1 2 0 0 9 15 0 0 
3 0 39 0 0 2 3 1 15 0 2 27 20 1 6 2 20 1 0 5 0 2 12 20 2 61 1 9 0 0 1 2 0 34 1 36 0 1 1 95 1 2 1 4 1 3 11 37 0 0 66 8 0 0 6 0 0 3 13 0 1 1 3 0 
2 0 2 22 31 16 2 0 21 6 8 4 0 0 0 1 1 4 0 0 27 2 5 1 5 0 1 0 0 1 1 0 32 1 3 1 16 6 3 33 47 3 0 0 1 0 3 0 6 143 15 0 0 6 0 3 0 1 8 0 5 33 1 3 
0 5 10 0 32 5 7 0 4 308 1 1 2 1 2 12 0 0 0 2 1 0 5 3 70 10 0 1 2 13 0 30 1 2 3 39 1 0 2 0 1 0 0 9 1 0 1 0 0 0 0 1 0 0 17 1 0 0 2 2 10 45 2 2 
13 26 11 2 5 28 10 5 23 1 1 0 0 2 2 3 1 0 2 5 0 8 3 5 0 2 0 1 2 16 0 3 1 7 0 45 2 42 1 56 0 0 20 1 5 1 2 0 0 1 0 1 1 0 1 88 0 0 5 3 1 5 0 0 
1 0 1 6 8 0 2 6 3 6 3 4730 0 0 2 1 1 13 2 10 9 1 0 1 0 2 2 13 1 22 5 7 7 2 4 7 6 1 0 3 14 10 68 0 1 114 1 0 5 0 0 25 62 0 1 1 1 7 12 5 0 15 8 3 
25 13 0 0 1 0 0 0 43 4 0 2 1 14 31 15 95 45 10 5 8 1 0 0 0 1 2 1 9 0 1 1 1 0 83 2 55 0 4 7 0 1 0 11 17 1 1 0 26 4 0 0 0 1 1 5 11 8 3 19 0 3 0 87 
4 2 23 93 0 37 16 2 8 29 91 4 5 14 7 1 1 0 13 3 1 14 1 0 10 2 31 2 4 0 4 1 51 7 173 2 3 306 3 67 10 4 1 4 10 7 3 2 0 1 1 1 21 0 16 0 0 1 5 0 13 0 47 0 
0 20 17 38 10 0 0 17 1 11 0 1 19 19 3 14 1 2 8 1 1 5 8 0 1 4 0 9 2 0 2 1 1 3 6 5 0 0 2 0 1 12 111 0 3 0 11 0 4 0 0 2 0 3 1 1 0 2 2 2 5 2 103 0 
12 5 2 0 4 2 0 2 0 1 2 1 20 0 0 5 17 2 1 1 4 4 2 14 0 4 10 2 8 3 0 0 0 1 18 177 0 0 0 0 2 1 2 0 1 10 4 6 0 7 5 9 1 3 4 3 16 4 5 1 0 0 12 14 
1 1 6 0 4 3 3 2 14 3 0 55 6 0 5 2 0 21 16 0 1 9 0 1 2 0 0 1 6 2 1 0 0 1 0 2 7 0 0 0 0 1 1 0 3 1 1 1 1120 19 0 0 5 0 2 17 13 0 6 47 0 0 1 0 
10 9 1 0 31 42 2 0 0 2 253 0 0 26 0 12 2 0 1 2 15 0 18 3 4 0 7 1 312 22 0 0 2 1 34 1 3 3 2 0 3 0 0 0 1 0 0 3 23 5 3 1 1 0 12 0 10 72 37 6 0 1 2 11 
0 88 8 4 12 1 3 1 0 2 2 15 0 1 5 0 26 0 4 1 0 12 2 1 1 92 29 1 0 6 0 0 7 0 0 2 0 3 1 8 9 70 5 2 10 2 5 9 13 26 38 2 0 1 9 1 0 1 28 1 0 331 2 10 
3 19 13 1 44 2 9 0 7 0 8 71 1 3 0 10 9 0 1 37 3 31 1 1 1 0 1 4 2 0 4 2 1 2 1 0 1 0 4 1 5 0 0 3 0 5 2 4 0 0 9 0 0 0 8 0 3 5 0 2 0 2 0 1 
2 8 0 1 29 0 4 6 16 14 6 2 1 1 0 1 25 1 19 1 1 1 2 0 11 0 19 1 20 0 1 1 0 0 36 10 8 1 2 1 0 2 1 21 4 4 15 1 0 2 6 1 4 12 2 1 3 5 29 12 10 0 12 0 
0 0 19 9 8 29 49 5 1 0 4 5 0 1 2 0 8 2 0 2 1 37 19 3 91 1 0 15 5 1 1 1 0 17 1 3 6 61 1 1 13 0 6 8 1 3 7 0 0 11 0 0 0 4 0 6 0 3 1 0 0 0 2 0 
0 0 1 30 0 1 2 0 5 5 7 9 4 0 4 20 2 6 38 14 0 7 6 4 0 6 7 19 1 6 0 5 4 2 31 0 1 2 0 0 2 1 1 1 8 1 31 93 1 25 25 8 7 1 2 4 2 3 1 72 0 0 0 2 
1 0 32 0 8 2 4 1 3 0 0 1 3 9 3 1 0 0 12 0 1 7 219 0 1 7 1 0 3 0 0 0 0 0 8 0 0 0 2 46 0 0 19 2 1 3 1 47 2 2 0 4 2 8 11 5 0 0 0 24 11 0 0 0 
1 1 1 5 1 3 16 1 0 1 2 1 22 7 6 0 4 27 2 2 4 21 1 0 5 1 6 0 2 4 0 0 1 1 8 2 0 74 11 3 19 6 12 0 2 0 1 0 9 3 0 20 49 0 4 12 4 11 6 0 43 0 17 13 
39 0 1 6 0 1 3 2 3 34 1 1 0 2 2 0 0 0 3 86 1 0 25 0 0 2 2 44 9 0 1 3 3 5 0 21 10 43 3 1 1 8 3 0 15 1 4 3 1 1 2 6 7 0 0 0 12 4 7 1 5 1 2 49 
1 2 0 2 13 4 3 1 1 3 2 6 1 0 0 4 9 0 3 14 3 1 1 1 6 0 10 23 3 0 2 2 0 2 0 7 10 24 2 4 20 2 10 5 274 0 0 6 0 2 0 1 2 216 0 23 7 206 0 36 10 12 0 3 
5 0 0 18 1 6 2 1 1 1 2 0 17 13 0 31 1 0 23 91 1 5 0 1 13 9 2 121 2 12 0 0 0 354 2 2 4 1 16 0 0 2 0 1 1 2 5 0 1 10 0 3 0 1 30 0 3 3 2 0 0 44 2 1 
3 7 20 1 210 1 2 7 0 3 7 1 1 2 0 47 0 1 0 1 1 0 1 4 9 5 13 1 0 0 1 198 5 0 12 1 1 4 0 11 51 13 0 17 0 60 1 2 1 11 3 4 2 5 1 2 154 0 1 1 2 0 17 2 
205 2 2 4 1 0 13 1 0 4 6 0 3 0 12 2 2 2 15 2 0 2 8 56 1 3 1 0 7 0 28 1 407 6 224 6 3 3 5 0 1 0 0 1 0 0 10 1 4 15 4 0 4 4 0 5 2 3 3 2 6 2 43 2 
3 13 16 21 3 0 11 0 4 1 19 14 1 0 0 1 1 22 1 52 0 1 0 0 0 5 0 0 0 2 27 7 1 0 0 0 1 388 2 13 9 15 0 2 11 0 0 9 1 8 1 51 0 14 14 0 0 6 22 70 0 1 2 1 
189 3 112 14 0 0 5 10 0 8 0 16 4 13 0 0 7 0 6 1 0 2 0 0 0 1 0 0 5 4 32 0 1 2 1 0 42 10 0 0 4 2 2 1 1 2 7 2 2 0 20 1 1 0 1 0 2 0 1 12 1 1 21 1 
0 188 1 0 1 0 5 1 6 5 0 0 0 0 3 1 4 7 5 49 5 2 1 96 1 0 3 7 23 0 9 6 1 0 2 1 0 5 2 10 38 0 1 6 48 28 0 9 0 0 4 12 3 0 1 5 3 3 3 0 14 0 0 1 
0 74 1 0 2 4 6 8 2 15 0 0 6 5 12 0 0 0 0 1 1 1 21 8 0 5 1 7 0 0 1 1 1 0 0 0 10 0 3 0 0 1 13 4 0 6 1 2 1 0 6 0 2 7 11 3 20 12 3 1 0 0 14 11 
3 0 6 15 0 5 39 4 7 0 0 0 1 0 0 2422 6 3 1 28 78 7 1 1 3 0 1 1 1 3 0 8 3 7 41 0 0 0 0 9 2 2 22 0 0 7 1 28 3 0 9 2 2 124 5 2 0 0 8 4 3 2 0 1 
0 2 0 22 46 27 0 10 0 0 6 30 3 1 2 0 3 3 74 1 12 8 1 0 1 0 1 6 1 0 0 2 3 8 122 10 28 15 0 1 4 0 17 12 16 1 3 1 26 2 0 13 1 1 0 1 0 2 3 1 1 0 30 0 
6 0 0 0 2 7 2 30 37 1 0 3 0 4 0 0 4 24 3 3 21 0 3 16 2 1 196 0 0 0 4 0 0 9 1 11 9 0 137 1 1 1 4 0 2 3 391 69 0 18 3 11 0 7 93 0 0 0 1 9 7 6 0 79 
0 3 1 1 10 24 7 3 1 5 85 2 2 60 1 1 2 3 3 23 4 2 0 0 4 2 1 17 5 9 16 33 4 0 21 1 1 0 9 7 1 1 43 81 3 0 26 10 43 3 0 4 1 38 6 2 0 6 0 7 5 1 0 19 
6 1 88 1 12 9 0 0 1 7 2 0 2 5 0 0 2 0 8 1 2 1 0 1 12 4 1 3 0 12 3 1 0 0 2 0 1 10 0 6 0 3 0 1 0 61 0 1 1 0 3 2 3 0 0 0 1 4 3 22 2 1 0 5 
1 5 13 0 3 189 0 0 37 1 2 0 1 4 7 7 7 5 5 0 23 0 6 6 1 0 24 0 0 2 7 1 1 0 1 3 3 5 1 0 1 6 1 6 3 14 37 1 3 0 0 7 5 5 0 1 3 3 1 23 2 0 8 4 
1 1 8 6 0 0 0 7 0 4 0 2 21 5 0 10 0 16 1 10 15 1 2 6 2 1 1 2 21 1 0 0 20 0 16 22 1 8 14 0 3 0 6 0 0 15 2 25 0 39 29 14 3 6 8 46 9 27 0 0 0 15 0 16 
3 4 1 0 8 2 1 1 59 238 2 1 2 3 1 21 22 2 0 0 2 1 9 4 0 2 1 0 0 0 0 0 0 6 0 2 1 0 1 0 5 4 3 27 2 2 9 1 6 347 0 1 8 0 25 1 17 2 4 1 2 2 1 7 
1 0 0 5 0 0 12 1 0 9 76 1 9 2 37 3 1 1 1 1 0 5 2 5 0 0 2 26 2 0 15 25 1 0 6 51 0 0 10 15 8 3 11 8 0 9 1 0 2 215 0 4 3 1 2 0 0 0 2 0 0 2 1 6 
2 0 65 2 0 14 0 1 8 28 35 0 1 2 0 131 4 2 96 1 154 0 4 45 10 2 0 1 2 3 0 1 11 4 10 7 25 0 0 4 0 2 0 0 0 3 2 12 0 1 2 1 1 0 0 9 1 2 2 11 3 2 1 0 
2 8 1 1 2 6 9 0 2 0 1 0 33 0 3 3 1 0 9 0 0 2 1 0 0 0 4 1 0 0 1 2 15 1 10 0 5 0 2 16 4 1 0 2 3 18 7 1 7 0 0 0 4 3 7 31 75 1 3 1 2 15 0 1 
3 7 2 15 8 7 0 13 3 0 0 0 6 6 0 9 0 12 0 44 0 0 1 4 0 6 1 1 0 0 0 3 4 2 1562 6 0 1 47 0 2 1 2 20 7 5 1 26 1 1 2 0 5 2 0 0 10 0 7 29 4 11 1 1 
7 1 0 1 0 13 7 1 0 2 0 0 1 0 1 3 0 0 1 0 8 0 0 7 8 2 0 3 5 8 14 45 16 3 7 2 1 284 0 4 0 44 47 1 1 1 1 3 2 9 2 0 0 3 0 2 2 12 24 1 1 1 1 9 
1 23 18 7 12 1 9 1 5 20 0 5 5 6 2 2 0 7 2 12 1 1 3 3 22 5 1 0 6 8 6 9 0 1 5 0 0 0 0 0 0 15 9 0 0 0 1 0 4 1 171 0 5 0 1 0 13 28 1 3 6 11 1 0 
0 12 0 0 1 1 4 2 0 0 12 0 10 4 57 0 1 27 0 6 10 2 1 8 5 4 2 0 13 2 3 1 4 0 4 0 7 47 2 9 0 5 10 5 3 10 6 0 0 0 0 10 0 0 2 1 0 4 0 3 4 5 1 0 
8 26 7 1 4 0 2 12 0 42 0 2 5 72 0 0 3 1 14 7 0 0 1 0 2 1 0 2 73 1 6 1 3 5 111 1 17 6 1 32 2 0 1 0 1 6 0 5 0 1 0 6 2 6 5 3 5 0 9 1 115 0 1 5 
102 1 0 0 0 1 5 1 1 14 24 3 1 3 2 5 1 110 22 0 1 2 983 7 1 0 16 0 1 1 9 1 22 3 0 1 0 1 0 5 4 2 0 1 8 3 1 1 1 3 3 1 2 1 1 2 1 0 1 0 25 5 1 15 
3 15 0 1 5 8 0 1 0 2 2 4 5 3 1 4 26 1 7 1 14 113 0 1 1 1 1 1 0 0 1 1 4 3 1 6 3 2 1 11 27 1 2 2 7 0 4 0 0 15 9 1 20 0 1 1 0 2 1 6 0 1 7 4 
2 6 2 10 5 5 28 0 2195 1 10 7 1 0 0 8 1 1456 4 1 0 0 5 0 0 2 1 2 1 4 1 2 6 9 0 7 1 1 33 45 0 137 0 0 0 52 2 0 15 1 3 7 0 0 0 4 0 4 3 0 0 4 0 5 
2 2 2 0 16 0 0 1 3 1 10 40 0 0 20 5 3 0 0 268 5 1 1 1 1 1 0 7 110 0 2 5 28 6 30 6 1 4 2 1 6 5 1 0 8 0 8 4 4 3 2 16 4 1 10 4 81 2 3 0 2 0 8 9 
0 4 5 1 0 0 17 4 2 5 0 6 0 3 7 0 0 1 0 6 1 0 11 1 46 0 0 4 1 0 0 3 12 0 4 14 2 3 1 2 16 3 4 4 1 1 0 0 23 0 0 0 0 2 4 2 1 23 1 1 0 0 5 0 
5 16 0 1 0 0 1 6 0 0 2 8 1 5 3 0 9 2 2 0 7 0 4 1 26 1 0 13 2 29 23 3 0 1 7 2 1 0 1 5 30 4 0 1 2 3 9 0 6 6 9 0 6 6 1 1 2 2 0 0 3 0 0 11 
4 2 0 4 0 1 5 3 1 7 0 0 0 0 1 2 0 3 0 7 88 1 5 7 1 0 0 2 0 2 2 1 0 6 0 26 13 0 0 2 0 19 0 1 9 0 0 6 0 0 2 0 4 12 2 3 8 0 0 0 0 1 1 5 
1 5 1 16 14 1 0 1 2 0 7 1 2 3 1 2 245 10 0 3 19 3 12 3 1 9 5 2 0 15 2 3 0 7 3 8 3 1 0 3 5 6 0 0 21 3 24 1347 4 3 2 0 3 10 0 0 2 0 20 9 1 2 19 3 
5 2 1 234 5 11 0 9 11 0 0 8 0 1 63 0 38 10 0 1 1 5 1 5 8 53 1 4 3 0 11 0 0 0 4 2 0 4 6 0 8 1 3 4 0 0 6 2 1 0 3 1 0 0 4 0 0 12 13 0 0 0 4 0 
8 0 1 0 2 3 1 2 18 0 5 1 0 1 0 1 0 3 68 3 2 1 13 2 0 2 3 1 1 0 17 5 24 1 0 6 1 0 0 0 1 1 1 4 5 0 0 5 0 0 22 8 14 31 1 3 1 6 3 7 197 5 0 16 
0 11 8 25 5 0 16 0 0 5 91 12 1 10 0 2 0 1 0 5 1 1 5 9 14 1 24 0 2 1 2 0 0 107 2 2 0 0 0 0 7 20 2 20 1 1 2 0 1 0 1 0 1 1048 0 3 159 3 1 4 0 3 4 0 
9 0 0 2 0 3 74 7 13 0 4 1 0 4 4 19 1 0 1 18 1 1 1 1 0 0 0 5 15 0 0 1 0 2 0 1 0 0 5 1 1 2 0 2 1 2 2 5 3 2 1 0 0 3 2 0 0 2 7 12 0 4 0 1 
0 2 67 127 3 3 1 18 1 18 9 3 0 1 8 3 3 1 6 0 6 80 6 2 20 1 6 1 1 1 0 111 3 0 0 2 0 5 4 12 7 8 6 26 2 6 152 2 0 12 1 1 0 0 1 0 16 1 1 0 0 0 9 0 
20 1 4 9 2 38 3 1 1 3 1 2 48 1 2 1 1 4 8 4 0 0 2 1 1 0 38 1 0 6 1 1 38 34 0 0 0 3 5 25 10 10 0 0 0 2 0 2 4 5 1 0 5 0 11 0 1 104 2 0 5 1 2 1 
0 11 2 1 1 11 7 3 4 0 0 0 1 0 5 21 0 3 11 51 5 6 3 0 0 0 3 1 3 7 1 0 9 0 30 1 2 2 2 1 2 1 1 25 15 18 1 8 1 0 0 2 5 0 0 3 0 0 0 15 1 4 4 1 
7 0 0 5 2 0 0 2 4 0 49 2 0 0 0 0 2 0 1 0 0 0 4 3 6 0 0 6 57 0 59 1 1 1 3 3 0 3 2 2 0 0 3 1 0 3 0 0 0 7 2 0 1 0 68 1 0 0 2 0 1 16 35 8 
5 0 2 0 9 3 2 0 1 1 6 0 1 1 7 12 0 1 3 0 1 3 4 2 43 1 1 6 2 4 0 4 0 7 0 2 0 15 2 2 0 1 1 18 0 1 2 16 2 2 4 1 2 13 4 0 50 0 0 9 2 1 11 38 
0 0 1 0 0 0 1 1 5 1 5 11 1 3 4 8 0 0 0 0 2 1 5 16 10 0 27 0 1 0 6 0 1 141 0 0 0 0 17 10 6 1 1 0 0 27 0 2141 0 2 3 0 6 1 5 9 1 25 0 3 9 0 1 20 
7 0 6 0 1 3 5 7 5 1 0 3 2 25 2 0 0 7 8 1 30 19 3 1 0 0 0 19 7 7 191 0 20 20 0 0 1 5 6 42 2 0 1 3 1 0 13 4 70 22 11 0 1 0 1 24 66 5 0 0 4 2 3 1 
0 7 16 47 1 13 6 0 238 2 1 1 4 25 3 27 9 0 2 0 4 3 3 0 9 0 0 32 21 0 69 1 2 1 11 1 4 7 1 28 0 11 9 0 2 7 2 1 0 9 11 2 0 0 0 11 2 1 104 0 1 6 1 3 
618 3 0 2 2 0 17 4 0 2 1 0 217 2 4 2 1 0 8 1 0 2 2 0 1 0 0 0 2 4 3 0 3 1 11 1 2 26 0 51 0 50 0 1 10 5 2 45 0 2 0 1 23 7 1 0 2 1 0 5 1 3 1 0 
0 2 0 1 1 0 0 34 10 2 8 3 26 0 0 2 0 0 1 0 0 0 36 0 1 1 2 9 5 0 2 2 20 2 2 13 105 2 1 2 5 0 4 3 0 18 9 78 0 6 0 4 1 0 0 0 0 2 2 7 0 15 0 4 
55 12 4 0 1 2 0 378 4 7 0 4 2 1 1 0 11 0 1 0 1 4 51 1 0 7 14 2 3 493 1 5 0 0 0 4 6 0 1 6 5 2 15 2 5 2 1 2 0 9 0 0 0 0 2 10 3 7 28 0 17 474 1 12 
0 1 0 2 0 0 121 1 0 1 0 3 10 53 0 0 2 0 19 7 1 38 19 2 1 0 1 4 2 47 0 5 1 2 1 0 0 36 0 0 10 156 5 2 7 1 0 14 0 10 0 2 0 1 0 18 0 12 27 1 0 120 1 0 
3 3 3 9 2 1 0 2 53 0 0 4 0 6 2 6 1 8 0 4 0 0 7 1 7 29 5 0 37 7 14 0 0 15 2 69 1 0 0 92 4 29 3 2 0 20 15 5 3 1 8 104 13 1 2 1 1 1 8 5 9 12 0 98 
0 1 2 10 40 5 6 0 11 8 1 1 2 2 4 9 0 2 5 1 4 0 2 2 33 1 11 15 0 6 0 3 0 58 0 0 22 1 0 5 42 18 99 7 3 1 0 0 0 5 3 6 0 10 2 5 1 12 1 6 2 28 3 6 
0 0 6 1 9 2 0 2 2 0 24 1 0 6 6 73 0 1 3 2 1 13 0 0 52 0 2 15 3 2 1 1 19 0 9 0 20 5 6 16 0 1 3 3 0 6 0 1 1 2 1 3 11 2 0 0 1 2 0 22 2 2 1 0 
8 3 0 7 3 1 1 1 1 3 0 3 6 1 64 0 23 14 2 1 1 10 1 0 2 0 10 9 1 0 2 7 0 3 2 2 100 5 1 0 4 6 4 33 0 10 1 3 44 4 1 1 3 0 1 7 3 1 1 13 2 7 4 18 
8 6 0 2 1 9 2 0 12 3 0 8 0 6 3 46 0 7 0 2 4 0 0 2 3 4 0 1 0 1 10 2 6 0 1 4 5 4 1 1 2 1 3 4 0 0 3 12 7 1 1 746 0 7 51 25 3 2 39 14 9 0 5 1 
7 7 28 2 4 2 7 5 6 5 0 16 0 2 2 15 39 0 0 0 0 1 0 0 8 0 37 7 0 0 0 4 0 6 2 1 20 0 0 12 2 2 2 8 0 2 2 4 2 1 5 0 2 15 2 0 2 1 5 1 7 0 1 3 
2 4 0 5 5 1 1 116 0 3 0 1 1 10 0 22 8 0 2 19 0 0 3 31 0 1 12 14 18 0 1 11 3 5 2 34 3 0 126 3 1 10 0 1 1 2 6 4 16 12 15 2 0 0 1 5 0 0 1 8 0 1 0 1 
3 0 1 0 0 5 0 0 6 0 0 209 24 1 1 3 3 28 2 0 3 0 0 37 5 0 4 3 29 8 18 0 11 0 5 0 1 1 1 9 21 5 6 1 3 0 49 4 9 1 53 0 10 1 1 1 2 3 0 1 9 1 2 1 
17 0 0 1 5 0 1 1 2 1 1 18 0 0 8 2 0 24 2 1 4 33 18 3 0 0 7 25 2 12 5 1 3 1 0 0 0 2 0 1 3 2 45 1 17 6 0 0 0 1 0 0 32 1 3 7 0 16 3 2 3 3 2 2 
3 3 4 53 0 3 8 54 3 1 10 209 1 1 11 5 42 1 0 3 59 2 1 4 10 0 23 10 1 20 1 0 1 5 2 5 3 2 1 0 0 7 13 4 1 1 3 2 0 0 1 1 49 1 5 1 1 0 0 1 0 1 8 7 
0 0 0 0 17 0 1 1 0 1 1 0 2 0 1 1 1 1 0 0 10 3 9 1 0 1 0 0 0 0 0 1 3 5 1 0 15 5 0 0 4 10 38 1 0 44 0 31 3 7 2 0 0 0 1 12 1 0 2 0 1 0 3 1 
0 1 1 3 0 5 2 23 0 0 10 0 1638 6 16 4 2 5 0 1 3 10 3 1 5 10 8 8 0 3 1 0 2 1 1 0 0 1 2 0 1 7 1 2 0 7 0 0 0 1 2 0 9 2 0 2 0 0 8 3 1 1 9 1 
9 9 3 0 16 1 0 7 3 1 1 0 0 1 3 1 13 0 1 0 0 10 6 11 3 6 7 0 0 0 0 0 0 3 4 6 87 6 11 8 7 44 0 2 2 28 0 401 2 0 4 8 0 0 1 16 1 0 0 2 2 1 0 108 
9 1 4 1 3 68 65 142 0 2 0 0 2 3 2 5 6 8 0 0 113 9 12 0 1 1 0 0 0 10 4 8 225 3 2 24 25 2 6 20 1 0 2 3 0 0 2 41 4 0 1 42 22 1 2 1 1 7 10 87 1 4 0 1 
18 1 2 0 0 1 1 2 3 3 2 0 0 0 11 0 1 3 0 12 1 2 0 0 12 0 0 2 0 4 0 5 0 4 7 12 1 1 0 5 3 107 1 0 0 0 8 0 1 1 1 9 4 0 5 5 2 1 6 18 1 2 1 62 
0 27 2 4 0 16 0 0 34 0 27 6 1 1 0 5 1 0 0 0 0 2 4 2 1 35 0 6 1 1 1 1 12 5 6 0 2 28 0 0 10 0 3 0 6 14 22 0 1 1 1 6 1463 17 0 2 1 4 0 19 0 1 7 3 
1 36 0 584 1 0 0 2 0 5 1 2 4 2 0 0 1 5 21 0 7 1 0 4 2 2 1 21 16 1 0 3 1 0 0 0 2 4 18 0 1 0 110 1 3 0 1 1 1 0 5 5 1 0 3 5 1 1 2 2 1 1 0 0 
25 6 1 0 10 1 7 0 3 5 3 6 0 0 2 0 1 58 9 0 222 2 1 1 1 4 4 0 0 8 2 1 5 1 1 0 0 12 1 25 0 0 14 0 7 8 3 3 1 8 7 0 10 2 0 0 0 0 0 0 3 3 7 3 
6 1 2 1 9 6 104 1 3 0 3 18 17 6 6 1 0 0 10 1 35 13 4 381 0 11 3 5 0 3 0 1 71 1 2 1 1 18 0 2 5 0 25 0 6 0 8 3 1 3 4 0 0 1 8 0 1 24 6 7 7 0 0 0 
10 0 0 0 1 2 8 3 3 1 0 0 0 0 3 1 0 0 0 1 0 0 0 26 20 6 1 36 1 0 0 0 4 0 490 0 1 1 0 2 4 1 0 9 2 0 12 8 1 0 1 3 0 7 0 1 1 0 16 6 4 8 1 4 
3 38 3 0 0 0 0 6 14 0 5 3 26 13 21 0 21 2 12 0 1 3 0 61 3 3 16 2 9 2 2 2 32 1 0 2 1 0 0 1 0 1 0 0 8 1 1 7 20 5 2 0 24 8 11 11 0 4 15 0 1 13 3 2 
0 6 10 0 2 0 2 0 10 2 0 12 0 15 34 2 2 0 1 1 6 4 1 46 3 1 6 0 2 5 2 0 4 0 8 1 13 0 8 0 32 176 3 0 17 1 9 0 0 4 8 0 3 0 33 1 2 0 6 0 1 1 24 4 
0 0 1 0 0 1 0 2 3 1 4 6 0 0 0 9 3 0 2 3 4 0 0 3 0 2 7 4 6 0 1 1 4 8 1 30 0 0 3 0 3 6 35 15 1 0 0 11 0 12 0 14 16 2 2 0 1 39 2 0 0 0 1 0 
2 0 10 4 2 30 1 1 1 0 0 5 14 11 4 16 71 0 3 0 2 0 2 0 2 31 5 128 0 0 8 139 13 0 202 11 1 6 4 1 0 8 39 22 1 1 7 4 3 0 1 0 7 1 4 0 0 5 0 1 8 29 2 0 
8 1 1 2 2 5 0 28 14 9 7 18 5 371 0 0 0 4 4 2 0 2 0 4 2 0 1 5 1 0 2 0 349 260 1 11 16 3 7 0 2 0 1 3 30 6 3 1 3 102 0 3 3 0 1 10 15 0 12 0 1 0 3 0 
4 0 2 6 6 5 11 2 4 0 1 1 2 10 0 1 2 0 19 0 4 1 1 0 0 8 10 0 273 34 34 2 0 1 0 1 42 19 5 0 3 2 0 0 21 20 0 23 0 3 22 2 10 0 2 0 5 2 0 1 3 0 0 13 
70 1 1 0 0 17 6 56 5 0 13 1 6 4 0 0 0 6 8 0 0 12 3 0 7 0 9 1 0 0 1 1 1 1 3 7 1 44 0 2 1 1 0 2 0 0 0 0 13 4 14 2 3 17 8 0 0 7 0 1 0 1 8 6 
25 0 2 3 3 0 0 2 5 1 2 7 1 0 8 2 0 3 1 8 2 15 0 2 2 2 12 2 72 2 4 7 10 1 5 6 1 7 5 1 2 0 13 1 5 3 18 4 1 5 0 0 12 7 2 10 0 3 1 1 0 16 6 2 
4 0 0 0 1 0 0 7 17 0 1 0 0 31 0 2 0 8 9 3 8 6 1 2 16 1 7 22 0 16 6 1 0 1 4 5 3 1 11 0 12 2 1 1 0 0 19 0 2 4 1 3 5 1 1 0 0 4 124 56 3 27 9 53 
0 0 2 4 1 17 0 11 5 2 4 1 0 1 0 8 0 0 0 11 440 35 7 5 1 1 21 6 1 7 0 12 0 1 2 0 0 0 0 30 4 3 1 3 0 63 11 1 1 2 0 2 0 2 6 2 0 1 0 4 7 0 4 0 
1 4 1 0 0 28 0 0 13 5 2 0 2 1 0 0 13 1 0 3 0 2 1 1 14 4 0 0 0 3 10 4 0 4 4 8 4 5 0 0 5 43 1 0 2 1 5 0 488 1453 0 7 0 0 3 1 0 8 10 33 6 1 4 39 
1 2 2 1 3 0 12 1 7 0 2 0 14 0 1 6 0 1 28 2 5 15 5 1 0 1 3 0 0 10 6 9 0 0 0 0 0 0 5 8 0 5 0 0 7 1 3 1 1 7 0 0 0 2 0 3 2 0 10 3 0 0 4 9 
6 1 25 12 13 8 3 2 0 0 0 5 0 3 7 29 1 0 10 3 1 2 1 0 14 2 0 63 1 0 11 0 3 0 4 36 1 0 3 2 0 2 9 0 0 3 171 3 8 6 0 3 2 4 39 19 9 1 0 7 0 0 8 4 
4 2 2 0 1 1 8 0 0 13 0 8 0 3 4 6 0 9 0 7 0 2 33 0 1 0 18 3 1 1 0 0 0 8 0 0 22 3 1 0 10 0 1 2 3 0 1 0 13 6 0 0 7 13 0 11 5 1 0 0 1 13 14 19 
2 4 0 2 1 0 0 0 2 3 11 0 7 0 7 1 2 4 1 8 1 0 0 1 206 0 14 2 1 1 18 3 8 2 0 12 0 1 0 5 1 0 0 4 6 16 0 6 2 8 0 2 23 0 0 1 6 0 20 1 3 3 10 1 
12 2 0 6 2 5 0 7 8 8 5 0 13 0 0 3 0 16 1 1 1 2 5 35 2 1 2 1 0 4 2 2 0 1 7 0 10 0 21 8 2 6 13 0 1 6 6 6 1 54 3 6 0 21 408 7 5 1 5 4 0 13 2 0 
1 26 20 1 6 1 0 0 0 0 1 12 0 0 6 5 7 2 1 12 0 5 1 10 1 260 1 230 4 0 0 0 3 40 0 1 6 4 33 12 1 0 0 2 72 1 1 6 1 11 0 22 0 8 3 2 0 1 0 0 2 7 11 0 
10 10 1 6 1 36 1 10 1 3 4 0 2 0 1 1 1 12 1 3 9 52 11 19 0 0 0 0 0 1 2 10 36 0 0 13 1 5 0 0 0 2 0 0 3 13 12 1 3 0 1 0 12 32 9 0 0 13 0 7 30 4 2 1 
5 15 27 15 8 29 2 1 2 26 1 25 0 0 12 6 1 3 5 3 3 0 0 6 0 1 198 1 4 85 0 8 2 3 3 2 0 7 2 2 33 3 60 15 1 0 1 3 0 48 0 1 21 1 0 0 4 3 0 4 1 3 5 24 
0 6 11 28 7 6 8 1 0 1 21 0 2 1 16 2 4 3 4 4 4 10 0 2 1 9 2 12 0 0 549 11 5 6 4 0 0 13 4 0 4 3 1 2 0 1 1 0 3 0 2 2 0 1 28 1 0 0 11 1 0 24 18 4 
20 1 17 1 55 1 6 0 2 25 0 5 16 1 6 8 0 0 5 0 3 1 5 4 1 1 8 0 1 3 1 5 0 3 0 1 4 5 0 1 2 18 151 0 4 0 17 25 1 31 0 23 1 5 2 0 9 13 1 9 0 1 0 1 
4 4 4 5 1 1 0 0 0 1 1 2 5 0 1 1 0 248 1 1 6 0 1 1 0 0 0 76 22 52 0 3 0 0 0 0 7 7 12 1 7 1 96 0 0 51 3 0 12 1 0 3 1363 21 0 5 3 0 0 0 6 0 0 2 
0 0 0 7 1 3 5 24 2 12 0 2 0 0 2 0 0 8 2 3 0 0 2 1 9 0 26 3 0 1 1 0 1 1 3 1 8 1 0 1 0 2 1 0 7 24 4 1 1 46 2 0 0 1 0 1 45 1 2 1 2 1 0 2 
1 3 0 0 1 5 6 0 4 2 3 3 9 2 5 4 3 3 0 2 1 40 3 6 10 4 0 5 0 0 1 0 0 0 3 213 0 2 4 3 1 4 13 1 2 1 0 0 139 5 0 0 0 1 5 2 1 1 0 5 1 21 71 0 
0 10 0 0 39 1 11 4 3 14 6 0 81 0 2 0 1 8 6 2 6 3 2 56 2 0 0 4 28 2 6 1 12 1 71 2 0 0 0 4 0 2 14 2 8 0 4 8 0 76 0 0 1 2 1 5 1 10 5 7 147 5 12 3 
0 5 7 6 1 3 69 1 1 0 1 0 3 8 0 1 7 0 15 4 10 5 1 7 1 19 6 1 0 24 4 0 5 4 14 24 1 0 10 0 0 0 8 23 1 1 1 2 2 1 0 0 0 1 2 0 12 4 1 3 48 2 4 0 
2 7 36 24 3 12 5 2 2 0 0 1 0 3 0 0 0 1 8 6 0 3 0 5 0 1 1 0 9 11 2 5 1 0 1 0 4 0 0 1 15 1 4 20 5 1 0 2 0 0 0 18 2 0 6 10 1 8 0 0 20 0 8 1 
0 7 0 31 0 10 5 4 7 0 2 53 1 10 0 1 0 0 0 8 1 1 0 1 0 0 11 27 0 3 1 0 0 0 0 6 0 9 1 1 0 1 6 1 5 4 2 1 0 0 4 1 2 8 1 34 1 0 1 2 0 1 7 1 
0 9 6 2 0 8 2 4 0 3 1 2 1 36 8 2 0 0 1 6 0 1 0 0 1 3 2 0 0 4 0 1 3 3 4 1 1 0 1 4 1 21 3 9 1 0 54 3 41 0 1 1 0 2 0 2 2 6 0 3 3 1 47 1 
14 2 2 3 1 7 0 5 2 2 1 1 0 1 0 10 0 1 4 3 1 8 0 0 15 0 1 2 5 0 6 0 0 0 1 1 4 0 0 0 0 4 4 1 1 1 2 0 1 9 0 3 3 5 3 12 14 7 4 2 0 0 1 8 
0 2 0 10 127 1 6 1 3 0 5 7 1 0 5 0 5 0 1 1 1 0 0 0 2 0 0 6 1 0 1 0 0 10 8 0 29 5 3 0 15 2 2 4 1 5 4 0 0 1 2 2 24 0 1 7 6 4 0 1 4 0 4 4 
0 2 1 4 0 8 5 0 37 2 20 1 36 0 6 21 1 21 4 0 0 1 47 1 1 35 1 8 20 8 1 3 6 2 6 19 2 2 2 1 1 1 0 7 2 7 39 5 1 44 2 3 28 32 4 0 0 0 12 1 3 1 3 1 
36 6 4 6 1 4 1 7 0 0 0 4 4 32 6 6 3 13 81 3 5 11 6 7 0 1 0 1 6 4 0 0 9 0 0 1 0 5 121 1 0 2 1 2 3 0 33 1 1 1 1 0 0 9 2 5 2 0 0 0 5 1 9 12 
57 2 1 5 0 6 0 11 4 3 0 714 16 11 2 5 1 0 4 0 13 3 1 17 8 6 13 7 18 2 2 5 8 0 0 7 1 0 10 96 0 12 1 52 0 8 5 0 0 10 3 3 3 25 15 5 0 9 1 150 4 0 0 0 
2 9 3 16 4 1 3 0 5 10 2 1 0 0 5 5 54 3 3 2 0 0 0 4 4 14 0 29 1 5 1345 2 0 8 7 9 1 0 3 144 0 5 3 1 1 8 0 16 4 1 5 0 2 4 3 0 2 1 1 3 1 0 203 7 
8 1 6 13 1 4 0 1 0 24 0 0 7 7 5 4 0 0 2 0 54 3 3 10 1 0 0 1 1 1 1 26 1 7 6 0 0 1 6 1 2 0 0 0 16 5 0 6 9 7 5 7 3 84 1 9 17 2 75 16 31 81 32 1 
1 11 0 0 2 0 0 2 0 4 4 1 114 1 5 1 2 0 35 24 0 13 29 0 0 1 0 0 0 0 4 20 9 0 0 2 0 0 28 2 3 0 0 9 5 18 11 4 3 4 7 1 1 15 0 1 4 2 11 4 1 5 6 1 
1 19 0 3 2 274 1 1 70 0 3 6 2 0 1 0 1 5 28 0 1 7 1 2 38 0 1 1 11 0 1 2 3 5 0 0 1 2 0 0 13 1 2 1 0 0 0 9 47 3 1 0 8 0 0 10 2 3 2 7 4 28 6 9 
5 0 42 5 8 1 1 0 23 3 0 11 7 6 0 0 0 1 1 1 44 2 0 2 1 1 18 850 3 0 0 1 3 15 27 2 80 0 26 3 0 1 2 0 2 0 7 0 5 7 69 20 0 1 1 1 0 3 1 1 5 40 0 107 
3 0 19 3 3 1 0 15 9 0 10 0 11 0 1 6 5 11 16 4 2 8 1 10 6 4 2 6 0 7 0 0 8 34 1 0 8 1 277 0 6 0 1 1 40 20 0 0 2 103 10 1 2 9 2 0 0 51 6 0 0 1 3 9 
21 0 1 21 0 2 0 1 0 7 5 0 19 6 2 7 0 378 0 2 1 0 0 1 22 8 26 0 6 1 1 0 9 1 26 1 2 0 1 2 1 9 2 22 5 0 5 2 3 1965 0 0 0 0 1 0 2 9 0 1 3 1 22 9 
1 0 5 0 3 1 6 270 13 21 0 63 1 74 24 5 1 0 0 0 1 0 4 0 8 2 4 0 0 0 13 6 3 10 0 0 6 6 1 1 18 1 12 0 10 0 1 4 8 0 3 2 1 1 1 0 0 3 4 147 0 0 2 1 
2 4 1 0 8 12 0 2 1 41 0 53 0 6 2 1 25 2 3 3 235 3 2 2 2 2 4 4 0 8 39 28 0 92 5 0 4 1 0 3 0 5 10 92 1 1 0 19 10 1 1 8 4 11 0 4 0 13 11 0 203 0 12 44 
0 5 3 47 0 0 2 1 3 9 5 0 5 0 0 1 1 6 16 0 0 0 1 0 4 1 0 28 2 0 0 1 2 1 4 15 3 118 1 1 0 8 11 0 3 0 0 2 8 2 0 1 8 31 16 1 7 3 3 3 20 0 2 44 
6 0 0 0 0 2 10 11 3 4 1 7 0 6 2 2 994 1 9 4 6 4 3 6 1 0 0 1 1 1 15 11 2 3 0 4 2 2 0 16 1 0 1 0 2 0 5 0 0 9 4 3 0 0 0 3 0 0 0 0 2 8 1 1 
2 0 0 1 105 2 10 7 6 1 6 0 11 38 4 2 7 1 4 1 40 4 2 52 1 0 11 22 16 5 4 1 0 3 0 6 8 1 3 0 2 0 1 3 1 6 5 7 3 2 0 26 0 6 2 1 0 0 7 0 0 7 4 0 
1 3 0 0 50 15 3 1 0 2 0 53 0 69 81 0 1 6 0 3 1 22 2 1 7 9 2 0 1 0 4 0 2 0 6 3 0 0 1 8 0 0 5 1 1 22 7 1 4 3 2 0 2 1 27 0 11 7 1 0 0 0 29 9 
5 0 2 1 0 4 29 3 6 0 213 7 6 0 7 12 1 3 1 29 2 0 5 9 4 2 0 0 6 3 54 8 1 8 0 4 4 36 0 8 4 2 14 57 2 1 1 0 2 13 1 17 3 71 2 1 0 0 84 1 0 1 1 1 
13 9 6 9 22 2 0 7 1 0 12 24 1 1 0 0 51 0 1 616 18 2 6 2 0 2 0 5 0 1 1 3 16 0 0 0 3 2 12 0 0 1 0 91 1 6 66 9 13 3 0 3 8 2 7 35 27 0 0 1 1 14 1 2 
1 0 1 2 0 0 0 8 2 29 11 2 16 23 1 2 6 2 0 22 0 62 3 0 2 0 2 27 1 6 2 3 1 2 10 5 0 1 0 0 4 1 0 10 1 0 0 32 0 4 0 2 3 2 0 0 2 11 0 2 1 0 2 0 
18 47 2 0 0 2 17 0 18 2 8 0 0 0 0 6 7 0 2 29 7 9 4 0 10 29 5 0 6 1 0 6 0 0 18 2 0 1 46 1 1 0 0 1 7 6 1 4 1 7 7 23 2 2 1 5 15 6 27 0 8 1 2 1 
2 0 2 0 2 0 0 0 7 4 5 4 1 5 16 1 4 0 0 3 5 2 0 86 0 1 7 0 0 6 0 17 0 0 0 4 0 1 3 0 0 1 1 1 5 0 0 6 2 0 0 5 3 5 19 0 0 1 0 0 0 240 2 0 
0 2 3 8 2 4 1 15 1 8 4 5 23 3 0 6 0 4 0 0 0 0 9 31 0 1 3 4 5 1 59 0 3 1 10 2 2 9 1 2 1 62 4 1 13 6 3 1 9 0 0 2 1 1 3 2 0 0 0 3 47 3 9 0 
0 0 13 18 1 0 0 3 2 5 0 0 2 0 2 1 86 12 25 0 1 2 1 2 2 0 0 1 0 0 0 6 4 3 2 7 0 2 3 0 1 1 4 8 5 11 1 4 17 0 21 45 1 1 5 8 4 13 1 0 0 12 4 1 
1 1 0 7 0 0 1 1 8 0 4 9 19 10 60 0 2 6 4 1 11 0 0 3 3 26 1 32 1 1 4 0 0 10 9 0 33 2 4 3 40 1 1 0 0 2 1 1 14 0 0 17 5 1 1 1 5 0 18 0 1 1 0 0 
1 26 0 2 0 104 3 132 1 1 8 15 0 15 1 5 37 1 7 0 1 2 0 7 1 6 0 3 2 1 0 12 15 0 12 1 13 42 8 0 0 3 13 1 0 0 1 0 6 2 0 0 13 0 0 1 0 4 4 8 3 0 0 4 
8 1 2 2 1 0 4 6 1 3 2 2 1 5 0 2 4 0 2 17 3 45 2 11 5 5 13 0 4 3 0 2 1 5 4 20 0 0 0 0 0 1 7 6 5 1 6 9 18 4 28 4 30 14 4 7 19 1 1 0 3 1 7 0 
0 4 6 2 0 3 2 2 4 130 129 2 80 5 1 0 0 1 4 2995 0 1 10 2 4 0 0 0 1 10 4 9 1 11 7 1 4 0 2 6 0 4 1 1 0 2 32 3 8 0 1 6 1 6 20 0 0 4 0 3 27 3 8 10 
8 9 4 0 1 1 3 2 0 3 2 3 25 8 7 13 0 0 2 1 0 3 1 5 1 0 10 0 12 2 99 5 1 0 3 3 1 0 2 18 4 0 8 5 0 4 6 3 13 0 7 5 2 5 0 3 3 1 2 3 2 25 14 0 
1 14 12 7 1 0 0 5 1 21 0 0 134 2 10 5 5 211 18 2 0 4 0 0 1 16 8 307 1 6 6 1 0 24 4 12 3 1 1 5 1 2 0 2 2 1 0 8 0 77 0 0 1 6 1 0 2 11 0 0 6 1 0 1 
23 3 101 0 0 0 0 6 0 0 29 3 3 1 8 0 5 2 5 1 24 0 0 5 1 0 1 2 16 0 3 0 0 44 2 6 0 2 2 4 2 2 1 0 11 1 1 8 15 0 10 0 0 1 0 5 3 10 10 17 1 2 8 6 
0 1 1 0 1 0 0 1 0 7 0 11 0 0 1 1 0 4 4 5 6 1 7 0 10 4 3 0 20 11 12 3 0 1 15 1 2 8 8 2 1 3 0 4 0 39 1 2 4 1 6 3 237 3 8 26 2 0 28 0 4 7 0 1 
1 16 12 0 4 16 0 1 0 3 1 23 4 13 12 0 464 1 4 6 5 102 69 2 2 0 0 6 6 2 45 9 1 0 3 0 0 0 1 1 9 0 3 2 3 0 0 1 1 7 8 0 3 14 302 8 211 1 6 2 10 0 87 2 
3 1 0 0 4 1 3 0 2 3 4 1 1 10 0 2 0 5 11 0 1 6 0 46 1 14 4 0 0 25 16 0 1 0 1 0 0 3 6 0 13 1 2 4 0 1 2 2 2 348 5 7 9 2 49 0 3 1 59 0 8 0 12 0 
8 1 0 84 0 1 20 3 0 18 0 7 18 1 1 0 6 3 5 3 0 0 5 1 0 14 17 3 22 6 12 1 1 0 0 1 0 2 1 0 5 15 1 3 0 1056 16 0 0 101 0 0 0 1 1 20 2 1 0 0 0 0 5 6 
2 14 45 2 27 13 0 13 142 3 1 9 2 0 128 22 0 10 1 0 1 0 2 78 1 0 0 0 0 0 4 0 37 1 2 428 0 6 7 0 1 1 30 1 4 1 9 0 0 0 0 0 99 3 0 1 4 0 24 1 1 3 1 0 
2 0 4 1 6 25 5 4 2 2 45 0 0 25 11 0 1 3 2 12 4 1 0 17 7 3 0 0 203 0 3 2 0 2 4 1 0 0 0 0 2 1 43 2 0 4 3 11 2 4 0 13 3 4 29 5 0 3 0 1 6 0 6 0 
9 2 3 13 19 2 1 0 9 0 2 1 0 117 11 19 7 1 0 3 10 0 6 0 2 1 0 0 6 7 14 0 1 1 7 15 0 0 0 23 0 8 121 0 8 8 4 0 2 2 2 9 6 2 0 455 4 1 3 1 9 1 0 6 
1497 5 0 1 9 2 3 0 3 3 3 0 1 8 0 21 8 3 1 2 1 37 1 10 0 0 1 14 12 1 3 2 2 9 1 13 2 2 0 1 2 6 2 11 2 5 24 0 2 4 2 2 2 10 7 3 11 1 1 1 0 6 1 0 
1 2 0 2 1 5 12 3 3 1 12 0 5 3 18 103 27 1 0 1 16 51 1 2 1 0 3 3 2 3 20 1 3 0 3 1 162 20 0 1 10 1 3 5 3 6 5 0 1 0 6 2 0 5 17 2 0 2 5 1 8 2 32 0 
1 36 4 3 3 8 0 2 1 14 3 0 4 3 0 0 18 0 1 2 0 5 0 0 4 113 1 6 2 7 6 0 0 3 0 6 0 0 28 5 0 0 5 1 1 3 0 0 5 7 16 11 0 2 6 0 0 1 4 0 0 8 2 40 
0 0 2 4 0 2 11 3 0 5 0 0 3 0 17 1 1 9 844 24 3 39 3 118 21 22 2 6 3 8 1 3 8 13 459 0 4 2 0 0 96 2 4 2 13 0 30 1 1 9 0 1 12 4 1 5 6 0 1 5 5 1 7 1 
0 2 1 3 1 65 195 4 0 27 4 0 0 0 0 0 0 0 27 2 3 5 3 0 10 3 0 13 16 3 0 3 2 8 0 1 0 1 15 0 1 0 0 0 0 4 3 12 1 6 25 1 2 0 2 0 2 5 1 1 0 0 12 1 
3 0 0 13 21 40 1 4 1 187 0 0 1 18 4 1 3 1 213 3 4 4 26 1 1 10 3 10 2 4 1 0 4 0 0 0 9 343 9 1 0 0 2 0 0 5 26 1 6 31 56 1 2 2 1 6 0 24 4 0 1 20 1 12 
0 0 2 2 5 1 3 12 0 2 11 0 0 1 0 1 2 0 17 0 3 1 0 4 1 6 0 5 1 1 0 0 1 2 1 0 0 0 2 1 18 0 42 0 1 10 11 3 0 2 83 0 1 0 0 7 2 41 1 0 3 0 0 17 
0 5 0 0 0 1 18 1 38 13 0 6 16 3 2 6 1 0 11 6 1 4 4 2 6 7 1 5 1 95 4 12 11 20 0 1 11 4 0 4 1 0 0 0 82 3 1 3 0 0 78 667 1 0 12 1 5 1 6 0 0 52 19 0 
1 23 0 4 0 5 13 4 16 0 28 1 1 85 0 1 3 1 1 8 3 1 21 4 1 11 2 4 130 2 25 0 64 7 1 9 1 8 2 6 10 11 7 37 2 0 14 0 5 5 1 0 4 14 2 0 1 1 2 1 0 0 0 0 
11 1 3 0 1 13 3 2 0 1 19 7 301 3 2 0 1 0 443 6 0 4 31 1 3 4 0 17 1 0 2 0 3 0 2 3 2 0 3 20 3 1 7 2 0 7 22 6 2646 2 7 2 0 24 1 2 222 1 2 0 0 0 8 0 
4 0 235 1 1 7 0 0 9 1 0 13 1 0 18 2 22 5 9 7 8 1 25 8 0 44 10 0 1 0 5 0 0 6 0 0 0 6 1 0 1 2 0 3 3 3 5 3 0 0 3 15 3 211 1 1 0 2 0 7 0 5 11 1 
10 0 1 2 16 11 18 1 10 0 0 1 1 0 2 3 1 1 7 11 47 15 0 44 8 2 1 56 2 2 7 8 5 8 0 3 1 0 3 19 4 1 2 6 4 0 0 6 15 22 0 5 0 3 1 1 19 7 4 0 2 5 23 0 
1 1 0 19 0 16 2 0 0 2 59 0 0 11 9 3 1 5 26 5 0 14 2 2 8 1 8 24 0 0 5 25 1 2 78 37 0 0 6 42 0 1 10 2 0 4 7 1 0 0 0 0 0 0 8 1 2 5 4 0 0 34 3 18 
2 10 11 2 12 206 33 0 3 4 0 2 4 8 2 1 5 13 8 22 0 13 1 118 19 134 37 2 1 5 6 2 7 0 43 2 32 2 1 39 7 0 10 2 1 3 5 0 4 0 14 50 1 6 37 1 6 9 1 6 3 1 8 6 
22 0 4 0 0 14 2 6 1 0 1 20 0 0 1 0 1 20 0 0 0 74 4 4 0 0 7 61 0 30 0 0 1 45 1 1 3 1 7 6 0 1 9 7 1 5 0 5 10 0 5 11 0 19 0 4 5 0 7 1 22 6 2 0 
1 2 3 30 0 1 0 2 5 3 1 12 0 0 1 5 16 9 0 2 142 6 6 30 8 54 1 5 32 3 21 0 1 1 2 1 1 0 63 13 3 2 2 3 1 3 0 139 0 0 4 0 3 12 11 0 1 4 0 3 3 15 1 0 
1 0 0 4 5 51 0 0 1 1 0 0 24 1 0 95 29 24 1 5 1 1 1 26 41 0 0 9 3 1 2 1 25 10 6 1 0 1 11 15 0 0 20 0 54 0 1 4 0 29 2 2 0 0 33 1 0 0 25 3 15 2 0 6 
4 20 0 1 3 7 0 3 12 2 23 0 0 25 1 0 0 1 32 1 5 1 2 1 6 1 1 125 0 1 4 77 8 3 0 26 67 1 4 0 0 0 1 11 1 75 1 5 5 1 1 4 10 2 1 1 1 9 0 4 3 0 1 2 
0 2 8 2 0 13 29 6 1 2 0 17 0 0 0 0 8 7 8 1 0 4 4 10 0 0 10 2 3 0 0 1 0 33 5 0 16 6 2 7 0 1 1 6 6 2 1 0 0 10 5 1 1 8 27 3 0 3 0 0 0 0 33 124 
0 23 0 1 0 0 17 8 2 0 6 0 2 0 2 2 8 0 3 0 0 1 1 74 0 373 9 2 5 0 3 2 0 1 28 7 0 0 0 5 1 1 1 0 1 5 1 1 2 9 0 0 8 1 4 0 1 1 0 3 0 3 3 3 
34 0 16 10 5 454 4 5 171 3 2 0 0 2 35 14 2 0 1 0 4 41 3 1 10 0 13 50 9 6 0 3 0 0 21 4 0 33 3 0 2 5 1 5 0 1 0 2 1 5 0 8 0 2 6 16 5 22 4 0 0 0 0 5 
2 0 1 2 0 7 1 19 0 0 2 0 0 2 0 1 513 5 19 21 5 72 29962 12 3 0 1 2 0 0 2 0 1 4 1 0 0 1 2 9 0 2 2 1 6 7 16 4 33 3 1 1 1 3 0 0 8 3 5 8 0 6 0 7 
5 6 0 0 1 0 0 7 1 0 3 1 2 1 6 12 3 19 1 7 0 0 242 18 4 12 0 4 2 11 36 0 0 20 4 0 7 3 0 4 1 2 2 6 0 26 8 1 0 19 10 1 1 0 9 1 36 3 17 9 0 3 4 1 
6 3 0 5 1 2 6 0 5 8 2 1 5 5 0 10 0 3 6 0 2 1 1 0 7 1 20 77 4 0 0 1 0 3 16 4 30 5 12 0 19 4 0 2 1 1 8 3 0 0 5 2 3 2 1 1 8 1 7 9 5 7 4 10 
0 8 4 0 1 2 5 3 0 0 5 0 1 0 2 4 1 6 0 0 3 2 1 0 2 24 1 5 16 1 1 3 6 8 1 0 19 0 10 9 1 0 0 1 12 2 2 7 0 1 1 0 12 3 4 1 4 9 1 119 5 0 11 40 
1 7 4 0 0 2 5 4 5 13 1 1 1 3 22 4 67 1 10 1 0 6 1 1 0 6 0 57 1 6 0 0 0 4 7 0 1 7 0 0 3 3 0 3 2 2 0 0 3 10 0 0 0 12 0 15 1 0 6 2 1 0 0 1 
0 0 2 10 7 14 0 13 8 6 0 3 2 0 0 8 30 15 11 2 6 3 6 0 2 14 3 2 2 8 28 15 44 0 5 2 47 0 97 0 0 124 0 1 0 2 2 5 0 11 24 7 2 6 6 16 21 6 0 0 2 0 1 1 
2 5 7 10 2 0 0 1 0 3 1 0 0 0 3 1 1 0 3 0 2 6 1 0 1 18 1 1 0 1 7 1 0 2 34 20 8 8 10 160 3 0 1 9 0 1 0 11 0 1 14 1 2 0 21 6 0 1 0 5 11 28 0 3 
7 1 1 0 3 2 6 0 2 0 11 3 3 1 0 2 1 9 2 3 1 4 0 5 0 7 1 0 22 3 0 4 1 10 4 0 0 5 5 0 0 1 0 2 227 0 1 2 0 0 8 0 0 30 7 42 12 0 3 56 4 1 4 4 
1 0 54 4 0 0 25 6 8 0 1 0 7 0 7 1 2 1 0 7 7 9 5 0 2 1 0 0 6 1 1 2 0 7 0 0 7 2 39 205 20 4 0 10 0 6 1 35 0 2 2 0 1 5 1 1 1 3 11 0 7 9 6 34 
11 2 5 12 28 10 2 1 0 3 0 0 4 0 7 1 6 17 0 6 2 1 1 13 19 11 0 2 202 0 7 0 5 2 0 1 0 1 1 4 0 61 6 7 1 6 0 0 0 3 1 5 10 1 0 0 37 0 0 0 5 2 4 3 
1 128 2 0 0 0 5 3 3 0 32 1 16 1 5 0 4 9 1 2 5 5 3 9 0 2 2 1 14 6 0 0 0 11 34 3 0 2 3 26 0 0 4 1 16 10 7 0 327 1 0 0 1 11 1 3 1 18 1 36 2 6 2 98 
16 4 1 1 0 0 1 0 0 3 5 1 10 0 12 86 0 1 0 0 2 43 0 2 3 0 16 0 2 2 0 1 1 2 0 2 0 0 432 13 12 1 31 2 1 21 8 1 0 1 5 4 1 0 2 1 38 5 3 1 12 4 3 5 
0 7 0 11 4 17 3 2 0 6 0 37 33 2 0 0 0 18 1 7 8 0 0 32 0 1 6 0 12 4 0 9 3 11 0 0 0 3 10 1 1 0 3 2 0 0 1 0 2 0 0 0 0 0 0 3 0 0 0 0 86 0 1 2 
1 0 5 0 16 0 4 6 1 1 0 5 0 2 45 0 0 2 19 62 1 15 1 451 0 2 1 1 3 5 2 6 0 0 0 3 5 0 8 0 7 4 0 0 10 2 1 0 7 1 7 3 0 1 0 25 5 1 3 0 19 42 6 1 
4 0 3 0 3 2 4 12 2 1 5 4 1 2 12 26 0 3 1 4 2 0 1 0 0 0 2 2 0 0 1 7 1 2 0 3 0 0 0 2 1 0 1 5 0 1 7 0 4 0 4 3 0 1 8 0 0 6 4 12 1 6 25 4 
4 0 4 4 2 8 25 0 14 0 15 0 0 2 18 1 0 5 0 2 9 1 0 1 3 4 0 2 1 3 0 0 11 0 2 0 2 0 0 7 1 4 13 6 1 3 1 10 0 0 4 0 0 11 10 11 0 4 5 1 1 4 1 0 
24 1 3 11 4 3 2 0 3 2 0 0 8 0 1 0 0 4 47 0 5 0 2 4 45 3 1 9 4 67 15 2 3 8 11 0 1 40 3 0 0 0 31 8 1 7 8 45 1 3 11 0 1 0 1 2 3 4 0 19 1 13 15 4 
1 0 4 0 0 6 0 0 0 1 0 1 1 0 1 3 0 2 3 3 8 2 5 8 5 34 0 1 27 2 222 4 22 2 1 8 0 23 1 16 0 6 3 3 2 0 2 0 1 0 0 2 1 0 1 16 0 0 1 0 0 16 1 2 
3 0 7 6 1 9 1 1 2 0 13 2 0 19 4 10 6 5 0 0 1 8 0 0 2 0 0 22 7 5 0 1 0 4 0 2 3 0 6 0 3 0 3 3 27 10 10 1 0 2 0 1 0 2 1 2 3 5 0 41 6 0 4 1 
0 0 0 0 24 6 7 1 7 138 24 0 60 7 2 5 15 8 28 0 0 1 0 4 7 4 3 6 1 1 58 3 3 32 1 7 0 18 0 1 28 0 11 0 0 13 8 0 14 2 369 1 4 13 0 5 1 3 1 2 1 1 3 8 
176 0 1 4 13 1 0 0 0 1 1 0 2 2 1 4 15 7 3 12 0 4 0 0 3 2 207 0 6 1 1 310 1 9 1 0 1 1 0 5 4 1 0 0 5 4 15 8 0 15 0 0 3 0 1 0 68 1 6 13 154 2 57 0 
2 2 1 8 1 2 7 62 2 1 0 2 4 9 4 2 2 1 1 17 3 1 1 2 9 0 6 6 2 3 53 1 26 4 0 5 0 58 2 0 21 2 4 4 0 1 19 14 1 16 29 3 2 4 10 26 2 0 1 2 2 0 11 1 
27 1 0 1 1 2 10 13 7 0 0 0 8 1 0 23 0 8 32 0 0 0 2 5 9 34 3 15 0 0 99 12 5 0 6 0 11 39 86 0 0 1 1 2 1 0 42 18 0 1458 0 1 108 3 2 2 79 120 4 4 14 0 5 57 
44 40 0 14 2 0 8 1 0 2 1 4 1 848 1 2 1 1 1 1 1 1 9 156 0 9 3 0 2 8 1 2 0 1 1 0 4 1 0 0 0 2 7 2 3 3 1 0 2 8 1 1 1 2 6 16 2 0 0 7 0 1 2 0 
0 48 3 0 15 1 2 7 14 20 0 1 29 0 4 2 46 4 2 3 1 1 2 0 21 18 2 1 0 1 1 0 0 5 3 0 20 4 77 0 0 0 2 29 55 3 0 1 1 0 2 0 2 0 5 547 8 1 15 0 1 7 4 0 
0 15 0 4 60 0 0 0 27 0 4 9 1 4 2 8 1 2 2 2 12 32 7 9 19 0 0 0 8 1 0 1 1 9 0 1 0 1 3 6 10 0 1 9 0 3 19 5 3 2 26 41 0 0 5 2 8 0 7 0 0 2 1 9 
2 7 1 1 3 0 0 4 1 1 11 18 0 14 1 0 13 3 1 5 1 4 0 1 2 13 1 0 26 0 1 21 1 5 0 1 0 1 1 0 0 85 1 0 13 0 0 4 2 2 9 0 0 28 1 1 26 0 0 2 1 7 3 1 
0 0 7 13 1 36 102 150 19 1 58 0 4 8 0 1 0 5 7 0 1 0 36 0 1 0 20 7 0 1 0 0 0 0 2 7 0 0 0 6 3 0 5 270 3 0 33 0 0 4 0 0 1 5 0 5 1 0 12 1 2 7 0 0 
17 5 0 7 1 3 0 3 1 9 1 1 0 3 2 4 26 20 3 0 1 10 0 1 1 6 2 4 7 0 2 0 1 0 5 3 1 1 2 6 1 1 9 2 1 9 0 195 9 10 2 0 0 1 3 1 1 1 1 6 69 3 0 0 
0 0 2 1 11 0 2 0 16 2 2 0 33 44 1 5 7 9 2 0 3 0 0 1 5 0 2 69 3 1 0 1 2 1 0 0 1 0 34 0 4 1 0 1 6 2 3 1 7 3 3 47 1 8 0 3 11 5 1 6 1 2 6 2 
0 1 5 2 1 6 0 1 4 10 44 1 5 26 3 0 10 0 0 7 6 12 1 0 10 7 14 0 20 1 4 0 6 5 1 0 0 1 8 2 19 1 1 2 0 6 2 1 16 4 15 10 8 1 24 3 1 0 10 6 3 7 13 2 
10 5 6 1 1 0 0 0 1 0 29 1 1 1 1 1 1 8 2 0 5 4 0 13 2 1 0 16 12 19 220 2 0 1 0 1 0 0 3 4 2 0 1 1 2 0 32 1 4 2 2 0 2 0 1 14 0 3 165 19 1 0 0 25 
4 0 0 17 0 0 1 2 1 10 0 2 3 6 0 0 0 5 0 6 11 1 10 0 1 0 2 4 0 6 46 1 1 1 1 9 5 0 7 35 0 12 0 0 0 1 0 0 0 1 4 0 0 5 2 22 7 9 2 2 0 8 1 10 
1 0 9 0 1 0 1 1173 1 0 0 9 1 7 0 1 1 2 0 4 1 0 9 3 6 0 248 1 1 0 0 0 2 1 1 33 15 33 19 13 8 0 6 30 11 47 2 25 13 1 1 0 8 9 5 1 1 6 5 2 6 2 2 2 
4 4 1 4 0 32 0 1 1 41 10 18 0 120 34 16 1 2 1 1 1 0 0 0 1 4 6 1 12 2 3 0 2 3 2 40 1 4 0 8 0 6 16 2 0 4 1 0 6 0 0 65 3 79 0 3 24 1 1 10 3 1 11 5 
19 1 2 4 9 3 0 15 0 0 2 2 2 3 1 11 5 0 1 3 0 0 6 3 16 0 1 9 9 3 0 0 0 10 15 1 8 0 13 0 1 9 0 86 1 0 1 8 0 11 11 11 2 10 1 0 7 0 0 10 8 0 2 1 
1 6 3 1 12 1 4 3 7 2 296 0 0 1 15 0 1 1 16 0 3 4 0 0 2 0 38 2 10 1 0 1 8 0 23 4 1 2 0 0 67 1 3 4 5 1 1 1 7 1 9 0 68 2 0 5 2 1 2 0 5 2 2 23 
0 0 1 1 0 4 0 2 0 6 0 10 0 0 6 7 8 0 1 2 0 2 11 1 2 5 0 2 548 0 1 199 9 0 0 68 7 0 3 14 32 1 2 2 4 0 7 2 0 9 88 1 4 0 213 5 1 1 5 0 35 0 0 8 
1 7 0 165 2 2 4 23 0 1 0 2 0 18 15 1 5 2 1 2 20 0 0 0 6 15 1 1 12 3 0 1 0 0 2 1 0 2 2 0 0 1 170 2 0 8 1 1 7 11 5 0 5 4 0 0 17 7 15 47 0 1 1 1 
2 1 3 0 1 10 0 3 1 1 12 5 15 1 0 67 0 6 0 17 0 23 2 2 2 0 3 2 1 0 23 0 6 0 3 1 0 1 8 4 71 0 0 10 0 2 2 0 10 1 0 1 0 2 0 2 1 0 1 5 0 5 6 4 
0 37 4 5 39 4 5 1 2 0 7 13 1 1 0 0 6 11 1 3 1 0 1 57 30 3 1 6 8 7 4 3 0 11 3 3 6 7 4 10 0 0 3 19 1 3 0 2 2 0 1 2 2 0 3 0 6 1 1 1 1 2 1 0 
0 0 0 0 1 0 0 1 1 3 16 10 18 5 1 10 8 2 1 7 6 12 1 9 0 6 2 1 6 3 1 6 5 0 0 0 30 0 2 1 2 10 0 29 4 2 1 1 0 0 11 3 6 0 121 0 1 33 1 4 5 10 10 5 
0 11 0 5 1 15 1 1 5 1 2 1 125 0 2 11 10 1 5 3 0 21 0 3 3 0 6 1 1 14 0 0 0 0 6 0 6 29 94 3 2 0 0 0 4 5 0 2 7 47 4 4 0 26 4 0 1 15 0 23 1463 0 0 4 
0 3 0 0 0 9 0 18 1 5 0 0 0 0 0 0 3 15 5 0 0 1 2 5 383 0 11 1 1 0 1 8 1 1 1 0 18 7 96 9 1 0 1 24 2 1 7 0 0 0 2 1 0 3 0 0 0 50 3 2 1 52 1 0 
0 0 2 2 2 3 0 0 0 0 2 1 0 1 1 0 0 0 0 10 0 0 1 0 13 1 0 0 38 0 1 0 1 0 0 1 1 13 0 7 0 3 5 1 0 9 6 0 1 2 0 6 16 3 0 3 5 1 3 23 7 6 0 2 
1 2 4 2 3 0 21 18 29 0 6 6 2 0 35 3 0 0 3 11 0 13 32 6 0 1 2 4 3 1 1 0 42 0 18 166 6 8 0 3 0 3 5 0 5 1638 8 4 1604 1 1 3 16 1 16 10 5 1 0 0 2 2 2 11 
0 0 16 8 1 1 4 4 5 4 2 0 0 4 3 1 12 0 5 0 4 9 4 70 1 0 0 0 3 11 9 0 10 2 0 22 10 9 0 1 16 0 30 1 0 1 0 0 75 0 1 2 58 34 2 11 2 5 1 7 4 4 0 2 
0 0 0 27 16 1 2 0 1 6 1 1 1 0 1 12 4 0 24 11 1 1 2 0 1 17 0 283 1 14 0 2 2 0 0 1 3 0 1 1 1 0 3 13 17 4 0 18 2 1 8 55 0 1 5 1 1 0 0 1 0 0 0 5 
0 0 1 6 0 3 0 1 0 0 1 0 0 25 0 2 1 2 3 39 9 2 9 0 74 2 0 0 5 4 6 4 0 13 2 1 6 1 0 1 2 5 0 0 0 1 1 7 0 1 42 2 2 0 0 11 50 1 1 21 5 0 4 8 
0 29 9 1 0 1 0 1 0 3 0 0 1 1 0 2 6 1 0 6 4 1 1 2 2 6 5 0 5 10 0 1 12 13 3 0 6 4 10 6 0 83 3 3 0 5 30 49 1 0 4 2 31 1 1 0 33 0 0 21 1 2 3 2 
2 0 0 0 4 0 10 1 0 0 63 22 13 2 1 31 1 93 0 41 4 0 0 2 0 8 4 60 6 0 0 0 31 21 11 0 1 5 14 1 9 2 905 0 4 0 1 0 0 12 564 3 0 1 0 0 0 0 0 100 2 0 0 10 
3 2 2 6 1 20 1 249 1 0 21 1 1 152 0 0 12 2 7 19 0 1 103 1 0 5 0 0 0 15 0 1 118 24 0 1 0 7 0 49 42 3 29 72 3 3 0 1 3 2 1 5 6 75 3 2 1 4 0 2 2 0 1 1 
31 3 1 42 0 0 5 0 11 1 11 7 26 9 55 0 3 3 10 0 15 15 0 8 2 0 7 0 3 2 52 1 0 0 0 0 26 0 6 0 1 1 1 0 5 0 0 0 1 3 0 0 0 0 2 82 6 0 0 3 34 0 2 1 
0 750 6 6 2 0 5 1 7 0 0 2 2 1 8 0 0 1 1 0 2 0 2 21 1 1 1 9 0 3 2 0 0 20 0 3 0 13 2 1 5 0 5 1 7 0 11 1 10 0 22 4 1 2 2 0 1 2 43 0 5 34 12 6 
0 15 0 1 1 9 6 4 0 0 0 0 1 2 0 0 0 0 0 7 6 0 7 12 22 7 5 0 2 2 38 2 0 0 15 0 0 18 0 2 0 0 1 9 0 360 1 31 41 0 0 3 0 2 55 3 24 0 4 3 12 8 12 1 
4 2 0 0 4 1 0 0 16 3 1 2 2 12 0 0 1 0 3 30 20 10 0 0 0 3 0 1 6 0 19 22 1 15 6 5 4 470 1 1 2 2 1 20 1 2 2 6 9 0 0 1 0 4 2 2 11 2 1 0 0 0 3 0 
15 2 3 2 7 45 9 9 0 2 1 5 8 8 1 304 31 43 6 2 0 12 0 0 1 1 3 5 0 0 0 120 1 0 0 6 216 0 23 6 0 0 0 0 0 2 0 0 1 0 3 46 0 6 12 14 28 3 0 19 0 2 7 0 
5 8 5 2 10 4 7 0 3 0 2 7 1 7 3 2 3 0 90 23 1 0 2 0 1 0 1 0 1 0 1 12 11 4 7 19 1 0 2 3 1 9 1 0 4 0 120 0 0 14 0 31 0 0 0 0 6 1 3 10 9 0 3 0 
14 25 1 0 11 1 1 0 14 8 1 2 2 2 1 1 1 0 6 8 2 0 4 5 0 0 12 0 0 0 1 31 20 1 10 0 21 104 1 0 4 77 3 46 7 7 0 4 7 8 1 6 19 3 1 2 15 0 1 2 1 73 2 6 
1333 2 3 5 1 2 2 1 1 24 0 0 1 500 0 5 1 0 6 3 0 6 0 15 11 0 10 0 0 11 0 2 20 0 0 6 1 20 3 0 0 0 4 5 13 4 0 24 0 0 5 17 5 5 1 0 1 1 4 4 3 7 0 3 
3 4 3 4 1 17 3 0 13 3 10 1 0 0 6 111 2 0 1 3 0 5 3 1 1 1 6 0 3 2 5 9 0 2 4 4 6 0 28 0 0 16 2 3 1 0 16 0 2 1 51 1 29 0 3 1 3 395 1 3 9 1 1 2 
1 1 16 22 0 0 0 0 1 12 0 0 0 2 0 17 6 0 11 2 1 5 2 1 51 0 0 1 1 1 2 0 18 36 10 4 2 1 0 2 37 5 5 2 0 10 4 1 0 1 2 2 2 1 1 0 0 9 1 1 3 0 0 15 
30 1 4 13 5 2 0 11 1 6 1 3 4 1 121 20 0 1 0 2 2 1 1 0 0 1 0 40 55 1 8 23 2 7 6 4 29 2 1 11 0 0 2 0 1 1 1 1 1 2 0 22 0 5 0 6 9 8 0 1 3 2 0 3 
8 2 1 6 0 6 1 8 0 6 9 4 0 2 0 6 3 1 7 2 2 2 0 23 0 11 2 1 2 1 18 8 0 6 6 10 0 8 1 0 0 10 0 0 0 4 1 5 0 2 9 2 3 233 4 6 0 72 5 1 1 1 2 0 
8 7 1 23 0 1 0 3 18 9 12 11 0 6 55 0 4 0 5 2 2 1 1 1 1 0 2 1 0 0 8 1 5 2 7 0 18 211 4 0 1 1 1 2 3 0 1 1 57 3 1 2 2 2 1 1 0 1 1 53 0 6 4 1 
1 0 0 1 7 0 53 3 4 2 26 43 0 0 13 0 8 0 0 0 0 12 10 4 22 1 3 5 2 1 1 0 1 7 2 6 8 31 3 0 7 0 1 1 10 10 38 0 1 3 3 0 0 0 6 3 2 3 19 1 0 1 10 4 
1 0 18 0 8 2 0 0 14 10 0 0 1 31 0 0 2 30 0 1 2 14 1 98 12 0 2 53 0 1 2 0 7 2 17 0 0 0 0 0 1 2 2 1 1 26 1 1 7 2 0 1 34 20 40 24 0 0 4 3 2 0 9 5 
0 9 1 78 2 12 17 5 0 0 0 6 0 7 1 4 0 0 0 3 0 28 9 2 0 1 1 1 1 1 0 1 4 0 5 0 11 10 5 16 0 2 2 5 0 0 1 3 2 3 0 8 3 0 12 13 2 3 7 0 31 2 1 0 
0 0 23 0 0 1 5 0 1 3 2 37 0 1 0 0 0 0 1 5 11 3 3 0 0 0 0 11 2 53 6 0 0 0 0 46 6 0 25 4 4 0 2 4 91 133 4 2 1 1 31 3 19 2 11 1 1 0 9 0 1 7 0 0 
8 17 6 0 27 1 2 0 3 0 0 2 1 0 4 9 7 30 3 2 17 0 4 1 5 0 3 0 24 24 3 2 5 1 0 68 12 11 0 1 24 12 6 2 1 14 0 8 1 0 0 19 9 1 5 0 7 0 4 6 11 3 1 1 
4 2 3 11 0 0 8 1 1 1 1 407 0 8 0 8 8 0 7 211 0 0 0 0 1 6 18 0 1 1459 0 0 4 59 1 35 0 12 1 2 7 13 0 3 0 3 14 14 3 6 6 10 1 26 9 1 0 25 2 0 21 1 5 1 
0 1 5 1 0 1 79 5 8 22 0 0 7 1 36 17 16 2 4 0 1 1 1 0 10 6 0 20 6 1 0 2 0 0 2 4 3 1 6 112 8 1 2 2 0 2 1 0 0 0 1 6 8 1 1 1 0 2 0 2 236 27 2 1 
3 9 4 0 21 0 5 2 0 0 13 0 4 1 0 29 0 0 1 22 32 0 0 1 7 3 1 8 6 4 2 0 0 1 2 0 3 0 1 7 13 15 0 0 1 43 0 5 1 6 1 1 5 0 9 0 0 6 3 1 0 13 0 16 
2 0 6 75 0 1 2 0 1 13 1 0 0 0 19 0 0 0 0 0 0 4 8 0 0 0 0 0 1 35 1 0 4 9 3 2 12 0 0 2 21 5 4 0 0 0 10 4 35 7 0 0 0 3 0 18 3 7 0 22 0 1 5 2 
19 9 5 0 0 1 29 11 0 1 0 5 2 0 8 0 3 4 1 0 3 14 0 0 6 0 9 1 0 0 11 14 202 3 6 49 15 0 0 0 1 0 4 9 22 4 1 0 0 0 51 0 0 4 45 1 0 1 31 0 24 6 0 0 
0 185 1 1 0 1 0 0 32 1 5 0 10 1 0 0 2 98 6 0 2 14 1 3 1 1 0 12 12 0 13 1 13 2 227 1 295 10 76 0 0 11 0 0 1 2 1 42 6 12 10 0 47 0 1 0 4 0 0 0 0 0 19 33 
0 7 2 0 0 5 4 1 5 0 0 0 2 5 7 1 0 5 2 1 0 4 9 0 2 0 1 4 1 89 8 1 0 1 4 8 1 0 1 0 0 0 1 11 22 0 1 2 0 1 2 1 0 0 22 0 2 4 1 0 1 1 1 0 
0 15 4 1 24 29 1 12 0 0 13 4 0 0 0 2 0 0 61 5 0 10 5 0 0 0 2 1 0 0 9 2 6 6 7 5 2 1 6 2 0 1 3 19 0 0 1 6 3 0 38 0 50 7 37 3 1 0 3 1 0 1 5 1 
4 0 5 7 0 8 0 0 4 0 1 4 15 20 0 2 2 0 1 3 0 11 6 6 40 6 5 121 4 0 31 1 1 56 3 2 5 0 1 0 8 1 4 5 0 6 0 0 0 2 0 0 2 0 28 0 1 3 2 1 0 1 1 297 
2 47 0 1 1 3 0 26 8 14 0 5 1 0 1 1 0 1 2 0 42 6 5 3 13 4 1 4 5 1 0 5 1 0 0 1 7 1 0 20 0 2 0 520 0 24 0 0 0 125 3 212 4 3 4 3 0 2 0 3 13 1 0 1 
1 1 1 1 0 0 1 1 0 46 0 5 13 4 5 0 1 8 1 5 1 0 1 31 30 0 0 1 0 8 3 0 4 1 0 0 0 2 0 1 37 0 0 0 100 0 5 0 0 13 8 3 0 2 2 1 0 0 6 29 23 2 0 2 
2 0 3 0 0 0 0 5 2 2 5 0 6 0 2 0 1 0 21 5 3 0 13 0 0 0 0 12 1 6 6 0 1 7 1 8 0 0 1 0 5 4 0 4 0 2 1 1 3 1 0 1 2 9 5 11 2 0 1 5 1 0 0 13 
3 1 6 0 53 0 5 3 3 1 1 8 1 0 0 21 15 11 0 0 1 0 490 283 8 6 0 0 3 3 6 6 0 5 2 3 2 0 2 1 1 0 0 1 0 2 6 1 59 2 49 1 0 7 0 1 0 3 2 9 0 0 0 1 
6 279 1 2 2 2 1 3 1 0 2 0 27 0 0 0 11 0 5 3 2 32 61 1 0 0 3 8 0 17 3 1 15 1 4 4 1 0 2 1 166 1 2 0 4 2 0 8 4 0 1 1 0 1 12 8 1 0 1 1 17 1 0 7 
4 0 36 2 4 0 0 3 7 6 36 100 0 1 2 5 13 13 2 1 0 0 0 1 8 1 9 0 7 2 1 1 3 6 1 4 0 2 9 2 0 0 0 1 0 5 15 1 11 3 32 0 0 7 10 90 1 6 109 0 4 5 9 31 
8 0 0 18 43 3 3 0 3 1 1 5 0 2 8 0 7 9 2 9 0 5 0 30 0 23 3 1 3 1 0 1 28 0 3 1 6 6 3 2 0 0 13 1 0 0 0 7 14 0 1 6 6 3 0 0 0 8 6 1 14 3 0 0 
5 0 4 1 4 3 16 1 21 1 2 0 4 0 55 3 0 6 2 4 6 0 0 0 8 5 1 0 0 0 1 0 16 110 0 0 3 0 1 3 0 1 0 2 2 6 2 5 0 0 1 0 5 4 1 2 38 94 2 7 5 102 7 150 
1 1 0 6 9 0 14 0 1 0 0 1 0 0 0 3 118 1 3 0 1 1 1 0 6 4 0 0 1 3 3 1 0 4 1 9 6 0 8 1 16 0 1 0 0 1 19 0 2 0 0 0 21 2 0 1 893 400 20 16 0 6 0 1 
0 5 3 0 8 0 3 10 3 1 1 2 1 0 4 4 0 0 1 6 1 4 1 1 1 0 0 2 8 0 0 0 0 10 0 10 0 2 4 0 0 0 15 10 0 1 6 509 106 0 5 5 20 2 11 1 33 0 1 0 2 29 1 212 
0 1 0 7 8 1 14 0 3 1 6 1 1 42 4 0 12 0 4 0 204 1 8 22 0 1 0 0 5 1 3 3 1 13 3 13 9 3 0 0 1 1 0 1 0 9 0 17 16 0 5 6 0 1 9 0 0 1 35 1 4 1 0 0 
0 1 3 3 5 1 1 4 32 2 9 3 12 13 20 0 2 206 1 0 276 0 56 28 0 2 3 43 1 16 2 0 0 1 1 5 42 1 0 0 0 4 7 0 3 1 33 5 20 1 1 1 5 100 1 0 30 1 18 0 4 12 0 2 
10 7 5 4 0 6 4 47 8 4 1 2 3 5 0 3 16 0 1 15 9 1 14 0 6 5 4 0 152 4 0 1 0 2 1 7 1 32 0 15 7 0 0 4 16 2 0 16 0 4 2 2 1 0 1 4 1 0 1 1 3 3 33 2 
0 2 5 0 0 1 0 0 1 1 0 0 0 0 18 1 0 21 0 1 0 0 3 0 0 4 3 237 3 8 12 0 1 4 1 2 19 0 2 0 8 7 4 0 0 1 1 0 64 16 45 1 3 2 1 7 0 37 0 1 0 10 30 7 
14 5 6 0 1 0 7 0 0 0 7 1 0 0 8 0 7 0 3 1 4 0 2 8 0 19 1 0 0 0 3 16 1 2 0 0 3 0 6 2 48 6 3 4 0 6 3 0 0 1 6 1 0 5 1 1 0 0 21 1 0 33 53 0 
0 90 0 44 0 9 2 9 1 2 0 2 7 4 6 1 15 0 1 6 0 1 2 5 9 1 6 8 3 18 1 133 0 1 6 0 0 1 15 10 10 6 2 6 5 0 4 0 0 2 6 7 5 10 0 12 6 5 2 3 18 8 2 6 
77 35 0 50 12 30 12 0 3 0 6 1 5 0 36 1 0 2 2 2 1 69 3 0 3 0 1 6 11 20 5 12 7 0 8 0 0 8 7 3 76 1 1 0 1 3 0 1 5 2 33 2 8 1 1 22 1 9 6 0 0 1 4 8 
0 1 6 0 3 2 9 2 3 0 0 1 1 1 8 0 3 28 8 25 3 9 3 48 16 0 5 0 2 0 2 2 5 8 0 0 1 32 1 1 1 9 0 0 1 25 1 1 2 0 1 48 9 0 0 1 0 4 1 2 0 1 4 54 
7 1 2 4 48 3 4 2 4 1 1 5 5 29 0 1 3 0 38 0 6 124 6 119 4 0 27 0 25 220 0 1 0 32 7 9 1 1 2 4 1 0 5 4 0 1 2 0 0 10 0 6 0 0 9 1 0 49 4 11 7 0 0 1 
5 2 8 0 1 0 2 12 5 1 0 0 0 4 0 3 3 1 2 7 1 1 1 15 0 1 8 3 6 1 249 0 1 18 8 0 0 0 1 3 1 0 1 1 0 1 0 57 0 0 0 2 2 0 0 2 5 0 1 5 0 0 0 10 
4 0 0 396 1 5 22 1 1 0 2 0 13 1 7 2 0 1 0 0 3 0 4 1 6 1 0 5 2 0 1 0 1 0 10 0 0 1 1 6 4 1 8 3 1 0 0 1 168 0 8 19 1 7 2 51 0 2 88 0 8 0 1 3 
1 1 6 0 2 5 0 1 4 2 0 6 0 1 0 1 1 0 1 0 48 0 1 0 0 7 0 0 23 1 455 0 6 0 0 0 2 18 0 31 1 13 2 2 17 99 0 6 1 1 22 7 4 0 0 5 0 0 6 1 13 6 11 1 
0 11 8 1 15 0 1 0 1 12 0 0 1 8 4 28 0 1 14 8 2 1 12 19 8 5 4 3 0 6 4 14 0 1 0 0 3 9 0 1 1 19 1 0 0 0 110 0 1 11 1 12 1 3 6 0 11 7 1 4 3 5 5 127 
1 8 1 0 1 2 6 12 19 3 181 9 3 28 8 5 0 0 13 8 1 1 0 1 3 1 1 3 0 0 10 1 10 25 0 4 2 4 13 3 30 0 0 2 1 7 10 0 24 0 1 10 3 1 0 1 3 0 1 1 8 2 0 2 
0 2 0 2 1 0 0 0 127 1 1 26 7 20 23 0 4 5 0 1 1 1 0 182 0 147 2 0 338 1 4 9 7 12 1 7 1 18 10 2 0 0 30 1 0 9 1 3 25 0 1 4 2 0 9 3 0 3 17 7 12 0 1 1 
1 28 1 0 0 0 3 3 111 11 9 1 0 0 6 1 1 1 0 0 4 0 1 0 4 0 1 5 1 0 0 0 1 104 2 1 21 9 2 16 2 2 0 3 43 1 1 0 0 6 12 1 1 1 8 62 1 12 1 22 0 1 9 1 
0 0 1 6 1 0 6 1 10 0 3 0 2 4 19 9 8 73 0 2 6 5 0 2 0 0 10 2 0 0 0 3 0 53 8 14 1 1 3 6 1 1 19 24 0 2 8 0 1 580 0 2 36 3 0 21 2 0 2 0 2 2 8 1 
3 1 0 0 2 0 13 0 8 2 0 1 1 9 1 25 3 0 2 1 4511 1 0 3 16 5 4 0 0 0 2 0 0 2 0 3 0 0 3 0 11 1 31 1 6 0 5 2 4 2 24 1 5 5 25 6 0 6 8 0 1 837 64 1 
1 0 0 0 0 2 2 65 6 9 7 3 0 4 0 25 1 1 6 16 67 1 0 0 16 35 1 4 2 0 1 1 1 0 4 45 4 15 0 1 48 3 5 1 167 0 25 0 2 12 1 1 4 5 1 1 0 2 5 1 0 6 0 7 
21 6 80 0 0 6 4 26 4 6 0 2 0 2 0 0 7 25 6 52 1 0 50 1 7 0 1 3 0 0 3 0 5 0 2 1 2 8 1 0 0 38 0 0 13 1 8 28 3 25 1 2 1 0 9 10 2 4 10 1 20 2 6 32 
2 0 0 8 8 12 68 30 0 0 1 0 1 2 0 39 6 0 2 13 3 1 0 11 1 1 0 2 1 2 0 333 0 0 5 0 7 0 2 4 1 2 0 0 4 0 0 10 3 3 3 0 2 5 1 0 0 0 9 11 1 0 0 3 
82 4 0 2 6 0 0 69 1 3 4 0 6 3 13 191 0 0 9 8 1 0 0 0 0 13 1 0 0 4 61 0 1 10 3 7 6 9 1 1 0 0 0 13 0 4 12 0 0 0 0 5 1 6 3 1 3 0 5 16 0 19 0 0 
0 1 0 0 1 0 1 0 0 0 0 4 1 6 3 0 0 14 13 0 20 3 0 4 26 1 2 1 1 0 3 42 2 2 0 3 0 15 5 0 0 4 6 1 6 1 0 12 11 1 0 5 5 0 8 1 0 0 2 0 1 1 0 0 
1 1 2 4 6 0 3 25 0 1 0 3 6 5 1 3 5 3 0 3 3 0 7 0 0 2 14 5 0 0 8 3 0 1 0 1 11 0 6 7 7 5 1 0 6 0 176 3 0 3 6 2 6 28 13 1 1 35 61 0 2 3 1 0 
1 2 0 1 1 1 5 5 2 3 2 0 1 0 2 0 31 0 0 0 12 9 7 0 20 5 0 4 1 6 607 0 0 1 0 2 6 6 0 0 1 0 2 0 0 0 33 1 3 10 0 1 0 4 1 121 3 1 0 0 2 0 1 36 
0 0 16 11 17 0 0 0 0 47 1 8 0 1 0 12 17 1 5 1 2 3 1 31 0 11 4 3 0 7 0 2 0 7 184 0 2 1 12 1 0 12 2 0 1 1 1 0 0 0 0 13 0 12 5 0 0 2 0 0 5 1 11 1 
3 14 18 0 4 6 1 0 4 3 0 2 0 1 2 6 1 0 1 9 3 3 3 5 2 0 15 1 3 1 0 0 305 22 1 9 9 1 1 10 1 4 1 2 0 5 9 0 0 3 1 6 3 2 1 0 0 6 3 3 7 0 0 4 
7 1 0 28 38 0 238 1 1 1 1 0 13 1 0 1 0 4 1 1 15 159 6 5 1 3 30 1 3 12 0 0 25 1 59 3 10 1 3 9 0 0 0 6 1 6 2 4 1 11 1 0 0 11 11 0 1 5 1 1 26 8 12 1 
0 3 1 2 3 4 1 0 0 0 4 0 4 59 2 0 4 1 9 3 0 9 0 19 7 6 0 2 7 1 8 79 1 0 7 0 6 1 3 6 1 27 10 1 8 2 1 11 0 8 5 0 0 0 0 0 0 0 0 1 0 26 0 1 
19 23 0 4 1 228 17 9 1 357 0 0 5 2 5 4 0 0 70 5 8 5 1 0 0 1 4 4 515 1 4 6 8 1 4 2 1 0 4 1 4 0 0 126 20 1 1 59 1 0 1 1 19 0 10 2 0 5 17 0 0 0 0 1 
0 5 0 0 8 1 0 1 0 8 0 0 1 0 4 4 2 12 0 0 0 0 6 4 0 0 1 1 12 6 26 33 19 10 1 2 8 1 0 8 0 95 0 7 4 1 24 45 6 5 22 2 4 1 4 2 0 0 3 0 0 5 78 0 
1 17 0 4 44 0 0 6 2 6 9 0 0 30 5 33 1 1 87 10 11 9 24 9 0 1 2 72 19 9 0 12 0 2 0 3 3 1 1 0 2 1202 2 2 6 0 6 5 5 0 2 2 2 3 2 4 5 1 3 4 0 9 5 5 
10 1 0 1 0 3 0 1 9 1 2 4 0 0 0 7 2 1 5 2 34 2 3 0 10 0 4 14 9 4 41 5 17 1 30 5 5 4 1 10 2 0 31 1 7 1 0 0 0 0 4 0 0 3 2 0 2 0 0 1 340 0 0 2 
0 0 83 1 1 3 9 1 10 4 6 16 1 0 2 1 16 1 19 32 1 1 61 9 1 0 0 2 0 2 22 1 1 2 15 1 20 0 22 2 6 0 1 0 26 2 4 1 5 3 8 1 8 2 2 2 14 2 3 1 7 0 10 7 
0 4 1 0 0 1 7 3 0 3 1 0 0 0 122 10 22 12 0 0 7 0 36 54 4 1 4 1 14 0 7 2 14 3 0 0 1 2 2 0 26 6 0 0 1 0 0 126 1 0 2 0 5 22 3 8 12 0 0 4 2 5 2 1 
1 2 0 0 2 1 3 9 7 1 2 11 13 1 1 0 1 0 24 7 3 5 76 1 14 0 1 1 1 1 0 0 0 0 51 16 0 0 1 1 7 6 1 0 1 24 3 0 1 3 2 2 20 4 2 10 0 49 0 1 3 0 1 0 
21 0 1 9 5 1 1 0 30 1 4 0 2 4 3 0 3 20 1 0 8 0 4 4 3 27 2 0 1 0 9 2 2 15 0 11 10 6 11 3 1 0 0 8 1 13 18 29 1 5 0 44 1 2 0 0 1 0 1 0 2 1 0 1 
41 25 3 7 0 0 0 1 10 7 6 15 1 4 1 2 7 1 0 1 2 1 2 6 0 2 5 6 10 16 2 1 51 2 7 1 10 8 16 2 1 1 1 1 0 11 0 534 34 0 3 14 5 0 0 0 3 40 1 3 63 1 2 0 
0 0 4 1 0 0 0 0 2 0 0 8 4 0 1 0 3 3 2 6 17 0 1 1 3 31 1 0 1 2 0 0 6 0 1 5 1 1 4 1 0 1 0 5 1 3 10 2 15 2 28 2 2 1 2 21 1 1 1 12 0 0 0 1 
0 0 0 0 1 3 164 0 7 1 0 5 3 56 0 1 1 3 7 0 0 9 0 0 1 0 22 0 72 2 0 4 0 87 2 11 10 26 0 4 7 2 455 18 6 6 17 1 1 3 17 2 4 5 1 3 0 1 0 1 10 22 4 0 
2 0 3 6 2 1 7 0 49 64 28 0 2 0 0 0 0 3 0 1 29 0 3 24 9 0 1 0 2 1 0 3 16 6 0 4 2 5 0 1 0 9 5 9 1 1 1 9 373 3 1 3 35 2 5 73 1 1 23 1 33 2 0 2 
2 1 4 9 2 1 4 1 1 1 2 80 0 0 3 1 5 1 5 0 0 1 0 68 1 0 0 25 15 6 1 29 4 0 23 1 3 19 4 16 1 4 8 11 9 1 0 0 7 0 221 1 8 1 8 3 0 2 18 12 0 18 16 20 
0 0 0 0 1 2995 2 3 1 0 6 0 1 0 0 0 7 0 4 0 1 0 56 11 1 0 3 2897 11 1 1 2 3 229 0 21 0 0 0 1 1 0 35 0 0 14 3 0 48 0 2 0 4 0 6 48 14 3 0 2 112 1 1 0 
1 0 2 0 0 0 0 8 0 0 1 0 11 1 8 9 1 9 0 1 2 3 5 1 5 13 2 1 1 7 3 0 2 4 21 1 5 1 0 143 5 0 9 0 5 1 1 0 1 8 10 1 4 0 42 0 1 1 1 0 5 5 1 4 
8 0 2 3 3 31 1 1 10 7 5 0 0 0 3 42 0 0 23 44 0 1 1 0 14 1 6 2 1 4 0 0 10 1 6 1 60 0 1 7 3 1 4 1 84 1 0 3 5 3 1 0 20 3 0 0 0 22 0 20 9 0 1 9 
20 1 0 26 0 622 1 3 26 5 1 1 6 7 21 0 1 0 13 8 4 1 0 5 5 0 0 0 1 0 42 0 2 4 19 0 8 599 0 9 2 0 19 0 2 2 3 0 4 4 1 3 3 5 1 2 1 32 0 4 0 1 0 1 
0 1 2 0 1 22 1 3 0 0 1 57 0 0 17 18 0 66 4 1 7 13 7 3 0 0 1 16 2 0 0 1 2 64 0 1 6 1 3 8 11 3 0 2 1 3 2 0 1 28 7 1 0 3 4 18 0 13 2 0 32 1 0 3 
6 0 0 2 3 219 1 0 0 23 2 189 1 0 1 18 0 4 2 1 2 5 1 0 0 125 0 5 23 0 0 21 6 0 27 0 3 4 5 2 0 2 1 96 0 1 62 0 2 0 0 1 12 1 4 0 1 2 0 0 7 0 0 1 
9 0 0 5 5 342 0 10 4 6 12 111 8 1 0 4 0 39 1 3 196 4 1 3 0 0 0 1 4 1 0 1 12 0 6 4 1 0 1 1 0 7 0 0 0 10 0 0 1 14 2 0 7 0 24 28 0 11 8 1 1 2 9 2 
6 3 1 1 6 1 0 4 0 630 0 0 0 0 1 1 10 2 1 1 0 9 32 4 10 23 1 6 36 0 1 0 0 13 0 1 4 1 18 2 1 4 0 1 6 3 0 60 1 0 35 5 0 2 18 1 0 1 0 4 0 18 0 0 
10 1 5 0 2 0 2 2 6 0 0 3 0 0 6 0 8 2 2 1 19 0 1 0 29 3 2 0 12 0 2 0 1 1 2 1 2 9 12 5 0 1 0 3 0 1 61 6 2 1 1 5 1 2 0 0 2 2 376 11 0 1 4 2 
1 7 17 1 1 1 27 1 1 0 3 0 131 0 2 0 86 2 20 0 0 27 6 2 10 17 1 0 0 2 6 1 0 15 539 0 0 2 4 2 0 13 1 3 2 1 0 53 4 0 2 5 1 5 2 1 1 2 10 1 12 1 0 1 
0 4 3 2 4 28 3 162 2 1 0 14 3 0 33 4 9 0 2 1 0 5 8 0 7 5 0 2 0 13 2 0 1 0 4 0 5 0 7 0 1 0 0 34 1 3 2 1 0 58 0 0 14 6 1 0 6 0 10 0 21 1 2 1 
31 0 4 60 2 2 0 15 141 158 6 3 0 0 0 6 0 0 49 193 8 25 0 9 1 0 3 1 1 8 3 3 9 0 0 16 0 4 0 1 0 3 6 8 0 6 0 1 0 1 2 4 3 1 1 3 0 51 3 0 16 2 23 2 
31 0 3 4 12 0 1 1 64 0 0 48 92 2 0 0 0 2 0 4 20 3 1 2 0 8 5 0 0 3 1 4 12 0 1 0 3 1 18 0 0 19 7 10 5 1 1 0 0 2 0 5 0 3 27 1 0 0 1 1 1 2 11 0 
4 1 2 2 0 99 0 4 3 4 0 15 5 4 0 2 2 0 0 0 2 0 9 41 4 4 0 1 0 0 102 0 6 4 1 20 3 3 0 0 9 2 1 3 0 1 4 1 48 1 1 0 6 0 6 17 1 1 4 5 0 1 4 1 
0 0 33 0 5 9 3 5 7 1 0 22 1 1 1 0 1 0 4 7 1 6 1 0 2 0 2 31 0 1 0 1 1 2 0 55 0 0 0 0 2 0 1 2 1 1 0 0 0 10 2 0 1 3 1 1 0 0 0 3 4 0 0 3 
0 0 0 1 1 1 14 0 2 5 17 1 11 0 8 11 0 0 0 10 0 0 0 0 0 1 0 6 1 2 20 93 6 0 0 16 0 1 2 14 0 25 1 0 0 4 3 3 107 1 0 1 0 0 0 24 0 2 1 6 0 5 6 0 
0 392 0 28 4 0 0 2 2 2 6 2 0 3 6 131 0 9 1 1 12 1 0 0 0 2520 5 0 0 8 0 1 0 1 0 0 12 22 0 9 2 0 0 0 0 3 8 1 0 1 1 2 0 2 33 4 0 0 2 0 0 1 2 0 
2 1 5 25 32 176 7 0 2 5 1 1 10 25 26 1 4 225 1 45 4 0 1 0 28 82 51 0 0 2 1 0 0 0 3 2 0 6 0 0 5 0 0 1 5 29 8 1 7 9 0 0 4 0 12 2 8 9 0 7 0 1 12 2 
5 24 3 0 56 11 1 4 0 11 7 57 2 9 0 2 2 1 0 1 37 0 3 13 14 92 0 5 2 0 1 2 0 25 0 0 0 0 0 6 0 1 1 0 4 8 6 0 20 0 0 3 0 0 2 2 3 1 4 2 2 0 49 0 
1 1 44 0 0 0 1 1 3 0 87 20 3 0 1 0 0 1 0 1 6 30 3 3 0 15 1 1 0 6 0 7 43 1 1 1 10 5 5 0 0 9 36 4 0 0 17 0 5 0 71 10 16 1 4 2 0 1 17 2 1 0 1 4 
0 0 34 3 1 0 0 2 0 0 19 3 0 1 43 8 7 0 2 0 16 2 1 2 11 8 8 0 8 11 115 0 2 7 2 1 0 0 31 14 5 1 0 1 0 105 0 0 1 6 5 11 1 4 5 5 33 3 0 1 0 4 6 1 
3 1 4 22 1 0 3 3 2 5 0 2 8 1 22 0 0 3 0 0 1 0 4 1 2 1 0 8 1 1 0 1 0 5 0 0 1 0 1 0 6 0 152 0 4 0 4 46 9 1 16 3 210 5 31 0 3 9 0 7 3 1 3 4 
0 1 1 1 0 6 1 4 4 2 15 1 0 12 2 1 0 0 3 26 0 0 8 0 9 0 0 0 2 17 4 1 10 5 1 0 2 1 8 34 76 31 0 1 3 2 73 0 4 7 1 10 7 0 22 0 6 9 33 6 2 0 1 31 
0 1 6 33 6 1 31 300 0 0 3 21 73 12 1 10 8 1 0 1 3 1 3 0 1 2 0 6 0 1 1 6 9 16 1 7 1 0 1 2 0 0 2 11 3 0 0 2 12 20 9 2 0 1 0 5 22 9 5 11 17 2 4 0 
2 1 1 3 2 4 0 63 2 0 0 19 0 1 2 8 127 10 3 2 1 4 1 94 9 4 12 2 3 1 0 0 5 4 3 3 2 0 10 5 3 10 5 5 1 0 11 0 1 1 4 1 0 1 1 1 3 2 60 0 0 7 0 8 
208 0 2 90 6 22 0 0 1 0 0 4 14 7 1 1 6 0 17 0 3 13 1 1 10 1 0 60 23 10 2 17 1 104 129 71 0 1 0 5 4 7 8 0 1 7 0 0 0 0 7 7 0 0 3 2 1 0 1 25 7 10 0 19 
6 1 1 0 7 1 0 0 2 66 0 1 2 45 3 2 2 1 26 70 3 0 0 2 9 5 15 0 0 11 0 87 1 0 0 1 0 0 1 0 1 1 0 1 1 9 10 1 1 4 12 1 1 3 7 16 10 3 4 2 1 0 136 6 
0 2 4 22 5 4 1 85 3 0 32 1 7 0 19 0 1 0 2 0 3 0 4 1 2 1 0 0 3 0 7 33 0 25 12 14 2 13 0 0 0 1 19 0 1 0 0 70 9 0 3 4 0 0 6 6 6 3 5 1 3 0 1 3 
0 10 1 5 3 0 0 0 0 0 3 7 1 1 3 0 37 0 1 0 2 1 0 0 4 3 1 2 0 0 3 6 4 2 1 0 17 0 27 0 95 2 1 1 0 14 2 0 1 16 3 15 0 205 11 11 5 0 1 0 0 0 90 1 
12 111 4 0 0 0 0 0 0 1 0 0 2 0 0 0 65 31 2 0 0 229 0 12 0 2 11 3 10 14 3 0 64 1 280 1 0 0 1 1 1 5 0 6 0 1 7 7 1 0 31 10 0 3 64 15 11 12 2 2 0 10 0 1 
1 13 0 0 23 45 0 1 6 11 1 2 0 15 0 15 0 0 0 0 0 0 4 1 15 0 1 15 10 0 78 2 9 0 4 21 3 43 0 0 120 0 4 2 2 1 1 3 1 0 0 0 2 0 1 5 6 2 14 13 1 1 0 0 
1 1 2 20 2 0 3 2 1 0 0 10 1 8 0 1 63 20 3 0 37 3 11 1 1 1 4 0 1 0 45 0 5 5 0 2 11 67 7 8 12 3 0 0 4 3 0 1 0 1 2 0 2 5 1 1 11 2 1 4 3 0 4 2 
0 1 33 2 3 2 35 1 2 0 1 2 7 21 1 5 1 4 4 0 2 24 0 1 0 3 0 3 0 425 0 2 0 2 0 7 0 4 1 5 2 2 0 1 1 55 1 1 252 2 0 1 1 5 29 0 1 0 1 8 1 3 2 2 
16 0 8 9 0 1 2 1 10 6 43 38 1 4 31 6 0 0 12 7 0 251 1 4 0 15 0 0 1 0 10 0 52 0 3 3 6 0 15 7 7 5 2 2 16 4 202 3 3 1 10 6 1 1 1 1 3 0 3 0 0 1 10 41 
0 1 1 0 0 1 2 0 0 0 2 12 4 0 0 2 5 10 2 9 0 36 0 0 0 0 1 3 1 0 1 0 4 7 0 0 10 6 7 0 4 0 1 2 3 2 2 0 0 0 0 4 4 2 2 2 6 1 26 2 3 2 26 0 
0 2 36 0 0 0 0 1 5 0 10 8 3 1 2 5 1 18 0 0 0 2 8 1 0 2 3 12 5 9 0 26 0 0 1 1 2 43 9 1 4 7 3 12 3 37 3 0 15 8 179 1 1 0 0 0 2 2 4 7 7 10 6 40 
6 2 13 4 1 1 0 7 41 5 2 0 4 15 26 1 1 4 0 5 4 1 4 1 11 3 0 0 0 0 11 19 1 11 1 1 0 3 0 0 2 1 1 2 14 0 2 0 7 6 35 1 3 4 0 33 1 2 0 0 34 1 8 0 
0 5 0 0 2 0 0 16 2 1 1 0 0 0 1 0 4 4 0 34 0 1 9 1 0 10 31 1 5 2 1 21 0 1 5 2 10 6 2 11 4 10 70 3 1 20 1 0 2 9 0 31 65 1 0 1 61 6 0 0 3 1 5 2 
5 26 8 3 1 0 15 0 0 1 5 0 1 0 1 0 9 126 0 13 5 0 151 2 9 1 2 23 1 6 7 3 1 0 4 2 5 17 2 6 1 1 5 0 0 0 25 8 0 4 9 0 50 0 1 0 11 13 0 12 2 0 1 0 
0 137 16 0 1 0 0 0 4 1 3 1 2 0 0 1 12 54 12 6 11 1 0 3 0 9 0 1 7 10 2 5 1 58 0 157 1 0 0 0 14 5 109 0 3 61 0 3 0 17 13 2 9 2 21 4 0 24 0 18 16 1 10 1 
1 0 0 8 1 1 10 59 0 0 0 4 1 3 34 3 1 6 4 0 4 7 19 2 3 2 28 3 0 2 27 5 5 0 3 0 7 23 2 77 0 6 3 87 1 0 25 42 12 1 85 2 0 0 3 25 1 0 2 14 14 6 1 0 
0 4 0 1 0 1 0 7 7 2 1 0 0 2 11 0 1 5 0 0 3 14 0 9 0 11 0 27 5 0 29 23 0 6 28 2 5 0 4 0 0 0 2 1 22 0 300 0 0 1 26 4 9 0 4 0 1461 3 0 0 0 0 3 1 
0 2 4 0 13 0 1 0 2 1 19 0 4 1 5 1 0 0 8 5 2 5 6 0 5 5 5 8 1 5 2 2 1 3 5 1 1 13 1 2 0 1 3 1 12 2 6 2 6 0 5 7 12 0 10 12 4 0 5 2 37 8 13 2 
18 0 0 18 16 0 0 2 5 0 5 0 0 2 0 93 4 1 8 1 4 0 3 1 0 39 8 4 0 138 0 0 1 29 1 3 21 29 0 2 3 1 1 6 19 1 6 0 0 0 2 6 3 4 1 6 4 39 4 6 1 12 0 4 
0 6 3 2 1 1 171 0 4 3 7 12 0 7 1 0 1 2 11 1 1 18 7 0 6 3 2 4 3 4 0 0 3 0 0 8 25 2 1 0 8 4 0 8 0 0 1 2 4 1 4 17 0 6 39 0 3 0 1 1 4 73 39 1 
0 6 1 4 0 6 7 0 0 30 1 0 7 4 7 1 14 1 13 11 41 0 0 0 8 8 2 0 0 1 0 9 0 0 0 14 12 0 1 0 11 0 3 0 7 2 2 7 2 7 2 5 8 0 3 2 4 7 0 0 1 2 0 31 
0 11 1 0 3 1 2 7 2 4 0 0 994 0 9 9 5 0 2 0 2 0 0 1 0 0 3 6 4 0 3 0 9 2 23 0 0 0 0 0 8 4 0 0 3 4 34 11 7 3 0 46 19 118 1 2 0 6 0 1 16 3 2 4 
1 4 4 4 0 0 0 1 2 1 0 6 30 9 0 0 0 0 1 9 1 0 1 5 0 2 3 20 116 0 8 1 0 1 12 4 83 1 0 0 0 0 11 1 2 6 0 17 1 2 2 0 1 3 2 0 57 47 0 1 0 12 44 1 
0 5 3 0 10 0 9 5 0 1 5 1 1 1 0 2 8 0 51 1 17 0 14 7 1 4 13 1 8 1 0 1 1 6 0 6 0 0 41 0 4 0 1 2 1 8 4 0 1 4 5 1 0 26 1 12 4 12 1 9 1 0 5 0 
0 2 42 10 5 95 1 5 1 11 0 11 9 172 0 100 6 2 1 7 38 20 1 595 8 3 0 1 66 1 3 2 0 0 0 4 0 0 2 0 0 0 5 11 3 6 1 0 2 3 5 0 0 5 10 0 2 2 14 1 0 0 0 0 
2 8 0 0 2 3 1 30 1 1 0 1 39 0 27 5 2 1 4 6 0 0 1 3 1 7 0 5 26 217 12 0 1 0 0 87 52 1 2 95 5 9 10 2 3 46 1 6 0 1 1 0 0 4 1 0 1 5 0 14 2 9 4 0 
2 3 1 1 0 124 0 0 1 2 8 3 0 4 8 12 14 0 17 0 4 32 5 1 8 16 6 8 3 156 0 20 0 0 36 26 0 0 3 0 0 9 7 0 1 1 3 2 3 1 5 2 11 1 0 1 31 0 119 1 0 0 0 3 
0 0 0 10 0 1 4 4 6 1 17 16 0 3 0 7 6 1 0 1 2 2 3 5 0 1 94 0 2 0 5 3 2 0 0 0 2 0 0 6 20 2 1 0 1 0 4 0 0 10 18 20 0 0 1 3 0 2 0 0 0 4 1 52 
10 3 4 4 1 1 2 9 5 20 0 0 1 4 0 5 2 42 3 0 13 3 3 6 21 179 291 2 3 1 0 1 31 0 4 1 5 7 0 77 0 1 0 13 0 327 10 0 26 1 20 1 1 0 11 1 0 34 5 2 14 0 1 1 
89 1 88 2 3 4 0 2 1 0 6 1 0 0 13 0 6 9 6 4 0 0 0 23 10 0 0 3 2 55 0 4 21 6 1 0 1 30 0 0 0 1 0 3 0 0 4 2 0 13 1 14 3 1 4 0 0 0 0 1 0 0 21 1 
0 1 7 0 24 0 1 1 23 10 17 1 1 12 17 1 1 7 0 1 8 0 22 2 2 83 0 3 0 0 1 0 3 0 0 2 7 4 0 14 25 0 7 0 1 6 0 17 5 5 3 0 13 5 1 0 33 2 1 0 0 1 7 0 
1 0 0 2 0 2 0 1 2 43 1 1 5 1 10 0 3 0 0 5 6 1 9 34 2 0 0 10 0 0 2 3 3 0 103 13 1 7 0 3 9 22 0 1 4 0 8 0 15 6 0 1 7 14 16 0 0 6 0 15 23 0 0 21 
3 0 14 7 0 1 2 0 10 3 40 0 6 1 0 184 13 2 19 3 2 2 1 2 12 4 1 2 8 1 0 0 199 0 0 9 0 6 1 4 0 0 6 0 0 0 6 3 3 8 0 3 9 0 0 17 1 1 2 1 37 0 2 4 
29 3 3 0 6 2 0 0 0 2 0 4 3 0 7 2 3 0 16 0 40 24 0 0 40 5 5 7 0 20 0 10 8 2 21 0 0 0 2 0 2 0 4 4 1 7 3 0 3 10 9 1 0 0 4 3 3 6 11 1 1 2 3 3 
6 1 1 0 6 0 7 0 26 5 70 4 0 49 0 1 1 1 1095 12 53 22 11 0 6 33 4 0 0 1 3 1 12 3 2 23 0 0 42 1 3 1 1 13 1 0 4 1 0 5 22 12 3 3 1 0 8 0 1 0 0 1 0 1 
8 0 23 2 0 1 8 0 3 4 0 0 1 237 8 5 2 22 5 2 161 6 2 0 1 13 1 4 1 1 1 23 1 5 10 21 13 2 8 2 2 2 9 369 2 25 7 5 4 0 2 0 20 5 1 0 0 2 5 1 15 5 1 0 
3 1 1 1 0 0 1 1 1455 1 7 3 1 29 0 0 2 0 2 1 8 5 0 5 0 2 6 1 0 9 26 0 2 2 0 2 0 2 7 0 10 0 4 0 0 8 1 0 0 0 0 0 9 1 2 1 9 50 0 13 0 9 43 7 
3 0 0 18 5 3 2 7 2 0 17 1 6 2 0 0 4 3 0 1 0 34 7 0 8 0 0 33 10 1 1 1 6 0 10 5 5 2 4 0 1 3 11 22 0 0 1 0 0 2 44 9 11 0 2 1 14 26 0 3 1 58 0 2 
0 0 16 10 0 5 3 0 5 6 7 0 8 0 10 4 11 1 1 9 0 3 0 5 2 11 1 2 2 0 82 0 0 0 3 434 0 4 2 0 0 12 0 0 36 1 0 1 2 0 2 4 44 6 9 3 2 1 8 2 1 1 12 0 
1 0 26 0 3 8 9 0 73 4 1 0 3 8 0 101 1 3 6 0 6 1 4 3 9 5 3 5 1 121 18 3 3 20 0 3 6 2 0 4 1 1 7 16 0 0 2 2 1 9 3 1 2 3 17 0 0 4 6 1 7 10 1 2 
0 1 33 1 0 1 0 1 0 7 1 15 0 4 0 0 1 3 6 3 0 1 23 0 4 0 0 1 0 19 12 1 0 0 3 1 3 46 1 31 29 2 5 0 0 1 9 0 1 5 6 24 0 2 14 27 8 13 2 1 4 1 11 6 
0 10 0 110 0 0 1 0 0 13 2 11 0 0 6 3 67 0 7 0 5 1 2 10 0 7 1 2 0 1222 0 1 2 0 7 5 4 0 1 1 2 10 0 2 0 7 13 1 3 2 2 1 0 2 5 1 3 30 2 1 1 0 0 1 
8 1 6 6 0 26 0 0 36 1 0 14 13 2 1 1 1 0 8 0 1 127 1 1 9 1 0 1 2 0 7 1 9 0 4 0 8 0 16 3 4 7 18 16 1 1 1 2 1 1 3 3 0 1 11 7 5 2 1 45 11 2 0 9 
0 26 12 0 0 0 1 0 45 31 2 2 0 2 0 14 24 7 1 1 0 0 0 0 0 0 62 0 1 13 1 1 1 31 1 2 10 7 1 0 5 1 11 2 2 8 1 1 2 1 1 11 1 12 1 0 0 2 2 1 4 1 4 0 
1 0 6 2 1 0 1 1 8 2 1 8 0 0 10 34 9 9 1 1 6 2 0 0 1 11 6 8 10 1 1 0 35 1 1 17 4 8 1 0 0 8 0 35 4 10 1 9 0 12 12 6 1 17 3 0 0 12 0 32 0 23 2 1 
5 4 3 2 100 4 0 1 75 2 2 21 5 0 19 1 1 5 0 1 6 0 61 3 2 0 3 0 0 0 22 0 0 6 0 0 17 0 2 0 1 0 0 10 6 2 0 19 3 8 2 38 0 5 0 5 1 27 1 19 14 0 0 1 
1 0 0 1 1 1 0 1 1 35 4 1 72 85 0 4 0 2 3 32 0 0 1 1 5 1236 1 12 5 5 3 7 14 10 1 4 13 3 1 1 4 1 2 1 0 0 0 2 7 4 0 2 9 23 7 0 36 0 0 38 4 1 24 5 
3 4 15 28 198 1 1 12 0 1 28 1 3 3 2 9 0 2 1 5 2 13 3 1 0 7 2 6 18 4 15 0 2 0 3 9 13 10 4 2 7 9 1 6 1 0 5 16 3 9 1 14 0 4 2 26 3 1 2 12 3 84 7 1 
8 7 24 1 6 0 3 1 7 4 2 1 0 15 0 0 1 0 1 0 1 5 27 0 0 0 0 0 0 2 6 1 0 0 5 0 0 7 65 1 0 1 0 9 1 4 5 402 0 0 0 3 71 30 6 1 1 0 1 1 2 12 1 16 
23 1 3 1 1 0 2 7 1 34 79 2 1 3 0 3 5 0 0 11 0 1 1 15 0 5 5 5 0 0 4 13 6 10 1 0 9 0 5 15 8 0 1 5 1 1 8 30 0 0 4 75 1 1 11 0 16 1 1 6 13 0 0 10 
0 0 1 1 0 2 0 6 0 2 29 4 3 2 4 0 4 1 1455 0 2 0 6 1 46 0 0 0 3 8 0 0 1 1 0 0 3 0 3 0 1 0 7 2 2 3 0 0 0 1 6 8 1 0 1 2 0 0 4 0 4 2 7 2 
1 5 1 4 3 5 2 0 17 0 1 0 367 7 3 0 0 1 0 2 0 13 0 20 4 2 6 0 2 0 0 3 0 0 37 2 20 0 3 1 1 0 222 0 1 4 3 9 145 1 0 0 13 0 0 89 2 1 2 0 2 199 0 33 
1 2 6 1 1 11 9 2 0 0 0 3 0 5 2 0 0 9 4 0 0 1 7 0 6 8 4 3 9 1 0 2 5 7 0 1 0 29 6 68 0 0 11 1 0 0 14 0 2 0 3 12 1 0 0 34 16 1 3 3 5 0 1 25 
0 3 0 0 1 1 11 3 16 0 7 2 0 7 11 227 0 1 9 1 28 4 71 0 1 4 7 0 5 2 48 0 2 7 11 0 1 21 7 2 0 0 4 14 5 18 5 2 0 0 0 1 3 0 1 2 8 0 18 1 2 36 8 0 
3 0 0 19 1 1 11 7 1 46 1 6 7 2 0 1 12 0 2 0 5 0 0 5 0 3 0 69 415 0 0 0 6 6 0 32 8 7 0 0 0 0 0 0 9 0 3 3 0 10 2 3 35 1 2 1 3 11 10 16 0 10 2 0 
0 4 20 0 2 9 1 0 2 17 0 1 10 1 0 0 39 2 2 5 1 0 0 1 0 3 0 0 3 117 7 15 3 1 2 2 0 1 0 0 2 3 17 2 0 2 0 0 5 5 38 7 0 0 1 6 0 1 2 4 3 4 16 37 
5 10 0 7 30 0 92 11 1 44 1 5 0 10 0 7 8 1 1 10 0 1 2 1 0 0 0 12 1 7 10 1 1 2 1 3 49 1 0 5 0 0 4 12 0 3 11 3 3 49 2 2 0 0 1 5 2 2 4 4 5 2 8 0 
10 0 0 11 0 20 14 3 7 0 14 2 1 3 15 0 18 1 0 0 3 0 3 12 1 1 0 0 0 1 2 24 4 10 2 0 15 28 0 2 0 87 184 1 0 1 0 13 1 4 0 2 4 0 2 2 27 0 4 14 1 1 0 1 
2 16 7 0 0 1 5 0 0 0 1 9 5 0 99 10 40 3 1 0 0 0 1 41 2 1 2 0 0 1 5 1 0 1 0 0 1 1 0 9 0 0 0 28 5 5 10 0 2 1 10 0 1 0 2 5 0 18 10 26 4 2 3 1 
18 0 3 0 0 7 28 0 0 6 6 2 1 0 1 0 23 1 4 2 0 2 71 2 1569 0 0 0 0 3 3 12 3 2 1 1 2 4 6 0 17 0 4 1 1 0 0 4 0 20 0 0 1 2 0 3 6 4 0 0 35 1 2 49 
12 0 1 89 56 1 1 19 0 6 0 1 2 0 0 29 6 3 0 0 22 20 18 14 0 1 8 7 0 2 0 3 0 0 0 9 1 1 2 0 0 1 0 1 7 0 2 4 2 3 2 35 6 9 10 7 6 0 1 0 0 421 3 0 
4 1 4 98 0 7 4 19 15 2 0 1 3 29 26 24 5 0 12 3 0 10 0 3 6 1 1 0 7 0 1 0 5 1 1182 0 36 1 5 3 1 1 5 0 0 18 2 8 0 14 2 2 0 6 1 0 0 0 1 3 17 33 3 25 
7 27 1 1 15 1 3 0 0 0 7 2 30 10 0 55 8 1 0 118 3 2 10 1 5 0 9 0 1 0 1 0 8 12 3 34 7 2 0 2 0 4 23 0 1 1 3 9 10 0 12 2 13 1 0 0 0 15 24 1 0 3 12 0 
18 1 1 0 2 2 19 2 0 1 53 0 1 3 31 90 8 0 17 11 12 6 16 4 0 2 3 5 8 21 8 18 1 2 1 3 0 3 0 0 1 1 0 1 4 0 1 0 0 5 0 2 1 14 38 0 0 1 7 6 3 1 1 2 
1 104 1 0 10 9 1 6 0 4 3 35 0 0 1 8 0 0 3 0 2 3 5 0 7 9 0 32 1 0 28 2 7 1 5 17 181 1 3 3 2 3 1 0 2 8 0 5 1 24 1 0 11 1 0 2 0 0 15 18 6 1 1 6 
5 1 23 10 0 0 0 6 32 0 3 2 7 1 396 3 1 25 2 2 27 2 46 1 11 21 0 1 0 11 0 2 2 0 6 3 0 6 6 0 0 8 0 13 0 2 871 26 0 4 3 1 7 0 38 2 4 1 0 0 18 2 2 17 
1 5 0 27 0 77 1 3 1 6 0 1 11 2 3 4 16 70 1 1 33 0 22 2 15 258 1 1 1 0 4 0 1 2 1 0 0 9 1 0 0 3 0 0 1 1 87 2 0 1 4 0 1 0 2 2 9 12 0 28 1 0 24 0 
22 5 10 4 7 6 0 0 6 10 0 0 1 9 8 2 1 19 0 3 2 17 28 3 7 0 11 3 1 7 1 9 0 1 3 0 16 28 26 14 0 15 421 0 12 0 0 144 0 11 1 22 0 32 10 0 128 40 18 0 1 1 10 1 
1 1 0 3 0 0 3 0 0 3 0 2 4 1 1 0 34 4 0 1 1 5 1 0 3 12 1 8 9 0 2 0 4 1 3 17 0 14 4 0 0 1 0 21 3 1 1 183 0 0 0 0 25 3 1 4 2 2 3 1 5 0 0 2 
0 12 12 26 1 3 41 4 11 1 1 1 10 42 12 4 1 1 32 1 0 8 2 42 21 5 19 0 606 1 0 0 6 3 0 1 1 28 0 0 4 0 3 5 10 52 1 1 0 4 7 2 3 2 0 1 3 1 5 0 1 6 30 0 
0 0 1 1 6 0 20 2 0 0 4 1 3 1 22 4 2 1 0 0 1 1 1 4 2 0 1 1 1 4 0 0 9 0 1 9 17 0 2 1 2 1 4 4 4 1432 2 18 90 2 0 71 1 2 0 0 8 10 1 2 5 89 45 0 
0 1 4 2 9 3 1 2 0 13 3 6 0 155 14 0 8 11 2 9 0 1 7 8 0 10 10 0 5 7 163 5 0 3 53 7 11 1 0 6 1 1 0 8 1 2 1 1 11 1 0 4 6 6 0 0 4 0 0 4 1 35 1 0 
3 1165 1 16 40 7 7 0 1 0 0 0 2 2 6 0 5 0 2 33 0 31 85 0 1 2 11 9 2 3 0 2 0 3 32 4 2 4 11 24 3 9 29 0 0 20 1 39 0 1 1 0 8 0 0 0 0 1 13 25 105 28 8 0 
6 0 0 3 2 8 1 2 92 20 0 0 0 1 0 0 9 4 3 57 30 3 2 1 0 3 0 28 3 2 5 0 67 11 1 0 7 4 2 9 0 110 3 0 1 0 0 3 4 0 1 1 3 20 0 1 13 1 1 0 5 9 7 11 
23 5 1 1 21 1 25 0 1 5 1134 2 4 15 4 13 6 1 1 0 1 0 0 1 1 9 10 0 0 10 1 16 1 1 8 21 1 0 2 7 1 3 1 3 247 0 6 3 0 2 8 0 8 2 7 8 0 5 2 0 8 6 1 22 
2 1 4 12 0 1 0 39 16 3 17 8 4 0 1 0 346 1 1 2 1 16 0 172 6 3 0 1 0 1 0 0 4 27 6 2 12 0 0 2 3 0 2 0 4 0 0 4 1 3 0 2 2 2 4 0 1 1 0 0 4 0 5 42 
0 22 0 22 27 0 17 0 9 2 1 2 5 0 8 1 13 0 15 1 0 0 1 5 1 0 1 1 0 4 1 0 6 1 4 2 0 9 0 25 48 3 1 1 10 1 9 1 28 0 23 2 7 12 1 50 0 3 3 17 1 1 1 9 
3 0 7 25 1 4 0 4 142 4 9 4 4 7 1 0 0 0 23 0 0 18 0 6 3 0 13 5 12 15 0 5 1 0 0 6 3 1 0 9 28 1 3 0 0 2 151 9 3 0 9 4 1 5 179 0 32 2 0 5 1 3 5 2 
0 0 0 82 0 4 0 4 1 48 6 26 5 47 0 5 46 294 0 0 8 0 30 9 2 2 3 2 29 0 1 0 21 1 6 0 2 0 3 4 0 0 0 0 4 8 7 1 0 10 6 2 0 6 0 0 11 3 0 40 59 3 6 134 
6 24 21 21 1 1 1 3 0 1 0 0 0 15 1 2 0 5 2 1 4 1 3 15 3 0 0 38 3 1 59 15 2 23 13 2 5 1 0 1 2 0 0 21 0 8 8 1 0 5 14 0 78 0 3 2 9 0 6 0 43 0 0 0 
6 0 0 1 1 1 5 1 0 52 0 0 6 4 1 1 1 53 2 0 0 1 0 1 0 1 2 4 2 25 1 5 1 26 2 9 1 18 19 1 5 5 0 0 1 0 0 0 12 3 7 2 2 5 3 1 0 7 2 1 4 6 3 18 
8 0 2 0 8 2 14 9 0 17 2 1 0 21 1 2 13 1 0 0 1 1 4 13 0 3 17 6 0 7 1 2 1 4 0 0 3 1 0 3 1 1 2 2 5 4 0 1 0 1 0 0 0 0 3 12 3 12 3 0 1 46 6 4 
3 0 0 255 29 0 2 10 0 3 2 1 0 5 2 0 27 50 2 10 2 1 41 1 1 0 0 4 11 1 0 3 2 123 4 0 5 2 1 0 0 5 1 0 320 1 1 0 2 0 4 2 617 0 6 12 0 1 3 7 6 2 3 1 
0 0 6 0 16 1 4 0 146 1 2 0 0 2 1 1 6 3 4 0 5 0 2 1 18 2 0 9 1 1 2 0 2 0 86 5 0 1 1 1 0 0 2 0 3 8 0 1 0 0 24 2 3 0 49 2 0 1 1 2 1 1 1 0 
0 6 0 1 0 0 11 0 0 1 0 5 0 1 0 0 1 6 209 1 21 12 1 2 2 3 37 1 13 9 4 1 18 1 3 0 4 0 1 5 1 1 0 0 8 1 6 1 3 8 0 3 2 4 10 0 1 4 0 4 1 5 2 16 
2 5 0 42 0 1 0 2 4 10 2 3 8 1 2 1 0 0 6 0 0 0 0 0 1 12 1 0 4 1 1 3 0 5 0 1 0 0 4 2 7 0 8 6 7 0 0 32 2 0 5 0 1 8 5 10 0 5 4 9 4 0 0 27 
8 9 0 2 9 0 1 2 85 9 11 2 0 5 1 0 3 2 1 8 2 0 1 0 22 23 1 13 9 0 0 0 5 0 2 0 1 1 0 0 5 1 0 0 1 0 46 1 4 0 1 6 1 6 26 4 33 1 4 0 0 0 0 0 
19 2 3 8 1464 4 0 11 4 2 5 10 5 8 1 0 93 0 8 6 10 3 0 1 0 5 0 0 0 5 110 17 1 0 5 1 32 10 2 5 2 0 2 15 52 0 3 7 1 1 2 0 22 0 0 73 0 1 0 2 0 0 1 0 
12 0 23 3 4 13 12 2 0 3 0 0 0 2 3 178 0 0 4 1 6 9 1 7 1 1 0 1 1 62 0 8 13 3 0 0 8 30 0 32 1 64 1 7 5 2 8 1 2 0 12 6 4 2 4 0 5 0 1 4 2 0 9 2 
6 1 0 13 20 1 3 13 0 2 0 0 5 22 0 1 2 2 26 25 57 1 0 1 1 2 0 7 1 0 31 8 0 2 7 4 2 1 0 31 1 0 36 0 1 5 5 0 0 5 1 0 1 10 0 0 4 1 10 1 11 46 8 11 
3 1 2 2 2 1 4 8 0 1019 4 0 6 6 0 0 2 5 6 1 0 17 27 9 1 0 5 9 2 0 6 22 0 0 2 1 1 2 1 3 0 45 2 10 19 1 0 1 3 0 0 2 0 0 1 1 5 2 0 0 1 0 0 15 
1 6 12 1 9 5 21 4 1 4 1 1 4 1 5 0 0 33 0 3 2 2 1 2 0 23 0 3 91 2 3 1 6 1 2 1 1 0 3 16 2 0 3 1 1 8 6 0 1 3 0 572 0 7 0 1 1 1 5 1 2 1 7 18 
2 0 0 8 4 0 7 21 31 2 1 0 0 2 2 3 5 0 0 9 1 0 1 5 0 0 1 4 0 3 30 24 6 28 0 5 4 2 0 2 3 5 5 1 6 0 1 1 33 0 1 36 0 6 8 37 0 7 20 0 2 0 0 7 
1 1 1 11 10 12 4 0 2 7 13 0 3 7 7 2 1 2 1 34 0 2 0 0 0 2 90 6 1 7 3 1 1 8 15 0 4 0 31 1 61 0 1 30 5 0 1 9 1 3 2 0 6 1 0 2 24 9 0 0 4 225 0 1 
1 4 0 5 2 8 0 2 0 2 37 0 0 3 1 0 1 2 0 2 7 0 1 12 2 4 14 4 2 1 7 0 0 1 0 5 2 1 13 0 3 26 6 40 1 1 1 7 0 1 17 38 3 0 2 41 9 5 0 2 1 2 0 1 
0 7 5 0 4 12 0 3 0 0 0 26 1 1 19 24 1 1 0 0 0 19 3 6 9 3 0 6 13 1 0 1 0 3 1 12 0 1 1 2 0 0 13 2 11 0 0 0 1 1 6 1 17 2 0 0 0 0 0 5 1 13 2 0 
14 34 11 0 27 0 25 7 5 3 4 5 3 0 0 2 3 0 0 2 3 0 0 10 0 2 59 4 3 0 0 1 6 0 2 3 13 183 1 0 69 5 2 0 0 1 6 29 6 0 18 9 28 50 0 0 2 40 1 0 0 94 13 0 
2 9 1 0 32 2 2 4 1 0 2 4 0 5 0 1 1 2 2 0 13 4 12 0 24 0 3 0 2 8 0 2 1 0 20 3 0 2 0 1 10 7 8 14 8 7 29 2 4 0 8 11 0 8 0 0 2 5 4 2 1 90 5 2 
7 1 1 8 148 2 0 1 3 19 0 1 0 2 6 14 3 2 0 1 4 2 0 1 2 1 1 120 0 0 4 1 3 10 2 2 0 11 21 0 6 1 3 0 0 0 0 1 60 5 0 1 6 0 0 4 0 1 22 1 7 1 0 3 
0 1 1 0 0 4 0 0 4 0 5 3 9 5 209 5 2 2 3 2 0 31 1 9 2 52 14 0 67 0 1 7 5 1 3 1 1 14 0 0 2 1 5 1 14 4 0 2 2 2 1 31 2 0 0 0 3 2 1 0 1 0 0 0 
22 3 0 5 2 2 1 3 1 4 0 0 0 5 2 1 3 0 10 13 1 28 3 2 6 14 9 2 1 1 7 0 1 4 3 0 0 4 5 17 14 1 741 1 0 0 5 51 2 8 7 5 0 19 0 1 32 9 2 1 1 0 120 3 
19 1 2 0 11 0 8 7 6 0 0 0 2 2 0 1 8 2 2 2 2 1 21 3 7 2 11 0 16 118 0 0 3 2 2 1 1 4 0 1 0 0 14 8 0 10 0 5 0 1 0 2 4 43 2 0 1 2 1 1 1 0 42 0 
2 8 1 0 0 0 0 6 2 15 64 39 5 0 0 0 6 2 15 2 5 2 4 7 1 0 2 4 17 5 4 5 23 11 35 0 1 9 1 2 0 6 1 11 2 10 6 4 5 0 0 4 1 2 2 0 2 1 1 9 5 2 1 1 
93 9 7 0 2 0 0 0 0 0 30 2 80 1 2 1 1 3 1 2 0 0 37 3 1 0 0 2 11 1 0 6 2 0 0 70 0 7 11 28 0 0 3 0 0 10 2 3 14 1 1 15 1 1 3 7 1 4 4 2 0 0 207 1 
0 1 0 5 41 2 4 4 1 0 3 0 11 3 0 0 3 5 11 6 0 16 1 2 5 0 2 14 0 0 0 1 18 0 0 1 9 14 0 0 69 0 1 0 84 1 15 2 4 6 1 5 62 1 0 3 1 2 0 1 151 2 3 29 
6 1 2 1 40 19 26 0 1 1 0 1 1 13 6 0 2 25 9 34 1 0 2 0 4 5 0 1 2 0 1 1 3 4 2 1 17 67 0 1 6 1 2 0 6 1 0 2 3 6 2 12 2 2 0 1 1 0 2 1 0 3 13 1 
2 4 17 1 2 1 10 1 0 17 0 95 3 6 19 2 6 4 29 0 3 3 0 7 2 0 5 7 0 0 2 23 0 3 0 1 0 10 2 19 1 0 0 0 5 9 2 2 3 1 4 4 15 2 14 0 0 0 0 4 3 47 1 2 
10 1 0 2 0 0 2 6 40 2 2 10 0 0 17 316 0 1 7 5 6 20 10 0 222 0 0 0 5 8 8 0 0 1230 21 25 1 60 2 7 1 4 0 5 17 1 8 2 0 17 0 0 5 1 1 1 0 1 28 0 0 0 41 0 
5 49 1 0 0 3 0 0 7 1 4 2 71 4 2 24 4 0 11 0 0 9 3 2 0 4 1 0 16 1 0 6 2 1 0 29 2 1 6 2 10 19 6 7 0 6 0 340 0 0 1 13 5 2 1 1 0 10 7 3 5 2 0 2 
2 10 4 0 2 3 7 3 8 0 1 0 3 1 25 1 5 2 0 0 1 0 0 13 7 20 0 2 27 9 3 28 0 3 0 2 8 1 1 8 10 9 1 0 4 0 34 3 0 1 1 1 8 1 7 4 9 0 0 6 2 51 0 1 
0 237 2 6 2 0 4 0 8 8 3 2 1 4 1 2 0 0 1 2 2 0 0 0 1 0 6 2 0 0 0 1 8 0 16 16 10 0 0 2 9 2 6 2 1 0 2 0 24 1 2 1 4 0 4 0 0 1458 1 0 1 4 1 41 
0 16 0 0 2 16 7 144 0 0 0 3 0 0 14 1 4 1 2 12 12 0 0 0 0 2 2 1 15 16 3 2 0 0 69 2 21 0 5 2 10 1 23 0 0 1 2 0 0 0 166 109 1 8 7 0 2 6 10 1 15 1 12 0 
0 2 1 0 1 2 0 1 0 0 3 8 7 0 4 5 0 11 0 4 1 0 0 0 6 1 1 1 62 2 1 8 8 4 23 1 0 0 1 2 1 5 47 0 2 2 1 14 75 0 1 0 0 29 5 584 1 37 0 0 4 0 0 17 
0 0 0 0 1 0 9 5 2 2 0 27 1 3 7 1 5 5 5 59 8 4 0 4 7 0 1 68 0 0 1 0 0 2 1 0 0 2 11 2 0 11 1 0 1 6 6 1 1 0 2 2 4 14 0 7 0 6 1 1 2 8 10 1 
1 0 0 5 2 0 0 6 5 0 3 11 3 1 0 4 0 1 2 1 0 0 0 3 8 0 205 1 9 0 4 0 2 0 8 2 2 1 2 6 7 4 1 17 26 10 8 1 0 9 1 2 1 1 9 4 223 11 205 2 0 11 2 0 
0 0 2 111 6 2 0 2 21 2 4 0 4 0 1 253 3 1 2 13 0 32 0 7 56 1 25 18 0 4 7 26 0 22 0 1 2 1 0 0 9 2 4 2 0 5 1 4 1 3 12 1 0 5 1 24 58 1 0 4 0 0 1 2 
0 7 11 5 14 2 3 0 0 13 9 2 10 0 1 13 1 31 2 6 101 2 4 2 15 3 0 2 1 2 0 7 0 6 21 415 0 1 12 0 1 4 25 1 5 1 8 4 5 0 2 0 5 6 0 3 43 4 0 1 0 5 6 0 
0 2 0 0 15 0 53 0 12 2 0 0 7 3 1 0 2 1 2 2 1 0 4 10 0 7 7 0 36 0 15 5 2 4 9 8 1 20 9 15 0 1 0 2 3 14 3 67 6 1 5 0 0 0 7 2 1 0 11 1 2 0 1 5 
10 5 3 0 0 2 1 0 0 0 7 1 1 20 0 7 0 0 13 1 0 4 8 0 59 11 0 0 6 0 0 4 12 45 6 0 3 2 12 3 5 1 0 0 2 53 6 12 0 2 0 2 0 1 6 2 0 10 6 5 2 0 2 14 
1 0 0 3 25 1 0 0 2 5 0 12 58 0 0 1 0 120 0 5 9 28 34 1 1 1 28 4 73 6 42 3 0 0 0 4 3 0 1 3 2 0 23 0 32 2 8 6 1 6 0 1 1 1 3 2 8 6 1 58 1 2 2 3 
10 1 1 5 2 32 0 5 15 2 0 31 0 2 1 3 10 6 21 0 6 0 1 0 0 2 8 0 0 18 8 6 5 2 1 0 5 1 0 0 0 5 1 2 1 7 31 4 1 0 12 0 9 0 2 4 0 3 0 3 18 28 3 2 
5 1 47 0 0 1 22 0 1 0 6 19 1 4 1 3 1 0 6 99 11 0 1 1 7 0 0 27 4 7 112 7 30 10 18 26 0 0 1 0 14 10 0 0 14 0 2 1 2 3 1 0 0 0 4 2 2 1 2 4 2 34 3 11 
1 0 4 1 331 14 1 6 5 4 0 197 3 0 0 0 1 9 0 0 0 3 7 1 16 2 1 3 0 0 1 0 0 28 0 2 0 0 2 2 1 1 1 110 2 0 19 1 3 9 1 0 5 1 2 5 1 3 5 20 0 6 40 8 
0 32 11 1 13 0 1 0 13 1 10 29 1 0 3 0 4 37 7 0 21 0 2 6 68 15 16 6 0 1 0 0 4 3 0 4 3 3 5 5 2 2 0 5 0 49 0 0 2 8 1 66 0 2 31 2 2 4 5 1 0 1 1 8 
1 1 2 4 0 0 0 22 3 12 43 4 0 0 0 1 1 141 13 3 1 16 1 7 0 1 0 3 5 1 33 0 1 13 3 22 1 0 8 0 2 23 0 7 1 8 17 18 0 2 0 10 3 2 2 6 1 1 0 13 2 0 1 0 
14 134 3 0 1 6 3 1 1 3 0 1 4 10 26 1 0 0 15 0 1 0 1 3 0 4 0 2 30 0 3 9 11 15 0 1 25 0 0 14 2 10 0 4 0 0 22 0 2 1 1 2 1 1 14 12 3 3 5 1 0 0 4 1 
1 0 2 3 21 0 15 0 10 0 0 7 0 185 7 0 0 23 12 1 0 4 1 18 0 2 5 5 0 0 1 0 4 11 30 0 0 80 4 3 1 0 1 8 27 1 1 0 0 0 65 1 0 0 1 4 1 8 4 2 0 2 1 36 
0 143 0 0 1 9 0 5 0 2 12 37 24 1 31 9 0 4 0 13 0 0 732 30 0 3 7 0 88 6 1 11 2 4 4 20 0 8 1 0 0 2 12 3 5 1 0 6 2 1 0 6 0 8 6 17 1 90 5 58 0 4 6 12 
0 0 3 7 2 0 4 12 0 6 1 8 0 17 3 0 10 0 0 1 7 0 8 58 1 0 7 1 10 0 0 16 1 8 5 1 7 3 5 1 366 1 0 3 7 0 1 0 7 1 1 5 1 94 6 4 1 5 33 7 2 0 1 3 
0 10 0 1 5 0 13 15 24 2 0 192 0 9 0 6 2 6 2 0 0 3 0 1 2 1 8 1 2 0 23 1 0 10 1 0 37 5 5 1 4 6 0 0 3 1 0 20 19 0 1 4 1 0 1 1 2 0 4 5 6 1 7 5 
28 0 0 11 1 25 10 4 1 9 11 132 1 2 1 0 12 4 2 30 9 0 0 0 1 0 0 274 1 0 7 1 0 0 0 14 5 0 0 43 27 0 7 7 1 2 1 0 14 1 2 28 1 1 15 23 3 17 11 1 12 1 0 0 
30 1 2 3 0 3 4 0 1 23 3 9 26 6 3 5 0 0 3 1 9 7 8 8 54 0 11 3 111 41 0 4 1 3 11 1 0 1 3 0 2 5 35 1 1 5 8 10 0 45 4 608 0 5 2 1 0 0 4 8 0 0 1 64 
6 0 10 10 9 0 0 0 1 1 0 5 12 8 0 0 0 2 1 3 11 2 1 1 0 3 9 0 1 4 0 25 14 69 1 0 1 1 0 7 0 6 0 8 0 0 0 0 0 0 16 1 0 4 3 2 3 14 1 1 1 0 82 5 
0 5 7 0 4 0 8 16 0 10 4 1 1 0 5 1 21 18 0 0 0 3 1 1 0 2 45 12 1 1 0 5 0 0 0 6 0 21 0 2 3 24 0 5 0 4 7 0 12 2 4 0 0 6 0 1 32 5 17 5 0 22 1 99 
3 41 0 6 0 1 0 3 0 0 2 3 0 1 0 0 0 0 0 0 44 1 15 0 2 2 1 3 4 0 0 1 1 101 0 11 1 4 2 6 0 2 40 1 2 8 2 42 0 0 15 0 13 0 3 1 5 0 0 10 0 33 0 2 
5 0 1 0 6 2 10 2 3 0 0 3 10 5 3 6 0 2 1079 16 1 3 0 0 0 18 0 3 11 7 1 0 0 5 1 0 2 8 0 8 0 0 1 0 3 1 15 6 4 3 0 12 0 9 0 3 1 7 12 57 0 8 4 4 
0 1 4 1 0 0 0 55 0 9 1 7 2 0 0 1 1 0 0 1 6 2 22 0 12 0 1 0 26 1 3 0 0 7 2 5 17 1 10 45 0 1 4 2 33 5 1 1 44 29 14 1 2 0 0 7 0 2 132 5 1 70 0 1 
6 1 0 2 3 10 8 2 2 0 15 55 7 21 0 0 0 15 0 23 8 0 0 0 0 29 0 2 3 1 5 0 0 3 0 6 5 3 65 2 0 15 1 6 11 3 1 0 2 1 1 57 0 0 30 0 0 4 0 4 0 0 2 10 
3 1 1 0 20 6 0 2 57 0 0 1 2 5 1 1 16 3 0 7 1 3 1 0 1 2 0 0 5 10 1 1 5 0 3 2 1 3 0 6 0 4 0 5 0 16 0 3 0 57 52 12 13 7 4 1 0 3 4 6 91 1 57 1 
10 2 2 4 0 5 0 0 0 4 2 2 2 193 3 0 2 0 1 0 1 1 59 0 26 0 0 2 0 3 0 2 27 7 1 0 5 9 0 0 10 2 0 0 2 2 1 0 2 3 0 0 32 0 34 7 0 2 13 6 35 0 0 2 
1 0 2 0 2 1 0 28 0 1 0 9 1 5 12 0 0 10 4 8 0 3 3 0 48 0 45 0 13 2 14 3 2 0 0 1 27 0 1 3 4 13 1 1 22 12 69 4 13 0 4 2 0 3 35 1 3 4 1 3 0 1 1 4 
3 12 0 2 201 2 0 0 10 174 2 3 13 3 31 0 5 2 1 4 37 1 173 3 8 9 0 0 1 19 0 3 2 0 0 0 1 1 1 1 3 63 0 3 0 10 1 0 5 0 0 41 5 67 4 27 10 0 2 4 13 2 0 2 
24 10 1 4 8 1 8 0 0 11 15 3 1 55 34 4 2 0 2 0 2 2 1 52 0 16 0 0 34 27 90 4 5 20 1 3 1 3 1 1 3 2 0 0 0 1 9 2 0 0 0 18 1 3 26 0 0 9 0 0 9 8 0 4 
1 1 2 0 2 21 0 724 8 0 5 0 0 5 19 4 0 0 0 5 8 8 7 1 2 5 9 1 5 179 2 1 4 16 17 119 1 6 4 1 18 49 1 1 1 0 6 6 2 36 2 1 1 2 11 1 6 5 0 5 5 24 0 1 
9 1 1 0 4 0 1 1 56 13 5 2 0 0 0 8 0 0 1 0 0 6 58 1 6 1 3 0 0 1 0 0 31 2 8 25 1 0 1 3 2 2 10 4 0 1 17 3 10 10 1 8 0 1 1 2 0 0 0 0 35 1 1 0 
2 0 5 39 0 47 14 0 0 3 57 0 0 1 11 1 14 4 0 8 82 3 0 7 0 2 8 1 3 0 1 1 116 2 0 2 1 6 345 1 4 13 1 1 0 1 4 3 6 1 4 1 1 1 3 6 66 1 10 2 1 1 5 6 
4 43 0 6 1 2 52 4 1 3 0 0 2 6 1 0 176 7 0 0 1 48 1 2 0 19 14 0 0 10 3 0 1 1 2 10 2 1 1 21 5 67 1 35 0 0 11 26 1 10 99 0 1 0 0 0 3 0 2 8 6 0 1 4 
25 0 0 12 17 11 2 0 3 4 0 1 5 12 0 12 0 6 1 18 0 13 5 6 0 1 0 123 7 1 9 19 1 2 3 0 5 0 1 10 14 1 6 4 0 1 13 10 2 7 21 1 2 0 2 7 0 3 0 4 26 2 0 1 
0 5 0 0 3 0 0 1 1 0 1 3 1 2 40 10 10 26 2 0 25 2 0 17 1 0 1 0 5 24 3 24 0 0 1 14 11 0 1 11 2 0 10 3 4 0 5 1 0 0 1 0 21 5 0 2 0 11 13 0 0 2 8 0 
0 7 12 5 3 4 5 11 3 3 1 16 1 0 8 1 0 1 31 2 0 0 4 0 0 0 6 0 3 0 0 2 0 15 0 14 25 9 1 4 4 0 5 8 5 4 0 12 63 1 286 0 8 5 2 0 23 1 62 10 0 0 1 9 
2 14 1 5 0 13 0 1 0 0 1 3 1 0 1 1 6 1 0 8 5 1 6 5 0 0 6 0 7 4 1 0 0 19 1 7 10 1 0 0 0 29 17 25 0 0 14 5 0 2 6 3 2 0 0 0 0 535 152 0 1 7 1 2 
6 18 4 0 24 1 2 2 1 24 0 10 1 0 0 0 0 0 6 21 14 1 0 2 18 10 0 0 0 0 0 39 0 0 0 15 24 0 2 2 3 0 10 15 1 2 76 73 7 6 2 0 289 2 2 23 5 1 0 0 1 7 15 6 
3 32 9 1 1 0 1 1 1 0 6 23 13 1 0 10 5 0 1 1 13 3 0 0 7 30 3 0 18 3 2 10 0 1 10 3 0 1 0 8 0 0 0 5 0 1 0 0 4 18 0 0 15 13 4 5 0 1 1 1 2 2 9 0 
5 0 0 4 105 2 0 3 1 1 109 0 3 0 0 2 1 2 17 0 3 52 0 220 6 4 4 0 0 1 0 0 6 7 3 0 1 5 5 3 4 1 1 0 4 7 0 34 5 0 1 1 4 6 0 0 0 1 1 3 3 3 0 0 
3 1 5 0 0 1 2 21 1 1 3 20 1 0 0 4 0 1 0 26 2 0 0 8 9 2 4 2 14 2 4 70 0 22 33 1 0 3 0 3 1 1 1 0 5 0 1332 0 0 13 10 12 10 151 0 10 0 1751 5 0 11 4 19 0 
0 10 6 0 0 12 2 119 0 3 4 2 16 11 7 1 0 0 26 0 243 1 12 6 4 7 1 109 1 13 3 5 1268 2 6 0 0 3 21 3 0 1 0 1 3 6 13 31 12 17 20 3 12 2 0 2 7 7 0 13 6 1 0 0 
0 29 2 9 4 22 4 4 0 17 41 6 3 0 0 181 0 2 314 3 13 1 23 1 0 6 9 0 5 0 2 0 1 46 9 1 12 12 0 0 2 1 7 32 2 6 5 29 3 0 0 0 2 5 7 6 6 0 2 186 1 0 1 91 
31 21 4 4 4 4 16 0 11 1 0 0 0 0 1 1 0 15 2 0 11 3 2 3 13 4 1 4 11 0 5 0 1 11 6 0 0 3 20 13 2 3 7 13 0 2 6 1 3 12 1 4 0 5 17 34 0 0 0 22 0 1 0 0 
0 8 16 2 4 11 3 1 6 1 25 4 0 85 31 0 28 1 46 0 0 0 0 0 3 372 1 2 65 6 3 9 0 371 12 0 0 0 0 3 0 3 2 4 1 14 7 0 5 2 1 13 0 0 4 31 1 4 1 2 11 2 0 0 
0 7 0 1 0 0 33 7 10 2 0 2 3 3 1 1 1 0 16 1 0 3 2 18 1 2 25 6 7 1 0 2 9 7 4 12 4 15 2 0 0 0 0 30 2 0 0 5 3 6 6 8 1 0 3 0 0 2 7 8 706 0 4 2 
6 0 17 6 1 10 0 0 12 0 9 2 0 2 5 0 1 6 3 0 26 0 0 0 0 1 6 4 4 2 3 6 5 2 2 2 0 0 13 2 1 0 0 6 3 2 10 0 1 29 22 12 0 0 209 0 0 4 0 1 0 2 4 0 
4 28 0 0 210 4 6 8 5 2 0 0 0 2 2 0 7 9 1 3 0 0 2 0 10 0 1 6 0 341 1 0 2 6 0 0 22 0 1 5 3 5 5 18 7 4 1 5 0 18 30 4 13 3 4 17 0 5 0 2 32 0 0 0 
0 0 3 2 0 2 3 9 3 17 0 0 6 3 195 8 4 2 0 1 9 0 236 1 13 5 0 1 2 18 3 1 32 5 18 0 0 28 2 3 1 2 1 1 0 38 1 16 1 0 8 2 0 1 0 10 6 0 0 1 1 7 10 3 
9 0 1 41 7 0 48 0 2 10 2 10 10 13 1 4 114 0 11 2 8 2 68 20 3 0 1 5 0 2 0 28 0 0 2 0 1 9 74 0 8 2 0 1 0 4 1 0 10 0 31 0 0 0 0 31 2 2 3 0 4 3 4 0 
3 143 0 4 1 3 17 1 21 5 2 4 27 2 3 0 1 0 0 3 1 0 0 0 2 8 0 8 4 0 0 7 1 1 5 2 18 0 57 0 3 1 1 4 0 49 12 0 8 2 4 0 3 1 0 3 10 1 0 0 1 7 0 2 
1 7 2 0 2 0 0 16 0 0 0 2 7 0 1 8 0 0 14 6 13 3 14 1 1 32 2 4 1 0 1 2 0 0 4 254 6 0 49 6 19 2 0 221 0 0 4 0 20 1 0 11 0 0 1 91 4 5 135 1 0 0 2 1 
117 1 3 2 0 8 0 1 1 2 3 1 1 6 0 1 2 1 3 1 0 2 7 4 0 1 3 14 7 10 12 5 6 1 5 212 0 5 10 2 1 8 63 0 0 3 18 5 0 0 5 2 14 0 14 0 3 10 3 1 2 0 0 0 
2 1 0 0 0 0 2 12 2 44 4 7 0 35 81 3 1 27 22 1 2 0 11 52 15 0 2 12 2 1 64 23 7 1 15 0 27 0 8 3 0 0 1 2 4 1 81 13 0 2 23 1 0 5 25 7 7 0 0 2554 0 0 2 28 
14 0 4 1 2 1 0 2 4 10 7 0 4 0 0 3 0 0 3 0 7 6 13 3 0 1 1 4 2 1 4 7 0 0 2 1 7 2 0 3 1 19 7 0 1 0 2 2 6 10 3 0 5 2 1 3 0 0 6 1 4 1 1 0 
0 1 568 1 59 3 11 1 0 1 26 0 21 3 2 0 0 0 0 0 11 11 5 6 4 38 3 1 18 6 2 1 1 9 4 0 0 130 3 2 8 23 1256 23 3 0 0 0 1 71 0 1 3 1 0 187 2 6 3 5 1 0 0 10 
0 8 1 49 4 2 2 1 113 14 1 2 10 1 22 0 9 0 6 13 4 0 1 0 9 3 0 1 2 6 0 0 16 4 1 2 7 0 8 2 14 4 1 2 3 21 1 0 6 0 6 8 4 31 1 0 1 4 4 1 30 11 1 6 
8 0 13 2 0 1 1 7 8 1 27 0 10 3 0 0 6 0 0 1 1 0 4 2 0 6 1 0 4 9 3 2 8 0 4 12 3 2 1 0 3 9 9 3 0 1 3 1 13 1 0 0 2 0 0 1 1 0 5 1 0 1 12 29 
0 13 2 1 1 1 0 1 3 2 1 9 21 3 3 2 6 20 10 0 2 3 3 11 1 0 2 0 22 39 10 9 1 3 8 0 1 2 0 1 2 0 0 1 2 3 0 1 0 0 3 0 14 1 17 0 1 0 0 4 6 0 9 0 
4 2 3 0 28 13 247 9 0 7 0 0 0 0 16 0 2 2 3 4 1 1 3 0 1 11 4 3 0 0 0 5 6 1 0 2 19 0 0 12 5 0 15 0 13 5 2 0 1 3 1 1 11 0 0 0 4 37 1 21 8 2 14 4 
0 1 13 1 37 2 1 1 22 0 9 1 8 11 1 0 3 0 9 0 3 15 14 1 0 0 4 7 34 1 2 4 53 0 4 12 2 0 28 7 1 0 0 1 14 0 14 4 2 2 0 4 8 1 10 209 233 481 2 3 5 4 204 5 
22 2 1 11 1 0 0 14 44 2 126 0 6 1 6 1 2 59 1 6 1 17 1 4 1 68 6 2 6 3 8 1 0 55 1 10 4 4 0 0 1 1 0 3 0 0 1 0 0 367 0 2 5 16 0 0 21 6 2 0 13 11 0 0 
3 1 5 0 6 5 18 0 1 0 2 5 5 10 34 10 16 8 0 4 0 2 8 11 0 20 1727 4 15 20 9 1 1 1 1 0 1 0 2 37 8 0 1 79 5 0 0 2 6 2 5 5 58 1 27 78 2 1 4 1 1 0 24 0 
1 0 0 2 17 1 0 1 0 11 6 3 1 9 1 23 8 1 0 1 5 0 6 1 4 0 2 1 3 8 2 7 2 6 2 328 109 12 6 17 10 1 6 2 9 1 0 0 10 0 0 1 3 24 4 4 1 10 7 8 2 9 5 2 
1 2 3 0 1 2 7 28 2 16 7 1 17 6 0 1 0 3 8 2 14 1 23 24 1474 5 21 1 1193 1 5 1 1455 3 0 1 3 0 58 6 10 2 92 0 3 17 0 0 1 1 39 0 7 0 15 2 1 0 0 0 0 11 3 65 
0 12 3 3 0 0 0 12 7 0 5 1 1 2 0 2 1 0 4 12 1 4 5 0 1 0 0 0 8 1 5 0 0 6 0 2 6 0 5 8 0 1 4 2 0 4 3 2 5 5 0 0 4 6 104 28 0 0 4 0 5 52 7 1 
26 7 1 4 2 0 6 6 1 6 1 0 1 9 1 7 0 1 0 0 0 1 0 1 2 0 20 1 4 2 11 1 2 12 0 41 1 0 7 0 1 13 0 0 1 1 0 9 0 3 2 2 0 0 4 0 35 12 0 2 1 2 9 4 
5 1 0 0 1 1 2 1 57 0 2 1 0 0 10 0 7 31 1 8 1 7 3 2 0 2356 9 2 2 1 1 7 1 10 13 0 0 2 5 2 58 2 4 1 0 0 0 0 0 26 2 9 0 2 22 0 1 9 0 2 11 34 4 3 
0 0 0 1 2 3 64 26 43 0 0 1 0 3 2 0 10 3 0 2 1 3 11 1 1 3 19 1 20 12 1 2 1 0 3 7 0 7 0 8 1 2 2 0 1 4 1 6 0 0 0 3 0 0 0 0 3 1 0 0 0 9 2 272 
10 1 6 26 1 0 12 0 38 3 9 2 3 0 0 0 34 1 4 0 5 53 6 163 0 23 23 31 15 0 0 1 3 0 0 3 8 1 1 2 0 2 0 0 9 1 0 4 0 0 4 0 8 0 1 0 1 45 3 0 1 33 2 0 
0 1 3 1 2 0 0 0 4 1 4 0 7 2 7 1 0 9 6 3 1 1 0 2 0 2 8 6 33 1 1 3 2 1 14 15 5 0 0 10 3 11 1 0 5 7 0 10 1 47 0 0 16 1 3 6 6 2 2 3 1 1 6 10 
4 2 15 0 0 0 0 6 1 4 38 657 1 0 2 2 0 1 2 4 0 1 4 13 1 2 0 3 1 13 0 4 0 1 3 0 5 28 0 0 3 9 1 6 28 0 0 0 3 10 5 6 0 81 20 114 0 136 1 4 2 2 6 14 
0 1 0 1 20 0 0 0 3 7 4 0 0 0 20 0 0 0 1 1 0 2 0 1 4 4 2 6 2 3 0 5 1 2 1 1 0 10 2 24 8 13 2 0 6 4 10 3 3 1 5 1 0 33 6 5 7 2 0 0 0 5 1 2 
9 0 13 5 1 7 0 0 26 23 0 42 1 0 10 0 59 2 0 0 199 1 1 1 8 0 0 0 0 2 1 0 11 1 1 25 33 2 8 0 0 23 0 0 10 3 0 0 30 0 7 0 3 1 2 0 0 1 0 5 10 1 1 13 
8 0 1 0 0 2 0 3 74 2 8 1 5 4 7 0 0 2 0 2 29 2 11 2 2 1 1 2 1 1 7 1 12 8 0 0 9 17 6 3 2 11 4 0 13 1 0 0 2 23 6 2 0 2 0 1 4 35 26 1 0 5 0 0 
5 66 0 4 3 2 0 0 0 15 26 3 66 1 2 0 20 2 1 0 1 5 2 1 23 20 0 0 12 12 19 10 1 7 24 5 0 7 7 7 4 2 1 1 37 26 6 0 1 19 8 6 2 6 3 3 8 3 1 9 6 2 6 1 
23 0 33 1 1 10 21 1 0 0 0 4 1 0 0 7 6 2 45 1 60 4 2 0 0 1 0 38 3 0 13 1 1 2 0 2 2 5 1 5 6 19 11 0 12 4 5 4 1 4 0 5 0 0 0 0 5 1 33 6 9 10 0 0 
12 0 2 0 7 1 1 0 9 9 2 0 2 7 4 4 2 71 0 1 0 21 46 10 3 3 5 1 31 0 4 2 9 7 17 46 2 0 2 1 0 0 12 1 16 0 17 0 0 21 0 2 0 2 23 25 2 16 0 3 0 19 0 5 
0 0 16 1 4 1 0 8 0 97 3 1 6 353 1 1 4 0 21 0 16 0 2 2 62 1 5 2 1 5 7 0 1 4 2 3 2 17 1 0 21 0 0 0 0 1 1 0 1 0 0 0 3 56 74 2 6 11 5 0 0 2 0 0 
6 0 0 9 1 8 2 1 1 2 0 0 3 14 2 0 7 0 2 0 15 0 0 1 1 10 1 0 6 0 39 0 4 0 4 13 15 0 1 12 1 0 7 3 73 1 1 2 0 0 4 8 1 1 0 1 0 3827 0 6 4 3 0 7 
0 6 1 22 7 2 5 8 1 2 3 5 5 1 6 0 0 29 4 37 3 0 0 757 70 1 5 0 0 8 0 17 4 0 28 16 0 1 2 10 7 0 43 0 0 0 1 28 9 0 3 5 0 21 2 0 0 0 0 2 5 2 1 0 
0 0 0 13 0 2 1 3 0 3 0 3 0 79 6 2 10 1 1 0 4 2 6 9 1 29 1 0 10 0 4 7 0 1 3 1 13 1 0 0 0 6 3 24 1 8 5 0 6 3 0 0 24 1 2 2 32 0 9 6 4 792 1 0 
0 0 9 2 73 0 2 4 0 2 1 2 1 2 0 3 1 0 0 77 49 0 7 1 0 44 1 1 8 0 25 2 0 6 2 2 0 27 1 0 1 6 0 2 0 25 5 59 14 25 0 1 3 3 3 0 0 2 0 3 16 1 0 0 
7 0 3 0 3 0 0 1 0 11 0 10 1 2 1 7 9 12 40 0 4 4 22 3 0 0 3 1 0 5 0 1 42 0 12 8 1 0 0 0 0 6 0 0 8 0 10 1 1 7 0 7 1 13 0 0 4 6 23 4 1 0 96 46 
0 3 1 1 0 2 2 5 0 15 19 23 0 4 0 31 0 2 1 1 1 2 3 1 8 11 1 0 2 0 28 1 0 0 0 21 68 1 0 4 12 199 0 0 12 17 1 16 4 1 0 0 17 8 7 1 1 1 1 4 2 3 0 1 
1 34 1 0 0 34 6 0 7 15 2 10 1 0 5 9 17 79 4 0 1 37 1 1 37 0 6 0 2 1 1 8 1 2 4 75 1 6 1 1 27 0 1 5 8 4 3 16 4 0 1 1 13 0 8 75 1 13 35 0 5 1 0 0 
1 3 6 12 0 11 7 1 3 8 11 1 0 1 0 0 7 0 2 9 4 2 2 0 6 4 2 3 0 1 6 37 15 1 9 2 0 3 7 13 13 1 3 4 0 8 71 6 5 2 5 5 0 2 0 0 0 1 22 0 1 0 9 12 
7 0 0 1 0 3 0 6 2 3 5 5 0 71 13 19 0 0 0 55 1 0 171 2 0 0 0 2 0 58 1 10 0 0 1 0 2 1 0 7 1 0 68 477 3 8 0 418 11 7 1 9 1 9 1 0 0 1 24 1 8 1 40 24 
0 1 2 1 1 7 0 2 33 0 0 22 1 6 9 22 7 8 3 16 4 1 4 4 3 6 3 102 28 0 1 0 4 2 85 0 58 1 11 1 0 2 6 8 5 3 46 2 0 13 7 3 7 5 0 9 0 0 1 5 4 0 2287 11 
3 90 2 0 0 0 0 24 5 3 0 47 0 0 1 6 0 12 0 2 6 2 0 16 1 20 8 8 0 2 1 5 0 1 1 32 1 0 0 0 429 3 0 1 3 0 17 2 33 0 0 0 0 4 0 5 2 1 0 36 3 4 2 1 
27 2 0 0 4 1 3 1 0 1 39 7 0 0 2 0 6 2 20 2 1 0 5 0 15 3 0 1 2 0 0 0 2 3 11 0 10 23 0 4 0 12 0 10 0 0 4 3 0 1 11 1 0 0 0 4 10 0 0 2 0 2 7 10 
20 0 3 24 3 86 0 4 0 0 9 0 2 24 0 2 2 0 8 0 6 0 0 2 5 2 0 2 3 24 4 0 2 10 1 22 2 0 0 10 2 0 6 0 1 2 2 3 10 1 0 0 1 17 0 2 35 48 1 2 425 9 1 5 
1 0 1 19 0 13 5 3 10 6 1 0 0 1 3 24 2 6 6 53 1 11 1 1 0 2 9 1 25 0 3 2 6 23 26 1 0 0 0 5 13 2 0 44 0 1 16 1 20 11 3 15 1 1 168 6 5 2 0 0 0 753 0 3 
1 0 0 3 11 1 0 0 0 4 1 5 7 0 1 5 0 29 36 2 1 19 0 14 12 7 0 1 0 1 0 0 2 2 1 2 0 3 0 0 1 1 1 5 0 0 1 2 6 25 2 3 0 1 2 18 7 10 4 1 0 0 2 2 
16 11 2 129 0 0 0 0 1 21 1 3 0 7 0 4 0 13 0 1 0 0 2 1 0 1 14 5 2 4 1624 0 1 45 0 1 0 7 11 1 6 3 0 1 0 2 7 1 1 1 5 0 51 1 0 7 0 15 2 3 0 24 1 1 
4 1 1 5 6 0 8 0 2 0 6 0 0 17 3 18 4 1 2 4 1 7 1 7 1 4 0 0 1 1 18 12 0 0 0 1 0 0 0 2 2 3 1 3 1 1 24 0 0 5 7 1 3 14 2 0 7 0 1 0 0 7 0 0 
0 0 0 1 0 5 716 8 1 0 17 1 1 32 0 3 4 1 1 0 1 2 12 0 0 0 0 1 10 1 1 0 12 34 0 10 0 0 1 4 2 8 8 0 1 0 4 0 4 31 2 14 5 6 0 15 13 0 0 7 32 0 2 0 
0 1 0 0 10 1 0 3 0 0 0 6 1 1 2 1 0 1 0 6 5 0 10 1 2 13 2 0 0 19 1 1 0 1 1 3 1 2 1 1 0 1 4 2 10 5 1 2 36 1 7 4 0 0 2 1 8 0 5 2 1 0 0 0 
1 6 7 8 1 0 0 29 0 0 3 0 0 0 0 2 7 1 0 2 0 0 1 13 1 1 1 9 0 10 1 1 5 19 455 11 0 1 4 6 0 1 37 1 30 0 20 3 0 0 5 226 1 0 2 47 12 11 1 9 1 2 2 2 
0 6 7 112 9 1 2 0 0 3 13 13 4 2 6 21 8 0 4 4 0 0 4 1333 4 24 32 2 1 0 6 1 0 1 0 1 2 0 0 10 3 9 0 5 0 0 40 0 0 16 6 19 1 1 5 2 1 3 5 0 258 2 23 12 
4 10 7 1 2 0 3 0 2 0 0 47 12 0 12 13 0 3 3 0 0 7 0 1 7 0 3 5 0 14 0 7 1 1 1 2 3 0 4 4 0 11 0 8 0 1 6 30 1 3 1 3 0 4 0 11 1 7 4 0 1 8 5 2 
8 0 2 6 0 34 0 56 1 0 0 0 7 10 4 0 20 5 1 2 0 2 5 5 0 7 4 2 7 3 26 10 0 1 12 5 6 0 29 8 42 0 1 5 2 1 0 2 0 7 0 27 1 2 83 5 3 2 0 11 1 0 1 8 
0 0 11 1 4 28 0 10 0 7 13 8 0 4 3 3 0 0 0 1 32 8 4 1 1 2 2 1 0 2 0 1 1 6 0 0 0 0 0 0 2 2 1 2 21 5 1 0 25 0 14 0 0 24 0 9 2 0 1 1 1 1 1 1 
1 3 4 1 4 0 2 1 0 11 62 0 2 0 2 0 5 4 1 0 0 0 5 1 1 5 1 2 1 0 10 0 12 0 9 101 1 1 2 153 3 0 0 5 0 7 57 1 0 3 3 0 1 16 19 3 4 1 2 0 8 3 1 1993 
1 0 22 6 92 5 22 17 3 1 2 1 320 7 0 72 10 1 67 30 0 1 0 0 4 2 2 5 2 19 1 1 37 4 0 9 1 1 0 0 0 5 0 14 54 9 10 10 31 1 0 24 8 8 0 0 0 1 0 2 2 10 1 3 
1 6 1 0 0 2 2 2 1 7 1 0 0 1 0 3 4 1 0 2 6 0 0 0 0 0 11 0 1 19 2 16 2 16 0 0 14 17 12 1 0 0 1 0 0 0 9 1 2 0 1 2 8 6 2 4 1 0 3 11 2 5 0 1 
0 1 1 0 14 36 8 28 0 0 0 1 1 32 3 1 9 9 1 0 0 5 4 4 0 0 2 0 5 1 1 1 0 4 4 11 3 2 0 2 2 2 1 0 0 6 7 1 8 27 1 0 4 2 42 0 0 78 2 137 0 4 7 11 
1 0 3 1 0 0 1 1 4 7 0 1 2 96 15 0 1 0 18 995 3 3 61 10 2 8 12 3 6 3 2 0 13 2 9 10 2 2 0 0 20 0 1 0 23 2 794 0 18 1 4 1 1 0 0 39 7 1 7 1 3 1 24 29 
2 43 10 0 3 17 2 2 5 0 1 2 3 0 0 1 0 32 1 22 3 0 7 3 0 1 4 0 0 3 1 2 0 0 1 0 10 0 1 6 1 0 3 1 0 0 1 1 6 0 2 1 0 4 34 30 4 2 1 0 5 3 0 222 
37 0 3 1 0 1 80 1 3 1 6 6 1 0 1 1 7 3 3 0 1 3 1 1 2 0 5 1 21 3 0 4 0 1 12 0 1 9 5 4 5 13 1 1 0 2 1 8 2 48 1 5 2 0 21 0 1 4 33 39 0 19 0 0 
13 4 2 0 11 8 17 0 49 0 31 7 6 21 1 3 0 0 5 5 1 15 16 8 46 0 2 0 15 3 7 2 5 5 0 0 19 2 4 1 1 2 5 0 2 1 6 5 0 7 1 1 2 7 1 4 5 13 0 1 0 698 2 13 
2 1 13 1 37 10 8 2 3 1 0 2 5 4 9 7 9 0 0 1 5 3 0 0 0 3 5 2 1 3 1 34 5 0 2 6 0 0 5 8 6 0 5 3 1 54 11 1 2 0 3 0 1 2 15 19 5 3 6 7 38 8 22 3 
10 0 1 1 6 80 1 1 1 0 0 0 2 0 7 223 0 0 0 3 5 2 1 1 5 2 3992 1 1 0 0 8 1 13 552 1 0 0 0 4 10 0 1 0 2 1 2 8 4 6 4 1 4 1 2 1 2 186 6 6 13 0 2 2 
14 1 31 8 17 0 35 1 0 2 1 24 4 7 7 0 11 0 0 0 7 0 0 1 0 2 0 5 110 3 0 0 1 8 31 0 7 0 5 0 6 1 0 8 4 6 5 1 1 0 1 5 1 8 11 1 1 16 2 7 55 6 0 0 
1 15 0 1 1 1 3 0 0 25 0 0 2 1 1 5 0 0 0 0 0 5 2 3 3 0 82 2 3 1 5 0 1 3 29 2 0 0 1 1 3 0 2 9 7 2 0 26 6 18 0 0 0 4 12 10 4 1 5 24 8 0 4 65 
1 2 0 0 1 1 1 0 13 1 33 79 0 0 0 1 2 0 0 13 0 1 1 4 2 0 0 0 12 0 2 1 2 31 25 0 0 3 3 1 7 1 3 4 0 4 0 1 1 1 2 1 0 0 3 11 3 0 6 2 2 3 1 0 
0 1 0 0 0 0 1 2 0 24 8 2 3 1 1 509 0 6 2 0 0 4 68 0 0 0 1 0 0 1 18 0 6 0 0 16 0 2 5 1 1 0 1 0 0 2 2 0 4 13 41 0 5 0 6 1 0 1 1 0 1 2 4 3 
74 0 4 1 1 11 10 2 31 171 5 0 2 2 10 6 10 2 0 1 19 0 6 0 0 1 1 1 6 6 5 2 16 8 15 0 10 1 1 2 11 6 2 0 1 2 0 23 4 2 2 1 6 41 3 110 14 1 141 0 12 1 0 0 
0 1 9 7 0 13 3 2 21 1 2 0 3 1 0 2 0 0 10 2 0 6 1 14 2 1 0 1 1 155 0 10 0 7 0 2 0 1 2 3 1 7 0 0 2 0 2 0 1 1 68 24 32 3 2 3 6 2 2 2 0 3 62 1 
6 2 1 0 12 17 0 8 5 0 0 10 1 1 1 0 4 0 8 8 2 18 22 1 2 0 2 1 0 0 56 5 2 0 4 23 22 0 16 1 5 7 0 0 8 0 0 6 249 26 5 16 0 1 7 1 0 3 6 7 2 2 0 0 
1 3 1 5 2 11 0 1 2 8 5 0 7 11 23 2 5 0 0 0 0 2 21 1 1 1 541 2 1 4 2 4 1 0 0 0 0 3 1 20 0 3 0 0 6 2 0 2 3 0 0 5 7 3 44 0 3 3 6 6 3 0 2 71 
2 1 4 8 8 1 0 27 7 0 5 3 0 36 4 3 0 2 0 5 1 3 26 0 19 6 0 1 20 0 0 11 2 0 1 0 5 0 5 55 0 8 0 3 6 25 2 20 9 1 6 2 6 1 42 45 0 10 2 14 6 27 1 49 
0 46 0 1 1 0 2 15 0 7 0 0 21 1 2 0 0 2 14 8 6 1 19 1 2 14 0 1 6 2 5 2 1 5 2 0 6 3 46 0 0 1 27 18 0 23 12 11 1 1 1 8 0 3 2 3 0 7 25 16 1 1 0 7 
2 12 1 0 0 1 0 0 0 0 1 2 0 0 1 0 9 5 6 2 1 4 14 0 0 5 33 128 66 0 0 0 5 0 2 0 0 0 0 30 9 9 6 0 3 0 3 14 1 4 1 1 2 0 0 0 1 8 5 0 6 0 0 8 
11 3 0 0 0 1 1 0 4 0 0 2 2 2 0 3 2 9 2 0 1 1 2 43 147 0 0 90 3 1 0 8 7 70 10 0 8 8 0 3 1 3 1 2 3 1 2 3 6 0 12 47 2 1 0 2 7 4 5 7 5 0 21 1 
4 0 0 0 17 1 16 0 26 4 2 2 5 3 12 3 6 0 3 1 1 0 6 185 1 0 1 13 0 4 2 3 11 13 0 11 12 21 1 1 6 5 0 0 0 2 14 5262 8 1 78 2 3 7 0 1 7 4 2 3 14 0 0 19 
1 9 19 11 32 6 9 1 0 1 13 0 19 0 3 1 1 1 5 23 0 3 0 1 9 0 0 2 0 1 0 7 1 0 2 2 2 0 0 1 0 1 1 0 1 0 10 1 2 2 1 1 2 1 10 33 2 0 3 2 15 0 0 8 
0 0 3 0 0 1 3 0 6 0 36 33 8 8 36 0 4 14 1 6 7 0 0 2 0 1 1 1 21 15 13 0 0 2 0 52 5 5 0 5 222 2 1 8 0 4 0 1 1 0 5 11 17 2 2 0 9 0 0 0 1 0 1 10 
5 0 1 0 1 0 1 0 9 0 3 2 0 1 0 0 5 20 3 0 6 1 5 0 1 2 0 1 1 5 47 0 0 8 1 12 191 3 0 0 0 0 11 11 4 2 5 0 0 11 0 3 1 1 2 0 6 11 9 0 0 10 7 0 
18 0 1 0 12 0 1 24 1 1 1 4 0 0 13 2 0 0 1 1 1 2 0 0 1 44 0 1 0 1 1 14 5 3 1 4 237 1 5 0 0 0 16 2 3 0 0 3 5 0 0 2 0 2 0 0 0 5 6 0 0 2 2 2 
3 1 0 70 0 8 0 2 9 0 0 0 13 1 1 1 13 37 6 1 8 0 0 0 15 7 0 2 2 3 0 2 14 4 0 1 8 31 24 4 2 4 0 2 9 1 1 1 1 2 6 10 0 1 1 1 1 1 6 4 0 0 18 27 
1 18 1 7 1 7 0 0 0 2 0 6 6 3 12 14 2 8 0 0 2 24 0 0 0 63 11 0 7 2 0 1 0 0 0 1 0 0 32 0 1 0 5 5 1 0 0 0 1 0 0 0 1 152 3 19 0 7 41 1 2 3 7 4 
0 20 5 0 8 0 0 1 1 1 20 0 0 5 157 1 1 16 21 0 5 0 0 7 1 6 3 12 27 0 30 1 2 4 0 40 5 15 0 0 1 31 20 1450 228 0 0 0 18 12 0 0 0 2 1 1 2 0 5 2 0 0 5 5 
1 3 9 22 1 3 18 5 7 26 0 0 0 1 2 6 3 2 0 1 6 2 0 1 1 4 16 1 0 0 2 2 0 72 3 1 0 2 0 1 3 3 1 8 1 22 6 4 3 0 4 0 8 1 0 0 2 7 0 1 1 1 3 1 
1 0 6 5 1 17 0 0 0 5 15 0 0 11 0 0 2 7 35 0 151 4 0 3 9 25 27 0 1 1 0 1 21 12 7 7 0 1 0 1 3 5 12 27 2 8 8 2 41 10 0 1 2 0 6 1 9 5 1 14 1 0 1 1 
2 0 2 0 0 1 1 0 3 10 24 1 0 5 0 1 16 0 15 7 3 0 2 21 7 0 6 2 1 1698 1 4 1 17 7 1 1 5 0 0 5 1 1 1 0 4 5 3 3 2 1 0 32 4 0 1 58 15 1 3 0 0 2 0 
0 3 0 0 2 0 8 3 1 5 0 1 0 9 1 13 0 1 7 1 0 9 1 0 10 9 0 0 11 0 5 22 2 11 0 12 0 0 1 8 0 0 6 20 2 2 0 1 0 0 1 12 2 2 26 0 0 2 3 2 1 10 3 0 
1 0 1 24 14 0 0 2 6 3 18 2 0 0 30 22 2 6 5 0 6 18 72 1 1 3 3 0 3 1 0 0 7 1 6 1 0 4 0 0 2 10 79 13 0 0 0 0 1 18 2 3 10 25 1 1 0 4 0 0 0 0 3 0 
6 0 2 1 1 4 1 3 1 3 2 1 75 1 0 6 0 1 0 14 29 2 3 5 0 0 12 7 0 2 1 7 1 1 35 25 6 120 127 13 197 2 4 0 6 1 4 0 0 1 0 21 175 2 3 2 1 6 2 0 10 0 2 27 
0 10 1 3 47 2 8 0 1 16 0 20 1 1 1 0 4 0 23 0 1 0 0 7 3 122 18 0 2 0 9 1 21 1 4 0 2 1 1 39 1 7 1 35 1 4 0 0 0 4 20 17 2 1 10 5 1 0 9 0 0 2 2 1 
0 1 7 6 43 1 0 15 0 0 18 1 0 1 1 19 5 0 8 4 0 1 0 1 3 4 1 0 1 3 1 8 2 3 5 2 1 1 0 2 0 0 0 15 10 7 12 1 0 14 9 2 0 0 1 9 1 1 0 0 0 1 5 0 
0 1 41 0 1 1 0 0 46 2 0 19 19 1 0 0 1 1 0 0 0 2 0 1 7 8 1 76 5 12 10 23 0 0 1 4 4 0 1 49 0 3 0 0 2 602 1 8 0 0 2 28 0 1 0 0 363 0 3 3 16 2 2 9 
40 18 4 1 25 0 0 0 7 10 0 35 2 1 0 7 0 10 19 0 8 0 4 1 0 2 1 0 1 1 57 2 31 14 0 8 10 13 2 2 6 24 0 0 6 2 7 31 3 0 3 5 13 8 2 4 1 0 6 21 0 9 11 12 
0 1 1 12 0 17 13 0 6 0 0 1 1 1 6 6 4 0 0 5 0 0 0 0 0 0 0 0 1 0 0 0 1 2 6 11 0 0 18 1 4 0 7 7 0 1 0 11 31 6 9 2 5 5 9 211 0 7 1 2 0 1 10 4 
0 5 92 1 13 4 0 1 0 3 19 8 0 0 1 18 1 10 3 14 1 8 0 4 5 2 0 3 2 9 0 34 19 0 0 4 2 1 19 7 13 5 7 1 0 1 2 2 7 2 6 0 1 0 4 0 9 7 1 6 1 0 0 0 
12 7 1 0 6 0 6 14 0 1 3 3 6 3 14 2 1 4 0 0 6 3 0 0 3 0 10 4 1 2 19 36 0 0 7 5 9 55 2 8 0 25 38 4 9 0 75 3 65 1 0 8 4 0 300 2 3 2 2 0 0 0 1 10 
4 4 4 12 3 11 0 0 14 14 8 1 1 1 7 7 1 0 6 24 7 1 14 9 5 1 205 1 8 4 6 1 1 0 0 1 4 1 33 5 1 0 0 0 0 0 0 5 3 0 2 2 10 2 1 1 0 0 22 1 6 11 1 1 
0 33 0 4 1 4 1 16 0 0 17 0 0 13 0 0 3 3 5 11 11 47 0 3 0 95 1 5 2 0 1 12 3 0 5 3 3 0 4 0 1 6 0 0 0 1 5 1 0 4 0 31 0 0 2 3 0 23 5 2 1 2 6 5 
0 0 0 6 12 0 2 7 6 0 12 4 2 1 0 0 0 0 1 1 1 1 150 0 34 0 8 1 2 6 4 3 0 7 3 18 4 0 12 19 0 1 9 32 12 1 0 139 0 3 10 0 1 8 0 1 38 1 0 11 1 19 1 2 
13 1 1 0 17 5 4 23 8 0 0 0 4 0 1 5 0 10 1 27 1 2 1 12 1 0 26 0 5 9 9 0 1 9 1 5 3 73 11 2 1 2 10 1 0 19 2 0 0 5 25 0 0 13 9 13 172 1 1 0 10 0 1 10 
1 1 2 4 4 1 1 262 0 3 8 4 0 2 6 2 0 4 5 3 21 1 0 0 1 10 1 0 7 2 10 1 11 4 2 4 0 15 11 0 0 108 45 10 1 9 3 0 8 3 18 19 2 14 10 0 5 0 3 8 6 12 7 1 
0 10 1 2 0 0 3 15 1 0 4 5 5 8 1 0 4 5 4 2 9 0 1 0 3 3 15 0 0 1 161 1 5 0 25 11 0 2 15 10 1 0 6 0 2 0 3 3 10 12 7 2 31 34 5 2 0 2 3 2 0 3 1 1 
0 0 0 0 1 3 6 1 2 42 7 3 22 1 1 0 1 1 0 0 8 2 4 0 1 6 2 6 0 2 12 0 2 9 0 0 9 1 0 0 0 0 0 2 3 0 1 3 3 112 0 2 0 0 4 0 5 0 6 0 2 2 0 1 
1 7 0 0 2 1 3 2 2 1 0 2 0 0 14 2 0 79 3 12 3 4 1 3 22 12 0 0 1 8 6 3 13 1 20 2 12 1 14 2 1 1 8 0 1 0 10 6 1 83 0 2 0 2 0 1 4 2 3 1 0 29 0 29 
2 4 13 0 0 36 2 6 1 0 2 0 0 2 14 0 1 12 6 1 1 2 2 0 20 5 2 2 0 4 3 0 2 1 1 1 4 10 2 1 0 5 0 5 0 0 0 2 3 17 2 3 6 5 17 50 5 2 1 14 1 2 1 2 
7 0 50 1 0 7 92 4 0 1 0 13 2 0 4 2 2 2 0 0 0 17 3 2 467 0 6 277 0 3 4 0 86 4 0 34 11 6 3 3 4 0 1 2 0 1 1891 1 0 0 0 2 2 0 1 7 10 0 4 0 0 0 7 0 
2 0 24 2 7 0 0 0 0 0 0 3 10 4 11 14 1 0 1 2 4 0 1 22 4 62 1 15 0 14 3 33 2 1 1 2 0 1 16 10 0 9 8 3 19 3 6 0 1 134 0 0 58 4 5 1 2 3 0 1 1 227 2 1 
1 1 15 3 3 1 0 6 0 11 3 1 0 0 1 1 0 4 21 0 0 0 10 0 5 0 3 0 0 25 3 2 35 2 0 20 2 2 48 0 0 69 103 5 6 18 0 1 1 25 1 18 36 2 0 6 6 2 37 1 0 7 5 6 
2 47 26 8 0 2 1 8 2 0 0 13 0 2 0 1 199 1 0 0 8 2 7 2 0 3 3 0 1 2 9 0 6 7 8 1 1 0 5 0 76 2 0 0 29 40 3 57 1 3 0 1 150 0 12 0 1 17 0 4 90 6 0 7 
1 6 4 0 0 0 11 5 32 135 0 105 0 1 0 5 4 0 2 2 1 36 0 1 11 1 7 0 14 7 0 1 3 3 0 0 7 5 104 4 1 1 0 1 0 1 0 2 21 0 7 144 2 37 1 0 6 20 17 4 0 9 0 0 
2 0 0 0 6 1 0 1 29 0 0 0 0 33 0 1 0 1 0 21 0 2 0 5 0 4 2 1 4 1 2 0 0 1 1 19 5 2 0 1 0 54 1 0 2 11 1 0 5 0 15 2 3 10 5 3 2 2 38 6 0 23 19 0 
26 0 3 8 4 21 5 1 11 0 1 9 1 5 20 5 1 1 2 1 1 9 2 3 2 0 0 3 2 0 0 0 1 19 1 4 4 0 0 0 0 0 6 6 1 2 11 0 9 9 1 0 5 33 0 0 0 0 5 1 8 0 3 13 
0 1 1 0 28 0 0 40 20 16 2 9 3 5 0 0 0 1 1 0 0 4 0 1 6 0 2 2 1 5 0 0 0 24 9 1 6 0 2 6 1 3 2 0 23 0 3 3 27 1 8 5 1 4 0 0 44 2 5 4 3 2 3 6 
14 3 0 2 3 1453 1 0 9 3 4 0 0 0 50 0 2 4 2 2 6 10 4 0 6 1 3 0 0 0 1 20 1 0 0 7 1 5 6 1 3 5 1 18 17 1 1 3 9 1 4 0 31 14 31 8 14 10 1 0 0 6 1 0 
1 1 7 1 1 7 7 11 0 1 18 1 2 1 1 9 22 0 0 25 2 0 6 4 1 0 0 15 0 1 2 0 13 1 0 10 1 1 0 7 1 5 1 2 3 7 3 1 3 5 7 0 5 0 1 2 2 3 0 0 20 2 5 1 
1 0 9 1 4 5 0 2 2 0 30 2 4 1 1 0 35 0 42 7 0 4 0 4 3 1 1 0 0 1 12 4 5 1 3 1 2 2 31 4 5 0 1 3 1 1 10 2 1 0 2 0 31 10 2 3 0 88 64 7 3 0 5 3 
0 19 0 1 1 4 5 4 8 7 3 1 0 2 6 1 0 7 29 1 1 8 2 43 2 1 2 3 1 0 0 10 3 2 3 7 3 1 4 30 643 7 0 0 0 0 0 12 1 4 0 2 0 6 7 1 3 1 4 0 21 4 5 451 
6 10 2 0 0 1 0 10 2 10 0 2 0 29 1 1 27 1 1 0 0 1 0 2 0 0 0 91 0 0 0 2 2 18 5 4 1 3 1 10 0 1 9 1 1 0 1 20 0 54 0 0 584 14 0 0 29 0 39 1 1 0 15 2 
27 0 5 1 6 18 2 7 117 6 0 5 1 3 60 0 1 2 14 7 3 29 0 0 32 5 0 3 3 0 1 17 89 3 1 3 3 0 0 243 1 1 0 28 0 0 21 4 2 32 223 24 45 3 5 0 9 0 1 0 0 0 0 17 
1 0 0 1 1 1 0 0 4 0 2 6 10 1 5 30 0 2 0 2 1 1 0 2 18 2 8 11 5 10 91 15 4 1 0 3 0 0 1 13 0 0 1 1 37 3 2 201 3 0 2 3 12 0 14 32 23 0 0 3 12 1 2 47 
0 12 2 1 0 14 4 5 12 0 2 2 3 12 3 0 9 1 0 5 1 0 7 0 0 3 2 18 3 0 0 1 19 29 9 0 7 2 0 9 4 2 0 0 5 1 4 3 4 0 1 4 0 1 0 7 9 3 10 0 11 0 5 3 
126 11 10 11 7 0 4 1 1 4 0 1 1 0 2 18 24 0 6 7 14 2 3 2 0 21 10 3 0 4 17 3 0 0 0 1 204 0 0 15 2 11 0 0 10 0 3 2 14 1 4 1 5 8 0 9 4 1 0 1 0 7 1 1 
2 35 3 2 0 0 0 2 108 1 27 8 0 815 6 0 17 0 22 0 1 8 0 3 0 2 7 21 1 11 4 0 35 0 0 18 34 1 4 1 0 2 15 0 10 1 1 76 12 8 8 2 0 0 17 1 0 5 0 3 0 0 1 0 
2 0 5 2 9 1 0 11 2 0 0 2 19 0 3 2 0 0 0 0 7 7 1 4 15 16 52 1 0 5 8 1 122 3 2 1 0 6 0 9 1 212 2 0 0 0 2 1 2 0 10 0 40 1 950 3 11 5 1 13 0 0 0 2 
7 4 1 1 0 1 9 2 7 11 2 0 2 6 5 1 0 0 8 1 3 1 1 0 0 1 32 0 1 1 4 1 10 8 0 98 306 21 12 7 0 0 8 17 0 0 11 7 3 1 0 5 6 0 1 0 0 43 41 0 1 10 0 0 
3 0 16 0 1 0 3 2 1 0 5 7 7 0 1 1 12 39 0 0 1 0 3 2 9 3 1 1 0 25 1 5 7 1 10 0 1 2 0 21 0 2 0 2 3 20 7 5 4 3 0 3 0 0 0 5 14 4 2 13 9 91 0 8 
21 1 4 3 47 2 186 8 0 77 1 6 1 0 0 20 12 0 2 7 0 0 0 2 2 2 0 0 0 1 6 2 16 1 4 23 3 2 6 3 2 1 1 4 5 0 2 2 2 0 27 8 0 9 29 1 28 0 5 1 0 12 1 6 
1 1 3 11 6 1 1 40 0 0 2 0 0 3 0 0 14 72 0 2 1 4 0 0 3 11 12 1 1 1 1 1 3 1 1 0 0 0 2 2 3 0 0 1 1 7 13 2 3 2 2 1 12 0 11 1 2 2 7 4 0 0 2 0 
1 0 0 2 3 8 6 11 3 0 11 0 4 1 6 4 1 113 20 1 14 3 1 2 0 9 6 5 6 19 11 3 0 0 0 1 19 8 2 4 6 1 1 17 2 1 0 3 1 54 0 0 5 2 6 3 1 0 2 0 2 1 8 21 
1 1 0 3 2 0 4 1 1 8 1 2 0 2 1 14 8 0 2 1 2 34 5 0 1 0 0 0 2 3 58 1 12 0 2 3 2 33 4 0 2 14 207 2 53 1 1 2 7 1 2 13 1 0 3 1 0 0 0 1 11 1 4 2 
1 0 17 23 0 3 2 1 20 5 2 104 0 0 9 1 1 29 15 8 0 20 33 2 1 23 0 849 1 4 0 1 0 17 0 1 5 19 22 3 1 2 0 13 5 16 2 6 3 1 5 0 7 0 4 0 0 8 4 0 0 0 1 5 
2 2 0 7 2 2 1 7 8 2 1 0 1 0 0 15 2 0 2 0 1 2 180 0 1 2 1 2 1 1 2 6 0 1 2 1 7 14 2 0 2 2 0 6 3 7 0 2 0 3 14 10 14 0 0 1 3 1 26 3 15 3 2 6 
0 1 5 0 1 4 7 0 69 0 5 0 1 2 0 1 8 3 0 0 0 1 174 0 5 1 0 9 0 2 14 2 0 0 4 2 0 2 0 1 6 2 8 27 0 1 12 1 0 2 7 1 6 6 1 44 1 4 2 1 1 7 1 4 
35 0 0 2 16 1 0 0 0 0 0 11 1 4 0 11 69 1 2 4 2 0 1 0 2 2 0 0 11 4 0 3 4 7 64 0 1 1 3 6 110 1 1 1 1 4 7 3 0 2 1 8 1 9 0 8 1 1 1 1 4 0 5 0 
6 0 0 1 0 12 44 35 6 8 2 0 2 46 1 13 5 0 0 0 3 1 1 1 37 1 3 3 3 7 1 0 0 3 42 3 4 2 4 11 3 5 1 2 0 6 0 2 1 6 2 2 2 0 24 1 196 1 1 3 8 8 0 3 
7 5 7 88 10 3 32 13 0 42 0 0 2 11 4 0 0 1 4 1 0 1 6 9 0 3 3 32 1 1 5 0 4 3 0 0 327 1 474 4 1 73 3 0 4 1 1 3 1 2 21 0 0 2 2 158 1 8 6 1 1 1 1 17 
0 12 3 0 4 1 1 3 9 0 7 7 1 0 8 1 12 2 7 7 1 0 3 9 0 0 0 67 0 37 3 120 1 15 19 44 0 0 1 3 6 0 1 14 1 6 0 1 6 0 2 1 2 0 1 4 10 0 0 1 2 2 0 1 
6 0 12 0 8 0 0 1 4 2 0 10 4 16 0 2 1 8 0 8 165 1 0 1 1 5 0 0 5 0 1 5 5 4 0 0 1 15 1 0 1 1 0 1 1 5 3 40 4 2 1 1 4 0 3 3 1 6 169 21 14 3 1 54 
0 5 1 0 4 1 5 2 0 3 1 11 1 1 125 48 2 3 0 28 2 2 0 0 5 0 4 4 0 2 0 0 0 1 26 0 3 4 4 0 1 3 0 7 0 0 50 0 2 6 2 46 0 22 7 0 4 3 1 1 0 3 1 4 
1 7 0 1 3 0 0 1 21 6 7 3 0 0 0 3 0 61 0 0 13 8 5 1 2 0 2 8 5 5 3 18 0 8 0 2 0 36 1 13 0 10 0 0 5 15 1 1 0 9 1 0 0 3 7 1 0 1 2 1 1 0 7 0 
30 5 0 22 1 40 2 2 5 0 8 25 9 0 53 0 1 0 0 0 18 5 0 7 1 5 14 0 2 1 0 30 0 9 0 1 48 22 0 0 9 4 0 8 0 0 9 0 65 0 2 1 0 13 42 5 18 0 0 1 1 0 2 17 
9 0 9 16 8 0 0 1 1 1 1 0 4 2 0 23 0 6 13 1 8 0 4 8 9 0 52 6 1 0 14 11 0 6 11 0 26 2 5 4 0 0 2 0 1 0 0 0 0 8 1 5 12 1 5 0 21 0 3 5 1 0 2 0 
0 0 14 1 5 4 0 5 1 7 18 1 0 1 9 4 4 1 51 2 0 8 2 0 2 3 6 1 3 96 0 0 0 15 0 1 0 1 13 1 2 1 0 0 2 0 3 5 0 2 4 9 28 7 4 15 0 13 24 0 0 0 140 6 
84 0 14 6 0 3 1 112 2 10 1 1 19 5 2 0 0 24 0 1 0 9 0 6 0 1 0 3 1 19 4 105 0 3 2 1 0 11 36 0 1 1 1 0 3 6 0 0 0 13 179 5 0 0 2 0 0 2 1 0 5 0 0 98 
5 2 0 10 4 4 43 1 3 15 2 0 14 0 10 0 14 1 25 1 0 23 0 2 13 0 1 2 69 1 3 2 1 2 5 11 4 0 1 0 9 0 0 0 1 0 5 0 2 5 0 0 1 1 0 1 2 148 49 0 35 1 2 1 
0 0 46 0 1 3 1 1 0 7 1 0 4 4 5 14 1 1 0 0 5 1 2 1 153 3 0 9 2 2 0 2 5 9 0 24 1 0 0 3 7 0 2 0 2 0 0 18 1 3 2 11 14 1 1 0 1 3 2 28 6 30 0 19 
0 1 5 5 5 4 7 3 0 48 36 20 25 1 18 0 32 24 2 25 5 2 1 3 9 1 21 2 1 0 1 2 1 0 2 5 1 7 58 7 32 21 0 6 8 4 0 2 0 207 6 1 10 1 2 8 5 1 2 0 0 1 4 14 
18 2 11 0 5 36 0 0 16 236 0 2 4 1 3 2 6 1 16 0 4 3 0 2 0 2 0 15 0 0 96 0 9 0 2 7 4 0 20 0 46 0 4 4 1 1 2 0 1 2 0 21 0 5 0 1 0 19 5 0 1 3 1 1 
0 0 0 0 0 1 2 0 5 2 9 1 25 0 0 2 10 2 8 44 0 0 102 3 1 7 66 13 1 0 3 2 4 1 0 9 2 5 4 1 7 3 267 3 7 77 6 0 1 0 1 7 0 0 0 0 10 6 10 2 0 30 0 0 
1 82 0 0 10 0 0 18 6 34 3 17 7 0 0 0 1 1 1 109 20 0 1 11 0 1 2 0 2 1 2 0 6 0 5 0 0 0 5 12 7 0 3 2 4 1 5 0 0 2 37 0 7 0 2 6 1 0 16 0 19 5 1 13 
1 3 0 11 2 28 1 1 11 12 1 3 2 165 297 242 0 0 4 1 7 1 161 0 0 1 1 0 60 2 0 1 25 1 0 2 0 9 1 17 137 2 0 1 0 4 1 31 4 0 4 3 1 0 1 17 1 13 0 12 15 0 0 0 
1 3 19 0 5 1 0 0 0 0 0 0 12 30 0 1 2 2 7 2 1 16 91 8 3 4 0 18 38 0 4 1 9 0 7 14 0 18 8 26 159 0 6 10 2 2 1 5 5 1 14 5 0 10 7 0 1 10 7 11 0 650 4 0 
28 0 0 0 373 11 0 13 1 21 29 5 45 11 0 1 1 4 1 1 78 1 5 0 7 0 11 3 0 0 1 5 0 0 7 0 1 37 4 4 0 7 3 0 3 3 0 7 0 375 35 4 9 0 0 2 0 2 24 1 2 1 3 0 
1 0 1 24 0 2 8 24 3 0 2 0 0 1 0 1 4 7 12 1 0 0 2 3 0 1 5 13 0 3 1 0 5 40 2 2 0 0 2 0 0 1 14 11 8 0 0 1 2 4 2 19 1 0 13 4 2 10 1 6 3 1 1 1 
0 7 3 0 4 183 108 1 28 1 2 10 0 2 4 6 1 1 0 4 121 18 3 1 0 1 0 1 0 25 1 0 10 0 11 2 7 14 0 0 0 0 74 1 9 2 3 1 0 207 1 0 1 0 2 2 0 20 0 18 0 6 0 3 
3 30 2 44 3 1 2 24 3 0 3 2 2 2 20 0 1 0 17 8 1 0 5 2 1 1 3 15 0 1 1 14 2 1 225 10 2 0 2 0 4 19 7 2 6 0 0 6 4 1 14 6 3 1 1 3 25 0 2 3 0 2 11 8 
0 1 0 0 1 2 9 5 0 3 19 0 30 0 1 4 0 22 1 42 23 1 1 1 3 3 0 0 3 1 5 1 1 3 3 5 0 11 6 0 6 33 1 7 1 0 0 2 0 0 1 0 10 0 20 0 3 1 0 28 0 8 9 5 
1 6 24 0 4 1 0 2 2 11 0 1 1 1 5 8 9 1 6 34 3 0 7 12 5 0 7 6 0 5 0 12 25 1 1 1 0 0 22 0 24 2 2 0 10 5 0 24 1 5 0 8 5 37 0 13 0 1 2 1 263 4 5 0 
1 0 0 3 15 18 14 1 6 0 1 12 0 0 28 32 809 0 1 2 10 1 0 1 0 10 0 2 1 1 3 2 1 1 2 6 1 43 0 8 3 0 2 4 1 0 32 0 1 0 14 1 2 12 0 60 3 1 3 8 0 7 0 0 
2 6 10 0 1 1 0 0 123 0 14 1 0 0 4 0 2 0 2 0 78 0 0 0 4 1 1 431 0 20 1 4 0 30 9 0 143 0 0 6 0 3 1 0 4 6 1 1 0 2 22 7 19 0 0 4 62 3 7 0 1 33 0 5 
116 1 0 12 15 39 5 3 0 5 0 74 2 6 16 1 0 0 1 1 306 10 0 0 2 1 1 6 49 0 1 0 16 1 3 13 1 0 1 1 0 0 0 9 0 2 0 3 1 0 0 13 0 7 13 17 5 2 18 4 1 12 2 0 
9 1 0 6 3 0 1 8 3 369 1 9 40 0 6 2 1 0 10 1 2 0 2 52 3 3 1 5 2 1 0 0 1 5 2 2 18 0 2 1 0 6 8 0 0 0 0 5 21 0 3 0 10 1 3 1 672 6 0 6 1 2 1 3 
0 2 0 0 4 0 0 1 15 0 0 2 2 1 14 3 0 4 7 5 0 11 6 17 1 0 0 0 0 2 0 6 1 1 4 0 0 1 2 0 1 5 18 4 2 0 1 182 0 1 4 1 1 0 6 11 1 1 11 9 2 1 1 1 
36 0 74 0 2 2 0 3 3 5 1 0 18 8 12 10 2 1 0 1 162 5 2 14 2 1 24 0 0 11 0 0 2 0 9 7 1 1 3 26 0 4 2 0 0 0 10 10 19 12 125 1 47 0 1 67 27 2 1 0 1 13 7 15 
1 2 32 9 0 2 40 63 0 265 0 5 0 7 20 44 2 9 1 1 0 1 8 0 9 5 2 21 1 1 0 0 39 2 0 0 0 3 8 1 3 0 2 5 52 2 0 13 1 3 6 1 1 1 4 1 3 1 0 1 1 5 0 0 
3 0 5 69 65 1 1 4 1 7 0 0 1 11 0 1 25 11 216 0 1 3 0 3 0 0 85 34 66 0 0 5 0 1 4 1 12 1 8 2 7 4 5 178 3 0 0 1 5 2 0 4 0 3 0 1 0 1 2 1 0 1 0 0 
0 25 0 8 6 10 0 2 7 1 29 1 1 0 8 0 17 0 53 5 0 4 0 0 0 2 3 148 1 2 0 0 2 1 11 3 0 21 1 1 3 1 6 0 6 187 7 17 1 1 7 11 7 6 3 0 0 1 16 1 105 0 3 1 
0 2 0 1 30 8 2 1 0 1 25 10 0 11 11 0 7 0 5 1 1 2 0 0 1 1 235 3 1 4 9 7 11 0 0 0 1 1 37 1 6 0 1 42 19 0 0 560 0 15 0 88 1 24 1 0 1 4 9 4 1 8 5 8 
0 70 4 2 6 2 1 1 5 3 8 6 4 3 0 8 3 24 0 3 1 6 5 4 8 146 1 1 0 30 19 0 2 3 0 0 1 0 0 6 7 0 1 1 5 57 3 1 1 1 4 18 0 30 2 0 0 1 4 0 1 1 2 34 
2 0 3 0 5 1 0 1 0 1 4 3 6 2 5 14 0 1 2 2 3 4 1 3 0 158 19 2 4 4 2 1 10 6 4 8 5 0 1 0 1 0 7 0 11 5 5 2 5 1 20 0 10 0 5 1 15 1 176 1 1 66 20 0 
0 4 1 27 1 2 1 6 1 3 2 3 0 11 7 1 3 0 3 1 0 3 0 27 0 0 0 1 0 17 1 2 0 1 9 8 0 34 1 2 5 32 6 5 0 5 2 0 2 0 183 1 0 7 6 4 0 0 4 1 0 2 2 4 
5 0 16 21 4 27 36 2 1 2 1 1 1 0 7 0 1 0 23 0 0 6 0 1 1 0 1 1 0 0 1 4 2 1 1 12 10 0 0 0 0 0 5 14 14 0 0 3 15 2 0 1 1 3 1 19 1 0 1 5 0 0 14 0 
0 0 1 27 2 8 1 2 2 1 1 3 5 2 13 8 26 8 0 0 5 2 1 0 11 1 15 1 25 0 5 0 1 20 4 1 0 0 0 11 1 2 2 1 1 14 1 0 1 0 11 2 11 0 1 2 1 2 27 4 3 0 10 0 
1 0 0 13 66 0 2 2 10 1 0 0 0 1 1 1 16 2 3 2 14 0 1 6 1 10 10 9 7 1 2 1 0 2 1 0 0 4 5 3 1 1 1 0 0 11 0 30 1 12 1 12 2 8 22 3 4 0 7 2 9 0 0 0 
1 79 3 0 6 1 48 4 1 2 0 3 0 1 1 3 0 25 0 5 1 1 1 9 2 0 3 1 9 28 0 5 0 2 3 0 0 0 1 17 0 4 2 8 6 2 5 6 9 8 2 0 2 0 15 2 2 0 2 2 7 1 14 2 
1 5 2 16 3 9 2 0 0 0 0 3 1 1 3 28 1 1 0 0 2 71 45 4 12 0 2 2 0 17 1 0 2 1 1 49 2 1 0 1 0 0 167 14 28 0 1 36 4 0 10 3 2 1 1 0 3 1 0 0 0 13 0 10 
1 0 0 1 3 0 0 1 0 2 0 0 1 31 2 0 0 4 11 2 0 54 0 0 3 0 2 2 2 5 3 1 14 1 2 1 1 51 1 17 39 4 6 7 7 2 20 1 0 4 5 7 0 0 5 1 0 59 2 0 0 15 1 6 
3 29 0 12 0 0 0 3 1 0 2 7 2 1 0 1 3 0 6 4 3 2 0 327 1 9 20 0 5 1 7 5 2 2 0 10 0 1 2 23 6 2 7 3 1 2 0 9 0 8 2 0 24 13 0 8 0 23 0 3 14 8 1 14 
19 5 1 0 2 4 11 0 2 17 29 0 3 0 5 0 2 6 0 0 4 1 1 5 28 1 5 4 0 49 14 1 0 6 0 1 60 2 6 1 21 1 0 1 7 1 12 1 12 83 2 0 4 0 4 1 2 0 5 1 6 0 0 1 
5 3 8 5 1 8 20 5 2 2 0 1 1 12 5 3 0 8 3 6 0 0 8 1 7 4 2 2 24 479 2 1 1 6 2 0 0 0 1 10 6 1 1 1 5 0 4 2 2 0 0 1 26 1 0 2 2 9 0 0 0 0 5 0 
11 14 0 0 1 3 2 2 0 0 1 3 0 17 9 1 3 1 0 1 1 0 0 0 1 10 0 2 0 1 2 0 162 0 5 85 0 1 3 8 27 5 5 0 0 5 5 12 18 2 0 0 0 3 1 0 1 0 1 5 6 3 0 2 
1 2 1 0 1 76 1 0 2 3 4 16 2 0 2 4 2 2 3 0 1 20 4 38 26 0 10 24 3 2 33 2 8 1 0 1 3 0 0 2 1 0 18 6 0 0 36 17 7 14 0 1 3 12 11 0 1 0 0 1 0 43 0 3 
5 0 0 5 0 0 1 2 1 0 15 0 0 19 0 18 10 2 2 2 1 0 8 0 0 0 0 0 10 717 0 0 7 81 1 0 0 10 1 12 2 1 0 1 2 2 0 1 2 1 1 7 0 0 0 13 2 13 1 4 0 2 0 1 
8 24 4 24 2 0 10 7 8 1 1 7 1 0 0 3 1 9 0 1 1 2 1 5 2 0 1 0 0 9 5 0 0 0 638 7 0 1 0 8 0 23 0 1 0 0 1 5 0 3 11 0 4 2 0 11 5 7 69 0 1 0 5 0 
1 2 3 0 6 0 0 1 7 1 25 2 6 1 3 6 7 1 0 11 5 1 0 0 1 5 44 1 5 0 0 0 4 0 1 4 25 0 0 1 7 0 0 2 2 0 1 1 1 0 2 14 2 0 5 0 2 0 4 5 0 1 2 1 
0 0 1 2 2 11 13 4 3 1 2 1 0 2 7 7 13 14 4 0 1 1 2 17 1 0 45 0 0 1 3 5 0 11 4 3 3 2 10 3 0 0 0 62 1 0 1 4 0 12 2 10 0 14 32 0 1 3 3 1 1 4 0 0 
0 16 0 4 12 0 8 10 0 7 1 0 12 1 3 0 1 235 0 0 2 2 0 1 1 6 0 4 46 1 0 6 23 0 13 13 2 2 0 1 13 1 5 3 2 3 0 25 2 0 114 5 0 3 4 0 3 0 7 3 179 16 0 4 
12 0 17 17 1 3 5 3 0 2 1 1 1 0 0 9 17 160 0 0 1 5 7 0 1 1 3 17 1 1 5 0 18 0 0 1 1 0 61 8 5 273 6 3 9 230 13 3 2 49 19 0 2 0 1 1 5 11 9 2 8 1 1 0 
2 1 15 0 6 4 6 0 2 859 4 4 3 120 0 4 1 4 2 4 1 3 0 0 6 1 0 2 2 8 2 0 8 7 0 0 0 9 5 48 3 0 10 7 0 4 4 3 1 3 2 10 2 15 3 1 1 0 0 2 376 4 0 1 
0 0 1 0 0 100 2 0 0 8 2 1 38 9 3 23 11 1 14 0 0 7 13 4 0 28 1 1 1 7 19 15 3 0 11 2 3 74 2 5 0 0 1 2 0 4 0 1 6 26 0 1 2 2 8 12 0 0 1 0 5 3 1 1 
1 3 4 2 0 2 125 12 2 2 0 0 2 1 1 0 1 3 0 1 8 3 0 3 1 0 0 4 1 1 1 2 27 1 0 9 1 2 23 7 17 5 4 42 0 12 9 8 31 1 8 11 5 1 1 8 5 3 2 6 0 0 1 29 
2 0 0 19 2 0 1 10 2 0 0 12 0 0 1 5 0 23 7 7 0 10 5 7 0 2 8 0 2 0 1 2 627 6 1 3 0 14 17 0 0 10 1 0 2 8 16 4 83 0 0 1 0 3 0 0 0 1 4 2 1 9 1 11 
4 2 9 0 10 0 16 39 0 260 5 3 28 0 11 31 80 13 1 2 0 5 0 22 5 0 2 9 2 1 0 0 0 1 0 3 5 9 1 6 21 2 2 9 1 1 0 1 1 2 0 2 6 19 1 1 0 0 11 35 7 0 6 1 
1 7 0 7 4 1 2 2 9 7 0 0 14 4 0 1 2 2 3 0 18 1 3 0 0 978 1 2 0 0 1 0 0 8 1 5 2 0 1 6 1 1 1 3 2 0 7 41 68 1 0 3 2 4 3 25 1 173 1 6 15 8 10 1 
1 3 3 9 1 10 0 5 0 1 6 77 0 1 0 0 0 2 11 30 6 3 0 5 0 0 13 1 9 15 0 0 0 33 87 13 1 7 1 193 7 4 14 11 6 10 1 0 1 9 3 4 119 2 7 1 1 0 10 22 2 2 1 1 
5 1 2 3 4 20 6 2 2 1 1 0 12 1 1 4 1 0 0 0 7 9 0 1 0 1 3 0 1 197 0 2 1 36 1 1 0 106 1 2 4 0 5 13 3 7 2 1 0 0 174 3 0 0 177 1 16 0 8 3 2 0 0 10 
4 17 1 1 0 1 1 8 0 28 1 2 0 1 4 13 1 6 1 7 4 53 1 5 18 15 0 5 1 4 6 0 20 7 3 4 1 2 1 3 0 2 1 2 1 1 1 1 24 0 1 2 18 2 3 0 0 3 21 0 416 17 2 7 
1 0 1 1 39 7 4 1 1 29 168 0 0 0 13 0 1 3 0 1 0 30 1 11 0 0 0 4 1 0 0 124 5 5 0 0 6 7 622 0 5 0 0 0 0 9 3 32 5 2 1 0 5 0 0 0 1 0 1 0 3 10 0 3 
0 1 0 8 1 1 4 2 3 1 2 0 5 1 2 5 0 3 7 0 4 4 2 17 0 0 1 2 4 3 0 31 119 4 0 3 1 0 8 0 0 2 17 5 0 13 15 0 294 17 0 1 0 1 130 1 4 0 0 7 1 1 4 2 
1 0 0 47 1 6 11 0 4 14 5 1 10 2 2 2 0 197 2 17 2 0 2 0 27 5 1 1 2 14 6 4 2 4 47 100 1 1 4 140 0 0 0 6 2 7 0 14 6 1 4 40 11 0 9 14 2 0 44 8 11 9 8 3 
26 1 1 0 0 0 1 2 3 2 1 0 4 1 2 5 2 0 1 1 4 10 28 3 0 0 9 0 1 0 0 3 1 3 3 1 23 4 1 1 0 4 10 0 2 0 1 0 1 3 1 1 1 0 30 2 2 7 1 0 144 0 1 1 
0 0 2 1 2 73 0 2 7 0 17 0 46 9 5 0 0 0 18 3 10 0 1 2 27 0 16 2 0 1 9 11 1 42 0 0 14 1 2 38 18 2 0 11 10 0 1 4 21 10 0 3 3 5 37 0 49 2 2 1 1 1 10 1009 
0 0 2 8 1 0 12 2 1 8 2 61 0 0 202 6 1 1 0 0 19 1 0 19 2 0 1 0 0 1 149 5 2 0 9 0 1 1 0 1 2 0 2 4 8 5 0 1 0 2 0 5 114 3 3 0 6 5 4 1 5 13 0 12 
0 0 0 127 0 0 9 1 8 0 7 0 0 0 1 6 12 0 2 16 0 2 4 24 0 0 10 2 1 6 1 1 4 0 2 0 0 0 0 2 1 2 0 1 2 1 0 9 2 9 1 2 0 2 0 0 1 2 24 7 1 0 2 3 
4 0 0 0 6 0 3 1 0 4 0 2 0 8 2 0 0 5 0 4 8 0 1 0 0 19 3 0 0 0 33 9 0 0 14 3 0 0 3 0 0 0 4 42 1 2 47 14 1 2 0 0 0 1 0 0 3 0 0 0 10 0 0 0 
0 0 2 20 7 18 4 25 2 30 0 3 8 4 2 5 1 0 0 4 4 2 25 21 5 6 0 0 4 0 0 1 15 0 7 4 0 13 0 3 0 34 7 0 5 3 28 0 19 1 4 0 1 1 0 6 1 23 1 1 0 0 14 1 
2 1 2 0 0 0 8 0 37 1 0 15 11 1 1 85 2 8 1 21 0 0 1 0 1 1 6 1 0 2 4 0 5 1 2 0 0 3 1 0 6 23 1 18 0 0 1 8 1 0 19 0 0 0 1 1 4 45 5 0 1 1 13 20 
0 8 1 4 32 0 0 2 0 3 1 7 5 6 26 0 0 2 0 0 5 0 1 9 1 2 1 0 2 6 1 0 6 13 35 3 6 2 23 1 6 10 12 0 0 0 14 1 0 0 12 10 27 6 27 228 0 4 0 0 10 19 11 2 
29 4 6 1 42 9 1 6 4 0 2 4 0 0 1 12 0 0 0 0 0 19 0 0 4 1 3 5 9 0 1 2 10 0 0 1 0 12 0 4 0 130 0 9 1 9 44 3 5 5 0 0 0 1 0 0 3 100 3 1 1 72 44 1 
0 0 13 1 3 2 0 1 0 3 26 17 23 24 4 5 0 0 1 0 0 7 1 17 2 2 0 25 11 1 0 0 0 1 0 1 5 14 0 1 5 0 2 1 0 2 6 33 1 0 1 0 6 0 2 3 5 9 4 43 2 42 8 1 
2 1 0 14 6 1 4 0 0 4 0 3 0 0 0 23 40 0 0 2 0 11 2 1 2 17 2 0 61 0 0 0 9 586 0 3 0 0 4 1 3 1 2 7 1 28 2 1 1 1 42 0 2 2 3 3 0 1 1 0 0 0 1 52 
22 8 3 0 96 5 4 0 0 5 1 7 9 2 2 24 2 0 0 1 11 0 4 0 10 10 0 2 2 1 3 2 1 0 6 3 45 1 2 0 0 77 6 5 5 0 1 1 2 0 14 1 1 3 5 0 3 0 0 0 1 1 1 25 
0 4 0 0 0 2 14 3 0 1 33 5 1 1 1 12 1 15 2 1 1 9 2055 0 2 5 23 1736 2 3 4 0 2 1 29 5 3 93 0 0 0 7 1 2 2 9 0 0 27 9 12 1 35 6 1 2 2 5 74 1 1 1 5 1 
0 15 18 5 0 0 14 1 1 1 0 4 20 0 2 1 6 16 2 1 0 0 2 1 11 1 8 2 0 1 4 0 141 0 0 1 1 39 0 2 1 1 574 0 2 1 3 6 0 0 1 1 0 8 1 8 0 10 12 0 0 0 11 1 
29 19 0 4 12 22 0 0 0 8 0 17 0 1 21 1 3 1 8 1 0 2 1 0 1 0 8 1 1 0 30 0 0 0 8 0 10 2 6 0 0 13 1 0 2 24 0 0 3 15 1 3 4 5 3 3 334 1 5 1 3 1 4 0 
14 31 0 6 1 0 0 40 0 2 20 2 5 0 0 0 0 12 17 1 1 0 318 7 1 2 1 4 0 2 0 4 0 24 175 12 0 170 1 2 11 0 1 1 0 0 2 0 3 110 5 3 0 0 0 0 2 18 33 28 2 4 2 10 
2 0 3 1 0 0 0 35 11 4 7 1 0 2 6 3 0 0 14 0 0 7 1 10 1 0 1 0 3 1 4 10 32 0 8 12 0 21 6 0 1 0 7 5 2 0 1 6 0 1 7 9 16 90 6 5 4 2 0 1 324 2 9 0 
1 1 0 0 9 6 9 13 1 9 4 1 18 3 2 0 1 0 1 3 12 0 1 1 1 2 0 2 0 41 2 2 1 0 0 0 0 0 0 4 1 1 11 0 2 1 0 1 5 5 14 0 0 9 0 1 4 23 8 5 90 0 2 8 
2 1 2 115 8 6 0 17 7 1 3 1 0 32 6 4 10 14 15 6 5 10 2 19 40 15 2 14 4 2 10 0 0 2 5 0 44 0 128 0 5 0 0 3 3 1 1 13 0 2 6 0 0 13 5 3 0 1 0 49 1 102 0 2 
1 188 1 2 1 2 136 2 2 1 4 8 0 0 0 7 6 1 3 1 19 9 7 4 0 6 0 0 2 7 10 0 0 2 9 1 2 1 1 37 13 0 0 0 0 7 1 1 0 1 0 33 1 0 0 467 0 0 0 2 1 1 0 268 
0 11 1 7 6 1 1 15 0 61 1 0 0 0 0 2 5 0 28 14 2 6 0 16 19 1 23 8 12 0 0 0 0 15 0 3 2 0 1 8 0 35 8 2 0 1 0 2 7 0 12 1 0 1 12 3 5 1 3 2 0 0 34 0 
2 0 0 16 0 6 1 22 75 0 1 0 4 6 172 0 6 2 1 35 1 4 0 29 6 219 6 6 2 0 3 1 0 27 13 0 1454 55 1 0 1 2 127 0 2 5 8 1 7 5 4 3 4 1 3 0 1 0 5 0 0 2 1 5 
2 1 4 0 2 10 0 2 1 0 2 9 9 0 0 8 1 1 1 1 2 2 0 4 1 3 8 9 0 1 0 206 4 0 0 0 5 6 1 39 0 1 4 0 44 0 2 0 0 4 1 1 22 1 0 3 0 2 2 2 2 0 2 2 
288 0 2 1 6 64 8 123 0 3 3 45 2 71 2 0 2 0 0 0 8 38 7 196 1 2 1 0 6 7 23 0 2 0 6 1 0 12 10 2 46 0 0 8 1 0 1 0 0 0 0 39 3 2 7 1 1 3 1 2 2 0 9 1 
0 6 0 2 1 19 0 1 0 7 3 0 1 8 0 1 1 4 2 180 0 6 43 1 12 0 0 3 0 0 6 47 4 0 1 1 0 1 0 5 1 1 0 0 22 0 0 4 19 0 0 4 0 0 0 0 6 1 0 1 3 1 0 1 
5 1 0 0 1 9 0 0 17 1 4 0 0 34 2 5 0 0 1 0 0 1 0 1 2 5 2 5 5 2 10 4 12 1 2 3 1 6 0 2 0 0 0 1 1 8 1 0 10 6 0 0 281 1 0 6 1 6 18 3 2 0 6 3 
0 3 66 0 0 5 11 0 0 5 2 0 15 2 1 3 7 1 34 3 0 1 1 0 10 1 1 4 12 0 11 56 1 4 1 4 358 7 3 0 20 1 1 1 600 0 0 0 0 1 0 0 10 2 1 25 2 1 18 15 5 22 9 0 
0 0 0 0 3 0 1 3 1 31 2 0 0 7 13 9 0 12 1 0 1 8 0 0 0 1 5 1 2 0 0 2 14 0 21 1 0 11 2 8 231 44 1 4 5 2 4 0 11 10 19 2 2 7 0 1 1 1 1 0 38 2 0 4 
9 1 3 0 2 0 0 1 0 0 1 1 0 7 0 0 42 6 1 0 0 5 8 0 0 13 0 0 7 4 12 0 7 2 3 5 1 2 0 84 36 23 1 0 1 20 7 0 1 0 0 0 0 1 8 0 26 3 0 150 6 0 0 0 
1 1 0 27 0 1 17 553 0 1 1 2 12 14 0 0 8 51 1 1 0 83 1 6 15 0 2 0 5 7 1 1 0 5 2 1 3 26 1 25 7 8 5 0 7 0 2 0 1 8 1 0 0 0 11 0 0 13 3 0 1 0 0 0 
7 0 4 2 2 272 2 10 7 1 7 4 0 0 0 1 6 0 1 0 1 5 1 14 2 0 0 19 14 2458 0 0 4 9 8 0 2 337 3 0 2 1 0 1 0 0 2 5 7 6 0 1 0 2 6 1 0 4 0 9 26 1 17 2 
2 9 1 0 1 6 0 2 1 1 0 0 4 3 5 1 0 4 0 6 7 0 1 2 2 1 2 3 0 0 2 4 15 0 0 0 0 52 3 3 24 7 0 0 2 2 0 2 0 5 11 9 2 6 2 0 18 3 0 36 10 2 0 0 
27 0 0 2 1 1 3 0 0 0 0 0 2 2 2 0 1 3 2 30 2 1 16 0 1 14 0 1 1 17 9 0 5 0 2 0 35 0 0 0 0 9 1 2 1 5 1 4 22 1 2 1 1 3 71 7 8 2 0 5 1 83 2 10 
1 1 0 1 1 0 1 0 4 18 3 1 22 1 4 1 0 0 2 1 16 2 22 0 7 30 0 1 0 10 2 13 26 1 1 0 6 0 0 0 0 128 1 2 210 0 18 0 4 0 5 0 1 6 2 10 11 0 1 1 1 0 1 1 
7 2 77 0 0 0 4 4 3 1 6 1 0 3 0 1 2 0 1 2 9 1 1 6 2 3 0 13 5 3 1 29 0 1 0 9 0 18 12 5 1 0 1 1 0 0 0 3 0 13 0 1 3 5 4 1 3 3 0 83 8 21 4 14 
21 4 1 0 4 0 1 0 2 1 5 15 0 4 227 3 19 6 1 0 2 0 8 0 3 5 0 2 5 1 3 2 0 68 22 2 2 1 0 1 3 2 6 0 5 1 0 0 0 10 0 15 0 0 0 3 15 2 16 0 0 21 1 0 
5 1 0 0 1 4 2 0 1 1 1 2 0 13 1 65 0 0 17 7 14 2 3 1 1 0 1 1 26 3 1 10 2 4 0 1 0 0 0 1 10 0 0 0 0 0 14 0 0 0 0 2 2 2 2 1 14 0 0 2 2 43 0 0 
12 1 2 0 0 3 1 6 4 34 1 181 1 2 4 40 0 21 0 9 1 16 0 1 12 7 0 0 1 69 1 19 1 1 0 0 5 0 1 1 1 1 0 1 2 1 1 5 1 9 4 0 1 2 1 0 9 4 1 1 10 4 0 8 
15 1 0 0 1 5 0 2 2 1 4 8 16 9 3 2 36 2 1 1 0 78 0 10 1 1 0 1 2 0 2 0 1 1020 0 4 1 0 0 1 3 2 0 3 2 0 0 7 0 2 2 0 0 1 8 0 30 2 8 0 0 3 0 0 
0 5 1 0 0 0 2 2 1 5 0 0 7 1 1 15 0 0 1 11 1 2 0 0 2 0 1 0 4 16 3 7 10 8 2 0 0 0 52 3 1 4 15 9 3 1 1 1 3 9 2 0 0 1 0 2 5 5 12 2 550 59 19 2 
26 1 13 12 5 7 0 1 6 1 0 1 1 5 0 18 1 2 2 1 4 2 9 1 2 27 15 2 9 0 0 0 1 5 0 0 1 2 0 1 3 2 10 4 30 0 12 3 1 0 0 2 1 1 337 0 24 0 0 92 1 3 47 14 
4 13 0 8 1 21 11 52 0 0 1 1 0 0 6 0 3 1 2 0 0 0 7 1 1 0 0 82 0 2 5 1 2 3 0 1 1 1 4 4 4 7 1 0 3 1 1 1 5 0 0 5 0 0 1 3 0 18 0 0 2 0 1 17 
0 16 0 2 0 31 25 16 0 1 1 1 1 40 0 33 0 0 5 13 0 45 28 524 10 3 0 0 2 8 0 0 27 0 1 2 8 8 1 16 0 118 8 9 2 30 2 0 0 31 2 0 2 3 0 0 0 82 0 5 2 0 16 5 
0 2 0 0 58 6 0 0 1 0 1 0 6 8 0 7 0 3 89 6 1 1 4 0 1 40 0 0 0 0 9 5 10 31 3 13 0 0 42 0 32 0 0 1 2 4 8 1 377 42 0 3 0 4 2 1 0 2 1 4 0 0 1 1 
1 3 0 1 2 11 1 2 12 0 1 1 4 1 0 16 2 9 0 232 0 8 0 4 0 6 2 2 18 0 1 0 35 4 5 2 0 20 2 6 8 1 0 0 3 22 35 1 35 10 2 2 0 1 4 1 9 2 1 1 1 18 0 1 
1 13 12 0 5 101 18 28 0 0 3 1 4 25 1 4 8 2 2 0 8 3 2 1 4 9 2 0 11 1 1 0 5 0 5 3 1 2 2 1 0 0 0 0 0 1 6 297 1 3 81 0 0 4 0 0 2 3 300 0 43 0 1 25 
3 13 4 0 0 0 12 5 6 1 0 0 0 0 0 5 2 6 92 1 10 19 3 0 3 1 1 23 1 4 1 19 8 2 0 0 6 0 2 3 0 4 14 0 4 37 0 0 6 30 10 0 3 4 1 2 9 6 27 19 2 0 29 2 
4 18 6 0 1 1 17 1 0 3 2 1 2 1 0 2 0 8 8 1 0 1 2 0 4 2 1 1 0 2 0 31 3 1 3 5 12 35 0 43 2 0 16 4 49 2 6 12 6 0 13 1 0 1 6 1 9 9 0 72 1 8 0 0 
0 2 1 0 43 12 0 0 1 3 0 3 1 0 70 11 0 7 0 0 0 10 14 14 0 5 0 0 0 2 0 0 0 0 8 0 1 0 3 258 0 2 0 0 10 0 0 34 0 2 0 2 38 2 6 1 4 3 14 88 16 4 2 0 
5 2 1 1 1 2 5 3 5 11 1 1 2 0 3 6 0 11 2 9 1 5 0 19 17 0 3 4 1 0 1 3 0 1 0 0 0 0 2 2 0 0 3 0 0 4 18 4 3 0 0 1 0 0 2 2 5 1 1 0 1 3 5 3 
1 136 0 0 0 2 2 6 11 0 1 6 8 0 0 4 12 2 56 6 126 1 1 0 1 1 18 0 6 0 9 23 0 0 1 2 0 5 1 4 2 2 2 2 3 10 2 0 0 1 0 0 0 0 15 4 0 182 3 6 0 0 3 3 
1 1 1 29 2 0 0 2 1 0 1 3 4 4 6 9 1 2 0 5 1 1 7 78 6 0 0 15 3 6 1 1 7 1 8 1 3 5 0 3 0 153 8 0 5 16 9 3 1 0 1 1 1 0 1 2 0 5 0 3 0 21 8 2 
1 1 0 0 7 1 2 5 1 0 2 4 11 1 0 8 0 2 2 2 1 2 0 7 269 7 0 2 0 22 2 0 8 0 9 23 1 8 0 6 11 4 12 0 0 24 0 1 3 4 7 0 0 0 1 9 1 2 0 0 5 1 0 0 
0 4 14 2 2 8 1 0 0 13 3 1 38 122 6 2 6 1 0 3 1 0 5 2 0 0 3 8 148 0 0 3 0 3 2 0 1 0 3 7 4 6 7 0 2 1 14 0 7 5 4 10 1 0 5 2 0 0 1 1 4 0 0 11 
3 1 11 3 1 6 0 76 17 0 0 6 21 2 3 3 1 5 0 1 0 1 14 2 24 17 49 5 0 0 0 8 14 13 1 29 1 0 4 1 6 39 10 3 1 2 4 9 9 7 0 0 0 0 2 1 0 2 2 7 1 0 3 0 
0 20 4 0 1 9 6 2 13 67 1 5 0 1 0 8 4 1 0 2 0 0 0 1 6 6 4 0 1 1 1 0 14 33 321 0 3 13 23 2 1 0 9 3 6 4 0 1 0 2 20 0 3 4 0 5 7 0 0 9 0 7 2 6 
0 0 8 1 1 0 8 0 2 0 6 0 60 0 3 2 15 0 2 8 49 0 14 25 1 0 1 1 2 2 8 3 46 0 0 4 4 0 2 3 0 5 0 47 3 0 1 0 1 44 0 25 4 4 0 0 2 2 7 6 5 4 0 2 
49 2 0 42 0 2 1 1 0 9 1 3 1 0 3 0 1 0 1 3 0 0 0 0 0 5 11 546 3 4 3 0 1 1 8 9 4 52 0 14 0 1 11 1 0 4 0 2 6 5 0 3 2 0 1 2 2 2 13 2 0 82 0 0 
1 2 1 1 0 5 28 2 65 0 5 1 0 0 11 1 10 29 1 0 3 32 4 0 11 3 9 5 10 0 7 0 0 1 0 5 19 1 1 24 1 3 0 0 6 0 0 0 8 1 1 1 0 0 1 11 56 17 1 3 0 3 1 0 
6 2 6 0 4 3 64 1 3 60 0 1 6 3 4 0 4 8 1 4 5 26 0 0 1 1 0 3 3 0 5 3 0 3 0 1 0 1 13 1 3 16 4 0 0 2 4 4 2 2 4 1 1 0 9 3 1 0 32 1 3 0 0 1 
1 14 2 0 0 0 7 3 1 1 0 3 7 3 3 0 3 18 3 131 7 0 0 85 20 9 9 0 2 0 1 0 7 1 0 8 3 77 1 16 30 12 0 1 1 1 1 25 5 14 4 62 11 0 2 14 1 4 0 0 5 96 402 12 
972 16 1 5 0 0 2 1 3 6 12 10 1 1 6 0 4 0 0 3 128 2 0 38 11 3 34 5 0 89 0 2 2 3 11 2 2 0 1 408 1 53 3 1 0 3 21 0 14 0 3 0 3 0 1 20 7 32 22 3 6 1 2 86 
2 0 18 6 4 0 0 6 2 7 3 0 4 1 2 8 3 0 0 1 220 12 2 1 1 0 0 5 1 3 4 7 7 0 1 1 1 41 32 24 1 75 0 0 2 5 0 0 11 0 8 3 22 3 0 0 1 5 7 4 0 1 1 0 
0 0 24 12 1 29 3 0 0 0 1 0 0 1 11 5 0 0 1 1 5 11 0 2 1 1 0 2 23 48 0 5 10 7 6 1 1 5 0 1 8 0 2 2 12 4 7 0 2 5 1 3 1 0 22 4 8 2 2 2 0 0 1 5 
0 0 10 33 7 0 2 5 2 19 0 0 65 1 0 0 1 1 1 0 12 5 9 3 11 2 0 5 0 0 0 0 14 5 74 8 3 1 0 0 2 0 14 0 4 2 14 7 2 16 0 10 0 2 9 1 0 1 0 1 3 1 2 2 
11 0 41 9 1 4 3 3 0 2 23 1 2 1 5 1 197 0 2 18 2 0 6 3 0 8 0 0 5 1 34 3 0 1 1 1 0 4 7 1 0 1 3 0 1 5 1 1 5 9 0 9 2 0 2 10 0 3 0 8 0 0 2 0 
5 0 2 0 1 1 11 3 10 1 1 9 9 0 2 1 0 0 1 0 0 0 0 3 0 25 3 8 31 3 215 35 29 0 12 2 0 6 3 23 239 0 2 25 3 0 1 1 0 2 3 0 5 0 1 1 2 2 0 5 4 1 0 12 
1 25 1 13 2 1 1 5 45 6 4 4 3 0 11 2 18 2 4 2 0 2 1 0 8 14 1 2 7 1 31 1 3 9 1 1 6 0 0 11 5 3 4 1 1 131 8 8 0 8 3 1 14 2 15 4 5 5 7 1 0 5 2 4 
72 3 0 4 0 0 0 1 0 5 0 1 5 10 3 0 0 3 2 0 398 1 1 0 0 0 10 4 0 2 13 10 1 0 0 3 2 2 31 0 5 0 2 36 9 2 13 0 10 0 3 1 9 0 1 6 0 42 8 4 4 6 0 21 
6 3 3 2 2 15 0 8 0 0 3 33 1 0 4 8 0 1 2 5 2 1 84 0 2 2 13 6 14 4 5 65 0 9 2 9 1 3 7 6 5 16 2 17 0 26 1 0 2 4 11 4 0 6 10 0 2 6 0 21 1 3 6 0 
4 20 1 0 20 2 4 0 1 0 1 1 2 2 1 9 0 1 0 0 9 2 2 49 2 1 6 4 0 3 79 1 15 2 10 1 0 29 1 128 93 1 21 0 11 23 4 0 0 12 4 44 26 0 0 7 14 1 2 0 7 10 0 1 
1 33 0 20 4 1 8 6 8 8 0 11 24 2 17 5 0 16 0 0 1 3 0 17 1 2 5 1 2 2 0 0 82 1 0 4 2 1 13 2 16 77 2 0 1 0 0 2 0 23 14 0 1 1 5 0 95 1 0 8 46 15 11 0 
3 28 1 1 9 2 3 0 2 16 68 204 9 1 8 10 58 1 5 6 10 4 1 5 0 0 0 34 18 4 10 1 18 0 0 0 0 0 3 0 2 4 17 2 6 0 2 2 4 4 0 5 11 0 7 14 1 4 2 7 0 6 1 1 
3 0 2 0 42 1 1 0 0 10 0 1 1 0 143 5 13 9 6 4 0 10 5 15 13 2 0 3 12 2 4 0 2 5 1 4 2 4 38 3 0 3 0 1 1 0 0 4 0 56 25 0 4 4 104 14 2 0 6 1 5 0 0 0 
0 2 5 8 2 0 2 2 0 4 0 1 0 21 1 1 1 1 0 0 14 1 0 3 16 18 2 5 0 1 0 0 2 0 1 0 7 2 0 17 2 0 3 31 0 2 1 1 2 4 25 30 3 10 0 11 8 3 1 1 47 28 5 3 
1 2 2 10 0 1 1 0 2 0 1 1 0 3 4 0 28 1 68 0 17 23 0 6 3 24 2 2 0 7 0 1 0 3 0 9 0 201 11 6 1 375 90 0 2 0 8 0 54 3 1 0 0 0 1 3 0 3 0 12 0 10 1 2 
7 11 59 0 0 15 1 0 19 6 2 0 8 1 2 38 1 0 15 3 1 6 7 2 31 0 1 2 1 3 1 0 94 0 1 0 1 11 11 1 32 0 5 0 0 0 5 0 20 2 7 7 1 5 0 71 0 0 0 0 5 0 6 4 
0 9 0 1 0 0 150 1 14 0 1 36 17 22 2 8 0 4 0 0 0 2 0 52 3 21 9 1 14 2 3 1 5 53 1 12 0 17 4 2 0 1 49 34 1 38 3 0 131 1 595 1 1 7 0 7 26 17 0 0 1 8 33 4 
8 1 1 1 1 0 2 5 4 0 4 0 0 3 0 1 0 27 1 0 0 0 1 3 2 8 2 0 1 0 0 5 2 15 1 0 10 6 2 1 1 0 0 9 0 3 0 93 3 5 1 0 1 6 0 1 0 2 20 1 97 8 1 5 
7 6 5 2 3 4 1 1 0 15 7 3 8 10 3 1 18 2 0 0 1 1 0 1 2 31 2 0 2 0 0 0 24 6 4 1 1 0 3 6 18 7 0 1 0 2 9 1 6 1 0 3 1 1 1 0 0 1 0 0 7 12 1 5 
2 0 0 2 0 1 2 2 1 21 4 3 2 1 2 3 9 0 2 1 0 4 0 7 18 8 46 34 1 0 25 1 5 19 0 0 7 0 0 6 1 3 0 3 11 2 0 11 0 0 2 0 0 2 1 5 0 0 0 11 3 2 5 0 
1 3 0 2 5 0 0 2 1 99 4 9 1 4 2 0 2 7 44 8 3 7 5 2 1 223 16 12 0 5 0 61 3 127 56 0 5 1 0 3 2 162 2 0 0 2 2 24 0 124 2 3 8 4 246 0 26 2 4 1 3 2 7 1 
0 9 11 1 47 2 64 2 0 0 1 0 64 24 3 0 12 1 0 0 0 0 3 5 10 16 0 6 0 1 0 1 0 5 4 1 2 14 142 3 46 2 0 0 3 0 2 0 2 3 2 4 3 3 1 4 2 0 2 1 6 21 1 1 
0 10 5 1 4 1 0 1 0 1 0 0 1 0 5 4 0 9 0 8 11 26 13 4 24 2 87 13 0 1 0 0 7 2 0 2 4 0 0 30 0 7 0 0 53 12 12 1 2 0 12 1 0 19 22 12 1 1 10 6 1 0 3 5 
2 4 0 2 9 6 0 0 1 1 1 2 6 1 0 11 8 1 3 1 201 2 0 10 12 0 7 0 0 1 1 5 7 5 5 1 1 24 0 1 1 3 0 1 47 5 6 1 10 6 0 4 3 4 3 0 0 99 3 0 3 2 1 14 
4 0 2 0 1 21 2 0 0 14 1 0 2 0 15 1 6 2 4 0 2 3 0 2 0 1 4 5 26 5 0 5 4 1 2 5 14 2 2 3 1 1 0 19 1 11 0 0 1 7 1 19 0 0 4 7 0 1 1 0 1 21 0 0 
1 0 1 1 4 0 0 8 1 4 1 1 0 1 17 22 6 9 1 1 4 5 0 1 3 5 3 0 36 2 0 6 1 5 0 3 16 0 1 14 60 4 1 0 3 8 0 4 13 76 4 0 0 1 75 0 1 1 1 5 10 6 0 0 
0 0 2 8 3 2 0 2 5 0 1 3 5 0 0 3 1 1 0 1 7 0 1 9 2 336 0 0 0 1 9 7 0 2 5 0 5 18 4 0 5 4 3 6 26 0 1 0 0 0 1 17 0 5 2 0 5 2 7 9 0 0 0 2 
1 0 1 0 3 17 8 15 3 0 0 3 1 0 1 789 1 2 0 0 1 2 0 11 4 7 43 0 2 1 0 2 70 118 0 24 1 75 1 5 8 1 14 47 7 5 2 85 0 0 2 2 4 0 8 4 0 0 7 1 7 1 0 8 
0 2 1 8 9 19 1 0 1 19 4 2 2 0 0 5 1 2 5 6 3 3 2 38 1 0 535 1 17 19 0 3 10 0 4 4 18 17 2 0 0 5 2 4 2 0 13 0 4 4 293 1 4 2 5321 15 12 4 0 14 33 36 0 0 
1 15 8 3 1 0 2 3 5 11 2 0 0 1 0 3 0 0 2 2 13 0 0 1 7 0 3 5 1 5 1 5 1 7 4 2 1 0 20 26 2 4 0 2 3 5 2 1 0 1 12 3 1 2 1 12 8 2 2 0 7 0 0 0 
5 63 23 5 7 0 2 0 3 1 2 4 7 0 3 39 19 0 3 19 0 13 3 5 1 5 11 0 142 0 5 0 1 197 0 0 6 6 9 0 2 0 5 9 5 2 5 1 0 7 3 3 1 0 27 3 7 1 1 13 21 39 0 18 
3 4 2 4 12 1 0 4 2 2 11 9 4 8 0 2 0 2 6 2 7 5 26 1 1 15 4 0 0 0 202 2 32 0 34 0 55 2 0 1 0 6 3 24 18 0 1 0 22 6 9 0 1 1 7 0 1 1 14 17 0 1 0 10 
6 1 1 0 6 0 4 0 1 1 0 84 39 44 45 3 5 0 2 6 3 5 5 8 0 16 0 9 0 0 2 1 0 6 7 6 1 0 2 0 2 5 6 2 1 0 1 0 2 2 0 4 5 2 19 63 0 9 2 6 0 11 0 6 
1 0 1 2 449 0 28 5 0 1 3 0 1 0 5 4 1 1 42 0 4 1 2 1 1 5 1 0 1 1 1 2 8 2 0 53 4 6 2 2 6 4 15 1 0 0 16 0 0 0 2 1 97 2 14 0 0 15 3 1 0 0 0 0 
46 1 3 0 13 1 0 13 2 3 1 0 255 0 0 0 12 0 14 4 3 0 2 0 5 4 7 0 1 72 1 1 13 1 2 1 1 1 4 6 6 0 0 0 0 2 1 1 0 1 1 0 0 1 7 12 0 2 2 11 201 2 2 0 
11 0 1 26 3 7 0 10 7 0 4 1 0 7 3 0 1 14 8 1 0 5 2000 0 5 7 4 0 1 0 0 0 0 0 0 11 12 3 3 9 0 2 0 16 0 1 2 1 3 3 1 1 15 0 5 1 5 1 0 9 3 0 6 2 
26 7 0 0 1 4 24 3 0 3 5 0 358 0 3 0 0 8 1 1 1 209 2 9 8 5 2 1 1 0 12 2 0 0 0 38 0 0 0 5 0 49 5 0 3 13 2 138 16 6 0 0 14 0 1 0 0 79 39 0 29 20 0 2 
2 12 4 0 20 0 3 1 0 0 3 1 0 13 6 13 19 27 3 1 8 6 0 2 2 0 0 1 5 8 17 0 0 31 3 2 6 1 1 8 1 0 1 1 33 0 2 5 0 1 11 2 3 4 1 1 5 2 7 0 34 0 0 14 
9 0 4 0 15 0 3 5 9 0 3 0 5 51 6 1 1 1 36 0 1 0 6 1 4 2 4 5 4 2 31 0 4 28 1 1 22 244 8 0 0 1 0 0 0 15 0 8 38 2 0 0 1 3 0 144 3 0 1 2 3 0 0 0 
2 2 11 0 2 11 0 21 10 0 21 0 0 0 181 3 1 1 2 4 1 3 0 0 13 1 5 0 2 0 1 1 1 1 0 0 12 0 1 1 2 2 2 4 0 7 1 4 3 2 0 188 1 545 3 4 1 2 0 4 0 4 5 0 
7 6 306 3 1 2 0 5 0 9 0 1 6 1 2 0 16 6 1 10 1 11 0 1 11 3 1 5 3 95 6 1 3 0 1 2 0 2 8 0 2 9 0 0 6 0 3 1 2 1 0 0 2 4 0 0 154 227 0 8 2 11 0 1 
0 1 0 15 1 9 5 3 2 1 4 30 4 0 6 0 0 5 0 1 10 0 0 0 1 2 42 0 2 2 3 0 0 25 8 13 0 1 34 6 1 0 1 2 0 8 17 0 0 0 0 0 0 1 0 0 2 1 0 2 1 35 1 0 
15 0 2 6 0 3 5 1 20 0 23 6 1 57 3 0 0 0 15 1 67 17 2 1 1 0 0 4 3 0 8 2 0 0 58 6 2 6 7 1 7 3 0 2 6 1 9 2 3 0 12 16 7 12 2 0 1 7 0 0 3 2 10 7 
6 25 1 1 0 6 2 2 0 7 0 1 4 5 0 7 2 6 1 0 0 0 1 1 0 0 2 2 1 15 2 2 0 0 2 34 0 29 17 3159 0 1 1 0 3 2 0 1 0 14 3 0 1 17 1 1 1 1 1 1 0 1 0 4 
0 6 24 6 6 0 0 1 2 0 2 41 3 1 0 8 1 3 4 34 2 20 2 21 5 10 0 0 0 0 22 6 4 1 1 0 1 17 3 4 1 3 8 0 2 0 0 0 24 0 4 1 4 6 8 1 13 8 0 8 1 0 0 0 
5 0 4 0 14 0 100 1 54 1 0 1 63 1 0 10 9 13 2 15 0 0 0 0 1 0 79 1 4 4 9 15 969 0 0 2 2 1 10 2 0 1 0 0 0 0 2 1 0 0 4 81 7 17 0 8 1 2 1 0 0 9 3 2 
1 4 0 6 1 71 5 32 10 4 2 0 0 6 3 1 18 12 1 0 3 41 17 1 0 0 0 1 338 0 2 40 0 2 1 16 1 1 8 2 0 1 1 4 0 0 0 0 143 4 4 1 0 1 3 0 67 6 4 6 0 2 0 6 
0 1 1 2 4 3 3 13 1 0 0 3 6 5 7 1 1 0 0 16 7 0 2 0 0 0 2 4 8 1 53 15 2 0 0 8 2 27 1 0 1 2 1 1 0 0 0 5 0 13 0 0 19 4 12 1 14 0 1 6 0 0 1 0 
0 0 2 11 12 4 0 6 7 5 1 0 7 0 3 9 0 5 0 2 58 52 5 0 8 1 5 5 0 0 0 3 13 1 32 1 2 5 55 4 2 5 1 2 28 1 0 7 9 2 120 0 2 10 0 6 1 0 6 1 0 0 1 0 
4 4 4 20 6 1 2 27 0 5 0 14 3 1 1 11 3 29 2 32 26 6 1 5 0 0 0 0 2 1 0 18 6 0 2 0 0 21 1 7 1 1 24 1 1 4 2 0 3 0 8 68 1 2 0 0 5 1 2 1 0 1 0 11 
16 0 3 5 10 9 6 13 2 0 3 1 1 0 1 32 88 2 0 0 1 2 1 5 1 3 0 4 2 31 0 0 1 0 0 1 0 2 0 6 6 2 34 5 1 0 0 8 39 0 1 1 24 1 3 1 1 0 3 8 4 5 166 2 
5 0 8 1 0 7 1 1 1 0 8 0 2 4 5 9 2 1 1 3 1 0 30 2 1 1 5 2 2 1 1 1 7 7 1 0 0 0 0 1 0 0 1 15 0 2 9 6 2 1 5 1 0 45 0 4 0 0 0 1 0 0 7 1 
3 20 39 0 0 0 1 4 19 1 7 0 1 5 22 9 4 0 0 16 8 1 1 2 2 77 14 2 28 3 0 49 16 2 21 2 2 0 4 2 12 5 11 13 4 23 1 0 5 27 65 2 10 0 4 6 6 5 1 0 0 1 3 10 
11 19 0 3 11 3 2 58 12 19 16 1 9 7 34 0 30 3 6 5 4 21 3 1086 1 1 1 10 0 1 29 11 9 1 5 12 4 2 1 1 2 0 0 2 0 0 9 0 9 5 9 19 0 0 2 2 0 0 5 3 1 1 5 4 
1 0 35 1 1 0 1 3 0 0 3 111 3 4 21 5 1 70 1 7 2 2 1 2 1 6 18 104 2 110 57 7 9 35 1 3 0 95 23 225 0 3 1 2 1 0 0 1 6 0 3 28 0 3 4 3 0 0 1 0 0 9 0 3 
0 16 0 13 1 0 1 4 6 3 1 0 0 1 0 23 2 8 43 0 4 9 1 8 1 3 1 0 1 0 2 0 0 3 19 1 15 2 4 0 77 0 4 2 5 3 2 4 0 5 1 9 5 6 10 0 1 1 10 0 6 0 0 0 
1 2 1 17 4 8 17 0 4 0 7 0 2 2 5 1 4 1 0 0 2 24 4 6 5 2 0 7 0 13 3 2 0 12 23 1 15 3 0 71 6 2 8 0 8 0 0 6 13 0 5 0 9 14 0 1 0 5 5 1 0 0 41 2 
1 5 1 1 0 19 0 0 4 0 20 4 10 0 0 1 23 0 4 2 0 6 1 0 17 6 11 6 0 1 0 5 10 2 1 4 1 1 6 1 2 2 10 0 0 1 1 1 2 1 1 0 2 11 1 2 9 4 9 0 1 3 1 10 
9 25 16 3 8 0 7 1 7 1 2 38 8 0 2 1 0 3 0 6 0 0 14 0 1 3 2 1 0 0 0 0 28 1 2 9 0 7 1 0 1 14 2 4 3 18 8 2 49 10 0 6 9 1 35 5 1 102 7 29 3 3 28 2 
8 1 1 0 1 1 1 0 6 1 4 1 0 4 0 3 0 2 6 1 1 17 0 1 20 18 3 9 0 0 0 0 2 0 1 0 1 1 43 11 4 0 4 1 1 2 12 0 3 110 1 5 4 0 0 0 0 1 0 2 0 0 2 2 
7 1 9 0 1 0 0 1 1 0 0 9 2 2 0 0 0 1 0 1 11 6 1 1 2 1 2 0 17 2 1 16 16 4 1 0 2 1 10 3 13 12 1 0 0 4 3 2 10 5 0 1 1 19 0 1 0 1 2 0 12 3 4 16 
3 1 0 0 22 4 0 1 5 0 0 42 1 11 11 1 0 0 3 0 5 3 225 0 0 2 16 0 16 2 0 7 0 4 12 4 0 0 4 8 0 22 4 0 11 3 26 1 17 3 13 53 3 13 35 0 1 1 2 1 1 1 7 13 
9 7 59 58 7 3 1 1 0 5 8 17 4 1 1 0 0 5 96 0 36 34 303 2 3 5 1 1 1 3 8 0 0 1 3 11 0 1 0 0 0 0 1 58 4 4 178 1 0 2 0 0 0 3 30 6 3 0 4 6 10 0 0 16 
1 0 6 1 3 35 0 11 3 2 5 1 0 1 14 34 1 3 10 2 3 32 2 6 1 1 0 21 0 6 0 6 0 1 1 9 2 4 9 0 1 4 29 1 0 77 1 0 7 0 0 1 1 1 4 31 0 0 33 4 0 0 0 2 
1 3 0 0 2 1 2 12 3 4 0 23 4 22 2 1 6 0 2 1 1 3 1 6 2 4 2 1 10 8 3 24 1 6 3 0 1459 16 7 1 4 1 727 16 310 7 33 0 0 1 0 41 1 1 0 0 18 1 2 0 13 0 4 3 
126 75 36 3 1 0 7 6 0 6 6 1 26 5 12 1 8 5 9 1 12 3 3 18 2 1 0 12 0 0 0 5 3 1 16 0 1 4 0 1 1 0 1 5 2 1 6 6 0 0 0 20 0 0 0 1 1 22 5 1 19 0 0 0 
1 0 0 16 7 0 31 2 0 0 170 4 17 0 3 41 2 0 1 1 17 0 2 3 5 4 1 0 0 0 6 13 0 0 7 0 0 1 0 1 35 1 0 2 4 1 0 0 1 0 2 0 1 10 11 0 0 19 2 38 0 2 18 13 
0 0 10 0 0 16 0 2 0 0 10 0 1 1 12 10 16 0 2319 3 0 3 42 6 1 11 2 1 12 0 1 2 10 0 1 1 5 8 1 2 2 1 0 0 0 2 0 1 1 0 0 0 5 11 20 2 0 2 3 4 6 0 0 0 
1 8 0 32 1 31 5 18 0 15 0 3 3 22 1 1 1 0 1 11 14 0 9 7 1 0 0 1 5 0 6 9 2 0 1 6 0 6 0 0 13 1 7 1 2 0 3 6 0 0 0 2 2 2 1 0 0 3 0 2 0 1 0 1 
1 12 0 3 0 0 3 2 5 4 0 2 1 11 1 7 0 6 0 22 3 71 0 2 2 1 44 30 3 1557 0 11 1 1 3 22 0 2 1 3 2 31 0 61 0 1 1 1 177 5 20 0 1 2 4 9 0 1 1 2 1 5 4 0 
0 0 9 1 0 0 0 0 1 0 35 0 1 6 5 36 3 9 15 11 7 0 41 3 0 1 1 0 2 45 0 2 1 0 0 0 74 0 6 8 3 1 0 371 1 23 0 1 3 0 0 0 4 0 5 1 4 0 0 0 1 0 0 2 
136 1 243 0 12 0 1 1 21 1 0 146 0 1 1 1 0 6 4 0 0 1 0 16 20 0 0 3 4 1 14 2 0 2 7 56 26 2 0 1 0 13 0 3 23 144 1 0 22 0 1 0 6 2 3 0 4 1 6 0 0 0 2 1 
4 22 8 11 6 11 32 1 4 25 0 1 23 0 0 9 0 3 7 0 10 2 17 1 5 5 0 5 1 0 1 1 1 3 2 0 93 6 1 2 18 1 0 7 0 0 3 0 0 11 9 1 2 11 35 0 19 38 495 7 0 0 1 0 
0 2 0 1 22 11 2 1 0 21 5 1 1 2 2 0 0 0 1 6 0 1 1 0 8 1 1 0 2 7 1 1 11 479 0 3 18 25 8 2 0 1 0 0 1 35 4 14 3 1 0 0 25 1 1 0 0 0 0 1 2 3 6 3 
0 1 32 8 1 0 24 7 0 0 45 2 1 643 0 2 1 25 51 6 2 5 18 27 2 7 10 1 0 0 0 0 0 0 1 9 0 3 6 3 4 6 1 1 2 0 0 6 8 1 0 2 1 2 0 0 11 5 13 0 8 8 0 3 
0 7 0 4 5 2 8 0 4 2 3 1 16 1 0 0 0 147 0 3 29 11 1 0 1 0 1 7 0 2 9 0 7 9 1 0 2 2 0 16 0 0 6 0 17 2 2 1 0 9 205 3 0 0 6 4 75 6 2 0 0 1 6 10 
0 1032 3 0 2 4 2 0 1 0 78 1 10 4 0 38 0 8 6 21 3 0 5 1 0 0 0 32 19 2 0 0 0 5 0 3 36 0 0 0 1 1 9 4 0 44 1 4 3 0 15 10 0 23 3 8 5 9 0 13 0 0 1 0 
1 3 1 6 3 13 0 5 2 15 18 0 0 0 32 0 0 0 5 132 9 10 1 3 3 0 2 21 2 1 31 37 0 0 10 1 5 1 1 1 0 0 5 1 0 1 1 20 9 0 8 1 1 1 0 0 125 1 0 47 5 2 1 0 
1 1 16 0 1 3 9 0 5 5 186 148 0 0 10 2 0 0 0 8 4 0 0 3 0 0 0 16 1 36 1 2 17 17 0 9 0 0 0 3 25 28 8 1 1 20 0 7 0 5 2 329 0 0 1 3 1 9 5 0 0 10 6 3 
0 1 1 11 1 0 0 0 5 0 4 1 0 1 15 5 1 2 6 3 11 0 0 1 0 1 0 7 11 10 199 4 0 0 1 15 1 0 0 0 2 0 3 0 28 1 0 4 0 5 4 6 11 0 41 5 1 7 0 6 2 4 4 0 
0 3 5 7 21 45 0 0 1 0 8 7 11 3 2 2 4 10 2 192 189 10 0 0 3 0 1 34 2 6 0 26 0 1 19 1 0 12 5 12 7 0 0 2 41 0 0 0 1 3 1 1 23 0 5 0 1 2 4 21 1 2 0 0 
0 7 269 7 0 22 0 0 16 0 7 0 2 4 0 1 2 207 1 5 0 1 0 9 0 1 0 0 0 3 24 2 1 0 0 7 1 1 13 1 0 0 8 1 8 6 15 1 2 0 6 6 3 0 1 9 3 4 9 6 3 2 1 4 
0 1 5 7 1 0 1 0 12 0 6 2 1 2 3 7 0 27 3 2 0 8 0 0 1 5 0 2 2 0 0 4 1 1 0 5 1 3 1 2 1 0 7 120 0 1 5 1 0 0 12 0 2 6 2 0 5 2 5 0 8 193 11 2 
8 10 0 0 31 0 1 29 6 0 1 29 2 0 10 3 0 15 2 2 7 31 0 2 3 2 1 13 9 8 0 0 0 1 3 10 1 0 5 6 9 0 10 1 2 0 5 1 6 2 5 35 3 0 0 6 9 7 14 20 7 15 13 0 
2 1 1 4 0 328 0 105 17 451 0 2 7 0 4 1 11 1 5 28 20 3 1 3 0 0 3 4 0 0 1 1 2 0 27 0 13 1 1 4 104 1 0 0 2 0 4 1 1 0 1 0 0 9 1 1 31 4 6 125 6 7 2 0 
3 2 0 0 1 7 1 4 2 0 0 2 1 0 2 1 1 107 9 11 50 2 103 2 49 1 0 4 0 51 9 6 5 0 0 0 1 15 0 36 0 0 1 12 16 0 0 4 2 3 4 0 0 4 5 1 1 2 0 1 0 0 87 2 
1 2 7 12 26 0 1 60 1 11 19 1 0 3 7 8 0 3 0 0 0 0 1 42 4 1 2 0 37 0 0 11 12 7 0 0 621 1 3 14 0 2 0 1 0 1 3 0 0 3 0 1 9 7 3 0 1 0 1 1 2 1 0 1 
1 1 1 0 2 1 0 1 4 21 0 1 6 4 0 0 2 21 0 13 0 14 14 0 0 25 1 7 144 24 10 1 1 1 9 11 37 13 5 14 2 0 6 3 8 3 4 31 7 0 28 1 37 4 5 119 0 1 4 1 1 29 13 1 
10 12 0 8 10 0 29 1 4 7 1 15 0 0 0 24 3 19 2 1 0 0 3 3 0 19 5 1 2 1 0 0 1 54 0 3 5 2 7 2 3 1 12 0 0 2 1 0 0 76 1 17 11 0 3 2 1 1 1 105 1 1 0 0 
6 0 1 26 3 31 48 222 13 1 9 0 1 0 0 4 0 0 2 4 3 0 7 0 5 50 3 1 4 0 18 11 30 2 0 0 6 1 0 6 7 4 421 0 7 3 6 0 3 0 2 19 7 13 4 38 0 2 1 1 3 18 438 5 
8 2 43 2 1 2 1 2 7 0 55 41 6 3 2 1 0 0 2 0 0 1 20 0 1 0 0 0 0 102 0 12 2 12 0 2 0 1 2 361 1 0 0 1 0 0 0 71 3 1 1 6 0 1 0 0 0 3 17 5 0 3 8 3 
0 10 13 1 10 1 0 12 13 99 1 22 6 4 6 0 18 0 3 0 21 0 0 0 3 14 2 4 1 0 0 4 21 0 0 1 0 7 1 0 2 4 1 2 7 21 0 0 40 1 0 33 4 1 95 23 2 6 0 2 0 32 1 0 
0 2 10 0 1 8 1 73 0 22 7 2 11 0 1 8 5 2 0 0 14 9 3 3 4 2 0 0 1 0 30 8 3 0 1 15 1 0 2 1 0 11 49 1 0 2 0 4 4 2 0 0 13 9 19 0 0 0 0 6 2 28 2 0 
6 1 38 0 1 0 0 1 5 1 4 0 0 0 1 2 0 0 0 1 1 17 1 35 2 2 0 2 0 1 38 1 28 11 0 3 0 0 2 0 3 0 1 18 0 12 26 1 0 0 5 3 0 0 29 0 0 1 0 0 4 2 1 2 
1 0 5 79 1 4 1 2 1 1 1 3 4 2 2 21 0 10 6 0 0 0 0 10 1 0 0 64 0 2 0 3 5 1 2 13 0 0 0 5 0 7 6 5 1 0 7 0 9 1 0 1 1 6 3 13 0 6 63 6 121 8 4 5 
18 0 5 0 42 7 5 4 4 2 0 6 1 1 0 0 2 1 0 0 12 2 1 3 17 15 1 2 0 32 3 1 2 6 2 17 0 2 122 1 3 0 4 251 0 0 0 0 12 0 50 3 3 0 9 5 0 0 12 0 0 0 5 12 
9 1 0 5 6 1 2 3 1 7 0 0 0 2 0 1 29 0 1 0 75 25 0 0 2 1 13 0 1 2 17 0 5 0 41 3 0 20 7 2 1 1 0 0 2 0 10 4 72 0 2 2 2 0 1 10 3 0 0 2 19 19 13 4 
3 0 7 0 4 0 2 0 4 113 8 51 2 0 0 31 24 2 0 0 0 1 15 4 6 3 10 64 8 15 2 23 1 4 0 102 4 15 1 0 0 4 1 19 3 0 11 116 2 55 0 2 1 1 0 0 2 0 0 37 2 0 7 3 
14 2 23 3 138 0 2 3 1 0 0 1 8 1 7 0 0 46 0 11 0 1 22 12 1 3 3 10 6 9 0 0 0 0 16 28 0 0 0 22 1 0 24 5 444 2 7 7 0 26 23 6 1 1 0 0 9 0 1 0 1 2 0 1 
0 0 1 0 0 0 0 8 1 8 17 8 17 0 41 3 2 1 1 2 0 0 0 2 0 0 0 0 2 0 50 0 0 1 5 1 0 1 0 1 1 6 9 0 0 1 1 93 11 0 8 0 0 11 5 3 19 4 13 3 0 0 10 0 
31 0 1 122 53 0 25 10 16 0 2 0 3 0 0 68 15 1 1 0 2 1 4 140 1 3 0 0 18 16 1 1 2 9 24 3 1 0 0 1 1 0 0 0 5 6 2 3 0 21 8 1 4 5 1 8 3 5 24 30 0 11 2 5 
3 1 2 0 7 37 12 1 4 1 1 2 2 0 0 1 18 1 3 2 7 0 3 0 1 0 40 34 1 0 1 1 1 12 1 3 1 1 0 1 2 0 1 30 0 1 4 2 0 104 0 0 1 2 2 171 13 29 6 15 1 6 24 7 
0 4 6 11 1 1 1 0 8 2 0 41 0 0 7 1 1 1 0 5 2 0 0 1 6 6 1 6 8 5 2 11 10 0 7 0 0 0 4 2 0 0 17 6 1 0 8 2 0 1 6 0 3 5 0 60 25 1 0 0 1 0 0 2 
1 8 24 0 3 21 5 1 1 1 10 0 0 7 25 0 0 0 67 0 1 5 24 3 0 0 1 1 4 4 2 11 0 1 1 1 0 0 0 1 2 7 2 1 3 27 12 16 1 83 14 3 3 4 14 8 0 0 0 7 6 1 18 0 
2 13 0 1 3 4 0 15 2 11 13 0 1 0 3 1 110 1 1 8 14 0 4 3 1 1 143 2 4 3 8 0 12 0 4 0 1 2 7 0 2 323 6 1 14 0 31 0 0 1 11 11 1 267 1 7 4 34 2 5 0 1 0 6 
0 3 3 0 38 0 0 1 8 1 4 5 3 0 6 3 1 7 0 5 4 2 1 75 17 1 0 0 3 735 1 3 3 13 1 0 1 1 2 0 537 0 0 0 0 13 2 1 0 28 31 1 1 1 0 1 3 2 1 93 2 0 6 1 
9 0 0 9 22 0 12 1 15 1 31 3 1 1 2 0 0 3 0 18 1 16 0 8 11 1 1 22 12 0 1 3 1 0 0 92 12 172 1 1 0 3 0 0 1 6 0 3 0 3 2 0 478 2 6 0 2 6 23 12 1 3 1 0 
1 0 3 1 0 3 2 5 8 4 2 12 94 1 2 2 1 1 0 6 1 0 0 14 0 1 6 2 28 1 3 28 1 1 2 0 0 5 0 4 9 0 4 2 4 0 4 17 20 12 6 3 0 0 4 3 0 0 149 2 6 2 124 4 
0 1 23 0 0 1 0 13 1 0 2 0 0 0 5 0 8 1 5 13 0 0 0 2 0 12 0 1 12 12 2 0 1 0 0 0 1 5 6 8 0 2 1 0 4 0 62 1 5 0 6 2 0 6 0 7 11 4 51 1 0 0 20 1 
0 54 11 3 0 1 12 0 3 0 0 10 1 0 1 0 6 7 3 4 0 0 0 12 15 1 7 3 7 4 3 0 0 6 4 2 0 1 26 5 0 5 0 8 1 2 5 6 4 1 1 0 1 10 6 5 1 1 4 0 12 12 0 1 
0 1 9 0 0 20 107 29 9 17 1 8 0 0 2 0 1 3 11 2 3 9 3 0 0 0 2 9 0 2 5 42 4 0 5 10 0 1 0 4 0 227 8 0 0 0 0 1 2 0 2 13 4 1 0 1 42 0 3 0 7 7 0 8 
30 0 1 1 0 62 32 31 2 0 1 2 0 0 1 1 0 15 1 1 3 5 0 6 48 7 0 0 7 30 44 0 2 0 9 2 0 0 0 6 10 9 18 3 21 0 0 0 5 0 0 1 1 176 0 4 0 5 10 0 8 5 0 1 
34 1 12 6 0 1 1 6 3 2 1 2 1 0 0 2 0 0 10 1 0 15 13 1 0 0 3 0 1 0 0 1 1 233 3 26 8 11 6 2 1 41 10 1 0 4 4 0 33 5 0 2 0 1 2 4 0 56 156 1 0 1 64 1 
3 13 0 0 3 0 2 0 1 5 1 0 0 0 12 2 1 12 6 1 1 6 20 0 11 2 13 1 0 0 0 1 6 4 89 3 0 3 0 1 0 7 2 1 0 0 3 2 0 2 6 1 0 0 0 1 0 1 9 1 26 1061 5 0 
3 0 2 13 0 2 1 2 0 4 1 3 2 13 13 2 32 179 120 13 0 3 0 7 14 0 4 189 5 0 3 0 0 8 41 0 1 5 1 0 2 1 4 1 0 0 2 0 4 4 2 0 1 7 3 1 2 0 0 4 2 15 10 1 
23 7 2 6 6 0 1 1 0 4 0 1 3 1 5 0 2 10 1 5 5 1 5 0 0 13 0 295 6 1 0 1 18 7 0 0 1 2 2 7 1 0 0 1 1 0 0 10 3 2 1 2 75 3 273 0 13 9 12 12 0 2 6 2 
2 0 29 1 2 6 4 4 9 0 12 37 1 22 2 2 0 6 2 0 2 11 0 3 78 0 4 0 1 8 6 0 2 0 0 1 5 43 6 0 10 1 0 0 2 5 0 4 15 3 7 2 4 0 2 0 5 0 1 0 0 16 0 2 
70 2 5 4 19 1 5 0 1 6 1 1 1 1 3 0 2 2 0 24 0 0 2 6 2 0 3 0 150 2 0 4 1 2 0 1 0 0 4 0 15 2 1 4 9 8 0 1 2 1 3 1 3 16 2 1 0 4 12 21 0 2 2 3 
1 149 11 0 2 61 3 3 9 0 1 0 2 0 0 22 7 0 0 106 1 1 76 1 7 10 1 1 1 2 13 1 6 47 7 0 1 25 9 3 6 16 13 0 1 0 1 4 2 6 1 8 3 0 21 0 27 2 7 0 5 3 0 0 
7 1 0 4 15 1 4 1 2 1 7 11 0 0 0 0 1 0 14 0 138 1 0 6 25 3 0 0 0 4 0 9 0 7 1 3 16 2 0 2 0 1 0 1 0 82 1 0 1 13 3 1 2 6 1 0 1 0 1 0 78 12 20 0 
0 0 77 0 0 7 4 39 11 0 12 1 2 2 0 2 3 0 18 0 0 0 0 2 2 0 9 0 3 0 0 4 1 0 9 2 0 21 0 6 0 62 7 3 1 1 0 22 6 1 46 0 1 12 15 104 3 0 0 1 1 0 1 0 
4 4 78 0 0 4 3 15 1 9 92 0 257 1 1 1 1 12 3 3 9 41 0 0 15 6 11 1 1 34 0 1 0 3 12 4 13 9 2 18 12 3 1 0 7 0 5 11 8 0 4 1 2 0 6 1 10 64 10 5 1 1 1 2 
22 7 4 23 0 1 4 5 0 0 0 0 4 36 26 5 4 20 6 1 9 7 1 12 46 0 3 0 1 3 0 1 0 1 0 3 1 2 3 1 0 12 23 4 369 29 41 0 1 0 89 0 6 4 0 3 0 0 4 7 1 0 21 9 
8 0 1 0 4 4 1 2 10 0 0 2 23 4 0 0 0 0 2 3 0 1 1 2 21 0 8 18 0 2 2 0 0 6 0 2 0 0 8 43 1 0 3 6 1 1 0 15 0 0 2 1 5 0 801 0 84 0 0 11 2 11 13 0 
0 1 11 3 1 6 0 12 2 12 5 10 0 4 0 0 7 2 0 4 0 18 1 2 0 1 2 0 0 7 0 5 5 0 0 0 0 1 2 0 5 0 39 4 1 4 1 2 5 3 14 3 93 0 21 2 0 4 8 0 192 3 22 11 
4 0 19 2 0 3 35 0 5 4 6 18 0 0 12 4 3 1 4 0 0 0 1 1 1 0 13 2 1 26 1 0 5 20 6 76 6 3 3 0 4 0 0 8 2 3 6 1 0 4 0 8 16 0 0 1 1230 2 4 0 0 0 0 14 
4 3 0 0 8 0 26 0 21 4 13 1 0 1 0 9 6 0 95 2 0 0 53 30 0 0 1 2 0 10 0 1 201 2 21 0 1 1 2 10 8 2 12 1 0 6 3 97 1 0 13 0 3 5 0 3 2 0 14 6 0 6 1 37 
1 0 1 114 2 0 10 0 0 5 1 3 42 10 0 5 6 5 0 8 0 1 10 13 0 0 583 1 34 1 1 1 1 3 2 68 1 3 2 1 0 0 2 0 106 11 0 0 1 0 5 2 1 13 3 19 8 0 1 1 0 7 11 5 
5 0 0 3 17 1 0 81 3 5 21 1 0 39 6 0 8 0 1 3 31 27 3 1 73 4 2 44 9 2 58 0 2 1 6 1 0 6 0 0 1 0 48 1 22 258 2 2 5 1 189 1 59 10 1 1 51 3 3 1 1 4 1 0 
4 2 2 0 19 21 0 0 1 0 3 1 1 2 1 1 6 1 1 4 7 15 12 0 1 6 1 7 14 0 2 64 15 6 1 4 15 1 1 0 2 8 0 1 0 1 1 0 0 0 10 4 87 1 3 0 0 1 4 0 130 0 4 27 
3 0 3 9 0 0 0 3 2 1 3 1 29 1 2 42 0 2 0 0 80 67 0 1 2 2 0 28 45 0 0 3 0 6 1 0 0 1 4 11 0 1 0 0 4 12 0 6 3 28 0 24 2 8 3 1 2 0 2 4 14 1 5 7 
1 2 2 8 2 1 6 22 80 9 5 3 2 7 122 2 54 135 0 6 1 3 0 0 2 0 10 3 1 0 8 1 0 1 1 10 2 1 0 32 4 2 0 0 10 0 4 83 1 6 6 1 1 1 3 1 1 0 21 20 3 3 4 6 
0 0 0 1 6 1 5 0 0 0 0 0 1 0 0 1 15 1 0 0 101 4 0 1 4 2 9 5 0 3 15 5 0 27 1 3 4 1 4 3 1 80 0 4 36 58 1 2 0 7 2 1 0 2 27 2 9 1 1 0 1 3 5 0 
0 2 2 8 0 1 1 2 4 1 0 5 1 23 7 1 3 2 0 5 9 10 25 1 0 0 67 24 0 8 0 6 2 1 25 12 2 5 27 0 4 14 1 0 1 37 6 3 1 1 1 13 8 0 4 0 23 4 6 19 0 3 2 7 
8 1 3 2 1 0 1 8 7 2 2 0 0 5 5 21 0 4 0 1 0 1 5 1 3 0 7 9 0 0 0 23 0 6 1 7 3 1 0 1 13 40 79 3 0 1 1 0 0 16 1 10 1 0 13 0 1 6 2 1 0 1584 15 0 
2 23 9 0 89 1 2 0 1 0 1 2 0 0 0 7 5 0 1 0 10 0 0 3 0 5 1 7 12 10 0 4 3 1 0 0 2 16 1 10 0 7 16 1 2 65 0 0 1 1 1 1 1 22 11 49 1 28 0 0 1 0 0 0 
0 0 3 1 1 6 9 0 1 2 38 1 0 1 89 0 0 1 14 0 0 0 29 2 2 1 24 7 7 2 8 0 9 1 9 0 9 8 2 9 0 11 4 16 0 2 0 2 1 0 5 4 1 6 2 3 922 78 4 4 0 3 0 0 
0 14 20 4 1 2 2 0 0 9 0 2 0 1 13 32 0 3 0 0 8 0 2 4 1 0 1 1 1 0 0 0 1 7 0 13 0 0 4 9 0 6 2 0 0 4 0 2 10 2 2 1 15 0 1 15 1 4 7 7 1 0 44 0 
4723 0 0 8 11 3 4 0 0 54 21 1 4 74 1 2 1 0 9 0 14 1 75 0 20 0 47 0 3 0 0 1 159 18 1 74 12 0 2 10 4 1 2 5 5 2 0 2 10 8 0 0 2 0 3 0 14 0 2 0 2 3 0 16 
0 1 0 1 9 13 4 0 0 31 114 22 25 5 0 2 1 0 0 205 25 0 1 0 0 11 4 0 0 2 8 0 0 0 2 3 1 4 0 3 2 0 0 0 2 60 2 10 10 2 0 6 2 82 20 3 0 1 147 3 0 1 0 0 
1 5 0 0 1 4 0 1 36 1 12 1 11 10 15 1 0 7 3 0 1 0 1 7 1 0 1 11 4 32 8 4 33 5 2 1 0 0 1 0 78 4 0 4 2 14 10 1 7 44 3 0 2 1 2 3 1 0 10 1 3 1 0 1 
0 0 0 0 2 5 0 0 744 0 0 0 0 8 0 55 3 0 0 0 0 73 0 43 0 16 6 1 0 2 6 2 6 13 2 0 36 9 1 9 9 7 0 2 13 11 9 1 0 5 2 1 2 0 1 0 11 5 3 2 2 2 2 3 
12 3 0 9 4 1 1 15 0 2 0 2 6 1 269 0 6 6 5 4 0 0 0 26 47 7 9 2 0 1 1 1 2 6 2 0 2 3 4 5 1 0 15 2 1 5 1 0 3 17 0 30 3 2 2 0 30 56 1 3 0 2 8 1 
2 1 1032 9 0 60 0 1 0 2 0 2 0 1 6 0 10 69 0 20 7 36 5 4 14 5 10 0 8 0 1 13 11 3 0 1 2 0 0 0 2 1 1 1 2 32 1 9 7 3 1 1 0 2 9 0 0 0 8 2 1 28 0 8 
2 4 1 4 82 25 354 1 0 16 9 0 12 3 1 94 1 0 2 0 4 2 18 30 3 1289 0 0 3 8 0 2 7 14 4 0 1 0 1 18 23 3 0 0 0 20 4 3 6 9 3 3 4 8 4 1 62 2 0 0 1 7 4 4 
10 0 0 15 9 3 88 2 0 6 1 1 1 23 2 0 1 0 11 1 5 2 0 0 2 0 0 0 1 0 2 2 0 47 3 1 3 4 9 1 11 50 5 81 1 0 4 5 1 8 72 30 19 2 4 8 5 10 19 0 11 1 1 12 
0 0 1 0 2 0 0 0 7 1 0 3 1 2 2 1 0 0 1 0 0 0 5 0 7 11 2 3 6 4 1 9 13 1 0 0 0 4 1 14 4 2 5 6 1 0 0 1 1 0 4 2 1 1 1 0 10 83 0 3 2 1 8 11 
2 29 1 2 2 1 16 1 6 0 1 0 0 5 0 2 4 0 1 1 2 1 4 1 1 4 59 3 3 3 4 65 9 2 2 4 8 0 6 0 12 0 0 62 1 0 0 0 36 14 1 0 0 1 0 0 1 3 24 9 0 63 21 1 
25 1 0 0 24 0 0 6 181 9 25 0 6 6 71 1 0 1 2 1 8 1 3 2 1 3 0 36 0 0 10 0 0 9 0 6 0 0 0 6 1 0 2 0 3 3 86 0 26 0 62 0 4 0 127 1 6 0 14 1 2 0 25 10 
1 1 1 1 0 88 0 4 2 4 1 1 2 4 8 16 3 6 10 1 0 2 3 8 42 2 7 1 0 2 2 5 9 0 73 0 11 2 0 6 0 1 9 2 0 4 1 2 6 5 15 2 8 6 0 1 0 1 53642 15 1 0 7 3 
0 0 0 16 5 1 3 2 0 0 0 1 0 9 11 422 2 0 1 1 2 4 0 3 1 0 4 6 1 11 1 0 3 1 0 0 13 2 0 4 18 1 0 1 1 15 1 3 1 1 3 2 0 2 2 16 0 0 0 20 7 0 31 0 
8 1 0 5 149 17 10 12 0 2 3 1 0 28 0 0 1 321 1 5 13 3 23 1 3 1 2 3 1 17 22 7 1 0 14 1 0 2 0 2 5 3 1 0 12 0 12 1 0 0 0 0 0 1 8 2 0 2 8 1 42 1 11 0 
2 14 3 1 6 3 1 2 0 1 1 0 2 10 0 3 0 33 9 1 0 11 7 0 1 1 0 3 10 0 0 0 0 1 2 2 7 7 1 1 2 0 0 0 2 0 4 2 2 0 2 1 4 2 9 3 0 1 8 0 22 17 26 0 
1 0 1 14 0 2 2 14 31 1 8 5 1 1 1 1 0 6 1 1 12 0 2 1 3 1 0 0 0 3 0 1 1 6 9 8 420 178 2 79 0 0 0 2 1 2 1 0 0 15 16 8 5 0 1 3 4 3 9 1 0 0 0 0 
0 20 0 0 0 256 6 17 1 0 17 1 11 504 1 25 1 4 6 12 1 31 26 19 0 5 0 1 6 5 0 2 0 1 0 0 0 3 0 2 0 0 5 1 1 3 1 0 13 14 0 6 2 2 0 4 1 60 0 3 0 2 12 2 
0 29 0 13 0 5 3 0 3 10 0 4 3 6 72 2 6 0 1 1 0 12 0 0 5 0 4 4 14 1 7 0 0 2 32 0 31 0 0 0 4 0 28 1 0 5 22 3 7 1 2 267 1 0 32 2 1 4 13 9 18 1 0 3 
0 0 41 22 1 28 0 6 9 10 0 1 2 6 3 1 0 18 11 0 12 0 9 0 2 3 0 47 1 1 1 2 28 0 0 12 9 0 14 6 3 8 1 7 0 7 0 1 0 2 0 10 2 3 3 1 8 0 1 9 0 0 2 0 
2 0 6 1 0 4 0 0 1 2 2 1 1 3 0 1 0 6 10 8 22 0 8 2 1 7 0 3 0 5 6 60 1 0 0 0 18 1 0 11 0 5 0 25 0 3 0 0 36 0 2 12 1 2 0 1 0 9 1 12 0 0 0 2 
4 1 0 8 1 0 24 1 0 1 3 5 0 562 0 1 0 1 0 0 1 0 6 13 3 4 0 1 0 3 1 93 2 0 25 1 1 0 11 0 0 0 3 3 1 5 0 0 0 1 0 1 0 1 2 15 1 3 2 1 0 18 8 10 
2 0 0 1 15 0 1 167 1 1 14 2 4 3 0 0 128 3 25 8 1 0 1 17 11 0 1 2 0 0 19 1 1 3 57 4 0 1 1 0 0 0 1 11 4 1 0 1 6 4 0 2 6 3 2 0 1 11 0 1 33 1 2 1 
1 11 1 0 2 0 68 0 0 2 1 0 0 0 4 8 12 0 0 2 47 2 0 2 8 1 3 0 20 1 18 3 1 0 1 1 20 2 2 1 3 24 8 6 5 3 0 2 4 1 6 92 0 29 14 0 27 0 1 9 19 2 0 0 
1 28 1 0 1 34 0 0 2 13 1 3 34 1 2 2 4 0 1 1 0 0 2 1 2 2 0 0 4 0 4 15 1 0 1 4 0 65 1 4 3 0 35 0 124 28 15 1 3 0 39 5 8 0 4 2 1 0 9 1 1 0 2 1 
2 20 0 0 0 4 0 3 6 0 0 2 5 0 0 0 2 1 14 1 0 25 5 0 1 87 16 5 1 1 0 5 2 0 4 8 0 13 22 1 144 7 2 5 5 0 3 1 3 2 0 4 1 10 7 2 5 1 4 39 8 70 41 9 
0 3 18 13 6 1 2 0 65 1 12 0 4 2 14 0 1 18 0 4 2 0 27 0 0 1 0 8 0 0 10 0 0 4 57 6 0 0 1 45 0 13 1 5 1 12 4 0 3 1 3 5 1 0 12 0 7 0 11 3 6 12 1 0 
0 0 1 1 1 4 6 2 7 0 10 0 10 1 5 9 17 0 2 10 12 0 23 1 6 1 2 14 1 0 124 1 0 1 30 2 4 2 3 0 4 1 0 0 2 1 3 6 0 0 0 3 0 23 0 26 0 0 6 2 3 5 2 0 
1 1 0 9 6 1 0 0 2 33 0 1 4 1 6 1 2 0 5 0 8 3 0 0 0 0 0 18 1 1 0 3 1 1 1 6 6 0 2 1 0 82 2 7 10 214 18 0 2 16 8 4 4 3 2 0 5 8 1 40 1 27 3 1 
59 6 20 1 11 1 0 3 10 0 3 1 7 2 16 0 3 0 1 4 0 1 0 3 1 17 0 39 29 28 132 16 4 9 0 0 6 6 67 0 3 0 3 0 21 1 17 0 59 2 0 16 9 10 2 1 0 0 0 10 0 0 3 3 
6 5 1 1 4 0 1 2 1 77 7 2 0 2 14 0 0 8 0 10 1 3 10 0 0 2 1 3 7 1 0 6 4 23 0 4 1 1 1 29 1 0 5 19 0 19 2 4 0 1 7 2 0 7 366 2 4 0 6 2 0 27 13 2 
2 0 8 10 6 27 3 0 0 74 0 0 8 3 1 1 54 0 0 2 1 7 119 2 0 1 3 13 25 0 0 1 0 12 13 1 2 6 2 30 0 0 0 1 1 9 0 13 0 0 60 3 0 4 2 0 0 3 3 9 1 15 0 1 
0 0 8 70 4 9 1 1 6 0 4 1 1 1 6 12 0 2 101 14 0 0 0 0 8 2 0 5 0 0 1 3 2 0 11 2 14 2 0 0 33 9 0 0 3 0 24 0 0 0 0 1 6 1 1 4 37 0 0 280 13 16 4 0 
0 6 0 0 0 16 1 4 0 4 6 3 3 9 4 2 14 6 0 3 0 1 0 0 0 11 2 5 11 0 0 2 2 0 7 0 4 14 108 0 1 0 0 19 0 23 2 0 0 0 3 6 12 10 9 3 28 1 6 2 1 30 0 6 
0 1 13 0 2 6 1 2 0 0 0 3 0 0 14 2 27 0 5 11 0 1 0 14 0 8 8 0 2 1 12 0 0 0 0 2 1 6 2 0 1 2 2 6 0 3 2 1 4 1 0 2 4 3 11 6 11 11 4 2 1 7 2 0 
0 1 2 9 2 1 19 2 10 0 4 0 0 90 0 2 21 5 2 1 0 29 62 2 0 0 0 13 5 0 3 12 0 1 0 1 0 3 3 0 0 0 5 1 0 0 2 10 0 4 0 7 0 23 1 9 2 35 1 0 1 13 0 1 
0 27 180 4 15 0 0 0 18 1 4 20 5 4 6 4 16 9 2 0 15 5 0 3 9 0 7 34 9 0 0 87 18 0 0 2 0 1 0 0 2 7 1 13 42 1 5 1 9 1 1 1 0 2 9 2 16 6 19 1 2 4 0 9 
24 0 0 10 0 0 4 1 0 0 3 1 6 0 0 2 1 0 10 6 5 0 5 0 57 2 5 1 11 3 0 1 0 53 5 9 22 8 4 19 3 1 88 3 350 16 1 6 1 5 9 31 3 19 14 0 1 0 1 1 0 10 1 1 
2 8 1 1 13 0 1 3 2 2 0 0 1 8 1 0 0 0 2 6 3 1 0 2 2 2 30 0 0 5 14 0 5 2 50 1 1 3 16 23 0 2 4 12 1 1 1 3 122 36 3 5 13 0 1 2 0 8 14 0 11 4 0 4 
0 1 0 0 0 3 0 10 0 4 0 3 15 0 8 0 0 2 1 1 9 0 1 2 1 1 1 0 3 2 11 1 0 2 4 10 25 2 43 8 86 0 4 43 0 1 2 0 2 1 0 8 1 2 13 0 1 31 4 1 4 0 13 0 
7 8 0 1 1 2 0 6 79 1 1 3 2 1 6 2 25 7 2 1 1 1 4 6 1 0 1 1 5 0 484 0 1 0 4 1 1 10 6 5 13 0 1 0 3 1 42 1 2 0 1 0 12 2 1 0 108 182 5 0 12 0 3 1 
3 2 2 2 10 1 2 1 21 0 1 11 5 4 1 5 22 13 8 17 16 24 2 2 1 5 9 16 17 1 2 6 0 0 4 8 8 8 1 15 0 0 0 9 0 3 1 1 1 0 10 0 2 0 0 2 2 21 0 5 14 0 1 8 
3 18 0 57 37 1 0 12 5 0 3 7 1 19 1 0 5 0 3 5 333 0 0 2 0 0 1 1 59 1 0 4 6 2 5 0 0 1 4 5 1 10 1 2 0 0 3 9 9 1 4 1 15 1 1 0 2 0 35 0 2 7 20 6 
1 1 2 0 0 3 2 3 7 9 5 0 4 30 10 2 5 0 32 1 9 2 11 0 8 1 0 1 1 30 0 17 6 27 0 0 4 1 7 0 8 0 1 2 1 15 0 1 0 0 0 1 6 1 415 21 8 2 0 0 0 18 20 2 
5 15 3 0 5 2 0 2 1 19 1 0 6 0 6 2 1 84 2 1 1 1 0 0 27 6 4 8 1 2 0 12 0 0 0 0 0 5 5 134 7 12 1 0 66 8 1 0 1 4 1 0 2 10 28 2 0 0 0 1 0 2227 2 53 
4 9 8 2 1 2 25 10 0 6 5 5 0 28 8 119 5 1 2 475 0 9 2 0 0 0 3 0 1 3 7 7 4 1 2 60 6 1 1 0 1 1 3 17 1 5 9 1 1 0 0 4 13 1 1 3 1 1 1 12 8 4 2 3 
0 2 3 0 2 9 1 2 30 6 0 16 6 41 1 10 5 3 3 11 2 0 0 25 3 6 0 0 0 0 1 4 8 4 8 5 33 0 0 58 4 0 3 2 4 4 49 5 6 1 20 1 28 5 8 18 0 5 7 1 1 0 0 0 
5 14 0 1 6 5 0 0 8 0 2 4 3 2 0 254 9 0 4 3 0 2 1 149 13 38 0 0 1 0 16 61 0 0 148 6 169 1 23 7 1 1 125 4 3 24 0 6 2 151 300 2 5 1 1 0 1 9 0 2 5 0 2 0 
124 3 5 5 8 1 1 2 2 10 1 1 1 4 1 0 2 2 0 13 9 14 0 1 0 0 119 5 0 1 2 0 1 0 0 2 0 25 2 3 1 3 13 0 2 12 24 5 4 1 14 0 17 7 0 2 6 0 6 1 49 27 1 30 
3 18 10 1 1 1 10 35 0 12 0 15 28 23 125 0 0 6 8 0 1 0 1 9 2 0 5 3 1 0 0 1 7 10 99 6 6 1 6 2 1 5 1 5 1 1 13 2 11 1 20 1 5 4 222 0 2 0 90 0 0 0 0 1 
1 0 1 1 0 2 6 1 2 6 1 0 4 0 2 7 47 31 1 0 0 0 0 5 5 3 2 7 1 66 10 1 10 7 3 13 1 12 1 2 1 0 0 6 1 1 0 0 1 2 9 3 0 14 1 0 0 8 2 0 5 2 1 96 
1 2 2 0 13 0 1 0 12 6 1 0 2 0 3 14 1 22 0 0 1 1 1 0 0 5 12 0 1 2 11 3 42 0 0 2 0 4 3 3 4 1 3 7 8 3 1 0 10 10 1 2 0 1 1 29 36 2 19 28 3 3 38 4 
1 6 15 0 26 7 8 0 0 1 0 2 9 6 6 8 6 0 1 1 0 8 1 3 29 1 17 0 0 2 7 2 14 3 0 3 2 0 9 0 1 0 1 1 0 1 1 0 22 1 1 1 2 232 0 2 2 16 1 0 2 1 0 1 
0 15 13 0 2 7 1 5 0 1 9 0 1 0 60 3 16 51 1 1 4 3 1 0 11 7 8 7 0 0 1 0 4 3 0 5 2 134 0 8 75 9 11 3 2 46 5 1 1 1 0 0 1 8 0 5 2 0 21 0 0 0 0 1 
31 11 0 1 0 3 1 0 0 0 0 12 4 11 0 0 0 5 0 13 19 3 7 5 3 2 0 12 3 2 12 1 1 0 1 6 7 0 10 0 0 1 4 1 6 2 1 3 1 3 1 2 0 3 3 5 6 2 4 1 0 0 4 13 
3 0 1 4 1 13 0 38 0 3 35 16 0 1 0 0 0 8 5 1 17 0 5 0 0 0 1 0 3 7 0 59 0 11 3 1 6 10 1 1 0 1 6 2 1 2 1 0 10 2 0 3 3 5 3 17 0 0 0 0 0 6 6 0 
1 0 0 12 0 0 22 5 0 9 0 1 1 0 1 0 23 6 0 1 0 30 0 0 1 1 7 1 1 6 1 17 4 2 0 28 1 5 150 2 4 22 1 7 0 1 5 5 0 0 9 0 1 10 0 0 0 10 4 2 10 2 2 0 
1 0 5 2 0 55 5 0 1 21 0 0 47 4 5 13 70 45 1 1 2 0 10 2 3 1 0 0 0 1 31 13 3 2 0 1 0 0 609 5 7 7 1 25 0 8 11 2 1 10 2 4 1 0 5 0 0 6 0 43 31 1 1 0 
2 0 0 0 0 1 0 3 3 28 11 1 1 6 0 7 10 0 10 6 1 1 0 15 2 2 2 10 0 2 1 4 1 3 1 0 0 3 0 37 8 2 1 0 2 1 3 0 0 8 6 1 1 1 0 4 0 1 2 0 8 0 0 0 
7 1 16 2 25 3 2 10 0 2 11 68 11 10 8 1 6 0 43 0 3 0 2 1 7 398 5 0 2 6 7 0 0 8 0 0 0 0 1 0 1 1 0 1 1 2 1 1 25 3 2 0 0 1 7 1 2 29 0 1 4 5 18 0 
9 1 1 13 1 14 0 0 0 69 2 1 0 64 1 0 0 0 0 0 13 23 0 9 226 1 0 0 0 27 33 4 11 21 1 27 27 1 1 2 2 2 0 2 1 6 0 0 0 5 3 0 0 0 1 2 2 1 5 1 2 0 17 16 
3 0 0 6 0 0 4 11 2 3 4 1 0 0 22 0 0 3 5 1 0 0 0 0 0 2 0 12 7 154 12 24 0 0 0 0 3 0 0 1 2 2 4 44 2 25 1 0 9 1 1 0 0 16 2 6 3 9 7 34 0 2 1 0 
1 0 5 5 11 24 5 6 0 1 6 64 3 0 1 20 0 4 0 1 1 16 0 12 0 0 5 0 44 1 1 2 2 29 0 3 11 5 1 1 0 8 92 4 1 1 52 2 4 7 2 1 1 13 4 31 0 1 0 11 2 32 2 2 
1 1 5 2 0 0 21 3 1 1 1 10 22 32 0 0 24 2 0 1 0 5 1 2 2 12 4 0 0 0 26 6 1 2 0 0 2 1 5 1 15 12 0 1 0 1 1 8 1 3 0 0 112 5 0 2 1 2 0 0 9 7 4 32 
10 0 14 12 2 3 0 3 5 240 1 5 0 19 13 6 1 0 1 1 1 15 2 0 15 0 21 17 12 0 6 1 1 9 0 3 10 1 1 12 10 0 2 16 2 4 4 3 34 34 108 0 5 0 0 0 105 0 8 12 0 1 13 2 
476 0 15 1 0 0 1 1 2 4 5 0 9 0 1 1 1 5 1 1 97 4 0 1 0 1 1 28 3 0 4 1 0 0 3 1 1 12 0 0 1 4 24 1 13 53 2 0 2 1 6 2 5 6 2 0 1 20 5 1 0 1 4 11 
13 1 3 2 0 0 1 3 5 7 0 21 2 5 0 2 2 19 7 0 0 17 9 3 0 0 0 1 2 0 14 126 12 26 1 0 13 0 9 2 18 12 1 0 4 14 3 12 2 3 1 1 3 1 0 3 53 21 2 11 4 70 1 6 
4 14 33 7 4 0 0 8 2 1 242 2 5 0 1082 1 3 2 0 8 7 9 1 21 0 13 0 0 0 1 28 6 8 1 1 18 3 5 0 3 8 2 1 10 0 1 2 5 10 5 6 0 3 5 54 8 5 37 25 2 0 3 1 22 
9 20 2 9 1 1 6 0 0 2 0 2 0 1 7 7 0 11 23 6 0 1 3 2 8 1 13 9 0 14 35 0 1 1 0 0 8 9 10 1 9 25 0 3 1 7 0 0 1 1 2 0 1 3 37 0 0 0 2 1 2 0 14 1 
3 6 2 2 1 1 15 1 0 2 0 0 3 3 28 3 2 0 0 20 3 5 4 6 27 9 8 0 207 1 1 4 2 1 19 1 2 4 0 84 8 0 0 0 25 9 4 79 21 4 1 8 2 0 18 7 2 21 5 2 18 0 12 16 
5 1 0 1 3 8 1 0 5 1 2 0 2 0 4 7 0 1 9 108 0 4 0 10 0 2 1 1 1 11 1 11 1 3 4 8 5 31 4 4 0 8 6 1 3 6 0 2 1 0 7 2 0 0 12 0 6 0 0 15 5 11 8 2 
0 0 4 848 4 5 0 13 31 3 2 1 0 1 3 6 0 21 4 14 0 2 1 2 0 377 1 0 3 0 6 0 3 1 0 1 0 35 2 26 0 0 17 0 1 14 14 13 0 18 0 8 0 0 7 3 51 2 0 0 7 1 2 1 
15 1 0 0 1 0 0 0 10 12 6 0 1 0 2 0 21 0 0 36 1 0 1 1 1 2 0 41 1 172 2 0 0 0 10 6 0 2 2 10 7 2 4 24 0 21 1 9 10 1 3 3 0 10 2 0 2 1 34 4 0 6 5 0 
1 2 0 10 2 10 18 0 17 1 0 1 0 5 0 0 1 9 0 10 6 0 2 1 9 0 1 2 0 10 0 38 3 6 3 0 1 9 6 2 0 5 6 2 1 0 0 0 39 4 6 0 0 0 1 0 3 1 8 0 0 5 0 5 
6 12 0 0 0 1 0 0 1 0 7 0 3 18 1 1 1 1 0 0 0 0 0 3 1 15 7 322 0 0 0 3 7 3 20 0 0 3 3 19 0 5 1 47 1 2 1 4 9 0 0 0 0 1 91 3 2 19 0 0 5 38 0 3 
0 1 1 107 2 1 4 4 1 16 1 0 3 1 18 1 2 0 4 4 1 0 4 7 3 24 0 1 0 1 0 2 2 17 0 0 1 1 11 0 1 3 1 1 4 1 9 0 9 11 9 1 62 0 3 15 1 10 13 4 2 0 36 6 
4 0 1 6 1 0 3 2 40 10 1 10 2 11 2 3 0 8 2 0 2 0 1 5 0 1 1 2 16 21 1 2 1 17 26 0 2 0 2 1 2 22 12 4 1 10 0 6 2 0 24 8 16 3 19 680 0 4 169 1 1 7 2 1 
1 0 0 0 0 8 6 3 1 5 56 0 23 1 58 6 2 4 7 1 1 0 0 6 0 7 2 2 0 1 3 0 0 2 23 1 2 4 0 0 0 6 0 5 0 2 1 3 0 0 6 5 24 14 3 0 3 1 0 6 7 0 2 3 
5 3 47 1 0 0 1 0 3 4 1 0 1 14 21 10 1 1 1 1 6 0 17 6 1 0 0 2 0 0 2 0 1 19 0 0 1 1 0 10 23 7 0 4 0 0 1 1 13 0 0 16 4 0 14 0 6 0 0 0 3 18 352 237 
1 3 2 2 0 1 0 0 34 3 0 0 3 3 0 1 5 0 4 1 1 1 0 1 1 0 1 0 6 0 0 0 1 2 3 0 7 107 0 0 9 0 0 53 2 0 2 0 13 7 1 0 1 14 0 65 1 8 3 6 0 0 20 0 
2 7 1 1 3 0 0 2 14 9 1 1 1 12 3 8 2 10 0 3 1 1 8 1 0 2 175 7 1 18 1 1 0 196 12 0 0 0 4 0 4 1 0 10 62 12 2 32 1 67 0 4 2 2 0 29 3 12 0 0 9 2 6 10 
0 1 3 19 1 5 1 5 2 3 16 0 4 6 4 1 0 1 10 0 0 0 23 9 1 0 0 0 1 11 5 7 0 0 0 0 0 4 3 5 0 14 9 12 11 5 1 5 73 0 107 5 1 3 9 4 19 4 1 0 6 1 15 1 
2 41 0 152 7 3 0 16 34 3 19 4 0 2 0 1 0 0 107 1 0 1 10 6 1 4 0 1 0 2 0 1 0 6 28 7 5 0 2 0 42 2 21 1 716 1 6 0 0 6 1 0 1 12 0 1 0 3 0 3 1 2 0 36 
0 0 15 5 1 21 1 14 1 181 6 3 1 1 12 33 3 14 13 3 0 0 8 11 9 8 0 0 4 0 2 0 13 1 3 1 2 106 1 8 1 6 0 4 17 2 8 8 20 1 0 1 8 11 16 0 1 6 5 6 0 4 0 1 
0 2 4 11 50 0 0 1 3 0 3 3 0 2 8 0 6 1 0 131 0 102 20 6 0 2 2 19 14 5 2 24 1 22 33 34 0 3 1 27 0 10 20 3 0 1 7 1 0 0 47 29 34 0 0 0 2 1 1 2 13 6 2 2 
2 1 5 5 7 2 1 0 0 160 0 0 26 1 2 0 1 14 4 0 1 6 0 8 3 0 1 3 1 4 1 0 63 3 15 6 8 2 5 0 1 2 3 72 1 3 0 4 0 21 13 11 1 11 2 10 4 16 0 1 1 97 14 10 
1 0 0 2 6 8 2 2 5 3 3 4 2 1 10 2 6 0 1 5 7 1 68 1 6 1 0 10 12 0 3 2 1 17 1 1 15 1 1 1 1 3 1 3 13 0 1 1 6 0 7 1 14 9 9 0 1 4 2 0 3 6 3 49 
8 0 49 1 0 6 1 0 6 5 1 0 6 12 41 1 0 0 0 7 1 19 3 9 35 9 0 0 0 0 1 35 6 9 2 2 0 5 0 0 0 0 0 0 0 0 1 2 2 3 0 1 17 2 3 1 3 33 2 0 6 0 1 1 
8 4 0 0 0 4 66 6 2 1 32 25 0 1 0 0 0 7 13 8 0 7 2 53 0 3 0 7 4 2 4 6 1 2 40 0 3 0 0 1397 0 0 0 3 2 6 1 1 0 0 8 1 0 0 0 0 0 6 0 1 1 15 9 1 
3 19 2 10 0 29 2 3 0 0 9 5 10 180 36 15 1 12 13 2 10 110 25 3 1 9 1 0 12 111 12 1 0 0 10 1 6 1 0 23 0 1 2 0 0 0 19 2 6 2 1 44 3 11 4 13 2 1 0 4 0 0 11 3 
0 0 2 0 5 0 1 1 12 4 23 1 4 1 1 0 36 3 0 2 0 21 0 2 0 10 303 1 0 12 3 4 9 1 12 0 60 2594 14 0 2 3 1 1 0 1 2 3 0 1 1 8 1 2 8 32 5 19 11 0 5 1 1 4 
1 0 0 0 0 0 0 35 2 7 2 1 13 19 1455 0 6 1 2 8 25 1 1 2 1 4 0 6 6 1 1 1 1 0 18 3 8 5 0 2 1 2 3 2 9 2 0 2 1 5 43 1 0 9 0 27 1 1 0 12 2 4 4 36 
3 1 1 2 1 1 0 5 4 0 0 0 0 2 1 30 8 1 3 13 1 19 12 11 9 11 0 10 2 1 7 12 7 6 0 4 1 2 1 0 0 2 1 4 0 0 0 38 4 26 6 1 1 1 1 1 14 0 1 1 0 0 0 0 
3 112 1 0 6 1 0 0 0 24 7 5 4 1 0 0 0 0 4 2 58 10 2 6 8 0 33 1 1 3 5 3 0 0 0 5 0 8 13 1 6 2 0 2 0 3 1 1 0 0 9 2 2 3 0 4 5 4 1 1 22 0 7 1 
4 0 1 10 0 8 2 0 7 2 0 7 1 2 20 3 0 0 15 0 8 2 10 3 5 12 2 0 54 2 7 0 1 4 10 8 1 0 1 9 4 2 3 0 3 2 4 3 1 0 3 1 3 1 1 0 1 2 0 0 2 88 3 2 
5 1 0 58 17 2 1 0 0 2 39 2 2 2 2 0 11 0 0 2 0 1 1 0 3 1 2 0 0 1 2 2 0 1 0 0 0 1 9 3 1 0 11 5 0 2 4 16 6 0 0 3 1 0 3 0 4 4 60 0 0 1 3 3 
22 1 8 14 3 0 12 0 0 8 17 2 0 1 0 3 10 0 0 0 0 1 50 0 0 2 2 0 8 2 4 1 6 3 13 18 0 1 1 8 5 0 2 0 0 43 4 1 1 1 1 39 0 0 0 0 1 5 4 44 1 0 0 7 
0 0 3 1 1 1 1 1 1 0 2 0 0 1 1 2 17 3 7 0 4 0 1 1 1 1 0 1 0 25 13 1 2 0 0 0 1 17 168 4 10 3 3 1 10 0 4 5 0 1 0 4 0 2 2 1 4 0 1 1 1 13 10 5 
0 0 1 0 0 5 1 11 1 376 5 12 13 3 0 0 13 16 2 3 7 0 66 4 2 4 0 31 0 15 1 0 10 29 1 2 11 1 1 12 1 1 0 5 8 3 0 0 0 10 5 0 9 0 1 1 2 1 11 0 57 5 0 0 
0 16 0 1 4 3 8 3 15 1 0 4 18 1 35 1 1 0 5 0 0 3 0 0 1 1 6 4 21 31 1 2 13 17 21 21 52 1 5 2 0 2 14 5 1 0 12 5 2 22 0 2 0 0 15 0 1 0 292 3 1 0 0 1 
5 0 0 0 4 0 0 0 0 0 1 0 26 9 10 1 1 4 5 3 0 119 1 1 1 2 1 10 1 0 2 1 0 2 1 0 23 6 26 4 1 1 0 0 0 4 3 3 0 4 2 3 3 0 104 0 0 1 0 2 3 0 15 13 
21 127 179 1 39 228 4 2 1 1 0 0 10 0 2 7 0 2 15 2 6 0 0 6 1 2 0 0 2 0 1 1 17 1 0 2 0 0 33 1 2 15 2 31 15 0 0 0 1 0 4 24 1 2 0 3 0 1 2 1 4 0 2 3 
3 0 5 1 25 2 41 3 2 204 121 1 1 0 26 6 0 6 0 0 0 0 1 1 26 19 0 2 16 1 231 12 0 13 1 0 1 2 7 10 1 2 9 12 1 0 1 1 0 0 6 0 0 1 171 0 1 1 2 19 0 0 19 6 
13 0 5 102 1 2 0 0 1 12 4 14 7 1 0 7 2 7 5 0 3 6 7 0 0 1 57 6 14 1 2 3 6 2 7 1 24 2 5 172 0 40 9 0 0 10 3 1 1 0 6 13 0 0 21 7 5 35 63 0 0 1 0 19 
0 0 5 14 0 0 8 0 12 0 5 0 5 14 4 0 1 22 4 22 0 1 4 2 1 116 1 0 22 0 2 13 0 0 2 3 1 7 1 15 2 0 26 5 7 1 9 0 6 10 11 1 5 1 10 5 0 4 18 0 3 1 1 1 
0 0 1 9 10 10 4 17 1 2 23 3 1 0 6 2 0 0 0 8 52 0 0 1 456 6 2 2 9 0 1 2 2 0 3 2 4 3 118 2 2 5 1 0 0 0 0 0 2 0 65 1 0 2 1 3 3 0 7 5 0 2 4 0 
0 0 4 0 0 5 5 6 1 0 0 0 26 0 5 1 0 1 0 0 0 12 0 0 0 5 3 2 9 1 1 1 3 0 3 4 5 1 49 0 1 36 3 11 3 0 0 2 0 0 4 99 0 8 0 3 0 2 2 0 2 0 0 7 
0 0 6 5 3 1 5 0 4 6 0 3 4 0 4 7 4 3 0 12 0 0 0 170 0 2 0 0 0 3 6 1 4 2 1 0 1 3 6 0 9 15 0 9 2 3 0 1 4 0 1 0 1 0 1 0 8 0 50 9 0 0 2 2 
38 1 1 0 8 0 0 2 0 1 0 1 56 1 0 7 0 1 0 1 3 3 0 0 2 5 2 0 1 0 5 1 32 57 10 0 198 3 0 1 0 18 86 0 1 19 4 0 5 0 2 28 1 1 0 1 1 6 14 4 5 0 0 13 
13 3 0 4 9 0 0 1 1 3 6 4 0 0 1 7 4 2 3 3 3 12 10 0 2 2 0 3 8 10 1 35 1 10 12 0 0 2 3 1 30 8 4 1 0 14 8 25 0 4 0 0 0 0 9 0 0 4 4 3 1 4 1 2 
1 0 0 0 10 0 0 0 3 1 7 7 0 6 0 0 2 15 1 5 0 0 5 3 2 8 15 2 1 0 3 32 47 0 0 1 0 103 10 5 16 5 539 0 0 4 2 0 0 0 3 0 5 0 14 0 31 0 1 0 0 0 1 4 
0 1 9 3 0 2 1 0 2 0 4 3 0 1 14 7 14 0 0 0 0 6 3 12 5 0 2 0 0 0 1 14 0 1 3 2 2 0 96 2 31 0 222 18 0 17 1 19 0 1 1 1 26 0 24 1 5 0 1 0 179 5 36 1 
0 0 1 6 0 2 0 10 8 13 2 0 0 1 35 83 0 5 0 7 1 0 1 2 4 1 0 3 1 0 97 3 0 291 1 57 24 1 1 19 0 2 2 1 0 17 5 0 1 0 0 2 2 11 0 0 50 10 0 0 2 3 38 2 
1 16 0 2 7 12 3 0 1 3 2 1 0 0 0 2 10 7 136 13 123 1 8 0 6 147 3 1 0 5 1 1 0 0 2 41 8 0 4 3 0 0 4 2 0 8 5 4 0 9 0 1 3 2 1 64 30 0 0 35 4 1 7 0 
1 0 0 19 123 1 1 0 9 4 17 0 0 9 11 0 4 10 0 25 0 0 0 0 0 0 10 30 19 15 6 1 2 13 3 1 0 30 30 0 1 0 0 0 0 0 8 3 0 2 8 5 9 0 19 1 6 1 3 12 1 0 6 19 
2 0 2 1 1 2 21 2 1 4 0 0 1 12 181 4 2 3 4 0 1 0 6 2 21 1 13 1 0 7 13 3 0 1 0 5 6 0 1 1 2 2 1 424 45 8 4 0 0 48 1 6 0 3 0 9 0 0 4 0 53 1 6 194 
0 15 0 15 0 1 6 29 50 1 13 0 0 0 3 0 1 9 10 0 0 4 0 8 0 1 2 2 0 34 6 1 8 5 6 1 0 16 1 40 0 2 8 35 0 13 0 14 1 0 11 38 35 7 25 1 0 2 1 0 2 21 0 7 
40 13 0 2 1 4 51 0 1 4 140 3 22 1 12 1 6 13 0 3 8 5 13 2 2 2 5 0 8 3 0 0 25 1 1 3 2 8 124 1 2 2 0 0 13 14 0 29 0 3 0 63 3 2 3 0 1 1 0 1 1 17 77 3 
1 14 1 5 10 12 0 4 1 4 38 2 0 2 2 2 0 0 11 0 3 3 9 0 10 5 4 1 34 20 6 3 3 0 31 2 13 0 5 4 31 14 0 10 138 0 3 5 57 0 0 1 0 0 0 1 15 0 3 0 0 32 5 0 
0 8 1 7 23 9 10 70 13 0 1 1 0 3 0 1 54 4 3 1 9 7 9 46 2 0 11 6 9 0 6 11 3 8 14 1 3 42 1 0 0 2 1 1 18 9 11 5 0 20 0 46 2 6 0 0 3 0 1 0 1 12 0 3 
170 5 10 2 27 7 22 7 13 1 1 5 0 1 0 3 5 5 6 1 0 1 0 0 0 0 0 2 1 5 1 6 5 3 6 7 0 2 2 3 19 0 4 2 17 3 0 0 1 2 0 0 2 1 1 3 0 0 0 21 1 1 0 1 
5 1 1 1 1 0 24 0 619 2 0 0 1 11 1 30 0 0 1 5 2 4 2 0 7 1 0 1 2 2 2 9 8 2 8 2 0 128 38 5 0 1 1 13 3 4 0 3 1 3 1 59 2 25 0 0 2 4 3 0 0 4 3 0 
1243 1 3 0 1 5 2 1 1 11 0 3 7 0 2 6 2 0 0 2 0 1 11 16 1 0 0 1 2 1 4 1 0 0 16 8 2 44 13 1 5 0 120 0 0 2 0 1 2 2 0 0 0 4 0 21 6 3 1 2 0 0 1 1 
3 0 1 0 0 2 6 0 5 5 1 63 2 4 0 1 22 2 13 2 13 1 2 1 2 0 3 6 7 3 0 15 32 2 1 0 1 1 0 3 6 0 6 0 0 1 1 4 1 75 5 0 0 1 1 30 3 2 0 0 1 62 1 1 
5 1 2 0 6 1 0 0 0 3 0 28 1 1 6 0 0 2 11 4 0 0 29 12 7 20 25 4 1 0 7 2 1 0 0 349 0 55 22 1 1 0 7 6 0 0 15 4 12 0 0 0 14 0 7 7 6 3 0 0 42 1 0 75 
59 2 4 0 12 8 1 21 4 1 0 1 3 0 0 1 1 2 0 2 0 7 2 6 3 1 2 1 1 0 5 1 4 0 0 4 2 40 2 1 3 1 3 14 0 1 2 1 0 6 3 1 4 6 13 11 1 0 0 1 1 0 228 0 
27 0 0 0 2 10 4 0 4 28 8 0 4 0 39 0 2 6 0 1 0 0 2 17 0 2 1 0 0 151 3 6 1 1 3 49 0 30 2 0 5 1 0 5 0 0 0 1 0 6 0 2 5 0 11 0 0 17 0 11 3 3 6 5 
17 0 0 2 4 3 10 4 1 1 0 4 0 0 0 0 0 4 0 2 4 0 0 38 4 1 11 5 2 11 5 0 8 0 17 0 12 3 1 0 3 0 3 0 0 0 4 0 3 6 119 8 9 1 2 2 0 42 0 0 0 17 1 30 
0 1 5 0 1 0 1 258 0 0 1 0 7 8 0 1 6 0 0 6 0 0 1 8 0 1 0 5 0 0 1 0 4 5 8 21 1 1 8 0 0 65 1 1 0 1 25 0 6 0 1 0 7 1 6 4 15 71 2 76 5 2 32 0 
32 43 5 1 8 5 7 14 85 0 7 0 0 26 2 0 4 1 1 14 6 2 2 71 8 18 0 30 4 0 0 0 0 9 4 32 0 5 2 3 3 2 8 0 1 0 22 1 4 3 1 3 10 1 1 1 1 44 3 11 0 0 0 5 
0 9 16 0 0 9 6 1 17 1 1 6 28 1 0 0 2 0 41 1 0 403 0 4 2 19 2 1 2 0 6 5 1 1 6 4 5 0 0 7 13 3 8 0 7 4 0 149 11 13 1 5 31 0 4 1 0 0 14 1 1 0 0 14 
3 0 9 0 3 0 8 7 2 0 1 1 0 18 10 9 6 28 2 3 1 0 0 0 1 119 2 6 0 6 37 58 0 62 0 1 1 1 1 5 0 2 1 1 0 0 0 0 1 5 35 0 1 0 0 1 1 8 1 0 0 10 0 0 
2 0 2 4 5 11 3 11 2 36 0 15 1 0 1 0 0 0 4 0 1 4 0 4 4 5 4 9 8 4 2 1 0 1 0 5 11 17 2 2 10 10 10 3 0 0 6 3 0 25 4 7 1 1 9 5 0 47 1 6 6 0 21 4 
1 11 15 6 0 0 120 0 0 0 3 22 1 4 1 4 0 0 5 10 6 0 0 0 1 0 1 0 5 25 0 10 298 1 25 8 1 0 5 2 1 30 6 1 0 5 19 5 26 12 0 31 0 0 0 22 0 0 1 4 2 3 3 2 
0 1 2 0 20 7 2 13 4 2 11 1 71 11 1 1 0 6 7 7 3 0 17 9 1 1 28 80 1 6 14 2 12 2 0 0 2 0 8 5 4 12 0 7 12 9 8 6 1 0 0 2 9 3 0 1 0 0 49 0 0 1 37 1 
7 53 0 52 0 0 2 1 11 1 0 3 10 15 1 0 0 0 0 0 1 3 3 15 0 7 0 0 0 5 1 14 8 0 39 5 5 25 1 1 4 0 0 1 1 29 1 0 0 23 0 22 0 1 1 26 70 12 0 1 1 4 1 1 
6 4 7 0 4 1 0 1 1 266 3 6 0 1 1 17 14 4 1 2 7 0 3 84 0 5 0 20 0 1 4 11 0 0 8 0 0 7 6 0 3 66 10 1 0 3 49 4 1 2 120 1 41 1 2 0 1 30 2 0 0 8 0 46 
1 19 1 0 63 4 8 0 0 7 11 3 27 20 140 0 0 15 0 40 13 2 10 0 13 1 6 6 0 0 3 6 0 2 41 4 6 1 3 13 0 5 27 12 169 2 0 3 1 10 7 0 0 0 32 5 1 5 0 0 12 1 5 0 
5 7 0 0 25 6 2 16 12 13 1 4 2 2 1 0 10 24 0 0 111 1 6 3 0 62 4 2 27 6 0 2 1 0 11 1 595 11 1 2 18 0 3 11 76 5 1 0 1 0 1 2 6 4 0 7 8 11 196 2 1 1 0 2 
3 0 13 2 0 0 3 0 4 1 1 3 1 0 0 5 0 9 2 1 1 1 25 6 0 1 3 1 4 6 0 12 6 2 1 0 14 23 3 24 0 0 3 1 0 1 152 32 0 0 1 3 0 1 4 3 0 0 3 1 0 2 2 0 
1 0 0 0 7 2 2 5 4 1 2 1 10 4 0 4 0 1 0 1 2 0 5 4 6 11 0 23 27 1 1 0 13 8 0 3 2 3 12 0 3 2 5 1 1 6 2 3 3 165 1 0 3 3 24 0 4 4 1 0 1 5 0 2 
1 1 3 2 9 1 1 8 2 0 12 6 2 1 3 31 1 0 2 0 0 0 0 0 10 6 28 0 1 2 18 12 0 0 5 13 4 0 1 0 0 2 0 1 76 1 100 13 4 10 62 2 0 1 23 6 16 0 2 11 12 2 16 0 
1 2 2 1 1 3 6 3 10 0 1 2 0 1 0 0 3 0 1 8 1 0 0 0 0 0 7 0 26 0 0 0 4 41 0 0 14 7 0 0 0 6 1 3 1 15 1 7 0 14 1 0 0 0 1 10 1 1 3 1 0 7 4 1 
5 4 0 22 0 0 0 0 0 3 1 0 5 15 2 0 5 0 0 3 0 0 0 1 2 3 14 1 0 1 4 48 1 1 8 1 0 389 4 1 4 9 1 0 1 3 1 0 0 0 0 0 992 0 0 3 4 5 2 0 7 3 1 6 
10 2 2 0 21 152 3 38 56 0 14 29 1 2 0 10 1 0 1 5 1 1 2 25 1 0 0 0 3 11 0 20 6 0 18 0 6 4 0 2 0 1 11 9 1 6 2 2 0 4 3 3 1 4 2 0 0 0 122 1 5 2 2 6 
0 4 19 14 6 88 1 0 1 0 12 4 7 11 16 1 1 1 31 1 0 1 2 0 12 0 1 1 0 1 0 0 6 1 0 0 10 4 7 0 3 24 0 2 14 0 1 0 0 0 0 6 2 13 0 9 3 3 0 21 1 20 20 1 
24 6 0 9 1 3 3 3 16 94 1 0 2 11 4 0 0 27 7 0 0 0 0 13 0 1 41 0 6 1 2 0 3 0 4 26 21 1 3 7 4 0 0 8 1 1 0 7 1 3 1 2 6 0 0 28 10 3 0 5 6 2 0 1 
1 3 2 6 89 50 1 33 8 7 6 1 0 1 193 10 0 1 1 1 4 0 4 6 1 1 1 0 0 45 0 0 0 1 4 31 6 6 0 1 1 11 15 1 0 21 2 6 3 1 0 40 1 0 1 4 3 0 5 3 1 1 0 6 
1 0 25 0 2 0 7 2 1 0 0 0 0 4 0 10 3 2 0 20 4 2 3 2 1 1 0 2 0 0 17 0 12 0 5 0 6 6 4 26 6 1 9 91 2 0 12 6 1 4 2 63 1 0 68 6 1 0 27 48 0 70 4 2 
6 2 4 4 11 23 1 6 1 2 3 0 8 1 0 2 5 12 2 0 0 7 30 1 3 1 1 1 1117 19 22 44 13 26 1 0 1 4 0 0 2 0 4 3 1 15 0 3 0 2 83 55 0 0 1 8 0 2 311 0 0 1469 39 0 
12 0 0 0 1 0 2 0 0 3 37 0 1 9 1 10 2 8 7 10 13 1 4 41 2 4 4 1 0 1 1 0 0 10 1 1 0 7 0 0 2 1 1 0 80 355 0 2 1 5 0 0 1 11 11 0 2 35 3 6 0 0 1 20 
4 1 117 8 1 5 1 0 1 0 15 0 1 2 3 2 8 6 0 15 2 0 3 4 5 10 1 1 1 6 63 1 0 7 14 20 9 50 1 3 2 0 0 12 0 0 1 10 1 8 9 1 1 5 2 1 1 3 2 17 8 0 0 4 
1 6 45 0 0 0 13 2 42 2 1 0 6 0 1 24 1 10 13 2 4 4 5 1 0 1 7 3 4 1 0 0 1 2 3 6 1 0 0 7 0 7 7 322 9 9 0 2 4 0 0 0 7 0 27 1 2 9 0 17 0 1 0 0 
1 10 21 11 0 1 19 0 0 0 0 1 5 2 0 6 0 1 4 0 3 1 2 0 1 5 0 1 0 11 1 125 2 0 1 19 0 2 4 3 1 45 4 0 0 1 0 25 12 1 2 1 1 1 1 8 4 2 3 1 1 0 2 1 
2 1 1 4 212 2 0 0 4 0 16 45 0 6 11 3 1 15 9 4 0 0 0 6 0 7 5 2 0 3 1 61 5 7 25 3 3 0 14 1 2 1 51 0 3 0 8 0 3 0 0 9 1 0 0 7 15 31 11 2 2 2 27 0 
0 0 22 0 3 4 3 5 2 4 1 1 0 2 14 3 0 7 8 9 0 10 6 5 0 0 3 31 5 1 9 0 0 0 13 11 2 9 2 4 0 3 0 1 14 0 0 18 1 9 39 1 6 20 14 2 8 2 6 1 7 10 1 1 
11 3 23 0 27 1 3 1575 4 0 0 5 2 1 3 2 0 8 1 0 0 3 0 2 0 5 1 132 4 0 1 7 29 63 16 0 228 1 3 1 1 2 1 2 4 0 2 1 5 19 1 1 42 4 1 7 0 170 1 0 12 47 1 98 
1 25 9 7 0 1 0 3 13 0 3 14 1 1 11 0 1 1 2 5 14 92 1 0 38 0 9 0 5 0 3 0 551 4 5 2 2 1 0 2 0 43 5 0 17 4 15 6 4 5 13 2 6 3 7 0 0 2 0 7 1 5 2 34 
16 1 1 3 0 3 2 3 0 0 0 2 0 12 0 35 4 24 1 9 0 1 1 65 5 0 2 0 4 0 76 0 15 0 8 3 12 9 2 6 0 21 9 0 0 42 2180 66 1 31 0 4 10 0 4 12 11 0 0 1 0 7 6 1 
6 0 1 1 1 1 471 0 0 0 7 20 0 1 1 1 2 1 1 9 0 2 13 2 8 6 0 32 1 1 13 1 6 2 1 0 6 0 6 10 2 5 0 0 5 0 0 7 8 2 0 2 1 8 1 4 2 5 1 1 0 16 1 1 
1 3 0 6 1 2 143 3 0 23 0 0 9 54 1 1 0 6 6 1 0 4 1 4 3 127 1 0 2 8 10 0 1 1 7 19 5 4 3 8 2 33 2 2 2 2 0 0 0 5 17 1 3 3 65 2 7 4 12 1 2 0 0 3 
23 3 11 8 4 0 11 2 2 6 18 1 7 29 19 0 0 5 4 18 1 1 9 0 2 2 7 16 7 1 0 4 0 0 1 7 10 1 5 15 2 0 12 13 2 11 0 0 0 1 7 0 1 9 0 1 3 0 1 0 19 23 0 7 
0 45 0 7 1 12 0 6 7 5 5 7 0 1 2 2 8 15 0 1 1 3 0 30 14 0 4 0 0 2 0 1 1 40 2 1 21 141 1 0 1 1 34 0 0 0 2 12 0 9 5 2 4 4 0 7 1 6 2 12 1 3 0 3 
3 5 4 7 0 120 0 3 2 4 0 3 8 0 2 4 4 3 2 1 17 0 1 4 2 1 0 1 5 4 0 26 1 12 36 0 1 4 0 0 11 7 1 2 0 0 8 0 14 14 6 15 119 0 0 1 25 1 14 10 8 1 9 0 
5 4 1 4 0 1 12 2 3 29 1 0 540 1 0 7 1 1 4 4 0 0 0 0 2 4 14 11 1 14 5 3 42 1 2 1 2 2 1 0 0 0 1 2 4 1 258 1 0 7 17 7 0 7 5 0 3 7 18 0 21 22 5 8 
2 0 52 5 3 2 45 32 16 2 1 10 32 5 1 4 0 0 0 0 1 1 315 0 12 3 0 187 0 3 4 8 8 9 6 1 4 18 1 7 8 0 2 2 2 9 7 4 1 2 2 2 24 3 3 0 176 3 0 0 0 1 0 7 
3 1 0 2 6 0 0 22 6 1 7 3 0 2 13 5 0 1 2 2 3 49 67 0 5 20 29 2 0 9 24 1 1 0 9 1 0 0 0 13 10 7 0 9 3 1 0 0 2 3 0 3 0 0 9 1 26 5 1 0 1 10 9 2 
1 0 22 7 7 10 2 0 0 9 0 69 9 2 9 2 9 10 1 0 8 1 5 130 2 15 1 0 0 1 7 0 0 1 0 2 0 7 3 7 1 1 4 32 2 1 28 1 0 5 0 2 0 1 2 6 139 1 3 0 0 0 4 0 
2 6 8 1 0 7 18 2 7 0 2 12 2 7 19 10 11 0 0 3 3 1 1 12 0 19 1 2 0 29 2 1 0 6 0 1 1 0 19 0 1 2 3 10 30 0 0 1 2 3 7 5 0 5 9 36 21 1 3 2 0 47 0 4 
0 1 14 2 6 3 3 0 3 0 14 1 1 1 7 0 11 70 2 8 0 8 0 18 15 4 124 0 3 0 0 15 14 1 24 5 2 2 1 0 0 32 35 9 1 21 1 4 1 0 0 0 0 12 3 0 7 0 2 3 344 2 6 2 
1 0 2 2 0 42 1 1 1 2 2 3 2 6 2 1 0 3 5 2 0 1 4 2 0 2 1 0 18 5 1 11 5 1 1 2 6 2 4 18 1 0 9 1 0 9 0 1 19 0 1 0 3 2 0 1 29 11 0 1 45 2 0 8 
21 5 1 1 126 1 9 1 0 0 9 0 17 8 14 1 3 2 6 2 0 8 2 0 2 0 1 1 12 0 0 1 1 1 10 1 1 3 110 4 3 0 4 0 0 0 0 0 7 1 3 5 6 6 0 1 0 37 1 1 5 1 0 2 
10 1 2 3 51 28 0 3 8 0 2 1 0 2 0 0 3 4 9 1 81 1 4 1 137 1 22 0 5 0 1 14 0 2 1 0 5 1 3 7 1 0 3 0 7 3 52 2 0 6 5 4 7 6 5 15 0 1 0 9 0 5 1 5 
0 3 1 0 0 5 1 1 1 8 1 0 0 1 3 1 0 2 8 0 1 1 10 13 2 0 1 7 0 1 0 3 26 6 0 4 0 7 33 0 5 1 8 0 3 19 0 9 0 0 53 0 56 1 17 2 0 3 0 0 7 2 1 6 
1 5 3 0 2 4 14 0 23 1 2 9 4 8 8 1 2 9 12 2 3 1 0 3 0 10 0 1 0 0 1 0 6 0 2 0 5 0 1 4 6 5 1 0 3 1 0 6 0 5 0 11 7 0 9 1 4 16 1 0 18 0 0 2 
4 18 2 11 0 6 4 1 4 40 0 5 0 1 6 1 1 3 1 2 4 6 1 0 5 8 2 0 12 3 2 11 10 4 3 3 3 1 2 0 0 9 0 4 0 1 4 8 3 11 2 0 8 0 13 16 31 5 6 2 5 5 2 10 
3 0 0 2 6 12 0 1 0 59 3 0 0 0 6 13 6 0 7 0 1 1 1 5 9 22 1 7 1 0 7 0 10 1 1 1 17 0 1 2 4 3 3 5 4 1 6 1 3 2 12 6 3 1 0 0 8 0 11 0 0 0 1 0 
7 1 5 1 0 0 0 0 1 1 1 0 0 40 354 1 1 0 3 6 9 5 0 15 1 0 2 1 4 1 4 0 6 0 0 1 27 4 0 320 1 5 0 7 2 16 1 90 0 30 9 0 2 9 4 0 1 2 2 0 0 1 5 5 
0 0 1 0 0 2 195 10 1 3 0 12 0 4 1 10 3 0 29 0 6 0 24 0 2 9 1 5 0 129 12 31 937 2 6 0 0 0 1 11 2 0 3 3 3 6 0 61 4 5 0 0 5 3 31 5 7 0 1 0 1 1 0 0 
1 4 1 2 1 2 0 2 37 0 0 7 5 0 2 3 3 5 0 2 0 0 10 1 1 1 329 3 11 1 1 1 0 0 1 9 3 0 0 5 15 0 2 1 7 0 15 2 125 4 1 0 2 0 0 3 0 0 2 6 1 0 0 1 
4 0 0 41 10 4 7 1 10 1 7 91 1 0 1 2 4 3 0 1 0 2 0 1 7 0 0 0 0 0 0 14 10 1 1 3 4 1 5 1 7 11 1 9 4 9 11 4 36 0 12 4 1 2 2 0 23 1 87 0 3 1 1 2 
2 12 27 75 0 2 16 2 646 2 0 23 14 8 0 6 35 0 0 1 0 1 0 1 1 5 1 4 1 2 1 0 11 3 7 0 11 45 6 0 0 4 1 2 0 5 0 1 5 11 4 154 0 0 42 3 0 6 6 7 1 0 8 0 
2 0 0 0 9 0 3 1 7 3 1 0 4 0 1 2 0 211 1 1 0 0 3 0 46 1 2 38 0 0 2 15 3 0 2 78 1 0 17 18 16 0 0 27 18 4 0 5 5 4 0 1 3 3 2 0 1 9 1 1 1 9 0 2 
12 1 5 1 20 3 0 6 4 0 0 0 3 1 66 1 0 23 0 3 5 2 4 1 0 5 1 24 6 12 0 0 1 4 2 18 40 2 17 7 0 9 5 2 0 7 2 1 1 1 2 4 1 0 40 3 7 0 28 1 0 0 2 148 
0 5 16 1 15 0 2 4 0 0 2 1 6 2 6 4 0 10 0 5 6 0 1 0 7 9 3 39 1 13 7 1 0 0 3 5 9 4 2 0 4 0 1 0 1 7 0 0 1 11 7 2 0 0 72 5 1 2 5 16 25 1 51 0 
16 0 12 6 4 0 0 0 7 0 1 0 1 1 2 1 6 3 1 55 1 9 2 1 0 0 2 7 25 2 0 0 0 26 3 22 7 0 0 1 9 5 171 2 0 0 3 1 0 0 2 0 1 3 0 3 0 0 2 7 0 1 3 2 
2 0 1 20 7 1 0 7 5 0 0 1 0 2 2 71 0 1 0 6 11 3 1 23 1 2 1 2 6 3 1 0 7 78 0 3 0 5 2 6 11 0 1 6 3 0 21 0 971 4 0 1 1 16 14 0 2 1 8 1 9 0 39 1 
7 0 0 1 1 2 2 6 0 0 2 0 31 1 2 0 1 1 6 0 2 2 1 5 6 2 1 5 4 0 13 1 0 0 7 0 0 4 0 3 3 2 3 0 0 0 2 0 2 92 0 1 5 9 26 7 14 0 0 1 0 16 22 17 
1 5 3 1 0 0 0 8 2 0 7 0 1 0 45 5 24 1 1 11 1 1 0 2 0 2 1 0 0 0 25 3 1 0 0 1 0 3 0 7 0 0 1 1 2 0 6 26 0 1 1 17 419 6 0 2 0 0 0 2 12 0 6 3 
0 0 273 32 2 1 0 12 0 11 10 0 0 13 0 0 10 33 21 1 2 1 2 3 1 4 1 0 1 0 2 0 1 11 1 4 0 7 7 1 45 7 2 0 2 41 1 0 0 7 0 69 0 0 0 11 10 11 6 1 0 58 2 2 
2 0 1 2 5 813 8 38 127 0 2 0 17 0 0 3 3 0 0 444 9 0 2 0 14 1 10 2 18 5 0 27 2 16 0 2 3 41 7 7 0 0 0 3 2 3 4 0 3 6 0 1 6 1 4 3 0 11 0 0 0 1 0 17 
1 3 9 4 19 0 10 2 1 2 4 0 0 0 1 1 9 0 1 0 1 1 1 6 0 1 2 1 7 0 0 3 10 3 27 0 0 5 14 0 41 3 18 12 4 0 8 1 10 2 18 0 78 0 0 0 0 0 0 1 1 2 2 33 
2 0 11 19 0 0 0 0 1 0 1 0 2 1 0 2 11 5 2 0 0 3 43 2 3 48 1 1 0 3 1 0 2 0 0 6 1 5 0 1 1 1 0 0 2 235 0 77 0 0 0 0 9 0 1 0 377 0 0 1 7 11 14 2 
0 1 9 3 3 0 30 0 3 12 2 1 0 10 1 1 2 7 0 0 8 0 0 1 3 1 5 0 1 0 0 255 6 1 1 0 1 1 0 6 4 0 0 1 1 4 0 2 0 0 24 0 7 33 8 8 1 2 2 2 0 0 0 80 
1 2 246 0 10 2 1 1 0 6 0 4 4 0 1 0 8 2 20 1 4 0 2 2 0 5 0 0 13 1 0 0 1 1 2 1 9 0 16 2 1 2 6 2 20 0 0 19 9 0 0 0 2 74 1 1 1 5 6 2 0 1 9 0 
0 6 12 0 1 1 0 1 0 14 14 1 0 11 1 1 7 0 0 8 24 1 5 5 2 2 0 0 6 5 1 0 49 0 0 4 1 31 1 0 6 0 2 6 0 1 0 0 12 1 0 0 0 94 34 1 0 0 0 1 9 4 0 45 
0 0 228 0 30 9 142 1 0 60 15 1 1 2 0 2 8 1 6 2 5 1 8 13 1 5 0 2 2 18 0 0 225 62 1 12 0 1 0 1 3 2 7 1 1 213 17 2 2 0 105 0 0 1 4 2 8 4 11 0 1 9 0 8 
1 1 5 5 2 4 0 7 0 2 6 0 2 2 0 0 0 2 1 5 26 0 5 0 2 6 4 27 1 1 0 0 0 0 3 0 1 7 2 0 0 2 2 2 3 1 4 9 0 1 1 0 4 0 2 4 0 2 14 2 3 0 15 1 
12 1 2 5 2 0 40 5 13 18 2 3 2 1 36 3 4 0 1 15 3 0 8 5 1 1 14 1 13 1 52 0 2 0 4 7 13 0 0 4 0 1 19 1 20 0 42 1 2 1 0 0 2 1 0 2 1 2 0 15 0 15 6 0 
1 1 1 2 7 9 0 0 2 0 18 144 2 7 2 3 6 16 0 1 1 1 39 16 0 23 1 6 10 1 0 3 0 0 1 6 2 10 6 0 0 80 1 6 0 3 3 3 0 0 0 0 1 1 0 1 1 0 6 1 1 1 1 6 
20 36 34 0 2 2 7 15 2 20 0 37 10 1 9 93 0 0 0 1 0 4 1 0 2 0 18 60 0 1 0 9 1 3 8 1 0 1 1 0 5 3 1 1 6 12 0 0 58 0 0 0 2 9 3 17 1 23 3 94 17 3 0 0 
0 1 1 62 7 1 0 0 1 4 1 0 46 3 30 0 0 1 0 2 1 2 20 12 14 0 0 6 2 2 5 0 0 11 0 13 3 0 0 0 0 1 5 1 0 1 0 6 1 1 0 2 0 191 0 2 2 2 2 0 0 1 0 2 
3 0 2 2 19 3 2 2 0 553 0 5 1 8 5 1 0 36 0 0 1 8 0 9 16 0 128 6 0 0 16 1 0 22 10 1 0 1 0 3 260 0 7 2 9 16 0 0 2 21 12 22 31 1 0 0 15 3 0 21 1 2 5 0 
9 1 3 2 12 0 0 1 1 1 0 38 0 0 0 4 0 2 6 277 19 76 10 7 10 30 21 3 6 15 0 0 0 8 4 18 1 1 0 29 3 0 6 4 0 2 2 1 0 0 2 2 4 1 31 8 1 19 0 41 1 5 1 9 
220 0 9 1 1 3 1 0 1 1 15 0 2 0 12 0 8 23 5 1 3 0 4 1 1 1 15 15 0 0 2 0 14 12 0 0 1 0 0 4 12 3 3 17 0 1 806 28 4 2 67 0 0 15 4 5 3 1 82 5 2 1 0 1 
3 1 6 3 2 0 11 0 7 3 15 19 2 1 1 21 2 0 5 2 0 0 19 0 1 2 5 2 0 6 5 2 3 12 0 0 5 1 10 0 0 346 38 0 2 7 0 0 0 2 6 1 1 2 0 1 2 5 0 1 1 0 22 0 
0 10 0 1 18 4 1 12 1 1 13 0 1 5 0 0 0 7 22 4 8 16 1 10 5 2 2 0 2 9 0 3 5 8 4 0 215 0 0 0 0 6 1 4 0 2 0 0 0 0 1 1 4 1 0 1 1 1 59 8 2 4 14 243 
0 27 11 0 1 6 0 3 4 0 0 0 0 0 0 0 22 17 6 16 0 0 6 30 1 0 13 2 25 2 5 2 0 1 1 21 0 0 6 2 1 44 2 0 0 2 20 1 25 1 6 13 0 0 4 32 15 5 24 6 0 1 6 0 
21 0 1 0 0 1 2 10 22 5 0 0 4 0 15 0 0 0 32 4 1 0 0 1 0 8 0 0 1 174 3 99 1 7 7 1 0 2 9 0 0 0 6 0 0 1 1 0 2 0 0 7 3 1 4 10 2 0 0 0 1 4 5 8 
9 1 1 0 2 6 0 1 3 0 10 3 2 3 3 73 0 7 0 0 55 0 19 7 1 2 6 17 198 11 40 76 0 18 0 3 0 0 1 5 3 16 0 849 1 3 1 0 4 0 15 1 27 1 1 9 1 4 13 7 1 15 1 0 
1 1 0 0 10 6 1 1 1 1 7 1 5 5 0 0 1 10 10 0 2 0 1 1 1 1 1 2 0 5 3 25 24 6 0 0 0 8 3 4 1 1 0 4 0 8 0 70 1 2 3 28 0 8 5 2 2 0 0 381 3 2 0 25 
2 18 0 0 1 0 0 0 7 0 2 5 0 1 2 2 0 2 1 2 17 0 6 0 0 4 2 110 11 0 0 0 3 1 0 0 13 1 0 1 1 0 29 0 15 0 2 2 1 0 10 0 0 24 0 2 3 1 0 2 10 0 17 1 
1 0 1 26 0 12 1 0 1 5 2 1 2 2 1 0 32 0 5 0 2 5 8 11 3 0 10 1 23 0 3 9 1 3 1 0 2 0 403 2 7 0 6 5 14 0 0 12 2 17 0 1 2 0 106 0 3 5 0 0 0 7 11 0 
0 1 0 3 1 0 0 6 1 1 1 6 1 1 1 6 1 0 9 37 5 1 8 6 6 28 93 1 70 191 7 14 1 2 9 7 0 13 1 17 0 3 0 2 7 0 3 0 6 1 3 5 0 10 78 0 7 35 0 6 3 0 0 0 
3 0 28 6 0 1 12 0 2 2 1 0 2 28 10 0 17 3 1 3 0 2 1 1 3 2 2 6 26 1 0 1 11 0 8 25 5 8 0 2 0 11 10 3 5 0 0 1 3 6 0 1 3 0 1 1 3 13 13 6 2 0 2 0 
33 0 26 1 2 0 2 1 0 2 0 0 1 3 1 29 1 0 9 96 15 0 0 6 8 6 13 1 2 1 0 4 1 5 1 6 58 1 1 2 3 17 0 3 1 1 1 9 0 0 2 8 3 0 6 1 12 0 0 0 6 0 0 1 
4 1 1 1 7 57 4 9 1 2 4 2 3 7 2 5 1 1 2 10 29 0 1 0 2 11 1 0 4 8 0 6 1 47 0 8 1 0 1 17 15 126 0 2 4 1 4 0 1 6 12 0 0 10 14 1 8 0 5 4 0 2 0 6 
3 4 1 1 1 3 0 2 1 0 3 2 7 6 12 10 8 7 0 107 10 0 1 28 0 0 8 2 1 0 44 19 1 0 0 11 0 0 6 2 0 0 0 1 1 1 15 4 59 350 0 4 77 9 2 1 2 0 4 207 4 9 4 1 
0 8 9 3 0 0 52 0 4 1 1 12 0 193 0 2183 3 4 0 0 6 0 6 0 0 28 0 0 0 0 0 622 1 1 11 5 5 1 6 1 2 2 0 0 3 15 8 1 0 6 0 1 0 1 7 2 2 41 0 5 1 1 0 3 
2 10 15 4 0 1 0 30 3 74 0 0 1 4 2 2 0 5 5 2 1 0 16 3 18 103 0 1 1 0 3 10 0 0 0 0 0 2 7 1 25 1 3 2 0 9 1 0 4 17 0 1 11 0 19 0 6 14 1 8 5 1 0 0 
7 9 44 0 6 2 4 16 17 6 0 3 6 1 9 0 10 1 15 5 0 11 0 15 1 0 0 9 4 23 1 2 2 5 0 0 27 1 7 4 0 1 3 1 0 0 4 38 1 0 1 145 0 5 6 9 0 0 10 1 0 1 14 0 
3 1 1 6 0 2 5 1 0 7 0 14 1 2 24 1 1 0 25 0 14 2 0 0 0 6 1 2 0 28 35 121 1 0 1 1 2 0 0 1 1 47 0 1 1 40 38 0 0 35 6 33 0 2 1 0 0 0 3 0 35 4 7 6 
0 2 0 7 0 5 9 0 17 4 17 0 2 0 2 1 0 1 3 2 0 4 5 1 3 0 0 8 0 9 7 0 8 1 8 4 0 1 2 2 0 4 0 0 6 1 6 2 0 9 2 0 4 8 1 0 2 1 1 2 2 0 3 0 
0 7 0 18 37 0 0 6 12 10 1 3 1 0 23 3 1 0 2 2 71 15 0 1 0 11 0 12 0 4 0 4 2 56 31 7 1 34 4 0 48 21 1 3 19 19 1 0 16 0 1 3 45 3 10 0 3 10 2 0 3 25 0 2 
0 45 0 0 1 7 1 0 0 0 0 0 9 12 0 0 3 2 2 1 6 7 0 14 1 1 19 18 9 0 2 30 1 18 1 0 212 0 0 0 2 1 1 1 5 0 11 5 0 38 38 8 0 0 19 18 0 4 9 0 16 6 0 2 
5 0 3 5 0 1 21 1 1 5 6 1 89 4 78 3 0 9 10 88 10 4 0 0 1 1 0 0 0 7 1 0 0 2 1 0 0 59 1 5 15 1 1 1 8 0 0 4 15 5 50 157 44 8 2 86 0 1 2 0 2 0 19 27 
3 1 0 0 5 0 254 29 2 0 0 1 2 6 0 1 1 0 2 1 4 1 0 0 6 0 186 1 3 1 10 4 2 14 5 1 12 0 0 0 4 1 0 1 1 0 1968 1 36 0 0 7 1 11 0 14 0 0 6 5 0 1 3 5 
29 92 1 1876 0 22 80 0 1 16 3 4 24 1 5 1 7 4 14 0 0 1 1 1 0 5 3 3 1 0 20 0 3 2 1 0 25 7 2 3 0 7 24 13 1 0 9 1 0 0 7 0 1 0 1 0 0 10 1 2 1 3 4 1 
1 3 7 0 6 4 0 0 17 25 1 1 19 17 3 0 0 1 1 2 1 0 1 2 2 2 2 0 5 5 0 0 1 0 0 0 0 0 2 0 1 22 3 0 0 2 0 1 2 1 0 0 2 0 2 4 2 0 84 1 1 1 1 0 
2 2 11 0 1 21 1 7 0 0 19 12 4 13 0 16 0 3 6 0 0 8 18 2 12 2 6 0 3 17 0 0 2 5 6 0 0 0 1 0 25 1 2 2 7 0 2 5 0 0 1 14 1 2 2 4 1 5 1 0 0 0 1 3 
2 1 1 3 2 3 1 3 0 0 4 3 7 1 4 2 5 1 0 1 0 23 5 0 0 1 1 0 1 7 2 2 0 0 1 2 0 3 0 0 1 36 0 7 2 3 0 1 2 6 2 93 4 1 6 3 1 1 0 24 3 5 0 12 
1 4 0 310 10 17 1 0 6 11 6 0 9 0 0 11 6 1 4 8 6 3 147 0 2 26 32 2 3 3 0 0 1 1 21 1 54 6 0 14 0 4 8 4 0 1 6 1 7 2 0 1 0 1 1 0 1 0 0 17 1 2 19 17 
25 0 0 8 1 8 10 0 1 5 40 1 3 11 1 0 0 3 0 2 0 194 0 4 4 24 5 2 0 0 2 8 2 73 1 28 3 0 7 26 5 2 0 47 22 3 0 8 1 16 2 18 1 1 1 2 2 2 7 0 9 0 4 11 
0 15 2 0 188 1 24 1 1 1 4 0 4 0 0 26 8 1 1 1 1 0 2 6 6 17 231 1 10 0 3 6 1 14 3 0 1 30 0 0 0 1 22 1 3 5 3 0 1 0 0 8 5 2 50 5 1 1 6 2 5 1 0 8 
2 0 0 1 1 4 4 56 0 0 0 0 0 0 6 0 3 14 5 7 3 28 0 20 1 2 4 10 41 7 7 7 16 1 27 0 4 1 24 1 1 1 1 2 0 24 5 1 14 40 1 2 0 2 37 6 45 1 4 0 5 8 0 1 
1 1 0 0 1 0 0 0 18 7 0 2 2 24 0 14 4 4 0 1 10 2 1 3 1 7 6 1 0 8 0 0 1 1 0 1 30 1 6 0 2 7 1 3 1 1 18 1 0 2 1 49 4 29 1 0 1 0 4 42 0 32 0 21 
4 0 7 1 5 0 1 2 1 4 0 0 51 13 3 45 2 7 0 2 1 2 0 0 2 1 26 1 4 5 13 9 6 12 8 16 19 0 0 7 0 0 0 0 8 17 6 0 15 0 0 5 0 2 0 0 9 6 0 2 2 1 1 3 
0 1 7 4 2 2 16 0 0 0 0 6 1 0 8 0 0 0 6 1 0 0 2 7 1 1 0 1 2 1 15 0 3 1 2 12 2 0 3 0 2 2 0 0 0 37 3 8 3 0 2 0 0 162 1 7 373 25 4 0 3 36 0 4 
2 104 0 0 0 0 81 4 6 126 14 28 1 20 7 1 6 0 0 129 8 14 1 816 0 4 2 8 2 6 7 2 0 4 1 42 6 0 3 1 0 0 0 9 0 4 0 3 1 1 3 1 13 3 0 3 0 5 48 6 1 3 0 1 
33 0 1 0 1 83 2 10 0 9 0 1 3 0 0 0 15 0 0 0 7 2 2 1 1 2 5 0 2 4 5 4 4 0 1 1 2 10 0 1 1 1 2 13 3 138 1 0 0 88 77 2 65 5 67 11 1 0 136 0 1 0 1 4 
1 12 2 4 1 0 3 4 14 0 1 0 2 5 0 1 0 0 8 0 0 44 3 0 0 3 47 2 0 0 6 0 0 3 0 1 3 0 0 3 3 1 50 0 0 5 22 2 2 4 25 0 1 7 1 0 1 1 0 0 11 8 1 1 
7 3 11 1 4 13 1 2 20 3 0 37 13 1 3 1 0 48 0 1 2 0 11 0 2 1 0 0 13 2 4 0 1 1 5 4 0 0 1 2 2 1 1 0 0 30 1 0 9 42 11 6 0 2 2 165 97 1 0 0 0 0 27 5 
8 3 0 33 2 7 3 0 0 4 18 0 0 6 0 1 27 2 0 1 0 0 1 0 0 0 1 8 3 0 0 1 2 6 0 0 12 2 0 8 2 0 0 1 0 0 1 3 36 3 2 5 1 1 5 0 9 4 4 0 0 0 0 0 
0 0 6 0 2 0 3 1 4 7 82 9 1 14 13 2 1 0 0 1 0 0 22 1 0 5 5 8 2 6 1 35 0 1 7 1 7 72 0 3 1 1 6 2 1 1 4 16 7 1 0 3 5 1 3 1 4 2 0 0 1 1 0 0 
1 26 9 0 3 14 7 18 4 0 10 7 1 3 0 3 7 1 0 11 10 13 1 345 27 2 5 0 135 0 4 9 0 5 1 17 0 1 0 3 2 0 0 0 0 0 9 1 2 2 17 77 1 3 0 6 1 0 3 5 3 3 6 2 
77 5 1 32 2 8 0 0 1 1 8 0 123 3 15 1 0 0 3 0 0 90 47 5 1 6 1 1 2 2 0 0 7 0 0 259 3 0 0 5 38 0 4 1 5 9 0 0 0 0 0 10 0 5 0 0 12 0 20 0 28 1 1 0 
0 1 5 4 38 0 6 2 2 2 3 48 1 4 1 3 16 21 2 8 0 5 1 6 26 7 9 4 11 1 6 0 0 21 117 1 2 1 7 2 21 4 0 1 5 0 5 5 1 0 0 0 27 4 1 6 1 1 14 0 3 1 0 0 
12 6 0 342 4 9 1 2 2 13 2 4 0 8 3 0 3 9 18 2 25 1 73 0 2 2 1 1 0 2 0 27 1 0 1 5 3 6 47 4 7 54 23 0 1 0 8 6 3 6 0 1 1 0 1 5 0 91 0 5 0 1 11 0 
1 7 21 0 42 0 4 2 6 6 1 21 0 0 5 3 1 1 0 40 1 2 0 12 1 4 0 1 2 7 6 0 2 17 1 0 6 1 1 196 1 13 14 1 1 2 3 0 1 2 0 0 0 0 0 5 1 55 1 2 1 0 0 1 
0 1 1 1 3 0 0 9 2 2 0 0 8 1 4 1 0 1 16 1 2 22 2 2 0 138 2 0 0 0 1 20 59 1 1 1 0 4 1 7 4 1 3 2 6 9 1 6 0 0 1 1 14 0 1 0 7 2 6 1 1 19 2 9 
1 13 6 1 6 2 1 0 1 0 2 2 5 0 13 6 2 0 2 0 1 0 7 0 7 2 0 0 38 12 2 1 13 2 1 2 0 19 0 0 0 6 10 0 5 10 3 2 2 90 2 13 0 0 5 0 1 0 8 1 0 1 3 2 
1 0 0 10 0 0 3 3 1 7 1 7 1 0 9 16 0 1 1 0 1 2 1 4 0 2 1 14 0 8 1 2 2 0 0 0 5 0 1 29 0 0 4 3 1 4 0 3 1 10 1 11 2 79 1 0 8 1 224 0 0 0 3 7 
74 16 0 5 5 1 1 0 4 1 1 1 0 6 2 24 1 12 92 1 17 0 0 0 2 12 1 0 1 6 10 1 0 0 22 18 3 2 24 0 4 0 2 15 23 1 2 1 39 1 6 13 1 0 3 5 29 0 14 11 0 1 0 4 
1 0 15 0 4 1 2 0 0 1 0 1 3 0 2 0 1 1 1 3 0 4 3 4 1 1 0 1 1 0 0 0 6 11 0 0 1 5 1461 12 5 6 4 0 1 5 0 2 1 4 2 2 7 1 4 60 2 4 0 0 1 0 6 1 
11 0 0 22 4 1 1 5 1 1 7 4 1 2 0 1 2 2 17 36 2 10 2 2 0 0 2 7 16 4 0 1 1 6 4 16 0 1 1 3 0 35 102 1 2 3 0 49 3 2 0 3 0 1 0 2 6 0 25 34 7 3 0 0 
8 0 1 10 31 0 1 0 2 2 2 4 8 0 0 1 37 9 8 0 1 1 2 0 1 2 2 4 2 2 28 5 0 18 1 4 1 0 35 0 1 0 1 13 2 2 7 5 0 3 11 0 3 0 4 10 1 209 0 1 1 3 1 0 
0 6 0 6 1 1 0 0 6 0 30 1 91 9 0 1 7 0 120 6 3 1 0 1 8 0 3 0 0 5 26 0 0 0 9 5 1 1 17 0 14 0 1 0 17 0 1 0 5 2 0 5 2 1 0 7 0 44 0 2 2 1 1 28 
28 0 28 0 1 0 42 0 0 333 2 1 0 1 1 2 10 1 46 1 1 15 0 1 1 0 184 7 3210 1 4 1 0 9 1 7 0 0 5 27 7 0 2 2 8 11 16 3 1 0 18 2 1 1 5 11 1 1 6 1 44 1 1 0 
0 0 5 446 0 7 0 0 0 1 0 1 32 2 6 22 10 26 3 5 0 39 28 0 2 22 2 1 3 9 0 0 10 55 0 1 1 14 7 0 2 2 80 0 8 1 1 243 25 34 1 1 5 0 9 2 0 0 1 2 1 1 4 4 
5 1 20 0 3 7 0 0 3 2 4 6 0 0 0 66 51 25 0 11 1 3 80 0 0 1 0 17 13 3 0 16 2 3 1 3 1 1 5 60 0 0 113 20 1 8 49 2 0 9 3 16 8 0 5 1 1 0 1 9 1 0 11 1 
0 2 2 0 0 8 1 4 2 1 7 3 0 4 3 0 1 3 0 0 1 0 130 3 1 19 2 1 13 2 0 56 0 0 0 1 38 6 0 1 8 11 0 1 4 10 2 1 3 7 0 3 5 34 125 8 2 0 9 39 0 1 0 2 
4 1 1 0 13 12 2 1 30 3 7 0 5 0 1 0 0 3 5 3 1 0 0 21 12 0 1 0 1 2 3 20 1 1 2 2 46 0 3 0 0 25 5 0 66 1 0 9 9 0 0 10 7 0 0 11 1 10 5 3 1 1 9 12 
7 3 2 0 1 3 3 1 13 1 3 15 1 7 0 0 12 1 0 662 1 1170 11 365 1 11 0 0 1 2 0 3 1 0 2 49 1 4 1 1 24 2 3 6 1 7 2 1 11 6 2 13 5 0 2 6 1 0 0 31 1 1 2 1 
10 5 2 1 1 1 10 0 0 113 0 2 3 1 1 3 11 25 4 3 0 1 0 2 1 1 3 15 1 26 0 0 8 8 0 0 0 9 9 5 42 0 1 33 55 1 1 0 45 7 0 0 0 64 0 4 1 0 2 0 2 3 0 1 
1 99 8 1 0 12 5 12 5 10 0 0 2 28 3 3 29 0 0 2 1 1 4 0 1 3 25 2 0 0 1 0 3 0 26 0 0 0 2 7 2 2 1 2 1 5 6 7 6 0 0 10 37 28 9 1 1 0 8 0 1 0 55 0 
0 1 0 13 0 0 1 14 166 4 6 6 1 4 3 3 2 4 1 3 6 1 0 8 1 126 0 0 0 0 7 2 45 1 7 1 1 1 7 0 13 0 129 1 0 19 145 7 5 1 10 0 1 11 2 1 4 0 1 1 2510 1 2 2 
1 3 0 6 0 5 1 0 0 0 1 8 0 6 0 4 8 1 42 4 2 1 0 1 22 2 3 0 4 0 0 0 95 0 3 3 9 2 32 0 0 0 13 4 7 0 2 0 0 5 2 2 10 4 0 4 1 0 8 20 4 24 7 2 
1 3 346 730 3 0 0 13 1 62 8 0 1 0 3 1 7 0 0 0 0 3 4 20 0 4 0 5 3 1 2 7 7 1 0 0 2 40 2 3 0 0 0 0 1 0 0 0 0 2 25 4 1 4 0 0 2 1 0 2 5 0 3 1 
4 0 9 0 2 5 16 1 72 2 0 16 2 1 0 4 0 6 1 5 0 0 5 0 0 2 2 0 1 0 0 3 8 4 22 14 0 2 46 0 8 6 0 0 4 0 1 0 5 30 0 1 7 3 1 0 0 3 1 7 13 1 9 3 
10 3 1 52 0 23 4 8 0 6 1 1 13 4 24 0 1 0 1 0 0 5 1 0 3 7 1 0 0 1 0 5 2 6 4 0 434 0 1 1 2 1 0 27 0 15 1 8 0 0 13 21 0 0 7 7 2 42 9 0 43 3 0 4 
4 4 102 7 1 1 0 0 1 5 3 0 2 10 2 5 2 0 0 14 0 0 0 7 1 114 0 2 5 3 1 0 0 19 22 0 0 2 5 2 1 0 0 7 26 2 8 0 0 30 0 2 6 7 0 9 6 24 5 4 0 0 0 0 
144 1 46 2 0 1 8 2 10 0 16 0 7 1 0 2 3 1 0 2 0 36 0 2 4 1 8 5 0 0 1 1 0 10 0 0 0 10 2 3 5 0 3 0 0 0 0 58 3 1 2 1 1 1 0 22 1 0 0 35 8 4 0 3 
0 0 0 28 8 0 92 15 9 0 0 2 0 0 3 7 0 1 1 2 5 1 1 2 5 0 0 205 3 0 1 5 0 1 0 1 0 0 1 5 5 0 17 11 6 10 0 34 26 1 1 2 0 1 0 0 0 0 1 0 1 1 1 0 
2 0 11 3 1 0 4 1 1 10 1 0 2 2 1 18 2 17 1 1 3 0 12 0 2 1 3 0 29 0 30 1 6 2 5 13 1 1 0 0 1 12 18 328 2 0 16 1 9 0 9 17 0 20 17 2 1 2 1 11 3 40 0 25 
0 252 70 10 1 0 1 16 10 45 7 15 5 0 0 17 1 9 3 1 3 0 3 12 1026 0 0 1 204 2 7 6 1 2 0 16 1 8 2 0 14 5 21 21 0 0 5 1 1 4 7 1 13 0 14 2 0 0 7 0 8 2 5 21 
0 1 1 16 0 5 17 1 0 9 2 2 0 1 17 3 1 30 2 5 0 0 2 3 1 7 0 1 3 5 5 0 0 7 2 10 9 1 1 1 0 2 9 0 1 1 0 0 0 10 10 7 0 0 0 1 2 0 1 0 1 0 0 140 
4 0 12 5 4 0 7 4 4 3 28 16 11 8 3 1 30 14 11 10 46 4 5 16 7 0 24 11 32 3 1 1 4 8 7 0 2 1 19 6 12 24 2 4 5 0 1 1 0 5 22 15 18 21 1 7 5 11 3 0 4 182 0 9 
11 3 12 6 1 1 0 0 0 0 0 1 0 0 24 2 11 1 4 1 7 1 6 1 0 2 1 8 6 3 6 0 3 9 110 0 2 0 7 1 196 1 1 1 0 2 30 0 1 145 0 0 1 0 0 7 0 5 104 0 0 1 0 3 
0 0 27 6 17 2 0 0 1 2 1 15 18 2 1 0 0 107 0 3 25 3 8 6 14 6 286 3 0 1 15 3 27 0 0 1 0 10 0 1 2 0 11 0 1 0 0 0 19 4 1 6 0 0 2 8 0 2 0 20 0 28 0 0 
3 1 3 1 0 0 1 0 0 0 10 12 0 2 4 1 4 1 1 0 14 117 1 3 0 1 4 4 0 2 4 1 3 0 1 0 0 0 9 14 0 20 1 0 21 0 1 36 0 16 27 0 3 1 47 2 4 6 5 120 0 4 14 3 
2 8 0 2 1 5 2 0 1 1 3 0 6 1 0 6 1 1 0 1 7 0 0 4 3 2 9 8 0 1 575 12 3 14 25 0 0 0 2 10 0 194 5 108 1 20 1 0 9 314 0 7 0 28 1 0 1 0 19 1 3 1 1 0 
7 1 1 7 0 7 0 0 1 3 120 0 1 3 8 3 0 1 11 4 4 1 0 27 23 0 5 1 7 58 19 17 7 0 1 1 3 3 12 8 0 0 7 0 8 4 1 1 4 1 28 0 10 1 7 5 1 3 1 3 0 18 0 10 
5 1 7 4 0 1 0 0 2 2 0 0 0 9 0 3 2 77 0 25 1 29 1 1 0 3 9 0 13 9 1 3 3 0 1 8 3 2 0 0 49 12 0 0 0 0 13 7 0 2 0 0 0 0 1 0 2 0 7 1 2 1 0 2 
5 0 0 0 8 12 0 7 0 3 0 1 7 16 1 1 2 82 7 10 1 8 3 1 4 0 4 4 1 0 4 22 2 0 5 1 2 4 0 51 38 3 1 3 13 36 2 3 2 5 35 1 0 12 0 12 0 0 1 24 7 1 0 4 
10 4 2 8 8 2 0 11 9 8 0 3 0 0 4 13 16 4 3 0 1 1 1 1 6 35 56 9 7 0 9 0 0 0 2 3 1 0 20 1 6 0 0 0 0 1 6 0 1 44 5 19 3 38 4 17 8 4 13 0 1 2 12 23 
0 2 0 1 0 1 0 4 0 0 7 1 1 1 1 0 1 0 1 0 7 4 0 2 3 11 66 0 0 6 23 3 0 8 0 7 0 1 3 0 5 0 2 0 6 0 0 0 0 10 26 0 0 2 1 1 8 1 16 2 28 0 1 2 
1 1 2 0 0 3 4 28 2 21 2 1 1 0 1 2 0 10 1 0 0 3 2 0 2 3 1 0 15 0 5 0 0 21 3 0 1 0 0 6 19 18 2 0 0 1 10 10 2 309 2 3 7 50 0 3 1 5 6 10 0 47 600 2 
0 2 2 50 1 1 0 2 3 1 7 5 20 0 1 3 4 83 1 2 3 42 0 3 107 23 0 2 0 1 0 998 0 1 4 1 7 0 1 26 3 9 0 6 3 0 0 4 2 10 0 2 2 37 3 64 657 0 1 0 0 6 0 0 
10 0 0 31 2 6 0 0 2 4 24 2 1 1 18 1 1 0 0 72 6 4 342 6 0 1 0 26 1 7 1 6 1 4 13 1 25 1 0 14 3 0 13 1 2 0 9 0 2 2 176 0 3 15 0 17 1 3 1 1 4 0 4 14 
6 5 0 0 7 1 3 4 0 0 0 0 5 8 3 1 0 52 5 5 3 0 0 1 0 0 0 106 72 1 3 1 3 6 15 0 25 1 0 0 56 3 1 5 4 1 2 0 0 5 0 0 1 1 0 15 1 25 1 0 5 3 1 28 
0 0 0 6 17 49 5 5 28 0 5 0 1 2 222 1 1 2 10 20 0 2 0 1 3 0 48 0 3 199 10 0 5 32 1 6 7 55 8 0 24 2 0 5 0 6 1 3 6 14 21 1 0 5 1 0 1 15 0 22 7 0 10 3 
1 6 0 0 0 3 1 2 7 48 6 6 5 2 24 0 16 6 0 0 1 0 1 0 0 6 5 3 1 60 10 2 1 5 0 2 1 0 3 0 27 0 1 0 1 6 0 0 0 1 2 1 29 7 0 7 0 8 3 4 1 4 4 0 
0 6 1 2 36 0 4 2 5 9 4 1 2 41 24 63 9 1 4 3 3 1 0 1 0 0 0 3 33 1 0 0 0 2 0 0 2 0 23 2 3 0 2 1 2 0 3 1 9 13 3 5 83 2 11 0 1 7 1 2 10 2195 24 6 
15 2 2 1 49 7 10 9 8 39 3 33 6 0 0 1 2 3 6 0 2 2 0 3 1 1464 0 3 3 1 23 0 1 10 14 2 2 0 1 3 2 0 0 5 8 46 0 5 0 0 1 0 2 2 3 1 79 17 8 3 2 2 1 0 
3 4 1 4 0 2 178 0 1 1 8 0 1 0 53 0 1 10 3 3 4 2 3 1 183 18 1 2 1 0 15 3 4 3 253 0 3 7 2 1 0 2 0 27 0 3 15 3 0 0 7 4 186 2 0 1 3 8 9 23 4 2 4 16 
5 6 1 2 0 8 0 3 12 0 11 1 0 1 0 1 0 25 15 2 4 14 3 10 8 1 69 19 1 0 6 7 2 4 0 1 210 0 0 0 0 2 5 5 2 62 1 1 0 3 1 0 5 7 0 11 0 0 8 0 11 0 5 126 
0 10 0 8 32 7 1 1 137 2 6 3 11 8 0 4 0 1 7 1 39 1 24 3 21 2 5 10 0 5 8 2 1 4 2 1 0 9 1 5 0 1 17 3 1 0 2 0 1 18 1 5 39 1 21 0 3 30 4 7 22 31 0 11 
11 13 1 0 2 1 0 2 59 6 1 3 0 24 2 0 0 2 6 0 7 1 2 1 9 4 11 2 17 8 1 0 0 0 21 1 1 1 46 1 6 45 2 1 1 0 1 0 1 1 0 0 1 1 0 0 3 5 3 3 3 18 2 0 
6 0 0 0 0 13 3 1 1 0 10 0 6 1 2 14 0 8 0 3 5 20 3 0 0 4 0 0 1 3 3 0 0 0 19 19 0 2 1 1 8 0 0 1 2 0 4 2 0 21 2 14 3 4 2 8 44 1 3 24 2 29 11 1 
0 0 0 2 1 4 0 26 25 0 0 5 1 12 0 2 1 0 1 12 1 1 5 3 100 0 1 0 3 0 77 3 14 0 0 699 2 88 0 0 20 0 0 0 0 0 16 10 1 1 1 95 0 18 0 37 0 2 0 0 15 7 1 0 
1 1116 1 2 4 16 7 3 0 2 24 42 2 2 9 0 3 0 0 7 22 13 1 2 6 9 1 14 47 63 0 0 0 3 6 0 91 24 1 21 0 149 6 0 11 1 0 7 1 22 1 16 7 8 2 12 1 12 1 9 1 3 1 2 
5 1 626 3 1 1 1 1 23 1 1 18 6 0 1 3 1 0 2 2 9 0 0 4 35 7 6 2 0 66 0 0 2 0 2 11 1 0 1 0 3 0 5 31 7 13 11 4 0 2 2 0 6 0 5 5 3 1 0 3 1 9 2 3 
26 12 1 1 1 0 1 8 118 0 28 5 7 1 5 7 0 7 2 6 0 1 0 2 3 5 0 4 125 8 0 1 0 1 7 2 3 4 0 7 5 1 1 0 0 0 7 4 0 1 20 3 31 1 0 3 0 0 10 0 0 0 0 2 
0 1 52 1 2 1 6 0 8 1 9 1 0 1 1 6 15 5 5 0 1 4 0 0 1 0 9 0 0 0 17 2 0 1 4 4 2 3 8 1 12 87 0 1 1 1 0 2 24 2 0 0 423 0 42 2 4 0 0 8 15 2 3 1 
0 3 18 1 1 6 2 11 0 0 18 0 8 57 5 8 0 1 36 3 7 0 7 2 2 52 1 2 1 1 1 2 5 0 0 0 0 0 3 10 2 0 3 0 3 2 4 0 1 2 10 0 0 2 0 1 1 3 1 0 8 0 1 2 
2 1 2 16 1 19 0 9 7 10 4 0 1 0 3 0 3 0 2 4 1 3 0 1 7 4 0 4 2 1 6 0 1 2 33 0 2 1 0 1 1 1 0 0 3 0 6 8 3 6 0 15 1 0 4 1 15 1 11 3 2 7 2 31 
6 0 10 0 2 4 0 4 1 0 0 1 6 1 1 28 0 3 0 2 0 1 0 7 1 10 6 0 0 0 0 0 13 9 0 4 7 22 1 0 1 0 0 94 1 3 1 1 1 1 2 4 0 1 6 0 0 0 2 1 0 0 2 12 
1 1 0 2 0 0 0 78 3 119 2 3 1 1 10 12 0 0 5 3 3 0 1 4 4 0 4 50 21 2 3 0 2 7 0 0 0 2 2 6 1 7 5 0 0 0 4 0 0 4 1 0 0 1 4 5 18 9 133 1 1 22 5 6 
0 1 0 3 10 2 1 0 6 1 0 40 0 10 0 5 176 7 5 0 1 10 5 2 15 6 21 18 1 10 4 0 9 4 0 1 3 0 12 5 2 40 0 0 17 5 11 2 10 12 947 20 6 8 1 2 2 9 5 11 15 6 17 0 
3 9 0 4 6 2 30 12 39 1 1 5 0 5 20 0 4 0 0 0 1 4 2 17 1 0 1 0 8 2 11 4 0 3 1 6 4 2 142 0 1 0 28 43 7 7 0 1 5 9 0 4 56 2 1 13 1 0 12 0 1 0 1 0 
1 0 6 0 7 4 40 1 37 3 13 2 0 0 1 35 9 6 20 20 0 0 2 18 5 2 0 3 1 118 386 0 11 0 0 5 0 9 0 1 6 58 0 0 0 8 21 0 7 0 5 15 16 0 2 0 1 1 1 0 0 1 8 8 
1 0 4 1 0 0 1 0 0 62 2 0 1 0 7 0 9 25 0 2 5 4 1 109 28 0 0 0 5 1 18 8 17 0 0 12 1 6 8 12 0 0 28 1 1 33 34 1 1 3 1 0 16 0 4 2 1 0 2 3 43 1332 7 2 
5 1 1 0 11 0 1 10 5 0 25 14 3 29 3 0 15 2 1 11 0 0 19 5 0 2 6 1 4 1 0 1 38 0 0 5 0 0 8 1 0 2 1 6 2 24 8 5 3 1 16 3 16 0 0 1 2 1 48 0 1 1 8 0 
0 3 4 5 13 2 1 25 3 1 0 0 19 0 5 2 12 0 2 6 20 0 2 0 0 0 0 2 1 5 6 1 6 0 0 4 0 83 0 0 1 20 7 1 1 6 0 59 4 1 0 2 1 4 5 7 1 1 0 10 2 0 35 1 
1 0 1 21 0 2 1 1 4 7 3 28 5 1 13 6 1 2 5 1 0 1 1 7 7 1 1 0 6 0 2 1 3 4 1 2 0 21 6 0 4 4 1 26 3 2 17 1 1 10 0 1 1 25 0 10 0 1356 2 790 1 16 6 5 
33 8 0 0 21 8 1 0 0 5 4 0 0 1 0 0 2 2 12 1 9 5 1 2 0 22 1 3 9 0 120 1 4 2 1 2 7 7 0 5 6 2 1 0 6 19 19 17 3 3 1 3 1 11 5 1 22 2 10 4 8 1 2 0 
1 6 2 1 0 0 1 4 2 0 0 0 1 9 3 31 6 1 11 1 0 4 0 0 2 0 21 2 0 2 7 2 0 2 9 10 0 0 4 3 47 244 1 36 5 1 9 0 1 1 20 8 15 0 1 12 2 21 1 0 1 0 0 5 
0 1 0 9 1 1 1 1 8 3 1 0 3 6 0 0 1 5 15 1 4 9 0 1 54 0 1 21 1 0 4 2 0 11 2 4 4 1 3 3 9 148 0 0 24 0 3 5 2 2 9 0 2 0 1 0 12 0 0 1 1 0 0 4 
1 0 0 9 0 2 2 1 28 2 13 2 0 20 1 10 1 0 1 1 1 1 8 17 13 0 4 0 0 10 2 1 1 6 5 1 1 17 36 25 0 2 2 1 0 0 0 2 1 8 3 1 0 3 0 0 40 118 3 14 0 0 3 0 
28 0 0 2 0 39 3 535 3 0 7 0 6 2 2 10 5 1 118 5 2 78 1 11 3 6 4 1328 5 87 1 0 4 0 2 18 1 75 2 0 2 2 6 8 8 3 33 0 13 0 5 0 1 0 2 6 5 7 0 7 1 0 43 1 
1 0 253 1 0 2 8 2 1 4 174 1 0 3 5 3 0 0 1 7 1 0 24 4 0 3 37 0 2 0 1 1 1 0 0 0 1 75 8 1 0 13 2 32 0 1 0 2 2 3 0 14 15 6 0 3 3 3 8 20 0 1 2 34 
6 0 9 1 17 3 0 3 3 5 1 0 1 0 1 5 9 4 12 0 3 7 1 2 0 5 1 3 68 7 2 7 1 0 41 13 0 1 6 5 5 7 1 2 2 2 0 4 2 16 5 1 4 1 0 0 5 33 8 4 0 6 22 14 
0 260 2 0 5 0 135 0 2 11 190 2 2 0 8 18 11 2 0 9 1 16 1 1 5 3 4 5 73 12 2 5 1 6 0 67 0 0 3 0 22 2 0 5 1 2 6 7 5 86 1 2 1 7 0 1 3 0 0 3 0 0 0 22 
0 7 2 0 0 1 66 0 1 0 4 1 0 18 3 3 2 5 12 12 0 5 3 10 1 1 4 60 0 1 49 0 11 15 19 21 2 0 3 10 2 0 17 0 0 1 0 1 14 0 1 14 3 5 0 16 19 1 0 1 1 1 0 1 
6 23 6 0 0 0 3 1 0 7 8 1 0 2 1 0 3 3 17 10 3 0 1 2 0 0 4 22 6 0 24 0 0 2 1 0 7 0 1 3 8 80 0 0 1 2 1 6 0 1 1 20 122 4 3 26 0 1 2 16 1 0 0 2 
0 21 2 1 2 1 1 4 3 0 0 0 17 8 5 1 9 5 8 2 0 15 1 0 3 56 0 0 62 2 12 8 3 2 1 0 28 2 3 1 0 7 1 0 1 0 0 1 1 2 0 1 1 2 3 21 10 2 3 5 7 11 1 4 
0 4 9 2 15 1 0 0 0 2 1 4 4 2 19 1 0 0 0 1 23 1 28 12 0 8 0 10 0 4 0 0 1 0 1 14 1 0 0 0 0 2 0 1 20 0 0 1 8 40 0 9 15 16 0 2 0 2 0 1 35 21 6 0 
1 1 3 29 18 1 16 18 4 1 1 0 0 0 20 8 0 4 0 0 34 0 23 0 2 0 11 85 7 4 1 0 60 1 0 0 10 1 3 0 0 1 12 12 0 1 27 0 76 1 0 1 8 6 1 14 1 1 6 2 1 0 0 0 
2 0 0 0 1 21 18 1 7 0 0 20 0 22 1 3 5 0 0 7 53 1 2 1 13 1 4 5 0 10 0 11 0 4 3 1 2 1 0 0 0 3 0 2 1 0 0 5 1 11 0 1 0 0 4 0 0 1 1 0 0 2 31 1 
1 6 1 3 2 10 6 0 1 1 309 0 0 1 9 7 1 0 21 1 1 2 0 0 0 15 46 0 1 0 28 9 228 262 0 34 0 0 2 1 8 0 9 1 9 5 0 2 12 5 6 5 9 0 0 1 7 7 0 15 3 46 1 23 
2 0 1 51 0 5 0 1 1 17 1 0 1 1 25 0 2 0 0 1 0 0 2 8 1 7 0 10 0 1 1 0 16 3 1 1 0 0 0 45 6 9 2 2 0 0 0 1 2 2 2 0 105 29 11 9 12 1 0 18 253 121 3 0 
16 14 0 1 10 1 4 0 3 3 4 1 1 0 3 4 0 4 1 0 35 5 3 16 3 0 1 16 2 1 1 3 6 17 3 5 56 0 2 27 0 0 0 0 3 213 3 0 2 2 2 0 32 3 2 2 0 9 1 1 0 1 2 88 
0 0 7 0 68 1 3 0 0 8 2 55 1 11 1 66 0 11 14 1 89 0 0 2 1 1 9 24 128 0 5 7 14 0 1 4 10 9 1 4 20 0 8 18 14 0 0 1 0 1 5 0 1 3 0 0 0 213 169 17 0 0 0 6 
2 0 7 0 7 0 3 9 0 0 17 9 1 2 4 0 23 0 1 14 1 0 1 1 0 9 1 0 3 2 5 65 10 5 0 4 17 12 0 10 6 1 1 18 2 1 2 9 0 2 3 1 3 25 61 2 7 41 1 0 0 86 1 0 
0 3 7 0 0 4 1 0 9 3 1 0 6 0 0 1 2 2 0 0 3 6 1 5 1 26 11 26 5 11 0 2 3 1 0 5 38 4 0 1 1 10 0 6 3 65 1 0 3 7 2 6 1 0 2 3 17 0 0 1 24 4 0 0 
3 0 1 2 2 0 2 0 0 0 11 1 20 0 5 21 3 10 0 2 0 11 2 25 34 0 3 11 3 1 69 4 0 0 3 3 0 1 26 0 3 0 3 2 3 0 6 0 2 1 0 1 0 3 14 2 0 2 0 0 3 8 2 22 
12 4 4 0 1 9 40 26 4 0 2 2 20 0 7 31 0 14 7 0 63 1 14 1 1 29 2 4 2 5 2 1 1 59 0 4 2 0 1 12 1 2 1 2 1 6 8 13 0 1 6 6 0 0 7 0 0 2 2 7 5 0 2 7 
1 2 32 2 3 3 1 6 0 3 2 4 1 10 1 0 13 0 56 1 15 5 0 2 5 13 3 1 0 0 2 2 1 1 6 0 1 0 35 0 9 10 0 0 5 0 0 0 15 61 13 1 0 4 0 4 49 20 2 7 208 1 7 11 
0 0 2 3 1 4 10 2 3 1 0 3 17 1 19 0 1 1 4 0 0 0 271 0 1 6 1 0 23 0 1 1 1 0 4 1 0 3 1 1 0 0 0 1 4 0 1 3 0 0 38 0 0 12 0 1 0 1 2 48 0 1 1 0 
0 0 4 57 10 3 0 79 7 8 2 7 90 1 0 1 22 6 7 3 2 2 1 0 0 0 0 2 3 0 1 0 0 1 0 0 95 0 0 9 1 1 0 3 80 0 0 30 0 8 1 1 5 5 0 0 1 1 0 2 0 0 12 2 
6 0 24 1 0 1 0 0 218 0 5 0 1 24 0 0 0 34 0 1 0 2 3 11 1 0 0 133 4 16 2 80 102 1 0 6 1 5 2 5 0 8 1 0 0 51 11 1 11 10 1 2 8 0 2 0 3 7 3 0 0 0 46 8 
3 0 0 0 1 0 2 0 10 1 0 1 2 2 60 1 0 1 0 7 0 0 22 1 0 8 2 10 10 46 1 2 1 3 10 1 0 21 1 1 2 0 3 36 2 0 2 12 194 1 2 6 7 1 0 4 1 2 1202 3 96 0 6 0 
4 2 0 1 10 2 7 59 1 1 1 1 0 0 0 0 5 0 10 1 9 1 4 0 0 5 10 29 0 4 4 3 6 2 20 0 0 0 190 6 9 3 1 78 5 326 11 2 0 3 3 1 1 2 1 9 1 12 5 4 0 6 6 3 
29 40 3 2 9 2 0 0 3 9 48 2 14 4 10 5 6 1 0 10 1 1 0 5 23 5 0 2 12 22 2 8 1 0 0 10 1473 0 0 0 17 5 5 1 0 2 0 3 10 5 0 1 1 5 21 3 2 9 0 1 10 0 3 0 
1 89 16 0 7 182 5 0 1 7 2 1 7 0 0 0 0 1 3 1 36 4 0 2 1 11 1 324 5 0 20 98 13 1 0 1 11 11 3 26 4 2 0 121 2 119 2 0 1 141 3 0 8 48 9 0 0 18 0 20 0 0 1 0 
0 29 2 1 13 8 0 13 5 1 3 1 0 5 4 12 6 1 14 2 2 21 10 0 2 2 2 4 1 21 0 22 1 48 0 2 1 0 4 3 3 0 0 9 163 3 5 7 0 0 3 1 0 4 5 9 9 0 11 3 23 9 0 1 
26 0 0 2 3 1 0 1 0 0 5 0 0 0 4 0 2 13 1 13 7 2 35 0 3 3 0 5 0 3 0 43 1 1 2 3 1 0 3 2 0 2 0 3 4 4 3 15 1 1 2 0 5 3 79 1 11 109 0 2 32 0 1 1 
1 3 1 5 0 0 5 7 0 2 0 1 8 16 3 0 0 12 22 1 11 15 15 3 1 18 8 2 0 118 97 48 0 1 2 3 0 0 0 2 5 1 44 0 10 8 0 0 1 2 4 32 1 3 2 0 25 1 0 0 0 0 1 4 
6 629 1 1 1 0 1 20 6 3 558 0 2 5 2 6 0 2 0 0 0 0 1 1 0 0 1 2 5 5 0 0 0 0 2 6 6 3 1 2 1 0 2 2 4 0 0 0 2 6 2 0 5 1 2 0 1 1 3 20 12 1 0 0 
15 36 1 7 6 1 0 3 3 0 2 0 1 7 1 0 5 1 0 0 8 1 0 0 1 2 23 0 0 17 0 7 0 15 2 4 0 8 2 18 1 4 0 2 1 1 0 6 1 2 2 0 0 2 19 0 17 0 2 5 2 32 7 0 
5 1 0 5 1 0 3 9 2 12 2 16 8 7 2 1 5 3 1 16 1 0 2 1 0 2 2 1 5 2 0 0 1 0 0 11 6 1 3 5 5 0 6 4 0 3 2 1 0 1 2 3 4 2 116 1 28 8 8 2 0 10 36 0 
6 3 0 8 0 1 4 28 1457 15 1 12 1 1 0 5 0 2 96 0 0 0 7 0 1 0 19 1 1 272 12 20 0 0 0 2 1 4 0 0 3 32 13 1 0 5 11 1 1 0 0 2 4 9 6 0 1 0 2 0 0 106 0 4 
11 80 0 1 83 25 4 4 5 10 46 0 3 0 1 11 13 0 0 2 0 1 0 8 1 0 1 33 1 18 8 0 0 2 14 1 137 17 2 32 2 0 1 26 6 4 9 2 1 0 4 0 2 0 1 1 3 1 7 1 5 7 0 1 
192 1 9 1 1 3 19 2 6 8 180 15 6 31 1 0 0 0 5 3 13 0 25 9 0 6 28 14 1 0 2 7 0 85 83 0 4 13 0 0 15 0 2 1 13 1 0 1 26 7 0 2 1 42 5 0 39 1 7 0 3 6 12 0 
0 0 5 6 1 8 4 0 5 2 1 6 0 6 2 1 0 3 2 32 1 27 1 0 0 10 10 5 2 13 32 3 1 18 0 0 0 21 1 1 20 5 8 1 251 7 4 0 1 16 1 4 1 0 117 1 0 0 1 14 1 7 0 0 
6 9 1 24 10 0 1 5 0 0 0 3 1 5 0 0 1 6 0 0 16 31 6 7 1 3 6 0 0 2 0 5 0 1 4 0 5 0 0 0 1 5 0 1 0 0 0 0 1 0 0 1 1 19 1 0 0 0 6 0 76 7 2 1 
0 1 2 0 1 10 3 0 0 1 2 0 0 5 0 324 2 5 44 0 1 1 2 4 79 3 20 5 11 0 1 0 36 2 8 0 0 0 6 37 46 9 171 3 41 17 0 0 1 52 13 0 0 2 2 1 1 0 0 3 2 2 3 3 
8 2 0 0 0 4 10 8 11 6 2 0 0 0 0 0 0 2 0 2 3 8 1 30 9 3 2 24 4 2 50 2 6 33 1 22 3 2 8 1 4 0 36 0 0 0 4 2 6 0 0 37 0 0 0 1 15 0 36 0 0 20 9 0 
2 1 1 0 0 7 1 3 2 2 0 0 1 52 0 5 0 4 6 12 2 0 1 1 13 4 0 25 2 0 0 5 8 1 0 24 2 15 0 1 0 0 5 0 0 2 0 0 1 0 1 0 2 5 2 1 1 1 7 0 0 7 0 8 
0 1 7 12 1 0 0 1 8 4 0 2 18 118 6 0 1 2 0 2 0 1 0 9 0 0 1 2 4 1 1 10 6 1 0 2 2 5 1 0 6 0 2 6 0 9 17 0 2 0 0 1 2 124 0 2 0 1 6 3 4 3 0 1 
0 0 318 1 0 3 2 3 1 4 0 31 0 7 4 12 20 0 0 4 1 1 10 2 0 9 2 24 2 0 0 1 1 14 1 0 1 2 43 1 6 2 1 2 10 88 5 75 2 16 0 6 16 2 3 0 3 0 3 1 0 1 4 27 
1 0 0 1 1 10 0 2 1 1 1 0 100 33 1 4 11 16 1 0 1 0 0 0 13 209 14 7 0 10 25 0 3 1 6 9 2 0 22 4 0 0 6 10 4 0 3 3 5 1 29 2 16 0 2 0 0 0 6 3 15 2 2 10 
0 0 1 0 2 5 11 0 13 0 6 29 0 0 0 0 2 6 0 0 1 34 5 58 1 1 1 0 2 1 2 0 1 1 7 1 73 11 1 1 2 14 4 13 2 4 3 2 1 3 0 9 1 0 1 0 0 1 1 475 19 4 0 3 
2 1 6 1 0 3 11 0 0 9 0 0 2 3 1 8 0 3 3 1 17 2 18 1 0 1 5 12 1 2 22 0 3 0 0 31 1 259 47 1 0 0 0 6 0 4 9 5 0 1 2 7 2 2 0 2 2 1 9 2 2 0 1 1 
7 2 0 0 4 6 113 6 72 3 0 0 65 7 23 1 0 11 213 0 3 0 0 3 15 0 0 5 1 1 0 4 8 1 579 1 3 1 3 0 0 4 72 0 0 0 7 0 1 0 6 3 17 0 3 0 0 2 1 5 0 2 1 7 
2 0 1 0 1 3 0 4 21 0 3 4 1 0 0 3 3 0 2 5 1 1 0 4 1 1 45 8 9 2 5 1 1 1 0 0 2 14 0 0 0 1 0 0 0 0 7 0 4 2 8 121 0 88 1 15 13 1 0 1 3 1 18 37 
11 7 3 0 7 2 1 19 0 0 0 3 23 21 15 12 3 8 0 0 0 0 1 1 0 0 16 10 5 0 26 1 2 14 0 5 1 2 11 1 0 11 0 1 25 0 3 1 5 5 0 0 4 0 1 0 0 0 4 1 24 0 2 1 
2 6 19 0 0 1 2 0 0 1 0 6 0 0 0 4 2 1 6 1 17 23 1 2 0 0 0 6 0 0 7 206 8 3 43 5 1 6 2 31 6 20 1 6 2 0 0 51 3 7 4 2 210 1 9 2 0 3 2 3 2 0 4 10 
7 357 0 7 5 3 0 1 1 5 3 3 6 93 10 3 5 5 4 581 16 2 7 5 10 0 3 114 0 6 81 0 3 0 24 9 0 2 2 7 0 2 33 1 3 0 2 0 6 6 6 2 5 2 27 4 0 4 5 0 1 8 0 0 
0 9 0 2 1 8 1 1 1 7 0 1 2 5 1 0 12 2 0 36 9 0 146 0 8 2 1 1 0 17 0 33 7 1 0 0 16 12 2 8 1 6 1 0 0 44 0 0 0 0 0 0 2 0 39 14 0 0 107 2 17 0 3 2 
1 1 2 0 0 2 28 0 4 4 2 0 1 0 7 429 2 1 4 8 1 0 3 0 355 2 11 0 4 1 0 7 27 6 0 1 8 6 0 2 1 13 1 3 0 2 0 8 1 4 8 6 0 6 1 1 5 0 5 218 0 0 0 5 
1 1 0 1 1 28 1 1 19 0 1 1 0 2 21 38 1 24 14 1 0 3 0 0 1 0 0 0 4 14 4 4 13 16 5 2 3 9 85 1 1 6 5 6 3 1 6 0 4 12 12 6 14 0 0 1 46 11 0 2 27 1 0 4 
1 1 9 0 7 204 0 0 0 3 0 1 4 5 0 2 0 157 0 0 186 0 6 0 4 8 2 2 3 5 34 8 2 4 0 1 1 13 0 0 8 0 0 1 1 8 2 1 3 2 11 9 2 4 478 1 1 2 26 13 5 1 6 0 
1 0 2 11 2 0 0 2 1 45 72 40 1 3 0 1 41 11 2 6 2 0 0 2 0 0 1 4 0 1 1 2 21 3 5 4 0 3 6 0 0 1 3 25 0 5 1 0 0 4 8 2 18 1 47 9 2 3 2 43 0 4 4 9 
10 2 2 5 11 1 2 5 50 8 6 12 6 28 2 1 0 0 4 35 8 0 4 15 5 5 2 3 1 7 0 7 2 2 3 8 0 7 1 1 2 2 2 3 7 1 4 3 1 3 2 11 0 0 1 4 2 0 0 160 0 0 11 4 
0 29 1 1 2 0 4 3 0 6 0 4 3 0 7 1 2 0 0 0 3 18 706 13 1 27 0 1 8 1 1 12 9 7 2 67 0 8 5 2 1 16 10 1 0 6 0 1 0 5 52 5 2 0 0 12 0 1 11 3 0 1 0 1 
0 10 0 8 0 9 1 0 3 2 7 5 2 2 16 0 1 0 0 1 3 0 75 1 33 9 1 31 4 0 6 0 2 2 3 2 31 17 0 5 6 0 24 4 0 3 0 11 7 6 1 0 0 220 2 84 0 44 0 2 9 0 1 7 
1 216 2 2 0 1 6 6 2 34 0 1 0 1 0 0 2 1 0 14 3 0 1 19 1 1 7 40 0 2 6 1 7 3 26 6 1 8 57 3 2 0 4 35 2 13 4 18 3 1189 100 0 9 1 0 0 4 15 25 0 0 6 1 2 
17 1 7 0 1 160 1 2 3 1 0 0 3 5 0 124 15 0 7 51 0 0 1 1 1 5 1 1 0 0 22 1 0 0 20 9 3 0 4 1 0 3 131 0 4 1 14 1 4 2 0 4 4 2 9 1 5 5 2 12 1 3 0 0 
0 3 0 1 4 0 2 6 2 1 0 16 3 3 1 1 4 1 1 0 1 1 2 2 13 3 4 44 37 1 0 3 9 62 1 1 6 3 6 2 7 3 1 0 18 21 0 0 1 0 1 6 3 15 3 1 0 0 0 1 2 0 2 3 
19 0 31 9 2 4 0 0 1 5 2 0 0 0 22 7 2 0 119 0 1 0 16 4 9 1 2 6 13 11 0 0 2 1 1 9 2 0 0 10 0 2 8 7 1 12 22 1 3 0 0 1 3 4 3 2 3 0 0 7 11 1 6 3 
0 0 0 1 1 10 30 0 2 3 1 6 5 0 8 2 0 1 5 0 0 0 286 1 0 0 1 3 10 0 1 8 10 6 0 1 44 0 13 7 19 4 5 23 1 3 2 0 5 3 4 15 3 0 28 0 5 0 37 13 0 19 1 3 
1 3 5 1 0 2 2 1 3 2 195 3 7 2 0 12 0 1 9 0 1 2 2 0 1 1 2 1 2 16 1 3 0 9 6 1 25 4 11 8 0 6 8 0 6 1 6 0 0 1 1 4 0 1 0 48 2 1 14 66 2 0 3 7 
0 0 9 5 0 0 1 0 1422 4 18 1 30 6 1 1 3 0 0 2 1 2 382 3 2 0 8 5 0 5 8 0 0 5 2 5 3 6 0 7 0 1 0 2 35 0 2 2 1 1 0 1 4 6 11 0 1 0 0 10 2 2 5 9 
1 5 2 8 0 1 8 0 2 0 0 2 1 1 0 1 0 31 0 469 0 28 13 2 0 43 1 3 3 0 0 0 2 10 4 1 0 5 48 1 36 0 2 0 15 3 6 0 139 0 0 4 10 0 22 0 5 10 1 0 5 0 10 1 
1 1 12 0 0 0 3 1 0 3 1 3 0 1 5 13 19 10 6 1 3 0 26 1 1 2 54 3 3 1 3 6 3 4 0 0 7 13 8 8 2 1 1 0 15 6 10 0 1 1259 0 0 1 0 4 6 0 1 13 12 0 0 5 0 
0 4 7 4 1 3 7 6 0 0 26 2 2 0 0 0 1 40 10 2 28 19 3 5 5 0 9 0 1 0 1 2 1 1 4 0 0 0 1 44 0 11 4 0 1 19 0 25 0 1 0 0 7 0 0 0 0 8 3 14 2 7 0 2 
18 33 4 380 4 32 9 0 0 224 1 0 0 9 1 4 117 1 0 18 7 0 2 10 2 9 0 207 1 1 3 24 8 3 3 2 3 26 0 0 1 0 1 8 0 0 6 2 4 0 5 8 17 3 3 1 0 0 3 1 1 2 6 0 
1 3 1 0 0 0 89 8 0 0 1 1 0 0 7 234 75 0 0 18 0 1 19 17 2 0 0 0 7 2 2 4 7 0 12 265 1 0 14 2 560 6 15 5 20 1 4 13 3 17 22 2 3 5 3 1 20 3 72 2 2 1 0 0 
3 127 65 1 3 3 1 2 2 12 0 3 2 0 1 39 0 0 0 4 0 0 37 1 12 5 4 42 1 54 0 0 2 2 1 3 6 0 1 1 0 0 0 0 5 9 4 1 1 2 3 3 8 1 0 14 0 0 1 2 3 3 0 0 
0 0 6 6 16 1 12 9 0 3 2 10 2 4 2 2 2 2 0 1 4 4 1 0 0 7 0 3 5 1 1 7 4 0 5 19 0 3 0 11 0 2 1 0 0 3 0 0 4 2 6 8 1 2 0 1 0 2 0 6 18 3 2 0 
7 3 0 7 1 0 2 4 18 3 3 4 1 1 1 0 0 1 0 1 33 0 19 1 1 26 3 2 0 1 5 3 2054 0 23 2 0 12 1 1 5 1 0 2 1 1 28 1 17 1 1 35 33 5 31 0 2 2 2 102 0 0 4 2 
11 0 0 1 0 9 15 1 7 8 3 0 5 7 83 0 0 21 0 0 8 1 0 1 1 1 1 2 5 9 8 5 15 0 2 4 0 1 2 30 0 2 0 2 2 3 0 6 1 3 5 3 0 1 0 5 3 4 7 6 1 9 0 1 
2 1 13 5 2 2 1 0 0 61 2 9 307 32 8 3 13 4 12 0 1 0 1 11 5 56 0 0 0 0 0 0 0 3 4 3 7 0 0 8 0 3 1 2 2 2 0 1 1 7 1 1 1 0 1 0 0 119 6 0 2 2 0 0 
0 1 5 1 146 5 0 1 13 1 0 5 0 18 1 4 2 84 0 0 1 1 16 1 4 8 3 4 3 8 4 1 1 5 2 0 0 0 0 0 1 3 1 10 0 3 4 3 5 47 0 6 0 0 16 1 1 0 1 11 176 0 1640 2 
4 6 0 0 1 0 1 1 22 1 10 0 0 4 0 1 0 0 8 0 0 4 1 1 3 20 19 5 1 4 25 20 0 2 0 1 0 3 5 5 0 0 185 6 0 0 30 2 0 3 2 4 1 1 1 8 18 25 0 2 10 1 1 11 
0 2 16 2 0 5 19 5 0 1 7 3 7 6 5 8 0 4 0 2 3 4 6 0 2 0 1 1 2 0 4 1 7 8 1 0 0 1 0 18 35 7 0 17 3 1 33 3 0 0 2 0 38 0 16 2 1 0 0 1 1 152 0 0 
0 5 0 0 41 0 0 0 97 0 1 2 0 8 2 11 2 0 2 3 0 44 0 8 1 22 7 0 5 1 23 4 21 2 5 7 2 2897 1 20 8 4 3 55 0 5 4 0 1 5 1 1 6 0 2 0 0 2 6 0 0 3 2 1 
1 2 3 31 449 0 1 5 1 10 0 7 1 1 43 1 1 34 0 3 0 2 1 0 0 2 0 0 2 1 10 1 4 1 30 0 9 0 2 0 0 0 8 1 8 0 8 2 0 1 2 0 0 4 0 0 31 1 1 4 1 6 11 1 
6 0 0 2 1 2 2 0 2 1 2 3 1 0 3 133 2 18 10 0 0 11 0 0 6 1 0 11 1 1 11 2 1 1 0 9 1 2 3 3988 3 0 16 2 26 18 15 0 2 0 2 413 0 0 1 1 0 9 2 1 9 32 2 14 
1 60 4 2 6 3 1 0 0 8 0 3 1 1 0 0 1 0 12 2 1 0 0 0 7 23 307 1 0 1 1 0 0 3 1 29 2 1 27 7 6 10 7 24 0 1 13 2 1 4 0 0 5 4 0 3 2 0 1 3 10 1 4 1 
20 5 3 0 1 220 0 7 0 8 11 0 1 0 0 12 5 0 2 0 0 0 0 4 6 14 12 5 1 0 5 1 4 3 21 31 1 3 0 0 4 0 36 40 2 3 4 5 4 1 0 1 3 0 12 2 5 195 0 262 0 1 1254 1 
1 1 6 29 0 2 4 7 9 1 11 1 6 0 21 2 0 28 0 31 7 9 0 3 1 8 1 1 12 6 16 10 0 25 5 1 7 1 2 2 3 42 0 1 3 0 23 13 2 8 7 1 7 3 0 0 2 5 9 2 1 1 0 3 
1 3 0 12 1 1 5 20 7 1 10 0 0 3 0 1 3 34 1 5 1 2 0 2 14 7 0 2 9 6 0 0 5 8 1 0 6 2 0 2 0 10 81 537 3 2 15 0 3 4 0 0 2 0 0 0 2 1 6 0 2 0 0 1 
11 4 0 0 0 11 6 3 0 0 0 1 1230 4 2 2 8 6 4 1 3 4 8 0 0 1 1 0 0 4 0 8 5 27 0 28 7 0 2 3 0 11 0 71 2 0 3 10 2 1 2 0 2 21 0 4 7 0 0 13 2 183 14 109 
57 21 6 5 1404 1 4 0 0 4 1 0 2 1 4 0 1 9 1 0 1 5 6 3 0 0 13 0 6 10 3 0 3 51 5 64 3 0 1 1 2418 2 2 3 0 3 7 6 3 200 1 0 10 0 0 0 2 0 1 1 4 3 0 0 
0 4 0 1 1 7 1 98 10 1 6 0 91 0 2 9 1 8 0 2 0 0 0 22 0 1 1 2 1 0 5 1 2 0 23 1 1 0 0 8 1 1 2 0 2 1 1 5 8 1 0 0 16 1 3 3 2 5 2 22 0 0 7 0 
12 0 2 3 1 8 0 0 0 3 0 4 0 50 5 2 1 0 0 0 0 79 2 19 1 4 1 2 16 1 46 4 13 101 3 1 0 2 16 2 1 3 0 0 1 0 1 14 0 1 262 0 9 4 9 19 1 1 5 0 0 0 1 2 
28 7 0 199 3 5 7 10 9 0 0 77 1 3 0 0 0 29 9 0 0 3 0 0 3 0 1 10 3 1 9 0 99 1 8 8 0 0 10 16 0 1 4 28 8 0 0 1 4 0 21 7 0 1 0 4 0 7 0 7 5 0 2 1 
1 3 2 0 3 3 1 0 28 0 1 5 2 0 1 37 1 0 21 2 4 1 0 2 0 4 0 0 0 8 3 8 4 1 0 2 2 0 8 24 0 0 8 0 0 16 10 0 0 8 2 1 2 13 1 4 1 0 0 5 11 5 1 0 
0 0 0 8 3 2 3 0 0 1 32 0 9 0 1 0 86 1 2 0 1 1 15 1 0 1 0 17 216 52 0 1 0 1 9 0 0 1 4 7 2 9 1 3 6 0 0 0 0 6 5 0 2 0 3 18 34 0 1 4 5 4 24 3 
0 3 1 0 5 2 1 0 14 0 0 0 46 0 1 1 0 2 4 8 22 25 20 1 0 3 0 0 0 6 1 5 1 0 3 25 0 1 7 12 0 1 0 0 0 3 0 3 5 8 0 27 0 0 0 0 8 1 1 9 5 3 20 5 
2 6 1 1 5 0 0 0 3 2 3 24 6 1 2 3 54 1 3 0 30 3 0 118 1 12 0 0 3 25 1 6 0 2 5 41 2 1 3 1 1 0 0 8 57 7 0 27 3 8 4 36 1 0 1 4 17 0 10 2 0 1 7 8 
0 0 2 0 25 0 6 4 0 45 0 0 10 0 0 0 12 1 2 13 72 1 0 6 0 0 1 21 16 0 0 4 8 0 0 1 1 35 0 5 3 26 5 4 7 14 1 5 1 0 11 3 0 1 84 0 1 8 4 7 8 0 1 1 
2 6 3 4 0 2 1 0 1 9 0 2 0 272 0 3 1 1 11 3 6 0 1 1 2 2 3 0 1 111 0 0 7 0 7 2 9 14 2 3 9 11 29 0 1 0 0 2 2 0 6 5 30 1 1 1 8 1 10 1 0 12 0 0 
2 0 12 10 23 0 8 1 0 1 0 1 10 0 0 6 1 0 2 5 2 2 1 141 1 17 3 1 15 0 14 5 2 4 8 1 2 0 17 0 589 0 2 0 2 6 0 7 0 0 8 4 8 1 0 44 3 0 3 0 1 2 2 210 
3 1 14 15 0 0 0 0 6 2 0 0 5 0 0 2 4 0 6 0 3 14 0 28 0 0 13 2 3 238 27 2 4 2 64 2 8 2 7 0 0 3 2 0 9 0 0 1 0 1 1 2 9 2 4 5 1 0 5 1 2 0 3 13 
3 30 0 29 1 0 0 48 0 2 0 7 0 0 1 6 0 0 0 1 746 0 2 1 5 3 0 2 1 2 0 6 0 1 14 1 6 1 1 0 11 3 1 5 3 83 0 1 35 5 1 1 0 4 1 0 6 10 4 8 1 0 12 0 
2 35 0 0 2 0 2 0 0 2 1 1 6 10 0 1 2 3 2 15 0 3 1 6 7 5 0 2 2 2 0 1 3 5 0 0 1 1 0 2 0 0 3 0 1 421 1 0 0 3 2 0 2 0 10 0 9 0 3 0 2 12 11 3 
0 1 10 2 0 6 10 1 1 5 766 0 0 5 1 4 23 9 1 32 1 0 0 1 14 4 0 0 277 0 0 0 0 1 1 0 0 7 0 31 7 0 0 7 0 0 9 0 7 6 0 1 1 1 1 0 1 46 3 5 1 67 8 12 
0 1 0 38 13 1 49 5 3 1 5 1 0 9 2 0 0 2 15 0 10 12 46 0 11 0 0 1 13 0 24 2 1 38 2 475 30 0 1 0 1 2 1 6 5 4 27 6 33 1 0 0 1 0 9 11 0 0 3 0 0 0 2 1 
1 0 0 4 0 3 20 9 15 0 4 0 4 33 9 0 1 2 1 5 0 1 0 0 0 176 2 1 1 1 31 6 0 1 3 1 11 119 9 12 0 5 1 1 19 41 3 1 2 0 0 3 6 2 6 212 28 1 0 2 2 0 14 1 
1 0 1 0 1 2 10 1 0 56 8 1 1 25 42 9 0 1 0 2 8 9 7 2 2 0 0 2 1 3 3 3 1 0 4 1 0 0 1 0 1 46 0 0 9 4 1 23 1 8 8 0 23 4 6 45 11 22 478 12 0 6 2 2 
0 0 6 5 2 9 3 27 8 1 0 15 309 21 1 0 1 1 0 27 1 2 1 1 0 1 0 0 13 1 4 396 3 4 0 0 1 1070 1 0 0 1 6 1 6 97 18 0 4 4 1 0 0 8 0 0 1 1 1 2 0 1 15 7 
0 2 1 1 212 2 1 8 2 23 8 10 49 30 1 5 0 0 2 0 1 1 2 725 6 1 21 4 9 7 19 8 4 1 0 2 0 4 4 26 3 73 1 33 14 3 9 0 16 7 3 0 63 1 2 0 2 1 3 4 0 49 2 2 
8 9 1 0 5 0 2 2 2 5 0 213 2 7 0 0 8 3 9 2 0 2 3 2 0 1 0 4 2 7 1 0 0 2 0 0 1 2 1 0 30 0 1 1 5 0 0 7 1 0 17 0 2 8 1 1 0 5 4 2 0 0 2 7 
0 0 1 2 6 0 0 1 0 24 0 0 4 1 1 0 1 5 0 2 0 1 2 0 0 2 8 0 6 10 4 221 1 7 21 5 0 0 1 6 1 12 0 2 0 0 1 7 3 1 0 0 0 30 10 0 0 1 25 0 5 1 0 5 
6 11 5 3 8 0 10 0 8 1 6 9 1 0 1 0 1 1 5 2 18 71 9 20 7 20 1 1 2 81 1 6 12 1 142 1 4 0 0 0 0 1 72 1 3 0 0 0 0 2 0 5 3 6 0 6 1 7 87 19 7 0 4 2 
0 3 1 3 0 10 0 2 1 1 1 1 0 3 0 55 0 6 1 0 1 5 3 0 3 60 0 4 2 3 5 0 2 5 0 4 1 0 7 1 97 3 6 0 0 1 7 1 0 2 1362 1 7 0 9 1 4 3 0 19 0 1 5 6 
0 1 0 6 0 75 9 1 9 8 1 0 71 0 0 1 8 0 6 0 1 4 0 2 6 7 2 0 3 14 1 4 2 58 6 0 6 1 1 6 0 5 1 0 1 1 0 1 49 3 2 35 3 0 5 0 5 2 2 1 2 0 2 1 
52 0 1 1 5 2 0 0 6 70 2 2 11 8 0 0 1 11 0 0 0 1 0 9 0 0 3 14 0 0 0 3 2 0 0 11 77 10 3 3 85 0 27 36 3 9 15 124 0 1 5 1 2 1 0 8 1 6 4 3 10 1 0 2 
0 1 10 0 0 1 6 0 114 8 0 0 3 6 0 0 0 2 0 1 3 17 12 0 1 0 0 4 2 0 2 2 0 26 27 0 2 7 17 19 3 3 5 0 3 6 0 2 0 2 13 4 7 17 28 41 1 1 23 4 4 0 32 5 
0 1 1 5 0 1 4 0 0 0 37 16 2 13 3 32 1 18 2 4 7 0 2 6 1 8 1 1 0 3 64 0 5 1 7 1 0 2 0 5 2 1 3 4 3 5 1 1 0 3 15 2 1 0 1 1 0 0 28 9 1 2 1 0 
2 5 5 0 6 0 0 0 0 3 1 65 34 7 0 7 2 1 1 3 0 2 27 2 0 3 0 4 6 0 5 1 7 0 15 2 1 0 6 2 0 6 1 12 0 6 1 0 0 4 0 7 2 1 2 0 74 5 0 5 26 8 0 0 
3 12 0 36 0 2 0 20 0 32 2 4 3 12 2 0 0 7 1 2 0 0 0 2 0 0 0 12 9 8 0 7 0 0 0 1 0 1 3 4 1 7 0 7 0 3 1 12 1 5 44 12 0 0 1 1 2 0 0 4 2 7 2 3 
10 0 24 6 0 6 5 8 142 1 0 14 0 0 7 6 39 5 0 2 6 1 1 0 1 0 1 8 597 2 0 0 0 1 2 6 5 5 1 52 2 3 1 2 5 5 0 1 11 0 1 31 0 179 2 0 1 1 0 3 1 6 3 1 
0 0 7 3 2 0 1 19 1 0 1 4 7 8 18 1 8 3 1 5 0 0 0 1 10 0 1 9 1 5 1 6 3 0 0 2 1 5 0 98 16 1 0 13 4 1 0 0 2 0 11 0 1 0 3 8 99 1 12 13 6 2 0 2 
0 30 0 1 1 1 1 10 0 4 1 192 5 0 3 1 3 0 13 0 0 0 1 0 0 2 1 4 8 1 0 24 1 6 3 13 8 0 2 3 6 2 7 2 1 8 2 6 3 1 1 10 0 7 4 8 17 3 89 0 14 6 5 1 
0 3 13 51 0 3 0 0 0 7 2 0 12 2 0 0 13 2 0 1 6 2 0 3 1 10 4 9 1 0 0 0 0 8 3 1 0 0 7 0 13 0 6 1 3 0 0 11 0 1 8 1 3 0 1 40 6 0 0 6 1 12 2 2 
2 2 0 6 8 6 11 4 15 0 9 2 1 3 2 0 1 33 1 2 0 0 17 1 1 2 1 0 3 0 1 2 12 0 1 1 4 4 5 0 36 1 0 2 0 0 16 1 0 4 6 3 6 3 12 0 2 4 2 9 7 7 2 0 
5 19 5 6 0 7 0 1 6 0 0 3 6 8 0 6 11 10 25 4 8 112 18 2 0 0 8 2 0 1 6 0 2 1 0 2 6 21 8 9 100 2 2 22 252 0 5 1 14 5 0 1 0 4 0 1 1 1 0 1 3 3 0 2 
0 0 3 0 6 9 0 1 1 1 0 0 5 0 1 1 1 1 16 2 1 0 0 0 4 3 1 5 1 5 16 0 3 9 9 1 6 1 0 3 0 2 32 0 0 1 2 5 1 4 1 1 0 0 2 1 0 9 1 19 2 10 1 1 
6 0 0 5 24 1 2 4 0 1 0 60 0 10 0 0 10 0 17 3 0 1 1 28 8 1 11 1 0 0 4 2 0 1 168 0 5 476 2 1 0 3 0 16 4 2 9 18 4 1 11 0 2 0 5 232 2 0 4 3 9 1 22 2 
0 20 2 3 19 1 1 11 5 1 52 2 19 6 0 1 0 1 1 16 11 0 4 5 72 107 1 0 2 7 0 13 0 0 1 7 1 1 0 0 1 1 1 6 7 33 1 0 1 0 0 0 0 2 0 0 1 0 1 2 2 1 2 1 
1 0 1 1 1 0 6 1 1 0 57 0 0 8 1 1 1 0 0 0 1 2 3 18 1 1 0 1 39 4 0 2 0 8 4 4 4 1 30 4 31 44 9 17 1 0 8 11 32 1 5 0 1 8 5 2 0 2 1 1 0 10 2 0 
4 371 3 1 1 1 0 6 1 1 2 1 1 1 3 148 26 1 4 1 1 2 4 0 0 0 5 13 20 0 1 7 2 0 23 0 0 0 0 370 3 0 0 0 1 0 13 0 1 13 7 2 2 2 3 0 2 14 0 0 0 0 1 0 
0 3 1 8 0 1 0 1 21 0 7 0 4 0 0 2 0 0 1 0 4 0 1 1 12 1 7 3 0 141 22 1 1 1 3 1 0 1 4 5 17 4 0 1 4 16 2 0 3 1 1 0 5 5 8 12 0 1 3 0 0 23 0 1 
4 3 10 0 0 9 3 2 10 17 1 38 0 4 23 10 1 6 0 1 1 3 0 16 22 6 3 0 1 13 8 0 3 0 10 0 4 14 2 0 0 0 37 5 3 2 0 7 4 0 2 0 3 0 2 0 0 2 2 0 2 8 1 2 
0 32 1 1 1 13 1 0 0 0 0 1 5 0 0 3 0 0 2 0 3 1 2 131 4 5 5 34 2 1 0 1 0 46 1 4 5 23 20 2 1 0 1 0 0 33 0 4 6 17 5 23 0 6 1 9 6 0 0 5 1 3 4 4 
10 1 0 1 3 70 1 1 3 3 3 6 52 1 21 7 0 7 1 35 9 2 1 3 4 5 1 0 4 0 2 2 38 0 9 0 1 0 1 28 31 11 0 10 1 1 1 7 4 3 6 0 0 9 2 4 6 3 125 1 0 4 2 2 
3 1 0 0 0 3 1 2 2 0 0 4 496 0 0 1 8 0 11 1 3 2 24 75 8 0 2 2 6 0 3 0 0 1 1 17 4 0 0 18 2 1 1 4 19 16 5 4 2 0 170 143 7 4 0 11 9 3 0 1 0 2 1 17 
3 9 1 1 3 2 21 1 9 3 1 5 3 0 0 0 7 230 0 5 6 1 6 1 1 2 0 4 5 3 3 2 2 3 0 0 0 2 0 1 5 0 0 6 0 0 3 5 0 0 0 16 40 2 0 2 1 0 16 0 0 11 17 1 
7 2 22 0 3 9 8 6 1 15 0 24 0 0 2 0 0 0 3 27 0 5 37 1 4 4 0 3 4 0 0 0 1 5 12 1 2 0 1 4 4 0 4 0 7 2 6 3 8 1 17 17 7 7 1 5 4 8 0 1 0 7 0 4 
0 0 2 0 1 5 0 7 41 9 6 9 1 19 2 6 1 4 6 0 22 1 0 0 61 141 17 0 0 20 1 18 19 0 12 0 3 6 6 6 1 8 2 0 2 7 0 2 10 255 0 0 4 24 0 2 3 6 2 4 7 14 9 0 
49 1 7 1 18 7 0 2 0 3 2 2 4 44 24 1 1 1 0 0 11 0 39 7 3 0 1 5 2 10 0 13 2 0 1 2 2 3 3 0 6 5 0 4 3 21 7 3 4 0 0 6 0 29 63 0 12 11 0 2 0 23 2 1 
6 0 4 11 0 0 1 78 8 0 1 2 19 416 23 5 2 57 3 0 4 0 1 1 4 0 3 1 1 1 8 7 0 0 0 82 2 3 1194 1 0 1 0 0 4 2 0 0 1 30 1 0 1 1 0 0 26 0 2 0 0 5 27 1 
0 4 1 1 231 0 23 1 2 2 0 1 0 0 27 1 3 7 14 6 37 1 0 1 2 6 2 1 4 0 4 0 15 0 0 0 0 13 2 5 1 0 1 26 7 0 0 2 4 0 2 21 3 13 6 10 0 6 1 0 33 3 37 3 
0 3 9 7 10 0 1 0 4 0 0 1 1 1 1 8 5 0 1 2 0 9 2 0 0 37 1 0 0 0 0 499 1 16 21 9 1 0 0 5 3 5 6 296 1 1 5 2 3 49 1 0 35 3 0 1 113 3 0 21 2 2 1 1 
2 0 5 3 0 0 0 23 5 4 0 1 0 3 0 0 10 0 0 93 0 10 11 1 0 2 143 0 0 3 183 7 3 12 3 130 15 1 0 0 1 24 0 5 0 9 6 9 7 0 2 0 0 1 2 2 6 0 2 2 1 1 1 1 
0 4 3 29 0 0 0 0 1 1 5 0 2 1 13 3 0 0 9 126 8 2 3 2 0 0 2 29 8 2 2 11 4 0 0 1 6 4 2 0 0 1 15 8 3 0 2 8 0 30 1 0 0 0 0 33 4 1 0 11 3 3 1 1 
1 11 9 22 1 2 551 8 0 5 17 2 0 0 9 6 3 3 3 3 6 1 23 3 1 4 16 1 3 1 2 12 0 3 0 1 4 1 5 1 3 1 5 0 1 0 0 9 10 0 45 0 2 1 3 89 2 0 18 43 1 0 6 4 
2 7 2 1 13 0 3 3 226 2 2 0 16 0 7 2 3 1 5 2 1 0 15 5 0 12 1 2 1 5 1 75 2 5 5 9 0 26 10 10 9 2 1 2 1 5 13 1 1 3 0 1 0 2 214 1 18 0 3 0 93 1 1 0 
3 2 13 0 0 27 1 9 3 0 0 97 0 1 5 0 0 0 26 30 2 10 1 1 0 3 12 2 0 119 1 1 3 51 1 11 2 8 0 1 4 1 5 25 2 0 9 3 3 7 15 0 0 4 554 0 0 0 15 1 0 3 0 4 
1 3 53 0 1 0 135 2 0 1 2 21 1 0 2 97 4 8 78 1 26 28 1 5 1 9 3 45 9 0 0 1 1 1 2 12 0 1 0 0 6 0 9 15 0 17 10 76 1 1 0 0 4 0 0 18 5 3 5 1 0 65 3 2 
0 2 1 0 20 0 0 3 1 1 0 1 1 2 14 2 38 36 56 2 9 13 0 1 1 2 2 2 5 1 0 6 0 7 2 1 8 0 1 1 19 3 26 1 14 3 0 7 4 3 7 5 1 0 3 3 6 5 1 2 3 13 26 26 
2 8 2 0 0 7 4 0 0 3 0 1 0 0 14 0 2 0 2 4 1 9 5 1 0 0 3 0 1 3 4 6 0 1 1 1 0 0 2 3 0 1 1 1 0 1 2 8 29 2 0 1 0 6 1 0 561 4 5 1 0 34 12 0 
6 8 8 0 3 0 0 7 2 0 0 1 3 47 2 0 1 3 1 0 1 2 0 1 3 1 3 4 1 1 1 5 61 0 1 0 2 0 97 0 48 0 1 4 0 1 6 0 0 0 46 3 0 3 0 1 11 8 0 0 10 0 5 18 
0 1 1 2 6 2 0 0 0 7 0 0 1 1 3 1 2 0 0 5 0 0 1 1 5 1 2 3 2 3 3 6 35 1 3 0 1 22 9 0 71 0 8 13 5 15 34 1 1 23 46 9 11 0 0 0 1 0 2 2 0 0 0 0 
2 0 7 1 25 8 2 0 21 2 0 0 3 11 0 1 5 22 3 2 0 43 17 340 0 3 0 1 4 0 2 0 2 2 64 4 4 2 1 1 31 8 7 0 18 1 4 0 6 4 0 0 4 0 4 1 1 3 5 1 0 10 0 0 
2 1 0 2 0 1 1 0 0 48 2 53 123 21 1 0 1 0 2 10 32 3 1 2 1 52 1 1 0 1 8 0 5 2 0 24 0 1 19 11 0 23 3 1 4 1 3 1 10 0 26 8 3 30 1 5 114 0 1 1 0 1 1 4 
14 5 7 3 0 8 0 4 5 173 2 9 17 0 1 1 1 1 0 0 1 26 6 17 916 0 1 0 2 1 6 0 0 6 16 6 0 179 1 2 12 8 0 0 0 4 8 2 1 2 0 2 0 1 1 1 26 3 3 2 0 1 58 7 
4 2 0 1 1 0 0 1 2 25 3 7 6 44 15 8 2 3 18 3 2 0 2 2 1 0 2 71 1 25 1 49 25 1 4 7 0 3 9 1 18 0 0 2 11 269 1 6 10 10 10 5 0 0 1 1 6 4 0 0 1 0 0 0 
2 7 2 3 0 0 7 1 1 1 0 2 0 9 1 0 1 5 6 27 0 2 4 0 1 11 0 3 3 0 8 0 4 0 33 0 4 2 0 2 0 0 0 0 5 61 8 3 0 3 51 7 1 0 0 10 3 17 0 2 0 2 0 4 
1 2 2 1 1 1 13 1 3 3 1 3 0 19 0 1 3 4 1 0 8 5 1 1 7 7 2 0 4 0 4 0 1 12 1 13 2 2 8 13 2 0 0 3 4 3 1 5 3 138 218 1 15 0 0 0 3 22 0 8 2 0 1 0 
0 4 1 3 0 0 1 1 24 31 1 3 0 1 2 5 21 5 2 0 1368 0 0 1 8 6 3 15 1 4 1 3 1 1 0 1 0 1 20 83 8 0 0 1 0 0 0 5 5 15 2 2 0 0 0 45 0 0 11 2 1 6 1 4 
3 6 10 0 9 1 0 0 1 3 7 1 19 0 10 1 2 0 8 2 8 18 11 4 4 1967 3 2 10 10 27 1 62 6 5 3 0 46 0 0 1 18 2 10 0 1 6 1 1 2 0 2 1 187 6 0 34 0 0 0 2 3 1 2 
0 43 1 144 3 1 0 0 0 7 0 0 1 1 2 0 7 208 1 10 1 0 1 6 1 0 3 1 0 2 9 1 9 60 3 1 0 6 1 4 0 6 2 15 15 22 1 10 1 0 0 2 5 2 0 1 14 13 6 0 0 1 6 4 
0 1 20 1 0 0 42 0 0 0 1 7 1 2 0 5 5 2 3 5 0 0 4 2 11 251 5 1 0 32 0 2 1 7 3 2 20 0 15 0 3 0 1 0 1 6 0 9 0 76 0 1 3 1 1 17 3 1 2 5 0 1 2 108 
0 23 3 117 0 28 0 78 1 0 3 10 2 4 6 3 2 0 26 89 7 11 4 6 0 0 0 1 0 1 6 124 2 0 7 6 0 8 1 0 0 0 2 10 24 0 0 11 152 2 3 0 3 0 9 0 0 0 7 5 1 0 0 41 
2 1 2 2 0 4 6 2 47 3 2 34 2 31 29 22 1 5 0 82 1 2 125 0 13 2 1 3 4 3 4 3 12 38 2 50 3 3 0 1 117 6 0 5 1 99 1 0 1 7 0 0 0 1 6 0 0 4 0 0 1 15 5 7 
0 1 3 1 0 0 1 2 0 1 16 18 1 0 0 1 4 13 1 0 6 1 2 1 3 0 1 3 3 0 0 1 22 0 3 13 3 4 14 65 7 1 51 11 3 1 11 1 0 8 3 2 2 0 1 0 7 1 1 0 1 3 5 20 
1 29 3 0 1 11 0 1 4 3 0 48 4 2 0 1 0 3 1 1 8 0 9 31 1 18 1 3 0 141 1 1 7 0 5 48 1 1 1 3 0 0 0 2 0 4 0 32 1 11 7 0 1 3 0 21 10 13 0 11 1 19 8 66 
5 5 0 3 6 5 9 0 4 2 211 9 8 0 0 1 7 5 7 27 0 0 0 0 6 5 2 2 6 0 0 1 359 6 0 0 0 0 1 13 6 0 0 1 2 0 0 3 2 4 8 2 9 1 7 0 47 3 8 4 1 1 0 0 
0 0 1 1 6 9 22 1 9 8 11 6 0 1 108 0 4 96 4 0 0 0 0 0 4 11 5 174 259 41 1 2 251 10 1 7 4 1 13 3 2 2 2 3 32 5 1 109 3 1 10 21 1 10 0 1 1 5 3 1 1 0 0 7 
1 0 0 0 2 1 0 33 22 0 2 84 6 0 15 42 1 2 0 0 0 7 1 3 7 1 7 0 2 2 0 11 0 0 6 0 2 2 0 2 0 21 1 1 0 0 1 5 13 0 3 507 0 0 11 21 4 0 4 0 5 0 70 4 
8 11 16 12 6 5 0 9 0 1 2 14 0 0 0 2 1 12 1 0 9 0 24 17 2 3 0 3 14 0 4 27 0 2 43 1 5 2 1 0 23 1 0 0 37 0 1 1 10 1 0 2 4 2 0 0 4 7 95 24 1 0 395 1 
1 1 1 1 2 0 12 2 2 6 32 0 2 5 4 6 5 0 8 0 0 12 1 6 0 0 0 7 1 0 0 0 0 8 0 5 2 1 1 0 27 46 2 0 5 1 2 10 0 2 19 0 0 0 33 0 5 7 3 1 5 14 10 2 
0 5 4 2 9 9 1 124 3 3 1 3 0 0 4 1 0 1 7 1 0 6 6 10 1 0 0 5 1 23 2 2 1 0 2 5 0 4 2 0 80 6 1 0 4 0 18 1 5 0 18 12 1 0 0 4 15 10 3 0 0 1 0 7 
7 2 10 3 0 0 10 0 1 43 3 18 7 2 1 5 44 3 0 0 15 92 0 17 0 0 1 0 0 218 1 0 1 31 3 4 0 3 66 2 0 16 4 7 0 0 1 0 74 0 2 4 2 2 147 2 7 2 212 0 7 1 10 1 
2 9 6 0 1 9 2 0 0 1 21 1 6 3 0 0 0 2 31 7 307 15 1 3 25 0 0 1 10 33 0 1 5 1 1 11 0 0 1 25 3 0 3 15 0 13 9 10 2 27 0 0 3 2 2 0 0 0 0 2 2 4 30 2 
3 0 1 0 1 2 0 6 7 2 3 0 2 1 2 39 0 1 0 7 5 1 7 17 7 0 0 0 13 0 5 7 5 2 1 49 8 2 0 1 0 28 0 0 1 0 1 0 0 12 6 0 8 3 3 0 2 1 1 2 0 2 10 4 
0 13 8 1 6 0 7 2 126 0 3 11 4 1 7 1 1 1 8 0 0 1 6 11 0 8 0 7 1 0 0 0 1 121 7 0 2 0 21 3 0 0 115 16 2 23 4 0 3 1 0 1 29 2 1 2 20 9 0 1 0 4 1 3 
1 13 1 2 0 0 5 71 6 1 25 1 0 0 0 0 23 6 226 3 14 1 0 2 3 1 1 5 35 3 0 2 2 46 2 0 0 26 3 40 5 0 0 0 12 1 3 1 1 1 0 2 1 1 2 4 0 3 7 10 3 2 0 1 
11 0 0 1 0 18 1 12 0 1 2 1 0 0 4 6 7 54 0 0 8 18 0 0 6 0 9 10 0 1 3 3 1 23 3 1 17 4 9 0 5 1 1 0 0 0 1 0 27 108 0 1 1 1 0 0 0 12 0 8 35 0 1 11 
1 1 1 2 217 0 6 0 0 0 4 0 1 20 4 1 0 0 0 48 0 50 8 4 14 2 26 1 3 0 5 1 6 1 0 2 0 1 9 1 1 1 0 9 1 0 10 0 29 1 0 0 2 67 2 12 1 9 54 4 2 1 0 3 
10 1 2 0 19 0 26 2 5 1 3 14 35 1 0 1 5 2 1 124 2 2 2 1 3 0 1 1 0 3 8 0 0 0 4 5 0 3 5 1 7 4 0 5 346 686 6 6 3 0 0 0 0 9 4 1 1 1 0 1 0 10 16 1 
1 5 1 0 3 13 1 0 0 2287 1 12 0 27 0 9 25 2 29 0 1 0 0 2 1 0 1 0 0 0 2 0 1 0 1 0 1 0 0 0 0 3 1 1 1 1 184 0 0 9 1 0 5 4 19 1 211 1 3 3 1 7 1 13 
0 0 1 0 11 2 7 0 0 2 0 21 17 1 1 4 1 2 0 12 3 0 59 1 1 2 3 5 5 4 1 12 0 10 13 7 9 1 8 0 6 0 1 1 5 7 2 1 9 18 2 8 6 3 1 99 196 1 49 2 0 2 1 128 
4 4 36 10 27 4 6 13 0 0 4 1 0 1 10 24 1 0 2 8 4 1 6 3 1 3 3 14 0 1 1 1563 0 0 4 0 0 1 16 5 4 0 36 2 8 4 0 0 0 0 0 8 3 8 0 0 0 8 0 24 0 0 2 0 
15 4 10 32 2 1 1 4 0 0 0 0 0 1 11 2 1 4 5 8 0 4 5 32 0 0 5 2 13 18 8 4 0 0 0 4 10 1 10 1 0 2 8 0 18 1 8 1 0 0 3 6 1 0 1 1 4 0 7 1 0 0 0 11 
0 1 0 0 6 0 9 0 2 7 0 2 28 2 20 4 0 7 1 2 11 13 38 515 22 2 5 0 118 25 25 0 8 125 11 0 0 0 0 5 1 0 23 5 8 2 9 1 1 9 0 0 0 7 4 33 5 22 0 2 2 1 2 0 
0 12 8 21 4 0 0 149 6 1 1 0 11 1 10 1 9 4 1 1 0 4 5 6 1 3 1 0 2 10 0 5 0 4 23 2 5 16 3 2 66 9 0 122 1 1 2 0 293 17 1 1 16 4 19 1 0 4 39 3 1 0 0 6 
1 0 2 128 3 1 0 1 0 1 0 1 4 83 7 54 42 28 1 35 0 6 8 3 0 1 0 0 0 2 2 0 10 5 3 1 43 1 4 3 0 1 1 1 1 3 1 6 13 1 1 168 8 1 20 1 0 1 26 5 4 0 0 1 
4 0 0 1 0 0 0 2 0 0 15 1 0 67 10 0 0 2 5 3 2 8 19 5 4 1 8 1 2 4 19 1 8 0 2 1 69 8 1 0 1 1 23 1 1 10 18 4 3 25 1 5 2 0 1 0 0 1 2 1 6 19 6 20 
1 0 0 28 23 2 15 0 0 1 8 1 0 0 0 52 4 1 2 28 43 0 0 1 1 17 2 3 0 1 2 8 4 4 13 0 34 0 1 14 5 12 3 1 1 14 0 3 3 4 11 1 0 65 3 0 4 2 33 6 0 3 2 38 
4 13 0 17 1 2 0 0 46 10 4 0 229 3 2 0 15 1 23 12 24 2 1 0 0 2 1 3 19 1 10 0 0 4 8 0 11 37 5 1 1 4 1 1 7 3 3 3 1 45 0 12 6 0 12 0 7 85 44 1 33 1 0 2 
8 3 1 13 2 36 0 1 0 0 0 8 748 15 1 1 7 5 0 29 0 9 1 2 1 1 6 3 55 1 11 3 18 0 3 356 11 1 1 4 5 248 17 0 4 1 1 47 1 3 0 1 1 1 1 6 119 1 0 1 0 4 0 0 
2 1 0 2 8 0 0 1 0 0 4 8 0 11 9 4 0 7 3 8 1 25 1 76 2 0 4 2 28 1 6 0 0 1 308 34 3 20 0 0 4 1 20 0 0 0 2 0 15 0 1 3 6 3 15 7 6 1 0 1 3 5 1 36 
2 0 0 0 2 6 7 0 1 1 0 1 4 4 1 1 70 0 11 1 2 1 14 16 5 7 1 1 1 7 0 3 4 2 0 1 3 1 23 0 13 6 7 3 3 1 0 0 0 22 1 1 2 14 9 4 0 1 0 2 2 0 0 0 
0 1 0 0 9 4 1 2 1 23 10 3 0 0 2 2 10 0 0 5 13 6 4 14 7 13 0 6 2 1 25 1 7 0 0 15 6 1 0 0 3 1 0 6 0 16 3 9 1 6 1 6 5 2 0 1 9 2 18 12 6 0 3 3 
1 0 0 8 12 0 19 0 3 31 8 1 1 0 1 2 12 0 1 211 4 7 1 0 0 1 0 23 0 5 0 28 0 26 10 2 43 0 4 0 51 1 4 1 1 2 0 23 51 3 2 5 3 15 0 2 3 44 0 118 1 0 14 0 
0 11 6 1 0 0 1 24 3 1 1 13 1 10 2 1 1 0 0 1 33 42 0 25 2 3 0 7 8 66 22 1 0 0 0 6 7 0 2 3 5 3 0 1 48 26 1 0 13 4 0 0 0 9 18 1 0 0 0 4 3 7 13 0 
2 3 1 0 0 2 9 0 21 0 1 0 0 0 2 4 0 0 0 8 1 2 26 17 0 4 1 0 0 22 12 0 1 0 5 2 4 12 9 0 7 0 2 2 3 0 5 2 33 0 0 0 1 23 2 44 0 0 15 0 1 2 2 1 
5 0 32 1 0 3 1 3 13 19 3 7 1 0 0 21 7 1 0 8 79 1 1 4 6 1 10 22 0 1 5 0 1 29 1 5 6 0 4 0 4 2 13 1 4 22 85 1 0 1 0 1 5 29 0 7 0 2 1 6 1 11 1 18 
1 11 26 15 2 1 0 1 0 4 1 0 1 2 0 0 11 12 12 1 11 2 0 0 2 5 252 0 2 0 1 0 1 0 4 0 3 1 1 4 2 0 0 5 34 0 0 6 0 17 9 11 2 0 1202 18 5 7 2 1 2 3 6 0 
69 116 1 81 0 2 15 0 49 1 3 7 37 88 7 2 0 28 1 11 33 1 4 3 1 3 0 1 6 0 2 0 18 0 1 3 5 2 1 24 1 4 0 4 2 1 1 1 5 1 53 5 0 15 37 0 35 2 2 0 5 0 0 7 
0 33 0 0 0 1 1 1 3 33 1 10 4 2 0 0 0 21 0 12 0 12 2 1 4 19 10 22 2 1 0 1 2 8 0 0 1 0 5 5 3 0 0 0 0 19 0 43 1 0 0 3 0 0 2 5 3 133 22 7 0 25 5 30 
0 1 0 1 9 1 0 2 0 1 7 1 0 0 9 1 0 11 0 1 0 2 4 0 2 2 0 4 0 3 12 0 1 27 12 0 1 1 103 17 4 1 7 6 3 0 211 2 7 1 3 37 18 68 3 0 3 0 0 6 43 1 1 14 
0 3 0 4 0 0 9 0 1 0 0 0 0 1 16 3 2 1 0 3 0 2 2 3 0 8 4 0 46 0 3 9 1 0 1 2 2 2 1 0 26 6 1 20 0 1 2 1 1 20 0 2 1 0 25 0 0 0 0 1 0 3 0 0 
5 0 7 3 1 4 1 0 0 5 2 7 11 0 1 2 4 0 16 1 210 2 0 0 0 9 5 1 8 46 1 3 5 4 6 4 28 0 13 102 1 3 6 0 17 14 4 1 8 3 15 0 0 0 3 3 0 4 9 0 1 0 0 2 
5 0 0 1 1698 1 17 4 3 2 1 1 4 4 4 2 14 34 6 1 21 18 13 2 0 1 1 2 1 0 5 11 4 0 0 0 2 14 0 0 1 5 1 5 3 0 5 4 6 3 0 4 1 27 2 2 14 0 18 2 0 29 2 4 
14 0 3 12 8 1 5 2 0 0 15 2 0 0 0 1 2 0 0 173 0 0 9 10 13 3 19 1 1 1 0 41 52 3 0 1 6 7 32 1 1 0 11 1 7 9 23 4 1 16 17 0 2 0 0 4 0 0 0 0 2 9 5 3 
13 1 1 10 4 36 0 11 48 2 2 0 28 1 0 1 0 4 2 0 6 0 0 0 0 0 96 38 1 0 0 1 118 56 89 2 31 1 19 8 4 2 0 0 237 0 32 2 23 2 1 0 2 0 7 1 2 2 1 5 1 0 3 1 
1 13 0 7 28 0 1 4 1 0 13 0 2 3 0 0 1 10 2 1 0 2 0 2 9 3 0 1 1 0 1 0 0 23 3 0 1 0 0 5 1 0 2 0 1 0 15 0 0 4 2 0 5 6 2 2 1 0 2 0 2 1 13 1 
6 2 0 10 1 12 5 13 0 3 0 12 5 5 1 162 1 25 13 0 1 2 0 0 27 1 27 0 2 31 2 0 4 1 4 1 4 26 0 7 3 2 2 7 2 1 10 211 0 0 2 14 0 0 10 2 2 1 0 1 4 0 4 1 
0 24 6 1 1 22 2 0 0 0 2 1 4 0 3 1 0 1 0 1 0 6 2 1 1 0 6 1 0 0 26 0 0 1 0 2 4 0 6 0 0 0 3 1 0 0 6 0 2 1 1 2 0 3 30 5 0 11 0 3 0 184 4 3 
0 1 0 0 0 1 3 0 0 10 2 5 2 74 0 0 5 0 0 2 5 0 0 33 0 0 7 2 2 5 28 332 0 10 3 1 1 1 1 232 10 0 1 2 0 32 0 1 4 4 0 0 0 0 0 0 1 3 1 1 18 39 7 6 
3 6 0 1 1 1 4 1 2 7 6 3 1 1 1 0 4 7 108 2 0 16 3 0 4 1 4 17 3 6 0 5 6 1 0 11 0 1 22 62 1 0 14 1 2 0 6 2 0 0 5 1 14 0 0 3 0 0 6 13 118 15 0 0 
6 1 1 2 0 0 34 27 1 0 2 69 5 2 2 2 4 3 21 0 0 0 5 0 2 12 0 4 5 12 27 0 0 1 4 2 4 11 0 2 7 3 0 0 397 8 0 1 1 11 21 15 5 31 7 34 0 8 1 5 3 2 0 1 
6 0 0 1 0 4 0 4 2 5 0 0 0 0 1 1 0 4 8 9 1 13 3 1 0 1 0 53 1 3 2 19 1 4 1 1 10 2 23 2 5 14 0 52 4 0 93 8 2 4 0 2 13 27 3 0 27 33 1 2 2 23 4 1 
10 2 7 9 22 4 1 1 0 11 4 1 1 0 8 2 39 12 1 0 0 1 1 0 3 0 0 2 1 1 6 0 2 16 8 0 0 7 0 2 0 3 8 15 5 7 0 0 2 0 0 3 0 6 0 8 0 16 3 9 5 4 0 0 
9 8 0 1 9 1 2 5 0 1 8 1 2 1 2 1 0 0 1 3 2 2 0 0 1 26 16 0 0 13 2 2 0 0 9 0 1 0 30 6 24 14 0 4 0 2 5 0 57 2 0 3 5 1 5 5 1 0 12 12 14 1 7 4 
8 3 0 0 0 1 4 0 0 0 424 11 2 0 4 7 3 1 3 3 1 188 8 287 25 3 0 19 0 0 0 0 1 0 3 47 4 4 0 7 0 1 0 1 11 0 9 4 0 3 0 19 19 0 1 5 5 14 10 20 0 21 2 0 
0 1 0 2 1 2 2 3 0 1 2 4 0 2 2 1 14 5 7 2 11 21 6 2 3 5 0 0 1 1 0 3 0 0 0 0 538 25 2 2 4 12 0 0 2 1 9 1 18 0 7 0 1 19 3 2 0 3 12 0 5 0 7 4 
6 0 1 1 9 17 12 1 0 0 0 3 75 22 4 0 4 0 1 1 0 2 2 0 0 0 0 3 0 11 0 2 0 22 1 26 23 13 0 0 0 1 0 7 15 0 5 7 0 0 16 1 1 2 5 2 3 2 0 17 3 0 0 0 
31 3 0 7 2 0 1 2 0 230 0 7 1 0 22 3 0 1 1 22 9 107 0 1 1 0 0 0 28 2 1 0 11 1 0 1 0 2 0 1 0 6 4 1 3 12 81 0 3 7 4 2 0 0 3 3 3 1 1 1 5 1 6 2 
1 7 0 3 0 0 1 0 16 11 0 0 6 47 2 0 5 17 0 3 4 5 0 1 0 3 3 7 0 7 1 2 1 0 0 0 0 14 143 7 0 0 0 0 3 1 1 0 0 5 1 3 5 5 0 0 6 1 27 0 5 8 1 1 
5 1 8 1 0 0 4 4 42 3 102 2 1 0 0 2 63 7 1 1 27 0 0 1 0 3 1 0 0 2 0 1 0 0 82 3 0 0 0 2 0 0 1 9 2 0 14 3 9 9 0 19 0 0 4 0 0 657 1 1 7 1 4 4 
39 1 5 0 1 2 14 0 0 0 3 0 0 0 21 7 12 0 2 0 31 1 8 1 2 4 1 0 0 1 3 4 0 0 0 39 4 4 0 140 0 8 4 4 1 3 0 19 6 6 28 0 0 1 0 0 0 28 12 0 1 0 4 1 
2 3 1 0 0 2 21 9 1 1 0 0 1 0 1 1 4 0 1 4 27 3 0 49 5 60 1 1 8 0 46 41 0 3 0 0 0 1 1 0 3 0 0 1 0 0 5 6 5 0 25 0 6 1 1 2 2 0 1 0 5 3 4 3 
2 0 2 0 1 7 7 1 57 52 11 1 0 2 8 352 3 0 1 0 0 1 3 4 1 5 24 4 1 1 0 5 169 0 5 4 12 0 5 0 2 7 1 2 1 3 8 7 0 0 0 1 30 0 3 1 4 0 9 3 1 0 1 5 
10 2 2 3 0 6 0 5 0 5 1 0 2 15 0 1 2 0 7 2 11 7 21 2 0 1 5 21 0 0 0 1 44 5 16 0 6 0 0 0 3 3 0 0 1 2 4 1 0 5 3 8 8 1 3 1 0 9 2 1 0 3 5 15 
1 0 0 23 0 2 1 372 5 6 1 8 0 1 2 1 0 2 0 0 0 7 15 1 0 9 0 1 12 0 1 0 1 6 1 1 1 0 1 0 1 0 1 0 0 1 1 0 3 0 1 0 1 4 1 6 1 1 4 1 2 1 12 1 
6 7 2 0 0 3 33 3 3 0 16 2 20 0 11 159 9 9 2 29 7 4 3 0 2 9 0 2 1 0 2 2 3 0 1 0 2 31 3 1 1 4 24 8 4 19 1 2 1 1 2 20 0 2 59 0 5 1 1 15 23 16 17 72 
0 10 0 2 13 10 1 6 6 2 4 9 1 0 3 0 10 2 2 1 6 0 0 5 2 14 3 0 3 3 0 178 114 2 0 0 4 7 4 0 8 1 44 0 0 5 6 8 2 1 0 1 4 0 16 3 3 0 0 0 0 0 7 0 
0 5 2 5 1 1 0 23 7 0 11 3 0 12 7 0 13 2 0 0 1 13 13 1 13 0 1 0 11 0 0 1 22 1 14 3 0 0 2 1 10 4 13 0 3 2 0 6 0 2 41 0 4 35 2 1 31 1 1 0 1 1 0 2 
0 0 0 14 1 1 16 2 13 10 1 26 2 1 1 0 12 15 1 3 1 0 4 2 1 0 4 7 7 0 1 0 4 103 1 0 0 1 1 0 1 18 20 10 0 0 4 4 7 4 0 0 3 14 7 1 1 6 6 18 0 0 0 5 
1 0 0 0 11 438 0 0 0 3 0 0 1 0 24 21 0 2 12 0 2 0 1 2 1 1 1 0 7 3 3 25 1 5 2 28 5 0 36 3 0 0 0 3 1 11 2 2 1 1 1 1 8 14 4 0 21 0 1 21 0 3 2 4 
0 5 1 6 2 0 1 1 4 0 5 25 1 1 0 0 0 1 1 0 4 0 0 1 11 5 2 2 1 12 0 10 3 0 0 4 1 0 2 1 1 0 0 5 2 6 0 4 1 8 2 11 0 1 4 1 3 0 3 0 5 2 1 0 
0 10 28 0 0 0 0 1 0 1 0 5 26 2 5 51 0 73 0 0 4 1 2 0 1 0 1 99 8 1 1 0 0 1 6 5 2 0 1 5 0 4 1 0 5 24 9 16 0 0 2 7 0 12 10 1 0 1 28 1 1 0 0 46 
11 0 2 1 8 2 0 1 0 0 0 3 13 1 2 2 3 26 0 2 29 0 0 0 7 2 0 4 4 2 16 0 28 26 1 3 0 5 5 21 81 81 28 117 1 0 22 4 5 1 3 1 1 1 6 7 1 3 0 11 0 68 19 3 
0 2 9 3 15 0 0 0 1 28 13 2 8 8 0 33 0 3 0 0 1 173 1 18 0 11 8 7 1 16 3 1 0 0 1 22 1 0 1 34 4 0 1 1 0 1 0 0 4 2 1 0 1 0 6 0 2 0 1 3 1 0 6 0 
8 2 3 0 4 18 3 1 3 19 4 23 1 40 3 1 0 3 0 5 31 29 0 11 6 0 0 4 0 4 0 2 0 28 5 0 4 10 3 1 2 1 27 0 2 0 42 0 2 1 0 0 0 0 21 1 0 9 3 1 1 1 8 17 
8 2 3 5 8 1 1 205 70 0 0 3 0 0 3 0 9 1 15 0 0 2 0 1 2 0 9 1 6 0 0 1 2 8 0 6 3 47 1 3 1 1 0 0 9 0 0 24 1 4 1 11 1 1 5 0 6 5 10 1 1 9 15 4 
0 1 9 0 1 1 0 1 8 11 0 8 0 1 49 0 2 1 40 2 3 7 34 0 5 0 2 4 24 0 0 0 0 1 6 1 1 0 1 35 0 1 0 4 3 37 1 1 1 1 0 78 1 0 0 3 4 2 4 54 9 1 3 0 
1 0 0 0 2 5 2 0 5 5 1 28 1 3 0 1 0 2 16 1 3 1 113 0 195 10 2 15 0 0 0 0 3 1 1 13 0 0 0 1 0 3 3 0 1 0 0 12 0 0 45 9 0 0 4 9 1 0 4 445 1 3 6 25 
0 0 1 1 2 43 0 2 27 0 1 12 1 0 32 36 1 0 27 4 2 1 1 4 4 0 9 2 7 1 0 24 14 2 7 10 1 11 4 2 0 6 23 1 9 54 0 3 0 12 1 1 0 20 11 1 4 1 12 1 9 5 6 0 
0 7 0 2 0 2 6 0 2 1 1 0 2 3 1 0 0 10 8 0 32 0 34 13 2 1 2 0 1 0 5 1 6 0 5 0 2 2 5 0 0 10 4 6 22 3 61 0 3 0 10 1 7 4 0 45 0 8 3 10 0 3 0 0 
0 2 5 139 1 1 1 4 0 1 0 0 2 1 4 0 10 0 2 0 3 2 0 0 1 3 6 0 0 0 29 0 1 13 4 6 5 1 3 9 0 1 2 1 39 2 1 0 0 0 5 1 1 2 1 37 0 4 1 3 10 0 23 0 
1 0 9 6 8 1 0 0 0 1 27 1 0 0 4 39 3 0 3 4 8 35 266 0 0 3 1 0 3 0 8 2 1 6 1 0 0 13 0 2 4 1 0 6 5 4 16 0 2 0 1 0 5 0 1 4 4 1 2 2 1 3 119 14 
111 2 2 0 2 0 0 0 0 56 0 0 14 1 0 6 0 4 1 3 5 4 0 1 4 2 1 83 7 20 0 27 11 0 1 7 2 1 3 2 0 0 19 9 0 3 18 2 2 2 1 1 1 1 0 0 4 3 1 205 2 1 0 0 
7 9 0 10 0 69 36 2 1 2 3 6 2 2 2 10 17 0 1 3 11 2 3 32 2 1 4 2 0 0 28 23 2 1 5 2 0 216 2 5 1 0 0 4 21 119 0 4 5 0 0 6 3 1 0 0 1 7 6 0 1 3 1 8 
0 1 1 1 2 5 52 19 3 2 18 0 1 0 2 0 8 1 1 2 0 3 0 1 3 0 0 5 0 15 1 2 0 0 1 0 1 2 0 3 5 2 2 5 1 0 1 0 1 0 0 4 3 7 15 0 1 0 0 4 0 0 3 1 
9 0 1 11 53 3 13 0 24 5 0 0 2 200 1 1 0 0 3 0 5 3 1 4 0 12 8 1 5 24 430 15 2 5 0 0 0 5 1 8 0 0 8 2 0 0 1 3 84 0 0 0 15 6 7 0 8 3 2 3 1 2 3 10 
9 0 8 0 0 1735 13 41 2 3 1 9 19 0 1 0 0 204 0 0 2 0 0 2 0 1 12 0 1 6 1 0 0 0 0 0 0 12 5 0 21 1 2 30 1 6 4 1 2 0 4 25 3 0 22 0 3 3 7 0 0 5 19 0 
3 2 0 0 18 2 1 1 0 13 0 0 0 1 2 9 2 4 0 0 2 4 0 1 0 0 39 4 8 0 2 0 6 1 4 0 3 8 0 0 17 1 1 88 0 1 0 82 25 15 16 0 1 1 5 53 7 10 2 0 5 0 0 0 
8 1 8 6 0 0 1 18 15 3 4 1 1 23 0 5 2 0 2 6 2 1 0 2 4 1 26 0 11 0 14 2 2 3 6 1 90 2 1 1 2 4 0 6 0 0 16 1 6 3 0 3 1 0 10 10 2 0 0 5 0 1 1 3 
0 1 0 0 2 1 0 1 11 16 0 5 65 0 0 0 0 5 0 6 75 1 1 0 0 2 0 0 5 0 2 1 1 0 1 3 1 1 3 7 44 11 0 6 6 0 6 632 0 0 0 0 0 79 1 0 3 11 36 13 110 6 1 0 
0 13 42 3 5 2 2 371 1 0 7 5 0 1 0 0 1 4 12 4 6 24 9 1 4 0 9 10 10 14 3 5 2 0 1 0 3 6 11 0 1 14 1 7 59 0 0 0 0 0 14 3 12 0 1 10 0 37 2 5 5 236 23 0 
3 11 2 5 0 10 3 1 1 1 0 0 1 0 5 7 6 0 5 0 0 15 14 9 0 6 26 7 312 15 0 12 1 4 1 0 0 2 9 0 1 28 0 3 3 3 2 0 2 0 4 0 0 1 4 3 11 3 5 0 1 1 0 4 
3 1 3 5 5 0 0 8 1 3 0 0 3 6 0 3 0 11 19 0 4 1 1 6 0 0 0 152 0 0 20 0 87 0 2 5 0 25 9 1 3 0 0 33 7 1 0 0 1 0 1 1 1 4 1 2 0 9 3 1 1 0 0 0 
3 9 0 5 0 1 2 27 3 5 27 2 0 6 0 6 1 1 4 0 203 0 93 1 0 11 6 1 12 0 36 17 0 1 14 2 5 1 6 0 0 0 7 4 2 0 3 0 1 2 37 8 0 0 12 1 0 18 119 2 2 2 7 17 
0 1 0 0 3 0 0 0 9 2 17 0 6 3 1 15 1 0 0 2 0 7 22 3 0 4 3 2 9 1 1 3 0 0 3 1 0 1 420 2 14 1 2 1 1 0 2 3 2 1 1 92 3 14 4 0 0 0 0 0 0 1 0 4 
2 1 371 0 2 0 0 3 4 2 3 0 5 1 55 79 9 3 23 3 1 1 5 4 0 41 0 0 2 9 0 2 0 0 1 0 2 1 1 19 1 0 254 1 1 1 0 0 18 1 11 0 3 1 0 1 1 32 2 401 1 0 6 0 
6 4 3 9 1 0 16 3 2 1 2 13 9 1 1 1 28 1 18 15 1 1 4 30 2 0 1 0 1 2 6 2 1 0 7 3 0 14 13 0 1 0 3 0 15 1 11 15 4 1 7 12 6 4 0 5 0 0 9 0 7 17 1 5 
40 21 6 0 30 10 25 7 0 31 2 12 0 0 0 1 0 1 3 1 3 2 50 6 1 23 35 0 16 1 4 29 0 35 18 0 1 4 8 208 0 0 3 13 19 4 0 0 1 0 4 1 26 0 0 24 3 0 0 7 0 10 3 1 
0 16 0 0 0 4 7 3 9 13 7 7 0 23 0 0 2 0 2 32 1 121 10 0 0 8 4 13 1 25 28 2 7 7 5 1 3 9 0 6 6 9 1 0 0 0 1 1 2 1 22 2 1 1 17 0 0 0 22 1 2 2 0 45 
2 3 0 3 4 22 1 0 0 0 0 0 1 0 1 102 14 0 0 0 2 27 37 3 0 1 2 1 5 5 3 0 4 4 27 1 1 0 0 92 1 2 3 0 1 22 0 0 1 0 31 3 0 0 0 0 0 11 0 4 32 5 1 0 
433 2 22 0 24 0 1 3 31 0 0 0 6 12 0 2 1 1 7 4 3 1 4 1 0 2 9 0 0 0 0 3 4 1 0 0 5 4 0 0 1 4 1 22 1 2 16 6 4 3 1 4 0 6 15 0 0 3 2 6 5 74 3 2 
7 5 1 2 12 0 0 5 4 0 0 0 1 1 0 3 0 2 21 14 3 7 22 4 0 12 0 9 0 4 0 2 0 0 0 0 1 3 4 5 0 7 10 5 13 4 1 1 0 0 3 19 2 1 1 6 2 0 8 1 0 10 1 16 
1 1 1 46 1 3 0 6 2 1 2 1 18 1 0 0 13 1 24 20 0 1 1 1 0 12 0 3 2 0 3 0 4 7 2 106 5 1 0 2 1 1 38 2 0 0 2 0 1 4 6 3 12 6 25 24 8 0 7 0 0 1 4 4 
2 0 0 1 8 47 3 0 0 0 0 7 0 0 0 0 23 0 0 1 19 3 0 27 0 0 0 0 1 3 0 4 2 23 1 9 0 0 31 0 9 2 0 1 0 10 2 1 2 0 4 8 6 0 3 3 81 0 3 12 47 1 1 0 
2 15 0 2 1 0 2 4 14 3 8 1 2 7 13 0 30 0 0 0 0 0 1 76 1 0 1 1529 28 0 23 2 9 0 4 66 1 0 400 40 2 1 0 36 0 5 5 0 3 2 2 4 2 9 9 0 0 0 0 0 6 1 0 0 
5 0 15 0 5 39 27 11 1 1 0 0 1 1 4 0 18 4 2 4 53 0 2 10 1 1 11 0 3 3 15 0 5 0 5 1 3 0 0 8 7 2 3 0 2 0 1 977 0 11 0 1 6 1 1 3 6 0 0 5 12 6 2 22 
8 17 2 15 3 2 13 0 0 1 0 4 1 1 4 13 0 3 0 0 0 22 1 44 0 2 4 177 9 1 3 45 12 0 98 1 1 0 13 10 0 16 21 15 5 13 32 0 11 0 3 6 2 4 9 0 2 10 0 17 1 10 0 13 
1 0 0 2 2 0 2 0 0 0 1 1 0 22 3 3 10 1 0 14 11 0 9 0 2 6 0 3 0 17 1 58 5 0 0 0 1 0 8 11 0 10 0 0 1 0 0 2 3 7 34 23 1 83 0 0 30 8 3 408 11 5 6 2 
7 1 0 13 18 24 2 0 27 31 0 47 0 0 4 15 22 9 0 7 7 6 0 1 9 0 0 0 2 1 3 0 118 0 3 27 138 5 2 5158 5 2 0 0 8 0 0 2 3 1 0 0 2 1 2 3 3 16 11 27 19 0 1 0 
0 0 0 3 0 1 0 3 67 2 1 2 3 19 4 1 6 1 2 1 7 2 0 13 1 1 1 12 0 1 1 5 2 1 1 2 0 1 1 0 9 0 3 1 4 8 8 0 0 3 48 7 3 4 8 12 3 1 1 25 7 1 5 2 
3 1 0 1 0 5 0 31 4 4 46 0 2 0 8 2 1 3 0 0 0 0 3 51 0 0 0 0 1 1 14 0 2 0 4 0 4 6 1 0 2 7 0 0 2 2 9 7 5 40 2 28 1 5 0 3 0 1 1 0 4 9 1 2 
4 504 3 0 4 15 10 2 41 0 1 3 0 1 455 0 18 0 5 3 0 1 3 0 2 2 0 7 9 83 1 14 1 4 4 0 1 35 23 9 232 4 3 0 24 27 1 1 3 2 1 1 8 2 8 17 0 1 1 0 1 3 6 37 
0 0 13 0 0 0 0 3 1 0 1 0 7 0 0 2 0 5 0 1 12 4 37 4 1 0 1 2 0 0 5 0 6 0 0 1 1 1 0 12 66 6 2 7 0 1 0 1 1 0 3 5 2 5 0 2 1 0 3 9 2 1 27 1 
0 0 2 11 0 0 2 1 10 2 38 3 0 21 5 0 5 1 56 30 4 9 21 14 0 7 3 15 2 17 2 0 1 0 0 6 11 0 7 0 19 8 5 0 0 2 5 1 0 0 1 5 2 32 411 9 0 2 6 0 0 1 20 2 
2 3 0 0 1 3 1 1 32 0 9 0 1 3 14 8 26 18 0 1 1 0 17 2 0 4 2 97 3 0 2 24 0 3 1 1 0 0 4 1 0 90 35 0 0 5 1 37 1 0 0 582 45 4 2 2 0 1 16 3 0 8 3 4 
5 4 39 12 3 5 0 6 0 3 5 1 2 6 216 1 16 1 38 9 1 0 9 8 2 1 0 12 1 9 166 17 0 3 1 22 1 1 0 1 0 7 5 0 0 1 0 2 6 16 2 1 18 9 14 2 0 2 0 40 7 1 14 6 
0 0 1 1 11 3 23 1 0 7 0 0 1 0 6 2 5 11 1 0 4 3 12 0 24 0 0 1 1 1 2 3 25 0 1 23 2 2191 2 5 5 3 6 1 1 0 1 0 1 1 3 0 0 2 0 237 1 2 1 0 15 3 6 0 
1 3 0 1 2 0 0 6 2 0 1 5 1 16 68 0 0 0 5 3 0 5 9 3 0 5 10 1 8 6 0 1 6 4 1 6 0 0 3 10 11 10 1 4 5 2 0 0 0 3 0 2 0 8 1 0 9 0 34 0 1 10 2 1 
0 0 34 6 1 0 5 1 3 6 1 0 19 0 2 1 0 0 1 3 1 3 72 6 11 3 2 10 8 1 0 0 0 10 4 24 1 0 15 71 4 0 1 3 1 1 0 1 1 5 11 0 0 20 2 4 1 10 1 0 12 20 2 8 
7 11 0 2 4 0 4 0 0 1 21 0 0 23 2 5 29 7 1 32 9 1 7 1 29 0 37 2 0 1 12 23 3 2 1 0 0 6 0 23 0 6 25 0 7 0 4 4 0 1 70 2 1 5 0 25 1 14 2 0 0 2 4 1738 
0 7 4 1 0 7 3 1 2 6 3 0 1 8 1 25 1 1 4 0 2 0 2 1 2 0 0 0 0 2 2 1 2 1 1 0 32 8 14 3 0 7 0 1 2 7 0 0 0 0 4 0 2 2 0 0 1 0 0 0 41 0 0 2 
32 0 4 13 1 3 10 0 0 1 109 10 4 1 0 4 3 7 2 0 0 21 1 21 2 0 11 5 18 0 1 11 2 0 0 16 3 1 1 3 14 0 0 6 0 8 0 5 5 1 10 1 0 0 2 6 1 0 4 0 17 5 13 1 
1 0 20 4 9 1 2 1 1 2 0 3 2 4 0 1 1 1 0 1 0 9 0 21 0 0 0 5 9 10 0 17 7 3 770 14 0 0 1 0 0 0 42 0 2 1 2 1 3 0 1 0 1 4 65 2 24 2 1 0 1 7 1 4 
1 1 203 25 0 0 0 3 0 4 0 22 6 0 0 0 8 1 5 6 31 0 8 0 6 0 2 0 2 4 0 1 5 0 0 1 0 0 4 0 2 3 0 0 4 0 3 1 1 1 8 6 5 1 1 2 0 1 0 0 5 12 2 0 
1 40 1565 0 0 10 55 1 6 17 14 5 0 2 0 4 1 2 4 8 2 49 7 0 0 0 2 321 3 12 19 1 0 7 2 2 0 0 1 40 0 2 1 3 2 0 1 2 0 9 48 11 6 0 3 9 3 0 0 0 0 1 8 1 
0 0 0 12 57 12 0 0 1 1 185 1 68 13 0 0 1 6 5 6 0 181 0 5 2 5 2 0 20 1 0 3 114 0 1 0 1 1 0 1 0 1 11 2 0 1 0 2 4 0 9 0 2 13 0 8 255 20 1 1 0 0 1 2 
6 2 1 1 23 1 43 1 8 1 0 0 95 4 32 1 5 9 0 0 0 0 1 5 1 3 1 2 4 2 1 0 1 4 10 32 291 34 4 1 0 6 2 7 0 0 2 16 6 1 27 0 0 0 2 4 0 0 73 0 0 3 11 0 
0 0 0 1 10 0 0 16 4 0 5 1 2 2 42 8 0 0 1 3 0 9 20 8 0 0 9 0 0 15 0 6 22 2 0 0 0 0 216 1 21 2 3 7 0 0 0 7 1 3 7 2 3 3 0 0 388 13 25 2 1 2 1 1 
3 0 0 7 0 0 1 9 2 2 17 1 0 0 4 7 2 31 5 2 3 3 29 4 0 1 0 8 0 301 16 0 7 7 1 0 0 0 1 0 9 6 61 9 0 5 0 20 18 6 0 10 1 2 3 21 1 4 30 2 1 1 0 0 
0 0 0 31 2 0 0 4 4 5 1 10 3 7 2 1 0 12 2 2 1 2 3 2 1 0 5 6 16 0 1 2 2 9 0 0 1 0 3 0 1 0 0 13 3 8 0 0 2 6 1 1 0 3 1 22 2 5 6 25 2 9 15 11 
4 2 26 1 0 2 0 5 0 5 0 1 3 0 1 1 0 10 1 0 1 14 2 8 3 0 20 5 1 0 2 2 0 34 5 4 0 32 1 16 8 1 2 7 0 0 3 1 0 0 9 4 2 4 0 0 0 8 2 15 1 0 0 3 
3 3 4 2 12 1 3 0 2 1 19 1 5 1 1 0 0 1 3 1 0 3 5 13 0 0 17 0 0 3 4 1 0 1 0 0 4 2 2 1 29 0 0 1 15 0 2 1 1 7 1 1 0 1 0 1 1 0 0 1 0 0 27 29 
1 1 11 1 2 3 10 7 1 1 0 42 0 0 27 8 0 11 1 0 1208 1 0 1 1 21 17 8 4 3 4 17 460 1 5 0 1 19 4 33 0 2 0 1 2 3 1 0 1 8 0 1 15 1 0 8 1 0 2 1 1 80 1 0 
3 9 2 8 11 0 2 16 0 18 5 0 10 5 0 4 0 0 50 47 9 5 0 0 19 1 20 8 12 1 3 4 4 1 10 0 0 2 0 19 0 4 1 16 33 0 9 0 1 4 0 0 0 0 3 16 31 317 0 2 0 8 5 0 
3 6 4 0 13 1 1 1 2 0 7 1 0 1 2 39 4 0 1 0 0 5 0 0 3 4 20 0 2 12 0 0 6 5 10 43 0 1 1 0 3 1 0 0 1 138 0 0 0 2 2 0 1 1 2 7 1 6 11 0 0 3 0 17 
3 2 150 0 1 2 4 0 2 2 23 576 4 1 3 0 1 1 4 21 196 0 0 2 0 0 3 0 13 19 1 0 3 0 0 18 1 0 0 7 10 1 23 0 0 3 1 43 1 32 21 0 10 1 2 7 10 9 12 1 35 1 2 0 
40 3 1 0 0 23 10 1 14 0 18 2 0 1 0 432 3 0 5 0 5 1 0 6 0 1 3 0 0 3 0 6 0 0 5 0 3 7 0 30 0 3 0 2 0 16 4 27 0 97 3 1 41 1 28 8 2 1 4 1 115 4 0 2 
3 1 22 1 0 12 2 1 4 1 14 0 8 25 1 0 0 0 0 2 11 0 23 1 222 0 42 0 4 0 8 5 0 0 44 21 0 1 0 1 13 0 7 0 9 1 2 0 2 5 4 0 0 0 9 6 5 7 1 1 1 0 9 0 
7 0 4 3 1 4 5 2 0 1290 2 0 2 12 14 1 1 1 1 10 138 1 0 9 0 0 30 2 1 2 1 5 17 0 8 0 0 3 1 4 1 7 2 4 17 0 1 6 3 16 0 9 1 2 0 11 0 6 4 1 2 0 2 0 
6 1 4 7 7 1 1467 1 28 16 7 0 219 0 1 41 1 1 0 0 8 64 0 9 1 0 3 2 0 0 2 13 0 1 14 8 0 1 9 6 1 2 1 63 10 33 226 18 4 5 0 21 1 0 2 4 0 2 1 1 1 2 1 29 
1 0 98 0 2 1 32 2 0 32 2 1 1 5 1 2 0 0 5 1 5 4 0 1 19 0 3 0 1 0 3 0 9 0 9 10 26 4 1 2 98 0 0 1 23 0 29 0 13 0 5 26 4 0 3 0 17 55 5 2 2 1 1 1 
1 1 18 3 1 1 1 2 2 13 2 0 0 1 26 3 2 0 49 0 0 16 2 21 0 1 1 0 0 7 0 2 49 1 0 7 123 7 25 4 28 7 45 39 7 43 0 28 13 31 0 1 20 14 0 1 16 2 2 0 116 1 35 6 
0 0 0 6 3 0 1 6 3 46 7 11 5 3 17 0 1 6 1 0 2 10 3 1 1 1 0 4 2 0 2 0 8 225 5 2 18 0 198 2 7 1 2 0 1 1 0 0 2 9 0 240 1 0 13 0 5 3 8 0 4 18 2 0 
3 0 2 1 3 1 3 4 8 0 9 0 0 13 2 2 1 3 0 2 31 0 5 0 12 64 0 0 0 0 3 1 2 22 2 0 5 0 10 0 5 8 0 15 0 0 2 1 1 0 2 1 0 24 1 0 0 19 0 0 58 0 6 1 
22 26 3 1 10 7 6 1 0 0 1 2 39 21 17 40 15 3 2 5 2 13 0 4 11 15 2 1 1 0 0 11 6 3 0 6 27 1 1 1 12 1 0 4 0 1 2 1 4 1 5 1 2 2 1334 2 0 2 4 3 4 7 19 0 
0 6 1 0 3 21 0 0 0 7 12 7 22 2 0 2 4 1 14 0 8 8 1 2 0 3 15 2 41 8 2 1 0 6 5 2 1 0 5 1 3 1 1 75 0 9 0 1 0 4 7 8 874 19 16 2 3 0 5 0 1 20 0 6 
1 6 2 6 1 16 15 0 4 0 0 48 0 13 2 1 5 3 0 0 0 0 0 4 12 0 7 1 67 0 3 0 4 3 4 8 0 1 2 2 6 0 49 0 0 28 7 16 0 5 0 0 22 0 0 0 2 0 1 0 1 7 10 27 
0 52 1 35 0 3 47 5 0 0 1 1 15 6 0 1 0 0 22 4 26 8 18 0 1 23 6 0 32 11 0 6 0 0 22 1 0 5 0 58 1 0 0 0 1 27 8 0 20 1 0 3 0 3 6 3 1 4 0 2 1 0 1 12 
6 2 673 2 0 2 2 2 4 18 0 1 18 0 5 5 353 1 0 1 0 0 2 0 0 6 11 28 4 1 3 2 0 1 1 0 1 4 4 5 68 0 28 0 1 0 1 1 0 7 0 0 1 1 0 0 0 6 1 0 5 7 1 0 
1 42 1 1 1 21 1 1 25 8 12 1 1 15 0 5 4 7 4 1 0 0 0 0 97 2 0 1 1 0 0 1 16 15 0 8 0 1 8 94 17 3 1 13 6 0 0 14 2 1 0 1 10 3 2 0 1 1 0 1 8 0 1 4 
1 25 262 3 5 7 6 1 1 32 1 0 118 0 1 10 21 1 1 4 0 3 2 0 2 0 8 3 0 8 0 14 5 9 7 1 0 1 0 8 1 9 0 5 3 52 49 0 0 4 1 0 1 1 0 21 3 1 0 1 0 1 1 52 
7 0 4 3 1 7 2 0 1 3 0 26 0 1 12 3 2 0 8 5 1 6 2 8 0 1 0 31 2 1 1 6 8 2 0 0 4 2 10 3 0 0 3 0 4 20 5 1 6 1 0 0 15 1 4 1 2 10 17 1 0 0 3 1 
2 8 3 1 8 3 0 31 3 35 2 28 5 5 1 60 6 0 0 0 1 19 1 2 6 5 9 0 1 1 0 64 7 0 2 0 0 1 4 1 1 0 9 0 49 1 1 6 2 0 0 3 2 6 0 3 0 5 0 2 0 76 1 2 
0 7 1 8 0 8 5 0 17 1 3 0 1 0 8 0 0 0 1 0 4 0 2 0 0 1 2 0 13 1 5 0 19 0 0 8 3 1 97 6 1 0 14 30 6 3 19 0 0 3 12 3 0 2 0 9 0 18 7 1 0 4 1 8 
0 0 1 4 15 5 10 0 0 4 1 3 11 0 1 1 9 10 2 0 1 637 18 1 22 1 6 6 2 2 6 1 144 0 0 1 10 0 14 11 1 2 0 20 8 7 1 1 5 21 0 6 32 15 0 3 0 0 1 1 120 1 2 0 
11 13 0 0 5 1 2 1 0 0 0 6 1 102 0 4 1 0 0 0 2 0 45 1 1 1 3 1 21 2 1 9 1 2 1 1 2 3 37 18 0 0 17 208 0 0 22 1 3 0 0 2 0 9 8 1 1 114 0 1 0 1 12 2 
0 2 1 2 32 5 106 1 48 29 5 0 15 3 124 3 2 0 0 1 70 1 0 0 4 1 6 2 1 0 4 2 4 1 0 1 11 0 1 0 1 5 1 0 1 0 0 15 2 6 44 13 19 0 20 6 2 6 11 1 0 11 2 32 
0 1 1 3 1 5 1 40 2 0 6 0 3 2 7 1 0 24 5 11 3 1 0 1 6 0 5 2 0 1 8 3 0 1 0 1 1 0 6 1 1 2 0 13 0 0 1 1 1 1 2 1 2 1 10 39 10 6 3 1 8 1 8 1 
1 9 3 23 1 1 19 0 34 0 2 1 7 0 23 66 2 0 0 0 23 1 1 0 4 0 44 0 4 0 31 0 1 0 4 1 1 0 1 18 6 44 1 2 12 0 0 2 8 69 4 25 1 2 0 2 2 3 10 0 36 0 0 3 
0 45 2 0 4 2 1 1 0 4 0 0 0 9 22 2 13 9 0 3 0 1 2 4 8 5 1 4 1 5 1 7 0 1 0 5 0 0 1 1 0 0 5 0 31 1 6 0 1 1 2 1 4 2 9 0 3 1 0 5 10 0 2 5 
1 4 1 19 1 0 1 3 0 1 0 1 0 0 8 1 10 5 27 13 8 0 1 38 2 2 2 2 0 0 11 1 3 11 0 9 17 4 0 3 1 11 1 0 1 23 13 19 0 0 38 15 8 11 0 3 3 2 0 0 1 9 1 8 
1 13 2 2 1 0 10 0 7 1 0 3 0 0 1 6 0 69 1 12 1 0 0 3 0 5 26 2 9 4 12 3 9 0 3 2 3 0 0 6 9 3 9 0 2 1 1 6 336 1 5 44 2 4 2 3 2 2 2 1 1 9 2 3 
1 0 0 0 0 20 0 0 1 16 19 4 2 1 0 4 1 2 19 43 11 3 1 0 1 0 45 1 4 0 9 3 0 2 3 1 2 3 89 5 2 0 11 0 0 1 0 1 0 3 2 0 11 0 5 1 0 3 0 2 1 1 4 6 
1 0 20 0 0 2 1 0 6 1 0 6 4 7 1 0 8 7 20 18 18 1 161 17 0 3 0 0 1 6 2 2 5 2 26 0 0 2 378 0 3 1 7 5 1 1 3 12 3 24 10 0 1 0 13 1 0 3 5 4 5 0 331 2 
2 1 47 2 6 10 0 7 3 3 5 0 5 1 0 6 1 0 8 37 13 2 1 10 6 8 3 1 2 1 2 0 9 0 0 9 4 1 0 18 0 6 1 1 6 25 4 11 2 1 1 2 186 3 11 4 0 1 0 2 0 0 0 1 
9 21 0 62 1 1 6 14 4 6 2 15 11 0 4 74 8 0 8 0 0 3 6 0 0 1 6 5 3 2 2 7 2 2 10 1 1 0 1 0 0 1 1 0 3 1 2 1 2 0 11 0 19 1 9 1 1 2 25 6 5 0 0 0 
0 5 2 75 2 5 29 2 20 0 0 6 8 3 35 4 19 1 4 0 14 4 11 232 0 53 1 0 2 0 1 0 3 0 78 31 0 1 4 0 6 4 10 0 1 1 0 22 8 1 3 0 3 2 0 1 1 1 1 1 1 0 4 28 
10 3 76 0 6 9 2 4 0 0 1 0 2 37 8 0 14 20 1454 7 0 40 1 0 0 9 0 4 0 0 0 0 0 0 30 0 4 0 1 0 0 0 17 0 217 2 7 1 9 0 107 1 20 12 0 4 10 12 41 8 24 2 7 0 
0 3 41 5 21 1 0 0 0 0 0 11 0 15 12 1 0 0 1 0 1 0 0 7 1 0 79 2 0 7 1 0 2 1 7 0 10 11 2 1 0 5 1 2 49 29 0 4 3 6 1 0 1 161 133 2 3 1 2 1 2 6 2 0 
0 0 0 0 3 1 21 2 15 2 18 10 103 0 0 6 0 0 1 2 3 8 18 0 0 2 17 0 1 0 1 9 2 8 3 1 1 7 11 1 1 7 2 16 13 6 2 10 2 9 1 1 5 1 11 24 1 2 1 0 1 2 94 0 
3 4 7 6 2 42 2 5 0 23 1 10 33 4 11 5 4 1 0 0 4 3 0 1 0 334 0 1 0 2 1 6 2 0 0 22 0 18 7 1 2 5 1 1 1 2 1 7 1 0 5 30 118 1 626 2 1 5 2 1 0 7 21 0 
0 3 0 19 0 1 34 0 1 6 12 4 6 1 2 4 0 2 0 0 0 1 2 6 3 1 0 0 3 2 1 3 3 3 0 8 4 0 2 10 1 2 3 3 2 0 2 5 33 9 46 1 23 2 8 0 0 6 12 1 2 14 0 8 
30 0 0 4 406 6 1 2 12 73 0 3 26 6 0 3 5 62 10 3 0 0 4 5 6 1 6 6 2 1 2 1 1 1 4 0 0 1 0 3 4 17 0 0 75 0 9 0 4 8 0 0 1 6 0 1 9 228 23 1 1 0 2 1 
1 2 23 24 1 190 0 11 0 7 11 6 130 5 1 0 0 5 4 8 0 3 27 2 10 0 54 0 0 4 0 2 5 1 5 3 5 0 33 1 0 2 1 0 0 0 0 1 23 2 88 0 71 9 0 1 3 1 6 2 0 20 0 1 
22 2 9 1 0 0 0 1 2 6 0 2 0 0 6 145 389 6 2 7 1 9 0 2 13 6 1 1 0 1 40 7 0 128 9 0 3 5 12 2 770 0 1 0 6 26 8 0 2 1 0 3 75 2 153 16 1 1 4 7 0 1 2 3 
2 13 13 0 5 1 0 1 0 0 0 3 0 0 0 2 156 1 5 0 4 9 1 0 0 1 3 1 2 1 0 3 24 0 3 8 0 0 1 3 0 0 0 3 5 0 2 0 1 1 6 6 0 1 10 0 1 0 4 1 4 0 0 12 
0 7 5 0 10 1 0 1 5 1 0 3 40 2 19 69 0 2 1 6 0 0 1 2 10 5 1 7 312 1 0 1 0 3 2 2 1 0 28 3 1 7 0 1 1 1 6 11 5 0 35 2 0 6 1 2 2 6 124 2 1 3 161 0 
5 1 73 0 2 408 0 0 0 0 7 1 0 11 0 2 5 0 0 40 1 0 3 217 0 13 6 0 0 5 4 3 1986 9 2 0 0 38 1 12 0 5 0 180 3 0 0 1 7 1 11 1 1 0 1 9 2 2 0 9 0 4 37 1 
0 3 12 75 2 4 10 1 1 3 1 1 0 1 10 0 0 3 5 0 0 6 10 15 1 19 1 12 17 0 0 3 6 0 1 1 26 1 6 4 27 15 7 6 0 4 21 3 1 0 4 0 2 11 1 0 0 3 1 19 12 0 71 1 
8 0 0 1 1 0 9 2 8 3 13 1 0 2 6 8 0 8 5 1 0 1 0 12 3 2 23 1 0 1 1 1 3 0 6 3 7 1 7 1 0 0 3 8 1 1 6 2 7 0 13 0 2 6 0 3 3 0 0 0 3 1 4 3 
0 10 3 9 3 0 0 0 0 0 0 1 3 0 1 4 34 2 11 7 6 2 1 0 1 1 2 2 13 0 0 0 0 0 1 57 1 9 0 55 1 4 0 1 0 1 7 1 4 8 1 10 1 2 19 20 3 1 6 36 1 2 1 0 
0 4 0 10 5 2 15 94 2 0 0 5 0 0 3 3 1 7 6 2 1 3 3 2 6 3 3 1 0 8 1 1 11 10 11 0 0 0 0 0 9 0 1 1 29 6 3 0 0 45 17 15 3 0 0 30 1 0 4 1 0 0 0 1 
9 40 0 0 4 2 7 0 1 3 4 1 0 16 0 1 0 1 1 0 0 5 6 7 1 4 6 0 10 1 0 17 1 1 0 1 1 1 0 14 6 0 0 9 6 6 0 2 0 0 10 36 18 8 10 10 0 1 6 1 0 2 0 66 
1 1 11 4 9 1 0 5 8 0 2 0 14 1 2 1 14 1 3 0 0 1 7 9 1 6 7 11 6 7 0 1 0 6 0 0 1 38 11 0 12 24 0 0 3 0 0 2 5 2 1 3 6 2 547 3 12 1 1 8 0 15 0 1 
13 0 7 2 9 0 9 14 0 5 2 0 5 5 3 3 1 61 2 3 2 46 0 5 0 0 1 2 15 6 0 1 2 0 0 5 1 56 8 1 19 2 31 2 1 2 0 2 5 1 0 2 1 0 3 19 8 0 1 0 0 0 0 0 
3 5 0 5 9 2 4 32 1 0 0 18 0 8 2 2 2 4 1 6 12 25 1 0 2 4 1 4 8 0 3 24 9 1 2 3 12 0 2 9 10 2 21 2 6 7 6 0 2 3 4 1 1 9 0 0 0 7 0 3 7 75 1 4 
2 36 1 5 10 9 1 0 8 0 26 6 8 9 0 0 1 0 1 0 2 0 0 0 1 1 5 8 1 5 1 2 2 5 142 0 6 3 4 6 17 7 1 3 12 16 0 0 111 0 1 31 7 6 1 2 1 1 2 1 1 2 2 0 
2 2 4 0 2 3 9 1 457 0 1 4 2 0 6 0 3 0 6 0 0 50 1 4 23 0 11 0 2 4 0 0 1 0 99 2 6 1 10 0 0 1 3 8 1 0 1 2 4 10 1 2 4 9 119 2 2 2 0 2 7 1 0 3 
0 2 4 0 1 26 10 0 0 2 13 187 0 15 1 6 7 1 14 0 1 255 20 2 0 1 43 0 1 1 1 0 2 12 0 0 6 0 2 0 3 0 2 1109 2 127 11 6 0 0 1 0 0 0 0 4 7 0 0 5 8 0 2 1 
4 0 5 0 22 0 15 2 17 1 26 0 0 4 13 0 0 0 1 0 37 2 3 1 0 9 3 26 0 3 5 2 9 1 2 4 1 0 1 6 0 2 0 12 16 0 0 1 0 0 3 4 46 16 2 7 1 7 3 1 4 40 6 1 
1 4 0 0 0 27 1 1 19 5 1 0 1 3 3 1 36 0 51 0 1 14 0 0 8 1 3 0 1 1 0 6 14 1 2 0 2 3 0 2 0 0 1 1 21 5 2 2 0 3 17 1 3 14 5 0 1 2 4 6 0 4 0 5 
7 3 27 5 10 1 0 0 1 0 0 0 0 0 0 95 0 0 3 12 3 0 3 0 2 74 0 1 0 22 11 0 0 0 0 3 2 1 0 0 1 0 0 1 2 49 3 0 6 2 5 2 0 1 0 16 0 4 0 1 1 1 0 1 
1 6 3 2 1 6 114 6 8 0 10 2 0 0 4 0 11 3 0 1 0 0 2 0 6 0 0 0 4 1 0 4 0 0 1 1 0 3 2 1 1 1 0 12 2 47 8 3 2 8 0 1 25 14 10 1 3 6 9 0 0 0 0 91 
0 0 3 28 2 3 0 1 1 12 5 0 2 3 190 1 7 17 2 4 3 0 0 0 8 9 9 3 0 6 45 0 58 9 5 1 8 155 1 1 2 37 1 1 3 1 5 2 1 3 15 0 17 1 0 0 1 5 8 1 0 7 0 1 
0 2 1 4 1 1 13 4 0 0 19 5 0 2 0 4 0 2 50 1 0 0 1 5 1 4 0 1461 49 10 1 6 0 20 1 124 1 2 0 1 1 1 0 2 5 1 4 7 3 65 0 0 1 1 0 7 2 5 1 1 0 14 0 0 
0 901 0 0 0 1 2 8 0 0 2 3 1 12 2 8 0 1 0 4 0 3 3 4 0 6 2 3 1 3 101 1 2 10 11 29 0 1 0 6 1 0 1 20 19 0 5 6 0 6 1 9 1 2 387 2 0 5 0 26 0 0 27 1 
1 1 0 0 11 1 0 0 2 0 2 12 0 15 0 2 1 1 2 4 5 1 3 1 0 4 2 3 1 0 36 29 2 8 0 2 0 2 0 1 1 3 2 15 0 0 0 26 0 2 25 5 0 1 29 0 11 0 0 0 1 0 1 0 
0 11 10 1 2 0 11 5 0 0 2 0 4 1 0 4 0 8 1 4 9 1 0 1 0 2 12 2 1 5 0 19 3 1454 29 40 37 6 112 2 1 0 0 15 76 4 0 0 5 0 8 0 1 3 2 0 3 1 1 1 20 1 0 0 
6 0 4 1 0 1 6 0 8 3 1 1 44 1 0 53 2 0 1 0 2 1 14 12 43 11 22 41 21 0 3 1 1 1 8 1 1 13 3 13 1 4 2 1 8 0 10 0 5 0 19 0 5 1 3 0 9 34 0 3 6 0 0 42 
0 10 1 18 7 5 1 23 0 2 1 1 11 35 10 2 9 1 2 4 2 8 8 11 3 0 3 1 11 1 3 21 1 0 6 32 0 4 71 8 37 5 0 7 5 0 0 0 5 25 0 4 5 15 5 0 0 24 2 0 0 0 1 2 
6 8 0 2 109 2 1 2 1 1 7 2 0 6 8 1 6 1 0 5 1 8 0 12 3 11 0 3 0 0 4 0 1 0 4 80 0 6 2 0 1 0 19 2 2 2 0 2 11 9 3 3 3 0 0 214 11 3 5 2 2 0 0 36 
0 11 9 1 5 5 9 1 1 19 6 3 3 14 2 20 81 2 0 6 0 0 0 2 4 12 37 4 74 23 6 1 1 1 2 0 0 22 2 13 7 1 0 1 0 1 0 241 1 0 2 0 0 0 0 49 17 0 5 3 67 0 5 0 
2 6 31 17 0 17 19 1 0 1 4 15 1 10 1 1 1 2 6 0 11 11 66 1 4 2 4 276 20 0 0 1 4 0 0 7 39 5 2 0 3 32 0 20 7 0 2 22 6 2 16 10 41 0 2 64 3 1 1 2 0 1 2 3 
1 3 0 0 2 9 1 13 0 29 3 0 24 3 1 1 3 0 68 48 25 3 0 0 1 1 1 1 5 5 4 1 0 2 10 8 32 0 1 0 10 22 0 24 3 0 0 3 0 1 10 0 1 0 3 3 0 0 0 2 12 0 19 0 
0 0 1 132 0 0 14 4 0 6 17 2 2 1 0 10 1 2 1 0 0 8 1 0 2 4 1 0 1 6 20 5 3 2 28 3 0 1 5 0 1 12 9 149 2 9 12 1 51 1 15 2 0 6 6 0 0 8 3 5 0 2 0 7 
19 0 2 1 0 11 7 1 0 5 10 28 0 4 1 0 299 1 0 23 1 2 115 1 1 3 2 3 24 13 47 9 0 1 9 0 5 428 19 1 1 0 13 0 0 8 4 4 5 0 1 0 6 2 2 7 12 6 0 4 0 12 59 0 
1 2 4 9 4 0 1 3 0 39 15 9 14 0 0 0 2 0 8 3 0 5 1 22 0 21 1 58 0 0 0 1 1 51 22 0 6 39 1 4 2 2 3 28 0 0 6 235 5 209 1 0 6 10 2 0 1 0 0 11 4 5 26 0 
0 5 0 0 1 2 25 9 14 1 0 16 0 1 21 3 2 1461 1 5 6 2 1 0 6 1 10 0 5 1 3 0 0 0 1 12 1 0 17 0 2 14 0 8 199 1 4 1 0 5 3 4 1 14 11 22 3 4 2 3 58 6 19 2 
1 0 0 0 49 0 0 9 4 0 0 1 0 0 1 0 7 8 2 9 1 2 1 1 0 3 0 2 5 0 30 1 4 0 11 47 2 43 1 0 0 0 2 2 1 8 22 3 3 0 8 1 1 2 1 26 0 21 2 10 1 35 8 7 
0 0 11 0 23 0 10 7 0 0 11 2 0 0 5 5 2 1 0 10 1 0 1 1 3 0 1 13 1 10 31 1 5 46 0 245 1 2 381 83 3 20 3 0 0 0 2 1 7 1 0 0 0 1 21 2 26 0 0 2 16 6 11 0 
13 1 1 0 1 0 1 0 21 3 0 30 63 1 1 1 1 0 4 1 3 20 0 0 138 3 0 6 2 0 1 31 0 7 0 11 0 0 0 65 17 18 0 69 0 1 7 0 1 18 2 3 0 2 0 2 14 23 2 7 0 3 0 11 
2 1 1 0 0 1 4 23 6 0 3 97 0 5 2 0 1 1 13 1 2 955 1 7 3 5 3 2 16 0 0 3 4 3 20 0 1 1 2 5 10 1 13 4 3 2 1 1 1 7 1 0 14 26 0 1 1 2 21 4 6 7 1 17 
1 1 1 141 3 0 2 0 4 5 4 0 3 3 1 1 3 1 0 1 0 1 5 2 2 0 4 11 0 0 3 4 4 4 0 1 1 0 0 13 4 1 37 12 1 9 33 58 0 0 0 0 10 140 1 2 0 69 26 37 15 5 3 148 
13 5 2 1 1 1 1 3 3 0 1 10 0 0 1 3 4 0 1 55 3 0 18 0 1 0 6 2 0 6 0 0 5 3 1 4 6 1 11 2 2 0 0 54 22 3 2 4 0 1 32 1 68 0 0 7 0 1 0 0 5 11 0 3 
0 4 70 2 2 4 8 0 10 0 55 1 34 2 1 4 0 41 9 0 6 0 1 0 0 2 2 25 4 0 55 6 3 3 23 0 0 10 6 1 9 54 70 1 0 32 3 12 2 1 0 14 16 0 0 6 5 0 33 2 1 2 4 5 
5 0 0 0 1 9 3 2 2 0 1 4 0 0 2 3 0 34 2 3 8 0 1 2 2 6 1 11 0 2 1 1 0 2 1 8 9 3 8 0 0 0 18 0 8 26 0 2 1 3 1 43 3 1 1 0 0 0 2 3 0 2 1 7 
0 2 1 2 7 3 0 0 5 2 0 1 3 18 237 9 12 0 9 1 2 2 0 107 4 2 0 1 1 2 1 1 1 1 4 12 20 1 4 1 0 4 3 0 0 5 17 10 0 0 7 1 11 5 9 3 0 35 2 7 9 2 4 1 
1 23 0 6 27 0 1 4 22 4 47 5 14 3 0 1 6 11 11 12 5 0 4 0 0 0 0 3 8 41 11 16 10 479 149 0 4 242 5 0 0 0 3 0 0 2 1 0 1 35 5 4 5 3 0 0 48 3 0 5 1 1 1 15 
0 6 0 6 7 1 0 3 6 1 4 1 3 51 0 0 30 1 0 4 0 3 3 0 1 0 3 1 11 3 0 0 0 0 0 4 0 0 3 1 0 42 3 0 11 0 21 1 6 7 7 3 43 3 1 15 0 0 2 5 2 0 35 1 
5 4 4 7 1 1 8 0 55 0 7 1 0 1 4 3 0 34 0 0 1 2 1 3 11 0 3 6 24 55 0 12 1 10 4 34 0 4 1455 0 4 6 1 0 0 0 0 4 1 1 0 0 1 3 2 2 0 5 0 2 12 0 0 33 
1 1 1 1 9 3 1 2 112 0 0 0 6 20 2 3 0 20 1 22 1 2 4 2 0 0 5 0 0 0 0 6 0 9 1 6 20 2 2 0 0 1 0 2 0 1 18 0 0 5 3 0 2 1 1 12 0 3 3 11 0 13 3 1 
0 0 0 0 52 1 8 0 1 1 1 0 1 0 681 14 0 0 2 2 0 2 38 60 0 4 9 3 0 4 1 1 2 5 1 1 1 2 0 3 3 0 0 6 45 15 3 2 65 1 0 23 15 2 24 1 0 0 1 2 7 10 110 1 
1 31 2 110 30 1 1 6 2 10 1 0 0 10 11 1 0 0 15 6 0 0 0 13 1 0 16 8 1 2 1 2 1 2 2 0 11 2 1 1 352 40 24 12 2 0 0 0 0 0 1 0 1 0 0 1 1 33 1 0 1 3 0 2 
1 6 2 0 0 17 13 17 1 3 2 31 1 3 18 3 3 0 4 13 10 0 2 3 5 5 16 227 1 4 0 2 24 6 0 2 9 202 0 1 1 1 1 0 5 22 5 3 6 2 2 1 311 8 0 17 1 0 4 0 0 0 0 6 
1 6 10 1 0 1 5 9 5 1 3 28 0 3 0 1 5 0 36 29 211 0 0 0 1 3 3 16 4 0 3 19 4 0 0 2 1 12 1 6 36 6 7 1 26 0 10 7 4 0 85 0 2 1 11 77 0 4 6 2 27 17 2 21 
1 0 8 4 16 2 0 0 0 0 10 4 1 0 95 0 0 7 1 0 1 22 2 3 6 1 6 0 2 0 0 60 2 12 0 2 8 0 1 1 7 1 0 5 26 0 0 1 1 4 8 17 10 2 2 0 4 27 2 5 4 4 0 5 
1 139 0 7 50 1 15 18 0 1 2 1 4 3 2 0 4 2 8 5 0 1 6 14 0 4 2 0 1 5 40 97 16 1 2 15 39 0 0 3 7 6 1 0 10 0 1 11 0 13 2 1 0 4 0 0 1 5 0 0 1 0 1 5 
0 11 0 27 1 1 5 0 1 0 1 0 11 1 0 2 1 1 0 28 1 0 5 8 4 2 1 3 0 11 3 1 2 3 40 22 0 4 0 5 11 1 28 2 0 1 0 7 3 10 10 0 37 112 3 6 124 0 2 37 3 0 0 6 
5 81 1 16 1 11 26 1 0 4 5 2 1 0 4 0 1 1 0 1 8 64 1 55 2 2 4 4 24 0 0 0 7 1 1 1 37 0 7 2 13 2 0 0 0 0 0 0 33 1 13 1 1 1 2 0 2 0 19 0 2 0 4 6 
0 4 20 11 0 36 3 0 1 0 6 0 80 0 8 22 1 0 6 13 1 0 1 43 8 41 0 5 0 3 0 107 1 13 0 4 4 1 1 5 0 0 4 1 7 15 1 0 4 0 6 0 1 2 3 0 0 1 0 2 23 0 157 1 
1 0 3 1 0 3 1 0 1 17 1 2 1 4 0 2 0 26 3 0 2 0 2 4 0 2 7 30 1 0 1 0 0 1 1 1 12 12 0 51 1 1 0 12 47 0 1 5 3 2 1 2 3 51 12 28 0 178 8 2 0 1 2 4 
12 6 0 0 1 2 0 0 0 0 3 0 2 1 17 10 0 3 11 2 157 1 0 0 0 6 0 0 8 1 5 7 0 1 0 0 6 5 1 17 50 0 35 0 0 4 26 115 27 0 5 1 0 5 3 3 3 26 3 1 1 1 4 0 
0 1 3 0 0 0 0 0 13 1 0 1 0 2 0 50 5 1 4 1 0 6 0 2 1 13 0 1 3 2 1 0 1 8 2 1 14 15 2 1 0 8 0 1 0 0 0 4 0 0 2 0 7 1 1 0 17 3 1 0 24 3 0 3 
0 1 4 2 32 1 1 3 2 7 15 1 2 24 2 1 1 14 0 19 70 2 92 1 1 1 1 2 0 1 4 5 1 0 5 3 4 1 5 3 13 2 4 4 45 0 1 4 0 2 5 16 2 0 0 9 0 8 9 2 1 1 0 26 
3 0 1 1 2 2 0 1491 3 0 0 100 30 0 122 1 6 3 1 6 2 1 1 6 1 39 2 8 3 58 13 0 2 0 53 0 7 8 8 0 4 2 0 0 1 0 0 2 0 2 5 10 7 0 1 2 0 4 2 7 9 1 0 3 
26 1 1 2 6 2 1 11 1 0 32 0 1 17 0 0 0 1 1 1 10 2 5 1 15 2 3 134 21 4 10 10 1 0 0 0 6 1 2 3 0 7 1 0 1 0 0 8 7 2 0 1 4 8 1 0 10 2 49 0 0 0 63 0 
7 1 0 18 0 0 6 0 0 3 8 2 0 1 1 25 3 0 1 0 14 0 12 1 10 1 1 3 2 4 8 9 2 0 0 0 4 2 7 0 8 1 11 30 0 0 0 2 1 6 0 17 1 0 2 0 0 2 24 3 0 9 2 2 
5 67 3 9 0 2 1 0 11 12 0 1 0 2 233 6 0 17 27 0 0 4 1 6 8 5 0 0 0 1 14 21 0 1 52 97 1 8 2 20 1 119 2 2 4 1 0 0 0 0 42 1 3 1 0 5 6 0 0 0 0 1 0 0 
1 2 0 2 14 1 46 1 2 0 0 2 103 2 8 9 617 0 4 3 1 82 0 10 1 10 0 0 7 0 1 0 2 0 0 0 0 121 0 0 0 27 0 7 0 0 16 1 11 2 14 0 7 2 0 6 1 6 3 1 3 2 0 19 
0 4 19 3 1 2 5 1 0 1 4 10 2 15 1 2 86 2 2 3 5 8 2 3 35 0 1 9 0 0 11 1 23 1 20 0 0 3 56 0 1 0 1 2 23 2 232 0 13 11 0 0 12 118 9 1 4 30 2 3 0 46 1 0 
1 1 1 0 4 0 6 0 0 0 0 2 55 0 15 1 29 5 47 0 4 11 1 6 0 4 10 1 0 1 102 0 14 0 3 1332 0 1 2 23 0 4 6 4 0 3 4 0 0 2 4 33 1 0 0 2 4 12 3 70 2 2 1 0 
7 0 8 9 0 3 3 3 0 17 9 1 1 2 16 22 0 1 1 1 20 10 4 2 4 0 1 6 0 9 0 0 10 1 267 41 9 7 34 5 4 9 9 3 4 0 1 5 0 15 3 6 4 5 2 0 13 3 0 3 9 15 4 0 
2 13 3 66 4 12 4 22 0 3 3 3 0 0 6 2 2 32 4 6 4 19 1 1 0 20 0 1 0 3 8 1 0 3 26 1 0 2 9 7 1 0 0 5 1 7 18 1 0 0 6 1 2 3 0 150 1 9 2 9 24 2 0 2 
20 0 237 3 2 0 13 19 10 0 8 7 20 1 3 10 0 0 3824 2 2 0 1 3 0 8 1 11 6 3 0 0 1 1 1 1 55 2 6 3 4 0 4 3 10 3 589 27 12 0 0 0 24 3 0 1 0 37 1 13 27 0 9 8 
1 0 1 9 9 15 58 11 1 0 27 0 3 2 10 1 2 91 14 0 1 7 6 1 1 0 4 405 0 10 4 4 2 2 0 2 9 14 0 1 0 4 9 2 13 4 4 1 1 1 3 35 0 0 0 0 27 1 0 2 0 0 3 11 
0 0 5 5 4 9 1 0 9 1 1 3 1 1 1 5 34 17 12 0 0 0 8 11 0 1 6 2 6 0 1 15 6 0 2 3 1456 3 67 51 1 33 0 0 1 2 13 2 8 30 2 2 0 31 1 42 1 1 4 2 1 1 3 184 
6 1 0 26 1 1 1 1 0 5 14 16 1 2 3 12 35 34 3 0 5 1 0 0 0 5 5 2 0 0 12 7 3 1 7 1 3 0 5 0 0 0 89 1 1 1 3 25 49 2 2 4 2 1 1 1 7 0 0 4 1 3 0 2 
1 98 7 0 17 123 4 4 1 0 2 0 0 0 0 0 18 20 0 6 1 0 3 6 0 1 3 4 1 28 3 1 3 0 1 0 1 2 0 7 0 2 0 0 1 1 0 8 12 4 13 1 2 0 6 10 2 0 0 7 1 4 6 1 
1 0 1 0 15 1 13 835 0 5 0 3 2 10 0 0 41 4 1 4 2 2 6 27 12 0 1 7 18 11 0 0 483 10 0 91 0 3 5 0 3 72 1 219 6 0 9 1 0 6 0 0 34 0 3 1 1 1 1 0 5 0 0 1 
0 1 0 9 6 0 0 0 0 4 1 6 1 0 13 0 1 90 1 4 0 0 1 0 1 5 3 1 0 6 1 0 11 14 2 2 2 91 2 0 0 1 0 2 22 1 2 2 25 2 8 6 1 170 1 1 55 2 1 6 1 1 0 8 
0 12 1 1 1 3 0 0 2 0 1497 5 45 0 3 24 1 0 5 3 28 1 6 12 0 2 4 1 14 1 4 10 2 2 0 6 0 128 2 0 1 0 1 1079 2 0 4 0 0 2 0 0 32 0 16 1 0 5 2 0 0 12 13 0 
1 0 0 0 0 3 1 2 6 1 14 1 0 0 2 11 1 1 36 0 9 3 0 6 4 0 1 0 2 0 0 0 14 2 10 0 0 0 2 2 0 15 0 0 5 0 61 1 0 5 0 1 15 12 6 1 0 23 0 13 1 3 2 1 
0 1 3 5 7 12 0 0 6 2 7 3 19 2 0 0 5 1 0 0 1 0 12 0 1 9 0 0 0 0 13 13 5 4 4 2 39 0 10 2 0 0 5 1 22 0 223 21 6 1 0 2 3 1 0 9 2 0 0 9 2 1 9 19 
2 44 6 1 0 2 4 7 1 0 2 1 1 0 0 3 2 1 1 0 0 0 12 827 2 2 1 2 20 3 7 0 169 0 22 1 8 0 0 6 2 10 0 0 8 5 4 10 2 0 2 0 0 10 0 8 0 0 2 11 0 2 19 12 
0 2 7 5 8 5 0 1 196 1 3 133 0 1 0 0 0 0 6 3 24 4 3 24 0 4 1 7 10 1 5 1 5 0 3 13 8 0 1 1 0 0 0 0 6 0 16 6 10 12 2 1 2 0 10 5 1 3 1 1 12 8 0 0 
12 0 33 3 3 0 0 24 13 1 1 13 11 18 0 1 0 2 2 0 2 3 2 60 3 8 270 0 1 1 0 1 1 1 0 13 14 16 22 36 1 1 0 1 0 36 1 0 1 3 11 13 309 3 0 2 4 2 0 14 2 74 2 1 
3 1 10 17 0 3 0 16 31 6 1 140 0 2 2 0 3 1 3 3 9 6 1 0 2 1 0 2 2 46 2 0 5 0 0 0 0 32 30 1 2 0 0 1 1 329 10 0 8 278 80 39 4 1 0 77 2 5 0 5 1 0 2 1 
6 6 15 1 2 46 1 6 1 18 12 21 8 39 7 4 11 0 2 0 0 63 0 1 0 1 0 4 3 4 0 4 2 1 15 8 0 8 1328 1 0 23 0 0 17 7 122 1 1 0 9 0 1 16 0 0 6 2 9 1 8 3 7 0 
0 2 11 0 1 1 11 6 1 4 1 8 6 2 2 1 0 203 0 2 2 4 2 1 1 1 24 2 1 2 0 4 8 21 0 6 42 1 7 1 1 5 3 2 0 3 3 1 7 17 5 205 1 6 0 0 0 1 3 1 0 7 0 11 
0 0 3 1 14 2 4 1 0 3 10 7 9 0 25 5 1 6 8 8 0 12 1 3 11 1 1 3 0 3 4 6 1 1 2 0 2 1 1 0 0 8 0 12 1 1 2 5 49 7 1 53 4 0 151 0 0 0 2 0 1 0 2 6 
32 1 1 68 4 0 3 34 3 19 18 20 0 0 1 4 0 0 6 65 7 1 2 2 2 2 1 2 4 0 4 0 26 0 9 0 0 7 9 0 1 1 223 9 37 207 7 0 31 2 32 1 0 8 0 4 24 2 1 1 11 12 11 7 
1 1 2 0 19 12 0 2 1 32 4 0 0 2 0 5 3 0 1 1 1 0 6 23 5 0 6 4 489 0 3 7 8 4 2 8 4 0 0 3 7 0 2 4 1 5 3 3 3 1 0 0 0 0 31 0 0 6 8 0 0 61 12 0 
1 31 0 59 0 6 0 30 0 17 1 1 1 1 1 0 0 1 9 14 7 32 0 0 13 4 1049 1 0 1 1 2 10 1 2 0 6 0 0 0 371 0 1 0 1 4 0 2 2 1 0 0 0 0 8 1 5 0 4 1 0 12 6 14 
1 5 0 1 2 2 5 0 1 0 2 1 0 3 0 1 17 1 8 3 2 9 1 7 7 2 0 0 0 0 0 2 11 0 0 1 0 0 1 3 0 2 0 0 8 0 5 90 13 0 21 12 0 0 2 1 0 0 1 3 20 1 10 1 
10 0 1 1 4 1 0 0 0 6 21 1 2 1 3 3 1 11 0 21 0 0 1 2195 1 0 0 2 1 58 4 1 1 1 1 12 3 0 0 10 7 0 19 15 0 4 0 15 1 1 1 1 11 3 7 0 0 1 1 0 9 2 6 13 
0 5 4 1 0 16 0 0 0 6 8 8 3 1 4 7 7 13 2 26 2 0 9 0 3 5 39 40 0 0 0 6 15 0 1 1 1 5 4 0 2 4 2 0 0 38 6 3 1 2 10 27 21 190 3 2 0 7 1 1 3 0 0 0 
9 0 10 0 2 8 19 4 2 0 1 1 5 1 1 6 6 9 3 12 550 2 0 2 5 3 2 5 0 11 2 5 8 0 2 14 1 0 5 3 0 5 1 2 1 0 2 2 0 0 9 0 5 50 21 2 5 0 1 22 13 63 0 5 
2 3 0 2 3 1 0 0 3 2 3 9 1 1 45 8 0 11 2 9 5 1 0 0 0 1 5 4 8 1 1 29 16 2 0 0 3 0 2 0 1 3 7 7 983 0 0 2 1 0 7 1 2 8 13 6 11 0 24 0 2 1 9 1 
3 0 26 4 6 0 0 1 99 8 0 7 24 1 4 13 2 3 64 0 4 1 39 2 0 1 1 4 11 0 57 1 0 4 1 1 24 1 2 0 5 0 5 0 4 27 0 7 10 3 1 27 1 0 2 5 0 2 3 12 0 1 2 0 
2 3 2 4 2 0 0 10 21 7 6 0 0 1 1 3 6 0 5 34 0 1 1 55 21 1 2 1 2 1 4 2 5 24 1 45 3 0 6 0 4 28 8 1 6 0 0 212 0 2 2 2 1062 0 1 1 1 58 1 1 15 4 2 0 
4 36 1 9 43 140 0 7 1 9 3 14 0 4 0 2 0 1 1 2 7 11 91 0 0 1 3 2 1 2 0 0 0 33 2 0 1 0 0 7 3 8 1 1 17 8 18 22 0 0 1 3 1 71 2 1 0 1 0 0 2 0 3 0 
3 0 8 0 1 4 6 1 1 0 0 0 15 2 0 0 37 0 322 3 1 9 2 1 0 0 0 4 6 1 1 0 0 0 0 0 0 1 0 0 6 32 0 10 0 159 1 0 8 13 0 67 1 0 1 0 0 0 6 23 0 2 0 4 
2 1 1 0 0 2 1 7 0 2 0 2 46 12 0 0 3 9 5 0 7 0 0 0 3 0 0 12 0 14 1 1 6 0 10 5 2 4 5 1 13 5 1 0 9 30 1 4 0 3 6 41 0 3 3 1 0 5 1 6 0 0 6 0 
1 6 1 6 1 6 0 0 44 60 19 0 2 13 2 1 1 0 5 0 2 2 0 1 0 6 8 18 0 853 0 0 4 0 0 1 17 3 3 43 0 1 0 9 6 0 9 2 8 1 1 1 16 7 2 0 0 0 53 3 12 3 1 0 
1 0 4 31 2 0 3 0 0 2 0 0 34 0 17 1 9 11 4 221 3 1 0 19 1 1 12 0 0 1 2 138 40 1 0 6 8 4 8 4 36 0 3 3 3 1 0 12 1 32 3 2 0 0 3 2 20 7 2 2 25 2 13 5 
0 1 0 7 1 3 16 3 1 1 1 2 6 2 0 81 1 0 0 5 0 0 3 0 0 0 1 1 0 5 3 1 4 0 13 3 0 2 3 4 0 0 0 1 0 13 0 10 0 0 3 1 3 3 232 8 6 2 5 14 5 101 4 1 
0 8 2 5 8 4 0 50 0 16 1 2 0 11 0 1 0 1 0 4 6 71 1 8 10 3 0 0 3 2 0 1 1 0 3 3 1 3 30 2 81 12 0 0 4 0 23 2 29 6 7 1 0 7 1 15 0 2 0 0 244 5 10 2 
0 0 3 0 6 9 0 0 224 0 0 1 5 0 1 2 1 0 10 0 1 2 4 56 0 24 9 0 16 0 5 133 1 1 0 4 4 2 37 11 34 0 41 53 0 0 0 3 1 0 2 5 0 1 0 0 0 38 28 6 0 21 9 0 
1 2 1 7 1 0 0 0 4 0 0 5 0 1 6 7 1 0 3 11 1 1 14 2 0 0 0 1 9 0 0 37 1 0 0 2 1 98 2 0 1 0 6 1 3 7 0 3 0 0 0 6 0 31 4 39 59 1 13 2 0 3 0 0 
5 4 48 3 1 1 0 5 6 0 3 0 7 0 28 1 16 5 11 9 0 1 0 3 0 0 1 1 1 0 0 16 1 0 14 5 1 8 23 7 207 15 28 25 10 7 6 1 1 21 5 3 15 1 0 2 0 16 3 2 0 8 0 3 
2 0 0 0 6 1 27 10 0 1 0 6 1 4 2 1 1 3 3 9 0 1 0 1 0 0 0 1 1 1 0 1 0 2 3 443 7 6 1 3 1 36 1 0 1 15 0 0 1 2 5 0 2 0 27 2 1 18 0 0 3 4 1 0 
1 0 0 0 7 0 0 8 37 0 1 0 1 6 0 37 42 4 0 0 264 0 4 0 0 10 1 1 5 5 13 0 0 1 4 2 0 1 0 4 0 0 3 0 32 0 14 0 2 19 30 3 4 12 0 2 0 22 3 0 0 7 8 14 
0 16 4 6 2 1 1 8 2 2 1 4 10 4 2 1 0 5 1 24 0 0 0 3 0 2 13 0 6 0 31 2 0 2 36 2 1 0 20 3 6 6 1 0 1 6 0 16 0 19 3 4 5 0 6 27 1 0 0 4 0 9 0 1 
3 7 1 139 2 13 26 1 3 0 0 7 1 3 84 8 0 7 33 2 0 7 0 1 5 3 1 1 3 6 7 0 0 44 6 1 7 2 18 0 10 32 1 0 1 0 3 39 0 0 8 1 0 16 0 3 0 0 0 0 1 1 8 3 
1 9 5 0 0 29 0 1 1 2 2 0 3 0 6 0 1 0 6 0 1 49 0 2 0 11 0 4 0 2 262 1 0 4 8 5 4 26 0 7 3 0 3 1 1 2 13 21 1 0 0 1 5 1 2 0 2 0 2 0 1 3 2 0 
0 3 1 3 0 25 2 18 0 1 0 4 8 0 8 15 1 1 86 23 0 22 13 5 1 0 3 15 13 0 32 1 5 0 0 0 0 14 9 8 1 10 1 28 0 0 0 0 10 1 3 0 0 0 23 1 0 4 0 4 22 0 2 0 
9 0 1 0 19 0 0 1 1 0 1 0 0 34 44 8 13 34 1 0 0 12 6 9 1 0 9 0 3 1 2 1 0 21 18 14 2 0 0 19 4 4 0 1 6 6 1 0 2 10 0 1 1 1 10 1 42 0 1 0 0 15 1 2 
13 1 14 9 0 1 2 41 0 203 2 0 1 4 7 5 3 5 5 1 4 1 165 1 7 1 0 1 2 2 2 5 1 33 0 0 0 4 26 0 1 6 14 6 1 394 3 0 0 8 0 5 0 4 15 2 3 4 1 20 2 5 3 26 
1 0 0 0 0 0 12 1 0 123 8 1 2 2 35 3 11 0 43 9 2 309 0 0 0 1 1 7 8 9 0 0 0 8 0 6 0 0 5 9 2 0 6 7 5 1 0 5 5 0 4 0 1 24 0 213 1 64 5 9 11 18 1 0 
0 4 3 1 0 0 3 2 5 8 18 6 2 2 0 2 1 0 0 18 0 2 147 6 13 0 9 0 6 47 3 0 0 0 0 0 15 5 7 4 7 5 1 10 0 1 4 51 1 13 0 4 8 0 3 8 3 1 1 5 0 1 1 0 
8 1 2 3 1 0 10 1 1 5 1 2 3 3 59 11 1 9 0 3 0 8 0 0 12 33 10 9 8 0 7 0 5 3 133 0 5 5 0 0 0 11 12 8 8 1 1 5 6 22 5 3 4 0 11 3 1 5 0 2 0 0 1 4 
1 7 7 15 0 62 5 2 31 0 9 1 1 2 1 0 11 20 1 10 6 2 5 2 2 3 0 4 2 3 1 0 6 0 0 0 0 5 0 1 0 0 2 16 0 1 4 1 0 1 8 0 1 0 9 6 9 1 5 1 15 0 0 4 
2 14 4 10 0 1 1 1 8 1 10 3 6 2 1 0 8 0 0 0 0 2 19 4 211 12 1 8 0 0 11 20 0 35 3 56 0 0 1 7 0 1 0 0 1 1 0 8 30 0 2 0 1 2 20 2 0 2 1 3 59 46 8 618 
2 4 0 0 2 2 0 1 4 2 73 0 0 1 0 4 11 10 27 2 10 2 0 2 2 5 9 35 1 2 1 20 0 11 3 0 2 44 0 5 8 0 59 11 0 16 0 0 0 0 19 4 1344 2 10 0 17 22 0 2 1 0 26 0 
2 6 1 12 1 0 0 1 0 1 0 0 21 3 9 4 3 28 1 1 1 10 0 131 9 1 1 37 2 0 9 0 3 3 2 1 1 2 0 0 7 0 64 1 0 0 1 17 444 0 6 24 7 9 0 14 7 29 1 5 0 206 0 2 
2 0 0 2 3 7 0 6 2 1 29 25 1 9 3 5 0 2 0 4 1 10 1 2 3 5 0 5 0 2 0 1 0 1 0 29 6 8 0 19 1 0 0 3 25 1 0 0 0 5 103 0 28 0 1 1 1 1 0 1 50 2 2 3 
19 3 2 0 0 1 0 0 3 3 0 0 0 7 4 0 7 3 10 31 1 30 2 10 0 0 0 0 5 5 18 2 0 7 6 1 0 2 0 0 1 4 7 3 5 0 1 0 0 2 3 1 5 2 38 5 0 0 4 0 1 39 1 0 
4 0 7 0 3 39 3 30 0 2 5 0 0 1 48 5 6 3 0 0 16 0 7 30 7 5 1 1 15 1 2 7 0 7 0 0 3 4 1 5 3 6 12 10 1 1 9 0 0 4 6 3 7 20 2 0 1 2 3 9 9 99 0 61 
0 3 20 3 0 0 7 5 3 0 0 12 3 1 0 2 0 25 10 9 0 0 0 0 11 3 3 0 11 1 2 28 1 0 9 1 4 66 0 0 8 9 1 0 3 0 0 27 0 3 9 6 0 11 0 3 3 5 3 2 1 1 4 10 
0 1 0 6 2 1 1 0 0 1 0 9 69 9 1 34 5 4 10 0 8 5 12 1 0 1 1 0 13 46 2 6 5 0 37 6 0 14 1 0 3 24 3 0 8 0 2 1 0 3 0 2 1 0 6 4 2 10 4 2 4 3 0 1 
1 0 4 2 4 5 0 2 0 8 0 0 0 0 0 11 13 1 0 6 4 1 1 1 1 2 0 0 0 4 1 0 2 1 0 0 1 7 0 3 0 1 5 1 1 1 4 2 32 1 0 0 2 10 1 4 3 6 29 0 2 15 25 1 
11 5 37 2 0 6 1 8 3 8 0 0 10 17 1 18 7 3 2 0 11 2 8 0 3 3 1 4 11 0 1 2 0 2 8 2 20 1 7 38 0 10 90 25 5 0 3 0 0 3 0 1 0 1 0 11 0 6 5 2 6 0 0 1 
2 1 4 0 1 2 6 11 6 2 1 0 3 7 1 0 2 3 0 5 0 0 0 7 5 0 9 1 39 14 2 0 0 0 0 7 25 3 3 9 8 0 1 8 0 0 1 1 5 0 0 7 1 3 2 19 2 1 4 3 0 3 6 1 
21 6 0 18 13 0 21 1 0 0 0 0 1 0 0 1 0 3 3 2 27 3 5 1 1 5 6 15 9 1 2 0 0 10 18 1 3 7 0 0 0 0 3 2 3 1 0 4 9 2 1 52 9 1 5 1 1 31 1 0 2 16 9 10 
7 1 6 1 0 15 1 2 0 2 0 12 3 26 0 0 1 53 3 0 7 12 1 0 0 9 26 8 2 1 0 3 3 0 1 3 1 0 1 81 1 9 2 69 4 106 3 3 0 6 0 226 0 0 1 6 0 4 8 3 0 9 0 2 
1 8 0 0 4 16 0 0 1 0 23 4 2 0 0 8 17 0 0 0 5 14 65 8 3 2 0 6 9 22 1 3 1 0 1 1 4 1 0 1 46 37 9 5 6 0 1 1 0 0 1 0 0 143 33 1 6 11 0 1 2 1 49 2 
7 0 0 2 0 1 7 3 36 1 2 33 1 1 1 0 0 0 5 1 4 38 1 2 3 22 0 11 2 6 1 2 0 0 1 1 3 0 0 0 7 3 3 132 3 2 0 47 1 7 0 18 6 1 0 3 68 1 1 10 0 16 0 24 
2 3 2 0 1 1 5 1 2 6 0 1 2 0 1 2 2 5 1 0 8 6 1 4 58 1 0 1 3 1 1 1 77 0 1 0 4 1 3 5 0 7 29 15 47 7 2 4 1 0 7 2 10 0 24 28 2 0 1 1 0 1 0 8 
199 3 1 0 2 1 0 1 1 0 9 3 14 1 0 4 10 2 0 0 29 4 0 1 1 1 12 30 0 14 2 41 10 33 2 5 2 3 1 1 2 26 3 22 3 20 1 6 3 2 1 3 2 4 0 42 0 1 0 9 9 0 9 0 
127 0 3 20 8 7 14 1 0 11 0 5 1 24 4 0 0 4 10 11 5 3 19 0 8 2 5 1 11 0 7 13 0 561 4 12 0 1 42 0 117 75 3 4 1 0 3 3 0 0 7 11 0 1 1 9 0 1 2 0 17 28 0 7 
1 1 3 2 0 1 2 1 5 16 42 0 2 1 6 1 1 2 4 0 0 0 8 0 0 0 0 3 20 0 1 0 58 0 2 0 30 8 5 0 2 5 22 9 1 11 6 0 0 4 1 0 1 1 4 4 12 0 2 1 0 0 5 4 
2 7 0 4 1 0 41 0 2 4 0 12 2 0 17 2 32 9 3 81 1 22 1 11 0 0 1 0 4 8 0 2 1 26 25 12 4 6 0 0 3 2 1 8 2 1 10 6 2 9 12 6 0 4 0 5 3 5 1 2 4 0 6 0 
1 8 10 2 0 0 3 1 1 10 529 0 9 0 10 0 0 3 0 9 1 0 16 0 1 0 1 2 120 0 1 0 10 1 6 6 1 6 13 2 0 2 2 1 2 7 3 29 3 9 1 0 5 0 13 0 3 1 30 0 3 0 1 25 
24 1 10 0 7 2 1 3 105 0 1 3 0 7 0 0 1 2 2 29 0 2 5 6 433 0 1 0 1 0 0 1 1 2 2 8 17 1 8 0 1 0 2 34 0 2 1 8 7 0 23 0 337 6 0 1 3 2 1 0 11 7 3 3 
7 0 5 3 1 4 30 0 1 6 5 2 2 1 0 3 0 5 0 8 1 1 0 1 0 0 9 1 6 1 21 11 0 0 4 0 0 5 3 5 0 6 0 9 1 16 3 7 0 6 0 0 2 0 0 0 3 5 0 2 1 10 0 6 
1 3 0 0 9 1 1 0 0 1 2 40 5 1 11 14 2 9 10 0 71 0 3 3 2 0 1 24 5 0 0 1 0 2 64 13 8 0 0 0 9 2 26 0 3 1 6 0 6 0 4 3 6 6 2 31 7 2 1 2 4 1 1 0 
1 1 30 1 2 17 23 0 24 73 1 4 2 4 8 732 2 1 5 9 6 1 0 3 9 6 6 0 1 0 1 0 3 1 5 2 1 1 0 3 7 0 0 0 1 1 0 4 5 0 27 0 3 6 67 11 0 0 4 0 2 0 2 7 
2 4 2 1 0 0 0 2 1 0 3 0 0 0 16 1 0 19 20 6 0 2 21 0 3 0 13 3 0 8 0 1 7 8 1 0 18 2 2 1 0 7 6 0 2 0 0 0 2 0 32 1 0 13 3 1 5 0 0 2 83 0 6 13 
0 0 7 17 22 1 1 0 2 10 29 1 13 1 0 1 1 3 2 0 0 6 9 0 0 11 2 46 0 63 1 52 2 6 2 10 2 6 182 63 6 0 9 5 1 20 1 2 4 2 3 3 20 0 1 0 1 2 12 7 0 3 4 1 
1 1 0 0 1 1 59 0 4 0 2 1 5 2 1 1 5 0 10 7 10 231 11 6 73 0 0 2 5 4 0 0 11 34 2 1 3 3 5 0 2 0 1 28 72 1 7 4 0 3 8 1 2 1 0 0 10 77 34 0 9 7 2 44 
0 10 57 69 0 1 12 9 0 1 1 0 0 10 1 3 0 25 40 0 6 0 19 2 1 1 6 7 1 4 1 28 2 1 7 0 3 4 0 2 0 39 21 14 3 4 0 0 0 0 25 0 8 32 4 9 366 6 7 0 4 6 2 1 
0 73 30 24 12 6 1 7 2 0 0 7 2 2 0 101 0 2 0 26 4 5 1 7 0 9 2 0 0 3 5 1 10 0 3 5 4 3 0 0 211 4 0 16 5 10 13 1 5 1 5 3 1 141 0 13 0 25 4 18 1 0 6 0 
0 1 3 1 1 7 1 4 5 4 1 3 1 0 15 1 4 2 10 100 5 0 636 0 0 8 0 1 8 0 0 9 0 2 0 1 2 0 0 0 5 1 0 6 0 0 7 23 4 28 5 6 9 5 0 3 0 14 4 25 1 4 2 0 
0 0 0 3 5 0 2 0 1 3 2 12 0 2 10 27 9 3 4 3 2 0 1 4 2 1 10 0 4 3 1 9 6 0 0 10 1 27 0 2 4 9 1 2 0 1 0 1 0 0 2 5 28 7 0 0 24 0 11 10 22 0 95 0 
2 0 12 6 0 0 9 0 0 13 1 1 5 0 2 0 7 49 6 4 2 0 5 0 1 0 4 53 4 2 6 3 1 6 0 0 11 10 1 16 1 8 0 5 1 2 1 0 25 6 0 4 18 1 0 0 0 1 0 1 5 0 5 3 
0 2 6 22 7 7 0 8 0 0 1 6 6 8 0 0 0 3 2 45 0 0 1 15 2 325 0 0 0 1 1 2 3 45 2 0 1 3 0 0 0 5 3 0 1 0 0 0 0 5 0 4 17 0 14 1 11 0 3 7 8 5 1 2 
3 1 3 15 0 0 0 2 4 11 0 0 1 0 1 0 4 0 1 37 1 1 1 0 9 3 8 1 2 10 7 1 1 0 3 11 0 0 3 2 5 0 336 0 18 4 0 0 0 14 1 0 1 1 3 1 0 1 8 2 31 10 90 3 
3 0 0 1 0 2 6 29 0 1 2 0 20 17 52 19 1 226 1 1 2 1 0 0 11 1 10 6 0 0 0 8 19 1 0 4 7 0 0 5 0 1 0 4 5 0 0 31 0 0 0 3 0 1 0 7 0 2 11 11 0 19 0 14 
0 6 61 1 4 1 1 1 16 5 37 4 85 57 2 0 2 0 0 1 1 0 0 35 1 0 4 2 5 4 4 0 1 5 8 1 11 6 8 4 0 1 88 3 3 1 1 0 11 6 0 15 0 2 3 10 1 1 1 0 7 0 4 2 
1 8 7 5 0 2 8 1 1 0 577 2 2 11 11 1 0 6 0 0 0 11 43 0 0 1 3 5 0 8 2 5 1 4 49 0 1 2 111 13 1 2 5 0 0 6 0 2 0 1 0 0 0 0 1 0 0 30 2 4 0 0 1 0 
0 0 26 0 14 5 3 27 2 22 6 1 2 6 0 40 0 206 5 1 7 64 0 8 6 1 12 0 2 3 0 9 2 0 0 4 7 4 1 1 0 6 1 4 1 0 1 1 2 0 6 5 1 1 0 1 0 9 0 7 0 6 0 0 
7 0 1 0 2 0 23 0 1 2 0 10 0 0 278 0 1 3 0 32 3 10 3 7 1 1 21 0 14 4 0 0 2 5 1 24 11 11 0 0 0 9 86 75 0 0 0 3 217 11 0 3 13 31 1 1 2 1 1 3 6 0 2 2 
2 8 2 21 1 12 3 6 0 5 2 2 0 3 2 1 0 3 11 1 1 0 5 113 0 1 0 4 1 2 26 1 3 2 2 0 7 10 0 0 0 30 23 2 1 0 0 14 1 16 1 22 3 27 0 0 8 5 6 67 29 42 3 26 
1 1 1 1 0 5 1 1 2 22 9 2 21 17 2 2 4 0 0 2 1 1 1 1 9 9 0 1 1 4 1 0 1 32 1 0 0 5 1 4 6 12 0 0 8 0 0 1 1 0 0 12 10 28 3 61 463 11 1 8 0 0 0 5 
9 0 1 2 1 0 0 8 3 1 1 2 9 2 0 1 0 0 1 0 2 1 2 1 16 1 0 26 1 13 7 0 4 2 2 8 4 0 2 3 2 1 0 2 0 6 0 0 0 2 1 11 4 25 0 1 3 0 7 0 0 2 0 0 
0 4 0 3 46 0 1 1 4 0 5 0 28 12 7 5 0 4 12 0 3 0 0 0 7 11 0 3 3 1 2 4 0 1 3 4 0 1 0 1 1 1 10 1 11 0 3 27 2 0 6 0 0 8 2 1 1 0 0 4 0 15 1 9 
1 2 5 3 2 18 2 0 0 6 0 2 7 0 5 2 1 1 0 0 0 5 2 1 2 0 25 1 11 2 0 0 0 0 0 3 0 0 3 10 0 1 0 3 0 1 11 1 0 0 8 0 0 5 0 6 1 0 4 2 0 0 0 0 
0 1 1 2 0 2 29 5 1 1 10 1 5 2 4 7 0 3 3 5 5 2 0 2 7 3 20 434 5 8 9 7 0 0 8 23 10 11 6 1 142 3 1 19 0 2 0 0 0 1 2 0 1 1 17 6 2 0 0 6 0 0 2 19 
1 2 1 3 45 2 6 0 19 1 0 23 2 54 15 1 2 1 2 1 2 0 5 2 1 39 1 6 40 1 2 0 5 8 8 0 1 44 1 3 7 3 1 2 1 0 1 7 2 8 1 3 5 0 7 1 8 0 14 6 4 1 2 1 
1 2 12 0 0 0 1 0 2 1 14 2 6 1 1 0 1 0 0 1 1 1 1 1 1 0 4 2 1 3 3 18 0 33 1 0 6 2 0 2 189 2 2 15 9 3 0 3 1 3 6 1 0 0 0 8 99 1 33 0 16 2 5 0 
1 5 1 67 0 10 5 1 66 1 2 1 0 0 12 0 0 6 1 63 13 16 2 0 0 6 0 7 74 0 0 4 6 16 1 0 4 1 0 4 25 0 2 13 4 3 1 6 2 0 0 4 0 1 1 2 0 0 2 9 0 1 15 1 
7 0 2 6 0 0 41 1 1 0 0 7 9 8 4 34 1 1 0 2 0 0 0 24 15 0 1 2 4 1 2 1 1 6 2 0 1 4 13 14 2 0 0 5 0 25 3 2 13 0 1 1 4 0 0 1 0 9 0 1 0 1 1 0 
7 10 4 1 0 0 0 0 0 6 0 4 3 0 35 3 4 22 16 3 8 0 2 2 0 5 5 1 1 0 0 0 2 3 5 0 1 1 3 0 7 15 6 8 0 1 0 4 2 1 7 71 1 12 1 2 3 33 1 47 1 0 2 1 
9 3 1 2 1 0 0 25 5 0 0 0 11 15 6 8 0 12 0 0 3 3 20 5 0 3 8 10 1 84 0 24 13 58 0 0 1 0 1 0 5 1 1 127 0 2 0 18 0 13 9 8 0 3 15 1 1 0 10 6 0 8 44 25 
4 8 12 0 0 2 3 3 0 0 1 0 23 2 3 1 0 1 4 6 0 15 6 2 1 0 3 0 0 0 26 9 0 0 2 1 6 182 4 18 2 0 1 3 0 39 4 5 17 4 0 17 1 1 3 2 7 3 0 1 3 26 8 7 
1 1 7 0 2 2 1 0 0 1 18 7 2 8 5 1 15 0 1 0 2 0 1 1 1 0 6 0 5 1 1 1 1 19 1 6 5 0 10 30 0 1 7 0 1 341 3 1 3 38 0 0 0 0 3 5 0 1 2 4 2 0 3 5 
2 0 1 2 0 6 0 1 0 470 6 32 7 0 1 0 0 0 39 9 4 4 1 9 0 1 0 8 5 1 1 0 5 0 1 0 1 40 0 3 7 0 3 3 2 9 6 0 8 1 2 0 2 1 0 7 15 0 6 3 12 1 0 7 
2883 4 0 0 5 5 1 0 2 2 0 17 2 6 23 0 2 3 33 0 0 0 2 0 6 6 92 12 0 0 3 3 19 8 7 1 0 12 0 0 1 1 0 10 6 0 0 4 3 6 3 5 7 0 17 6 0 21 2 10 2 0 0 7 
0 0 2 2 11 8 0 0 0 1 1 23 0 0 1 0 0 0 11 2 9 11 1 3 2 8 1 0 31 2 2 1 0 7 0 11 1 8 10 8 1 5 1 1 2 11 0 0 0 3 8 39 2 1 1 0 1 15 0 8 2 2 2 20 
5 0 9 1 17 62 8 1 1 0 12 5 3 0 16 0 5 6 26 8 2 5 5 1 6 6 0 2 11 0 48 6 64 0 0 9 0 21 3 1 11 7 8 0 2 0 1 6 5 3 8 0 1 1 5 1 12 0 1 1 7 2 9 12 
4 31 234 11 2 1 2 2 3 13 1 1 0 1 0 1 0 76 2 0 0 5 0 1 17 8 0 14 7 0 0 0 4 9 1 2 1 0 0 1 0 1 0 0 2 4 1 2 0 31 2 1 2 0 0 0 0 19 6 1 0 5 0 9 
2 0 3 5 0 2 1 25 1 10 12 0 0 1 5 1 1 2 7 0 29 0 14 0 0 1460 6 3 20 2 1 0 0 2 2 0 6 1 3 0 5 1 0 0 1 0 736 26 1 1 2 1 2 0 0 0 1 0 2 2 6 1 51 2 
30 2 0 10 1 1 0 0 0 2 2 0 95 0 35 4 14 1 11 0 0 1 0 13 0 5 4 3 415 1 12 0 1 0 2 0 0 3 2 6 2 8 8 14 18 3 0 1 1 0 3 0 1 0 0 8 17 1 0 28 1 0 0 8 
0 0 44 1 4 1 0 3 1 0 13 0 0 1 0 9 1 0 206 4 2 9 13 0 26 0 6 1 62 2 5 1 20 20 3 0 2 1 1 12 2 10 0 0 0 1 16 7 1 4 0 1 3 4 2 0 1 8 0 1 2 0 0 0 
21 6 1 2 1 0 2 13 0 44 4 6 2 0 1 0 3 12 5 2 4 3 1 1 4 0 0 1 0 1 21 0 10 0 0 1 0 0 6 1 4 7 10 2 1 12 28 29 4 8 1 1 1 0 10 7 9 24 1 0 1 5 7 1 
1 2 0 0 9 1 0 11 2 3 133 1 1 12 1 0 2 2 0 1 1 9 0 3 2 16 0 2 12 11 1 4 3 3 1 3 0 1 1 31 16 12 3 10 11 28 1 1 1 0 7 0 1 2 6 5 0 0 38 0 40 2 11 1 
0 4 3 0 1 1 12 3 0 1 4 2 0 8 6 0 6 4 7 2 4 0 12 2 3 6 1 5 15 6 0 2 5 1 1 15 18 3 6 16 0 2 0 4 0 17 0 0 1 5 2 6 78 29 1 3 0 4 0 0 5 0 6 8 
0 5 3 0 2 37 2 2 4 2 5 0 3 2 7 6 1 1 0 1 0 0 12 18 3 0 0 1 0 0 8 2 1 0 0 2 0 0 0 0 30 4 0 2 0 7 4 0 2 3 0 1 14 27 0 2 7 0 6 12 2 7 0 0 
0 4 1 0 6 0 25 0 0 2 29 1 1 1 6 1 1 1 9 0 1 2 154 2 4 1 50 2 1 3 1 1 0 4 2 0 0 3 2 0 29 0 0 61 0 1 1 8 5 8 0 0 0 3 0 43 0 0 1 1 17 8 0 4 
3 0 0 75 5 1 3 0 0 6 7 0 0 3 5 0 19 0 17 2 5 13 2 0 15 4 6 0 0 8 2 0 0 0 1 1 2 12 0 2 1 18 1 0 7 14 0 4 1 0 0 3 4 1 7 8 65 1 10 1 36 1 0 1 
0 0 6 3 16 14 4 34 0 0 1 0 0 0 1 2 0 9 0 1 1 0 2 1 1 0 3 6 1 2 1 1 8 1 4 4 2 1 101 0 7 1 1 5 1 1 26 0 3 1 48 32 75 6 1 2 3 0 1 6 9 23 2 0 
0 0 1 2 10 8 5 0 12 4 1 7 5 1 16 2 2 13 0 1 0 25 3 2 0 0 5 0 1 9 7 0 2 1 9 10 2 1 2 1 13 0 2 1 0 3 5 1 0 2 8 2 7 1 1 0 0 0 3 2 4 7 28 9 
3 0 48 9 0 0 1 2 24 0 1 5 3 37 1 1 1 0 2 1 0 0 11 0 15 3 8 44 2 40 3 7 0 8 2 0 0 0 4 0 2 1 3 8 12 3 0 0 11 0 8 1 0 41 0 2 0 9 3 21 0 1 5 5 
6 28 20 0 1 0 0 3 7 1 1 1 253 11 7 1 5 0 0 1 814 0 6 15 0 0 4 1 0 1 1 0 1 16 3 3 4 1 17 0 20 329 7 0 24 15 4 39 12 0 5 0 5 0 0 2 4 12 6 0 0 0 0 2 
48 1 11 1 3 18 1 0 92 1 1 3 11 2 7 3 2 463 5 0 0 14 1 2 0 2 0 0 1 3 15 0 4 3 0 3 1 13 3 9 2 3 0 0 8 4 0 1 3 0 2 0 5 1 3 2 0 6 1 2 0 5 14 0 
1 5 0 0 0 2 0 0 2 4 0 2 0 0 1 6 0 10 0 3 1 1 0 21 7 0 0 0 1 13 0 2 14 11 1 1 1 1 1 10 0 2 2 1 4 19 1 2 9 0 1 1 0 2 1 0 8 0 32 14 27 3 0 0 
79 29 0 0 5 0 0 1 0 0 7 2 3 2 0 7 0 1 0 3 1 1 1 0 1 0 1 0 4 1 1 22 2 12 0 1 0 0 4 4 12 1 0 0 1 1 21 2 3 0 2 0 0 1 0 0 1 1 17 0 1 1 11 6 
10 15 2 0 4 6 0 2 0 0 1 0 6 1 2 13 3 9 1 5 1 1 1 2 18 0 3 0 0 1 0 0 4 6 30 1 1 0 5 1 1 0 0 1 1 3 15 0 0 1 7 1 1 1 0 0 1 10 1 7 4 2 0 2 
0 26 0 1 48 29 2 2 0 0 4 0 3 1 0 0 2 14 1 1 5 8 2 3 0 12 1 8 1 0 0 1 74 0 3 40 0 6 15 725 1 0 2 0 0 5 1 11 3 0 2 3 0 1 12 3 0 9 7 0 3 1 6 2 
1 2 3 0 2 37 12 0 1 0 0 15 4 2 0 17 0 2 1 13 1 5 2 1 0 32 16 0 4 6 1 2 0 9 8 38 8 0 110 0 2 0 0 10 0 0 42 0 3 5 0 7 1 2 1 0 4 2 4 1 5 2 0 2 
0 3 0 0 13 0 0 28 0 3 32 0 2 1 11 29 2 0 1 16 0 5 6 1 12 0 1 0 1 1 6 2 19 0 1 0 37 0 0 4 1 2 0 1 9 0 0 3 3 0 1 6 17 1 11 10 7 0 0 23 2 4 3 0 
3 13 4 0 0 5 2 1 0 3 25 1 3 11 0 1 5 0 0 4 25 0 50 0 3 5 1 0 0 6 3 0 1 20 3 21 0 0 1 13 11 10 2 2 270 0 0 1 4 0 0 3 4 3 147 1 1 0 1 8 31 1 2 1 
5 18 30 1 3 2 0 4 1 3 0 0 3 15 0 19 2 44 3 0 0 5 1 2 0 10 4 2 3 7 15 0 0 3 0 175 13 8 11 3 19 1 16 0 4 1 0 4 1 0 21 10 17 42 0 17 31 32 0 0 0 0 3 1 
0 1 0 3 2 7 0 5 51 0 0 3 0 1 1 9 5 1 3 6 0 0 165 2 1 6 126 0 0 13 1 0 10 12 0 31 69 5 9 0 0 1 0 0 1 6 0 2 5 2 2 2 0 1 5 1 0 8 3 8 6 12 2 55 
29 0 1 44 0 9 2 0 0 2 0 1 1 1 8 2 1 0 1 0 0 0 1 2 1 17 146 0 1 0 1 24 1 21 6 6 3750 3 1 3 1 1 1 10 5 1 6 2 6 551 14 2 1 2 1 3 0 0 0 0 1 3 1 2 
1 13 4 7 0 9 3 1 1 0 0 29 0 1 0 0 10 1 24 3 35 4 0 1 22 2 2 6 16 3 0 3 1 0 1 4 0 6 0 0 2 7 3 0 0 8 2 0 0 0 0 0 2 1 6 2 2 0 3 0 2 7 1 1 
0 3 0 104 0 0 7 0 0 23 7 3 0 2 0 2 44 5 12 3 0 25 0 5 1 193 1 14 3 0 1 1 1 0 1 0 1 0 0 114 0 71 1 1 0 6 0 1 3 0 0 3 0 0 0 10 0 0 0 7 2 12 2 2 
1 6 0 0 1 24 2 0 9 7 0 1 7 2 5 2 7 2 13 9 8 3 16 30 16 0 1 0 1 1 5 1 0 1 5 0 1 0 4 5 8 4 10 0 1 16 5 87 6 1 5 0 14 9 4 0 0 0 0 0 2 3 6 0 
3 2 12 1 0 1 0 5 1 9 0 4 2 0 1 1 0 7 0 0 0 0 5 9 7 1 0 6 1 4 1 7 52 0 0 1 0 1 39 0 0 3 1 0 2 0 11 97 8 0 13 1 6 1 1 0 5 209 0 370 2 1 5 10 
32 0 1 3 0 25 4 0 1 2 3 11 1 2 0 0 0 0 58 2 1 0 0 15 0 301 2 6 0 2 51 4 2 82 11 5 26 4 14 0 4 1 0 1 2 1 1 2 0 0 2 2 0 1 2 2 4 2 0 21 12 1 2 5 
0 3 1 2 13 0 1 0 4 0 19 14 3 2 0 0 2 0 1 0 0 3 0 19 7 2 19 4 0 3 1 7 0 1 2 1 5 179 1 0 5 0 0 1 10 0 2 1 7 0 0 2 6 36 1 0 0 10 1 0 1 22 7 0 
5 2 11 1 1 3 2 0 0 2 1 17 0 2 8 7 0 2 11 10 3 1 0 0 0 1 14 2 1122 10 0 46 1 6 0 65 3 6 1 13 0 0 1 1 0 51 15 6 0 0 2 0 1 0 13 0 1 7 1 3 1 1 0 2 
0 0 759 1 9 0 2 1 0 84 0 0 0 1 2 8 0 53 7 12 1 6 0 0 8 3 0 13 3 10 0 5 0 6 0 2 0 0 8 11 0 0 163 86 2 0 2 1 2 0 0 2 46 1 42 6 0 9 23 0 11 1 26 3 
7 8 4 4 1 0 3 1 7 0 0 5 1 0 0 6 2 85 5 4 204 0 31 0 2 7 7 2 0 4 1 4 0 2 102 11 3 3 0 8 12 0 3 1 0 1 0 0 19 0 6 1 11 0 29 4 0 4 3 0 10 0 7 1 
10 0 3 22 0 3 1 2 0 0 26 14 2 1 0 2 5 7 3 17 0 19 2 7 0 8 4 4 1 4 0 22 0 1 1 11 0 1 0 0 1 5 33 1 0 11 20 7 3 113 0 4 3 0 0 0 2 3 1 211 2 0 2 0 
1 0 0 0 3 0 1 5 0 2 1 1 4 4 0 1 0 2 1 0 0 0 0 0 6 3 1 1 0 1 2 0 7 2 0 17 6 2 0 0 5 0 12 1 2 15 0 36 5 3 0 4 1 3 1 0 1 0 1 4 41 1 0 4 
0 13 5 13 2 2 3 0 1 0 0 1 343 1 0 1 0 4 2 3 2 6 35 2 0 0 1 5 11 2 0 0 9 4 5 0 35 1 4 0 0 1 7 5 26 9 1 2 2 0 0 2 2 24 39 2 0 0 1 8 5 1 0 3 
6 0 26 0 12 1 1 2 2 0 1 1 2 12 5 1 79 0 1 2 0 1 3 1 9 0 4 17 0 0 1 9 8 0 1 1 0 1 0 0 4 0 0 1 0 10 1 1 40 0 76 5 0 0 0 3 1 0 0 11 0 2 0 0 
4 1 11 2 0 0 1 16 1 1 0 6 1 5 7 2 1 1 1 12 1 1 0 2 11 4 3 0 4 49 1 0 10 0 2 1 6 1 2 1 19 6 1 1 9 70 0 3 7 1 5 22 1 0 5 3 0 9 0 12 2 0 2 2 
1 38 24 1 9 0 0 3 1 5 0 1 24 7 12 26 295 2 3 0 1 7 0 1 0 0 67 1 281 3 0 0 1 2 0 18 0 0 0 42 0 0 3 1 1 0 4 1 4 4 1 0 0 7 0 12 151 1 1 5 0 7 13 5 
0 35 0 0 0 1 2 0 13 71 1 0 2 151 0 6 21 0 4 54 26 0 0 6 1 2 0 54 0 0 0 27 0 0 8 1 9 0 0 0 5 1 1 0 0 1 0 1 1 32 0 0 5 1 49 11 0 0 1 6 0 2 2 0 
7 0 0 0 0 2 5 1 6 0 0 6 0 0 0 18 1 10 2 0 13 0 1 0 7 0 0 20 2 0 11 0 5 3 0 11 2 11 0 1 0 0 0 0 1 1 0 7 10 51 1 1 0 16 4 4 0 14 2 5 3 0 6 0 
0 0 3 1 1 70 1 0 2 18 0 3 2 6 39 52 0 1 0 1 7 5 2 28 3 28 29 10 2 7 0 0 0 15 95 0 7 7 0 0 0 14 2 2 4 2 11 6 0 450 5 1 1 1 2 6 0 0 0 5 2 0 9 5 
1 1 0 4 60 3 0 9 0 5 28 0 3 0 0 15 0 0 0 0 2 2 16 1 3 1 22 1 5 5 11 7 2 2 21 6 0 97 4 1 0 4 0 2 14 6 9 0 0 4 2 11 6 31 11 1 18 2 24 85 2 17 1 0 
0 1 1 4 1 0 3 6 0 5 2 0 1 1 4 3 6 3 0 0 0 3 80 0 0 0 0 4 5 0 0 0 0 1 15 1 1 10 473 11 1 0 1 0 0 1 0 13 8 2 2 3 2 1 0 0 1 3 25 1 0 3 53 5 
31 13 3 1 1 1 1 3 0 0 13 0 0 29 2 6 1 2 1 0 1 24 11 0 4 13 10 1 0 10 3 2 0 1 6 3 2 0 21 0 1 7 1 6 0 1 1 0 1 1 0 0 0 4 1 1 10 43 9 6 0 1 40 2 
1 8 1 0 2 1 4 3 0 241 0 10 162 27 0 0 0 3 1 0 7 6 2 6 2 9 3 1 0 0 24 0 4 11 10 2 3 1 4 4 2 3 8 0 0 50 0 9 1 1 14 2 0 305 4 1 7 12 0 1 1 2 13 0 
1 0 23 0 0 3 1 103 0 45 0 0 2 0 1 3 0 4 0 8 0 7 9 1 0 0 0 0 1 7 1 0 0 0 3 0 0 10 0 1 9 10 0 9 2 1 6 9 161 0 0 3 0 2 7 221 4 19 1 2 8 2 5 4 
6 6 13 0 0 2 0 0 1 0 3 5 0 3 8 0 0 0 4 2 6 0 567 0 1 1 1 23 0 0 0 31 49 0 0 2 1 4 1 490 6 4 0 0 0 0 1 0 8 3 0 4 1 2 2 10 13 0 8 2 0 0 1 13 
2 20 2 5 0 2 2 1 3 12 5 13 0 9 0 22 12 0 2 231 8 0 2 2 0 4 0 78 1 22 6 3 6 9 2 8 4 5 2 1 2 29 1 0 15 0 3 0 0 4 4 11 0 1 7 0 0 1 1 121 2 2 1 3 
0 3 8 3 9 0 8 0 0 0 1 0 0 0 9 1 13 3 0 0 0 1 0 1 0 2 39 0 21 0 1 19 393 4 0 0 10 3 2 2 2 0 0 0 1 0 4 5 0 1 1 0 14 5 80 0 10 4 0 25 0 0 10 1 
6 0 0 1 24 1 0 2 0 1 29 0 0 16 0 2 9 3 13 0 0 31 3 4 2 0 0 5 9 0 3 4 6 0 7 0 1 1 0 11 1 3 0 23 389 146 4 0 3 4 8 7 109 0 1 3 1 0 0 10 1 0 2 0 
2 2 1 1 1 1 3 1 16 9 1 0 78 40 0 1 4 2 0 0 2 0 1 11 17 0 0 0 14 9 30 1 0 1 0 23 1 3 18 0 50 0 2 1 3 1 0 0 0 1 0 4 3 10 1 0 0 0 0 0 13 13 2 0 
0 9 1 5 2 0 0 1 0 0 0 2 12 8 20 4 120 1 38 0 0 31 1 1 17 12 3 117 1 0 0 0 59 51 4 2 2 0 13 0 0 3 2 0 0 0 1 1 4 0 0 4 1 0 6 0 8 92 2 0 29 0 5 2 
11 0 8 0 6 10 6 1 2 1 56 1 1 15 1 0 12 7 0 0 2 7 0 3 0 8 0 19 4 4 2 5 8 0 0 4 6 2 0 5 0 0 0 0 5 9 0 0 0 0 11 0 4 0 7 6 1 3 0 0 0 0 1 0 
6 0 4 1 5 1 0 78 0 1 0 0 1 13 0 2 37 1 0 2 0 0 69 5 0 2 0 2 0 1 4 7 2 21 1 56 0 2 4 1 1 1 0 0 9 0 0 1 1 3 0 4 4 4 11 0 0 5 0 1 1 6 4 65 
0 0 9 13 10 2 1 6 4 0 7 1 3 0 3 13 0 2 13 0 15 8 2 4 28 9 0 0 8 6 0 3 0 2 0 1 0 1 1 2 6 0 15 0 0 5 46 1 0 1 0 3 2 2 8 4 0 212 1 4 7 5 1 2 
65 7 15 4 1 1 6 1 0 0 3 1 4 2 1 0 42 6 1 23 11 0 1 166 3 0 5 3 0 0 6 1 1 1 8 1 1 4 0 11 0 9 1 4 2 0 0 0 4 0 0 1 0 4 0 3 0 0 0 10 7 14 0 26 
3 0 2 7 9 1 6 2 1 19 2 21 1 2 4 21 16 4 0 21 22 1 0 1 1 1 4 0 4 10 1 1 18 10 0 2 1 1 20 0 0 14 8 10 0 4 5 0 4 188 4 0 1 0 2 4 0 13 0 7 0 0 9 33 
0 44 1 1 4 5 9 2 9 0 62 0 0 8 24 0 0 18 4 0 54 38 29 0 0 2 17 6 2320 28 0 1 1 9 1 8 6 1 2 5 0 0 0 0 0 4 0 4 1 1 0 5 0 0 1 2 3 0 10 147 1 9 1 33 
1 0 0 17 1 2 1 13 0 10 1 8 3 0 2 1 6 24 0 1 4 34 1 2 5 2 1 7 0 41 19 0 0 8 1 4 6 7 3 0 6 0 18 3 0 0 7 3 138 0 8 2 0 0 1 1 24 90 0 0 3 10 29 1 
4 0 13 0 1 2 0 0 1 1 3 7 5 0 0 5 6 31 3 35 0 1 2 1 0 2 0 17 2 7 0 0 0 2 22 3 1 5 0 3 175 0 0 4 2 0 0 9 27 10 374 55 6 0 1 0 7 0 21 0 1 1 1 1 
3 9 0 3 0 21 0 0 0 37 3 0 0 6 12 1 6 4 0 3 187 10 15 25 4 7 0 1 3 2 24 2 5 3 0 0 0 1 5 1 1 3 7 0 0 2 33 0 0 1 20 4 0 1 0 0 138 0 0 1 0 0 1 1 
1 5 0 1 0 0 0 2 12 2 4 4 0 14 1 0 15 1 1 0 0 1 14 0 2 9 0 40 0 0 2 1 4 0 0 3 1 11 1 6 3 6 2 0 1 2 2 0 0 1 4 1 3 3 3 0 0 24 16 18 2 15 9 0 
6 1 1 1 5 4 4 0 8 2 7 8 0 60 0 5 15 0 0 1 5 1 2 172 3 5 2 8 0 6 1 2 1 5 1 0 2 0 218 0 0 347 8 5 0 1 1 1 0 7 6 5 5 4 0 13 3 1 0 20 5 1 1 0 
3 11 0 3 0 1 2 8 0 1 1 1 12 35 1 0 2 3 2 2 2 0 0 0 1 0 4 4 2 0 3 5 12 23 16 5 2 0 10 2 2 8 5 0 12 5 7 0 8 3 7 7 4 15 95 28 1 1 5 14 1 1 2 63 
0 8 1 2 31 0 4 1 13 0 0 5 1 2 8 25 0 0 5 8 1 3 18 3 7 3 0 2 17 2 0 1 6 0 3 0 10 1 0 9 14 15 11 1 3 0 0 0 1 4 2 0 1 3 4 0 0 1 3 10 23 1 3 3 
0 2 6 0 20 3 2 6 3 4 2 0 0 1 0 10 0 1 0 1 4 1 3 2 20 0 1 1 25 1 0 0 0 7 1 5 0 2 24 3 95 0 0 2 10 5 0 8 75 0 1 0 1 1 5 0 7 1 1 12 1 1 0 0 
4 2 2 2 0 1 6 0 1 3 16 69 3 1 32 1 3 0 3 13 1 33 1 22 1 10 8 1 0 57 2 0 0 0 0 1 7 1 3 0 2 6 2 0 1 3 2 66 0 2 6 3 4 0 1 0 6 3 0 0 11 1 6 0 
1 72 0 1 2 37 8 1 1 10 0 0 0 1 1 1 1 0 1 0 1 0 1 4 5 2 2 2 4 5 9 9 0 4 9 40 1 2 2 0 10 5 18 1 39 1 0 1 7 0 0 0 3 0 0 5 2 1 12 1 1 1 1 32 
27 0 2 7 0 7 1 7 12 1 1 9 19 1 0 0 2 2 3 9 3 4 3 0 0 2 8 1 1 0 0 3 5 0 34 4 2 13 8 2 2 1 4 0 2 1 0 5 2988 3 0 27 0 9 1 208 2 6 0 2 11 16 0 62 
3 11 0 1 28 0 1 5 2 1 1 1 0 0 0 1 0 9 0 4 22 1 1 0 28 1 3 1 0 1 0 0 0 6 0 12 1 0 5 1 22 5 4 2 1 25 61 1 10 1 1 361 3 2 8 1 7 0 4 1 9 1 1 0 
5 4 47 18 2 5 1 0 16 0 7 1 1 37 2 4 0 1 2 35 0 0 4 69 9 1 14 0 23 1 3 1 38 0 16 0 2 6 3 0 0 8 0 0 0 5 2 0 3 5 1 484 10 13 6 0 9 1 2 0 3 3 2 6 
1 0 1 2 3 27 9 3 3 0 0 7 4 9 6 5 0 5 0 8 1 0 0 7 0 4 6 74 7 11 3 7 0 2 0 0 2 1 5 0 2 44 0 1 1 3 0 6 7 19 12 0 6 0 0 0 0 25 6 1 9 14 2 0 
0 2 5 0 0 2 1 14 1 0 6 3 8 1 0 0 28 1 1 1 1 0 8 1 7 1 4 3 3 0 8 10 4 0 8 1 3 0 0 0 19 64 3 1 4 0 3 7 62 0 3 1 0 7 7 1 1 15 2 6 5 1 0 8 
8 4 0 0 47 49 500 10 0 4 0 3 0 30 0 0 1 0 4 10 0 2 1 0 2 0 9 0 0 1 17 3 1 6 3 4 1 4 0 3 0 22 2 2 1 1 5 0 0 0 3 11 2 8 0 7 20 37 13 0 0 0 8 8 
0 8 1 5 30 0 8 1 0 2 9 0 0 1 5 1 1 0 1 207 2 0 0 0 2 1 5 4 0 3 0 0 34 10 7 33 6 2 1 8 5 0 1 9 0 0 13 3 9 1 0 0 9 2 25 3 2 0 7 1 5 3 0 0 
0 12 0 0 5 1 1 0 8 1 0 1 0 0 1 1 63 3 1 24 9 0 3 1 6 1 1 1 0 1 6 2 13 57 36 6 2 1 2 0 21 3 1 29 3 3 0 0 0 7 36 5 3 19 1 6 0 0 0 1 2 0 0 4 
4 0 1 3 2 11 0 14 1 10 1 2 6 0 1 35 5 3 1 2 0 0 0 2 3 0 44 7 0 10 0 1 2 9 23 0 1 7 2 1 36 0 5 1 1275 1 6 0 8 12 19 0 0 0 15 2 0 3 0 0 8 39 2 2 
3 0 0 1 0 3 0 46 0 0 4 19 8 12 4 0 0 1 64 2 1 4 1 0 1 2 16 222 0 0 1 0 15 14 1 3 7 3 0 0 2 1 0 11 5 0 4 0 4 3 27 0 2 31 0 0 10 6 0 1 1 0 0 1 
121 1 1 4 11 1 4 1 1 1 4 0 2 3 4 0 18 0 31 1 6 1 1 0 0 0 62 3 6 7 4 35 1 1 1 2 0 23 2 7 2 0 77 12 52 1 1 2 0 3 13 6 25 6 1 14 1 1 9 3 15 5 11 1 
2 41 0 2 0 4 12 0 1 3 4 0 2 2 0 225 0 39 0 1 7 0 6 0 2 11 4 6 9 0 0 10 15 1 23 0 10 0 19 1 13 1 7 0 6 0 30 1 14 2 0 0 4 4 0 72 1 1 17 9 0 0 0 1 
0 1 12 33 0 5 54 0 0 7 3 2 0 4 1 35 10 1 0 19 1 0 1 1 1 0 0 0 5 0 90 4 2 0 9 2 24 1 2 1 1 4 16 0 0 5 1 1 8 0 16 0 4 1 1 18 1 9 1 13 3 0 1 0 
4 1 1 1 63 2 19 1 2 19 1 1 2 1 18 11 1 16 17 1 1 6 2 0 1 37 0 1 0 0 67 1 250 1 2 0 2 13 3 2 11 1 0 1 0 1 1 76 3 9 4 4 0 1 6 1 5 247 25 4 3 22 0 7 
1 15 0 0 0 0 5 0 7 1 68 1 5 14 4 31 1 1 8 2 3 0 4 4 3 4 6 25 0 0 1 349 26 0 0 0 0 0 5 10 1 0 2 0 0 2 2 1 120 1 8 0 0 1 1 32 1 0 11 12 7 1118 13 26 
0 1 2 0 0 0 0 17 0 1 1 110 4 4 1 3 3 1 1 3 2 0 45 9 7 27 3 0 2 0 3 0 0 1 0 1 7 0 4 6 0 19 12 2 184 1 4 3 0 13 0 3 1 0 2 3 0 19 63 0 1 2 0 1 
1 1 0 6 26 0 27 4 1 0 10 0 5 6 4 4 30 5 1 24 46 3 20 20 2 8 3 6 2 6 13 1 1 297 4 3 2 6 2 1 9 2 1 211 153 0 28 1 0 1 8 0 74 10 13 6 0 3 2 6 6 0 19 3 
1 0 3 3 1 5 2 0 0 0 4 0 3 9 3 59 20 1 0 7 2 1 0 0 0 1 0 36 15 35 7 2 1 26 3 0 0 0 1 0 0 2 0 3 72 1 0 1 0 0 2 24 0 6 97 4 30 1 17 2 0 1 1 1 
4 7 2 5 18 16 24 0 0 0 2 0 4 21 8 0 0 9 2 1 5 3 2 9 5 4 1 5 1 1 0 1 3 2 40 2 37 1 6 0 4 7 2 8 0 0 0 3 147 1 2 69 10 5 2 18 1 0 2 6 0 4 6 14 
1 80 3 8 34 0 23 3 4 2 0 0 1 4 3 13 2 3 4 10 4 6 4 5 2 6 0 1 7 0 0 6 1 0 0 6 1 5 0 1 0 10 6 1 15 14 2 13 0 2 3 1 1 1 0 3 0 8 1 74 6 0 123 2 
4 2 0 3 1 0 2 4 7 31 9 0 3 6 1 8 10 5 2 1 2 12 2 8 18 0 1 0 1 1 4 5 5 53 11 0 1 1 3 0 0 1 0 1 0 2 6 2 1 0 3 0 113 4 5 0 3 1 1 0 3 0 6 1 
2 0 2 0 1623 0 10 3 2 3 0 1 13 10 18 1 1 1 0 8 1 11 23 1 1 0 0 2 147 2 1 1 11 1 0 1 0 2 0 0 19 0 0 1 9 1 0 30 5 13 0 4 1 0 1 0 14 1 0 5 0 2 4 2 
1 0 32 2 0 1 5 6 11 0 4 6 0 0 6 0 0 6 2 22 0 1 4 29 0 3 7 0 0 5 1 0 0 0 10 0 1 12 129 0 0 28 4 0 0 3 9 10 0 2 5 2 2 23 20 16 1 1 0 0 2 0 1 2 
4 4 2 0 0 1 1 49 0 3 3 2 2 2 30 4 1 17 1 0 0 16 12 0 6 3 125 0 0 0 0 0 0 0 0 7 0 1 0 1 0 1 0 2 5 3 3 5 0 0 0 18 0 1 302 2 7 7 1 1 6 0 2 3 
4 0 0 10 2 0 0 2 1 0 0 0 10 0 0 0 2 6 4 19 0 0 2 7 0 14 24 6 31 0 0 0 5 2 0 0 0 0 1 4 1 0 1 0 7 0 2 6 2 14 1 1 0 0 0 0 0 0 5 8 10 35 2 8 
0 12 134 0 0 2 8 1 18 1 15 3 0 0 0 0 10 40 26 11 1 8 0 17 1 0 2 0 0 1 1 1 1 1 1 0 6 5 2 21 193 14 5 0 10 4 35 3 3 1 4 4 73 5 0 4 2 1 0 0 2 12 9 0 
1 2 52 0 0 5 14 3 0 6 53 1 0 1 3 0 7 3 0 1 4 1 0 0 4 32 57 47 11 1 0 7 1 0 1 2 83 0 2 13 16 0 0 1 3 17 0 7 29 36 6 3 40 0 5 4 14 4 0 1 0 5 0 3 
8 2 0 3 12 3 151 25 3 1 3 6 0 4 3 9 3 0 0 0 14 0 22 0 28 0 0 3 22 2 70 0 1 9 0 0 0 5 0 3 4 21 0 1 2 0 1 3 2 0 6 1 1 4 5 30 21 0 5 36 0 22 11 3 
0 574 3 2 17 12 3 3 6 1 6 0 0 0 1 7 0 30 7 1 1 2 0 2 0 4 0 5 1 0 10 0 0 2 8 3 0 0 2 1 1 1 0 2 0 8 0 10 6 5 0 0 0 2 0 1 14 0 1 1 10 2 2 8 
8 0 0 0 6 30 1 6 5 0 3 3 3 3 0 1 3 67 0 8 1 0 3 9 1 1 1 28 0 1 70 73 2 2 1 0 7 2 1 5 1 1 1 1 2 0 16 50 0 3 1 0 0 0 11 0 11 2 0 1 1 7 7 0 
1 1 0 14 97 2 2 1 3 0 6 0 2 1 98 8 0 24 3 3 4 1 24 0 1 1 111 1 6 2 5 2 0 8 0 1 0 3 408 25 15 2 4 0 0 14 2 3 1 35 25 22 2 0 8 3 12 21 1 0 5 16 0 1 
0 1 3 5 1 1 7 0 2 0 9 2 0 9 10 62 2 2 0 6 5 0 0 2 5 1 2 1 0 0 0 1725 2 0 7 11 4 3 0 4 3 1 6 2 2 9 0 0 0 0 0 3 0 0 0 1 6 7 0 2 3 1 2 3 
136 0 2 0 1 0 2 2 3 1 6 4 3 5 3 1 5 4 1 24 2 0 6 1 0 0 209 0 2 0 0 1 8 0 6 0 2 0 0 7 77 70 0 0 14 19 1 0 13 43 0 0 3 3 24 1 10 3 4 0 13 5 5 0 
3 0 24 1 142 46 1 5 9 18 1 0 0 1 12 1 23 2 1 1 2 0 1 3 34 25 1 4 4 17 1 0 3 247 2 2 7 1 4 1 1 1 7 28 4 0 0 2 16 0 2 0 1 0 0 9 5 2 4 4 15 3 2 2 
2 18 1 0 9 3 0 0 4 5 0 2 1 2 13 7 1 11 0 0 29 7 18 8 4 0 4 0 62 17 6 53 0 11 0 26 1 1 0 13 20 1 1 54 2 2 0 1 2 0 48 7 2 1 6 2 4 64 0 34 9 4 0 0 
5 1 11 2 1 0 2 0 2 5 2 0 2 0 4 5 1 12 1 1 1 1 1 1 5 1 18 2 42 4 8 1 9 6 0 0 1 9 1 2 0 1 0 1 4 0 17 2 2 12 0 4 0 0 1 33 1 2 20 0 24 1 1 16 
1 1 0 9 11 1 4 0 6 3 1 0 8 3 0 22 0 2 0 70 4 2 14 3 0 4 169 4 4 1 0 4 9 1 9 0 2 4 5 4 0 9 21 196 5 1 0 22 3 0 0 3 0 1 3 91 0 28 39 15 8 26 1 0 
10 0 2 1 0 33 12 1 1 0 36 0 0 0 6 4 3 0 1 7 0 1 0 8 13 6 9 2 17 1 0 11 5 1 1 4 1454 1 3 24 20 8 1 6 9 3 3 0 26 1 0 2 12 3 1 24 0 0 0 0 0 0 2 0 
2 4 0 0 6 5 0 0 0 6 0 2 232 18 11 0 3 11 0 12 3 7 5 13 2 1 18 8 2 2 5 8 3 43 8 3 0 1 6 0 42 0 6 1 3 17 1 13 0 23 1 3 0 13 5 33 1 23 10 1 2 18 0 17 
14 18 1 0 1 1 0 69 2 6 4 19 1 2 3 15 1 101 0 18 0 1 0 3 6 0 5 6 5 8 102 49 23 2 18 9 2 3 0 2 68 110 4 2 2 0 0 0 8 33 0 0 4 31 2 0 6 3 0 15 0 0 1 62 
7 10 7 0 2 0 3 2 0 3 1 1 0 5 106 96 14 0 7 284 0 61 2 42 1 0 16 34 4 4 0 7 0 0 11 2 82 3 0 8 1 2 0 1 1 2 2 4 1 0 54 33 0 5 3 23 4 6 0 6 20 0 0 1 
13 1 4 102 1 3 2 19 0 2 7 0 1 0 16 2 0 1 0 0 1 3 1 1 7 1 1 7 4 0 12 0 4 1 1 1 1 12 9 0 3 23 0 1 7 0 3 16 2 13 1 0 0 5 65 0 3 1 24 7 0 1 0 0 
130 0 7 2 0 5 0 1 2 3 0 0 0 0 0 2 6 9 1 8 2 16 150 10 1 1 0 7 36 0 7 1 0 2 17 7 4 7 1 0 0 0 10 25 5 10 42 8 5 1 0 35 1 0 0 8 0 2 1 0 1 17 26 6 
7 9 9 1 1 4 0 1 1 1 0 9 7 4 0 0 24 1 2 1 0 0 1 358 1 0 0 52 0 1 2 4 0 12 17 6 47 1 341 0 17 2 7 1 0 35 2 18 0 4 0 8 5 12 0 9 3 0 1 2 6 3 1 9 
0 4 0 2 1 35 14 1 1 0 18 0 2 2 30 10 1 0 35 47 1 0 0 6 1 5 35 3 6 2 0 0 1 20 2 1 1 0 3 8 2 2 0 0 4 5 5 12 0 1 0 1 1 2 12 1 3 25 10 0 20 4 4 153 
0 12 3 0 3 1 3 1 6 0 1 1 0 0 0 0 77 3 1 0 2 47 61 0 0 1 4 0 5 0 0 6 0 1 6 15 1 1 1 0 9 3 1 1 0 9 4 10 0 1 4 0 5 0 0 3 21 2 3 3 1 11 5 9 
1 1452 6 1 1 2 1 1 6 20 39 0 1 0 33 2 14 1 5 2 2 2 1 3 1 3001 7 1 0 14 0 4 7 1 17 1 18 6 3 3 4 0 0 4 12 1 0 4 19 0 7 0 3 0 1 1 20 3 6 0 1 3 0 2 
1 11 1 4 4 6 6 1 8 8 0 4 1 0 0 1 1 0 234 2 1 1 1 21 7 2 3 65 0 0 3 6 8 18 24 11 0 5 1 75 0 3 0 4 1 80 1 0 19 16 2 0 34 12 6 0 3 5 18 7 3 1 3 2 
4 3 0 1 1 23 0 2 0 0 0 1 2 7 1 2 14 0 11 0 0 0 0 0 0 0 1 1 1 1 0 1 2 15 0 1 1 6 0 1 0 0 2 1 1 0 0 2 0 1 0 2 6 3 0 3 0 1 0 26 2 12 8 1 
1 4 4 1 5 4 9 1 8 0 1 0 2 6 0 6 1 0 3 4 0 1 1 11 4 1 86 1 5 0 0 0 1 1 0 3 11 3 1 3 3 3 0 0 1 2 2 0 1 5 10 10 27 2 23 1 1 3 6 0 0 1 0 1 
19 1 7 2 1 0 3 9 6 2 2 7 0 0 0 1 0 7 9 2 1 2 89 6 18 8 121 4 0 3 2 0 1 1 6 2 7 0 11 0 1 2 0 15 1 25 6 2 12 1 14 6 0 0 2 0 1 0 7 0 0 0 0 2 
0 1 0 8 3 0 2 0 3 0 3 31 0 0 3 0 2 4 26 3 3 0 0 7 148 6 0 0 7 10 8 1 0 19 1 1 2 0 3 4 2 0 0 1 15 19 9 9 0 2 2 5 6 7 0 1 14 1 1 2 1 0 9 0 
0 0 2 0 4 115 0 6 0 1 6 0 1 5 1 0 2 0 0 5 3 0 4 6 23 1 9 2 6 236 1 6 7 21 2 1 4 22 44 0 2 0 13 12 2 194 10 0 0 0 1 2 0 15 1 166 1 3 3 24 4 1 1 25 
1 2 0 1 2 1 15 1 20 0 1 11 2 13 3 2 8 4 9 0 2 6 2 21 0 19 2 1 6 0 0 0 1 153 1 1 1 0 0 0 0 3 8 1 411 14 7 0 1 0 0 56 25 1 1 19 0 1 1 1 0 5 15 4 
0 0 1 2 4 0 7 0 0 2 7 0 4 7 1 2 0 0 0 2 12 0 3 1 1 1 0 0 2 18 1 29 0 3 1034 0 4 1 0 19 2 0 72 7 0 0 12 0 1 14 1 1 0 25 1 3 0 2 22 2 6 0 2 8 
23 0 0 19 0 11 7 1 8 3 22 5 3 2 0 0 0 1 2 0 1 4 1 31 13 6 3 38 0 5 0 1 0 1 0 0 1 33 0 5 1 1 18 5 2 0 19 6 49 2 3 0 8 54 1 18 22 0 70 31 9 2 0 0 
0 0 124 1 0 1 4 6 0 5 1 0 3 331 0 6 3 3 1 1 0 1 1 7 6 0 2 1 35 1 13 3 1 0 2 4 0 5 4 9 2 1 6 1 11 0 5 0 0 1 1 2 18 1 2 190 603 79 0 1 0 0 0 0 
0 1 0 0 0 7 1 8 0 2 25 1 4 1 7 3 2 0 1 7 0 10 9 7 0 88 4 2 1 5 0 4 6 5 1 5 1 0 2 1 14 1 4 6 6 5 1 3 0 16 0 0 0 6 0 1 0 2 2 2 0 1 0 1 
3 1 2 0 1 3 0 18 2 7 1 1 8 0 7 3 0 1 48 1 3 0 0 1 2 1 0 27 1 1 15 0 9 14 82 31 2 10 1 16 0 4 0 35 3 0 1 13 11 1 1 0 11 1 4 3 6 3 1 12 6 0 0 28 
6 4 1 3 0 14 0 0 7 0 3 0 0 0 25 20 10 3 22 5 2 0 1 0 12 0 2 0 3 1 9 2 5 0 24 68 1 0 12 6 1 1 0 32 9 0 16 15 0 0 7 118 1 4 6 53 0 0 6 13 1 12 7 1 
0 174 0 2 1 7 0 0 0 3 3 1 0 0 2 1 9 1 12 3 0 2 7 1 2 17 1 3 2 0 6 1 26 3 2 8 1 1 0 0 1 206 9 1 2 0 9 1 2 0 125 6 0 4 26 2 31 104 0 2 0 0 6 232 
1 1 3 5 0 6 1 56 0 4 2 0 15 0 3 1 7 5 2 40 0 8 0 0 2 0 1 0 0 0 40 4 0 13 2 9 105 4 29 1 24 0 2 0 2 1 10 2 3 2 0 0 3 0 10 0 0 1 0 0 0 1 0 6 
2 8 3 2 105 1 3 0 0 1 3 0 4 0 0 8 15 1 11 9 0 25 4 6 0 2 1 1 7 13 5 1 22 3 4 1 0 1 13 1 1 7 5 7 0 2 1 7 314 6 0 2 2 0 22 1 11 3 4 5 0 0 0 90 
2 11 1 14 1 1 2 1 1 28 1 0 22 2 4 3 0 9 1 61 0 13 1 1 1 1 1 0 44 1 6 153 109 1 3 7 0 0 3 2 0 4 9 1 0 3 25 1 0 1 1 0 1 52 21 24 0 1 0 10 107 2 3 3 
1 1 2 3 2 2 1 0 13 23 149 1 1 2 185 0 1 0 2 0 9 14 6 1 0 0 564 31 0 3 0 1 2 25 1 9 6 23 0 1 0 1 9 1 2 1 2 0 2 0 2 1 2 2 1 0 4 4 0 17 0 1 1 1 
7 2 2 2 0 7 0 0 3 38 0 0 3 1 8 0 0 7 19 1 0 3 15 0 56 6 0 3 4 3 0 8 12 1 9 0 14 1 2 1 0 0 0 0 0 0 29 0 1 0 40 4 0 0 1 3 7 0 0 0 4 5 12 10 
1 8 0 0 1 6 0 5 7 0 4 0 13 3 1 0 0 0 1 2 243 9 0 4 9 0 98 9 1 1 7 1 7 0 1 3 2 0 6 4 1 1 1 0 0 1 2 1 4 0 0 0 0 22 16 2 21 13 1 15 1 0 4 0 
6 2 6 1 1 1 2 0 11 2 0 0 5 0 1 5 2 0 2 90 0 0 0 0 2 6 1 16 0 14 0 0 6 9 2 5 0 0 0 5 1 16 3 11 1 3 6 4 0 7 1 0 0 0 1 31 0 1 1 0 4 1 34 7 
114 2 0 7 0 3 4 0 0 5 0 26 1 34 2 1 0 1 1 0 2 1 0 0 0 11 2 6 0 1 1 11 1 1 0 3 0 1 1 1 1 1 2 5 1 9 0 0 1 9 5 1 0 0 8 0 0 3 18 4 0 0 2 1 
7 1 6 1 2 7 0 1 0 7 1 0 0 78 51 0 0 134 0 0 0 1 0 1 1 2 2 5 0 0 5 0 17 10 5 3 5 0 3 0 0 12 29 1 66 1 3 8 1 1 1 51 1 221 1 6 0 2 1 0 12 7 9 5 
29 0 4 2 597 2 7 0 37 18 1 1 6 3 2 0 0 3 2 4 0 213 3 0 65 0 0 0 2 7 1 0 0 0 6 37 4 0 1 5 6 3 53 0 0 5 5 2 2 5 0 24 1 7 4 9 0 0 0 0 0 43 0 6 
8 0 3 6 6 1 1 1 0 15 66 13 0 1 35 11 4 17 5 1 2 0 4 0 1 3 1 1 2 15 1 3 2 0 2 7 24 0 0 3 0 149 6 5 3 27 3 1 8 3 3 3 0 23 0 7 2 7 0 1 54 0 2 21 
1 0 0 1 0 1 5284 15 1 7 0 17 1 0 1 3 4 1 0 0 1 0 5 5 1 0 0 6 0 1 3 4 1 6 1 3 3 1 0 3 2 27 3 2 0 48 17 7 1 1 10 34 6 8 11 4 0 1 7 0 0 7 0 2 
8 0 0 0 3 0 2 1 1 1 0 1 7 0 1 2 2 0 8 10 31 0 4 104 0 4 1 2 5 1 0 1 0 4 42 1 4 4 5 0 3 6 8 0 5 9 2 4 11 7 0 9 3 22 6 0 16 2 0 6 0 11 3 1 
2 0 5 1 0 4 0 2 14 0 3 11 0 0 6 0 0 1 44 2 1 0 1 4 10 3 8 3 0 1 0 0 0 0 0 0 13 4 4 1 3 6 14 17 2 1 0 1 6 1 1 14 0 1 0 0 5 103 14 0 5 7 6 0 
0 0 3 4 1 0 0 1 8 17 3 2 0 0 4 6 2 13 0 10 3 4 0 750 0 1 33 0 0 33 0 3 1 5 0 0 2 1 0 3 9 2 5 1 1 1 9 5 1 0 1 1 1 3 1 9 0 19 0 14 1 0 4 0 
106 1 2 0 2 1 5 0 4 1 1 1 14 0 4 0 2 6 141 0 7 0 13 1 14 28 1 1 3 2 8 2 4 1 5 22 2 0 1 0 2 3 0 0 2 0 1 6 0 7 15 64 9 1 20 1 11 1 5 7 395 87 0 1 
0 3 15 0 1 4 3 6 0 0 0 152 1 1 5 7 0 12 57 0 1 3 0 17 12 2 0 0 0 30 0 15 54 3 0 5 0 1 24 28 0 1 0 6 0 6 7 3 3 0 0 5 3 10 6 0 0 0 18 0 0 9 3 2 
6 24 2 2 1 0 10 3 311 0 1 0 0 3 2 1 3 19 2 0 6 2 1 0 1 0 5 2 8 1 0 2 75 2 0 17 32 4 2 10 2 0 0 0 0 19 6 1 1 3 50 29 6 13 14 3 13 6 0 6 3 0 0 6 
4 6 1 20 0 0 8 2 1 15 14 2 3 15 1 0 15 8 1 7 24 0 2 1 3 0 12 1 5 1 0 3 0 0 5 1 6 0 2 2 13 1 86 13 4 3 1 1 1 0 1 25 1 1 10 23 3 0 0 0 14 6 27 28 
92 14 1 26 2 31 6 0 5 1 2 0 0 47 0 0 0 1 3 0 0 0 2 7 1 21 5 0 2 0 6 3 0 5 6 3 0 2 1 0 18 0 3 9 5 14 2 2 14 1 0 6 0 60 3 0 3 2 0 18 4 416 11 1 
2 0 0 2 0 7 0 6 45 2 3 18 6 1 9 0 5 145 3 0 5 1 39 35 12 5 0 0 1 9 3 0 15 0 4 8 28 366 0 5 0 0 0 1 0 6 0 1 5 0 30 11 2 1 27 8 2 2 1 0 0 3 0 6 
24 0 3 0 4 4 30 6 0 3 0 1 1 0 0 7 1 39 3 0 1 7 5 0 5 1 1 0 14 140 1 1 4 0 0 0 1 0 4 1 46 0 7 0 2 1 4 1 5 1 2 0 8 1 4 1 3 0 4 2 1 0 3 1 
0 6 1 0 0 2 0 5 1 0 28 1 0 7 9 0 2 1 29 0 17 0 4 52 2 3 1 19 1 13 0 0 13 2 0 9 3 1 0 0 1 0 18 0 10 1 0 1 1 3 10 3 3 122 0 0 1 0 0 1 51 36 3 3 
9 0 0 193 1 0 4 5 2 9 7 16 8 4 2 0 8 0 1 0 2 40 0 2 23 15 1 0 2 11 7 0 0 11 5 1 1 3 0 0 1 2 0 1 1 1 0 0 0 1 2 2 4 0 0 248 15 0 37 0 8 59 0 0 
7 4 1 12 0 0 0 0 377 9 1 2 1 3 1 0 12 1 2 0 0 0 14 81 0 4 6 42 1 1 7 2 9 1 0 0 2 0 2 77 0 4 1 2 4 2 0 16 1 0 0 27 4 32 4 1 0 0 0 48 0 13 67 4 
61 9 0 1 2 0 9 4 0 0 1 19 1 6 0 0 1 28 8 7 16 2 1 17 1 5 0 6 0 6 0 2 0 6 2 1 8 1 48 4 4 3 7 0 0 0 0 0 1 2 12 10 85 20 12 11 6 16 42 3 0 1 4 0 
0 3 0 2 191 2 36 0 2 0 1 5 0 1 7 0 15 1 1 13 7 0 4 5 5 0 28 5 4 4 1 1 1 1 3 11 2 2 6 0 1 1 0 3 0 19 0 0 7 18 0 5 9 8 2 4 0 1 0 0 0 1 9 0 
1 0 37 4 0 2 1 3 7 4 0 2 6 7 25 0 6 0 1 1 0 1 0 1 24 0 2 1 2 42 2 1 3 0 6 1 14 7 1 1 98 1 1 0 1 4 2 11 1 3 1 0 2 7 14 1 7 6 0 0 0 0 11 34 
0 8 2 1 1 19 2 2 2 0 0 4 3 0 1 6 38 1 0 16 3 1 0 4 2 0 0 0 2 1 2 9 8 0 0 7 6 9 0 2 1 1 0 66 3 9 1 1 2 3 6 162 4 2 13 35 3 0 0 0 0 14 6 1 
0 0 1 1 11 9 0 11 0 32 23 5 0 21 5 140 3 2 0 1 0 0 2 15 4 0 1 1 1 2 0 3 0 1 129 105 2 14 643 3 8 2 13 3 1 8 5271 25 8 1 0 0 0 0 6 0 6 1 0 0 48 1 1 0 
2 100 0 0 29 2 1 4 1 3 0 5 43 10 2 0 1 0 8 6 3 1 1 4 2 0 2 1 0 1 1 1 2 7 3 5 6 55 1 3 4 2 0 4 0 3 1 3 9 1 0 0 1 1 2 32 123 6 1 9 1 2 2 64 
7 0 4 0 0 0 0 0 0 7 19 0 3 0 0 2 1 0 12 4 0 0 3 0 0 22 0 12 3 4 0 1 20 0 2 1 1 3 1 0 0 0 5 0 0 6 1 8 6 14 1 5 1 6 24 0 0 0 24 0 11 0 13 0 
1 1 25 14 1 2 19 2 12 2 0 3 0 0 2 1 9 2 14 0 1 19 17 1 1 0 0 2 46 12 18 9 0 8 4 13 7 0 2 2 1 20 0 50 0 3 8 0 0 3 1 1 3 8 0 1 5 0 1 0 2 0 0 0 
13 101 289 1 8 4 2 11 1 0 0 52 3 7 1 44 1 11 2 5 2 26 0 4 5 3 32 1 3 7 158 0 2 0 7 0 3 0 0 9 0 4 2 0 1 2 3 4 4 1 14 0 1 0 5 13 0 24 2 0 40 6 3 168 
1 3 1 0 1 2 2 12 280 0 32 1 30 2 0 9 2 0 0 0 1 24 0 1 1 3 1 1 2 4 1 2 6 3 2 1 4 0 5 0 4 2 1 1 1 0 1 0 12 1 111 6 1 8 10 3 108 11 95 0 0 1 0 5 
3 1 3 2 1 1 2 26 4 0 9 2 1 0 1 1 32 1 4 3 7 5 67 2 1 1 18 2 0 4 1 1 4 0 1 2 0 10 4 5 0 3 1 4 4 8 0 0 3 2 0 1 21 1 15 3 0 0 2 21 0 0 7 0 
0 6 1 1 3 1 7 0 12 16 1 2 1 0 1 3 0 37 1 1 3 1 12 69 0 5 0 1 3 9 0 6 4 8 2 1 247 98 0 4 3 13 0 23 0 6 10 2 15 1 1 1 0 13 3 3 2 0 2 0 1 7 1 0 
5 30 2 15 6 6 9 2 0 0 1 15 2 4 19 48 1 6 19 1 55 56 0 2 1 0 0 9 6 0 1 1 5 8 16 3 0 22 8 1 24 1 0 0 0 1 3 0 1 4 13 3 23 18 0 0 0 0 0 0 0 1 3 1 
5 0 3 8 11 5 0 2 1 1 0 3 0 3 1 0 2 70 8 4 1 1 11 3 1 4 8 0 0 13 3 0 35 9 1 3 24 0 7 41 0 14 2 3 0 1 150 5 0 4 0 49 7 6 4 2 1 0 3 4 0 8 1 0 
0 1 2 0 6 4 0 1 6 6 0 0 3 3 0 40 0 149 0 12 2 0 3 3 992 0 2 1 0 0 2 1 0 2 1 0 6 2 13 0 0 0 0 2 0 6 3 2 0 0 5 15 3 0 2 1 1 21 0 1 1 0 0 10 
1 0 201 0 1 0 6 21 9 3 1 9 1 3 3 3 23 0 9 11 0 1 1 1 45 14 4 8 0 1 0 3 2 6 27 0 22 1 20 1 11 1 0 12 0 8 0 3 3 1 0 0 0 14 42 1 11 11 0 1 3 0 14 13 
2 2 21 10 24 9 0 7 1 9 8 1 1 0 0 4 1 8 0 0 4 2 317 0 0 3 1 14 9 2 1 3 13 0 8 13 4 0 2 0 6 1 0 0 0 0 0 2 1 0 2 0 8 1 2 7 21 1 28 27 0 1 1 97 
0 1 5 157 6 1 0 18 2 2 7 10 0 1 2 11 12 5 1 1 7 6 1 1 6 6 4 0 1 2 8 0 0 2667 1 0 2 0 3 19 0 2 0 0 0 0 1 0 14 0 2 0 2 0 13 1 1 0 7 6 3 2 0 1 
14 9 1 2 66 1 1 28 1 9 11 15 2 9 0 1 1 2 0 0 0 0 161 1 1 2 1 0 2 5 1 1 0 1 1 1 38 1 3 3 0 0 572 0 2 2 1 0 31 185 0 7 3 0 2 1 4 0 0 0 0 0 0 9 
0 1 0 13 137 1 0 0 2 367 0 6 0 0 0 1 4 8 5 5 1 2 8 0 11 0 9 0 0 1 6 27 1 0 3 1 0 28 3 0 1 14 0 0 5 1 3 5 1 28 2 4 0 0 2 0 5 60 3 5 0 10 0 263 
1 0 1 4 7 38 5 15 1 0 0 0 1 141 0 1 3 12 6 87 7 1 12 10 1 0 1 2 6 0 7 2 0 6 0 0 0 2 5 6 2 0 7 5 1 1 0 3 0 0 1 1 58 0 98 229 1 1 0 0 0 3 0 3 
0 25 1 3 0 7 5 0 5 0 10 1 2 39 4 0 7 3 2 9 4 1 0 2 11 55 21 1 12 0 0 7 1 0 1 8 16 0 17 55 0 0 9 10 0 1 0 52 13 4 44 12 2 1 31 20 2 8 5 2 0 3 1 0 
4 0 9 1 0 11 0 0 1 0 11 0 0 0 45 0 5 1 1 1 25 2 8 5 14 5 1 0 0 0 11 29 0 0 0 6 2 0 10 24 12 1 0 1 6 1 0 4 2 4 8 11 0 6 0 0 13 0 3 237 0 0 26 0 
0 6 1 1 10 11 1 6 3 1 1 11 2 1 0 0 1 0 8 4 9 4 13 1 24 0 1 9 0 2 0 0 21 0 1 4 17 7 0 1 10 0 0 4 1 0 1 0 1 1 3 0 0 165 3 13 10 4 2 0 2 1 3 2 
2 0 2 0 1 0 0 13 0 2 21 7 0 202 6 10 0 7 7 3 5 4 3 1 1 1 9 20 120 2 5 0 3 0 5 2 28 0 0 0 4 0 31 1 6 0 2 0 0 0 3 9 20 0 0 0 2 1 11 3 7 0 0 5 
2 5 1 14 2 7 3 1 7 1 0 3 1 10 29 0 168 24 1 10 75 7 0 8 2 70 7 2 1 0 0 2 2 0 2 32 9 1 4 3 0 1 0 3 2 0 4 0 1 4 12 3 0 3 0 0 0 2 15 20 2 13 8 0 
0 35 0 7 9 3 5 39 6 1 0 1 10 36 2 2 0 0 2 1 0 1 0 0 0 4 3 0 37 83 0 7 18 0 1 0 250 4 1 10 7 0 1 14 47 5 0 0 16 25 2 1 28 0 3 1 132 6 0 0 14 0 1 0 
0 2 40 16 2 1 9 2 2 1 177 1 7 0 1 3 0 2 0 2 0 12 7 2 38 3 0 0 25 7 29 1 2 17 0 5 6 4 2 0 0 0 7 68 6 25 1 0 5 1 3 0 0 1 0 0 0 2 6 4 15 0 5 0 
29 0 0 5 3 3 1 1 0 3 1 2 1 23 6 1 1 1 18 0 1 1 5 4 1 1 6 1 0 0 13 0 5 1 4 35 0 226 0 0 12 18 2 4 5 2 23 0 10 2 0 0 0 0 1 1 1 3 0 25 26 6 1 2 
0 1 0 2 5 24 0 1 0 0 10 1 0 1 11 1 12 6 4 9 1 1 0 1 1 2 0 0 8 3 53 0 1 1 0 0 16 0 2 7 61 16 0 0 2 1 52 9 3 5 1 6 3 0 6 54 2 8 4 0 2 0 1 0 
12 1 1 3 0 1 0 4 2 0 0 0 38 5 1 0 0 4 2 3 0 0 36 3 1 2 3 2 0 0 18 6 2 6 61 20 0 1 8 3 3 2 0 1 0 3 502 0 7 0 2 0 6 1085 0 0 5 0 0 3 0 20 4 6 
1 69 5 0 2 0 5 0 1 1 4 4 9 13 2 1 4 1 3 9 0 0 69 5 7 3 8 2 60 11 4 5 5 14 0 7 2 2 0 9 0 0 32 9 1 0 1 0 8 1 7 12 1 23 4 0 1 0 12 11 0 2 2 3 
3 9 0 5 0 0 0 1 3 0 4 0 1 6 1 1 1 9 6 1 28 6 21 4 1 16 20 4 22 3 2 1 2 5 10 8 1 2 3 8 11 2 1 21 8 0 0 1 2 0 0 1 0 16 55 8 2 23 2 1 2 2 2 54 
1 5 1 0 3 0 16 1 6 1 3 1 17 9 2 116 6 1 86 2 1 4 12 1 8 65 1 0 39 0 0 0 31 1 4 6 3 8 16 21 2 0 0 0 5 2 1 10 6 1 0 0 1 3 17 12 1 3 0 1 1 0 0 1 
2 0 0 5 8 1 4 1 1 2 0 29 11 0 1 5 3 9 28 29 2 3 22 62 1 7 10 1 0 34 9 17 0 0 11 3 0 0 6 0 1 0 0 7 3 3 3 0 0 0 0 1 7 0 0 19 0 0 5 0 6 5 11 0 
2 2 1 24 14 9 1 0 0 0 1162 11 0 1 16 9 0 7 1 3 0 2 0 34 0 3 5 0 0 5 3 2 3 4 0 6 0 0 28 0 1 1 1 1 2 0 0 9 1 6 5 56 0 1 2 1 0 0 1 5 1 2 12 2 
1 1 59 0 2 0 0 0 0 0 1 2 0 52 3 1 1 0 3 34 10 1 11 1 1 67 0 1 0 0 1 6 7 0 12 6 12 95 2 25 2 0 0 0 0 1 11 0 29 10 1 0 0 0 1 3 0 14 1 4 0 33 8 1 
10 5 2 0 8 4 1 1 44 1 1 1 5 10 4 2 1 0 1 7 69 0 81 5 0 2 0 0 1 5 12 21 2 29 0 0 1 3 17 1 0 3 29 4 2 1 37 26 2 0 5 2 0 8 2 93 5 7 1 12 4 0 1 0 
0 7 1 122 1 1 0 1 1 1 9 1 18 4 6 1 1 1 3 1 0 8 14 0 0 2 27 0 1 2 6 8 6 0 3 49 0 1 0 21 1 6 1 1 0 0 3 2 0 2 0 0 1 0 4 0 10 1 2 2 0 5 1 10 
32 14 0 4 27 0 1 8 3 1 1 0 68 0 0 30 17 0 25 2 2 31 4 0 0 15 4 149 1 1 0 3 0 0 197 2 1 2 4 1 17 3 1 0 6 1 0 0 0 5 0 1 8 5 42 8 2 10 1 14 12 0 0 1 
33 1 1 3 95 0 2 1 1 0 0 12 1 2 1 220 0 3 0 2 3 22 1 2 3 19 2 9 4 0 27 0 2 1 83 4 1 4 1 2 4 3 0 1 36 9 1 60 3 0 3 8 0 0 1 31 0 0 1 0 24 3 20 35 
0 21 7 0 0 5 5 22 2 6 8 3 0 9 1 1 0 4 19 3 1 1 2 1 5 10 0 1 1 1 4 0 2 1 1 7 9 1 15 1 1 3 0 2 31 41 0 1 0 3 7 1 0 12 1 0 1 13 6 8 9 3 1 5 
1 0 4 0 285 0 32 1 6 0 14 8 1 3 1 3 0 0 3 9 0 4 0 2 0 0 1 3 0 0 1 1 3 0 0 0 0 9 5 35 5 16 5 1 3 80 23 1 22 2 0 1 7 218 0 1 1452 14 2 3 5 1 1 0 
1 3 0 1 3 22 0 3 1 3 9 1 0 0 3 0 1 1 0 1 1 34 5 3 10 0 5 0 0 2 0 0 0 1 3 2 0 0 1 1 28 0 53 34 1 2 178 27 1 2 0 15 4 2367 8 0 1 4 0 0 0 0 8 3 
7 0 1 6 7 1 0 11 0 1 0 0 11 0 0 21 0 12 0 4 0 0 0 5 56 2 2 0 2 45 15 0 107 2 14 0 0 2 12 1 0 1 3 0 0 2 0 3 1 0 1 8 19 2 3 7 1 0 8 2 0 0 0 0 
0 1 1 2 0 2 0 4 0 0 2 21 20 3 0 2 7 13 10 0 112 9 6 2 0 0 0 0 0 0 2 2 3 2 0 0 25 1 3 4 28 5 0 0 42 0 49 1 12 1 1 4 211 14 2 2 0 13 0 1 1 3 0 0 
51 1 18 1 50 2 4 1 0 2 1 23 14 3 0 9 1 21 0 4 1 0 2 47 27 0 2 3 4 0 3 3 1 166 5 7 16 0 0 1 1 4 3 1 32 0 2 5 0 1 1 2 15 1 1 0 0 6 10 9 72 2 33 0 
2 3 1 0 7 0 6 0 1 15 11 1 9 27 1 7 2 12 0 1 3 2 4 2 0 1 14 3 1 0 1 6 0 1 0 3 0 1 12 0 9 11 2 106 7 6 0 1 5 0 9 8 1 1 0 1 2 0 0 106 1 3 0 6 
7 4 3 1 2 51 3 6 1 7 0 1 1 1 3 0 2 16 0 2 5 0 0 1 2 36 0 32 3 0 1 3 5 20 0 0 5 0 0 1 274 0 0 12 14 4 1 2 31 0 0 0 52 15 3 0 1 1 0 4 0 59 9 3 
9 1 0 0 0 0 2 18 0 3 0 16 1 1 2 10 1 2 1 8 4 0 1 44 0 0 0 13 2 0 3 1 2 2 0 0 0 0 0 0 4 3 71 0 2 7 15 70 1 4 27 1 0 1 0 2 0 15 22 0 1 1 2 0 
0 3 0 2 4 0 23 0 0 2 0 2 1 2 0 0 2 12 0 0 2 13 0 271 2 0 16 8 1 1 7 0 1 544 0 2 4 1 42 38 1 1 0 2 6 0 1 37 1 0 6 6 0 0 1 1 79 3 15 1 1 3 0 24 
1 2 0 15 0 0 0 28 1 7 0 0 22 4 0 3 4 5 9 2 1 5 12 1 2 7 11 0 1 1 3 1 0 0 14 14 9 0 2 12 0 0 2 0 2 10 0 0 0 3 4 3 2 14 3 36 1 0 0 3 34 0 2 1 
2 13 4 0 0 0 0 2 1 0 9 0 6 5 3 16 6 5 3 2 0 0 16 72 9 0 5 78 0 1 1 10 2 1 31 0 0 2 0 3 0 0 1 10 1 29 0 0 8 1 3 16 0 4 0 102 50 0 1 13 6 0 1 0 
5 0 5 13 6 2 0 15 11 0 5 0 0 0 5 2 5 1 4 19 5 8 0 1 3 30 30 3 1 1 0 1 0 4 27 1 1 2 0 0 4 0 3 0 14 6 19 1 6 2 22 5 45 0 0 5 0 1 0 0 0 3 1 1 
0 1 1 0 35 0 3 8 4 2 4 1 2 2 0 3 1 5 6 45 1 0 0 0 0 1 2 1 0 0 0 434 2 0 0 1 23 10 4 1 4 1 1 6 1 76 0 1 8 123 54 0 0 1 1 0 7 9 64 10 3 15 1 0 
23 2 1 3 0 4 1 7 7 6 4 2 1 0 119 1 19 9 1 6 1 0 6 7 1 3 11 1 0 0 296 0 0 19 282 114 7 0 2 0 1 1 117 2 1 6 0 1 0 1 30 1 0 0 1 0 4 0 1 6 0 0 0 1 
1 12 1 3 2 1 0 1 0 19 1 1 0 0 0 0 7 1 10 2 1 3 1 0 8 2 0 10 33 2 1 10 4 6 2 0 13 22 0 1 1 2 2 307 0 1 10 8 4 9 1 1 266 3 1 0 4 0 8 1 40 4 0 12 
8 1 0 160 0 0 1 7 3 6 5 0 3 8 4 23 2 1 0 0 7 2 0 2 0 7 1 3 1 1 0 2 12 7 67 54 8 21 8 5 0 0 0 3 0 11 5 2 0 11 1 0 2 0 0 3 1 6 1 8 23 2 1 3 
1 0 0 4 1 5 2 0 6 1 0 1 4 6 5 0 12 0 6 2 1 4 21 1 0 5 1 2 26 5 1 0 0 1 9 171 5 4 1 1 6 112 11 2 20 45 0 0 1 2 5 1 2 0 18 0 0 6 1 0 4 3 0 0 
5 3 12 0 4 1 63 10 12 1 4 5 0 0 2 2 3 153 9 4 6 0 0 0 0 6 1 0 0 13 0 0 0 3 1 2 0 3 23 5 0 9 0 0 2 4 1 5 1 0 0 0 0 2 1 1 0 19 0 0 0 3 0 6 
1 23 2 0 3 9 4 1 0 0 5 1 1 11 1 8 0 1 11 0 1 8 0 1 1 13 4 1 0 1638 1 0 2 4 1 6 11 0 0 1 124 15 2 48 0 294 10 0 0 1 2 10 1 0 5 161 0 0 2 3 12 13 0 3 
3 11 0 1 0 3 1 0 5 1 4 1 0 1 12 5 2 4 0 4 1 0 2 2 0 0 0 2 491 12 0 29 4 2 1 7 0 5 5 1 0 0 1 17 0 28 1 0 4 4 15 4 0 27 28 1 1 0 2 0 11 11 0 253 
3 0 3 36 1 1 1 23 0 0 3 4 2 0 0 328 2 1 33 9 2 10 41 3 0 3 10 4 2 1 8 6 5 15 97 8 0 1 4 0 0 0 0 0 1 1 0 4 8 4 9 1 0 5 1 5 12 17 8 0 0 25 3 0 
1 1 0 1 5 0 13 0 0 0 1 11 0 0 1 4 0 17 15 13 19 4 1 6 3 0 1 0 0 1 0 3 1 1 10 5 0 6 0 7 1 11 0 0 31 2 0 1 0 6 0 2 0 0 1 3 7 9 1 1 9 1 73 27 
1 7 1 0 0 4 1 47 2 0 3 1 0 0 0 11 16 7 0 1 10 11 1 2 1 12 1 0 0 0 79 8 1 1 3 0 8 4 1 0 1 6 1 5 5 2 11 8 0 0 25 0 9 41 1 0 177 0 1 2 0 5 0 8 
4 7 1 35 90 0 6 19 7 2 3 1 0 0 0 17 0 1 1 2 51 0 0 4 1 4 0 32 190 2 0 11 0 108 4 0 0 0 0 6 23 1 2 8 1 1 1 0 0 0 28 0 0 0 3 4 1 1 21 4 2 0 0 1 
1 2 6 13 3 6 0 47 4 8 0 28 2 0 0 0 1 1 4 1 1 1 0 2 1 0 3 147 1 3 213 2 42 9 0 11 3 172 0 0 1 1 13 0 1 6 0 2 0 1 0 49 5 3 2 8 0 5 0 2 10 0 0 0 
7 4 2 14 1 3 0 8 5 6 6 2 3 3 7 4 3 19 7 3 0 0 1 5 7 0 0 0 9 0 7 0 1 0 21 5 0 1 0 2 2 2 9 15 6 2 7 3 0 1 4 92 8 2 0 32 20 0 2 27 0 0 0 0 
1 0 8 0 1 0 99 1 0 2 5 31 2 0 14 2 0 0 5 0 0 8 0 88 6 0 10 4 0 0 0 0 0 1 26 5 0 5 0 0 0 1 0 7 0 0 2 2 35 5 7 0 1 0 33 2 0 0 0 6 5 2 6 1 
0 0 1 1 1 0 6 0 0 4 0 89 7 2 0 19 1 7 4 4 5 3 0 3 2 20 0 2 2 48 0 496 0 0 136 1 0 0 0 33 5 410 7 0 0 1 0 0 2 1 0 10 10 2 3 1 5 0 6 1 1 1 0 1 
3 0 2 0 9 2 0 1 0 3 2 5 0 0 0 19 6 4 1 0 9 5 4 0 0 7 1 1 1 0 0 0 3 1 18 17 1 5 1 18 1 0 12 0 3 42 47 1 11 0 3 13 0 0 1 0 0 3 3 0 1 16 2 2 
0 0 6 3 33 2 1 6 0 0 1 13 7 1 7 0 0 0 0 1 0 0 2 8 2 1 2 0 0 1 4 1 2 4 2 11 15 7 1 4 0 15 8 10 21 32 0 0 3 0 53 1 1 0 17 5 0 2 5 1 0 13 2 1 
1 1 10 0 11 0 0 2 125 1 0 0 5 1 0 5 15 39 131 2 1 1 2 0 1 12 23 16 0 0 0 37 7 2 1 0 1 1 1 0 2 0 0 5 0 0 3 8 0 6 1 0 2 19 4 11 4 0 1 2 28 10 39 2 
5 35 5 0 1 10 3 0 5 0 0 1 0 1 1 9 0 5 46 7 69 1 24 15 0 0 40 2 1 0 1 6 7 2 0 0 3 1 3 47 5 2 0 1 3 421 0 2 1 1 2 1 42 0 14 0 0 38 7 2 13 10 0 2 
1 3 2 0 5 0 4 8 0 3 0 1 1 5 21 1 1 1 4 0 0 0 30 1 4 1 0 7 0 6 0 2 0 3 29 8 4 0 2 0 24 1 6 8 9 2 13 5 0 1 12 1 1 0 32 1 4 5 2 0 1 0 2 0 
0 301 1 3 0 6 4 5 0 6 4 0 11 1 0 2 0 5 5 9 1 1 4 12 1 0 8 2 1 0 3 0 22 0 0 2 0 0 3 2 7 0 1 10 0 8 6 1 0 10 3 2 1 6 3 28 3 10 8 1 27 0 291 7 
20 1 2 5 0 5 2 10 7 1 8 1 0 9 3 4 6 1 5 2 330 11 1 0 0 0 0 0 2 1 1 0 0 7 2 0 2 4 2 3 2 0 1 0 4 0 6 11 7 10 0 1 6 1 0 27 1 7 4 4 2 4 0 349 
0 7 0 4 15 2 8 15 1 0 1 61 5 12 15 0 4 4 6 3 2 12 7 1 0 2 1 1 0 2 0 5 0 4 2 4 0 37 0 1 5 0 1 20 41 1 3 29 1 43 1 0 2 9 22 2 1 0 92 20 3 0 6 2 
0 2 5 6 0 2 6 0 0 37 1 0 0 1 0 1 1 0 2 0 0 4 13 0 30 0 0 4 16 1 18 0 0 8 46 5 2 2 2 0 1 2 5 0 17 0 0 171 0 0 0 1 1 0 0 7 1 1 0 3 3 10 22 6 
6 0 10 6 5 1 2 0 6 1 423 1 0 4 1 0 8 1 11 2 0 20 11 23 2 0 2 0 7 9 0 7 4 2 9 2 1 0 2 10 7 72 145 0 3 0 0 11 40 30 1 6 5 2 0 8 35 0 0 4 2 0 1 0 
7 1 1 1 23 0 0 22 2 2 36 12 11 1 2 20 1 2 1 7 17 1 6 3 0 2 1 0 0 95 4 0 2 2 6 4 3 8 2 0 78 1 0 10 15 0 5 1 32 6 5 3 5 33 0 6 3 0 8 22 2 1 2 2 
0 0 5 3 1 17 5 0 0 0 0 6 0 0 0 0 17 2 36 1 0 0 5 1 3 14 1 0 0 1 1 7 0 1 3 6 18 0 0 1 0 5 0 5 1 12 7 5 1 0 0 1 4 36 2 16 3 1 6 3 1 1 1 1 
0 11 23 2 0 10 2 4 0 1 0 1 1 3 29 0 178 46 0 114 19 2 124 1 2 2 33 25 1 0 3 3 20 6 56 43 6 76 23 1 2 1 0 4 0 0 0 10 0 12 1 0 11 2 5 1 6 2 3 8 3 0 25 1 
26 73 3 5 8 0 2 0 8 0 1 8 7 1 6 9 9 1 2 7 849 27 131 0 2 19 6 24 0 37 1 1 16 5 9 0 1 0 19 0 3 3 8 5 6 5 7 3 1 3 13 0 4 2 0 2 0 3 1 3 0 29 0 0 
1 1 0 13 8 0 2 28 2 0 0 4 6 2 1 6 3 0 35 0 5 3 14 2 1 3 1 0 0 0 53 5 14 10 1 21 0 0 1 22 21 0 0 11 24 37 1 0 10 0 3 2 5 205 0 5 0 10 25 7 8 8 39 1 
17 2 8 27 1 12 1 15 26 10 1 17 1 1 1 0 6 6 9 1 0 0 2 1 19 2 37 5 21 2 0 1 0 26 0 0 1 0 1 6 42 4 54 2 0 1 11 0 4 3 1 4 128 0 0 6 2 2 96 0 1 0 0 3 
0 37 1 3 0 1 5 0 6 11 19 37 68 16 58 6 0 29 1 18 0 2 4 4 0 0 2 0 2 0 5 0 2 5 0 5 1 26 8 1 3 9 0 5 0 3 0 17 36 2 4 1 5 7 24 0 0 1 2 5 24 2 7 2 
0 15 0 2 0 0 13 1 5 7 0 0 52 1 1 1 5 5 15 16 7 22 1 0 2 4 1 0 4 0 3 1 1 135 1 0 3 2 3 3 1 2 29 69 0 63 111 1 0 7 0 1 1 547 1 1 472 0 4 0 0 3 0 90 
1 12 1 5 24 0 0 0 0 0 4 24 5 1 264 0 11 0 0 5 12 1 10 1 26 0 1 2 2 0 3 10 0 0 1 1 4 9 7 1 25 0 2 7 3 5 1 352 1 9 9 2 0 16 1 7 7 2 1 13 2 1 5 0 
0 2 0 2 19 1 10 0 1 1 3 4 0 2 4 1 1 0 1 5 30 0 0 1 6 2 1 37 0 1 1 0 2 7 2 0 1 2 0 22 28 8 1 1 10 0 2 0 5 12 2 9 1 1 5 5 3 0 8 1 1 20 1 17 
1 0 2 9 1 7 2 1 9 1 1 0 25 1 11 4 0 0 0 0 4 21 4 0 3 3 0 11 0 4 2 0 0 24 0 13 3 0 4 3 22 0 1 12 5 0 1 2 1 1 16 3 23 4 6 11 2 0 0 0 0 1 8 0 
0 2 64 0 0 8 1 1 4 0 0 0 6 1 0 0 0 0 1 3 15 3 9 0 0 3 5 3 1 0 6 0 0 6 3 0 5 0 1 0 0 3 0 0 2 14 0 1 0 0 0 22 2 4 0 22 11 1 1 16 0 2 0 8 
1 0 1 10 0 3 2 1 38 3 2 9 479 28 17 26 2 0 0 1 0 4 0 1 3 22 2 1 1 3 2 0 49 0 4 10 1 32 4 10 1 3 16 0 27 4 11 1 1 28 5 6 22 2 0 4 3 1 28 4 32 8 18 8 
0 22 1 0 67 4 5 3 6 0 26 4 4 5 47 3 7 2 20 1 0 10 6 16 8 3 3 3 31 0 0 4 1 10 5 7 4 0 0 1 20 10 1 13 10 0 0 113 1 0 65 9 5 10 18 10 7 0 2 0 27 7 0 0 
0 48 5 20 3 1 2 1 2 3 1 7 9 1 0 0 1 0 3 2 0 2 23 0 1 0 615 23 8 0 85 0 1 40 2 3 0 0 2 0 0 9 1 2 1 0 2 0 4 2 14 1 2 0 0 1 30 0 15 20 1 6 0 1 
18 14 1 0 12 0 57 6 2 1 3 4 1 2 4 3 0 0 10 89 0 6 4 1 2 2 1 3 3 0 7 118 1 12 172 0 2 0 7 2 1 0 1 2 7 0 1 4 3 1 1 1 3 0 0 1 1 15 12 0 4 4 0 0 
1 13 2 1 0 2 9 6 4 1 0 2 0 1 2 0 11 38 30 43 0 0 138 0 0 0 2 3 0 30 0 5 0 0 1 6 1 8 3 122 5 2 1 4 1 9 1 18 0 815 5 0 4 0 0 7 3 9 0 7 0 60 0 1 
1 0 1 6 3 2 9 0 1 3 0 0 9 5 0 0 618 0 5 0 0 0 0 2 25 8 0 18 0 0 0 0 2 7 0 1 6 40 11 0 4 3 1 0 4 3 1 1 2 1 5 7 34 1 0 19 2 3 14 0 0 6 0 136 
0 0 5 0 2 6 0 1 0 0 6 0 0 0 0 0 0 1 3 4 29 71 3 0 0 0 0 9 9 13 8 0 8 1 4 0 307 2 3 0 0 1 1 0 6 11 1 730 1 7 0 3 0 13 3 37 0 3 1 2 4 13 23 10 
0 8 4 2 0 2 8 1 0 0 2 1 2 0 0 0 7 1 0 0 20 11 2 8 1 17 11 2 0 0 16 28 10 0 9 1 1 2 0 0 2 0 8 9 12 0 62 13 59 0 3 2 14 1 2 0 2 1 4 0 373 0 5 1 
6 7 1 0 0 55 0 0 0 1 0 1459 0 1 0 8 1 0 26 2 3 1 1 16 0 0 0 1 1 0 5 12 1 0 7 0 60 14 0 0 4 0 1 9 116 1 1 0 0 2 2 1 0 0 0 0 4 706 2 33 9 0 0 2 
5 4 6 3 8 5 16 4 0 18 3 4 4 29 0 2 2 0 1 5 4 1 1 8 1 0 5 14 2 1 6 8 1 2 10 0 9 18 0 4 7 8 1 2 0 2 4 16 1 3 2 1 1 0 1 27 0 43 2 0 8 4 1 20 
3 2 20 3 1 0 1 2 0 33 7 1 18 0 0 8 6 2 2 0 4 9 6 0 0 0 2 5 6 1 3 1 1 0 4 16 5 9 0 10 3 0 0 0 0 0 6 3 0 101 12 3 21 1 1 1 0 0 0 4 6 0 0 4 
1 36 2 0 11 0 1 1 1 24 0 4 43 1 26 1 1 15 1 0 7 6 0 30 1461 5 6 2 0 1 8 1 12 10 2 2 0 4 0 1 0 0 0 14 17 0 2 0 0 1 0 2 4 1 2 6 18 0 3 0 1 1 0 1 
4 9 7 3 0 2 10 9 0 1 2 0 3 0 1 0 0 4 6 0 5 0 0 2 1 0 5 6 0 3 9 0 8 0 4 1 1 28 6 0 1 2 6 0 73 6 2 0 0 8 0 2 0 1 4 1 0 1 3 0 14 0 1 1 
1 0 0 9 0 2 3 2 0 6 6 2 0 1 0 1 0 3 3 3 7 4 14 4 0 7 5 2 1 6 5 1 2 6 0 0 11 3 40 2 0 0 7 15 1 0 2 1 1 1 1 0 0 0 4 1 44 7 2 9 5 77 4 0 
14 0 0 6 6 9 0 6 0 35 1 0 1 7 3 60 9 0 4 27 10 2 0 2 18 0 4 2 1 6 0 3 2 3 8 1 3 9 8 42 3 0 21 0 509 1 0 50 2 0 0 4 2 207 1 0 51 3 13 1 0 0 0 24 
2 2 13 1 2 36 5 0 1 3 7 0 0 0 13 1 4 2 9 25 3 57 2 0 0 1 0 11 1 0 1 0 1 20 0 0 9 25 3 34 3 1 11 9 0 1 1 2 1 0 40 0 2 1 0 1 19 22 1 11 7 1 2 85 
5 0 1 0 3 4 2 3 0 17 4 72 7 3 0 8 6 1 0 31 1 81 0 1 0 1 0 1 1 1 0 2 10 27 16 0 6 1 0 1 0 1 5 0 7 0 2 0 3 14 7 2 1 0 5 0 3 11 15 1 3 10 0 3 
1 0 19 6 9 1 0 117 5 3 1 4 2 4 1 47 6 0 8 0 1 0 0 2 0 0 0 0 2 1 6 3 4 1 8 1 10 27 0 0 0 1 3 4 0 17 12 12 1 1 0 1 0 4 4 6 0 0 7 3 3 13 0 1 
0 2 0 4 0 0 1 27 0 2 38 0 2 0 0 2 0 0 9 1 1 7 0 1 9 1 2 5 0 7 3 1 3 8 2 9 2 1 37 0 1 0 0 3 0 4 2 0 1 16 8 0 5 1 2 1 0 1 312 9 56 2 1 11 
9 10 1 8 28 2 1 1 0 1 18 2 7 5 4 0 0 1 12 3 1 1 3 10 0 1 0 2 0 0 0 2 7 0 1 2 4 0 0 3 2 7 0 27 5 16 1 0 2 0 5 0 14 5 1 0 1 5 5 13 0 51 1 1 
21 6 13 0 0 4 1 0 1 9 1 2 0 9 2 1 1 15 12 2 4 3 0 5 7 9 0 1 1 21 6 1 2 7 1 0 10 23 2 0 0 3 0 1 0 2 6 0 4 15 1 0 0 6 0 0 23 10 1 2 0 7 2 1 
0 3 10 0 0 1 6 1 7 3 2 0 2 1 7 0 42 2 1 0 0 0 0 0 0 0 2 14 23 1 4 0 0 0 0 3 0 8 0 2 0 2 0 6 4 6 0 0 43 1 3 2 0 0 1 34 1 9 0 1 0 13 1 2 
11 0 1 40 1 3 19 28 3 9 10 0 9 3 0 0 5 0 1 0 1 11 2 0 10 0 0 1 5 5 181 5 7 20 1 3 7 9 0 0 8 1 6 1 0 6 0 1 0 11 3 7 0 0 1 0 7 2 0 1 8 0 0 1 
1 0 0 5 0 2 1 2 3 14 0 1 1 2 6 0 0 0 1 1 10 0 7 0 0 9 8 0 160 13 0 1 0 0 2 7 1 1 1 1 0 25 2 0 0 2 0 0 2 4 0 1 1 1 0 0 0 0 0 1 1 4 30 17 
1 0 2 1 9 0 0 2 2 3 0 5 1 1 0 6 11 0 0 53 1 0 2 23 0 0 3 8 3 0 14 6 0 14 1 0 1 0 1 0 0 8 2 0 8 16 1 0 0 2 118 7 1 0 3 0 3 0 1 2 324 1 1 0 
0 0 20 2 0 0 2 21 1 12 0 3 0 1 1 9 0 1 6 1 29 3 1 31 4 4 19 19 11 0 41 12 23 0 0 0 1 0 5 0 0 2 0 1 0 3 28 148 13 1 1 1 34 0 11 0 6 5 2 0 13 0 0 0 
0 18 17 4 23 0 12 0 59 2 1 0 1 1 21 20 2 1 9 2 6 0 26 4 1 0 5 1 207 3 43 86 0 5 1 0 1 0 3 3 0 26 7 9 0 11 6 72 5 6 2 11 0 9 1 1 12 0 19 0 1 0 1 0 
2 4 0 0 4 2 76 1 2 1 9 3 8 0 2 13 20 77 1 12 31 1 3 15 0 1 3 11 1 2 415 2 1 3 7 40 0 12 25 1 0 3 1 0 1 2 2 2 13 33 5 15 0 8 8 4 69 1 1 31 9 0 4 0 
0 2 16 4 5 1 11 14 21 0 1 4 1 7 60 3 2 4 5 2 3 1 3 2 1 3 73 11 0 0 1 5 4 7 4 6 11 0 43 3 6 3 0 20 1 44 4 0 0 2 6 2 0 2 61 10 23 0 6 2 0 0 2 0 
30 0 1 0 0 0 0 4 0 8 3 34 2 0 1 5 0 0 12 10 3 2 1 0 9 13 1 0 9 2 2 5 0 8 2 53 0 0 24 0 3 0 1 6 16 2 0 6 10 2 2 2 8 0 0 0 1 5 4 3 2 1 0 2 
7 1 0 1 2 12 1 1 0 0 0 15 2 5 4 4 2 123 1 2 33 2 1 3 3 9 0 1 8 4 0 0 1 4 3 280 1 0 4 0 0 15 0 2 0 1 1 1 154 3 4 4 0 0 11 17 3 0 1 2 14 1 3 1 
0 0 5 10 1 5 4 3 0 10 2 8 5 1 8 5 7 6 2 2 136 0 2 29 0 0 1 0 1 10 5 0 2 1 0 0 1 0 5 0 61 0 0 13 8 0 0 6 3 0 0 5 1 14 0 3 0 0 11 0 1 35 2 10 
1 14 0 10 62 0 0 0 0 10 4 17 0 0 4 170 10 0 4 0 10 1 0 2 9 5 55 195 2 38 2 0 0 7 0 0 1 9 2 7 1 0 0 5 0 0 6 0 1 0 2 0 0 1 457 1 2 45 15 15 27 3 2 5 
12 0 6 3 1 3 16 4 3 3 0 6 0 195 8 5 0 2 0 18 208 20 60 6 0 4 24 148 134 0 10 0 43 0 6 0 0 2 15 0 1 0 0 2 2 1 3 2 3 3 1 3 1 2 4 1 0 12 0 2 1 10 197 8 
6 2 11 0 1 1 2 2 18 0 17 1 1 2 5 0 1 3 65 3 9 15 16 7 0 0 9 20 2 2 0 0 4 0 6 59 0 50 0 0 1 1 0 0 1 0 6 3 3 12 21 10 1 8 0 1 91 10 4 1 5 10 5 5 
1 0 1 0 1 32 2 1 21 0 7 1 1 0 5 4 3 1 0 1 2 1 85 2 1 0 0 1 4 0 0 0 0 9 0 1 3 23 10 0 0 9 0 11 1 16 0 0 2 23 5 4 1 3 0 2 0 7 1 9 24 13 12 2 
1 0 1 453 5 2 0 1 4 1 1 5 1 8 3 1 7 1 0 2 2 1 0 0 1 0 41 2 1 216 3 0 227 1 1 2 0 5 9 8 2 795 0 4 3 25 0 0 18 1 0 5 0 1 2 0 44 0 4 19 86 3 2 2 
1 1 2 10 0 0 47 1 0 1 0 2 0 0 9 8 13 214 4 1 12 19 7 7 0 6 0 2 13 0 11 1 0 0 0 3 21 0 16 1 0 4 189 6 1 1 13 0 0 65 1 1 27 0 25 1 5 1 8 10 1 0 8 0 
0 1 5 0 33 0 1 2 0 24 699 3 29 3 0 0 6 7 6 0 1 1 1 0 88 14 4 32 1 2 0 5 0 3 5 0 5 0 0 0 0 21 0 7 56 5 13 8 2 13 28 11 0 0 7 3 1 15 3 10 0 4 4 0 
2 2 3 142 0 4 70 0 494 0 201 2 6 1 39 1 0 1 0 0 4 1 1 3 3 17 5 2 3 7 0 6 22 1 4 0 0 0 2 0 0 1 4 0 1 16 1 0 13 1 1 82 7 0 64 7 0 0 2 19 2 3 0 0 
0 2 3 2 0 2 1 2 2 1 26 3 6 1 1 0 4 4 0 16 9 9 7 4 5 2 10 1 1 217 3 1 7 0 0 8 0 25 9 8 0 0 1 1 2 0 10 3 0 47 0 1 1 1 0 1 16 2 0 0 35 2 16 10 
11 33 1 23 4 1 10 77 18 46 20 2 14 6 0 4 0 1 1 0 5 1 0 0 0 0 10 1 0 27 1 1 1 19 5 34 163 0 8 9 9 1 15 0 0 6 5 2 28 10 22 1 6 2 2 6 0 0 2 7 2 0 0 1 
10 0 3 0 0 7 0 0 1 340 0 0 7 3 32 6 0 9 3 0 15 1 38 1 1462 0 10 0 0 0 7 0 0 8 0 0 0 0 5 0 5 1 6 0 85 0 16 22 3 1 1 4 2 0 0 54 0 0 36 3 0 1 2 0 
1 1 1 0 3 4 0 0 0 0 6 1 3 6 25 1 1 1 2 4 4 0 1 0 115 14 0 55 29 0 0 0 9 12 0 2 1 0 0 12 2 4 89 1 0 1 0 0 32 59 1 0 0 0 2 4 1 2 31 0 0 8 1 12 
2 2 18 7 6 5 2 4 6 15 6 4 1 14 6 13 57 1 1 6 0 1 0 0 0 4 1 1 3 1 134 0 2 0 0 0 1 8 5 46 6 0 1 52 1 3 2 0 11 0 3 1 4 0 2 1 4 33 24 5 1 1 7 6 
4 0 1 48 27 0 0 101 0 0 18 18 17 1 0 0 5 11 36 0 0 28 2 22 38 4 1 1 7 16 19 2 3 0 0 1 1 5 4 0 0 2 0 17 3 0 32 4 0 6 6 1 32 0 1 9 5 11 0 535 2 20 2 19 
1 0 0 5 2 8 0 5 0 0 0 4 4 12 4 0 6 3 3 4 13 8 2 12 2 0 7 14 0 3 2 18 8 6 8 0 7 2 0 10 5 0 12 3 0 0 10 1 2 3 13 0 2 9 2 6 0 0 0 1 9 0 55 11 
9 1 3 0 0 0 2 1 6 4 40 5 20 3 1 0 0 1 0 2 1 8 2 4 0 9 0 0 0 5 0 0 7 0 2 6 3 1 2 0 9 0 0 2 0 0 0 3 32 2 253 19 5 2 0 0 1 0 12 0 0 0 0 1 
2 1 2 2 6 2 16 0 3 5 38 1 4 2 0 2 1 0 2 46 3 66 3 0 13 3 2 1 0 22 1 1 6 0 0 1 0 3 0 16 5 3 52 2 0 1 0 2 2 1 1 25 0 1 3 0 21 0 0 0 2 64 20 6 
1 2 1 3 0 2 0 3 0 7 0 0 16 0 3 1 5 0 1 85 0 0 0 7 0 4 1 8 1 1 968 2 0 3 6 0 0 7 2 0 1 0 0 21 20 0 15 6 15 0 0 9 0 1 1 2 9 0 2 0 1 0 7 2 
1 0 0 11 1 2 11 0 0 5 1 2 0 1 1 2 0 0 5 2 30 7 4 4 0 0 1 2 56 77 13 0 10 0 0 2 0 2 0 5 0 1 0 0 2 0 4 3 0 2 10 34 14 1 1 0 0 8 0 1 1 64 0 2 
0 0 3 10 0 0 1 4 1 34 257 41 1 4 9 7 4 5 5 22 3 0 0 1 1 9 1 0 152 7 246 0 3 1 0 0 2 1 0 0 7 9 4 1 10 0 6 1 1 0 2 0 2 2 18 1 2 0 1 0 1 0 1 19 
2 1 3 0 12 24 2 0 12 1 0 137 2 0 3 1 1 0 2 2 0 4 0 0 4 1 11 286 2 0 1 0 1 10 0 0 3 0 0 208 2 1 0 8 13 3 5 6 2 2 1 1 3 6 2 5 5 5 0 2 1 4 34 2 
2 31 8 1 0 0 2 0 0 0 0 2 0 0 0 1 3 1 0 0 35 37 400 0 31 3 19 0 1 0 1 1 0 2 0 0 1 0 0 2 3 6 0 0 1 0 109 30 0 4 0 5 4 5 2 0 1 0 12 5 1 3 3 0 
0 2 10 11 16 1 1 1 0 0 0 0 136 2 0 8 0 0 0 7 55 0 0 0 5 0 1 8 43 5 0 4 1 0 0 13 17 27 1 2 1 2 7 0 1 35 0 0 0 3 0 0 5 2 14 8 0 1 18 21 39 38 2 2 
0 79 9 13 0 0 0 19 1 30 0 4 4 0 5 29 45 2 6 105 3 0 5 3 26 2 4 0 8 2 1 5 0 0 2 2 1 142 0 1 1 0 1 3 1 73 0 4 1 1 4 9 2 22 0 1 0 0 1 0 1 0 0 0 
0 37 3 22 0 0 27 12 2 0 0 13 16 3 365 1 0 0 2 36 0 322 0 3 23 0 11 2 13 20 0 1 2 2 4 10 0 14 0 5 4 11 1 0 5 2567 10 0 0 0 0 8 2 40 27 1 0 6 43 1 14 0 1 0 
546 2 1 9 33 0 5 14 6 4 0 0 0 42 0 1 7 1 8 0 6 4 1 1 0 7 10 2 6 0 4 116 1 2 0 0 3 45 1 0 43 6 1 1 16 5 41 28 0 3 6 1 10 3 0 5 0 58 0 1 3 19 1 2 
0 37 16 5 3 0 1 1 2 0 13 2 10 0 5 0 5 3 0 0 29 6 18 0 0 5 0 0 0 1 0 11 2 2 6 0 0 1 2 42 0 3 20 3 18 1 0 9 13 6 0 6 4 28 0 0 0 3 0 0 1 0 9 1 
22 9 2 0 1 1 4 1 0 0 1 11 2 0 0 3 0 0 0 0 10 2 2 0 0 0 1 1 7 16 2 0 0 9 1 2 2 0 1 2 0 0 4 0 0 1 17 0 27 0 3 3 0 4 0 7 8 9 0 22 1 0 26 9 
0 43 0 0 14 15 11 1 1 1 959 1 6 0 13 0 0 1 4 2 1 0 6 4 19 0 354 1 12 17 3 8 0 7 0 0 0 0 1 0 12 0 84 22 0 1 28 1 5 4 99 5 0 2 3 3 2 1 1 3 2 173 0 1 
0 0 0 2 3 54 2 58 9 0 3 0 0 0 0 4 4 1 9 1 13 0 1 3 1 0 0 1 3 23 9 18 1 0 0 1 0 11 1 9 5 10 0 0 0 0 3 3 4 1 0 0 1 1 0 0 14 0 3 4 3 0 5 0 
8 1 35 0 214 3 0 4 12 0 1 0 2 5 9 4 21 4 16 2 0 0 2 2 15 0 1 0 0 1 31 0 0 0 0 0 9 8 21 1 3 2 1 3 9 1 0 2 6 7 2 3 10 1 0 1 3 0 0 0 36 2 7 5 
18 27 3 0 16 62 6 0 4 0 1 15 0 1 1 2 4 0 2 1 2 4 6 6 1 1 13 31 1 4 3 1 1 12 2 5 1 0 2 0 5 1 0 0 11 0 11 6 1 5 28 1 1 3 0 5 1 0 1 0 2 74 19 0 
6 1 0 0 1 1 1 0 0 0 6 1 0 0 45 1 2 0 0 35 0 2 2 55 0 0 2 0 1 1 0 297 0 25 2 0 1 3 6 1 0 2 0 2 88 0 1 0 4 10 91 1 18 0 1 1 11 2 1 0 1 1 2 8 
0 3 0 1 11 16 0 0 1 0 2 0 1 5 0 0 3 1 0 0 1 0 4 2 2 0 70 601 10 2027 0 20 0 0 5 1 2 2 2 24 0 0 7 1 1 0 0 3 3 1 0 0 1 4 2 2 29 4 6 4 0 0 48 0 
5 3 10 27 0 1 0 4 0 2 0 3 1 3 7 0 3 5 0 3 0 2 6 14 2 0 90 1 7 2 0 0 1 0 2 1 2 1 6 16 0 0 8 2 1 8 1 11 2 0 6 15 0 1 0 0 2 0 1 0 0 8 23 2 
168 17 0 1 3 3 11 2 15 1 1 1 52 1 2 48 0 16 3 5 229 7 0 0 9 8 4 0 18 0 5 6 5 20 1 3 66 2 23 2 0 0 13 17 1 0 0 2 1 0 22 0 12 3 0 9 1 0 2 0 1 0 0 0 
3 0 15 0 2 15 0 0 0 2 1 0 0 1 8 0 33 1 3 1 2 6 5 7 13 7 7 0 12 0 2 0 12 1 0 3 3 0 3 0 0 1 3 2 3 3 4 0 1 2 4 2 0 20 1 6 8 0 0 2 3 0 50 20 
3 0 0 0 0 2 1 1 5 0 1 0 0 7 6 0 46 0 7 0 1 1 0 5 12 1 2 1 1 1 1 14 1 1 2 1 0 1 2 8 3 6 0 0 1 1 0 0 0 1 2 4 1 0 0 0 3 4 2 1 8 2 0 0 
16 3 1 2 1 0 1 1 18 1 1 1 0 0 0 12 0 227 5 11 1 0 2 2 7 2 2 4 0 0 0 12 1 7 0 1 1 0 1 0 0 1 0 39 19 1 2 1 0 7 14 1 8 7 2 2 8 1 0 6 2 3 2 0 
1 1 0 1 2 0 0 0 14 0 0 0 31 56 3 0 31 10 2 0 0 0 3 36 9 0 5 11 0 1 18 1 2 10 4 0 1 1 2 5 0 0 11 11 0 8 0 10 1 0 9 1 3 1 4 1 1 4 0 0 0 7 1 7 
0 0 18 0 1 16 2 2 1 1 0 0 0 1 3 6 6 0 6 7 9 7 1 4 0 0 0 8 8 2 29962 0 0 0 13 2 15 19 0 0 2 0 26 8 0 1 0 0 3 0 5 0 1 5 4 0 0 2 2 0 1 2 3 1 
4 2 0 2 0 0 1 1 0 4 1 1 0 7 0 11 0 0 0 0 0 0 0 13 3 0 1 3 0 4 1 20 4 60 7 1 13 14 7 0 3 11 42 18 22 1 0 0 2 0 1 1 0 6 2 1 8 0 2 25 5 1 16 1 
1 0 1 0 0 3 4 1 6 0 5 0 7 4 4 37 0 1 0 0 0 5 1 1 1 1 0 1 1 1 7 1 3 10 0 3 3 9 5 1 0 2 7 3 23 2 1 1 11 6 4 4 1 31 0 1 0 4 1 1 10 47 1 3 
1 0 0 1 233 2 5 2 5 1 0 16 6 4 2 43 10 170 20 0 0 7 5 1 2 4 1 37 0 15 3 0 5 2 1 0 4 0 1 0 239 4 12 3 1 0 0 1 0 8 0 4 2 22 489 8 34 6 19 0 0 3 2 8 
2 0 0 7 82 0 0 1 38 1 1 2 0 2 1 2 5 2 0 0 7 0 2 0 71 1 0 0 3 1 0 1 2 3 3 2 2 0 1 3 0 5 44 65 4 1 0 0 2 8 2 0 3 31 7 3 0 0 102 1 8 0 5 0 
1 0 0 2 39 1 0 8 3 2 0 4 2 3 1 1 3 3 5 12 0 0 2 2 9 0 22 0 1 0 3 2 5 0 0 6 4 15 0 3 7 4 0 1 14 0 0 2 1 0 5 2 1 1 3 0 0 21 2 7 8 25 3 0 
0 9 5 8 1 6 10 54 3 6 0 7 18 9 2 7 5 1 1 33 1 4 0 0 1 10 6 15 0 0 1 2 1 56 1 1 2 0 4 0 0 16 3 0 0 10 3 0 7 6 0 0 26 1 15 2 0 0 0 0 0 7 9 3 
5 0 0 0 0 1 4 0 0 0 53 1 38 1 2 3 1 0 3 5 2 1 37 0 0 0 1 2 32 1 3 0 2 0 2 19 0 6 36 0 7 7 18 4 1 1 0 4 0 6 0 0 1 7 0 1 0 2 16 2 3 2 19 40 
0 20 21 0 19 4 1 2 0 1 0 16 0 6 4 0 1 1 9 0 1 0 58 1 3 1 1 1 0 4 2 1 0 17 6 6 1 0 18 94 11 1 2 0 6 0 1 0 4 7 3 1 3 0 0 8 1 0 11 2 0 3 0 0 
21 2 0 0 1 6 0 1 0 7 1 2 0 4 5 0 3 3 1 2 5 0 13 1 2 2 18 2 0 0 0 1 0 5 2 4 15 0 0 8 15 4 4 0 160 1 1 27 8 2 9 56 0 1 0 4 0 2 3 2 23 1 0 11 
0 0 3 6 0 1 21 1 0 1 0 1 1 1 9 0 1 3 25 6 9 0 1 0 0 1 6 1 13 0 8 0 1 1 0 0 3 6 0 0 0 6 5 2 2 6 1 2 1 1 2 2 1 3 17 10 0 2 0 12 1 0 0 11 
0 10 1 1 0 1 0 67 1 1 0 0 0 2 0 0 2 5 2 3 0 1 1 2 4 1 0 1 0 9 10 4 5 3 0 94 7 0 8 3 13 25 1 5 10 0 0 0 0 7 5 1 2 2 0 0 3 0 34 344 0 0 4 89 
19 1 2 0 25 6 0 3 5 0 0 0 0 4 2 1 0 29 0 5 8 66 5 0 0 1 46 5 49 40 11 0 0 3 0 1 5 0 0 5 974 2 6 1 1 2 0 9 2 2 0 1 2 1 7 0 224 1 0 0 11 2 7 0 
15 0 0 54 0 12 38 1 84 11 10 0 1 0 0 0 3 0 1 7 17 7 4 0 6 9 3 3 3 25 2 8 1 1 0 3 8 0 0 9 9 4 2 9 0 7 16 29 12 7 6 0 0 0 0 9 0 0 0 0 2 0 15 0 
10 20 0 5 0 1 713 0 1 0 24 0 4 2 6 23 4 5 3 40 2 1 2 0 5 3 39 17 12 0 12 2 1 3 9 18 3 2 1 10 20 13 2 11 1 5 0 5 17 2 1 14 0 229 1 0 0 7 2 0 1 2 3 0 
15 3 2 0 0 1 31 8 7 13 2 1 0 1 7 29 20 0 6 0 3 24 3 5 4 1 43 0 4 20 3 2 0 5 1 13 6 41 0 123 0 4 4 0 1 0 1 1 0 8 1 3 0 4 6 2 0 2 1 1 0 0 14 13 
0 1 0 1 1 4 0 18 2 13 7 0 1 1 2 0 6 26 27 6 1 2 1 9 1 8 2 5 0 6 0 1 2 1 0 0 14 6 0 0 2 0 3 1 1 1 4 1 15 0 0 42 7 0 9 6 0 113 10 16 0 3 0 10 
2 0 22 0 1 0 6 0 0 7 13 7 1 0 0 16 7 3 1 1 13 2 0 176 0 13 1 4 6 8 0 2 36 0 3 0 0 1 0 1 20 1 1 2 4 5 3 2 25 12 3 4 0 12 1 2 11 7 2 7 2 6 6 2 
29 13 1 1 17 1 0 0 10 2 0 6 0 6 2 0 2 7 14 3 15 0 0 1 10 21 15 0 2 0 1 2 2 1 0 2 0 1 2 0 1 1 0 7 0 7 9 0 7 32 26 36 2 18 0 0 3 2 26 2 7 2 5 0 
1 1 1 7 9 1 0 0 2 0 1 5 2 2 0 2 1 3 10 2 8 0 2 1 3 1 4 6 5 8 0 5 10 3 16 3 1 1 5 6 3 0 16 4 1 9 0 4 1 3 1 15 2 1 0 0 306 0 12 1 0 2 0 0 
1 1 0 66 34 3 9 0 5 2 1 13 0 0 18 19 12 0 5 1 39 4 2 19 1 1 1 0 2 3 0 1 19 454 3 3 10 0 3 0 0 1 0 1 6 0 1 0 2 9 2 3 3 8 1 0 0 2 4 8 0 2 3 0 
1 0 4 0 1 0 4 2 1 18 6 8 206 4 1 0 0 8 0 0 0 1 0 18 242 0 0 6 10 0 0 9 0 0 0 120 10 0 2 2 10 23 2 10 12 1 38 5 1 4 23 1 0 3 50 10 17 18 7 0 20 12 1 13 
0 0 0 3 2 0 3 0 10 0 9 2 15 7 2 2 1 0 0 0 11 4 0 0 2 0 0 2 0 1 0 3 374 3 2 1 5 1 2 0 0 0 33 1 17 12 7 3 2 0 0 3 4 4 0 17 11 2 0 5 6 0 0 2 
5 1 21 3 0 0 1 2 0 0 7 61 2 4 90 1 4 1 4 10 119 1 0 4 7 0 1 2 1 3 12 2 4 7 0 4 1 1 3 1 5 13 11 7 16 0 4 0 2 0 12 0 1 0 0 85 0 0 0 7 1 1 0 0 
7 0 5 13 1 0 3 108 1 2 1 8 1 2 31 10 1 1 15 0 1 3 6 2 3 2 1 6 0 0 1 1 2 7 0 13 3 89 0 0 0 0 8 0 13 12 5 1 0 32 4 3 4 8 0 0 11 1 2 10 1 0 2 1 
1 2 0 5 11 1 4 7 0 0 20 1 24 0 4 0 5 3 0 1 2 1 4 0 1 1 0 6 3 0 6 7 24 2 0 0 0 2 0 0 2 1 23 2 2 2 1 5 3 1 11 60 32 5 9 2 0 0 2 1 4 0 1 8 
0 8 2 3 1 10 0 205 172 1 8 1 6 19 8 1 32 1 0 3 5 1 2 11 0 0 1 0 0 11 2 48 2458 2 1 2 1 4 0 2 1 1 12 3 4 2 2 839 9 2 0 0 10 16 24 2 3 0 0 1 0 1 1 4 
79 21 1 9 0 42 9 0 28 81 1 2 0 1 30 14 0 0 66 1 1 0 0 3 0 2 11 3 29 17 10 2 1 9 10 0 1 1 0 0 1 1 255 3 1 1 1 1 4 2 3 4 9 3 1 2 1 1 3 0 4 1 1 17 
1 0 0 0 0 2 0 0 0 2 0 1 0 1 0 2 0 5 10 0 0 13 680 5 0 0 3 5 0 11 1 3 0 22 0 1 24 0 1 1 2 8 0 1 1 0 2 10 0 6 11 0 1 0 1 6 17 1 5 3 5 4 1 3 
6 24 2 8 16 2 0 1 0 0 1 2 2 1 6 1 0 2 5 0 1 1 3 1 1 26 0 5 0 0 9 0 27 0 1 1 3 8 1 0 2 0 0 1 1 0 5 11 3 0 1 1 3 5 20 5 5 4 1 23 0 0 2 6 
0 22 0 0 14 0 2 4 32 68 1 26 1 0 2 0 0 0 3 0 16 55 2 4 0 5 8 2 2 4 25 2 0 33 2 0 11 0 1 3 2 2 47 0 0 0 210 4 0 0 408 1 1 55 8 46 6 1 0 32 0 0 1 7 
0 0 1 7 6 20 15 3 9 0 1 0 6 1 22 2 0 0 14 0 14 29 67 3 2 4 12 2 0 10 66 1 0 2 8 82 0 0 2 0 0 0 0 146 4 0 0 3 50 1 0 0 1 0 16 1 14 5 0 1 2 5 10 3 
0 4 1 6 0 13 1 3 31 0 1 7 1 0 1 0 0 0 8 2 1 13 14 0 79 1 0 0 11 19 54 0 1 15 7 10 15 1 9 43 0 5 0 4 2 0 6 51 0 1 2 0 2 4 28 0 0 0 6 5 4509 12 60 14 
1 4 1 0 2 26 0 2 0 13 3 0 377 1 1 0 0 0 0 14 1 0 0 1 1 0 7 0 10 2 0 0 4 0 2 1 5 0 16 2 0 4 4 14 4 0 0 1 0 21 1 0 3 1 0 2 2 0 0 2 15 0 7 2 
2 0 1 1 0 256 0 2 0 1 2 56 5 5 3 2 0 0 0 0 0 0 0 0 0 3 1 45 12 6 1 31 0 1 12 2 2 5 12 0 0 0 0 9 0 1 5 1 4 14 0 5 1 1 225 8 6 8 7 2 51 0 9 16 
1 0 1 0 7 0 1 1 1 2 2 46 49 0 6 1 1 18 15 1 0 3 6 0 0 23 64 0 6 0 0 27 0 10 5 0 0 9 1 0 4 2 1 34 10 4 0 5 2 2 12 1 14 1 18 0 18 0 1 16 77 1 3 0 
9 9 9 4 1 1 1 1 18 3 12 9 12 0 2 0 32 15 0 7 0 103 1 2 3 4 6 2 0 3 11 18 2 0 7 1 2 1 0 2 0 5 0 1 0 1 1 0 1 22 0 286 1 27 3 0 0 0 5 48 0 21 29 0 
1 9 10 1 0 4 2 0 3 0 1 10 0 92 3 25 0 4 4 9 0 1 2 76 6 19 3 0 6 23 0 5 6 4 1 25 6 3 0 0 0 9 0 0 0 0 0 1 0 11 13 1 11 13 7 0 3 1 0 43 6 8 1 1 
2 1 9 0 5 2 0 0 3 0 1 1 1 5 7 0 0 0 1 2 1 0 6 7 6 1 1 7 3 0 0 4 0 0 9 0 23 2 2 1 0 1 6 2 0 3 1 6 9 1 1 6 28 0 85 1 0 2 6 1 0 0 1 6 
10 18 8 1 0 1 21 20 0 1 0 0 2 1 7 3 1 1 8 20 1 0 1 0 2 1 11 0 3 264 0 12 5 7 3 3 6 8 50 17 1 0 8 1 1 0 37 11 21 4 2 0 4 0 1 0 35 0 0 1 23 1 18 1 
12 5 2 7 5 6 3 7 1 0 1 9 9 0 1 1 0 1 40 1 33 1 0 6 50 1 2 0 5 5 98 0 2 2 0 1 1 0 2 8 0 0 5 1 0 24 1 4 4 0 0 5 0 1 82 1 13 3 4 200 0 6 1 0 
11 2 15 13 1 3 0 0 1 14 1 0 19 0 1 14 0 7 1 1 1 1 13 3 0 1 4 1 2 0 3 0 1 0 3 14 0 2 3 1 2 1 1 0 4 0 0 10 3 0 8 0 0 2 1 0 0 374 8 7 7 50 4 2 
4 4 4 0 0 11 0 1 25 2 2 5 1 2 1 23 16 0 3 1 3 0 4 2 29 1 2 0 13 2 6 0 6 1 3 1 0 2 1 30 1 1 0 0 1 0 102 2 6 0 4 11 0 3 6 3 2 1 14 2 3 15 5 2 
27 13 2 0 4 0 0 0 1 0 0 0 2 0 55 0 4 2 11 8 0 27 0 0 4 6 44 6 3 11 0 3 4 1 9 0 41 1 4 6 5 1 0 1 0 0 11 1 8 3 0 0 0 0 0 0 1 1 1 1 0 3 30 1 
36 1 63 0 3 6 7 0 1 9 2 0 1 5 2 25 23 7 8 3 18 2 5 2 2 17 22 1 1 0 63 1 13 0 17 0 0 26 0 9 0 71 22 1 0 6 2 5 0 6 1 210 0 3 0 2 3 24 1 0 0 2 0 1 
3 1 0 6 0 2 6 1 0 1 24 0 15 1 5 0 0 2 1 13 14 132 8 16 11 0 1 3 0 3 2 6 0 0 7 3 2 1 4 18 1 6 4 2 2 0 8 3 1 0 0 0 0 1 1 1 0 6 0 12 0 1 2 0 
24 0 26 18 1 0 0 23 0 0 1 0 1 1 0 0 4 1 0 0 6 1 5 1 0 2 2 0 1 0 0 38 0 1 11 0 20 152 1 0 7 1 18 0 0 1 12 0 20 6 8 0 3 0 7 0 0 7 0 0 0 46 0 0 
2 7 1 1 0 1 3 2 0 1 2 0 0 8 1 0 5 0 1 30 19 3 10 9 9 17 0 0 1 14 1 4 0 0 5 2 0 6 1 3 1 27 3 2 0 1 10 3 1 7 2 3 15 12 0 1 1 1 1 2 1 0 0 2 
2 0 4 1 23 0 13 32 0 39 1 2 0 143 0 0 1 0 1 4 1 0 6 0 2 3 8 0 0 2 2 26 0 17 2 0 28 6 66 7 1 13 1 0 6 1 2 11 5 0 2 0 0 9 1 1 1 14 9 0 1 0 0 1 
1 10 0 9 2 0 4 0 1 3 3 0 2 0 17 4 8 4 1 0 5 1 4 4 1 38 30 4 6 26 4 0 0 0 0 0 0 0 216 1 0 6 2 2 0 2 1 7 1 0 31 1 1 0 1 1 0 0 4 5 2 25 8 7 
0 39 14 1 33 254 19 1 0 12 1 8 2 0 0 1 0 0 24 2 8 0 23 1 0 1 13 17 4 0 2 0 0 1 4 9 0 1 25 9 2 4 2 28 0 50 1 2 7 1 9 23 6 4 1 1 0 5 19 0 1 7 1 1 
1 0 1 0 6 2 7 1 0 3 30 1 1 3 42 236 1 13 1 10 0 12 16 5 111 0 1 1 0 0 45 1 1 0 1 6 1 8 2 12 5 38 3 3 0 0 8 2 6 289 2 24 2 1 611 1 2 5 0 1 3 7 2 0 
1 8 5 7 0 0 1 0 0 0 4 6 0 1 0 0 6 1 3 5 1 5 0 2 1 1 2 1 1 0 6 1 0 2 7 14 1 3 0 1 3 1 1 4 0 6 0 0 1 0 0 0 0 0 30 24 0 4 19 1 0 1 0 0 
18 44 1 18 3 25 6 2 119 0 0 3 0 0 1 0 8 21 3 2 0 111 24 5 1 0 1 0 2 14 0 0 0 0 9 1 2 21 6 3 16 0 12 2 6 2 2 26 0 2 0 106 13 1 0 0 0 3 1 3 9 0 11 3 
0 76 1 0 0 27 295 5 0 1 9 16 0 1 1 29 0 0 1 1 2 1 2 3 1 8 2 0 1 6 2 0 2 4 904 13 6 2 4 1 3 0 0 9 0 33 1 8 8 3 0 0 0 17 2 6 15 15 3 2 0 0 1 0 
0 28 3 1 7 1 5 1 1 7 0 7 179 1 0 13 16 2 1 18 0 5 0 0 6 1 1 0 0 1 0 9 0 6 6 4 0 3 1 3 2 44 1 1 1 8 0 0 2 1 1 2 0 1 2 7 11 0 12 1 0 6 1 1 
5 31 0 20 1 4 2 7 2 4 12 8 3 18 3 24 5 0 0 153 0 5 0 0 2 5 1 2 0 1 0 1 1 1 1 5 7 3 5 9 5 0 140 1 1 0 19 4 14 8 18 2 0 2 1 3 1 37 0 4 0 0 0 4 
1 0 1 0 2 0 2 1 3 0 1 1 5 21 1 8 4 1 0 2 6 0 5 2 17 1 0 0 3 8 0 8 0 47 3 0 0 11 2 4 7 4 1 1 0 1 0 6 2 0 0 0 4 0 0 9 2 2 1 6 4 7 2 3 
0 0 1 0 9 1 0 106 4 56 0 0 0 0 6 1 0 0 10 3 0 17 2 2 1 1 0 0 1 1 1 5 1 9 16 0 1 9 0 1 10 1 1 0 3 1 5 0 1 0 26 3 2 0 0 9 0 12 0 0 7 4 0 0 
28 3 24 1 9 0 2 0 4 0 0 6 0 9 1 1 2 1 0 2 1 15 2 8 11 0 3 1 0 4 5 3 6 1 8 1 12 0 1 0 1 5 1 0 0 1 1 16 29 0 2 0 30 4 0 42 3 0 0 3 1 7 17 0 
64 12 0 0 14 1 5 2 0 414 0 2 1 0 14 8 2 0 0 20 2 4 2 0 6 0 0 18 2 85 1 1 1 0 0 1 2 1 3 9 8 3 2 1 5 0 3 5 3 2 1 0 5 3 7 0 48 3 6 1 3 50 9 1 
0 0 0 4 1 0 5 1 1 4 0 7 5 4 8 0 3 4 6 3 13 2 8 2 23 5 9 2 1 0 23 0 22 0 10 1 14 0 4 0 2 0 23 0 0 2 3 3 1 4 0 1 0 12 16 0 2 0 4 0 0 6 49 2 
4 0 5 2 19 4 3 2 0 3 1 1 0 2 0 0 6 5 1 0 14 0 13 2 10 0 6 0 6 7 7 2 0 0 2 7 1 2 33 14 44 0 12 10 0 0 2 5 11 0 8 7 22 0 8 0 0 4 7 0 1 5 0 0 
6 3 16 27 1 0 0 18 2 1 0 0 6 10 0 1 36 3 24 0 0 4 5 3 7 7 9 2 0 283 0 0 0 6 1 13 0 4 1 3 1 7 0 1 7 628 1 8 0 1 1 52 2 40 20 8 0 6 9 1 0 1 1 7 
1 8 33 43 1 1 0 102 1 6 1 6 0 0 0 1 3 12 1 2 2 18 0 1 6 9 10 18 0 12 27 7 1 16 38 0 1 4 3 2 0 0 8 6 24 1 1 0 8 1 0 6 0 0 3 92 2 10 22 0 11 0 0 0 
132 2 1 2 4 8 0 0 1 7 18 10 2 12 0 20 26 2 4 217 1 3 12 0 11 0 1 0 57 1 1 21 1 1 1 0 0 0 1 4 18 3 37 2 10 0 0 2 38 11 2 0 1 6 0 0 530 0 4 1 0 6 0 0 
0 3 9 0 17 225 1 76 2 18 8 4 0 234 0 2 10 1 0 2 0 10 1 5 0 98 23 1 2 6 0 6 1 1 2 3 13 0 3 1 0 2 4 2 0 2 4 10 0 8 1 3 1 0 1 2 1 4 7 0 0 119 7 0 
37 30 14 0 1 0 43 15 2 2 9 0 12 1 4 1 10 7 0 2 21 1 0 5 0 3 42 60 0 2 0 0 0 4 8 1 1 1 4 60 0 8 1 0 2 1 57 0 5 21 3 43 0 0 10 6 2 3 16 0 1 3 3 0 
0 1 1 2 17 4 2 0 3 3 0 7 1 1 1 3 2 28 35 0 19 0 7 1 118 2 3 0 0 6 0 1 0 6 0 3 7 5 5 32 0 2 71 0 1 0 0 9 1 5 11 14 0 0 2 3 1 2 22 8 2 1 2 3 
0 3 8 15 0 0 4 2 3 3 2 0 4 23 0 2 25 3 12 9 1 2 0 4 1 6 1 11 2 4 1 29 1 14 2 35 1 0 5 10 2 0 16 0 5 6 0 2 1 0 4 0 1 5 1 1 0 1 1 2 0 4 0 5 
4 0 0 1 2 14 1 23 0 3 2 9 12 1 5 6 33 0 0 0 9 5 0 2 4 3 6 3 1 1 0 1 1 1 8 0 10 0 20 3 11 3 9 0 35 3 0 0 2 3 12 1 1 18 1 9 2 0 0 3 105 1 0 5 
7 16 70 0 14 19 2 7 10 9 1 0 0 1 299 0 23 0 1 0 3 2 1 6 1 3 25 49 0 12 14 14 3 0 0 42 3 3 2 7 11 0 39 74 1 2 0 0 6 11 0 1 1 0 4 0 1 7 2 58 1 5 58 0 
0 0 20 5 1 3 8 1 0 4 0 14 3 5 1 9 0 5 3 5 1 2 2 2 12 0 28 8 0 0 50 6 1 1 0 0 0 2 9 7 0 0 6 14 0 1 1 5 4 0 1 14 6 0 6 7 0 12 0 4 1 10 22 3 
1 2 5 1 0 0 3 2 8 4 23 1 0 3 3 105 0 2 0 0 6 31 0 0 43 1 2 13 16 0 2 0 0 3 4 2 1 3 1 0 14 1 1 1 0 1 3 26 1 0 5 0 12 2 7 0 0 0 21 1 0 3 0 1 
0 2 0 5 0 4 6 1 17 14 3 4 0 2 0 0 0 0 23 2 2 17 1 0 7 5 183 25 1 3 2 1 0 0 14 0 31 1 0 17 1 1 0 8 16 0 0 3 12 1 16 1 0 2 8 0 0 3 0 0 15 1 1 1 
0 13 0 8 1 9 5 1 3 2 2 10 0 2 1 6 18 2 0 8 4 4 0 1 0 7 1 4 10 0 2 5 0 2 0 3 2 0 3 0 0 13 33 0 4 9 43 13 1 2 109 9 17 2 0 5 8 0 1 0 4 0 2 49 
0 0 94 0 1 7 0 9 56 6 0 0 7 1 25 0 0 0 2 42 2 0 10 21 0 0 9 11 0 1 3 0 7 24 2 9 0 0 2 19 5 45 6 0 6 8 2 0 9 0 1 72 8 2 4 13 1 7 2 1 0 8 0 15 
0 2 2 0 4 13 3 11 0 11 5 42 1 0 7 1 0 0 1 18 0 40 370 0 1 0 1 3 3 3 13 1 0 0 0 1 0 6 3 0 63 1 0 29 15 11 1 5 0 1 6 2 7 37 1 0 1 13 7 4 13 0 8 9 
0 7 2 1 8 4 3 343 8 13 0 4 8 10 0 0 17 1 3 1 5 4 8 1 2 1 0 4 10 1 89 2 0 1 5 39 0 4 2 0 26 1 0 23 17 7 59 0 7 15 1 2 1 11 23 5 0 1 3 4 0 0 0 16 
2 0 6 0 169 0 73 2 0 2 6 0 0 3 0 7 0 7 0 0 0 1 164 3 4 0 5 5 13 5 15 1 6 18 146 5 27 0 0 8 2 9 0 240 22 0 1 0 0 0 0 5 7 2 1 0 7 4 11 2 8 2 2 6 
18 0 1 7 4 25 5 2 0 2 5 0 4 3 0 0 0 4 3 0 0 0 0 44 17 7 6 60 0 0 1 21 1 1 3 1 4 3 3 2 8 0 11 6 29 362 10 0 16 8 8 1 1 13 0 23 7 2 0 7 0 20 2 5 
1451 1 1 1 0 23 1 1 17 4 1 8 0 1 0 9 0 46 40 4 2 6 0 12 1 0 2 1 0 2 0 0 0 4 230 1 1 5 4 1 1 4 0 0 4 0 2 1 0 0 1 0 4 1 3 1 12 1 18 5 1 1 0 