28 16 9 3 94 30 39 27 82 0 25 7 57 1 37 5 9 1 32 20 24 2 64 22 26 6 4 0 23 5 164 78 19 1 124 78 35 7 71 27 58 10 14 2 27 1 49 45 74 6 17 1 167 81 61 45 30 12 7 1 28 0 15 5 
17 7 81 5 9 1 8 0 183 53 11 1 44 14 28 20 4 4 4 0 110 2 6 2 114 18 108 18 44 4 12 2 31 1 53 1 20 0 7 3 75 7 39 17 7 1 183 107 30 2 21 5 30 4 17 1 25 3 27 21 25 1 12 2 
1584 1524 28 12 23 9 35 5 746 88 24 10 57 23 12 0 43 3 21 1 52 24 6 4 70 22 17 1 19 1 18 0 12 4 165 55 12 0 3 1 72 2 621 265 16 6 23 1 10 2 96 86 25 11 41 29 36 10 3 1 25 1 19 1 
29 9 26 2 19 5 16 0 21 1 12 6 8 4 15 1 38 2 18 6 142 40 45 19 4 0 5 1 183 101 1 1 24 4 63 5 84 58 10 0 14 4 13 1 96 52 41 5 78 48 30 4 12 2 20 6 37 5 52 0 25 1 4 0 
36 6 31 13 24 4 16 2 19 1 410 280 8 2 8 4 1540 1390 12 0 121 3 97 49 28 6 128 46 8 4 21 1 58 30 55 1 11 1 20 0 10 0 57 35 13 1 65 3 247 215 92 24 53 15 222 186 53 41 36 4 848 840 30 12 
61 9 26 0 254 22 70 48 12 4 80 32 27 13 95 75 37 3 22 6 28 0 162 76 33 1 11 1 65 1 17 5 51 1 6 0 13 3 90 52 256 170 10 6 77 5 9 3 10 0 29 3 12 0 9 1 39 23 54 6 12 0 9 3 
46 4 2576 2530 38 0 16 0 20 6 45 1 18 6 47 7 391 313 7 1 10 2 221 191 40 10 49 21 94 46 34 6 23 3 18 4 27 1 25 1 55 3 34 4 18 6 42 24 82 42 28 4 26 6 51 19 89 15 15 5 19 5 4 0 
34 6 55 9 7 1 19 3 36 4 18 2 21 7 37 11 34 6 14 2 8 0 6 6 72 60 10 0 303 49 57 7 20 6 27 3 55 5 137 99 1487 1477 23 7 28 0 20 0 17 1 19 1 56 10 30 0 176 138 43 27 56 0 1503 1399 
9 5 23 7 81 1 16 0 4 0 212 176 210 92 35 15 45 7 16 6 126 18 25 7 16 2 25 1 21 11 57 5 17 5 17 1 35 1 26 8 15 5 26 16 44 2 143 119 20 8 93 57 52 12 14 12 27 7 59 1 22 4 64 32 
16 6 74 44 74 30 7 1 27 21 21 1 56 28 22 2 90 10 34 26 21 3 17 1 13 1 114 60 67 15 39 1 37 1 8 4 22 0 1478 1438 28 2 50 6 8 0 6 0 10 0 67 1 46 2 6 2 11 7 18 4 30 0 6 0 
17 1 156 106 8 4 7 1 10 0 8 2 56 6 80 42 37 1 6 0 19 3 28 0 27 3 5 1 148 140 106 2 18 2 18 10 32 2 9 3 4 0 49 19 14 0 206 4 32 14 123 71 8 2 11 1 62 14 11 1 133 105 30 0 
34 14 5 1 51 13 10 0 10 0 15 13 33 5 2 0 14 2 151 13 14 2 69 55 65 1 18 2 23 3 3 1 201 189 18 2 9 1 65 23 58 44 87 1 65 1 5 1 58 4 281 129 50 2 32 20 45 23 3 1 115 83 10 0 
3 1 19 1 23 11 17 1 57 5 26 0 12 6 8 0 19 1 29 11 8 2 9 3 241 199 34 8 14 2 14 0 102 76 70 20 30 22 30 2 14 0 78 6 8 2 0 0 71 17 13 3 13 3 8 4 10 0 27 9 21 1 29 1 
5 1 22 0 14 4 34 0 12 4 32 12 21 1 26 4 8 0 19 3 14 0 118 56 101 89 27 1 5 1 60 24 16 0 13 3 17 1 94 88 154 82 11 1 120 76 227 211 78 2 14 2 142 96 3 1 38 2 119 107 7 1 11 1 
46 2 49 1 114 2 160 136 28 10 55 31 101 5 40 0 18 0 38 6 35 5 64 6 89 25 39 25 70 6 8 0 23 19 19 1 359 329 18 0 58 4 91 35 28 2 67 3 54 2 3 1 10 2 12 2 7 1 76 18 133 49 144 54 
7 1 543 527 36 6 18 8 29 5 8 2 18 2 17 3 41 11 24 2 15 3 76 2 23 1 18 6 55 19 113 53 9 3 3 1 94 62 15 5 17 1 25 17 8 2 55 25 8 0 36 24 4 2 18 6 21 9 97 45 6 0 6 0 
6 4 20 0 9 1 79 1 9 1 5 1 20 0 3 1 10 0 55 3 39 35 59 5 5 1 8 2 29 1 111 101 26 10 32 2 27 3 33 1 227 209 12 4 79 33 23 11 43 7 57 1 144 126 28 4 46 4 116 28 23 1 22 2 
43 15 22 2 39 1 44 0 10 2 12 2 4 2 239 203 23 5 39 13 180 120 11 1 12 4 40 0 21 1 10 6 4 0 17 1 48 40 18 14 2 2 59 3 8 2 23 1 8 4 38 28 135 49 19 5 18 0 29 5 15 1 27 5 
34 2 6 2 10 8 36 2 28 2 12 0 12 4 132 90 7 1 30 0 24 2 16 0 961 879 44 0 34 4 43 17 16 2 35 9 35 1 238 196 320 276 10 2 174 2 22 4 86 6 130 90 11 3 29 1 17 7 165 1 210 36 6 0 
80 52 30 0 25 7 5 1 53 35 39 7 49 1 22 0 5 1 11 5 8 0 37 5 35 3 40 2 19 7 50 10 29 3 23 1 72 54 45 7 90 68 30 10 9 1 50 4 274 192 14 0 16 0 60 28 171 63 69 9 21 1 33 11 
8 4 24 16 49 7 43 13 107 1 17 1 59 17 20 2 3 1 78 26 21 1 26 16 36 22 31 3 30 0 48 38 39 21 106 2 29 21 34 10 13 3 13 5 72 30 32 2 46 4 2 0 4 0 49 5 21 1 7 1 77 1 14 0 
51 9 32 6 21 7 234 212 116 100 69 15 21 9 133 97 32 0 28 2 25 11 4 2 202 18 5 1 7 1 18 2 49 19 7 3 17 3 8 2 15 5 4 0 29 1 68 2 13 7 193 145 26 14 130 116 178 32 11 3 25 9 14 4 
66 6 99 71 190 126 16 4 29 9 56 4 9 1 29 1 38 0 18 2 97 47 9 1 111 95 73 31 21 3 19 3 15 3 27 7 26 26 15 3 259 157 3 1 43 5 32 0 93 61 13 3 76 8 65 3 53 1 84 38 14 0 71 21 
5 3 18 0 59 49 40 34 18 6 22 0 7 1 57 5 134 20 14 0 42 22 8 2 20 0 36 0 91 43 10 0 1 1 30 16 9 1 7 1 42 2 16 12 42 6 25 5 43 5 16 0 17 3 54 10 82 60 26 22 363 317 86 28 
12 4 8 0 16 0 46 4 82 50 6 2 10 2 173 135 107 63 9 1 9 5 49 33 29 1 612 602 8 0 7 5 44 0 39 25 106 74 27 11 19 3 100 8 48 0 5 3 59 7 14 0 32 10 20 4 6 0 161 1 13 1 66 24 
25 5 17 1 28 6 34 8 416 360 144 0 8 0 39 25 21 3 19 1 9 1 7 3 13 1 2 0 76 48 7 1 19 1 85 45 96 58 45 3 94 20 19 1 11 3 8 0 23 3 18 0 53 31 20 2 31 3 95 63 42 0 18 0 
50 6 29 1 170 148 10 0 659 623 7 1 43 27 29 7 38 8 8 4 18 6 37 25 5 1 20 4 1 1 25 1 20 0 48 20 10 0 114 10 17 1 26 0 19 1 21 1 122 96 9 1 3 1 41 1 35 17 22 2 10 2 9 3 
30 20 19 1 23 1 69 25 192 178 24 4 11 3 150 30 13 1 23 1 238 178 13 1 32 14 16 2 14 0 9 3 103 67 310 300 146 6 38 4 23 3 79 7 30 12 11 1 14 2 91 51 55 31 77 41 46 16 106 8 29 1 12 4 
10 2 21 1 44 2 14 0 67 1 21 1 15 3 10 4 26 2 61 25 21 1 17 1 45 13 3 3 56 24 21 1 22 0 13 1 20 2 39 9 1 1 36 8 28 6 63 13 23 1 29 1 85 45 74 0 94 14 10 2 237 3 77 7 
80 36 4 2 29 9 10 0 12 2 107 39 28 2 61 1 47 37 14 4 815 763 8 2 135 87 27 3 15 1 12 2 34 0 16 2 6 2 34 0 194 120 35 9 53 23 39 3 56 54 57 11 9 3 71 1 44 38 21 1 16 8 176 2 
26 0 324 2 13 1 43 1 27 15 25 1 64 6 612 482 43 5 15 5 3 1 404 360 34 16 64 40 4 0 38 0 9 1 147 75 34 6 18 0 22 2 15 1 17 1 31 23 31 27 27 3 16 2 84 38 17 1 19 1 246 236 10 0 
3 1 82 4 5 1 12 10 315 267 56 16 29 15 24 0 81 51 39 9 22 8 6 0 12 0 10 0 18 2 217 181 10 2 12 0 10 0 62 2 50 0 49 7 58 8 70 60 34 2 30 2 10 0 58 0 37 17 10 4 26 2 111 1 
17 13 41 15 21 1 23 19 21 3 7 1 41 11 32 4 24 8 25 9 51 31 25 3 8 4 37 25 120 110 24 18 24 22 36 0 21 1 76 0 122 82 6 0 104 62 7 1 116 50 23 3 101 97 19 3 20 2 17 11 43 7 10 0 
68 14 12 4 30 0 46 2 14 4 16 0 13 5 123 1 26 8 81 39 4 0 26 0 52 14 69 9 25 1 40 8 20 4 310 198 40 6 68 2 10 6 21 5 46 2 46 10 49 1 9 1 1828 1648 13 1 36 18 13 1 98 0 20 0 
9 1 264 216 28 4 15 5 33 1 23 3 17 7 8 2 22 6 24 0 12 2 14 4 4 0 7 1 2 0 22 2 8 2 16 4 21 5 8 0 17 1 211 39 12 2 17 1 66 30 21 1 48 0 19 5 130 66 53 39 24 0 17 1 
206 176 80 6 10 4 48 2 131 103 40 0 99 23 43 3 6 0 38 0 7 1 73 35 69 29 11 1 10 2 67 3 43 29 37 1 6 2 56 2 9 3 8 0 24 12 58 28 14 0 111 73 50 4 110 54 27 5 8 2 77 13 38 2 
19 9 67 11 8 0 39 17 28 8 33 1 30 16 36 14 28 0 9 1 31 1 35 3 56 28 62 0 18 0 11 1 493 451 24 0 374 116 15 1 36 16 26 0 16 2 38 16 18 4 43 9 51 7 5 1 2 2 8 0 306 272 21 3 
81 1 35 1 47 9 53 7 11 1 29 1 34 6 37 9 37 3 5 1 24 0 54 4 15 1 8 0 6 4 14 4 6 0 30 12 108 0 88 68 24 8 8 2 39 9 35 3 92 68 63 49 24 8 25 3 44 0 19 1 42 4 24 2 
27 1 89 33 25 9 7 1 20 2 3 1 48 2 11 3 238 190 42 0 56 0 312 84 15 7 18 0 7 1 17 1 13 1 57 5 37 21 25 1 30 4 192 132 22 4 33 1 14 2 3 1 10 6 7 1 19 3 18 2 94 62 8 2 
16 4 36 4 13 3 34 20 20 0 369 333 8 2 28 2 8 2 52 16 10 2 62 24 22 0 16 0 383 327 5 1 4 0 41 13 41 3 25 15 146 58 39 17 5 1 16 2 8 0 31 9 1169 1139 6 0 46 0 9 1 18 0 22 0 
198 144 61 11 15 9 296 266 11 1 1 1 38 20 10 0 6 2 14 2 116 68 14 0 37 1 19 7 513 189 126 116 1071 941 33 19 27 17 91 3 143 9 38 14 22 8 140 96 34 0 24 0 51 7 127 119 47 1 11 1 1492 1420 58 24 
51 1 17 1 25 11 84 2 42 0 252 218 13 1 55 9 462 448 40 22 6 0 72 26 31 7 34 24 64 18 11 3 22 6 25 7 19 9 88 12 357 291 3 1 10 0 49 11 27 3 16 0 25 1 21 3 269 221 17 3 159 117 32 20 
48 4 160 132 22 0 44 4 14 0 29 19 16 0 90 78 147 89 23 1 52 8 15 1 51 3 17 3 13 5 141 3 143 37 35 11 19 5 14 4 166 56 73 9 49 1 14 4 67 15 8 0 4 2 10 2 3 1 10 4 229 43 32 28 
104 4 84 36 20 6 22 4 12 8 8 2 40 0 149 95 34 0 41 5 15 1 74 10 1 1 32 22 157 31 65 21 43 1 115 27 78 10 18 6 12 0 7 1 27 1 119 107 21 1 5 1 25 3 64 26 87 63 36 0 114 90 11 3 
39 29 221 211 69 1 25 1 23 3 112 88 11 3 6 4 157 31 10 0 39 3 632 610 23 1 37 3 6 2 22 10 24 2 149 129 10 0 21 1 30 2 13 3 21 5 170 152 8 0 21 1 28 2 54 26 9 1 18 6 103 83 26 0 
12 0 42 12 68 16 16 6 37 15 15 3 169 87 19 1 19 13 21 1 17 1 115 99 66 22 69 25 36 12 14 0 252 162 37 21 9 1 30 12 109 27 186 38 7 1 78 2 18 0 157 101 9 5 41 5 9 1 16 2 23 1 12 2 
33 1 104 96 11 9 12 2 64 4 11 3 38 2 23 3 17 1 60 34 38 18 0 0 28 12 155 127 31 21 24 8 9 3 303 215 76 12 41 11 26 18 14 0 28 8 25 1 13 3 63 1 15 1 39 25 28 4 32 24 91 37 41 23 
65 17 55 35 35 11 32 18 30 2 28 14 6 2 5 1 38 2 3 1 22 0 128 108 141 131 20 8 660 166 25 9 44 4 5 3 27 1 3 1 221 195 22 4 69 1 21 3 35 19 39 7 296 202 52 4 119 21 49 3 39 27 113 93 
46 8 18 0 12 2 39 11 8 0 19 1 5 1 73 7 22 4 26 2 179 111 13 7 17 3 29 11 6 2 31 1 14 0 41 1 40 8 13 1 14 0 13 3 222 188 16 0 38 2 42 8 50 4 22 2 49 9 11 1 42 26 8 0 
235 209 23 5 9 1 36 22 25 1 26 12 28 2 8 2 29 7 31 1 33 3 176 60 30 2 7 3 25 9 12 0 18 2 4 0 41 13 598 530 14 0 19 11 51 47 17 11 22 0 28 8 189 171 27 1 15 1 24 4 283 49 161 79 
23 5 45 1 41 3 17 1 2 0 59 1 13 1 24 2 20 2 21 1 13 1 19 5 30 14 7 1 135 39 15 1 16 2 21 3 69 13 10 4 54 40 240 228 369 331 4 0 54 18 11 1 4 2 52 30 10 0 15 1 11 3 19 1 
12 2 26 0 37 1 14 0 42 2 130 100 18 8 27 1 52 14 37 1 30 6 9 3 8 0 15 1 67 21 26 2 93 41 24 0 10 0 11 1 54 4 33 15 57 11 138 62 20 2 72 8 22 0 15 7 308 34 26 6 23 5 52 14 
36 10 23 1 105 21 20 0 14 8 84 8 14 2 36 14 17 3 30 6 19 1 29 1 37 15 10 0 6 0 20 2 78 56 1525 923 8 4 21 1 16 2 9 1 11 1 53 7 0 0 10 0 106 50 13 1 15 1 6 4 351 291 2 0 
205 167 10 2 223 161 15 3 49 31 14 2 7 1 12 0 17 1 50 24 162 70 22 0 4 0 30 6 32 2 43 7 36 8 6 2 43 5 52 2 19 5 5 1 83 41 47 19 152 94 12 2 65 55 28 2 13 3 11 1 37 9 9 1 
13 1 2 0 41 1 21 1 4 0 47 15 8 2 101 63 51 15 30 16 8 0 25 1 154 42 12 0 319 301 10 0 55 45 55 25 13 1 41 19 499 389 28 0 33 1 45 1 1 1 191 155 21 1 23 3 21 3 13 1 65 1 23 1 
28 2 11 3 14 2 23 1 21 1 65 5 439 405 24 8 76 52 5 3 863 617 37 5 216 162 20 0 35 13 148 92 21 7 44 14 10 0 30 26 25 3 34 0 19 1 8 0 78 32 27 1 46 12 0 0 3 1 38 20 46 16 7 1 
68 62 43 3 8 0 58 40 4 0 16 4 77 1 135 109 798 738 171 73 70 14 12 0 4 0 37 3 29 19 36 4 34 4 41 1 42 4 398 394 31 5 41 11 45 3 121 59 41 11 13 7 67 3 29 1 44 8 18 6 10 2 10 4 
142 128 10 4 5 1 71 35 13 5 10 2 50 0 10 0 23 1 38 0 14 2 42 14 76 52 9 1 29 15 10 2 8 0 115 55 19 1 53 5 21 7 121 87 35 21 27 7 16 2 55 5 3 1 206 184 3 1 23 1 9 1 14 0 
27 13 132 104 69 13 75 37 24 16 45 3 26 10 13 5 13 1 94 32 16 6 19 5 44 18 6 0 12 2 21 1 170 138 36 0 29 1 146 108 138 98 15 1 14 0 22 0 47 15 1375 1345 111 5 125 103 75 5 9 1 122 6 24 0 
42 8 1 1 24 6 33 9 47 1 38 2 121 5 35 15 3 1 30 6 64 4 17 9 17 1 181 123 23 1 16 2 21 3 17 1 2 0 103 87 7 1 7 1 17 1 17 1 94 82 78 20 15 1 12 4 12 0 19 15 10 0 32 2 
18 6 118 14 234 178 40 2 30 2 302 234 26 8 87 55 13 3 42 10 72 10 75 49 287 237 38 14 45 39 18 14 15 1 26 20 20 0 23 5 42 22 18 2 48 8 41 3 31 11 11 1 1 1 32 12 262 150 47 11 2 0 25 1 
43 7 622 434 5 1 4 0 61 27 8 0 427 269 42 14 15 1 115 87 44 18 15 3 71 23 61 29 183 5 64 4 195 67 12 2 25 9 37 1 19 1 32 4 5 1 39 29 48 2 14 2 22 0 19 15 87 27 33 3 15 9 1 1 
13 7 57 1 38 4 4 2 12 4 38 20 38 0 223 201 10 0 26 14 30 16 164 132 45 5 14 2 28 0 7 1 22 4 3 1 40 14 289 167 41 5 56 8 15 5 102 70 20 2 9 1 6 2 87 57 22 2 17 1 4 0 4 0 
123 53 43 19 18 2 4 0 36 16 21 1 135 101 15 1 43 15 14 6 7 1 8 0 7 3 11 3 326 286 51 11 735 669 32 0 86 6 38 2 6 4 30 0 42 2 39 21 17 7 61 3 176 72 18 0 13 1 159 7 33 25 98 88 
4 0 10 6 82 6 14 6 60 16 21 7 9 1 11 5 22 0 31 13 98 74 39 1 127 109 35 17 5 1 21 1 15 5 36 2 23 1 226 200 103 95 19 3 4 0 3 1 52 16 85 61 58 10 13 3 732 704 30 2 89 3 8 0 
26 0 143 125 47 35 80 4 3 1 48 4 47 1 7 3 19 5 97 21 7 1 48 8 9 1 331 185 50 10 23 15 7 1 8 0 10 0 20 10 59 11 38 4 24 12 15 1 43 3 30 2 21 7 28 10 222 192 178 26 161 63 27 3 
13 7 55 3 16 0 49 23 14 6 22 10 24 2 9 1 30 14 25 3 150 104 14 10 14 2 47 3 14 2 23 13 88 30 17 3 45 9 25 7 190 182 8 6 26 2 17 3 18 6 145 137 4 0 16 0 34 2 12 2 30 2 2227 2155 
21 1 17 1 44 6 176 8 22 0 26 2 13 1 28 16 15 3 30 10 131 5 42 10 61 33 19 1 57 3 18 0 66 4 63 49 10 6 41 15 16 2 13 1 18 2 40 22 15 1 58 4 37 5 72 8 39 13 55 37 23 1 225 105 
7 3 15 3 15 9 42 10 3 1 385 15 84 46 111 89 36 16 10 2 19 7 36 2 53 31 145 81 10 0 10 0 56 10 3 1 9 1 887 725 67 17 37 1 15 1 15 1 58 2 10 0 14 0 5 1 27 5 55 15 102 62 15 3 
37 3 14 0 31 1 102 40 37 25 31 15 42 10 19 1 18 4 21 1 163 5 10 4 4 0 45 31 34 4 3 1 243 195 23 7 19 11 4 0 47 11 37 7 50 16 17 1 0 0 41 7 16 0 14 0 11 1 41 1 76 2 19 1 
21 1 12 2 173 149 375 287 16 6 15 1 14 0 11 3 6 0 6 2 5 1 23 3 15 7 9 3 14 2 37 1 20 2 75 53 27 21 51 1 20 0 6 2 19 3 7 1 96 16 4 0 32 4 31 3 17 1 4 0 8 0 13 3 
14 2 49 5 18 0 11 1 12 0 86 78 111 93 51 1 14 0 4 0 77 3 9 5 11 3 50 2 32 10 42 2 17 1 16 10 31 3 18 2 4 0 34 10 20 6 20 0 43 1 50 10 105 13 63 33 16 0 14 0 36 4 45 1 
86 16 41 9 16 10 229 195 46 0 7 1 31 17 55 1 52 0 24 2 27 1 167 127 24 2 3 1 19 5 45 9 14 2 416 224 23 15 99 39 13 1 47 11 46 0 7 1 188 164 6 0 11 1 13 1 17 3 9 3 30 16 26 14 
28 22 20 0 28 8 18 4 8 0 29 1 40 0 211 167 23 1 6 0 4 0 11 9 23 3 3 1 9 5 91 69 68 10 39 17 12 2 31 7 15 3 43 23 519 435 344 310 74 4 50 4 92 72 31 5 23 1 13 3 9 1 12 0 
102 8 49 7 13 1 86 30 61 33 83 75 17 1 17 1 20 6 28 0 42 10 12 0 81 75 13 3 1547 345 17 1 21 1 111 57 94 66 22 2 173 65 19 1 7 1 55 11 250 184 12 2 75 49 332 116 3 1 32 14 35 1 56 2 
15 3 3 1 5 1 58 8 26 0 0 0 59 49 36 2 11 1 32 0 127 77 11 1 24 2 42 0 50 0 5 1 17 1 4 0 27 1 43 1 4 0 24 4 24 4 108 82 22 6 17 1 25 1 26 0 16 0 33 1 28 4 20 2 
282 242 37 9 285 105 14 10 91 15 12 6 48 0 20 0 24 12 13 3 19 1 81 5 24 18 20 4 9 1 122 68 55 7 17 1 19 1 18 6 120 114 19 11 542 494 8 0 61 15 33 1 8 2 45 33 10 10 7 1 25 1 4 0 
37 5 324 268 20 2 21 11 47 1 47 23 4 0 20 0 267 173 2 0 73 1 13 1 32 16 24 0 25 7 55 5 82 4 14 2 21 1 33 5 8 0 10 4 386 342 100 12 10 0 31 3 12 2 93 33 8 2 8 0 608 516 9 3 
227 201 115 99 27 3 39 9 16 2 26 2 8 0 200 172 624 444 21 19 6 0 49 1 20 2 9 3 10 0 34 24 12 8 6 2 145 59 35 7 281 247 25 1 17 1 54 6 31 1 12 2 100 4 42 28 40 4 53 7 97 41 94 64 
9 1 15 1 6 0 24 0 5 1 20 8 253 247 12 2 10 2 19 1 46 38 72 64 17 1 16 0 67 37 62 50 12 6 5 1 16 6 30 4 25 5 33 7 8 4 16 2 29 1 19 15 8 4 101 15 19 1 8 0 5 1 48 2 
14 0 18 2 5 3 110 84 136 114 89 25 23 11 3 1 65 21 183 153 164 82 483 451 85 25 14 2 25 5 3 1 21 7 162 48 5 1 9 1 50 42 127 35 53 5 58 16 14 0 6 2 15 5 40 0 13 1 117 45 20 2 249 237 
8 2 34 4 40 0 87 67 95 3 27 19 23 13 34 2 47 33 44 12 16 0 15 1 32 4 10 0 265 111 20 0 19 1 134 6 15 7 15 1 28 2 99 9 62 46 21 3 18 2 5 1 53 1 24 2 66 52 13 1 36 6 39 5 
401 329 252 206 33 19 26 14 33 1 30 4 22 0 77 13 18 6 43 5 125 95 15 1 8 2 25 1 39 21 43 1 44 6 21 1 8 0 49 7 18 2 34 0 7 5 16 4 15 3 18 2 16 6 54 0 20 0 13 1 226 194 46 2 
26 0 57 1 8 4 21 3 2 0 40 0 119 61 101 31 29 1 15 1 40 32 51 3 14 4 22 2 36 14 17 5 16 4 16 0 58 8 18 0 15 1 7 3 147 33 32 10 13 1 467 419 41 7 14 4 35 29 3075 2919 64 50 198 152 
12 8 28 2 2 0 38 8 600 558 49 1 32 4 249 187 3 1 43 31 23 3 10 0 27 11 22 12 6 0 229 187 23 1 106 96 119 19 7 1 38 4 48 32 19 1 75 9 160 128 26 4 8 0 47 1 70 2 62 34 44 14 5 1 
6 0 14 0 14 2 51 11 32 4 21 1 248 206 34 2 149 61 15 1 21 1 10 0 231 211 40 16 174 144 5 1 76 42 104 28 41 1 16 6 16 0 23 1 12 0 37 3 17 7 25 3 13 1 7 1 47 33 66 28 47 7 117 35 
279 139 44 26 13 1 36 6 12 8 143 51 61 1 20 2 31 1 53 3 67 1 30 18 160 36 12 0 494 270 33 3 12 8 31 1 512 486 27 13 14 2 45 27 50 4 53 1 19 3 8 2 296 246 6 0 17 3 27 3 140 64 50 24 
8 0 25 9 25 13 151 27 25 1 13 5 105 73 31 7 20 4 23 3 8 2 14 2 498 228 38 2 41 9 10 2 46 28 17 1 67 15 20 6 272 152 36 2 237 231 15 1 16 0 14 2 64 26 36 0 78 38 457 363 20 6 262 192 
101 47 22 4 25 17 16 2 9 1 21 15 130 104 31 19 15 1 12 2 43 25 9 3 32 8 16 0 31 1 15 1 26 0 12 0 22 2 29 15 38 6 30 0 28 0 33 3 23 3 58 22 4 2 28 0 6 2 46 10 69 7 601 567 
14 0 14 2 12 6 80 24 38 2 12 6 31 1 13 1 12 0 12 0 18 10 182 120 44 8 27 5 27 1 141 99 16 6 23 3 15 1 6 0 14 2 12 4 14 0 72 54 4 0 66 56 53 9 6 0 22 2 8 0 17 1 6 2 
23 1 17 1 8 2 35 1 210 36 74 4 17 1 116 42 21 1 24 0 114 66 18 6 19 3 92 58 105 73 72 28 23 19 52 8 14 0 59 51 17 1 36 0 169 59 11 3 65 11 6 0 33 3 16 0 4 0 11 1 10 0 111 101 
40 20 36 4 6 0 86 36 28 12 25 11 72 46 15 5 29 5 105 47 74 24 17 1 31 3 5 1 13 7 10 0 16 0 4 0 65 5 107 31 53 1 27 3 52 30 22 0 15 7 8 2 62 10 12 0 25 5 21 3 48 22 32 2 
63 17 4 0 13 5 9 1 20 8 41 19 20 0 8 0 28 10 45 9 35 1 23 1 1340 1316 8 0 5 1 13 1 12 0 7 1 4 2 19 5 12 2 68 14 12 2 37 11 11 1 32 30 2 0 179 43 122 114 24 12 46 28 16 2 
19 1 69 1 24 8 33 3 90 0 41 1 38 8 18 0 7 1 4 2 164 12 22 2 30 2 19 1 25 3 19 1 2 0 23 17 4 0 14 4 20 6 190 16 16 4 37 1 16 0 151 17 7 1 71 29 10 0 76 0 13 1 27 1 
23 9 13 1 70 64 6 0 27 7 30 2 10 2 8 0 7 1 52 30 44 2 87 49 44 28 41 29 327 255 7 1 17 1 22 20 3 1 44 12 74 58 51 5 30 10 10 0 31 9 57 35 16 0 547 147 509 483 41 15 8 0 176 126 
43 13 4 2 70 42 43 3 17 3 26 12 54 10 1 1 114 88 31 3 99 21 31 1 76 12 11 1 28 20 40 2 33 5 10 0 15 1 15 1 86 78 2 0 11 5 28 0 14 0 44 2 9 1 14 2 70 36 19 1 104 2 6 0 
17 1 61 13 4 0 32 16 21 9 53 5 10 4 9 1 2195 2169 705 685 28 6 6 0 48 2 10 2 109 23 63 1 43 13 41 15 15 3 18 2 81 59 34 2 44 0 23 5 14 10 70 44 41 1 9 3 751 707 78 42 37 1 41 1 
9 1 17 1 4 0 28 0 11 1 45 37 31 3 13 1 254 230 125 73 52 6 46 36 13 1 17 1 15 7 19 1 43 11 57 1 19 1 25 1 29 3 33 15 11 1 178 92 5 3 133 103 62 2 10 2 61 37 16 0 14 0 8 0 
19 7 8 4 57 1 8 0 22 6 43 21 17 1 20 0 6 2 42 0 16 6 3 1 16 6 6 0 22 4 22 2 112 88 285 213 56 0 2088 1876 83 7 210 160 19 1 33 19 27 1 247 203 1374 1300 29 19 11 5 4 0 17 9 17 3 
34 2 190 170 19 1 10 2 15 1 29 19 12 2 16 4 25 1 19 3 16 0 47 5 8 0 8 0 24 8 16 4 87 25 17 3 78 2 96 70 40 26 14 0 13 1 33 17 41 3 11 1 24 4 29 1 7 3 10 2 26 4 70 2 
1 1 22 0 3 1 9 1 164 136 52 4 45 29 102 54 44 14 223 199 6 2 365 287 17 7 34 14 276 242 260 212 313 205 116 106 147 21 10 2 84 14 5 1 32 10 24 8 57 1 72 56 57 47 44 8 49 15 19 1 35 11 217 95 
127 53 8 0 29 5 255 99 92 58 77 33 76 2 4 0 3 1 27 17 9 1 25 1 10 2 39 15 102 10 13 7 15 5 12 6 28 0 20 0 12 0 56 26 14 0 11 1 13 1 49 1 4 2 72 10 85 33 12 8 20 0 3 1 
4 0 52 4 414 382 27 1 53 3 11 1 6 0 19 7 7 1 54 0 18 0 193 189 21 1 18 4 46 20 9 5 27 19 9 1 22 2 34 18 95 61 44 14 6 2 227 185 17 7 275 239 23 5 38 0 3 1 67 13 57 1 26 2 
7 1 23 7 14 0 127 109 13 3 65 3 10 0 55 11 21 1 16 0 22 2 30 10 41 1 11 1 34 8 15 5 9 1 53696 53578 9 1 4 0 8 4 4 0 43 5 54 4 29 7 16 10 8 0 11 1 106 74 20 0 249 201 15 1 
23 15 4 2 78 60 13 1 32 0 29 15 29 7 195 175 1 1 15 3 77 53 14 0 14 2 40 2 27 3 71 11 57 23 14 0 37 15 22 0 27 3 6 0 17 5 7 5 4 0 27 1 23 3 51 1 26 0 47 3 11 5 24 6 
54 20 62 4 34 10 20 0 28 0 41 5 25 1 7 1 54 0 4 2 17 3 12 2 35 1 38 8 13 1 66 26 41 1 1474 1434 107 29 113 81 46 6 24 0 65 55 14 6 339 169 53 17 164 84 8 4 66 6 8 2 15 1 66 36 
20 12 30 4 13 3 107 37 17 11 430 394 32 6 10 0 17 1 19 1 15 1 123 69 7 1 14 0 143 135 18 6 13 1 13 1 8 2 69 19 13 3 15 1 1 1 6 2 105 91 43 23 154 52 30 0 21 11 45 19 80 0 151 47 
35 1 10 0 9 1 82 0 24 2 10 4 84 2 89 1 14 2 11 7 19 1 145 119 31 1 8 2 63 15 3 3 78 42 3 1 30 6 271 163 49 11 5 1 104 0 12 2 44 16 18 6 9 1 52 26 18 0 45 9 14 2 4 0 
43 1 77 1 44 22 25 1 251 123 72 14 8 0 10 2 43 11 54 2 63 1 42 6 10 2 17 1 84 12 48 0 21 7 8 2 11 1 72 34 151 57 6 2 6 0 41 19 63 11 99 67 96 4 15 3 11 7 17 1 13 1 16 0 
18 0 14 2 21 5 18 0 17 1 47 1 273 123 5 1 10 2 39 3 13 1 23 5 6 0 23 5 25 1 12 8 8 2 48 26 33 13 29 1 35 3 29 3 36 4 53 3 23 3 24 0 33 7 1 1 51 3 6 0 15 1 38 10 
124 70 31 7 12 0 77 49 60 36 29 1 13 1 10 2 38 6 75 43 12 0 44 10 10 4 17 1 180 158 26 20 22 0 27 5 133 35 46 0 5 1 24 6 7 1 377 367 17 3 11 1 17 7 118 98 10 0 19 1 17 5 25 7 
31 17 58 26 37 3 8 2 35 1 79 17 41 3 13 1 17 1 41 5 7 1 16 0 36 4 16 2 61 1 22 6 23 1 56 48 12 10 32 6 29 9 151 117 76 22 15 3 10 0 25 3 20 10 10 0 44 0 140 128 46 10 50 34 
14 2 69 1 49 1 12 10 8 0 20 6 76 58 37 5 23 1 14 2 45 25 37 15 34 4 14 4 7 1 19 3 31 1 12 6 153 109 38 16 345 277 13 1 36 16 42 28 13 1 22 0 33 3 29 23 31 13 83 45 124 54 12 2 
4 0 447 413 29 3 13 1 38 10 75 13 44 0 64 36 12 0 251 243 30 18 20 0 24 2 78 32 11 1 3 1 174 156 83 3 7 5 23 1 10 2 51 15 18 0 140 104 11 3 151 117 28 2 57 33 59 1 215 155 17 7 33 21 
50 32 10 0 22 0 22 0 175 139 49 7 10 2 4 0 19 5 10 8 36 2 1107 989 19 1 6 0 86 44 23 5 66 32 229 187 49 1 118 44 15 5 20 0 36 22 29 17 24 2 30 0 110 32 39 7 50 10 8 2 47 21 93 11 
34 0 220 182 33 17 20 8 26 0 62 16 48 2 26 6 56 6 8 0 59 1 11 1 11 1 33 9 33 1 31 3 3 1 45 1 23 1 2 0 6 2 7 1 14 8 31 5 44 14 32 12 16 0 22 4 13 1 306 98 17 1 72 8 
56 6 11 1 38 18 11 5 24 2 20 8 7 3 30 14 234 152 28 2 150 78 82 8 10 2 5 1 146 128 8 0 54 18 196 166 47 1 187 173 7 1 38 2 19 1 12 0 8 0 16 2 23 1 62 12 4 0 61 25 36 0 16 2 
47 45 15 9 26 0 27 1 12 4 1131 1097 10 4 66 62 84 26 25 17 105 1 147 1 12 2 62 16 22 8 16 2 238 136 100 36 78 56 21 5 12 0 68 60 13 1 32 14 18 6 77 25 71 1 9 3 16 0 23 7 23 3 44 6 
19 3 5 1 1025 959 4 0 7 3 419 315 14 2 31 23 19 1 292 254 17 5 12 0 43 13 24 0 70 20 37 1 20 8 13 1 857 1 13 1 14 2 49 5 54 0 28 6 8 0 43 15 109 49 58 40 20 2 17 3 7 3 31 3 
16 0 211 61 166 72 55 25 14 0 3 1 62 30 64 28 28 22 13 1 120 2 436 236 9 5 37 9 76 56 5 1 44 32 13 1 20 2 11 1 23 1 17 1 10 2 40 0 82 12 8 0 3 1 118 98 20 0 11 1 74 58 14 0 
19 1 10 4 30 2 49 31 15 3 2 0 39 7 1236 1108 5 1 7 5 512 344 48 6 6 2 13 5 10 0 20 2 21 11 51 1 11 9 59 25 6 0 6 0 21 7 16 8 26 4 184 164 18 0 46 18 37 5 17 1 18 0 61 15 
23 11 41 9 20 0 14 2 9 3 6 0 274 214 18 2 46 0 77 1 46 18 38 26 7 1 4 0 51 17 90 64 54 4 6 2 6 0 1 1 79 21 209 63 23 17 9 1 12 2 16 0 9 1 12 0 14 0 43 13 8 2 41 11 
41 19 11 1 11 7 4 0 109 21 27 1 259 233 5 1 16 0 13 1 4 2 52 10 3 1 21 3 33 5 31 3 9 1 6 0 8 2 18 0 20 0 27 1 36 22 21 1 148 108 237 235 56 8 228 132 7 1 26 0 15 3 31 13 
24 0 769 719 13 1 4 4 165 133 612 594 10 0 13 5 103 73 42 12 16 4 55 15 92 76 143 53 42 14 132 66 24 18 18 8 106 88 30 12 110 42 35 7 44 2 21 13 125 123 3 1 12 2 276 240 21 3 139 63 8 0 93 5 
20 8 59 9 84 56 21 1 24 8 15 5 493 447 39 15 41 15 36 26 47 1 122 102 53 1 239 177 17 1 92 20 5 3 10 6 86 58 146 114 59 31 29 1 83 27 410 336 181 49 24 0 17 7 24 14 27 21 31 1 86 18 101 73 
27 1 114 10 13 1 26 0 106 70 459 455 1 1 99 39 13 7 63 1 53 41 16 2 30 8 44 14 14 0 75 3 64 46 16 0 486 364 136 72 38 4 1 1 74 38 39 15 90 52 65 1 112 64 14 4 97 77 13 1 8 0 26 0 
345 119 55 3 13 1 6 2 69 45 33 3 6 0 92 2 37 1 60 34 20 0 459 237 17 3 39 37 934 838 353 261 44 4 39 1 19 3 41 9 75 57 7 3 13 5 24 0 362 322 32 0 36 2 21 1 85 27 11 3 9 1 114 56 
51 15 18 0 11 1 8 0 7 1 25 1 23 1 2 2 92 36 36 2 32 26 22 0 13 5 442 58 130 106 10 2 51 11 80 8 14 2 53 33 51 1 8 0 38 34 39 5 59 3 50 0 3 1 12 4 31 19 17 1 87 9 28 6 
2896 2872 30 16 232 152 5 3 62 0 18 0 35 3 34 4 16 4 66 14 33 15 35 3 44 12 45 19 27 1 3 1 82 6 112 38 31 7 57 23 44 0 39 3 48 24 952 874 39 3 89 7 46 6 39 9 70 4 18 0 42 18 18 0 
50 24 24 4 24 2 19 7 9 3 17 1 140 96 20 10 79 1 61 1 8 4 27 11 39 11 29 1 69 55 53 23 22 0 2 0 28 0 11 5 18 10 29 1 237 125 10 4 21 13 33 1 19 1 57 1 344 314 21 1 347 265 13 1 
17 7 12 2 36 28 294 128 793 633 35 15 33 15 9 3 12 2 24 12 11 1 119 85 12 0 26 14 174 126 16 0 2 0 23 1 33 1 20 12 46 4 25 1 10 2 43 19 27 1 24 2 11 1 23 7 14 10 31 9 11 1 130 118 
17 1 20 0 230 214 87 11 9 1 29 1 56 28 21 1 3 1 6 0 41 1 31 1 6 0 39 3 159 125 10 2 20 4 5 1 98 2 101 1 35 1 16 0 10 2 35 7 47 1 130 10 575 569 7 1 34 18 29 5 29 9 44 2 
48 2 11 5 2 0 25 1 184 106 147 89 22 4 28 14 41 31 24 4 16 0 1999 1997 24 2 57 21 34 26 11 1 18 2 122 74 57 1 22 4 14 10 1180 1054 18 6 139 1 8 2 17 9 108 60 16 10 14 0 6 2 17 1 54 18 
69 15 26 0 58 50 23 7 11 1 12 4 32 24 29 1 18 2 29 1 45 15 50 34 12 0 68 0 104 22 754 486 104 32 16 8 1 1 15 7 20 0 28 0 2 0 18 4 62 4 14 0 190 144 46 0 7 1 33 1 6 0 69 43 
61 37 80 40 66 6 620 608 35 7 14 2 17 1 20 0 55 3 19 1 14 2 32 12 85 59 57 5 10 0 38 22 4 0 58 32 16 0 12 4 23 21 15 1 13 1 10 2 66 16 77 7 41 1 52 30 20 8 66 8 49 1 32 4 
27 15 118 2 26 12 10 0 181 149 23 5 15 1 1069 1051 45 1 24 0 38 0 279 155 16 0 69 1 20 2 24 0 14 2 19 9 4 2 8 2 51 31 33 21 4 0 26 0 15 9 18 0 177 119 23 9 13 5 34 6 16 0 53 1 
76 12 6 0 45 1 12 2 57 13 23 3 16 4 780 738 23 3 27 5 37 21 316 242 41 35 15 3 55 5 32 4 278 250 102 6 38 4 42 2 113 19 15 1 31 7 550 458 28 18 48 2 462 220 9 1 16 0 47 13 24 4 50 4 
45 1 14 0 28 14 60 56 31 5 11 3 207 121 19 3 44 22 38 10 27 5 89 1 14 6 135 43 30 20 14 0 81 55 28 18 30 2 106 82 398 350 88 6 31 1 74 48 47 25 15 3 45 3 230 192 96 56 269 69 12 2 49 9 
31 15 36 8 50 6 17 5 7 1 47 3 459 291 13 1 44 0 11 3 1794 1212 23 5 6 0 3 1 38 24 39 17 40 18 49 1 49 3 20 12 13 1 23 11 35 1 107 21 52 40 20 0 3 1 18 2 101 85 9 1 27 1 68 2 
50 10 21 1 35 17 228 150 12 0 42 10 19 3 35 1 189 1 19 1 123 61 45 9 4 0 166 88 31 1 58 8 36 2 6 0 24 4 323 279 21 3 3 1 27 1 42 16 20 4 36 8 165 1 21 3 55 37 6 0 26 0 30 2 
20 4 37 3 12 6 106 96 43 9 40 4 64 4 17 1 13 1 14 2 47 11 61 7 8 2 457 437 12 0 4 2 103 87 48 32 16 2 37 25 4 0 214 176 21 1 3 1 25 3 10 2 49 5 53 31 3 1 27 23 95 27 56 40 
17 3 38 2 41 1 39 7 29 7 8 2 26 6 34 0 13 3 142 90 7 1 71 21 223 213 19 3 47 25 10 0 88 56 680 172 18 6 19 1 19 1 35 3 12 0 108 80 96 18 48 12 27 1 52 2 10 0 20 0 22 2 13 1 
74 38 10 2 72 52 19 1 218 192 22 0 33 1 56 2 38 4 40 8 4 0 69 1 13 5 26 8 16 0 33 11 14 0 441 425 16 0 47 1 7 1 22 4 15 1 14 0 15 1 15 3 23 21 20 2 44 0 67 21 16 0 23 1 
5 1 29 15 16 0 16 4 22 8 37 9 25 1 274 20 19 3 31 1 40 16 10 0 462 138 8 0 40 2 17 1 17 1 36 0 20 4 19 3 35 3 53 1 10 0 16 0 8 2 47 1 3 1 136 58 31 1 26 0 27 3 10 0 
10 0 10 2 33 3 38 4 9 1 18 2 50 6 95 55 17 3 30 12 21 1 9 9 15 1 295 155 7 5 41 19 28 4 25 9 21 3 23 1 101 71 13 1 282 256 54 22 8 0 46 4 1642 1634 46 24 8 0 27 13 16 4 14 0 
26 8 9 1 21 7 21 1 37 13 41 1 22 8 169 131 25 5 41 1 36 8 17 7 16 4 23 1 22 10 16 0 78 12 92 44 28 4 54 26 10 0 39 21 16 0 117 1 227 5 15 1 9 3 648 594 13 1 99 1 690 666 15 1 
131 1 4 2 49 1 19 7 11 1 13 1 85 17 56 0 26 6 24 2 22 6 97 15 2 0 27 9 62 6 103 39 16 0 168 150 38 0 115 91 24 10 25 1 2 0 5 1 34 32 44 0 14 2 10 0 12 6 20 8 65 19 134 102 
390 320 4 2 6 0 601 583 166 154 226 184 19 1 54 18 30 4 53 11 5 1 39 5 28 2 11 1 8 0 34 0 71 1 22 2 74 34 97 43 55 25 70 10 70 10 25 9 8 0 690 566 26 4 65 31 43 5 53 23 17 3 41 3 
60 0 8 0 968 908 7 1 39 1 45 11 5 1 6 0 150 124 24 6 9 1 4 0 33 1 47 23 11 1 60 22 56 16 318 286 10 0 56 42 65 29 15 5 22 0 28 22 51 23 11 1 45 3 10 4 39 1 31 25 32 14 17 1 
11 3 24 2 6 2 7 3 801 403 43 1 15 1 55 3 15 7 19 1 29 7 20 10 26 8 19 3 40 26 20 2 28 0 14 12 425 413 9 1 38 28 20 14 12 2 32 4 24 4 277 133 16 10 434 380 22 2 173 161 22 2 5 3 
137 87 35 3 9 1 4 0 17 1 53 35 16 0 38 8 10 0 43 3 43 1 75 63 745 419 134 86 26 8 23 1 44 24 19 3 28 0 11 1 41 1 53 39 68 2 80 18 32 12 34 2 8 0 26 2 10 4 8 0 3 1 6 0 
55 9 288 264 24 0 4 0 33 1 9 1 36 0 14 0 9 1 274 240 88 82 31 5 373 337 68 0 31 5 28 6 196 98 17 1 63 21 13 5 11 5 15 1 30 6 33 17 17 1 12 2 17 1 142 48 9 3 117 19 10 2 13 3 
62 4 85 67 28 2 15 7 22 0 75 53 67 1 344 274 45 13 5 1 11 3 116 42 20 0 59 23 1 1 11 1 122 74 14 2 151 137 3 1 221 151 8 0 264 220 15 1 42 2 26 4 660 616 80 64 10 2 31 17 21 5 137 85 
18 0 18 0 44 20 95 55 582 488 21 1 20 2 6 0 26 2 34 20 31 1 1 1 230 24 21 1 16 0 21 1 14 0 2 0 32 6 45 5 13 1 4 0 64 38 19 1 26 2 30 4 334 198 6 0 61 7 55 3 123 75 12 2 
8 0 3 1 42 2 51 1 63 49 24 0 28 0 1786 1706 23 1 41 3 5 1 218 198 24 14 77 5 52 0 175 139 18 2 34 2 124 8 29 25 12 2 26 12 33 23 74 26 34 0 72 4 32 0 56 4 611 561 21 17 46 32 12 8 
24 0 182 100 51 5 34 2 10 0 34 0 30 6 18 16 35 1 62 50 105 1 347 275 8 0 18 0 5 1 8 0 80 0 55 29 12 2 72 0 94 4 82 14 18 0 28 2 7 1 85 1 107 31 33 13 34 2 115 39 52 6 8 0 
100 62 54 6 30 8 19 3 74 64 41 21 1460 1438 10 2 29 1 190 124 23 1 5 1 18 0 30 6 175 143 41 3 23 1 21 1 36 4 10 0 154 106 19 1 13 1 67 3 11 3 22 2 22 4 3 1 14 2 17 3 6 0 26 4 
10 2 13 1 6 2 7 1 166 106 20 2 18 0 28 8 60 36 12 0 13 3 158 70 9 1 41 1 34 0 1 1 29 1 13 3 95 75 49 1 62 2 59 1 77 5 1 1 16 4 217 189 20 6 109 65 42 6 192 146 95 61 28 6 
4 0 5 3 5 1 32 6 6 2 16 0 36 14 55 3 12 0 10 4 30 2 37 1 18 0 17 3 19 1 1365 1359 20 2 49 37 29 11 6 0 25 1 49 23 19 5 8 2 21 1 38 2 41 13 13 3 101 89 25 1 11 3 9 1 
11 5 89 55 6 2 24 14 48 18 16 2 9 1 87 37 47 1 48 38 360 336 30 14 33 3 0 0 1623 1285 18 0 11 3 38 0 3 1 21 9 90 26 46 0 27 3 12 2 21 3 85 53 19 7 38 2 44 0 8 0 20 4 49 37 
35 1 14 0 99 39 146 124 31 15 37 5 33 5 13 1 102 4 20 0 14 8 26 0 5 3 40 10 17 5 14 2 83 7 142 84 9 3 18 2 59 3 64 0 45 1 19 3 16 0 19 3 10 2 16 2 148 92 17 1 14 0 34 2 
14 6 4 0 13 3 25 5 13 3 53 31 15 3 60 30 30 2 16 2 26 12 15 1 58 34 15 1 23 1 54 0 18 2 73 15 42 2 642 628 10 0 52 10 5 1 74 6 10 0 20 0 9 1 107 91 10 4 23 13 12 6 8 0 
13 1 23 3 12 0 6 0 14 0 13 1 12 4 16 2 52 4 12 0 58 2 14 2 4 4 100 6 153 85 46 4 40 14 53 9 7 3 1 1 107 81 38 6 76 6 374 228 15 1 377 357 56 16 20 4 9 1 19 1 153 69 22 10 
42 10 34 6 14 4 431 363 14 2 10 4 80 0 27 9 46 34 1 1 49 7 20 0 16 0 33 31 16 0 348 290 140 106 12 0 18 0 87 69 15 1 132 80 12 2 137 81 36 0 36 22 11 7 21 9 35 25 33 1 20 0 223 61 
93 57 27 5 12 2 641 631 6 6 2 0 2 0 18 2 92 50 11 1 42 0 45 5 13 7 12 6 21 9 44 4 41 1 3 1 7 3 100 14 3 1 23 7 43 15 43 13 32 0 57 3 27 3 16 0 15 3 9 1 22 0 72 6 
29 17 10 4 28 12 13 3 23 3 36 8 276 164 24 2 30 18 41 3 20 4 47 5 24 14 193 115 212 154 17 7 432 322 9 1 18 0 19 5 4 0 33 21 18 0 36 2 10 0 12 0 21 1 22 4 215 141 30 6 76 2 176 166 
9 5 34 16 232 194 37 1 21 3 16 2 43 23 9 1 4 0 155 123 66 12 69 37 143 111 19 1 25 1 50 22 15 3 21 3 7 1 22 4 22 0 25 3 19 3 17 3 26 0 95 61 10 6 121 113 8 0 0 0 44 6 53 1 
23 3 32 14 43 1 33 3 199 167 122 4 38 0 17 1 50 0 13 1 56 0 17 1 15 11 18 0 5 1 317 121 36 6 8 0 18 2 29 1 28 12 4 0 21 15 62 2 67 15 38 4 2 0 9 1 148 142 76 8 6 0 42 6 
7 5 23 5 3 1 23 9 24 4 94 72 19 5 65 3 69 1 39 1 31 1 622 514 7 1 8 0 961 935 24 0 36 16 100 10 20 2 34 0 3 1 23 1 29 1 20 4 17 5 4 0 156 150 53 17 15 1 48 6 13 3 12 0 
21 13 14 0 168 86 19 5 55 3 59 25 39 3 18 4 13 1 8 2 23 1 7 1 24 12 7 1 7 1 131 93 8 2 396 322 27 9 110 38 105 15 19 1 22 10 4 0 53 1 24 0 11 7 20 0 11 3 26 2 8 2 434 412 
5 3 18 0 35 13 13 1 12 8 69 49 39 3 36 0 24 2 8 6 173 5 20 6 90 72 41 1 13 5 283 255 138 48 29 3 16 0 67 11 91 1 15 5 30 18 66 2 7 1 36 2 25 1 19 1 24 2 40 12 221 151 25 11 
53 35 52 0 16 4 11 1 35 9 12 0 32 2 157 139 26 0 36 6 280 222 57 1 16 10 73 9 20 0 1 1 28 0 106 70 16 4 34 12 5 1 21 3 12 4 46 18 4 0 11 1 24 0 62 46 131 41 42 2 32 2 3 3 
70 20 196 38 6 4 22 0 27 5 38 4 6 4 16 2 21 3 7 3 30 24 106 76 25 1 30 18 41 1 20 10 15 3 54 4 34 2 62 16 29 3 196 122 7 1 97 57 56 22 18 0 57 1 14 2 57 3 17 1 325 301 67 3 
36 0 9 1 20 4 38 0 26 12 32 2 26 4 91 1 8 2 71 35 2272 2088 304 232 14 8 7 1 30 8 50 28 83 61 6 0 38 4 7 3 20 0 18 4 108 14 17 5 88 26 32 14 43 3 8 2 9 3 390 306 4 0 53 13 
179 15 15 1 4 0 28 18 34 6 20 2 24 2 36 4 20 0 19 1 12 0 2 0 15 5 44 32 11 1 17 7 12 0 53 5 18 4 19 5 41 5 11 1 30 2 54 8 107 75 28 0 9 3 53 1 10 0 19 3 28 0 49 1 
22 8 83 55 75 49 21 1 695 111 12 6 45 31 21 5 45 13 17 5 126 66 8 2 24 0 99 7 14 2 34 2 11 1 12 2 55 21 105 91 93 1 27 1 2 0 16 2 19 5 19 1 3796 3702 6 2 115 81 59 21 23 1 25 1 
9 5 252 172 22 2 12 0 13 3 876 832 9 1 41 17 35 9 26 0 169 21 22 0 14 0 8 2 52 42 85 3 3 1 91 69 63 25 14 2 36 18 33 15 20 0 21 7 64 2 5 1 302 58 11 5 54 14 22 2 20 6 28 12 
104 44 56 46 1487 1449 40 0 63 43 101 77 28 0 49 23 41 1 9 1 27 1 8 4 61 3 12 2 57 1 9 1 819 805 85 29 17 1 26 0 15 1 59 11 9 3 64 20 13 1 6 6 13 3 22 0 51 9 29 7 100 14 9 3 
13 1 107 3 9 3 38 8 10 2 44 12 35 5 52 32 64 8 29 17 7 1 32 0 234 224 23 1 10 0 8 0 39 1 6 2 47 3 61 3 21 1 3 1 72 6 218 86 139 113 78 0 400 312 19 1 6 0 7 1 63 1 42 2 
95 61 33 11 42 0 16 6 10 0 9 1 187 3 112 10 8 0 55 5 12 0 41 1 24 2 202 172 30 16 22 4 22 0 177 153 19 1 7 1 24 12 39 7 58 34 199 29 19 5 20 4 35 5 32 8 188 154 23 7 136 2 18 0 
9 5 38 4 29 3 37 1 19 1 84 2 73 3 4 0 19 1 21 7 16 8 28 0 63 21 19 1 190 32 16 2 25 5 15 1 104 96 122 48 59 9 23 1 10 4 487 447 67 11 13 5 52 26 13 1 25 19 4 0 55 9 18 4 
44 0 26 0 19 3 125 21 19 1 8 0 38 16 51 25 84 12 12 8 122 60 55 5 21 1 45 3 8 2 78 22 112 86 59 39 18 0 35 7 32 2 19 5 6 0 21 1 14 0 30 20 39 1 23 1 24 0 40 0 10 0 15 5 
15 1 18 2 66 12 284 268 31 1 12 4 84 46 92 2 6 2 17 5 21 3 31 23 9 1 139 99 20 8 17 3 7 1 3 1 60 0 87 47 13 1 347 133 49 1 30 16 32 18 7 1 5 1 132 20 58 36 6 0 33 21 29 9 
2 0 118 82 3 1 65 3 25 1 1352 1312 16 10 6 0 24 0 99 67 63 9 22 2 6 2 10 0 44 4 20 0 2 0 173 47 18 0 73 21 39 11 49 25 6 0 41 7 7 1 14 2 20 2 32 2 11 1 30 22 9 1 20 0 
23 3 6 2 63 9 61 27 24 0 37 1 3 1 15 1 78 0 40 14 2 0 68 10 35 17 12 2 7 1 13 1 35 1 51 1 21 9 6 0 25 13 41 7 108 72 15 1 68 26 26 0 11 1 15 5 63 5 1 1 5 1 197 63 
14 6 29 1 421 395 52 34 109 75 14 0 108 84 10 2 60 0 66 26 29 1 43 3 22 12 24 0 34 16 13 5 14 2 32 8 32 24 19 5 39 1 34 6 19 7 8 0 30 2 85 1 11 1 68 50 19 15 160 32 45 3 37 5 
16 2 16 0 39 1 53 3 11 1 206 78 34 26 22 4 71 35 22 4 54 8 11 1 27 5 48 10 14 4 29 9 101 15 28 2 12 0 271 173 18 4 12 2 13 1 90 70 15 1 57 9 29 3 21 1 22 10 14 2 50 0 40 0 
53 17 4 0 27 1 23 3 268 204 23 5 45 17 23 7 4 4 5 1 67 1 16 2 14 2 14 4 15 7 30 20 24 0 18 0 149 9 17 5 188 146 16 2 14 0 40 20 13 3 70 26 83 7 18 2 16 8 16 2 300 250 8 0 
121 55 26 4 18 0 97 47 532 520 30 0 11 1 15 3 2 0 13 1 6 2 3 1 27 1 32 8 149 75 14 0 12 2 26 14 35 1 46 8 8 4 27 1 10 0 151 33 1 1 29 1 48 40 38 2 6 0 25 1 127 3 75 3 
14 2 64 38 24 2 18 0 32 2 17 1 6 0 20 0 24 0 52 8 89 23 21 11 49 1 3 1 42 2 35 21 79 23 18 2 21 3 10 0 29 3 7 3 5 3 23 1 93 69 66 20 13 5 24 2 16 0 23 3 8 0 22 2 
32 0 24 2 14 6 29 3 9 1 5 1 29 1 26 6 8 0 4 2 447 429 474 338 9 1 7 1 68 2 15 3 636 38 129 55 503 439 21 1 3 1 49 31 19 3 41 33 81 5 18 0 210 204 16 0 44 2 17 7 237 85 44 26 
7 1 41 15 2705 2595 77 9 17 1 114 18 18 6 24 16 25 11 9 1 9 1 22 0 14 2 6 2 9 3 43 3 34 0 114 88 9 1 22 2 15 1 24 2 39 3 33 3 17 1 50 0 20 2 39 23 461 445 74 42 31 13 23 3 
30 24 38 2 47 31 98 26 28 20 246 230 47 1 11 3 53 1 63 5 28 18 50 10 31 1 39 9 193 177 19 1 56 2 8 0 106 80 103 13 28 4 19 3 62 0 132 88 46 4 81 1 17 1 39 1 13 1 8 0 57 41 107 25 
6 0 8 0 36 4 67 57 34 2 30 2 16 6 81 3 10 0 10 0 19 1 10 2 3 1 66 2 65 41 415 3 41 1 58 0 5 3 29 1 7 3 122 26 11 1 12 0 60 32 12 0 22 6 61 45 17 5 49 21 11 3 5 1 
15 1 10 2 50 14 100 60 245 177 75 21 24 2 262 92 32 0 47 1 38 0 4 2 37 3 24 14 15 9 45 1 44 0 18 0 93 3 12 2 31 1 16 4 13 3 22 0 21 7 42 16 1 1 15 5 10 4 21 9 55 3 15 1 
80 16 96 36 54 26 5 3 24 0 55 1 76 34 20 10 8 4 37 19 44 0 39 15 58 24 52 4 14 2 52 34 35 1 29 1 25 19 11 3 25 1 466 438 4 0 65 1 19 15 19 1 13 1 130 94 17 3 78 4 29 3 28 2 
4 0 25 9 15 9 27 1 90 48 18 0 10 0 7 1 14 0 27 3 14 2 16 4 3 1 57 39 102 40 37 9 43 27 8 2 29 11 10 2 28 0 164 86 75 35 12 0 12 0 4 0 3 1 101 41 8 2 31 3 136 22 15 1 
16 0 5 1 9 1 39 5 28 0 6 2 24 0 18 0 18 4 1 1 10 4 27 1 30 10 26 0 48 14 2777 2249 436 52 13 1 9 1 80 18 32 0 41 29 19 1 30 18 16 0 61 23 22 0 23 1 191 39 32 0 2340 2298 11 3 
116 60 15 1 10 4 6 0 28 16 42 8 37 23 4 0 9 3 12 0 242 170 29 1 16 2 24 8 61 1 47 1 26 12 13 3 72 36 27 9 33 5 19 1 33 5 40 2 84 4 27 11 17 3 43 29 37 29 7 1 30 10 42 4 
18 0 41 11 18 16 52 2 21 1 5 1 17 3 37 29 11 1 17 1 35 3 41 5 34 4 21 5 28 26 37 15 11 1 15 1 25 11 21 1 24 2 7 3 163 37 13 7 12 2 30 2 16 8 21 5 43 3 27 1 18 2 9 1 
15 1 6 0 8 0 2 0 26 20 56 12 22 2 7 1 28 0 92 4 30 12 33 1 81 3 48 32 20 0 68 42 27 5 102 52 27 3 19 9 271 181 40 16 77 55 44 24 55 35 81 33 23 17 10 2 4 0 73 53 99 1 14 0 
136 108 71 9 31 1 13 1 41 3 87 45 21 1 460 0 27 17 5 1 70 12 31 9 97 93 56 16 10 2 15 1 31 9 66 16 17 1 19 1 39 1 8 0 25 3 29 25 37 1 50 10 84 2 26 0 29 1 4 0 117 63 60 20 
38 2 50 12 15 5 10 0 22 6 17 1 75 61 1229 1207 92 86 234 190 58 2 52 22 129 107 47 7 10 10 75 41 37 1 24 0 27 1 13 3 30 4 7 1 27 1 41 1 7 3 10 8 6 0 184 112 7 3 76 8 11 3 13 1 
17 5 45 1 35 1 91 33 25 3 52 0 6 0 9 5 47 1 24 2 27 3 14 6 19 9 42 2 14 2 22 4 40 4 50 6 33 9 20 2 64 30 28 10 12 2 18 0 3 1 28 8 58 6 34 2 118 22 22 10 7 3 76 8 
17 7 121 1 29 17 5 1 17 1 34 0 11 1 58 0 30 2 11 1 9 1 9 1 87 43 69 15 149 39 17 7 22 0 100 24 111 11 33 15 11 1 11 1 15 1 6 0 11 1 13 1 12 0 17 1 17 5 32 0 36 2 29 9 
25 13 95 1 461 337 15 11 37 3 23 7 41 5 6 0 139 109 82 0 8 0 16 6 62 36 6 2 13 5 40 14 5 3 98 40 6 4 39 7 42 2 50 2 15 1 16 4 9 3 175 107 11 1 50 10 53 19 15 3 60 38 29 7 
114 44 34 4 11 1 458 406 16 4 8 2 34 14 9 1 36 6 121 33 25 3 170 102 463 453 18 0 23 1 55 1 31 9 50 0 24 2 29 23 137 111 210 134 19 5 16 2 20 2 761 693 18 4 22 0 19 1 35 7 34 10 38 2 
94 0 89 9 35 7 71 35 41 1 36 4 54 42 7 1 86 2 8 2 13 1 17 1 21 1 38 2 5 1 52 8 62 2 46 2 22 6 24 4 49 35 24 0 32 2 27 1 7 1 31 5 114 6 70 60 212 112 46 4 100 40 10 0 
62 44 19 1 1 1 5 1 12 6 25 13 32 20 21 1 40 0 8 0 86 56 54 0 8 2 245 183 3 1 39 1 31 1 45 21 11 1 29 1 36 12 107 87 9 1 29 1 271 263 80 2 111 61 61 9 14 4 70 6 214 162 54 24 
257 41 7 1 12 0 22 0 66 48 6 2 16 0 7 3 61 29 62 36 6 2 31 9 11 1 237 175 21 11 7 1 68 48 93 73 32 0 163 133 19 5 29 5 17 3 8 0 8 0 18 4 21 7 15 1 15 1 28 2 45 5 26 6 
7 1 170 138 20 2 37 3 17 9 98 20 16 4 130 102 25 1 27 11 18 8 22 0 75 11 42 2 6 0 139 27 41 1 10 2 5 1 31 13 57 43 40 2 17 1 11 5 4 0 19 15 34 2 1 1 35 5 64 22 51 1 34 6 
26 0 28 0 124 66 4 0 17 1 2 2 14 2 3 3 70 26 157 47 34 20 12 2 18 10 143 133 25 5 4 2 30 6 16 0 25 11 128 74 40 14 73 15 13 1 7 1 6 4 40 4 60 34 9 3 9 1 51 23 69 7 7 7 
33 5 42 0 60 18 132 92 14 6 11 3 26 2 90 30 2 0 8 0 38 0 17 3 16 8 14 2 207 167 45 3 19 5 21 7 15 1 25 17 17 3 17 3 14 4 7 1 6 2 173 33 27 1 4 2 31 3 645 559 5 1 5 1 
10 4 15 1 26 0 33 19 246 130 367 253 8 0 8 0 12 0 18 0 54 14 15 3 27 13 3 3 121 43 84 30 109 73 17 5 7 1 13 5 218 180 44 6 133 99 25 3 4 0 141 119 42 2 16 14 6 0 132 42 34 14 26 2 
2 0 343 327 15 1 15 3 834 816 16 0 27 1 28 6 126 110 24 22 11 1 28 8 14 4 150 28 11 1 6 0 9 1 18 2 4 0 13 5 67 21 24 0 154 78 16 4 46 4 4 0 69 11 151 81 53 13 106 88 49 21 14 2 
15 1 37 27 23 15 189 47 32 0 186 182 22 12 12 6 12 4 44 10 192 166 34 26 24 0 16 8 11 1 7 3 21 1 7 1 56 32 13 7 217 199 9 1 12 2 25 21 29 5 12 0 8 0 22 10 26 4 222 116 8 0 9 1 
18 4 19 11 6 2 14 0 76 2 23 1 60 4 66 10 29 5 60 28 80 4 74 26 48 8 53 1 14 0 23 1 12 2 16 4 17 3 8 0 49 13 31 13 14 2 277 199 37 11 66 42 9 1 11 1 153 3 12 0 60 50 68 16 
26 2 12 0 7 3 8 2 26 0 10 2 106 72 7 1 9 1 17 1 197 183 471 293 74 4 52 18 43 5 16 2 47 7 33 1 18 0 249 199 59 13 49 1 10 0 327 289 12 2 38 0 17 1 48 4 63 15 31 17 18 4 40 4 
69 3 13 3 19 3 27 1 46 2 7 1 23 3 29 3 6 0 85 29 35 23 57 13 195 179 3 3 24 4 9 1 5 1 73 9 70 20 212 196 37 1 45 25 21 5 36 20 12 2 27 1 79 65 44 10 67 1 17 1 10 4 36 16 
1048 76 17 1 71 19 127 95 22 0 9 1 63 35 12 6 13 5 57 5 49 31 40 0 17 5 8 0 355 281 24 0 10 0 804 630 53 13 100 84 21 1 12 2 11 3 27 1 80 56 12 0 79 11 29 11 8 0 25 11 37 15 71 25 
17 1 99 81 18 10 35 21 12 0 48 22 23 3 10 0 18 0 73 11 8 0 56 42 31 5 1424 1416 0 0 5 3 27 3 5 1 360 208 169 163 34 28 46 22 289 163 42 10 2 0 19 1 32 8 29 17 9 1 28 0 61 1 16 0 
19 3 9 3 35 1 5 1 2 0 147 67 10 0 12 0 19 9 8 0 14 0 15 1 19 5 55 11 28 24 31 15 21 1 9 1 37 21 30 4 51 21 26 14 6 2 64 18 103 17 25 3 84 6 72 56 40 4 34 24 72 4 8 4 
53 25 5 1 11 1 14 0 16 0 8 2 70 34 540 498 115 89 7 1 157 137 32 2 3 1 58 8 40 6 42 10 5 1 31 5 61 11 7 1 125 23 10 0 122 76 91 45 30 4 38 20 32 14 16 0 8 0 29 7 13 1 80 8 
13 7 10 2 311 281 29 9 12 6 40 6 25 7 57 37 27 5 61 23 32 10 21 3 29 9 31 3 26 6 36 20 391 163 16 0 586 568 33 7 19 1 49 25 13 5 11 1 84 66 129 107 80 54 9 5 105 69 24 2 13 7 5 3 
11 3 21 5 10 0 13 1 19 1 15 7 38 0 31 7 19 13 56 24 5 1 28 6 9 1 121 109 27 1 17 5 54 10 51 15 47 7 15 1 48 6 56 10 122 20 11 1 24 0 142 24 9 1 218 12 49 9 21 1 5 1 35 1 
19 1 64 16 41 1 17 1 60 2 6 0 20 2 5 1 502 428 131 105 27 1 37 5 7 1 22 0 70 16 44 2 11 1 11 3 217 93 117 47 558 534 17 1 18 0 51 15 11 3 25 1 286 234 32 2 39 3 19 1 55 19 40 18 
9 1 30 10 19 1 46 30 14 0 8 2 11 1 65 39 1483 1443 19 11 54 26 12 6 415 401 64 2 46 20 93 63 19 1 6 0 13 1 95 77 24 4 30 0 26 2 9 1 59 29 10 2 11 3 27 3 1331 1187 17 7 35 1 18 2 
262 126 12 0 8 0 43 9 8 0 12 0 5 3 10 0 67 7 1 1 8 6 255 229 21 3 12 6 1 1 33 1 20 0 17 3 43 21 75 1 30 2 27 3 55 47 34 2 10 0 82 50 39 3 27 5 54 2 201 171 20 4 21 5 
240 150 32 10 140 78 114 34 8 0 37 13 20 4 128 2 32 4 59 1 17 3 19 1 8 2 12 2 7 1 2 0 167 71 731 671 5 1 92 60 1187 773 69 1 144 54 24 0 15 1 7 1 21 1 31 1 14 4 27 1 9 1 27 25 
35 11 29 1 92 66 737 659 2 0 96 58 257 91 59 27 19 1 20 12 21 13 1541 1379 52 14 31 5 36 10 37 1 39 5 22 2 71 1 142 60 23 1 36 18 28 0 11 1 274 112 16 0 29 13 23 9 10 0 72 4 15 1 39 1 
16 2 35 1 31 5 22 4 200 88 19 1 27 1 38 4 61 27 15 1 14 0 11 1 25 1 78 20 20 2 9 1 57 15 11 7 78 0 62 32 926 358 56 32 43 9 28 6 114 82 33 3 24 10 34 0 50 0 9 3 45 13 16 0 
6 0 45 9 11 1 43 9 31 9 6 0 12 0 19 1 120 2 30 4 22 8 31 1 22 0 3 1 20 4 9 3 4 0 1466 1448 16 0 12 4 8 4 10 0 16 8 4 0 36 16 23 9 4 0 9 1 22 6 66 2 35 7 9 1 
23 1 10 0 14 2 29 1 26 0 16 0 45 23 14 4 11 1 28 4 23 1 36 26 11 1 35 1 125 41 26 22 19 1 18 0 17 1 42 2 10 0 13 1 212 44 33 7 31 1 80 16 46 0 50 4 40 28 88 4 5 1 23 7 
411 391 171 39 27 1 103 27 13 11 86 0 289 191 593 499 4 0 53 3 12 0 66 4 50 4 336 320 34 6 23 9 20 12 59 1 21 1 6 0 82 48 72 0 26 6 75 1 3 1 23 3 292 202 5 1 8 0 3 1 13 3 2 0 
34 18 25 1 279 255 95 49 21 1 56 18 27 9 37 15 55 5 47 41 11 1 221 177 0 0 26 4 8 2 19 1 14 0 14 6 60 16 107 69 45 5 163 125 36 0 37 3 8 0 27 1 51 9 510 24 14 2 46 18 36 22 45 1 
31 1 58 6 315 273 49 11 15 1 89 21 7 1 116 82 38 24 8 0 74 26 38 2 53 7 5 1 45 1 22 0 13 3 41 17 19 9 33 31 53 39 38 0 24 0 13 1 40 22 16 0 23 1 71 5 28 16 13 5 4 0 13 1 
27 1 26 0 5 1 8 2 13 1 16 4 25 3 15 3 33 15 23 9 105 57 72 32 18 0 105 5 49 29 20 12 38 4 51 5 28 8 12 0 20 2 15 7 592 504 23 1 77 1 13 1 59 7 20 0 52 6 46 4 10 0 219 199 
78 50 22 8 4 0 21 1 13 1 236 204 7 3 7 1 26 4 102 8 10 2 155 35 40 12 22 4 33 7 53 47 149 133 18 10 10 2 51 25 54 42 33 11 46 2 59 39 63 33 112 0 65 11 26 6 8 0 17 5 125 121 71 11 
17 1 22 2 142 110 7 1 192 2 37 7 78 20 26 0 18 6 117 63 11 1 10 2 19 3 2 0 15 1 51 17 17 1 46 42 19 1 95 1 47 3 43 1 22 6 9 3 595 521 9 5 237 199 0 0 11 3 77 23 9 1 5 1 
21 3 196 4 28 0 31 19 14 0 94 66 20 0 13 5 40 8 17 3 50 2 16 0 11 1 15 1 22 6 151 7 34 6 22 6 14 0 81 53 28 2 22 16 2 0 17 3 16 2 153 77 24 0 3 1 66 30 69 3 101 15 25 1 
67 5 23 3 22 8 93 73 18 14 6 2 112 0 4 0 10 2 15 5 15 1 29 3 28 0 53 43 34 6 25 7 10 0 7 3 875 867 345 317 30 4 43 1 33 1 10 8 249 135 69 7 43 7 20 10 18 6 36 4 31 15 49 5 
40 0 15 7 18 2 33 3 13 1 585 529 39 23 18 0 10 2 24 10 20 0 42 10 21 9 46 32 21 3 7 1 34 0 42 10 29 1 8 0 27 19 12 2 1479 1429 96 24 5 1 44 2 25 15 62 4 24 6 5 1 69 23 105 93 
14 0 183 93 24 0 121 23 26 0 699 643 45 15 30 0 148 112 16 2 51 17 27 7 14 4 174 104 41 5 3 1 46 2 97 25 376 314 34 2 7 1 70 0 26 8 60 2 29 3 69 35 17 3 27 1 127 65 37 1 68 6 65 11 
15 1 19 1 25 1 13 1 10 2 31 1 23 1 24 4 10 2 20 2 1485 1437 57 3 17 1 14 10 13 5 13 1 18 14 28 4 53 11 29 1 21 5 42 28 3 1 208 140 18 0 6 2 18 6 108 0 5 1 15 3 64 22 52 4 
27 11 39 21 27 1 182 4 46 0 119 101 30 4 83 19 10 0 4 0 24 4 41 19 24 4 24 4 16 6 11 1 25 7 16 4 56 18 17 1 5 1 12 6 76 10 192 138 19 1 30 0 80 54 29 9 6 0 55 33 7 1 73 59 
24 8 71 3 20 2 42 4 11 3 37 1 41 9 3 1 18 2 38 0 24 0 50 4 6 2 15 1 30 8 7 1 96 38 31 9 17 1 31 1 36 14 30 10 7 3 11 1 13 1 7 5 94 6 44 12 16 6 7 1 64 20 33 5 
14 4 30 4 24 0 6 0 66 56 56 10 101 1 4 0 72 0 230 148 262 138 42 10 14 2 16 0 24 8 27 1 19 3 10 0 6 0 320 62 39 17 55 37 18 2 86 22 69 5 409 395 13 3 70 56 483 257 223 197 14 0 317 289 
177 153 8 0 46 2 10 0 93 37 24 4 13 3 27 1 615 573 29 1 52 38 38 12 18 14 30 20 130 78 25 1 9 3 8 2 34 10 19 3 38 6 41 29 27 15 28 2 32 6 9 1 512 426 12 0 13 1 51 1 11 1 190 86 
20 12 32 0 51 11 51 25 16 0 43 7 36 8 37 1 43 17 56 20 10 6 226 66 21 11 58 0 6 6 50 2 13 1 7 1 153 133 41 27 13 3 22 6 24 2 6 0 23 1 14 0 11 1 288 260 10 0 83 3 47 7 34 10 
22 0 41 25 33 1 17 1 19 1 30 0 168 110 13 1 12 0 220 142 18 8 25 17 62 8 42 36 28 4 12 0 101 39 45 39 7 1 32 0 43 9 12 2 84 0 27 7 20 0 114 40 7 1 38 28 46 32 25 1 26 2 34 16 
2459 2455 4 0 21 3 2 0 63 1 14 0 216 172 3 3 31 9 21 1 11 1 20 4 197 127 9 3 59 23 66 22 268 130 21 1 9 1 4 2 10 0 18 2 45 1 11 1 151 41 119 33 13 1 283 179 161 81 15 1 37 1 25 1 
22 4 42 26 10 0 23 1 16 0 45 19 114 24 45 13 13 3 10 2 8 0 369 351 12 0 17 11 15 1 32 0 19 1 13 3 22 12 380 358 6 0 76 2 16 2 62 12 16 2 29 23 85 55 95 81 86 36 12 2 10 2 15 11 
14 4 162 134 117 83 29977 29945 32 2 57 3 39 1 19 1 23 1 159 77 13 1 27 11 26 14 21 1 19 1 8 0 3 1 164 66 12 0 233 191 19 1 15 3 16 0 38 20 11 5 12 0 60 4 40 2 64 2 9 1 26 0 66 14 
4 0 64 44 28 20 25 1 60 4 51 13 14 2 52 18 3 1 9 1 41 1 185 167 24 12 26 0 1 1 14 2 32 2 17 3 25 11 6 0 48 34 9 1 33 7 127 123 17 3 25 15 24 2 26 0 14 2 10 2 53 5 16 0 
11 1 135 133 20 2 15 1 49 17 18 2 572 376 25 5 17 9 31 5 27 1 28 4 9 3 8 0 24 8 150 8 45 29 12 2 29 9 15 1 39 1 62 0 40 4 380 328 245 167 42 4 67 1 7 1 41 1 30 4 25 1 36 0 
25 3 45 1 23 1 103 69 90 60 610 596 50 8 506 112 5 1 23 1 16 8 8 0 47 7 32 0 32 0 41 3 7 1 15 5 1111 971 12 4 32 22 38 0 15 1 13 1 21 9 665 463 17 9 15 1 36 24 72 38 9 5 39 13 
15 7 25 11 5 1 14 8 31 1 19 3 17 1 16 0 33 15 28 2 32 10 1196 1166 5 1 19 3 20 0 9 1 65 25 33 1 241 207 93 7 51 1 91 59 59 1 26 18 53 31 21 1 17 1 31 1 45 11 39 31 200 16 13 1 
20 14 49 23 46 26 47 25 42 0 53 1 12 4 1 1 110 74 9 1 17 5 97 17 29 1 4 2 25 1 29 1 33 19 19 1 9 1 24 8 23 9 31 3 9 3 11 7 2 0 37 25 13 1 42 6 15 5 26 0 22 4 19 11 
28 6 23 5 1630 1614 14 2 38 22 10 2 20 4 17 1 118 74 49 15 35 21 30 0 28 4 45 15 80 22 14 0 50 38 61 7 6 4 162 10 21 3 97 13 25 1 5 1 119 65 32 2 21 11 42 6 178 104 4 2 1056 940 106 58 
11 1 19 3 447 369 58 10 8 2 49 11 53 27 14 0 25 5 104 2 294 228 153 111 9 3 28 4 2 0 5 1 18 0 9 1 1110 1104 25 9 17 1 53 1 27 1 18 0 87 17 23 5 264 12 31 5 32 14 7 3 13 1 5 1 
41 7 29 1 16 0 23 1 15 5 27 19 0 0 16 0 27 1 18 4 4 0 24 4 65 15 44 14 33 3 41 15 6 2 263 241 45 9 12 6 13 1 54 4 22 0 20 0 38 0 16 0 142 92 219 21 12 2 58 10 19 1 16 0 
77 3 9 1 39 1 16 2 45 1 94 38 9 3 8 0 6 2 11 5 3 1 36 2 17 9 56 4 21 1 44 2 9 1 42 2 49 7 7 3 24 16 36 4 23 3 8 0 32 6 16 2 8 0 67 43 19 1 18 2 67 1 50 14 
542 494 724 636 17 1 6 2 152 68 15 5 73 3 52 6 5 1 11 1 93 79 12 0 2 2 10 0 23 1 118 4 16 8 48 4 26 4 14 0 26 2 257 169 7 3 20 0 2303 2271 19 1 676 424 49 7 22 6 35 1 18 6 19 1 
333 23 12 0 57 5 26 0 109 87 11 5 70 2 10 2 49 21 22 0 110 26 118 102 35 3 9 1 7 1 28 0 16 0 6 0 6 2 17 1 201 177 25 1 63 3 26 0 68 0 64 44 85 55 70 20 5 1 41 11 901 793 7 1 
10 0 13 1 17 1 19 3 15 1 36 6 17 5 3 1 16 2 14 4 15 5 13 1 116 50 7 1 45 1 33 5 18 8 155 139 18 4 62 0 19 1 23 1 7 1 5 1 15 1 26 2 112 46 233 187 14 2 37 5 5 1 5 1 
38 4 6 0 13 1 36 8 9 1 92 58 168 22 16 0 22 0 9 1 51 3 15 5 23 3 78 62 73 35 62 38 15 1 11 3 26 0 29 13 25 3 15 1 11 1 1490 1432 51 13 107 7 78 22 32 0 15 1 48 2 10 2 28 0 
29 3 28 10 49 1 38 0 11 1 45 17 33 23 15 1 1325 1091 24 2 24 0 53 5 98 74 8 0 16 0 10 2 36 16 12 2 9 1 19 1 31 5 49 29 40 24 35 1 16 6 41 7 67 1 116 66 26 2 38 4 35 25 9 1 
17 1 193 153 13 3 7 1 9 1 12 0 69 1 5 1 11 1 121 75 102 62 78 68 20 8 141 91 159 3 70 0 7 1 85 1 44 0 18 2 29 19 29 1 12 6 143 75 27 13 38 16 41 11 112 14 34 2 11 3 53 11 18 2 
15 1 19 1 10 0 34 8 14 0 10 0 26 18 10 0 329 309 14 4 24 0 25 9 23 1 12 0 1 1 12 4 33 5 5 1 34 4 37 15 42 8 60 18 20 0 66 8 13 1 4 0 117 25 9 1 12 0 5 1 10 2 15 1 
0 0 13 1 41 3 33 1 30 4 37 1 30 8 15 1 111 73 14 0 8 0 33 1 37 13 23 1 12 2 168 148 22 2 110 84 126 92 6 2 104 98 121 101 40 2 26 16 34 2 73 19 57 35 26 16 30 0 9 1 41 33 38 4 
49 9 259 97 15 1 27 7 21 7 6 0 334 298 4 0 7 1 30 6 4 2 17 1 40 2 24 0 19 1 42 4 8 2 43 1 5 1 45 9 21 3 291 129 31 1 10 2 565 523 14 2 116 16 29 1 237 215 37 19 21 1 26 0 
12 0 17 1 49 1 108 80 21 13 34 16 8 0 28 10 20 12 32 0 84 2 32 4 28 0 29 5 29 1 26 2 9 3 26 8 13 1 45 17 110 48 78 50 13 1 19 1 128 92 28 8 7 1 84 0 30 4 17 1 27 7 383 339 
48 8 10 2 32 0 15 1 41 1 15 1 17 1 272 168 9 1 39 23 19 1 38 4 64 42 34 4 9 5 8 4 23 1 21 5 42 12 7 3 19 1 94 66 60 4 80 22 3 1 64 2 18 0 9 1 43 1 5 1 46 34 106 0 
1 1 15 7 6 2 132 94 14 0 71 1 16 8 29 3 19 15 43 31 27 3 493 475 18 0 88 46 35 5 23 3 36 12 3 1 38 6 24 2 22 2 15 1 115 73 38 0 12 4 18 0 24 2 75 13 19 1 19 1 48 2 9 1 
11 1 21 1 36 0 15 3 9 3 33 1 285 211 28 6 34 28 42 10 15 15 2003 1955 41 5 76 56 99 13 8 0 14 0 19 1 9 3 82 50 92 0 17 3 23 1 59 35 62 48 23 9 122 120 13 1 1328 1246 19 13 18 10 10 0 
74 24 105 31 2631 2203 67 29 30 8 7 1 36 0 4 0 53 3 54 0 7 1 23 1 41 11 11 5 852 768 42 6 15 3 33 1 6 0 14 2 41 11 61 1 90 50 109 37 46 6 76 14 40 8 11 1 9 1 50 2 97 77 224 200 
21 13 290 104 42 4 24 2 20 4 36 2 6 2 9 1 30 14 32 2 47 19 22 4 39 1 68 26 99 83 41 11 2 0 31 1 35 1 12 0 15 1 84 66 65 35 137 113 100 2 17 7 11 1 300 228 73 59 12 2 53 5 54 48 
13 1 24 2 29 3 34 10 7 1 10 2 2 0 20 14 23 1 3183 3135 12 2 47 3 6 4 349 335 34 0 17 11 70 34 6 2 121 57 48 46 13 1 280 100 13 1 31 13 51 3 10 0 26 6 34 24 25 5 431 415 22 2 4 0 
31 1 29 1 40 0 13 1 19 1 52 12 12 4 56 34 64 0 49 1 21 15 11 3 21 1 34 0 8 0 72 70 13 3 381 367 62 2 335 117 6 2 1 1 102 46 10 2 254 10 9 5 25 1 441 165 43 3 14 4 23 1 115 57 
57 35 99 41 418 292 16 2 17 1 15 1 57 5 17 3 15 11 57 5 210 118 194 178 40 30 8 0 35 3 152 8 60 6 11 3 54 0 79 7 164 68 4 0 57 13 18 4 15 7 22 2 42 0 20 0 144 120 17 3 15 9 10 2 
24 4 8 2 17 13 35 15 20 0 67 37 6 6 109 47 27 1 63 1 27 1 193 5 20 0 11 1 12 10 38 8 154 18 16 0 13 1 30 0 23 17 7 1 18 10 17 3 347 285 46 14 140 20 16 2 17 3 40 8 28 2 37 1 
21 1 8 0 79 71 34 6 38 8 39 5 63 61 28 8 26 8 27 11 39 1 251 107 65 33 20 4 39 1 25 1 405 201 53 1 20 2 32 12 22 2 72 56 27 1 47 5 5 1 12 0 15 1 4 2 32 0 4 0 27 11 75 1 
27 1 16 12 3 1 27 5 16 0 71 25 48 24 69 1 31 13 129 53 18 4 33 3 18 2 666 212 12 0 10 2 24 4 32 2 8 0 13 1 28 2 12 2 84 74 29 1 27 3 15 1 36 0 47 21 22 2 18 0 19 1 40 16 
41 21 80 46 3 1 16 8 29 3 91 5 4 0 4 0 20 0 18 2 21 7 234 218 44 14 46 22 17 1 14 2 19 1 53 5 207 191 18 4 16 2 15 1 16 4 80 2 39 3 48 2 32 10 241 213 39 1 7 1 22 0 47 29 
11 3 87 71 32 0 44 16 27 11 4 0 97 85 123 83 52 32 6 0 35 1 23 1 79 1 133 15 27 7 36 6 106 4 32 6 30 10 2 0 15 1 75 21 191 89 18 4 6 2 119 85 7 1 41 3 27 1 7 3 35 3 17 1 
17 9 47 13 32 2 19 9 36 4 15 7 41 23 49 3 28 0 24 2 19 7 14 2 85 17 17 1 79 57 36 2 12 0 54 12 45 1 3 1 10 0 51 15 131 33 7 1 77 5 81 31 31 15 7 1 31 1 14 0 7 1 13 1 
5 1 12 0 42 8 16 2 132 104 81 67 53 3 75 37 10 4 21 7 16 2 9 1 29 3 36 2 8 0 242 164 15 3 20 0 10 0 18 4 57 7 5 1 48 20 4 0 7 1 12 8 6 2 2 0 16 4 61 27 33 13 15 3 
2 0 148 38 11 7 13 1 24 6 17 1 37 3 81 63 33 9 20 0 18 2 8 2 18 0 35 15 20 0 44 20 300 240 15 1 52 8 39 3 63 3 7 1 3 1 28 4 36 0 8 2 18 0 9 3 18 6 271 73 272 156 53 3 
131 77 74 58 44 14 18 0 8 8 30 14 40 12 85 55 9 1 18 0 14 0 36 0 12 0 10 2 144 32 46 10 35 25 16 0 30 2 12 0 8 0 13 5 3 1 53 1 9 1 27 5 11 1 9 1 25 13 183 147 30 6 21 7 
137 91 27 5 19 7 4 0 15 7 45 1 396 380 95 61 35 27 30 0 24 4 109 39 21 13 7 1 40 8 111 99 52 0 39 5 22 2 16 2 29 3 11 1 6 4 26 12 68 22 52 4 12 4 110 2 37 13 112 14 75 11 8 0 
63 1 12 0 27 1 46 0 8 0 37 11 32 20 63 27 19 9 29 1 2 2 14 2 80 22 51 1 22 0 12 0 48 8 10 2 9 1 8 4 17 1 12 0 60 36 17 11 120 84 24 0 8 0 20 6 15 3 44 8 26 0 38 8 
83 33 7 3 17 1 39 3 65 15 10 2 18 0 24 8 29 1 6 2 54 18 18 2 15 1 404 276 20 6 88 12 11 5 9 1 31 9 7 3 20 6 16 0 6 0 18 4 7 1 41 11 21 1 213 205 13 1 10 2 45 13 129 41 
47 25 10 0 6 2 28 2 19 1 72 22 25 9 18 2 38 6 59 1 35 9 77 23 24 0 46 12 483 349 131 117 354 322 54 22 10 6 14 4 38 4 16 12 80 40 47 3 18 0 108 32 364 302 50 4 49 13 102 2 167 59 7 1 
179 91 469 395 81 21 2 0 110 44 113 39 24 6 57 7 36 6 13 3 40 12 61 23 27 1 54 48 26 0 31 21 46 6 14 2 8 2 17 1 18 0 30 14 29 3 39 17 509 377 209 203 40 34 6 0 218 186 10 0 13 1 25 5 
10 0 322 210 44 0 184 92 61 29 26 6 31 1 16 0 46 0 43 19 34 18 1347 1317 7 1 149 33 56 8 14 12 13 1 7 3 7 1 16 12 19 1 15 1 101 11 34 0 48 4 6 0 27 3 71 45 31 13 13 1 45 1 26 12 
21 1 8 4 223 63 15 5 8 2 14 2 18 2 58 18 8 2 10 2 110 4 80 34 21 1 19 1 355 325 415 393 13 3 40 10 22 0 50 8 3 1 26 18 42 14 20 2 55 1 84 38 3 1 21 7 278 54 12 2 568 408 4 0 
141 3 79 45 10 0 304 206 8 0 17 3 166 8 3 1 17 3 11 1 33 1 15 3 20 0 18 0 85 3 34 2 6 0 44 26 64 26 10 0 25 11 72 50 22 16 43 1 15 13 102 24 22 8 21 1 58 24 54 20 22 2 42 20 
14 8 57 25 342 338 22 2 25 7 6 0 50 46 67 21 2 2 49 7 16 2 67 39 430 380 21 11 19 1 12 0 3 1 13 1 10 2 28 0 20 4 28 0 427 349 103 1 1255 1217 22 0 42 6 86 2 13 3 38 0 30 16 40 0 
18 6 17 11 20 2 70 20 3 3 33 1 40 32 23 3 20 6 31 11 7 1 4 2 4 0 24 4 16 2 78 0 81 39 22 2 96 42 22 8 86 64 293 207 46 14 28 2 18 12 16 12 31 1 5 1 63 5 15 1 5 1 50 0 
62 2 31 5 19 1 27 5 137 73 330 210 137 79 40 2 81 35 3 1 34 16 6 0 28 8 9 1 32 4 24 2 546 336 46 18 17 3 10 6 25 13 11 3 7 3 259 97 56 24 66 2 16 12 21 1 17 1 128 0 41 1 23 3 
19 1 4 0 12 0 20 0 34 2 5 1 62 2 82 18 54 18 52 12 58 42 10 0 73 25 29 21 208 186 6 2 3 1 59 37 5 1 39 31 32 14 12 6 13 5 18 8 1739 1711 29 3 5 1 6 0 1 1 28 16 35 1 47 15 
17 7 19 7 5 1 73 11 8 4 13 1 196 170 209 167 34 14 75 9 78 22 19 3 41 1 17 1 39 19 64 40 61 33 18 16 137 107 49 1 60 4 32 2 32 20 37 15 44 0 33 3 30 2 13 7 68 4 23 1 20 0 19 1 
15 5 19 3 21 5 12 0 129 13 34 20 56 44 9 1 13 3 22 6 18 2 49 15 53 5 161 135 41 13 63 27 27 5 269 143 38 22 23 1 19 1 6 0 26 10 6 0 21 1 37 1 109 21 16 2 28 0 94 72 13 1 52 42 
2 0 73 15 22 6 27 5 26 14 11 1 65 19 40 4 57 31 15 1 18 6 506 484 30 4 17 1 7 3 12 4 12 0 43 19 57 35 18 2 84 6 26 2 85 55 131 11 37 21 11 1 88 52 16 2 158 82 21 9 10 0 26 4 
4 0 27 15 19 1 28 0 15 9 142 136 45 7 15 3 12 2 8 0 85 75 8 0 2 0 6 0 302 272 34 2 44 4 9 3 45 3 19 5 20 14 39 15 16 2 29 1 17 1 226 180 4 0 6 0 19 5 20 10 49 23 9 1 
118 8 30 6 55 3 5 1 8 0 9 3 22 0 34 8 22 2 28 0 36 0 10 2 61 53 49 3 13 5 36 14 2 0 47 5 9 3 99 9 35 27 34 0 39 7 20 2 21 7 26 8 16 2 97 57 8 0 3999 3971 10 2 25 3 
7 1 17 1 15 1 147 97 13 1 13 1 9 1 8 2 8 4 18 8 13 5 9 3 51 7 39 21 32 0 35 19 21 13 22 0 24 0 11 1 56 8 98 22 50 12 50 26 24 2 4 2 21 1 34 22 68 32 21 5 20 0 10 2 
14 0 91 81 1366 1322 72 46 56 2 140 42 59 25 16 2 12 6 23 3 16 4 13 1 17 1 30 2 92 40 10 4 113 101 3 1 20 2 7 3 668 616 12 2 14 0 69 35 5 1 41 7 37 7 64 0 26 20 96 66 21 1 47 21 
5 1 98 2 67 51 37 1 78 40 43 21 336 294 64 28 27 3 47 9 406 340 15 1 95 47 22 18 9 9 391 323 27 5 21 1 321 303 15 1 15 3 9 1 23 9 13 7 41 1 28 6 207 191 54 2 30 0 14 2 34 16 14 4 
59 1 13 3 211 173 11 1 9 3 14 4 21 1 48 4 190 148 134 32 247 1 19 1 59 5 15 9 69 3 9 1 28 4 15 1 12 4 33 3 428 386 64 0 40 2 18 0 35 1 9 7 49 25 13 1 55 41 109 71 16 2 14 4 
12 0 101 71 7 3 763 701 10 4 47 25 20 0 16 0 24 10 41 3 2 0 65 37 64 36 20 2 14 2 5332 5194 146 22 13 1 119 107 19 1 15 1 47 1 31 1 11 1 37 7 26 2 37 1 60 16 3 1 34 2 9 1 12 2 
23 15 51 5 18 6 24 12 14 0 124 64 14 8 50 0 3 3 56 4 46 30 11 1 85 77 21 1 35 9 10 0 78 22 72 18 13 5 43 1 39 3 7 3 11 1 92 4 41 33 3 1 35 7 3 1 10 2 11 1 51 1 2 0 
43 15 14 0 162 110 6 0 10 0 21 7 13 1 49 9 34 0 34 4 155 43 13 5 30 14 46 6 28 2 46 2 33 1 32 18 56 0 13 1 40 24 18 2 21 3 17 1 33 3 9 1 7 1 41 3 11 1 44 2 9 1 11 1 
9 7 71 11 102 18 48 34 13 1 105 85 8 2 6 0 48 2 20 2 9 3 105 13 13 5 19 9 13 1 5 1 505 435 839 787 52 8 30 4 27 1 265 205 17 3 20 4 26 10 36 10 486 246 19 7 26 2 46 0 13 5 178 102 
207 133 242 222 21 1 1337 1315 9 5 29 5 39 15 16 4 20 0 35 3 25 3 1479 1433 8 0 46 4 13 1 106 102 21 1 49 1 49 3 37 3 33 3 52 22 59 11 11 3 122 94 31 3 66 2 44 6 36 4 53 19 27 3 30 2 
13 9 28 24 262 86 67 23 25 3 127 117 26 6 111 79 13 1 51 11 13 3 26 20 38 18 28 0 25 7 30 4 103 1 2 0 17 3 32 2 5 1 164 116 163 111 15 1 13 1 11 1 3 1 7 7 4 0 15 1 17 1 21 11 
27 1 11 5 5 1 24 0 13 7 43 5 40 4 14 0 70 0 70 2 33 1 5 1 16 0 43 7 15 1 13 1 53 33 125 113 16 2 50 2 2 0 19 13 39 17 7 1 19 5 16 12 51 31 179 125 9 5 145 89 14 4 17 1 
76 8 128 42 34 0 163 113 56 44 14 8 15 3 29 1 32 2 1168 1162 1612 1564 9 3 52 22 8 0 3 1 36 16 9 3 14 2 77 1 8 0 19 1 3 1 18 4 11 5 42 24 33 1 18 0 346 166 29 21 46 44 25 1 16 0 
0 0 74 36 21 3 13 1 8 2 32 0 28 8 17 3 19 1 14 6 52 0 101 81 20 2 28 2 86 6 79 5 81 3 36 0 19 1 23 1 101 77 21 1 52 40 18 0 37 21 19 9 27 1 16 2 691 311 48 18 16 0 13 1 
10 0 9 1 13 1 33 1 15 1 95 1 21 1 6 0 78 48 48 2 10 0 23 1 76 24 25 13 11 3 28 2 26 2 64 60 176 148 44 12 11 1 6 4 4 0 38 22 45 5 3 1 290 276 19 1 3 1 38 6 7 3 26 0 
13 1 53 21 148 114 27 5 29 5 61 17 10 0 32 4 23 1 275 233 24 20 23 5 416 364 270 178 35 1 24 4 31 3 12 0 19 1 19 5 236 210 77 5 248 110 60 34 10 0 37 7 6 0 62 2 25 3 28 12 13 1 42 0 
35 13 36 6 18 0 37 3 72 30 27 15 20 12 20 2 16 6 70 36 2226 2160 112 28 75 45 37 1 61 5 4 0 6 4 44 18 12 4 11 1 35 1 29 15 18 2 59 7 13 1 18 2 7 1 48 14 45 3 23 1 1163 1085 35 11 
20 0 12 2 15 7 4 0 4 2 53 1 15 7 85 73 45 11 23 3 40 14 393 67 23 1 48 10 181 113 20 2 69 13 160 130 15 1 16 10 26 6 16 2 39 1 16 0 52 2 39 5 24 8 217 67 7 1 22 0 100 26 14 0 
53 11 14 2 64 52 41 1 24 12 8 0 17 1 38 28 6 0 15 11 14 4 225 201 98 6 13 1 94 54 25 1 46 12 21 1 13 3 113 1 35 9 23 5 121 65 8 2 35 1 149 117 84 18 36 2 57 5 148 130 59 19 118 4 
48 2 23 1 38 16 196 166 69 43 11 9 3 1 75 35 4 0 64 36 57 1 18 0 12 2 36 2 51 11 46 8 51 27 200 164 15 1 32 10 131 109 15 1 25 3 21 3 14 2 30 4 7 1 18 0 52 2 106 50 100 2 44 0 
7 5 12 10 44 0 83 13 15 7 18 0 17 5 33 3 2 0 144 96 394 358 43 3 10 2 7 3 31 3 61 5 34 4 26 2 34 2 12 8 10 0 35 3 6 0 89 53 15 5 10 0 27 3 134 124 29 3 21 1 35 21 15 1 
136 46 18 8 134 2 5 1 18 4 28 2 11 7 8 2 12 8 11 1 5 1 72 22 33 3 11 5 18 0 11 1 6 2 36 2 136 6 9 1 14 0 4 0 41 13 7 1 77 37 16 0 17 1 14 8 4 0 143 71 12 0 17 1 
29 1 18 0 4 0 10 0 207 183 39 1 67 5 53 5 29 9 66 4 136 4 42 12 8 0 9 1 87 55 28 4 11 1 17 5 6 2 10 2 35 3 5 1 14 2 5 1 9 1 6 4 30 12 48 0 62 38 14 2 48 2 36 6 
45 7 9 1 10 0 34 18 19 1 186 50 34 10 239 23 16 2 37 1 579 547 12 0 16 2 5 1 2 0 29 1 55 1 27 3 6 0 16 4 14 4 125 41 13 9 56 48 44 4 5166 5136 19 3 34 2 1085 1073 13 3 55 47 46 14 
76 4 41 3 110 38 11 1 320 94 9 1 7 1 8 4 36 16 10 8 35 5 4 0 23 1 642 632 20 0 26 12 24 8 12 0 15 1 19 1 17 1 271 199 223 135 92 58 74 46 1599 1527 67 27 20 0 44 6 36 10 16 2 38 8 
11 1 24 0 40 22 29 9 20 2 52 12 59 31 765 705 2 0 14 10 45 3 77 13 630 582 18 0 19 1 21 1 4 0 40 4 103 17 28 4 59 11 392 352 27 3 15 1 0 0 47 41 51 31 164 142 21 1 22 12 47 1 34 6 
2 0 15 1 94 72 35 1 16 0 52 4 12 2 45 3 273 237 3 1 8 0 12 6 14 0 28 8 11 3 11 1 2376 2336 240 108 425 265 23 11 17 1 19 7 3 1 426 374 29 7 7 3 36 16 20 0 27 1 22 6 18 2 9 1 
162 116 8 4 7 1 13 1 9 3 21 9 16 4 27 1 87 1 47 11 2 0 11 1 16 0 7 1 15 3 1913 1015 11 7 3 1 11 7 9 1 20 4 29 7 14 0 42 12 86 12 16 10 31 3 43 5 20 6 25 1 13 5 43 35 
7 1 52 42 48 18 36 0 40 0 88 14 38 6 17 1 4 0 560 470 21 3 135 19 87 1 25 5 31 7 3032 2942 72 10 44 2 79 5 43 21 54 0 44 10 51 17 28 20 145 95 85 3 42 6 38 18 28 2 2 0 16 4 9 3 
26 2 8 4 34 28 53 37 59 39 48 20 39 5 10 2 67 1 25 5 288 220 468 98 276 266 71 31 37 1 103 7 348 302 10 4 33 1 89 3 14 6 169 111 14 4 25 1 12 2 104 82 48 36 11 1 60 2 10 0 4 0 57 1 
11 7 24 8 66 0 14 0 27 7 125 79 22 0 7 1 19 7 15 3 14 4 1741 1669 27 5 45 29 37 11 80 0 21 9 65 23 29 1 138 70 19 1 83 55 30 12 103 93 75 25 40 2 38 6 22 0 209 185 11 1 21 1 14 0 
18 0 2 0 52 10 11 1 23 7 15 1 2 0 12 0 21 1 19 1 39 1 21 5 29 17 62 12 742 578 53 29 81 9 33 1 12 0 12 8 18 2 11 1 6 0 76 12 11 1 72 22 36 2 50 18 8 4 53 23 6 0 108 58 
74 2 80 22 43 27 15 9 143 1 20 4 18 2 232 134 2 0 53 1 12 2 43 27 115 13 209 79 36 18 62 8 41 1 23 9 17 1 242 190 51 1 20 2 55 31 86 10 1384 1376 38 6 14 2 15 1 25 1 8 0 16 0 23 3 
8 0 31 7 22 0 5 1 63 21 2 0 105 87 36 2 79 1 17 1 163 131 25 1 16 0 13 1 8 0 34 14 23 1 7 1 5 1 6 2 60 28 11 1 16 0 7 1 42 32 83 73 13 5 64 48 15 1 16 6 43 15 25 1 
99 61 15 1 7 1 41 25 68 4 14 2 35 1 70 12 47 13 10 4 2 0 143 65 104 66 37 1 154 106 43 1 23 5 20 0 288 74 25 9 128 70 15 9 72 32 274 144 314 242 4 0 200 150 8 0 90 16 13 1 14 4 24 2 
14 2 35 5 6 6 31 3 18 4 78 68 14 6 12 2 46 36 25 5 16 0 71 3 21 5 87 17 69 57 11 1 11 1 42 4 180 120 243 209 15 3 18 0 309 291 13 1 17 3 94 0 68 18 134 28 55 1 129 107 17 1 25 7 
25 9 51 17 11 1 101 19 55 15 44 24 34 0 7 1 14 0 39 3 32 0 831 779 260 198 46 22 35 1 28 16 216 136 35 1 41 29 43 13 11 5 143 111 8 0 35 7 15 1 10 0 27 19 16 0 101 1 51 5 8 0 8 0 
18 0 59 9 20 2 32 0 44 22 8 0 12 0 112 38 8 4 211 89 80 10 8 0 981 955 10 0 17 1 2 0 16 4 14 8 21 3 237 183 46 4 57 33 13 1 20 0 15 1 11 5 1 1 31 5 49 21 17 1 21 7 33 13 
13 5 31 1 378 306 7 1 51 3 53 19 22 14 75 7 17 3 36 20 15 1 37 5 6 0 14 4 67 31 6 0 52 8 51 5 10 0 99 73 44 12 70 10 30 10 4 0 69 7 63 15 67 35 90 84 24 4 64 0 4 2 4 0 
134 0 18 6 17 1 110 4 25 1 139 113 37 1 5 1 25 1 538 460 12 4 34 4 74 22 7 3 75 15 101 9 31 3 53 39 23 3 5 1 18 0 77 7 417 381 77 35 30 8 24 18 48 16 9 1 5 1 32 26 72 46 13 1 
29 1 22 0 11 1 6 2 13 1 31 7 458 442 78 22 17 1 271 237 36 28 68 18 117 95 15 1 98 70 61 9 82 58 6 4 19 3 19 1 17 1 278 230 15 1 12 4 50 18 41 5 111 53 32 14 22 8 51 41 28 4 127 59 
60 4 10 0 17 1 17 1 57 5 24 2 27 5 23 1 18 2 46 0 72 56 19 1 17 7 78 16 562 404 12 2 28 8 10 2 37 9 10 0 27 23 105 37 22 16 8 0 17 1 134 26 38 16 44 38 62 18 4523 4495 36 2 40 12 
2 0 55 33 30 0 11 3 25 1 126 88 23 3 110 4 125 103 39 1 8 0 51 5 14 2 32 4 42 24 7 1 598 550 11 1 21 3 67 1 96 12 41 1 12 0 55 37 24 12 31 1 82 4 12 2 3 1 228 168 8 0 17 9 
26 8 38 0 16 0 808 780 22 4 29 15 29 1 13 1 18 6 9 1 32 10 14 2 12 0 15 1 55 19 13 3 19 7 9 3 23 13 31 1 15 1 269 225 87 1 58 6 15 1 15 9 55 1 43 5 17 1 19 3 19 1 75 29 
10 0 93 47 16 6 655 587 93 23 6 0 357 323 28 10 36 0 28 20 31 1 13 7 30 8 3 1 80 20 81 57 36 10 5 1 7 3 13 1 30 4 28 14 38 18 7 1 204 128 21 1 13 1 20 2 32 8 217 153 10 0 30 2 
10 2 63 53 20 0 20 8 3 1 10 4 63 13 67 3 22 4 75 67 50 2 18 4 34 2 42 6 3 1 11 3 10 8 34 2 9 1 755 691 104 40 370 276 113 73 16 6 14 0 12 0 19 1 8 0 55 1 33 19 17 1 131 3 
85 55 42 12 71 23 43 1 309 87 56 14 34 12 65 55 30 0 120 86 10 2 77 5 23 1 24 0 25 17 388 308 13 1 31 5 41 3 4 2 37 19 29 11 14 0 33 7 29 9 22 6 22 2 198 150 17 5 20 4 58 50 36 18 
27 5 30 12 16 2 29 27 57 3 162 122 2 0 9 1 57 7 11 1 8 0 39 1 24 10 6 2 10 2 23 1 250 200 29 3 13 1 27 5 4 0 6 0 63 1 113 77 32 8 367 61 1 1 62 6 44 38 19 1 32 22 22 0 
18 0 34 18 6 0 40 24 10 4 4 0 46 6 64 4 21 1 32 2 41 3 83 63 7 1 33 1 21 17 12 4 12 0 24 0 21 5 5 1 67 15 32 8 34 14 25 15 105 1 25 1 2 0 162 94 23 3 34 2 69 1 15 11 
17 1 91 19 12 0 47 19 23 3 110 84 11 1 24 2 23 1 5 1 17 3 49 7 4 0 19 1 55 17 6 0 8 0 16 0 3 1 5 1 15 1 18 4 10 0 61 1 29 13 15 3 202 176 8 0 22 2 42 6 33 13 48 2 
18 0 51 1 49 15 26 0 39 23 8 0 26 2 7 1 21 1 45 1 170 32 58 54 1069 1007 193 47 104 26 19 3 8 0 30 12 12 0 42 22 22 14 46 20 29 3 4 0 13 3 23 3 0 0 14 8 6 0 4 0 26 2 39 1 
269 123 216 198 17 1 44 0 18 2 71 43 30 20 25 1 41 3 18 2 29 21 83 1 11 1 168 148 9 3 1409 1397 12 4 51 25 33 5 10 4 30 14 14 0 16 6 30 2 228 184 14 4 90 52 298 148 84 22 21 1 18 4 443 353 
13 3 28 8 10 0 43 7 14 4 18 6 44 14 29 1 12 2 7 1 18 6 4 0 59 3 41 5 158 146 7 1 18 2 14 8 10 2 71 19 33 7 52 4 31 11 39 7 5 1 27 1 20 2 2 0 35 9 17 3 296 126 78 2 
40 22 48 0 21 9 15 1 168 118 15 1 79 1 28 0 132 44 64 2 15 5 74 40 375 323 35 3 56 8 31 1 37 1 196 104 4 2 16 2 38 4 33 13 37 17 28 2 26 8 14 2 23 3 16 2 42 8 202 180 9 1 21 3 
8 2 66 4 56 30 47 3 15 3 4 2 11 3 27 21 12 0 31 19 7 1 65 3 6 0 20 2 56 10 20 2 37 17 8 0 54 8 19 1 22 2 4 0 11 1 24 0 22 2 25 1 8 0 28 2 38 12 351 239 71 13 7 1 
14 4 43 7 69 3 13 1 15 1 17 1 115 3 29 11 30 16 15 1 195 141 35 1 13 1 26 4 68 4 20 0 112 106 22 0 7 1 31 7 11 1 20 10 66 2 984 964 26 2 53 7 27 15 14 2 20 2 16 0 19 1 49 5 
8 2 5 3 20 0 21 1 23 5 10 2 204 158 51 1 10 0 20 0 14 2 31 27 1 1 81 9 21 7 69 17 40 2 16 2 26 24 13 5 100 32 71 19 37 7 11 1 26 6 71 3 50 16 32 4 13 1 224 158 46 24 23 5 
1515 1413 95 83 24 2 23 1 73 27 131 53 59 3 23 3 9 1 29 3 74 46 379 367 18 0 44 8 85 67 35 1 5 1 23 9 31 7 21 1 23 3 25 3 17 1 1 1 4 0 54 28 4 0 190 150 12 6 42 12 31 1 10 0 
37 15 16 2 11 1 12 0 40 14 33 1 58 30 40 14 20 2 52 10 114 64 26 10 22 8 33 11 35 1 18 4 11 1 19 1 9 3 8 0 16 6 7 3 74 58 10 0 167 103 490 468 10 0 169 17 391 81 2 0 263 179 64 20 
16 0 30 10 13 3 183 115 23 1 119 105 7 1 31 13 14 0 17 3 13 1 146 18 14 0 19 1 13 1 71 53 29 13 138 110 6 0 11 1 301 211 27 3 23 5 78 12 12 0 10 0 5 1 241 203 3 1 10 2 44 2 24 0 
34 18 19 1 18 4 54 4 17 3 284 196 45 23 17 3 13 1 45 13 26 18 83 25 32 2 29 1 71 5 9 1 22 2 18 2 15 3 12 4 56 14 85 11 24 0 71 25 50 2 4 0 11 1 144 88 31 1 182 18 7 1 74 30 
35 9 21 3 18 0 33 5 34 4 17 1 17 3 32 2 22 0 91 67 13 5 209 107 16 2 9 1 1239 1217 16 2 3 1 70 0 1 1 27 9 45 21 165 121 19 5 79 7 17 5 53 11 32 16 12 0 331 139 12 6 10 0 14 10 
29 5 18 2 11 3 4 0 8 2 41 17 57 3 54 38 36 0 23 3 14 0 93 7 13 1 5 3 6 0 3 1 36 8 48 2 15 3 120 100 3 1 19 1 221 201 6 0 64 8 47 15 34 2 24 16 56 44 6 0 27 3 20 8 
14 8 45 1 26 0 61 43 60 2 8 0 74 0 28 0 11 1 9 1 8 0 248 172 11 1 16 12 18 0 8 0 23 1 8 0 1 1 18 2 98 2 256 218 24 10 31 13 24 0 140 24 24 0 37 11 19 5 15 11 26 18 337 303 
5 1 28 12 116 34 39 1 34 8 8 0 44 0 5 5 78 22 17 3 7 5 18 0 239 73 13 9 26 10 6 2 89 23 18 0 131 69 2 0 43 1 58 48 37 3 11 3 77 29 14 0 1469 1443 17 1 63 51 10 2 26 2 1005 957 
232 200 9 3 105 71 20 0 6 0 27 5 16 10 15 3 6 2 5 3 72 20 18 8 14 0 10 2 10 2 158 122 52 8 101 53 170 124 295 229 14 0 164 70 1123 1071 49 1 81 1 22 12 18 2 9 1 73 7 42 0 11 1 5 1 
16 0 14 2 13 1 3 1 21 1 49 3 118 22 86 42 9 1 13 1 16 4 112 94 6 0 12 0 12 2 8 6 39 5 3 1 7 1 25 3 16 0 15 1 3 1 56 18 482 446 27 1 161 105 49 31 84 8 49 9 19 3 10 0 
46 26 60 18 15 3 617 543 37 1 32 12 4 0 9 1 3 1 37 3 474 464 20 0 19 1 88 4 30 4 73 51 23 1 9 1 7 1 16 2 34 0 13 1 86 2 29 7 24 4 102 30 15 3 12 8 34 18 34 0 63 5 50 2 
58 0 12 4 95 11 16 2 17 1 11 1 13 1 20 6 47 31 18 2 562 538 123 39 132 84 14 4 89 21 78 54 89 51 24 6 12 2 2 0 287 221 7 5 133 109 20 14 21 3 14 0 21 5 35 1 30 14 9 1 32 8 28 8 
144 138 17 1 23 1 37 11 124 6 3 1 27 11 9 1 13 1 52 22 15 1 32 2 7 1 95 57 38 14 8 0 66 10 17 3 21 1 11 1 74 4 37 3 17 11 16 2 60 48 114 70 20 4 253 159 27 1 23 3 109 91 18 2 
110 46 22 0 258 218 27 5 36 4 9 1 12 0 38 6 103 61 60 36 318 268 28 8 16 0 1 1 9 1 13 1 40 10 34 22 36 6 18 2 17 13 37 23 11 1 7 1 23 1 1216 1186 8 0 12 2 16 2 68 6 32 2 28 20 
11 1 159 139 16 0 29 3 17 1 16 0 12 0 23 1 10 0 22 2 19 3 12 2 12 0 55 3 18 12 16 2 129 95 26 6 43 3 17 1 16 6 1 1 8 0 33 1 33 1 2149 2133 44 4 22 10 23 1 11 1 13 1 27 19 
98 82 50 6 24 0 48 8 51 27 26 2 12 0 82 70 252 110 35 13 74 26 355 331 84 18 8 2 11 1 967 649 212 44 52 0 44 22 14 0 37 1 62 16 22 0 8 0 4 0 41 25 19 1 25 1 242 172 30 0 36 0 4 0 
29 9 16 2 32 6 2 0 7 3 92 28 20 2 47 21 689 441 90 4 85 75 11 1 11 1 48 24 37 5 2065 2045 3 1 73 7 74 0 354 256 12 2 7 1 53 3 40 22 247 213 31 9 13 5 42 28 20 0 29 9 48 6 43 19 
40 4 24 12 18 0 18 14 9 1 15 3 47 3 32 14 41 13 26 0 12 2 15 3 8 0 10 0 49 3 318 264 122 106 17 1 21 15 19 3 28 2 23 5 33 11 60 40 23 3 21 1 42 2 829 747 121 107 40 14 34 8 44 22 
31 11 22 0 313 183 755 737 5 1 26 8 203 71 51 29 39 1 48 18 8 0 13 5 29 1 18 2 31 1 30 0 8 2 101 85 23 3 6 0 10 6 3 1 21 5 79 61 5 1 57 29 23 3 15 1 29 1 48 0 20 0 26 0 
20 0 37 15 53 17 96 18 26 2 168 66 19 1 5 1 39 23 12 6 17 1 116 98 11 3 55 41 2 0 26 10 90 44 8 0 22 2 1251 1233 27 1 77 19 16 0 6 0 32 22 7 3 11 1 8 2 5 5 18 12 22 0 49 17 
21 1 31 1 30 2 75 11 13 1 312 76 229 171 127 51 20 0 66 34 25 13 12 2 14 2 105 45 16 0 251 121 120 84 79 51 6 0 18 10 14 4 36 4 12 4 66 48 23 5 12 2 100 12 131 109 131 105 12 4 23 1 28 22 
28 12 40 0 4 0 39 3 21 3 28 2 3 1 35 5 12 0 85 13 33 19 30 4 11 3 37 23 19 7 73 11 18 10 10 0 54 0 4 0 21 1 14 4 22 6 6 2 65 3 53 15 19 1 45 9 61 29 49 7 24 8 25 1 
33 7 115 39 4 0 76 52 54 0 39 1 7 1 19 5 15 1 25 1 19 1 97 55 15 1 15 7 14 0 16 14 13 9 78 58 12 0 3 1 26 2 13 1 36 12 13 1 13 1 6 0 37 3 67 39 10 2 72 30 9 3 108 64 
48 0 79 43 7 3 7 3 40 6 31 19 72 2 4 0 27 1 33 21 24 4 10 0 12 0 9 1 25 1 38 10 45 15 36 18 60 24 43 1 10 2 40 4 40 26 30 6 11 1 62 24 10 0 54 12 21 1 10 0 22 4 206 76 
117 59 9 3 19 3 80 56 46 8 24 2 8 0 27 3 252 210 11 3 11 3 93 3 47 39 20 0 39 25 36 18 18 0 34 6 41 35 22 0 173 33 54 16 15 1 13 1 8 2 53 45 6 0 57 35 23 15 87 21 15 1 56 2 
11 1 68 18 234 212 3 1 462 446 96 84 55 43 76 60 26 12 47 3 5 1 15 3 42 28 129 27 8 4 23 11 23 3 24 0 26 24 36 2 11 1 116 6 53 49 29 19 6 0 11 1 39 25 41 25 21 3 86 38 39 11 9 1 
327 289 56 46 19 13 39 9 38 2 12 4 96 74 2 0 4 2 17 5 34 4 51 7 21 1 14 6 408 286 52 30 10 2 7 3 140 20 40 0 31 1 11 1 17 9 11 1 35 17 14 2 19 15 5 1 16 2 199 141 12 4 1 1 
19 9 21 15 2 0 4 2 80 66 30 4 21 1 19 1 48 6 4 0 92 18 886 810 87 17 60 2 12 2 7 1 41 1 16 2 239 185 34 0 112 14 21 1 11 1 49 21 40 16 13 1 19 1 43 5 9 3 14 4 36 4 28 2 
49 1 18 6 6 0 17 1 4 0 9 1 35 27 28 4 40 0 15 3 40 24 86 58 112 90 17 3 14 0 17 3 179 93 17 3 44 28 37 11 31 1 4 2 15 1 182 60 16 0 41 13 83 5 105 73 12 6 34 10 14 2 67 1 
18 6 85 71 24 0 14 4 152 104 10 0 34 0 102 54 11 1 5 1 46 6 11 1 109 53 84 44 29 15 14 4 23 1 13 1 226 168 38 26 244 214 2 2 63 49 48 36 2657 2527 17 7 23 1 19 1 28 6 159 41 24 12 21 9 
28 0 156 56 481 455 25 5 17 5 15 1 46 2 18 2 34 6 216 120 22 0 49 1 1 1 21 1 60 0 5 1 66 28 20 2 68 28 12 4 25 7 2925 2869 14 0 95 67 9 1 92 2 41 27 71 63 30 0 28 12 53 1 7 3 
24 12 40 4 4 0 47 1 11 1 30 6 54 2 15 3 202 46 38 26 13 3 18 4 8 4 12 2 70 0 38 30 15 1 44 10 9 1 11 7 56 40 30 0 34 0 21 1 17 9 35 1 49 21 8 0 43 19 8 0 30 4 30 14 
28 2 10 0 21 3 161 137 38 2 18 0 384 354 34 18 5 1 19 9 18 8 26 0 180 66 16 2 24 18 107 23 208 18 25 19 54 30 18 12 11 1 15 3 3 1 6 0 11 3 9 1 15 1 38 2 9 3 44 24 61 3 37 15 
12 2 17 1 25 9 17 3 24 0 4 0 46 24 15 5 44 18 19 1 18 2 33 1 128 108 32 2 17 7 425 361 13 1 21 1 48 4 28 0 16 0 27 7 136 82 21 7 18 0 9 1 54 18 144 94 78 16 166 74 13 1 2 0 
19 11 11 1 77 15 3860 3788 21 1 23 1 34 0 74 18 18 0 9 1 20 2 12 2 987 965 53 1 221 205 16 2 21 1 32 0 5 1 18 6 31 3 5 1 59 3 29 1 31 19 25 15 33 15 120 66 108 86 10 0 23 1 11 7 
16 0 6 0 17 1 427 389 8 2 28 4 24 14 24 8 146 86 11 3 23 1 43 3 30 12 10 0 71 3 7 1 20 8 16 0 158 144 99 65 21 1 257 215 15 1 88 0 9 3 94 52 28 14 74 36 36 8 20 2 33 17 214 140 
8 4 40 0 26 8 8 0 64 12 11 3 1015 901 32 0 59 3 50 4 131 111 41 3 24 0 6 0 4 0 24 0 23 5 29 11 69 35 24 0 49 1 11 1 26 2 13 1 15 1 4 0 43 11 74 52 16 0 12 2 20 8 22 4 
44 8 90 58 94 48 6 0 17 3 17 3 23 3 141 107 15 3 32 2 7 1 30 12 393 313 28 8 37 3 72 36 23 15 7 1 146 28 11 5 186 166 17 1 47 1 15 1 40 2 68 30 105 23 22 0 113 45 20 10 21 1 32 0 
221 5 20 6 230 206 64 28 10 0 533 411 19 3 130 64 10 2 64 12 8 2 10 6 13 3 5359 5201 22 8 45 7 10 0 159 121 60 8 11 1 25 11 79 67 91 11 22 0 62 2 141 113 18 0 15 9 24 2 36 4 56 4 73 3 
24 0 11 1 33 5 36 0 16 0 26 0 49 3 90 62 16 12 29 1 26 2 92 58 20 4 9 3 63 45 25 3 11 5 41 1 13 5 23 5 11 1 84 56 5 1 122 34 18 0 18 8 48 4 160 80 174 122 16 8 25 1 28 8 
43 29 87 73 69 7 23 1 15 1 3 1 17 1 10 0 11 1 50 6 39 1 40 6 5 3 98 44 1056 1040 101 51 3 1 122 36 11 3 2 0 27 7 102 42 37 7 83 63 46 26 15 3 63 25 16 6 288 230 30 4 26 0 18 2 
293 227 9 1 23 3 131 105 125 65 39 3 12 4 24 8 28 0 13 3 22 0 6 6 9 7 83 57 23 5 89 1 11 3 19 3 14 6 21 1 11 1 44 28 40 10 21 3 91 63 30 0 18 6 11 1 5 1 101 69 118 34 215 207 
8 0 17 1 23 19 50 26 46 6 115 59 92 84 40 0 2 0 33 3 13 7 12 0 15 1 10 2 53 29 37 1 346 250 43 5 33 3 19 1 19 1 10 2 72 0 11 1 22 0 36 0 80 48 12 2 12 6 18 16 13 3 16 10 
11 5 34 8 4 4 3 1 272 180 80 70 36 20 38 4 10 2 7 1 4 2 33 1 46 4 27 5 16 14 33 13 22 0 154 110 71 35 11 1 122 74 75 45 26 18 14 0 45 11 10 2 51 25 11 3 49 3 49 15 54 18 36 26 
23 7 30 0 37 21 24 6 7 1 7 1 19 1 181 69 27 7 20 0 11 7 19 7 5 3 51 1 2 0 60 0 26 2 6 0 29 1 30 0 13 1 12 0 36 2 88 4 17 7 44 26 15 1 22 8 51 7 8 6 19 5 32 6 
38 6 59 27 23 3 61 5 22 0 21 1 82 38 16 6 25 1 12 0 30 2 32 8 15 1 79 37 37 17 50 0 22 4 39 1 12 4 49 23 9 7 25 5 19 1 120 110 98 2 53 15 57 15 47 1 314 304 12 4 14 4 7 1 
23 3 33 25 11 1 31 3 161 113 16 8 65 1 18 0 7 1 42 0 36 6 9 3 13 3 20 2 10 6 224 182 38 28 13 5 16 0 32 6 11 1 34 10 9 5 197 37 12 2 20 2 14 0 66 14 31 15 64 20 19 5 46 0 
24 2 14 2 21 3 14 2 11 3 495 457 11 5 22 2 20 2 161 71 52 36 38 10 100 42 62 2 5 1 6 0 50 38 47 1 6 0 35 5 11 5 9 1 31 13 189 5 10 2 20 8 62 52 32 4 21 3 64 32 75 3 44 32 
4 0 5 1 36 30 26 0 13 3 38 0 43 3 11 1 15 1 398 354 67 11 39 29 52 38 35 15 56 2 185 97 17 7 4 0 47 3 16 10 28 12 40 2 14 2 5 1 14 0 4 0 121 85 27 3 1497 1423 8 0 42 6 15 1 
13 1 6 0 30 2 18 0 20 10 8 2 9 1 9 1 218 172 2 0 246 212 34 4 17 3 88 2 422 388 32 16 10 6 18 2 70 36 17 1 5 3 23 1 22 0 13 1 4 0 17 5 22 0 34 0 12 2 70 10 108 52 9 1 
58 42 48 6 16 0 34 0 102 22 24 2 19 13 27 1 108 2 18 2 12 0 81 63 36 14 50 4 21 5 17 3 10 6 6 2 16 0 14 8 156 140 472 320 18 0 5 1 39 3 3 1 23 1 13 3 64 8 73 9 28 14 29 3 
124 70 12 2 11 1 45 9 43 5 28 0 32 0 103 77 6 0 16 8 5 1 88 40 15 1 25 1 29 3 4 0 29 5 174 2 17 1 7 1 3 1 4 0 21 3 1 1 17 1 21 1 55 9 5 1 43 13 36 4 57 37 14 0 
13 1 13 1 22 0 65 25 8 4 140 72 37 11 109 73 21 5 39 21 169 87 11 1 62 2 12 2 18 2 18 0 3 1 549 407 124 88 22 14 14 4 52 4 588 510 57 1 43 1 74 4 71 1 10 0 18 0 17 1 60 46 26 4 
5 3 5 3 24 0 85 3 4 0 12 0 14 0 23 3 10 2 11 1 14 0 38 0 24 12 30 2 8 2 22 8 37 1 4 0 39 19 33 25 11 1 9 1 8 2 9 1 8 2 226 176 6 0 27 5 22 16 40 2 42 10 23 1 
19 17 4 0 4 2 167 65 14 4 6 0 18 6 56 28 77 69 11 1 21 1 39 3 4 0 40 4 32 8 33 21 26 6 4 0 20 0 34 30 111 1 36 6 40 2 10 0 154 134 434 380 73 3 11 3 73 23 97 31 12 4 216 184 
74 12 105 49 94 46 36 6 88 68 10 2 21 1 46 34 4 0 4 0 6 2 126 50 21 3 58 2 10 2 33 1 357 345 11 1 38 26 33 1 12 2 195 159 53 1 7 1 18 8 68 4 51 25 40 4 42 4 1472 1450 10 0 24 8 
35 1 25 1 15 5 19 1 394 198 18 6 16 0 5 1 32 12 20 6 101 33 102 4 24 2 19 1 182 116 22 2 14 4 449 409 23 1 5 1 471 311 23 5 50 18 33 3 17 1 10 0 212 68 20 8 43 13 6 2 7 1 18 2 
19 5 25 1 11 1 14 10 10 0 10 2 0 0 29 15 70 56 16 0 13 3 13 1 20 2 5 3 25 17 21 1 28 8 37 1 17 3 41 1 29 1 78 0 42 6 352 280 4 4 19 7 5 1 17 1 10 4 45 23 128 106 5 1 
40 8 17 1 31 1 11 3 16 2 41 3 10 0 31 5 40 6 39 3 36 4 52 0 45 5 22 2 31 1 43 25 228 186 44 4 11 1 31 17 15 3 26 0 29 3 154 134 273 269 30 10 8 0 48 0 32 4 12 0 6 0 115 91 
281 141 62 6 31 1 29 13 66 58 10 0 44 26 31 25 25 5 8 0 6125 3331 18 8 14 2 13 1 369 323 13 3 16 0 11 1 14 0 867 809 13 5 18 8 86 56 29 19 12 2 11 1 4 0 16 2 33 3 92 38 55 3 17 1 
20 2 19 3 10 2 12 2 54 42 37 5 746 718 55 19 8 0 31 11 25 1 185 45 22 12 10 2 25 5 6 0 5 1 64 16 6 0 54 2 8 2 22 4 12 2 1564 1550 30 0 7 3 9 3 6 0 66 2 117 101 21 1 62 58 
32 0 19 11 123 35 64 18 22 2 8 0 3 1 10 8 13 1 28 8 33 1 187 165 733 285 15 11 40 10 12 0 2218 1534 37 29 33 7 57 9 78 26 39 13 8 6 3 1 11 3 52 12 18 0 15 5 28 0 31 5 2 0 81 15 
13 1 36 26 19 3 20 2 34 2 18 6 7 1 39 1 33 1 75 11 29 3 4 0 205 189 17 1 10 4 780 720 2 0 44 0 86 64 793 33 30 14 171 109 16 0 30 12 9 1 47 1 25 1 23 1 220 202 5 1 17 9 37 11 
24 4 5 1 9 7 93 27 45 29 17 1 66 16 44 10 5 1 29 1 15 1 9 1 28 4 29 19 25 5 4 0 5 1 40 18 56 0 12 0 13 1 14 10 4 2 228 164 313 285 5 1 18 6 60 48 8 2 24 2 16 2 6 0 
329 311 5 1 62 0 67 1 142 104 14 0 37 3 20 2 12 0 11 5 42 0 40 0 94 66 67 11 9 5 41 1 9 1 8 2 76 44 57 5 28 2 112 2 7 3 33 7 45 3 81 55 34 26 28 22 227 157 9 7 24 12 20 2 
53 17 8 0 11 1 63 31 22 0 2 0 17 1 70 8 15 9 247 165 366 352 12 0 48 10 58 10 73 1 13 1 23 1 89 7 7 5 14 2 499 369 57 49 1207 1173 31 5 10 0 3 1 7 1 15 1 56 2 22 4 37 17 198 84 
46 22 23 1 43 21 16 2 16 8 2 0 128 108 23 1 37 15 64 18 15 1 56 20 20 6 9 3 30 14 46 10 50 8 12 0 78 32 38 4 95 13 1988 1946 18 0 50 2 22 2 12 0 10 4 27 1 80 60 272 220 47 23 53 29 
19 1 54 14 64 0 95 31 53 19 16 10 15 1 45 37 42 10 38 12 56 30 32 0 760 710 16 4 11 1 23 1 28 14 65 5 49 9 11 1 12 2 10 2 22 0 7 1 55 1 2229 2157 32 6 93 37 151 11 6 0 62 18 25 9 
62 38 15 1 34 0 38 4 24 8 118 22 20 0 124 0 22 0 40 26 12 4 7 5 16 4 131 115 40 12 6 0 73 1 12 4 14 2 10 4 98 46 134 52 11 1 53 5 32 12 0 0 22 6 15 1 79 47 13 1 103 5 16 8 
649 389 7 1 33 7 8 0 23 11 36 6 11 1 13 1 46 14 24 0 8 4 11 3 14 0 14 0 13 1 195 101 39 3 26 2 2 0 84 0 177 151 53 43 61 13 33 1 13 1 12 6 10 10 12 0 18 4 24 6 16 0 8 2 
7 3 19 1 1097 1079 14 2 17 1 21 11 11 3 34 4 13 1 32 0 15 1 3 3 54 4 77 47 44 4 16 0 6 0 57 11 11 3 38 4 59 9 615 529 30 0 10 2 50 4 8 0 40 16 23 13 322 288 256 50 36 30 6 0 
45 13 11 1 26 6 23 3 45 19 43 1 14 0 4 0 40 16 20 8 19 5 16 8 8 0 30 6 51 35 46 6 36 8 16 0 14 2 9 1 7 1 130 14 13 1 21 11 8 2 32 0 8 0 1 1 4 0 40 18 5 1 82 62 
40 6 35 5 30 0 23 9 9 3 6 0 3 1 52 6 10 0 95 11 24 0 53 29 29 7 13 1 10 0 20 0 213 171 138 20 9 1 81 43 35 5 8 2 173 151 57 15 249 63 26 2 5 3 101 23 81 41 39 1 155 139 30 6 
155 125 289 151 65 45 13 1 36 14 506 484 18 0 70 0 10 8 21 1 9 5 115 23 8 0 8 2 15 5 16 2 77 23 7 1 96 24 20 4 7 5 48 16 13 1 49 11 16 0 60 2 33 1 79 1 78 60 21 7 40 12 32 2 
30 14 50 0 16 0 19 9 25 1 14 4 9 3 15 1 13 1 68 10 338 328 10 2 12 6 38 8 9 5 68 14 71 11 67 55 2 0 34 14 31 1 22 2 33 1 23 1 376 362 33 21 7 1 73 1 11 3 64 20 16 0 5 1 
116 68 30 16 11 1 76 52 276 248 11 1 31 1 72 68 6 2 55 7 87 29 113 5 9 1 36 0 62 6 38 18 91 59 13 3 6 0 25 1 50 8 27 11 23 1 60 6 45 7 4 2 50 4 13 3 47 23 48 2 1280 1228 13 3 
47 41 29 21 8 0 33 1 37 15 40 32 60 56 23 3 11 5 79 27 14 0 237 167 166 116 60 2 36 2 6 2 50 2 204 146 19 1 481 427 54 24 18 6 17 1 15 1 6 2 10 2 41 25 137 61 18 4 229 223 23 1 19 1 
9 1 45 37 62 10 28 2 116 30 3 1 72 40 1503 1431 112 96 26 0 49 7 19 5 48 6 53 15 22 12 15 1 48 24 15 9 99 91 28 16 13 1 82 70 116 20 54 18 473 443 43 21 17 1 26 0 138 20 24 0 42 6 17 1 
28 12 18 2 95 39 5 1 41 15 36 30 18 0 8 0 2 0 74 16 45 1 48 14 44 16 14 2 27 19 10 0 14 4 90 72 28 0 25 1 10 0 2 0 63 27 4 0 66 16 37 25 556 376 25 3 5 1 7 1 41 1 23 19 
245 201 14 0 37 3 27 3 154 128 48 30 32 10 11 1 24 0 64 4 69 39 11 5 28 10 409 297 16 2 6 0 136 26 16 4 28 4 11 3 15 1 11 1 128 116 3 1 40 16 8 0 25 13 39 1 18 0 17 5 742 448 39 13 
13 5 257 215 8 0 13 1 39 19 101 87 70 28 7 3 32 8 92 40 9 1 30 6 26 8 806 520 92 70 63 1 33 1 14 0 20 2 6 0 8 0 36 14 135 41 23 1 8 0 54 0 14 2 15 5 7 1 15 1 5 1 9 1 
7 1 113 35 8 0 14 0 24 8 27 11 6 0 118 66 17 3 13 1 10 0 40 4 311 55 33 3 9 5 17 1 56 10 12 0 35 11 55 3 185 123 9 1 40 24 21 17 611 583 17 1 204 182 10 0 129 119 4 0 162 2 13 9 
42 0 49 15 38 10 39 5 76 16 23 1 29 19 219 169 12 0 125 47 11 1 27 1 15 3 18 2 68 26 284 252 21 1 27 1 28 24 51 49 529 309 15 1 12 8 27 1 13 1 65 7 13 1 20 0 30 2 64 30 14 0 1 1 
20 0 15 5 8 0 31 3 40 10 21 1 51 1 57 39 39 15 113 13 5 1 39 1 48 2 21 15 58 2 21 5 3 1 5 1 36 4 8 0 18 12 26 0 4 0 30 0 39 1 18 2 8 0 134 0 46 28 42 38 2 0 8 0 
69 5 5 1 97 21 102 50 19 1 33 17 29 1 26 0 5 1 52 42 6 0 14 2 22 4 27 1 71 1 10 6 28 20 63 59 24 2 48 2 337 327 23 1 69 3 11 3 82 0 152 136 20 4 67 11 11 1 10 0 109 21 978 958 
7 1 94 10 5 1 32 24 75 11 94 60 38 10 11 3 17 1 14 4 62 8 411 323 75 15 314 124 134 40 41 1 44 2 43 11 21 1 85 33 14 0 13 1 13 1 10 0 12 0 18 0 167 69 7 1 57 3 6 2 66 6 12 2 
26 4 54 30 69 7 62 22 19 1 24 6 374 286 189 151 28 6 41 1 79 21 61 41 10 2 227 195 20 0 11 5 44 6 40 20 36 8 15 1 13 3 6 0 73 15 14 4 16 6 105 75 41 27 5 1 30 22 24 0 7 1 73 27 
404 76 419 393 30 14 20 2 16 0 48 4 17 1 28 2 11 1 47 7 39 27 21 9 8 0 22 16 21 13 141 11 17 3 19 1 389 383 141 67 31 1 119 93 33 5 18 0 7 1 28 2 23 3 72 16 44 32 54 8 9 1 7 1 
925 905 11 1 16 0 23 9 28 18 61 11 127 17 21 1 40 10 30 4 0 0 213 171 158 144 24 0 6 0 19 1 8 0 49 1 11 1 45 1 206 158 6 0 28 0 46 2 14 0 20 2 37 1 31 1 1624 1316 48 2 28 0 14 4 
15 1 30 0 219 185 49 37 235 145 8 2 90 0 11 3 55 15 34 4 79 45 75 15 349 229 49 31 70 2 6 0 19 1 162 152 46 36 17 13 64 34 12 6 38 10 17 5 3 3 26 6 28 14 19 3 34 8 33 19 30 12 11 5 
31 13 141 113 10 6 19 15 32 0 92 36 19 1 43 3 51 13 60 42 29 1 175 129 33 25 97 69 26 4 10 2 14 0 13 7 30 26 113 51 25 1 24 2 38 4 364 340 101 79 36 6 55 27 16 6 21 1 441 181 43 21 15 5 
35 1 269 241 7 1 13 1 27 3 9 3 30 0 48 18 71 3 6 0 27 9 65 41 236 178 54 20 4 2 1640 1634 11 1 151 17 27 13 27 1 31 21 19 1 5 1 62 4 10 2 8 2 36 2 164 72 17 1 6 2 4 0 18 4 
207 189 79 1 12 6 14 2 31 1 34 8 69 55 13 1 208 50 12 0 193 133 21 5 15 1 3 1 191 153 25 1 5 1 22 0 17 3 17 1 21 1 54 10 33 5 37 13 5 1 59 1 12 2 10 2 21 3 15 1 53 41 9 1 
72 62 30 2 373 115 12 4 121 95 24 2 61 37 24 4 124 78 122 82 107 67 12 0 46 4 50 38 54 40 14 4 31 9 13 1 37 1 50 4 30 0 3 1 65 31 10 0 66 38 22 0 34 12 44 2 134 114 55 25 9 3 63 5 
6 0 132 64 39 1 31 1 17 1 7 1 23 3 6 0 9 1 35 13 4 0 35 15 9 1 20 0 16 2 33 3 29 1 17 3 35 25 20 2 38 6 56 12 39 3 26 4 25 1 51 31 24 0 82 8 27 23 16 0 58 2 4 0 
44 12 36 0 19 3 28 4 20 12 15 3 14 2 41 1 17 1 14 0 18 2 16 0 261 123 18 0 91 3 12 6 60 2 37 15 123 49 48 2 13 3 41 5 36 18 149 117 10 2 3 1 9 3 13 3 3 1 124 2 30 4 25 11 
31 17 98 74 58 36 44 0 5 1 9 1 47 3 42 2 12 2 18 6 53 3 19 3 81 51 321 283 25 1 28 10 70 36 49 11 12 2 42 6 24 6 6 0 181 99 23 5 19 5 40 2 4 0 4 2 31 5 30 0 19 11 8 0 
14 10 107 1 65 13 75 41 17 1 49 33 187 149 10 2 25 1 56 14 109 67 45 1 11 1 12 8 7 5 37 1 23 3 668 654 845 281 32 2 17 3 18 0 39 5 142 38 14 0 25 3 24 10 8 2 38 0 59 17 36 2 52 28 
42 2 32 4 2 0 65 25 22 0 36 26 1 1 152 136 19 1 23 1 4 0 25 1 53 19 15 1 19 1 87 43 40 16 5 1 28 0 7 1 26 10 11 5 9 1 31 15 338 288 33 1 19 17 217 165 6 0 218 8 139 113 41 15 
26 2 34 6 1706 1692 6 4 82 40 45 23 52 16 11 1 10 4 43 25 25 1 205 79 2 0 35 3 11 1 9 1 26 0 8 0 29 15 9 1 24 0 14 6 5 1 39 27 10 2 68 2 87 35 10 8 213 185 20 14 9 1 65 37 
9 1 1 1 22 2 17 1 68 18 62 30 3 1 71 39 31 1 21 1 57 9 13 1 24 0 44 6 743 231 8 4 9 3 50 0 20 2 129 33 9 1 20 0 8 2 44 2 425 401 6 0 43 1 15 7 13 1 58 32 17 1 55 25 
51 5 12 2 51 7 41 1 23 1 105 1 4 0 71 27 77 49 56 0 15 3 35 11 5 1 9 1 5 1 50 6 38 28 23 3 63 1 38 6 25 3 46 2 19 11 11 9 12 0 4 0 20 0 49 7 12 0 13 1 6 2 76 22 
63 1 34 18 3 3 279 27 113 83 121 85 7 3 32 2 9 1 3 1 2 0 50 2 26 0 24 10 180 150 8 2 1 1 31 3 18 4 314 276 30 14 66 0 55 31 10 2 60 20 12 0 7 1 5 1 26 0 15 5 63 7 55 1 
44 36 11 5 30 4 37 11 21 3 604 560 10 0 19 1 124 72 25 1 37 11 67 1 44 2 30 16 19 11 18 0 189 51 52 4 4 0 174 82 51 3 8 0 617 71 168 148 11 1 2 0 9 7 277 269 157 7 32 6 45 1 18 2 
170 60 90 68 9 1 24 4 43 15 12 2 20 6 16 0 5 3 18 4 48 0 108 28 26 4 116 34 36 0 47 15 109 3 38 14 3 1 259 167 12 4 65 1 15 1 82 8 54 30 20 2 18 0 207 171 92 52 382 106 66 20 23 1 
16 0 4 4 49 1 10 0 14 0 5 1 23 5 7 1 72 6 10 6 28 4 76 6 34 8 76 6 8 2 21 3 7 1 21 1 36 0 31 13 12 0 4 2 321 295 89 23 20 0 15 1 57 17 71 27 418 392 24 4 18 0 386 360 
19 1 47 1 21 3 8 2 213 171 1028 548 20 4 19 1 58 0 22 2 9 1 10 0 92 50 14 2 28 8 46 0 61 1 48 28 22 2 74 6 76 12 99 41 97 85 15 1 25 3 81 7 7 1 360 336 26 16 16 0 90 46 8 0 
14 10 17 1 69 13 70 6 94 88 11 1 50 14 11 1 49 19 27 1 4 0 80 0 45 31 349 323 9 1 26 8 202 158 14 12 24 8 28 4 57 29 33 19 109 91 23 7 9 1 32 2 22 4 34 0 14 0 80 46 17 1 18 2 
51 23 29 19 37 1 82 2 47 1 36 4 718 684 34 6 11 1 15 1 14 6 37 7 23 1 13 5 118 14 94 82 37 7 12 2 64 24 21 1 541 527 9 1 116 80 40 0 50 0 43 21 18 2 45 21 5 1 44 0 3 1 12 0 
31 1 13 1 49 19 266 242 429 177 71 47 26 0 15 1 9 1 106 78 69 7 12 0 35 3 32 8 16 2 95 9 1 1 25 3 22 4 121 7 3 1 25 9 29 1 53 33 52 18 56 0 37 1 418 334 31 5 35 7 4 0 120 2 
34 4 11 1 16 4 20 0 12 0 40 0 150 8 29 1 50 4 20 0 11 5 26 2 91 45 12 0 12 4 5 1 14 0 96 34 16 0 60 0 22 2 16 4 3 1 25 3 84 2 49 1 33 3 366 234 66 2 17 1 271 169 58 4 
512 244 10 0 14 2 149 45 25 3 2 0 51 3 14 2 16 2 14 2 12 0 23 3 55 5 19 3 18 0 41 5 21 7 17 1 38 6 334 324 32 12 113 73 15 1 14 4 70 44 11 1 10 2 30 6 233 211 15 7 9 1 165 141 
20 2 23 1 31 1 29 7 104 42 75 7 8 2 5 1 33 3 7 3 48 10 33 17 15 3 5 1 84 30 34 6 5 1 8 0 57 1 31 3 15 5 10 0 38 0 78 4 27 23 28 0 13 7 21 1 8 0 13 3 272 164 6 0 
10 2 4 0 16 6 24 4 3 1 25 1 242 220 11 1 65 37 8 0 32 2 378 366 91 51 15 1 6 2 235 81 501 305 27 1 15 1 37 1 15 3 30 2 27 1 19 1 47 15 11 1 27 13 109 31 24 2 28 16 56 0 29 1 
22 4 24 12 11 1 21 1 18 0 23 3 24 4 22 0 7 1 24 10 355 283 74 28 223 197 26 0 6 0 57 1 198 54 35 11 16 0 17 5 26 16 53 19 66 2 3 3 36 18 23 1 16 2 47 3 13 1 18 2 12 0 10 0 
10 2 12 4 81 47 22 0 1 1 31 21 55 13 9 1 29 27 80 40 27 11 134 104 15 1 13 13 296 246 102 82 1 1 19 1 37 21 53 19 124 4 6 0 3 1 6 2 30 4 79 61 21 1 8 4 4 0 105 7 8 6 23 3 
64 0 8 0 53 35 10 2 56 14 57 13 4 0 262 224 20 6 39 5 12 2 637 605 13 1 19 1 16 8 55 3 12 2 36 0 31 9 25 1 69 17 15 1 16 2 19 3 24 14 117 3 21 3 78 50 55 11 57 7 18 2 31 1 
3 1 8 0 33 3 14 4 24 6 19 9 17 1 42 28 62 44 50 42 4 0 11 1 39 7 19 3 22 2 29 3 16 0 43 1 15 1 23 3 38 0 85 39 11 1 31 21 22 2 37 17 4 0 6 2 29 21 170 32 5 1 36 18 
33 3 15 1 110 10 35 1 283 221 62 0 109 103 31 17 35 11 8 2 12 2 45 31 39 11 63 1 17 5 61 1 2 0 38 4 17 1 11 1 65 3 26 2 12 0 15 1 36 4 7 1 173 167 34 28 30 0 50 2 11 3 13 7 
12 0 32 8 44 12 226 82 13 1 54 46 25 5 10 0 5 3 15 5 63 19 5 1 21 1 50 2 31 3 8 0 28 8 15 5 41 3 70 4 7 1 291 221 17 1 18 0 2 0 26 12 7 1 47 1 6 0 196 122 9 1 225 201 
1 1 47 9 50 8 45 11 21 1 54 20 11 1 21 3 65 5 38 2 222 184 124 110 15 1 20 4 2 0 5 3 3 1 28 14 15 3 76 6 55 7 16 6 19 1 11 1 19 5 14 2 13 1 22 2 8 0 36 28 90 2 188 44 
28 14 40 18 35 1 45 1 203 195 22 6 62 0 65 43 204 190 3 1 21 1 10 0 59 23 83 53 2 0 40 4 405 293 35 15 40 0 105 1 40 6 8 0 16 6 26 2 18 0 55 21 5 1 81 61 64 26 13 1 25 1 43 1 
53 1 93 37 45 21 31 23 33 21 47 9 11 3 26 0 40 8 80 6 8 0 28 2 20 4 3 1 13 1 46 30 49 3 27 13 72 52 119 63 37 1 13 1 751 709 30 2 329 157 45 1 75 19 6 0 13 3 19 1 44 4 39 7 
54 22 30 18 2663 2629 160 158 14 2 29 1 30 30 6 0 32 22 53 7 29 5 9 1 17 1 65 1 7 1 12 0 21 3 34 8 15 3 21 3 17 1 114 2 38 4 18 2 15 1 45 17 45 9 9 1 93 59 10 0 7 1 16 0 
330 154 16 2 18 0 37 11 117 99 43 11 2 0 7 1 6 2 49 25 37 1 6 2 17 3 94 38 209 171 10 2 10 0 198 14 113 105 53 19 9 1 21 1 43 1 75 31 6 0 46 6 55 5 29 7 55 9 27 5 28 2 47 19 
7 1 15 1 17 11 43 1 66 4 11 5 24 4 12 0 17 1 85 5 9 1 23 3 15 1 32 0 7 1 23 13 40 20 22 0 30 2 37 3 811 801 23 1 101 3 56 0 4 0 7 1 9 1 25 7 12 0 37 9 33 11 1066 1030 
42 28 10 2 75 7 24 2 150 46 27 1 30 10 23 9 23 1 171 1 8 0 25 7 33 1 21 3 66 16 12 2 81 63 21 3 14 0 117 23 3 1 18 0 19 3 65 1 65 1 57 3 35 3 32 4 6 0 72 16 80 24 12 2 
6 0 3 1 1476 1444 17 1 42 24 39 1 159 23 17 1 34 4 28 6 49 5 10 0 59 21 263 183 24 2 59 33 8 2 4 2 99 1 75 1 17 3 56 22 37 3 137 31 32 24 55 1 6 0 29 5 13 1 33 1 32 14 12 0 
41 1 111 17 45 11 10 10 10 0 26 0 6 0 1978 1956 15 3 12 0 23 3 46 2 39 1 4 2 30 2 12 2 18 0 67 9 3 3 1 1 23 3 7 1 59 11 25 1 6 2 9 1 17 7 40 4 41 1 11 3 61 3 154 148 
76 52 479 469 20 2 296 246 52 24 8 0 9 1 10 4 219 3 19 1 2 0 2 0 10 4 29 7 51 19 12 8 26 4 16 0 13 1 112 68 31 1 27 1 11 7 16 0 29 1 17 3 14 10 428 306 4 0 25 1 96 6 35 3 
37 1 186 144 32 8 161 117 8 2 12 8 40 4 6 0 57 1 461 259 52 26 24 0 12 0 51 15 25 17 58 10 33 5 1162 1052 17 1 24 10 17 13 21 5 22 2 24 0 29 3 9 1 49 31 15 1 22 0 9 1 19 11 5 1 
19 3 20 2 17 3 17 11 19 1 126 94 6 0 16 4 67 19 25 1 10 0 41 15 51 1 12 0 2 0 62 2 67 43 34 8 16 0 3 1 43 13 2 0 25 11 5 3 11 3 64 0 174 80 53 41 4 2 373 373 37 3 11 1 
10 0 33 1 82 56 156 124 13 9 49 21 13 7 46 20 73 41 32 12 20 6 12 0 12 2 22 2 7 1 13 3 10 2 13 1 43 1 21 1 6 0 6 2 45 5 27 1 12 2 47 15 5 1 7 1 174 140 66 2 48 10 8 0 
59 1 19 5 29 3 30 6 355 181 26 2 17 1 6 0 6 4 21 1 120 18 33 3 422 388 2 0 10 0 17 5 95 5 4 0 3 3 66 58 8 0 59 35 66 32 48 42 18 4 15 1 29 1 21 1 24 14 335 91 20 4 1349 1315 
13 1 11 1 392 384 24 2 7 1 9 1 15 1 9 5 29 5 123 79 14 4 35 1 15 1 13 1 25 1 110 76 18 4 26 2 92 88 26 4 13 1 32 6 13 1 15 1 172 72 33 19 105 23 27 9 158 140 16 0 12 0 24 4 
3 1 92 50 56 4 106 0 39 15 154 50 6 0 11 1 24 16 7 1 14 4 30 4 14 4 31 21 66 0 19 1 20 2 155 17 121 63 17 3 2 0 18 4 52 6 33 1 65 5 77 23 53 19 4 0 0 0 9 1 417 271 11 3 
52 8 19 3 34 2 30 22 25 15 15 3 30 4 53 11 19 1 44 8 119 43 38 4 24 2 8 0 37 29 5 1 118 82 66 54 27 13 198 56 314 244 11 1 7 1 22 0 70 38 132 18 70 12 31 1 15 1 17 7 9 1 219 171 
16 8 20 12 16 2 26 4 26 2 8 4 49 15 15 1 12 0 8 0 19 1 12 0 144 94 35 1 16 10 49 33 10 0 60 2 139 107 3010 2964 103 31 53650 53624 18 0 32 18 52 40 32 4 18 0 8 4 94 76 28 2 21 1 47 3 
14 2 59 11 119 109 77 63 93 7 173 125 32 6 6 0 12 2 131 33 412 354 10 4 67 43 63 1 14 0 109 95 17 1 22 0 9 3 41 3 17 5 27 17 18 0 62 8 12 0 33 11 47 21 595 111 14 0 6 0 10 6 9 5 
34 6 31 17 373 351 40 0 18 4 45 1 81 45 30 8 146 64 35 27 92 80 20 4 81 7 35 17 51 1 27 9 12 0 56 32 63 7 5 3 54 26 19 1 1 1 17 1 63 3 248 8 5 3 7 1 28 2 73 1 26 6 20 0 
128 80 75 29 19 1 544 212 14 0 16 0 50 4 25 1 46 28 24 4 12 0 107 37 11 1 45 21 2 2 21 7 37 1 51 21 30 10 35 19 4 0 106 50 25 21 10 2 5 1 250 140 1172 892 18 10 21 19 12 8 17 1 64 16 
8 2 32 26 15 3 31 1 27 3 53 37 18 0 57 25 42 0 19 1 48 6 145 101 31 9 7 3 12 0 289 109 36 0 34 14 47 1 6 0 52 6 102 8 13 7 19 1 20 0 44 8 19 1 14 0 108 70 24 10 25 3 17 5 
22 8 8 0 20 12 85 7 1348 1308 33 1 13 1 70 16 354 314 34 0 112 68 15 3 29 1 61 41 17 1 153 13 18 0 14 4 7 1 35 7 10 0 72 16 232 186 29 1 8 0 116 28 53 13 40 18 7 1 27 3 16 6 25 1 
30 4 46 32 10 2 12 2 76 64 15 7 4 0 19 1 340 78 17 1 12 6 153 83 14 6 19 3 27 1 30 2 18 4 75 63 30 2 20 0 107 19 20 2 215 187 12 0 22 4 22 2 39 35 17 13 18 2 43 7 89 75 54 0 
10 0 84 14 30 6 14 2 22 2 12 4 46 22 17 3 15 3 24 2 25 3 10 2 25 11 7 3 32 18 319 259 18 2 26 12 130 28 27 13 32 24 78 20 187 157 3841 3807 49 35 316 32 17 3 13 1 102 0 236 224 3 1 117 37 
83 35 29 7 58 8 89 73 135 61 23 1 8 0 10 0 62 2 3 1 12 10 62 38 25 1 410 400 23 3 72 38 60 28 40 6 26 0 129 25 42 6 14 8 108 86 16 6 24 0 51 35 16 0 30 8 13 1 83 47 16 0 14 2 
18 6 30 2 24 0 16 4 31 19 26 4 22 0 41 1 23 7 15 5 1 1 27 3 55 1 25 1 115 59 20 4 241 183 8 2 74 66 31 1 3 1 70 34 6 0 149 133 23 3 25 1 26 4 46 10 43 3 7 1 10 0 13 1 
52 4 12 0 7 1 64 34 22 8 9 1 11 5 48 16 3 1 18 0 5 1 68 28 13 5 9 5 20 6 71 15 33 19 1 1 2 0 0 0 65 1 17 1 47 25 47 1 9 1 10 0 33 23 29 1 51 13 21 7 25 3 51 11 
30 8 81 35 21 3 65 3 34 2 31 17 57 3 12 0 27 1 62 8 6 2 10 4 758 728 112 2 46 36 8 2 37 7 39 13 18 10 5 1 43 1 17 1 10 0 46 28 48 0 17 1 70 52 6 0 28 10 4 0 31 11 434 356 
56 0 22 2 24 24 81 43 66 26 17 7 1055 899 20 6 27 1 69 29 16 4 5 1 6 0 17 3 221 125 45 29 114 80 4 2 182 150 79 1 2 0 49 5 9 1 4 0 68 20 15 1 65 13 33 3 30 2 4 0 31 3 15 1 
17 11 26 0 19 3 6 0 29 15 8 0 39 15 44 8 339 301 29 9 37 17 61 1 28 0 25 1 47 1 72 36 4 0 21 5 30 2 69 27 20 6 15 5 2024 1972 19 1 5 3 53 3 62 10 31 3 91 3 13 3 47 7 123 9 
29 1 69 21 36 0 9 3 157 125 248 178 16 0 2 0 105 67 56 4 12 2 632 584 127 45 13 1 19 5 43 7 12 2 39 1 32 24 12 0 27 1 24 2 12 0 11 3 20 0 23 1 60 0 30 14 16 4 12 0 33 13 169 145 
20 0 72 14 10 6 22 0 17 1 28 4 12 2 61 17 566 560 34 0 32 2 11 1 34 8 38 4 54 2 22 4 12 2 45 3 38 26 12 0 53 23 21 1 68 48 2 0 33 15 34 12 103 51 19 3 35 1 6 0 106 98 47 23 
202 164 14 0 68 0 164 136 208 204 54 6 19 3 101 89 37 1 31 13 39 23 48 10 14 0 59 13 8 2 26 2 16 4 1511 1411 78 18 10 4 81 37 119 33 73 45 12 0 54 8 63 9 11 1 11 3 21 3 6 0 46 2 11 1 
308 246 9 5 30 0 158 134 43 1 16 0 65 1 13 1 19 11 42 0 70 2 14 2 32 0 22 0 78 38 2 0 15 7 48 2 29 1 17 3 29 1 13 3 40 14 6 0 94 10 112 38 38 10 189 89 165 137 11 1 471 373 235 187 
55 43 38 6 13 3 16 4 41 15 242 210 26 0 3 1 39 5 91 13 75 1 12 4 7 1 89 39 68 26 17 5 8 0 3 1 13 3 54 0 25 13 40 8 25 1 13 5 5 1 64 8 147 123 5163 5139 16 10 7 1 42 2 51 1 
3 1 106 44 109 59 5 1 41 17 28 10 68 2 114 84 74 10 41 21 17 7 21 1 65 29 12 2 47 5 93 87 25 1 54 0 84 46 12 4 5 1 62 2 2 0 14 6 33 1 28 0 70 28 19 1 30 6 27 1 10 0 4 0 
11 3 18 0 19 3 12 0 95 23 49 5 159 69 13 1 596 552 6 0 63 33 22 0 7 3 129 25 85 65 59 3 164 104 46 10 16 4 253 83 3 1 34 0 7 1 14 2 16 4 84 10 43 25 5 1 224 218 48 4 23 9 86 0 
89 57 58 20 31 1 38 24 11 3 9 1 5 1 12 2 39 21 198 180 88 38 766 668 9 1 25 1 76 66 120 58 18 4 34 4 54 2 44 2 15 1 17 1 24 4 11 9 13 1 75 11 26 16 22 10 23 7 7 1 14 4 19 1 
53 7 27 17 1362 1324 79 61 22 4 601 571 11 1 2 0 16 2 6 2 72 66 62 42 35 5 31 11 10 2 219 167 19 7 152 84 101 3 26 0 49 1 40 8 50 8 19 1 16 0 11 3 5 1 44 14 92 80 467 357 5 1 115 93 
16 2 18 8 22 4 19 1 268 254 18 2 90 2 57 5 8 0 36 14 94 46 7 1 60 48 10 4 11 1 63 1 18 0 37 13 4 0 43 13 16 2 145 115 66 10 51 1 26 16 10 0 31 1 19 7 20 2 25 1 72 34 35 21 
26 10 76 46 39 17 10 2 155 91 19 3 14 4 8 0 22 0 129 49 52 2 21 1 8 2 15 1 21 1 8 0 454 404 64 2 9 1 36 4 43 1 284 130 19 11 8 0 42 4 18 6 21 7 9 1 67 1 28 2 19 9 450 400 
20 0 3044 2946 31 3 54 36 190 64 4 0 11 5 33 5 12 0 756 720 137 111 9 1 25 1 44 28 39 1 19 1 52 10 18 0 44 0 6 0 18 0 26 4 49 1 36 2 21 5 166 28 15 7 15 1 10 2 17 3 3 1 19 5 
54 46 1256 1216 18 0 41 5 31 7 19 1 6 0 13 1 22 10 46 2 7 1 63 1 1 1 33 5 47 29 33 1 13 1 416 200 24 6 80 54 16 0 6 0 110 2 103 87 28 0 2616 2218 39 25 50 0 36 24 13 3 186 162 50 6 
111 37 30 2 15 1 44 2 76 10 38 2 8 0 8 0 36 4 57 5 79 3 30 0 85 13 57 43 20 4 17 1 20 0 0 0 36 4 22 2 47 5 7 1 17 1 27 9 39 35 29 13 61 5 17 5 43 3 55 7 18 4 18 4 
14 2 98 46 816 786 57 7 14 2 63 33 168 72 19 9 14 0 24 12 37 3 10 8 34 6 23 11 9 1 9 1 6 0 55 49 267 231 28 10 4 0 26 4 47 11 14 8 11 3 459 397 18 0 11 1 25 5 27 1 13 1 9 3 
1648 1632 29 5 22 0 163 39 81 17 25 3 18 2 37 3 1461 1447 44 12 56 0 11 3 53 21 33 1 9 3 37 3 18 2 33 1 64 46 23 1 36 2 19 9 227 189 16 0 33 7 13 3 5 1 41 23 23 1 4 2 10 0 45 1 
98 60 23 3 46 28 0 0 53 11 129 9 37 33 15 1 13 1 79 1 4 0 35 1 12 0 31 13 103 69 14 2 88 24 11 1 9 1 47 1 34 0 10 0 66 6 37 1 493 447 13 1 10 0 47 1 455 361 52 4 29 23 30 0 
22 12 20 12 31 19 430 130 41 5 5 1 84 38 32 2 19 1 10 0 16 16 8 0 4 0 349 29 6 0 47 1 15 3 81 25 6 2 37 17 7 3 6 0 16 10 6 6 8 0 33 1 2079 1671 98 80 14 2 33 1 345 323 47 1 
14 2 12 8 98 34 25 1 14 0 14 8 8 2 26 14 69 3 45 3 32 2 7 1 95 25 18 0 357 355 27 1 67 23 40 26 9 5 28 4 155 57 78 54 12 0 38 16 18 0 13 7 12 2 171 159 28 20 52 26 43 1 17 5 
15 5 16 0 16 2 8 4 103 25 50 22 29 1 31 5 11 1 25 1 18 0 21 1 19 1 10 2 542 114 19 1 20 2 27 13 16 2 214 208 483 381 7 1 21 1 25 7 3 1 17 5 47 1 52 4 70 8 33 21 62 8 176 142 
11 1 30 10 26 0 46 4 86 42 25 1 16 0 11 1 138 126 16 4 14 4 5 1 48 14 16 2 8 4 10 4 12 0 9 1 49 7 1 1 130 118 25 5 47 9 32 12 10 6 18 2 26 0 12 0 15 1 22 4 14 4 20 6 
292 248 98 52 40 2 11 3 24 4 24 6 127 45 70 56 22 6 154 120 13 1 8 4 38 6 13 1 31 1 15 1 113 111 6 0 6 0 18 0 19 1 27 1 39 29 25 1 243 225 81 9 203 161 20 8 39 15 48 10 16 4 74 2 
242 136 110 50 64 20 37 3 66 44 10 4 32 0 3 1 16 4 10 0 28 2 53 53 17 7 18 4 14 0 33 3 16 2 19 13 2348 2038 9 3 52 8 34 0 10 6 55 9 137 99 11 1 8 6 4 0 12 0 4 2 56 44 13 7 
30 4 5 1 61 25 25 7 46 0 4 2 27 11 19 5 8 4 26 2 35 5 7 1 831 299 11 1 20 0 66 52 19 1 162 14 7 1 13 7 52 0 22 4 205 129 31 11 31 5 19 1 10 0 11 3 28 2 10 0 6 4 131 89 
41 3 110 90 8 0 24 0 40 12 418 322 30 2 71 15 10 0 18 0 36 0 108 94 12 0 69 29 51 1 6 2 35 9 11 1 193 77 24 8 83 1 16 0 25 7 36 0 28 4 22 0 10 0 20 6 367 329 116 0 23 1 33 5 
70 4 92 64 27 17 35 3 92 18 13 1 112 24 33 9 17 5 38 16 530 472 47 31 128 74 20 0 99 63 11 1 110 40 10 0 41 1 48 6 20 0 21 1 56 2 39 9 8 2 45 1 13 3 7 1 57 1 41 33 8 4 29 11 
15 1 108 38 24 0 4 2 9 1 32 0 47 39 92 44 9 1 14 0 24 8 46 2 50 2 18 12 32 24 169 57 44 12 98 86 14 2 45 5 3 1 224 200 17 3 39 3 7 1 229 191 15 1 7 1 19 7 8 0 32 0 3 1 
6 0 13 1 42 2 19 1 158 50 38 16 4 0 12 0 19 1 18 0 16 8 11 1 138 32 61 39 42 2 7 1 12 6 24 4 19 1 32 20 19 1 266 260 23 11 10 2 14 2 31 11 93 35 2 0 19 1 110 68 109 45 52 46 
63 29 33 13 47 17 21 11 48 2 31 19 6 0 5 1 29 5 1395 1325 45 7 24 0 67 41 33 1 29 1 36 8 3 1 13 3 477 453 34 2 17 1 53 19 24 4 21 3 29 17 7 1 36 0 65 3 134 14 5 1 204 200 6 0 
3 1 13 3 16 0 87 1 7 1 38 2 10 0 11 1 23 1 21 3 38 20 49 1 13 9 12 0 31 9 257 235 26 0 9 1 23 15 13 3 6 0 79 3 19 1 8 0 10 0 27 21 5 1 22 2 83 67 11 9 55 29 83 37 
122 6 15 1 11 3 62 6 16 0 473 459 21 1 3 1 17 1 117 91 117 77 132 114 10 0 25 7 48 16 180 64 28 4 326 184 16 2 90 2 10 2 29 1 11 1 17 1 72 16 82 6 22 14 89 67 44 12 58 4 38 14 44 20 
260 124 9 3 39 5 11 1 17 9 29 1 19 9 7 5 11 5 14 0 23 1 11 1 21 1 4 0 5 1 99 79 38 18 22 0 232 36 109 1 28 14 625 615 98 58 2 0 50 36 16 4 85 51 31 7 14 2 24 2 16 0 184 94 
43 23 25 1 21 1 34 2 27 3 10 2 43 31 2 0 18 0 133 107 17 1 59 19 5 1 31 5 22 2 18 4 22 0 11 3 39 1 18 0 10 8 80 6 54 14 9 3 7 3 201 65 7 1 12 0 21 1 4 0 27 11 16 4 
11 5 19 1 6 0 67 63 37 3 17 7 78 60 33 23 28 10 43 17 39 3 21 1 12 0 5 1 7 1 20 0 20 4 7 3 35 19 6 2 144 48 156 78 21 5 13 1 400 260 10 0 45 5 63 31 19 3 35 7 36 0 12 0 
192 150 1 1 6 2 8 2 70 50 23 1 49 1 117 73 16 2 44 0 27 1 75 3 19 7 17 1 32 10 252 222 31 1 74 2 2 0 35 1 53 3 1116 1078 10 0 18 8 23 1 119 5 22 0 14 4 83 27 32 4 12 2 4 4 
59 1 310 236 13 1 2 0 50 10 157 151 5 3 28 14 11 3 4 0 8 0 53 37 15 11 29 1 15 1 3 1 95 41 12 0 9 5 18 2 12 2 21 3 32 8 4 0 32 0 111 87 41 3 100 40 29 1 439 407 59 39 10 2 
10 2 7 1 15 3 13 1 22 2 8 2 13 3 4 0 60 2 23 1 2533 2485 38 24 16 2 10 6 10 0 20 2 30 6 13 1 7 1 18 0 57 3 29 1 6 0 47 1 8 0 38 0 32 18 123 27 7 1 13 1 23 3 5 1 
36 32 19 7 10 0 6 2 44 6 49 37 217 199 145 133 47 13 31 3 22 6 11 1 26 0 3771 3727 73 9 77 51 17 3 7 1 98 82 69 11 16 0 47 9 39 1 37 3 191 145 48 2 16 2 35 1 8 0 46 2 214 160 18 0 
160 70 16 0 3 1 29 9 127 107 1124 1110 8 2 28 6 1969 951 32 12 12 2 2 0 18 4 23 3 29 1 39 19 197 149 18 4 5 3 75 3 24 4 15 1 18 0 25 5 2 0 33 7 47 19 83 9 10 0 1475 1461 9 1 10 0 
177 73 53 25 44 0 19 3 163 157 41 1 8 0 37 1 30 2 3 1 7 1 23 13 27 5 561 535 34 2 14 0 12 0 21 5 24 0 4 0 29 1 36 6 27 5 45 3 29 17 24 6 12 2 11 3 18 0 24 6 36 2 27 7 
14 2 21 1 13 1 43 1 25 1 150 136 36 8 14 0 29 13 61 11 23 3 25 1 30 0 142 92 5 1 118 94 141 95 7 5 4 0 1 1 158 20 8 0 13 5 5 3 29 25 4 0 149 81 23 1 38 6 17 11 12 0 73 3 
501 419 40 0 367 75 15 3 9 1 3 1 20 0 42 0 28 14 67 31 17 3 26 0 23 3 24 2 9 1 55 11 101 3 14 4 35 3 25 3 25 5 9 3 47 29 32 18 20 4 20 4 2 0 16 6 9 1 19 3 7 1 57 35 
31 1 5 1 123 1 11 1 8 0 32 4 8 2 231 181 79 13 225 131 38 16 70 12 8 2 21 1 22 2 24 0 85 81 14 6 16 4 31 15 13 1 47 5 6 0 54 44 17 5 72 26 23 1 126 110 27 7 21 1 37 3 61 31 
12 0 47 11 31 1 14 6 36 2 22 4 21 7 15 11 22 2 27 17 8 0 14 2 43 13 126 40 75 1 39 1 70 0 40 6 14 4 7 5 34 6 19 1 7 1 39 3 37 3 36 2 42 0 17 1 10 4 15 7 83 1 51 1 
1569 349 29 19 26 2 44 16 90 40 22 10 24 12 47 7 12 0 13 3 79 55 8 2 15 5 6 0 96 56 5 1 49 1 9 1 103 91 7 1 30 4 62 4 22 6 8 0 25 1 191 97 11 1 68 22 20 0 18 2 227 185 83 51 
26 0 398 214 90 0 45 31 12 4 11 1 79 61 26 14 108 100 308 288 31 1 42 6 45 19 289 247 13 1 9 3 15 3 12 0 60 42 87 65 47 35 18 2 476 14 18 0 25 1 92 60 28 2 23 1 32 2 72 32 40 10 29 9 
23 13 24 0 50 22 16 4 11 1 163 119 23 13 25 15 2 0 14 0 35 7 61 25 66 2 29 3 210 150 79 27 124 42 41 5 140 122 39 9 17 5 39 13 33 3 391 329 145 95 53 7 43 9 52 28 34 8 4 0 10 0 38 18 
27 3 13 9 22 2 18 0 20 0 35 13 35 1 110 42 7 1 72 52 26 6 5 1 706 636 4 4 30 0 13 1 12 0 13 1 18 2 18 4 7 3 8 4 12 0 14 4 12 6 10 2 17 1 6 0 96 56 193 43 56 2 253 241 
20 2 33 13 15 1 26 12 30 18 36 6 41 11 9 5 40 10 9 1 11 1 41 3 67 1 14 2 14 2 10 4 28 4 29 23 26 2 11 5 62 6 47 5 26 0 27 1 31 1 489 397 61 1 26 6 18 0 22 6 40 2 56 24 
15 1 40 16 385 369 19 1 4 0 99 93 19 1 176 106 9 3 8 2 23 1 205 191 19 1 60 24 6 2 15 9 22 0 18 8 16 2 8 0 24 6 5 3 21 5 10 2 29 19 7 1 365 321 99 61 33 3 34 8 33 1 118 100 
36 0 60 14 56 8 56 14 254 180 55 15 10 0 52 28 80 4 113 69 20 2 8 2 58 8 17 1 35 1 35 9 15 3 27 1 9 3 19 1 82 12 28 0 56 24 33 9 31 3 8 0 10 2 10 0 15 3 6 0 34 2 6 4 
136 26 34 2 16 6 12 2 28 6 20 2 23 1 35 3 29 1 30 4 2 0 2204 2182 13 5 17 3 17 1 39 1 54 0 21 11 3 1 32 18 19 1 12 0 48 30 14 0 15 3 13 3 41 11 82 4 17 1 7 1 6 0 8 0 
20 2 32 14 116 88 68 8 27 9 57 35 39 5 126 28 25 3 22 2 8 0 778 686 23 1 20 0 20 0 16 2 10 0 15 3 22 0 26 4 280 50 2 0 5 5 60 8 13 1 24 2 13 3 102 98 95 59 17 1 28 2 27 9 
26 4 22 6 19 5 16 6 17 13 135 123 9 3 34 10 26 2 17 1 57 15 9 1 30 6 23 1 13 1 19 11 555 537 29 15 62 40 20 0 46 0 81 3 172 148 10 0 5 1 280 242 40 0 21 11 9 3 17 3 39 3 87 43 
1515 1409 6 0 28 0 6 0 253 207 124 70 1329 1051 22 16 19 1 198 162 41 7 42 0 13 1 11 5 90 0 924 906 142 94 45 7 21 3 35 1 507 403 3 1 6 0 43 3 29 5 41 31 22 10 12 2 11 1 207 155 226 188 18 2 
18 0 15 1 16 0 481 407 56 8 44 34 26 14 44 22 29 7 65 5 83 1 26 6 86 56 6 0 25 7 19 1 12 2 10 0 73 1 38 0 9 7 25 19 18 0 18 0 84 72 100 72 46 18 20 4 39 5 25 1 27 1 4 0 
9 3 60 4 41 19 25 3 9 1 40 32 35 5 19 1 84 76 86 12 75 45 11 5 19 9 45 35 32 2 11 1 22 2 100 52 350 322 18 0 226 162 90 40 8 2 35 21 40 6 22 0 27 3 31 21 219 109 29 1 34 14 96 54 
7 5 34 2 29 15 32 10 47 9 37 1 25 11 100 68 60 0 24 4 33 5 29 1 105 71 20 0 41 5 46 4 31 1 23 15 35 1 9 1 31 11 22 4 45 23 95 57 408 76 31 25 20 10 5 1 47 7 22 2 32 4 4 0 
326 298 98 86 13 1 100 48 43 1 32 14 13 1 23 11 48 10 45 25 11 1 45 23 54 0 35 21 80 8 43 3 15 1 22 0 65 1 4 0 18 10 36 0 39 17 671 473 20 8 7 1 1733 1545 8 4 22 0 39 3 5 1 42 6 
18 2 144 26 81 13 47 9 38 30 35 11 53 37 118 86 15 1 15 3 17 5 48 0 21 1 33 3 8 0 5 1 34 26 18 2 18 4 10 0 11 1 20 0 11 1 41 3 1290 1230 12 10 40 24 53 37 44 2 12 6 41 25 16 2 
9 5 29 5 17 1 14 2 976 960 12 4 112 102 54 26 16 2 41 31 16 2 41 5 30 6 40 0 11 5 8 0 9 3 62 42 9 1 14 6 8 2 51 9 14 8 27 1 84 38 68 24 2 0 24 4 11 3 25 7 73 1 24 0 
42 24 47 39 10 0 269 255 43 15 45 27 37 1 65 1 29 1 29 1 36 2 32 10 8 0 0 0 18 6 32 4 101 33 55 45 42 28 38 30 7 1 23 5 38 16 11 3 32 20 15 1 13 3 23 5 39 7 25 3 35 13 8 4 
32 12 8 4 7 1 22 4 53 7 27 1 125 111 47 5 11 1 11 3 55 33 23 1 9 1 20 2 987 963 27 13 9 1 6 0 63 27 56 30 34 2 40 12 16 2 48 16 15 1 26 0 42 26 247 113 6 4 1 1 3 1 185 3 
16 4 13 5 10 2 78 6 30 20 16 4 38 0 50 24 18 4 6 0 24 0 101 45 43 13 10 0 1556 602 7 1 34 4 21 9 20 10 6 0 37 3 12 4 39 1 9 1 21 1 56 10 37 7 20 2 77 61 18 0 19 7 6 0 
62 4 138 100 52 0 13 3 1459 1445 35 3 565 471 273 199 10 2 71 47 78 30 16 0 86 0 48 8 19 11 268 242 15 1 17 3 42 4 43 37 33 1 54 14 45 41 23 1 40 4 20 2 41 11 7 1 50 10 10 2 23 1 8 2 
15 5 15 3 22 0 37 11 47 3 95 7 8 0 41 1 7 1 2 0 86 4 61 13 20 6 73 1 28 16 12 0 13 1 26 10 89 71 99 23 42 22 226 50 81 1 26 2 20 6 47 1 25 1 38 14 15 3 42 20 36 14 15 1 
45 11 50 2 76 38 10 0 14 0 19 1 47 23 11 3 49 5 26 8 2 0 7 1 38 0 8 2 8 2 74 68 31 1 88 40 77 57 19 3 3 1 16 2 108 84 119 91 38 34 39 1 134 102 17 7 41 15 23 1 16 0 18 4 
31 3 32 8 8 0 36 20 55 3 7 1 40 12 717 673 13 5 45 17 20 0 41 21 19 15 42 14 109 47 31 1 7 1 6 0 38 6 7 1 16 6 15 1 75 67 27 1 34 16 23 1 55 29 55 37 61 9 23 7 94 84 26 6 
40 12 12 10 8 2 15 1 48 2 68 18 18 2 78 32 7 1 130 20 25 1 52 36 15 1 6 4 137 59 30 18 45 3 23 19 16 6 33 13 54 0 65 15 175 139 23 11 30 14 52 8 52 28 82 62 8 0 412 316 13 1 41 1 
6 0 4 0 33 3 25 1 48 22 14 6 202 154 35 3 13 1 90 76 38 0 66 36 17 1 96 6 135 95 27 1 60 44 92 14 10 8 95 33 52 8 39 1 119 101 81 31 15 3 25 1 7 1 26 2 14 0 116 68 24 4 312 190 
65 15 18 2 26 0 7 1 21 3 32 20 45 5 33 1 157 113 52 2 85 21 21 5 60 22 48 0 21 1 17 1 6 0 74 66 42 4 11 5 27 3 41 7 14 0 62 24 16 2 306 84 33 11 99 9 84 48 377 325 40 12 66 10 
32 2 75 1 25 7 16 2 73 61 7 1 170 14 47 1 11 7 59 21 98 52 3 1 17 1 9 1 14 4 569 537 14 6 28 0 16 2 70 20 45 1 31 1 36 4 102 46 2 0 23 1 20 0 44 16 6 0 9 5 60 0 23 17 
48 30 2 0 208 178 53 11 35 1 16 2 22 2 14 4 7 1 27 1 33 13 18 0 17 5 33 3 15 1 6 0 22 4 106 60 25 1 77 5 44 28 59 1 43 21 50 6 52 28 41 13 11 7 47 13 7 1 67 41 236 204 13 1 
82 34 30 2 10 0 8 4 12 10 53 15 26 16 97 87 7 1 46 0 124 80 87 47 15 1 81 67 19 1 62 4 45 41 43 7 20 2 92 6 16 0 16 8 33 1 37 9 15 1 6 2 17 1 10 2 95 13 16 6 39 1 10 0 
9 3 16 2 17 3 12 0 163 53 47 1 87 5 91 1 10 2 27 3 126 42 88 72 44 22 16 8 66 56 29 7 33 7 55 11 20 0 45 3 10 2 8 4 23 1 18 4 116 34 13 1 18 2 24 2 171 123 9 1 64 16 19 3 
10 0 101 79 18 0 321 289 5 3 372 4 11 1 160 86 40 4 13 1 38 8 28 8 12 2 60 44 81 1 19 11 23 1 20 4 10 0 44 2 28 14 21 1 19 1 11 7 55 5 102 80 37 1 34 8 102 0 11 3 20 2 4 0 
47 21 13 1 5 1 152 32 56 54 58 2 34 6 12 0 41 1 131 71 27 7 42 2 18 0 21 3 28 24 10 4 75 3 25 3 11 1 32 12 39 1 71 1 189 159 16 4 65 5 7 1 39 9 19 9 24 14 64 32 42 4 12 2 
16 2 18 2 81 37 15 3 18 2 38 4 126 100 34 0 25 1 22 4 7 1 22 2 40 0 13 3 21 1 4 0 44 20 8 4 41 7 5 1 17 1 30 8 4 0 53 1 192 12 37 1 49 7 6 0 14 6 109 53 4 0 6 0 
14 2 27 15 10 4 88 32 32 8 90 74 12 0 34 14 9 3 8 4 19 5 24 16 216 124 13 1 137 59 142 44 12 0 683 671 43 15 49 39 27 7 29 23 15 1 35 1 58 2 19 3 48 6 18 0 240 134 70 18 22 2 15 5 
18 4 23 9 178 78 19 1 4 0 60 24 77 15 25 3 8 0 128 22 15 1 45 21 117 83 16 2 8 2 24 0 4 0 202 176 38 10 37 1 10 0 111 47 61 51 20 2 10 0 4 0 68 14 21 11 40 6 5 1 219 207 149 111 
9 1 9 1 8 0 37 5 41 23 80 32 8 0 54 24 28 12 4 0 18 4 18 0 129 113 36 0 26 4 38 28 29 15 36 22 23 1 99 71 8 0 121 69 16 6 29 5 56 34 232 208 29 9 29 3 107 1 10 2 17 5 55 1 
21 3 295 233 137 89 40 14 67 1 36 4 14 2 19 1 87 5 8 0 3 1 14 4 42 0 17 11 9 7 46 20 72 6 124 100 182 116 106 40 49 7 152 134 17 1 4 0 2 0 20 2 34 2 13 5 41 3 7 1 54 26 18 2 
13 1 6 2 14 0 16 4 38 0 30 12 303 261 17 1 10 4 7 3 1 1 40 6 42 10 43 7 41 5 45 21 1265 1173 52 30 246 206 7 3 58 6 7 1 85 15 25 13 4 2 17 3 21 3 26 8 110 40 29 15 2 0 32 22 
7 3 6 0 86 64 66 0 34 0 12 4 52 42 7 1 10 6 67 65 67 27 28 6 16 4 20 2 13 5 34 8 11 3 36 26 31 7 4 0 17 1 45 37 1774 1712 13 3 9 1 84 44 50 30 8 4 51 11 46 0 371 329 19 1 
56 2 25 1 21 1 11 5 68 0 55 15 62 2 37 3 49 33 47 17 94 24 12 0 13 3 5 1 41 9 30 20 13 1 1030 462 19 7 34 4 61 33 25 1 14 2 14 0 23 5 41 7 79 35 68 40 43 3 210 198 24 2 5 1 
32 0 12 0 55 35 9 3 97 29 8 0 42 2 32 4 10 0 28 8 22 12 23 1 27 3 45 9 11 5 48 0 8 4 34 16 37 5 14 0 17 1 21 1 14 2 78 10 15 3 66 4 35 1 291 241 1180 1128 8 0 28 20 26 2 
2 0 17 3 55 33 21 1 25 3 26 10 31 5 397 307 23 3 77 35 259 189 57 1 50 22 5 1 22 4 8 0 18 0 41 1 29 3 92 24 14 4 6 0 57 1 210 184 11 7 35 3 32 12 9 3 15 5 42 12 11 1 29 1 
64 0 14 2 45 15 18 2 46 10 25 1 62 18 11 1 16 8 32 12 29 1 51 25 23 1 8 2 12 0 211 199 15 3 117 59 65 1 15 7 18 2 99 81 34 2 21 3 34 2 17 11 111 13 3 3 97 53 41 1 1 1 41 25 
41 1 26 0 6 2 14 0 75 17 35 1 7 1 33 1 114 98 30 4 41 1 22 0 150 70 13 3 11 1 20 0 53 33 19 1 22 10 24 10 15 1 11 1 0 0 102 80 2 2 179 95 80 18 34 0 21 7 27 5 54 26 46 2 
16 6 14 0 19 3 79 53 312 288 20 8 19 5 53 27 1 1 8 4 28 0 13 1 10 2 20 0 19 3 4 2 412 372 9 3 6 2 121 97 3 1 28 0 23 7 13 1 5 1 78 4 22 0 23 1 8 0 12 4 16 2 34 6 
36 4 6 0 19 1 8 0 114 106 47 19 20 4 101 1 32 10 35 3 255 167 23 1 76 0 3 1 96 2 28 2 44 20 13 1 7 1 44 14 30 0 23 5 66 6 27 19 221 201 44 0 23 1 16 0 16 4 88 30 18 12 42 6 
18 6 15 5 12 2 17 9 27 1 12 0 17 7 13 3 19 7 65 1 13 3 49 3 6 0 32 6 62 2 124 40 16 4 37 1 4 2 115 31 19 3 27 9 323 281 4 2 21 1 122 118 88 0 45 3 15 1 20 0 64 18 25 1 
20 0 7 3 29 9 23 1 61 1 23 11 42 2 47 19 13 1 27 3 12 4 12 2 12 0 69 1 273 245 67 31 21 5 23 3 117 61 11 1 6 4 12 2 9 5 17 1 28 6 65 23 34 12 28 0 17 5 15 3 15 9 253 239 
6 0 7 1 12 0 43 7 4 0 28 0 48 0 221 197 10 0 21 1 17 1 202 188 18 6 43 1 10 2 67 37 46 10 36 2 44 6 17 3 247 181 13 3 56 46 71 3 14 0 4 0 19 7 237 105 13 1 70 46 2 0 18 8 
16 12 36 30 66 0 25 1 300 220 6 0 2 0 17 5 85 9 73 13 19 1 24 2 126 4 82 24 2057 2051 87 43 14 4 25 1 154 0 35 1 23 15 89 65 13 1 8 2 22 0 46 4 59 13 122 82 65 13 209 161 67 57 36 6 
37 19 10 2 153 75 86 2 25 1 14 8 138 114 30 4 130 16 19 3 12 2 11 1 357 349 65 25 21 5 19 5 5 1 139 81 91 31 17 3 37 7 45 1 23 5 0 0 53 1 36 32 16 0 18 0 42 0 48 6 30 12 350 330 
9 1 22 12 51 3 344 294 7 1 332 24 50 20 9 1 26 12 57 43 117 77 146 114 49 3 21 1 42 8 16 2 17 5 42 2 9 1 61 5 181 173 424 388 19 3 130 84 20 14 42 6 13 3 11 1 74 20 17 1 33 11 3 1 
16 0 18 4 24 4 73 1 10 2 80 2 70 10 4 0 48 14 364 324 17 3 7 3 90 60 15 1 10 2 19 9 9 1 43 17 43 11 10 2 31 7 23 3 12 0 111 27 11 1 37 29 21 9 200 174 8 0 32 16 12 0 41 9 
13 1 133 71 1403 1357 1131 1097 20 0 30 2 18 0 28 2 27 1 35 27 106 28 161 129 13 5 144 94 111 19 23 1 24 8 22 0 12 0 244 196 33 3 13 5 20 0 15 3 17 1 96 40 12 0 27 1 412 386 16 0 61 49 29 19 
60 18 47 15 28 8 13 1 33 3 64 20 29 1 27 5 13 1 183 121 27 9 8 6 57 7 46 18 12 0 39 1 49 31 4 0 37 21 9 3 15 1 8 0 86 60 66 0 30 0 10 0 6 0 117 21 59 11 16 6 68 2 4 0 
10 2 21 1 336 256 54 8 41 1 28 4 21 1 12 0 229 207 40 6 29 5 34 2 15 3 41 1 13 3 10 0 12 2 16 6 7 1 6 2 36 12 9 1 146 100 15 1 2558 2548 4 0 14 2 1139 1109 5 1 19 5 13 3 16 2 
17 5 22 4 18 0 16 2 38 22 21 11 35 13 7 3 8 0 49 9 38 26 26 0 54 8 77 7 55 1 21 3 35 1 43 1 37 1 16 8 80 2 11 5 4 0 125 105 71 27 23 1 159 3 15 3 149 21 36 2 19 1 10 2 
42 6 4 0 43 3 24 0 43 31 340 266 26 8 11 1 133 81 3 1 29 9 56 38 56 4 135 33 16 2 12 6 28 2 33 1 17 3 9 7 39 9 43 23 38 20 967 915 13 7 6 0 38 30 150 66 7 1 36 12 37 27 19 1 
8 4 24 2 2 0 28 2 8 0 48 12 15 1 128 96 45 25 58 18 4 0 15 1 17 3 32 0 14 4 21 1 13 1 51 1 53 43 50 28 20 6 4 0 10 0 39 7 29 13 8 4 180 84 46 16 56 8 19 1 30 0 30 2 
20 2 4 0 6 0 8 0 16 4 7 3 8 0 15 5 51 1 306 276 50 0 11 1 61 55 69 11 20 2 4 0 18 0 42 2 191 27 12 2 2 0 332 280 34 30 49 33 4 0 24 12 79 61 45 9 80 2 31 1 188 162 11 1 
122 12 26 6 37 27 122 56 12 2 9 1 146 120 25 1 21 1 11 3 1 1 6 2 8 0 13 1 42 10 11 3 103 23 14 4 65 9 8 0 9 1 21 17 9 3 57 7 14 0 46 0 579 439 38 8 8 2 161 89 22 16 8 6 
45 13 8 2 38 30 4 0 15 1 30 0 33 1 51 17 13 1 85 63 24 8 14 0 23 1 48 28 53 13 235 135 20 4 11 1 32 2 65 1 32 12 25 5 119 49 1390 1284 11 7 71 19 8 0 14 2 37 5 31 13 12 0 17 1 
102 48 24 0 19 1 24 0 117 61 13 1 70 10 114 84 92 10 27 3 20 8 4 0 34 6 21 1 85 57 27 1 32 26 242 228 97 85 36 10 582 454 8 2 52 6 24 2 19 3 104 62 83 47 104 50 244 204 14 0 112 4 15 1 
4 2 28 12 9 1 25 1 45 29 2 0 21 1 67 51 11 1 28 10 43 1 27 11 18 2 146 90 132 98 20 2 27 1 63 1 26 0 13 1 64 0 29 1 48 36 661 613 25 17 59 11 12 2 19 11 27 1 25 1 44 0 83 13 
25 1 69 3 15 3 16 0 101 71 218 198 38 16 36 0 17 1 4 0 18 2 22 6 15 3 23 1 647 537 5 1 19 1 30 8 31 1 91 49 74 26 153 83 40 0 8 0 14 0 32 12 50 0 26 2 59 7 82 60 89 7 17 13 
99 9 2 0 7 1 16 0 50 4 2 0 70 40 274 266 11 1 15 1 19 1 126 30 21 11 106 78 24 8 53 11 8 2 35 5 76 24 9 1 113 13 15 1 8 2 128 68 242 214 19 1 99 23 1 1 15 1 54 0 84 80 33 11 
28 16 32 2 14 4 1998 1946 6 2 9 3 25 19 50 18 47 1 101 41 54 0 35 1 4 0 31 9 21 3 18 4 5 1 8 4 8 0 25 3 19 1 27 1 46 12 10 0 20 2 9 1 54 6 22 4 13 3 22 14 617 583 7 1 
32 2 17 13 15 1 39 11 20 0 33 1 27 1 9 1 12 4 10 2 40 4 168 68 48 0 34 16 49 47 1463 1437 99 75 317 293 41 5 134 12 21 7 5 1 29 1 14 2 9 1 41 15 36 0 34 2 41 15 162 90 8 0 79 43 
6 2 44 0 228 182 9 3 28 8 6 2 31 1 80 2 107 3 47 1 75 21 16 6 6 2 28 2 23 5 19 1 20 2 65 33 136 80 608 586 48 0 94 2 39 13 38 6 5 1 34 0 20 2 34 16 35 1 65 27 691 667 29 3 
34 4 22 4 37 11 43 13 40 30 63 13 17 5 29 5 77 69 13 5 9 3 16 0 8 0 93 5 5 1 33 21 74 40 16 8 68 2 53 13 7 1 46 22 39 1 23 1 24 4 102 84 2 0 3 1 37 1 25 3 51 19 9 1 
14 4 15 1 15 1 35 1 55 11 3 1 13 7 54 0 68 32 30 18 15 1 10 4 44 22 67 39 92 58 26 0 22 0 67 1 305 133 81 9 11 3 100 42 21 9 31 1 15 1 429 293 12 0 3 1 3 1 34 8 303 41 39 1 
32 2 65 33 764 634 45 1 24 2 23 7 7 1 39 23 1233 1129 37 1 7 1 38 18 4 0 55 1 11 1 83 57 67 29 37 3 96 80 24 2 20 2 14 6 69 3 145 95 13 1 23 7 2 0 62 0 35 17 7 1 7 5 46 10 
28 12 54 10 11 1 5 1 218 0 6 0 15 1 7 1 27 1 39 7 15 1 48 40 39 23 60 38 230 182 48 14 18 0 22 4 526 450 8 0 35 1 9 1 34 14 30 6 100 36 136 118 23 7 6 0 26 2 31 19 28 2 62 16 
27 3 20 16 25 11 47 19 73 37 11 1 4 0 39 11 6 6 275 141 8 4 19 3 45 29 60 54 25 3 130 0 3 1 100 68 55 25 20 0 35 11 11 1 23 1 20 0 18 0 53 5 36 28 10 10 29 11 137 35 10 0 27 1 
30 2 94 38 1 1 22 4 14 0 27 1 10 0 25 3 30 6 15 7 11 1 131 93 13 1 234 10 11 1 4 0 29 27 283 233 1254 1202 52 0 28 20 13 5 4 0 14 8 20 0 52 30 10 0 8 2 10 6 52 16 30 4 19 9 
2 0 66 40 10 0 29 7 13 1 50 26 34 24 2 0 19 1 35 11 31 1 28 0 14 0 81 71 57 13 29 3 30 0 45 29 7 1 13 1 34 2 47 1 27 1 13 9 37 1 30 12 13 1 18 6 91 55 4 0 68 18 56 4 
33 1 25 1 8 0 112 82 6 0 37 11 25 7 12 0 246 188 3 1 28 18 15 1 20 0 60 44 10 2 10 6 90 38 9 3 14 2 18 12 37 9 58 26 6 0 13 1 34 0 32 0 19 5 50 24 36 12 90 16 464 102 28 0 
18 2 37 1 105 89 77 1 74 22 48 36 28 12 17 3 59 35 86 0 20 2 71 29 396 368 57 13 17 1 45 41 50 2 55 15 15 5 50 2 20 4 3 1 19 3 670 518 4 2 9 5 15 1 11 1 12 0 21 3 6 0 8 4 
14 0 9 1 38 0 12 0 21 1 145 33 37 9 50 2 11 1 216 174 24 4 122 66 39 7 11 1 1472 1438 14 0 26 16 89 75 31 3 13 1 14 8 6 0 19 3 4 0 18 2 3 1 17 1 9 3 15 7 108 30 20 2 19 1 
7 3 69 7 52 32 11 1 18 10 8 0 127 63 20 4 25 21 6 0 52 20 14 4 24 0 27 11 39 9 10 2 418 232 17 1 153 15 81 51 44 22 62 4 26 10 498 444 41 1 84 42 6 0 403 365 366 346 22 2 289 219 33 1 
10 8 23 3 19 7 1 1 3 1 27 13 25 3 20 2 31 7 23 11 11 5 44 0 33 3 25 1 39 1 8 2 191 147 47 21 54 2 88 26 16 2 1359 1305 52 0 17 7 30 22 14 0 29 7 21 1 21 13 4 0 34 2 32 16 
19 3 43 9 103 3 16 4 37 1 15 7 91 21 8 2 35 25 14 4 8 4 281 257 6 2 48 2 14 4 47 1 22 12 11 1 4 0 36 16 88 30 5 1 21 1 17 5 115 5 145 73 59 37 7 1 19 1 23 1 75 63 9 1 
53 9 19 5 40 22 64 30 24 2 18 0 43 1 16 4 27 1 18 6 27 5 75 1 23 3 36 12 6 0 132 102 53 13 27 9 29 21 62 8 5 1 110 4 25 1 13 1 64 14 29 3 162 94 286 248 11 7 46 6 47 1 28 0 
24 0 10 2 7 1 32 2 34 26 30 6 29 5 30 20 19 3 18 0 20 0 12 2 2 0 13 1 13 3 44 4 8 2 58 4 55 19 33 7 59 1 9 1 11 1 63 13 21 1 10 4 38 2 11 1 46 0 24 0 64 6 16 4 
34 2 31 5 154 86 30 6 149 109 76 4 17 5 252 216 15 5 6 0 4 0 109 5 16 0 166 16 27 1 93 81 5 1 130 106 35 1 140 18 1436 1404 107 33 11 1 3 1 30 10 27 19 35 11 10 8 52 8 88 48 3 1 60 6 
13 5 15 1 15 1 19 1 106 4 17 11 81 53 5 1 104 6 34 0 113 69 17 1 39 7 50 24 23 1 19 1 50 14 33 1 71 31 92 2 7 1 43 21 9 1 6 0 33 5 7 1 54 0 12 2 377 353 3 3 41 1 12 2 
281 237 6 2 85 7 20 2 25 1 22 0 57 1 51 3 10 4 99 79 923 779 56 2 25 3 114 66 40 22 6 0 30 20 1756 1360 45 3 12 6 19 5 17 5 17 1 5 1 12 0 22 0 139 103 199 187 31 1 5 1 51 9 22 2 
17 1 2 0 14 0 28 2 6 4 24 2 4 0 95 63 16 4 17 1 38 6 16 0 55 37 60 42 44 2 22 6 20 0 11 1 17 1 32 12 68 44 14 0 25 1 36 6 52 6 6 4 48 0 91 7 27 3 46 0 69 33 17 3 
40 10 17 3 42 2 225 183 123 105 24 0 86 4 43 15 19 7 24 4 18 0 3 1 11 1 27 3 17 5 10 6 212 186 1 1 81 19 21 1 65 1 28 4 18 6 160 50 7 1 20 8 18 2 54 40 63 43 3 1 12 0 70 2 
33 5 25 11 45 5 139 127 13 1 36 2 27 5 10 0 37 5 8 2 7 3 23 1 42 0 29 9 92 18 82 24 25 11 21 5 98 44 16 2 35 5 46 4 8 2 75 3 12 4 13 1 49 1 17 1 100 54 14 0 8 0 486 468 
78 8 13 1 59 1 21 9 25 1 39 11 5 1 46 26 40 24 211 167 7 5 9 1 125 87 29 5 164 136 32 0 27 1 4 0 276 118 91 31 19 1 63 15 41 3 8 0 30 14 46 14 34 0 753 739 4 0 22 4 6 0 9 3 
108 44 30 16 15 3 61 9 24 2 24 6 9 1 59 21 45 37 101 25 100 88 1 1 28 20 53 11 18 2 47 37 27 19 15 7 27 1 47 3 27 1 11 1 31 21 45 7 189 157 32 26 29 1 34 20 29 5 13 1 8 0 5 1 
18 10 203 33 23 1 15 1 46 22 25 1 19 1 10 0 10 2 14 2 25 11 204 118 91 15 17 3 357 261 82 60 25 7 71 45 161 13 44 2 11 1 16 2 5 3 23 1 18 2 25 15 57 9 37 1 26 22 16 0 11 1 306 218 
14 0 2 0 21 3 10 0 218 210 16 12 11 7 36 4 13 1 23 9 27 3 334 290 600 500 212 174 10 4 25 3 62 44 23 9 9 1 18 0 14 0 26 14 37 1 21 7 55 3 12 0 101 91 40 28 57 13 76 2 37 19 223 191 
867 821 34 12 17 3 32 18 196 162 79 5 16 2 3 1 53 11 16 4 224 212 6 0 12 2 26 10 14 2 31 25 12 2 57 1 96 62 322 300 3 1 50 38 29 15 5 1 10 2 54 0 17 1 90 4 98 14 41 15 41 1 19 5 
32 28 16 10 16 8 48 2 133 107 29 3 43 19 19 1 9 1 7 1 46 30 13 1 233 55 23 1 10 0 60 20 5 1 86 10 52 12 22 0 118 38 34 4 4 0 10 4 39 1 53 15 19 9 30 6 10 0 17 3 6 0 95 45 
10 2 57 1 18 0 21 3 40 4 15 1 4 0 15 1 11 7 17 1 73 17 82 2 18 2 135 83 28 2 26 14 17 9 4 0 32 12 33 17 48 38 10 2 59 11 15 1 16 0 7 1 22 0 23 1 34 22 7 1 101 77 20 8 
10 0 365 319 47 3 24 0 35 9 57 5 27 1 23 11 37 9 61 1 36 4 6 2 24 0 28 4 26 10 1 1 10 0 31 1 24 2 41 35 49 1 35 1 6 4 32 4 21 1 146 92 15 3 22 4 44 2 22 12 8 0 19 3 
38 0 6 0 90 48 4 0 57 9 65 3 23 1 25 17 36 6 29 1 14 2 20 2 54 2 83 1 49 3 47 1 33 5 48 0 3 1 7 1 17 1 47 3 13 1 19 1 64 2 28 4 29 1 28 22 16 2 188 74 51 5 9 1 
18 2 157 77 4 0 9 1 22 2 48 0 4 0 414 324 11 7 23 7 5 3 5 3 15 1 69 21 3 3 316 300 23 3 451 391 101 41 7 1 56 30 10 0 31 11 5 1 58 20 23 5 33 7 25 17 20 10 43 5 41 35 134 108 
12 6 481 377 249 167 32 4 31 15 39 9 18 8 92 74 17 11 20 2 30 0 209 151 6 2 14 6 55 7 258 248 232 172 28 14 18 0 28 0 11 1 1641 1603 1476 1436 123 69 8 0 152 28 42 4 15 1 36 2 28 0 13 1 206 170 
129 75 9 1 2006 1952 69 1 56 40 67 7 19 5 8 0 232 216 26 6 2 0 17 3 5 1 96 66 32 0 15 1 31 15 66 28 110 22 26 4 40 12 59 9 31 19 52 14 13 1 5 1 30 10 45 25 368 224 24 4 6 0 11 1 
3 1 16 2 24 0 18 0 28 6 39 1 27 1 2 0 2894 2870 21 3 6 0 11 1 5286 5238 32 6 19 5 22 0 18 6 223 85 59 39 5 1 22 2 9 1 9 3 7 1 8 2 2 0 232 138 53 9 90 76 65 1 20 8 14 4 
11 1 25 1 17 1 8 0 100 84 11 5 26 14 40 14 50 8 40 0 21 7 17 1 40 8 27 1 20 2 30 0 39 25 25 1 104 46 157 53 22 4 21 1 38 8 40 2 26 2 37 17 53 13 5 1 14 2 18 0 16 4 32 4 
33 3 20 2 11 1 31 15 5 1 11 1 101 53 44 34 96 2 140 98 11 1 84 44 45 1 32 28 8 4 341 321 119 37 36 16 31 1 31 1 13 3 84 44 38 24 6 0 15 1 34 18 32 0 376 308 81 11 23 1 23 5 294 128 
56 8 23 5 23 11 135 19 49 11 75 7 5 1 27 9 189 169 15 3 52 8 132 102 23 1 17 3 28 10 4 0 22 0 62 24 48 20 25 13 129 31 4 0 48 0 9 1 15 1 9 3 37 11 64 24 29 3 37 1 145 13 211 105 
28 22 5 1 22 6 38 2 15 1 30 8 99 13 135 109 84 8 408 396 40 6 19 1 296 36 59 9 22 20 11 1 22 2 60 12 251 193 14 2 31 3 5 1 8 0 14 0 5 1 13 1 26 6 7 1 33 1 14 4 36 2 53 5 
28 6 8 0 64 2 12 0 13 1 101 15 7 1 1 1 6 0 48 0 475 327 50 4 15 13 13 1 15 1 6 0 11 1 62 4 32 0 13 1 44 30 408 388 9 1 18 0 19 1 10 0 6 0 4 2 57 1 54 2 30 18 119 107 
57 19 14 4 13 1 5 1 18 6 5 1 150 34 49 21 31 5 3 1 41 1 255 231 47 7 15 1 17 7 10 0 17 7 6 0 38 0 47 5 74 26 12 0 509 481 29 11 4 2 16 2 17 1 22 0 50 0 58 22 29 13 8 2 
10 2 49 11 14 2 25 7 54 4 45 33 13 1 62 2 97 9 11 1 49 5 74 22 66 2 28 2 11 7 82 56 16 0 8 2 762 738 17 3 18 0 21 1 99 45 122 100 14 0 6 2 99 17 36 0 13 1 62 4 24 0 37 27 
10 0 57 47 51 29 9 1 40 14 16 0 9 1 46 0 15 1 2 2 9 1 57 13 21 3 279 209 48 10 18 8 13 3 27 1 53 9 54 18 4 0 120 60 25 1 56 46 64 54 13 1 191 163 68 0 22 6 41 1 15 3 62 18 
28 6 28 6 35 1 4 0 51 1 7 1 12 6 5 1 48 0 19 1 71 1 11 1 14 2 17 1 9 5 90 22 26 0 2 0 18 2 35 3 177 103 20 0 33 7 16 2 18 0 57 3 66 2 66 0 32 12 30 4 43 1 13 5 
5 1 54 2 355 267 30 2 15 3 9 1 3 1 22 2 345 111 12 2 22 4 23 3 222 178 24 16 37 1 17 5 190 164 69 29 8 4 259 229 14 2 36 2 8 0 17 3 79 51 9 1 16 2 7 1 17 9 24 0 27 1 42 14 
47 1 19 3 29 15 20 2 18 0 128 56 45 13 12 4 22 2 7 3 27 3 5 3 8 6 59 3 57 9 67 51 135 37 108 30 42 18 65 13 34 10 100 2 29 5 128 54 23 3 22 18 18 0 30 12 123 93 53 31 74 4 5 1 
19 3 67 17 7 1 33 7 225 25 31 7 22 4 18 2 19 1 52 0 13 1 228 184 11 1 28 6 65 1 9 1 16 0 18 4 36 8 52 6 44 0 40 0 64 6 16 2 24 2 66 30 9 1 15 1 38 10 96 70 13 1 33 3 
10 2 33 13 7 1 182 98 6 0 32 4 29 9 17 9 8 2 45 7 6 0 16 2 8 2 47 7 80 0 4 0 253 215 25 3 379 331 36 12 60 2 34 6 184 120 33 1 27 1 16 6 46 20 16 4 17 3 3 1 14 0 104 54 
218 86 19 1 11 1 6 2 41 1 49 9 167 69 47 9 40 16 18 4 53 3 80 22 71 69 11 1 11 3 124 18 19 1 235 193 88 0 12 2 411 385 47 9 15 1 219 185 54 2 165 129 32 4 13 1 153 133 5 1 63 1 8 0 
2 0 119 39 12 2 39 3 96 48 214 192 17 1 571 517 48 10 37 7 8 2 16 4 75 27 28 6 22 6 54 2 250 182 16 0 33 5 26 2 45 33 29 9 87 1 30 0 54 32 16 4 11 7 29 1 20 4 42 0 32 18 16 0 
27 1 16 0 108 56 6 4 72 32 32 6 6 0 10 0 23 5 42 4 64 2 148 116 208 182 227 223 10 2 29 11 62 24 9 3 47 5 44 32 19 1 11 1 21 1 15 5 11 3 40 10 58 0 6 0 13 1 6 0 21 1 12 0 
608 596 98 20 142 66 24 0 10 4 11 1 22 0 70 32 5 1 53 19 277 117 21 1 38 2 46 28 9 1 173 61 21 1 50 2 15 3 38 0 12 0 15 1 79 43 30 2 0 0 2 0 59 7 77 59 40 12 7 1 26 2 29 15 
6 2 23 1 249 227 1069 1051 4 0 20 0 28 4 6 0 51 1 41 23 46 0 6 2 5 1 20 2 88 60 32 16 31 3 52 20 12 2 25 9 16 0 186 158 12 0 26 0 1601 1525 57 17 44 8 116 18 83 35 19 7 70 28 55 23 
27 5 84 38 7 1 23 1 102 74 30 6 7 3 72 0 5 1 8 0 23 3 18 2 213 207 48 26 42 16 57 3 6 2 66 18 1399 1049 48 14 17 5 32 2 24 4 68 32 73 29 22 6 77 47 22 4 534 464 32 8 14 6 26 12 
105 83 8 2 13 1 27 5 103 59 69 39 262 182 66 34 4 0 118 68 31 15 140 28 12 4 30 2 20 0 6 2 171 21 31 3 14 0 18 0 41 3 62 2 45 1 917 855 48 4 17 1 18 10 11 1 8 8 5 1 51 7 14 0 
34 0 65 1 12 0 12 2 9 1 19 9 57 1 24 2 373 331 14 0 845 825 3 1 55 1 49 17 40 2 8 2 8 0 12 0 3 1 1473 1435 38 24 12 0 14 10 94 8 8 0 51 3 28 0 13 3 5 1 45 5 15 1 35 1 
23 7 21 1 132 90 111 37 11 3 72 58 31 17 32 0 21 1 46 4 71 1 34 2 328 314 18 0 13 11 34 14 102 12 339 129 29 1 1 1 61 31 39 15 16 2 8 0 12 4 11 1 22 4 3 1 80 8 30 4 63 3 76 44 
25 1 2 0 16 0 9 1 25 15 7 1 9 1 24 8 16 8 51 43 48 0 20 6 22 4 73 9 8 2 18 0 50 36 45 27 48 8 12 6 10 6 17 1 39 13 86 50 7 1 30 16 10 4 96 0 17 3 35 19 10 0 36 0 
19 1 51 1 25 1 206 62 20 4 24 12 249 205 47 1 64 32 7 1 80 26 27 1 5 1 18 4 5 1 44 8 86 18 419 411 126 110 12 0 23 3 152 24 421 85 33 7 26 4 18 6 32 0 21 7 8 0 79 47 56 2 72 0 
13 1 14 0 78 4 151 131 58 20 16 2 41 1 23 5 15 3 46 10 20 8 63 1 26 12 39 1 163 109 58 36 32 20 28 8 26 16 34 4 12 2 21 1 40 4 10 0 50 4 10 2 49 1 33 1 14 2 13 7 15 3 15 1 
37 7 23 3 30 2 22 6 53 15 23 5 11 3 13 1 12 0 33 1 32 14 5 1 25 3 44 32 14 0 43 11 14 4 6 2 53 1 8 2 4 0 1096 598 9 1 182 122 29 13 29 1 15 5 31 17 69 5 45 15 86 72 6 4 
110 78 106 12 24 2 21 11 76 0 104 24 88 36 29 17 108 70 151 3 185 91 2 0 40 2 3 1 19 1 53 21 63 45 304 214 21 5 26 0 30 0 51 21 96 72 19 1 41 5 17 3 18 8 25 5 174 112 181 147 17 5 68 56 
23 5 2 0 51 33 29 3 31 1 38 2 18 4 46 10 20 6 9 1 7 1 32 6 7 1 27 1 40 0 4 2 35 15 729 231 33 1 12 4 205 123 11 9 17 1 64 58 179 113 65 3 15 3 53 5 9 3 12 4 27 15 7 5 
38 8 15 3 103 87 321 283 35 1 32 8 9 3 40 2 8 0 30 6 10 2 402 390 249 159 32 12 38 16 21 7 65 1 43 9 106 84 17 1 11 1 24 4 20 8 110 72 13 7 194 170 30 20 25 1 47 25 34 14 38 2 60 18 
128 104 30 24 50 12 233 205 10 10 36 4 12 2 2 0 8 0 3 1 24 2 63 1 66 2 99 1 30 10 12 0 6 0 10 2 68 12 60 0 7 1 27 11 16 2 35 11 28 0 19 1 30 8 12 0 16 0 17 1 7 1 11 3 
15 1 49 1 12 8 21 1 16 2 5 1 1 1 18 0 10 2 202 142 48 6 14 2 30 2 4 0 33 3 68 52 28 0 10 0 18 0 2 0 59 7 174 12 40 0 162 138 26 0 52 0 22 6 47 1 37 1 71 1 36 8 17 1 
145 117 36 12 65 3 8 0 39 11 30 2 45 33 40 30 80 2 26 18 31 1 76 6 8 6 139 25 52 44 712 684 15 1 11 1 115 37 59 5 626 528 19 1 8 2 33 11 28 6 15 7 163 17 194 52 36 2 15 1 73 13 81 13 
8 2 11 1 3 1 14 2 491 203 21 1 9 3 203 169 51 1 99 79 139 75 4 2 52 18 30 10 8 0 10 4 13 1 18 6 13 1 17 1 25 15 6 0 127 39 11 3 176 122 3 1 25 1 6 0 14 0 6 0 12 8 13 1 
25 1 70 0 205 1 532 520 11 1 13 3 16 2 10 8 52 2 37 17 9 1 22 6 45 5 21 1 22 0 33 7 54 54 83 55 19 9 132 104 16 0 2 0 17 1 90 40 86 22 6 2 43 1 34 20 106 50 8 2 2 0 22 0 
6 2 18 2 8 4 15 5 58 0 12 0 13 1 61 3 12 6 60 10 18 0 19 5 42 6 20 2 126 0 31 3 77 55 6 0 115 27 54 0 73 23 70 42 60 10 73 3 21 7 536 454 460 442 143 133 37 3 36 18 189 71 27 3 
15 1 12 0 29 9 35 1 28 26 30 4 21 5 51 1 58 44 19 1 3 1 95 65 19 1 76 0 180 158 19 1 2 2 13 7 305 75 35 15 30 2 28 0 15 3 98 90 47 1 3 1 29 3 100 2 16 4 6 0 49 11 19 1 
11 1 16 0 17 1 17 3 25 1 28 4 12 6 53 27 26 0 33 25 14 0 8 0 12 0 637 507 108 0 9 1 99 13 105 19 41 1 108 4 14 6 11 1 10 0 59 1 21 1 11 1 27 5 43 11 3 1 42 18 11 3 24 2 
44 14 27 5 46 6 25 7 3190 3128 20 6 34 12 50 26 31 7 44 6 14 0 11 1 24 8 141 113 59 3 10 0 102 60 25 1 14 6 50 0 20 2 2 0 48 0 9 1 28 16 34 10 36 4 23 3 26 0 30 0 8 2 39 1 
53 5 17 1 5 1 22 0 14 0 864 736 138 6 19 1 232 136 3 1 145 99 241 229 6 0 12 2 77 3 24 6 5 1 15 7 34 30 16 0 54 6 64 10 21 1 35 13 58 6 23 5 7 3 22 0 207 179 16 2 10 2 46 8 
8 4 17 1 43 7 80 18 111 27 14 2 36 2 70 14 24 0 31 1 30 10 52 6 13 3 40 4 51 1 6 0 66 32 17 5 10 2 66 16 172 38 23 1 732 540 4 0 24 20 16 10 10 2 12 4 26 0 408 288 11 1 54 2 
32 2 23 1 58 10 1474 1428 18 0 56 42 9 1 15 1 36 0 24 4 25 1 13 5 25 3 23 1 23 5 15 1 8 0 52 2 17 1 96 14 19 3 16 2 46 36 13 1 26 4 58 4 14 2 18 2 43 23 2 0 11 1 238 176 
13 1 23 1 2 0 20 0 4 0 61 47 32 6 5 3 107 67 510 176 294 30 2046 1062 8 0 23 11 71 21 19 1 12 2 25 1 34 4 34 6 14 0 8 0 9 3 189 59 29 7 43 5 13 3 4 0 14 6 39 3 7 1 11 3 
20 2 37 13 56 0 25 13 8 0 37 3 28 14 42 36 33 9 6 0 7 3 37 1 35 1 10 2 15 3 10 0 483 455 11 5 11 3 27 1 8 0 9 1 39 1 42 2 29 17 13 1 3 3 77 15 61 57 20 2 46 4 17 1 
29 3 61 1 678 606 21 3 18 2 307 299 12 0 33 5 23 5 31 7 6 0 297 221 26 8 302 86 23 1 9 1 13 3 85 1 10 0 37 21 17 1 18 2 22 4 81 25 20 16 6 0 22 0 15 5 7 3 20 4 3 3 195 173 
9 1 30 0 10 2 39 3 34 16 29 23 17 3 42 36 37 23 178 16 49 17 25 1 41 3 11 1 28 18 33 1 27 21 47 11 39 1 29 5 46 6 31 3 11 1 24 6 20 2 21 17 8 0 174 140 55 11 4 0 28 28 71 61 
282 180 24 4 10 0 20 6 66 4 4 2 32 0 51 1 37 9 32 8 6 2 40 28 4 0 24 0 16 6 12 2 11 1 9 1 26 2 32 0 9 1 317 193 42 0 27 1 34 16 7 1 17 1 13 1 224 212 23 7 27 1 84 2 
34 20 23 1 183 93 9 3 136 102 30 8 9 1 37 9 41 21 10 2 11 3 28 4 34 2 50 34 33 15 14 6 12 2 40 8 25 1 15 1 41 9 28 6 221 193 145 93 9 7 55 1 21 13 31 5 48 2 52 14 5 1 37 9 
38 12 22 6 13 1 14 0 22 6 74 24 9 1 30 2 22 2 255 253 7 1 236 222 14 4 20 4 25 5 86 60 10 0 8 0 11 1 103 93 4 0 14 2 17 7 79 23 140 114 41 23 15 1 6 0 49 9 33 3 79 19 8 0 
35 1 83 51 30 2 7 1 9 1 311 301 5 1 33 3 18 6 193 169 30 16 24 2 41 1 22 0 66 0 12 0 29 7 124 12 9 5 21 1 524 428 38 0 87 19 7 1 14 2 26 10 14 4 3 1 69 37 48 36 13 3 43 11 
49 1 23 1 406 200 39 9 34 0 19 9 56 10 305 261 10 0 16 0 8 0 125 39 1434 982 27 5 32 22 58 0 173 121 758 692 177 31 18 0 23 1 5 1 28 10 32 0 8 2 21 7 81 33 21 3 19 1 51 1 23 3 37 17 
8 0 18 2 66 40 75 45 54 0 41 1 30 2 114 4 11 1 15 9 7 3 63 39 8 2 12 0 72 18 10 2 86 8 11 1 14 0 29 9 87 69 7 1 15 5 46 0 23 3 21 1 145 53 20 2 75 41 489 439 27 5 4 0 
34 0 12 0 53 7 97 1 5 1 25 1 16 0 13 1 8 2 14 0 91 53 31 9 29 13 18 0 74 2 32 16 254 226 19 3 2 0 16 8 48 10 18 0 6 0 16 0 4 0 37 5 6 2 34 2 808 674 41 7 33 1 147 7 
5 1 11 5 8 6 26 22 35 15 41 5 20 0 14 2 32 2 9 5 8 0 91 7 30 18 10 0 28 0 24 2 14 0 18 2 16 0 11 3 18 6 9 3 15 1 9 1 86 70 19 1 10 2 197 51 12 0 157 99 18 10 37 1 
9 1 19 1 53 13 280 196 9 1 14 4 10 4 15 1 44 22 11 1 41 1 18 6 5 1 103 39 16 0 26 4 40 0 26 6 4 0 218 186 74 54 149 33 71 9 24 0 31 1 23 1 1294 1220 15 3 517 247 326 310 216 180 85 73 
6 2 31 1 161 13 56 40 75 1 14 0 13 7 71 33 37 13 26 2 2 2 46 32 22 4 80 2 62 46 197 67 25 1 11 1 11 5 8 0 8 2 57 17 6 0 27 11 200 174 20 0 225 215 33 3 15 3 204 186 49 35 4 0 
287 171 51 31 17 3 50 2 6 0 18 10 29 9 17 3 11 1 5 1 26 12 15 1 37 13 5 1 23 3 11 1 131 13 36 4 80 32 121 109 37 1 14 2 39 11 49 37 7 1 6 0 32 12 12 0 80 6 8 2 23 1 1 1 
17 1 5 1 8 6 8 0 78 10 22 0 40 6 21 5 115 91 17 5 19 17 27 15 20 4 19 3 22 12 43 9 23 3 14 0 9 3 12 2 303 279 51 11 18 4 13 3 19 1 20 2 5 1 67 1 33 11 16 0 18 2 41 21 
18 2 25 1 41 1 149 85 30 4 12 0 44 0 23 1 114 74 10 4 18 0 36 10 82 76 79 49 62 38 18 10 46 38 24 2 21 5 27 1 77 67 4 0 132 98 10 2 22 2 19 1 164 134 29 1 212 76 16 0 486 458 292 240 
50 20 6 0 1549 1393 19 1 88 68 48 14 16 2 114 64 32 0 29 3 34 8 44 40 32 2 66 38 12 4 135 111 1 1 14 0 47 31 30 0 57 55 130 70 38 2 322 290 4 0 5 1 8 0 24 4 62 2 22 2 86 6 4 0 
19 15 21 1 49 7 66 42 45 9 48 10 11 1 11 1 245 163 24 10 33 1 49 1 36 18 5 1 35 11 41 1 263 181 116 44 24 2 39 29 22 4 108 46 12 2 33 21 31 7 12 0 15 1 8 4 62 38 13 3 72 40 19 11 
59 13 16 0 14 2 164 150 376 330 17 1 29 9 27 5 10 4 52 30 18 14 208 164 165 147 18 10 342 200 23 19 29 1 40 0 6 0 16 0 53 5 27 1 18 0 23 3 2 0 14 0 36 16 40 4 19 1 27 5 32 6 16 0 
21 7 18 2 29 1 7 3 31 7 22 2 277 235 4 2 28 4 56 0 107 67 58 16 166 98 48 8 171 119 15 1 42 2 37 23 12 0 8 0 14 4 8 0 140 128 18 0 136 114 46 14 6 0 33 9 93 29 0 0 72 2 32 20 
32 14 14 2 8 4 196 164 50 4 15 1 7 1 12 0 7 1 12 0 28 2 325 311 14 0 12 2 19 3 36 2 25 3 6 0 63 17 50 20 120 78 34 0 9 1 26 12 3 1 47 13 23 1 54 32 19 1 100 4 105 59 57 15 
169 91 85 39 12 0 14 4 17 1 57 37 11 1 25 21 123 5 79 3 111 3 14 0 21 9 38 10 11 1 21 7 3 1 29971 29951 31 1 101 7 1132 1058 9 3 13 1 201 5 27 9 26 22 5 1 39 1 7 1 13 5 9 5 12 2 
20 0 31 7 18 0 4 0 39 3 31 5 10 0 19 15 9 1 24 4 6 0 6 2 7 1 14 0 6 0 46 2 80 56 13 1 330 252 13 1 20 12 28 0 23 1 834 792 15 7 153 73 33 11 54 4 10 6 4 0 20 0 14 0 
37 19 35 9 3 1 25 1 125 37 72 8 6 2 74 36 7 1 44 34 33 27 9 1 10 0 5 1 12 0 208 54 36 14 9 3 10 2 109 99 6 0 17 1 11 3 29 1 30 0 2 0 24 0 41 19 26 2 6 0 12 0 20 0 
13 1 10 0 21 7 62 0 12 4 44 2 76 40 43 1 45 15 15 1 209 121 65 3 12 0 147 49 34 8 17 1 24 0 39 23 44 10 50 0 676 264 17 1 23 3 28 8 201 41 60 32 13 1 7 3 37 1 12 0 6 0 203 51 
6 2 12 2 23 11 30 2 35 7 43 5 16 6 9 1 10 6 21 1 24 2 45 5 7 3 17 3 145 101 16 0 42 4 19 1 39 9 43 19 19 3 67 29 55 5 10 2 23 1 52 10 12 0 41 9 8 2 5 1 54 0 18 4 
38 12 11 1 3 1 20 0 268 154 211 13 42 14 47 5 73 1 230 194 7 1 21 3 40 2 68 4 61 11 49 5 51 39 83 19 18 0 34 2 217 81 31 1 20 0 18 0 80 68 10 0 83 1 8 0 5 3 6 2 20 2 153 39 
15 1 16 2 7 1 231 197 144 78 10 0 244 200 12 2 49 11 23 3 70 10 21 7 16 2 32 0 9 1 8 2 11 5 765 179 231 211 136 104 5 1 15 1 38 2 19 1 24 10 19 5 35 21 48 4 31 1 338 212 136 24 23 1 
40 14 25 1 166 18 18 0 19 7 178 158 37 27 27 5 115 47 11 3 9 1 25 13 14 0 26 4 59 1 8 0 61 1 112 68 109 65 48 0 19 1 125 77 14 4 21 13 289 235 26 0 13 1 9 1 61 19 32 2 12 6 7 1 
29 7 12 6 75 1 56 50 11 1 8 2 40 2 18 4 25 9 52 26 11 5 6 2 18 0 22 0 27 1 15 3 2 0 42 0 11 1 36 4 29 7 41 1 69 41 17 1 8 0 17 7 28 12 64 2 66 0 5 1 132 128 30 10 
5 1 10 0 101 75 45 3 64 24 24 12 9 1 90 32 18 0 27 1 13 13 71 61 232 180 54 26 19 11 14 2 63 9 8 0 12 0 4 0 11 1 9 1 21 1 35 5 66 38 18 2 27 1 10 0 75 35 100 40 23 3 49 5 
220 42 15 3 80 48 8 0 78 56 29 5 29 1 6 0 49 13 34 2 16 0 9 1 22 0 29 3 118 18 41 25 28 0 18 10 10 0 38 20 45 27 14 0 35 1 52 12 29 11 153 141 29 1 77 33 33 5 24 0 6 0 229 181 
13 1 40 10 71 67 37 9 44 16 37 9 82 66 40 18 207 165 11 1 6 4 13 3 147 71 56 8 67 9 4 2 140 98 5 1 8 0 75 11 43 9 8 2 35 15 51 1 17 1 45 1 5 1 9 1 37 13 10 4 6 0 14 4 
13 9 56 2 65 49 13 1 5 1 57 35 12 2 10 2 44 4 11 1 11 3 77 9 43 3 33 1 38 20 146 88 62 2 45 39 21 3 32 0 36 4 23 11 8 0 88 28 5 1 14 2 11 1 21 5 977 969 20 0 38 20 97 37 
38 2 32 16 215 199 16 4 16 2 40 20 39 11 24 0 3 1 61 7 52 24 31 19 43 1 12 4 30 4 177 115 18 0 34 0 27 1 96 52 53 3 24 2 41 19 8 0 46 20 102 14 26 4 13 1 30 16 73 57 64 48 48 14 
16 4 24 2 7 1 25 1 17 11 18 0 63 49 33 1 13 1 18 4 25 1 12 8 75 1 111 69 30 2 26 0 8 0 20 0 37 25 31 25 56 0 20 4 14 4 16 0 44 8 41 21 15 1 46 18 12 2 86 54 9 3 36 8 
14 6 8 0 16 2 25 1 293 239 10 0 95 11 6 4 7 1 28 2 23 1 352 328 142 12 31 5 3 1 2 0 7 1 9 3 68 10 22 8 15 1 3 1 30 2 2 0 25 13 16 2 11 1 668 620 30 0 135 101 19 13 21 11 
25 15 78 10 52 4 35 5 6 0 12 4 17 3 20 0 41 1 47 13 17 1 17 1 15 1 34 20 325 295 13 3 148 110 17 11 37 1 51 5 44 16 105 97 14 0 40 10 19 1 19 1 12 0 15 3 4 0 20 0 40 20 52 22 
33 1 17 1 37 1 44 4 31 13 29 9 38 16 12 0 83 11 207 31 127 67 34 6 1 1 17 1 76 14 23 17 192 118 13 1 30 2 9 1 238 216 25 1 8 0 11 5 23 7 15 1 26 2 4 0 82 8 58 2 20 2 16 6 
55 29 26 0 20 4 16 10 51 17 157 115 115 5 3 1 14 8 58 44 40 0 75 23 248 232 31 23 49 3 34 2 110 64 1 1 72 24 62 0 31 17 15 7 246 154 16 0 17 1 45 1 268 236 17 1 10 2 17 1 46 18 2 0 
8 0 18 4 32 0 15 7 80 40 24 0 48 4 21 1 5296 5264 47 9 4 0 8 0 130 28 7 3 57 33 53 3 30 0 44 30 1318 1084 19 3 1 1 87 67 19 1 8 0 22 0 6 0 23 17 25 1 15 1 43 1 194 52 18 4 
9 1 11 1 37 3 70 42 14 4 13 5 11 1 23 1 5 1 27 1 70 34 32 2 15 3 35 5 12 2 126 38 46 6 22 14 12 6 6 2 32 0 104 28 78 8 32 2 108 80 12 0 8 0 24 2 20 0 75 45 7 1 16 4 
13 1 41 3 102 30 34 2 114 54 67 29 4 0 32 20 42 20 15 1 14 6 11 1 16 0 62 2 646 560 51 27 22 0 26 12 11 1 255 229 6 0 12 0 44 0 10 0 44 6 28 0 24 0 16 8 22 2 7 1 36 6 126 110 
93 9 4 0 342 308 8 4 17 3 21 3 376 362 12 4 87 35 32 14 129 85 55 7 3 1 30 20 20 2 62 14 14 0 12 0 4 0 10 2 28 2 41 11 786 746 343 285 997 987 25 5 10 0 14 4 64 4 149 89 25 3 154 128 
109 69 15 7 130 106 22 6 15 1 10 2 43 1 27 1 570 522 25 1 39 1 17 3 130 24 129 7 47 3 94 20 16 2 217 195 59 33 14 2 9 1 10 0 14 2 28 4 11 3 5 1 41 1 129 125 11 1 72 56 23 1 49 23 
39 17 67 19 22 0 53 1 55 27 25 1 51 13 4 0 21 5 21 1 82 62 36 0 1469 1455 27 1 30 0 110 24 35 3 22 0 418 362 50 18 203 165 24 4 52 4 11 5 13 1 319 193 102 36 55 17 241 229 37 31 26 2 15 1 
74 6 5 1 16 2 28 4 15 1 18 2 5 1 177 147 6 0 46 18 15 1 281 31 75 21 33 15 57 19 8 0 46 8 111 9 56 30 191 81 310 194 7 3 4 0 12 6 15 7 2 0 36 10 16 6 25 19 38 4 9 1 7 1 
67 51 35 1 6 0 13 1 55 17 9 1 11 3 79 21 20 6 12 0 381 367 18 8 20 0 24 8 9 1 11 1 73 1 22 2 40 16 48 4 23 3 48 8 17 1 49 23 30 4 9 3 16 0 3 1 9 1 27 13 13 1 36 16 
10 6 216 144 23 1 11 1 67 63 16 0 17 3 335 297 10 6 30 6 31 21 8 0 3994 3976 50 32 15 1 57 5 45 21 118 48 97 17 19 1 45 21 38 16 35 27 23 15 14 4 202 24 16 2 15 1 29 9 157 89 48 18 21 15 
17 1 15 1 12 4 19 1 398 148 50 4 16 0 0 0 8 2 220 178 70 0 127 99 4 2 15 1 2 0 21 1 35 31 36 20 8 4 136 60 31 5 41 11 13 1 435 345 40 4 36 2 43 35 69 1 76 14 67 53 35 17 12 4 
16 0 89 61 8 0 27 19 16 8 77 1 19 3 47 13 44 2 7 5 3 1 41 7 13 1 16 0 87 39 13 1 15 1 56 50 35 9 16 2 13 3 95 69 55 33 31 1 72 20 12 4 784 642 17 7 23 13 108 90 45 17 58 0 
7 1 15 9 733 703 151 85 223 221 56 0 166 12 79 67 17 3 152 90 195 129 4 4 18 2 505 461 53 35 30 4 14 0 9 3 10 0 1618 1306 25 1 54 38 29 11 75 57 12 6 9 1 19 7 5 1 19 3 11 1 44 12 47 3 
86 50 53 5 10 2 7 1 417 395 39 5 54 22 73 11 8 2 11 1 93 57 22 2 18 0 130 86 14 0 40 10 35 17 521 419 2 0 7 1 149 133 17 1 49 21 21 1 9 1 21 1 26 2 30 4 6 0 8 2 52 18 8 4 
25 3 54 16 15 1 179 115 9 1 4 0 9 1 118 14 33 15 10 2 51 9 5 5 21 1 79 69 5 1 11 3 26 0 6 0 6 2 12 4 7 1 3 1 8 4 78 50 12 12 52 2 14 6 33 11 56 28 5 1 3 1 26 14 
70 0 12 0 58 12 27 1 78 6 5 1 115 1 25 1 15 1 166 130 9 1 367 339 30 0 36 26 6 0 80 52 45 31 25 13 33 23 31 17 82 4 40 6 11 5 104 0 24 2 24 4 32 0 34 8 29 23 11 1 9 1 544 526 
4 2 4 0 66 14 19 1 80 44 37 7 26 4 15 1 10 6 21 9 44 4 36 16 56 32 45 7 59 1 1 1 16 4 63 19 23 5 7 3 10 4 49 33 35 1 9 1 21 17 9 5 66 50 80 16 23 3 52 18 2200 2158 8 4 
76 14 35 5 490 476 119 1 207 51 59 3 9 3 57 29 6 4 12 0 39 1 12 2 8 0 9 5 21 1 162 134 10 0 48 8 5 1 11 1 7 3 9 1 113 51 22 8 39 5 62 12 12 0 1497 1407 47 3 18 14 992 944 116 86 
20 0 17 5 91 57 10 0 62 28 38 16 17 1 83 1 41 5 11 5 36 0 2773 1801 23 1 305 277 179 147 16 0 10 6 12 2 9 7 191 163 78 0 874 744 26 4 21 13 183 55 52 8 30 2 22 10 30 2 21 1 35 1 64 6 
56 20 1371 1293 304 112 28 0 38 0 56 24 14 2 487 433 84 36 31 1 24 10 31 3 8 0 22 6 10 2 12 0 43 31 29 1 248 104 2749 2453 54 14 43 9 68 38 20 2 156 126 39 19 4 0 53 3 18 0 18 0 13 3 35 1 
23 1 22 2 8 2 61 35 63 7 56 40 15 1 21 1 10 0 91 29 9 3 13 1 42 28 20 0 116 8 48 4 35 17 76 18 98 28 7 1 28 2 52 2 35 1 68 0 5 3 31 1 82 6 36 2 7 1 31 1 71 17 91 61 
2918 2876 27 1 84 4 35 27 36 2 20 0 19 1 71 9 20 2 39 1 1091 977 5 5 11 1 58 18 79 1 26 2 42 14 19 5 15 1 24 6 24 2 377 281 26 2 34 14 12 2 58 12 16 4 277 21 71 33 25 13 57 19 84 66 
21 13 78 0 34 16 57 27 13 1 11 1 33 9 248 154 11 1 9 3 34 2 153 87 8 0 107 41 7 5 25 1 7 1 27 15 29 25 42 4 39 9 11 5 34 0 13 1 39 3 18 0 10 2 417 329 179 143 12 4 11 1 33 1 
6 2 5 1 610 420 16 2 98 30 32 4 2 2 27 5 23 1 50 0 12 0 18 0 71 13 22 0 95 65 26 0 3 1 58 4 18 0 24 0 109 9 13 5 62 20 24 0 18 2 21 7 49 33 29 9 75 31 34 8 51 1 68 24 
30 0 109 37 13 1 27 5 5 1 50 8 8 0 48 16 8 0 34 10 24 4 31 1 42 8 39 19 16 10 15 1 4 4 7 1 32 6 17 1 28 6 30 24 18 0 24 2 18 0 45 1 166 38 25 3 483 421 6 2 50 22 25 3 
25 11 30 12 27 5 34 6 25 7 73 11 62 18 45 7 28 0 71 5 24 0 31 1 40 22 13 1 227 67 16 0 123 107 30 4 79 53 34 0 69 1 39 3 13 1 71 65 24 0 6 0 14 0 20 0 1489 1439 82 0 16 4 25 1 
47 1 286 230 26 0 8 2 103 71 27 11 8 6 18 0 1472 1454 5 1 70 10 13 3 16 0 31 3 5 1 128 58 13 3 38 10 48 26 45 13 57 1 62 8 10 0 37 3 56 22 25 1 11 1 25 1 76 12 34 0 42 0 47 11 
74 52 7 1 11 1 214 142 24 4 185 57 24 0 7 1 122 84 8 2 26 0 3 1 43 3 24 2 7 1 29 29 401 59 25 3 24 0 26 16 213 179 13 3 18 2 431 323 14 8 13 3 46 2 12 8 34 2 1 1 7 1 42 32 
44 22 25 3 18 0 10 2 5 1 86 60 37 15 34 28 2 0 510 502 68 20 63 5 27 9 8 2 11 1 44 24 44 18 50 34 7 1 138 116 307 115 177 1 9 3 19 3 42 16 13 1 47 15 36 4 223 215 55 39 12 2 14 2 
43 15 13 1 9 1 23 1 9 1 25 1 38 0 20 0 363 271 18 14 29 17 39 7 122 48 35 29 612 560 45 17 24 0 14 0 88 38 10 0 19 1 13 1 21 1 49 3 7 1 48 0 84 28 38 8 63 3 46 2 22 4 8 0 
40 12 19 1 16 10 51 9 34 0 32 16 7 1 36 26 127 39 8 4 24 0 21 11 20 4 35 1 12 2 27 11 48 26 8 0 703 457 34 2 174 112 174 122 107 17 17 1 14 0 19 1 37 3 13 5 14 2 13 1 31 1 52 10 
61 1 44 0 6 0 29 1 12 0 15 3 19 3 17 1 29 1 142 26 49 7 37 9 13 1 25 7 27 5 30 2 16 2 43 1 28 14 68 16 39 29 67 3 21 17 82 18 7 1 118 84 65 7 236 188 9 5 153 123 79 1 9 1 
28 14 22 18 43 15 244 166 3 1 17 1 61 3 8 2 63 1 216 168 25 3 48 20 14 0 73 1 11 1 22 6 46 12 19 3 54 2 7 1 30 0 60 44 19 1 48 10 5 1 49 1 48 8 16 2 46 20 75 11 15 1 19 7 
16 2 7 1 10 2 73 1 61 1 35 15 135 117 10 0 43 3 17 3 11 5 1793 1683 30 0 14 2 14 0 9 1 10 2 29 7 37 13 5 1 33 3 23 1 24 0 250 216 31 1 1 1 80 14 33 3 118 62 93 91 51 3 17 3 
87 63 18 6 4 0 21 1 8 2 119 79 55 21 49 21 641 621 183 169 4 2 7 1 4 0 73 35 25 15 11 3 113 81 9 1 31 1 33 1 256 208 9 1 71 1 19 1 30 2 419 393 23 1 10 4 21 7 76 68 25 13 33 19 
71 11 16 8 25 1 10 6 13 5 46 14 19 3 3 1 34 0 8 0 44 10 9 3 36 0 57 21 5 1 70 26 12 4 8 4 9 1 27 17 4 0 23 1 29 9 24 4 15 1 54 0 55 3 11 3 31 17 32 12 33 5 11 1 
168 4 52 0 43 13 19 1 11 1 23 1 24 8 125 85 16 12 14 4 38 10 13 1 23 1 43 9 15 5 14 0 11 1 45 5 22 2 135 87 27 7 33 1 21 3 6 0 18 2 604 498 22 0 180 12 39 1 41 9 20 6 40 4 
20 0 43 3 30 6 26 4 9 1 67 3 10 0 31 1 55 13 105 11 56 24 18 14 26 12 32 18 83 61 8 4 20 10 41 13 13 3 25 1 19 11 42 18 4663 4355 11 7 58 34 31 1 34 18 73 39 37 7 37 1 34 0 50 32 
77 11 26 0 41 1 43 7 18 0 32 6 18 0 63 43 33 5 33 5 245 177 25 7 71 3 46 38 21 7 3 1 116 76 27 3 56 20 65 15 19 1 55 45 99 41 33 15 58 12 33 21 27 1 14 2 25 1 30 12 29 3 199 19 
18 4 15 7 13 1 34 0 6 2 51 51 9 9 63 19 10 4 45 3 220 170 55 7 19 1 10 0 27 5 25 1 96 44 21 1 25 3 165 123 5 1 12 0 46 4 6 6 20 12 103 53 85 9 33 7 19 9 48 22 48 30 33 11 
96 42 12 4 12 0 23 7 20 2 10 0 21 3 4 0 52 6 25 1 44 4 284 122 20 4 16 0 62 4 27 9 28 14 155 121 5 1 252 170 10 0 32 0 25 3 24 0 18 8 56 10 70 14 3 1 68 46 22 8 10 2 11 1 
31 5 27 17 1 1 90 50 38 0 122 74 18 8 12 2 35 25 29 7 28 0 22 0 21 1 14 0 36 26 14 0 15 1 20 4 32 2 31 1 45 3 78 42 23 7 14 0 29 3 25 3 27 5 28 4 117 3 427 9 9 1 5 1 
20 0 197 185 15 3 14 8 24 0 47 1 95 53 12 0 31 1 133 53 88 54 6 0 28 2 0 0 7 1 4 0 21 3 53 5 252 34 126 108 21 15 12 2 14 0 141 135 8 4 5 3 23 5 14 4 36 0 5 1 147 27 9 1 
11 1 29 13 23 1 63 3 22 18 26 6 13 1 107 77 40 10 72 36 39 3 261 137 32 6 24 4 9 5 13 5 35 1 26 4 29 19 785 733 101 3 6 2 63 5 41 1 68 16 213 27 334 140 10 0 15 1 21 1 65 53 13 5 
51 1 23 5 32 4 12 6 65 17 135 77 110 80 29 5 30 2 16 0 59 3 10 2 18 4 5 1 12 6 15 3 35 1 37 3 18 2 13 1 8 6 29 15 38 18 8 4 32 2 182 156 63 5 22 4 75 5 14 4 207 147 6 2 
100 72 12 6 32 24 81 35 52 28 32 6 25 3 13 5 13 5 34 14 272 210 74 6 46 0 1 1 16 4 35 7 18 0 63 33 24 0 12 0 7 1 26 18 42 8 39 25 5 1 49 3 28 2 52 46 113 55 50 0 258 174 18 4 
30 2 9 5 14 0 6 0 10 0 11 3 8 0 44 10 81 3 8 2 70 34 47 21 26 16 22 6 35 23 16 6 19 13 53 15 40 0 30 6 432 354 7 1 2 0 65 51 16 2 23 1 25 1 15 9 26 6 39 7 105 41 84 38 
3 1 34 8 387 309 1041 781 628 578 16 10 5 1 56 2 29 9 26 0 59 41 5 1 21 3 7 1 10 2 179 159 110 30 5 1 16 0 15 1 11 5 23 7 31 5 7 1 236 136 38 2 154 36 14 6 12 0 33 17 19 1 16 2 
10 10 13 1 12 0 15 1 9 3 22 8 22 6 19 7 22 0 12 4 1414 1392 62 58 29 1 54 8 11 3 21 1 30 8 8 0 33 21 49 35 17 5 84 40 183 97 10 0 10 2 45 19 6 2 8 0 22 6 8 0 52 12 135 111 
29 15 16 0 28 26 16 2 25 3 74 2 39 33 14 2 44 0 10 2 40 12 42 14 32 16 56 18 16 4 10 2 2 0 15 3 0 0 8 2 41 3 77 57 46 4 14 4 53 19 64 32 14 0 19 1 28 0 1 1 72 6 35 27 
70 12 95 55 9 3 16 2 55 33 33 11 5 1 28 2 13 1 20 4 37 11 31 9 15 1 12 6 443 247 38 0 13 3 31 1 15 5 23 13 11 1 46 8 39 1 27 3 21 1 31 11 34 4 31 1 33 9 113 31 127 15 146 12 
10 4 34 2 18 0 5 3 41 5 19 3 412 364 37 3 4 0 105 91 157 139 60 34 181 127 84 24 10 0 8 0 7 3 23 5 122 48 127 103 10 0 54 0 29 15 3 1 36 0 19 1 7 1 29 25 3 1 22 2 7 1 1179 1165 
27 9 54 48 151 93 102 86 2 0 30 2 20 2 62 14 76 8 22 2 12 4 6 0 143 89 52 0 21 3 52 14 7 5 36 0 18 0 19 1 8 0 387 359 12 8 6 0 9 1 45 9 203 33 46 20 18 4 61 23 27 1 71 31 
42 0 32 2 20 2 18 2 33 5 4 2 66 30 22 0 19 1 44 40 58 10 21 5 14 10 55 7 27 3 56 4 13 1 12 0 17 3 19 1 19 13 24 2 115 95 21 1 42 2 28 0 19 1 131 61 22 6 31 7 413 3 22 12 
9 1 3 1 19 1 382 328 9 1 20 0 44 2 10 0 11 5 77 67 50 24 31 1 8 2 25 7 33 15 167 55 48 14 6 0 160 52 21 5 33 7 18 0 22 16 61 33 5 3 40 4 110 58 75 11 432 406 4 0 39 15 172 10 
40 20 28 0 39 1 12 4 375 335 25 19 35 5 145 123 21 7 17 1 113 63 33 1 4 0 28 2 4 0 86 6 15 1 12 0 206 174 66 2 41 1 199 147 21 15 13 1 13 1 13 1 12 6 22 18 15 1 14 0 54 30 33 1 
7 1 48 10 21 7 136 40 19 1 34 2 95 9 111 91 25 3 18 6 23 5 36 12 348 340 20 4 71 1 28 2 27 1 93 9 54 46 63 51 12 0 32 14 88 6 84 40 13 9 10 2 6 0 1280 1228 74 12 847 803 32 0 35 13 
7 1 28 0 25 21 9 1 36 0 50 12 104 32 60 0 47 7 88 20 35 21 23 13 9 5 18 6 72 0 6 2 8 0 18 8 135 123 67 31 41 1 2 0 58 18 46 16 22 4 25 3 11 1 55 55 21 15 27 13 38 14 28 0 
19 3 4 0 2204 2178 32 14 21 1 18 2 39 17 8 2 2225 2139 31 5 24 2 46 0 22 4 272 148 49 3 226 180 55 1 15 1 18 4 6 0 10 2 14 0 144 48 20 2 17 1 207 53 30 8 18 2 33 1 51 33 5 3 4 0 
13 1 32 2 51 1 107 47 11 1 121 35 38 6 17 15 15 1 3 1 20 14 930 814 71 59 9 1 27 13 53 1 44 24 9 1 14 8 48 46 22 14 69 29 33 7 93 75 97 1 16 0 82 0 9 3 1475 1433 13 1 18 2 13 3 
633 597 7 1 40 6 43 23 23 5 11 1 13 1 20 14 37 15 26 0 5 1 23 1 278 20 181 115 13 1 11 1 29 1 19 3 8 2 76 64 23 1 20 0 34 4 367 293 23 15 26 14 16 16 4 0 20 0 14 4 16 2 36 16 
7 1 76 12 61 41 17 1 20 4 6 0 625 375 54 0 67 33 473 393 5 1 13 1 34 16 72 20 13 3 89 67 9 5 94 14 9 1 66 0 35 3 17 3 18 2 21 1 30 14 23 1 126 40 22 0 29 1 40 8 24 18 81 67 
23 9 17 3 24 0 6 2 26 8 40 0 22 0 35 3 14 4 4 0 20 0 132 36 22 8 73 15 355 297 257 57 37 1 235 211 273 221 26 0 45 5 14 8 49 1 445 363 33 9 39 9 20 2 6 0 96 0 40 6 60 14 19 1 
816 762 11 1 65 61 27 17 6 0 149 65 24 8 10 4 31 1 30 20 17 7 7 1 183 47 68 58 17 1 18 2 46 6 17 1 114 62 3 1 214 198 12 2 18 0 20 2 22 0 55 3 11 7 86 4 5 1 38 2 23 3 10 2 
80 44 9 1 16 10 60 40 207 159 220 106 15 3 3 1 40 0 71 1 34 6 10 2 9 5 31 1 29 1 10 0 7 3 42 30 46 16 8 2 35 13 64 28 14 0 41 1 45 3 1 1 13 9 37 9 41 7 12 2 108 32 7 1 
23 1 100 0 17 15 5 1 16 0 19 1 54 28 11 1 21 3 62 0 31 1 117 31 10 0 358 282 12 0 91 3 18 14 11 3 40 2 25 3 19 5 37 5 72 20 17 11 23 1 14 2 24 20 12 0 13 3 17 7 84 6 211 159 
42 24 40 10 115 71 64 18 131 115 16 2 21 1 15 3 68 10 79 3 27 1 2 0 31 1 425 215 3 1 70 64 15 1 103 1 70 10 7 1 128 88 27 1 5 1 11 5 41 17 28 2 6 4 36 14 38 0 240 174 15 1 75 3 
59 39 22 6 4 0 169 125 308 284 13 1 107 75 67 27 15 1 9 3 30 16 39 1 368 326 26 2 341 263 172 112 74 14 14 0 188 184 38 18 5 1 149 89 63 29 7 1 29 1 8 0 15 1 51 5 12 2 233 171 81 3 65 3 
15 3 4 0 46 10 19 1 4 2 246 188 112 62 14 2 53 15 122 2 9 1 10 2 32 16 22 0 962 930 28 10 1 1 27 7 19 1 37 5 122 72 63 37 31 1 15 1 23 1 33 23 11 1 15 11 43 3 68 42 48 22 9 1 
5 1 15 1 92 2 16 4 14 0 7 1 37 3 11 3 7 1 208 196 61 33 46 4 39 5 100 92 19 1 30 0 15 1 71 1 10 0 22 2 23 3 88 0 73 11 18 2 23 1 84 2 43 1 33 1 12 2 41 23 13 1 70 2 
123 73 11 3 5 1 28 2 37 25 9 3 60 28 20 2 141 5 25 3 54 2 41 1 40 10 10 0 12 2 226 194 26 18 21 1 16 4 57 23 26 2 131 83 127 1 579 541 51 15 79 5 32 4 10 6 73 7 43 23 13 1 36 4 
59 1 45 23 33 9 36 0 29 1 28 4 33 3 51 1 11 5 7 1 61 13 33 5 231 193 15 1 70 4 5 1 149 131 18 4 11 5 13 5 104 30 1594 1582 11 3 22 6 6 0 4 0 18 0 3 1 519 387 53 31 13 5 17 1 
30 12 0 0 5 1 8 0 40 6 48 2 6 0 22 6 141 67 23 15 110 80 23 3 31 19 6 2 24 4 48 2 34 12 15 1 112 64 20 0 113 107 30 0 6 0 20 4 34 18 71 7 21 3 71 33 2467 2447 21 7 54 12 16 0 
13 1 18 6 13 1 38 12 29 9 24 16 2 0 45 9 74 48 6 0 11 1 5 1 36 2 8 0 360 104 6 0 104 58 40 0 56 32 45 3 4 0 134 110 21 3 3 1 54 10 5 1 171 73 37 9 14 2 34 4 30 4 11 1 
29 1 35 9 47 3 87 45 18 0 21 1 17 1 62 40 23 11 56 2 7 1 15 5 251 159 24 0 27 25 47 1 69 33 144 124 8 0 25 13 41 3 36 6 45 5 31 1 85 17 102 2 23 7 5 1 15 1 28 2 8 0 9 1 
157 119 109 11 19 3 192 94 113 67 29 7 15 1 4 0 11 1 92 6 38 0 395 305 19 5 10 0 5 1 11 1 6 0 80 2 24 6 27 3 224 142 14 4 49 29 33 7 28 4 25 1 65 11 335 225 64 8 24 6 46 4 196 40 
4 0 31 1 11 1 25 7 9 1 25 1 65 15 21 1 6 2 12 0 96 42 7 1 42 26 11 1 88 2 9 1 74 14 25 1 4 0 50 14 59 1 27 1 13 1 5 1 24 0 8 2 39 13 6 0 16 2 13 1 12 0 71 45 
6 4 26 10 23 3 3 1 10 2 16 8 31 1 234 124 116 96 36 16 24 6 31 1 28 2 1529 1389 9 1 39 21 121 15 30 16 63 9 16 2 10 0 47 3 241 227 37 7 17 1 35 23 111 39 35 3 26 2 36 10 4 0 2 2 
22 6 37 33 19 1 253 241 7 3 32 18 115 57 40 16 68 24 25 5 27 3 53 47 17 1 1462 1446 79 11 19 3 52 20 40 10 15 3 9 1 75 41 19 15 18 4 11 1 9 1 8 2 16 0 23 3 35 1 18 4 3 1 36 8 
39 15 20 2 16 8 53 19 41 17 4 0 6 4 64 40 27 5 568 542 32 14 11 1 7 3 37 17 12 0 32 6 49 1 15 1 183 99 34 24 57 1 27 1 18 0 250 202 74 10 28 2 119 85 47 25 25 1 21 1 39 15 20 2 
10 0 62 2 1 1 20 2 19 9 25 1 13 1 5 1 17 1 64 52 11 1 44 12 6 2 42 26 50 6 38 0 47 3 24 10 11 1 20 10 37 1 294 256 9 7 16 0 33 1 12 2 20 2 20 16 17 1 10 2 180 74 278 212 
24 0 19 1 503 313 59 9 17 1 8 0 109 85 119 81 78 6 14 4 119 1 25 11 19 3 19 5 36 2 40 6 72 8 40 24 16 0 26 0 27 1 75 1 30 0 28 18 9 1 15 5 38 18 7 1 30 0 6 0 15 3 18 2 
47 15 13 5 53 3 30 2 26 6 31 1 224 38 44 24 58 2 9 5 113 83 38 0 8 0 49 37 8 2 14 4 5 1 33 1 50 46 26 0 57 45 17 1 8 2 253 129 15 1 172 6 30 2 17 1 29 1 40 8 2 0 17 3 
26 2 8 2 102 74 23 5 240 154 22 2 100 28 39 35 15 1 113 107 19 1 7 1 9 3 11 5 20 2 3 1 71 3 38 12 66 4 37 11 32 26 14 2 82 6 65 43 47 3 18 6 120 2 15 7 101 55 42 6 2157 2125 7 1 
25 13 92 6 80 4 10 6 32 6 301 277 38 6 54 12 3 1 9 3 25 3 234 210 49 19 34 12 56 2 21 1 18 2 43 13 77 1 23 3 26 6 12 0 71 41 24 12 49 1 3 3 29 11 4 0 12 0 13 1 19 1 16 4 
15 3 137 91 34 22 37 7 29 11 69 51 23 7 12 2 15 3 17 5 18 2 33 1 44 2 24 0 27 9 51 5 7 5 31 23 55 13 15 5 42 24 8 0 27 1 47 37 669 613 49 9 17 5 48 20 47 43 3 1 36 2 20 0 
14 0 54 8 49 3 12 0 14 6 24 2 12 2 36 0 38 0 22 0 166 48 12 4 76 6 7 1 34 4 14 2 169 13 107 79 21 1 211 201 46 4 14 2 22 0 461 403 19 1 30 14 22 4 293 221 89 67 7 1 17 1 30 22 
57 19 27 3 93 65 52 2 27 11 13 1 26 0 18 4 8 2 19 5 11 1 1388 1186 28 2 5 3 25 9 19 11 35 13 11 3 280 114 24 8 14 0 89 15 63 1 3 1 5 1 30 0 25 3 12 0 28 6 69 45 32 4 14 0 
40 28 8 0 7 1 26 0 8 0 10 0 264 198 61 49 17 13 9 1 28 10 15 1 21 1 16 0 28 2 19 7 37 1 6 2 26 16 26 6 9 5 49 45 21 1 8 2 8 0 23 1 15 7 21 3 15 7 36 14 387 347 5 1 
21 1 39 7 44 16 161 29 16 2 132 116 8 2 14 0 14 2 25 1 13 1 54 44 95 61 1497 1467 35 7 188 174 40 2 104 66 10 8 52 38 44 18 20 4 9 3 46 10 16 2 13 5 91 3 19 7 29 17 69 9 27 9 25 1 
19 9 17 1 172 106 16 0 58 42 571 255 18 2 65 1 117 9 9 3 27 1 11 3 32 8 93 21 26 0 48 6 31 17 73 41 16 2 36 26 66 50 11 7 31 1 31 7 19 1 21 1 20 4 49 3 105 59 6 0 5 1 32 4 
22 0 44 12 43 9 18 2 21 1 58 6 32 0 29 3 114 14 4 2 63 3 53 1 71 53 40 4 11 1 6 2 19 3 13 1 18 8 41 15 23 1 18 2 22 4 192 104 10 2 301 157 69 21 31 1 17 3 25 3 34 2 21 3 
23 9 149 41 122 6 32 10 81 75 18 2 49 7 22 6 4 2 29 1 43 27 23 1 11 1 96 4 11 3 16 2 7 1 37 17 119 27 89 63 204 172 5 1 355 321 32 6 222 202 34 10 11 5 130 110 22 6 18 2 127 27 83 15 
10 0 19 1 23 3 23 1 69 1 400 358 71 33 17 5 5 1 7 1 31 23 6 0 72 34 9 3 49 7 27 15 37 3 21 11 14 2 19 5 119 47 35 3 14 2 45 1 37 11 42 26 11 1 25 1 3 1 53 5 68 32 27 1 
78 40 131 105 23 3 2 0 39 1 2356 2282 6 0 29 1 6 0 33 1 65 25 276 188 20 4 66 40 75 21 219 179 24 18 13 7 9 1 55 13 24 0 6 0 21 1 30 2 68 0 140 40 5 1 6 0 208 196 24 2 7 1 55 3 
49 3 110 84 43 3 5 1 16 2 169 79 245 179 45 1 15 9 180 42 3 3 89 15 16 2 42 14 57 45 26 2 34 2 10 2 9 1 8 4 10 4 46 10 10 2 148 88 20 4 18 10 2 0 21 1 39 13 26 2 10 2 5 5 
18 2 38 2 27 1 9 3 33 11 8 0 8 2 17 3 56 34 60 4 6 2 60 28 58 0 123 81 25 21 6 0 62 20 104 2 117 11 39 3 14 2 18 10 90 2 17 1 60 30 8 0 48 16 10 2 51 3 12 0 13 1 25 1 
52 30 46 14 13 1 341 245 13 3 371 137 40 0 35 23 184 96 57 23 41 1 19 1 101 1 72 8 399 73 61 21 7 1 46 0 59 7 41 1 10 0 25 15 89 41 657 599 54 10 32 0 34 12 41 15 34 0 21 1 92 18 2 0 
12 0 92 28 62 0 12 2 217 183 40 2 43 15 194 158 10 4 9 1 62 24 20 2 92 70 40 0 29 5 8 2 18 0 49 25 4 2 68 50 40 0 66 4 3 1 3 1 20 4 12 0 124 44 19 3 17 11 21 1 12 8 221 113 
3 1 23 5 16 6 4 0 37 25 54 4 53 39 14 12 127 87 41 5 54 2 216 42 16 2 76 18 22 2 17 5 19 5 11 1 9 5 52 0 14 0 35 1 69 37 71 13 21 5 11 7 482 400 10 0 29 1 14 6 17 1 121 47 
95 5 110 26 17 1 10 2 33 11 30 14 35 5 36 6 41 1 470 236 41 1 4 0 19 1 57 47 716 408 20 2 150 20 91 53 39 1 21 7 19 1 74 10 147 101 451 447 30 0 152 76 6 0 15 1 7 3 319 63 50 28 8 0 
19 1 28 6 60 38 12 10 39 23 16 0 254 184 180 150 242 144 61 1 1 1 466 442 5 1 51 13 27 9 46 8 11 1 108 70 81 55 21 13 33 23 60 20 162 96 49 11 146 80 26 8 22 0 63 53 48 20 34 2 34 0 3 1 
8 0 32 0 12 0 33 9 70 2 19 3 32 6 20 2 178 136 16 0 22 0 5 1 24 2 70 2 13 1 19 3 21 1 38 14 22 0 29 1 18 4 21 1 8 4 108 24 35 13 40 6 27 19 22 0 33 1 97 69 9 5 23 3 
22 2 38 4 28 16 22 0 731 715 32 2 68 6 39 21 43 1 23 1 23 1 52 28 4 0 62 28 4 0 11 5 503 357 62 2 213 159 19 3 569 473 10 0 23 9 69 31 33 3 55 5 4 2 42 26 68 10 32 12 6 2 12 2 
49 11 59 3 45 1 1759 1691 305 117 28 26 22 2 21 5 25 1 54 4 32 0 16 0 57 17 41 1 80 20 45 7 14 0 8 6 142 98 27 3 64 0 74 54 35 23 151 147 171 97 122 100 8 2 14 2 308 260 17 5 10 0 8 4 
28 8 24 0 19 7 169 15 6 4 11 1 9 1 12 6 28 0 107 35 22 0 59 1 21 3 45 1 269 149 9 1 501 375 7 1 44 30 12 2 73 23 9 3 36 12 31 1 17 3 27 5 40 0 24 4 86 24 8 4 9 1 28 2 
64 6 43 3 496 442 56 42 31 21 19 5 24 0 15 7 32 4 44 8 74 24 989 973 170 128 27 5 8 2 20 4 38 18 469 417 257 171 54 6 13 5 19 1 48 16 20 2 9 5 53 33 41 1 38 30 12 0 12 4 23 21 42 16 
30 2 74 12 7 1 12 6 13 3 104 76 17 3 10 2 21 3 8 0 50 12 90 0 19 3 463 453 42 0 30 4 47 33 47 19 24 12 12 0 53 7 28 6 9 3 30 6 7 1 287 247 103 49 103 1 41 1 60 14 27 13 32 16 
12 0 10 6 33 1 12 0 5 1 19 1 19 9 19 1 27 1 36 0 6 2 61 51 13 5 18 4 22 2 31 5 154 116 12 0 232 220 27 11 13 1 92 42 136 70 162 132 18 6 75 11 167 129 57 1 95 39 86 36 56 2 7 1 
13 11 57 43 35 15 32 0 23 1 130 42 14 2 13 1 29 5 277 221 28 6 79 35 10 0 4 0 296 6 110 70 81 1 14 8 273 127 30 18 70 52 23 1 311 287 347 281 223 5 8 4 10 0 42 4 27 1 9 1 11 1 22 0 
19 1 89 51 24 0 66 8 11 1 17 1 74 58 30 0 32 8 64 38 27 1 6 2 15 1 50 38 33 29 10 0 9 1 13 3 6 4 32 0 16 2 21 1 31 5 436 432 178 168 60 6 9 1 354 222 92 78 73 11 19 1 12 8 
88 40 161 53 3 1 6 4 48 4 72 28 21 1 13 7 37 9 65 47 28 8 106 80 27 7 47 1 228 218 86 74 14 4 53 21 19 17 17 3 295 31 10 0 17 1 26 20 24 0 13 5 61 13 15 3 55 31 7 1 7 1 28 20 
14 10 21 3 10 4 19 1 7 1 10 0 16 0 152 102 16 2 411 47 8 0 18 0 83 11 291 199 6 0 28 24 21 1 41 1 53 5 23 7 10 2 3 1 26 8 60 44 41 37 14 0 71 55 10 0 18 10 25 1 40 0 15 1 
4 0 10 0 7 1 10 4 131 105 12 2 566 250 21 5 6 2 6 0 40 0 237 199 17 1 10 0 59 5 55 41 19 1 11 5 20 0 15 3 183 159 63 3 131 13 214 178 8 0 21 15 45 27 114 86 18 0 21 1 35 15 162 14 
22 0 9 1 31 1 344 326 123 83 37 1 38 2 14 0 11 1 195 177 41 17 193 177 24 8 18 2 8 2 15 1 58 26 63 7 13 5 45 1 9 3 488 428 20 6 17 1 11 1 33 5 15 3 39 9 16 2 88 8 202 168 20 0 
13 1 21 1 21 11 38 2 8 8 7 1 28 2 10 0 153 55 10 2 17 5 22 0 22 4 190 128 32 18 63 35 26 18 59 15 36 2 27 9 103 85 5 1 13 1 21 1 23 3 7 1 27 1 51 1 3 1 5 1 42 4 28 10 
7 1 60 20 53 1 45 5 42 4 87 45 51 5 28 2 9 1 12 6 60 24 42 8 92 8 28 4 643 599 26 2 17 1 583 541 78 34 5 1 45 11 3 1 35 9 39 7 9 1 5 3 28 2 12 0 105 17 49 15 18 6 39 1 
13 1 61 1 33 1 26 0 21 1 139 109 48 2 44 18 13 9 14 2 10 8 556 326 443 357 16 4 22 2 31 1 19 1 17 3 4 0 21 1 10 2 20 2 13 3 27 21 18 4 24 0 13 1 50 2 63 1 20 8 22 2 7 3 
242 2 137 3 104 22 13 5 13 1 35 1 45 21 76 12 12 4 12 0 11 5 28 0 38 0 22 2 62 12 16 4 37 29 616 596 33 1 21 7 32 18 21 1 8 0 10 10 11 1 17 13 10 2 3 1 22 0 8 2 41 7 11 1 
52 24 28 10 8 2 91 65 104 48 10 0 48 18 34 14 61 3 11 3 35 1 9 1 21 3 36 0 27 3 18 2 66 6 43 5 1 1 43 5 14 0 34 0 36 24 15 1 27 1 56 4 15 1 172 10 38 10 3 1 31 5 29 9 
12 0 21 1 27 1 65 11 36 0 5 1 17 1 15 3 15 1 38 4 28 0 32 12 9 1 932 908 34 4 18 4 18 6 19 1 57 21 41 3 83 15 21 1 23 1 30 4 11 7 94 56 49 13 9 1 21 1 62 0 22 8 58 2 
21 1 12 6 349 203 8 2 15 1 92 88 54 8 11 7 22 4 14 2 61 27 78 64 16 10 104 42 3 1 24 4 122 84 741 729 23 3 26 0 218 156 40 12 32 12 14 2 28 6 104 8 18 2 4 0 45 17 15 3 5 3 19 1 
42 18 26 16 25 1 15 3 172 152 6 0 26 2 19 5 26 2 9 1 18 2 51 27 232 194 79 27 44 2 247 157 94 90 52 44 75 15 54 24 88 22 79 1 29 1 37 3 57 3 4 4 35 7 8 0 9 5 13 1 10 2 16 6 
16 6 14 4 8 0 5 1 14 0 28 2 44 16 13 1 55 3 22 6 101 17 4 0 19 1 15 1 4 0 33 17 1461 1449 10 2 70 0 42 2 13 1 21 1 10 2 29 3 10 2 602 536 81 17 34 2 14 0 35 15 31 15 14 4 
15 5 55 19 17 3 13 1 5 1 42 20 104 14 8 2 20 10 244 164 41 1 35 7 26 14 38 2 6 4 9 1 204 174 40 28 61 15 4 2 15 3 29 3 60 8 14 0 976 920 71 19 26 0 5 1 20 0 240 138 13 1 3 1 
359 323 45 9 16 6 40 2 12 4 40 14 96 24 164 138 111 51 80 6 677 643 43 1 8 4 16 12 33 5 12 2 52 8 24 2 8 0 62 8 73 39 23 5 18 2 19 1 35 1 18 2 62 14 5 3 22 0 197 45 46 0 25 11 
7 1 111 55 52 8 15 11 68 56 23 1 56 6 18 2 16 2 58 38 413 373 23 1 103 93 20 0 18 8 50 6 5 3 126 92 56 2 34 4 19 7 19 1 8 0 40 8 15 3 9 5 7 1 23 7 16 0 14 0 17 1 18 2 
21 21 19 1 45 5 18 12 27 3 9 1 6 0 58 38 58 14 36 2 3 1 16 2 54 32 7 1 6 2 21 3 17 1 4 0 7 7 51 17 634 422 56 20 16 4 8 0 55 1 13 1 16 8 20 0 60 6 23 7 15 3 25 1 
41 5 37 21 35 15 36 0 15 5 72 2 38 24 22 6 42 6 45 17 34 4 31 1 113 1 36 10 60 12 14 6 24 0 20 14 94 2 12 0 5 1 16 10 12 0 9 1 23 1 25 9 40 2 36 2 283 225 4 0 19 5 30 2 
26 14 14 4 5 1 26 2 28 0 52 2 13 11 42 2 69 1 33 29 16 4 33 1 25 11 28 2 70 32 14 2 8 0 38 2 4 0 7 1 37 15 42 26 30 14 9 7 6 0 14 0 19 1 18 4 27 1 15 5 114 62 19 3 
19 3 16 0 15 1 18 0 11 1 49 1 72 4 36 20 50 48 16 8 38 8 20 2 35 1 65 35 58 8 17 1 10 4 35 9 45 13 21 1 33 23 30 14 13 1 21 3 5 1 55 21 51 5 26 4 33 25 86 52 28 6 101 61 
35 3 464 356 35 3 6 0 29 1 52 2 8 0 75 1 11 1 13 1 3 1 96 60 95 71 38 10 40 18 14 4 19 5 6 0 18 10 62 8 24 6 241 67 232 92 21 1 12 0 13 1 39 5 70 14 17 9 81 17 25 17 75 45 
23 1 31 7 113 79 11 5 22 4 9 3 11 1 37 3 67 53 7 1 42 0 53 1 35 5 32 0 23 1 21 3 202 126 19 1 8 2 35 1 5 1 58 18 204 190 10 4 26 16 323 273 48 0 16 0 40 0 52 0 6 0 79 1 
35 1 40 0 32 10 12 6 9 3 1 1 20 0 24 0 14 2 498 446 59 1 34 2 12 0 31 1 22 2 2 0 27 3 26 4 37 27 8 0 19 1 28 4 19 1 6 0 27 1 126 74 49 31 51 15 16 0 94 32 128 114 52 22 
53 11 33 17 18 0 74 58 0 0 60 32 13 1 11 3 53 7 2 0 18 0 53 5 45 7 126 10 202 146 170 142 9 3 6 0 39 1 37 23 199 185 9 1 11 1 26 18 10 2 25 3 14 2 22 0 16 0 8 0 9 1 16 0 
17 3 106 2 18 0 23 1 362 292 149 33 6 0 80 8 85 49 90 70 50 4 39 7 34 2 6 0 135 113 7 1 846 782 63 1 37 1 30 2 34 10 17 1 22 2 41 21 61 5 10 0 59 1 69 25 61 1 15 5 3 1 14 0 
37 7 12 2 76 0 19 17 91 67 374 42 85 43 14 0 3 1 57 21 11 5 64 8 78 2 37 23 19 5 379 365 45 11 10 2 199 117 28 22 94 14 31 1 173 109 6 0 16 2 44 18 46 38 46 38 23 7 20 6 10 2 0 0 
119 37 26 2 131 101 11 1 13 1 6 2 57 1 48 0 3 1 50 36 5 1 1390 1340 22 6 47 3 13 1 13 1 39 5 12 0 23 5 85 65 2 0 60 0 23 1 56 44 43 17 69 31 30 0 424 400 25 7 10 0 2 0 18 0 
13 1 24 8 80 66 3 1 3 1 183 135 7 1 15 1 19 11 12 0 14 8 6 4 421 87 11 1 48 8 25 3 10 2 17 1 41 1 5 1 26 0 13 3 33 21 22 0 44 6 12 2 14 4 9 3 74 58 236 194 42 0 36 0 
39 3 31 1 11 5 84 14 35 19 9 1 66 60 130 42 10 4 7 1 35 17 44 6 22 0 25 11 41 1 25 1 17 3 88 34 113 33 3 1 24 2 33 1 94 40 17 1 12 0 26 2 391 317 48 8 85 53 14 0 116 44 11 1 
19 1 42 24 479 387 26 16 34 2 3 1 41 27 22 2 38 18 119 89 590 24 62 26 16 4 9 1 29 1 17 9 32 6 76 18 12 0 176 124 10 2 14 2 15 3 23 3 8 0 4 0 20 2 23 3 34 32 30 2 19 7 141 41 
22 0 22 4 16 4 33 3 284 266 16 0 47 3 28 4 28 0 13 1 35 17 21 1 157 1 106 12 45 3 16 0 17 1 7 1 32 16 102 4 32 4 8 4 24 4 14 6 33 9 52 16 65 35 33 7 52 14 27 1 119 95 35 3 
62 14 8 0 14 2 164 104 4 0 39 1 24 0 54 4 67 51 20 2 15 1 16 6 11 1 25 1 11 3 41 11 10 0 6 6 16 2 18 4 204 146 189 91 20 2 7 1 13 1 54 2 11 1 36 20 80 8 11 1 6 2 49 5 
16 12 23 1 21 1 68 44 10 4 75 3 36 12 49 13 31 25 26 0 14 0 41 7 9 1 114 44 17 1 26 2 20 8 40 18 218 162 75 1 247 109 199 89 50 46 102 28 10 0 37 1 27 1 121 111 7 1 14 0 852 844 23 5 
9 1 23 13 26 14 13 1 228 22 6 0 6 0 20 0 10 2 2 0 23 5 3 1 35 1 10 2 36 0 9 3 42 6 21 1 268 186 6 0 68 14 47 5 8 0 209 137 11 1 31 3 31 5 42 4 22 4 16 12 41 3 35 9 
155 129 228 204 12 0 9 5 27 1 13 3 25 1 57 11 25 21 6 0 11 1 3 1 16 8 3 1 47 17 22 10 27 1 50 2 9 3 24 2 153 111 6 0 14 2 24 2 152 72 26 0 11 1 96 36 21 1 108 68 35 11 30 0 
84 2 328 314 19 1 47 15 10 0 18 2 36 6 15 7 27 13 78 58 31 1 12 2 16 4 48 2 10 0 44 36 59 7 34 2 25 1 11 1 73 1 19 1 26 12 13 1 3 1 12 2 17 1 12 10 13 3 24 4 7 7 18 2 
44 4 47 11 12 2 45 3 26 12 32 2 28 2 86 14 80 26 58 16 260 224 11 3 31 11 25 1 20 0 20 6 33 1 22 2 20 0 17 5 12 2 78 58 137 85 18 2 140 110 7 1 41 1 58 2 15 3 104 4 43 19 135 63 
1061 1035 11 1 33 1 25 5 21 1 23 1 6 0 18 6 24 6 38 6 81 9 13 7 364 330 14 0 27 19 27 7 11 1 14 10 66 40 32 6 27 1 33 11 20 2 77 5 28 18 49 15 20 0 138 112 7 1 10 0 39 9 177 119 
9 5 50 8 211 137 8 2 37 29 29 1 253 169 12 4 5 3 34 0 11 3 18 0 299 275 17 5 480 4 22 2 54 26 55 39 108 80 45 9 13 5 88 54 96 34 176 100 21 3 32 18 17 1 20 0 43 13 5 1 43 5 34 2 
68 12 174 130 47 13 33 5 1346 1308 108 8 2 0 117 31 102 92 9 3 110 80 19 1 79 25 380 352 87 11 6 2 21 3 608 550 8 0 36 2 24 0 21 7 90 68 10 0 412 326 62 24 55 9 14 0 4 0 165 131 192 138 80 2 
18 0 5 1 31 1 530 508 27 1 14 2 11 7 55 5 37 1 7 3 11 1 4 0 34 0 5 1 3 1 143 131 231 13 73 17 3 1 6 2 15 5 41 1 15 1 10 4 16 2 202 32 49 41 11 5 12 0 35 11 24 6 18 2 
17 1 15 5 13 1 38 0 3 1 42 32 207 127 9 7 108 0 103 53 54 22 17 5 59 15 20 6 31 15 108 76 27 9 77 5 15 3 5 1 38 12 44 16 142 54 32 10 17 1 159 137 44 4 79 53 19 5 39 15 26 4 75 7 
71 9 73 61 31 5 46 12 1 1 30 0 391 291 93 39 42 0 39 15 4 0 27 5 18 2 24 2 23 3 73 1 23 1 42 32 28 8 58 46 139 99 139 91 25 9 7 1 91 1 30 2 9 1 15 1 52 0 12 8 36 24 5 1 
19 3 86 76 10 2 18 2 48 16 27 11 6 4 9 1 15 9 10 6 17 1 18 4 20 2 6 0 14 2 23 1 140 112 248 178 9 1 44 0 87 45 11 3 39 1 14 4 1474 1434 30 0 41 11 56 0 35 1 84 12 32 2 15 5 
13 1 36 4 24 2 211 71 47 19 85 7 24 2 17 1 25 3 101 39 72 24 22 0 15 7 123 1 30 14 9 3 81 5 499 457 24 2 5 1 22 12 66 2 13 3 264 200 8 0 36 4 7 3 11 7 5 1 43 27 36 14 558 542 
3 1 3 1 21 1 69 3 29 5 51 19 23 1 244 232 20 2 29 1 94 0 1200 1130 42 24 29 23 32 0 57 1 11 1 24 6 12 0 46 24 13 11 23 7 154 142 7 1 11 1 37 13 40 4 10 4 9 3 47 1 16 0 8 0 
1069 943 32 6 596 502 18 2 30 0 17 1 13 3 66 52 68 34 22 14 15 9 403 375 2 0 28 6 13 1 39 5 18 2 18 2 46 12 66 8 24 12 9 5 13 1 53 11 402 154 39 3 108 64 140 14 172 160 33 7 2361 2351 79 51 
10 2 19 1 29 11 8 0 18 4 62 24 13 1 26 2 28 12 31 11 31 7 23 3 35 5 37 1 25 1 16 0 104 38 259 241 8 0 80 22 23 17 29 5 31 15 41 13 359 311 37 11 33 13 38 10 15 7 27 1 11 1 28 16 
25 1 25 1 14 0 9 1 168 6 11 1 29 1 34 0 12 2 15 7 77 67 14 0 5 1 54 4 39 13 21 3 7 1 4727 4719 84 34 31 23 10 2 30 2 25 5 267 183 48 32 162 52 14 0 34 2 7 1 15 3 9 1 18 2 
4 0 30 8 378 356 18 0 27 5 25 3 43 3 36 28 10 0 16 0 391 319 19 7 58 4 6 0 17 7 75 31 50 16 94 64 507 423 17 1 16 4 12 4 2 0 16 6 11 3 861 757 251 243 4 2 12 6 22 2 108 34 10 0 
41 3 35 9 59 13 24 2 14 2 35 3 9 1 29 19 18 10 11 5 246 178 48 10 39 11 80 62 10 4 44 12 8 4 29 7 24 0 16 8 21 7 1 1 33 7 14 0 7 5 7 3 74 6 36 6 24 0 562 508 15 1 89 9 
71 1 273 251 34 6 1014 982 14 2 58 44 12 8 76 20 14 0 60 4 48 6 33 1 27 17 26 0 183 173 25 21 20 4 41 1 74 28 12 0 42 2 24 10 102 58 87 79 18 0 15 3 56 4 5 1 10 0 2 0 26 0 160 90 
33 1 38 4 95 29 21 1 22 2 7 1 39 7 93 1 35 15 8 0 10 0 13 1 14 12 50 22 12 6 15 1 13 3 73 47 96 96 1 1 13 5 52 22 9 1 26 0 42 20 18 10 31 1 9 1 39 7 62 12 31 1 9 1 
37 5 31 1 63 45 21 7 112 2 24 8 6 0 44 8 85 3 13 1 72 42 39 21 21 13 12 4 53 29 50 4 7 1 8 0 29 3 13 1 57 17 25 3 17 7 21 7 11 1 42 0 339 93 27 3 19 1 31 1 101 33 6 0 
6 2 30 26 6 4 75 53 5 1 229 95 60 14 14 2 117 99 6 4 93 65 21 7 30 2 119 49 3 1 2 2 18 4 14 0 149 53 144 42 17 1 36 6 35 11 588 576 140 130 269 175 16 6 17 5 50 16 82 20 9 3 37 7 
108 78 46 6 15 1 15 3 6 0 19 7 21 1 17 1 30 12 299 117 39 7 144 108 18 0 31 5 82 50 30 4 21 1 24 10 25 1 105 79 194 164 20 0 14 2 31 1 32 0 18 2 77 5 147 75 10 2 4 0 53 13 9 5 
61 1 40 24 642 610 17 3 34 0 48 8 25 1 15 3 11 1 645 597 23 1 27 1 55 1 34 2 31 1 24 4 10 0 16 0 12 4 65 27 17 1 466 348 3 1 26 2 12 0 340 304 9 1 109 81 8 0 14 4 227 201 20 0 
22 2 2 0 