1 2 3 115 4 1 14 1 12 6 0 4 1 146 25 0 13 2 17 4 3 2 26 11 4 2 7 5 15 0 3 3 3 92 9 27 11 2 3 0 11 1 3 9 1 5 0 8 0 0 2 2 5 43 5 2 1 2 20 83 9 24 2 15 
4 3 13 12 49 0 2 24 4 2 10 2 0 0 1 20 0 5 28 11 33 2 2 1 1 12 0 2 0 0 8 1 135 18 1 0 25 8 2 0 2 33 10 1 28 16 6 5 5 0 3 1 2 6 0 8 5 9 23 4 4 7 2 19 
3 15 3 5 1 8 1 2 9 189 5 0 6 2 0 0 9 1 1 13 8 109 11 0 17 25 3 0 14 5 32 11 0 7 9 2 8 1 0 1 0 2 0 2 6 4 0 0 4 2 1 6 11 35 2 3 1 0 96 1 1 8 3 14 
18 7 0 0 3 1 89 7 111 1 453 14 3 35 13 5 8 2 6 93 0 0 1 8 1 2 1 4 1 0 7 11 6 3 2 0 45 15 0 1 7 0 17 14 12 7 12 28 2 19 4 2 2 65 0 1 1 1 0 19 4 0 0 14 
2 15 0 5 8 2 11 2 3 0 8 7 0 2 1 5 0 3 17 2 1 3 0 31 4 1 0 4 0 29 1 6 3 0 8 15 0 20 29 9 0 0 9 57 0 2 1 49 2 4 45 1 21 5 2 8 6 5 14 0 5 11 6 0 
0 2 7 12 6 5 1 15 2 10 12 0 26 0 2 2 21 4 3 1 4 14 21 2 21 7 21 47 4 5 4 1 5 7 1 3 0 0 11 192 0 13 0 7 3 8 9 6 1 1 3 6 3 0 3 4 2 26 15 2 3 32 5 2 
0 4 2 1 1 34 0 38 10 7 29 0 8 133 1465 6 0 6 79 22 26 1 2 4 0 1 8 9 1 13 5 4 3 2 0 3 23 1 14 40 22 1 10 0 2 1 1 5 2 2 4 6 7 3 25 1 11 3 0 7 17 2 10 66 
0 0 2 6 1 2 24 9 3 3 4 1 17 5 0 2 1 14 2 0 4 0 1 13 3 13 49 4 2 3 6 56 1 12 10 2 1 26 1 7 9 3 1 1 1 1 7 0 10 34 9 2 7 0 0 139 3 16 13 4 0 6 5 31 
7 1 0 16 5 0 2 36 11 0 1 212 81 13 1 0 1 9 6 4 2 1 1 4 1 9 0 1 30 0 23 4 25 9 0 0 2 3 33 0 2 18 0 36 16 5 24 1 0 2 1 17 137 1 108 15 2 19 0 29 17 67 87 11 
5 0 0 0 6 3 4 54 1 6 4 1 23 1 16 0 10 23 8 2 2 7 0 34 2 3 0 56 6 5 1 8 0 0 0 0 2 7 6 29 0 0 2 22 6 0 10 0 9 680 0 7 0 5 1 1 15 1 1 30 4 4 0 1 
0 7 0 1 2 184 6 4 7 1 8 2 2 12 8 1 1 2 1542 5 20 4 0 0 28 1 0 6 0 11 28 5 8 34 15 1 205 2 1 2 0 0 59 2 31 2 11 184 2 5 2 9 7 3 5 6 8 9 0 27 1 8 1 3 
0 5 8 5 10 0 1 12 0 7 0 16 7 2 1 1 1168 14 93 2 2 5 1 2 11 4 27 0 0 3 11 4 0 17 1 2 5 0 4 1 18 15 6 0 2 14 13 7 10 14 12 227 0 2 0 9 20 19 1 0 14 0 1 31 
1 4 8 1 7 27 3 0 0 12 13 88 3 3 0 8 15 655 7 13 5 1 2 4 7 1 0 206 3 0 28 1 6 26 11 0 2 0 1 3 0 72 1 5 18 1 4 1 30 6 10 1 3 24 0 18 4 1 11 2 2 30 12 7 
9 0 14 2 28 39 3 12 6 2 3 1 35 6 10 5 2 1 10 30 7 7 136 18 23 0 1 2 3 3 0 7 6 6 0 0 0 29 1 5 5 14 20 1 1 0 0 1 4 1 6 11 1 28 0 0 1 12 1 1 6 3 3 13 
1 6 1 3 26 15 25 0 246 2 0 52 111 4 6 54 3 1 2 0 1071 1 4 2 0 8 3 1 0 0 0 0 321 7 160 8 116 3 3 8 0 14 0 39 3 1 3 40 5 957 19 86 134 7 18 58 3 3 7 1 2 0 2 145 
174 2 1 0 2 0 31 31 1 3 0 0 4 3 8 7 35 1 12 2 0 0 0 18 6 21 1 1 1 6 12 1 1 8 13 2 4 7 5 1 15 3 5 0 10 4 156 76 27 1 48 0 1 1 5 9 8 17 3 5 3 11 0 46 
0 1 14 7 9 4 369 0 16 4 3 110 46 16 3 0 3 4 1 1 0 3 9 28 0 3 11 11 5 16 11 5 0 50 1 3 9 11 6 8 4 50 0 0 50 0 12 2 9 1 15 6 8 3 3 9 1 13 2 17 3 1 1 11 
5 1 0 2 0 1 3 1 3 4 27 20 28 1 7 7 0 0 0 0 0 1 1 0 2 1 12 22 154 10 0 578 7 4 45 29 1 1 2 2 53 3 129 13 10 8 0 5 7 5 29 0 202 1 23 6 5 2 3 22 33 3 50 1 
32 2 7 4 20 1 12 8 10 6 2 25 1 1 1 4 44 6 10 3 2 1 6 20 1 23 5 4 0 9 19 3 8 9 0 2 39 22 57 15 7 5 113 0 0 111 20 7 15 3 3 57 1 7 3 352 9 9 3 1 19 0 1540 189 
6 1 12 0 0 74 1 425 18 2 5 2 46 6 134 0 3 2 18 7 34 7 1 10 25 0 15 11 14 41 1 2 6 62 1 50 101 2 6 3 16 0 8 6 194 6 5 9 4 8 0 1 1 30 1 4 0 1051 8 0 2 2 75 0 
3 2 9 0 38 0 11 10 7 3 2 68 3 8 10 5 8 1 1 13 22 0 0 1 7 16 1 0 6 23 10 2 1 36 0 18 25 2 7 1 3 52 0 0 4 80 6 13 0 4 0 0 0 4 6 48 1 1 22 4 8 10 3 20 
1 6 0 4 6 467 10 2 2 0 2 4 382 9 6 154 3 1 5 8 3 3 4 0 7 2 8 10 2 13 14 79 0 1 28 2 0 3 6 9 0 1 15 2 2 2 4 7 1 1 91 23 1 40 3 13 4 5 3 1 1 32 2 72 
5 2 2 93 44 0 0 1 1 1 20 16 10 3 4 37 2 1 17 4 8 0 5 10 5 1 1 0 11 2 4 0 6 2 7 0 5 6 3 17 1 0 2 24 15 22 2 2 23 0 62 49 1 13 16 0 11 4 4 5 4 1 0 3 
106 0 5 33 6 1 1 1 123 0 15 0 1 2 16 7 1 1449 6 16 0 9 32 28 10 1 2 0 14 4 13 2 0 8 1 7 12 30 3 135 17 0 2 0 0 3 3 41 1 9 0 5 3 0 10 0 5 7 3 641 4 1 37 3 
10 2 1 9 5 7 14 9 3 6 2 1 24 0 1 10 9 1 1 2 0 2 0 0 1 9 36 0 6 2 28 39 0 3 22 4 4 34 0 0 0 2 0 1 4 2 32 2 0 7 9 13 2 1 7 3 1 4 1 25 18 3 64 1 
18 1 7 1 1 2 5 2 3 38 0 0 3 3 1 3 3 2 0 3 3 35 0 3 4 1 5 3 5 18 1 1 2 3 3 1 33 1 2 14 1 0 2 1 2 98 0 4 37 8 25 71 1 0 14 10 2 18 8 2 8 6 7 0 
24 4 2 3 19 322 1 1 5 3 5 1 1 9 1 0 8 17 3 4 2 0 24 4 75 7 4 63 2 50 4 27 0 2 0 0 11 38 4 1789 2 4 0 7 0 0 1 5 4 7 1 1 1983 2 1 17 1 6 5 9 222 6 10 1 
1 2 1 20 2 14 3 3 4 7 12 3 28 5 7 3 3 0 2 1 5 0 0 24 5 3 2 8 5 7 3 7 0 5 11 2 0 2 1 21 70 1 2 2 1 3 10 1 254 5 1 0 211 9 1 2 30 4 30 4 2 11 1 17 
6 138 1 2 1 1 1 0 9 30 0 0 14 4 8 27 0 40 1 220 0 76 19 1 2 7 1 0 6 1 19 16 9 0 34 0 6 2 8 10 2 0 0 26 0 2 1 7 0 1 1 20 1 0 1 12 24 2 2 1 7 1 17 0 
14 2 79 45 4 15 0 3 1 4 4 1 2 12 6 2 2 0 3 11 1 51 7 0 7 1 8 0 5 6 15 10 2 0 37 2 1 4 14 5 47 5 0 7 17 1 0 32 3 333 1 0 7 12 0 7 3 1 21 13 8 49 0 1 
24 8 4 117 0 5 1 0 3 0 7 4 1 5 5 13 0 2 0 4 1 0 5 2 7 1 61 1 8 0 2 0 1 2 7 6 6 12 11 0 0 2 3 9 0 606 4 19 15 7 0 0 1 8 0 1 8 11 8 1 10 0 22 3 
2 4 2 5 65 4 2 0 6 0 0 98 21 9 1 0 0 11 2 16 12 0 9 0 1 1 3 19 3 2 0 17 3 3 4 26 3 1 0 2 6 10 6 6 19 28 5 4 0 0 9 0 2 1 4 9 12 3 2 37 2 3 1 0 
3 2 0 1 9 10 1 1 1 0 2 13 8 10 17 2 1 6 21 4 1 1 2 2 7 1 0 2 25 1 2 5 1 3 87 4 1 0 1 8 38 1 9 1 9 1 8 1 0 3 6 7 0 31 2 63 1 4 1 4 0 6 26 1 
5 75 4 5 15 0 41 15 5 12 28 6 5 4 4 0 3 2 346 4 32 1 11 3 35 4 4 1 9 36 34 3 10 2 0 0 1 3 14 0 3 2 4 30 4 2 18 0 1 3 1 19 1 1 5 1 12 25 0 0 1 17 2 1 
0 13 2 38 0 2 1 29 6 14 11 1 2 3 8 16 10 11 36 5 24 1 5 0 10 14 5 16 1 4 3 6 2 0 1 23 3 3 7 13 6 15 0 7 10 32 2 2 2 6 98 0 5 3 6 6 6 1 0 101 7 15 0 21 
2 1 1 5 6 3 1 4 16 2 1 10 0 27 11 3 11 10 4 13 0 3 1 6 0 5 0 6 41 6 2 2 2 1 2 11 3 5 5 0 1 6 4 7 16 20 37 0 0 11 29 1 4 4 5 32 1 16 1 3 0 31 1 41 
2 0 1 65 8 3 5 13 54 4 3 1 2 6 11 1 8 0 1 2 8 0 2 1 3 1 6 7 2 2 2 1 0 0 1 2 1 0 10 0 0 2 0 47 5 0 0 0 1 22 5 5 0 7 8 7 38 3 3 5 2 3 3 0 
17 1 25 1 4 3 7 0 0 9 15 2 0 6 13 10 5 16 1 0 1 5 59 2 5 25 2 1 1 1 23 12 0 3 2 16 7 34 2 30 1 12 1 26 2 6 0 2 4 1 3 68 2 18 6 1 13 4 1 7 14 1 9 11 
0 7 14 0 585 36 6 7 7 23 0 1 13 98 4 4 6 13 6 34 2 0 1 0 4 0 295 1 91 4 2 2 2 45 0 8 2 0 7 14 12 0 42 4 1 8 1 0 0 8 1 19 7 25 1 0 0 6 0 1 4 6 2 1 
0 2 1 11 14 2 4 2 0 1 15 9 3 34 3 10 0 0 7 2 3 145 4 96 4 7 20 4 4 4 2 1 3 1 4 18 0 7 1 80 0 36 2 0 7 8 6 7 1 33 5 0 17 1 20 7 1 0 9 3 0 6 9 13 
13 0 4 64 4 7 50 9 2 13 7 18 8 1 5 4 0 33 3 26 2 4 1 8 0 0 1 2 0 5 1 1 0 28 115 6 0 2 1 0 2 0 13 0 12 9 277 3 0 42 2 3 42 1 0 12 5 5 13 1 31 1 6 16 
50 4 2 4 0 6 0 0 2 2 3 2 0 9 22 0 9 0 2 79 9 1 9 5 1 2 12 1 6 11 14 1 5 9 3 18 14 5 6 0 0 25 7 2 8 7 3 9 0 137 1 16 0 2 1 4 3 5 36 4 0 27 0 196 
265 16 143 1 6 9 0 1 5 4 1 0 29 7 209 5 1 1 11 12 2 93 18 0 2 1 5 7 1 0 9 0 24 2 0 4 1 31 16 2 1 0 30 13 25 26 9 0 1 302 4 2 1 12 1 1 1 9 0 2 0 1 7 7 
9 1 25 22 2198 43 1 0 3 0 0 21 8 4 6 3 3 6 16 19 0 1 0 2 8 2 3 1 2 32 0 0 7 3 8 10 2 0 399 127 2 2 3 50 24 5 0 563 7 9 2 89 9 4 6 4 6 2 0 8 77 3 0 10 
22 32 2 4 6 39 152 1 61 7 0 1 4 9 6 2 0 1 15 1 11 0 0 323 10 1 9 33 2 14 0 8 24 0 3 71 1 0 80 11 31 0 7 10 16 1 121 1 19 1 11 0 3 1 1 4 1 2 27 9 2 35 197 2 
2 14 4 7 0 4 19 1 4 5 0 0 14 0 3 8 27 4 32 3 6 2 47 3 1 2 39 13 46 10 0 1 15 11 49 7 1 4 19 11 4 7 3 0 11 1 1 36 0 28 3 16 4 14 3 14 13 2 8 16 2 10 1 1 
0 10 1 7 1 11 6 11 3 55 6 2 6 13 2 5 0 65 6 2 0 9 0 3 2 1 7 14 1 3 7 208 9 2 5 1 27 0 7 2 1 5 6 2 3 27 0 0 14 0 16 0 15 9 8 9 1 0 2 0 18 8 0 30 
0 7 5 16 0 0 6 20 0 0 3 15 1 4 7 0 4 9 26 18 15 0 1 40 1 21 7 3 30 8 4 2 23 0 57 0 2 4 1 4 0 5 3 193 4 3 13 3 14 43 5 1 0 64 5 1 0 11 3 25 1 0 80 4 
2 7 0 141 0 0 1 15 2 61 38 0 2 29 1 27 0 1 1 5 2 7 0 1 46 0 6 15 4 3 4 1 42 7 4 7 0 7 28 39 2 0 20 0 1 15 8 14 41 3 9 19 22 9 4 2 3 5 5 0 3 1 0 0 
1 12 65 0 1 1 10 70 2 1 31 18 0 5 1 1 5 2 53 5 1 1 0 1 1 2 1 3 4 0 3 0 1 5 13 21 32 0 3 121 64 7 21 1 5 0 5 33 3 0 18 13 1 0 1 0 4 1119 2 1 30 0 4 5 
222 8 2 3 11 62 3 1 29 3 1 25 0 3 171 8 17 2 4 6 3 7 1 1 0 9 10 0 1 4 18 6 2 5 2 351 2 10 52 9 37 7 1 50 34 4 8 0 11 0 12 1 13 1 5 8 4 1 1 4 17 4 46 9 
4 16 1 3 8 7 5 1 23 4 11 20 3 1 0 2 34 2 13 2 7 8 12 0 1 1 0 8 2 0 11 1 42 26 0 3 18 3 6 10 3 1 3 2 3 11 231 2 38 15 17 2 2 10 0 4 22 2 1 1 13 0 0 3 
15 3 2 0 5 6 0 11 0 4 10 5 0 3 2 12 5 2 72 39 1 0 3 1 1 44 4 7 42 8 24 22 15 2 1 1 25 0 2 2 25 4 3 8 1 1 0 9 1 0 3 20 1 9 0 4 12 49 2 4 4 2 0 5 
2 2 2 7 9 1 0 6 12 4 1 2 16 17 7 7 28 2 3 4 7 2 0 7 28 160 4 1 5 101 1 8 0 2 150 2 1 3 8 0 15 5 2 8 10 97 4 2 2 2 3 29 5 5 3 0 9 0 1 1 0 1 0 3 
5 2 0 1 20 82 1 2 23 0 15 2 2 7 0 2 3 2 1 25 18 17 13 160 5 13 2 1 1 9 1 9 0 0 17 3 2 26 1 6 17 0 3 1 8 10 1 72 16 7 9 2 1 34 4 6 5 6 4 0 13 12 12 13 
2 7 1 12 6 2 0 21 2 1 18 36 5 4 0 0 11 13 5 11 3 0 17 2 1 1 2 2 18 4 0 1 33 2 4 5 1 1 2 1 16 32 0 6 178 4 3 8 19 3 13 28 2 6 3 2 17 3 3 33 130 25 17 31 
6 3 2 2 1 6 0 104 0 2 0 1 5 1 0 1 1 0 4 0 65 6 205 2 2 1 19 4 4 8 2 0 8 4 3 1 2 1 8 18 4 1 9 7 8 16 6 4 2 2 1 5 8 6 0 2 1 8 1 0 0 19 15 5 
19 5 0 1 5 0 2 28 0 14 1 10 0 212 3 2 0 2 1 0 1 0 2719 9 240 4 1 26 0 4 29 2 10 3 7 2 2 8 10 7 2 0 3 0 10 6 80 2 0 9 1 8 4 6 5 30 1 40 2 1 0 16 1 9 
2 46 33 8 14 8 5 40 31 5 0 12 6 0 7 23 11 4 7 6 8 11 1 0 3 0 9 26 30 1 9 40 5 1059 0 3 8 43 13 10 1 2 0 0 1 5 24 10 0 24 4 2 8 5 1 6 0 2 88 7 1 7 1 28 
7 1 2 31 2 12 53 0 65 5 10 12 8 0 22 6 7 11 16 3 10 0 3 1 0 0 0 4 0 3 28 8 2 8 1 1 2 4 2 16 14 72 2 2 3 0 2 0 3 1 23 2 0 7 1 0 3 52 3 6 112 4 1 10 
11 2 108 2 1 6 2 16 2 6 6 1 1 3 0 0 0 3 22 1 4 3 1 12 1 2 24 5 16 0 2 8 10 8 1 0 5 54 4 1 0 6 0 6 12 5 8 0 205 0 0 1 6 1 0 0 1 2 28 6 1 5 7 0 
7 4 4 13 2 6 1 13 0 41 19 0 2 12 6 1 1 2 3 14 7 11 0 7 10 2 0 20 9 35 15 7 12 75 2 3 8 7 4 1227 13 7 21 23 9 7 1 10 3 0 2 3 99 10 3 6 9 4 2 5 0 5 1 0 
11 8 12 1 2 1 4 1 2 28 4 1 29 2 0 0 1 24 16 10 3 4 10 40 4 12 8 7 6 9 2 5 1 4 1 5 34 0 5 4 2 0 7 0 8 2 10 0 7 100 12 24 1 0 1 19 9 12 8 9 3 50 5 1 
14 4 6 11 6 193 6 21 1 7 10 1 1 1 551 2 1 1 0 1 2 15 2 2 5 0 6 4 17 5 1 19 6 11 0 7 23 38 64 2 5 12 0 17 1 10 1 1 0 1 1 0 11 1 2 52 1 6 1 2 33 24 6 14 
3 80 28 4 0 43 6 36 4 0 0 1 1 79 5 1 7 2 29 2 11 0 51 50 4 7 0 0 3 2 2 1 2 9 14 1 5 9 93 31 9 26 2 11 6 1 1 6 10 1 0 13 325 30 8 4 2 0 2 2 1 0 1 64 
0 4 7 0 6 4 0 5 22 6 5 2 1 4 1 20 161 37 0 22 22 5 2 2 10 1 1 0 0 62 0 2 0 19 0 1 22 6 1 7 0 0 3 0 11 41 3 8 2 0 1 8 16 1 1 34 23 39 1 6 1 1 8 1 
0 0 8 0 1 10 6 7 21 3 2 0 7 3 4 7 19 4 0 3 1 2 11 0 2 0 23 6 5 9 11 3 30 0 1 7 1 1 1 5 0 4 8 6 9 14 4 1 1 0 4 1 29 4 14 2 1 12 0 28 7 9 2 8 
5 38 1 10 6 2 1 12 5 0 6 12 2 18 1 15 2 5 0 222 0 1 0 5 7 1 14 18 0 37 18 1 0 0 1 26 3 0 3 13 3 11 7 2 3 0 1 0 0 6 18 113 9 6 4 8 63 0 5 10 266 5 2 2 
0 18 2 3 10 6 51 11 5 0 21 1 11 4 7 3 9 1 7 1 36 3 14 5 10 4 0 63 1 0 0 1 14 1 29 2 1 4 4 1 8 0 2 6 47 1 0 62 1 8 16 18 235 7 0 1 10 9 17 27 0 0 0 16 
6 4 5 10 156 1 16 2 63 4 0 1 19 7 6 2 14 3 4 1 6 6 17 4 84 3 23 35 2 1 1 3 8 4 8 1 442 14 1 22 1 104 9 0 0 6 0 4 10 1 4 10 5 2 11 0 5 3 1 8 4 19 20 30 
50 23 16 3 0 3 0 1 0 15 2 2581 151 1 0 2 0 44 0 19 12 0 0 10 9 1 2 1 13 1 1 16 2 12 8 2 0 14 9 1 0 4 0 0 46 1 18 0 42 13 1 3 3 3 10 0 9 114 20 5 1 5 2 2 
7 25 2 27 24 0 0 9 267 0 30 9 8 208 1 15 2 3 8 2 0 2 2 17 1 81 5 19 12 15 5 12 1 10 8 18 4 44 13 556 0 0 0 8 9 25 0 3 0 2 1 19 86 1 204 0 7 7 4 4 15 8 1 1 
2 35 1 3 1 73 16 0 1 11 6 1 10 11 0 3 85 1 2520 4 1 2 0 4 4 2 87 20 5 1 6 10 5 1 9 60 2 17 3 69 3 26 3 0 0 3 7 25 2 17 4 0 14 0 0 2 12 2 3 13 22 11 8 0 
33 0 0 1 31 6 49 52 15 6 1 6 103 0 43 16 2 6 2 8 3 2 5 5 1 2 14 0 8 278 4 1 1 0 18 235 1 26 3 43 8 17 1 14 2 0 3 1 7 3 0 0 0 6 0 1 0 17 50 3 6 1 16 2 
3 53 1 15 6 3 0 5 1 3 3 4 3 16 3 5 3 22 3 9 7 2 27 1 1 36 630 45 1 7 38 6 32 4 37 6 43 0 7 6 3 6 0 0 3 1 32 5 1 1 10 1 0 5281 16 35 4 2 7 4 1 201 8 5 
15 5 7 1 6 5 5 0 0 35 174 5 6 3 3 1 0 0 0 6 2 1 39 0 1 0 11 0 21 2 1 4 0 1 0 0 5 5 3 4 13 1 2 17 29 17 0 4 7 27 14 1 0 259 1 43 2 29 10 12 3 4 1 30 
33 84 12 5 12 1 0 1 5 1 1 20 1 9 0 10 0 1 0 9 1 0 3 6 11 2 0 1 39 2 2 13 11 11 6 10 2 0 0 1 8 1 9 2 5 0 3 32 20 5 31 7 1 17 12 639 9 2 12 6 6 3 0 1 
0 4 1 9 2 0 9 8 2 10 9 3 9 6 218 4 0 1 6 104 10 0 144 0 2 8 1 0 2 2 6 958 4 3 3 3 2 6 7 0 4 3 25 1 36 0 2 3 0 3 1 0 43 60 5 0 2 2 22 6 3 7 1 8 
118 1 7 15 1 20 11 0 1 1 2 22 0 4 18 0 9 34 0 14 1 2 76 3 5 1 173 13 5 0 0 6 1 10 1 5 2 0 0 5 1 10 6 0 0 1 1 2 3 19 1 3 6 0 22 89 22 1 31 22 4 36 1 18 
16 2 8 1 1 7 3 0 6 4 1 4 35 12 4 0 1 13 12 4 2 2 14 0 9 1 212 3 1 2 7 2 8 6 0 17 5 16 3 2 2 0 3 13 22 0 465 5 25 0 1505 3 2 0 5 8 121 0 9 0 60 1 32 2 
0 2 6 9 12 5 3 9 6 5 11 265 2 11 8 4 22 13 6 206 0 3 0 2 2 4 5 2 3 6 1 18 3 1 2 24 3 1 7 3 1 4 0 0 2 43 1 6 3 73 1 3 34 44 3 3 12 26 2 21 1 1 4 9 
6 10 1 10 2 2 86 15 1 66 16 20 1 1 8 0 4 13 5 1 5 170 9 11 149 8 0 1 1 1 2 3 21 0 1 15 3 4 2 22 1 3 0 2 3 3 3 9 3 3 1 3 0 9 4 7 4 16 12 3 1 31 5 1 
60 2 87 1 0 13 4 1 0 10 2 5 5 9 40 2 3 25 16 116 2 2 6 0 17 12 1 17 12 8 6 0 19 6 0 354 39 11 3 4 1980 49 2 27 1 9 1 7 15 38 6 2 441 1 0 15 1 2 2 20 387 11 0 0 
6 0 1 18 6 2 5 12 2 35 122 3 0 19 5 10 1 6 1 30 11 17 23 16 5 4 5 1 0 9 16 1 51 188 75 17 3 0 0 0 14 7 2 0 26 8 1 4 2 4 3 20 81 3 8 7 1 6 0 39 1 0 1 1 
17 45 5 8 7 0 10 5 2212 9 2 8 0 30 7 39 8 17 1 1 1 10 4 7 0 4 0 7 1 22 1 4 2 1 3 34 30 0 4 1 4 68 27 0 0 2 0 4 0 0 0 0 0 1 0 2 1 11 0 10 2 2 4 1 
1 7 1 0 0 12 2 7 16 0 6 3 4 1 13 2 1 2 5 0 31 1 1 8 3 36 39 18 0 8 1 2 2 2 3 10 14 11 0 8 24 2 12 6 6 24 5 3 1 0 1 6 11 5 0 1 3 3 21 0 13 26 5 0 
16 16 12 4 0 4 2 13 1 15 2 11 16 2 45 1 4 223 10 14 4 19 2 3 9 6 20 1 9 480 1 22 3 1 2 7 1 75 13 0 471 1 3 15 15 2 4 33 9 17 22 7 0 0 0 2 1 100 0 6 6 11 17 0 
1 9 4 0 0 1 8 1 8 16 1 0 0 6 169 0 7 13 1 2 0 2 4 4 0 6 13 15 3 0 15 5 0 122 0 6 8 3 3 9 5 1 5 13 1 6 9 35 13 0 3 2 1 0 2 11 1 37 17 3 385 0 2 4 
0 0 6 87 10 36 0 3 9 4 0 0 11 27 1 57 9 51 2 11 19 0 7 4 11 6 10 7 1 5 1 0 3 14 0 7 2 10 0 3 3 0 13 1 6 5 13 11 203 8 39 5 5 1 0 2 2 32 5 9 2 5 22 4 
2 117 4 20 2 3 123 26 3 7 2 2 11 31 143 13 3 3 2 1 3 53 1 0 1 5 0 24 4 12 1 2 1 288 5 0 125 1 0 1 6 199 2 8 14 0 38 9 145 7 3 1 4 1 6 7 2 10 0 3 0 7 42 3 
0 6 2 0 8 2 0 30 1 11 18 20 6 5 7 3 4 99 3 0 28 32 3 10 21 6 0 1 9 1 6 0 46 0 5 18 6 2 4 0 8 1 8 1 0 1 19 2 5 12 3 14 0 22 5 35 15 3 9 0 15 0 1 2 
17 4 1 1 3 8 11 4 1 316 6 3 0 0 23 2 1 1 0 1 55 29 17 19 1 4 352 0 5 326 0 8 0 1 1 16 1 0 8 2 2 101 2 4 1 6 1 4 4 8 14 26 62 2 2 22 3 1 131 1 51 1 3 1 
1 71 2 3 0 19 5 4 11 4 14 0 0 2 9 78 4 21 1 29 7 5 5 0 0 19 5 8 0 14 5 0 10 4 25 236 3 2 3 5 34 1 6 51 0 8 29 32 2 10 5 1 5 10 7 0 3 16 3 7 1 34 0 39 
5 3 11 3 1 0 23 12 1 438 10 0 1 2 15 10 13 14 4 10 14 1 18 19 46 6 6 1 11 0 2 10 5 0 5 130 1 9 1 94 92 20 2 28 3 3 10 5 1 1 4 7 11 3 8 14 6 456 6 1 1 0 3 28 
3 39 9 8 4 2 229 1 7 1454 6 23 0 0 2 1 5 18 247 4 0 0 0 9 28 0 1 0 2 3 43 3 3 1 19 10 1 20 0 161 3 44 91 3 8 51 0 10 1 0 2 4 9 10 3 5 3 19 8 1 0 2 18 166 
56 2 31 1 3 2 2 3 1 2 6 2 0 7 0 1 3 1 8 3 8 1 10 2 1 7 34 9 27 4 1 12 1 1 92 14 4 10 0 4 15 3 1 2 38 31 0 64 1 2 19 2 0 27 3 0 0 47 8 2 5 1 4 2 
23 2 0 8 0 10 0 6 39 6 0 15 1 4 2 6 0 3 1 6 9 6 15 187 14 0 2 4 0 217 1 30 2 6 22 0 5 0 5 14 4 5 26 12 19 4 72 1 6 2 3 6 8 12 9 1 54 12 1 4 2 2 2 1 
0 0 0 7 7 26 6 0 15 0 1 87 8 7 1 34 5 7 1360 1 0 0 176 0 2 0 0 28 7 12 14 3 34 2 18 23 12 4 1 47 46 35 2 1 51 2 47 5 3 2 6 3 0 4 2 6 1 15 1 1 7 6 27 1 
2 6 12 3 2 3 45 24 0 3 9 19 17 12 10 3 1 4 23 46 18 15 1 1 2 1 3 0 1 1 11 0 2 13 3 2 1 0 9 10 8 0 10 1462 5 45 24 200 1 7 53 2 6 5 8 0 12 0 2 0 17 3 2 7 
14 1 0 1 2 2 4 0 22 3 1 2 6 8 38 0 2 18 3 1 17 9 8 2 0 0 5 0 6 1 29 33 2 56 10 1 25 1 3 1 5 14 2 7 13 9 1 4 1 7 4 10 309 1 47 2 25 33 0 124 3 1 5 0 
3 12 1 13 0 6 0 0 3 6 0 11 1 17 58 1 1 7 0 0 15 5 1 701 1 30 3 4 1 2 1 1 101 0 0 24 33 2 11 3 2 37 5 1 4 13 2 2 0 13 1 5 16 17 0 1 6 1 1 21 7 8 8 2 
0 3 1 1 75 5 5 36 7 11 1 7 9 1 7 28 1 6 1 0 8 2 6 2 29 8 13 215 6 2 0 0 9 15 12 2 13 7 10 4 4 10 3 1 2 0 4 0 1 32 21 1 7 3 3 4 1 0 2 10 12 3 13 42 
0 2 3 2 0 4 3 3 5 1 5 10 29 3 8 3 21 8 39 1 1 1 3 27 0 205 4 0 1 1 6 1 3 1 1 5 26 1 1 0 17 19 2 17 2 6 7 1 6 1 28 4 5 15 1 16 5 2 50 1 3 2 8 4 
5 0 7 0 6 19 7 0 1 32 2 3 2 8 10 2 14 0 30 6 55 30 0 2 6 1 2 2 7 13 1 3 2 27 1 3 6 32 1 5 18 0 0 15 1 14 2 2 0 6 0 2 11 102 2 2 23 138 8 0 2 202 15 6 
9 28 1 3 1 9 0 12 4 1 85 0 1 2 0 1 23 3 11 0 33 13 0 1 0 2 8 5 25 1 3 3 0 3 2 4 1 3 2 2 33 9 6 11 87 1 0 21 1 0 6 0 33 14 1 1 10 1 44 1 87 1 7 20 
1 33 9 0 1 1 3 1 6 18 0 9 95 0 7 2 0 2 1 4 1 4 3 28 4 0 0 3 10 1 9 4 1 180 2 23 1464 5 19 6 1 44 6 15 1 36 24 88 5 3 1 16 3 1 22 1 7 3 27 5 2 18 6 4 
0 4 0 8 27 6 31 8 7 5 1 1 0 8 0 5 1 1 0 0 0 8 1 1 21 0 0 1 6 29 94 0 64 3 1 0 0 2 4 1 25 2 2 15 2 2 47 10 1 0 5 2 34 2 1 11 3 1 0 6 2 7 2 0 
3 9 10 6 3 5 1 3 1 2 11 1 1 1 1 10 0 2 0 2 2 1 7 9 5 1 0 3 54 2 8 0 9 7 0 4 37 28 2 3 454 4 0 0 49 94 0 11 0 2 8 20 5 24 32 10 0 56 21 9 1 2 5 4 
0 18 1 12 50 35 3 17 1 3 0 6 0 32 14 1 1 2 3 8 1 3 1 9 1 7 10 102 0 11 23 1 5 0 11 10 4 1 0 79 0 0 7 54 8 1 3 5 0 1 0 1 1 10 2 2 6 3 192 13 2 8 3 96 
45 0 17 1 11 0 3 23 2 33 3 11 154 20 0 4 3 30 6 295 1 3 232 0 1 3 37 1 1 1 2 4 5 3 21 0 1 8 18 1 16 4 0 0 10 3 2 1 12 5 2 1 11 2 3 4 62 9 88 46 1 3 1 5 
4 0 0 3 17 3 6 3 1 9 0 2 1 4 0 7 5 0 18 6 24 16 98 2 260 14 2 4 3 4 2 6 8 24 0 5 6 1 0 0 3 0 9 13 1 4 2 10 8 97 9 5 0 3 0 7 0 6 1 6 8 10 2 1 
1 1 193 8 1 3 17 3 6 19 0 14 13 5 94 0 1 7 450 26 5 27 3 33 18 2 5 2 1 6 0 152 8 2 1 2 2 0 2 18 5 30 2 0 3 1 0 6 7 118 1 15 18 0 1 1 1 5 7 4 0 2 2 77 
1 13 2 4 0 3 4 0 1 1 4 19 95 5 0 37 5 28 7 18 0 18 116 11 0 3 9 0 2 9 1 3 50 14 0 47 1 6 7 2 2 1 0 12 1 7 0 13 4 1 9 8 9 1 6 5 2 3 4 2 4 2 12 3 
27 0 13 0 2 19 1 84 10 11 2 1 3 9 0 6 2 9 45 6 5 1 4 40 4 14 12 1 15 6 4 9 0 12 7 10 0 4 30 2 130 4 0 26 11 7 0 1 3 36 0 14 1 31 4 6 3 17 6 8 1 0 1 43 
5 10 2 21 356 1 6 11 1 1 0 0 1 1 13 1 2 0 1 3 5 10 14 0 0 0 1 0 0 2 14 13 66 6 0 5 2 10 2 2 16 38 1 1 34 2 8 6 12 17 52 6 8 4 24 8 0 0 12 0 0 6 7 2 
0 2 4 3 5 10 0 3 3 5 19 0 38 1 21 1 6 12 17 26 3 7 0 2 8 2 1 27 10 9 5 4 13 40 1 7 10 22 1 7 11 0 3 284 2 3 60 2 0 0 1 16 5 1 22 0 6 2 75 11 2 15 79 37 
0 5 15 8 2 7 0 2 2 2 2 16 9 1 0 1 4 10 131 20 15 6 17 10 3 15 2 0 39 4 0 46 14 3 1 0 20 2 20 0 3 2 29 13 4 2 2 14 2 39 2 25 0 0 1 209 0 5 0 9 1 0 4 33 
9 3 1 37 3 216 3 3 0 3 1 0 3 0 18 64 3 8 0 7 25 7 0 10 0 3 5 0 0 2 10 13 3 84 12 2 1 3 5 15 1 12 3 2 4 6 197 2 13 1 12 1 10 6 2 3 0 6 78 19 0 9 1 1 
5 10 2 21 2 1 1 11 11 7 1 10 0 9 27 0 32 19 9 3 2 1 0 3 0 9 27 13 11 5 7 2 3 3 9 1 4 4 9 2 3 3 73 1 3 7 6 21 2 6 1 2 4 4 3 2 1 1 5 1 2 2 1 9 
15 3 91 0 35 8 0 1 10 0 3 3 17 21 100 7 36 0 0 12 15 1 3 72 1 1 0 5 21 0 2 2 2 6 9 2 183 1 6 1 16 3 0 10 8 1 29 0 1 59 17 2 13 1 1 2 0 3 4 13 3 122 1 2 
46 4 2 7 28 11 6 5 1 4 22 13 0 31 3 4 2 40 20 3 23 6 13 2 1 10 2 5 9 0 2 1009 10 1 3 2 31 1 3 1 9 0 30 1 11 0 4 9 0 7 3 5 3 3 68 4 1 11 5 0 1 2 3 3 
0 6 2 3 1 20 5 11 7 31 7 1 6 15 9 10 2 3 12 598 1 2 7 0 3 0 8 4 214 1 6 2 32 8 9 0 1 4 4 24 6 31 6 62 1 5 3 6 0 11 1 6 18 0 34 0 53 227 11 5 0 0 8 5 
7 16 1 34 6 4 0 5 5 1 3 17 2 9 10 1 10 4 0 37 6 4 7 18 0 26 35 15 3 2 6 11 0 2 52 4 21 27 3 3 6 6 2 7 3 3 5 1 0 53 1 2 3 1 10 1 6 2 0 3 30 1 6 0 
15 0 38 3 1 0 1 0 11 11 54 2 5 9 1 33 2 0 5 31 14 21 74 2 12 8 8 1 24 1 4 2 14 9 1 5 4 9 8 4 1 4 0 1 1 9 5 2 1 18 9 21 12 0 10 14 13 4 5 0 3 29 56 2 
91 458 0 20 0 0 2 0 5 1 18 1 2 7 11 414 21 3 1 0 7 10 65 3 22 12 27 4 3 0 0 1 2 1 26 0 22 4 38 2 12 4 24 3 29 3 3 3 0 1 3 0 1 1 19 5 27 0 1 13 0 1 1 26 
38 10 3 6 7 0 1 7 15 0 0 14 0 0 0 8 9 701 10 5 7 4 0 11 1 4 4 7 1 5 11 112 4 7 0 22 1 2 2 2 4 2 3 0 0 1 91 18 2 3 0 5 20 3 24 8 1 1 52 13 2 12 0 0 
2 0 16 3 2 12 3 24 4 27 2 2 28 0 0 15 16 4 36 1 1 1 29 3 1 53 537 1 14 1 10 112 2 0 126 4 1 1 2 12 72 49 0 18 6 1 2 3 6 5 6 50 5 59 2 12 0 167 35 0 48 28 25 11 
1 0 7 9 4 3 1 0 4 6 50 10 0 1 1 5 0 13 2 12 5 639 0 2 10 203 163 2 2 17 20 5 13 11 0 1 4 2 1 82 1 7 37 0 21 8 2 4 0 0 27 9 9 4 1 1 1 0 55 2 5 0 2 2 
0 1 1 6 19 1 15 35 7 8 1 7 2 2 0 18 1 2 3 0 0 6 3 18 3 5 2 5 5 3 1 11 32 8 18 4 15 0 2 7 5 9 0 1 0 1 13 59 16 2 10 1 6 1 0 4 3 14 17 7 1 2 26 1 
1 1 29 3 13 21 2 2 18 1 8 11 9 17 1 0 128 5 2 4 7 10 0 4 16 9 8 4 2 2 9 1 15 3 15 2 1 9 9 47 8 73 0 4 6 0 0 8 2 2 2 2 2 1 8 40 0 7 2 2 4 15 2 12 
6 4 18 1 17 17 4 2 8 1 44 0 20 9 1 0 7 1 10 2 6 9 1 24 28 7 2 11 1 3 5 46 6 0 2 67 5 3 1 1 0 1 3 18 2 2 4 33 4 5 0 3 32 1 77 1 1 1 0 2 3 7 3 0 
47 4 27 1 164 5 1 7 4 13 30 179 8 7 0 3 9 15 1 1 1 27 2 4 5 39 37 4 8 2 0 1 1 1 7 0 2 2 13 1 5 5 2 25 2 0 76 3 3 0 6 61 0 13 3 0 2 7 1 45 4 13 0 4 
0 2 2 2 9 0 1 40 2 4 0 1 122 7 2 11 35 6 4 0 204 22 1 41 82 6 4 8 107 0 1 7 4 32 0 1 1 185 4 5 0 4 8 11 3 3 6 10 0 3 0 1 0 11 0 3 0 6 10 33 41 6 22 84 
14 7 1 2 2 0 11 3 372 15 4 15 1 1 5 4 65 7 26 1 14 37 0 1 3 9 5 0 7 0 12 12 0 15 13 3 2 1 3 55 15 3 46 0 1 9 12 1 21 4 2 9 0 4 1 34 7 7 1 1 2 14 5 0 
51 2 3 1 1 0 6 5 5 9 9 4 7 4 4 2 10 2 9 0 0 9 0 1 3 2 17 1 9 2 1 1 8 0 4 31 6 86 18 6 0 6 11 1 21 2 7 1 2 4 32 13 0 7 11 5 1 8 15 3 1 2 0 6 
4 25 0 4 17 1 14 239 24 0 6 5 1 1 3 1 2 63 0 0 3 8 17 14 0 2 4 34 1 0 2 11 6 20 6 2 1 27 21 47 4 0 0 0 5 1 0 0 1 0 2 45 2 5 6 70 0 1 48 5 4 2 1 16 
32 0 9 8 5 0 11 0 0 6 5 3 4 0 12 6 17 0 2 5 2 2 5 9 0 2 6 14 3 8 1 9 20 16 2 1 9 4 146 1 13 12 1 1 0 5 15 7 6 45 0 13 21 1 16 3 51 4 6 1 0 1 4 26 
49 14 12 1 1 0 1 22 204 6 35 4 4 20 0 21 4 0 3 5 1 3 3 0 1 3 3 3 1 5 4 5 4 5 31 0 2 2 1 1 0 3 27 0 0 9 10 8 10 2 84 55 3 6 0 8 1 14 2 0 0 0 0 11 
9 0 0 16 0 2 0 3 0 5 2 0 2 20 4 2 2 0 3 7 2 4 0 1 9 3 1 6 1 2 3 0 158 0 22 4 1 3 5 76 1 0 0 3 8 3 18 1 1 4 2 0 17 25 13 1 5 17 3 5 21 3 18 1 
4 0 0 0 0 19 7 6 7 0 74 0 7 1 117 4 69 1 2 13 0 2 12 0 1 27 5 1 1 11 26 4 2 1 1 9 11 5 1 3 0 5 2 1 5 2 2 10 19 2 2 99 223 1 14 2 5 63 15 0 2 1 5 1 
3 153 8 175 118 0 4 1 30 9 5 236 2 1 10 21 6 2 0 1 4 9 2 1 1 1 3 9 1 2 88 0 0 12 0 1 11 2 2 2 11 5 16 4 41 15 10 43 4 10 1 76 1 1 32 1 7 2 18 2 1 6 0 11 
2 4 9 0 0 7 2 2 15 3 1 0 5 29 1 1 3 36 1 0 2 29 2 1 5 1 2 4 1 25 9 1 2 3 2 6 2 2 413 2 0 22 3 2 3 10 2 4 4 0 34 1 3 4 14 5 3 1 4 3 4 4 2 224 
20 15 20 9 2 0 18 1 55 2 75 0 3 2 11 0 1 1 2 0 3 4 9 1 110 4 0 9 3 1 1 3 7 3 1 0 15 0 5 5 11 3 6 8 5 7 10 119 25 0 1 7 93 38 1 13 1 1 7 26 2 17 0 2 
0 0 3 12 7 0 74 12 2 2 22 10 0 1 1 13 36 0 14 6 9 1 0 3 52 2 2 6 3 3 35 0 7 10 120 10 22 10 9 1 4 3 0 2 2 2 0 13 0 0 0 0 1 0 2 0 2 69 1 75 32 412 0 823 
3 11 4 1 1 4 8 6 1 0 3 40 7 0 2 0 7 7 2 3 18 6 1 4 3 8 0 2 5 4 3 0 16 0 0 10 2 6 1 0 72 6 8 4 31 13 8 1 29 1 14 3 0 0 10 1 7 4 9 27 28 1 4 76 
6 1 61 3 3 0 9 8 1 2 2 1 2 1 2 19 2 9 0 1 1 4 9 6 19 138 1 11 12 0 18 3 1 51 5 2 7 0 14 1 3 1 0 17 1 6 0 3 0 2 6 1 6 4 5 1 4 1 0 9 54 0 1 5 
16 8 15 0 47 19 0 2 9 31 311 10 0 1 1 5 7 3 4 1 4 14 8 10 1 4 0 1 0 1 5 1 12 4 1 2 0 0 22 2 1 8 1 0 0 1 1 14 3 3 0 10 2 2 3 8 0 12 11 16 4 1 3 2 
0 3 31 6 16 6 1 19 45 4 54 1 26 14 16 1 8 9 180 5 15 2 30 4 4 10 147 3 1 4 7 41 10 8 5 0 0 3 1 7 1 1 0 7 0 1 5 32 7 3 97 0 0 57 1 20 2 1 2 6 9 1 1 0 
1 17 1 5 12 8 0 2 0 5 31 13 1 2 1 5 93 1 95 2 8 13 2 5 3 55 38 4 27 6 3 12 3 0 2 14 1 3 13 7 3 14 0 9 19 4 9 3 1 2 5 10 0 7 2 0 2 2 3 14 28 3 8 0 
14 24 0 26 11 12 5 4 46 2 10 10 0 4 0 11 1 1 1 8 1 13 0 0 1 1 6 2 2 0 9 11 4 10 0 4 4 10 7 62 49 2 0 1 2 3 45 1 26 3 1 19 29 1 50 0 3 2 1 34 20 9 2 2 
1 3 3 31 5 38 21 2 0 30 1 5 4 11 3 35 7 1 9 8 1 0 0 159 1 18 2 2 13 17 1 0 4 9 3 5 12 2 19 3 0 2 7 3 9 1 2 1 4 25 1 0 5 3 2 3 6 10 13 5 5 26 5 8 
5 6 1 31 1 11 2 5 6 0 2 6 1 7 3 12 4 0 9 115 6 39 281 7 4 2 0 0 3 4 7 2 110 67 3 9 6 10 27 1 3 6 28 0 1 121 12 1 2 3 3 223 0 8 3 1 10 13 36 2 0 5 15 1 
1 3 10 36 38 1 10 7 22 2 1 8 2 23 1 0 35 9 1 0 1 1 24 0 416 14 14 1 2 13 6 2 39 1 18 9 19 0 10 2 2 2 1 22 1 9 2 51 0 4 6 7 10 3 36 0 16 0 21 0 2 0 3 10 
8 2 0 0 7 7 5 9 2 0 1 29 4 1 75 0 1 2 0 0 2 55 0 6 2 20 0 0 6 1 4 1 5 1 7 29 16 2 5 4 0 8 3 2 4 25 19 1 1 13 13 2 0 1 2 0 5 1 2 1 16 18 20 4 
6 4 4 95 22 10 1 2 44 2 2 19 6 10 0 220 14 5 5 1 0 3 4 6 0 3 0 2 1 4 12 8 0 0 4 3 529 22 420 0 13 17 4 34 0 0 4 9 1 5 0 1 1 0 18 179 45 0 5 0 5 0 13 21 
87 3 4 5 11 6 2 0 4 0 10 46 4 3 1 32 64 16 7 5 4 0 11 10 9 1 4 4 2 1 37 19 16 1 0 6 1 3 550 2 3 2 0 1 0 2 9 5 0 2 5 9 5 8 19 113 9 5 3 7 2 54 3 20 
2 3 3 2 0 24 18 10 1 11 0 0 0 6 4 2 0 1 20 7 9 19 163 14 4 11 6 1 5 1 13 3 2 77 0 1 0 6 5 8 2 530 23 5 1 2 1 4 30 2 2 60 0 0 8 1 4 41 1 4 47 48 1 0 
5 4 9 0 4 0 1 2 6 9 2 1 6 2 76 10 0 6 0 1 0 25 3 2 4 24 2 2 2 38 3 2 2 2 30 9 1 1 0 2 9 11 1 4 2 6 16 2 0 0 1 3 6 2 6 2 5 2 1 1 1 9 5 17 
1 4 1 4 0 0 2 1 2 1 60 11 7 2 3 4 4 1 9 2 5 11 2 4 1 1 10 18 3 5 20 64 2 4 1 5 6 5 3 0 1 0 0 2 1 6 0 0 3 1 6 3 206 2 5 6 13 0 7 3 4 1 0 2 
5 0 4 3 1 20 2 20 8 7 2 2 33 3 3 13 5 0 0 19 6 0 0 2 2 0 11 2 11 33 3 7 4 13 0 4 0 8 7 2 13 1 29 130 1 49 15 2 0 1 1 14 4 0 10 0 2 28 0 1 9 15 0 7 
2 4 102 3 0 52 9 32 11 3 9 1 2 0 1 22 8 2 1 0 3 0 1 16 0 2 3 13 1 3 0 7 8 67 1 2 6 17 0 6 1 33 0 2 23 0 5 3 1 9 1 2 2 148 1 9 5 3 16 4 1 1 2 1 
0 4 7 12 2 0 2 28 10 107 3 2 6 4 1 10 284 2 12 2 0 3 0 10 1 1 1 0 1 3 3 3 2 6 141 0 9 66 27 2 39 2 53 21 1 1 3 1 7 1 5 9 1 10 11 4 13 10 3 5 3 4 1 0 
13 0 11 15 6 0 14 7 28 0 13 1 75 1 5 1 2 8 0 82 0 91 3 14 3 13 35 0 0 33 22 2 0 2 1 14 3 37 13 9 4 2 0 3 19 2 1 8 44 60 10 1 2 218 91 0 1 2 7 10 8 2 0 2 
12 58 0 9 9 7 9 317 30 476 78 20 2 10 16 24 9 1 0 110 3 6 3 1 0 8 0 5 11 24 36 0 5 0 3 24 10 5 5 2 1 13 0 2 9 4 27 5 21 1 281 9 5 75 1 8 0 0 3 3 2 5 8 2 
1 2 10 6 56 26 12 5 0 0 21 19 3 6 2 34 1 2 27 4 222 125 41 46 69 3 6 2 30 10 0 7 5 3 2 3 2 2 0 1 0 0 1 93 2 1 0 6 1 0 6 1 0 5 2 277 4 16 0 6 20 4 2 0 
1 9 1 5 1 0 0 4 8 5 3 3 2 3 1 1 4 88 0 4 15 3 1 9 0 3 5 6 4 1 26 1 13 1 15 3 2 23 1 1 2 11 0 3 3 4 6 0 3 24 3 3 8 2 10 4 0 21 1 4 6 3 0 30 
3 1 8 1 3 16 3 166 34 40 12 0 0 2 22 4 0 112 8 1 181 3 1 8 1 4521 10 13 0 23 3 11 11 3 0 3 3 13 28 0 1 1 5 18 0 21 15 6 18 20 0 38 0 7 1 2 0 0 2 24 28 15 2 3 
6 5 15 6 1 2 0 0 17 15 19 1 27 14 1 12 0 44 1 2 4 1 8 2 29 7 0 16 4 8 1 142 5 0 5 0 0 23 4 0 0 20 0 14 6 3 1 2 0 3 3 115 5 13 18 3 4 49 6 0 9 20 0 1 
0 0 0 2 29 2 2 0 2 4 21 0 33 1 2 10 9 3 0 3 4 84 7 1 0 2 13 7 198 3 12 6 2 10 0 3 27 0 0 120 1 24 1 1 18 0 3 6 4 18 8 0 4 39 2 1 1 1 0 8 213 11 4 1 
281 6 6 0 6 0 12 8 0 0 1 1 1 4 1 67 177 9 2 1 1 2 2 6 1 1 1 7 14 64 296 14 2 2 5 6 2 10 6 4 1 38 3 1 4 3 155 4 4 3 9 24 4 1 4 1 2 0 2 1 2 1 1 7 
6 41 14 1 2 2 7 1 1 2 4 80 5 23 0 9 0 3 1 7 0 8 6 10 6 2 3 4 12 1 2 20 8 6 2 3 0 5 1 0 6 20 11 1 6 4 7 1 10 1 11 10 1 8 0 0 2 1 2 0 2 4 0 0 
1 0 14 3 4 0 0 0 9 4 18 0 10 3 3 1 1 6 2 19 5 6 162 21 1 6 0 22 5 3 12 1 9 1 9 8 24 3 3 7 12 1 1 0 10 15 4 1 149 2 12 4 1 2 25 4 2 1 24 2 317 0 616 5 
0 5 3 14 2 0 14 0 1 2 3 5 3 1 227 5 14 6 26 139 1 1 0 0 5 2 3 19 1 5 2 5 2 0 14 53 0 1 1 1 22 0 0 7 3 6 0 2 3 0 2 3 12 11 1 10 8 63 2 6 146 6 2 39 
10 12 1466 6 133 42 9 0 15 10 0 4 0 19 0 11 31 0 2 7 102 2 2 16 0 1 0 1 70 10 10 2 3 17 1 52 25 14 1 3 0 33 7 32 15 0 34 3 45 1 4 2194 4 1 10 1 1 0 5 4 0 5 2 2001 
14 1 13 7 18 4 1 3 0 0 0 1 1 17 16 10 4 4 8 1 16 11 1 0 6 99 1 30 19 3 7 118 1 27 5 0 17 5 0 15 2 1 0 4 2 1 11 4 19 5 2 2 1 6 0 2 1 4 7 4 1 0 6 0 
5 12 4 1 7 3 0 6 0 63 356 5 5 6 2 1 4 0 13 2 9 0 4 0 3 0 2 15 39 1 3 1 238 0 30 1 24 27 11 5 0 0 35 2 8 0 1 5 11 3 0 1 1 0 0 16 8 2 9 2 1 8 17 3 
7 27 4 24 7 9 3 7 10 4 3 11 2 0 3 1 1 18 2 8 1 3 3 2 9 1 13 7 0 2 14 4 11 95 35 3 0 2 1 8 3 1 15 11 0 13 15 4 18 4 10 19 24 209 7 3 1 30 14 8 2 0 10 28 
82 33 2 7 1 0 9 20 1 47 85 1 0 9 11 3 0 15 39 28 1 11 4 4 37 9 9 3 0 8 0 8 0 180 11 190 49 4 1 15 1 26 3 1 15 2 2 1 27 0 94 2 2 6 0 2 4 27 2 5 0 2 44 0 
3 48 18 1 19 10 6 3 10 0 7 0 7 1 2 0 4 137 4 0 2 2 4 9 24 0 1 2 1 18 7 1 33 1 0 1 55 9 16 0 360 4 1 3 1 4 5 8 14 14 1 31 0 9 8 7 9 9 39 1 2 0 5 43 
25 36 5 0 11 5 2 85 95 9 1 0 13 2 7 1 13 0 5 5 5 3 10 3 21 7 1 0 31 1 4 15 0 2 2 1 7 5 16 26 3 7 10 3 37 3 6 3 12 7 14 0 13 29 1 6 9 269 2 10 2 4 0 15 
25 14 11 17 36 11 2 41 577 4 5 27 13 2 17 26 1 1 8 1 271 13 20 14 10 6 1 15 8 1 16 6 4 0 0 0 2 4 9 1 8 1 5 0 16 5 0 0 2 25 0 3 3 1 2 5 1 13 4 9 12 0 15 0 
7 0 0 1 28 12 1 1 5 12 3 3 11 2 9 2 70 0 301 5 8 0 3 5 21 8 5 0 1 23 12 5 0 2 49 1 14 3 4 1 0 1 7 6 17 1 4 11 6 2 3 15 1 3 16 18 1 0 1 1 25 87 3 2 
5 1 1 14 0 5 11 184 1 2 0 24 13 2 2 4 6 1 42 12 239 2 1 3 22 1 101 17 0 1 0 45 3 0 1 4 44 4 5 0 9 0 0 7 16 3 17 3 23 1 12 0 7 2 1 3 21 0 7 1 0 1 4 8 
1 1 1 6 0 3 0 1 0 3 1 10 10 13 8 0 2 1 1 7 31 2 17 5 7 5 2 1 0 14 3 1 1 1 6 1 1 1 1 5 1 1 5 0 1 11 2 4 29 2 2 86 3 9 1 7 0 21 16 0 24 0 20 1 
16 3 11 9 4 2 5 31 0 0 2 1 2 5 4 53 1 3 0 0 13 6 5 17 0 0 1 5 15 16 1 1 5 35 21 4 4 24 2 6 4 3 109 2 19 1 5 3 11 16 3 9 7 7 3 2 7 11 15 2 2 736 5 450 
10 24 19 3 20 1 20 11 6 140 5 2 2 203 2 1 3 2 2 1 5 2 4 0 3 5 1 4 1 15 8 3 3 14 2 26 6 18 15 0 3 1 24 0 6 30 1 40 2 6 2 19 1 12 3 1 2 0 52 7 80 1 14 4 
10 1 10 1 51 1 1 7 0 1 3 8 7 1 0 0 1 6 2 19 5 11 2 3 6 1 1 2 20 24 0 3 1 29 2 2 1 10 2 2 12 18 1 9 7 11 8 4 3 6 3 6 0 21 5 1 0 5 1 1 25 0 32 0 
7 17 6 8 2 2 1 0 1 2 1 1 10 16 3 2 0 0 2 1 17 16 2 0 1 22 3 1 3 0 0 0 9 3 5 11 29 0 54 5 1 7 18 2 0 1 69 17 4 9 3 2 0 3 3 0 5 3 7 12 1 127 3 1 
5 0 11 7 5 1 7 5 1 3 0 1 7 11 97 7 1 1 1 0 8 1 3 0 0 1 0 5 2 3 6 1 3 0 1 3 1 1 3 5 2 3 56 12 6 0 0 0 2 0 10 14 1 4 0 4 0 2 75 28 13 1 44 0 
3 1 29 1 0 567 0 2 2 2 4 4 439 6 2 1 574 1 6 3 48 12 2 7 26 1 0 1 0 87 2 0 35 4 1 33 8 9 145 5 2 1 4 5 0 47 15 1 3 14 185 2 68 0 1 11 5 60 1 22 2 2 3 7 
1 2 2 1 10 1 51 16 0 135 5 0 22 16 10 21 4 0 0 7 22 16 2 0 5 11 5 5 2 26 3 7 4 3 14 6 107 6 3 3 6 19 3 32 401 64 0 365 6 10 3 0 0 1 0 10 1 1 6 0 0 1 7 16 
10 0 18 1 7 7 8 0 24 3 1 4 6 11 2 1 2 4 0 10 37 8 4 2 2 7 1 2 4 23 124 10 57 3 0 0 2 2 9 10 2 15 3 2 1 5 6 1 0 5 21 1 1 2 39 3 5 9 20 1 24 2 7 0 
8 2 6 3 23 3 3 1 5 6 4 9 5 3 0 2 6 3 24 3 3 1 2 12 10 17 6 32 0 31 3 1 2 41 102 13 37 3 0 4 2 5 2 2 7 45 62 1 1 18 3 1 0 0 2 10 7 189 3 2 62 25 0 11 
3 0 0 0 16 1 1 15 18 1 74 195 4 0 9 14 25 1 57 0 0 0 13 1 1 2 42 51 5 0 1 0 36 100 0 2 3 1 2 7 8 2 1 1 90 1 54 6 9 4 28 4 0 2 21 32 2 1 13 1 2 1 2 6 
33 17 25 13 1 0 19 11 22 21 1 5 21 4 2 3 2 10 6 56 3 5 7 0 122 1 1 14 2 40 1 4 9 2 13 3 3 2 2 0 0 1 2 61 7 7 1 2 6 11 21 0 0 1 0 1 4 42 5 1 0 1 40 1 
0 28 5 0 116 5 2 8 6 0 1 2 9 6 3 1 8 1 10 2 1 1 2 5 129 0 22 19 3 2 6 49 0 3 19 1 1 14 1 3 0 4 1 51 11 2 7 3 5 2 0 98 4 21 35 0 5 1 1 0 0 13 60 7 
66 310 2 19 10 6 4 6 6 2 7 25 0 2 3 5 1 8 1 11 6 3 16 8 22 2 3 97 1 0 0 43 0 0 26 63 0 5 3 4 29 218 9 210 100 13 0 2 0 6 0 0 36 77 20 3 17 9 2 0 5 12 1 3 
50 1 0 3 5 2 17 87 50 4 12 25 11 11 1 19 28 0 4 63 2 8 15 1 6 1 2 0 0 6 26 499 32 1 41 1 12 120 0 28 0 3 5 5 0 0 4 0 3 4 30 1 1 4 2 11 0 0 6 7 4 8 9 1 
0 5 4 1 29 4 0 31 2 0 5 28 0 17 2 24 6 1 4 3 9 7 4 3 2 0 7 15 4 0 3 20 6 225 33 4 2 1 17 1 59 14 3 1 95 2 0 24 0 18 41 0 9 2 1489 2 1 2 4 0 1 5 59 22 
29 3 3 3 10 13 14 67 1 85 12 1 0 0 1 0 9 6 41 1 4 17 0 14 4 20 1 77 27 1 1 13 1 17 3 6 0 0 9 1 0 1 0 9 15 11 5 0 11 5 5 1 4 54 0 0 1 4 1 2 1 0 9 50 
8 1 6 33 1 0 0 6 5 5 0 1 3 5 0 1 7 0 36 0 1 6 28 1 0 0 6 0 2 32 20 84 0 1 54 3 7 0 1 1 42 4 12 15 39 0 5 0 0 0 75 9 3 51 6 6 34 3 45 1 17 0 20 112 
3 0 12 3 13 2 0 12 6 3 4 15 36 6 8 7 2 351 1 0 7 1 8 7 4 1 13 0 6 12 0 1 3 17 1 24 744 18 1 0 4 1 0 0 9 6 1 0 11 42 2 6 5 5 4 12 0 5 2 3 0 701 3 1 
2 37 9 0 6 753 1 109 0 6 2 2 19 2 0 56 19 3 2 4 16 0 0 1 6 1 3 1 0 4 7 44 14 5 2 0 18 1 1 10 2 6 2 3 24 6 5 2 0 6 138 61 2 27 1 35 10 5 10 1338 8 5 2 36 
9 1 49 34 10 15 2 21 3 3 32 22 0 28 0 0 17 11 3 2 0 6 27 7 1 3 2 1 1 0 4 0 1 3 14 1 14 6 1 1258 1 34 2 1 1 2 3 2 0 7 3 352 132 4 5 85 1 1 2 10 0 11 45 70 
5 1 5 1 15 3 8 0 2 5 2 13 9 12 3 10 7 6 1 15 6 1 6 55 8 205 3 13 6 1 0 7 0 13 6 8 96 8 0 12 1 5 27 18 0 5 0 28 76 4 10 2 7 1 1 1 0 5 0 12 39 25 0 7 
9 9 10 9 2 6 0 2 2 2 3 12 2 0 8 6 1 12 1 2 8 3 0 4 2 17 20 1 258 5 9 1 2 30 4 8 23 0 18 4 5 0 3 120 53 35 20 4 1 0 7 1 44 5 0 5 32 0 0 1 1 14 1 2 
1 5 32 7 12 0 1 16 0 32 0 2 2 75 3 10 14 0 2 7 17 8 114 37 0 4 0 10 31 0 23 2 2 0 15 13 4 29 0 71 972 228 4 4 6 0 11 7 3 16 7 3 0 7 1 6 0 1 0 50 0 4 1 3 
3 3 3 9 227 13 0 31 17 0 1 1 5 4 0 1 2 9 1 1 0 7 28 0 68 1 11 2 0 34 2 0 1 3 7 6 16 1 4 2 0 11 2 22 847 6 0 1 11 0 57 6 0 13 0 108 1 6 1 6 1 1 27 6 
4 6 1 17 1 0 1 4 1 1 0 32 2 7 1 2 44 2 46 4 1 0 3 1 49 0 2 15 29 12 0 37 9 10 58 3 11 3 71 1 34 12 16 0 5 0 2 5 2 11 2 10 0 2 2 14 3 73 5 18 3 15 1 10 
5 8 0 213 4 0 9 36 4 2 0 1 3 3 6 4 3 9 29 1 1 1 6 10 5 3 3 7 1000 6 7 23 1 1 0 5 14 4 5 2 1 5 2 1 0 12 1 3 14 2 4 0 5 1 2 2 1 8 0 8 27 2 0 17 
111 7 74 0 0 13 15 4 12 2 1 0 11 37 1 4 1 0 13 6 1 0 5 4 0 0 0 0 12 1 13 4 0 5 11 14 5 5 1 11 2 6 17 3 4 10 4 11 10 29 0 9 1 5 1354 2 36 0 2 2 16 4 0 1 
9 15 6 9 2 0 1 0 5 5 14 1 4 0 2 5 19 0 1 2 7 2 56 16 1 3 9 3 3 0 0 6 12 12 2 1 48 1 1 7 14 156 2 0 2 0 1 4 9 3 24 4 2 1 13 3 34 8 4 0 0 12 0 8 
136 0 0 0 5 15 10 5 12 9 2 0 1 3 16 1 26 10 11 0 8 27 1 15 36 2 24 8 2 3 0 0 91 16 32 10 6 50 95 6 0 2 4 6 5 57 11 1 3 17 10 6 3 0 0 4 4 2 70 2 4 9 42 30 
3 0 0 0 1 1 3 0 32 7 3 2 18 1 1 0 0 3 0 0 13 10 7 6 14 12 21 20 1 20 38 2 0 0 4 0 3 2 45 2 1 1 9 13 2 6 0 9 19 9 5 23 1 0 65 4 7 4 1 1 19 2 2 44 
14 7 8 88 3 2 12 25 2 5 2 47 25 3 7 2 13 2 1 1 0 3 3 4 25 0 3 1 1 2 18 23 7 24 189 1 2 4 49 9 21 6 82 62 2 0 7 0 4 3 7 3 1 3 3 0 2 14 2 5 2 27 0 5 
4 2 7 4 14 6 3 22 8 1 56 5 0 1 2 2 46 26 3 2 3 9 0 5 0 7 15 0 0 12 38 1 3 2 8 5 2 6 13 1 2 0 0 3 12 14 10 0 0 7 1 3 1 3 0 9 18 20 0 4 44 25 4 0 
1 1 11 11 190 0 12 16 3 3 0 6 1 9 5 8 3 30 23 0 7 1 1 19 2 0 1 2 0 0 1 14 8 32 8 29 2 0 8 7 4 2 167 1 0 1 9 0 0 20 29 4 4 7 0 34 2 1 62 6 7 8 4 1 
134 23 5 0 28 5 1 44 5 26 2 0 0 1 5 1 7 2 25 1 11 0 36 6 5 7 7 7 3 4 2 10 0 1 1 0 8 1 0 7 65 2 9 1 2 3 0 1 41 0 5 0 8 84 4 2 2 0 0 0 6 24 1 2 
10 0 12 0 0 2 0 3 1 17 2 5 0 3 1 1 29 15 2 166 51 2 27 0 88 7 0 23 19 4 20 0 4 14 9 3 2 19 11 5 30 18 0 0 13 10 9 2 0 1 2 1 2 6 1 12 3 7 1 23 0 16 0 0 
21 0 28 25 7 8 22 0 1 17 8 4 12 79 0 8 4 0 99 2 4 1 21 7 4 45 3 10 12 4 0 22 12 0 3 3 0 21 14 13 1 4 22 32 43 0 20 3 1 18 17 3 7 2 4 3 2 4 0 3 5 4 185 4 
3 1 13 1 1 5 18 1 2 1 25 78 1 6 1 19 3 2 9 2 0 12 7 1 34 5 5 1 5 24 443 2 2 3 3 4 1 10 9 0 9 1 2 7 5 3 3 1 1 30 46 12 4 36 15 1 13 4 6 0 0 0 37 3 
2 7 1 12 14 4 2 1 15 15 3 8 2 7 2 4 3 0 7 4 5 6 8 1 114 1 15 2 15 2 7 1 26 1 46 1 1 2 3 31 12 0 14 0 1 14 21 2 13 18 6 1 8 6 7 2 6 4 0 2 7 11 0 3 
10 182 15 24 3 1 1 0 3 2 0 2 8 0 74 5 27 0 7 22 1 184 13 4 10 0 1 40 5 0 98 11 5 5 2 11 11 1 6 0 1 1 52 0 12 3 1 2 9 6 3 0 15 1 69 5 1 1 8 4 2 15 6 4 
427 1 17 18 2 1 3 1 5 50 1 10 3 1 0 1 12 2 0 93 4 4 2 1 5 7 10 8 59 1 4 7 301 8 6 14 1 2 15 0 1 1 1 13 0 4 1 0 22 1 3 1 8 8 1 43 128 1 1 7 4 1 2 2 
3 5 0 2 13 1 4 0 18 24 12 8 2 5 12 2 202 1 13 203 0 67 1 3 0 2 3 9 1 1 9 7 1 24 3 2 3 2 5 0 7 1 51 13 8 1 11 1 32 0 1 2 4 21 0 8 3 0 3 4 27 1 12 4 
23 2 2 71 33 12 10 10 4 2 2 13 4 3 57 2 0 2 18 0 6 4 2 0 4 0 11 7 1 8 10 5 10 0 7 3 0 5 14 3 1 21 0 2 1 23 0 2 0 7 2 2 2 10 0 0 3 25 6 1 8 4 79 7 
1 19 13 7 15 5 0 5 15 1 463 0 1 0 405 0 2 3 6 10 0 26 3 5 5 8 0 8 13 6 3 0 2 10 3 23 2 3 2 6 2 21 1 0 5 1 4 11 14 7 7 7 2 0 3 8 1 0 11 8 3 0 8 2 
14 5 3 1 4 1 11 1 2 4 3 0 128 1 2 26 19 1 8 0 3 11 35 117 8 3 7 5 1 30 2 0 4 8 7 4 5 94 19 6 2 8 6 0 10 8 0 4 2 0 15 0 19 6 2 0 1 191 3 11 17 11 1 5 
53 0 7 4 2 17 4 11 3 0 4 44 2 48 1 1 10 10 1 135 1 1 2 9 1 0 1725 7 13 4 12 15 36 3 0 4 1 1 0 0 2 1 2 18 26 3 3 6 8 16 9 3 3 1 2 1 49 10 10 48 11 31 1 6 
16 6 0 11 12 0 8 0 5 3 0 1 0 5 0 24 14 4 2 5 2 2 3 6 1 5 3 3 0 56 4 3 9 0 12 10 0 1 10 5 2 4 10 11 6 1 9 0 1 2 8 34 2 117 0 29 63 0 1 7 3 1 18 89 
1 1 4 1 20 5 30 98 21 1 4 5 2 5 0 3 9 7 10 1 6 9 9 1454 13 1 10 11 1 4 9 1 7 10 315 8 2 12 0 3 60 2 0 10 0 34 2 22 4 26 8 1 17 3 4 8 4 0 0 0 7 0 10 0 
10 8 0 17 1 6 7 80 4 11 2 1 2 10 3 2 1 7 9 4 25 1 3 15 0 0 2 2 12 6 2 0 2 18 0 1 3 1 0 3 10 1 0 24 1 6 34 0 43 27 11 14 1 11 11 0 0 9 4 38 5 124 199 6 
7 5 1 87 1 5 1 6 119 2 0 10 10 47 1 0 7 24 6 2 12 28 4 2 0 0 70 7 110 25 9 10 20 2 23 1 2 1 6 24 11 1 1 1 1 5 2 8 0 0 8 4 15 4 18 8 21 38 0 2 4 1 4 2 
2 1 0 2 17 0 30 8 0 30 25 0 18 1 1 0 1 0 1 1 5 0 73 1 29 2 2 8 29 1 15 19 1 11 1 4 327 2 1 4 3 0 2 0 0 6 3 2 1 5 4 1 17 0 0 8 2 6 6 1 16 4 2 0 
28 337 1 3 41 1 47 1 3 4 1 6 20 850 3 1 1 3 0 6 54 178 23 1 9 15 1 4 8 65 6 26 5 1 15 0 2 2 234 52 2 13 82 20 0 1 13 11 0 5 1 1 0 2 0 3 0 10 0 2 0 6 5 16 
1 9 12 4 1393 0 1 0 1 1 1 5 21 4 44 2 1 1 1 12 3 2 0 7 2 0 0 2 19 2 5 2 1 143 4 0 2 38 3985 6 0 11 5 27 9 0 5 12 0 0 2 12 0 1 0 27 18 3 10 0 0 3 7 0 
0 32 11 24 5 1 8 12 0 0 10 18 1 3 0 0 3 0 0 0 12 3 15 5 34 2 11 8 55 1 9 1 0 5 108 6 45 1 16 3 1 2 3 0 0 38 5 3 12 0 1 1 0 5 4 3 37 2 3 2 2 6 9 1 
36 5 20 2 17 1 2 12 1 0 11 1 3 0 5 0 0 6 30 1 1 5 1 15 7 15 2 11 9 2 18 0 4 45 4 2 107 0 3 1 27 0 1 10 4 3 222 6 10 3 2 0 61 17 3 0 2 15 0 1 24 3 1 1 
13 0 1 13 29 0 11 6 23 19 3 20 1 11 8 17 7 8 1 1 6 10 4 25 1 0 8 6 0 1 14 3 0 39 5 15 14 3 178 7 6 9 9 3 13 71 4 3 3 20 8 17 15 1 42 9 9 3 0 0 9 6 16 2 
0 0 207 5 6 1 4 11 13 7 13 4 124 15 5 6 6 12 24 115 6 7 11 2 25 10 0 7 7 1 3 3 11 4 0 5 14 14 16 9 9 5 8 2 1 2 21 3 3 30 1 4 5 2 0 6 178 4 2 0 0 0 2 10 
4 0 32 9 2 0 12 1 21 1 7 0 3 1 3 0 1 0 2 12 5 2 0 2 13 0 1 30 2 4 2 30 4 16 1 11 1 5 91 1 79 1 5 1 39 8 1 18 0 5 0 3 15 2 1 5 10 3 5 0 17 3 2 1 
22 1 0 2 55 18 1 77 4 18 0 1 5 235 4 19 193 6 0 4 3 23 9 64 4 0 6 1 2 6 84 1 3 11 2 0 9 0 1 1 2 32 25 25 2 2 4 0 808 72 1 15 0 16 0 6 3 0 0 4 34 6 2 1 
1 3 2 0 1 2 2 24 67 7 13 4 1 11 3 0 0 5 2 18 5 4 2 4 6 4 0 14 8 2 108 4 4 295 3 6 1 0 0 12 3 7 12 18 3 1 4 9 0 11 2 0 11 9 8 1 14 27 0 11 9 3 0 5 
1 5 9 1 8 4 9 8 3 3 0 9 13 0 12 1 4 0 1 1 6 8 5 3 8 7 3 129 1 6 0 19 3 5 1 3 5 3 4 2 11 2 22 4 2 1 2 1 3 3 3 0 0 0 46 8 6 5 9 1 3 1 11 50 
2 0 2 8 0 12 28 225 8 14 1 0 62 1 2 0 2 4 3 1 0 7 2 1 13 9 15 7 774 8 25 3 57 1 5 0 0 0 0 0 8 6 1 10 0 2 0 11 9 6 2 0 13 18 0 0 193 5 32 4 1 1 77 1 
0 24 1 1 0 13 342 5 210 0 2 25 2 8 6 41 1 5 4 4 409 0 5 1 1 0 2 1 33 18 4 2 1 3 2 1 1 32 3 3 6 90 13 6 5 27 4 2 1 7 2 3 0 4 0 5 0 20 4 3 3 17 1 9 
9 4 79 0 5 3 4 8 0 1 1 5 0 5 3 0 11 21 70 0 3 11 3 13 5 1 1 0 1 30 3 6 6 2 1 2 2 6 8 3 18 55 13 0 13 3 7 5 6 13 1 1 0 3 13 63 7 0 208 31 23 7 5 9 
9 0 33 25 14 0 10 17 9 0 0 9 2 1 4 31 33 11 6 16 5 6 9 1 9 16 9 0 4 11 5 23 7 3 29 30 1 203 5 1 2 13 4 0 2 24 0 1 3 4 18 0 3 3 6 0 2 1 5 19 4 26 28 4 
2 6 4 1 2 2 1 12 10 2 3 7 1 3 39 3 13 17 26 21 0 1 0 7 2 5 19 7 2 7 2 2 0 11 2 0 5 0 4 32 25 3 79 1 5 3 5 3 6 1 2 4 50 2 2 3 3 15 30 19 1 2 0 1 
1 36 1 108 117 9 2 0 16 1 0 70 17 22 6 0 2 196 21 0 1 1 1 98 3 0 50 8 3 55 0 1 12 3 9 1 54 0 7 10 1 15 2 1 6 13 170 24 0 0 0 2 0 18 33 4 27 240 22 15 4 21 1 2 
5 4 3 2 4 1 11 0 0 9 4 4 11 45 3 4 6 0 9 30 0 12 1 19 367 2 6 0 25 0 2 11 18 3 1 1 3 6 38 1 18 8 4 21 376 58 4 6 22 304 5 27 1 18 3 1 5 21 0 7 5 0 11 0 
2 6 1 7 0 4 0 2 1 2 1 20 0 7 6 3 1 2 37 2 1 6 9 3 46 0 2 22 16 0 1 2 3 6 6 2 8 5 3 6 3 31 1 0 6 20 28 22 2 2 29 192 7 2 8 5 0 26 1 1 6 1 0 3 
2 15 2 2 4 5 0 3 2 11 3 365 0 3 6 5 4 13 2 0 7 2 7 1 1 4 1 7 8 14 0 0 163 5 3 14 5 4 9 1 9 0 2 4 5 22 162 1228 308 10 8 101 2 2 9 1 4 5 1 0 0 1 0 0 
1 1 0 18 1 129 0 2 1 201 0 40 10 26 0 32 9 0 8 1 9 5 173 13 1462 3 82 0 6 4 5 294 0 3 4 1 25 4 4 2 11 4 6 0 0 6 6 16 22 3 1 24 3 1 48 1 18 5 10 1 1 3 3 0 
8 1 1 1 5 2 10 2 0 253 0 5 2 8 8 6 2 8 1 1 20 5 42 6 0 0 4 7 3 7 3 1 3 88 0 3 1 6 6 27 2 35 23 5 6 2 18 8 5 0 2 62 29 1 4 13 47 1 6 2 176 2 1 14 
20 1 245 3 2 0 5 23 4 6 16 2 5 9 12 0 20 2 4 1 2 81 13 1 1 0 13 6 0 2 4 1 6 15 3 93 1 1 1 1 0 1 7 8 1 6 11 3 3 0 1 22 17 2 3 29 11 1 0 10 1 6 10 3 
56 0 2 13 2 2 15 12 2 2 1 9 8 3 70 0 5 2 8 34 1 1 3 13 1 1 5 11 2 5 27 2 1 6 0 0 5 2 9 3 52 22 4 1 0 1 7 10 6 3 3 6 2 3 1 0 4 28 9 1 10 5 6 0 
28 3 20 2 6 1 0 3 1 9 0 10 14 0 5 1 1 3 0 2 0 4 2 1 1 4 0 2 2 5 9 3 7 26 3 0 14 0 0 1 13 4 38 10 2 4 0 3 6 1 6 3 1 3 25 1 4 7 13 4 19 0 1 22 
0 169 1 5 10 4 10 21 17 4 1 1 61 2 155 5 1 2 385 12 68 5 0 6 31 15 0 5 0 17 1 1 1 34 5 0 1 101 1 6 4 0 5 370 5 2 0 8 11 37 2 0 7 23 2 4 46 31 0 21 3 13 4 0 
9 8 6 4 1 1 1 2 0 0 1 5 9 43 1 0 3 4 2 425 20 3 31 2 51 4 0 0 6 1 0 2 13 1 4 1 23 1 25 1 2 1 3 7 5 102 33 3 7 2 0 48 12 94 7 14 5 3 18 1 39 6 1 3 
5 29 8 5 2 6 43 0 67 0 1 86 6 12 0 0 2 4 6 22 5 9 2 21 2 2 1 28 1 8 6 2 21 24 0 5 3 4 0 0 3 1 2 2 0 26 2 1 7 3 17 29 0 0 0 12 1 11 26 11 3 12 1 39 
53 73 2 1 102 8 1 0 66 28 1 0 0 2 22 0 5 0 4 2 21 0 12 31 180 8 5 4 9 4 1 4 29 17 0 3 4 15 1 1 0 5 1 2 23 20 5 0 3 0 21 26 1 8 3 2 53 1 2 39 0 25 1 10 
8 45 1 138 0 21 17 18 1 5 2 64 1 1 0 10 1 2 33 136 12 0 2 1 0 0 10 10 1 0 20 6 32 2 45 3 9 12 28 3 0 16 96 2 4 41 5 11 53 1 1 0 21 2 12 8 10 1 38 2 0 0 0 15 
0 3 5 2 2 0 11 8 121 5 0 52 2 11 0 34 0 1 0 715 82 2 5 3 2 11 1 3 3 10 61 1 2 4 8 0 1 3 136 111 3 1 5 5 7 4 0 3 7 1 2 0 6 9 0 12 2 50 2 6 17 2 1 1 
8 15 0 1 2 5 5 0 1 10 1 0 15 6 0 3 1 8 32 13 1 1 35 10 6 5 2 1 9 12 3 3 1 1 15 2 6 7 1 33 0 4 56 0 21 6 3 11 2 1 84 0 8 22 1 2 31 146 13 0 1 20 1 11 
6 83 0 1 2 83 6 18 17 2 12 2 75 1 1 207 0 12 18 6 3 19 0 2 9 4 6 3 15 2 1 14 1 20 13 6 3 6 11 2 0 30 1 17 2 12 16 10 13 27 207 11 29 3 10 23 2 0 212 4 3 30 5 10 
11 82 13 1 5 0 52 3 7 7 0 2 0 9 42 12 9 4 0 8 1 0 33 7 0 8 12 0 2 1 1 10 10 23 8 2 4 1 434 0 6 0 2 0 345 4 4 0 5 7 6 2 0 1 1 57 28 3 0 18 2 3 8 99 
10 2 2 0 8 3 1 15 7 25 37 4 10 1 43 3 7 38 2 0 1 11 7 0 6 15 0 12 8 2 0 32 0 2 11 2 6 5 0 1 0 0 5 2 32 2 6 5 0 0 3 0 5 9 11 12 4 5 37 0 2 6 15 9 
7 1 11 3 14 4 2 4 33 9 53 2 4 17 85 19 9 2 2 1 14 12 1 8 5 2 2 8 2 0 0 4 6 5 2 1 5 2 0 0 15 1 0 13 1 11 1 40 0 1 5 85 8 53 0 7 7 0 3 10 10 0 1 10 
2 3 0 0 8 8 9 3 3 36 3 1 1 0 215 2 2 0 3 4 65 1 3 2 1 26 0 5 4 21 13 6 2 2 2 0 14 2 4 1 106 3 12 0 8 25 2 1 6 4 2 2 31 32 18 1 6 210 4 0 4 6 134 39 
2 2 2 4 16 0 2 4 15 0 7 8 9 3 0 1 25 265 3 5 0 6 2 0 1 1 2 0 0 6 35 3 3 10 0 0 6 2 11 0 5 33 1 3 43 6 9 77 17 1 10 3 0 7 23 5 9 12 1 27 0 3 6 0 
2 9 13 8 2 8 5 2 1 6 2 0 6 1 213 3 3 2 1 13 2 19 4 1 12 3 2 28 2 6 4 2 16 16 3 1 0 4 6 1 1 1 30 9 27 0 3 7 8 0 6 1 1 2 34 2 1 45 1 2 3 1 75 5 
0 7 2 0 15 4 5 6 1 3 6 1 44 6 7 16 3 11 0 0 2 1 5 1 21 0 3 10 4 1 5 0 4 12 3 2 5 5 12 2 2 7 3 0 6 12 1 1 5 15 41 3 1 1 5 5 1 6 16 0 9 0 0 10 
0 30 0 14 7 1 12 8 6 9 1 1 0 31 0 2 0 10 164 1 2 0 0 3 2 10 0 13 1 1 11 0 0 20 8 12 2 7 1 7 18 2 31 1 60 2 44 123 30 16 1 4 0 25 0 7 8 25 7 1 2 5 4 17 
60 13 1 0 2 71 5 9 3 2 39 204 13 1 0 1 1 1 15 1 0 13 0 5 5 0 41 5 10 6 34 1 2 0 7 4 3 80 8 6 11 2 81 3 10 1 2 0 0 0 0 10 26 6 0 3 21 15 2 3 118 10 0 3 
2 5 8 2 9 2 25 3 5 1 329 0 2 9 1 0 0 10 34 0 16 10 1 3 2 3 1 0 0 1 10 21 0 6 5 9 26 1 0 0 0 5 1 0 33 14 2 4 8 43 1 0 27 1 5 3 4 38 11 1 6 27 4 1 
3 4 19 3 4 9 9 3 199 0 1 2 1 0 2 7 4 6 9 7 9 0 12 2 11 1 0 3 0 1 4 7 12 5 5 2 28 4 1 0 16 9 11 4 23 1 58 1 4 3 0 6 2 15 7 17 2 2 1 14 4 3 2 4 
2 1 39 8 1 1 7 9 1 14 21 6 7 13 0 3 8 1 39 5 0 26 3 23 3 2 0 4 3 6 42 1 30 1 2 15 0 2 6 0 18 15 2 3 8 25 2 1 2 1 10 19 4 12 23 1 1 22 105 5 132 4 2 4 
5 26 2 1 0 6 9 8 13 0 1 0 2 15 0 1 4 140 3 4 0 3 22 0 3 0 7 5 14 6 9 55 20 0 10 1 0 5 4 0 1 2 7 10 3 4 4 8 1 0 8 2 2 1 3 19 19 5 10 3 4 1 2 0 
21 4 3 1 2 0 2 0 117 4 1 0 3 0 16 2 0 21 3 9 0 10 0 6 1 0 10 3 2 4 4 17 19 3 127 1 3 0 0 0 0 12 5 2 3 1 7 15 4 0 29 6 0 7 8 1 21 3 2 6 36 5 0 1 
2 5 25 5 17 102 14 8 0 3 0 3 13 7 1 22 1 1 0 1 0 0 11 7 8 8 6 18 232 6 0 1 631 2 7 12 48 12 0 3 16 12 19 6 26 0 1 0 5 5 1 2 1 0 10 4 1 6 26 0 6 557 4 2 
1 0 1 1 2 3 0 26 1 4 7 11 1 3 2 7 1 10 24 0 18 0 0 128 5 12 2 7 1 1 1 10 30 2 52 6 3 4 8 45 2 41 38 34 6 0 24 11 16 1 8 18 9 0 1 0 1 2 0 4 1 6 4 9 
2 4 16 3 8 2 0 1 17 1 8 7 1332 16 2 11 126 1 14 3 17 1 0 25 11 35 4 2 6 1 4 4 1 0 3 1 17 0 1 8 0 1 39 37 6 17 0 15 1 81 20 2 25 17 14 2 0 0 7 11 12 0 5 2 
2 0 1 7 6 0 27 46 0 2 0 2 1 3 4 0 5 2 6 2 2 2 3 4 13 2 8 0 0 13 41 24 3 1 0 33 5 13 0 5 0 1 25 4 4 19 68 0 19 9 1 2 76 0 22 6 0 1 4 0 3 0 3 0 
11 10 0 1 29 0 1 0 13 4 17 2 26 1 20 3 20 1 2 28 9 0 9 7 8 2 5 15 4 9 347 1 5 1 32 9 0 3 1 1 5 3 94 36 6 12 9 31 51 1 7 5 0 0 0 3 7 1 0 44 3 1 1 9 
2 3 4 1 1 1 2 59 0 2 9 45 11 0 3 1 17 0 25 13 2 1 11 0 6 7 7 1 2 1 0 13 287 4 10 0 9 26 1 0 5 32 9 62 1 1 42 1 8 2 7 9 1 3 0 2 4 72 2 3 9 6 3 2 
0 8 3 12 5 1 1 0 8 1 29 767 52 11 12 1 3 3 187 2 22 19 0 37 0 1 7 6 0 8 1 5 1 4 27 0 10 54 1 2 1 13 2 18 28 0 5 2 7 15 4 14 36 41 0 7 3 2 0 3 1 10 1 0 
7 45 3 9 1 3 2 0 9 13 6 0 1 3 1 5 0 11 21 7 58 0 5 133 0 2 1 1 9 3 4 66 10 0 1 50 8 1 7 18 0 3 0 263 2 28 4 8 6 19 176 4 41 6 13 2 6 2 5 1 0 5 5 10 
8 17 2 44 0 26 3 9 0 6 1 0 54 2 3 6 2 0 1 8 1 11 2 1 0 3 480 7 13 31 3 0 2 1 2 3 0 13 72 8 2 7 2 4 4 0 9 6 6 38 52 103 9 13 5 44 11 0 2 5 0 2 1 78 
4 115 0 0 7 20 3 0 8 10 1 13 2 24 5 2 5 5 14 1 26 1 11 0 9 0 1 2 0 1 3 8 8 8 31 34 7 48 4 11 0 2 4 1 4 7 2 2 3 3 1 4 1 18 3 1 3 385 7 0 29 26 59 3 
3 2 0 7 2 13 1 7 5 1 11 3 498 8 0 5 10 2 5 8 0 0 1 2 56 25 43 21 61 1 4 9 220 7 247 11 5 4 0 1 1465 17 5 2 1 1 11 0 3 6 20 214 5 12 3 6 0 2 0 4 6 4 26 4 
0 7 1 1 1 25 24 1 3 4 35 0 1 85 3 7 9 8 10 2 1 0 2 3 10 0 1 3 11 23 2 192 2 7 16 21 62 9 8 9 50 15 1 1 28 3 0 2 10 0 2 3 0 40 10 3 1 9 0 1 2 4 6 4 
1 12 25 1 6 6 1 5 16 4 3 0 1 4 26 6 1 4 5 5 8 3 125 3 5 0 5 27 14 45 1 2 4 0 10 0 12 6 2 4 5 117 1 210 1 124 16 0 10 2 6 48 25 1 6 2 8 6 0 1 3 386 0 2 
2 29 21 5 254 1 0 0 26 0 0 2 9 4 49 8 1 6 3 17 2 2 3 6 13 9 25 3 3 36 6 4 4 8 2 8 0 5 1 0 6 9 3 1 49 5 175 8 1 0 2 22 6 28 3 14 104 7 97 12 0 0 1 0 
3 0 4 3 1 5 4 0 11 1 7 33 0 2 1 5 203 79 5 2 2 0 2 4 38 0 4 1 1 2 5 50 2 1 1 29 3 11 19 8 3 5 1 80 0 6 1 1 0 0 76 6 2 17 6 5 15 12 6 2 1 0 4 1 
5 12 4 27 1 6 1 0 2 0 9 62 0 4 1 8 4 0 0 6 4 4 5 0 7 5 35 5 0 24 3 1 470 2 3 3 12 2 8 10 1 1 2 26 115 19 0 1 1 0 18 3 6 0 5 21 3 5 25 9 3750 9 22 6 
0 2 1 479 2 7 1 13 10 4 33 5 0 1 3 2 0 1 1 128 5 7 0 1 3 6 1 45 7 0 6 19 16 17 12 2 84 8 1 11 1 8 3 33 11 1 4 1 1 50 21 4 40 24 11 5 0 6 6 0 1 0 2 1 
160 2 2 11 1 0 14 1 2 3 1 2 14 43 0 10 11 0 1 4 3 3 10 1 9 1 8 1 1 4 5 17 0 39 38 4 1 3 1 12 0 1 10 11 3 18 7 12 30 4 12 48 0 19 6 13 1 6 5 8 2 1 29 39 
3 3 1 3 1 0 10 5 73 0 36 2 0 199 3 2 2 4 14 15 65 1 4 7 2 69 20 3 93 3 33 6 0 13 1 0 7 10 7 2 22 18 3 6 4 2 52 42 5 0 4 3 4 6 4 2 43 91 12 65 3 1 0 0 
23 2 1 4 3 6 3 1 7 6 11 11 4 1 5 1 9 0 3 50 1 5 7 3 4 10 1 3 4 1 3 1 13 13 5 12 1 29 1 16 6 61 3 0 13 8 10 30 6 0 4 1 2 13 12 0 0 15 0 3 3 4 3 6 
6 6 0 6 1 6 9 8 1 3 5 5 2 3 0 2 39 148 1 2 0 15 3 7 5 1 1 10 1 2 0 0 1 19 2 52 1 2 2 4 2 35 2 5 2 5 32 1 1 42 1 15 28 5 12 3 43 1 18 7 1 6 7 6 
7 1 4 29 13 20 3 0 0 2 1 1 5 1 0 20 8 1 2 16 6 0 2 2 0 5 141 16 0 2 4 9 0 5 7 8 0 1 48 1 1 0 22 14 1 1 9 12 5 4 3 24 2 2 1 10 1 16 2 0 0 5 0 0 
5 3 1 2 12 2 2 5 1 5 45 27 10 2 13 0 16 1 4 23 7 11 4 3 358 1 10 8 63 10 98 0 4 4 0 1 0 352 4 3 0 4 32 0 10 1 1 4 4 6 5 15 1 0 2 15 0 2 18 1 6 2 22 7 
9 1 2 3 7 3 271 40 0 2 17 2 3 1 4 10 16 2 3 9 0 0 0 1 6 12 4 0 0 5 16 0 3 3 0 1 1 7 7 1 6 216 6 35 3 8 3 6 97 1 4 2 8 1 2 0 1 0 40 5 32 6 3 6 
4 2 2 11 7 4 10 10 0 2 6 1 3 7 20 1 2 0 5 0 0 3 2 1 1 1 115 5 0 4 84 9 101 3 8 9 1 15 0 6 1 5 2 2 1241 1 5 0 18 25 1 1 23 4 0 4 6 6 5 0 1 0 2 8 
2 1 20 33 2 0 8 12 0 1 4 12 1 8 238 0 4 6 1 59 0 25 0 2 95 47 8 0 2 57 1 6 1 8 31 3 1 130 11 23 16 6 9 3 1 12 2 33 1 2 34 1 6 7 296 16 2 30 3 1 11 1 1 10 
1 1 2 22 8 7 0 0 9 13 17 3 6 5 1 3 6 2 18 6 2 5 10 0 5 1 12 1 3 34 2 0 33 12 2 4 0 12 4 2 0 0 48 21 13 13 6 4 52 1 4 21 0 5 0 2 5 1 0 1 2 0 1 3 
5 6 2 25 4 8 36 13 5 1 2 3 8 5 0 2 3 0 1 2 322 2 0 23 2 5 0 0 283 11 32 0 2 143 5 3 3 5 24 3 0 7 3 19 0 3 2 8 1 3 50 5 1 14 0 7 19 162 69 2 2 4 10 2 
1 3 2 1 0 0 8 2 3 0 5 8 10 2 22 2 47 42 2 0 1 5 6 2 25 3 3 1 3 2 6 2 2 2 1 5 8 5 16 2 6 2 1 27 2 12 18 2 3 0 32 28 8 3 0 3 57 1 6 17 35 21 1 1 
1 0 0 323 2 1 0 2 1 15 0 85 2 9 921 0 6 72 52 117 1 12 2 13 10 1 2 1 49 4 1 8 23 4 8 6 0 2 10 2 149 12 7 6 3 25 3 5 8 2 9 3 0 2 0 40 1 6 14 151 5 0 2 1 
80 0 27 1 1 17 16 34 4 7 20 4 0 4 0 3 4 165 0 11 1 6 0 5 15 1 4 1 6 41 45 2 0 20 4 12 4 2 158 181 2 9 0 1 9 2 1 45 1 2 1 2 1 5 1 1 13 1 30 1 2 13 984 8 
9 0 29 37 2 0 4 19 0 13 6 2 7 1 0 0 5 4 5 3 15 4 0 3 2 1 0 5 2 5 23 28 0 10 142 2 0 1 22 11 0 11 1 8 0 3 16 6 22 1 0 58 2 9 0 1 3 1 0 6 4 10 14 139 
1 2 9 2 0 91 268 9 2 25 2 4 1 2 8 11 1 4 357 2 1 7 734 0 2 0 4 1 17 29 0 0 0 26 0 15 29 51 54 18 3 9 0 9 214 40 1 2 0 4 1 2 1 14 3 1 6 0 8 2 2 13 1 150 
9 8 8 130 1 3 27 4 2 18 2 2 4 13 1461 5 17 19 0 1 23 6 1 0 14 0 4 10 2 0 3 3 1 29 6 3 4 0 0 14 0 9 0 27 1 4 4 1 22 1 0 2 2 28 2 44 4 6 4 19 0 1 1 24 
36 0 4 3 6 75 3 0 3 20 2 65 13 11 2 0 2 2 10 0 0 1 7 0 5 11 8 0 1 234 1 1 0 4 0 10 7 2 1 3 1 3 1 0 0 3 40 1 2 5 0 1 36 0 4 3 292 21 4 35 11 1 5 12 
19 3 5 1 5 15 26 8 5 1 3 1 34 7 11 65 81 19 77 0 6 7 3 3 87 0 75 3 0 6 0 0 0 29 9 10 0 12 3 2 4 4 5 2 0 0 2 7 1 4 4 6 1 8 4 2 2 40 6 1 1 2 4 2 
7 3 1 18 12 4 2 6 11 7 6 0 2 1 241 2 0 2 0 8 25 0 135 3 1 0 3 31 1 10 1 6 40 2 0 0 13 27 216 15 0 2 3 0 7 3 9 0 2 0 1 1 104 9 1 1 24 41 5 28 0 4 5 2 
7 11 0 5 0 29 2195 1 13 0 1 7 1 5 2 25 0 8 0 3 9 151 2 17 6 3 4 2 9 4 0 9 8 0 2 0 4 3 18 1 0 2 2 31 7 11 14 11 45 5 1 48 14 12 10 9 13 0 0 10 1 41 1 0 
85 1 7 30 134 11 2 1 0 6 4 19 4 5 0 17 5 7 2 35 5 0 0 2 5 12 2 6 1 62 0 23 8 1 15 11 1 14 11 6 17 1 12 3 0 9 1 16 7 13 25 4 1 12 0 12 0 25 2 16 51 1 5 4 
0 10 9 4 2 0 52 13 9 12 18 2 1 4 2 3 3 16 1 0 2 0 12 35 7 0 2 29 2 11 7 7 7 26 1 1 4 2 2 8 4 2 3 22 0 5 0 0 18 11 2 2 6 0 3 1 3 11 38 1 16 5 12 0 
1 1 3 2 20 1 4 13 9 0 13 2 0 0 4 0 7 5 10 9 1 10 3 1 52 4 2 1 15 9 5 6 8 1 1 9 5 0 0 2 2 9 12 21 137 8 3 1 2 1 20 4 2 3 5 93 2 114 2 1 0 5 14 38 
13 6 10 2 3 2 0 11 24 1 0 98 12 6 108 2 3 3 2 0 10 2 2 2 5 11 10 3 12 0 15 0 2 0 8 2 14 15 1 0 1 6 7 2 2 3 4 28 1 0 8 3 5 44 7 6 22 6 11 0 1 9 4 47 
0 2 1 0 1 19 1 5 1 0 38 1 0 3 28 29 9 5 8 11 1 266 20 6 78 8 2 43 24 8 0 1 1 1 7 17 0 2 1 0 8 0 16 6 95 0 13 0 0 3 1 2 5 1 0 2 2 13 0 3 1 0 4 28 
10 6 4 8 4 2 5 3 3 0 31 2 2 12 27 6 1 3 1 25 1 4 1 4 7 1 0 3 2 11 1 8 5 34 1 19 0 1 1 12 0 17 0 3 9 8 2 1 32 6 6 2 8 0 1 14 5 11 5 13 7 0 4 11 
9 1 3 19 4 0 8 3 23 1 25 74 4 4 3 9 1 3 3 54 124 6 14 1 268 0 7 1 1 6 9 250 6 1 1 2 4 6 1 3 1 0 16 8 2 10 16 26 2 12 3 3 0 1 4 1 18 27 76 2 26 0 11 2 
6 0 11 3 16 22 5 388 1 0 2 0 0 1 0 2 12 0 6 5 9 21 0 1251 15 7 1 8 0 2 3 5 7 4 24 3 0 4 38 5 31 0 1 0 0 1 2 1 3 2 8 3 0 4 0 6 1 6 19 8 3 4 2 0 
13 1 13 18 5 18 4 0 18 6 0 1 5 1 8 12 258 8 10 8 1 6 12 17 9 8 2 5 6 5 1 26 10 0 0 20 44 5 16 38 26 0 33 24 83 3 8 77 1 18 10 2 26 6 5 32 2 0 15 3 64 58 3 10 
16 1 2 7 34 34 0 15 0 24 2 18 7 26 1 34 2 26 43 1 1 11 3 23 1 8 5 1 32 8 2 3 6 43 1 27 3 0 55 2 1 0 9 0 2 1 1 5 1 5 2 10 0 284 1 26 0 0 20 3 1 3 392 0 
1 3 21 6 4 10 30 1 0 13 3 29 48 1 10 0 1 7 1 28 1 363 5 5 12 60 3 6 1 10 1 1 0 1 21 3 25 0 1 1 20 1 1 0 0 11 8 0 7 13 0 1 4 3 26 7 2 48 4 2 17 7 8 3 
1 17 19 87 3 22 3 4 0 5 49 13 23 0 0 16 4 1 10 2 2 9 36 0 9 0 2 1 1 1 1 0 10 0 1 3 2 9 0 4 1 24 0 7 2 0 1 5 0 4 11 1 2 0 2 0 0 2 6 6 811 53 0 33 
23 3 2 7 2 1 11 3 1 2 10 3 4 0 1 20 4 1 0 3 1 0 1 0 3 47 6 16 9 5 1 3 3 9 5 4 2 2 3 0 82 17 4 211 2 1 1 0 10 1 2 1 0 0 9 278 21 2 3 4 2 0 0 12 
10 7 11 1 1 4 1 5 0 19 8 0 1 3 10 32 6 4 1 3 5 1 20 1 31 28 13 1 5 2 12 35 4 2 2 3 3 4 1 3 13 5 3 31 13 10 2 3 8 0 0 0 7 4 8 21 12 1 9 6 0 3 4 6 
0 2 7 2 11 7 10 30 15 0 13 0 14 4 2 7 1 4 0 13 2 0 0 1 1 12 7 6 7 4 5 30 12 23 4 5 3 4 0 2 2 3 3 4 0 1 13 25 10 0 15 1 6 0 3 14 7 1 63 0 123 0 4 4 
3 1 19 2 15 5 27 7 2 8 190 0 4 141 24 2 6 9 7 2 92 1 1 0 52 4 1 8 2 5 0 1 104 15 14 24 10 5 29 1 0 35 3 2 6 1 1 4 0 4 3 21 7 15 1 9 6 0 3 2 0 2 2 28 
11 2 11 19 1 2 2 44 3 8 2 4 0 0 2 1 1 62 2 3 9 25 7 5 2 1 0 7 5 9 0 1 6 0 12 9 8 2 16 0 18 89 0 5 9 33 0 5 2 1449 1 4 0 0 9 3 2 13 6 1 2 4 43 9 
39 5 15 2 21 112 15 0 6 5 7 0 1 10 0 2 8 3 18 8 1 2 1 15 0 0 2 30 4 6 1 41 32 10 1 3 2 4 35 15 1 3 9 10 0 9 2 5 0 0 0 2 27 2 5 4 306 8 0 39 94 8 14 1 
0 7 3 0 423 1 0 30 0 3 1 2 5 9 1 9 0 2 2 3 10 2 14 0 10 0 6 70 37 2 0 0 0 0 9 4 15 1 0 1 795 1 5 6 24 0 4 1 91 4 17 0 25 0 20 6 6 11 2 1 4 2 7 0 
6 4 4 0 0 12 25 3 8 4 6 1 5 1 4 3 3 1 10 1 0 1 3 12 5 0 2 0 7 12 8 0 10 32 1 4 2 20 2 0 2 6 7 1 7 0 22 1263 4 0 3 20 21 8 25 5 1 11 7 11 13 1 58 1 
5 3 2 2 10 3 2 16 32 1 17 0 2 43 19 13 8 3 1 11 2 18 0 7 1 85 1 1 5 5 5 3 1 4 0 0 2 20 2 15 35 3 0 2 101 23 1 3 12 37 2 1 0 28 3 11 23 1 24 0 5 2 28 0 
4 0 1 309 25 5 1 22 24 0 1 2 1 1 0 1 18 38 26 2 4 0 3 5 0 19 62 2 62 15 1 0 11 6 0 8 0 3837 1 2 4 2 22 14 9 7 21 0 1 12 2 3 1 99 1 4 1 5 2 1 9 14 15 11 
3 8 1 10 22 4 22 6 17 14 4 3 25 4 34 119 5 3 9 1 7 1 10 0 52 4 1 18 12 127 2 2 3 1 12 4 1 8 2 9 35 2 8 83 10 0 0 2 0 4 2 86 7 0 11 5 48 4 0 1 30 0 1 9 
5 6 9 1 2 4 2 16 1 1 0 15 0 2 1 25 111 0 18 1 13 31 3 2 3 7 5 1 3 8 23 5 49 1 7 12 0 6 1 21 13 1 15 0 7 12 3 4 1 0 3 0 7 26 1 1 16 4 2 9 2 17 31 0 
5 2 1 5 0 5 8 100 1 1 6 0 2 2 7 0 4 7 58 11 7 9 6 28 25 5 1 10 109 2 2 14 9 2 36 1 3 21 1 1006 11 1 10 0 11 32 0 5 75 9 0 9 4 3 40 22 0 30 0 2 1 0 28 9 
7 2 14 0 5 8 14 0 3 2 0 28 1 8 3 0 31 2 8 2 1 2 21 2 40 1 7 4 3 13 21 9 2 42 10 1 8 2 9 37 7 4 1 3 9 18 0 84 7 1 0 0 24 8 11 8 9 134 5 24 2 7 2 2 
1 1 6 2 7 1 0 2 12 40 11 17 1 17 87 1 3 0 231 1 6 7 24 2 9 2 0 3 2 3 0 3 5 0 6 4 1 27 9 1 1 2 0 2 0 24 0 1 6 20 8 12 0 3 35 0 4 11 1 2 20 5 3 0 
5 20 0 11 6 3 0 1 5 32 19 9 255 1 3 4 0 17 0 6 4 1 1 19 9 17 3 0 1 3 3 11 2 2 8 5 1 1 8 2 125 18 10 205 3 0 1 2 3 7 2 29 14 2 4 29 464 4 3 9 40 38 4 32 
1 2 0 1 7 0 239 0 0 2 27 4 6 1 3 25 0 7 2 0 2 0 4 0 2 0 30 16 8 3 1 5 0 0 23 58 6 10 1 7 16 1 7 5 10 2 14 28 7 33 17 11 11 1 0 19 14 12 1 1 1 2 9 6 
11 16 7 6 23 0 9 0 24 0 1 6 1 58 3 0 70 34 10 0 11 1 17 103 0 6 4 24 2 0 2 11 15 4 5 7 2 3 0 0 0 14 2 8 2 2 0 37 13 1 1 7 28 2 10 0 13 7 1 2 0 352 12 8 
1 4 10 9 30 9 5 0 6 3 0 7 21 5 8 6 1 0 0 7 9 4 1 15 1 0 1 349 3 20 19 9 7 3 0 1 0 19 121 12 0 4 7 0 4 8 2 17 9 3 3 2 1 12 1 18 12 2 7 1 35 33 3 0 
5 0 7 3 10 1 2 2 0 1 12 7 0 111 20 10 22 3 0 5 2 75 3 5 2 2 4 1 29 3 21 40 2 2 0 5 0 1 7 6 3 2 14 2 12 15 1 1 0 35 1 9 3 11 3 0 2 0 4 1 7 0 2 1 
6 1 20 1 13 3 4 0 38 8 0 0 46 0 3 0 24 1 4 3 11 0 2 0 83 6 28 14 9 43 4 1 3 3 30 3 3 16 0 2 48 0 0 0 22 41 12 14 3 0 46 15 17 6 3 3 4 2 1 1 2 16 12 19 
10 4 1 5 17 11 1 0 2 1 2 37 41 2 0 1 1 6 2 2 4 0 3 3 23 1 9 8 5 2 20 28 1 2 0 0 11 4 2 0 7 7 12 8 5 0 10 5 1 8 24 2 4 29 222 5 2 2 4 20 2 5 0 3 
1 52 0 9 1 0 2 2 1 0 1 0 0 4 54 28 20 8 0 48 4 2 4 5 2 0 3 2 3 0 5 37 1 4 0 0 0 7 17 1 18 6 0 7 2 3 10 7 7 6 0 1 1 13 0 3 0 25 0 2 33 4 4 0 
5 1 2 4 5 2 8 2 7 1 2 38 9 8 14 0 11 2 17 12 3 8 0 0 0 0 4 37 3 0 10 1 2 18 7 4 1 4 25 77 61 16 0 0 20 14 2 3 7 7 3 1 7 1 11 5 64 0 0 1 305 3 3 16 
2 9 0 0 6 7 80 2 56 0 2 1 2 1 1 0 21 1 0 8 7 1 1 21 13 0 8 0 10 3 14 123 0 15 102 4 80 12 10 4 5 10 1 8 15 0 0 1 0 2 19 5 0 5 0 0 1 2 2 1 3 0 2 1 
0 2 2 1 15 2 7 2 0 2 1 1 3 38 5 9 8 4 9 13 0 17 1 2 3 2 2 0 0 0 8 124 0 2 1 17 1 1 48 4 7 45 7 1 1 1 1 3 3 4 0 0 0 2 9 4 3 9 6 2 0 6 1 0 
1 3 8 7 0 0 16 33 14 19 21 2 7 2 4 1 5 2 18 3 34 7 0 2 15 23 12 8 1 5 3 203 9 2 30 14 1 0 1 1 7 6 1 2 4 2 7 4 1 2 1 0 2 1 1 0 1 2 8 0 1 101 0 4 
20 7 18 9 0 1 4 1 5 7 0 3 1 5 26 0 0 11 6 1 2 7 2 0 0 1 12 2 14 3 0 0 8 5 12 8 7 12 9 2 49 0 5 429 2 0 2 0 3 1454 8 28 24 1 134 11 2 17 0 3 6 11 1 8 
36 1 38 11 2 6 0 5 2 3 1 8 67 23 3 0 2 1 3 0 20 1 3 1 5 8 5 8 3 5 7 0 0 6 0 1 10 2 6 117 6 0 11 0 0 2 0 14 1 6 0 2 4 2 5 5 3 4 1410 6 5 8 21 17 
8 46 0 0 181 0 52 0 4 0 6 11 0 11 1 2 6 20 3 43 0 20 1 0 2 22 2 11 0 14 19 15 5 5 6 1 11 1 22 4 13 4 18 0 7 0 9 2 1 10 1 2 11 4 0 4 1 22 630 6 2 2 2 13 
10 0 15 1 3 3 1 0 3 1 5 0 11 3 70 3 22 6 3 4 2 0 4 2 0 56 1 10 1 1 1 1 3 8 3 2 3 3 0 1 6 2 16 2 14 4 15 7 3 16 15 49 12 186 43 3 0 1 1 1 2 0 1 0 
2 8 11 34 7 3 20 30 2 1 0 11 0 1 85 0 4 1 7 336 3 6 4 2 1 0 3 1 0 21 25 14 0 1 6 11 1 4 0 1 9 2 20 1 2 4 3 0 2 5 2 56 2 0 11 14 3 5 21 5 1 8 1 1 
14 6 0 6 2 97 7 0 0 6 1 82 15 15 10 6 128 0 3 13 5 27 356 1 0 3 1 6 7 6 27 2 10 6 6 0 1 1 11 18 1 3 1 3 24 6 1 33 5 0 115 10 0 11 6 1 1 0 0 2 2 11 24 6 
0 16 5 30 11 3 4 2 141 0 3 7 1 1 1 1 459 2 9 10 3 1 1 7 1 131 15 36 54 38 3 6 1 7 0 12 3 3 4 19 4 12 2 3 9 50 0 5 8 16 2 5 3 3 38 7 0 1 2 3 53 3 16 7 
5 17 1 5 0 11 10 7 7 4 4 7 12 1 8 18 8 55 10 0 2 44 1 5 1 3 7 0 11 0 5 5 8 2 21 7 36 256 4 347 7 0 0 1 2 13 3 48 0 4 37 11 14 5 1 0 0 0 3 0 2 5 2 18 
6 8 9 4 1 0 11 4 14 6 0 5 0 6 7 170 13 0 1 2 4 29 3 1 3 0 14 0 11 1 23 7 132 2593 0 11 0 6 4 7 227 1 1 3 2 2 1 6 8 23 8 18 7 19 9 11 134 0 76 11 0 3 1 4 
3 0 9 10 1 4 108 12 2 2 5 2 0 4 11 43 0 2 2 14 2 248 0 104 7 146 41 25 21 93 1 5 1 3 14 1 7 6 12 2 3 3 0 2 11 2 4 29 0 37 3 12 485 38 1 31 9 13 5 10 13 0 5 4 
21 2 10 1 1 11 11 6 2 29 0 1 0 2 5 12 0 0 4 23 1 11 0 8 10 0 0 9 2 0 0 1 1 1 2 2 1 27 8 0 2 3 9 15 8 13 1 0 2 0 4 1 4 75 0 2 8 0 8 2 5 1 0 1587 
0 2 2 0 2 6 0 8 50 7 9 28 3 0 2 3 0 6 3 11 9 467 9 4 56 1 5 5 1 12 6 22 1 3 12 19 10 122 19 19 4 5 4 2 1 2 4 0 10 6 117 1 12 5 2 2 3 125 2 7 4 30 5 18 
0 3 11 1 16 2 1 17 1 28 6 1 13 0 0 24 19 5 34 1 3 2 2 18 0 0 3 2 9 44 1 389 3 1 0 13 29 7 1 9 22 5 4 1 1 3 1 57 24 9 34 2 4 6 5 9 15 0 3 3 1 8 6 10 
0 4 1 1 2 7 104 4 34 6 0 0 1 9 2 12 0 44 2 9 7 2 5 0 1 0 1 13 1 3 7 1 0 1 2 0 1 11 4 26 167 1 8 4 4 14 1 57 2 49 1 31 0 4 0 2 11 0 1 0 6 70 0 2 
1 2 0 11 1 25 11 1 3 15 143 1 2 4 2 100 0 1 54 40 5 0 87 0 0 5 0 1 19 5 1 2 0 6 2 7 0 1 16 4 0 4 9 15 2 7 19 1 1 26 7 8 0 7 2 9 0 6 2 4 5 6 2 2 
5 11 1 10 0 0 0 4 0 3 69 0 190 2 12 1 2 82 1 0 0 13 2 2 4 0 11 0 0 2 17 14 1 140 7 7 0 1 5 3 2 6 0 18 12 52 87 0 1 19 3 7 12 3 2 22 7 3 4 5 10 0 0 6 
1 1 4 2 3 2 5 0 3 5 0 18 1 138 3 2 5 2 28 4 20 3 5 4 59 75 3 9 2 2 53 28 29 15 2 25 0 13 4 10 2 2 3 1 3 2 4 0 17 1 2 2 0 12 1 0 2 5 9 4 24 1 7 19 
23 0 1 230 0 7 4 13 2 84 1 2 1 3 2 11 0 2 5 0 10 23 1 6 7 3 18 108 3 11 0 2 4 6 17 1 355 1 1 0 8 22 2 0 0 6 34 1 12 161 1 0 18 1 1 3 13 9 34 4 5 6 5 10 
0 1 4 8 0 4 2 28 8 2 2 6 0 9 1 2 3 4 53 9 1 0 8 151 0 9 30 6 23 7 3 11 1 1 52 123 1 3 15 2 0 0 14 11 0 2 16 1 1 7 1 8 24 4 6 0 2 2 33 4 5 14 16 26 
1 0 0 36 5 1 7 7 1 3 6 6 1 1 1 2 1 5 44 4 3 0 59 1 3 169 3 0 7 0 1 5 13 10 2 0 9 1 1 31 3 3 1 24 78 62 52 35 1228 2 6 2 3 2 46 5 8 7 15 1 0 5 2 0 
1 0 17 3 10 1 9 0 0 0 3 2 0 0 2 1 1 17 37 2 130 0 15 0 1 1 0 67 9 6 14 11 4 1 1 1 5 0 16 1 1 1 5 6 4 4 7 0 1 19 0 5 13 2 11 2 6 38 7 3 6 1 7 13 
6 11 0 4 0 4 12 4 4 22 1 0 0 34 2 0 3 0 37 3 0 47 0 2 21 19 1 3 0 2 10 0 0 0 1 13 0 0 5 11 4 10 112 0 1 44 5 2 1 0 22 17 43 1 1 1 1 3 0 0 2 3 0 0 
0 5 1 157 1 9 1 20 5 5 3 1 20 4 32 5 585 44 1 20 4 12 0 5 28 0 58 41 5 1 2 13 4 1 3 2 30 13 5 17 1 32 0 15 4 28 19 1 1 2 1 0 6 6 7 345 11 39 21 1 4 0 26 3 
1 4 9 12 9 5 8 7 18 7 7 1 1 208 2 9 7 32 1 7 5 9 0 22 1 5 3 1 4 16 1 24 1 5 37 21 8 5 0 5 10 2 2 0 6 2 2 22 11 9 0 1 1 141 22 244 1 3 29 0 4 10 15 39 
1 0 2 7 0 8 0 1 2 2 105 3 53 3 4 15 1 1 0 2 4 0 2 6 2 0 11 90 3 2 3 6 12 8 2 0 0 27 0 10 10 22 2 9 4 1 11 2 1 5 1 18 0 25 0 5 0 7 10 47 1 2 16 8 
1 2 48 0 1 12 3 0 1 0 0 0 1 4 41 70 3 6 15 1 2 0 11 0 4 3 2 9 3 6 23 1 24 2 2 16 1 0 0 87 6 6 18 20 1 33 8 6 0 6 7 1 6 1 401 23 2 29 4 4 1 18 1 16 
0 9 6 6 5 1 14 0 0 16 0 0 11 10 3 27 8 88 0 1 0 0 0 2 2 0 32 13 12 11 8 29 1 2 2 2 2 5 1 0 0 6 28 5 0 4 1 26 1 46 4 1 0 7 0 15 11 13 1 10 0 12 0 18 
7 69 33 2 1 1 1 9 0 6 2 11 62 1 12 1 1 0 4 0 20 2 39 11 2 1 0 0 8 2 0 8 27 0 4 40 2 0 9 9 1 5 4 7 1 10 3 20 3 5 0 5 1 0 8 1 24 20 31 4 1 1 13 1 
2 1 29 2 4 1 18 2 2 4 5 14 10 1 27 153 1 23 4 2 37 13 5 0 9 7 0 8 1 1 1 22 0 23 0 1 18 5 24 0 8 0 2 13 7 10 0 2 1 7 11 30 0 44 29 2 4 2 2 1 7 18 23 1 
2 1 37 0 8 19 5 13 14 7 3 0 8 26 4 4 4 50 3 14 1 1 1 9 0 2 4 0 9 46 2 4 11 5 6 2 12 0 11 1 1 4 4 5 0 11 2 5 3 15 3 1 18 16 50 1 50 2 4 9 79 15 20 2 
7 17 2 4 4 1 0 5 81 0 5 12 0 2 1 119 11 0 34 38 11 1 5 19 2 2 11 2 6 0 4 13 8 41 6 40 1 11 11 120 1 42 5 10 2 1 18 5 3 1 7 9 160 2 2 0 42 4 13 1 22 97 6 0 
1 1 0 4 11 6 1 0 1 0 1 0 9 1 6 23 6 1 12 5 4 3 1 5 2 413 6 39 5 7 1 8 18 16 1 1 0 3 9 2 87 0 7 2 5 5 5 23 15 0 12 9 7 3 10 1 1 4 2 2 1 0 4 5 
5 0 7 12 3 1 1 1 1 9 5 37 1 2 10 1 5 1 20 5 3 1 1 0 8 10 11 35 0 10 1 1246 36 9 1 2 3 0 8 3 10 6 8 1 9 7 9 9 0 7 13 1 1 0 38 2 4 34 1 1 15 0 11 11 
1 11 2 10 5 4 15 0 6 2 2 18 13 1 11 0 0 4 92 25 0 2 2 1 489 14 52 5 3 28 1 1 28 35 1 45 2 11 1 0 9 7 5 0 0 4 0 20 13 7 0 0 3 5 0 15 50 3 5 7 30 0 2 2 
7 20 11 5 3 4 7 3 1 7 2 1 2 4 0 7 25 5 2 0 1 1 2 2 3 17 4 9 10 6 6 7 8 12 12 0 22 25 3 3 83 0 21 19 0 3 14 1 1 2 1 8 11 1 4 64 1 0 8 0 3 0 7 3 
1 11 29 499 0 2 57 1 11 2 18 4 0 22 0 3 66 5 3 0 9 1 33 0 7 0 1 1 11 8 4 67 6 3 33 14 2 56 3 6 3 4 3 1 8 34 12 23 7 10 2 1 5 0 14 0 93 1 0 0 14 13 17 4 
41 4 5 6 26 0 5 0 3 4 1 4 6 6 6 6 2 7 3 0 0 56 1 15 7 3 46 36 18 0 32 10 4 8 26 238 1 18 0 0 5 237 4 11 2 3 10 19 18 5 8 4 1 5 9 6 0 0 0 2 32 2 3 1 
1 0 1 8 7 2 47 13 15 7 1 3 7 16 2 6 1 16 3 303 2 7 3 2 31 0 28 56 1 0 44 2 2 12 3 65 10 0 3 2 2 7 0 2 15 3 28 0 12 107 7 10 7 3 2 2 0 1 0 6 0 2 0 1 
1 0 1 5 0 4 13 8 10 2 48 7 0 91 13 0 73 12 5 15 47 0 3 4 3 1 29 0 68 7 20 308 3 0 4 3 9 0 221 8 2 0 0 1 4 1 2 74 5 1 5 3 7 0 2 0 5 13 0 8 12 4 388 23 
1 1 34 5 0 19 43 24 13 9 0 10 9 50 35 0 2 5 12 121 7 2 11 7 4 0 0 16 5 1 2 10 0 5 4 0 30 1 23 0 1 0 15 0 65 1 9 8 0 8 42 0 12 5 6 6 7 15 0 11 7 2 23 1 
1 3 2 46 2 294 0 6 1 3 11 5 1 26 10 5 4 1 3 5 1 6 4 15 4 1 0 0 0 1 58 0 469 9 12 4 41 6 103 294 36 2 5 4 1 1 3 0 102 34 4 21 65 7 8 44 2 10 9 3 7 1 9 33 
53 15 2 1 5 3 4 0 10 40 47 0 6 2 19 0 29 2 8 11 6 0 5 4 2 0 4 1 14 6 6 175 10 3 111 2 1 3 0 172 0 1 0 6 1 1 0 3 1 5 21 1 21 4 433 0 0 4 8 0 2 0 16 1 
2 0 4 40 10 2 16 4 0 2 37 2 2 22 1 0 1 1 1 1 10 0 18 0 0 2 8 3 3 58 5 1 0 17 2 0 27 1 2 8 40 3 366 1 17 9 3 4 4 1 11 1 1 1 59 0 3 10 0 1 3 1 3 1 
3 83 380 29 8 27 0 5 11 23 12 7 6 2 1 4 5 5 1 1 9 4 150 151 6 24 5 4 2 4 1 4 0 2 2 2 10 4 5 3 14 1 14 1 1 3 5 0 3 3 76 114 17 26 7 2 0 2 0 1 1 7 6 1 
1 2 11 12 10 1 100 9 5 9 0 0 8 0 15 5 2 2 3 0 7 420 7 2 0 2 8 16 8 5 0 5 11 4 10 0 3 12 4 0 4 26 13 11 2 2 8 0 24 0 13 16 0 0 0 4726 10 2 44 0 1 0 14 5 
27 1 1 1 679 11 21 2 27 0 38 14 2 1 27 3 0 6 8 3 0 4 8 3 0 3 0 0 16 13 1 3 7 183 5 0 16 25 0 14 0 0 3 0 43 0 1 6 0 5 2 2 39 1 3 12 2 25 9 0 4 2 9 1 
4 8 6 4 0 2 5 6 7 5 27 25 13 20 2 9 0 11 4 3 2 1 2 55 25 2 1 1 1 67 4 13 1 21 2 1 213 0 1 0 17 10 0 16 3 2 0 2 6 0 3 6 18 1 3 23 0 15 8 0 12 2 2 116 
14 2 15 5 16 31 2 30 3 1 8 5 21 2 1 2 8 3 3 52 1 4 37 3 39 3 21 1 3 0 9 2 1 0 2 28 5 23 15 2 3 14 0 4 309 2 1 1 2 38 3 8 1 2 2 0 4 1 12 5 7 1 0 2 
38 45 25 0 17 0 11 20 0 4 75 211 0 4 3 2 4 1 5 3 0 12 25 23 8 1 1 6 1 0 7 3 1 1 22 4 2 6 9 187 5 2 1 11 3 2 6 214 11 1 9 8 0 26 7 1 0 1 40 10 15 3 1 7 
2 2 27 76 20 357 3 11 10 12 10 7 7 4 0 0 3 5 19 347 2 0 1 0 12 0 5 19 102 16 4 0 25 21 0 6 15 58 0 1 40 23 2 11 9 3 827 8 5 1 31 0 14 53 0 5 3 104 2 35 60 2 10 11 
1 0 0 22 0 1 4 4 6 3 5 7 7 0 0 1 13 71 4 12 7 9 126 1 17 0 2 12 39 20 24 13 1 1 14 4 2 3 278 13 4 0 8 24 7 31 8 3 1 10 6 1 7 15 24 2 1 0 1 2 0 0 2 0 
5 6 0 2 0 2 4 1 12 2 0 21 2 2 3 2 1 21 6 111 8 4 1 6 44 66 2 2 7 0 8 1 12 8 2 5 1 2 9 0 1 3 2 115 1 8 1 2 9 1 0 5 1 1 1 18 4 4 1 1 3 221 9 0 
1533 0 15 2 12 2 35 8 4 1 0 2 9 4 2 11 217 4 25 2 7 18 20 1 192 0 3 0 68 11 1 2 4 38 713 122 1 140 16 3 1462 14 1 4 58 1 208 6 7 3 19 7 187 7 1 32 2 3 0 1 45 1 11 132 
1 16 9 9 9 1 5 8 70 0 52 7 2 14 1 6 4 0 2 0 4 0 5 4 3 7 7 28 0 7 4 0 5 2 1 2 3 20 1 2 2 6 1 3 8 5 15 10 120 6 3 33 0 231 2 10 11 3 38 5 146 2 0 12 
11 10 2 3 43 2 1 14 1 3 9 37 4 75 20 27 0 4 4 0 8 8 3 10 2 2 0 8 5 3 1 1 13 0 21 1 13 82 0 2 2 5 4 6 11 8 12 1 0 12 2 1 8 12 0 2 0 3 20 54 1 0 0 5 
19 18 7 7 2 8 6 0 0 2 7 5 2 8 16 3 14 2 1 4 14 9 6 1 0 4 3 0 7 4 1 4 28 8 4 1 3 0 3 0 2 1 4 0 55 6 31 0 1 0 0 4 2 0 1 43 6 2 1 24 4 2 45 71 
2 0 3 128 31 0 6 4 8 1 0 1 1 0 999 0 5 0 4 3 9 1 569 19 1 1 6 5 7 5 8 3 9 0 0 87 9 4 0 4 3 4 0 0 0 24 2 5 7 7 1 2 3 0 32 3 1 0 5 5 2 0 2 4 
30 0 12 2 125 0 1 0 1 13 2 17 2 4 2 0 3 15 12 2 1 12 17 8 20 14 7 10 254 1 8 6 0 12 8 7 1 5 6 1 33 2 6 145 12 19 7 9 52 47 1 5 9 1 8 3 6 7 3 2 473 1 11 1 
1 3 0 3 7 2 10 35 10 36 1 7 11 51 22 4 5 8 5 0 1 1 12 6 7 4 3 24 7 22 1 0 1 1 40 7 14 37 7 4 9 43 2 6 0 1 1 18 13 0 2 7 68 166 8 2 2 0 2 2 7 2 39 3 
31 0 3 3 0 12 0 64 4 0 1 10 0 8 2 17 0 227 16 15 1 1 12 3 84 1 2 2 25 1 19 0 14 5 1 1 0 4 1 4 6 13 1 1 13 10 15 9 1 37 19 8 0 10 6 2 2 2 24 3 40 7 1 1 
1 41 17 10 1 3 0 0 6 0 18 0 11 70 3 4 55 7 7 64 13 1 7 7 32 1 0 55 2 9 22 20 2 0 10 8 11 6 0 4 54 10 2 443 1 14 2 3 31 191 15 9 13 2 8 27 8 70 2 6 5 9 11 1 
1 0 2 15 2 3 10 1 96 1 1 16 4 4 0 7 1 5 1 3 4 17 2 96 6 6 3 10 0 119 6 34 3 25 14 0 5 12 17 0 0 12 17 2 2 13 18 32 1 1 15 12 5 0 6 6 8 1 1 7 8 2 5 1 
1 1 1 1 4 0 23 8 8 3 4 8 0 8 9 2 0 1 1 13 4 10 14 6 0 0 3 1 46 6 5 1 62 14 8 0 1 5 6 21 1 0 51 5 16 2 27 34 1 2 9 0 2 256 0 3 164 70 16 0 4 3 3 0 
4 1 2 21 7 48 5 12 42 15 4 6 2 0 22 2 2 0 1 6 0 1 0 2 9 0 1 1 13 6 18 0 44 2 11 0 1 2 15 0 5 18 33 0 1 0 6 5 1 2 3 2 2 0 1 5 5 1 7 3 0 32 5 10 
2 2 17 101 0 1 3 2 62 39 15 9 2 2 0 0 18 21 15 38 0 21 0 11 0 3 13 2 15 1 5 5 0 15 2 1 11 10 7 4 3 1 0 3 38 1 16 1456 0 1 13 387 8 5 1 14 3 0 73 2 39 1 2 9 
5 4 0 10 1 2 3 1 2 1 53 1 132 0 9 2 1 74 3 0 121 31 3 1 4 0 7 70 5 15 3 12 0 1 1 0 2 1 4 31 1 0 67 1 2 22 12 3 3 2 1 3 26 36 0 0 0 8 20 70 20 0 8 6 
84 8 12 14 6 13 538 22 5 7 1 1 3 2 3 11 5 1 2 0 0 13 3 20 1 0 8 9 9 8 1 3 7 3 0 23 0 12 16 1 4 3 0 2 3 34 19 8 8 8 2 4 6 9 2 39 10 1 2 0 34 9 224 0 
0 0 0 1 1 9 4 0 3 3 64 17 5 14 13 17 2 111 32 15 1 106 1 25 10 2 0 9 1 1 3 8 6 0 14 27 7 6 1 5 13 9 4 1 19 64 1 24 5 5 9 1 65 4 2 2 6 1 15 92 0 0 24 5 
7 266 64 11 5 1 4 3 0 5 6 2 0 1 11 1 2 1 6 63 4 4 5 2 1 0 5 33 5 3 38 1 45 1 0 4 1 3 31 17 16 28 4 27 23 4 112 11 2 3 3 1 3 1 2 0 16 4 1 3 13 0 6 811 
42 21 7 0 0 1 4 5 6 2 5 2 1 21 3 6 11 2 171 235 6 1 6 0 8 1 1 0 1 0 2 233 2 3 23 2 14 16 27 8 6 118 0 1 8 15 2 15 4 37 1 0 4 5 13 0 0 7 1 0 1 1 69 15 
8 0 3 3 1 8 7 2 22 0 16 4 2 1 2 0 6 9 5 0 2 1 0 1 3 2 0 19 0 0 32 152 2 5 4 7 1 1 1 0 2 9 1 3 3 7 1 4 3 3 9 0 0 16 1 44 2 1 31 3 4 43 10 1 
247 0 26 3 0 24 18 1 3 32 0 50 20 2 11 17 1 1 1 2 12 11 4 0 3 5 64 4 0 28 1 25 1 5 0 34 31 1 16 104 2 2 2 5 20 2 13 16 1 1 26 11 4 5 5 7 0 7 0 9 19 9 1 3 
1 49 2 1 1 330 30 4 15 1 0 0 0 0 20 2 4 5 0 29 25 10 16 3 2 8 0 0 8 2 1 1 4 0 2 1 1 2 0 1 28 2 1 1 3 14 0 4 5 1 0 0 1 3 4 3 10 32 16 2 1 1 9 12 
1 11 1 19 4 0 3 8 99 0 9 1 1 6 0 0 9 17 18 1 3 2 3 3 0 11 0 213 0 3 4 0 0 1 0 13 9 0 9 0 1 1 1 4 19 7 13 26 2 2 136 2 2 10 0 16 0 0 0 4 0 1 87 7 
8 11 183 5 4 47 0 78 9 0 5 4 1 15 4 0 1 0 19 11 2 5 18 1 4 14 86 96 3 44 0 237 24 2 0 2 120 81 2 1 8 6 2 2 1 5 23 1 0 3 0 10 5 26 0 1 69 10 71 9 5 0 1 1 
4 25 0 23 266 5 3 0 4 15 2 2 5 30 0 7 1 5 1 4 5 2 0 1 3 88 3 2 270 23 1 0 1 2 1 1 2 2 1 32 0 5 3 2 0 12 1 66 31 2 6 3 31 34 1 0 4 2 2 3 4 10 4 16 
0 4 1 1 103 1 10 3 32 5 8 0 0 57 14 1 1 17 7 0 0 3 1 4 7 2 7 16 2 1 0 7 111 6 13 11 11 21 0 10 3 5 1 14 6 3 4 25 6 10 3 6 13 3 2 2 1 0 0 6 18 2 26 10 
38 6 24 2 2 17 0 10 3 16 1 13 0 2 4 19 5 9 4 6 20 6 14 3 3 0 2 0 11 0 15 7 1 2 3 3 6 4 5 6 14 7 8 1 3 1 3 17 20 13 41 15 0 8 2 6 12 0 0 25 1 8 48 27 
1 2 1 0 1 3 0 10 10 3 0 1 0 9 8 14 0 1 583 8 142 2 0 13 4 3 2 3 6 35 0 8 6 6 1 2 8 2 12 1 1 53 2 0 4 3 0 31 4 1 1 6 15 72 22 0 0 1 465 4 9 24 8 2 
2 0 6 21 0 2185 17 1 3 10 1 0 26 43 1 0 17 20 6 411 2 10 8 35 2 5 3 3 6 5 7 1 7 147 6 13 2 49 14 11 4 8 10 1 12 9 7 2 10 0 0 16 6 6 147 4 12 0 1 5 38 1 1 1 
2 13 3 5 0 8 5 2 17 1 2 0 14 28 17 6 1 2 7 11 29 10 2 0 3 1 2 24 6 11 5 0 5 11 7 1 1 0 93 33 2 25 5 2 0 7 8 2 124 2 4 20 7 0 5 4 7 0 0 0 6 21 3 2 
3 2 7 9 12 4 0 4 9 5 13 846 30 8 4 1 4 8 8 11 15 13 10 13 1 1 2 3 4 1 1 5 24 2 8 0 1 6 1 21 0 14 2 1 1 1 3 9 10 4 0 25 3 2 3 8 1 30 0 21 10 1 0 0 
2 1 2 25 1 4 1 0 2 19 1 1 95 7 19 9 3 0 3 2 7 4 0 6 0 4 1 4 44 9 12 1 2 30 2 7 3 60 3 0 3 1 29 1 0 12 11 6 3 15 7 49 18 0 1 8 4 3 18 5 2 1 1 2 
7 1 26 2 4 7 108 1 2 0 9 5 1 5 2 4 89 15 1 22 0 3 3 22 13 1 26 9 10 6 21 0 0 11 3 21 1 0 7 22 4 35 48 0 0 7 8 43 7 8 2 2 3 0 12 2 8 0 66 3 4 0 0 1 
3 29 34 13 9 6 3 66 50 32 0 3 3 3 0 3 1 62 4 9 2 55 2 46 2 0 25 3 41 6 3 0 0 3 2 4 22 3 9 1 140 2 1 20 6 46 113 47 1 1 2 3 1 33 2 1 51 0 28 1 11 0 169 0 
2 0 11 5 2 2 1 65 8 8 12 29 0 1 0 4 0 1 12 5 0 5 1 0 0 4 4 1 3 45 1 3 1 38 8 1 5 6 4 4 6 1 0 28 8 6 0 0 36 1 6 2 9 9 90 0 14 3 19 16 230 6 40 1 
3 15 14 1 11 6 27 1 35 0 7 2 2 98 1 6 10 55 1 0 3 2 11 17 3 642 10 21 4 2 1 1 27 6 4 6 0 11 4 0 49 28 9 2 0 23 11 0 24 55 1 0 4 6 111 1 7 1 0 0 2 1 1 0 
8 28 20 6 20 0 12 3 1 1 0 2 20 2 0 3 6 3 4 59 3 12 12 7 4 0 5 9 1 54 67 9 13 16 3 32 3 5 2 0 3 3 0 4 5 21 3 6 0 3 115 0 3 51 1 1 1 93 4 1 3 38 2 13 
41 3 7 3 10 3 159 1 26 29 1 16 13 8 2 27 8 28 16 17 1 42 8 4 0 5 0 53 1 3 4 3 27 0 1 3 0 6 11 1 4 2 1 1 7 1 2 11 0 2 0 9 15 5 0 7 4 0 35 63 325 4 1 0 
57 25 0 0 2 5 2 18 34 0 27 9 1 1 1 1 2 48 8 0 9 2 7 6 16 5 180 8 3 40 1 22 1 1 43 2 0 34 6 1 10 2 6 8 1 34 5 1 94 4 0 4 1 4 4 8 34 2 0 0 3 1 1 0 
6 9 3 1 3 0 0 22 0 17 2 25 2 33 4 5 1 43 0 68 12 136 2 15 1 0 0 0 3 159 11 14 0 6 0 7 2 0 325 1 41 3 3 7 69 408 8 7 5 10 2 1 0 6 26 3 1 7 4 20 0 0 28 1 
2 16 4 3 7 2 279 18 0 7 16 65 0 6 11 3 24 11 59 5 1 4 1 2 1 2 6 5 0 2 0 0 4 2 33 1 0 5 11 329 14 0 24 8 39 6 4 5 35 1 7 1 13 27 3 17 23 0 0 2 4 7 3 37 
6 4 0 7 20 3 19 0 24 0 0 1 8 7 10 0 80 2 0 41 0 6 0 9 224 2 1 5 112 1 0 11 6 11 9 25 0 4 10 21 34 0 10 1 1 1 196 24 1 194 5 1 1627 0 0 33 1 5 0 2 8 5 2 3 
14 1 2 0 3 0 30 11 0 5 0 22 39 1 1 37 42 17 7 3 2 40 14 9 7 1 0 0 11 1 15 2 5 11 21 1 1 9 4 11 5 22 10 4 2 4 1 4 0 7 1 216 0 0 12 2 2 1 1 43 5 1 12 1 
0 0 1 2 3 3 1 1 3 6 6 1 0 30 5 30 246 2 8 7 6 123 25 10 2 11 1 2 3 3 5 0 14 6 80 3 3 10 16 0 2 7 3 28 13 6 4 1 4 3 6 18 0 2 0 5 0 0 5 2 16 10 10 5 
1 38 1 53 1 0 395 2 11 0 23 2 1 23 38 4 2 0 1 43 3 0 3 30 1 0 22 9 48 1 4 6 1 0 6 18 0 9 0 7 122 2 0 11 1 2 0 9 0 0 99 2 11 24 86 57 14 4 1 5 9 0 5 149 
9 0 11 2 0 18 2 0 2 5 3 4 4 0 11 14 0 10 2 5 18 2 27 3 2 5 3 1 23 10 3 60 0 1 2 0 2 2 1 15 0 10 5 26 3 15 8 1 12 6 9 0 0 2 0 0 4 163 0 7 1 6 5 34 
4 7 0 31 5 3 10 1 1 0 0 3 5 14 21 16 0 2 2 2 4 19 178 38 0 64 4 6 12 11 2 1463 15 12 17 0 0 20 28 1 0 0 12 15 27 14 2 2 15 26 30 117 45 3 0 4 4 27 1 7 34 1 0 1 
7 0 35 4 26 8 3 1 8 9 0 27 2 17 22 1 0 1 0 1 13 12 14 2 4 15 2 10 31 4 2 0 1 0 12 24 5 0 9 20 6 2 14 0 1 3 1 7 12 0 25 10 2 1 1 25 2 2 2 0 3 4 0 9 
4 10 2 0 3 7 1 19 0 2 3 1 4 0 64 2 7 1 17 41 19 1 4 0 7 8 8 17 3 2 5 0 14 1 3 5 3 15 6 8 5 64 1 0 24 5 4 1 3 2 0 1 29 1 9 12 3 0 0 9 1 3 23 18 
1 1 33 35 1 6 12 44 0 24 66 38 6 10 2 40 1 1 3 24 4 15 5 8 1 12 2 2 11 0 2 10 25 147 1 7 43 8 2 17 3 15 0 1 26 0 29 8 0 129 3 2 32 2 0 4 2 16 1 3 40 1 9 26 
1 0 1 20 1 1 0 4 3 4 1 3 2 35 3 169 2 27 16 98 1 4 2 0 59 5 7 1 2 32 27 20 3 1 2 11 14 1 40 0 2 0 1 2 2 4 0 0 0 1 0 0 2 42 1 14 1 6 2 3 8 0 1 39 
0 4 7 17 7 5 0 0 0 6 2 25 3 89 6 292 0 24 5 0 1 2 4 15 12 9 0 7 6 6 13 6 9 5 20 6 16 6 2 0 0 9 10 1 0 3 26 1 6 10 5 1 4 2 11 145 2 1 1 5 0 16 1 9 
7 2 6 0 1 2 3 1 2 2 12 3 218 1 1 0 9 10 12 77 0 23 2 2 4 0 25 3 33 1 4 3 29 6 2 1 18 10 6 33 1 29 0 2 1 6 1 6 17 1 0 11 5 14 33 67 9 5 0 7 0 11 3 1 
1 4 1 1 8 4 5 4 1 7 29 1 16 6 6 32 4 26 0 2 0 1 2 22 13 1 0 3 1 0 0 6 7 2 1 0 1 9 89 6 7 3 0 26 6 2 9 1 0 102 8 2 3 6 2 1 0 0 1 36 2 9 0 0 
10 1 4 127 10 0 14 1 0 17 22 2 454 0 6 36 6 2 6 1 41 3 0 4 5 2 0 2 235 39 6 6 22 12 20 11 3 2 1 43 10 4 2 2 7 0 96 6 26 3 0 17 1 0 10 12 6 0 1 1 8 0 1 14 
5 26 3 27 1 6 6 1 27 0 8 0 2 3 3 0 1 2 5 7 6 5 6 20 6 1 1 72 19 4 19 0 60 14 14 11 43 3 9 21 2 1359 1 26 4 2 0 0 1 1 2 0 8 7 0 15 2 2 5 0 7 34 2 3 
3 5 7 5 17 33 3 1 5 13 0 0 4 0 2 1 228 10 6 0 1 0 1 31 0 0 0 1 0 2 0 1 3 26 4 0 9 1 6 7 3 11 4 1 1 7 7 9 22 47 11 3 8 0 5 14 1 7 1 1 4 9 1 27 
1 0 11 3 7 0 5 140 1 7 53 5 1 1 6 12 2 5 0 14 2 2 0 3 2 18 7 16 0 1 5 0 0 3 9 5 14 6 2 0 6 9 3 0 2 29 1 313 4 2 19 4 19 0 2 16 2 0 8 5 29 17 4 82 
3 5 4 4 12 9 36 2 3 7 0 2 20 8 19 16 19 2 4 33 8 2 196 0 1 4 0 2 4 0 7 0 65 5 6 4 0 0 15 2 1 19 0 8 0 12 1 6 9 45 27 205 6 1 2 0 1 3 2 4 5 117 7 0 
4 1 1 2 0 8 6 3 6 0 0 3 0 50 5 1 0 23 20 12 10 0 16 5 236 2 0 3 2 0 0 3 0 34 10 1 2 0 9 4 15 5 1 14 2 0 9 0 1 5 2 5 17 24 0 5 1 97 25 3 2 1 39 0 
0 6 14 8 4 55 6 153 1 5 12 1 14 0 8 8 2 1 0 1 1 2 6 0 1 6 34 5 34 3 0 9 8 6 0 1 2 45 0 56 2 22 2 2 10 27 1 7 0 2 0 9 4 0 29 0 0 12 1 6 12 0 6 6 
0 20 18 14 2 3 0 0 5 1 488 16 1 18 0 99 8 0 0 2 1 174 7 0 3 2 2 24 0 1 10 0 0 3 0 47 4 1 0 20 18 10 0 6 1 6 1 2 3 1 19 3 10 1 49 6 0 7 2 0 2 8 27 2 
19 3 0 9 18 0 7 1 0 11 9 0 1 20 18 42 5 0 5 21 586 3 0 5 68 31 2 21 2 20 2 5 35 3 4 12 1 224 1 2 12 36 2 0 6 0 4 2 5 2 6 0 0 0 2 7 2 4 16 0 4 3 9 2 
5 1 5 2 0 18 70 5 18 110 1 8 3 2 2 0 4 21 2 5 7 1 0 3 0 11 1 1 1 9 33 2 3 1 0 36 2 39 26 3 1 0 0 1 0 1 4 17 63 2 6 3 1 0 25 12 4 0 5 4 2 18 5 1 
1 17 0 2 2 38 4 1 2 14 5 0 7 55 1 2 1 1 33 15 7 20 1 4 19 1 2 0 48 58 0 15 3 5 7 1 0 1 0 3 57 3 1 1 4 5 4 8 1 26 15 4 1 1 1 12 0 28 3 1 5 0 2 1 
0 2 8 3 4 3 7 6 2 0 1 2 4 1 0 4 11 0 1 77 3 9 3 1 0 417 7 46 10 17 69 0 10 1 0 3 9 16 4 557 287 0 39 8 2 0 0 2 2 30 16 10 1 1 9 1 22 24 37 12 30 1 6 3 
38 9 21 2 0 1 12 6 7 10 0 7 3 2 1 14 0 1 40 3 1 0 13 2 12 37 26 1 0 9 7 29 0 23 14 1 3 8 3 6 0 37 3 3 6 41 4 3 0 2 15 1 3003 1 2 20 16 5 17 1 58 2 2 20 
1 0 20 0 0 3 2 2 0 26 13 7 1 20 1 2 4 19 11 2 61 46 4 77 1 62 25 6 3 18 8 10 5 1 1 1 236 5 1 1 15 5 75 15 64 11 0 174 1 4 1 7 22 57 4 29 0 4 94 11 1 8 0 3 
5 143 0 4 7 7 12 0 37 0 0 2 0 1 1 6 25 6 0 31 1 16 7 0 5 1 0 5 19 2 4 22 10 3 3 2 0 1 20 5 1 37 1 6 1 7 2 64 0 4 0 5 0 0 2 25 0 1 68 5 9 3 6 0 
3 18 0 7 4 0 5 55 1 1 1 5 37 30 0 2 5 9 22 4 4 3 6 0 2 4 1 7 46 7 8 4 4 5 11 1 0 38 1 1 1 3 0 3 2 1 6 279 2 3 0 1 3 5 12 0 79 3 1 1 0 4 3 23 
15 1 1 12 20 13 0 2 4 20 0 0 7 53 3 0 9 11 85 5 2 24 1 10 5 10 0 6 2 0 9 83 9 4 5 7 70 5 15 35 2 0 19 1 1 11 12 0 3 2 1 8 5 0 0 9 1 1 1 3 6 2 0 17 
2 0 10 4 12 4 2 0 5 1 8 4 15 26 2 0 1 3 1 2 8 5 1 23 198 11 2 8 6 6 35 0 41 15 10 0 0 2 1 115 0 3 6 11 2 1 2 1 2 9 3 0 2 3 6 34 3 9 8 20 9 10 0 2 
31 2 2 1 0 14 3 56 7 2 20 11 14 7 3 1 1 12 0 18 6 0 0 1 19 45 187 14 46 1 2 5 42 4 1 1 0 8 4 4 0 7 17 0 0 0 356 0 1 8 2 485 1 2 5 11 16 0 0 1 4 3 12 0 
5 7 3 1 0 1 5 1 5 11 10 1 7 1 3 0 1 7 0 16 9 0 1 20 6 5 2 431 10 3 7 2 44 7 10 0 11 4 1 39 1 0 1 10 31 5 6 2 285 6 9 3 32 7 1 6 12 12 1 1 9 1 1 1 
1 9 4 12 16 16 24 0 168 6 1 529 8 4 4 0 6 3 1 141 0 6 48 4 29 2 33 13 1 3 0 7 4 85 1 2 4 3 0 0 3 3 2 7 2 2 10 17 24 5 7 2 2 10 12 24 7 140 0 1 10 7 1 9 
3 11 35 40 2 0 0 1 2 32 11 0 4 45 10 1 6 0 13 9 1 75 1 2 39 9 4 1 0 2 0 3 25 2 29 13 28 0 10 6 10 2 203 23 14 3 0 31 27 15 6 6 1 3 11 2 3 18 2 0 5 1 234 35 
4 0 39 10 14 5 0 1 4 5 12 43 11 7 6 6 31 18 2 36 9 3 6 7 13 2 2 19 8 0 4 21 5 3 33 5 17 15 5 6 5 3 0 3 3 24 5 4 4 3 4 0 8 2 3 3 1 0 4 37 10 0 4 16 
19 6 17 11 1 0 1 15 11 3 1 6 49 1 11 1 1 10 0 10 0 7 3 1 1 3 12 0 4 22 0 31 0 9 1 0 2 10 2 4 4 9 6 0 7 6 6 6 11 0 0 20 0 1135 3 65 16 2 1 3 7 0 1 8 
6 7 3 1 8 72 14 17 15 7 29 7 8 14 4 7 1 0 14 3 9 14 250 1 5 5 8 0 5 1 6 10 17 2 4 2 4 9 19 0 143 10 4 5 1 0 1 1 3 6 1 12 12 13 5 3 4 44 4 1 12 10 3 7 
4 4 4 8 1 1 9 3 4 10 0 9 5 19 0 8 1 0 3 6 2 2 1 6 13 0 54 11 16 60 10 6 0 16 3 74 190 3 1 13 4 2 4 3 2 40 1 1 0 0 13 2 0 2 6 12 3 9 2 3 0 79 2 0 
4 2 1 77 10 17 20 9 3 1 6 3 169 17 8 13 6 5 4 2 2 14 0 25 21 7 7 17 4 1 21 0 0 61 6 1 2 224 0 7 1 4 14 0 3 3 2 0 4 6 45 5 3 6 3 6 3 0 223 149 7 4 468 7 
18 1 14 2 0 3 26 2 28 6 8 0 0 5 31 8 12 3 1 15 2 6 2 6 19 0 1 6 0 2 3 29 14 61 1 0 2 18 1 0 0 0 2 1 1 1 0 1 1 0 3 1 10 62 5 495 4 7 4 11 3 3 3 45 
7 90 0 2 3 11 3 106 3 5 1 18 5 1 1 0 2 0 6 15 1 12 1 1 12 5 2 19 8 17 9 0 0 63 2 8 1 1 0 31 1 11 1 4 12 5 4 16 10 46 7 5 9 1 0 2 19 20 2 35 25 1 1 13 
1 95 0 39 44 13 3 3 40 66 0 20 43 1 4 13 1 0 7 5 1 33 17 98 4 5 8 320 10 11 1 1 4 8 0 1 25 2 4 3 4 5 7 7 1 5 2 3 2 34 1 30 2 9 0 1 2 8 5 0 22 1 0 1 
7 0 15 19 3 15 1 6 1 22 1 24 0 48 1 0 2 12 0 42 24 8 3 138 17 0 0 1 102 0 0 0 0 69 6 4 0 4 25 1 20 2 4 3 5 1 15 1 4 1 4 63 20 1567 0 5 9 3 3 0 2 2 34 67 
0 1 1 40 35 2 14 14 104 0 0 4 3 11 10 4 0 4 7 3 3 47 3 1 27 22 5 0 1 2 4 15 0 3 6 2 6 4 1 3 0 63 10 66 3 12 8 1 23 7 4 3 10 4 0 2 2 6 5 23 7 145 2 1 
3 2 20 10 1333 3 2 3 0 195 14 2 1 9 0 7 0 7 4 6 17 1 0 20 2 6 0 43 1 9 21 1 11 0 10 5 4 1 23 3 3 2 1 9 0 4 0 9 1 4 1 9 3 1 4 8 1 1 24 0 6 7 22 0 
0 9 0 2 15 0 7 8 1 3 15 1 6 40 0 3 12 0 3 10 6 2 0 8 77 53 1 9 5 2 1 44 3 6 3 0 4 105 2 2 1 4 2 96 5 27 32 3 1 0 50 5 13 5 2 1 0 3 341 1 9 8 22 6 
95 0 0 1 0 0 13 0 78 33 83 4 8 12 3 1 6 0 0 444 6 0 15 7 6 23 13 10 5 28 0 2 11 1 16 7 6 0 11 0 20 35 0 1 25 11 0 9 1 1 35 15 11 0 15 3 7 21 2 14 8 1 39 0 
32 1 2 0 5 72 1 5 0 11 2 5 7 13 1 4 5 0 0 5 2 8 0 33 10 2 5 7 2 4 4 2 9 6 0 58 0 2 2 2 20 126 37 2 26 22 9 18 1 13 55 0 0 5 2 13 1 4 7 3 2 24 53 1 
0 0 23 5 2 2 10 7 5 0 30 5 15 11 4 13 2 34 12 49 32 1 18 7 1 0 12 5 88 2 4 4 0 9 6 0 9 2 20 2 10 0 22 10 2 0 1 4 3 4 4 2 34 1 0 1 179 7 3 1 4 9 6 1 
2 92 10 10 41 7 2 58 4 4 7 2 2 3 6 16 28 4 1 5 0 0 0 0 1 2 7 0 2 1 1 67 6 5 1 10 3 15 3 2 13 7 3 16 9 2 400 2 8 0 0 1 1 14 2 62 0 0 9 0 3 0 8 169 
16 2 1 3 2 5 5 10 1 3 1 6 0 2 18 0 0 8 3 2 7 1 190 7 4 2 5 1 0 5 41 6 12 26 1 6 13 6 5 1 0 0 19 14 16 6 8 2 13 0 1 0 1 3 22 13 8 25 0 2 18 2 0 0 
2 145 70 5 1 174 0 0 0 0 9 1 2 0 11 1 5 25 1 17 2 3 7 2 3 44 2 8 42 3 7 7 3 10 4 24 339 5 15 5 1 8 468 5 2 10 6 13 3 3 2 18 28 33 10 17 44 2 8 10 2 4 1 11 
63 0 123 1 42 1 9 8 1 69 4 8 4 0 0 4 6 1228 6 9 13 1 1 17 1 2 2 5 3 0 270 0 3 8 0 121 4 6 5 10 1 1 15 2 5 8 42 7 2 0 2 0 2 564 6 1 9 6 2 16 4 30 2 1 
1 19 23 10 8 9 7 1 8 10 26 23 3 15 0 3 1 1 12 0 2 3 3825 0 0 1 55 2 14 1 4 1 22 0 13 21 2 1 0 0 55 1 1 79 7 4 1 2 1 11 2 3 3 3 367 15 3 20 17 2 148 4 10 2553 
6 2 9 85 0 1 3 16 4 0 12 9 0 20 2 10 1 0 19 29 10 13 8 23 3 1 1 24 9 8 10 5 4 0 0 9 4 0 2 0 1 7 0 2 1 6 0 4 11 3 0 0 60 5 2 0 2 3 12 371 7 0 41 11 
1 1 20 4 4 8 9 2 2 5 5 16 1 2 4 11 3 22 0 11 1 0 34 1 5 10 10 8 1 3 3 23 2 1 13 1 3 8 88 187 2 2 5 1 2 2 32 0 1 0 3 2 5 3 5 16 1 2 2 1 0 4 2 5 
37 2 10 9 0 24 364 10 3 1 10 1 10 0 180 4 3 32 4 1 7 1 22 0 0 0 1 4 11 3 15 3 0 0 7 1 116 70 0 3 0 9 0 1 1 5 7 3 16 5 7 15 4 12 6 5 48 2 9 1 1 1 1 8 
29 27 0 9 0 0 33 2 7 5 3 20 7 2 9 1 7 11 13 1 2 3 5 7 0 22 1 1 12 5 23 51 15 3 10 8 30 20 2 14 1 90 7 1 0 16 0 3 10 1 0 3 8 1 3 0 14 1 26 1 1 2 5 0 
4 9 8 8 25 4 3 0 3 1 19 4 0 10 125 6 0 10 4 13 1 7 2 10 17 9 4 0 17 2 2 5 0 0 0 85 8 33 2 14 453 5 1 1 7 0 94 1 16 1 13 9 4 1 1 2 3 0 3 2 3 2 2 2 
15 1 3 4 0 7 31 9 9 1 1 3 3 11 89 4 130 0 19 3 0 22 3 1 1 2 1 0 2 13 2 2 0 16 15 3 0 108 10 3 7 80 0 8 1 1 12 2 15 3 32 1 0 6 34 4 0 3 1 28 13 82 0 3 
21 2 236 70 8 43 1 11 31 1 5 0 2 9 1 13 7 4 0 1 9 24 7 20 0 1 13 2 2 3 4 1 8 2 3 1 17 7 0 2 1 123 0 2 0 1 1 32 5 4 1 2 3 18 8 3 4 2 0 63 0 4 9 28 
2 217 12 67 19 1 0 8 1 3 3 3 13 4 1 1 0 4 11 0 3 7 6 2 3 8 1 4 1 0 1 1 2 31 0 3 22 3 17 1 10 13 5 7 22 0 6 6 5 1 9 2 32 3 11 3 44 45 6 1 1 17 1 2 
10 1 5 2 31 1 4 3 14 1 62 1 52 9 4 3 123 1 3 17 0 3 0 9 3 6 2 12 2 0 12 1 8 1 3 0 8 1 23 0 9 17 0 3 1 1 2 2 4 9 0 8 4 2 2 28 120 101 23 43 5 2 2 59 
0 1 2 50 12 4 8 0 11 2 4 22 230 43 6 3 33 4 29 15 0 383 1 0 9 1 4 0 3 1 46 1 0 8 6 0 6 4 3 2 1 1 12 4 18 12 0 0 8 1 2 1 4 5 4 0 6 19 2 1 3 19 88 4 
1 34 6 1 49 8 13 11 12 3 7 25 25 2 1 1 1 3 1 27 1 2 31 34 0 2 15 1 0 19 0 2 71 42 7 21 4 2 1 5 1 24 1 1 6 2 2 0 9 0 1 3 0 5 5 0 1 3 10 14 27 1 1 11 
4 7 9 65 4 369 35 6 0 290 7 5 4 2 0 21 0 0 6 7 1 4 27 16 6 3 2 3 0 39 0 2 6 26 0 0 40 17 3 1 22 0 19 12 14 4 9 0 10 3 2 1 16 1 4 2 5 3 3 19 4 2 6 1 
0 8 199 5 0 39 15 4 38 0 1 16 2 5 9 44 5 202 43 4 3 8 2 12 2 7 1 26 1 0 1 55 4 7 30 15 17 0 79 9 0 32 0 1 2 0 7 5 10 7 11 33 0 2 1 7 2 1 1 1 23 1 410 7 
13 117 2 6 6 2 3 10 14 5 6 1 20 9 1 73 0 0 15 0 0 4 7 0 129 5 5 8 20 12 7 7 3 5 18 4 1 4 0 26 4 1 8 9 25 1 17 1 3 1 35 685 13 39 0 6 10 7 3 23 36 0 0 20 
0 11 1 7 15 2 0 54 46 0 4 10 1 22 34 1 19 4 0 31 0 2 1 35 18 4 1 8 0 7 0 0 43 5 4 0 2 0 0 1 11 4 4 2 147 2 8 42 9 0 1 26 0 3 7 2 5 3 9 2 13 7 9 6 
15 4 8 0 132 7 5 12 0 3 8 2 1 6 16 17 0 5 0 6 4 37 5 55 3 0 7 1 1 4 8 3 2 14 12 1 103 31 1 1 0 2 2 2 5 4 1 3 9 4 5 0 10 1 1 10 3 27 18 60 3 25 2 5 
1 8 1 149 1 9 0 9 5 1 2 1 7 5 2 3 1 3 11 15 14 3 0 6 3 7 321 1 4 24 1 12 11 4 6 0 6 0 3 22 10 0 38 3 2 5 21 1 1 3 1 2 8 20 1 1080 2 4 1 3 11 4 1 7 
3 138 0 4 0 1 3 4 3 5 5 10 3 0 0 15 87 0 0 3 0 23 34 16 5 59 3 4 29 3 0 7 0 74 24 15 3 2 11 3 2 0 6 1 6 2 1 21 0 0 2 8 3 5 7 5 1 20 6 18 3 1 0 4 
51 2 1 4 4 1 3 1 1 6 16 53 0 2 4 0 0 6 19 20 0 1 2 39 2 8 2 9 0 5 8 7 0 0 4 3 0 8 0 34 29 0 8 2 0 2 13 11 9 9 1 1 3 0 2 1 56 2 0 2 2 1 0 38 
5 10 33 1 25 9 42 1 0 7 4 7 2 10 1 8 3 49 23 59 1 7 4 43 1 2 0 2 0 25 108 28 4 121 8 0 12 38 18 2 0 3 21 31 3 2 3 1 3 1 11 1 2 61 1 0 0 21 1 4 0 2 58 0 
16 2 8 2 1 10 0 1 2 15 52 0 46 7 8 5 3 54 1 10 6 0 0 0 1 2 3 5 2 9 2 7 6 22 15 2 15 2 1 22 5 145 13 3 4 9 9 948 11 14 0 7 0 2 0 3 1 1 31 1 10 12 2 3 
6 3 0 0 3 29 0 1 0 32 21 0 9 1 7 115 3 14 18 1 11 3 1 0 26 5 6 7 1 19 10 2 2 0 17 1 49 2 5 49 4 2 38 127 3 0 6 2 5 2 13 0 4 3 0 5 7 21 10 0 143 0 2 28 
4 20 8 5 5 72 12 10 7 1 6 5 3 13 17 15 86 4 189 15 18 8 111 1 3 2 1 0 47 5 69 16 3 4 4 0 5 9 1 6 0 3 6 8 0 2 8 12 20 7 1 1 26 1 3 10 4 1 21 2 2 0 7 16 
12 1 1 7 10 8 1 28 2 6 11 0 1 8 6 12 3 4 4 0 0 10 0 16 19 11 0 17 2 0 10 15 0 2 4 3 28 4 8 4 14 22 4 1 28 1 17 11 1 39 2 1 60 1 0 27 2 239 3 0 0 1 2 3 
9 4 51 2 2 0 17 9 2 0 4 0 0 14 2 3 84 12 115 11 4 11 2 0 0 1 14 2 826 0 0 2 0 18 1 2 8 0 13 52 0 2 0 0 4 1 5 19 3 14 0 10 1 12 118 7 0 45 0 2 9 7 10 13 
0 22 15 0 3 7 26 0 2 9 10 3 4 1 27 26 3 2 60 4 0 4 1 32 0 2 0 4 9 2 40 6 4 4 10 1 5 3 0 19 18 2 0 44 5 16 3 2 4 0 8 12 6 18 185 0 18 25 12 0 1 45 1 26 
1 2 6 49 7 1 2 17 15 0 30 4 5 1 1 6 15 4 38 2 2 0 1 5 11 3 0 0 2 8 0 1 216 7 18 25 7 4 15 7 29 23 1 7 0 3 1 32 1 2 1 5 0 6 12 3 4 7 0 206 12 4 1 4 
0 1 349 1 5 22 3 5 0 4 7 5 2 3 33 8 2 21 67 2 1 0 5 11 3 5 2 78 0 1 2 24 4 7 6 2 2 4 0 3 2 7 3 421 253 4 8 5 6 1 54 0 8 1 7 11 4 2 2 3 0 2 7 8 
0 1 10 4 1 11 21 0 9 0 3 27 107 2 1 1 1 10 0 10 0 28 1 0 6 2 4 6 1 3 0 9 0 0 3 6 1 3 0 4 11 12 14 0 0 8 7 0 1 15 1 1 9 0 18 1 2 1 7 25 0 67 17 0 
1 1 2 9 2 2 1 3 22 28 45 8 14 2 0 0 3 5 15 52 17 2 1 1 1 4 0 22 4 4 16 3 1 5 2 0 9 3 6 0 6 8 1 16 2 1 1 0 6 1 4 0 0 2 3 14 5 24 4 5 110 4 5 11 
8 1 0 3 1 7 3 0 1 0 2 0 0 37 25 8 20 1 3 2 2 9 2 3 7 6 10 43 11 0 11 0 13 13 5 1 1 4 4 8 6 3 0 8 28 4 0 5 0 30 12 1 10 37 0 34 7 1 6 3 9 1 6 10 
133 2 212 0 6 2 7 28 1 1 1 2 27 4 1 3 7 3 3 167 0 0 5 1 0 5 2 6 0 32 10 1 52 39 10 27 47 8 1 3 11 2 0 7 3 13 1 1 7 112 7 12 143 0 2 0 0 2 2 0 1 1 14 17 
4 6 3 4 8 0 1 2 202 1 0 1 0 29 0 9 2 2 3 5 0 1 26 1 0 11 1 1 12 0 2 26 2 3 1 0 1 4 1 4 3 15 0 17 11 0 11 18 27 2 2 21 1 2 2 11 20 1 0 0 6 52 59 1 
3 6 1 3 9 6 0 5 5 1 2 1 2 4 5 4 2 15 4 4 1 16 429 14 7 5 35 6 5 0 1 39 0 1 0 10 6 2 6 18 0 7 1 5 1 10 11 5 4 14 2 0 6 3 9 4 20 0 12 2 75 7 3 0 
8 8 0 1 6 98 0 1 0 5 2 5 2 2 2 4 3 4 35 121 0 9 4 4 15 1 1 53 0 0 1 4 1 2 0 20 5 767 1 1 17 3 9 0 5 15 2 2 0 7 1 4 167 239 0 18 2 16 11 9 1 20 1 0 
10 1 6 86 1 3 28 7 1 12 3 2 1 1 1 10 0 19 2 1 4 31 1 1 22 3 8 6 6 42 2 11 29 0 12 4 0 7 6 0 0 6 1 1 1 60 6 8 7 3 4 1 1 11 0 3 1 4 67 4 1 39 7 9 
64 1 18 0 1 5 0 2 46 2 15 0 7 12 11 4 1 14 4 2 8 2 44 3 5 9 2 1 1 3 6 16 9 19 0 5 3 19 4 0 15 4 2 10 5 0 1 5 0 1 5 21 2 2 127 1 6 20 0 4 14 1 21 2 
0 2 0 40 1 7 2 0 2 8 1 15 27 0 5 2 0 0 0 1 3 12 0 6 8 6 3 766 3 1 7 0 0 0 0 0 2 31 3 1 17 6 7 53 2 1 2 2 13 0 13 37 6 5 16 12 170 4 5 1 7 1 2 53 
0 10 1 2 3 15 0 5 34 3 5 4 9 6 10 3 50 6 12 0 21 1 14 0 11 1 7 0 5 4 12 5 43 2 2 5 1 87 2 3 3 1 1 22 28 3 44 19 0 1 0 7 3 43 4 7 11 2 62 1 0 2 7 0 
4 0 0 3 3 3 0 4 7 3 7 31 14 6 1 5 1 0 12 1 1 19 17 30 16 12 8 1 0 1 3 10 3 19 7 2 16 63 18 23 3 8 214 5 8 5 2 10 0 4 2 4 11 2 0 16 0 2 37 2 4 12 5 17 
0 1 24 20 2 0 2 17 95 40 1 11 37 0 10 14 5 18 3 1 1 0 7 2 1 1 9 2 15 19 2 20 8 1 3 18 2 3 65 2 7 7 3 0 1 13 3 2 51 58 0 22 0 5 4 0 0 1 2 0 6 3 17 1 
29 23 11 22 101 13 6 7 16 35 36 1 0 1 3 1 9 3 0 0 6 3 25 1 0 1 3 0 1 76 2 0 1 0 5 19 2 6 144 15 8 16 1 1 90 2 4 4 3 4 15 1 37 12 0 0 259 1 1 51 2 119 3 3 
1 12 3 9 8 6 0 1479 2 3 7 7 6 6 11 0 3 8 1 10 1 34 0 4 10 1 8 1 0 18 16 6 11 2 9 26 12 13 11 1 9 1 11 9 3 12 189 0 1 24 1 11 6 495 15 1 1 0 117 3 1 2 43 353 
2 6 8 3 3 30 18 3 6 1 4 5 1 3 1 21 6 1 31 3 9 3 2 8 1 3 8 1 11 36 0 0 2 151 12 9 1 1 3 6 1 4 2 1 0 3 10 32 0 0 25 10 2 6 3 10 12 18 4 47 7 2 1 0 
65 29 16 5 0 1 6 7 2 7 17 29 46 21 0 2 6 358 0 4 1 0 1 8 1 4 62 2 13 3 2 2 1 3 5 0 1 34 23 1 2 6 24 1 16 1 4 4 74 0 4 1 90 4 0 12 13 4 6 272 1 444 2 8 
3 2 6 2 27 3 7 2 10 1 1 14 0 12 20 17 2 14 0 26 0 9 0 3 0 0 3 8 6 69 14 8 1 7 6 10 3 1 22 64 8 4 3 2 6 1 5 9 20 0 5 1 0 2 6 9 0 2 80 7 2 1 0 37 
0 1 0 1 3 19 1 15 4 15 9 3 2 2 11 1 1 152 96 5 4 1 4 1 10 1 5 1 0 1 16 23 1 31 1 2 0 16 3 2 4 0 1 19 3 2 0 10 0 9 3 5 889 8 0 4 2 38 6 0 5 49 2 6 
4 3 35 5 0 1 2 1 1 0 83 6 9 10 3 7 88 34 1 3 115 1 0 1 1 7 2 9 10 0 8 3 0 5 1 166 8 11 0 2 0 12 183 2 10 4 2 8 1 6 10 0 42 10 4 8 0 11 1 4 5 19 11 82 
6 0 0 3 161 6 3 2 3 4 3 0 1 28 4 7 3 3 61 1 1 35 0 0 4 4 23 14 2 95 89 2 27 2 7 3 1 4 0 10 4 7 2 0 2 0 6 20 6 29 6 5 8 0 14 12 0 0 5 2 0 12 65 6 
1 3 5 14 3 2 5 2 0 3 16 2 22 67 6 2 5 0 16 38 0 5 3 0 1 11 5 0 4 2 2 25 1 11 6 1 8 5 1 1 3 17 8 1 2 3 0 21 0 2 2 6 0 0 1 9 0 1 3 5 74 16 55 29 
2 0 2 0 1 30 2 3 8 3 1 1 14 0 4 5 7 9 0 12 18 3 12 64 3 53 6 10 4 1 2 3 2 116 28 1 197 4 5 34 13 3 0 2 0 7 7 5 39 0 1 0 19 10 37 2 1 6 4 1 0 1 0 4 
5 8 23 0 6 0 3 1 1 1 10 2 1 1 0 2 9 0 1 2 14 1 1 14 137 1 34 5 7 9 0 11 1 7 1 19 6 2 10 56 1 34 50 0 14 0 1 601 8 0 1 48 12 10 2 1 7 3 0 0 2 7 6 78 
2 1 1 30 0 0 10 14 5 1 1 24 1 4 2 1 1 1 9 39 6 2 4 29 2 2 3 9 4 0 0 53 0 11 4 0 0 2 18 4 21 9 466 22 2 5 0 5 8 80 2 50 2 35 0 0 1 0 3 2 6 532 3 2 
19 4 2 0 304 5 0 2 20 6 0 7 0 1 0 20 0 17 0 4 6 9 0 1 0 2 2 4 7 115 0 5 1 3 13 5 1 4 5 23 7 0 1 5 2 0 2 2 26 8 3 3 12 96 6 0 2 1 2 7 1 69 27 0 
0 1 13 0 5 0 9 6 28 0 1 8 145 1 0 206 0 1 18 1 4 13 4 1 35 0 9 2 2 6 3 8 1 3 31 1 33 9 47 3 4 2 14 6 6 0 1 8 214 30 474 4 1 1 2 0 3 2 45 1 6 1 0 30 
4 3 6 10 0 5 9 1 0 8 26 1 1 1 1 35 0 18 1 0 16 1 29 0 10 12 2 19 0 11 5 1 54 6 6 0 12 1 4 199 3 11 20 0 0 9 4 14 5 0 18 28 3 1 89 8 4 2 2 3 3 1 27 6 
9 3 2 50 2 0 0 0 23 2 1 22 2 8 1 29 0 1 9 23 0 86 9 3 0 0 4 3 15 37 2 11 5 42 6 62 6 1 9 3 144 13 6 1 43 0 13 0 2 3 2 11 6 6 10 2 11 0 33 23 84 5 0 2 
23 64 15 5 533 4 1 0 0 7 8 13 1 0 3 2 0 0 1 4 22 1 71 0 30 18 1 3 2 9 2 0 5 15 7 2 5 20 4 10 4 1 4 5 1 9 0 10 10 15 1 3 63 18 0 7 2 150 6 0 6 17 2 82 
2 7 1 0 25 2 1 1 335 1 10 1 34 0 5 12 6 2 10 6 4 15 0 8 1 25 4 19 16 14 1 1 0 0 1 1 0 15 2 3 4 14 1 3 75 6 7 19 11 2 0 8 0 11 6 4 0 5 24 5 8 1 13 1 
3 1 4 0 20 4 1 15 0 2 7 0 2 5 6 8 3 24 3 0 0 3 3 1 3 21 6 0 23 2 27 13 3 3 2 0 22 34 24 0 8 16 1 1 5 1 3 37 0 3 0 6 4 23 4 19 0 7 4 2 5 4 9 16 
1 0 19 1 3 15 3 0 9 46 8 42 5 2 1 1 0 1 1 3 5 9 0 13 8 1 0 2 26 4 22 3 14 10 82 4 3 36 0 151 0 0 8 1 3 1 0 5 1 3 2 1 4 6 6 1 15 3 8 1 2 6 1 2 
0 46 10 0 13 3 1 1 4 4 2 14 2 5 6 9 28 1 14 33 5 12 0 7 5 0 10 1 7 7 2 0 5 3 1 13 3 0 3 5 0 1 6 2 5 19 6 4 3 2 9 4 1 37 10 9 3 2 3 1 0 0 15 4 
19 3 3 1 0 3 800 6 8 6 12 20 7 8 6 7 9 0 9 12 1 1 1 2 3 5 32 2 4 1 1 33 6 1 0 12 6 13 6 2 9 0 0 5 0 4 6 2 25 5 1 29 7 9 16 41 1 4 1 13 10 0 0 4 
12 11 15 6 15 13 3 215 15 0 22 0 4 14 0 9 10 1 4 5 19 85 1 22 1 1 24 1 17 6 1 260 0 1 9 10 9 2 10 0 0 1 6 2 1 19 1 2 7 3 1 1 3 2 4 0 8 4 49 0 6 1 1 3 
7 6 1 29 33 10 2 1 5 0 1 7 60 1 48 2 93 0 4 0 11 1 8 4 0 1 31 20 10 2 0 1 5 7 8 5 4 2 2 7 4 2 2 1 3 9 0 1 6 5 10 0 2 5 1 35 4 2 29 2 0 16 3 5 
0 1 9 42 11 10 14 40 1 5 33 0 3 2 14 17 2 2 5 2 4 6 3 2 4 1 6 1 0 49 0 2 49 0 4 2 0 17 1 5 8 9 1 0 4 2 4 2 0 10 2 36 0 76 26 2 87 1 14 10 7 13 2 6 
1567 0 1 8 14 41 5 3 1 7 22 1 4 0 7 2 0 23 6 2 0 10 3 3 0 5 43 10 47 5 2 3 3 3 1 1 3 3 9 6 4 215 2 155 9 13 0 2 6 16 13 2 150 0 7 47 4 0 10 4 9 193 7 0 
2 2 25 1 120 9 4 1 4 3 1 1 5 26 5 0 3 69 0 2 1 3 4 5 4 1 2 4 21 19 4 2 154 4 6 3 2 1 11 3 14 2 3 6 22 0 0 12 5 0 0 1 1 5 4 27 3 1 23 8 8 1 7 5 
7 19 4 17 0 8 3 0 9 15 6 13 0 5 16 7 2 0 13 18 1 7 0 0 13 3 1 6 0 3 1 0 9 0 23 2 0 1 236 1 7 0 5 0 0 5 0 3 5 15 10 1 1 0 1 1 9 3 7 5 7 1 5 1 
1 19 12 17 2 5 2 3 9 6 3 1 1 1 1 4 16 1 6 2 1 574 0 4 0 7 1 2 13 1 10 2 8 0 9 32 10 1 0 2 124 4 11 3 7 8 212 97 3 2 0 2 1 170 5 4 2 1 2 1 0 0 1 1 
1 1 3 16 4 1 10 6 3 4 6 0 0 5 1 1 3 0 1 3 4 7 4 0 1 1 0 1 9 1 6 33 8 3 0 0 20 10 1 52 3 0 2 9 2 1 3 0 4 17 6 10 1 9 43 0 56 7 10 3 206 1 2 2 
36 2 1 205 3 0 8 21 2 11 4 1 4 1 25 2 3 4 2 37 2 0 11 14 1 0 4 0 2 5 2 13 38 52 1 0 5 1 1 75 0 1 0 10 8 4 1 16 9 1 6 95 13 9 43 1 1 1 55 0 0 3 10 10 
4 6 5 17 6 21 8 11 48 50 29 31 12 1 0 3 2 29 14 0 13 6 0 0 1 1 6 1 0 0 9 4 0 35 0 9 15 1 17 0 15 5 26 0 10 2 1 5 3 1 9 9 14 2 23 2 0 1 10 1 0 2 0 10 
16 8 18 2 1 1 4 1 2 50 2 0 8 3 6 0 3 24 0 12 20 0 0 5 0 4 0 37 11 1 8 3 8 1 4 0 29 19 1 5 3 9 3 13 15 1 2 0 1 0 6 0 3 9 1 0 2 7 0 1 2 13 28 2 
3 1 6 13 9 1 0 2 0 2 30 14 1 2 0 0 0 2 1 3 2 3 10 1 2 39 4 62 3 3 1 73 7 4 0 10 0 1 5 3 0 0 3 85 6 13 0 1 11 2 0 9 1 0 16 13 2 2 186 1 7 22 5 2 
2 2 4 20 2 4 10 24 3 8 3 0 5 6 1 0 1 7 13 4 1 9 39 3 2 5 1 2 17 3 0 23 4 2 7 19 0 41 2 19 2 15 2 27 10 3 15 1 22 7 16 1 10 7 6 2 14 0 1 0 4 9 2 1 
3 2 6 0 1 2 12 10 279 2 2 11 4 1 1 4 4 0 2 0 2 0 5 21 7 56 4 2 3 2 0 1 1 5 1 2 7 10 14 0 1 355 1 1 0 2 30 6 1 2 7 7 2 0 3 13 0 143 0 0 9 30 7 0 
0 0 0 6 19 14 9 1 1 1 7 2 0 79 16 11 7 0 0 7 29 4 0 14 3 25 6 8 0 2 11 4 8 11 21 5 4 225 2 3 0 0 31 2 1 4 3 17 9 1 29 0 0 1 37 8 2 3 5 1 5 3 1 46 
1 27 9 24 0 0 112 4 23 18 9 0 2 4 19 19 4 313 8 90 284 5 1 7 1 30 8 1 6 7 3 0 0 0 3 9 1 17 2 15 0 4 10 15 1 2 0 9 0 6 1 0 2 1 216 56 24 10 21 25 0 5 1 3 
2 0 3 1 2 1 3 2 1 0 5 9 2 4 1 18 0 4 4 34 0 10 1 8 1 0 5 11 41 12 0 1 20 1 2 1 0 6 3 249 5 2 1 1 8 1 0 19 9 24 0 5 2 238 1 13 11 2 1 4 4 1 0 3 
2 6 1 1 370 7 64 13 1 0 11 16 46 10 2 3 84 10 16 3 18 12 4 0 1 15 3 1 50 3 0 8 2 15 8 7 1 2 14 10 12 0 0 36 15 8 0 1 11 6 5 2 9 4 3 1 2 1 487 9 12 5 16 2 
7 4 2 1 1 15 1 1 80 7 0 13 0 2 2 6 2 30 21 3 4 12 1 7 58 11 1 147 59 22 0 4 8 5 4 0 1 7 3 19 8 2 1 13 1 8 14 0 0 0 15 9 6 0 3 13 2 5 14 7 7 21 2 5 
3 12 1 1 5 22 5 115 8 5 11 1 2 8 30 7 1 3 15 2 5 0 0 12 2 8 2 52 2 8 7 10 4 16 2 29 181 62 7 0 0 15 8 12 2 0 59 50 6 5 2 0 6 6 9 7 3 4 27 29 3 15 4 9 
1 8 2 4 17 1 0 5 2 15 40 1 3 45 3 1 2 1 2 4 8 22 0 11 0 0 4 5 1 5 7 2 0 4 6 0 19 23 0 0 2 2 4 11 1 0 2 1 12 7 0 0 6 4 3 8 7 0 2 3 2 3 0 7 
3 1 0 43 0 1 4 0 1 472 0 5 2 5 11 3 0 9 1 3 66 18 5 61 4 1 1 2 11 15 2 0 3 11 3 70 1 1 1 7 46 2 1 0 23 6 2 0 7 3 9 9 4 4 5 3 8 2 2 3 10 0 73 9 
4 5 7 18 51 32 1 0 2 1 12 0 2 1 5 11 3 13 0 12 5 3 2 4 2 10 1 4 0 2 4 0 3 7 2 77 4 0 50 23 1 1 1 0 1 3 6 0 2 6 6 1 0 35 0 22 7 4 2 10 4 2 1 5 
2 1329 1 8 7 0 25 6 0 14 5 20 14 119 13 14 1 8 20 47 18 4 7 4 51 4 0 1 31 2 12 0 4 6 7 4 7 34 0 1 6 7 5 7 0 7 46 4 0 0 0 0 1 49 3 6 22 3 1 1 0 1 4 2 
3 3 1 3 1 1 0 7 1 12 0 1 10 3 0 38 9 16 0 3 2 1 6 3 6 7 0 5 56 5 11 8 5 5 1 1 4 2 4 12 16 1 2 1 0 0 16 5 1 0 23 13 2 0 3 48 3 0 2 1 12 71 8 4 
3 83 27 5 3 10 12 4 2 2 4 7 6 13 11 8 10 11 17 3 14 2 3 3 0 0 4 2 1 3 9 4 0 3 21 122 10 10 5 7 1 49 192 1 8 2 5 1 3 3 1 0 3 0 0 192 23 20 1 9 1 2 32 1 
0 10 8 196 14 39 3 186 13 0 209 0 0 0 1 1 12 6 7 5 1 3 3 308 1 1 15 4 3 14 0 1 2 2 0 1 15 8 0 0 2 4 3 28 15 5 2 0 4 3 9 13 133 0 14 5 0 22 5 42 1 1 0 29 
1 16 1 31 2 8 8 14 8 1 1 5 0 1 0 2 15 28 29 6 1 1 2 2 0 10 3 95 5 29 2 47 3 176 100 16 2 1 6 0 107 9 10 1 2 1 7 1 1 0 96 83 0 39 0 88 5 1 5 1 9 0 2 43 
1 19 0 33 6 1 0 1 4 2 5 0 1 82 2 0 6 119 46 2 42 9 1 0 1 22 1 1 1 6 107 15 0 6 15 0 37 9 1 55 2 14 4 2 2 2 13 0 6 1 38 0 295 13 24 5 5 2 16 19 3 6 221 8 
12 1 14 0 2 5 11 13 0 1 0 1 6 1 9 12 6 0 1 0 2 0 0 13 16 3 7 8 1 0 5 16 0 0 2 1 1 3 8 0 0 0 0 537 2 1 3 3 2 1 2 7 9 2 21 0 3 24 0 101 0 5 9 0 
35 2 0 5 0 11 9 2 20 0 0 16 2 9 8 3 2 3 0 7 1 1 0 1 0 35 2 2 0 4 0 19 5 60 5 0 13 8 8 0 2 0 2 0 1 0 5 5 2 2 5 1 439 13 109 3 5 1 21 0 5 17 1 244 
1 0 10 2 23 16 20 2 2 8 0 0 1 5 0 2 6 5 0 1 1 2 1 29 3 13 14 0 1 289 0 2 1 8 4 11 1 6 0 1 3 66 1 1 2 6 1 0 7 5 0 3 0 7 5 5 0 20 1 2 0 11 0 26 
2 5 0 12 11 19 8 0 35 10 2 2 13 5 0 63 24 3 0 3 0 2 4 13 0 1 52 3 1 2 0 22 0 0 2 3 1 25 30 21 10 1 3 1 18 4 0 3 1 0 33 0 10 30 1 17 13 8 14 4 8 3 0 6 
10 19 38 16 23 1 6 0 39 4 3 6 31 10 35 17 2 0 44 1 2 4 4 6 0 8 33 2 32 31 14 0 3 6 213 0 2 4 20 0 0 0 7 78 28 15 5 28 5 1 2 5 0 1 0 2 0 17 0 24 12 94 2 0 
13 27 0 185 0 5 19 20 1 0 3 2 0 1 2 3 0 5 1 2 3 4 1 8 1 2 7 2 1 0 0 2 0 41 1 6 2 0 2 1 6 8 20 0 2 0 11 9 14 6 19 1 2 3 44 3 5 1 258 6 17 1 6 2 
11 3 0 3 1 3 5 0 1 2 8 1 8 3 0 1 2 0 1 6 1 3 3 1 10 7 11 398 0 132 1 0 14 10 2 17 2 1 25 22 2 8 6 2 2 3 3 2 7 0 0 17 0 1 2 1 12 5 9 13 191 8 0 1 
1 6 8 3 6 9 1 16 3 1 7 0 7 0 18 1 2 7 17 359 13 1 2 74 3 0 1 1 1 0 0 14 7 1 1 0 30 3 0 2 4 0 1 1 1 6 4 1 5 9 15 0 0 0 5 24 42 13 3 31 6 23 2 4 
9 5 0 3 4 4 0 1 10 1 0 0 4 66 0 2 0 3 3 10 3 0 5 2 0 10 40 2 271 10 12 2 1 1 44 22 9 41 11 30 0 3 0 13 1 25 1 1 4 11 10 9 29 1 10 31 5 0 18 1 0 0 49 9 
2 7 6 60 0 16 8 2 0 1 5 48 1 3 0 0 5 14 34 9 2 4 0 16 0 12 400 9 8 1 30 26 12 1 31 5 8 5 19 25 12 53 15 4 14 2 3 9 39 1 1 0 0 17 2 0 0 1 3 1 2 5 3 26 
8 6 7 73 19 1 20 5 2 0 1 1 5 6 13 3 36 4 0 7 4 1 5 5 0 1 2 5 1 9 2 12 5 1 2 0 7 36 0 17 5 5 0 2 2 51 1 4 0 7 3 4 4 3 9 1 0 3 9 0 7 0 2 2 
3 0 2 5 0 1 15 0 0 0 2 0 7 1 0 4 0 2 2 10 0 27 7 11 6 17 1 1 29 6 24 12 3 14 1 0 35 4 0 1 2 8 4 7 24 8 10 1 17 15 4 35 29 14 3 0 0 0 10 3 0 3 2 1 
5 1 22 227 0 0 3 21 5 18 2 1 1 158 0 19 28 2 36 16 355 19 0 1 0 37 0 1 0 0 6 1 4 2 3 11 1 9 56 2 5 1 17 6 24 3 1 2 69 1 5 4 2 4 37 5 1 1 1 7 5 2 1 6 
2 37 4 10 7 0 4 14 5 2 0 4 19 2 1 2 3 3 9 2 3 2 7 4 8 5 28 2 17 8 11 29 0 9 3 0 4 0 12 8 3 3 13 0 0 160 96 20 129 25 2 2 3 2 9 12 1 3 3 1 2 6 21 18 
12 3 1 2 3 3 1 1 0 16 0 24 2 4 12 0 148 11 4 2 10 2 197 36 0 0 2 5 2 5 28 17 11 139 5 2 5 94 3 5 6 22 0 30 0 0 8 0 3 6 1 6 3 8 3 1 14 3 119 3 70 1 78 0 
1 9 10 0 2 12 2 6 37 11 2 1 11 3 4 13 0 12 0 3 3 17 5 2 3 0 2 6 5 10 3 3 4 36 1 5 5 1 0 12 1 4 2 0 0 4 4 17 4 2 5 2 3 5 2 3 40 8 2 3 0 7 75 3 
3 142 0 14 2 22 1 1 6 229 1 0 22 24 6 0 2 1 2 5 0 7 3 1 5 21 12 6 0 29 47 0 6 4 0 1 7 11 8 3 0 16 1 41 0 9 0 15 0 48 53 13 15 2 15 0 5 2 20 7 5 3 4 26 
20 4 2 0 19 3 3 16 21 2 0 2 2 1 29 18 3 7 6 2 0 6 5 1 1 0 1 9 28 7 0 10 17 2 11 4 3 0 0 4 6 12 0 3 0 24 2 23 31 5 32 4 0 4 115 1 7 389 70 6 1338 40 1 1 
12 4 0 2 1 10 4 5 0 2 3 2 5 14 1 3 0 599 4 0 5 7 4 19 26 114 6 2 24 4 2 12 7 20 1 83 2 1 6 0 1 5 206 7 3 11 7 5 7 8 2 6 20 20 4 2 3 4 2 2 9 1 0 95 
9 6 1 0 68 7 2 3 46 3 0 4 0 0 6 2 17 1 29 26 51 2 2 12 5 0 3 106 0 0 6 3 2 2 1 19 50 0 751 35 4 54 9 2 5 6 4 0 1 68 1 7 9 39 3 3 31 16 11 43 22 6 10 6 
6 0 2 197 6 1 941 13 34 0 13 15 13 0 2 0 9 1 1 9 1 0 22 6 2 219 13 18 3 2 1 0 1 1 1 0 47 4 2 0 0 6 6 13 0 195 76 10 436 313 6 2 7 1 4 1 0 6 45 9 1 0 5 1 
0 4 3 1 6 32 6 3 14 0 18 9 1 38 25 2 11 2 0 9 1 12 4 5 1 0 1 8 10 2 4 21 2 2 21 2 5 4 0 2 29 1 1 2 24 3 5 6 0 1 52 4 16 59 0 0 14 16 62 6 9 0 1 6 
2 9 2 26 0 2 21 2 1 0 1 9 14 0 12 2 0 10 15 11 0 4 0 1 4 0 5 7 67 3 1 46 14 1 1 4 0 0 1 1 20 2 5 2 1 173 1 1 14 2 1 0 1 0 1 2 4 11 1 1 36 3 0 23 
1 2 23 168 3 7 1 4 1 7 1 11 7 24 0 6 0 15 1 2 4 146 1 1 28 54 9 1 14 1 25 1 1 7 21 12 3 26 15 0 5 2 3 2 2 35 7 2 45 1 1 133 9 9 11 5 3 4 7 0 197 13 6 16 
1 142 21 11 2 0 6 0 2 5 1 1 5 1 4 10 0 1 0 0 2 11 11 8 1 0 0 8 7 1 0 0 20 15 32 1 0 3 7 3 28 0 123 2 0 22 13 2 23 3 33 14 0 2 1 44 7 2 0 1 19 8 3 67 
3 1 0 6 1 75 25 10 31 8 0 5 24 127 23 16 10 14 7 0 7 5 0 1 4 0 0 5 14 5 9 0 6 3 1 1 6 5 28 2 1 10 2 3 211 3 9 3 1 0 16 1 1 2 6 9 4 583 1 17 1 48 0 15 
0 8 5 10 1 3 4 0 1 4 4 4 36 3 0 2 4 1 3 6 5 12 2 1 7 5 0 28 30 4 25 19 1 10 4 0 0 1 5 2 0 0 2 4 6 0 1 37 3 0 11 7 1 81 23 9 5 6 0 43 2 9 9 33 
6 5 82 20 5 0 5 1 100 2 1 1 4 1 39 11 2 1 10 0 2 85 7 3 51 9 0 12 41 0 70 0 6 0 1 3 3 3 0 10 1 9 5 4 25 0 1 5 1 271 5 7 23 21 1 2 1 2 52 8 3 1 0 1 
4 13 1 6 1 11 0 0 1 1 3 224 26 70 30 1 0 2 17 8 3 3 14 1 21 6 4 0 2 29 6 3 68 1 2 6 1 1 3 0 2 1 247 0 0 6 16 3 9 23 0 5 1 4 9 3 3 4 23 3 2 2 2 1 
13 3 23 80 1 3 1 1 0 27 0 49 29 0 0 1 12 14 8 15 13 26 15 1 19 7 0 2 23 1 9 1 3 19 1 5 2 49 1 3 5 2 4 18 50 5 4 4 1 1 124 1 2 2 8 7 14 4 6 9 8 7 13 3 
5 0 0 1 2 2 16 15 228 6 1 3 1 1 3 2 3 0 1 6 0 224 15 1 2 0 2 3 7 171 5 2 5 10 13 13 1 5 0 14 1 15 14 25 2 11 1 9 9 69 1 11 1 26 6 4 3 2 0 2 10 4 7 5 
2 5 0 9 6 1 5 100 5 0 9 4 22 122 2 10 8 8 13 1 4 24 5 7 1 21 32 4 4 0 9 5 1 0 2 6 99 0 3 1 2 4 2 23 9 1 17 0 2 2 20 283 22 4 1 18 2 6 10 7 3 6 1 23 
46 5 89 11 0 2 3 0 91 1 3 0 1 284 0 0 1 2 4 3 2 46 2 63 3 2 9 6 5 1 4 19 1 0 5 4 7 4 3 10 17 4 8 20 0 11 9 10 0 23 2 6 10 0 4 0 12 9 6 2 1 7 9 1 
1 4 0 1 0 2 5 0 13 1 1 1 16 25 0 0 1 10 1 8 0 3 5 2 2 1 4 2 1 1 3 10 51 2 13 6 9 3 0 2 11 2 11 78 2 0 238 3 1 33 1 0 0 2 3 10 2 13 42 5 0 36 5 4 
0 5 4 5 5 4 1 3 90 1969 0 1 0 6 41 1 3 2 117 2 0 2 2 2 190 6 1 1 4 62 5 1 7 9 20 320 6 13 1 11 2 0 30 8 0 20 21 0 0 8 1 1 1 5 80 1 3 4 14 0 43 1 15 2 
12 0 1 8 5 10 5 2 40 6 0 52 6 5 7 4 3 15 14 13 54 0 11 7 30 32 0 12 1 1 6 10 1 6 21 0 0 5 9 9 1 1 19 0 0 4 1 49 2 0 3 5 8 1 31 6 48 2 0 39 4 1 1 12 
0 12 0 23 1 0 14 45 2 4 22 12 17 0 3 16 9 6 2 2 6 5 13 225 2 6 8 2 4 70 2 0 1 4 2 1 0 9 0 16 18 11 9 5 1 7 0 3 3 65 19 1 0 3 1 0 6 5 9 0 29 0 2 9 
7 1 192 0 6 2 0 7 0 0 31 16 4 1 5 0 22 8 7 0 7 0 2 20 1 0 4 14 5 12 0 12 1 3 17 0 34 305 2 57 9 0 0 2 25 10 5 2 1 7 5 7 7 2 1 3 1 13 4 1 3 4 3 2 
0 0 3 27 21 10 6 1 1 3 14 0 51 25 112 0 7 0 11 0 17 1 2 3 0 15 0 14 4 6 3 2 11 3 1 5 0 13 0 8 5 2 1 20 21 1 1 0 0 8 1 10 51 1 18 0 5 8 12 1 5 15 42 0 
5 8 12 0 4 3 0 4 13 1 1 0 0 0 19 1 4 21 1 15 0 4 32 1 6 1 1 5 8 0 101 7 0 4 19 34 19 39 4 6 5 0 10 0 1 373 10 6 21 5 1 794 0 1 12 1 1 5 7 5 2 0 14 3 
2 0 6 4 8 1 11 2 3 1 21 15 15 6 34 0 2 24 23 1 11 1 0 9 9 10 16 2 9 5 2 0 28 0 67 95 0 2 12 2 4 0 1 2 2 1 3 2 5 9 6 11 6 7 8 5 2 8 1 13 0 6 49 4 
5 11 1 4 28 5 25 41 5 4 23 11 5 5 4 9 0 0 1 0 8 19 13 3 15 36 22 113 20 5 0 1 11 7 1 29 9 0 0 3 15 23 0 6 0 0 0 0 44 15 5 3 0 1 9 24 1 3 1 2 3 1 5 17 
6 18 18 21 1 0 25 4 0 1 3 23 239 2 1 0 1 1 209 0 0 1 3 0 0 1 1 4 1 2 7 2 14 30 4 7 3 9 8 1 11 12 0 12 1 5 4 515 2 21 1 1 6 1 2 1 0 9 20 0 10 1 3 1 
1 0 1 1 0 1 0 6 8 2 1 1 11 2 0 8 2 5 0 0 1 0 0 2 9 117 26 10 0 0 4 11 14 18 0 6 0 2 8 345 0 12 7 2 456 3 3 9 1 3 9 28 0 38 1 6 9 40 4 11 6 2 1 4 
1 0 10 1 5 3 1 12 15 30 3 142 14 1 1 83 8 2 17 20 2 1 3 2 12 241 0 31 0 8 216 12 3 4 6 5 1 2 5 2 7 9 31 1 1 54 7 3 3 0 1 0 2 1 2 55 581 0 10 6 5 7 76 0 
17 4 2 1 0 5 6 1 9 1 46 1 24 10 11 18 16 2 2 2 5 2 0 5 0 8 5 0 0 236 2 35 1 10 24 0 4 81 118 1 1 24 33 2 4 0 14 7 10 3 1 0 10 2 6 0 5 5 10 180 2 21 21 12 
7 2 35 1 0 70 21 32 2 31 10 2 0 1 7 27 2 3 4 1 18 0 24 7 1 1 2 2 11 6 3 1 1 4 1 1 9 20 0 0 15 2 7 1 0 1 0 0 2 5 10 2 58 31 8 0 6 4 23 44 7 13 10 13 
3 0 5 2 1 3 32 14 2 8 6 0 9 6 13 2 1 7 2 20 2 6 44 7 0 172 9 5 11 3 6 2 1 10 2 6 11 2 5 2 1 0 44 27 1 25 657 6 13 2 0 15 38 2 8 4 1 88 2 11 38 47 3 6 
2 3 0 21 0 15 1 1 0 0 13 9 5 1 2 2 13 7 12 1 1 4 36 0 0 1 11 21 4 41 2 1 1 12 25 1 17 3 12 6 14 1 1 241 1 0 6 1 26 9 0 6 3 2 14 37 2 17 0 2 4 4 13 5 
5 0 5 13 2 24 1 0 3 0 18 306 8 5 5 9 8 4 314 34 2 0 7 1 35 3 1 71 25 4 10 0 40 5 1 7 1 0 49 20 1 9 0 31 3 2 6 2 58 9 5 0 8 8 0 6 6 16 10 8 3 2 5 1 
1 1 6 0 0 5 4 24 3 17 4 1 3 8 24 7 3 1 24 32 23 0 4 1 18 9 3 2 3 19 258 4 20 2 3 1 4 4 1 4 4 4 19 0 2 2 1 0 2 8 39 2 202 0 120 10 0 1 5 11 0 5 9 1 
471 28 103 1 0 26 0 10 12 13 8 2 22 1 1 0 0 21 2 41 0 18 1 12 3 3 9 2 8 5 1 4 5 24 13 2 3 0 74 0 2 5 1 4 169 2 15 2 0 18 2 34 16 66 40 2 0 6 3 0 6 1 0 1 
0 1 1 87 0 0 36 11 65 3 7 4 70 21 0 27 18 1 2 9 30 0 1 27 5 4 4 5 3 3 0 6 248 0 4 4 279 1 1 3 1 16 2 19 21 2 2 2 6 0 0 3 71 12 10 14 2 0 0 15 102 1 6 1 
2 1995 24 2 1 12 3 0 18 1 1 4 2 6 3 2 13 24 2 5 15 0 2 8 2 3 2 0 28 17 0 6 2 4 3 26 53 10 1 11 9 6 0 0 19 5 0 2 1 2 7 197 88 8 1 4 28 0 9 3 50 2 52 16 
12 0 1 6 2 2 176 37 0 19 12 0 18 2 33 142 27 10 2 23 1 2 52 8 51 15 3 1 1 0 42 2 6 0 1 206 9 0 0 1 4 99 0 73 1 2 4 3 11 6 8 0 33 0 27 0 1 48 3 1 3 2 1 0 
7 6 1 5 2 0 3 3 0 0 0 0 0 541 145 0 12 2 17 13 3 0 1 3 1 10 6 16 0 4 2 3 6 18 47 4 0 9 0 20 7 1 9 4 1 1 3 5 31 1 7 11 16 1 23 65 32 5 0 167 0 21 16 10 
123 2 0 2 2 0 15 22 1 8 5 1 13 1 0 2 1 5 0 1 157 0 35 0 4 1 1 10 2 2 12 1 23 8 1 4 13 16 10 0 9 76 200 17 0 44 1 0 20 2 2 5 0 3 51 5 15 36 0 1 18 1 23 6 
0 10 1 1 7 1 18 4 14 15 0 2 40 1 2 28 24 0 1 9 1 6 1 2 182 150 1 18 4 8 0 0 3 37 4 0 0 1 2 2 12 0 2 6 7 10 8 0 3 2 37 26 5 224 1 7 144 3 8 1 43 4 7 1 
1 1 1 0 0 23 1 118 0 1 7 3 0 75 12 0 42 7 8 4 3 14 36 9 6 1 11 1 17 6 21 0 3 18 2 6 0 3 17 42 9 11 4 1 0 41 18 0 2 2 30 1 11 0 0 10 13 6 47 14 1 1 0 2 
4 2 4 26 1 4 4 12 3 2 0 3 20 1 0 27 0 0 34 50 1 849 3 219 22 7 1 1 6 1 1 4 36 61 15 8 9 0 2 8 6 0 0 47 0 3 0 4 0 0 0 61 1 1 28 0 3 4 20 11 10 8 2 1 
18 30 2 2 13 149 23 9 0 1 27 1 4 0 1 0 18 5 3 32 0 8 2 1 0 0 14 5 8 12 1 15 2 0 3 7 9 2 4 0 7 5 15 4 0 2 13 0 1 30 8 3 19 4 3 7 7 1 35 28 33 128 3 6 
7 45 1 19 2 2 16 5 2 10 1 7 10 19 36 749 0 7 27 4 0 0 3 8 7 9 30 0 1 2 0 0 2 3 0 3 2 1 5 7 0 7 6 1 6 3 0 1 2 4 26 12 1 1 0 1 2 0 25 2 0 12 6 1 
6 4 7 23 11 0 1 1 1 1 0 0 0 3 0 1 1 0 10 0 94 1 3 1 6 5 1 0 1 4 21 2 2 4 5 37 18 3 37 10 2 3 10 0 3 1 9 1 3 37 8 62 4 1 2 8 2 7 36 3 9 1 8 0 
0 15 3 10 16 10 1 9 0 13 7 0 21 4 7 10 5 26 0 20 9 10 1 7 11 0 4 2 61 29 1 9 29 3 1 3 0 13 7 1 1 13 1 9 11 5 2 20 6 0 29 1 1 6 2 14 8 3 7 0 2 2 2 46 
1 2 2 3 43 0 5 4 10 1 7 6 17 22 2 3 0 11 23 5 2 4 0 4 29 27 0 23 4 2 19 3 18 3 3 2 1 199 5 0 6 0 32 0 0 0 2 2 15 3 2 4 1 0 13 5 1 3 17 4 3 8 0 1 
4 24 4 2 1 1 2 12 1 16 9 1 3 2 2 2 3 1 0 51 0 2 1 11 1 1 19 0 7 71 20 40 0 5 0 2 1 11 53 45 15 0 0 4 107 5 3 6 13 3 1 0 39 134 1 2 1 171 10 0 9 0 1589 4 
6 1 0 18 169 4 1 8 0 8 1 3 0 1 3 1 8 13 0 9 13 36 0 1 2 3 8 7 3 1 8 1 0 21 60 0 3 1 0 11 1 5 23 4 2 0 14 1 6 0 3 30 6 2 1 9 15 0 21 6 23 0 10 2 
0 8 57 21 2 25 35 1 0 6 2 8 52 6 7 1 3 24 26 49 1 1 6 1 1 9 4 10 89 1 1 2 2 18 30 16 1 1 5 1 4 8 14 0 2 15 8 4 17 3 472 0 1 10 2 12 19 5 3 18 2 0 5 13 
0 0 0 4 4 1 2 4 1 8 0 1 36 26 11 6 1 21 0 0 5 246 7 1 2 8 6 5 2 16 1 9 6 10 2 26 3 0 1 11 3 0 2 1 73 14 9 2 2 5 0 3 6 3 10 4 7 2 1 1 11 0 6 4 
10 6 3 2 0 0 2 85 4 1 0 10 8 0 11 9 13 3 11 60 5 95 5 27 4 1 1 0 2 3 6 2 0 0 2 1 2 7 0 15 0 6 5 8 9 1 4 2 0 3 1 0 0 0 9 1 0 1 2 25 4 9 5 35 
8 9 1 0 5 1 0 9 2 13 13 21 1 13 0 0 464 29 1 37 1 1 20 0 2 0 2 0 8 12 14 8 4 1 1 2 4 8 2 51 2 0 2 0 5 9 111 1 4 11 7 5 0 3 5 19 25 1 4 8 196 6 42 58 
8 2 3 34 17 3 1 2 5 5 12 1 1 15 1 60 4 11 5 8 21 203 3 2 2 20 6 1 1 1 2 6 9 3 1 1 1 4 1 4 11 1 12 2 6 9 3 0 11 29 10 0 12 1 2 138 8 5 16 0 2 33 16 2 
1 2 1 17 6 3 23 2 6 1 62 1 6 0 1 2 7 1 2 43 56 240 16 2 3 3 4 12 11 25 29 1 15 55 7 0 1 24 0 2 5 14 6 17 1 2 2 6 2 4 10 12 61 2 3 0 4 49 7 7 30 1 1 6 
1 14 1 12 2 6 2 8 10 2 67 2 0 3 6 12 1 52 6 6 3 7 2 22 4 44 1 1 1 0 478 36 16 9 2 1 8 1 1 1 4 6 5 10 2 0 0 3 0 6 0 0 25 7 0 0 1 17 0 4 19 4 59 11 
2 12 19 1 6 133 4 9 2 4 2 0 0 10 0 3 6 0 0 13 1 42 0 16 0 5 2 105 4 6 0 3 10 0 14 17 0 1 0 0 6 0 2 11 1 1 3 8 1 50 3 8 10 2 3 2 11 0 1 2 4 7 2 4 
3 0 1 1 4 1 9 1 26 3 0 2 92 10 13 22 3 13 10 66 114 23 4 3 2 1 1 7 1 9 3 8 5 10 19 2 2 1 2 5 0 0 0 8 18 80 7 30 5 9 37 78 2 4 598 1 74 4 0 0 14 3 67 1 
3 0 23 72 0 6 99 32 1 29 7 7 2 1 2 27 9 1 26 2 5 7 22 0 3 6 12 7 1 4 15 0 0 1080 3 1 8 3 2 3 12 1 7 1 2 1 1 9 1 17 0 2 5 12 100 0 0 4 1 5 7 2 16 7 
2 0 479 22 11 5 1 18 9 19 58 3 342 2 9 1 6 12 5 0 1 1 21 7 48 0 5 1 2 1 3 327 1 10 3 1 602 37 0 2 3 3 0 67 1 4 26 1 1 1 2 19 30 2 8 7 9 1 0 18 6 18 7 645 
3 4 1 13 3 13 28 0 13 1 142 1 5 0 5 26 1 2 2 10 1 0 1 0 1 2 1 11 0 14 1 2 21 0 5 2 1 14 5 35 208 45 3 18 9 31 17 23 4 3 1 7 8 0 5 5158 39 1 1 2 2 26 1 7 
4 27 25 29 0 127 30 15 0 4 11 84 0 2 12 1 0 0 0 3 11 1 2 7 14 124 12 2 5 1 1 1 2 113 1 0 9 2 2 6 6 1 20 2 13 1 19 1 5 0 15 0 13 2 3 4 0 10 30 8 5 6 4 5 
26 0 0 1 1 2 3 1 9 19 2 291 10 5 1 0 1 78 1 1 87 2 54 10 0 3 1 6 9 17 54 1 13 2 4 4 0 19 6 7 15 1 1 22 6 0 7 10 1 3 1 87 0 9 14 0 0 1 3 1 11 1 5 6 
2 2 1 3 8 2 8 27 2246 99 3 47 25 2 4 1 12 22 26 3 0 5 6 6 9 5 4 0 2 2 11 2 55 0 0 94 40 12 0 11 10 0 20 2 2 16 1 1 0 1 38 2 4 17 4 30 24 1 10 216 1 9 3 1 
8 8 2 0 2 0 1 6 0 0 17 0 0 8 2 0 1 0 3 7 10 3 5 0 1 0 3 1 0 1 18 24 21 7 33 22 6 2 16 2 1 2 1 10 1 14 0 6 58 7 6 78 0 13 117 9 1 4 5 2 18 0 25 6 
11 16 2 8 2 5 20 0 2 13 5 5 4 4 1 4 6 8 3 31 1 6 7 2 0 9 23 12 7 0 5 4 6 5 10 11 14 1 5 5 0 155 12 9 28 1 9 8 6 137 17 11 1 2 19 118 1 3 1 0 19 1 2 21 
0 86 340 43 2 0 4 1 1 1 30 6 7 1 368 5 401 12 1 0 0 3 3 16 5 9 5 7 7 6 3 13 5 49 3 1 3 301 17 2 11 6 2 69 39 0 5 1 4 2 6 1 10 11 1 0 0 35 0 1 1 0 40 9 
2 1 3 0 10 9 0 15 1 91 0 130 3 0 1 25 0 51 164 0 9 4 3 3 2 2 10 1 2 11 18 3 2 2 0 1 21 0 3 0 24 4 2 3 0 0 1 4 37 0 3 2 1 8 15 0 4 1 4 2 89 1 17 1 
4 5 4 4 1130 0 0 4 0 0 3 14 5 3 1 17 1 12 1 8 1 5 1 6 10 9 7 5 2 3 28 32 8 3 24 10 0 1 0 7 1 1 1 3 2 2 2 1 3 11 1 11 1 20 13 28 0 17 2 49 0 1 3 2 
1 1 1 2 21 1 4 97 7 0 2 9 1 1 3 41 4 10 6 1 34 0 0 6 36 6 1 10 1 3 1 7 0 5 1 12 1 1 3 7 1 5 11 0 6 1 21 11 36 45 467 22 0 0 8 1 3 6 0 2 507 1 214 6 
26 7 7 39 3 0 5 5 8 1 35 5 9 5 7 2 0 63 23 1 2 5 11 3 0 0 2 5 8 1 31 22 3 1 5 0 2 4 0 102 2 1 5 10 2 121 4 3 2 53 2 10 2 7 9 23 5 0 5 7 0 0 5 45 
12 1 10 0 1 104 3 0 17 22 2 1 21 2 8 8 9 20 7 2 0 13 3 2 1 2 42 4 5 7 28 1 1 0 0 2 68 4 8 7 32 15 1 6 5 22 8 0 24 8 641 14 5 2 3 1 14 0 2 21 7 0 0 8 
16 2 4 53 21 3 5 10 0 5 2 12 1 2 6 7 2 8 2 11 18 1 3 0 1 19 59 11 9 5 4 87 2 20 1 2 4 1 0 1 1 13 0 5 79 3 0 31 20 103 24 3 25 9 29 1 0 2 0 74 16 6 0 735 
14 0 1 4 3 8 2 2 3 10 5 67 8 4 5 35 21 18 2 1 10 0 44 4 8 2 0 69 2 4 0 2 3 3 18 3 9 0 10 0 2 2 0 1 122 11 13 19 0 5 2 5 31 5 1 2 2 10 3 4 9 0 1 7 
3 5 5 84 2 4 32 6 23 4 1 2 1 6 2 2 5 4 287 7 10 0 1 14 4 2 5 14 12 12 1 14 3 7 43 0 6 0 1 4 5 4 4 2 3 1 7 59 0 3 12 0 0 1 0 0 1 16 32 0 1 0 0 9 
13 4 10 31 0 5 11 5 1 94 1 4 3 55 7 0 347 49 9 2 9 122 11 2 7 0 0 0 7 24 6 22 30 2 8 13 6 5 4 1 25 14 3 0 47 22 1 7 7 0 1 1 4 1 1 1 1 1 0 2 14 25 0 4 
5 2 5 35 13 0 52 4 1 16 1 6 0 6 9 0 3 0 3 0 0 36 4 15 6 1 5 23 0 290 2 2 2 15 15 4 0 5 4 13 1 0 5 21 16 9 1 1 10 6 2 24 12 13 105 3 1 0 6 1 404 1 1 24 
17 3 2 2 4 34 54 0 16 0 10 5 3 1 6 0 32 36 1 16 67 4 71 7 1 2 1 0 4 11 2 3 17 15 8 0 7 5 11 1 1 1 6 73 5 4 1 7 1 11 1 4 0 14 2 1 0 0 36 9 8 12 3 0 
2 0 0 5 3 12 7 12 2 3 8 16 0 0 38 2996 1 11 9 25 1 1 1 1 4 13 74 0 0 5 0 2 29 0 9 1 31 0 4 0 24 3 1 23 0 7 7 0 7 8 87 6 3 1 8 4 22 1 1 1 7 4 1 1 
26 0 9 0 0 1 38 38 0 32 14 3 6 6 7 12 2 6 2 1 1 2 2 10 18 2 3 4 1 0 11 1 4 7 38 3 5 1 39 3 1 2 1 31 8 29 3 4 0 0 25 13 0 2 0 2 4 15 0 13 1 0 2 4 
3 5 38 6 1 1 0 44 0 10 7 0 0 2 6 5 33 1 3 2 0 7 11 12 4 24 23 1 1 137 2 21 6 11 3 3 0 4 6 1 5 6 2 0 0 100 4 0 8 0 0 8 8 3 3 3 4 39 90 5 14 24 0 13 
4 2 6 1 15 7 1 0 4 2 6 24 51 14 3 5 0 0 6 6 2 4 1 2 175 0 35 14 28 15 2 27 1 0 44 53 3 35 10 3 2 9 0 12 10 0 8 2 11 1 6 1 35 6 19 13 2 21 0 1 1 0 0 3 
16 49 3 2 20 46 256 69 27 3 2 1 17 13 0 6 1 9 10 116 0 8 14 2 15 15 9 30 5 0 2 7 1 1 21 12 1 9 5 9 2 6 4 0 1 24 2 0 0 7 3 3 220 4 10 4 20 23 0 66 7 2 0 5 
1 0 2 2 5 0 34 1 9 0 1 134 12 0 1 10 1 2 0 1 6 0 3 15 4 4 2 6 25 1 22 12 1 1 7 1 12 1 3 8 2 1 3 5 0 7 2 34 6 3 1 3 112 2 1 2 1 2 0 1 1 11 7 28 
7 2 0 6 3 22 19 0 5 31 59 28 5 1 22 223 4 28 3 17 1 13 12 30 5 0 0 241 32 15 2 0 4 77 0 35 3 2 1 0 61 5 1 18 1 9 12 3 9 35 10 9 9 1 3 0 20 8 0 9 9 1 13 4 
4 15 8 2 1 14 0 2 1 0 5 27 5 5 54 20 0 0 240 5 7 1 3 0 2 5 0 0 4 153 0 4 6 3 9 7 4 2 6 0 7 1 4 0 5 0 0 9 3 1 0 0 7 10 1 1 3 0 10 34 11 8 1 25 
2 4 2 3 5 0 19 2 1 5 1 0 13 1 4 4 3 1 26 0 45 1 4 2 2 1 0 0 1 2 33 7 36 1 3 53 0 1 205 9 2 1 2 0 8 1 6 0 0 4 9 7 22 22 0 2 1 0 1 7 3 57 1 1 
8 2 7 5 23 21 8 0 11 42 1 214 4 40 4 0 9 1 3 3 0 15 1 34 1 5 11 10 21 0 0 8 2 2 5 1 0 1 6 3 1 2 5 3 0 7 4 8 15 0 2 1 2 13 12 2 8 6 9 9 67 6 3 9 
5 1 8 6 0 6 0 4 53 4 2 23 1 2 2 8 1 2 0 58 11 13 3 2 0 4 42 4 2 8 5 0 108 5 190 3 1 0 4 12 0 1 2 1 6 195 2 1 0 0 1 15 6 6 14 0 7 0 1 2 25 1 4 6 
14 2 1 1 7 8 1 2 1 0 6 1 1 3 4 4 9 35 108 0 7 1 56 8 0 1 0 10 1 41 10 32 0 7 5 25 0 1 43 10 98 9 33 38 0 19 3 48 11 1 1 5 0 3 31 17 0 0 2 8 0 18 1 1 
0 2 17 3 24 1 3 80 18 9 0 29 20 2 0 1 45 4 1 0 20 9 36 22 6 6 3 10 78 1 23 1 4 5 5 2 1 0 2 3 0 5 2 2 3 24 3 4 0 0 3 15 16 1 6 5 1 0 1 66 7 4 4 0 
17 9 1 11 2 8 9 6 15 1 10 6 0 3 2 0 7 40 6 2 1 0 12 31 22 0 3 68 15 1 2 110 35 0 7 0 3 7 4 10 4 0 1 19 11 1 2 6 6 3 2 6 1 3 5 0 12 9 230 0 12 3 4 6 
2 0 11 62 0 3 10 0 4 12 30 9 2 0 3 12 1 44 8 2 2 3 3 11 1 2 8 9 15 26 3 0 0 0 2 1 0 0 12 0 1 27 1 3 1 156 3 2 6 11 16 7 88 3 2 1 0 7 29 20 8 6 3 220 
0 1 6 1 0 80 5 1 2 4 5 0 16 27 6 53 0 13 6 5 8 12 7 0 13 1 4 0 43 6 1 2 8 0 28 0 4 31 3 2 5 0 0 4 424 0 4 11 0 4 1 1 9 2 2 0 4 2 102 67 1 11 5 1 
11 186 2 1 10 1 6 2 2 0 5 1 0 1 23 1 0 1 9 3 5 25 15 5 35 4 4 1002 1 14 8 0 10 23 4 2 0 2 2 3 2 13 3 1 9 3 5 1 1 0 9 1 25 1 1 77 29 25 27 27 5 285 2 5 
1 0 18 34 0 6 5 2 10 7 74 4 9 3 29 1 2 1 2 31 5 242 0 4 0 4 19 1 181 1 11 6 1 2 1 2 42 21 6 1 75 0 0 7 2 4 50 1 0 30 11 6 60 1 5 73 18 3 4 2 53 1 0 20 
1 8 1 8 1 0 9 0 2 2 6 2 5 9 4 10 4 1 11 7 1 1 3 3 7 10 2 1 27 15 5 16 1 3 10 3 5 0 1 45 8 8 8 3 10 7 2 7 17 15 72 2 14 1 1 5 0 13 18 0 33 9 1 11 
2 3 2 0 4 3 11 3 34 4 1 2 1 1 0 48 4 6 6 2 7 5 3 8 0 12 0 1 6 0 8 1 11 1 0 0 5 2 14 0 2 8 2 14 13 2 7 14 5 0 1 1 1 23 13 9 0 15 0 0 0 3 1 1 
8 3 9 9 0 10 22 2 1 1 4 8 1 78 78 4 13 8 3 0 3 4 4 3 100 5 0 3 1 34 3 1 7 20 2 8 13 15 0 2 5 2 15 1 1 1 4 8 2 0 15 6 0 0 1 2 0 13 2 0 32 1 1 1 
42 3 1 2 1 0 1 10 10 2 78 1 552 17 13 2 6 11 7 0 24 0 8 3 3 5 2 5 25 30 2 2 28 1 6 1 2 1 18 4 0 3 3 25 1 9 4 18 5 0 0 0 3 2 2 2 58 8 5 0 76 0 25 6 
4 1 0 0 49 3 20 14 9 12 0 6 0 17 7 2 2 1 24 0 1 0 4 3 1 2 1 0 1 6 5 14 0 5 8 108 9 3 7 4 3 0 46 1 13 21 1 3 1 3 2 1 1 1 0 11 8 1 1 5 46 5 0 0 
4 7 15 2 15 3 1 38 0 2 7 6 15 4 2 11 0 7 12 5 0 3 0 24 1 0 12 9 7 2 7 9 6 2 1 1 1 1 6 1 2 89 0 33 6 13 3 0 17 1 2 19 1 11 9 1 27 1 1 50 3 31 2 7 
6 50 1 0 9 1 12 4 1476 90 6 1 3 4 3 81 5 3 29 4 1 139 0 9 7 41 42 19 6 5 1 12 15 5 21 8 10 2 6 2 4 64 5 1 4 8 37 6 12 2 10 1120 3 0 2 31 8 30 32 30 3 1 7 3 
15 13 3 7 20 14 24 1 4 7 52 16 1 3 2 15 9 12 0 3 11 4 1 6 18 0 3 46 1 4 5 3 9 4 2 17 5 4 2 1 0 8 1 1 2 150 75 1 15 0 63 4 1 7 1 33 1 2 7 11 2 9 11 14 
1468 0 8 0 40 4 12 4 1 68 1 51 3 1 163 4 1 2 3 4 4 132 42 21 0 13 86 15 2 36 16 0 0 2 8 9 5 7 2 0 5 4 8 6 8 20 0 10 15 5 1 121 5 119 1 4 2 0 2 1 42 0 4 1 
0 3 1 10 81 8 85 0 7 27 3 1 1 34 1 1 4 7 63 25 0 9 19 0 9 10 4 68 17 5 5 0 21 95 0 7 2 4 0 37 1 2 1 8 18 7 0 27 2 3 4 0 2 199 1 7 32 0 1 18 2 7 1 6 
52 28 107 27 0 0 5 0 1 57 24 0 1 4 28 9 3 2 0 3 5 1 1 8 1 8 0 7 0 2 13 9 6 4 13 8 0 1 17 449 65 13 0 7 2 2 42 14 1 7 1 5 1 3 19 11 0 220 1 11 20 0 13 34 
4 5 5 2 1640 0 5 1 1 36 0 3 65 1 1 0 1 29 7 3 23 4 0 0 0 14 1 10 3 15 1 3 5 3 3 6 7 3 141 1 10 7 1 6 1 19 11 22 37 0 0 3 15 32 0 17 2 1 12 10 3 1 5 0 
1 44 2 2 4 2 1 5 2 31 7 10 5 31 1 4 1 91 1 1 66 0 53 7 8 7 8 3 4 1 1 1 4 3 0 3 2 6 4 4 11 11 5 42 0 1 12 0 0 21 4 15 2 2 11 8 959 2 3 2 0 4 1 1 
2 3 5 5 3 9 1 4 1 7 107 32 4 6 0 0 2 9 22 262 825 9 0 17 1 6 0 4 13 9 7 3 2 7 0 2 18 3 5 3 0 1 3 7 1 4 5 54 0 10 6 4 137 6 3 8 1 5 0 2 22 2 3 0 
5 0 6 1 1 6 1 5 11 58 0 1 5 3 0 0 6 4 0 29 14 17 2 1 3 2 120 3 0 7 11 0 1 2 19 0 3 1 9 33 6 7 0 0 0 2 1 0 5 31 1 101 1 1 0 5 357 1 1 3 2 2 18 16 
7 1 7 7 3 9 3 10 9 0 1 6 9 2 15 1 2 3 5 8 1 1 36 32 6 2 1 0 1 1 20 0 12 16 9 1 0 2 27 13 0 3 3 7 8 15 1 6 215 3 23 1 2 0 0 11 0 4 9 6 2 128 3 3 
0 15 4 0 1 3 1 6 3 4 1 0 8 3 0 0 0 24 16 0 6 9 5 3 1 145 11 53 36 1 33 0 1 2 1 5 5 0 3 1 1 10 14 2 1 562 9 1 1 1 15 185 1 1 13 8 2 9 7 1 9 1 0 5 
2 13 0 12 1 1 13 10 1 0 9 0 8 2 612 0 46 10 3 27 21 0 0 5 12 9 3 4 15 28 0 2 31 3 56 7 3 10 14 0 4 0 8 16 0 9 14 0 7 0 10 3 4 6 2 8 15 10 18 1 7 0 52 8 
4 9 10 4 2 14 10 1 19 2 4 1 21 9 2 1 2 29 1 5 7 0 4 1 0 0 13 0 29 1 5 6 6 1 18 4 7 2 5 3 1 3 1 11 1 0 2 0 10 10 1 1 8 0 6 9 30 38 1 5 10 1 4 12 
0 0 1 7 2 9 6 16 2 1 0 1 12 23 3 1 1 7 45 6 3 2 3 1 1 1 1 5 3 4 27 10 11 5 5 1 6 0 1 1 14 0 5 22 2 61 10 2 5 22 21 7 0 7 1 42 1 1 21 29 11 6 1 16 
1 1 3 1 0 6 0 4 6 6 20 3 0 1 7 21 10 11 27 1 0 1 12 0 0 1 13 9 27 1 10 0 9 39 23 4 14 3 3 12 4 1 2 4 8 21 3 0 28 7 4 3 5 20 35 0 39 19 9 8 11 6 8 0 
6 7 1 3 1 18 0 15 44 1 6 125 9 6 9 0 34 19 8 9 9 11 7 32 0 21 8 1 0 3 10 632 3 43 10 6 5 3 42 12 2 1 57 209 30 6 40 4 0 10 9 14 4 3 0 4 0 10 1 1 10 3 9 1 
8 3 13 0 1 8 294 0 4 74 23 2 5 39 4 2 3 6 1 3 0 0 3 12 4 1 1 1 4 7 72 3 7 5 3 1 1 10 58 4 1 1 6 0 4 2 3 12 0 2 23 71 1 1 16 9 5 1 2 2 2 2 7 7 
0 3 1 30 0 12 3 25 2 3 3 6 1 3 0 0 10 16 5 21 0 6 12 2 1 7 34 2 0 4 17 16 6 0 2 0 38 79 40 1 0 6 1 0 0 6 1 8 65 17 35 15 6 3 28 1 1 2 1 20 4 7 5 1 
84 26 44 22 0 4 3 10 3 4 20 10 3 0 1 0 9 161 32 1 1 69 1 30 4 3 8 6 26 18 1 1 32 13 3 657 11 5 5 0 10 0 8 5 0 4 0 4 48 1 5 5 70 12 7 3 0 1 6 0 9 1 126 1 
1 2 40 1 4 6 1 11 5 0 1 15 35 1 5 1 4 8 1 2 10 0 5 112 3 5 11 67 11 5 4 2 3 1 1 1 1 3 4 2 0 4 42 2 0 8 1 0 0 2 0 5 1 1 3 1 22 0 4 10 1 1 0 4 
1 3 43 6 0 16 697 4 1 0 3 14 7 3 2 1 0 13 16 2 2 0 0 0 3 0 2 1 9 0 1 4 11 0 2 0 0 4 1 0 2 28 4 2 9 2 4 41 5 7 0 1 1 414 2 16 1 3 0 4 6 0 14 5 
9 0 2 2 8 8 1 1 3 14 5 3 0 1 21 2 35 0 4 10 0 1 1 0 0 1 50 3 3 10 1 4 0 4 26 1 2 1 1 110 9 1 54 1 3 0 5 1 0 18 0 2 189 6 2 25 3 3 25 50 2 4 0 3 
9 32 1 2 0 11 5 0 29 0 0 0 6 12 25 0 1 2 16 1 10 12 1 3 7 1 8 5 14 2 5 0 2 1 23 3 1 13 29 9 3 0 2 1 5 1 1 6 3 125 0 1 22 3 6 1 16 35 3 4 4 0 0 3 
6 5 11 1 3 1 546 88 1 1 4 2 15 8 0 2 5 11 3 249 60 15 5 1 1 64 30 4 1 1 37 18 3 0 6 1 4 7 13 161 1 7 108 0 3 3 6 2 2 12 1 12 0 2 4 1 0 6 7 22 3 2 2 4 
1 10 24 0 2 1 7 0 16 2 37 1013 1 4 8 1 4 4 19 15 5 5 2 102 1 1 1 11 4 24 4 0 26 47 0 3 21 0 49 19 1 0 2 2 0 0 4 0 101 6 18 2 2 1 0 4 6 5 7 0 2 0 2 3 
28 6 3 1 106 14 3 0 2 12 4 0 317 0 4 0 3 12 5 5 0 5 0 0 7 1 3 0 4 0 0 15 1 2 79 20 11 0 9 0 6 1 3 11 94 4 4 1 34 32 0 27 4 5 1 0 7 25 6 3 0 0 1 3 
4 2 4 10 3 15 24 6 4 4 0 5 2 9 7 1 0 3 1 7 5 0 0 29 5 2 8 15 5 13 2 3 0 15 16 0 5 7 367 16 2 0 9 2 162 45 102 18 0 2 33 1 6 1 0 3 1 0 0 1 1 11 7 6 
1 1 4 216 2 5 0 0 2 2 9 0 22 9 63 5 0 0 18 2 6 1 4 2 16 4 9 9 12 7 10 2 33 3 0 9 5 0 1 7 4 2 7 2 3 1 4 21 5 3 12 42 4 0 17 8 22 1 3 2 1 1 2 16 
10 1 7 2 13 0 22 26 2 5 2 19 40 7 0 5 10 1 1 23 1 32 1 0 3 18 2 63 1 4 5 52 27 4 0 1 16 0 28 2 0 0 641 3 0 6 5 1 1 1 0 8 8 147 1 3 4 0 72 9 1 2 16 2 
17 0 1 1 9 3 10 149 44 22 2 0 0 3 8 2 7 49 2 29 10 1 144 1 1 2 0 0 4 6 14 7 1 1 1 11 65 0 1 3 5 2 35 7 42 0 10 0 37 0 5 4 2 1 5 0 8 3 1 0 45 9 18 5 
11 0 1 2 8 0 4 2 2 0 14 2 50 1 6 5 4 1 14 5 14 1 1 2 1 15 4 12 51 0 7 13 0 1 13 0 2 2 13 14 2 2 0 0 6 2 4 2 2 6 11 0 7 2 0 2 4 1 1 1 2 7 0 0 
12 7 16 29 6 29 134 12 19 1 1 47 56 0 5 0 4 6 13 1 5 1 1 7 11 153 4 3 21 6 9 27 0 0 0 0 28 16 9 3 6 8 0 12 2 35 0 21 0 8 4 23 21 10 17 3 1 6 5 0 11 0 0 2 
3 4 77 6 10 5 21 10 3 3 15 1 0 4 2 44 0 11 22 0 21 1 25 0 2 1 14 2 11 2 11 0 34 13 9 2 37 1 1 246 6 7 0 0 1 21 1 4 2 9 0 9 1 1 0 17 3 4 0 2 6 66 1 1 
5 7 0 1 10 3 7 5 26 1 7 3 2 8 13 2 15 5 4 4 58 1 4 1 0 74 43 7 1 57 41 2 211 0 69 2 2 19 122 0 0 0 24 0 9 171 3 1 0 5 4 8 87 1 12 3 2 19 372 7 35 1 2 17 
4 8 0 37 1 19 1 0 1 19 38 43 1 48 10 1 2 4 2 2 5 8 12 39 2 29 6 5 3 6 13 8 2 8 0 25 0 0 0 0 1 1 11 3 1 6 5 4 10 4 4 17 0 4 4 14 1 5 2 1 0 16 0 0 
1 0 4 12 26 4 39 4 5 0 8 0 0 2590 2 2 10 3 0 5 1 4 9 42 6 18 13 0 6 4 0 3 1 1 37 7 2 13 1 0 32 38 2 6 0 1 1 2 8 3 17 7 1 0 105 15 0 5 3 8 15 0 5 4 
17 44 2 22 54 15 1 0 10 7 3 0 5 2 3 0 5 117 0 11 1 17 9 7 0 0 187 1 16 2 7 7 2 0 6 0 0 11 4 3 8 5 1 1 1 7 1 11 1 4 0 18 10 0 23 4 3 3 7 0 23 0 1 0 
1 1 0 1 3 39 2 3 21 1 3 8 6 0 7 16 9 20 10 4 36 2 1 2 2 3 1 7 3 12 4 5 11 2 5 35 2 4 1 2 30 4 10 2 10 6 8 3 31 8 1 5 9 3 9 1 26 4 2 149 437 1 2 12 
5 10 6 0 2 122 754 1 1 21 9 1 4 3 0 2 14 3 2 10 0 86 10 4 21 15 3 30 0 0 1 0 39 3 0 2 0 2 0 11 1 11 1 0 3 22 0 24 2 17 3 6 6 48 0 6 29 17 1 1 36 15 1 9 
0 1 41 2 0 0 14 1 0 2 1 1 28 3 10 0 3 3 1 26 4 0 29 6 0 13 0 1 2 7 0 2 2 2 1 1 4 1 17 0 2 13 0 0 14 0 5 5 10 49 1 2 8 9 3 7 1 0 7 1 16 14 15 7 
316 4 18 6 15 1 35 11 0 17 5 6 0 1 0 18 20 6 15 0 21 0 6 7 4 18 0 1 1 0 0 2 1 1 8 32 19 91 1 3 20 0 1 7 3 298 17 2 0 1 2 3 5 1 55 3 7 2 3 6 43 5 11 1 
26 2 65 1 1 7 9 55 32 7 0 1 15 9 1 7 9 2 2 11 0 0 1 3 1 0 3 2 22 7 5 0 2 3 195 5 48 1 13 7 11 1 4 30 0 54 2 5 3 2 0 23 3 4 4 46 3 18 0 249 8 26 80 1 
1 5 2 15 0 4 10 12 8 3 21 3 4 2 5 19 1 0 1 3 2 6 1 15 0 0 0 1 10 1 0 1 1 220 1 2 3 4 0 0 5 6 2 0 58 20 14 1 24 8 19 2 27 6 1 0 7 1 36 4 6 0 0 1 
6 17 11 1 2 0 10 409 5 14 1 1 84 4 13 0 2 43 13 4 4 2 5 8 5 0 1 8 11 4 0 0 5 9 4 2 1 12 7 0 11 15 3 23 11 24 3 3 4 5 1 4 0 16 105 0 0 2 0 3 2 1 7 5 
3 55 23 35 0 0 0 56 4 1 0 7 8 23 13 34 4 3 16 2 2 3 28 10 6 7 11 21 60 8 10 1 8 3 7 25 0 5 0 30 27 1 11 0 3 0 829 0 6 10 2 1 3 2 78 7 5 20 17 7 0 5 0 2 
9 0 215 2 4 0 4 2 12 0 1 0 1 2 4 3 2 1 3 0 20 9 1 40 16 2 5 4 4 0 3 12 0 5 0 29 0 43 15 3 1 3 4 8 12 7 0 2 2 1 3 6 0 5 17 6 1 5 3 1 1 9 3 1 
7 4 7 3 4 4 0 0 18 0 4 7 17 0 2 8 1 3 9 1 0 1 0 8 5 22 3 34 3 67 75 7 1 4 4 21 1 5 3 1 2 11 54 19 4 9 16 26 3 0 28 1 10 13 1 2 1 12 9 1 0 1 1 2 
7 6 9 217 0 1 2 2 0 105 14 2 10 32 268 5 2 441 13 28 3 1361 4 3 9 0 52 1 0 0 2 8 0 13 2 0 0 107 3 9 6 28 18 2 4 5 6 68 6 25 1 0 2 4 2 0 8 1 7 12 70 0 6 4 
3 0 3 8 0 0 119 4 1 2 1 5 42 1 3 5 0 3 8 3 15 12 27 0 1 1 6 6 2 9 2 5 3 10 112 0 10 1 6 17 1 4 10 1 7 28 2 57 7 5 4 11 175 11 29 1 11 0 5 0 1 26 1 4 
12 11 19 18 1 44 28 1 0 2 7 39 0 7 0 75 42 5 12 2 8 9 37 2 11 7 1 0 360 19 4 22 6 26 55 4 5 0 1 8 8 4 1 26 75 5 0 1 6 0 1 1 6 1 8 5 1 2 1 6 8 59 1 10 
7 19 1 4 0 0 11 15 6 23 2 12 45 1 11 39 2 0 1 0 1 6 2 0 1 1 2 22 5 16 2 5 5 4 7 1 3 0 0 2 12 15 10 6 39 0 19 6 3 1 3 7 6 0 4 8 7 1 10 21 4 29 3 2 
7 0 3 140 19 39 3 2 0 3 4 0 111 2 0 4 5 6 1 0 5 4 0 12 2 0 16 9 3 17 1 0 3 0 2 6 3 1 0 1 2 1 123 24 1 0 2 18 51 1 4 2 10 3 3 18 2 0 5 4 2 135 0 3 
0 7 14 1 234 1 2 0 69 1 11 1 9 135 0 9 1 5 40 17 2 0 9 0 94 1 14 5 5 6 2 22 1 2 15 38 5 2 5 2 0 11 1 3 0 0 0 1 23 1 3 2 7 32 63 1 14 4 19 2 5 2 54 0 
3 67 0 17 2 1 18 62 8 4 2 0 9 7 1 6 1 0 3 2 8 12 8 9 10 2 1 1 26 18 0 5 31 91 14 1 9 1 4 4 7 2 7 0 6 4 11 0 0 56 3 19 3 0 11 12 15 4 2 2 2 34 0 1 
4 0 7 2 223 2 7 3 2 47 1 1 2 7 3 40 5 0 204 3 21 0 0 1 8 1 1 0 4 1 102 47 2 6 0 43 0 10 7 1 2 8 10 0 123 21 5 1 1 9 1 16 12 11 29 5 17 4 46 7 3 9 80 2 
3 2 1 4 17 4 1 0 25 4 7 1 0 7 8 10 4 1 608 4 2 1 7 23 0 5 0 94 4 0 17 52 3 1 4 5 3 32 12 3 137 116 40 13 6 7 2 0 16 7 0 1 2 2 2 0 3 8 46 4 9 5 1 2 
1 1 12 47 1 1 24 31 1 0 0 3 7 1 1 5 0 0 4 0 1 0 2 2 21 5 6 0 5 17 1 5 2 20 11 21 1 21 0 30 3 1 0 25 2 1 6 4 5 4 1 1 10 1 51 2 2 0 4 1 3 1 10 5 
3 24 12 0 1 8 4 6 164 8 8 1 75 3 10 2 14 10 2 9 5 9 177 0 0 15 2 7 1 7 1 5 0 7 0 0 39 7 3 1 119 10 15 4 7 6 8 1 1 4 12 18 3 2 6 34 7 2 17 9 4 11 6 2 
5 1 21 1 23 0 6 0 0 0 1 308 0 52 0 2 10 8 4 1 1 0 1 1 6 46 4 11 6 1 8 0 4 1 0 2 5 5 1 4 26 21 8 3 4 13 1 3 24 3 3 12 6 1 10 7 1 3 3 7 0 16 0 0 
0 23 0 10 1 0 1 143 2 3 0 3 15 21 7 6 36 6 3 6 2 4 2 0 10 8 36 78 4 2 59 2 0 12 9 122 11 0 6 0 5 1 255 3 1 3 48 3 1 6 1 0 1 10 41 3 2 1 0 1 0 8 14 6 
14 0 12 1 1 1 8 1 0 185 17 3 2 2 5 2 5 2 5 3 1 0 0 10 4 3 1 0 13 43 7 0 4 3 3 28 5 10 0 0 5 1 7 2 0 1 6 25 1 17 1 1 522 0 2 1 5 23 2 2 119 3 10 4 
2 1 0 0 2 8 1 7 0 3 7 3 4 106 0 1 3 0 5 3 121 8 0 5 14 5 3 8 1 29 3 0 2 0 7 1 0 58 9 1 5 27 7 2 0 7 4 23 0 1 4 2 0 0 48 37 1 0 1 1 21 2 0 5 
21 2 1 34 4 35 1 20 2 16 2 1 2 1 0 2 12 1 4 6 34 5 34 0 8 2 2 3 9 8 3 1 4 2 1 0 10 12 2 14 11 5 29 5 3 7 3 10 1 0 3 6 4 4 4 4 5 80 25 1 47 10 5 2 
0 1 6 3 0 2 2 5 2 1 12 1 48 11 26 13 24 1 1 2 2 43 3 0 39 7 1 31 14 56 14 1 2 0 10 13 8 13 6 50 3 0 3 0 13 2 3 2 22 17 0 2 0 43 1 1 0 24 56 7 0 4 2 3 
6 0 7 4 0 2 6 6 3 2 13 0 5 1 8 295 6 25 0 18 4 0 21 3 3 136 1 0 13 4 1 6 2 5 42 3 26 43 3 0 16 4 8 25 0 37 1 1 12 25 37 20 9 0 5 1255 3 4 11 1 18 2 6 14 
10 12 17 3 15 17 566 1 25 1 4 3 3 4 7 1 10 5 21 4 6 1 54 4 1 16 32 158 22 1 719 30 1 5 0 10 2 2 0 29 3 2 2 3 6 0 12 133 0 7 2 92 41 2 8 1 9 358 0 1 9 15 0 26 
10 3 6 7 0 2 26 0 21 2 1 450 1 14 0 15 3 15 8 19 22 32 1 3 0 2 37 5 1 2 4 0 15 1 2 3 0 1 1 2 11 8 2 10 160 0 22 59 39 4 0 1 2 1 4 7 0 3 4 0 5 6 20 1 
2 7 0 2 111 3 3 0 2 0 12 42 27 11 1 20 25 2 0 0 4 4 0 9 6 1 3 2 1 0 0 13 0 0 1 4 8 75 13 1 9 6 7 3 24 2 1 6 85 4 8 0 0 2 0 2 3 13 1 2 2 5 0 1 
0 41 8 3 9 8 0 0 9 3 0 9 0 25 2 21 40 1 0 3 2 4 18 4 55 23 1 0 1 4 12 3 8 0 1 4 22 10 0 2 2 10 28 4 0 35 1 4 0 5 43 6 5 2 2 7 9 7 8 7 8 11 1 9 
44 210 7 2 12 2 1 12 5 16 4 5 26 5 9 13 55 5 4 57 0 3 2 0 0 1 8 8 7 1 8 13 7 0 0 29 11 96 3 18 4 1 30 27 0 0 12 56 4 4 4 23 2 30 5 2 4 4 0 2 5 1 0 0 
1 13 0 10 2 12 0 0 2 3 5 17 2 15 4 0 0 2 2 0 7 10 9 3 5 5 5 2 2 10 5 5 5 9 5 3 12 33 4 13 24 1 6 50 14 22 5 87 1 35 6 1 1 13 9 1 7 2 66 0 9 3 10 7 
3 12 1 6 2 0 1 21 30 3 8 1 50 16 2 18 0 3 0 14 0 28 2 11 1 4 1 4 1 7 0 6 36 3 0 0 80 2 2 0 1 54 7 27 4 5 2 10 1 1 13 1 0 1 4 3 1 6 1 2 0 21 2 2 
3 101 0 250 4 37 1 9 27 34 2 1 9 9 13 2 2 8 1 0 6 79 1 180 3 0 30 2 12 2 35 0 123 3 4 1 5 17 10 4 0 95 6 3 20 58 13 2 2 1 1 1 7 3 21 4 0 0 14 0 6 6 1 25 
2 1 5 40 3 9 42 0 1 6 0 1 0 906 1 2 55 20 9 4 3 3 13 30 4 6 12 1 5 0 0 7 31 1 54 113 1 1 0 11 3 9 0 0 1 23 0 2 6 5 2 0 1 0 0 11 3 15 1 1 2 4 0 13 
8 4 1 1 4 3 5 4 1 4 163 9 10 2 42 1 1 15 9 2 5 4 0 3 6 20 10 6 0 13 4 1 13 185 8 148 28 4 2 0 1 5 82 3 16 0 7 126 4 7 2 4 2 0 22 18 0 10 0 162 2 6 10 4 
18 3 8 24 3 1 2 1 8 2 0 10 2 0 4 1 0 0 8 1 45 1 244 4 1 1 64 0 52 1 3 5 0 66 38 6 0 3 2 18 4 2 12 3 2 0 0 1 2 3 30 29 0 0 12 0 3 4 93 0 4 3 5 7 
23 3 2 1 3 2 50 2 3 4 5 1 0 0 3 5 0 1 3 1 0 42 4 55 15 2 10 21 1 12 5 5 2 1 4 4 5 1 3 1 2 20 2 4 2 57 13 30 0 10 0 5 16 6 1 0 12 0 2 12 0 21 2 3 
20 1 27 2 0 7 22 1 0 2 0 12 9 7 2 8 18 0 34 3 14 12 0 6 9 0 0 1 0 3 3 75 2 4 6 1 1 3 7 11 1 6 15 0 21 13 3 4 36 32 3 11 4 10 0 1 111 12 0 4 2 31 17 7 
4 7 24 2 9 2 131 5 7 1 26 2 2 12 2 3 11 0 1 3 10 4 1 4 2 11 0 21 27 0 10 3 11 2 3 4 4 5 12 8 5 74 0 3 0 14 4 2 6 3 1062 4 1 3 5 0 2 0 1 200 23 6 1023 34 
7 1 5 1 9 73 14 18 1 3 2 4 1 4 6 4 0 15 149 2 1 1972 1 5 10 6 1 0 2 3 0 17 3 29 10 5 38 14 3 8 0 1 4 3 3 0 12 9 1 1 5 2 7 1 7 1 0 0 4 1 0 187 6 2 
0 3 0 14 1 2 0 73 7 1 1 1 1 5 0 18 2 1 0 31 12 6 6 12 1 13 3 0 1 8 3 2 5 1 10 1 13 8 8 1 47 1 3 2 3 71 16 0 5 0 6 21 17 2 6 0 45 6 18 7 0 0 1 25 
0 14 4 107 36 1 57 10 5 0 4 0 5 2 0 1 4 13 2 5 10 189 30 8 3 2 1 21 11 1 20 1 1 1 1 5 7 1 5 0 1 0 6 27 14 5 0 10 4 10 0 2 6 2 19 6 1 1 9 0 8 153 9 27 
1 7 0 1 3 32 1 3 16 1 11 2 12 1 2 1 1 24 23 1 2 12 0 10 6 2 4 5 14 18 4 1 1 6 5 12 10 28 15 2 8 1 3 1 3 9 2 45 0 28 4 9 3 1 4 11 1 8 27 18 2 5 2 4 
3 4 7 5 0 107 15 23 0 11 2 0 3 2 2 7 12 2 6 104 0 10 0 1 0 0 1 16 5 10 7 2 0 6 2 2 8 5 11 2 3 12 1 1 8 2 3 195 1 9 1 5 286 8 2 7 0 3 1 24 0 0 21 15 
6 1 22 0 21 2 7 0 0 0 9 20 1 31 0 3 73 1 5 2 1 3 1 8 8 1 14 47 43 4 1 0 3 6 9 8 18 0 7 1 1 2 10 1 2 2 0 3 2 13 1 0 1 3 2 8 1 32 0 0 0 2 0 201 
1 55 6 3 2 20 265 0 87 3 515 2 0 13 9 0 0 8 46 2 19 75 2 17 12 3 1 2 15 5 35 9 7 3 0 17 3 1 7 11 27 1 1 1 6 24 99 0 0 2 5 18 9 22 1 12 136 0 1 3 6 3 2 2 
8 1 13 14 1 2 0 13 4 5 9 10 1 0 7 15 1 13 0 0 1 8 3 148 1 2 38 1 7 60 0 9 3 6 2 1 1 1 3 5 4 45 3 21 41 0 0 0 1 1 4 18 5 1 2 25 72 16 12 3 6 1 11 6 
2 3 1 0 2 6 8 12 0 0 9 11 0 4 29 1 5 8 1 7 9 1 9 2 0 2 7 18 2 7 1 17 0 1 2 44 4 4 0 3 2 9 0 0 2 2 3 0 2 37 4 1 126 5 0 42 2 74 5 1 1 1 14 10 
1 0 20 6 12 6 2 4 1 76 3 0 0 116 12 0 12 2 10 1 96 10 2 0 33 15 0 4 11 0 0 10 4 11 70 0 2 2 9 0 8 0 3 4 10 11 5 3 1 0 2 8 0 22 0 34 0 6 3 0 1 0 12 2 
4 3 3 6 2 15 1 1 0 3 16 1 10 2 1 2 6 0 6 74 3 52 8 4 0 326 4 890 1 4 0 9 32 1 7 1 2 0 9 0 1 6 14 4 22 1 7 6 0 19 0 12 5 6 20 0 3 3 6 0 0 1 2 0 
1 12 3 30 1 3 2 1 1 5 1 0 33 2 14 31 1 4 0 6 7 14 3 11 7 1 5 8 18 0 1 1 1 9 15 9 3 12 8 2 5 3 0 541 3 4 7 24 1 6 2 0 6 0 10 6 15 0 1 10 0 0 47 5 
0 1 0 7 1 8 0 1 1 2 6 0 0 1 0 1 12 15 1 2 3 1 1 6 11 2 0 8 41 1 3 6 1 0 7 0 2 2 39 10 6 7 0 0 12 1 4 59 2 0 13 1 2 4 55 1 4 5 2 14 14 3 6 1 
3 0 102 2 2 331 0 2 2 1 1 1 4 21 68 39 0 3 0 27 0 2 6 7 1 8 1 9 3 9 19 1 17 2 0 8 5 1 14 3 0 1 0 7 6 1 10 43 9 3 13 2 0 3 3 0 4 1 1 0 29 23 2 18 
35 5 8 25 0 49 2 0 2 5 54 38 5 0 1 23 7 0 12 10 0 0 2 40 1 0 0 14 1 7 2 41 49 1 1 11 129 3 34 2 1 3 0 20 1 4 0 8 1 4 11 53 1 124 60 0 3 10 11 17 2 3 3 0 
0 3 4 9 2 0 4 4 7 4 16 2 1 162 8 8 1 3 23 102 1 2 2 7 0 1 2 0 487 3 9 9 20 199 0 28 1 0 1 0 16 1 0 2 32 25 0 0 14 4 2 241 2 0 0 1 8 28 9 45 1 102 42 8 
0 1 12 0 0 2 1 2 6 4 11 6 3 7 8 2 3 2 6 0 16 6 7 22 2 1 33 0 0 15 219 0 3 19 0 6 0 13 3 8 49 19 250 1 7 4 12 19 9 4 10 4 0 6 2 38 2 19 2 1 9 5 10 1 
0 1 0 2 3 5 0 6 6 1 15 17 4 1 11 23 4 1 5 0 9 14 12 0 1 8 1 11 4 2 8 9 14 71 0 0 2 40 7 33 15 1 79 9 8 2 4 5 1 15 13 0 1 0 40 44 0 27 1 41 14 188 28 0 
27 1 22 13 4 0 1 3 7 0 22 3 42 8 3 7 2 5 2 1 7 6 12 23 1 0 1 1 34 23 28 1 9 5 7 2 3 6 5 0 4 2 4 3 1 2 0 13 5 5 0 0 1 21 42 5 2 7 4 1 46 0 0 13 
3 2 5 5 24 2 1 5 6 22 1 1 13 2 8 9 0 0 3 7 9 4 3 5 21 8 1 7 129 14 9 0 67 13 0 12 1 3 10 12 134 18 0 1 2 0 1 0 12 10 0 7 7 1 8 2 7 61 3 4 13 6 0 1 
8 5 9 7 5 4 7 2 800 25 33 2 0 0 1 5 0 4 2 15 3 3 2 5 1 14 1 0 20 0 46 14 10 0 46 2 2 0 0 9 15 7 28 5 15 0 0 1 949 2 2 18 0 6 2 0 1 2 2 1 4 118 3 7 
1 6 0 11 19 0 9 59 280 87 26 10 6 1 0 0 3 1 6 1 23 1 1 0 1 0 5 1 4 4 2 13 1 4 5 5 15 12 1 3 2 0 1 0 4 1 820 6 2 24 514 1 0 5 62 1 2 1 30 10 13 1 3 3 
8 1 6 120 1 10 3 0 0 4 1 10 3 5 9 4 7 3 0 1 15 13 6 1 5 0 2 2 13 2 1 0 18 39 1 3 0 3 9 0 15 0 9 0 7 0 22 0 2 16 25 23 11 3 0 3 4 35 47 1 3 3 2 3 
3 1 0 0 31 39 15 0 9 0 1 5 1 2 7 10 6 1 42 3 1 1 1 6 0 0 5 3 3 0 14 1 10 51 0 2 4 0 1 11 2 8 1 16 18 1 14 2 2 0 361 2 25 5 5 119 13 10 2 1 19 13 16 8 
1 11 1 24 3 0 1 19 8 3 2 12 6 5 6 2 0 8 2 4 4 0 6 2 11 21 25 1 2 1 19 38 0 13 2 1 22 1 2 13 4 25 3 1 0 2 4 14 3 0 2 1 8 3 13 20 1 1 2 17 26 2 2 14 
9 10 65 0 3 8 3 3755 9 5 1 6 13 3 37 1 8 6 4 0 0 2 0 6 39 5 2 2 17 2 5 49 0 8 0 6 20 3 11 11 0 0 2 6 0 9 6 48 5 0 3 4 3 10 6 24 5 10 8 3 9 4 4 0 
1 16 1 1 7 27 40 30 3 5 0 8 4 2 0 1 0 4 27 2 0 4 4 6 34 9 4 0 9 25 144 2 0 59 1 12 2 3 10 1 0 12 6 15 0 0 344 11 8 0 2 4 4 28 9 1 31 9 2 4 22 5 36 13 
1 33 1 3 137 8 10 5 0 0 346 38 8 7 12 5 60 6 46 0 11 2 0 1 0 10 2 0 2 1 3 1 1 0 32 0 2 4 3 5 0 5 7 12 1 0 0 36 0 4 6 0 12 0 9 0 3 0 0 22 2 22 8 2 
9 8 17 1 2 3 2 4 7 3 11 3 0 3 11 0 2 7 1 1 1 0 7 79 6 0 2 25 6 3 28 2 3 99 0 0 15 3 8 0 3 0 0 4 0 1 18 1 0 0 2 1 1 0 6 228 0 41 6 11 1 2 4 3 
2 51 4 2 21 14 0 3 3 6 0 11 40 0 4 21 18 1 0 17 2 4 3 7 1 0 3 2 22 38 53 1 7 7 0 10 5 92 3 15 1 0 3 2 0 0 0 4 11 0 2 2 0 4 7 1 0 18 4 0 3 32 8 3 
5 0 2 7 55 6 1 0 2 9 6 5 1 0 8 1 0 23 9 2 15 72 3 0 1 4 39 7 0 7 6 13 14 0 2 0 2 0 4 2 1 12 4 5 13 82 15 13 118 2 37 48 1 23 11 0 7 1 18 5 1 1 2 1 
22 1 223 0 35 79 8 3 3 8 3 0 2 14 117 4 0 11 5 2 4 0 0 68 1 26 2 11 2 17 46 7 2 0 37 0 2 7 8 4 1 4 0 1 18 1 18 11 1 0 0 3 1 6 32 42 0 6 1 2 2 2 0 0 
0 7 5 5 0 3 254 34 16 0 24 28 0 0 37 26 10 1 94 1 0 1 0 92 9 15 0 6 2 11 199 1 19 5 8 11 1 0 1 11 3 3 3 7 7 6 7 2 2 9 12 2 1 0 1 12 1 11 123 4 12 0 4 16 
10 1 3 3 6 1 3 9 3 0 6 2 2 8 3 2 0 5 1 2 23 0 11 12 1 53 2 0 0 7 8 3 2 6 6 1 4 1 8 0 0 1 5 19 1 14 2 194 6 1 1 86 3 7 19 3 2 2 0 2 1 21 1 1 
13 17 9 1 4 0 13 3 42 9 406 1 1 0 0 1 24 0 0 2 4 39 42 1 1 3 0 26 1 7 5 0 0 7 31 9 1 59 0 88 6 1 3 4 1 2 11 11 1 0 1 4 4 0 1 0 6 2 408 10 9 30 12 2 
1 11 18 24 51 7 99 1 18 25 6 4 1 1 3 6 9 3 2 2 3 36 20 0 1 4 12 70 1 4 2 3 60 2 2 8 1 111 16 0 0 14 6 4 9 1 5 0 4 5 9 6 22 0 10 35 55 25 11 40 2 9 0 10 
2 4 6 4 6 2 674 18 6 4 0 2 2 0 9 4 2 14 1 12 73 3 11 2 1 2 2 17 2 14 26 27 14 2 2 1 10 0 0 11 16 10 26 32 1 3 17 0 19 1 7 9 16 27 3 37 0 0 3 1 213 0 313 4 
6 0 0 7 2 2 10 0 7 30 16 207 2 3 75 1 5 2 66 8 12 50 15 1 0 3 27 1 2 1 11 38 9 7 0 12 0 7 0 1 1 1 0 5 0 14 6 0 2 8 4 8 1 2 2 6 1 1 0 6 0 0 11 4 
22 5 2 2 1 1 7 16 3 6 20 11 8 8 0 60 10 7 4 0 0 5 0 1 1 2 4 1 20 16 6 47 0 3 1 66 73 25 1 11 17 0 24 5 1 1 2 7 0 2 3 0 4 5 0 0 2 0 0 1 3 2 1 8 
2 2 4 3 0 49 13 0 62 26 16 3 5 1 0 0 16 5 33 4 8 5 13 12 3 5 0 2 1 0 4 0 5 169 38 5 9 7 1 0 1 2 12 9 11 2 4 26 4 11 17 4 16 6 3 4 0 0 16 1 0 21 5 10 
0 15 0 12 12 0 1 0 22 1 46 4 8 3 48 2 1 3 4 1 1 8 209 2 2 1 42 3 5 0 13 0 12 2 0 0 18 49 7 5 49 8 5 4 0 3 1 35 7 21 1 0 10 1 0 2 0 0 7 6 18 2 4 11 
0 9 2 12 30 2 25 5 2 13 9 5 0 5 0 1 3 1 10 21 1 33 8 0 13 0 1 10 8 10 0 1 72 6 2 19 6 3 1 3 3 0 0 2 1 21 6 3 4 12 1 2 1 0 0 75 9 0 20 0 3 7 9 13 
7 16 39 4 5 0 1 0 2 17 236 3 7 5 28 4 19 5 26 2 18 8 0 3 3 5 6 7 23 11 11 2 16 23 2 1 8 575 0 14 17 1 4 4 0 27 1 0 0 25 4 2 336 3 6 13 2 1 26 8 269 0 0 203 
0 0 0 6 1 8 1 3 0 7 2 5 123 16 6 2 44 31 0 1735 2 18 91 19 7 3 1 1 8 1 2 9 2 9 0 5 0 7 30 2 10 40 19 207 2 1 4 1 2 1 12 24 0 49 1 3 9 2 13 2 8 4 1 1 
42 12 227 1 0 1 4 2 24 23 11 2 0 26 10 20 3 19 1 26 3 10 6 61 0 4 1 6 2 49 15 186 4 0 34 10 1 1 60 3 1 4 2 44 24 19 1 29 49 1 4 3 3 13 81 6 12 10 0 16 2 1 10 0 
3 0 0 24 14 1 0 0 10 1 1 28 2 0 156 0 4 5 6 9 6 3 1 4 44 4 3 0 4 3 17 0 0 5 10 7 1 5 5 12 22 4 30 45 2 1 45 1 0 3 0 15 1 0 0 35 15 13 1 0 8 6 2 0 
1 5 389 2 180 2 306 15 0 0 1 0 4 2 2 8 34 2 2 48 10 2 2 0 0 13 31 9 2 1 2 0 10 7 6 15 7 5 6 26 3 5 2 5 4 2 7 25 3 2 4 13 1 10 1 0 4 2 0 2 1 1 2 16 
0 2 9 34 1 1 10 2 3 7 5 13 1 43 33 0 6 23 16 28 1 0 6 3 13 18 1 3 11 6 0 3 0 6 8 31 8 0 0 1 0 136 13 3 33 37 2 0 1 18 4 2 15 8 7 21 1 0 10 1 1 7 4 1 
46 10 0 0 1 40 2 1 48 1 2 0 0 1 4 5 12 3 2 1 0 11 45 12 10 2 0 23 1 40 3 8 4 171 12 2 5 6 0 2 0 11 12 6 2 1 24 2 8 0 31 24 3 1 2 1 6 1 13 21 0 371 1 9 
1 0 1 7 8 2 15 0 2 0 14 22 3 3 2 1 0 1 7 20 8 0 5 17 2 7 1 2 7 99 22 11 0 50 2 1 1 3 1 1 95 21 1 8 8 4 0 0 0 0 3 1 1 0 1 2 0 2 9 5 1 10 6 1 
22 4 6 1 0 3 0 214 32 4 0 6 47 4 11 108 4 8 0 11 32 11 29 64 4 12 13 4 0 24 7 2 9 18 33 7 2 8 1 4 4 2 5 1 1 197 2 19 1 0 2 0 4 78 17 0 1 16 0 2 2 34 87 4 
1 3 1 9 0 315 14 2 3 2 9 2 92 2 709 0 0 11 1 3 7 25 1 4 38 0 40 8 2 1 2 8 8 0 558 7 0 0 6 2 7 26 50 1 3 240 12 16 1 13 6 41 2 22 14 1 17 29 16 1 1 2 0 0 
2 0 8 7 5 0 51 1 6 0 0 3 3 0 0 1 10 4 14 12 3 0 3 4 0 6 0 1 2 5 2 1 11 2 1 0 2 9 0 1 26 2 12 3 20 20 2 12 0 2 14 1 45 3 4 34 7 35 4 2 1 5 14 7 
9 10 5 4 5 2 8 2 5 2 1 1 3 32 7 1 28 9 19 4 2 6 3 25 20 21 0 1 12 1 336 1 4 3 2 3 0 1 8 6 0 0 0 0 7 27 26 21 1 0 0 5 9 0 1 4 0 9 1 224 18 0 219 1 
0 6 4 3 1 1 19 19 0 2 11 2 0 2 1 1 2 1 15 3 1 0 2 14 20 11 1 49 3 4 15 0 14 45 3 2 5 6 10 1 1 0 1 1 1 279 19 4 9 9 1 0 29 8 4 1 14 3 4 9 4 0 14 0 
11 0 2 4 0 8 6 0 1 28 7 3 19 18 2 32 4 5 46 18 59 2 1 1 1 2 1 0 0 59 36 4 2 0 9 1 4 0 2 8 78 13 1 0 1 3 4 1 3 7 3 1 9 4 2 1 3 3 5 42 3 128 12 15 
1 4 13 8 2 291 16 36 1 4 194 0 49 0 11 7 7 2 1 0 0 11 10 12 0 0 4 6 28 1 0 1 1 2 0 0 5 8 30 1 45 2 10 2 2 2 31 1 6 8 4 18 1 12 22 32 1 4 6 18 3 8 2 15 
1 23 4 60 2 26 45 137 32 7 0 7 0 25 0 0 1 7 3 2 0 0 5 33 3 4 12 7 0 6 3 3 1 1 1 20 8 4 0 1 1 50 2 17 0 8 2 2 0 5 0 12 2 10 0 2 2 44 49 2 1 0 32 0 
16 19 3 1 15 112 0 0 10 6 6 7 196 23 4 13 6 1 5 2 1 4 4 3 0 4 2 3 35 5 5 24 0 3 5 0 488 41 11 8 12 2 0 3 3 11 2 14 3 17 2 0 5 0 12 0 4 0 10 0 3 23 1 4 
9 407 9 0 12 1 3 0 22 0 8 2 5 6 0 0 64 5 3 6 1 9 16 5 19 12 5 1 4 149 5 2 1 1 1 0 10 0 6 0 6 154 3 26 0 0 1 3 7 1 7 23 12 5 2 0 0 142 1 68 4 1 0 7 
2 29 4 6 4 14 4 1 82 11 26 39 9 3 3 4 5 6 6 17 10 5 1 0 3 8 15 221 31 7 3 13 24 2 1 1 8 89 2 3 3 4 0 14 4 438 3 10 9 149 29 3 3 1 13 12 1 474 1 0 0 7 119 2 
2 11 0 1 21 38 2 12 2 15 2 0 6 18 16 60 0 12 2 27 0 2 20 0 1 0 77 15 0 9 7 8 28 0 316 0 20 3 3 0 0 9 4 8 0 515 0 4 1 3 11 1 3 4 1 27 20 15 2 2 2 0 51 0 
2 0 7 0 0 11 14 0 4 1 3 0 2 0 4 2 10 23 9 4 3 3 1 0 0 1 3 0 1 0 4 0 5 1 65 3 14 24 5 0 1 5 0 22 8 0 5 1 1 20 4 1 33 0 5 2 0 2 4 4 0 22 684 14 
11 1 0 1 4 90 4 10 8 14 4 28 4 1 38 1 47 11 16 10 9 1 1 0 11 9 1 1 10 11 0 1 1 18 2 2 33 0 4 1 2 1 1 19 7 2 3 76 8 1 16 22 1 0 0 0 16 19 2 66 720 0 1 3 
3 19 1 1 1 3 38 35 15 10 1 0 30 3 1 13 166 348 0 5 2 2 4 14 0 10 26 36 0 49 4 5 107 12 8 1 1 15 0 0 5 27 0 80 4 5 0 6 16 2 0 2 0 5 2 1 5 0 1 5 9 6 23 11 
12 2 3 5 5 3 11 3 1 0 2 2 0 0 14 1 1 20 1 2 8 4 3 5 2 7 1 1 1 0 14 16 1 5 1 5 7 12 0 41 2 41 1 2 610 3 5 11 1 3 4 0 30 4 15 7 4 9 1 6 14 1 0 1 
0 3 12 55 1 11 5 3 3 2 4 12 3 0 3 0 0 1 6 4 2 2 20 21 1 37 2 0 26 0 20 2 3 8 2 3 35 0 4 9 1 47 3 2 5 32 68 131 20 15 0 11 12 2 1 1 9 0 49 4 1 8 6 1 
3 29 2 0 1 20 3 0 0 5 1 2 2 16 4 402 494 1 7 22 7 4 1 5 1 9 2 16 61 1 11 2 5 11 61 1 28 0 502 2 0 13 41 0 21 7 5 21 5 10 13 0 7 7 7 25 0 5 18 22 2 13 2 0 
2 2 3 586 0 6 2 8 3 3 8 8 55 2 14 3 3 1 10 4 6 1 1 1 3 0 1 1 1 6 28 2 24 1 3 0 0 9 8 3 3 1 1 4 16 2 35 4 35 0 6 3 4 26 9 64 0 10 13 2 9 3 1 2 
4 0 0 9 8 2 0 2 0 4 0 0 9 17 2 0 1 6 4 2 231 9 10 4 2 0 21 11 2 6 0 10 2 0 19 6 81 0 0 4 25 0 12 50 2 10 9 2 26 1 0 0 1 20 2 2 0 2 0 4 4 3 0 0 
0 1 19 8 1 31 25 0 0 14 12 4 2 1 5 1 8 7 13 4 0 2 2 4 5 3 2 3 0 0 0 8 7 10 3 15 1 19 1 9 2 8 1 0 3 4 12 3 18 51 51 2 0 9 7 4 0 1 2 3 0 2 11 5 
42 5 8 0 3 4 5 5 49 2 11 0 5 177 2 0 5 49 4 0 2 5 7 26 0 4 1 4 6 7 8 335 2 21 8 2 1 1459 116 3 14 20 1 8 4 9 17 1 13 25 1 8 2 7 38 10 20 0 0 5 16 5 1 0 
0 1 2 6 2 5 2 1 9 4 1 6 225 0 0 1 1 0 10 153 450 9 0 14 18 2 1 2 1 14 339 5 2 4 1 5 33 2 3 5263 33 10 1 7 2 1 5 0 1 0 3 32 6 29 3 3 9 4 17 155 8 7 0 44 
101 27 47 0 1 2 14 1 11 2 13 4 6 19 4 1 9 0 1 3 31 30 1 1 20 0 2 10 2 8 4 12 15 2 0 0 4 7 1 0 5 15 4 8 1 2 37 4 32 22 0 0 1 23 2 18 0 0 56 2 0 1 1 1 
1 3 4 22 2 8 23 1 3 19 13 6 16 32 31 0 0 1 1 8 1 8 3 5 4 2 3 2 15 0 1 2 3 1 2 0 31 1 40 1 0 0 1 33 5 1 4 8 1 3 3 39 7 37 1 80 0 25 5 3 5 0 0 2 
6 5 26 5 2 6 1 7 12 5 4 2 15 6 2 29 38 1 11 3 7 1 2 8 9 1236 64 2 5 8 2 8 2 2 5 9 46 3 2 3 14 8 5 1 8 17 2 26 2 3 1 0 44 4 21 10 0 39 31 3 10 1 2 3 
19 17 0 19 3 1 6 6 1 1 0 1 16 3 4 1 6 1 2 29 0 1 0 0 2 26 13 4 48 6 2 40 9 13 5 2 20 0 2 16 2 15 0 0 1 2 8 3 0 2 1 9 17 1 11 1 3 4 1 35 9 9 1250 1 
0 0 5 1 7 1 5 0 1 2 1 6 0 26 0 1 1 5 26 3 52 1 1034 0 0 8 1 0 0 10 7 1 7 36 2 95 3 1 29 0 0 15 13 2 0 3 79 2 5 93 1 5 9 9 2 2 7 60 21 6 4 9 2 6 
8 0 1 3 2 1 1 44 27 5 36 0 0 5 10 3 3 19 0 4 3 4 4 1 1 0 9 4 8 4 1 12 0 13 0 4 11 0 459 3 4 0 255 9 4 88 2 0 5 7 5 0 7 20 0 2 1 0 1 2 0 20 2 2 
1 2 2 2 1 1 0 51 2 1 3 5 4 3 0 10 1 0 1 6 2 20 9 0 2 19 6 6 1 1 0 0 6 12 6 10 0 7 0 8 1 2 5 0 13 6 0 0 5 10 2 7 4 1 0 1 3 26 0 0 27 20 13 3 
0 15 2 0 21 1 3 35 8 17 2 1 0 1 26 1 8 11 19 9 35 6 8 7 4 7 5 12 2 1 34 18 0 7 1 0 1 4 47 4 6 1 1 2 1 60 15 9 4 2 42 17 1 10 36 21 129 1 19 4 52 13 1 12 
11 2 0 11 16 32 6 0 16 7 4 4 0 14 3 1 5 8 2 25 0 24 1 22 9 27 200 9 13 6 12 3 1 2 1 5 48 0 40 219 4 10 2 0 2 6 2 2 88 1 1 28 23 3 11 0 23 4 2 1 1 12 6 5 
18 9 1 2 0 1 14 15 2 7 0 0 2 10 34 2 3 34 14 2 4 33 8 3 6 12 2 36 3 1 8 15 1 2 15 5 14 3 1 10 6 43 23 3 3 0 3 5 35 1 1 2 3 2 15 8 1 4 11 0 1 20 2 4 
4 17 8 0 1 1 0 22 126 4 1 40 15 0 0 2 4 4 0 1 1 0 2 5 14 9 20 2 46 1 2 36 7 15 20 4 0 3 17 1 19 4 36 1 9 0 2 1 3 7 2 1 13 2 2 10 57 3 2 2 1 3 11 45 
4 2 0 0 1 0 0 5 21 12 7 42 1 11 2 2 12 2 3 8 18 0 1 6 0 26 3 2 5 27 2 217 0 4 4 20 5 1 1 2 0 3 48 4 5 2 19 9 4 10 0 0 24 1 14 2 5 0 0 3 1 3 0 5 
6 0 3 1 104 3 31 5 3 1 2 88 10 6 2 3 1 3 68 1 40 1 3 4 5 4 10 0 9 148 2 11 0 2 2 6 13 1 12 14 1 6 0 19 1 14 19 25 4 34 0 1 20 1 19 2 18 7 34 9 1210 2 1 3 
10 0 2 31 10 18 9 2 40 0 2 1 0 59 0 1 30 0 2 2 42 3 0 0 1 4 2 4 0 5 2 3 2 25 0 3 3 9 0 0 12 14 4 3 9 22 13 2 0 4 0 5 6 8 8 1 4 1 2 2 0 19 2 3 
2 3 8 1 0 7 32 2 5 7 5 2 5 4 9 4 13 2 3 1 9 0 121 27 5 0 8 7 458 4 3 5 1 4 2 1 6 1 3 3 3 14 1 3 2 6 5 3 90 6 0 1451 26 15 31 7 2 6 83 2 0 22 0 2 
17 241 2 12 1 20 4 0 3 0 80 4 8 1 3 15 6 1 8 10 1 7 3 0 4 2 1 3 1 0 8 6 2 39 3 14 8 35 3 12 4 23 0 1 0 1 1 0 6 29 19 0 1 7 3 18 2 3 3 4 1 14 7 1 
10 4 0 1 1768 3 2 4 6 1 3 9 0 5 1 4 1 1 1 21 1 1 9 7 6 9 6 2 3 86 23 1 1 6 0 0 1 2 6 0 11 0 1 31 9 7 0 6 1 3 15 8 84 0 1 2 35 0 1 37 68 1 0 97 
0 0 1 0 1 0 13 3 3 0 5 0 12 1 5 3 23 1 6 0 2 2 16 3 2 1 4 6 3 8 8 8 0 0 17 2 2 8 4 81 5 7 9 15 1 3 0 7 89 0 5 31 6 0 0 13 0 135 9 6 4 23 21 10 
1 1 103 4 3 1 1 10 31 0 0 15 3 8 0 0 8 3 11 15 8 0 6 18 6 5 0 4 4 8 18 6 94 0 460 3 1 14 60 9 1 2 11 11 7 5 11 4 2 3 1 22 8 8 8 6 9 0 0 7 32 6 2 2 
2 23 14 0 0 8 4 10 0 12 0 0 2 0 5 3 13 1 0 0 1 3 8 1 1 0 1 1 3 2 19 5 4 0 2 8 30 0 6 0 4 4 10 2 15 0 515 10 3 20 2 3 1 24 4 5 3 2 3 271 4 184 1 10 
0 14 0 6 0 0 1 17 0 22 2 5 53 2 119 0 1 91 4 1 19 1 3 27 2 22 2 1 2 10 7 0 9 19 1 0 3 15 3 2 18 1 4 25 126 0 11 127 9 0 5 6 0 12 21 5 19 13 2 2 1 1 2 0 
16 9 1 1 3 11 27 8 11 2 25 0 0 6 15 1 11 0 2 26 4 1 3 91 11 1 30 31 2 22 7 1 15 3 1 2 2 3 53 5 1 1 99 33 0 18 7 7 1 5 66 4 16 5 23 5 14 5 2 0 77 10 7 12 
2 0 1 0 7 9 3 1 3 1 5 0 8 0 2 0 1 11 1 1 12 0 16 0 11 2 6 4 5 2 0 0 3 7 5 7 5 1 26 3 14 0 6 1 2 0 2 6 51 0 0 3 5 30 5 10 1 0 3 2 0 7 27 2 
2 3 6 2 6 12 0 13 2 138 0 33 3 2 11 1 38 0 0 0 1 0 4 1 13 18 1 47 1 2 1 1 1 0 0 3 1 5 0 2 9 0 2 201 0 6 33 2 9 11 83 2 1 2 0 0 1 11 13 13 2 0 2 9 
4 1 1 4 46 8 250 10 0 0 180 177 5 0 3 9 3 12 63 1 0 9 14 0 2 9 1 3 0 1 6 46 10 2 8 16 12 1 1 0 10 3 2 3 13 7 10 18 6 0 97 1 9 0 34 3 12 1 9 11 2 4 1 9 
0 16 23 103 39 4 4 5 9 6 7 6 1 3 2 14 22 16 16 2 0 1 0 0 0 25 1 3 0 0 26 3 1 1 3 67 21 1 3 2 4 0 15 1 7 27 31 6 1 2 0 0 4 1 0 19 3 15 4 51 5 13 1 95 
9 1 3 3 7 0 0 33 8 0 2 35 24 4 46 1 0 0 2 18 160 33 73 2 39 2 9 18 7 0 14 18 2 1 2 9 78 2 9 10 25 26 0 0 8 5 4 23 5 17 5 20 2 2 0 6 84 0 9 2 4 5 6 0 
67 2 1 3 0 0 2 1 1 0 1 0 15 0 4 31 7 1 0 9 0 1 852 3 8 3 14 2 5 0 5 136 300 0 5 3 2 3 26 2 1 248 24 32 43 29962 0 1 1 6 1 4 5 0 16 4 2 2 6 7 0 1 0 5 
6 15 4519 8 1 0 0 65 7 11 3 0 2 0 5 3 21 0 57 7 0 3 6 22 0 0 2 15 2 18 21 87 1 1 1 20 58 1 98 1 2 2 5 0 11 4 33 17 7 0 2 0 3 61 11 8 9 5 0 0 1 13 7 4 
8 13 140 13 102 0 2 2 7 21 3 29 3 1 4 7 11 4 11 1 13 2 18 1 11 2 4 1 2 6 16 6 6 12 0 0 0 2 12 2 0 0 2 357 1 2 2 8 0 6 2 16 5 8 4 1 20 2 6 3 5 1 13 19 
4 1 0 1 13 4 374 24 3 3 2 1 4 2 17 1 0 3 4 4 0 6 3 6 2 0 2 21 1 36 7 0 1 0 26 1 9 5 2 1 10 1 15 4 1 2 5 35 1 4 28 44 2 0 1 2 2 5 2 13 10 48 6 28 
0 123 1 0 5 8 1 0 3 1 0 211 26 36 2 6 1 6 5 6 74 0 26 1 1 5 10 40 5 2 2 18 3 6 1 372 0 1 2 133 45 5 1 6 1 3 1 0 3 1 1 0 0 17 1 3 7 2 9 3 19 12 2 3 
1 0 18 4 5 2 0 65 30 1 11 8 1 9 1 5 5 0 10 5 6 1 1 0 4 8 6 2 0 6 0 0 10 3 17 30 1 23 12 3 13 2 25 2 6 5 8 6 1 27 1 1 1 13 13 22 8 1 2 2 1 4 2 1 
103 7 0 27 17 1 1 14 19 808 23 2 1 22 36 0 1 9 9 8 0 8 3 1 2 1 4 12 475 15 35 0 9 60 1 2 0 5 1 5 9 3 5 3 0 8 5 32 0 48 29 0 12 0 6 8 1 4 1 7 140 10 2 0 
89 1 2 0 2 3 4 2 0 10 0 1 9 135 1 2 15 99 3 19 6 41 9 1 37 2 2 0 45 1 5 33 12 0 10 12 25 7 61 0 8 6 2 25 10 5 6 6 3 7 7 2 11 1 4 76 80 6 7 50 3 2 28 5 
5 5 1 5 2 13 6 2 26 13 0 77 20 4 0 1 1 46 0 121 29 23 25 4 8 0 9 15 1 41 3 2 12 8 0 12 2 1 1 2 8 18 0 0 4 30 9 19 22 0 7 16 1 13 2 2 0 0 7 6 0 0 6 8 
44 22 0 5 12 3 4 3 9 1 11 16 69 2 2 1 0 4 7 0 2 0 12 1 10 1 8 1 1 12 3 6 0 14 2 7 48 10 35 23 7 4 1 1 40 9 1 38 0 41 4 0 2 2 3 51 6 21 2 2 5 11 15 1 
6 12 1 1 2 0 13 8 0 4 2 4 3 0 0 1 5 7 1 4 6 5 1 6 130 1 10 36 0 0 10 1 11 1 0 1 0 6 3 3 3 0 13 0 144 0 0 1 1 14 15 1 1 5 6 5 12 0 0 0 21 0 0 1 
0 3 7 1 1 3 3 3 14 3 8 2 312 21 1 4 6 1 2 1 3 3 4 5 52 2 51 18 534 6 2 2 32 6 86 20 3 4 23 1 1 16 4 1 10 6 0 30 2 27 1 1 8 1 4 5 10 9 1 10 2 46 0 0 
31 35 1 1 11 3 7 2 2 4 0 32 66 0 14 1 34 4 3 3 9 2 1 4 0 11 33 22 0 5 1 0 30 0 0 8 48 12 0 0 1 70 2 1 0 8 0 1 1 26 7 7 1 12 7 139 0 4 1 6 4 2 5 2 
1 47 0 6 3 2 0 59 7 398 8 15 3 1 7 3 13 3 0 9 71 0 2 21 8 5 1 8 89 1 2 1 1 0 7 5 4 9 0 5 9 0 38 6 1 5 34 21 1 4 24 24 8 114 13 1 15 0 4 2 0 1 34 1 
0 3 3 5 0 1 14 0 1 2 6 0 8 20 3 86 40 2 12 10 10 4 6 52 3 58 0 6 3 0 0 0 1 0 2 2 1 6 2 0 4 6 214 53 1 1 0 0 2 3 15 0 5 3 0 2 6 3 3 3 20 6 9 4 
11 11 18 4 0 0 1 3 5 2 8 7 3 6 2 4 6 2 7 1 60 11 1 2 0 0 1 2 9 3 0 1 36 24 13 17 2 15 2 1237 10 28 27 13 2 2 9 10 2 0 9 6 4 0 20 32 4 96 2 6 1 6 3 5 
8 5 19 18 15 2 13 5 7 5 0 5 6 8 14 11 21 150 13 0 0 8 5 11 5 13 8 7 1 2 4 7 17 49 14 3 2 0 47 1 0 1 3 6 0 26 13 1 29 0 4 6 1 26 121 9 15 3 11 5 22 2 2 1 
26 9 4 6 2 1 1 1 11 188 1 2 5 4 11 4 1 1 6 0 13 32 5 13 6 1 3 0 2 1 0 2 6 6 2 3 6 87 6 1 1 32 18 31 3 3 1 39 1 1 22 1 11 0 9 6 30 18 0 0 16 1 2 1 
18 6 1 9 0 461 79 0 9 3 14 7 1 5 23 1 14 0 1 3 17 1474 5 27 7 2 0 2 2 12 38 2 15 2 1 4 4 4 0 26 4 1 10 1 0 1 6 7 12 1 0 7 1 5 8 1 0 33 13 10 6 3 3 0 
0 5 2 0 0 2 4 5 5 0 33 4 4 4 26 186 17 13 8 5 2 42 4 11 0 1 1 1 7 14 86 6 14 1 1 2 4 0 1 16 1 4 1 6 5 7 22 1 1 0 13 17 18 6 0 23 1 15 20 32 2 1 9 10 
1 13 26 0 10 6 29 4 4 16 10 2 3 15 30 2 7 0 0 124 6 0 64 3 0 2 10 2 0 1 10 0 10 12 3 26 0 1 2 1 24 1 48 1 17 3 33 1 4 2 4 2 0 3 43 10 2 86 1 20 5 8 1 5 
1 1 4 7 0 1 16 1 0 12 8 6 144 130 32 0 5 0 14 16 21 4 2 4 9 0 4 8 11 1 13 37 4 44 0 12 2 7 31 3 3 0 0 4 4 3 4 3 3 2 36 2 6 1 2 67 6 0 0 14 10 267 0 29 
0 22 1 16 7 25 2 1 13 13 4 3 0 11 9 2 93 2 13 4 0 2 2 19 55 0 17 4 6 2 23 31 6 9 4 1 3 3 1 2 5 1 2 18 1 0 8 0 7 534 77 5 0 0 1 1 0 7 149 1 2 131 1 0 
18 47 0 19 12 0 9 45 6 0 25 2 28 33 74 39 1 2 25 3 1 4 1 2 10 14 0 6 8 1 2 3 0 0 70 76 1 4 0 2 30 1 1 8 10 8 29 8 7 11 6 13 2 8 1 73 4 10 4 1 4 350 261 1 
2 1 16 2 3 1 9 0 8 1 28 2 12 3 12 0 5 22 23 3 19 0 2 19 3 7 2 0 1 7 6 6 0 6 15 2 10 1 7 2 0 1 2 4 0 0 0 2 1 2 0 5 12 10 5 3 2 1 5 143 12 6 2 2 
1 36 0 5 14 3 16 333 29 1 44 57 8 0 5 1 4 97 1 20 0 8 23 2 9 7 12 0 2 2 5 6 2 11 0 2 1 2 6 13 3 0 16 0 0 1 49 10 0 2 1 2 10 84 2 8 0 0 5 20 1 1 3 13 
0 12 0 2 2 10 0 1 17 0 8 1 1 11 11 35 2 316 3 17 2 4 7 0 1 28 0 0 17 0 1 13 6 2 5 109 1 48 0 3 0 21 2 0 1 48 3 11 211 4 4 0 6 4 2 32 7 2 4 2 0 0 18 6 
11 3 1 9 5 6 2 6 0 3 0 5 196 5 2 3 4 20 1 30 7 7 1 3 3 38 1 117 2 0 45 0 0 0 7 21 2 2 9 0 15 2 4 14 12 0 4 0 2 3 31 8 8 1 0 1140 7 13 1 1 4 7 3 6 
1 1 3 1 29 6 3 4 9 1 12 0 0 420 3 5 0 5 21 64 22 15 1 5 6 2 2 3 6 5 3 0 13 0 26 38 2 0 0 171 2 196 2 10 10 38 2 6 6 2 4 65 7 4 9 0 1 3 0 7 1 2 559 4 
4 11 5 7 0 10 5 4 3 0 1 7 2 7 6 14 1 1 18 56 0 5 3 3 0 2 0 0 6 1 1 5 2 8 2 1 1 6 3 7 3 0 4 5 103 0 0 0 2 1 6 14 7 1 8 6 4 22 1 5 1 0 0 15 
0 9 2 6 0 0 90 7 14 0 3 7 2 3 4 0 3 0 7 12 8 0 2 17 1 405 0 0 0 4 1 1 5 2 14 25 23 40 13 6 4 3 12 4 1 32 4 0 451 3 0 2 13 11 6 2 3 0 0 1 0 2 1 120 
20 1 10 7 7 0 1 6 7 2 157 9 9 1 1 2 11 1 2 13 18 43 11 11 3 5 7 9 1 168 14 8 0 5 1 55 3 0 8 11 11 0 206 2 36 6 9 0 8 1 1 2 1 3 35 1 1 0 5 3 4 64 6 3 
31 2 0 8 13 0 2 6 2 15 22 0 2 2 34 8 55 5 1 2 2 2 9 16 92 1 0 120 0 3 0 216 8 0 1 1 4 19 10 8 6 0 5 0 1 1 6 2 35 5 13 2 11 0 1 3 7 1 0 2 1 680 13 0 
10 0 3 0 0 27 40 4 5 4 2 3 1 6 11 2 23 0 7 7 0 2 0 4 0 24 3 17 16 0 7 6 4 1 405 7 4 7 0 4 3 5 1475 1 1 8 8 1 3 61 1 14 2 17 14 0 64 12 12 15 21 10 0 1 
12 4 3 2 1 48 5 1 0 3 21 1 0 4 1192 45 20 0 12 9 11 2 24 33 0 1 1 4 0 1 7 0 4 8 4 5 0 5 0 2 20 0 2 6 1 2 1 2 37 124 0 2 8 0 1 0 2 2 36 29 4 0 2 5 
7 27 2 0 12 0 0 6 0 0 1 14 5 5 155 9 0 3 4 12 1 19 1 1 0 4 0 7 14 4 10 1 0 0 3 17 17 13 1 5 0 37 12 18 5 0 1 20 0 2 8 1 79 7 5286 3 0 9 2 20 4 1 10 2 
1 1 1 25 42 10 0 5 3 4 6 5 6 2 40 1 4 9 2 10 2 1 8 3 3 0 4 2 80 1 0 9 5 59 1 8 93 6 18 1 15 3 13 2 9 8 9 3 12 1 9 7 4 5 0 4 10 25 13 4 2 0 0 65 
1 24 0 4 1 26 4 1 44 5 2 3 1 8 0 30 12 21 0 0 0 6 3 6 0 5 7 3 2 1 8 24 4 5 9 7 0 1 26 19 1 0 19 1 4 0 1 28 32 12 58 3 6 1 3 1 33 2 83 3 5 86 1 2 
41 6 1 1 3 2 1 3 18 0 0 2 0 12 3 3 1 8 1 2 7 0 10 0 4 19 3 0 7 0 2 25 11 2 0 19 14 28 4 6 0 0 3 1 1 0 2 42 1 4 4 103 1 4 3 6 3 10 0 12 1 7 4 2 
3 0 1 1 1 13 12 4 7 9 25 2 4 160 0 6 0 5 13 10 2 7 19 1 15 30 36 0 1 0 1 8 1 13 11 2 17 3 3 12 87 8 10 0 15 0 0 4 3 201 11 5 1 0 330 17 8 9 27 1 2 5 0 6 
28 0 8 0 16 1 2987 3 12 22 0 6 3 3 3 0 4 0 8 17 1 2 1 16 19 18 4 1 2 7 16 6 2 0 15 11 1 7 3 9 6 3 5 14 0 0 3 11 0 3 1 6 104 1 9 1 35 2 1 34 0 5 9 0 
2 0 0 4 88 1 6 7 8 38 6 1 4 10 26 4 7 5 2 7 4 6 3 5 8 2 2 2 0 0 16 10 4 2 0 0 15 2 16 37 17 7 2 824 2 16 3 0 2062 5 7 60 0 11 5 7 0 16 1 43 9 0 1 24 
0 6 1 1 7 3 319 1 3 39 6 0 1 20 48 0 18 8 7 5 10 5 2 2 22 14 20 97 6 6 4 5 28 0 1 6 0 14 0 0 14 2 6 2 1 6 2 0 21 1 9 2 2 18 6 2 5 0 3 3 10 6 1 2 
20 65 1 67 20 4 0 1 3 6 1 2 0 10 10 6 1 3 2 626 4 8 0 0 0 4 4 3 0 3 3 2 1 89 0 12 25 1 5 0 4 14 13 1 7 72 6 1 36 0 3 7 3 0 5 0 10 2 1 22 9 14 2 4 
9 1 60 0 7 0 4 3 0 2 34 82 3 0 63 3 9 0 10 4 1 58 4 6 215 19 8 5 2 23 4 12 2 8 26 1 0 2 1 2 36 0 2 0 5 2 0 7 3 3 7 10 14 0 1 6 0 20 1 2 1 2 628 6 
41 0 1 1 0 0 4 9 3 7 3 7 53 3 0 40 1 8 2 18 55 0 1 87 9 2 6 83 1 9 0 2 0 4 2 4 1 4 0 3 11 1 0 0 1 18 1 0 38 1 4 1 0 18 33 2 1 4 7 2 5 0 19 8 
2 5 17 1 143 0 8 0 0 1 4 1 1 2 102 556 5 4 35 8 9 1 3 16 5 8 2 0 1 26 0 1 7 1 1 5 4 0 14 3 0 0 41 3 1 341 7 0 8 1 51 0 9 2 0 17 42 73 10 10 79 35 9 1 
4 1 0 0 4 2 1 0 0 50 0 109 1 4 18 1171 10 4 0 3 7 0 1 11 3 4 6 14 6 23 0 21 34 5 0 0 1 3 20 2 9 7 2 6 4 3 0 2 1 2 3 3 13 1 1 1 2 0 17 57 5 2 2 149 
0 4 3 2 0 198 3 31 0 4 0 1 7 3 4 3 2 6 2 6 2 3 1 3 1 11 1 0 1 3 3 27 25 9 6 8 0 1 32 1 2 8 24 2 27 2 12 7 3 17 8 0 0 3 25 1 9 1 4 4 1 3 0 51 
1 1 4 4 6 24 0 30 2 2 4 4 0 11 2 2 3 86 2 6 108 11 2 0 8 1 7 2 0 3 13 0 8 12 5 0 0 0 12 1 1 21 57 8 10 1 1 4 12 1 1 0 0 3 56 29 35 4 27 3 0 7 1 1 
3 2 9 17 0 4 18 1 1 2 3 25 3 6 6 12 1 19 224 21 1 9 2 0 1 0 6 0 1 2 0 0 4 16 8 22 8 0 0 0 17 19 13 0 1 61 7 12 1 4 0 4 12 4 80 5 7 1 10 0 0 10 32 27 
58 91 7 1 2 11 4 37 264 2 6 5 0 14 2 13 0 16 1 2 31 6 4 2 6 4 0 3 4 0 3 22 10 0 1 9 13 13 268 6 2 20 3 3 7 1 0 1 44 1 38 8 28 1 10 0 3 175 0 3 1 17 0 0 
25 21 1 2 1 0 2 59 3 3 3 0 1 5 0 90 30 2 2 2 23 10 2 2 6 2 1259 0 53 9 1 1 9 24 45 37 3 2 2 21 0 5 0 0 1 18 13 68 4 1 4 2 5 4 28 1 2 3 4 1 9 12 0 0 
1 14 2 25 0 5 3 18 2 14 24 5 1 0 0 24 0 0 4 50 9 0 10 6 3 33 9 2 0 2 13 2 0 7 3 2 18 0 18 0 11 60 0 0 0 2 2 24 5 0 79 1 3 30 2 4 2 118 22 7 1 1 2 1 
34 7 1 9 15 2 1 2 0 0 11 0 22 0 1 8 2 2 7 10 139 4 0 164 0 2 9 2 10 3 0 0 0 11 15 13 23 7 0 5 0 10 4 0 3 3 2 19 0 9 0 18 1 10 17 3 14 10 0 8 1 0 5 3 
4 1 12 3 10 2 1 2 6 0 0 3 0 1 10 2 1 3 0 71 6 1 1 1 7 5 26 4 1 1 1 2 403 9 1 0 3 10 29 10 4 1 4 1 33 6 37 11 0 0 3 4 12 5 36 88 1 0 6 0 4 4 1 37 
0 11 8 4 0 10 57 15 0 0 5 1 3 1 17 8 0 1 1 11 0 185 3 8 6 2 5 45 6 5 3 2 2 5 0 3 2 4 1 232 4 1 3 0 13 1 3 4 0 2 2 5 2 6 3 72 4 8 0 495 1 26 0 2 
0 0 7 0 13 0 2 1 35 1 8 1 4 1 3 9 6 3 9 4 261 82 1 14 8 1 34 73 2 39 2 7 5 10 1 63 1 11 397 10 1 17 3 0 0 5 0 4 3 2 33 10 0 0 1 9 17 9 4 11 1 0 7 18 
2 1 3 6 2 4 0 3 3 0 2 0 0 1 32 2 2 9 2 1 10 5 10 7 2 0 25 0 1 3 1 3 1 2 0 8 41 0 28 0 10 4 0 23 0 15 1 9 1 14 1 9 27 4 4 4 2 12 1 26 1 4 2 2 
0 8 7 2 17 0 4 1 6 26 37 5 4 2 1 64 3 11 4 6 4 13 2 1 9 6 6 2 3 4 17 0 1 9 1 25 1 0 4 16 1 0 1 14 5 1 2 3 10 4 3 7 4 0 11 4 0 25 15 2 4 0 30 3 
0 2 15 0 0 4 3 3 2 1 30 1 8 1 8 4 0 0 0 1 1 39 0 2 3 0 6 0 29 2 1 4 41 12 4 6 2 0 3 47 0 8 6 4 8 0 4 0 6 10 88 19 13 2 4 1 7 1 2 10 2 1 0 1 
2 24 5 0 39 6 1 9 3 2 1 1 6 5 3 3 1 5 1 1 4 1 0 0 1 35 17 11 14 10 1 8 0 8 4 1 17 3 2 1 0 1 68 28 2 0 13 2 1 8 32 1 8 8 4 1 1 13 7 0 0 13 3 4 
7 4 1099 0 3 30 3 2 2 26 116 0 59 569 0 0 6 1 2 2754 9 16 6 0 0 3 3 2 27 8 0 1 1 31 1 0 39 1 1 3 7 15 92 14 4 1 68 73 3 6 4 15 8 5 1 13 2 0 2 2 34 8 2 8 
0 1 2 3 0 2 37 5 11 154 9 2 4 14 241 0 26 2 2 3 2 2 20 18 7 19 5 7 2 89 2 25 3 177 2 4 0 3 3 8 6 0 0 1 56 0 1 3 19 10 1 1 10 0 11 7 14 37 1 20 0 0 12 3 
176 20 2 2 44 0 1 2 11 8 1 1 41 0 5 0 3 18 2 1 0 1 2 0 1 1 2 1 1 8 0 44 9 5 4 1 1 3 0 3 1 6 1 0 0 2 50 6 6 1 3 2 4 0 1 0 3 0 8 1 11 1 10 1 
3 1 69 5 2 24 3 31 13 0 2 10 3 2 8 17 1 109 0 136 2 1 183 2 2 2 28 2 2 2 9 1 16 1 0 1 28 0 1 3 37 4 1 2 5 1 3 6 34 1 13 12 2 2 1 25 116 6 2 24 2 10 2 32 
8 7 7 7 0 2 3 2 4 3 1 0 3 3 4 1 13 9 16 9 0 7 19 2 1 5 7 5 2 3 1 10 0 10 6 43 2 0 0 0 0 0 37 0 2 1 2 3 31 3 7 42 1 5 7 10 4 95 0 22 6 12 2 14 
56 28 8 21 5 3 3 2 24 0 1 18 1 10 3 5 3 2 1 3 2 30 0 15 5 13 1 2 5 5 2 10 0 2 4 3 11 0 14 5 0 2 1 42 2 234 3 4 342 42 2 2293 2 0 93 25 86 0 5 26 4 10 1 2 
8 32 1 3 3 1 5 1 0 0 36 0 10 0 2 7 3 26 3 1 1 9 2 112 11 6 25 6 9 106 2 5 1 0 11 0 5 0 141 7 2 0 4 7 10 75 1 1 2 2 1 73 3 24 0 1 2 3 1 8 8 8 0 11 
10 21 3 9 0 4 9 2 23 3 0 1 6 0 1 0 2 4 3 13 2 15 0 2 2 13 4 0 0 6 4 5 77 11 0 9 0 3 7 4 2 0 3 9 788 443 3 92 3 8 0 2 1 1 7 9 22 2 16 2 8 15 4 100 
0 12 0 2 1 38 1 671 29 2 4 337 4 11 3 0 1 15 3 0 32 21 2 37 7 5 6 3 0 7 2 13 2 42 4 94 480 6 6 3 10 0 9 6 7 4 8 0 20 3 11 46 22 7 1 0 3 5 3 11 40 121 1 0 
9 2 11 6 6 0 16 1 2 0 1 2 0 1 23 5 1 1 13 8 1 10 9 22 25 3 5 1 3 4 125 47 0 15 3 34 2 20 5 1 6 0 23 3 37 1 3 4 3 1 3 3 7 23 7 4 3 4 65 17 21 1 0 1 
1 0 8 0 1 32 4 37 1 2 4 0 7 2 1 2 21 1 1219 1 3 4 7 1 6 9 1 0 25 8 0 2 5 14 2 1 5 5 1 33 9 1 11 18 0 2 37 9 6 2 6 2 23 3 0 1 2 3 30 24 19 2 5 15 
13 54 8 89 6 13 4 47 1 7 2 4 9 21 12 0 18 11 1 3 16 10 5 2 16 206 13 2 16 2 3 4 17 18 1 21 8 1 8 30 1 1 2 5 7 0 17 4 14 8 0 13 14 6 0 1 17 6 15 24 19 11 2 10 
0 0 21 1 23 2 4 0 0 17 21 5 9 11 0 0 9 17 25 22 5 3 2241 2 13 137 0 3 1 0 0 29 5 0 7 1 4 8 2 0 2 23 2 163 4 1 1 1 7 9 5 1 251 10 1 32 5 0 7 0 59 19 1 3 
1 3 14 0 6 0 1 73 2 6 11 0 12 4 5 1 1 0 4 12 0 11 3 26 0 4 1 4 1 13 2 9 22 3 23 3 7 5 11 0 8 12 0 2 0 1 1 1 0 4 15 3 0 10 15 1 6 3 3 1 70 2 1 2 
9 0 0 0 1 1 9 5 1 11 0 4 31 9 3 0 3 1 4 4 3 19 3 59 15 1 4 9 18 179 12 3 3 1586 9 0 9 3 0 3 3 9 5 2 26 2 0 1 1 1 16 0 1 1 112 1 48 51 1 1 1 1 1 7 
8 2 8 6 0 1 11 0 1 35 12 6 1 8 4 123 2 3 2 2 3 1 1589 0 0 2 0 3 6 0 1 6 1 6 25 2 64 3 10 1 0 4 46 4 1 18 6 29 0 1 4 2 86 22 47 0 1 9 1345 1 22 0 8 0 
3 39 6 6 19 2 1 4 1 5 4 12 9 46 3 6 8 2 1 3 18 4 11 6 8 12 1 9 22 8 0 2 3 17 19 12 6 0 1 0 7 15 0 0 0 0 0 0 32 0 9 7 2 3 0 4 6 1 7 6 4 0 5 0 
1 6 45 2 4 12 0 15 300 256 5 4 50 2 1 0 1 1 0 7 3 0 4 2 10 2 1 4 4 7 29 8 0 2 14 41 269 2 1 38 1 0 2 83 23 0 0 0 5 20 66 18 0 122 10 3 37 6 11 0 3 0 2 1 
0 8 7 0 0 3 159 0 7 1 1 1 18 31 0 0 849 2 419 0 16 21 10 22 6 0 13 59 19 8 8 2 1 6 11 6 2 2 3 37 0 0 0 1 0 2 11 3 4 22 12 30 36 31 3 9 6 7 9 132 1 33 1 6 
6 3 7 15 28 17 42 4 2 0 3 0 8 2 0 7 0 9 0 2 2 6 3 4 8 1 3 0 1 19 171 1 19 10 0 4 2 13 2 1 0 3 24 2 6 6 2 3 0 3 1 1 2 5 9 11 7 0 2 11 0 1 31 3 
1 38 29 5 4 4 4 121 11 3 10 10 1 47 0 17 33 6 2 2 0 6 6 4 11 2 2 7 2 1 0 3 38 11 50 1 6 2 3 0 3 8 3 6 1 2 7 2 13 8 1 5 0 8 20 2 1 6 6 1 0 3 3 4 
1 9 2 3 0 0 4 0 5 7 5 1450 7 29 0 227 1 2 12 32 3 3 261 1729 2 17 5 27 8 5 1 7 2 19 16 0 10 0 3 2 26 3 2 5 1 17 5 2 0 1 1 5 11 28 3 6 2 1 0 13 40 5 8 2 
2 0 0 44 5 22 2 23 28 0 0 4 6 8 0 38 0 5 19 1 2 0 3 0 8 10 5 5 0 4 41 14 6 8 7 9 2 3 3 0 3 0 8 6 16 14 4 12 7 0 0 3 4 4 6 0 0 0 86 23 0 0 0 1 
8 1172 21 6 40 1 1 3 0 1 5 0 0 8 10 0 2 12 11 6 17 5 31 5 8 8 1 4 14 4 11 818 4 4 2 1 1 2 37 0 5 6 22 5 42 11 5 13 6 1 21 1 23 3 1 9 16 11 10 0 62 1 6 0 
0 15 9 2 32 16 8 3 3 4 0 5 6 1 2 24 0 0 3 24 0 45 1 3 3 10 1 33 2 1 4 1 1 6 5 0 3 1 3 1 36 8 0 15 354 27 0 2 17 30 2 21 7 1 1 1 24 0 0 11 1 11 10 15 
1 0 16 0 199 0 12 3 18 1 5 2 7 1 1 0 0 4 2 0 4 6 0 30 2 2 26 6 2 3 2 1 14 2 3 0 12 1 1 1 1 11 30 49 25 6 0 2 1 1 4 2 0 7 3 0 188 21 16 2 4 1 1 19 
45 1 7 0 0 5 5 0 4 15 7 5 2 0 1 0 5 1 31 0 13 3 4 2 1 4 0 1 0 1 0 7 5 9 4 0 2 1 12 12 20 19 12 4 20 2 32 2 4 6 246 32 1 19 22 93 1 34 0 39 5 2 332 4 
0 4 6 5 14 0 21 0 1 2 5 6 2 4 7 8 3 2 8 6 1 1 0 0 23 2 0 2 6 2 103 49 0 2 1 2 5 11 13 8 2 3 1 0 0 2 6 39 1 52 13 13 12 16 1 2 20 3 133 5 2 6 3 0 
4 15 2 6 6 5 0 5 2 8 3 8 14 40 7 4 2 1 2 2 0 9 3 2 1 1 2 11 4 8 0 14 34 22 5 4 6 0 25 1 1 1 1 3 2 2 0 5 0 1 16 17 0 2 0 3 6 13 49 24 2 0 5 7 
1 1 10 0 5 965 49 25 7 2 1 0 4 3 1 5 1 3 3 3 32 3 27 0 1 2 11 6 2 0 0 3 97 4 1 4 1 3 2 10 5 5 0 3 7 0 36 0 1 20 0 5 2 2 3 1 1 2 11 3 42 0 6 13 
1 4 2 1 5 1 1 2 0 0 9 17 31 6 1 3 7 0 1 3 0 0 7 187 0 10 4 36 5 0 77 50 2 13 15 7 13 16 0 5 3 1 0 5 7 10 2 17 1 2 0 1 4 28 77 48 1 77 4 3 0 14 46 9 
12 8 43 4 23 12 6 0 121 27 16 35 44 12 19 49 0 0 7 10 1 119 22 1 6 0 45 1 3 1 12 27 5 4 508 6 10 9 7 1 36 13 0 19 0 0 75 1 44 3 25 17 0 0 13 6 0 2 2 3 0 0 34 0 
2 5 10 4 1 4 2 1 2 19 1 11 8 3 8 250 4 0 1158 33 2 0 18 0 0 0 0 1 1 8 0 0 9 0 4 5 3 4 9 15 5 11 8 13 19 8 1 1 107 151 1 4 0 4 5 3 2 2 0 1 3 0 7 11 
7 0 0 4 0 1 4 0 1 1 32 3 12 8 3 2 1 1 15 0 3 54 2 9 0 5 5 0 1 7 33 1 1 29 0 10 20 30 1 62 2 5 18 48 1 23 2 9 0 16 0 3 10 1 5 24 3 2 4 0 2 5 192 35 
2 1 0 2 7 0 12 2 2 1 12 1 5 12 43 6 11 9 11 2 1 1 1 21 1 27 0 1 3 18 29 3 0 6 3 8 0 3 1 37 40 0 1 11 1 1 9 2 6 3 17 12 8 152 4 5 115 3 3 0 5 1 6 49 
8 0 7 1 10 0 0 2 2 5 3 7 31 7 36 5 2 21 3 5 6 1 408 15 0 1 3 34 1 0 35 4 13 7 1 1 13 2 10 16 4 2 11 3 0 32 1 1 18 0 2 1 52 2 6 4 4 1 5 15 13 0 3 1 
0 25 4 0 7 7 4 30 17 0 235 2 2 1 0 6 10 9 1 15 23 0 5 69 3 1 14 13 22 14 22 0 6 0 8 10 0 2 15 6 2 8 3 12 1 0 0 4 21 0 2 0 1 0 2 6 0 32 1 1 49 6 2 6 
8 9 17 2 1 1 1 2 6 72 21 0 2 0 35 18 7 1 0 2 19 2 2 81 13 2 7 3 1 2 0 1 4 3 5 4 3 3 0 0 1 2 2 50 1 46 10 1 0 4 0 17 0 0 29 4 29 0 1 92 1 0 47 9 
3 3 16 3 129 12 2 9 121 0 1 5 8 76 10 6 0 0 5 5 21 1 51 1 1 6 49 4 9 16 6 7 11 0 6 3 92 0 11 7 5 2 1 5 0 2 14 94 5 0 88 5 1 4 32 3 3 1 6 9 2 31 14 41 
9 2 23 9 2147 4 1 6 4 19 0 18 5 2 0 12 35 1 8 18 0 5 1 2 6 19 4 30 8 2 5 1 3 3 0 3 2 2 1 0 9 2 2 1 0 4 53 4 3 22 18 4 0 1 0 125 65 0 0 2 6 0 26 3 
10 1462 1 0 7 16 3 2 3 17 5 3 41 11 1 1 3 0 14 3 4 4 1 3 6 7 10 6 27 0 2 9 3 6 5 2 1 5 0 1 8 8 5 2 1 0 9 17 0 1 12 1 10 3 1 13 2 6 4 6 15 0 1 1 
2 5 5 1 0 11 2 9 14 13 0 0 2 1 0 9 2 0 123 6 12 0 7 0 6 1 4 2 5 13 20 2 10 6 15 1 6 119 10 0 21 1 230 1 7 1 1 9 9 5 19 15 0 18 2 5 3 0 336 50 419 0 2 1 
1 2 5 4 5 89 0 14 0 1 98 18 50 1 53 7 2 23 10 4 1 0 11 29 3 3 30 2 57 1 77 1 11 1 11 2 0 8 3 2 1 34 1645 161 2 1 3 13 3 1 3 39 72 0 2 5 2 3 14 10 1 4 1 6 
1 101 37 1 2 13 11 0 1 0 0 13 1 13 0 2 4 52 2 0 1 2 1 1 0 2 11 0 0 1 2 1 4 85 2 10 167 4 1 52 0 16 18 3 0 6 0 7 1 1 6 11 10 0 2 69 3 4 69 2 6 2 1 0 
0 34 12 11 8 0 12 6 0 0 214 1 2 1 25 12 2 28 10 13 3 63 1 12 11 11 1 153 19 19 8 5 15 1 12 13 4 3 0 1 3 2 0 5 1 0 0 1 0 67 6 1 8 23 82 0 0 6 7 6 4 2 25 0 
16 13 7 8 9 41 0 3 8 0 1 0 1 12 0 3 9 13 31 10 1 10 32 6 1 2 7 2 26 9 3 12 1 1 1 4 1 6 2 3 8 17 0 0 636 4 31 3 13 968 0 2 1 0 404 26 0 1 5 6 1 179 62 8 
4 30 43 1 2 4 18 35 2 28 23 13 20 1 4 30 5 1 1 4 0 8 11 18 5 0 12 10 2 4 7 3 2 1 0 21 3 6 22 8 5 0 1 1 641 10 0 0 2 0 6 4 1 10 41 6 0 74 2 1 5 9 0 0 
2 129 14 28 3 2 2 6 3 0 9 11 5 12 5 2 9 0 32 0 35 38 1 6 0 22 6 13 0 3 29 2 2 7 2 3 0 17 0 20 5 15 1 78 2 3 4 10 2 10 2 6 4 564 9 1 0 6 24 6 6 3 0 9 
7 0 9 14 41 6 12 0 5 2 7 1 0 296 1 6 0 1 320 18 0 38 1 2 0 8 0 5 1 0 9 10 1 0 19 4 1 3 3 13 8 5 5 1 2987 62 11 16 12 1 20 32 12 1 10 2 1 5 0 0 7 4 21 0 
4 8 6 9 2 192 6 6 6 1 48 1 145 18 1 2 0 2 2 71 4 9 6 1 19 15 2 53 2 6 39 0 3 51 10 40 20 7 0 6 14 85 1 0 6 1 217 10 3 1 3 4 1 279 2 1 9 9 5 11 0 2 1 0 
1 24 0 2 2 2 56 6 1 2 5 11 2 1 1 1 5 9 0 1 1 0 2 29 5 5 41 33 0 8 11 1 1 0 11 0 1 7 0 4 3 0 7 6 1 1 4 1 1 2 4 0 1 1 13 1 1 1 2 13 1 3 23 10 
2 3 0 0 1 1 1 3 3 15 22 5 54 4 18 125 2 0 14 18 0 24 0 365 0 1 10 22 0 3 0 8 16 26 0 17 1 1 0 2 0 3 2 24 12 7 1 3 6 1 26 5 1 8 1 50 13 9 13 4 26 1 9 8 
1 2 4 1562 1 76 0 5 13 5 6 8 14 1 8 4 1 12 1 1 32 12 2 2 2 2 207 11 28 1 2 1 36 9 0 0 13 26 10 10 0 5 2 0 1 9 2 5 12 3 21 0 0 3 9 726 0 11 3 6 35 1 25 3 
0 1 131 0 0 9 11 26 20 5 4 6 39 38 23 6 1 0 25 0 4 14 3 4 21 7 6 6 3 212 6 26 5 2 4 1 1 15 17 14 7 9 35 0 1 8 1 8 2 7 10 7 61 8 414 19 1 0 30 6 2 7 932 1 
7 607 5 1 4 2 13 29 107 8 1 1 0 4 0 0 2 1 46 349 7 4 10 1 35 1404 0 2 1 1 12 13 1 6 13 6 18 8 50 2 17 0 4 4 1 0 0 3 2 9 0 1 0 223 1 3 191 3 10 8 3 0 71 2 
4 2 3 10 0 3 0 76 2 15 3 2 14 22 6 0 7 1 18 2 0 18 5 2 7 1 5 53 3 1 1 29 7 21 1 2 3 0 30 1 6 0 4 5 3 18 1 0 12 32 2 7 12 4 3 1 6 7 8 1 1 2 2 0 
0 0 1 6 9 3 9 13 0 6 4 7 0 4 0 3 0 3 5 21 13 5 4 5 7 2 28 1 23 0 124 1 261 2 0 1 3 0 34 10 7 8 14 0 1 29 10 4 5 1 8 18 23 10 8 0 0 8 6 2 1 12 5 9 
78 1 2 0 7 1 1 3 131 2 41 5 36 2 25 1 9 5 3 0 0 1 2 10 20 4 5 6 98 9 0 3 4 13 3 4 7 8 1 46 3 4 0 7 0 1 1 2 320 15 5 16 14 2 4 6 17 1 167 219 0 3 0 1 
5 29 37 0 1 2 76 0 4 5 0 3 25 48 1 6 2 1 23 28 1 17 34 10 551 0 6 3 2 12 28 2 17 0 1 3 0 6 6 272 1 24 11 2 1 10 0 38 37 1 0 0 6 9 0 8 2 2 7 0 15 10 0 3 
2 33 10 5 5 56 0 1 4510 6 12 2 33 1 2 4 4 24 8 7 18 1 6 1 5 46 2 5 1 3 7 3 0 2 2 118 6 2 34 1 2 33 18 4 8 20 8 1 0 13 6 11 21 191 5 32 0 10 2 1 5 1 0 5 
13 213 3 6 1 1 6 7 11 13 6 5 2 0 6 16 93 13 17 190 10 1 5 11 14 1 1 71 0 2 6 0 5 0 2 2 14 26 0 4 7 6 9 4 22 3 50 31 3 1 5 2 0 9 1 9 17 5 1 27 7 7 1 32 
5 1 1 14 0 563 1 27 24 25 8 5 40 12 10 8 0 3 43 11 3 6 0 2 3 2 2 8 35 0 12 1 1 0 0 2 0 2 3 4 4 1 15 1 2 266 2 6 1 5 4 14 34 10 0 105 6 5 1 35 0 1 15 3 
16 6 3 4 0 6 11 28 1 1 0 4 42 9 0 150 0 41 0 1 1 4 1 22 119 1 1 1 1 3 5 19 9 92 75 10 2 0 38 18 0 0 16 4 2 5 10 4 2 71 4 0 0 1 1 1 1 1 5 17 1 2 0 20 
0 0 3 9 7 1 7 0 4 5 1 4 16 9 75 0 6 0 4 2 16 1 6 1 7 45 29 3 4 0 77 1 40 0 0 1 1 34 6 0 0 9 15 1 6 3 0 13 10 22 5 1 2 20 52 106 7 4 26 1 0 9 20 5 
10 13 18 3 320 9 48 2 0 8 5 1 0 1 5 7 0 8 9 0 1 11 2 30 2 50 0 2 34 0 0 2 31 98 6 3 11 9 0 4 6 0 370 4 5 0 0 3 0 273 7 1 5 3 0 2 0 28 3 109 1 0 6 0 
0 4 1 3 2 3 5 8 1 7 1 0 10 25 9 1 4 4 0 11 3 1 4 14 0 2 0 1 46 0 86 6 0 0 0 2 0 113 1 0 0 6 0 10 1 5 12 22 9 3 2 1 0 0 3 0 34 0 19 1 6 2 8 6 
5 1 39 6 7 1 1 3 1 1 15 2 12 1 0 13 4 7 0 4 7 1 38 27 2 0 4 3 6 0 14 12 2 6 1 2 40 1 0 29 0 3 2 106 0 25 10 1 35 0 0 5 0 34 4 0 0 24 16 0 0 20 1 1 
4 1 0 0 1 7 56 19 0 19 42 6 4 1 0 6 0 1 3 3 3 4 5 3 7 1 158 2 2 3 6 1 9 18 9 3 0 2 41 99 1 3 5 1 5 1 0 7 3 30 11 2 54 2 1 11 3 329 2 1 62 8 24 7 
0 3 2 1 10 4 3 5 4 1 0 0 0 1 14 0 0 0 2 6 1 1 0 0 2 2 3 11 2 2 16 6 3 11 5 0 10 0 4 9 188 0 18 31 5 0 2 5 0 6 1 1 18 2 2 3 11 70 3 2 10 0 10 3 
9 1 0 2 9 0 268 1 1 12 1 10 20 4 12 3 5 4 56 17 0 2 11 35 99 2 37 10 1 6 10 0 5 0 8 0 95 1 1 4 0 1 2 64 4 0 0 4 2 5 4 5 0 1 6 9 71 15 30 215 2 0 3 4 
0 0 0 13 0 4 1 2 2 0 0 2 34 1 8 68 1 1 1 2 29 0 2 3 1 0 18 0 0 1 10 1 2 3 4 13 4 4 12 8 6 26 0 2 1 9 8 25 4 3 7 70 2 11 4 3 1 1 5 33 31 1 0 26 
39 5 11 1 2 13 5 5 1 22 10 1 3 3 3 4 0 0 1 0 3 9 1 134 1 1 2 8 1 11 2 8 4 6 0 31 10 41 0 12 7 26 0 10 1 0 34 4 8 3 26 1 1 1 4 3 1 0 33 13 4 0 1 9 
7 1 20 7 3 2 8 4 10 10 1 0 0 44 6 2 9 2 1737 382 7 0 2 0 16 14 45 3 3 4 0 11 8 14 1 1 7 3 1 15 80 8 160 9 0 5 5 4 1 13 10 13 2 6 1 2 25 341 10 22 5 110 30 1 
163 4 4 2 4 32 2 2 8 2 291 3 8 0 2 1 7 0 6 34 317 6 6 17 2 2 1 6 3 6 0 1 3 13 1 0 140 6 0 0 2 8 4 0 0 1 5 72 1 0 10 4 0 0 52 8 4 8 10 10 7 1 7 3 
3 1 5 2 2 77 39 2 14 3 0 10 1 1 11 1 1 3 3 0 3 3 14 0 164 17 1 25 1 0 4 3 9 2 0 0 1 31 1 2 218 3 5 24 3 0 13 3 3 8 969 3 7 7 18 0 1 6 2 1 1 5 0 6 
1 0 3 12 10 4 2 1 2 1 15 2 0 2 147 25 0 2 5 20 1 11 19 8 5 0 1 1 2 4 1 22 25 4 0 3 0 11 5 1 6 0 14 9 1 7 1 0 3 4 15 9 19 11 3 22 12 1 5 0 1 18 11 3 
175 9 10 23 5 1 9 23 1 4 1 13 2 0 2 2 20 237 4 0 4 7 3 0 38 3 0 8 16 13 3 41 2 1 2 19 0 2 1 1 8 182 10 33 6 2 4 3 8 4 26 5 0 3 10 15 6 3 2 39 31 0 6 5 
3 12 3 0 1 24 22 20 25 0 4 3 0 0 13 1 2 4 1 23 0 2 5 4 0 4 0 2 1 2 0 371 2 2 13 149 2 1 26 4 0 14 0 4 0 26 4 21 2 1 2 11 605 1 26 4 8 91 8 0 19 5 10 2 
3 1 18 2 10 2 1 0 67 4 3 2 147 1 8 0 1 34 1 3 5 12 3 58 0 24 4 1 3 4 0 16 0 188 0 54 7 27 1 1 4 3 26 9 0 5 1 10 13 2 0 6 1 5 5 93 9 7 7 1 2 6 10 0 
2 26 12 5 3 5 12 1 2 12 0 1 18 0 72 4 2 16 13 0 2 6 4 2 3 2 1 7 5 1 1 0 40 8 2 3 1 84 11 12 2 1 17 0 7 27 18 51 4 6 1 2 33 0 64 46 11 0 6 5 30 0 4 623 
4 1 1 7 1 35 1 0 1 0 22 2 17 7 1 1 1 3 9 3 1 1 2 1 2 1 59 15 0 0 1 8 6 0 7 8 1 1 22 6 2 1 15 14 202 0 2 0 5 3 3 1 8 3 15 0 1 1 41 3 3 18 18 0 
0 12 3 0 0 2 2 43 9 0 3 45 2 2 2 1 1 47 4 8 194 2 0 11 7 16 3 3 232 24 8 31 1 4 0 18 0 0 1 4 6 3 1 0 3 9 32 19 5 61 1 2 1 0 4 43 8 2 6 0 2 8 3 187 
12 1 0 25 14 58 83 30 7 0 6 1 6 7 1 8 7 2 5 5 9 0 9 0 0 26 29 40 16 4 1 9 12 3 1 17 25 0 1 26 1 2 2 21 5 0 2 8 1 6 0 0 1 6 0 3 12 0 2 5 31 3 37 33 
3 61 1 23 3 5 13 1 15 1 0 22 7 11 26 0 1 0 3 6 8 3 0 0 5 6 1 1 8 22 0 42 1 31 1 8 4 27 7 0 1 3 16 107 3 0 228 6 0 30 195 4 13 2 21 1597 10 1 21 5 14 4 8 1 
3 1 1 2 1 2 4 18 4 2 0 7 0 2 13 5 7 21 0 6 1 1 2 0 14 10 4 15 0 12 1 3 1 15 3 1 5 0 2 0 4 0 23 5 6 0 16 0 0 2 0 0 2 97 2 8 37 3 0 3 1 4 4 0 
7 7 9 33 4 6 1 10 1 1 91 0 3 14 0 6 17 13 2 1 9 168 1 15 3 1 39 30 2 1 1 0 3 11 3 7 1 1 7 86 3 0 14 37 1 4 3 24 4 19 0 45 1 4 11 4 0 3 3 11 0 1 1 27 
4 11 7 2 3 1 13 1 0 6 8 1 0 2 2 26 4 3 18 4 1 9 9 35 179 1 29 4 3 39 3 14 4 1 2 0 78 3 8 155 17 22 0 5 0 2 43 16 53 1 1 1 58 4 32 7 0 31 3 2 1 89 8 46 
221 1 100 5 14 0 8 1 3 9 38 8 1 31 0 2 7 4 28 4 1 19 2 10 6 3 32 0 7 1 10 1 0 0 9 2 13 0 11 2 1 5 1 8 0 32 1 1 6 0 1 6 79 0 0 2 0 2 2 32 16 7 4 12 
8 0 2 6 0 2 0 3 88 1 6 20 0 0 0 0 1 12 20 11 1 3 118 0 166 0 1 8 5 5 23 5 2 2 1 2 5 7 64 0 6 0 1 1 1 162 55 24 3 1 6 8 5 46 2 9 8 0 4 1 12 28 0 2 
3 5 0 0 1 0 8 2 3 19 2 4 1 34 235 0 2 108 1 15 27 27 12 2 8 5 23 197 9 3 3 2 8 39 0 6 18 4 285 8 1 1 1 1 0 2 189 4 1 16 0 8 0 2 1 1 2 4 9 7 1 4 5 8 
2 3 0 8 3 6 27 1 4 12 0 1 0 45 1 61 12 0 1 8 10 0 3 11 3 16 2 2 1 1 12 5 27 0 6 2 1 7 1 11 2 3 1 5 16 0 2 5 8 1 27 9 7 8 18 4 18 5 1 2 28 6 9 9 
1 1 3 1 1 153 0 7 15 0 0 1 2 2 27 2 2 6 1 5 4 0 10 9 0 17 5 3 0 75 0 1 9 1 32 0 15 6 0 6 30 1 3 61 0 0 18 16 1 3 39 3 42 26 4 7 38 16 1 2 2 8 1 198 
2 2 57 2 0 0 6 5 12 3 0 8 6 8 0 0 1 5 5 8 1 2 0 5 4 16 14 5 2 3 15 2 28 14 0 27 2 14 48 0 12 10 1 216 2 10 6 0 3 0 1 1 19 0 12 4 24 45 9 19 2 1 3 1 
31 13 90 3 0 6 3 0 4 0 0 1 38 1 11 5 41 2 6 4 1 7 6 26 0 6 15 4 1454 12 1424 5 2 4 15 4 28 2 3 21 3 3 6 0 0 6 17 0 12 0 12 0 23 21 1 1 348 0 4 2 6 6 0 6 
7 5 3 0 2 11 6 27 1 0 5 9 1 3 2 0 8 3 4 15 678 90 61 1 0 1 3 10 3 5 187 1 1 0 9 4 33 6 4 5 275 278 5 3 5 1 0 25 4 1 17 0 0 0 3 0 0 4 0 0 14 21 38 7 
36 1 21 63 0 3 194 62 7 1 0 1 3 16 1 1656 1 19 13 7 18 8 233 2 6 2 1 10 0 0 1 20 1 2 1 3 22 70 5 0 2 5 8 81 32 1 27 0 5 1 67 1 3 6 14 0 0 1 1 17 3 2 5 1 
0 2 0 2 0 0 11 0 2 754 8 0 0 21 5 8 7 7 4 8 1 11 3 6 9 5 0 1 2 24 5 0 9 5 6 3 33 0 7 184 2 1 19 6 5 0 8 31 5 1 4 14 3 1 6 23 3 1 23 0 0 9 28 0 
1 4 25 16 8 5 0 13 1 116 0 1 1 11 1 10 2 1 5 1 26 1 1 3 13 1 1 2 22 3 5 5 0 5 0 2 0 5 2 2 1 0 25 1 12 0 0 3 5 4 8 4 1 0 55 26 19 2 3 1 12 0 0 2 
0 0 0 18 3 72 5 6 2 1 10 0 7 0 6 13 6 1 0 5 2 6 4 2 11 6 32 226 1 6 1 35 0 49 10 11 0 13 35 3 12 1 1 6 1 2 0 3 4 7 0 0 5 17 4 0 13 1 10 40 2 1421 0 0 
11 3 1 5 1 2 3 0 9 11 3 4 0 6 8 13 2 11 11 34 12 1 0 0 2061 13 34 32 18 5 6 115 7 0 0 5 2 1 6 2 3 1 0 2 1 216 1 10 31 2 111 1 18 13 8 1 0 16 81 1 1 4 6 7 
10 2 0 0 0 3 7 2 0 8 4 4 0 9 33 3 4 0 6 3 13 9 2 14 1 0 44 0 15 144 1 1454 3 7 10 14 2 3 2 29 7 11 0 6 2 10 4 2 4 0 10 5 2 2 211 2 1 4 2 1 5 1 11 3 
2 0 2 0 9 1 2 5 3 7 0 14 3 2 177 2 29 15 7 5 0 8 1 1 2 10 9 2 2 53 10 0 1 21 11 15 8 4 0 9 0 1 18 6 5 12 1 7 2 2 117 7 37 0 7 3 187 6 0 11 111 12 61 4 
0 4735 12 0 6 13 5 29 2 1 5 12 3 1 25 3 29 4 6 10 2 1 0 6 1 1 0 38 3 4 4 25 67 0 10 1 3 8 11 4 40 6 128 0 2 2 0 0 42 5 9 10 14 1 4 0 3 9 1 144 7 0 2 3 
2 1 0 19 9 5 3 5 3 1 52 19 32 0 2 15 1 0 1 0 22 2 2 2 4 8 12 4 1 255 0 32 4 1 5 2 0 1 17 3 2 17 12 2 27 126 0 1 10 10 12 16 0 2 9 13 0 4 1 2 18 7 14 15 
69 9 0 6 1 16 5 11 0 0 5 3 11 11 0 2 3 16 13 112 54 1 0 1 0 8 2182 6 0 1 1 3 6 10 0 0 0 0 10 0 120 33 2 0 23 7 28 25 7 1 0 2 1 5 2 4 1 3 1 8 7 1 4 6 
0 0 0 2 8 1 0 4 190 0 0 0 35 19 9 146 1 0 5 1 0 4 1 2 127 60 8 5 0 39 127 0 1 70 27 68 0 0 0 10 0 0 3 1 15 4 59 4 7 1 0 0 4 3 10 8 1 41 3 2 7 0 5 7 
2 0 184 1 2 3 2 2 10 1 1 1 30 33 1 3 7 72 219 7 4 1 1 0 4 125 0 7 7 12 4 10 4 11 4 12 6 2 0 1 21 149 1 0 1 0 3 3 10 2 10 0 2 5 2 2 1 0 1 3 13 2 26 53 
9 15 39 2 21 1 3 2 3 7 2 3 13 4 1 0 45 32 2 1 1 31 5 12 2 1 0 10 0 2 6 10 3 1 10 28 21 3 0 22 2 1 2 4 0 11 1 3 3 51 0 0 2 4 2 77 1 21 34 7 13 3 50 5 
237 8 7 8 2 5 1 1 8 55 33 10 3 5 1 12 4 26 2 3 3 3 13 0 1 4 24 0 15 1 9 2 13 12 30 4 4 4 10 5 0 2 0 64 0 9 1 0 0 1 13 17 16 47 6 7 2 5 142 10 2 2 9 1 
3 1291 6 0 6 4 2 25 14 8 4 2 7 1 21 4 6 3 0 2 12 23 27 0 12 4 2 131 0 2 1 1 26 6 31 2 2 10 3 1 2 1 1 4 3 0 1 14 0 3 1 1 2 15 4 12 5 11 11 1 3 3 7 0 
2 2 13 0 2 1 0 273 1 1 7 0 1 8 0 5 5 0 0 3 19 0 6 9 5 219 3 1 2 13 1 1 9 8 2 3 34 4 10 0 9 7 1 2 5 14 11 33 272 10 2 0 6 1 1 45 0 13 2 7 9 25 18 1 
2 0 2 5 2 18 22 2 2 8 5 10 3 7 16 11 9 2 3 0 1 8 217 65 3 8 42 2 38 6 2 0 4 4 1 0 1 2 51 1 2 17 1 12 1 2 4 0 4 1 1 4 5 1 1 121 17 155 2 4 2 3 1 25 
2 0 26 93 3 9 1 2 5 0 1 6 5 3 3 32 0 10 19 7 33 8 2 0 2 21 3 1 10 7 13 4 7 34 0 1 19 0 1 4 1165 0 38 99 47 36 1 41 9 6 96 5 2 2 47 2 16 4 2 33 2 15 2 1 
3 0 1 22 1 13 1 12 0 0 0 0 14 1 1 1 2 51 3 1 1 5 9 4 0 1 7 2 40 1 0 17 20 1 47 11 1 31 0 23 17 120 16 2 1 0 47 17 17 2 6 7 21 2 1 14 4 2 9 2 3 33 4 3 
17 2 16 1 2 0 4 101 4 89 14 3 0 9 24 3 30 0 2 11 2 189 1 5 4 1 6 11 0 2 58 3 8 0 9 2 0 68 0 7 16 11 12 16 11 0 11 3 80 156 1 0 73 19 6 4 36 0 3 3 10 1 1 0 
1 11 10 2 9 8 3 30 178 0 4 1 4 6 21 1 1 2 45 1 13 3 1 2 18 1 1 3 35 40 21 0 29 3 13 4 0 16 1 2 3 2 2 5 26 14 18 10 9 13 8 2 7 24 2 48 157 4 10 4 0 0 21 10 
7 7 9 4 6 0 0 1 0 2 0 2 3 0 132 4 35 11 15 22 3 3 0 15 10 9 2 0 6 2 1 2 1 0 32 6 10 1 2 0 2 3 3 4 8 23 5 15 6 11 1 0 1 4 5 15 0 3 2 4 33 21 42 3 
3 0 2 10 3 0 4 54 1 5 144 1 0 3 1 77 12 1 1 74 19 36 8 2 5 5 3 14 2 0 1 724 17 0 4 1 0 2 1 3 0 7 18 203 5 5 12 46 1 19 2193 3 4 1 15 4 4 5 2 12 0 0 1 3 
32 16 0 9 5 0 2 0 12 4 8 1 12 7 6 0 1 1 2 3 19 8 2 12 14 10 26 23 6 0 7 1 3 6 12 2 17 1 22 12 232 3 2 8 1 18 0 19 1 1 1 13 2 6 5 3 2 0 0 9 7 2 4 23 
7 4 15 6 2 2 1 0 0 0 25 4 2 30 27 2 2 22 1 3 9 0 422 561 0 0 4 52 3 31 2 1 9 11 2 13 1 22 76 15 7 13 3 9 0 4 0 2 0 56 1 4 0 1 5 31 43 4 10 1 1 4 0 7 
6 20 0 3 13 3 1 13 1 2 0 0 0 56 0 18 0 22 71 14 8 30 15 3 10 15 4 7 4 1 49 2 6 28 3 1 85 4 11 3 2 1 7 3 644 18 22 15 9 190 5 2 1 5 4 1 1 12 1 1 1 11 60 11 
2 6 3 2 1 1 5 1 8 8 0 6 13 0 0 3 4 0 1 0 5 4 3 0 116 3 19 0 45 5 15 0 58 1 6 2 4 21 4 3 23 0 1 1 9 10 51 0 42 0 2 1 3 19 43 1 23 2 24 9 1 2 1 1 
171 6 4 31 13 7 0 7 0 3 3 3 16 1 63 0 0 3 0 67 2 0 88 25 0 4 71 16 0 22 14 63 27 0 2 0 2 12 0 1 1 0 2 10 0 0 3 20 31 1 16 1 22 53 33 86 29 36 1 31 38 6 25 34 
0 0 7 16 24 3 1 2 5 4 0 1 2 7 5 1 1 325 23 3 7 6 0 13 14 0 1 0 0 37 8 1 0 1 21 19 9 8 2 2 1 4 5 0 3 12 7 13 6 0 3 4 2 11 12 17 1 0 0 17 0 1 2 12 
1 43 1 2 1 0 3 8 2 1 9 5 13 10 4 22 3 11 2 1 2 8 1 6 17 6 19 16 22 7 10 2 2 1 9 4 6 4 7 73 2 11 1 5 2 29 15 0 0 10 3 1 14 1 12 1 13 1 2 2 6 0 24 0 
1 17 12 1 2 2 10 10 146 1 35 0 6 1 93 3 1 14 1 10 34 3 3 2 2 1 4 1 7 6 4 37 4 2 58 14 5 3 0 0 2 0 68 1 0 6 0 0 26 1 7 3 4 3 141 6 3 4 5 0 2 8 11 0 
0 0 2 2 9 3 24 11 23 2 9 1 61 2 3 0 1 12 2 0 2 0 73 5 7 29 1 3 1 8 5 27 2 6 0 1 1 3 0 3 3 0 5 6 30 1 3 1 0 4 5 1 4 35 1 0 0 2 61 3 9 2 5 0 
3 9 4 7 4 0 0 1 2 2 1 6 32 2 17 41 8 13 3 5 9 1 24 1 1 43 4 1 11 1 1 6 1 2 9 2 14 11 7 3 1 10 12 0 45 0 11 0 15 2 14 5 22 14 2 7 13 9 2 1 3 5 2 11 
144 1 3 1 4 0 1 11 2 1 3 34 10 52 11 15 4 10 1 1 3 8 2 3 21 3 2 0 69 2 2 26 9 1 2 3 1 0 0 5 1 52 4 5 25 2 28 2 18 3 7 1 7 0 0 1 1 8 0 4 4 2 13 8 
2 14 41 3 32 35 1 26 29 12 1 7 54 2391 8 1 10 1 0 1 7 0 23 2 4 2 28 5 2 11 0 0 5 3 0 183 4 1 22 40 3 0 0 2196 0 6 1 6 18 4 0 2 1 0 17 0 0 0 6 3 0 0 0 3 
0 1 251 2 21 2 0 4 23 2 0 7 1 4 16 2 9 8 0 4 25 9 3 1 4 8 7 6 1 5 2 5 249 2 0 0 0 2 3 0 71 1 8 16 0 34 1 15 0 2 19 9 0 3 1 24 0 0 4 6 2 0 1 3 
2 6 0 1 1 4 2 4 1 6 2 7 1 12 0 8 33 1 0 2 5 36 5 12 0 148 2 8 0 10 0 0 72 3 6 0 3 12 9 5 44 1 37 2 1 189 1 1 9 2 1 14 6 1 2 0 13 3 1 7 4 4 4 16 
6 1 2 14 9 2 15 0 1 1 3 1 1 8 3 1 23 2 0 43 4 23 5 48 6 0 10 14 11 10 2 0 0 8 11 18 3 8 7 1 3 24 13 37 1 2 3 20 2 25 22 21 1 1 37 0 48 1 5 4 10 1 3 24 
2 1 1 1 1 0 2 2 130 2 1 1 0 0 0 7 9 6 20 0 22 2 0 285 15 2 0 34 15 5 11 26 3 7 5 39 0 9 0 6 99 15 4 7 19 3 2 1 19 13 19 3 1 0 0 55 23 4 1 311 1 13 1 1 
1 6 51 8 27 7 1 10 14 0 14 13 45 1 4 0 0 32 1 1 3 0 3 23 39 0 12 4 7 1 1 566 13 7 0 5 11 5 1 11 20 8 0 5 1 2 21 9 4 4 1 15 4 29 1 1 4 12 17 0 1 8 0 4 
3 4 1 63 1 1 11 2 0 1 18 6 1 13 0 0 2 4 11 1 1 0 5 3 19 21 2 7 4 0 1 4 48 54 18 35 9 0 119 31 5 4 21 11 1 2 3 1 6 3 0 0 8 0 8 8 0 5 47 2 4 8 1 7 
0 13 1 4 9 2 75 3 15 21 5 1 3 6 1 8 87 1 6 0 2 10 0 6 0 15 1 4 5 29 2 0 4 2 2 0 6 48 15 1 33 4 9 0 5 2 9 15 0 15 52 2 5 88 5 39 48 3 6 13 7 1 0 19 
16 2 0 19 1 470 1 2 17 5 1 7 17 7 2 0 0 7 12 1 61 2 30 1 33 0 44 3 0 0 15 97 5 2 3 0 20 8 0 1 1 1 2 6 8 6 207 0 3 2 3 28 6 0 13 8 4 14 2 0 17 15 12 2 
0 5 7 0 1 11 0 0 3 3 1 9 6 637 9 20 6 0 16 9 4 2 3 19 4 4 8 33 1 9 1 1 2 22 8 10 2 1 4 8 1 5 18 1 21 7 2 2 8 11 8 13 1 1 22 16 10 0 0 9 5 17 2 2 
0 2 9 4 9 2 4 0 2 1 6 13 0 1 0 8 5 9 0 2 16 8 686 7 2 4 0 0 1 0 13 1 14 2 0 1 7 11 10 1 19 0 14 4 28 2 24 2 2 5 3 25 432 3 0 0 6 1 1 0 19 11 1 3 
4 1 0 6 1 14 16 19 0 2 1 0 0 33 0 44 13 6 20 20 1 164 0 14 0 19 0 10 6 0 1 1 1 2 2 4 6 3 2 3 18 2 138 15 0 279 4 4 0 39 3 12 1 7 9 25 1 11 5 0 20 1 0 284 
2 7 19 4 3 14 4 0 6 4 1 131 0 2 1 31 2 1 0 16 1 6 43 12 28 7 3 8 1 1 1 7 15 2 7 2 57 0 1 4 5 0 1 0 3 34 4 0 1212 10 14 2 18 0 5 0 19 31 0 1 27 0 4 11 
3 0 0 6 0 3 153 23 2 5 0 22 1 3 3 1 1 2 47 1 2 2 0 5 44 8 26 15 57 603 1 1 21 4 0 4 1 1 0 4 3 1 2 1 3 0 3 1 0 4 0 4 1 0 1 1 59 0 27 0 0 7 0 2 
629 10 21 6 4 6 2 4 6 1 2 0 4 1 4 0 5 78 8 3 1 25 35 6 10 0 1 14 4 1 0 2 2 0 5 13 3 12 12 7 24 2 11 4 55 1 0 8 9 31 355 0 42 32 7 27 1 8 0 3 1 1 0 3 
0 4 1 11 2 3 3 4 32 2 15 14 0 28 11 4 1 1 2 4 0 7 3 17 31 1 0 4 4 13 1 6 25 4 24 1 0 2 3 0 9 4 8 0 4 5 0 3 4 1 1 1 112 2 16 0 5 6 0 50 3 0 13 2 
5 2 41 0 6 18 0 71 1 3 6 3 18 69 38 16 13 2 13 17 0 5 0 5 26 1 172 115 10 0 13 34 30 1 4 1 2 0 4 7 15 3 2 4 7 17 7 6 3 7 1 12 7 7 0 1 6 0 2 1 88 10 10 42 
40 11 3 5 5 1 11 5 3 3 1 6 4 7 289 3 3 8 0 56 18 3 16 34 12 2 11 11 9 1 1 0 2 0 20 11 10 2 4 1 4 2 5 4 0 20 2 5 2 26 9 0 148 2 2 6 2 1 4 45 287 66 6 22 
2 0 5 21 36 5 13 1 3 7 232 0 3 1 147 2 14 12 20 6 20 1 2 6 0 8 26 2 2 0 2 0 22 5 0 0 3 7 59 9 120 1 32 31 0 1 11 25 5 125 351 5 16 0 6 4 0 14 24 11 0 0 2 11 
3 2 7 4 15 4 3 1 6 37 4 3 5 0 2 2 48 2 1 11 13 15 4 0 2 13 0 0 1 2 0 23 3 2 1 47 1 8 25 8 2 5 3 14 2 15 7 41 4 0 16 0 9 2 5 3 0 29 0 2 9 3 13 115 
5 1 7 11 18 0 18 2 9 4 21 3 0 3 3 14 0 6 4 1 10 3 1 3 10 4 2 5 2 12 13 3 2 28 64 7 0 0 1 0 0 15 5 0 4 12 11 8 12 1 18 29 16 15 4 2 5 5 0 30 1 0 6 5 
40 90 0 0 1 16 16 3 2 7 0 0 6 6 2 1 1 1 5 1 2 0 253 0 1 0 36 6 4 14 4 8 0 0 3 0 6 0 1 1 6 0 5 22 10 12 11 1 1261 1 1 9 11 5 18 5 4 4 2 0 0 88 2 1 
4 1 22 36 2 1 6 2 17 0 8 15 4 101 10 2 3 7 1 8 9 1 2 2 2 2 4 9 9 6 3 1 18 8 1 0 4 2 6 29 3 47 1 9 22 2 2 1 0 9 0 5 2 0 4 0 3 0 0 16 1 2 3 2 
17 7 1 37 5 3 1 9 0 15 66 210 17 7 8 1 6 28 7 10 13 1 2 0 2 3 1 3 19 0 1 11 4 0 11 6 4 1 1 2 21 11 4 4 10 4 21 0 0 14 0 5 1 0 0 34 4 4 0 0 1 22 1115 0 
1 8 10 0 13 0 6 2 31 45 3 4 3 12 2 105 111 3 2 30 9 2 4 18 41 4 24 0 6 19 0 1 20 0 2 3 2 2 1 3 5 33 47 3 44 21 6 30 21 5 0 6 5 1 4 7 0 1 6 3 0 5 0 65 
6 2 1 1 10 0 2 2 11 42 5 28 0 14 7 48 31 21 3 0 11 1 13 0 16 3 1 0 1 1 0 3 1 6 2 5 2 5 2 6 1 3 17 20 0 8 3 1 0 1 2 2 4 13 72 10 4 3 1 6 1 11 4 3 
2 1 0 3 0 10 6 1 2 2 2 0 7 0 5 10 242 6 5 40 4 6 0 0 7 1 2 0 6 268 1 97 1 9 7 10 1 9 0 2 3 1 0 2 1 5 58 13 9 17 0 0 5 9 16 47 0 81 467 1 13 3 6 11 
2 27 442 2 4 3 1 1 10 6 0 7 1 2 2 1 2 3 1 0 0 1 6 0 0 5 5 2 4 14 55 11 9 6 1 0 5 2 2 2 38 14 3 3 21 1 5 11 14 35 1 0 1 5 1 0 0 16 4 7 4 2 0 2 
0 15 0 2 0 29 2 38 59 11 2 9 1333 4 1 8 2 0 2 8 92 21 1 17 0 3 3 2 2 1 0 16 11 2 12 0 0 1 1 0 16 4 11 0 2 15 19 6 5 2 13 30 2 40 2 4 19 3 3 0 3 7 9 10 
4 82 33 2 2 14 4 1 0 2 7 0 4 9 3 2 2 7 6 3 0 1 7 1 13 0 9 2 35 6 3 2 2 3 6 0 2 3 2 0 0 7 1 0 0 0 1 23 4 197 2 6 88 1 8 9 2 1 25 9 1 3 1 2 
6 29 13 2 1 5 23 2 2 5 1 3 0 3 9 3 13 5 6 10 18 4 5 9 2 0 0 9 105 2 9 27 8 2 1 0 12 2 1 9 20 0 36 20 1 10 24 3 2 8 1 275 15 1 0 0 0 0 0 1 2 0 13 2 
0 3 48 10 5 34 172 10 71 3 24 9 13 1 3 2 14 9 12 3 0 14 0 15 0 2 27 2 1 1 10 0 41 5 1 1 12 4 21 2 49 3 15 11 8 1 7 3 9 6 6 9 0 33 3 2 17 62 1 4 6 4 8 2 
5 14 6 2 1 1 1 0 1 3 0 8 0 5 1 0 1 4 2 0 31 15 0 8 82 2 2 3 7 1 6 15 4 0 1 5 4 9 9 10 8 1 0 2 9 4 16 11 1 4 0 1 383 0 3 39 0 4 2 1 25 3 0 30 
1 2 0 0 1 5 72 1 5 3 4 1 5 4 43 6 2 1 34 1 7 3 6 0 1 2 7 8 5 19 12 1 47 6 13 8 2 3 0 15 114 0 8 0 124 15 5 6 0 12 2 12 1 19 8 27 0 36 9 2 2 10 4 0 
4 4 9 26 3 20 5 2 2 17 1 1 1 0 0 0 3 39 1 0 2 2 1 8 82 2 1 0 2 0 7 7 18 12 23 0 2 2 9 6 2 3 0 1 0 2 1 7 0 1 0 1 0 1 2 11 1 0 52 49 2 9 8 3 
2 0 62 7 63 0 3 8 1 150 0 7 0 3 7 1 0 3 0 0 1 2 0 3 15 8 2 8 2 1 4 24 10 0 15 51 17 14 14 2 5 0 1 3 27 18 14 2 37 1 2 131 8 4 0 11 1 5 6 2 2 40 22 0 
3 10 0 37 3 1 26 44 0 30 355 8 10 8 1 16 6 16 9 5 59 39 3 7 5 21 51 0 0 1 0 16 2 3 14 0 34 8 1 9 9 5 1 0 19 8 8 2 4 1 3 33 6 8 1 0 3 0 8 1 25 2 1 4 
0 6 2 1 23 0 5 72 7 11 2 2 0 9 5 155 0 35 1 2 1 5 0 3 0 1 11 5 11 1 0 9 1 79 3 1 9 10 1 47 1 8 2 6 0 3 7 86 13 13 2 4 32 0 5 4 1 2 80 4 5 3 48 5 
9 1 0 6 8 5 3 5 12 16 33 1 2 2 0 39 7 2 12 0 2 32 9 1 22 16 5 0 2 0 10 2 2 9 6 2 3 4 9 0 11 3 1 1 2 13 8 7 0 1 0 2 12 0 0 2 6 5 1 0 3 2 10 1 
4 3 0 0 10 2 0 8 0 0 2 2 39 119 40 3 1 2 1 12 0 2 16 3 1 5 13 1 68 3 1 0 0 3 26 38 0 22 13 18 4 1 0 1 2 4 1 8 2 41 6 1 6 1 6 1 4 3 2 3 5 10 1 9 
28 2 3 23 4 2 3 10 13 6 9 10 16 790 0 3 34 1 2 72 2 3 4 26 24 19 11 2 1 2 5 3 0 14 0 2 0 3 0 1 0 0 3 1 19 4 8 4 11 3 7 0 1 1 22 11 15 2 4 1 1 0 5 3 
0 110 0 1 10 2 33 1 3 5 0 0 34 5 12 28 4 14 3 1 79 0 0 3 1 33 0 10 4 1 10 4 1 3 14 0 2 14 23 2 6 8 28 4 6 2 11 1 13 6 0 2 9 1 195 0 2 5 7 50 4 1 3 52 
128 8 6 85 1 26 1 2 0 4 4 1 3 1 6 3 26 5 12 1 0 0 25 5 10 61 2 10 7 25 2 3 0 2 10 0 0 4 1 9 0 0 2 1 10 16 100 7 13 779 8 2 3 22 5 36 3 9 27 6 10 1 104 0 
3 2 5 1 0 9 101 2 8 1 23 7 0 0 0 36 5 7 18 3 0 4 0 0 1 8 2 0 9 13 8 1 4 1 8 20 11 0 4 3 0 10 0 22 0 1 7 5 16 1 3 1 32 67 4 2 1 13 5 27 9 1 2 0 
21 3 127 219 1 8 0 0 1 22 10 7 3 2 0 1 10 7 2 7 7 3 11 9 0 22 0 0 1 5 7 3 5 16 2 5 1 0 2 3 2 9 0 0 0 0 1 1 1 124 10 0 3 0 2 9 0 5 1 5 57 0 1 6 
0 10 7 164 0 5 166 4 121 21 6 2 33 32 8 3 1 1 4 17 92 0 5 1 12 21 1 2 8 20 2 4 0 58 268 1 2 1 1 3 19 2 4 7 8 0 1 1 1 3 6 17 1 0 7 25 9 2 0 7 1 11 2 1 
1 1 8 5 4 2 0 0 3 9 3 1 1 2 0 0 17 0 1 4 0 6 0 31 21 2 0 1 11 45 3 4 5 1 7 2 6 7 16 1 1453 6 0 12 15 0 8 436 1 3 0 8 1 3 13 1 1 4 15 2 5 6 1 3 
8 5 0 8 1 78 7 20 15 0 1 1 4 34 37 7 4 0 1 3 2 3 1 20 43 0 16 14 8 11 10 1 0 10 2 3 9 2 2 1 7 10 1 2 11 6 12 11 0 2 25 8 1 0 69 8 1 5 3 9 44 23 1 4 
21 4 10 2 32 1 0 6 35 1 3 2 0 23 12 4 1 66 7 0 2 308 2 2 92 1 12 0 0 2 5 4 4 53 71 7 2 15 6 3 5 2 18 37 40 0 7 37 12 18 7 0 11 0 3 0 2 4 5 14 4 0 8 3 
11 2 1 0 4 5 3 1 8 0 0 0 0 3 7 0 1 45 1 8 1 202 1 1 0 8 5 4 6 4 0 6 18 92 2 9 1 16 0 2 5 0 6 12 3 3 8 0 86 5 42 332 10 5 8 6 15 0 2 1 4 29 3 1 
1 0 23 30 10 5 6 11 23 29 1 19 26 0 18 1 4 2 0 1 19 3 11 0 11 7 0 33 1 1 7 11 3 5 6 9 0 17 0 19 1 17 1 4 7 27 16 10 6 5 7 2 1 0 1 7 0 0 14 2 4 15 8 4 
25 1 11 21 0 21 2 5 3 5 4 1 0 15 1 6 10 4 1 17 21 212 2 2 8 6 2 2 9 13 3 2 0 9 0 10 15 9 4 13 0 18 14 4 58 23 3 7 5 2 1 5 80 9 22 3 13 7 27 1 4 0 0 32 
3 51 0 1 5 3 1 11 31 11 6 0 0 1 3 3 0 0 4 3 99 4 17 2 31 2 0 6 3 1 21 12 19 0 3 1 1 2 4 11 32 37 0 0 0 6 679 15 1 1 1 54 2 12 13 28 11 2 4 15 7 4 1 6 
5 7 0 7 13 10 1 0 5 4 0 0 1 10 0 3 2 1 0 193 3 13 37 2 5 36 6 5 4 7 10 6 7 4 22 2 2 8 27 0 2 14 3 19 0 1 2 7 20 2 3 8 13 11 7 3 2 9 4 1 0 2 1 18 
60 3 24 0 4 3 6 3 33 1 111 2 80 222 0 4 0 0 12 7 23 54 2 4 6 0 4 62 3 5 3 7 13 7 0 5 0 21 7 14 28 3 2 10 2 44 0 4 9 0 11 5 3 4 9 0 4 3 0 33 27 4 14 1 
3 1 32 28 0 9 95 5 3 15 0 5 11 3 0 5 0 1 2 2 6 1 27 2 2 12 14 0 2 2 0 4 0 1 0 28 78 14 1 0 2 21 2 11 11 6 7 0 0 4 10 95 31 1 6 7 1 2 11 3 1 3 4 7 
2 34 0 6 1 65 243 3 2 0 3 0 0 8 16 3 10 77 1 15 383 3 98 3 82 1 0 3 76 7 163 4 11 1 18 12 32 37 18 2 5 1 2 5 4 1 9 6 1 1 11 2 1 7 0 5 22 42 5 2 2 9 3 5 
2 8 5 0 143 13 23 3 0 2 19 33 8 5 5 1 1 10 1 76 13 7 14 2 0 16 1 1 48 2 0 2 2 18 0 5 1 2 313 11 7 1 0 10 14 0 23 0 9 80 2 3 1 10 58 121 2 15 9 1 2 4 4 5 
1 11 306 4 4 15 97 201 4 4 0 14 1 0 2 9 33 2 11 4 20 6 6 9 1 1 61 3 7 10 7 4 0 0 1 7 122 19 4 4 3 2 4 8 4 0 22 2 14 1 2 36 10 6 6 22 4 3 9 4 130 19 5 1 
1 10 0 0 117 43 6 1 3 960 0 7 9 2 13 8 0 9 16 70 1 1 0 1 1 25 1 0 0 5 17 3 1 1 27 13 3 1 20 50 281 12 0 5 26 1 2 0 1 17 0 4 1 12 2 13 2 1 2 6 1 1 7 13 
7 2 3 1 792 3 1 10 0 6 2 3 37 0 0 0 0 0 12 0 2 40 1 1 3 8 0 7 0 1 1 4 2 25 1 7 4 4 0 5 21 3 4 11 100 33 2 3 2 4 4 2 83 88 2 1 2 1 4 1 7 0 0 2 
3 7 29 18 23 0 7 0 33 2 5 2 8 3 24 25 0 21 51 31 1 30 0 11 7 0 15 4 1 10 9 26 8 0 0 64 7 0 4 10 1 2 0 89 7 2 6 13 296 0 1 4 6 3 0 6 9 5 3 4 0 1 0 3 
2 32 133 1 18 2 1 2 16 7 7 138 5 47 11 147 6 4 20 1 0 4 18 6 7 10 20 2 2 11 1 7 1 0 1 2 6 1 1 2 201 7 2 1 1 22 2 5 1 0 13 4 70 4 2 1 50 7 1 0 0 1 31 4 
7 1 0 1 1 38 2 1 4 0 11 17 2 6 25 5 5 1 46 2 6 2 4 0 1 9 0 4 2 1 6 2 0 0 9 40 1 20 2 25 0 6 16 11 21 8 0 19 1 3 1 8 2 16 53 2 1 0 0 1 2 17 1 30 
1 2 2 1 13 0 4 16 72 0 1 0 13 7 8 3 9 37 2 1 2 31 1 1459 3 19 3 2 20 9 10 10 39 13 11 1 1 5 2 7 181 1 7 1 0 0 80 1 10 7 13 2 0 0 1 11 3 2 0 7 30 8 1 5 
0 2 0 4 9 0 12 138 5 11 1 4 587 14 326 9 0 11 13 44 2 4 3 27 24 2 11 10 1 0 2 1 11 2 0 8 12 0 10 0 25 5 10 13 3 3 2 7 0 0 2 3 20 2 1 79 4 0 59 4 0 2 8 8 
1 73 28 9 1 0 8 18 7 2 65 3 1 9 126 2 24 1 56 0 112 6 58 13 2 17 2 3 12 23 50 2 17 1 1 2 28 4 1 1 2 7 3 4 39 2 1 9 8 8 0 4 8 1 1 14 13 5 0 0 1 2 22 5 
1 3 8 89 17 1 0 1 2 22 1 2 7 2 31 11 6 1 3 2 5 4 2 1 0 3 0 2 9 11 9 6 11 30 2 1 1 0 0 4 2 0 3 0 5 13 175 0 0 3 2 28 7 6 10 12 1 0 3 12 38 22 3 9 
10 0 21 15 10 10 12 24 21 4 4 2 50 28 2 19 6 0 44 2 4 19 0 2 1 7 21 2 0 0 2 1 33 1 5 0 4 4 5 6 19 70 1 5 11 2 5 0 3 5 7 105 3 24 0 3 1 6 1 4 4 4 6 24 
1 7 1 2 7 1 27 0 0 7 20 1 8 0 0 1 0 32 4 1 1 1 36 0 14 1 134 0 2 0 0 7 16 1 7 0 5 3 7 4 1 1 3 0 9 0 0 0 3 23 2 9 1 5 4 0 0 5 0 1 1 0 10 3 
9 19 9 34 5 4 0 1 23 5 56 16 1 0 124 3 2 2 4 28 7 1 6 4 6 35 0 0 11 0 2 3 4 5 1 0 2 0 4 3 24 8 21 4 2 3 0 6 4 18 132 2 17 1 2 3 4 5 6 33 3 42 0 0 
21 0 2 2 1 0 9 8 8 2 10 2 3 2 2 7 22 2 6 1 10 1 6 0 2 12 6 0 6 1 0 0 3 25 12 3 1 6 5 7 3 2 18 2 12 2 6 3 2 2 1 3 3 1 4 4 21 8 0 30 12 4 2 1 
7 140 3 0 3 17 22 26 1 0 8 2 1 2 3 2 32 17 13 1 1 1 6 10 0 6 7 7 10 15 1 2 3 0 8 10 0 11 1 6 0 0 0 8 4 5 0 2608 2 6 36 25 2 26 1 0 3 4 5 13 1 5 17 4 
6 0 6 2 11 4 1 19 3 24 4 5 77 2 7 9 3 59 3 10 6 8 14 1 1 2 6 1 41 6 6 4 0 1 7 12 4 1 2 18 4 0 2 9 2 8 7 1 1 2 15 1 11 38 2 2 49 24 11 2 0 7 14 17 
5 1 513 3 10 0 2 18 6 7 0 0 2 6 3 21 28 9 0 3 6 2 3 2 10 0 2 2 1 4 11 8 113 3 3 0 7 2 23 0 1 5 0 2 5 1 1 49 3 4 2 4 2 0 3 21 56 0 13 31 8 0 1 12 
5 16 37 1 14 2 7 8 0 8 8 22 0 4 11 3 34 2 1 2 12 3 1 8 11 21 0 1 1 18 2 12 15 55 10 5 5 0 9 3 1 2 1 1 1 1 2 10 0 199 41 10 1 0 0 1 4 4 2 10 2 17 6 8 
0 4 0 1 5 4 25 1 17 7 2 0 0 0 0 2 7 0 0 9 0 5 1 3 1 4 63 2 6 99 5 21 10 1 20 3 24 7 15 1 0 3 0 2 2 2 0 0 16 30 4 3 2 0 3 8 4 1 5 4 10 10 4 1 
30 3 27 8 79 114 5 14 0 11 1 4 18 0 4 2 11 4 0 48 1 7 0 2 6 12 5 1 14 3 19 20 1 3 5 5 3 1 39 90 1 2 11 7 0 0 1 5 1 7 2 6 22 1 3 18 1 169 19 0 42 4 4 3 
29 0 17 5 4 8 7 5 5 2 1 31 0 2 29 44 10 7 9 34 7 2 7 10 10 2 0 2 78 0 12 31 2 359 1 2 3 0 3 0 5 2 2 15 2 0 0 3 6 52 1 7 1 2 1 6 18 0 72 7 29 0 2 1 
2 6 32 0 47 3 0 7 2 0 0 3 4 2 1 0 12 2 28 3 1 26 6 32 1 0 2 6 0 0 7 3 2 1 0 2 1 3 6 52 13 1 2 0 1 1 0 2 14 11 90 2 7 13 4 24 0 1 18 19 5 12 1 10 
0 1 0 2 8 0 2 0 18 1 16 14 33 7 0 4 17 26 3 1 6 69 20 1 1 11 0 6 0 0 4 6 0 2 13 45 9 0 1 0 11 29 1 24 0 4 5 0 4 4 7 2 6 3 0 3 2 5 2 23 61 49 5 25 
8 5 0 7 20 3 6 4 3 5 0 31 11 10 1 1 1 26 26 7 0 4 5 5 2 3 1 36 356 2 3 2 3 17 0 2 11 0 3 6 0 5 19 4 4 1 2 3 2 1 11 24 2 1 0 132 4 21 2 28 1 24 0 2 
4 28 52 6 1 6 28 5 1 26 44 3 8 41 1 3 8 5 325 12 3 11 23 2 18 0 2 1 37 94 0 1 4 3 1 0 36 1 2 2 3 3 18 7 9 0 8 1 21 11 23 24 10 5 1 26 0 0 1 0 0 74 2 1 
2 6 1 1 0 1 5 8 0 2 105 2 20 24 6 1 32 4 0 1 3 1 2 107 1 0 307 4 3 15 0 22 1 0 0 1 17 11 0 1 3 4 9 1462 14 1 2 222 1 14 4 5 9 5 0 3 0 2 3 9 0 2 36 10 
7 5 3 9 17 7 3 0 29 70 0 14 0 29 8 0 9 1 3 1 41 3 6 8 49 22 1 1 15 9 14 11 1 25 9 125 0 3 11 10 9 6 0 1 2 1 4 0 1 0 0 98 22 5 1 3 89 10 1 11 14 10 0 3 
2 0 96 0 2 9 20 1 4 1 34 1 2 3 4 1 13 4 0 6 1 3 5 2 1 1 99 0 0 0 0 0 3 500 2 0 2 2 22 269 90 1 7 6 38 0 26 56 3 7 32 1 58 2 3 0 2 1 14 7 1 2 0 1 
0 0 4 11 5 49 22 3 10 11 16 5 1 0 2 20 4 4 191 12 2 41 2 1 3 29 18 7 38 5 19 0 2 103 4 2 0 4 1 3 1 1 1 3 22 12 7 9 9 217 5 0 2 0 2 5 361 3 1 1 2 49 0 25 
1 3 2 4 2 0 0 5 6 15 2 3 20 8 2 0 0 1 4 14 15 4 9 16 150 3 1 3 2 10 1 0 1 1 0 2 71 8 4 5 20 1 0 113 0 1 3 0 0 2 6 3 1 0 0 2 0 16 69 3 2 35 9 0 
5 85 18 41 303 2 0 2 2 0 428 1 2 1 5 61 6 0 5 28 2 22 6 4 1 144 2 7 0 0 1 7 7 7 0 9 56 0 14 3 1 10 45 15 1 51 13 1 4 14 9 4 0 0 0 6 0 23 33 4 2 126 4 0 
231 0 2 7 12 42 185 5 8 7 7 34 20 9 0 1 0 9 0 9 5 15 12 11 7 7 6 8 1 1 3 3 3 0 4 0 0 26 4 27 1 0 12 0 5 1 0 0 1 6 0 0 0 5 9 4 0 85 3 3 0 0 8 1 
2 0 0 228 80 0 6 2 1 5 0 3 72 8 2 8 0 536 6 5 0 1 2 20 14 1 10 1 0 11 15 3 0 5 0 0 1 20 23 0 0 0 3 1 40 4 0 1 35 1 0 1 1 3 123 14 0 12 1 3 0 4 12 32 
5 6 8 4 0 3 0 2 5 38 65 13 2 5 0 0 48 12 0 0 92 5 0 5 16 8 3 2 0 58 3 1 1 1 5 6 0 14 0 1 1 1 6 6 16 4 27 3 5 3 0 2 4 3 1 1 7 3 2 15 3 4 45 4 
12 1 2 1 8 0 1 0 3 0 1 5 1 8 0 4 47 4 7 4 21 0 58 2 40 33 15 5 1 6 2 2 1 6 3 1 7 1 1 6 9 0 4 0 0 2 8 24 4 28 1 4 0 2 0 6 2 10 36 0 17 2 0 2 
45 6 2 5 0 12 3 1 2 6 1 12 7 3 1 0 218 1 3 16 11 1 8 1 0 2 8 1 1 2 27 2 1 2 12 3 9 7 1 1 5 0 4 5 15 5 6 2 6 0 1 1 0 10 0 1 0 2 2 0 0 1 547 1 
46 8 0 1 2 2 13 20 7 1 1 2 348 1 117 5 3 0 38 19 5 1 7 3 17 0 3 36 1 20 10 0 6 2 11 13 8 17 30 11 3 4 412 4 5 45 3 1 13 1 1 3 17 0 7 15 0 0 10 9 1 4 3 0 
2 7 6 6 26 8 9 13 104 1 7 22 13 1 0 3 0 0 3 2 4 0 2 0 0 0 3 22 1 0 247 1 30 61 0 1 15 1 3 1 42 12 7 9 2 2 11 5 4 0 11 1 0 15 10 0 46 5 3 1 1 63 3 1 
32 0 51 3 9 54 2 1 3 1 87 7 19 1 12 13 7 1 7 10 0 8 3 18 11 17 13 1 4 12 17 39 2 6 17 93 34 8 2 0 3 5 4 2 1 1 3 25 35 50 7 1 1 1 2 2 0 0 0 2 0 21 1 2 
1 2 0 15 9 0 4 36 8 28 12 4 1 361 11 0 7 9 1 33 0 5 3 7 6 1 45 2 37 3 9 19 3 8 1 11 0 3 4 5 0 18 9 7 17 52 0 39 42 6 4 66 20 2 3 12 3 22 17 0 3 2 2 3 
22 4 17 4 1 226 0 0 0 11 43 11 1 0 3 25 3 8 2 1 7 33 4 12 12 20 4 3 0 1 1 4 10 8 4 0 7 1 0 7 2 7 13 5 3 5 9 18 0 0 1 1 1 7 4 0 2 7 72 1 1 64 1 2 
3 2 5 32 16 15 3 7 0 2 14 11 4 1 5 21 8 1 1 49 1 4 1 4 0 138 2 34 1 4 7 5 116 8 0 0 154 9 2 13 0 8 9 0 19 30 0 215 6 9 1 9 4 1 2 4 8 15 3 1 1 1 3 98 
0 16 31 106 7 2 2 0 7 1 3 6 6 5 10 0 29 0 316 6 1 4 7 12 128 0 2 20 2 42 7 1 6 917 1 2 2 0 3 4 12 1 4 0 3 79 1 2 1 1 10 1 0 2 8 86 2 6 15 3 9 11 0 2 
11 11 0 2 3 1 2 14 1 10 26 4 10 42 5 27 0 7 1 0 121 0 2 13 1 10 2 6 1 0 1 3 0 1 5 1 3 2 23 66 2 51 9 1 0 2 5 2 0 4 1 8 3 9 0 1 0 1 35 0 325 2 1 1 
5 6 8 14 0 8 4 3 14 86 11 0 5 2 1 2 3 1 2 0 4 18 343 11 20 1 0 1 3 1 1 5 7 10 20 418 31 22 10 7 1 1 10 7 2 3 4 14 5 1 4 11 11 0 33 6 8 1 2 17 4 34 3 3 
1 18 1 1 7 1 20 2 3 8 0 38 0 1 15 6 34 1 28 5 3 6 5 15 2 3 0 4 994 4 1 9 2 0 0 8 7 2 39 6 4 0 1 4 9 7 33 5 1 1 1 9 1 0 0 0 4 45 8 8 2 1 1 0 
2 15 0 6 1 11 10 5 8 5 37 1 5 4 2 0 0 83 2 9 16 5 184 235 1 6 11 84 1 43 1 38 48 73 7 1 1 1 1 8 81 39 0 19 0 5 0 2 12 12 2 39 1 27 3 8 21 1 28 10 2 0 3 7 
33 4 1 47 25 0 2 2 1 1 0 3 18 0 7 0 1 23 27 1 36 4 15 2 4 2 3 5 1 12 1 0 18 1 4 0 26 4 14 0 70 1 15 7 0 3 1 41 1 8 7 11 19 10 1 4 3 0 4 4 0 2 9 36 
2 2 5 28 15 5 2 13 13 409 0 12 57 7 14 4 2 10 5 10 1 2 1 4 14 3 4 1 1 5 1 25 3 15 16 6 4 1 2 0 0 9 4 7 1 5 0 3 4 0 6 4 15 0 15 9 7 1 0 6 1 0 5 11 
89 33 1 6 2 2 6 13 13 1 26 241 7 4 17 6 0 20 583 42 2 15 4 0 17 0 4 1 8 159 0 1 0 23 0 1 2 3 11 5 0 295 13 1 6 102 1 3 3 5 9 1 1 8 7 0 7 208 6 26 2 7 0 4 
4 10 0 2 6 3 1 1 8 0 27 1 3 7 4 2 0 6 2 0 17 6 1 15 1 1 0 10 12 0 1 8 75 61 17 0 2 0 0 5 2 1 0 9 4 0 5 16 1 2 7 2 1 0 0 0 3 5 0 0 14 0 0 3 
1 6 3 14 0 1 2 2 1 4 28 7 0 6 4 1 5 141 41 0 5 1 51 70 0 17 8 6 13 62 18 1 5 3 1 5 0 116 1 3 1 4 1 12 3 5 14 5 5 10 3 99 14 1 11 2 9 1 23 0 0 16 3 4 
6 10 2 1 0 3 7 2 1 3 1 2 13 1 0 34 15 0 4 0 1 3 0 0 5 2 27 0 43 4 0 2 8 1 1 4 0 0 2 4 13 0 11 13 46 1 1 0 1 5 1 12 5 3 17 31 1 17 3 3 0 8 20 6 
51 3 4 22 30 48 0 7 26 0 4 11 12 1 4 27 7 0 2 1 14 6 4 3 12 1 1 1 11 0 8 5 2 5 1 2 19 3 1 0 5 1 0 31 56 2 42 5 0 100 3 0 13 5 2 0 1 66 0 85 22 1 1 0 
1 0 1 1 1 0 1 7 2 9 3 16 88 1 2 2 39 1 54 3 23 0 7 1 2 6 10 4 2 22 0 50 31 0 63 1 4 10 47 0 8 20 0 0 12 8 2 143 0 1 23 30 26 5 2 1 13 2 9 7 6 9 5 1 
1 1 2 14 18 1 6 7 1 302 7 0 33 26 9 0 11 6 9 15 8 0 7 2 127 0 4 1 4 298 11 9 8 2 2 1 15 5 5 20 2 0 1 12 22 19 1 1 3 7 65 11 3 0 2 0 5 8 1 0 24 7 2 1 
4 96 1 0 6 7 0 34 0 1 1 4 5 6 3 6 9 3 0 2 0 7 7 1 7 28 7 44 11 14 3 74 3 2 15 16 33 6 4 34 15 0 6 0 2 0 46 6 3 3 3 1 38 2 4 0 1 0 1 4 0 8 1 18 
7 1 3 1 1 7 1 12 8 18 30 2 0 10 0 0 1 0 2 4 1 61 33 21 23 3 2 0 1 0 4 3 1 10 0 5 6 40 7 6 9 13 1 1 0 3 1 8 0 0 2 1 1 17 0 12 2 3 20 2 3 5 0 1 
1 4 3 16 1 9 20 4 3 7 37 2 6 0 49 5 3 23 5 28 3 1 47 0 14 2 0 0 0 15 0 116 0 11 7 1 11 0 12 5 0 1 1 2 20 6 0 4 1 2 1 5 2 0 4 182 0 1 9 121 2 0 0 1 
1 3 1 3 1 2 4 0 6 140 0 40 63 2 4 2 4 15 0 0 18 3 2 2 6 1 4 3 5 1 1 14 2 1 10 14 12 2 32 7 1 2 0 2 0 1 0 149 8 12 27 2 31 1 10 4 1 5 53 2 0 32 85 0 
8 0 2 3 2 4 37 2 1 4 17 5 55 12 7 6 12 423 2 13 18 3 5 4 33 12 2 3 19 5 33 7 0 3 4 24 1 11 4 54 2 5 286 0 13 27 27 0 143 15 5 2 18 5 2 45 35 4 18 0 1 0 12 6 
25 0 6 0 7 5 29 6 21 18 0 0 8 5 17 3 0 0 7 53 1 37 11 479 29 1340 20 3 6 0 31 0 1 0 19 0 2 6 1 55 53 11 10 4 6 2 9 9 1 7 54 3 5 9 22 36 6 2 117 8 5 5 2 3 
29 0 34 10 1 41 19 0 7 3 7 4 0 4 1 4 1 0 0 2 1 2 0 37 3 4 33 2 8 17 8 27 1 1 7 9 100 9 6 0 2 16 4 3 13 0 0 0 0 0 7 15 7 3 1 17 19 0 4 5 62 56 8 0 
433 5 1 35 12 9 1 75 1 0 28 7 4 2 26 7 6 15 0 3 19 2 11 11 14 2 0 7 74 8 14 6 2 18 1 1 7 17 3 1 8 1 9 45 8 44 0 17 0 6 9 27 5 5 0 2 6 20 2 29 19 1 23 2 
0 5 18 1 1 27 1 0 12 0 1 15 2 0 12 15 5 1 0 9 1 13 23 139 14 0 25 1 5 6 2 1 3 2 3 2 0 1 10 0 13 2 2 3 0 8 2 3 9 3 0 7 96 0 3 5 20 2 4 0 4 1 3 7 
0 4 2 5 5 28 1 1 32 1 11 39 3 0 0 1 2 2 2 3 1 1 2 7 200 49 67 2 3 1 1 2 6 12 17 3 23 102 6 16 3 16 4 0 23 5 3 8 10 8 4 1 3 9 0 1 4 0 1 0 1 0 32 2 
21 1 2 3 1 19 0 16 17 11 19 0 16 0 16 15 41 5 1 11 28 1 7 7 0 1 48 11 0 0 4 12 5 4 12 0 0 1 33 7 1 15 2 10 31 1 2 14 2 2 0 0 0 1 5 0 8 6 2 1 5 0 10 1 
0 3 2 13 7 1 18 3 10 65 5 5 2 2 5 0 12 5 1 0 35 4 351 1 0 0 5 26 4 0 5 48 0 22 1 4 11 5 7 46 0 14 0 8 0 4 5 122 3 2 1 8 0 13 11 3 18 0 0 6 5 29 1 0 
1 30 0 11 9 7 0 9 0 1 0 5 1 25 92 7 19 1 3 0 30 1 1 37 2 0 36 3 0 54 0 1 15 35 3 0 6 1 10 2 1 44 1 2 0 1 1 0 26 8 20 4 0 3 13 10 2 1 2 6 0 7 11 2 
4 10 71 8 1 1 3 1 9 1 121 12 0 6 3 16 3 5 4 4 3 18 6 4 5 14 0 2 8 2 36 0 0 2 4 5 11 10 7 1 4 0 8 2 0 1 94 7 3 5 5 21 5 0 23 5 5 5 3 23 37 1 0 2 
1 1 4 0 0 7 14 5 1 0 2 4 0 63 14 2 1 18 1 3 28 1 224 5 2 29 53 3 3 1 0 11 6 0 14 1 1 17 500 0 14 88 2 1 6 9 12 25 2 1 9 6 8 2 13 4 5 10 2 13 2 3 1 0 
5 1 38 1 2 18 6 46 3 6 47 2 5 13 2 35 44 1 1 3 11 9 1 5 1 39 0 1 9 3 2 0 4 16 14 17 0 1 0 150 6 2 20 6 3 1 1 37 17 41 33 2 5 0 59 5 3 1 7 14 1 15 2 16 
1 6 10 6 0 17 0 1 4 1 15 12 5 1 3 12 8 2 1 7 44 1 19 2 4 7 1 3 55 17 3 1 0 28 0 9 6 0 2 128 9 7 4 1 3 2 11 2 0 2 0 5 3 110 12 0 4 68 15 2 2 28 1 31 
4 0 19 11 1 2 28 10 3 17 2 2 25 0 1 1 69 3 4 2 4 0 3 0 1 1 1 1 8 13 2 5 0 0 1 10 3 5 2 0 30 9 5 6 6 0 58 9 5 115 32 0 43 4 10 0 9 4 4 76 0 3 51 37 
128 3 0 6 6 2 4 1 2 10 1 4 2 42 1 46 3 9 0 2 2 10 2 7 3 259 3 15 63 15 18 0 0 3 18 20 0 131 1 13 0 12 0 7 4 7 1 2 0 1 0 5 5 1 11 1 1 0 0 2 4 1 14 23 
24 1 6 4 17 43 10 0 12 1 3 9 1 14 2 11 2 0 337 8 0 6 1 3 6 6 3 0 3 28 2 3 8 15 0 0 1 1 16 7 0 2 4 24 22 11 1 10 0 10 5 11 0 3 21 29 4 6 57 3 220 11 13 0 
1 0 5 7 6 10 4 11 125 1 0 5 24 15 0 4 15 13 8 30 10 0 7 0 46 2 13 0 1 5 7 0 4 4 2 17 3 7 1 0 7 0 3 0 3 115 25 3 5 2 0 6 1 0 1 0 3 1 2 0 7 0 2437 18 
9 0 7 4 17 6 4 1 2 1 45 3 15 416 44 9 66 7 7 31 31 0 1 1 29 1 5 1 3 4 23 1 2 13 3 4 4 29 2 6 1 11 8 0 0 2 3 5 8 3 2 0 3 0 8 5 1 0 0 0 5 9 1 7 
1 18 4 58 2 22 221 8 31 1 2 8 0 2 3 6 5 4 20 13 11 0 1 1 2 8 4 54 123 0 20 0 5 2 10 1 287 5 5 18 5 7 2 1 0 2 0 0 19 1 11 4 20 2 45 3 1 1 1 15 2 7 0 26 
6 1 1 338 1 51 2 5 1 10 1 27 39 63 0 38 0 1 4 4 6 18 10 10 2 3 0 0 45 9 12 2 2 2 9 8 3 2 3 0 5 2 0 30 1 1 4 6 4 20 3 2 3 65 9 6 5 0 5 12 9 17 4 24 
13 1 0 2 0 14 3 3 10 20 8 16 404 0 24 4 8 13 2 10 7 1 2 69 2 71 2 43 3 5 6 2 1 17 21 33 0 1 14 96 2 2 6 1 5 4 1 1 5 9 12 2 14 21 46 8 13 43 11 27 0 3 10 8 
59 6 1 0 2 0 14 3 4 0 31 3 9 1 1 27 98 5 2 27 6 12 3 13 6 2 18 0 2 3 1 0 25 4 72 2 8 0 4 473 12 0 1 6 14 0 3 1 47 13 0 11 24 1 145 184 1 35 2 2 4 23 3 7 
2 2 9 18 2 6 3 2 5 0 1 2 3 0 97 0 2 32 1 5 8 8 2 5 0 0 6 4 4 2 0 4 5 1 2 1 6 7 2 4 8 1 1 16 38 50 1 80 26 2 1 1 1 8 0 15 1 33 10 2 17 1 10 7 
3 1 7 3 4 79 7 9 5 6 4 7 33 10 69 1 2 4 17 0 1 1 45 19 1 28 6 0 5 17 2 1 2 5 4 6 11 16 3 5 5 15 1 71 1 7 2 11 1 509 0 3 0 39 0 1 30 2 6 28 8 1 0 2 
16 1 7 1 3 14 5 4 1 6 49 0 7 1 106 12 4 17 0 0 3 3 14 6 5 6 6 7 0 15 9 3 16 2 2 0 0 6 2 6 1 32 1 1 10 6 5 0 1 3 9 25 0 1 37 3 29 5 5 396 3 3 11 6 
9 0 1 11 19 21 89 0 18 8 0 2 8 13 1 30 42 3 9 1 6 5 5 3 5 61 8 17 14 1 22 9 0 3 0 33 2 0 1 6 2 1 2 3 6 1 2 0 38 0 3 10 0 17 1 6 10 3 3 88 0 1 5 1 
3046 0 9 1 0 7 9 1 16 22 4 1 1 8 1 0 10 3 4 5 3 1 0 109 0 2 19 10 9 2 3 5 10 7 17 0 8 4 33 9 1 3 1 5 0 2 2 0 3 1 9 20 0 33 19 0 2 0 0 0 2 8 7 3 
0 5 0 27 5 10 2 3 12 4 44 17 4 3 2 736 0 1 255 22 2 4 51 5 5 20 0 5 300 0 7 5 0 6 0 3 10 3 4 0 0 2 1 0 3 10 35 2 9 98 10 1 7 1 26 29 7 0 7 5 2 1 0 10 
0 6 3 0 1 31 17 23 11 0 47 1 1 12 2 1 30 1 5 0 2 1 5 0 69 244 1 4 0 0 0 3 4 20 6 2 7 5 0 6 2 2 6 2 6 12 4 9 8 15 80 2 16 6 3 0 5 6 2 25 7 8 15 1 
0 3 9 6 7 3 4 25 2 1 6 77 3 1 1 0 5 0 0 4 2 1 5 2 79 25 2 3 1 4 1 3 4 2 0 3 17 4 2 38 6 7 0 8 13 4 3 1 6 5 26 0 2 2 2 7 2 0 2 0 24 0 0 68 
25 0 3 31 1 16 0 7 6 9 13 0 48 0 14 1 1 14 13 9 5 0 14 4 19 18 1 5 12 0 9 20 2 9 7 3 7 1 5 2 108 1 4 9 0 1012 0 31 2 5 4 1 42 9 9 19 39 5 3 11 47 12 2 4 
8 7 22 1 16 1 4 2 2 1 30 11 1 419 2 38 46 0 3 7 12 0 11 56 2 3 22 10 0 0 16 2 10 0 53 5 82 7 64 21 0 11 1 15 1 0 2 7 0 9 0 56 0 5 1 20 2 2 17 3 8 12 12 0 
2 1 0 0 1 7 57 3 0 8 0 7 2 8 5 114 10 5 14 3 0 0 15 4 18 10 6 7 0 7 81 61 3 3 2 4 1 13 15 1 24 2 2 8 3 2 9 3 16 1 2 3 2 1 0 0 1 4 9 0 85 2 1 8 
2 19 8 148 6 2 37 1 28 5 2 85 0 23 2 3 2 1 0 5 2 52 0 30 6 9 42 9 23 43 31 11 5 12 1 0 10 1 16 11 141 10 16 2 1 2 0 0 2 0 621 0 0 7 1 9 12 3 0 3 12 2 2 12 
6 6 0 1 2 27 10 17 5 14 2 1 33 3 5 4 0 3 2 0 14 0 1 1 17 0 17 0 3 5 6 0 21 3 10 24 2 17 1 2 8 11 1 13 0 3 2 112 1 0 9 1 22 2 29 12 4 0 0 1 5 0 2 3 
32 0 10 3 35 0 130 62 2 0 7 550 0 1 0 23 4 1 0 16 11 12 8 2 2 4 4 3 3 43 1 44 4 7 3 0 64 5 2 19 9 5 0 34 11 9 2 1 1 0 1 8 2 1 78 29 33 5 0 4 1 4 17 6 
140 1 8 55 7 1 10 4 4 1 7 12 2 2 5 1 3 4 0 0 430 3 231 1 9 1 5 5 2 0 0 400 14 1 1 13 17 9 27 14 11 15 3 30 51 1 15 6 1 10 24 1 39 8 1 22 15 0 7 14 4 4 0 0 
2 32 6 0 0 1 3 1 8 28 22 15 1 5 9 0 1 14 6 1 0 1 19 0 7 2 0 4 2 7 205 1 0 11 4 7 3 6 1 31 10 0 1 2 3 4 27 195 4 1 1 1 162 12 18 305 1 1 9 5 485 99 19 1 
4 44 10 5 14 69 8 8 42 24 212 11 28 330 0 10 32 1 8 6 1 1 310 4 1 4 7 0 31 2 0 5 19 2 6 1 0 0 8 0 2 0 213 32 6 7 2 2 0 6 5 1 0 1 3 2 1 0 7 1 0 5 13 47 
0 1 25 12 0 2 9 0 18 2 0 31 5 4 17 6 4 1 33 6 1 9 2 13 2 11 8 11 1 11 8 4 2 15 1 2 2 0 6 27 1 0 1 38 2 7 19 11 2 2 2 1 8 0 4 2 1 1 5 26 34 3 61 6 
16 1 0 0 1 6 1 6 4 1 2 2 1 3 4 8 3 2 11 0 2 0 9 5 2 1 17 10 28 7 0 6 9 0 2 3 28 3 8 3 24 6 6 4 14 1 4 3 1 2 4 2 4 1 0 9 4 9 5 2 3 0 2 11 
64 2 2 0 0 2 31 45 136 161 0 20 6 0 79 3 0 8 1 2 3 15 3 2 0 4 2 23 2 1 0 2 3 6 9 9 1 6 1 3 2 2 15 14 0 7 0 6 0 3 3 67 8 4 2 1 48 2 4 0 16 25 4 0 
2 1 6 5 0 1 2 2 8 4 11 4 0 1 2 14 2 4 10 3 10 37 3 2 11 23 0 3 6 0 2 6 2 26 14 0 8 1 0 7 1 1 5 2 266 1 42 8 4 6 2 35 4 1 1 1 7 3 36 0 2 0 47 0 
4 6 0 1 2 4 164 7 1 27 1 5 31 50 9 88 6 3 0 1 1 3 4 1 4 0 5 21 3 2 7 0 1 17 3 3 151 9 8 0 2 0 0 10 55 2 2 0 4 6 0 1 1 6 11 1 3 28 19 0 19 4 0 4 
0 0 6 2 0 0 4 13 1 5 0 1 1 20 2 4 2 2 1 6 8 398 7 93 0 1 2 4 42 1 1 39 22 3 3 1 1 10 1 0 2 1 4 1 7 5 6 6 9 1 1 6 0 10 0 6 25 1 11 10 2 1 31 4 
2 5 10 0 1 9 2 4 10 0 46 1 9 5 6 0 5 1 0 32 2 10 7 28 25 7 10 3 16 0 1 0 15 5 17 5 12 4 6 5 77 8 433 0 58 25 0 33 8 1 0 1 51 2 5 2 9 5 41 1 19 6 0 3 
0 5 0 1 5 0 3 8 0 7 1 74 1050 5 668 0 3 0 4 1 7 3 0 8 11 5 0 0 6 1 6 4 3 5 1 4 2 8 9 4 7 2 11 0 1 11 6 0 11 1 0 4 120 0 1 0 16 20 2 7 1 0 1 0 
15 0 72 23 0 33 7 7 1 2 4 19 2 1 0 1 4 9 3 1 373 272 26 3 1 4 9 4 4 16 18 3 0 7 2 1 1 0 0 0 1 0 3 89 0 6 0 5 2 10 54 3 0 2 0 8 7 97 3 5 1 16 20 3 
2 117 0 21 5 10 15 1 14 1 11 7 5 2 15 2 40 3 27 12 2 7 33 5 5 0 7 0 1 28 4 65 38 10 48 1 1 5 4737 25 7 2 4 2 12 3 35 2 1 14 2 10 1 3 5 0 0 1 5 0 3 2 9 1 
1 1 23 2 226 1 3 193 63 3 7 0 1 0 4 7 1 18 20 1 2 0 1 5 3 6 3 0 0 6 3 0 2 6 19 4 27 11 12 3 2 0 15 1 0 34 6 13 9 9 12 2 0 2 20 19 7 12 9 3 0 17 0 1 
4 1 8 1 0 1 2 5 0 44 10 10 21 2 2 2 2 6 35 8 4 1 1 0 4 11 6 4 10 1 3 47 38 1 11 135 0 3 0 0 14 4 0 89 10 152 10 13 1 5 5 1 2 4 12 3 0 11 1 5 1 11 4 0 
3 53 19 3 3 1 4 80 4 6 6 4 0 1 13 1 1 8 74 3 12 1 1 10 3 30 0 0 4 4 9 7 12 25 13 22 12 19 96 2 16 8 3 2 72 0 7 12 3 3 0 0 26 3 0 1 7 9 1 39 26 6 21 2 
73 1 11 6 3 3 1 8 3 20 9 26 6 1 0 0 5 4 7 17 14 1 71 77 2 3 13 1 6 1 3 9 0 11 0 5 2 0 3 0 39 9 2 2 1 8 2 0 9 2 142 6 2 6 2 30 3 13 8 8 20 11 1 3 
28 1 2 1 4 8 17 41 4 1 2 1 1 1 109 1 6 17 0 23 3 51 0 4 2 9 1 12 19 7 31 0 1 6 2 2 1 2 1 0 4 16 4 2 5 9 38 1 0 4 4 2 2 13 46 5 2 8 16 1 5 2 1 19 
9 2 1 0 1 33 1 0 1 3 14 5 1 0 1 31 1 0 1 62 0 0 2 36 8 109 14 4 10 1 1 6 9 2 6 2 4 0 2 4 1 0 20 1 8 29 32 15 8 0 1 1 5 0 21 10 7 0 0 4 1 7 2 0 
3 42 1 2 0 18 3 45 1 0 1 14 2 7 39 2 3 2 0 10 1 6 8 2 8 7 1 3 9 16 1 6 1 5 147 9 1 4 3 7 0 29 19 1 1 2 0 8 4 60 1 4 6 8 47 1 27 1 0 0 7 1 12 4 
4 0 14 5 125 3 0 3 10 3 1 7 68 6 4 4 21 47 1 0 39 0 0 5 2 3 2 0 3 16 130 0 1 56 8 1 19 1 0 2 6 31 7 18 5 3 31 2 5 0 0 62 1 7 2 193 2 5 1 1 0 22 45 0 
7 2 10 3 1 2 1 9 20 3 1 2 0 2 6 6 0 20 38 1 8 17 5 1 2 4 12 0 7 11 11 6 2 6 1 0 23 3 1 1 0 1 4 1 2 1 10 10 2 6 7 29 0 4 1 17 6 4 18 0 21 3 18 108 
8 8 4 13 1 3 26 0 1 38 3 0 0 5 1 0 7 1 8 1 17 2 2 2 0 14 4 7 0 3 23 1 6 10 24 0 1 13 2 0 11 11 1 3 6 314 8 75 15 0 1 30 29 6 18 1 3 565 2 45 4 11 4 6 
1 0 1 3 18 8 54 24 42 1 8 2 3 1 0 0 0 0 1 49 1 2 0 24 6 37 18 4 45 1 9 2 5 10 309 3 2 0 2 4 109 1 0 0 104 1 0 3 6 1 2 26 1 32 2 0 19 7 18 1 0 1 11 18 
0 10 11 4 2 6 6 104 8 6 3 4 3 37 3 0 3 3 5 7 27 0 0 3 3 4 8 0 1 4 2 11 12 5 5 2 8 10 29 6 0 4 127 1 10 3 0 65 3 74 16 3 0 0 1 1 2 252 1 3 0 8 1 1 
0 103 591 0 4 77 16 2 1 0 16 11 0 0 0 0 21 3 8 1 0 13 0 4 4 4 2457 3 0 39 132 9 5 1 11 8 131 6 4 1 0 22 4 0 15 21 4 12 18 12 27 0 13 125 6 1 6 4 2 3 13 25 31 3 
44 6 14 1 0 17 3 17 11 0 0 0 2 8 96 3 1 2 291 6 16 2 4 2 0 0 5 0 48 0 79 0 4 13 311 0 12 25 18 1 5 49 2 11 5 6 1 1 10 7 43 0 63 0 21 7 7 1 0 7 1 0 7 2 
1 31 7 3 15 5 15 3 11 0 0 0 8 9 23 11 5 2 0 1 1 17 6 2 2 30 10 20 4 9 17 16 0 21 6 8 5 2 13 23 52 0 0 0 16 1 16 11 42 3 0 1 2 7 7 19 6 68 3 16 22 2 3 15 
49 3 2 14 0 1 4 0 6 2 6 109 1 4 0 0 5 14 1 12 30 2 4 0 9 10 0 50 0 2 39 0 2 4 20 2 5 1 1 1 16 6 4 2 6 4 0 68 63 3 2 81 0 6 2 54 246 0 25 22 4 20 0 11 
6 12 2 21 3 4 2 1 3 32 27 0 0 2 5 1 61 11 19 4 0 20 22 21 4 2 2 6 0 6 3 0 0 388 3 2 9 0 16 0 12 0 4 0 44 10 1 4 1 13 1 1 1 14 73 0 0 1 3 16 1 96 1 2192 
0 1 29 8 2 4 1 0 1 2 48 40 4 22 2 4 4 2 3 8 1 3 2 0 1 1 2 0 19 4 4 24 13 2 699 523 43 441 7 23 1 1 1 3 7 16 1 3 3 0 0 1 3 2 4 42 17 0 4 2 15 1 2 3 
1 3 13 6 2 2 1 5 42 2 3 2 2 3 5 2 6 1 2201 8 0 0 36 5 5 11 3 0 3 48 4 6 8 5 20 16 44 2 19 0 28 0 1 10 6 10 15 3 0 0 9 2 22 48 1 1 1 9 20 1 13 41 1 8 
3 0 18 11 0 0 2 2 3 117 7 2 2 7 0 1 24 3 4 1 0 2 0 6 9 12 59 1 0 35 4 5 1 0 2 4 1 4 1 0 1 5 8 0 6 1 0 132 3 5 1 4 15 4 11 21 3 41 8 0 19 0 65 1 
2 1 0 1 2 1 20 69 25 9 0 8 8 0 6 3 1 8 3 1 2 6 5 2 12 10 13 1 2 3 16 0 50 19 1 0 6 25 5 7 24 164 13 9 1 141 5 13 3 1 2 1 11 14 0 17 2 13 29 2 8 9 21 6 
19 16 1 10 9 2 229 3 24 2 6 8 9 1 1 28 1 37 1 5 0 3 1 1 283 3 1 15 1 8 5 2 1 3 37 1 3 16 2 0 1 2 76 9 7 16 12 3 1 12 79 350 3 3 8 0 1 0 0 2 37 0 0 5 
2 1 5 2 0 1 12 21 0 1 35 8 3 29 2 0 17 1 1 9 7 32 0 0 3 1 5 1 9 43 8 7 18 7 0 1 15 47 8 27 6 8 6 1 13 0 6 7 14 13 0 4 0 6 2 3 1 0 8 11 5 18 1 1 
4 1 22 1 4 1 16 0 5 2 4 8 0 1 14 25 14 9 3 2 2 4 1 0 0 1 101 5 5 3 2 31 0 2 96 6 12 8 10 10 0 5 5 7 44 5 4 23 1 2 1 18 10 26 1 1 8 1 141 12 8 30 1 4 
1 9 0 4 0 3 8 8 1 0 2 1 0 4 3 25 6 5 3 0 0 18 0 3 0 55 1 1 1 0 0 3 1 3 12 3 9 9 2 2 8 1 3 3 3 0 39 3 16 1 31 6 15 1 3 2 2 2 3 8 1 10 3 20 
8 7 13 3 6 4 3 4 2 0 7 2 0 2 4 4 2 24 10 0 5 1 0 5 10 2 2 0 0 14 6 5 3 9 9 0 23 7 0 2 3 1 0 8 1 0 5 1 6 11 3 3 3 15 33 0 81 19 8 7 1 0 0 1 
1 6 1 3 7 3 2 1 34 8 2 0 2 3 9 1 17 53 12 1 33 1 0 9 15 2 1 1 2 12 8 28 3 3 0 17 12 2 0 4 2 5 3 1 6 0 0 23 3 15 25 1 4 11 8 1 3 6 32 3 12 4 29 15 
41 1 1 35 5 0 0 2 0 1 46 5 1 1 0 6 36 3 3 0 5 10 27 7 2 13 36 0 0 9 5 0 9 47 2 0 3 5 12 3 26 0 0 0 0 2 4 1 58 6 2 0 0 4 4 2 30 0 0 2 0 17 2 54 
0 40 13 2 16 1 3 218 6 3 8 2 9 3 48 0 10 5 5 7 1 5 3 78 5 1 1 12 1287 0 2 114 15 35 5 0 19 3 11 7 2 3 16 1 6 7 2 0 18 4 7 5 0 0 22 11 9 5 3 2 184 11 3 0 
23 2 0 1 5 0 3 1 0 4 1 4 13 0 0 27 0 263 8 0 0 3 0 15 39 3 3 3 15 1 28 5 6 18 8 1 11 3 2 5 7 6 7 3 4 1 19 145 10 10 2 27 1 1 6 28 0 25 2 13 16 14 12 0 
4 12 5 30 55 1 2 0 3 10 3 2 16 2 13 0 2 1 13 1 6 10 159 21 3 2 4 5 0 8 0 2 3 6 3 11 12 75 3 0 2 3 2 7 3 7 1 34 4 33 0 0 3 1 5 6 146 9 0 23 8 0 1 38 
1 2 1 13 1 650 2 9 7 0 1 6 3 3 3 0 19 1 16 13 1 9 38 79 3 1 19 2 1 6 2 1 7 5 0 4 5 71 1 1 7 1 0 2 7 9 0 0 2 5 3 68 7 2 5 51 0 2 0 15 1 27 15 6 
14 3 0 3 4 15 1 12 6 3 2 37 17 2 228 8 8 14 151 0 2 0 1 78 8 14 0 6 10 2 58 21 15 0 1 1 168 14 4 0 5 4 6 3 10 8 1 1 0 1 17 0 7 1 12 25 4 37 1 25 16 5 44 8 
16 20 7 5 2 0 1 25 70 32 11 5 2 19 2 1 1 7 1 0 70 29 3 13 30 0 0 11 1 3 1 1 1 19 2 17 0 11 2 11 6 119 11 29 5 3 5 0 1 10 0 0 1 21 87 62 0 3 9 0 4 0 1 3 
14 3 5 0 10 2 45 0 2 4 2 4 3 89 5 1 11 2 2 1 0 18 2 7 8 10 4 13 1 34 1 0 35 2 0 1 0 8 18 0 1 11 0 9 0 5 13 1 116 1 2 3 27 0 3 1 41 38 0 6 3 1 18 2 
73 6 38 3 1 25 6 4 3 5 5 15 11 36 1 3 23 1 65 1 5 1 9 6 29 2 0 3 1 12 13 1 1 1 3 0 2 0 3 19 2 3 1 1 19 0 17 1 25 1 1 1 1 5 4 3 5 3 60 3 10 5 2 97 
1 59 3 6 1 20 0 0 19 2 1 13 4 8 2 12 95 4 0 2 4 1 6 9 25 6 2 3 4 13 88 14 9 0 1 2 1 6 4 11 38 2 0 0 1 0 19 4 0 13 15 0 16 15 0 14 6 19 13 2 555 28 11 6 
35 0 17 7 1 1 2 12 3 7 1 8 4 0 2 0 1 5 0 72 14 218 44 30 0 8 9 1 0 0 1 83 4 0 2 8 24 2 11 5 2 14 1 28 0 3 1 11 0 6 0 37 0 19 0 0 1 1 0 1 23 1 1 191 
0 7 71 3 14 16 10 2 10 2 13 72 35 5 8 25 10 23 5 40 10 2 3 3 323 3 9 16 11 0 16 5 2 79 0 0 5 0 1 5 9 4 7 177 2 1 2 8 86 1 123 7 3 14 4 4 5 21 3 14 1 2 31 5 
9 198 4 5 1 1 4 2 19 0 3 182 0 5 0 4 2 3 3 79 5 2 36 1 2 7 5 4 0 1 5 1 9 4 2 26 6 12 6 68 3 3 310 41 1 2 21 4 1 7 7 0 1 4 21 2 6 1 1 6 3 9 2 1 
11 6 0 4 1 3 3 4 232 9 38 12 0 0 2 0 0 2 2 8 3 1 1 9 0 1 1 40 3 17 11 0 0 13 8 7 0 2 4 3 1 1 5 8 11 2 5 1 5 0 1 14 5 15 0 38 5 6 13 2 3 10 2 0 
0 9 6 0 28 1 1 2 1 16 8 2 6 6 15 18 5 6 14 17 22 3 0 0 0 0 6 16 2 4 256 9 5 2 0 0 10 0 0 1 1 3 0 16 31 12 2 3 0 19 4 1 2 3 0 2 0 19 5 7 5 3 1 2 
8 122 1 9 0 1 10 5 1 11 3 3 0 9 1 0 16 30 1 1 0 0 6 4 3 0 9 3 2 23 1 11 37 0 24 117 12 8 32 1 1 1 0 0 0 9 0 28 1 6 1 8 1 3 11 7 7 9 0 87 5 30 2 0 
4 0 2 29 11 85 7 1 2 5 19 9 17 3 0 412 6 1 0 1 13 11 0 0 5 0 1 31 0 4 2 1 9 26 0 3 1 12 22 32 25 0 16 6 4 0 3 2 1 3 9 1 1 2 30 3 1 1 6 13 1 3 0 2 
12 7 0 12 106 42 1 3 3 7 2 14 12 35 8 0 2 8 373 8 12 1 0 224 8 9 8 11 3 43 0 14 15 0 6 0 0 9 6 17 48 1 2 0 13 3 9 5 7 24 2 0 8 1 60 13 0 27 17 2 9 4 5 0 
1 0 1 7 0 40 377 2 5 3 12 37 404 1 2 7 2 2 1048 1 1 18 0 14 2 2 1 0 370 106 72 1 7 8 2 1 14 30 0 20 16 2 7 4 2 9 1 1 12 15 0 4 0 0 0 21 5 19 3 24 6 4 4 36 
9 3 18 2 10 6 12 8 0 7 8 29 144 1 22 21 0 1 2 6 2 0 2 10 1 4 7 2 24 27 0 0 20 7 0 0 12 1 2 2 2 9 48 1 9 5 3 5 1 5 4 7 32 2 18 10 9 2 3 4 13 0 1 3 
0 6 4 25 0 1 40 81 6 1 2 82 1 5 5 8 40 6 6 7 9 6 10 6 4 1 1 10 5 7 6 10 39 10 2 3 12 7 11 18 1 1 4 22 6 26 57 3 3 8 4 9 8 21 10 4 1 37 2 1 86 17 10 5 
29 2 3 1 0 12 0 112 0 3 15 3 1 1 18 3 0 1 2 1 3 46 0 9 1 5 1 7 3 4 1 1 2 28 42 9 0 10 14 5 22 2 0 0 1 17 12 2 1 4 0 5 6 6 37 3 13 7 2 0 12 3 7 2 
10 0 3 6 21 13 243 2 1 2 1463 13 139 15 0 7 13 14 2 16 1 1 75 0 10 13 25 2 18 13 11 0 35 10 3 13 1 2 6 4 5 27 3 4 0 2 10 22 13 2 3 25 14 21 75 15 7 4 0 0 5 4 2 2 
5 13 11 0 0 7 11 0 21 22 9 3 17 8 2 9 0 10 1 61 7 33 2 4 4 7 3 2 4 0 6 3 7 8 1 6 2 0 15 8 5 4 13 31 0 7 2 4 7 0 4 2 7 4 97 9 2 8 3 0 4 16 0 0 
0 11 2 5 0 6 0 6 1 7 18 3 1 8 8 14 16 0 2 2 1 1 5 14 2 226 2 10 6 1 5 12 3 3 9 3 4 78 10 3 0 7 2 19 161 5 2 1 3 9 20 0 2 3 14 1 1 2 0 28 7 0 1 0 
4 30 4 1 2 0 1 2 1 4 3 25 34 0 5 9 6 2 75 2 16 9 11 1 38 1 0 7 0 229 2 1 1 14 228 10 7 2 3 56 7 7 3 1 10 15 3 24 6 0 17 38 0 3 1 1 0 5 0 8 319 6 0 1 
7 2 19 0 0 11 2 1 2 1257 4 0 0 4 78 83 0 6 13 19 1 0 5 4 2 21 16 3 30 5 5 99 4 8 4 12 13 39 5 4 4 9 22 10 11 1 4 18 23 3 6 130 92 10 2 18 1 0 0 0 116 7 8 10 
33 9 0 27 7 6 0 0 7 23 12 2 3 1 1 25 2 0 0 0 32 2 9 25 0 21 348 2 3 6 0 5 14 10 15 9 4 10 0 4 2 4 4 4 0 1 4 26 2 1 56 1 20 0 7 9 2 18 1 0 0 5 1 6 
1 1 3 9 11 22 1 13 4 21 6 11 5 5 4 3 4 0 16 12 0 9 0 9 0 0 53 0 5 0 0 1 0 3 3 0 3 0 28 1 0 0 1 6 0 3 3 1 6 3 3 12 1 0 78 1 563 0 25 3 0 0 158 1 
2 2 0 6 0 14 3 4 16 0 2 52 3 221 29 6 13 1 9 7 38 2 1 886 26 2 4 14 1 5 0 0 101 12 4 0 4 1 1 52 104 13 2 3 2 0 0 1 8 1 0 2 3 0 5 2 7 3 4 1 1 2 0 2 
0 25 5 2 0 14 13 4 5 0 14 7 8 1 3 24 36 5 2 1 567 0 115 25 82 0 1 7 5 7 15 2 2 1 3 12 5 1 2 2 10 0 3 3 0 1 4 1 10 1 39 2 2 17 0 1 6 8 1 24 89 1 13 5 
53642 75 2 13 5 8 0 15 2 1 6 30 8 12 0 25 76 6 1 8 3 1 2 25 1 10 2 3 26 0 2 5 3 1 5 5 8 2 11 1 0 4 1 24 4 1 0 6 11 0 230 16 4 3 16 1 1 18 1 0 5 2 0 8 
0 7 2 10 1 112 6 0 15 17 1 19 3 1 2 0 0 0 3 2 1 0 4 6 3 4 7 2 153 13 2 1 6 2 3 0 18 1 0 1 7 156 1 4 21 2 2 3 1 5 6 35 1 4 0 45 0 0 8 0 6 9 1 7 
8 0 22 22 1 0 0 2 186 2 1 18 17 0 5 70 1 12 45 0 2 4 9 8 1 1 28 4 50 1 42 4 28 3 1 1 6 3 0 4 3 1 22 8 2 9 5 2 1 0 29 1 2 10 7 0 4 3 26 6 56 13 15 5 
1 10 4 1 1 6 6 1 6 1 0 2 8 2 11 0 1 11 8 14 6 0 0 64 17 1 128 1 1 68 1 2 3 11 1 12 1 5 3 20 1 13 0 12 29 1 5 7 0 0 12 1 2 0 0 0 2 2 81 2 1 385 6 2 
0 72 232 165 1 377 23 5 3 9 3 1 25 40 2 1 7 6 13 0 13 7 4 53 5 1 10 7 13 1 7 11 0 4 17 6 2 6 17 3 1 8 12 3 4 4 6 3 6 5 27 0 1 7 1 0 0 8 0 3 1 44 3 1 
4 15 0 5 8 3 2 6 2 14 1 9 1 1 0 6 0 0 2 13 5 1 45 29 2 2 1 0 11 106 10 23 17 0 28 10 2 2 0 6 3 151 3 1 33 3 3 72 1 0 1 5 1 4 58 0 9 3 6 8 3 2 28 38 
14 2 3 2 4 99 1 3 4 19 6 49 19 5 4 26 79 10 7 22 2 1 6 7 2 2 3 11 6 18 0 2 5 3 6 42 17 30 0 0 1 6 2 96 26 752 35 2 6 15 1 2 0 9 3 6 1 15 8 22 37 0 0 3 
2 11 3 1 1 9 19 18 4 21 17 2 48 3 0 4 0 0 1 17 0 1 6 11 168 13 1 25 2 2 3 10 5 0 18 11 0 0 2 1 3 0 9 7 4 30 9 33 5 3 8 5 5 5 14 0 0 10 2 2 36 0 24 2 
13 1 1 6 1 39 18 147 25 2 2 11 3 0 15 0 11 3 0 4 1 27 3 8 43 5 11 18 5 0 114 9 8 6 4 1 0 1 21 2 58 1 0 7 6 34 0 9 2 38 3 4 1 2 1892 0 8 5 22 2 4 0 0 1 
4 2 6 42 1 9 13 20 6 6 36 18 2 10 8 47 0 1 0 2 7 59 24 12 1 10 8 20 10 4 10 2 6 0 77 1 1 6 15 5 0 4 5 0 23 39 12 16 2 7 2 18 3 1 1 7 0 4 0 0 7 0 4 2 
89 0 12 63 0 0 1 9 14 19 0 1 2 0 4 3 0 4 6 386 17 8 20 1 0 1 7 6 7 29 9 10 0 12 17 0 0 4 22 11 1 1 15 7 2 0 35 18 63 5 12 1 2 3 4 2 89 1 3 4 5 7 6 17 
48 11 5 1 6 36 0 5 5 0 6 1 4 0 7 10 2 47 1 19 3 4 30 4 3 1 1 125 10 2 8 7 1 27 1 4 3 0 1 3 14 3 17 15 5 8 10 1 0 206 4 0 8 7 1 1 2 25 2 0 1 5 21 2 
5 5 2 15 1 10 8 2 4 1 0 1 26 1 102 14 0 0 4 151 14 16 7 2 0 20 2 2 7 0 7 48 0 0 0 1 1 5 2 2 3 2 0 4 7 0 86 1 4 3 1 0 0 33 2 0 3 8 7 3 2 30 12 6 
10 0 2 9 10 12 1 51 4 1 74 200 2 2 7 321 1 17 16 28 18 9 5 1 1 0 3 47 3 2 11 1 2 14 3 1 0 0 93 43 0 0 0 35 1 4 1 4 0 1 1 89 25 7 15 2 19 8 1 8 37 0 14 8 
249 0 0 1 10 3 5 9 0 23 1 11 15 0 29 3 0 10 12 4 15 2 341 3 8 14 22 6 1 0 6 3 3 1 0 13 0 15 8 9 7 33 15 3 2 2 20 60 8 3 3 21 0 85 16 1 6 0 7 3 7 0 0 12 
4 3 3 0 15 0 9 14 1 0 7 16 132 1 16 15 0 3 8 15 27 2 3 3 0 0 13 9 0 26 1 3 0 8 0 16 4 8 1 1 5 3 6 8 19 7 3 3 0 7 0 0 3 2 21 1 43 21 0 28 157 0 0 14 
1 2 0 1 1 2 4 1 12 11 0 1 5 4 5 2 3 2 1 2 11 31 2 1 0 20 26 3 0 0 0 2 0 3 0 15 1 11 5 11 9 7 69 45 0 22 28 5 181 35 10 8 0 33 6 43 1 4 0 0 0 5 1 5 
10 3 216 3 30 1 0 1 1 5 1 5 3 4 43 1 4 3 29 9 3 1 53 3 9 0 7 3 1 8 7 12 0 3 15 26 3 1 20 1 1 2 28 1 10 1 19 0 36 4 1 1 5 1 1 10 4 2 10 2357 69 8 41 0 
3 3 4 2 6 6 184 206 1 210 10 3 8 2 0 34 0 7 6 3 1 3 0 8 11 3 1 3 4 35 3 2 1 2 88 26 7 26 1 23 50 7 5 0 7 0 1 25 103 0 0 1 2 3 8 0 1 2 13 15 0 1 1 1 
25 11 1 1 1 125 2 5 125 1 0 3 1 13 41 5 0 22 1 2 2 1 5 0 6 17 0 12 0 1 5 7 0 4 5 2 1 15 1 15 0 12 1 1 5 3 4 137 17 0 31 9 16 8 5 1 1 35 3 0 7 12 1 6 
0 2 17 13 1 29 1 6 37 5 1 42 1 5 8 11 12 1 28 5 7 4 6 1 6 6 2 1 32 10 0 13 1 7 408 1 0 9 145 8 1 13 3 4 0 6 0 1 1 2 4 0 10 1 0 1 39 0 10 2 25 5 49 3 
0 7 1 2 0 31 4 0 6 16 3 13 18 3918 3 4 3 0 1 0 17 21 1 1 0 7 2 4 128 1 42 4 1 3 35 17 2 8 129 6 2 23 2 6 42 10 4 17 4 0 8 1 4 22 1 9 986 13 1 7 11 4 1 5 
26 3 0 5 1 48 3 12 554 0 1 2 2 3 2 18 2 0 263 3 107 1 4 1 1 22 0 2 1 18 6 0 46 31 13 8 0 8 4 3 1 127 2 11 14 2 1 10 5 84 0 0 403 0 3 1 8 2 2 5 3 1 30 1 
40 0 2 1 2 7 5 8 2 2 0 5 0 12 2 14 6 62 4 4 13 1 22 17 1 1 43 0 8 5 0 1 6 0 109 1 5 2 3 12 12 40 10 3 20 20 9 1 3 2 6 0 5 18 265 23 2 11 40 1 5 2 1 0 
1 2 2 21 29 1 88 4 5 7 2 8 1 75 4 0 1 0 1 0 0 2 1 7 2 4 6 0 3 0 0 5 1 14 4 1 7 3 2 4 5 3 17 3 42 1 0 11 0 18 1 3 221 1 63 3 1 1 0 12 35 3 8 1 
0 236 0 8 25 1 7 3 8 5 2 1 13 8 1 6 1 590 4 1 6 1 4 1 28 4 2 0 48 13 3 2 16 1 0 39 3 2 8 10 1 40 0 8 12 3 2 1 33 5 4 6 0 0 2 27 9 2 3 2 1 5 2 0 
0 10 1 4 36 15 0 0 5 0 3 11 0 20 1 2 1 9 5 1 3 8 0 3 1 11 0 3 1 5 5 1 12 0 0 15 140 21 9 3 5 0 2 2 2 26 4 1 1 55 6 1 18 4 0 0 1 7 5 4 3 1 31 1 
4 6 8 13 0 3 467 16 2 20 2 5 0 0 6 5 1 0 9 9 8 2 0 4 4 25 4 34 1 2 4 1 17 13 37 19 1 8 21 28 16 0 1 2 0 2 1 3 8 2 1 2 1 0 29 7 0 8 16 36 18 11 31 19 
0 0 2 0 0 0 14 4 3 0 6 0 1 15 0 0 1 8 0 11 3 1 3 11 17 1 1 10 6 31 18 3 3 6 9 1456 1 6 0 30 1 1 48 29 0 0 8 3 2 37 0 514 5 0 10 6 8 10 1 21 11 5 9 0 
16 7 5 0 9 2 20 11 169 0 39 8 0 40 29 15 0 1 1 1 0 0 67 3 2 3 11 4 9 15 5 4 5 1 7 1 1 4 6 2 4 1 2 0 1 20 0 6 247 19 36 7 2 1 27 2 1 0 0 3 2 1 1 13 
2 1 18 0 2 5 4 110 0 0 2 53 7 0 1 5 8 0 6 48 13 23 0 1 2 4 3 25 2 7 13 0 4 0 19 49 1 13 6 3 3 6 1 3 1 1 5 10 1 727 1 1 0 1 1 13 1 1 2 7 3 2 8 5 
4 2 5 10 32 0 2 1 3 2 27 0 8 9 34 1 6 70 0 2 13 1 1 1 0 2 1 3 1 1 7 1 0 29 0 10 5 0 4 2 1 0 0 0 14 4 2 8 2 6 6 8 11 1 0 0 27 6 85 0 17 26 15 2 
2 6 25 18 1 1 11 1 4 57 2 39 4 104 1 2 8 0 3 0 31 3 10 0 2 2 0 26 2 11 2 3 3 1 3 3 10 4 0 1 1 50 9 25 3 6 3 44 1 7 0 0 2 0 3 27 29 28 2 4 2 8 5 0 
0 128 1 2 1 4 4 7 1 25 2 4 1 41 20 2 17 6 4 2 18 36 3 1 2 3 5 3 13 5 4 38 31 3 6 13 1 68 1 22 1 8 1 5 9 22 5 13 12 1 1 7 18 16 11 3 24 2 8 8 1 1 1 6 
15 14 1634 7 3 2 2 9 1 4 36 4 3 47 1 2 16 0 0 39 46 5 27 6 5 5 30 14 10 90 4 14 1 83 3 2 0 3 1 3 38 1 31 1 1 2 7 1 1 2 1 7 3 3 4 25 14 0 3 5 13 0 0 0 
1 9 5 23 1 15 6 11 3 2 18 12 1 0 8 0 0 1 0 19 2 6 1 0 0 4 28 4 8 1 1 2 0 0 63 226 2 12 10 0 4 8 2 12 2 5 0 9 0 4 0 9 30 0 62 2 45 19 14 36 12 2 31 1 
39 4 0 0 5 32 7 16 66 2 3 5 2 4 71 10 0 0 6 17 7 2 11 3 0 2 5 1 1 11 13 1 11 4 8 3 92 2 0 7 56 0 29 10 17 3 0 1 8 26 0 7 1 0 0 1 68 1 1 0 3 3 7 1 
3 0 191 7 454 4 20 2 4 2 1 9 9 2 9 0 6 0 12 0 232 0 7 1 0 33 53 2 0 1 3 15 9 8 5 9 3 6 4 18 45 20 4 2 33 22 19 1 16 224 22 2 18 38 18 1 18 0 1 2 33 6 5 0 
7 4 1 9 3 2 4 52 2 4 3 0 0 1 6 2 1 2 45 2 16 5 1 6 13 2 5 2 6 6 2 1 3 16 2 4 1 7 10 2 5 10 8 1 1 1 2 0 15 124 8 4 0 4 3 3 1 3 1 7 3 13 7 0 
0 21 1 17 6 3 14 2 5 1 4 260 5 19 9 4 0 2 5 44 212 0 2 0 0 0 1 0 1 9 3 0 0 6 9 0 7 3 0 1 1 1 4 11 12 6 4 2 110 1 2 10 2 12 3 6 0 3 18 37 0 8 98 0 
8 7 1 0 25 6 73 3 5 3 6 0 3 8 6 2 12 5 18 1 0 5 0 585 17 5 0 1 4 0 14 7 3 2 2 0 31 5 6 3 2 0 1 0 3 3 1 34 6 8 2 5 0 1 2 2 3 7 5 56 0 0 76 0 
270 6 0 28 14 11 0 0 13 1 3 32 1 2 1 7 15 1 10 2 5 0 11 3 1 1 5 7 0 13 7 0 2 331 4 17 6 9 7 2 0 3 9 3 9 7 2 4 1 46 5 0 3 3 3 1 6 22 0 3 9 3 5 0 
8 5 1 20 4 0 1 25 37 1 28 3 1 0 3 4 17 1 3 1 3 13 2 19 0 3 1 0 6 1 1 8 1 8 10 5 7 13 4 1 3 4 16 1 12 4 44 0 0 0 4 3 2 2 0 20 7 3 158 1 8 19 9 34 
1 40 12 3 1 11 15 47 3 1 2 1 7 7 9 3 45 1 4 3 0 4 9 7 2 0 1 2 0 1 0 28 5 0 0 8 0 0 20 3 10 0 2 12 3 1 2 4 1 0 15 7 6 4 30 11 17 0 11 239 10 33 9 2 
7 8 5 0 38 8 1 1 4 9 70 1 4 11 0 16 0 1 14 6 30 3 1 2 10 7 59 187 2 6 5 3 1 0 1 11 2 0 0 10 2 13 9 1 27 0 3 5 42 0 2 1 6 17 331 3 5 2 1 2 0 29 0 1 
31 10 1 5 16 2 384 0 6 0 4 2 1 5 1 17 1 2 15 2 5 26 87 4 1 16 9 2 6 0 2 1 5 20 1 0 1 0 6 0 23 0 26 14 3 13 1 7 40 1 4 1 1 3 16 6 1 16 0 1 0 8 2 1 
2 0 2 1 0 0 3 0 0 0 3 10 4 25 2 3 0 6 33 3 17 1 11 10 5 8 1 11 348 2 8 0 3 1 0 0 1 21 6 69 1 25 1 25 26 5 24 0 4 0 4 4 1 325 1 13 15 0 5 1 1 1 7 8 
8 2 21 8 1 31 1 13 5 0 6 3 1 6 1 3 12 14 5 9 2 9 1 1 15 8 1 0 1 1 2 119 1 5 0 7 5 2 4 2 5 3 7 1 4 5 3 12 1 49 11 1 5 2 0 1 33 8 21 37 3 16 1 9 
5 53 4 5 6 9 9 5 1 69 2 0 0 39 0 11 113 5 1 1050 2 9 7 3 1 3 0 1 4 6 0 1 4 6 24 4 5 21 0 1 0 10 9 11 14 8 0 8 14 4 2 1 8 2 0 9 2 16 157 50 0 3 4 1 
28 723 5 0 31 0 21 7 0 3 9 0 0 2 1 2 2 4 21 9 3 8 4 17 1 15 6 1 2 5 4 1 10 6 4 5 3 7 1 113 0 8 13 10 8 0 1 2 13 1 127 20 2 20 4 5 10 1 1 4 6 5 1 0 
172 2 2 1 9 3 0 30 8 2 1 1 4 8 1 7 23 2 67 1 2 4 40 5 7 4 1 6 7 1 1 1 15 4 3 1 58 0 11 0 2 0 5 0 6 5 8 0 3 7 2 1 0 2 1 0 2 23 0 0 2 30 6 0 
0 0 5 1 0 8 0 1 13 6 132 3 12 1 1 1 1 0 9 1 0 1 4 5 2 9 9 0 6 6 19 2 0 0 2 24 3 3 11 0 29 0 37 1 2 5 9 0 3 12 5 0 4 0 0 1 207 0 2 0 26 0 0 4 
2 4 25 1 19 0 5 0 0 22 0 0 1 5 0 14 122 1 2 0 8 3 1 0 15 0 9 59 14 10 6 3 1 11 4 0 3 0 1 5 1 1 10 3 10 12 0 1 6 7 14 12 22 0 20 26 0 0 7 28 36 1 11 34 
16 20 4 0 0 2 2 1 2 67 5 2 1 11 9 3 0 10 4 4 30 5 46 4 0 0 8 18 8 5 0 5 9 7 9 5 6 8 0 1 36 1 0 4 6 16 5 0 6 1 6 3 16 5 4 0 29 20 67 0 0 9 0 0 
7 0 2 3 59 4 0 0 13 1 2 0 62 0 2 21 5 24 92 15 56 0 7 0 10 6 38 1 85 3 16 2 0 6 35 1 1 8 2 16 5 0 64 16 0 16 7 68 2 10 1 0 8 30 102 5 5 5 2 3 4 38 1 22 
1 0 8 8 8 7 0 43 1 0 1 0 33 0 8 0 8 21 1 2 6 1 3 3 14 2 8 2 0 25 2 1 11 1 1153 8 126 4 29 0 3 5 5 261 4 3 1471 2 2 2 0 2 4 7 7 2 7 93 20 4 2 4 4 46 
0 15 0 44 1 5 0 28 0 0 1 7 1 0 7 1 1 9 2 7 2 3 5 6 17 2 5 12 3 0 5 5 8 2 0 1 21 3 3 8 25 12 2 0 3 23 1 0 2 5 1 96 0 6 0 10 1 0 1 23 2 3 1 0 
5 0 2 3 0 6 6 1 2 0 164 1 10 1 68 0 1 1 3 6 0 0 0 2 4 101 3 15 6 3 78 213 3 0 5 14 103 1 2 10 0 36 30 1 9 0 14 12 1 7 0 2 9 3 5 8 1 1 6 1 1 4 1 39 
10 1 7 4 0 10 8 1 0 27 1 1 5 20 2 1 15 13 7 1 18 0 1 6 10 1 12 30 5 118 7 2 3 345 0 0 9 0 14 0 4 26 1 14 0 47 11 139 3 20 1 24 7 14 2 11 11 7 4 8 22 13 28 26 
4 3 7 9 15 3 2 101 51 9 10 11 2 9 7 56 3 48 20 3 4 1 40 0 5 149 34 25 33 0 3 17 12 51 1 9 0 0 10 17 0 5 10 4 0 2 0 15 31 7 3 0 52 1 0 9 4 1 2 13 16 1 2 2 
3 0 15 5 0 159 1 1 1 14 13 3 16 31 2 15 1 8 1 15 5 0 1 0 4 9 4 4 0 13 2 163 0 0 11 0 0 11 5 2 0 12 5 12 1 1 3 1 0 5 5 4 33 9 15 12 14 0 5 3 0 4 12 1 
9 4 0 2 6 2 19 12 8 22 27 3 0 198 1 10 9 2 36 4 1 5 8 3 54 5 4 14 10 5 4 2 1 5 17 2 12 1 57 21 39 5 0 6 7 1 9 35 27 2 23 2 4 12 8 13 3 61 0 10 13 6 8 3 
4 0 4 0 49 5 30 50 28 4 3 2 65 0 2 21 4 87 4 0 11 2 23 1 1 1 0 5 6 27 4 1 62 0 1 0 0 0 15 20 0 0 1 34 40 4 11 4 17 48 1 3 0 174 1 67 2 135 2 7 1 2 0 2 
15 14 8 39 1 60 24 1 0 8 20 1 3 0 13 1 0 7 0 0 0 1 15 0 12 6 92 5 14 15 1 4 11 0 10 2 51 2 8 30 23 14 7 0 2 0 2 2 7 6 3 3 5 6 14 7 3 10 6 0 5 3 0 89 
16 14 30 2 2 0 16 108 5 0 1 3 3 38 2 8 3 1 18 8 7 29 8 4 2 4 7 15 8 21 16 2 0 2 13 0 0 4 9 0 8 1 1 4 27 2 2 2 13 84 1 3 1 2 10 39 14 11 1 37 0 4 8 8 
16 2 0 4 17 0 8 1 1 6 1 0 4 3 2 6 10 0 4 3 22 8 3 1 0 30 2 2 2 2 2 2 0 0 14 39 1 5 32 31 2 10 0 0 5 8 0 8 1 1 446 15 0 1 1 19 12 2 6 2 1 0 37 13 
7 3 2 9 2 2 7 4 0 12 0 6 268 0 2 1 4 37 3 1 20 42 1 2 1 2 17 24 100 7 2 0 16 1 4 4 2 229 1 15 4 1 0 16 1 2 8 1 2 18 23 84 0 4 1 1 3 4 2 1 8 56 7 1 
0 94 4 26 48 0 8 1 0 5 0 7 0 6 0 3 1 3 0 0 12 0 10 11 0 0 1 3 44 3 1 41 6 1 2 9 19 7 5 70 0 21 6 90 22 8 16 7 12 1 27 8 0 1 0 1467 7 1 3 7 3 2 0 25 
1 1 7 14 15 12 5 10 1 1 3 9 21 26 7 0 12 6 11 16 3 165 9 1 0 1 0 17 0 30 3 3 26 6 8 4 2 79 6 1 3 0 14 5 0 8 29 9 2 0 1 67 44 14 3 6 2 12 6 12 9 2 1 1 
27 22 10 3 0 2 10 1 4 2 11 3 8 1 2 23 1 1 24 0 8 7 0 5286 7 0 8 3 0 1 2 11 1 0 9 2 201 31 2 1 0 39 41 10 1 12 1 2 20 4 9 3 3 7 1 84 2 6 25 1 2 0 10 1 
7 1 6 0 8 6 1 2 9 1 29 3 12 0 42 190 0 34 12 1 1 8 5 1 12 2 0 4 8 1 2 1 59 0 2 32 1 72 3 0 14 5 1 20 28 5 69 0 3 3 2 0 1 8 7 3 9 1 19 3 0 7 1 27 
6 41 6 1 9 5 1 7 7 3 19 0 35 2 1 0 0 3 18 125 5 1 53 7 0 0 23 0 3 7 3 0 1 2 58 6 0 15 166 2 0 0 3 5 18 2 0 2 3 0 2 0 1 1 0 0 1 4 2 2 4 0 2 19 
7 0 1 3 2 3 18 5 0 1 3 6 0 10 13 892 1 1 3 0 1 0 0 12 102 12 27 8 1 55 10 1 0 0 2 7 0 1 0 1 4 2 1 3 6 3 7 3 3 1 47 0 16 0 0 7 1 0 2 0 1 1 1 1 
0 17 1 51 9 3 2 3 4 1 1 1 2 1 8 3 5 3 1 2 7 1 13 1 1 0 0 7 8 20 14 0 12 6 169 0 8 0 3 11 7 5 1 1 0 13 0 2 1 18 8 0 28 0 11 0 26 0 9 3 0 0 2 6 
3 5 0 14 41 1 0 4 0 1 18 6 9 0 3 16 140 2 10 0 2 131 8 68 3 3 20 16 16 1 0 5 6 1 3 0 2 1 2 3 4 4 12 0 6 0 1 3 17 1 1 3 23 23 2 6 2 6 1 3 0 2 7 0 
0 4 0 2 16 0 0 10 7 11 0 1 0 153 3 17 8 1 5 6 9 3 1 2 25 5 2 3 3 0 4 0 10 7 0 0 13 7 0 0 1 1 6 28 1 8 1 0 12 2 18 1 2 0 6 2 1 19 6 1 0 1 3 3 
3 0 7 1 163 5 9 1 36 4 3 2 287 377 2 5 0 1 0 6 9 5 2 0 5 42 3 8 6 3 1 0 2 128 40 1 8 14 166 5 12 3 5 2 23 13 8 48 0 9 1 5 6 2 4 3 0 1 2 0 14 2 4 0 
0 4 13 7 2 2 8 6 1 1 1 1 4 19 0 15 0 30 1 44 1 6 136 1 5 1 2 0 22 6 619 1 6 4 3 5 4 0 81 23 10 0 21 4 2 189 2 367 13 0 111 0 33 0 1 0 15 34 75 1 6 25 1 3 
1 0 1 3 80 0 8 36 21 0 41 14 6 2 6 2 2 0 12 2 12 2 2 2 371 2 3 1 4 1 0 2 13 2 0 1 6 6 10 0 8 1 0 0 6 8 6 5 1 0 1 9 1 0 0 67 5 5 4 2 28 1 11 26 
0 4 1 1 6 1 10 0 2 1 0 1 1 0 2 1 26 12 0 1 13 4 27 7 3 6 11 2 0 16 2 226 0 1 4 95 1 2 7 37 85 0 16 9 23 3 3 364 1 9 11 0 1 1 2 0 4 12 6 0 6 0 1 1 
0 35 2 6 3 5 4 27 1 39 2 2 0 1 1 440 0 15 0 13 27 8 1 2 10 11 13 2 0 3 6 0 11 1 0 18 3 7 2 1 3 1 0 83 1 2 0 8 3 1 5 1 1 10 11 1 3 0 6 3 3 0 22 2 
2 0 9 0 9 2 5 8 2 7 1 132 0 0 17 4 1 5 4 17 13 3 1 0 2 1 0 1 45 2 5 14 2 14 5 7 17 54 8 3 1 11 241 10 45 30 4 4 13 22 8 3 14 0 0 6 5 11 5 4 27 5 2 4 
1 0 9 12 12 2 0 4 12 12 3 14 1 20 12 2 6 0 2 10 9 4 10 6 12 2 2 7 2 9 1 0 36 11 5 0 4 1 4 7 0 7 0 9 1 2 1 5 0 4 1 3 1 11 3 7 29 1 7 9 1 4 2 51 
0 2 10 56 1 2 1 3 0 9 46 2 0 9 3 8 2 0 1 8 27 0 30 0 1 7 10 0 12 0 2 6 18 0 0 1 1 2 4 6 1 3 0 5 2 1 10 6 32 1 1 0 1 9 1 0 0 7 3 7 3 2 157 1 
8 6 3 6 11 45 1 0 0 0 2 2 9 1 2 1 15 2 4 5 1 1 6 1 7 0 2 8 2 6 11 1 4 2 0 3 3 1 0 1 3 19 39 1 2 12 2 17 2 6 30 1 14 36 10 3 2 1 4 14 3 0 6 124 
3 43 29 1 204 46 12 32 998 6 1 5 9 0 1 3 2 2 2 36 3 27 13 6 2 2 1 6 3 7 7 4 13 9 27 1 12 1 18 9 1 0 0 1 8 1 1 16 3 7 7 21 4 2 1 2 1 45 3 10 5 39 13 3 
5 14 1 5 3 0 23 13 1 23 0 14 246 11 3 9 9 40 2 17 2 1 36 20 12 8 15 16 30 65 0 120 9 0 5 11 64 4 12 19 4 1 9 1 36 3 1 0 2 3 16 12 0 6 8 9 5 0 1 8 1 1 10 2 
0 13 0 6 0 6 7 2 1 8 27 0 10 17 5 3 21 5 0 5 10 1 276 6 33 3 3 18 291 0 17 19 25 21 55 2 21 2 2 0 8 3 0 2 6 1 27 7 252 0 10 3 1 23 7 3 2 26 0 10 125 5 8 1 
35 7 27 11 29 1 1 1 1 0 4 0 2 6 9 1 1 2 0 19 5 0 5 18 0 2 2 2 11 11 26 1 2 0 0 0 12 7 1 5 1 50 1 88 6 26 3 2 1 2 3 14 2 3 1 3 18 1 2 9 16 19 14 1 
183 6 2 8 0 3 3 1 7 3 0 17 28 14 0 3 18 8 4 18 4008 13 21 1 20 4 1 4 0 0 10 1 2 0 1 22 2 9 14 2 1 6 1 28 4 1 1 7 4 3 3 0 0 0 0 23 0 7 1 8 0 1 22 0 
8 5 5 23 25 5 20 20 273 2 6 6 1 0 1 0 2 2 3 1 27 0 1 9 4 1 34 3 4 4 9 0 22 0 1 1 31 11 0 22 1 0 5 1 1 9 0 24 6 1 125 26 19 15 52 7 0 2 0 0 74 1 4 3 
0 12 4 19 0 1 65 2 6 5 1 0 24 1 4 11 34 2 0 3 2 17 17 0 1 551 26 4 1 3 15 25 1 22 52 7 0 44 2 259 3 1 1 15 1 3 9 0 0 3 8 17 3 8 1 0 19 0 17 0 8 5 12 6 
0 4 2 9 4 1 2 13 3 6 13 35 5 2 0 2 0 12 5 2 1 2 9 0 17 9 4 0 1 0 20 16 1 0 0 2 0 1 8 0 7 5 1 0 3 10 1 13 3 3 78 0 12 2 0 4 9 20 14 3 6 3 4 0 
9 6 1 0 2 2 0 1 2 54 20 3 6 1 9 0 21 0 6 5 5 2 32 4 1 0 0 3 1 46 5 1 8 33 0 6 2 1 0 0 0 8 5 18 1 10 4 15 1 0 9 28 15 2 20 33 5 3 1 6 0 59 2 518 
53 2 2 4 2 3 414 1 0 6 0 8 0 6 19 9 8 9 1 7 17 22 4 2 10 1 3 6 3 1 42 0 0 2 3 1 1 57 4 9 2 2 17 1 6 1 0 41 2 1 7 3 2 1 1 3 0 2 24 0 1 0 5 8 
6 8 0 10 6 8 1 0 19 0 0 37 0 1 24 5 4 15 3 3 32 201 27 6 1 5 9 17 0 1 0 1 1 1 6 9 8 3 23 3 7 13 3 12 4 3 6 6 0 17 0 3 0 0 1 5 10 0 0 0 30 1 0 0 
3 0 27 4 0 1 2 0 11 1 18 3 0 6 15 14 2 2 1 43 1 3 1 5 10 13 16 12 14 4 23 13 24 52 31 3 1 0 0 8 7 3 31 2 1 1 15 3 1 5 2 31 1 1 58 0 14 0 0 1 1 6 1 2 
20 4 1 6 3 5 6 1 1 5 3 79 26 5 2 19 1 4 0 4 8 1 0 3 0 18 2 9 4 0 6 3 3 4 9 33 4 0 66 1 2 3 2 2 6 2 0 0 4 2 0 23 3 1 119 16 2 2 0 10 6 3 2 34 
54 1 15 0 13 23 0 119 12 4 1 4 7 22 6 7 1 110 1 33 5 7 6 10 111 10 6 66 1 27 12 10 5 1 3 21 15 102 1 26 12 6 4 7 9 4 7 4 8 15 1 3 4 4 10 3 6 23 10 5 0 1 3 56 
10 3 56 3 3 8 3 3 12 1 18 6 0 0 1 11 8 234 10 4 0 4 34 1 6 0 5 4 0 1 2 0 6 7 22 0 3 0 1 19 2 435 2 1 0 1 4 3 4 4 9 10 0 0 10 3 9 11 20 9 0 2 11 0 
4 3 28 6 1 9 2 2 2 1 36 23 6 6 0 8 8 1 4 60 0 1 14 1 2 2 13 5 2 2 53638 10 0 6 7 1 2 3 4 0 14 16 0 1 4 6 6 1 2 1 179 3 35 11 0 1 7 17 10 90 14 3 1 3 
194 3 1 0 3 0 4 10 1 12 1 11 0 5 2 232 7 0 29 10 28 17 28 7 0 5 7 8 4 3 214 1 5 1 6 6 1 1 9 33 0 31 8 500 19 1 1 30 87 14 5 28 7 7 1 0 1 0 6 1 9 3 3 7 
2 23 1 2 13 1 1 2 2 1 17 1 1 4 2 16 7 3 10 11 44 1 28 1 25 4 3 4 373 20 0 4 1 4 4 8 1 0 3 0 0 7 7 1 3 8 3 21 0 26 1 0 5 2 8 0 0 186 1 1 383 7 16 11 
3 2 0 4 2 9 41 10 12 1 5 0 8 2 1 426 13 1 2 3 1 2 6 2 119 21 10 9 0 240 6 32 1 2 2 0 4 5 0 0 1 1 5 14 70 25 2 1 20 368 1 23 2 5 1 6 20 10 5 6 2 1 2 4 
3 5 17 3 20 21 1 4 5 0 1 12 60 1 3 0 24 2 14 8 2 10 8 29 49 2 26 0 8 19 5 14 3 21 2 3 1 2 2 66 0 231 2 21 1 21 0 12 12 3 19 0 4 0 8 9 58 34 3 1 48 1 0 8 
1 1 0 18 15 13 1 1 1 5 1 0 2 5 1 4 0 16 6 1 4 4 0 4 1 5 2 7 23 598 2 0 14 16 7 2 13 1 0 15 3 3 2 2 1 0 5 595 6 6 108 1 0 6 8 2 2 1 50 11 0 28 8 2 
0 57 1 0 7 2 1 0 409 9 4 544 2 36 5 47 3 1 6 16 1 5 8 1 3 9 11 0 40 9 6 0 49 3 2 2 6 3 3 3 30 61 1 1 4 1 11 5 8 28 3 3 2 3 0 9 1 10 17 0 2 7 50 18 
1 3 0 4 1 11 4 13 0 10 3 5 0 0 1 1 3 1 3 7 9 11 5 6 10 0 0 17 1 0 1 9 3 23 2 6 22 14 71 4 1 33 4 2 7 0 1 2 23 9 4 3 2 2 65 7 4 2 0 2 1 10 2 41 
3 8 73 4 9 11 9 157 1 0 21 2 1452 8 0 2 13 0 8 14 0 4 7 0 28 9 1 144 4 1 5 28 1 4 25 4 41 6 1 2 3 2 1 9 1 7 7 3 12 14 136 12 49 6 11 1 0 18 10 1 1 22 6 14 
11 9 3 28 9 7 6 1 5 7 7 8 0 2 4 96 5 2 1 7 10 11 2 4 7 0 5 29 78 0 3 1 36 6 2 4 1 0 18 19 5 18 0 23 0 6 53 13 3 8 2 1 8 85 0 8 21 5 19 5 56 6 1 104 
12 7 13 3 2 9 14 1 3 19 2 19 20 121 60 1 1 1 10 74 0 0 4 3 3 27 3 24 15 1 0 0 19 0 6 8 16 0 0 7 3 11 5 1 14 1 3 2 5 2 1 12 15 14 16 2 3 5 28 5 1 16 5 0 
2 0 34 1 1 0 25 27 26 2 1 1482 9 4 1 1 10 37 1 3 0 1 11 50 0 2 15 8 8 10 15 1 4 2 3 0 2 1 0 5 3 16 23 1 2 1 2 2 11 7 2 1 0 43 3 14 4 3 56 12 1 1 6 1 
0 2 39 1 257 53 9 14 1 21 0 1 4 8 13 1 9 6 0 66 1462 4 8 0 37 7 1 13 4 2 6 3 12 422 11 1 1 34 6 45 0 5 4 0 15 1 1 10 5 3 2 6 64 3 1 4 2 0 1 7 4 3 0 5 
3 43 16 42 3 0 4 248 15 8 2 0 5 0 3 6 5 7 0 36 12 9 32 3 3 2 7 2 6 37 7 8 1641 1 13 5 0 2 2 68 10 2 1 0 3 11 6 10 12 4 1 0 59 23 128 2 0 0 9 1 12 12 4 1 
1 7 0 2 4 10 78 32 2 47 10 28 2 35 0 0 9 0 0 9 0 12 25 1 4 4 45 15 8 0 9 7 4 4 34 3 0 3 4 4 6 1 1 0 15 5 8 23 4 11 3 8 0 51 3 238 8 15 8 2 12 1 207 10 
271 7 4 2 7 0 0 2 217 8 3 6 27 15 13 10 6 6 2 7 1 22 3 12 1 44 5 6 0 18 3 16 7 12 0 10 0 38 50 1 0 2 4 11 1 11 7 2 8 0 2 130 2 0 3 26 74 3 0 2 1 0 0 1 
18 2 0 0 2 3 1 1 4 6 3 5 5 6 1 0 21 0 1 1 4 101 140 2 0 12 1 7 19 7 0 4 13 11 1 0 7 1 192 2 28 12 1 87 5 0 36 6 25 4 28 1 10 5 7 6 1 5 0 1 32 3 2 2 
1 0 8 4 95 4 5 5 8 13 8 0 3 0 1 3 2 1 25 20 10 19 1 25 38 7 8 35 5 1 59 106 0 1 17 10 2 32 2 4 0 7 8 3 4 1 3 1 3 48 7 13 2 0 2 1 0 0 0 0 6 4 45 58 
56 24 0 4 2 1 16 79 3 0 1 0 3 187 0 11 11 38 5 53 1 8 6 4 0 3 20 15 4 1 2 23 5 3 0 2 7 7 17 2 12 6 10 8 1 9 10 23 0 1 1 747 0 9 0 0 3 1 0 1 2 1 1 0 
1 2 11 13 1 4 1 139 2 0 7 10 2 2 1 0 0 2 103 10 36 37 1 3 0 2 8 9 1 2 20 2 5 1 13 1 5 3 20 4 1 0 0 0 1 2 66 0 0 1 4 11 0 6 0 2 4 0 7 0 5 16 220 10 
2 0 0 16 1 6 10 5 2 22 8 11 7 1 2 20 1 4 13 8 2 2 1 5 13 0 9 6 49 181 1 1 3 2 46 1 1 7 8 3 0 1 0 275 3 1 1 127 45 12 0 8 0 0 2 1 1 8 5 13 0 3 6 1 
0 2 1 11 8 3 28 44 3 6 42 22 4 0 8 1 3 2 2 3 2 8 2 1 41 2 8 14 4 3 297 4 8 0 1 4 0 1 2 4 1 0 8 9 0 19 6 2 2 0 11 1 10 18 0 11 0 0 0 5 0 6 1 2 
2 0 2 2 14 0 2 35 10 12 8 13 21 0 2 4 32 9 30 3 9 2 2 0 1 6 8 7 0 10 1 161 8 2 0 7 6 0 9 2 3 24 19 31 1 39 4 8 2 5 7 81 9 25 1 5 6 21 9 0 0 4 1 13 
3 1 8 1 1 9 8 32 16 0 9 4 0 1 29 1 65 0 8 0 3 1 0 1 1 12 1 0 10 6 2 9 0 9 0 113 3 23 6 3 2 1 27 4 14 14 4 8 4 20 50 2 43 1 12 2 2 30 34 9 5 5 1 2 
3 4 0 3 8 1 2 2 15 0 2 0 30 13 11 3 69 4 2 18 3 3 2 36 6 13 1 8 0 0 0 1 13 0 30 1 31 1 2 9 0 27 2 9 0 25 46 5 1 7 7 3 0 0 5 3 38 27 21 1 10 0 1 2 
17 6 4 6 7 10 39 1 0 19 0 6 1 6 8 1 25 5 40 373 32 0 23 19 20 1 16 7 6 5 41 16 0 7 1 0 1 1 0 2 2 13 24 3 8 30 9 3 2 7 0 24 2 0 10 3 3 1 2 87 27 1 2 12 
1 1 5 5 2 0 1 1 49 1 3 15 6 2 7 4 2 5 4 20 8 1 4 0 0 2 3 0 18 2 9 7 18 7 4 0 7 100 32 8 10 13 25 1 10 2 7 2 2 2 6 3 8 0 12 0 0 7 0 62 29 3 18 6 
2 18 26 1 12 3 20 26 1 261 6 0 10 6 36 3 3 0 5 1 7 15 1 3 0 2 3 1 2 2 7 0 1 0 3 4 17 33 5 9 2 6 6 30 8 227 7 5 2 0 13 18 10 39 10 2 10 5 1 300 4 4 261 0 
10 2 15 1 2 1 2 1 5 1 0 3 5 1 7 13 0 2 11 1 2 7 7 0 3 4 165 3 6 0 2 18 2 1 3 1 16 1 86 0 2 7 1 20 2 3 149 17 5 6 0 3 2 2 181 6 38 1 13 6 55 0 1 1 
4 120 2 1 1 13 12 11 0 6 21 261 4 2 3 1 2 0 80 3 21 62 13 2 15 1 9 19 1 11 0 176 0 5 0 7 1 2 3 25 0 18 4 6 10 1 1 1 2 0 6 0 3 1 3 0 2 10 18 11 2 2 2 3 
1 3 3 7 7 16 3 4 1 1 0 0 50 0 145 7 0 3 4 6 3 4 4 14 0 0 14 1 0 7 0 97 0 3 3 25 0 7 5 2 9 27 17 0 29 39 1 2 4 62 4 14 6 6 256 33 2 0 3 23 1 1 6 2 
3 1452 39 1 4 4 27 9 1 2 0 7 7 3 199 3 3 5 3 0 0 5 8 25 9 2 5 6 26 9 9 5 48 25 127 1 0 8 4 2 6 0 4 31 2 0 1 11 0 15 25 1 3 8 32 9 35 3 0 6 1 3 237 9 
5 104 6 3 3 4 12 1 6 23 1 3 10 6 5 32 0 5 4 0 37 0 0 0 9 1 4 9 3 77 0 1 10 5 7 3 24 2 0 17 2 1 87 0 1 1 16 2 10 18 0 9 7 14 3 0 0 0 1 1 8 0 1 46 
3 1 10 18 8 2 1 1 1 2 235 17 0 0 11 5 8 6 18 1 0 0 1 0 0 101 8 1 1 3 5 1 2 0 1 1 2 14 3 1 1 4 1 1 3 15 3 42 1 12 54 16 47 278 3 0 15 2 3 14 10 26 0 44 
0 0 34 2 2 0 5 3 27 74 33 1 3 6 15 3 1 29 3 5 1 19 1 92 1 159 26 0 1 1 6 1 3 26 3 1 0 3 7 1 0 7 16 1 0 1 1 8 0 2 16 10 0 1 14 38 10 7 1 11 3 2 54 4 
2911 13 16 33 10 1 8 1 5 14 1 17 1 29 12 1 8 0 15 7 10 0 1 0 0 9 9 210 6 0 0 12 16 0 18 1 0 1 5 1 4 3 1 0 11 13 12 13 37 99 5 20 4 170 5 116 1 5 8 1 0 0 5 3 
6 30 2 352 12 2 4 4 15 0 3 0 0 2 45 0 9 1 1 1 0 3 10 2 6 4 0 62 0 0 2 4 38 57 33 5 8 8 14 1 84 2 0 3 2 1 15 0 3 7 4 2 0 29 1 1 31 2 24 2 59 73 55 3 
0 10 16 6 6 609 4 18 0 0 19 6 2 1 3 5 10 1 1 3 12 99 4 57 44 0 4 0 2 20 0 8 0 15 0 35 3 1 20 1 4 0 2 1 31 4 11 9 58 4 11 4 175 46 37 3 23 61 179 1403 2 4 11 1 
2 0 4 8 35 30 1 6 7 0 13 8 8 9 4 7 7 3 30 0 0 0 1 11 0 2 8 0 18 24 186 7 0 9 2 1 0 1 4 1 43 9 5 1 1 2 1 2 1 4 4 12 6 8 0 7 1 6 7 35 1 65 0 9 
9 6 3 0 13 9 0 130 7 1 12 10 3 0 11 0 6 36 13 3 2 0 3 15 1 9 6 11 4 0 4 1 2 10 3 59 11 1 5 8 3 3 5 5 9 1 4 1 4 0 3 13 1 3 1 2 0 2 2 0 16 4 7 5 
6 29 0 5 5 15 34 10 2 11 4 2 1 144 26 1 0 1 0 2 0 0 2 12 4 10 6 26 16 1 5 3 217 6 0 16 1 4 0 5 3 2 4 1 4 0 3 8 5 13 5 0 0 29 1 2 10 2 5 9 1 14 38 1 
29 3 9 1 3 31 6 0 11 0 0 17 10 10 50 103 1 3 0 18 42 3 31 0 10 0 1 0 1 5 72 3 2 86 2 1 2 6 5 27 11 34 1 8 3 1 189 1 11 9 17 4 8 2 1 16 1 2 79 2 1 5 8 0 
3 0 28 3 9 1 38 14 1 6 0 17 8 3 22 1 2 2 93 25 0 5 2 0 5 5 228 0 5 4 6 3 13 26 8 14 3 2 3 1 6 0 1 25 12 1 0 10 5 0 9 141 9 12 19 1 19 0 1 0 472 54 3 9 
17 0 3 0 2 0 1 2 26 7 2 36 4 5 4 10 64 2 1 8 0 22 2 1 14 5 3 3 23 18 2 5 0 104 2 7 0 36 2 1 2 6 13 2 2 1 2 1 0 6 0 21 3 4 1 5 6 21 4 2 0 2 2 6 
50 1 11 4 3 6 30 21 1 44 4 46 1 91 0 1 13 5 1 19 0 0 5 12 255 13 5 3 4 1 3 2 0 0 51 4 5 2 3 8 7 0 8 1 45 0 4 5 5 0 6 15 2 3 0 2 52 6 1 0 2 0 6 15 
6 3 0 0 4 14 1 119 69 0 9 16 5 7 1 2 108 19 1 1 0 5 117 4 7 5 3 52 4 5 1 4 4 1 3 0 15 0 5 80 2 1 8 10 363 31 3 0 2 7 11 1 1 0 9 3 29 10 3 0 18 2 4 0 
4 0 8 20 7 12 5 1 16 1 1 4 13 26 5 1 14 8 4 0 1 0 13 0 3 1 0 13 1 2 2 1 65 1 19 1 0 0 9 8 3 2 4 0 1 28 1 7 1 5 6 0 0 314 3 15 478 4 8 1 17 1 2 1 
11 17 2 5 25 10 33 3 8 9 1 0 4 91 0 0 10 14 16 6 0 3 10 1 127 1 0 14 79 4 4 2 46 10 2 7 7 0 3 1 5 6 1 15 5 2 1 11 12 47 3 11 17 45 0 0 7 1 0 0 6 2 0 1 
10 33 11 0 3 43 4 9 12 30 4 1 0 1 18 16 1 5 2 5 3 11 7 17 23 0 5 1 7 17 0 1 3 9 0 0 3 4 1 5 11 0 1 1 62 7 175 30 56 2 4 35 3 22 0 8 61 3 1 0 4 13 39 0 
10 4 17 5 26 4 10 2 13 1 0 4 3 0 1 1 7 7 6 1 0 5 0 41 9 2 7 0 0 19 172 2 22 2 11 5 0 5 145 0 0 4 9 4 6 35 18 20 9 12 3 6 4 0 4 1 5 4 7 0 43 8 24 7 
5 4 2 5 0 4 4 1 6 19 0 3 9 28 6 234 2 0 7 68 10 13 0 0 2 119 60 9 3 2 4 3 58 4 27 2 12 234 0 0 3 4 12 8 0 3 10 12 0 1 2 5 0 7 6 0 6 0 20 21 3 12 0 0 
9 29 2 5 0 11 6 6 3 0 4 0 14 1 3 3 1 2 3 22 13 9 1 3 6 1 1 1 1 120 0 1 5 2005 1 12 28 10 11 0 19 1716 9 9 13 13 7 0 33 2 7 10 7 1 2 55 22 2 2 6 125 12 6 3 
6 0 6 0 5 0 84 3 15 9 255 79 10 0 2 7 0 5 5 4 0 8 20 2 4 12 0 1 5 0 11 1 1 3 3 1 2 58 2 3 28 3 4 42 0 2 8 0 611 21 13 17 4 8 29 0 4 585 0 2 5 4 2 2 
5 2 13 8 7 0 1 2 20 4 23 8 5 14 0 8 16 0 4 11 39 0 1 4 16 11 11 10 6 11 2 7 2 18 0 2 0 14 2 0 6 11 2 0 4 18 11 15 34 7 0 12 15 1 0 4 1 5 19 2 23 17 1 0 
0 2 13 51 1 1 8 6 5 4 2 9 1 0 1 0 6 1 9 25 9 10 0 5 5 1 10 0 2 21 1 2 7 0 10 1 2 7 20 0 12 48 6 2 2 5 4 8 72 0 15 53 1 1 0 5 5 7 2 2 2 1 10 1 
0 0 1 76 15 4 12 1 1 1 2 1 29 5 11 0 11 57 0 8 0 1 1 26 1 1 6 1 3 0 12 59 8 14 16 5 0 2 1 0 14 11 1 7 44 10 1 18 2 0 4 0 4 319 1 66 6 2 4 1 2 2 1 1 
8 30 9 6 3 32 5 1 6 19 8 2 0 15 5 3 24 4 5 1 3 1 2 2 3 3 0 5 10 0 6 0 1 0 0 14 9 37 5 1 5 98 9 1 410 3 0 1 5 2 1 17 10 8 17 30 147 7 6 12 1 3 0 0 
0 7 2 10 2 1 10 1 20 23 19 6 7 6 0 3 0 25 0 5 16 3 10 0 9 3 0 3 6 9 13 3 5 1 1 5 86 2 2 6 0 2 0 5 2 1 2 2 1207 0 0 0 3 11 3 1 1 1 9 9 3 2 1 28 
0 0 12 1 4 0 6 1 0 0 1 8 1 1 0 3 1 20 58 0 0 193 10 25 2 2 0 1 1459 4 4 2 1 4 7 0 1 7 23 124 0 1 10 2 0 6 2 0 1 1 6 1 6 3 13 1 2 2 0 3 8 8 0 15 
2 3 2 0 2 2 2 9 1 2 25 2 21 1 1 15 0 2 3 0 11 8 1 2 5 64 0 20 0 15 10 12 2 1 1 0 2 1 0 0 19 12 7 9 10 6 2 13 4 10 59 31 1 0 3 2 4 29 5 1 2 6 5 6 
17 0 7 13 14 5 0 6 3 16 8 0 0 0 1 0 8 47 8 0 40 33 1 34 13 3 31 11 268 96 4 13 55 4 3 14 2 1 4 30 4 1 22 4 2 1 4 5 204 9 3 1 2 5 21 1 1 2 1 4 28 0 0 12 
0 1 80 4 5 5 1 48 25 2 0 8 4 5 1 10 9 1 179 5 8 2 3 0 2 3 1 4 13 3 7 136 44 0 2 5 5 9 0 0 9 8 4 13 8 46 3 2 12 1 1 1 37 0 2 4 0 5 1 2 4 24 76 3 
2 0 22 11 10 5 2 0 0 31 3 2 2 0 4 3 1 1 0 24 3 8 19 5 7 3 9 2 1 13 27 6 17 1 0 53 19 1 2 4 7 24 14 0 2 3 0 10 2 0 0 15 6 1 2 10 0 374 8 29 39 12 1 1 
0 5 1 6 253 5 1 143 5 6 4 6 1 5 0 9 1 205 18 1 45 0 82 2 0 6 0 2 2 0 3 20 1 39 1 8 2 0 12 0 4 0 0 0 0 297 2 8 12 3 3 17 1 2 0 6 0 0 1 18 0 6 8 11 
19 2 6 0 198 0 5 19 2 15 0 1 1 20 6 2 2 5 3 13 7 37 1 0 1 0 5 3 14 7 2 35 2 6 2 0 1 8 2 27 9 0 10 11 3 0 0 3 5 5 55 0 1 1 3 10 10 0 0 1 2 0 3 12 
0 1 0 24 4 2 22 87 7 26 5 0 13 2 4 1 4 11 30 68 123 4 13 5 17 3 30 7 5 207 0 0 1 33 13 4 0 0 11 13 79 15 48 12 0 2 239 2 1 5 4 0 0 6 2 1 1 0 0 48 1 3 9 1 
4 11 7 49 15 60 6 2 9 4 8 5 16 101 51 1 4 1 3 17 3 3 3 0 17 10 1 9 8 41 4 3 1 3 5 2 2 2 7 8 2 9 0 3 81 0 11 2 81 155 1 3 5 10 5 20 3 3 1 2 14 18 12 11 
17 0 0 3 9 35 1 0 23 4 9 0 10 14 7 8 2 0 1 1 3 19 12 2 9 31 6 0 1 1 6 0 1 4 7 2 0 6 4 5 0 0 1 13 3 0 1 4 614 1 4 4 6 0 123 1 15 12 0 0 1 2 0 3 
47 26 0 1 6 14 8 2 8 1 2 2 9 11 2 1 1 3 0 10 1 1 1 4 8 23 0 0 30 0 34 7 7 8 27 9 1 0 2 0 14 32 1 3 9 6 1 65 210 2 2 2 4 2 1 5 4 1 0 17 3 0 0 1 
14 10 5 6 16 3 0 6 11 833 6 15 1 733 10 16 0 1 22 6 2 0 1 3 1 8 0 19 20 4 7 15 2 1 5 6 11 178 225 0 6 5 17 11 1 2 17 16 6 3 44 54 4 23 4 10 10 12 3 0 5 1349 9 4 
7 1 0 11 2 3 4 15 1 31 0 1 1 7 11 94 39 6 78 30 8 0 1 4 3 0 79 4 9 101 4 196 3 47 21 14 20 8 2 1 25 1 30 1 6 1182 2 3 33 1 1 38 0 6 3 6 20 13 2 576 2 22 5 7 
0 5 1 15 1 63 11 12 10 0 1 112 38 28 1 0 1 58 0 4 7 12 1 1 4 3 23 1 2 4 16 2 9 1 30 3 1 2 2 3 9 437 8 0 0 1 14 7 62 3 10 5 1 7 0 36 4 11 4 13 1 1 1 9 
8 66 1 3 3 5 2 7 3 6 4 0 2 0 2 10 13 0 1 0 1 2 10 0 4 0 15 1 2 1 6 28 2 0 36 0 564 0 3 2 5 403 1 4 4 11 1 19 3 14 6 3 2 11 5 0 1224 11 22 1 1 0 1 4 
7 6 8 0 10 8 16 0 0 6 0 6 20 23 5 1 66 2 1 3 1 0 2 11 3 7 1 6 1 1 1 0 5 1 1 3 21 37 8 5 0 5 2 3 4 0 0 4 5 10 9 1 20 2 3 1 3 1 1 591 2 0 4 6 
2 11 12 23 12 1 1 3 0 1 31 0 35 11 4 14 321 0 2 10 31 1 7 12 5 0 46 2 3 6 1 4 5 181 0 7 4 6 2 39 8 1 52 0 0 1 2 2 28 0 0 6 13 0 6 0 15 225 2 150 1 2 41 26 
1 20 1 0 6 2 2 3 1 9 24 42 22 2 7 1 8 2 19 9 8 45 1 4 1 1 0 3 1 2 3 5 9 1 1 0 2 1 6 12 6 1 0 9 2 0 2 10 1 4 0 7 5 4 1 22 1 9 8 1 0 7 1 2 
4 1 3 3 2 1 0 4 0 2 0 12 9 3 15 1 1 1 1 1 35 9 0 11 5 3 12 4 8 8 2 7 0 7 48 4 4 1 65 1 0 0 1 49 6 2 3 1472 28 7 2 0 3 1 1 0 8 1 0 3 17 175 0 4 
0 3 4 0 7 1 1 9 2 8 0 10 11 0 1 3 15 0 0 0 2 0 5 4 15 9 6 122 1 2 0 1 2 8 1 16 32 0 19 0 1 1 9 2 10 4 3 0 48 4 18 57 3 104 3 1 1 0 8 0 14 12 0 38 
0 47 2 0 11 1 25 0 23 2 1 1 15 1 3 2 1 1 1 26 3 50 74 1 12 5 4 7 1 1 0 0 2 8 1 0 1 3 4 1 3 1 4 1 1 5 2 5 36 1 6 0 13 0 0 2 22 1 2 3 1 6 0 3 
8 0 3 22 4 22 0 42 1 233 58 7 1 13 49 2 5 1 7 0 1 4 9 1 9 0 12 5 27 238 2 2 0 18 3 5 61 2 6 6 3 2 8 9 15 8 28 2 13 0 2 199 4 1 4 0 44 1 14 16 0 3 12 0 
12 4 46 15 6 3 7 0 22 0 7 6 6 4 0 13 145 6 0 0 1 0 18 5 3 2 2 8 4 2 1 0 13 2 13 14 1 2 23 0 1 1 1 1 2 4 12 4 0 7 1 72 2 2 8 2 13 9 0 15 6 0 2 1 
7 5 0 81 51 5 2 203 21 2 1 3 4 5 6 18 4 105 16 11 12 12 6 42 2 1 29 0 1 2 0 1 0 14 6 1 2 2 66 8 3 4 172 11 0 0 0 17 8 16 13 0 1 8 0 2 7 0 11 6 0 1 1 1 
21 1 2 20 22 13 1 7 8 8 0 0 1 0 13 5 16 2 20 1 1 20 0 2 0 1 0 1 5 0 28 1 3 6 3 3 2 2 8 1 39 3 10 4 8 5 13 1 3 27 13 6 1 29 11 0 10 12 1 18 0 91 5 5 
0 1 4 1 7 28 4 200 3 111 4 0 1 5 1 1 2 32 0 4 3 0 1 6 3 0 2 1 0 0 5 0 12 2 7 2 3 2 1 1 3 1 1 1 1 6 12 7 24 6 4 6 204 8 8 12 7 2 1 12 9 34 0 5 
35 2 5 6 5 11 1 2 9 0 26 4 1 7 9 19 4 9 6 1 13 4 1 1 0 12 32 36 16 12 3 321 0 3 2 0 3 1 4 5 1 18 1 7 3 20 8 2 10 1 1 65 1 1 23 79 7 2 7 0 29 2 1 0 
39 14 9 7 4 1 10 5 5 6 2 0 6 5 14 28 3 19 1 0 1 0 2 2 2 0 84 0 9 9 0 3 36 19 74 8 11 13 2 4 1 6 3 1 0 1 2 4 8 1 4 1 1 15 2 385 8 58 11 1 13 0 112 0 
2 1 107 1 8 2 0 3 6 1 0 11 16 12 36 1 3 8 11 1 11 1 1 12 0 37 7 1 13 18 3 6 7 4 72 2 4 1 6 0 40 3 1 1 1 1 4 1 13 29 9 4 5 3 0 18 9 1 2 1 36 1 0 4 
1 11 10 10 6 2 1 1 5 1 4 26 10 1 26 0 20 13 5 8 7 1 6 6 12 9 23 6 31 0 0 3 4 16 1 6 3 0 15 9 1 9 2 1 4 1 0 0 2 0 17 8 5 0 2 59 2 6 0 0 0 20 1 6 
11 2 12 1 3 2 8 5 0 7 3 15 24 2 13 5 10 0 11 1 17 7 6 3 17 1474 0 0 9 4 9 2 36 0 2 2 2 28 0 1 0 3 4 3 9 6 21 7 0 3 2 2 9 7 1 2 1 0 14 1 3 0 2 1 
0 1 0 24 2 1 1 7 0 74 164 103 13 2 1 18 2 3 1 9 2 8 29 15 1 27 1 1 0 10 1 2 0 11 2 15 57 4 15 24 19 2 7 75 0 1 75 25 9 8 1 21 3 1 3 5 4 0 11 15 2 6 12 2 
6 57 5 11 0 6 4 15 12 6 12 12 24 12 24 2 83 0 7 1 0 9 31 34 26 1 13 6 10 7 0 1 5 1 1 2 12 1 0 17 210 0 0 0 0 19 5 2 1 118 22 5 7 5 42 3 8 13 17 3 7 85 1 30 
0 7 17 2 1 0 6 20 3 2 15 0 14 1 0 34 1 2 30 10 8 0 5 4 2 17 11 2 5 4 0 33 1 6 0 0 19 0 88 2 1 7 2 3 0 5 14 2 9 0 2 4 2 5 0 1 2 19 0 0 98 12 63 2 
3 6 1 24 0 552 4 2 0 1 1 9 0 3 8 6 22 7 8 7 6 0 0 31 2 6 7 1 2 1 3 4 38 17 5 0 2 0 26 12 3 30 1 9 36 2 8 2 0 27 0 0 9 0 1 31 73 11 0 74 7 7 4 0 
0 36 4 9 6 0 0 0 2 1 1 13 4 15 4 1 10 6 18 30 1 34 1 0 16 5 1 1 0 2 0 9 9 7 1 0 24 3 8 0 4 10 7 2 3 252 2 25 3 6 0 0 4 2 84 1220 12 21 2 2 90 9 29 71 
0 14 2 1 1 1 3 2 258 6 9 3 7 2 57 0 5 0 0 21 14 5 56 5 8 5 15 0 1 40 9 18 9 4 5 9 0 0 7 4 11 6 2 0 59 18 17 1 6 17 88 1 1 2 30 5 2 18 2 6 1 4 4 1 
0 7 0 42 1 10 2 1 1 2 28 8 9 16 2 15 9 6 0 20 2 1 2 8 6 1 10 14 2 14 4 2 17 8 94 0 17 25 0 293 2 0 7 1 3 5 4 0 0 28 82 43 1 3 15 1 0 2 0 1 3 2 1 0 
2 1 14 6 2885 0 1 8 1 16 8 12 5 13 8 312 4 6 23 10 0 0 3 36 10 33 1 21 0 2 8 32 2 12 1 2 6 44 0 3 11 8 9 15 6 2 7 25 4 41 1 18 11 18 1 11 8 28 1 0 1 4 1 6 
18 1 24 1 26 6 3 0 1 1 6 2 2 12 1 2 1 0 0 2 2 3 1 4 1 9 1361 1 1 0 2 1 2 1 2 0 89 21 1 1 1 1 6 0 1 1 5 2 2 1 5 5 1 3 1 6 1 7 2 0 31 0 1 6 
7 28 8 1 1 2 11 6 15 11 0 7 4 9 0 10 29 18 1 8 13 0 0 8 3 1 11 2 0 6 28 5 20 16 2 4 11 0 1 2 3 2 3 9 108 29 28 3 1 2 7 3 12 6 0 9 3 10 1 2 6 13 4 1 
3 1 1 0 5 40 16 6 12 4 70 21 13 2 7 0 2 0 2 19 9 2 1 2 160 19 11 4 4 0 2 0 28 1 2 3 1 1 9 2 14 9 54 0 13 1 6 1 170 1 0 9 0 9 0 86 2 8 0 3 66 4 8 0 
103 11 0 0 1 0 2 14 0 1 0 25 0 0 7 1 24 2 0 37 1 253 17 0 218 12 12 1 11 0 0 0 7 0 0 9 7 6 14 41 21 8 6 3 1 2 6 6 7 5 1 0 1 4 0 3 1 8 0 5 35 47 9 3 
4 3 6 5 64 3 0 4 19 1 0 18 7 0 5 34 1 6 9 1 0 5 7 16 0 2 2 10 1 17 1 18 0 7 6 9 2 21 7 21 1461 3 1 0 0 76 2 11 15 18 4 68 20 0 3 2 23 6 18 2 4 5 1 0 
1 7 12 1 0 5 6 2 14 9 35 9 1 0 8 4 1 6 5 2 3 7 4 2 42 0 10 1 32 13 1 10 14 1 5 4 1 6 0 1 0 6 6 9 0 25 1 0 7 4 5 6 0 3 17 5 1 3 12 7 3 3 4 8 
15 11 3 74 7 53 2 12 10 0 2 1 42 6 1 1 13 19 15 0 1 1 4 1 4 20 0 44 0 2 15 0 9 2 0 56 16 8 0 3 3 4 18 2 29 2 1 1 5 5 0 6 0 1 22 6 6 2 5 1 0 2 5 8 
5 0 0 12 0 3 10 42 15 2 0 2 0 3 57 1 0 1 7 24 5 15 2 1 1 9 9 0 2 8 0 0 1 6 17 6 2 2 3 31 2 1 10 0 2 6 1 0 2 3 1 2 13 0 0 9 0 1 6 0 4 2 24 5 
2 17 0 6 3 5 4 5 1 10 43 3 0 6 15 0 4 2 5 0 2 2 6 2 1 11 29 1 105 1 9 0 0 6 15 10 11 1 3 0 13 0 0 12 25 0 4 0 5 12 16 30 1 1 5 4 0 1 1 1 21 0 7 3 
4 3 10 4 8 38 19 5 10 0 6 2 1 1 3 0 3 14 2 7 37 1 2 0 1 5 136 3 0 1 3 1 1 22 3 1 2 3 3 3 1 5 1 7 19 1 1 0 10 1 12 26 0 0 23 34 3 40 24 1 1 17 7 9 
23 2 0 21 4 343 6 10 8 27 14 2 1 1 163 22 1 3 1 2 0 148 18 1 4 1 2 17 68 108 0 1 0 39 1 13 30 30 2 0 1 18 34 0 21 0 0 7 1 4 0 2 3 2 1 1 21 1 0 1 1 10 6 1 
0 320 1 9 3 3 1 3 5 9 8 14 6 21 24 0 88 1 2 87 24 2 4 3 7 20 6 54 12 1 12 27 6 16 25 2 0 0 1 11 109 0 3 0 5 19 2 2 3 35 4 6 6 2 43 4 1 34 11 1 5 1 0 977 
2 30 1 2 17 9 6 2 21 5 2 1 4 22 6 4 3 0 7 8 14 7 57 7 12 12 8 12 4 5 4 6 0 2 0 0 19 4 1 5 4 6 0 179 17 1 15 410 3 3 5 8 0 5 16 2 3 1 46 1 6 3 10 1 
11 1 4 28 2 5 5 0 3 83 12 0 9 0 13 2 5 15 13 9 3 26 1 23 2 1 0 1 4 40 9 0 2 2 72 1 9 212 4 1 3 32 0 1 9 2 4 2 6 3 7 6 1 8 1 0 7 3 1 15 21 15 0 7 
55 1 3 11 0 24 1 0 6 7 1 3 948 5 8 11 1 0 31 2 2 3 13 1 18 2 0 4 1 21 0 64 22 1 6 15 14 7 3 3 38 2 2 0 5 0 2 6 1 3 0 101 38 0 1 2 0 1 28 13 2 9 8 4 
4 2 5 1 2 1 1 3 3 3 42 17 7 21 2 2 37 2 4 0 1 71 191 3 5 7 13 2 30 1 54 8 6 2 2 19 58 0 0 19 1 145 4 1 53 6 1 4 5 3 18 17 4 8 0 1 0 1 1 0 3 31 0 6 
10 30 3 23 0 5 84 0 38 5 0 0 11 1 7 1 7 0 3 2 40 1 8 3 10 10 18 0 3 4 0 7 3 1 2 8 0 34 0 6 0 50 0 8 0 2 13 23 197 1 13 0 5 22 1 6 2 6 3 3 29 370 10 4 
1 27 0 3 26 3 11 0 14 7 1 19 0 35 7 0 3 0 16 15 0 3 12 10 4 0 0 6 5 0 18 6 0 31 1 2 1 0 1 1 1 26 1 22 0 59 0 2 21 1 1 45 291 4 2 1 1 2 9 6 4 1 1 2 
1 178 4 54 45 19 7 7 38 16 18 14 128 21 0 70 13 10 7 1 3 2 20 11 0 13 11 215 2 0 8 10 4 11 2 3 3 6 9 20 0 27 0 2 4 4 2 1 3 1 2 48 5 16 5 0 17 1 18 10 0 0 14 1 
4 7 2 13 5 3 2 12 5 2 7 537 2 1 6 18 5 0 3 32 9 0 0 6 4 19 2 4 4 2 2 8 37 0 0 16 0 23 1171 1 2 1 7 2 28 27 2 6 0 9 1 4 0 0 53 15 3 8 8 12 0 1 13 11 
1 7 0 0 0 12 28 41 7 236 0 1 2 1 27 5 1 0 17 3 4 5 2 0 10 7 3 10 14 2 0 5 14 10 16 1 1 10 7 8 1 3 0 0 5 22 1 65 0 4 0 1 5 2 7 15 0 13 0 0 0 0 0 0 
17 1 5 2 48 3 153 142 10 0 4 65 6 75 2 2 612 1 4 1 43 16 10 5 3 0 7 92 1 2 2 18 6 5 4 63 23 1 1 33 13 18 0 310 11 0 2 4 0 25 1 52 53 4 3 5 6 1 9 2 0 7 2 15 
21 25 1 20 0 1 23 1 42 12 47 0 9 1 21 7 1 11 12 0 2 69 15 20 0 4 13 4 211 23 57 9 14 48 1 27 7 3 1 6 0 3 4 0 11 3 7 1 3 305 6 1 36 0 4 2 1 7 5 1 1 2 7 5 
49 5 0 5 0 8 13 3 2 0 1 2 0 16 0 18 1 11 23 1 32 20 2 9 0 50 0 38 1 5 1 0 33 11 0 3 1 2 1 3 2 5 1 1 6 186 1 0 1 5 41 3 29 2 2 9 3 1 8 2 1 1 1 9 
4 1 4 0 127 3 13 0 28 2 1 71 15 3 0 3 0 14 0 1 5 4 11 2 150 83 5 3 2 9 5 0 20 1 22 42 53 2 1 2 3 11 9 4 4 3 6 0 58 66 1 10 10 1 0 34 39 0 14 4 7 88 17 13 
2 13 2 3 0 3 0 0 2 43 9 27 8 2 6 13 10 3 1 3 9 5 2 0 2 8 3 8 10 4 0 18 5 5 20 3 1 5 10 3 6 2 5 5 2 10 50 6 1 13 0 11 28 21 0 4 159 5 1 16 105 0 19 68 
10 212 4 0 0 2 0 32 2 2 15 13 0 28 2 6 3 83 0 12 0 265 4 1 4 5 6 0 6 47 22 10 50 4 0 13 32 2 1 3 1 26 0 1 6 7 0 15 54 15 14 1 12 4 11 1 4 2 11 1 36 31 0 6 
6 4 6 0 25 1 1 7 17 43 10 7 2 3 11 5 0 0 8 4 1 1 3 2 4 51 17 5 90 4 7 1 0 16 0 2 6 1 3 0 5 6 0 6 0 2 5 5 2 2 6 5 12 22 18 6 1 1 1 45 4 581 7 3 
4 5 0 0 0 11 16 1 39 27 2 3 1 2 10 61 0 2 8 1 10 0 5 2195 17 2 6 0 5 2 12 17 1 3 6 3 1 11 14 6 42 22 51 0 4 49 8 0 0 3 2 0 1 4 3 1 0 4 7 4 0 2 0 86 
4 60 6 2 9 0 0 0 0 2 16 1 2 8 0 0 6 1 1 15 3 3 0 22 7 8 9 5 0 2 37 0 3 4 82 3 0 6 7 10 5 36 9 39 0 7 4 1 10 1 18 1 0 27 3 20 3 1 3 1 13 0 24 7 
0 33 24 9 1 5 0 54 14 38 1 3 4 4 1 21 4 3 1 0 1 22 23 1 25 4 94 17 0 3 41 14 5 68 1 12 3 0 3 0 3 15 36 3 1 6 4 8 24 8 0 1 14 12 2 37 51 2 0 1 6 10 0 10 
1 0 3 0 1 3 50 1 12 6 0 4 1 3 0 1 3 16 0 1 4 4 2 1 11 1 15 1 2 0 3 2 1 4 3 11 0 2 3 0 9 6 1 1 19 2 1 4 3 0 2 3 1 16 1 2 0 31 10 9 64 11 1 0 
17 11 1 0 2 1 1 2 3 0 3 12 4 25 4 2 0 15 3 1 10 0 0 0 4 1 6 7 1 16 1 0 2 9 1 20 0 0 5 11 1 14 248 12 9 3 5 21 1 6 10 2 1 65 14 79 1 2 13 3 4 1 1 0 
6 1 13 1 3 2 589 19 4 3 1 12 185 3 1 0 0 0 14 4 11 0 4 5 2 0 11 12 1 4 1 13 0 4 6 2 4 0 0 1 4 10 10 2 34 10 24 4 4 1 56 10 11 1 210 2 19 0 4 25 0 21 3 1 
11 4 1 1 3 56 11 8 4 81 0 0 21 6 8 2 0 5 5 0 5 0 7 0 4 0 0 8 0 0 5 7 0 4 6 29 1 18 7 10 0 0 0 1 0 1 5 2 1 24 6 13 8 1 1 5 5 602 3 7 62 6 0 0 
0 4 7 7 6 0 0 1 11 1 6 5 2 0 4 1 2 0 0 15 3 1 12 1 0 6 10 9 2 1 3 0 1 1 6 7 0 13 1 2 6 2 15 13 6 2 12 9 0 10 1 0 0 4 7 0 0 4 0 30 3 16 12 15 
1 0 0 2 0 1 45 41 8 13 6 0 1 7 0 45 21 11 2 0 361 0 7 21 2 0 3 1 6 20 8 49 1 226 39 91 17 15 0 0 0 2 3 1 11 22 1 2 0 4 117 10 1 4 1 1 7 3 5 0 2 223 5 2 
6 0 1 8 0 1 0 0 1 0 2 4 2 1 1 1 5 2 0 2 0 36 1 8 45 0 0 2 11 7 2 2 13 1 1 17 4 21 8 2 2 348 3 15 0 11 3 0 0 10 1 0 3 0 72 8 17 1 20 11 8 6 6 2 
9 6 11 1 0 1 2 7 4 2 24 1 8 223 8 4 1 13 8 35 40 19 3 6 4 0 7 1 514 4 2 65 2 12 1 1 50 1 3 1 6 9 1 0 24 6 4 166 0 2 0 0 18 3 17 8 2 2 2 11 10 3 13 5 
3 2 0 0 4 3 0 3 0 4 179 3 2 2 0 11 6 8 0 0 17 0 4 8 2 1 74 14 7 7 4 19 2 0 0 0 3 8 0 4 4 0 30 2 8 47 2 27 4 1 5 1 8 58 2 6 0 2 31 5 98 8 1 6 
1 10 13 3 9 1 1 18 10 0 70 3 2 15 12 8 3 5 2 2 8 2 12 2 0 12 8 15 1 3 4 33 16 4 6 0 3 5 2 18 8 1 6 24 0 1 18 3 21 0 46 2 7 3 8 0 0 2 2 3 4 8 45 5 
11 7 4 212 10 2 1 0 7 4 0 21 1 9 1 0 3 2 6 100 3 13 222 6 2 3 2 4 2 0 2 6 4 15 92 9 0 15 1 4 1 0 106 51 30 3 26 5 1 3 7 1 6 17 1 3 1 4 10 4 0 1 1 109 
0 1 5 0 13 0 41 3 11 7 88 10 5 17 2 3 8 21 2 2 0 2 5 5 0 15 15 96 1 13 5 1 5 0 1 4 6 2 0 20 1 23 5 3 4 13 23 1 4 22 6 10 32 9 2 16 3 0 2 1 3 2 2 33 
6 64 17 27 1 87 5 1 2 0 83 0 70 4 1 53 16 227 14 2 0 3 2 17 1 2 20 3 3 1 0 2 39 17 4 1 104 0 1 5 5 7 10 1 24 3 4 0 1 21 1 3 1 6 6 26 3 3 1 7 5 1 0 5 
16 12 47 1 57 2 34 3 7 3 1 1 0 0 15 12 98 129 2 115 10 10 26 0 3 45 1 12 21 0 26 59 0 0 1 15 173 0 63 218 1 4 40 1 29 5 9 0 0 28 2 2 1 1 1 2 9 0 1 0 1 7 0 1 
25 6 1 173 54 5 12 1 0 9 0 2 0 1 4 0 0 4 3 2 9 34 1 56 9 2 110 410 1 9 1 11 7 11 2 2 1 0 1 2 2 3 0 65 1456 2 5 7 0 14 51 40 6 1 8 19 0 2 3 23 31 3 3 10 
4 0 33 8 2 127 2 0 100 1 13 0 1 31 1 4 1 2 0 5 4 4 18 12 33 37 3 1 4 0 25 0 7 1 4 2 38 4 2 1 9 8 1 4 3 1 0 6 3 0 5 89 5 1 2 0 8 0 17 1 1 6 3 0 
1 0 10 118 1 1 1 2 1 2 0 4 3 4 0 1 5 25 2 6 0 1 405 11 1 16 1 0 5 0 1 62 2 2 11 4 2 7 23 4 0 523 3 1 0 10 6 1 1 0 3 8 105 4 1 0 0 2 6 1 24 11 19 12 
77 0 2 5 5 2 14 31 0 34 2 8 7 3 15 0 2 1 0 0 1 32 5 7 9 18 0 1 2 2 0 7 5 10 34 159 1 0 6 1 11 1 35 4 5 0 2 537 44 3 0 6 7 0 28 5 3 1 60 7 0 9 21 1 
5 0 4 2 2 24 0 22 5 0 6 8 1 2 0 0 3 3 11 3 0 17 3 3 4 0 12 26 5 3 0 2 0 22 15 20 0 2 2 16 5 1 12 3 6 8 2 0 6 0 6 5 4 1 2 0 1 0 2 10 3 0 23 5 
6 1 2 9 1 15 3 4 50 9 10 0 0 3 5 5 2 2 5 2 27 1 135 2 0 11 11 46 12 9 77 20 17 0 0 4 1 3 11 3 7 1 0 4 6 0 4 24 0 4 2 8 5 1 1 18 0 8 8 1 6 24 0 0 
1 1 1 17 0 1 2 0 43 6 24 2 2 32 1 12 10 32 1 5 2 0 3 31 3 0 55 13 13 23 1 2 0 2 2 3 0 5 10 4 0 15 55 1 46 2 9 433 4 4 1 10 1 3 5 3 0 63 4 6 2 0 9 14 
11 47 16 1 1 3 0 21 5 4 0 1 1 1 5 11 8 6 0 2 0 0 3 19 1 18 9 1 1 4 9 6 4 21 9 1 20 6 31 48 3 8 8 24 1 48 14 8 1 1 2 2 1 6 74 0 61 5 4 15 11 4 0 1 
1 3 5 4 10 1 1 4 3 1 6 0 0 1 8 25 2 7 9 0 4 6 17 60 7 0 16 3 31 15 5 4 1 3 0 40 1 7 2 21 10 0 3 3 0 3 344 12 0 3 25 0 0 16 6 5 10 3 5 3 10 0 2 2 
0 1 593 0 2 0 3 30 4 6 0 4 10 2 25 10 35 1 25 3 6 14 10 0 12 31 9 9 0 4 12 181 1 8 8 11 1 18 2 0 13 1 34 0 29 18 0 1 9 5 306 26 9 2 91 228 3 12 0 4 13 1 2 1 
37 3 12 2 1 1 0 3 7 107 22 6 4 2 7 30 18 3 1 0 431 0 18 0 1 7 1 0 0 1 2 21 7 0 0 192 7 0 2 7 7 1 214 8 9 25 7 328 1 69 0 1 10 1 19 12 0 12 2 4 0 4 9 1 
3 7 0 7 2 3 19 2 21 14 1 1 13 169 3 9 0 2 3 1 9 141 1 1 2 12 3 20 58 2 57 30 0 0 77 48 36 51 2 5 4 1 1 4 2 0 2 43 2 8 8 1 48 2 5 46 14 1 9 25 0 1 4 3 
2 9 5 7 0 6 0 14 2 1 19 2 2 7 1743 5 23 1 28 18 5 1 5 7 3 18 21 4 0 0 3 3 16 7 90 2 0 12 14 5 1 30 8 4 16 3 2 4 2 2 9 0 1485 25 3 15 0 2 24 4 3 0 6 8 
0 1 1 4 1 5 0 13 2 2 5 2 16 2 1 8 0 3 0 56 2 5 11 83 9 3 2 3 58 10 17 18 45 6 1 5 1 9 4 1 0 5 1 7 41 1 1 0 3 0 3 2 0 0 1 5 3 11 75 1 21 38 5 2 
0 0 113 6 6 0 4 2 0 2 3 4 7 2 3 1 8 11 9 5 2 0 2 41 739 5 0 1 5 35 8 2 1 5 6 8 1 2 16 4 2 10 4 7 7 12 6 220 5 1 3 4 4 100 2 1 7 0 1 160 1 5 1 7 
1 2 0 9 7 1 0 8 1 7 313 73 6 2 1 1 0 9 22 0 7 5 0 15 19 5 135 27 3 1 2 14 27 1 1 3 0 6 2 9 0 6 8 3 18 17 0 1 0 1 0 29 3 1 2 1 5 0 0 2 49 0 13 80 
1 1 7 1 1 12 0 3 1 2 1 15 0 3 13 8 2 3 1 15 4 51 8 0 19 2 44 20 14 2 10 0 41 16 5 0 3 0 46 1 56 1 0 3 9 103 0 1 1 0 2 42 16 6 7 0 4 2 4 32 7 7 0 0 
11 4 1 1 7 6 1 13 3 2 0 10 2 6 5 3 0 7 18 0 7 6 11 6 29 2 1 0 119 3 1 1 0 4 2 2 10 10 5 5 3 21 0 2 52 2 8 10 8 6 49 0 0 4 0 0 2 3 1201 9 9 8 2 2 
18 27 6 1 5 0 8 0 343 1 11 2 4 1 25 20 14 10 4 5 3 0 4 5 0 0 2 8 6 7 11 6 1 9 1 2 3 3 3 6 43 2 10 2 3 12 1 5 6 1 3 2 6 8 2 0 0 6 10 3 1 4 3 16 
9 1 0 34 165 0 7 12 1 0 2 1 2 54 6 2 8 24 1 6 4 3 3 15 7 6 27 119 2 2 2 7 0 2 3 9 11 1 3 5 3 3 1 29 1 1 23 9 40 8 19 4 7 1 1 0 3 1 0 10 16 5 13 3 
2 0 3 3 6 81 4 4 1 1 4 1 12 2 1 1 0 1 0 9 0 1 7 8 11 2 108 1 21 3 4 2 1 119 2 32 24 8 12 0 4 6 12 0 7 10 5 24 9 4 6 10 3 5 4 3 1 9 14 4 0 7 2 1 
31 6 26 3 6 6 0 4 22 2 4 29 0 1 18 2 0 5 1 13 34 0 27 1 4 10 3 3 3 2 6 1 1 22 53 6 0 11 4 4 2 0 3 2 1 0 117 14 37 0 3 0 2 4 0 9 0 27 4 4 1 7 17 0 
10 5 7 1 0 13 1 4 3 15 2 26 9 5 0 28 0 1 0 144 1 21 0 0 1 30 0 3 28 1 0 27 1 28 4 0 0 1 5 1 9 0 1 10 0 1 78 0 7 1 18 11 12 1 13 0 0 1 8 26 2 188 11 7 
2 2 1 12 15 14 18 15 25 0 1 1 1 2 0 10 45 6 2 3 7 16 6 8 1 0 1 11 10 6 6 0 46 2 6 1 98 12 9 12 1 0 587 18 3 15 0 12 118 0 10 15 1 17 9 15 1 53 5 2 1 0 6 2 
11 1 4 4 0 17 0 16 0 1 98 0 3 1 11 0 3 3 2 116 24 0 3 6 0 8 60 1 3 1 5 3 3 0 4 0 1 27 5 8 17 27 5 1 1 11 2 0 10 1 60 1 0 1 5 12 4 4 10 58 1 2 14 21 
1 4 3 21 3 2 6 0 1 34 3 9 0 2 3 0 1 1 10 0 11 3 6 5 10 1 39 2 3 6 4 2 1 1 1 0 0 0 1 11 10 7 1 0 7 21 2 9 0 9 3 1 0 3 8 46 3 0 0 0 37 4 0 6 
0 0 0 2 1 3 32 4 5 2 2 5 1 0 3 1 0 11 6 8 11 1 2 219 5 12 8 0 7 0 9 25 4 16 12 43 1 37 0 3 2 1 3 21 1 4 4 2 3 4 7 9 2 6 0 14 7 44 11 0 12 2 6 5 
0 0 2 0 63 22 0 16 25 0 0 0 8 6 6 15 0 1 1 6 11 2 0 6 14 38 2 1 3 35 2 5 15 9 6 1 6 15 9 1 1 11 30 22 43 61 0 5 7 1 0 3 2 6 1 1 60 1 0 0 30 12 1 22 
111 2 1 2 0 2 2 4 13 4 5 5 4 4 4 5 105 6 5 2 1 0 11 4 16 9 98 4 2 28 7 0 4 4 3 15 0 52 0 30 0 4 3 14 0 1 6 2 1 11 6 3 22 0 3 7 0 32 0 1 0 2 4 3 
3 2 0 19 13 13 1 59 0 0 0 7 7 1 15 28 9 208 3 17 8 69 0 3 0 0 1 2 8 0 0 22 5 93 5 16 0 6 33 8 1 8 10 64 2 8 1 19 21 0 8 2 16 2 25 11 1 2 5 5 3 3 4 6 
8 5 2 24 11 1 2 0 7 1067 0 13 0 8 1 24 1 2 0 0 3 0 0 9 1 2 58 2 0 8 5 1 1 4 7 1 1 9 0 1 3 19 2 8 4 9 2 33 11 7 14 0 3 3 3 8 12 34 2 5 9 6 11 3 
0 5 0 2 5 96 5 2 2 1 2 19 209 4 18 20 1 12 3 2 5 4 9 4 2 44 5 1 5 2 7 0 6 7 0 14 10 37 2 64 5 0 2 11 9 12 7 87 14 2 15 4 7 4 1 0 5 1 4 5 21 6 4 17 
7 5 1 1 0 15 1 3 28 0 22 40 1 1 48 0 1 1 5 4 2 31 10 3 1 0 11 0 1 2 0 0 1 7 0 4 0 1 14 3 2 3 1 1 0 10 0 28 5 9 7 3 7 6 0 34 10 18 0 5 1 0 12 3 
17 3 8 4 1 0 180 2 4 7 9 5 1 7 58 1 0 0 3 0 3 12 2 9 3 8 3 5 6 4 1 2 2 4 15 1 0 1 1 3 7 0 2 7 4 13 14 12 9 1 2 0 10 4 7 1 2 5 7 3 22 9 7 28 
1 0 3 1 12 5 15 2 29 2 0 2 0 7 1 20 2 6 1 0 7 10 1 7 11 25 1 41 3 39 0 1 6 144 1 9 4 0 4 0 2 23 1 1 3 11 6 0 1 1 14 10 4 7 1 0 5 1 6 1 0 5 1 5 
2 4 12 4 2 4 2 3 67 0 0 5 4 3 9 0 5 1 4 6 2 3 12 5 9 0 19 0 2 4 35 6 3 4 11 2 16 8 1 2 4 2 5 0 9 4 4 7 16 1 1 0 1 3 38 10 24 1 1 1 1 29 5 11 
0 9 6 27 0 2 3 13 0 0 3 3 0 2 1 5 2 1 0 14 23 2 4 6 0 2 2 8 1 3 2 4 3 2 224 7 3 2 1 617 38 29 226 5 5 20 24 0 5 12 7 7 2 1 6 1 0 3 3 1 1 5 3 1 
5 30 116 14 4 2 66 1 69 55 13 17 0 9 6 6 3 2 9 12 0 0 3 1 0 22 1 0 11 6 13 1 1 361 8 2 2 117 16 1 1 7 7 3 2 12 4 2 0 3 30 3 31 10 0 0 7 3 0 0 2 79 11 2 
2 9 8 49 1 5 1 2 2 0 0 0 10 0 123 11 2 10 0 9 0 1 41 1 7 6 4 1 10 4 11 1 1 7 0 5 3 6 16 3 2 6 6 20 0 0 0 1 0 4 10 13 137 0 20 0 2 1 2 0 3 4 5 6 
20 1 0 0 4 3 9 2 1 2 14 4 1 9 9 7 5 0 16 0 1 9 1 2 1 0 0 3 7 7 7 2 2 1 12 44 5 1 14 10 0 10 7 10 0 1 0 3 2 2 7 2 3 6 5 6 0 1 1100 9 11 19 91 9 
7 2 1 1 2 9 6 4 3 17 1 76 13 1 7 0 2 5 0 2 4 11 2 53 14 982 3 0 3 3 10 6 0 24 0 13 19 3 24 4 28 2 5 2 13 1 11 3 19 3 4 0 0 3 8 31 4 4 5 7 16 6 12 6 
37 0 10 5 8 3 5 17 13 0 0 4 2 10 8 6 2 4 1 5 19 4 2 12 4 37 100 10 2 0 3 7 1 4 3 2 0 6 37 34 0 2 0 53 0 14 1 3 1 8 1 24 6 9 2 0 2 0 0 2 23 1 5 40 
1 5 0 14 5 2 42 188 1 15 21 0 7 30 3 3 10 0 18 2 9 0 72 3 32 12 8 1 5 1 30 9 5 23 7 2 1 6 7 5 9 0 14 0 8 2 12 0 4 1 11 1 0 840 16 0 3 3 1 2 3 29 2 7 
1 2 2 3 11 0 1 0 0 7 5 6 7 23 5 14 3 29 9 3 12 3 1 30 7 7 5 8 1 5 13 1 3 1 20 0 1 8 6 14 0 9 13 1 1 0 5 3 1 0 4 1 2 12 1 3 2 4 8 19 2 33 0 22 
3 4 0 2 5 0 15 4 3 45 4 17 5 23 7 4 5 17 24 2 6 6 2 3 1 3 8 23 8 6 11 1 1 0 6 14 8 93 5 6 24 9 4 2 0 30 11 17 3 0 1 3 16 60 31 3 0 3 1 135 112 0 0 2 
0 3 14 3 20 191 1 228 0 11 27 0 31 26 2 41 1 56 5 5 1 0 5 3 2 0 4 15 19 22 23 0 6 1 4 1 1 5 2 0 2 4 0 10 8 4 0 3 271 3 1 18 0 15 8 9 56 5 7 1 13 0 4 4 
83 1 2 0 349 1 2 2 1 0 252 0 6 470 45 10 9 10 1 18 19 1 3 3 1 1 9 1 3 6 0 1 3 5 3 5 33 1 3 5 0 7 1 0 23 17 8 0 31 2 11 13 0 5 3 3 13 1 2 5 13 0 1 20 
18 2 19 7 6 1 2 7 1 13 0 46 5 9 7 55 5 13 0 0 16 19 0 6 7 19 1 4 1 36 5 8 10 7 0 0 7 6 5 19 10 0 3 0 0 0 5 115 2 4 42 13 10 9 7 12 72 28 19 22 70 5 0 6 
1 3 23 0 14 0 0 1 1 0 0 2 8 5 36 20 1 9 3 1 1 2 14 8 88 0 3 17 3 55 1 16 10 31 31 0 2 0 4 1 2 18 0 4 0 3 4 20 8 0 1 25 24 4 20 13 127 5 4 1 1 0 6 1 
4 2 16 4 11 2 4 10 0 0 21 1 1 1 6 26 13 0 3 0 0 33 0 0 7 6 3 3 0 4 6 5 2 30 8 6 140 53 1 7 5 3 195 1 0 1 26 0 36 10 0 6 3 2 1 2 0 0 24 6 8 28 10 15 
9 7 0 1 76 11 1 1 11 4 3 0 1 6 6 0 31 2 0 19 5 56 1 1 7 0 2 16 2 42 0 5 84 1 1 12 3 12 1 0 8 3 15 4 1 17 257 0 6 24 0 38 19 1 0 1 5 8 9 46 10 23 41 1 
1 0 3 0 2 0 10 15 1 12 1 1 4 12 27 11 25 0 15 13 2 4 0 4 15 1 8 1 218 10 0 1 4 25 3 3 0 0 2 1 1 47 33 1 15 2 3 9 1 2 3 10 2 0 8 26 1 8 5 1 1 9 1 0 
0 4 0 1 10 0 0 19 2 1 1 0 4 1 1 1 2 5 28 21 19 80 1 1 1 0 2 2 7 9 22 1 13 0 2 52 6 3 3 3 1 2 10 1 8 4 7 15 1 0 17 1 10 5 15 0 10 0 7 0 18 0 1 34 
23 1 5 47 10 1 21 3 1 2 2 2 5 14 5 3 8 2 1 1 17 3 3 105 0 3 3 4 6 0 2 422 9 1 11 0 3 6 1 2 56 0 2 11 4 5 4 4 5 1 2 7 10 0 1 1 12 0 0 55 84 9 0 15 
5 18 6 3 32 1 1 77 2 14 9 4 0 10 2 2 5 3 120 0 0 2 8 10 1 21 3 7 1 3 0 80 9 5 0 18 2 0 0 3 6 9 17 35 15 15 29 1 16 0 6 132 0 0 0 25 12 2 2 25 51 88 4 0 
8 0 59 3 12 0 1 0 35 1 0 37 9 11 0 11 30 1 2 9 6 225 17 10 63 22 7 0 2 5 4 0 5 3 72 0 62 9 2 732 355 16 3 1 6 10 56 8 3 119 9 15 4 2 0 12 6 92 3 20 12 20 4 3 
0 15 2 8 2 10 3 3 0 5 3 0 15 0 211 2 0 117 16 2 0 0 2 3 25 1 2 36 4 66 4 328 12 15 9 64 0 1 42 0 3 10 10 5 0 39 1 4 10 10 0 1 16 12 3 6 52 18 0 3 14 32 1 14 
4 8 0 2 3 32 5 5 290 2 4 29 4 6 0 0 9 1 39 0 0 45 14 0 10 7 15 0 9 7 4 7 1 7 5 0 1 14 2 21 0 34 3 1 9 13 686 18 45 61 2 2 1 3 5 2 0 5 3 72 8 48 43 54 
1 0 3 4 3 6 0 9 6 0 24 0 6 2 0 5 13 9 53 24 1 2 20 7 44 0 0 58 2 2 0 13 25 15 2 10 29 4 3 1 17 7 20 3 2 1 3 2 8 1 7 15 2 2 1 10 8 3 8 0 13 22 0 37 
26 4 118 2 5 1 5 3 6 7 5 6 3 5 17 0 5 5 1 9 22 6 8 1 3 22 5 3 25 15 43 42 18 6 10 0 1 1 13 0 7 1 395 6 1 7 50 0 33 3 23 376 9 5 0 232 12 205 1 7 1 15 1 1 
800 17 8 3 1 0 10 3 8 20 260 0 1 2 5 0 3 48 2 3 16 5 11 1 0 23 27 2 2 2 10 3 24 16 9 1 3 3 7 4 11 1 16 17 9 6 5 2 18 0 2 1 0 3 19 4 5 3 4 8 2 7 0 0 
15 16 16 2 1 1 6 1 0 0 2 0 12 12 0 10 1 0 7 2 1 1 24 0 1 9 18 4 6 5 13 0 1 0 2 4 74 1 33 2 10 0 13 1 43 0 30 13 24 4 0 1 8 0 2 14 14 2 28 3 5 0 1 6 
0 3 28 2 7 0 0 5 0 2 5 3 3 0 35 3 1 1 8 10 14 1 17 17 2 7 7 0 1 13 9 34 24 2 1 2 0 5 0 4 3 0 2 11 4 1 1 0 1 24 10 0 5 5 25 0 8 4 25 6 2 46 0 10 
1 0 163 1 6 70 1 8 27 1 15 6 4 27 8 6 8 18 118 1 12 34 5 0 87 83 13 3 22 3 2 5 3 192 0 27 12 1 1126 3 1 19 0 21 1 11 0 4 1 19 9 37 0 0 0 4 37 59 6 1 9 22 15 4 
1 8 0 11 4 0 2 13 4 3 4 2 4 68 359 13 11 38 1 2 1 4 1 2 20 0 2 2 1 7 13 16 0 5 10 1 127 12 2 2 4 8 3 1 6 6 13 0 1 33 6 9 1 3 2 9 0 0 0 44 0 5 5 42 
533 5 4 10 4 4 9 2 0 2 0 7 78 19 1 12 5 40 2 1 7 11 9 1 2 6 1 7 5 3 3 8 11 2 12 0 11 22 5 1 15 54 1 10 4 0 4 0 3 1 39 4 3 1 0 2 6 13 2 11 4 28 16 367 
0 27 1 11 1 9 2 7 10 1 1 0 1 0 5 132 4 2 48 66 0 6 17 1 7 3 12 1 0 1 30 8 3 2 3 6 0 0 0 1 18 1 6 81 20 36 1 2 0 26 5 5 45 0 2 0 1 1 0 49 1 2 33 6 
0 0 9 0 0 25 3 4 1 13 29 3 0 19 20 60 4 2 1 1 1 0 1 1 12 0 15 0 0 1 2 1 11 7 1 3 1 37 1 1 7 101 2 0 0 6 2 2 30 13 1 8 10 18 13 2 4 1 89 10 0 9 1 11 
0 2 6 0 6 2 0 4 2 1 1 74 6 39 4 0 1 13 15 24 12 33 7 566 3 2 15 10 2 0 4 18 6 15 1 2 8 0 13 0 9 9 1 8 13 31 26 61 0 0 3 4 0 5 7 2 12 6 3 16 0 12 2 2 
0 29 9 2 12 30 10 15 3 10 7 313 3 15 13 17 3 1 8 14 5 0 17 1 2 5 0 9 12 5 13 2 0 3 198 2 2 1 12 9 1 14 5 2 8 1 0 3 0 9 0 7 25 8 3 0 19 1 1 11 5 5 5 2 
3 6 1 2 1 1 0 0 1 0 31 2 4 310 2 3 1 18 5 9 30 9 1 6 5 0 8 1 1 74 38 18 0 3 17 48 1 3 6 4 4 0 23 5 58 4 2 106 2 16 0 2 2 96 0 1 3 0 2 1 4 3 232 7 
2 383 1 1 3 4 17 7 5 6 49 8 16 0 28 5 27 16 0 0 0 6 21 0 25 1 3 264 10 1 7 2 20 5 0 1 9 15 5 12 2 1 1 8 0 6 0 0 9 2 1 1 38 2 5 2 1 1 1 0 1 24 22 4 
0 13 15 145 38 10 9 4 1 3 0 5 1 2 0 0 3 1 1 1 2 19 6 3 6 15 13 8 2 0 4 1 0 2 10 7 3 2 11 10 29 2 2 7 16 3 3 1 7 3 1 7 1 17 9 1 2 10 5 0 3 2 6 37 
0 1 6 4 10 23 40 21 260 9 0 6 0 0 10 7 13 2 22 2 0 9 1 11 37 1 16 3 8 1 5 7 1 1 6 2 5 32 0 14 252 13 5 4 8 1 3 1 5 6 0 3 45 2 14 12 28 8 1 1 9 1 0 2 
31 19 3 53 21 5 0 32 9 0 6 0 5 45 8 11 27 4 1 20 4 0 2 3 17 52 1 11 0 1 9 1 1 1 0 25 3 6 2 14 5 6 2 4 14 1 3 100 1 2 11 1 7 102 15 9 22 0 18 23 10 3 8 25 
7 2 2 0 15 2 11 9 4 0 6 17 44 15 1 4 1 1 0 0 7 0 49 3 2 46 2 1 0 10 9 1 3 18 0 4 16 82 4 0 3 6 17 0 2 1 104 8 1 4 6 1 39 1 1 14 1 19 0 10 27 7 0 2 
4 1 3 0 2 3 4 12 1 11 2 10 44 1 152 4 3 6 2 1 4 1 7 5 19 1 1 15 1 0 0 150 5 1 3 141 16 6 62 14 1 1 99 15 21 0 37 2 1 0 0 24 1 2 10 33 2 12 7 4 0 9 69 23 
1 0 2 2 25 3 0 9 0 0 31 0 0 0 6 2 2 1 0 1 3 4 13 2 15 11 1 2 1 3 0 6 1 1 2 8 5 1 6 1 0 8 0 1 0 4 1 0 1 2 0 14 124 1 15 0 2 4 3 3 2 8 1 11 
4 1 3 11 31 2 27 9 5 1 2 25 10 1 3 20 29 1 47 0 3 7 2 1 2 16 3 1 6 1 46 6 3 30 0 38 2 0 2 1 5 2 12 61 16 3 0 0 20 1 29 471 1 3 14 38 16 16 2 3 3 4 23 0 
29 10 2 1 2 0 0 2 76 3 5 3 12 22 2 1 5 3 17 3 1 4 12 34 5 1 5 6 1 6 1 20 3 7 14 2 2 2 9 8 4 2 15 5 3 0 2 11 1 2 1 0 46 13 1 13 5 0 2 5 0 5 1 1 
9 9 17 4 6 3 4 140 1 29966 1 5 0 10 0 0 12 2 2 1 2 2 1 1 4 28 16 0 59 117 2 4 6 11 21 0 1 5 21 0 5 111 9 9 0 6 7 2 16 13 0 6 1 4 6 38 32 10 0 2 6 21 1 0 
0 12 0 65 272 4 0 1 3 6 82 7 1 4 1 0 10 1 107 1 26 5 0 2 3 128 5 9 444 1725 82 1 0 5 48 1 3 0 1 2 3 31 2 10 3 0 52 2 1 7 6 1 0 1 102 3 29 1 6 2 13 22 2 9 
22 6 15 22 9 22 3 102 3 0 2 3 3 2 3 1 5 4 339 15 2 3 1 5 208 50 27 1 0 3 4 5 0 2 1 0 1 24 1 9 33 15 22 63 13 5 4 3 1 8 5 2 1 0 1 1 8 2 0 3 3 1 19 3 
0 0 6 8 104 0 5 2 3 16 2 6 3 0 6 1 1 23 0 3 6 9 5 4 1 0 15 1 3 2 4 0 21 25 13 0 4 32 1 5 3 16 1 2 7 4 72 3 0 9 31 4 1 2 0 6 22 0 2 2 0 3 1 18 
0 1 0 1 356 0 5 2 4 3 0 33 1 5 6 46 44 17 1 2 7 1 6 3 2 6 0 10 2 0 3 2 59 2 18 0 0 22 211 3 11 3 0 3 1 29 4 44 4 8 3 1 27 2 3 31 3 5 5 0 0 18 1 39 
1 10 2 1 4 2 1 9 2 1 12 0 5 1 5 1 1 7 3 1 0 60 1 28 201 2 4 11 12 0 91 0 1 2 37 10 1 0 27 3 16 4 22 17 0 13 0 1 5 32 3 2 7 72 11 1 4 3 2 1 3 12 2 2 
1 20 16 0 3 2 2 128 10 2 0 9 1 11 36 13 0 40 1 18 4 3 6 2 3 22 37 1468 3 18 51 2 0 27 10 0 1 10 14 8 1 0 53 22 91 5 16 0 0 2 4 12 1 2 0 20 0 11 9 10 11 16 0 11 
9 1 0 0 0 6 5 3 28 4 0 1 4 9 4 3 4 0 23 4 9 97 0 0 28 5 3 6 8 2 2 5 3 0 2 0 21 23 7 2 4 0 93 1 6 94 1 13 2 3 2 0 2 0 27 8 5 1 0 0 1 13 14 28 
9 472 13 0 110 34 12 4 1 8 5 2 18 7 0 0 0 4 22 13 0 8 5 5 5 63 93 13 13 21 1 3 18 14 2 10 6 1 1 3753 1 1 23 1 6 2 3 1 11 3 1 13 0 10 45 5 1 177 4 4 0 2 1 0 
1 7 6 1 2 4 8 43 3 3 2 115 4 1 1 5 3 9 0 20 3 3 1 4 0 11 3 1 4 4 5 17 32 12 3 5 0 1 0 14 3 343 0 2 2 19 280 6 6 2 9 39 4 0 0 39 3 2 2 9 1 20 1 0 
3 25 1 12 9 3 8 0 25 20 6 1 5 0 10 0 15 18 24 0 5 3 7 4 2 4 2 6 75 147 1 2 0 5 3 1 4 0 2 1 9 2 7 0 18 12 1 8 0 0 0 3 3 1 0 15 3 4 2 1 0 14 2 1 
4 3 1 0 1 1 0 7 6 20 23 15 12 58 2 67 0 2 21 22 8 15 10 18 0 4 16 0 2 0 93 3 0 6 6 6 0 22 2 14 0 8 1 1 0 2 0 9 1 1 0 27 16 0 0 68 6 1 6 53 5 75 0 1 
3 32 4 7 1 29 7 4 2 12 24 27 4 2 2 2 30 5 534 1 0 1 1 0 5 8 10 6 9 0 2 6 2 66 131 71 309 10 13 16 10 4 6 11 3 6 13 32 3 6 9 2 6 2 3 28 4 2 0 5 43 2 1 8 
2 5 365 1 53 5 8 0 2 0 26 18 59 2 6 7 1 1 1 0 11 3 2 2 12 6 2 0 1 0 4 0 9 2 1 113 132 0 19 2 1 0 0 13 1 2 2 27 23 1 1 1 12 41 3 5 0 3 1 5 14 0 0 6 
1 1 0 1 0 8 8 0 10 1 15 2 2 4 122 2 2 41 0 3 2 1 11 1 12 0 8 4 0 36 1 5 4 2 32 1 60 1 17 4 1 3 1 1005 186 0 11 7 0 3 7 11 362 16 21 4 61 1 17 0 9 18 149 2 
42 26 4 13 7 0 0 4 2 3 2 20 6 11 24 0 18 1 9 53 42 5 9 16 6 6 168 2 8 9 3 9 4 3 8 0 1 16 3 1 1 7 6 1 0 9 308 0 36 1 1 4 4 6 2 6 5 0 4 4 2 5 9 1 
1 1 19 2 1 3 6 34 0 4 5 4 0 11 14 8 0 9 2 0 5 10 2 3 2 4 0 6 12 2 1 12 0 9 22 1 0 10 0 0 3 3 1 4 5 20 10 2 0 1 1 28 1 7 1 3 4 0 230 9 0 5 3 1 
22 0 5 180 2 0 3 1 8 7 0 7 24 29 17 6 2 0 10 1 1 3 15 6 13 0 13 16 0 6 1 1 4 2 0 0 71 75 3 13 0 68 25 14 0 9 1 14 4 5 7 0 12 3 8 8 17 1 6 9 28 14 3 8 
4 14 15 3 6 3 6 0 1 0 4 0 3 1 2 2 4 4 1 1 10 3 15 0 22 1 11 6 2 26 2 39 0 6 17 6 9 7 27 4 7 25 0 23 1 1 4 291 2 0 120 2 8 1 9 10 3 31 1 0 0 1 2 0 
0 14 14 1 7 10 1 28 113 5 0 29 10 0 75 3 3 15 18 2 3 400 3 15 2 44 20 38 9 25 7 3 40 7 3 0 0 1 0 14 7 116 1 29 1 0 3 1 4 0 7 1 144 0 2 4 7 12 9 31 2179 0 2 8 
0 0 7 2 1 0 67 1 2 4 1 72 29 3 27 3 6 3 1 0 2 1 39 3 15 5 0 8 11 0 22 50 0 7 98 9 14 0 1 11 5 5 14 1 2 7 1 12 13 0 155 7 3 1 4 1 1 1 2 0 9 1 7 23 
2 4 3 0 2 9 1 30 1 1 1 37 98 2 24 2 5 18 128 10 1 25 28 0 818 3 3 0 1 1 0 185 0 12 8 5 15 5 40 6 0 13 1 1 2 37 24 3 27 21 23 4 27 7 16 5 1 1 6 57 0 7 0 5 
2 14 1 2 0 0 5 3 4 5 6 0 20 0 2 0 3 2 1 1 5 5 2 5 3 5 2 0 2 13 16 3 30 4 36 3 0 0 1 31 1 2 3 8 3 0 32 9 3 1 0 2 5 7 2 2 69 110 5 3 4 169 481 5 
1 1 0 23 1 0 2 7 18 10 11 10 2 8 2 1 2 3 1 1 56 2 13 0 7 2 4 15 3 1 0 4 2 5 4 34 6 7 3 9 2 71 6 3 5 2 12 4 9 9 2 0 16 1 13 3 24 1 0 0 14 4 2 1 
2 1 159 9 6 55 6 4 2 2 13 94 1 0 11 30 1 2 1467 19 2 1 6 4 6 0 6 1 3 0 1 1 0 5 11 2 2 0 1 15 1 3 1 0 12 2 69 0 4 12 7 0 0 0 18 26 1 0 2 0 20 6 5 9 
12 1 5 3 0 1 6 0 14 3 11 2 5 10 0 19 8 6 1 7 0 7 1 14 3 1 2 2 5 0 6 4 6 6 0 1 2 2 1 0 3 1 39 0 0 6 30 3 38 22 31 72 3 56 5 57 9 4 8 4 7 2 3 20 
3 15 0 1 5 4 2 7 11 6 3 36 1 5 216 2 11 9 0 0 10 32 1 3 4 3 1 7 3 10 0 42 21 2 1 2 35 1 12 1 20 0 4 8 5 5 1 22 3 0 15 0 0 10 52 5 9 7 0 8 1 4 0 12 
9 6 8 8 2 1 2 25 2 33 7 2 0 7 3 4 9 4 2 14 2 0 5 34 0 6 2 1 17 12 35 7 20 6 8 6 0 2 1 1 5 0 3 5 1 1 3 5 12 3 7 3 7 1 0 2 16 0 4 0 2 6 56 8 
4 19 0 10 71 2 2 1 12 4 3 0 5 0 2 17 1 58 4 0 4 1 1 0 1 353 40 4 4 6 0 37 1 4 4 5 31 5 4 3 40 3 6 28 0 55 5 21 2 12 11 2 10 13 1 4 54 9 19 3 1 14 0 94 
0 14 0 19 18 2 1 5 0 3 1 0 0 2 8 27 9 15 2 13 14 1 3 4 5 1 1 4 0 12 2 17 4 0 1 3 2 2 122 23 2 6 0 2 18 10 0 2 5 2 1 2 6 19 8 0 3 7 8 1 12 42 5 2 
0 8 0 0 3 4 35 0 4 7 0 2 4 9 0 1 12 48 3 0 0 4 2 4 2 4 5 1 14 10 1 2 3 52 4 2 28 1 1 12 0 13 24 2 9 97 0 1 15 13 103 2 1 1 4 9 27 0 2 1 10 20 5 19 
11 1 0 0 1 2 111 6 5 339 25 18 52 20 4 3 0 23 12 5 8 3 3 3 10 7 0 0 2 19 1 2 68 1 1 0 0 2 11 2 10 4 3 9 9 22 0 3 15 0 3 1 17 2 10 2 4 2 3 1 66 10 2 3 
1 10 5 23 0 11 5 24 3 15 6 0 6 0 14 20 15 1 3 6 2 2 1 1 223 11 3 5 14 1 7 10 0 8 57 58 4 3 0 11 3 1 310 0 4 2 61 8 0 5 18 6 14 7 5 1 0 8 11 2 3 2 478 19 
0 1 48 0 537 7 1 4 0 4 8 19 0 8 2 19 8 2 4 1 0 7 9 24 0 11 3 17 1 1 1 2 1 8 7 3 0 1 5 1 20 0 2 4 6 1 1 12 0 0 8 1 11 4 4 4 3 3 59 17 0 17 32 1 
6 2 1 2 6 1 2 43 4 1 1 2 1 1 0 4 9 0 23 3 42 24 2 3 2 10 3 4 2 0 0 1 0 1 9 18 1 21 1 2 1 1 0 1 15 0 2 2 7 2 1 11 9 0 1 7 1 28 1 2 3 4 21 3 
2 2 28 1 3 2 2 27 10 11 1 0 6 4 25 18 0 5 10 1 0 4 2 116 0 7 1 0 3 9 1 2 5 41 1 3 66 0 12 8 26 84 6 11 34 14 2 1 18 3 2 10 1 0 227 11 6 1 3 1569 0 0 1 0 
0 3 0 2 6 2 4 0 19 0 1 0 7 0 0 5 23 7 1 16 4 12 0 14 2 2 2 9 2 196 3 10 12 2 0 6 3 5 1 4 13 0 5 6 5 34 2 23 31 1 2 0 0 2 0 2 1 4 0 0 1 2 2 27 
1 7 0 18 0 1 23 10 5 1 4 2 3 18 4 5 0 2 0 9 3 0 5 0 1 2 7 1 2 5 12 1 1 10 19 4 5 1 2 7 3 5 4 22 33 11 17 4 0 8 1 1 1 20 3 1 8 14 14 15 10 0 12 0 
2 0 0 14 2 4 3 7 3 10 2 0 3 6 30 0 2 19 1 1 0 2 6 2 2 15 6 8 3 0 3 1 10 2 5 1 17 8 8 5 6 44 2 5 12 6 0 25 8 3 0 4 4 17 0 5 0 4 1 6 83 4 4 0 
9 0 20 6 2 3 393 4 5 6 1 1 0 1 0 0 5 5 16 2 2 6 0 2 9 0 5 70 63 6 1 0 0 0 1 0 6 10 5 7 5 1 8 3 11 3 30 0 3 38 11 3 8 5 9 0 16 11 2 0 25 3 2 109 
1 17 1 31 24 8 14 12 7 6 39 8 1 67 6 2 0 7 3 2 9 3 3 0 50 3 8 24 1 13 6 1 1 1 2 3 4 28 0 1 0 20 0 0 25 3 4 57 6 0 6 15 13 10 1 63 4 4 11 6 7 0 9 2 
3 213 1 5 71 159 3 11 19 1 4 0 1455 2 6 0 73 0 2 3 5 15 3 14 10 1 6 2 1 2 2 7 99 0 15 3 6 0 0 0 3 2 2 26 1 26 1 3 2 0 9 10 1 3 26 21 9 0 213 3 3 70 63 21 
3 1 17 1 0 19 1 45 8 1 1 0 1 0 3 30 112 20 29 2 1 0 10 1 1 7 0 0 0 5 81 1 1 5 0 29 0 0 18 11 0 1 1 1 3 2 2 5 5 4 2 2 17 43 2 30 8 14 6 1 6 1 2459 0 
3 0 48 1 4 13 2 6 0 124 7 53 7 19 11 4 1 14 0 0 1 0 2 19 6 17 9 10 3 2 17 17 5 0 8 12 16 5 13 49 0 20 9 1 44 4 1 9 8 1 0 1 5 64 13 17 1 36 19 25 9 16 5 24 
79 70 2 0 2 0 10 5 1 0 0 10 1 28 5 2 2 1 2 2 9 5 6 18 22 20 33 13 17 1 0 3 1 2 10 0 0 3 5 0 10 9 0 2 2 3 238 1 8 1 3 2 0 13 17 33 0 7 2 10 3 19 0 35 
0 27 9 11 1 8 1 3 5 0 0 89 1 6 1 5 0 2 321 1 22 2 21 13 1 4 428 3 0 1 3 1 2 0 2 2 1 4 29 6 1 1 7 1 6 2 0 8 14 1 0 6 985 3 3 0 78 12 8 0 4 0 5 4 
0 5 22 19 26 7 0 0 71 21 29 1 21 7 0 27 1 2 2 1 1 49 9 1 4 8 5 9 10 2 8 23 2 63 13 4 1 0 68 1 33 0 2 17 10 12 1 16 12 4 14 5 18 1 158 10 31 1 1 19 50 12 92 1 
2 1 3 8 4 0 6 4 76 1 4 21 4 2 23 11 29 1 7 1 6 3 19 21 25 0 14 3 8 1 1 14 132 0 10 0 1 1 0 0 1 18 0 1 2 2 2 2 6 1 7 4 140 2 1 1 1881 20 0 23 10 1 15 5 
0 22 36 26 10 5 7 1 4 0 1 4 4 2 13 2 1 2 2 9 3 16 3 25 1 22 0 1 22 1 1 5 2 0 0 7 19 1 1 0 5 5 7 0 6 24 1 7 7 90 5 11 0 10 12 6 6 1 1 15 2 0 0 3 
0 1 4 3 3 0 7 0 7 6 4 6 0 1 6 2 0 4 1 1 5 3 5 7 8 0 2 1 0 0 20 51 9 5 17 0 1 45 8 10 344 100 34 33 3 1 68 0 1 2 2 0 7 3 0 2 11 30 13 2 1 7 1 10 
12 7 1 1 2 33 2 637 7 34 4 14 37 2 3 4 2 2 1 2 3 21 2 19 2 0 0 8 1 2 0 0 0 1 92 0 6 2 61 2 11 3 13 5 47 9 2 2 4 4 1 8 3 2 3 18 8 0 1 0 1 10 36 79 
139 9 0 2 6 13 3 2 7 12 0 26 14 91 2 1 501 4 3 1 2 1 1 0 10 7 7 9 8 151 1 1 6 6 2 39 7 1 5 14 14 26 1 2 25 0 35 291 1 0 15 6 70 2 23 0 1 9 0 13 2 42 0 1 
0 1 3 4 0 6 0 12 3 1 0 21 0 9 9 1 1 4 5 22 4 0 2 15 4 4 0 4 1 1 6 9 4 2 6 1 1 14 6 6 9 6 3 7 0 1 2 4 5 51 1 11 7 0 24 2 1 24 5 31 2 0 18 1 
1 30 1 0 2 8 1 2 0 15 23 3 0 41 3 4 12 1 2 0 10 1 25 6 18 12 4 7 12 10 4 17 18 3 26 0 0 0 21 0 0 5 4 20 5 5 16 1 12 0 5 2 0 15 13 26 9 14 0 11 0 1 0 14 
8 22 0 1 8 2 0 1 23 0 5 11 6 0 0 18 0 79 5 13 4 1 19 11 31 1457 1 7 1 76 9 28 2 1 6 1 16 0 11 1 43 285 6 8 14 1 0 25 1 0 5 0 5 7 15 8 16 0 2 3 4 11 2 2 
1 2 1 4 1 5 8 36 1 2 2 11 0 0 1 0 1 23 0 281 0 11 4 86 9 9 55 0 12 4 1 4 1 66 3 6 2 5 1 3 351 2 5 2 0 23 7 3 3 11 1 3 0 18 0 6 0 7 3 1 2 18 9 2 
26 0 4 10 4 5 26 6 3 17 7 1 2 33 4 15 0 17 4 14 48 2 3 3 7 10 0 20 3 0 0 1 0 207 1 7 10 28 0 3 4 9 0 11 18 2 0 11 8 1 1 20 27 11 1 14 3 20 14 4 3 11 10 2 
0 5 5 18 4 1 7 0 3 11 0 8 1 3 0 1 1 5 1 7 11 11 4 0 19 6 6 103 16 1 10 5 4 2 0 16 0 5 30 43 1 2 6 0 0 2 32 2 0 29 27 0 74 2 3 0 1 1 0 0 9 4 56 13 
0 57 1 735 1 9 11 2 0 3 5 3 194 0 1 6 19 5 7 3 0 0 6 11 7 6 194 6 4 31 6 0 1 25 5 2 1 47 5 0 3 14 1 2145 1 1 0 1 6 3 154 56 0 0 1 0 4 1 1 9 0 10 10 0 
13 14 5 7 47 3 0 0 0 0 0 13 0 15 14 1 2 0 2 88 17 7 0 6 3 2 0 20 0 1 3 2 2 0 1 1 6 19 1 12 2 54 8 4 4 5 1 2 0 1 5 9 2 3 4 31 5 0 14 3 1 54 7 3 
107 0 1 4 14 0 5 1 7 1 1 1 7 13 0 2 2 6 40 0 5 75 0 2 2 0 7 171 7 3 6 1 0 5 0 0 23 1 17 7 1 4 0 98 2 3 1 2540 12 0 126 1 0 0 17 1 23 7 4 42 28 3 3 6 
23 2 0 6 1 6 13 2 1 174 0 6 4 19 2 1 1 10 1 5 5 1 0 22 5 0 0 2 4 0 6 5 1 0 2 13 2 2 0 2 6 1 0 0 27 6 13 0 3 2 2 9 0 31 18 1 1 3 0 0 26 7 9 0 
0 7 1 72 15 1 6 4 10 0 19 5 18 5 3 3 3 1 0 5 1 194 13 0 24 27 6 195 2 52 1 1 1 322 0 1 0 35 1 6 0 5 1 9 1 0 1 3 0 1 1 83 2 14 18 1 2 0 6 16 7 2 26 7 
0 41 3 6 15 1 0 2 3 1 4 24 8 1 6 2 6 3 10 95 2 3 3 5 22 8 25 9 0 12 0 3 31 1 8 5 3 8 5 81 5 10 2 1 1 1 0 7 6 12 0 0 6 1 7 2 82 4 28 1 0 5 3 1 
88 20 0 0 0 0 0 2 31 0 4 0 0 2 16 19 0 0 0 6 0 3 1 1 24 2 7 9 1 6 16 5 10 2 2 6 10 80 2 2 1 1 3 25 1 8 21 1 3 3 10 15 12 6 43 21 1481 10 59 21 237 18 0 0 
5 3 1 90 3 0 12 4 1 10 0 24 3 6 4 21 5 1 16 22 3 3 5 13 13 0 6 36 1 4 11 6 120 2 7 1 95 3 0 5 2 0 3 0 16 2 9 11 1 0 9 5 1 6 1 16 8 0 2 7 7 1 6 5 
6 5 2 2 36 3 1 1 8 0 13 1 1 1 0 4 20 8 3 8 13 3 1 8 793 30 14 38 9 2 15 2 121 4 3 12 5 3 0 0 0 26 13 133 0 0 12 0 24 5 7 0 7 0 2 2 0 1 4 1 2 4 4 1 
2 36 10 0 1 12 7 3 14 10 1 35 2 1 5 2 6 6 24 1 10 1 1 8 1 31 8 1 9 5 3 5 0 8 42 39 4 1 2 10 6 18 1 6 5 13 0 2 1 3 4 0 1 0 2 4 4 7 0 5 0 0 2 16 
11 30 3 2 4 1 3 5 0 0 1 0 13 3 23 35 1 8 0 2 1 3 2 4 25 15 3 1 16 2 1 7 15 255 1 50 8 0 1 1062 4 2 2 0 0 9 1 19 1 1 3 2 6 8 34 7 1 8 29 2 4 4 8 13 
39 6 2 0 13 2 8 9 10 16 19 11 11 7 3 0 8 5 23 2 4 35 0 1 4 7 5 125 6 6 10 3 2 5 1 2 25 13 1 5 6 8 2 2 0 3 11 12 125 9 2 7 9 14 15 187 9 0 6 24 4 2 0 7 
21 18 4 2 13 18 3 1 3 1 0 5 0 5 11 0 1 2 6 1 2 149 6 71 0 45 12 2 186 6 5 3 3 1 4 1 22 24 15 2 2 17 3 31 8 34 0 16 2 2 1 5 0 2 95 5 1 2 4 0 1 20 7 0 
11 5 20 0 11 4 6 1330 0 32 2 0 6 13 0 4 1 5 20 1 19 14 13 4 15 2 6 8 9 15 7 9 7 0 2 2 1 1 23 187 5 1 49 4 25 9 11 14 12 60 296 5 0 2 32 9 15 10 2 0 6 40 3 1 
0 1 7 0 3 3 5 2 16 4 1 21 2 2 1 16 0 28 61 1 64 42 1 1 0 2 3 1 15 56 0 6 1 1 2 2 0 1 2 1 3 12 1 1 8 6 5 155 56 0 2 1 0 4 0 7 14 381 0 1 173 3 1 216 
2 6 4 1 2 1 1 0 8 24 14 6 1020 8 7 0 11 3 10 23 6 34 7 26 1 26 3 39 35 3 2 0 0 0 0 1 2 6 3 2 5 1 0 169 20 0 6 7 6 6 5 2 2 0 5 3 7 0 10 2 4 2 2 13 
0 6 70 6 12 2 0 116 11 13 3 9 1 0 1 6 2 4 2 1 19 0 21 3 14 58 19 0 4 193 39 1 0 1 20 1 0 0 2 16 4 1 2 1 33 2 0 3 9 8 3 0 0 1 5 3 28 0 22 0 23 3 25 20 
0 1 0 8 2 19 14 0 0 1 33 12 4 1 3 0 13 8 3 1 9 21 0 3 0 0 4 1 7 42 16 20 1 11 7 0 0 89 0 1 2 3 3 8 1 5 139 2 39 1 0 24 6 5 7 14 1 106 3 7 3 139 1 10 
2 13 5 7 22 4 2 286 16 39 6 2 8 1 48 7 32 33 10 9 4 3 4 3 1 0 0 0 4 19 1 4 20 4 3 197 13 10 0 1453 1 16 3 2 2 3 1 1 11 2 0 4 6 6 3 0 2 14 9 1 1 1 4 12 
1 52 2 2 4 1 8 12 5 13 77 3 8 0 5 8 12 1 0 6 46 1 0 4 1 0 45 4 4 19 1 16 3 14 91 1 17 1 14 4 34 2 54 14 1192 1 9 391 9 18 0 0 0 4 8 13 4 4 5 1 4 87 1 10 
1 1 10 42 8 1 5 1 1 10 11 0 2 0 1 3 7 0 51 10 36 2 8 3 23 226 10 0 4 0 11 1 33 5 5 80 20 8 5 0 0 2 1 22 0 1 5 0 6 0 14 0 2 0 1 20 3 1 26 50 3 21 6 25 
6 502 0 1 7 2 7 4 6 2 0 22 8 12 4 0 1 13 4 1 7 3 0 27 1 22 9 3 227 8 6 3 0 1 31 27 3 1 184 1 9 6 10 1 0 2 35 4 7 59 20 7 12 4 3 35 0 7 1 6 1 1 10 2 
4 0 6 4 5 2 2 8 0 2 2 3 48 22 899 5 9 0 0 6 11 0 2 9 0 20 2 3 0 1 12 8 32 6 0 0 1 4 29 5 8 2 27 2 4 2 90 2 165 2 3 1 0 0 1 0 1 2 60 0 3 5 3 1 
7 0 8 20 9 95 9 0 7 13 351 23 8 1 0 4 2 32 3 5 186 0 159 0 2 1 1 1 3 7 26 0 0 1 29 3 73 3 4 1 46 3 1 0 8 9 5 9 33 1 2 0 8 0 2 2 1 1 16 1 2 3 1 25 
2 13 2 9 4 4 4 3 0 0 8 9 1 28 4 15 14 3 20 4 8 5 3 1 0 3 0 17 14 50 1 4 0 0 19 2 10 9 14 3 16 0 2 25 6 11 12 10 10 5 2 5 9 1 62 20 43 2 8 0 5 3 2 5 
1 2 12 144 15 1 27 1 0 15 4 46 1 17 0 51 0 7 3 14 0 1 0 1 9 16 2 4 0 0 0 11 2 2 26 3 1 0 4 1 6 0 13 5 6 1 1 0 7 0 3 0 3 7 9 6 68 8 0 4 3 4 0 1 
6 1 25 6 1 6 2 0 6 13 6 3 12 8 6 1 23 0 2 2 1 1 10 31 0 20 0 15 8 11 2 26 5 5 5 1 0 2 3 2 3 15 3 1 1 18 2 1 2 17 10 7 0 1 38 1 3 37 1 2 1 1 48 2 
1 0 6 0 20 2 0 8 0 1 1 4 0 1 0 11 0 1 36 5 6 9 10 1 118 11 4 20 0 4 22 2 13 3 3 58 46 119 0 10 10 0 10 4 26 24 4 1 85 8 1 8 0 0 0 27 9 10 9 5 2 2 14 30 
1 18 12 8 10 18 9 1 0 44 0 0 2 40 0 27 4 2 4 1 0 25 6 6 0 3 11 6 4 5 1 18 1 3 3 0 5 0 12 3 0 4 16 0 20 0 10 1 23 1 0 2 19 2 6 3 17 3 7 17 3 5 4 21 
26 1 7 8 13 18 1 1 17 3 0 6 19 0 44 8 0 0 0 1 8 19 100 8 2 160 3 5 1 9 41 3 7 5 1 28 10 2 2 1 17 18 0 2 2 5 0 3 2 12 5 7 40 15 0 1 5 10 1 204 28 8 42 0 
6 2 2 7 5 123 1 4 1 65 0 3 1 0 0 47 0 3 66 1 65 1 0 0 1 2 5 5 7 156 1 275 4 0 7 7 5 2 56 216 2 1 5 3 12 5 25 1 7 6 2 10 811 1 0 4 6 107 12 0 10 0 3 2 
0 2 9 5 9 20 15 10 0 10 1 73 3 14 41 0 37 0 14 1 3 85 6 2 1 0 0 1 1 0 35 3 1 3 4 34 31 12 1 2 2 2 16 1 117 8 4 3 4 2 2 1 2 0 18 1 10 1 1 6 2 86 20 7 
14 3 5 4 4 4 75 0 11 5 12 2 24 1 21 1 0 2 2 5 0 3 12 0 3 47 30 2 7 8 2 12 15 2 2 0 7 11 2 1 2 18 0 1 31 0 2 7 10 1 7 1 1 2 2 12 1 4 5 0 11 0 0 8 
5 1 2 1 1 1 12 5 43 1 9 0 14 13 0 57 2 0 1 20 1 16 1 0 51 82 12 1 38 14 0 3 31 1 1 31 8 3 1 16 2 18 8 6 1 47 0 13 15 2 5 11 1 6 1 3 19 1 1 1 0 62 6 20 
17 300 1 2 7 3 46 4 7 4 0 2 4 0 1 284 2 2 8 1 1 26 8 1 1 16 2 1 4 61 8 4 3 0 61 6 1 1 1 3 1 30 11 3 5 2 2 8 0 373 127 1 1 6 13 113 3 1 35 1 4 3 7 67 
3 5 1 4 7 0 3 3 5 9 10 1 1 27 0 0 2 10 5 18 1 24 1 1 14 8 0 1 1 3 4 96 12 10 1 0 2 5 23 3 27 11 7 15 3 4 223 1 0 7 0 28 2 0 569 0 0 16 0 5 29 2 1 1 
5 4 5 5 1 13 6 1 0 5 2 7 192 17 2 1 3 0 3 196 5 10 20 15 7 0 3 1 0 8 3 0 9 3 10 6 2 12 6 1 17 15 8 70 6 5 3 1 17 1 8 9 1 4 7 13 1 12 2 2 7 1 56 7 
11 19 12 2 16 8 17 1 1 1 5 1 0 5 56 4 3 17 1 8 5 0 1 0 2 4 0 4 8 1 1 1 0 1 1 0 5 9 10 2 41 5 4 10 211 0 0 7 1 22 4 7 2 1 1 1 13 23 7 3 12 0 2 0 
3 2 19 7 1 2 1 7 3 13 71 1 56 1 5 136 5 2 7 27 0 149 8 0 0 0 2 2 4 3 10 0 7 1 1 32 0 2 8 2 3 4 4 0 36 8 3 1 16 1 3 1 7 1 29 3 20 1 4 63 3 4 5 2 
5 0 3 178 13 2 9 2 6 3 199 4 1 12 0 3 16 5 4 46 12 4 58 10 6 2 0 0 2 4 0 0 14 0 10 1 2 5 0 2 12 8 4 16 119 2 27 88 4 4 4 72 5 1 12 4 12 3 3 1 0 2 4 1 
1 29 3 0 7 15 3 68 7 3 1 1 7 10 17 248 0 8 1 7 75 14 2 180 8 1 6 1 1 32 4 2 39 1 2 7 16 26 2 4 2 3 0 1 7 25 7 22 49 15 1 3 7 0 2 1 0 1 0 7 13 12 69 6 
4 1 2 12 0 3 2 8 17 22 0 4 1 10 1 3 1 24 6 2 5 1 5 1 40 8 2 1 9 3 0 17 2 0 8 2 0 3 16 0 2 30 19 34 13 5 1 1 60 17 3 2 20 9 2 7 6 1 1 4 1 10 3 3 
3 2 3 8 5 0 0 2 27 8 10 0 4 7 3 8 2 20 0 4 11 15 9 5 17 1 40 19 1 53 125 1 0 13 0 1 5 24 5 0 16 3 2 11 0 0 38 5 58 1 2 2 10 5 4 1 9 0 2 3 0 18 17 2 
210 1 6 3 7 10 15 71 0 6 14 5 62 1 3 7 2 11 1 124 28 14 9 1 2 33 0 34 1 5 2 1 13 6 0 18 6 7 18 3 0 1 7 1 2 2 2 2 5 0 384 3 1 6 0 4 0 7 1 6 2 6 2 6 
3 4 1 33 1 1 0 14 0 0 2 11 1 15 1 1 26 24 1 4 18 0 2 6 27 2 1 2 0 1 0 5 1 0 11 7 2 12 5 0 4 16 1 2 1 2 0 51 0 0 9 1 26 0 43 12 12 6 0 0 1 1 0 2 
3 6 5 4 1 14 2 5 4 0 1 0 1 0 14 5 5 5 1 6 13 6 86 8 1 2 1 0 12 16 4 1048 0 19 36 51 0 5 0 0 2 2 37 13 1 4 0 4 8 11 1 8 6 0 1 23 3 1 8 10 23 47 3 16 
6 0 18 0 37 0 10 12 0 3 51 1 0 0 0 2 0 1 32 1 3 0 3 22 0 1 29 2 7 2 19 17 2 1 3 12 10 0 8 2 1 8 15 187 1 27 3 4 72 66 0 3 2 6 2 3 0 1 13 2 2 0 2 4 
0 14 0 3 9 7 19 1471 55 1 9 38 15 0 1 1 7 4 7 3 4 4 2 1 7 28 4 2 1 9 1 3 5 1 0 22 0 0 1 3 13 16 4 5 14 17 0 4 6 4 2 6 42 2 371 15 3 3 2 6 444 3 3 3 
2 0 19 0 2 19 16 1 0 2 6 11 23 114 2 4 11 2 34 7 1 35 1 10 13 6 1 24 0 16 24 1 5 1 6 1 1 10 2 1 1 42 5 3 0 23 1 1 27 0 1 6 0 4 59 0 1 26 2 2 27 23 0 4 
4 2 6 27 18 14 11 1 1 1 5 0 1 1 1 2 0 2 1 7 132 1205 72 3 5 7 1 10 33 5 7 2 3 0 3 8 0 2 23 0 3 3 1 13 1 9 3 4 1 0 7 10 12 10 4 0 3 3 6 0 6 9 6 256 
5 1 1 14 1 3 2 1 2 1 22 1 15 3 10 0 5 5 49 1 10 24 9 3 2 1 11 11 30 1 1 21 3 317 73 3 2 5 26 1 3 0 14 5 0 1476 312 0 1 42 0 22 9 1 3 1 1 0 1 1 3 1 1 20 
49 2 17 3 8 3 9 4 11 1 0 1 3 0 0 3 4 1 11 20 12 12 7 24 2 23 1 1 4 3 2 12 32 7 1 3 1 12 9 4 331 5 6 4 1 22 22 3 4 9 127 12 8 6 6 10 13 3 12 20 9 7 9 0 
1 0 1 10 3 3 56 20 25 5 0 0 0 5 1 1 5 23 0 5 204 0 0 1 8 2 7 121 1 30 58 5 5 8 9 0 27 31 0 3 0 4 4 0 11 8 107 23 4 17 3 1 0 5 45 18 1 98 4 4 1 3 1 1 
2 1 19 85 0 11 2 8 5 31 12 1 22 2 11 1 23 5 0 13 30 1 215 1 15 2 2 27 29 0 2 0 5 24 1 111 33 0 1 1 1 0 4 9 88 0 7 0 4 2 3 0 1 3 19 2 6 29 46 1 17 5 1 7 
7 2 3 0 4 1 0 0 1 2 0 15 2 1 5 0 17 1 2 1 3 0 106 0 7 0 1 3 118 27 2 1 0 6 4 19 0 1 8 183 2 1 0 26 2 1 0 32 9 0 2 5 0 5 0 0 21 17 0 2 0 2 91 1 
11 6 2 11 0 13 2 0 4 3 0 62 3 86 1 4 4 50 7 1 24 0 3 0 2 583 56 19 2 1 0 185 1 18 357 0 2 29 375 9 1 9 108 0 3 2 0 0 20 0 5 0 4 0 1 1 4 5 3 1 6 1 3 3 
28 6 0 5 9 2 2 3 0 2 18 587 1 1 9 5 15 13 5 4 0 3 3 3 1 1 0 0 102 0 17 3 63 36 1 2 3 14 0 1 9 39 86 4 22 20 149 9 0 1 1 3 2 12 40 1 12 4 4 3 4 33 0 12 
56 1 0 2 0 1 6 3 5 1 12 4 2 0 35 2 15 2 13 1 11 1 2 8 0 0 0 3 24 10 5 20 0 10 2 0 0 5 16 17 1 5 2 3 57 3 2 2 1 6 45 4 4 0 3 9 3 5 53 0 0 0 162 0 
0 25 0 0 167 1 2 20 26 77 3 1 5 0 17 3 5 18 0 10 9 4 2 12 0 6 0 30 2 6 6 2 0 7 1 1 57 4 2 1 44 2 49 6 1 2 2 0 0 18 4 1 36 2 5 1 1 0 3 5 2 2 20 13 
8 1 2 5 1 12 3 0 3 15 87 11 3 41 22 0 1 14 1 2 10 6 2 48 12 33 24 0 0 138 0 127 0 0 11 4 0 9 2 3 6 2 4 4 0 1 0 5 4 0 0 5 7 6 1 0 7 1 2 4 44 37 0 0 
6 2 16 15 0 16 0 2 36 14 5 26 1 1 23 6 5 1 2 8 0 1 2 2 10 3 0 22 11 5 10 4 4 83 28 6 4 3 0 0 4 26 0 38 0 218 0 3 4 3 11 1 2 0 0 8 3 7 1 4 11 1 7 2 
0 10 64 1 0 2 6 0 10 20 4 2 3 2 1 0 146 10 7 22 0 67 0 1 7 21 0 6 14 0 17 3 1 40 6 5 12 1 8 5 0 1 1 1 1 1 1 2 23 3 2 16 8 1 6 1 27 10 2 4 0 0 0 10 
14 8 5 1 5 4 42 12 9 11 0 1 1 0 9 5 2 1 0 1 1 27 1 1 15 4 1 1 3 12 0 2 9 0 0 5 2 12 1 6 5 2 6 2 0 6 2 0 3 11 15 0 34 0 145 4 219 7 45 1 104 5 3 0 
0 0 19 3 1 0 22 3 5 7 4 0 8 32 27 0 9 4 2 10 0 2 3 2 6 4 2 33 1 5 6 3 1 1 4 14 4 0 2 1 57 5 4 1 5 6 0 39 12 3 7 34 7 96 1 21 3 14 0 3 11 5 2 5 
24 1 1 2 94 7 4 27 26 2 1 1 1 1 29 4 9 24 97 4 4 0 6 1 2 1 2 1 4 5 4 85 0 7 1 10 16 66 1 29 5 6 0 0 0 1 3 4 0 1 7 7 23 100 6 15 3 9 1 8 0 5 1 16 
0 7 4 2 2 17 0 3 0 6 15 0 3 100 20 0 3 43 2 52 46 3 1 4 0 38 4 10 2 26 9 1 1 86 84 45 84 1 0 4 2 1 0 10 3 0 1 55 4 16 2 1 14 9 22 0 0 20 3 1 2 7 3 2 
73 1 2 2 0 1 7 1 6 2 0 1 2 30 54 2 6 5 5 15 7 0 0 0 2 0 9 1 0 5 0 70 11 1 10 1 1 0 0 3 12 43 2 24 1 5 1 0 4 0 1 22 1 6 17 14 3 17 19 5 18 0 3 3 
2 1 2 15 2 2 13 3 409 0 0 0 3 4 12 2 13 3 21 72 3 6 5 43 58 1362 1 2 7 85 0 13 1 5 7 1 76 23 0 16 1 0 14 11 1 16 19 8 0 1 2 12 6 0 0 0 1 9 4 1 1 7 2 1 
3 7 6 2997 5 0 3 0 0 0 4 3 64 10 4 19 18 1 1 5 3 5 33 7 6 8 4 2 1 6 26 2 1 7 7 1 261 17 16 20 1 4 1 1 2 34 3 2 7 8 3 207 3 1 58 31 9 106 1 5 0 8 1 5 
5 23 1 3 11 12 2 4 0 0 1 1 19 21 2 0 0 7 0 4 20 16 6 3 1 0 5 16 0 10 11 0 25 5 1 1 0 7 3 1 11 2 12 4 3 3 401 10 24 10 3 11 1 1 9 0 18 5 6 458 2 4 1 1 
5 5 11 1 5 0 4 2 2 6 0 4 4 5 19 2 12 3 1 9 0 0 14 2 3 0 31 13 1 1 16 2 29 2 622 0 0 33 6 0 12 2 2 2 2 11 1 7 1 12 1 5 9 22 11 1 38 26 13 56 1 209 5 12 
6 0 11 8 10 10 0 1 0 0 10 28 4 1462 15 48 1 4 1 8 8 23 5 5 3 0 1 6 1 10 14 12 25 0 9 23 2 1 0 7 6 1 3 2 2 5 13 4 1 7 1 6 7 1 1 3 3 1 0 6 5 9 4 15 
3 9 1 0 1 64 9 3 19 29 12 9 0 11 1 8 0 1 17 4 3 7 0 37 1 25 10 1 9 2 134 2 7 1 3 9 5 6 4 6 13 3 4 2 1 2 48 6 4 4 2 0 1 1 63 1 3 2 29 11 1 1 7 7 
3 5 3 6 9 1 3 0 2 7 3 3 92 0 7 0 19 1 0 24 2 4 0 11 45 6 3 8 0 5 30 0 13 20 258 0 2 17 0 2 10 0 16 2 12 6 34 1 5 0 0 2 5 1 5 11 0 8 17 1557 2 1 5 2 
0 1 22 6 15 3 2 1 4 0 5 3 17 10 2 2 1 3 0 1 2 5 4 2 4 4 4 12 1 733 13 3 13 12 0 0 12 2 8 2 2 8 3 0 1 172 2 23 2 0 7 4 1 4 9 0 1 5 1 45 0 72 10 7 
1 2 0 9 2 1 7 0 11 2 5 16 5 3 32 5 0 2 12 7 10 6 2 0 78 47 11 8 0 11 4 11 1 1 3 6 3 35 10 47 2 1 0 0 10 1 10 18 1 0 0 110 5 7 28 265 7 0 4 5 3 4 0 27 
27 1 3 3 1 0 6 0 173 43 2 0 0 10 0 11 0 1 2 2 1 1 9 28 0 1 14 0 1 12 3 11 3 1 23 4 5 2 67 0 4 3 3 0 2 9 5 29 0 2 22 0 1 3 32 18 5 0 28 10 3 4 2 1 
3 3 17 2 0 3 10 852 1 0 99 4 13 0 1 1 3 13 22 7 6 3 10 1 0 4 6 0 0 2 6 6 0 65 13 0 15 7 7 0 15 9 24 1 21 3 24 7 5 0 3 1 5 5 1 1 0 1 21 0 1 3 1 2 
0 1 9 1 2 1 124 20 44 50 1 3 2 12 0 4 1 35 25 2 0 5 4 0 5 7 2 2 9 1 67 3 1 3 3 2 1 2 2 1 0 58 0 12 151 6 3 1 0 9 0 0 8 0 1 2 8 19 9 20 2 2 103 3 
7 12 9 6 1 38 5 5 12 0 0 2 18 18 0 5 10 22 5 6 13 2 10 2 1 38 8 1 4 63 2 96 5 109 0 1 10 0 5 7 10 13 5 0 0 0 0 17 9 3 2 2 4 0 4 5 8 2 1 0 43 3 10 21 
1 17 1 2 1 18 12 0 16 12 0 2 13 28 0 19 7 0 1 17 0 5 11 0 1 7 7 9 7 2 10 7 38 21 11 2 1 74 6 0 33 2 2 12 2 17 1 0 1 24 11 40 2 16 26 1 30 45 2 2 14 2 0 5 
2 11 2 8 1 0 0 43 1 0 1 1 25 5 0 8 3 20 17 0 5 20 5 19 1 8 2 3 5 12 10 8 2 3 382 6 5 1 1 29 9 6 17 0 6 124 6 1 24 9 0 3 0 0 0 57 39 8 2 0 6 6 1 3 
3 1 5 26 3 2 1 2 4 2 3 58 0 41 7 15 0 1 1 25 1 2 10 49 381 9 11 16 2 1 9 3 7 2 1 14 1 0 24 2 5 1 0 1 2 205 3 23 9 7 5 23 22 0 0 3 3 7 37 238 0 13 31 20 
39 5 6 0 58 3 4 0 42 14 2 6 24 39 0 1 1 9 1 4 2 0 31 11 9 2 3 0 2 5 2 3 1 0 0 49 103 0 2 4 1 5 1 0 2 7 10 1 0 2 5 7 12 3 7 0 22 0 8 1 3 1 4 12 
4 3 13 3 9 5 1 2 13 2 6 23 3 5 9 1 1 1 0 0 4 1 6 11 1 33 18 7 17 5 12 1 4 1 6 19 4 3 2 11 2 6 11 3 2 52 10 3 0 15 0 0 6 0 2 3 0 0 1 55 25 0 1 1 
45 4 39 64 3 27 0 0 2 0 9 2 15 2 1 1 11 5 12 32 9 1 19 0 9 3 2 11 24 0 0 5 0 0 3 2 13 1 11 3 1 3 11 1 1 8 1 1 2 2 4 0 5 5 0 3 27 0 1 0 8 0 36 2 
2 23 4 1 1 4 1 246 0 0 7 7 61 2 8 0 0 2 0 24 24 1 4 2 1 2 26 12 9 12 87 33 63 1 3 6 2 0 0 10 1 2 0 2 3 2 14 3 14 3 4 0 10 0 415 92 0 71 4 29 0 6 5 2 
156 0 0 16 0 1 6 11 18 0 49 1 3 9 7 1 0 4 0 1 1 4 14 3 4 3 0 1 0 7 13 26 6 23 1 3 1 47 6 3 0 2 0 0 2 8 4 5 1 6 2 56 0 1 2 4 11 5 5 6 57 8 10 19 
3 1 3 9 7 0 0 1 1 4 2 3 78 2 17 11 6 9 48 0 3 76 1 1 3 1 16 4 7 3 3 3 0 3 4 0 0 55 1 0 0 12 1 32 10 3 176 16 2 0 2 1 8 1 6 0 6 0 3 1 2 2 8 7 
8 38 7 72 0 149 1 1 3 4 10 2 2 40 3 6 7 1 1 3 2 2 1 20 0 25 1 1 6 3 16 18 7 7 0 26 8 2 2 4 0 6 8 104 576 2 1 10 0 10 16 4 3 3 0 1 1 1 1 0 26 0 7 10 
0 10 5 5 0 7 170 3 6 1 2 1 41 17 4 1 2 18 123 68 16 16 10 2 2 12 1 8 4 35 197 11 0 1 0 33 0 28 1 1 3 75 0 1 3 71 4 5 2 8 5 7 0 19 8 2 3 10 2 72 1 4 5 14 
6 12 5 5 54 1 4 9 9 78 4 2 1 40 6 2 0 32 2 0 14 18 7 3 16 2 12 0 0 3 15 26 4 0 5 2 529 0 403 3 54 0 14 0 0 3 6 0 17 9 3 44 17 38 34 0 1 7 7 35 13 2 1 0 
5 0 58 4 2 0 1 3 9 18 0 9 7 1 8 2 1 1 2 4 2898 537 8 2 14 0 6 0 8 0 0 2 2 2 2 99 0 3 13 7 3 4 4 73 1 4 1 1 0 108 27 6 1 6 8 3 9 17 2 1 18 1 2 1 
1 7 8 9 1 2 1 5 33 92 374 11 3 4 2 1 1 0 1 1 4 1 4 2 69 14 28 0 1 0 1 0 2 4 3 3 13 4 5 0 3 3 1 0 2 4 0 3 1 1 4 0 1 6 2 1 1 64 6 2 1 0 10 1 
128 5 2 35 8 10 9 13 6 39 1 2 1 6 0 1 4 19 10 3 21 209 4 0 10 0 7 1 8 1 19 0 5 3 4 2 5 2 2 10 5 1 5 93 12 1 44 0 2 8 6 2 0 9 4 1 6 159 3 3 2 18 0 36 
6 29 13 23 0 3 2 0 44 35 2 10 1 1 9 0 0 10 39 6 3 2 1 24 2 0 2 9 12 1 11 11 0 0 1 6 6 6 8 4 2 1 0 30 0 3 1 87 2 1 30 1 2 8 217 0 2 0 10 1 385 0 13 5 
2 36 5 16 6 1 19 0 5 6 1 27 5 0 4 9 24 2 31 1 1 5 6 0 5 2 1 3 3 5 0 186 5 3 9 5 0 5 2 43 4 3 4 8 7 9 4 18 11 4 1 3 0 57 6 3 4 0 5 2 0 1 1 28 
11 1 0 0 9 3 0 1 2 11 0 6 12 12 6 0 1 6 0 5 2 68 20 6 4 3 0 10 1 2 4 0 4 2 0 19 64 15 11 10 54 26 0 1 5 0 3 1 39 2 1 46 1 0 2 4 1 16 2 11 7 1 11 4 
3 1 13 1 1 0 1 63 20 3 1 57 0 400 2 0 0 3 1 0 2 2 18 0 8 8 33 1 7 0 6 1 47 23 19 1 2 37 5 5 42 42 4 0 0 1 5 3 21 23 4 1 3 5 0 14 12 12 5 0 9 1 2 2 
0 7 0 9 3 4 1 7 0 26 1 7 3 82 63 1 24 12 5 0 6 7 12 27 4 1 4 16 118 13 4 17 2 0 63 13 11 4 0 2 2 9 15 0 0 2 0 0 32 0 2 1 69 5 13 6 2 50 2 5 3 6 2 1 
0 0 8 0 5 0 8 0 4 5 5 2 109 1 0 3 6 0 32 8 0 0 14 3 0 41 8 0 5 6 2 16 36 0 0 32 11 9 8 6 2 0 18 0 5 8 0 3 25 1 11 3 6 3 1 96 43 0 50 23 2 2 1 0 
2 2 7 26 2 11 0 7 3985 35 0 3 3 9 2 0 10 2 12 2 0 10 2 36 1 1 0 3 2 4 0 2 44 5 3 3 2 1 7 17 1 1 2 0 124 112 1 17 7 0 17 3 11 94 12 0 4 7 1 16 0 3 3 35 
2 0 3 373 2 0 6 7 13 270 0 0 2 2 1 16 3 0 9 12 5 47 2 0 10 62 28 0 2 14 0 2 0 3 36 7 21 0 6 338 6 25 16 2 2 73 7 0 10 3 1 1 1 94 10 3 7 9 20 15 8 0 0 3 
1 4 1 1 2 4 2 9 8 3 25 0 16 4 0 1 2 1 0 2 15 8 5 5 36 16 76 41 6 1 7 1 35 2 8 1 6 2 105 4 2 1 2 19 5 29 2 11 17 17 0 4 5 123 23 2 4 23 1 6 13 14 6 5 
1 26 11 25 0 50 2 12 2 20 4 0 5 0 1 5 64 348 2 10 14 14 2 3 2883 0 152 24 4 24 3 23 2 40 7 2 14 0 1 3 2 10 0 0 0 1 1 10 8 3 1 0 1 37 13 3 1 5 14 37 3 137 2 0 
2 16 1 1 3 4 2 1 0 2 9 6 3 84 7 1 5 0 24 17 6 5 4 4 1 1 0 3 3 8 2 3 2 1 5 4 17 3 38 0 7 9 15 5 0 0 1 2 1 0 10 7 176 1 0 142 0 2 0 5 50 0 1 32 
2 2 3 84 17 0 0 23 11 1 0 7 23 1 0 1 16 42 12 0 0 3 15 3 1 2 1 8 2 14 1 16 1 95 9 12 3 16 16 10 1 4 1 2 3 31 1 9 2 26 10 9 4 0 0 4 9 34 2 13 3 3 5 2 
12 35 32 0 52 6 5 29 26 50 0 3 2 20 5 2 22 9 1 11 5 1 6 11 25 2 2 0 39 11 4 5 4 5 17 9 2 5 0 0 26 0 4 1 27 56 3 3 45 11 1 10 1 3 0 1 7 1 31 9 1 0 13 9 
1 12 253 4 19 1 0 2 2 12 6 8 4 1 2 0 3 33 9 0 0 463 4 1 6 13 9 2 6 1 3 9 9 25 15 2 19 1 9 2328 5 0 0 2 0 34 1 24 0 2 2 1 0 0 32 9 2 10 0 7 13 3 1 16 
22 0 4 5 3 4 4 20 7 17 0 21 3 0 28 30 18 3 7 3 5 3 0 7 18 62 1 0 0 0 2 1 21 3 2 0 2 3 1 6 1 6 9 2 0 22 5 1 25 1 6 10 0 6 4 0 8 72 1 1 0 31 6 2 
2 4 19 3 2 0 2 0 2 2 5 10 1 18 2 8 6 1127 2 5 13 5 0 1 0 1 10 12 1 54 7 0 2 13 3 45 58 36 0 17 146 12 1 1 7 2 263 3 46 12 11 7 12 2 0 3 0 3 16 2 4 0 1 1 
6 1 1 163 85 30 9 7 0 7 2 23 1 1 8 0 6 4 12 4 3 2 6 116 2 5 0 6 5 1 3 4 2 11 0 0 2 31 4 3 0 26 5 3 23 7 7 1 0 2 1 10 3 0 3 3 11 2 6 25 8 5 9 0 
1 7 5 0 3 11 1 7 6 1 0 32 4 0 5 10 16 3 0 0 17 14 8 63 2 11 8 2 4 7 1 0 0 2 3 1 6 5 8 37 31 2 2 975 20 36 1 228 26 7 7 22 3 8 0 4 1 1 3 2 8 1 11 10 
28 2 26 55 1 11 0 1 28 3 3 25 2 4 11 0 2 52 0 22 22 16 2 44 3 10 24 5 3 85 0 10 1 3 4 1 1 6 8 0 1 8 6 164 12 0 6 10 1 14 33 2 13 3 7 19 0 5 33 1 11 4 2 6 
0 0 4 0 13 0 9 0 2 20 7 1 2 2 1 4 1 0 17 1 0 6 1 0 11 30 3 6 11 43 1 3 21 0 5 128 2 8 8 44 7 1 4 4 1 9 26 5 4 8 2 0 2 4 0 39 2 6 9 3 0 9 7 0 
27 3 12 0 25 1 8 21 20 1 1 8 2 12 0 0 0 2 0 23 14 13 23 1 2 38 10 22 16 14 20 3 4 1 2 5 5 6 9 1 2 34 2 479 3 3 4 2 16 4 0 17 0 6 34 0 21 9 6 4 16 3 0 1 
4 0 6 5 0 8 2 3 6 8 2 26 0 5 2 9 92 2 1 11 1 24 3 1 6 6 0 15 0 18 8 3 1 3 3 10 30 9 3 4 46 1 5 9 3 2 4 0 1 6 147 1337 5 6 7 31 39 2 0 19 8 8 16 1 
0 1 0 7 2 1 31 18 132 26 0 11 1 1 43 26 0 3 8 14 0 12 2 23 6 10 6 0 123 7 2 10 33 3 3 2 2 18 1 5 8 21 0 6 7 5 2 3 62 5 23 1 1 9 8 9 2 5 0 48 3 5 1 0 
575 0 13 0 1 3 14 24 29 2321 35 4 0 3 57 4 17 275 18 1 2 4 8 6 16 7 18 5 24 2 11 3 5 0 2 0 25 0 1 0 9 4 10 1 23 13 1 9 8 44 4 1 0 48 4 2 1 35 136 0 5 7 2 2 
10 122 1 97 12 1 2 1 6 2 1 0 0 2 8 7 153 21 7 0 54 1 5 1 13 61 0 22 8 2 5 52 42 4 7 27 0 2 56 35 24 1 2 3 29965 0 2 0 0 26 0 11 0 2 18 0 2 13 8 8 8 3 0 8 
6 3 1 62 1 1 7 2 2 6 1 8 11 7 1 1 4 4 5 4 12 0 20 1 19 6 1 8 1 4 8 56 7 2 1 1 1 7 7 6 47 3 1 5 5 5 1 1 5 0 2 2 125 0 9 1 42 7 5 3 0 22 14 2 
40 10 0 7 15 19 3 0 0 2 4 12 0 18 3 18 6 4 2 0 3 6 22 19 7 6 1 0 1 3 2 2 5 105 0 6 0 2 3 6 1 8 29 4 26 26 6 0 7 2 63 6 60 6 1 13 0 1 5 19 110 9 1 15 
8 6 44 0 0 12 0 2 3 12 6 2 13 2 25 1 6 1 2 1 0 106 1 10 2 1 17 1 9 16 30 3 2 3 11 2 7 21 70 2 3 1 14 0 11 0 9 12 5 24 5 1 59 5 9 2 120 2 4 2 30 1 1 4 
27 2 1 44 4 7 6 24 20 28 91 21 2 6 1 1 1 33 37 6 11 2 34 2 0 6 9 20 18 3 20 45 3 16 1 9 1 3 2 238 1 10 1 3 1 4 4 41 4 5 0 1 1 5 2 511 2 11 13 16 123 1 11 0 
13 6 2 4 1 0 10 2 13 5 0 11 14 9 89 1 1 9 57 0 18 3 3 10 4 1 9 4 3 4 2 4 0 2 3 1 8 0 0 4 9 18 1 2 4 2 14 2 2 6 2 1 180 3 2 109 5 7 13 1 19 20 23 1 
104 18 1 2 65 5 42 1 0 93 0 1 24 16 1 4 223 0 2 3 4 0 26 13 11 2 17 0 24 2 4 0 5 2 11 1 0 0 5 0 70 11 11 9 0 0 0 248 2 0 4 1 2 6 1 6 0 112 3 1 12 2 1 16 
1 2 50 31 3 0 213 22 25 1 67 2 1 6 3 1 3 1 0 4 11 1 0 599 3 4 17 11 2 2 0 0 0 1 13 34 7 0 6 7 17 21 2 29 0 23 1 3 0 2 16 0 15 0 69 0 5 1 6 6 0 52 10 37 
0 3 0 0 3 16 113 1 2 10 7 21 13 5 6 3 1 8 21 0 1 1 1 1 1 17 10 1 2 3 55 22 6 3 0 9 0 7 1 13 12 68 7 4 5 550 0 40 27 37 23 3 403 5 26 0 37 10 0 9 3 0 8 10 
1 1 0 1 1 24 11 5 1 1 3 5 0 0 6 3 10 7 256 2 7 27 1 2 30 15 11 4 0 3 1 7 14 11 3 31 3 0 19 12 1 1 0 98 2 11 1 1 41 3 9 0 0 3 5 1 10 10 0 8 4 17 55 1 
2 0 1 11 9 1 0 0 15 1 6 66 3 15 11 1 3 0 4 15 13 3 0 4 1 0 1 0 179 7 3 2 0 16 19 2 163 0 5 1 4 19 0 2 1 2 5 6 8 8 2 1 19 9 94 2 3 6 15 4 10 14 4 0 
315 1 4 18 73 7 2 124 17 116 1 0 3 0 7 1 1 6 0 6 1 489 3 0 4 2 4 0 5 4 7 3 8 2 3 0 0 2 3 11 1 19 2 1 12 0 9 4 2 5 3 9 0 5 18 2 7 2 0 8 11 1 8 10 
1 34 2 14 11 2 0 3 0 12 29 2 2 0 3 2 8 0 23 9 9 1 10 13 5 6 15 7 2 4 2 30 7 3 13 0 8 0 0 4 4 1 1 0 0 1 0 0 1 5 1 23 0 17 91 11 8 5 4 0 1 4 26 0 
3 4 0 10 42 4 3 12 2 5 0 5 0 4 27 2 0 13 4 1 12 20 4 0 47 6 15 4 7 1 3 74 0 3 2 0 1 1 1 15 0 0 6 0 2 1 1 0 17 10 39 5 4 5 3 1 11 9 0 2 0 0 11 20 
7 2 2 9 2 0 13 3 8 14 0 0 1 5 23 6 1 37 8 0 2 1 1 6 8 6 7 2 9 4 0 1 2 14 8 1 0 16 7 0 3 1 9 11 0 1 2 6 3 22 31 9 5 1 1 3 5 197 7 11 11 11 8 41 
0 6 27 5 0 1 5 4 18 1 0 15 5 0 16 15 6 0 4 1 3 3 26 28 0 0 6 4 148 8 22 5 1 18 10 1 20 11 19 5 4 5 0 1 2 0 8 6 33 7 0 3 5 14 1 3 1 17 3 0 2 3 2 6 
25 2 1 5 50 34 5 2 3 1 2 12 5 6 1 4 19 0 2 11 4 2 0 0 11 9 23 0 2 1 1 1 5 0 13 1 2 4 8 6 1 2 1 1 3 1 3 0 7 1 112 33 12 3 0 1 6 7 1 0 1 8 120 8 
1 2 8 8 9 0 21 6 19 1 0 66 7 10 6 235 0 2 8 2 6 1 3 6 1454 1 15 10 8 2 3 2 9 18 4 4 0 0 0 3 4 15 3 1 3 20 27 62 1 3 2 2 27 1 2 0 2 9 3 0 2 521 2 13 
2 6 35 1 2 12 4 7 7 14 0 0 3 7 0 1 8 1 15 6 3 3 0 6 8 1 99 2 1 3 7 25 3 2 4 60 2 1 13 0 7 0 5 3 109 1 7 7 5 1 0 53 1 2 3 1 2 1 1 3 22 99 6 5 
5 25 0 8 8 11 160 75 10 1 535 1 2 1 9 10 4 0 2 5 1 1 1 7 0 1 3 17 3 16 5 1 8 1 15 5 6 27 5 8 13 14 4 5 0 7 63 6 6 8 4 3 5 13 87 2 0 1 2 19 9 3 1 21 
0 0 3 0 3 0 4 1 23 4 5 1 0 12 2 2 25 15 3 3 1457 21 1 3 3 10 11 0 8 35 10 70 2 7 0 3 13 0 11 19 4 226 7 0 20 5 6 4 6 3 2 11 6 2 4 2 24 2 0 1 7 6 11 7 
0 33 13 6 2 3 3 2 2 2 56 402 9 11 5 0 1 3 11 2 2 1 2 1 0 5 52 11 0 5 8 1 0 1 10 7 0 4 27 3 0 2 125 14 10 3 2 25 1 6 6 0 151 0 11 3 3 1 2 8 0 0 171 7 
9 5 4 7 1 6 1 1 0 1 6 23 0 13 1 1 4 3 699 5 9 4 2 10 0 5 13 33 6 20 5 0 2 24 25 3 0 6 0 9 5 59 0 0 16 1 1 0 38 9 0 7 0 38 15 7 11 4 5 3 1 0 2 141 
3 5 1 66 5 6 2 48 2291 5 2 4 0 0 74 0 18 9 2 7 8 1 8 6 23 2 33 16 12 15 3 0 0 4 7 3 8 0 3 1 1 1 1 94 0 0 4 0 17 0 7 2 1 1 14 6 1 8 82 0 1 18 1 14 
5 7 4 2 1 0 0 2 16 4 1 2 16 40 4 82 10 5 7 142 70 0 7 0 0 9 6 35 2 5 187 1 1 5 2 12 0 10 2 3 1 45 0 17 2 0 7 1 3 2 1 4 3 1 13 2 1 9 25 11 3 11 24 5 
10 9 8 0 5 8 18 5 1 13 59 2 4 6 1 21 0 5 0 21 26 18 6 78 1 5 17 11 0 2 53 20 18 0 0 2 0 0 3 3 0 4 2 9 33 1 1 1 0 0 1699 0 5 2 0 7 5 0 2 4 20 1 0 10 
1 33 2 5 18 20 2 26 4 0 2 1 11 2 2 9 3 6 6 4 0 0 2 0 3 8 7 7 0 14 2 0 0 9 28 5 2 0 13 8 14 4 0 0 11 1 1 0 14 6 11 7 426 2 7 22 4 1 1 1 0 4 0 14 
5 4 8 3 18 2 3 49 3 3 31 0 9 65 8 0 7 4 20 4 1 10 1 1 2 6 1 1 2 0 6 0 6 19 0 2 2 6 5 15 0 3 3 3 0 2 1 5 8 13 12 0 10 0 4 0 236 10 6 12 15 0 1 0 
2 4 13 10 0 62 7 7 0 0 0 4 2 4 1 0 3 2 2 9 5 3 0 0 0 1 3 0 3 1 1 18 0 2 6 12 2 3 9 3 1 1 3 40 5 0 1 13 8 0 2 52 6 5 0 2 1 1 1 4 2 0 12 18 
6 1 13 38 4 19 91 2 2 8 5 13 92 5 41 2 1 31 4 3 0 11 2 0 16 16 0 13 5 1 4 7 3 0 22 43 7 5 8 0 4 0 4 16 0 0 31 5 2 7 0 1 32 11 1 1 13 12 24 9 1 2 10 3 
0 1 1 1 0 0 16 4 126 82 1 2 1 9 9 0 1 1 0 0 114 20 1 35 5 6 1 1 29 0 3 0 0 6 2 2 3 1 118 1 0 11 0 1 5 15 1 1 7 41 0 6 0 0 8 17 22 0 4 62 56 4 8 1 
14 15 8 2 49 5 2 3 6 0 7 2 16 57 1 16 8 5 0 1 2 16 5 64 0 0 16 3 75 6 12 0 1 4 2 4 16 1 0 6 120 3 17 1 6 35 5 0 13 6 5 7 9 6 16 0 5 0 22 4 24 0 8 1 
2 36 1 1 8 22 0 25 4 4 3 0 2 2 26 7 0 28 20 19 0 8 19 0 0 4 6 603 20 1 0 1 3 25 3 2 4 9 44 2 17 0 21 18 75 30 0 59 8 1 8 0 1 0 4 0 2 7 1 1 6 1 2 3 
1 1 11 0 21 10 0 6 1 1 46 0 3 1 25 0 4 8 8 3 1 8 1 1 1 2 12 10 14 1 33 14 0 1 14 18 0 7 0 6 1 10 6 12 6 7 1 8 2 2 1 5 1 2 1 10 5 2 8 1 2 43 0 26 
0 211 1 7 39 3 7 13 4 2 0 3 1 2 2 2 12 3 9 4 0 5 0 2 17 0 53 1 1 4 5 9 2 10 4 31 24 34 0 3 3 12 0 1 11 123 26 11 3 5 0 11 6 158 2 0 1 0 7 13 26 1 16 0 
1 11 55 5 13 11 2 8 6 28 9 12 2 6 0 16 252 1 63 27 1 0 8 7 0 0 1 4 0 11 32 3 5 0 4 0 3 2 27 13 0 2 3 39 4 1 11 24 11 35 17 57 0 1 0 5 25 4 6 6 5 8 0 13 
4 3 9 0 8 2 4 150 13 0 5 1 1 1 0 2 7 0 72 3 4 10 2 5 11 0 24 14 1 1 5 15 24 5 0 23 22 10 52 212 10 3 2 1 14 1 1 1 13 88 30 2 6 2 12 13 1 4 1 0 0 12 4 0 
3 2 2 15 3 5 6 1 43 8 20 18 15 2 6 1 5 0 1 2 0 9 0 24 11 0 24 39 1 4 0 6 5 69 21 4 12 25 5 29 12 11 1 0 3 11 1 1 19 103 2 5 0 4 6 15 6 7 2 405 0 77 4 1 
2 12 9 1 2 3 0 2 1 1 15 10 7 6 5 6 7 2 1 0 0 45 131 4 2 0 1 10 0 1 9 1 10 6 15 0 1 2 1 2 3 2 2 61 11 0 2 38 2 0 0 43 13 1 27 31 7 1 11 289 0 20 2 0 
1 2 0 3 9 0 2 1 6 1 11 0 1 3 0 2 5 1 1 1 1 7 0 12 0 25 17 1 3 1 0 8 3 0 6 6 1 1 0 1 4 13 3 0 0 1749 8 5 0 15 0 6 6 10 4 90 11 4 3 2 56 2 11 0 
9 9 1 51 0 6 0 2 1 9 47 61 30 5 7 2 5 0 34 1 45 12 6 2 14 24 3 5 1 3 32 11 5 15 0 0 17 14 5 2 0 1 0 4 1 8 15 44 19 41 1 45 5 9 1 7 9 7 5 6 15 17 16 2 
20 2 4 3 1 4 1 22 66 0 5 2 4 0 20 2 11 3 39 5 1 2 35 0 8 2 0 0 5 7 0 10 0 1 12 20 8 0 2 1 1 5 0 0 15 12 1 20 1 127 5 12 88 3 1 37 15 1 0 18 2 10 1 6 
30 0 3 27 6 3 30 5 5 0 0 0 99 0 10 7 4 5 2 0 5 17 4 14 1 9 2 0 16 1 6 198 1 19 6 2 7 1 8 11 10 1 7 3 6 24 1 1 1 0 49 17 1 94 0 0 3 79 0 0 24 19 5 20 
0 0 43 9 0 181 56 6 37 4 7 14 2 13 4 3 4 3 27 1 3 0 2 2 32 2 0 6 30 26 7 8 7 3 212 3 73 4 15 8 9 1 8 1 8 0 11 15 33 2 2 1 5 15 0 3 47 9 1 4 0 8 8 2 
4 2 31 22 2 4 7 7 1 21 7 22 1 4 21 0 2 16 1 6 10 7 4 3 2 1 10 26 0 1 0 0 1 2 4 2 0 0 6 10 8 10 3 13 194 2 0 34 7 0 2 0 1 0 0 1 0 5 139 9 46 38 8 1 
9 16 9 0 4 1 1 13 2 0 1 1 40 0 3 74 5 1 1 6 1 3 17 1 0 7 1 0 16 14 1 5 2 4 1 62 3 0 0 5 0 6 3 0 0 4 5 2 43 2 0 5 17 0 0 19 45 4 1 2 20 1 8 21 
2 18 0 1 5 15 4 0 25 2 1 0 2 1 2 3 3 0 7 0 0 33 1 0 5 0 6 0 398 14 0 0 7 39 8 8 1 22 0 0 23 1 16 17 12 0 52 6 11 1 4 204 0 3 46 3 58 23 0 2 2 9 7 1 
13 2 101 188 3 41 1 7 1 1 4 2 3 0 2 998 17 10 45 3 1 17 8 22 3 16 2 6 152 0 5 2 2 17 7 9 79 5 2 4 27 7 4 0 4 21 63 21 99 4 6 14 1 41 13 9 2 3 100 17 19 0 4 6 
12 4 0 0 0 1 0 0 21 2 45 1 1 0 0 4 41 72 2 13 38 2 41 96 17 3 19 1 2 2 7 11 12 4 3 1 0 8 12 1 5 393 7 11 0 4 1 18 11 0 19 17 15 24 2 35 1 5 1 1 0 3 2 2 
10 3 0 1 10 400 2 76 0 7 1 10 40 11 119 110 0 2 0 2 0 10 2 31 7 2 6 4 0 348 12 4 1 2 5 9 2 9 4 5 6 1 4 3 32 2 0 0 3 7 0 2 7 1 1 6 1 1 22 1 3 51 0 0 
6 3 0 4 1 24 21 2 0 2 8 1 0 2 2 6 0 0 3 3 0 1 1 4 6 7 3 26 2 5 8 12 7 0 6 1 85 325 10 12 13 12 8 0 11 4 25 2 11 0 6 0 4 4 1 58 0 2 0 0 6 4 3 32 
2 0 14 1 0 2 0 7 24 12 23 8 7 9 19 58 69 1 7 28 2 2 0 0 4 1 0 2 1 1 31 0 0 1 9 2 0 3 1 10 1 29 0 9 0 2 2 2 1 1 36 10 3 14 14 0 0 2 3 5 20 4 1 3 
0 48 66 1 7 7 13 4 11 2 2 13 1 47 0 1 0 6 4 1 0 1 0 10 0 7 4 3 208 21 1 0 28 2 9 25 1454 8 1 18 16 9 6 2 42 4 196 13 4 0 0 2 3 2 1 15 7 4 31 2 1 17 5 0 
2 19 7 0 13 8 43 6 2 17 0 1 13 12 2 3 6 1 0 48 2 59 1 1 2 13 5 7 0 7 2 26 0 20 0 12 1 0 3 3 8 0 20 0 390 4 9 2 13 47 2 4 5 6 11 1 334 4 1 1 6 49 11 18 
38 3 0 0 11 18 10 0 0 0 6 32 11 0 2 67 98 10 168 6 2 0 12 14 6 12 1 22 29 0 1 191 2 0 1 1 29 32 46 1 1 1 3 2 1 8 10 0 7 2 3 0 1 1 2418 3 4 18 20 6 0 2 174 0 
2 6 5 0 6 1 5 2 10 5 0 5 10 15 36 4 8 42 9 1 0 9 10 14 7 138 0 2 1 3 7 2 67 8 0 62 3 1 0 23 112 7 8 0 59 1 5 1 14 9 13 11 3 0 6 0 62 0 28 3 2 0 2 1 
10 1 1 11 85 1 1 0 2 6 0 1 52 13 1 0 7 1 3 13 5 1 0 6 2 10 15 39 6 12 0 2 0 3 25 9 1 13 10 9 4 6 0 1 1 56 8 0 4 3 4 2 7 0 1 1 2 2 7 32 3 4 45 24 
49 2 177 8 6 0 3 2 0 67 0 2 9 1 1 36 3 3 1 10 4 0 5 2 3 0 3 6 2 93 1 0 34 2 13 13 2 18 0 5 2 82 2 8 6 2 24 12 17 3 0 5 2 0 2 0 10 13 17 0 2 1 11 0 
6 6 7 30 3 3 3 2 77 0 0 4 15 14 0 8 10 0 480 2 2 5 3 25 4 111 100 3 2 1 6 52 12 6 3 0 6 1 3 9 9 3 36 2 1 2 1 3 18 6 1 11 0 60 4 18 0 32 24 2 2 3 2 2 
6 0 1 5 2 2 1 1 1 0 5 0 11 3 0 0 0 2 2 2 9 2 8 1 1 138 6 3 10 0 16 31 0 2 2 402 1 5 22 3 22 0 1 48 3 3 125 19 0 3 347 11 1 241 5 29 14 23 12 5 18 0 0 1 
0 8 5 1 2 17 4 47 11 24 5 0 34 3 0 3 0 64 4 24 0 6 14 67 4 3 2 22 2 11 1 0 10 1 14 3 1 11 2 9 5 5 0 1 33 5 4 9 20 4 0 4 5 2 6 2 11 0 1 0 7 16 3 0 
0 7 12 11 0 2 2 3 296 3 5 0 2 0 20 3 1 6 16 1 536 0 26 1 13 5 9 5 5 59 3 0 7 41 7 2 51 12 2 9 1 8 2 98 16 3 42 38 2 23 0 23 16 10 4 4 22 0 1 3 0 6 1 0 
11 2 0 2 0 1 12 1 4 10 2 19 4 9 8 3 0 5 28 1 2 1 0 8 4 3 1 1 2 1 4 21 3 2 2 6 11 2 26 2 6 14 2 7 10 11 3 0 3 1 4 1 6 57 2 1 0 2 19 0 3 1 0 3 
2 1 4 13 66 7 10 1 4 5 3 17 4 0 14 2 7 12 1 7 139 16 7 13 6 7 3 3 23 8 2 5 27 16 2 19 2 3 2 3 1 5 31 2 3 2 10 1 6 2 1 12 168 0 3 55 43 0 9 11 1 0 0 0 
1 4 1 7 2 2 1 1 75 7 2 8 0 14 1 3 1 1 10 13 3 7 6 10 67 15 2 6 2 2 5 3 2 0 28 5 61 0 0 3 4 3 1 1 36 1 4 2 4 1 6 11 2 0 7 4 6 0 1 1 7 19 7 2 
8 0 1 11 19 0 7 2 2 7 11 7 6 1 1 6 1 39 10 7 9 4 6 2 0 19 0 10 8 1 23 2 18 8 26 0 16 12 1 25 115 30 19 6 6 12 10 1 0 2 1 6 132 1 9 1 2 0 3 0 0 19 13 13 
1 5 0 8 13 1 4 4 2 1 1 5 0 0 0 5 64 25 0 0 12 3 0 0 0 1 3 1 7 47 4 3 1 4 1 6 12 3 0 76 3 0 4 1 11 1 0 10 4 22 0 79 9 10 0 85 3 4 0 1 0 7 0 23 
2 23 16 1 52 7 7 3 8 9 1 0 0 13 115 7 1 8 1 6 25 16 2 11 2 1 0 4 11 19 4 1 4 1 11 1 24 25 0 0 4 1 15 97 69 9 1 0 0 0 1 2 1 9 1 30 4 7 9 1 9 0 14 2 
9 4 18 0 16 10 0 14 9 15 14 1 0 7 1 4 22 4 8 62 0 5 2 0 21 7 16 0 5 7 45 12 2 9 9 18 1 1 13 5 189 15 6 0 0 10 0 6 1 62 1 0 6 1459 0 21 2 19 19 4 1 3 6 0 
1 37 1 0 1 8 0 34 0 18 7 1 1 53 7 5 23 11 3 10 0 29 15 1 11 0 5 1 33 0 0 8 3 36 8 2 24 5 3 1 1 15 17 2 10 1 3 0 4 4 15 12 4 2 12 13 2 89 2 0 9 9 16 177 
6 0 22 9 0 6 4 0 3 3 1 5 142 1 5 0 18 2 1 1 28 7 6 12 6 10 159 26 16 1 1 2 1 9 1 13 2 157 3 12 124 4 0 0 0 12 7 43 2 1 8 6 2 5 0 5 10 75 0 2 9 6 3 2 
2 3 2 3 13 3 7 0 6 15 7 2 23 195 4 19 15 49 1 0 15 233 61 0 15 74 77 0 3 0 10 0 4 3 0 7 10 1 5 123 3 0 8 1 3 1 1 2 2 14 2 0 19 19 4 11 0 9 69 12 0 7 16 3 
4 1 5 1 16 2 9 0 4 0 2 7 24 11 3 15 3 4 1 0 3 1 0 0 8 23 5 2 16 9 2 1 3 2 13 1 4 4 1 3 35 8 1 1 0 2 1 2 5 0 1 2 4 2 9 15 16 218 1 5 16 1 1 4 
5 0 5 13 1 5 0 46 1 48 7 0 3 8 9 9 0 25 33 25 18 18 5 2 48 7 2 73 34 14 1 1 16 4 26 3 20 2 1 0 43 2 28 11 9 1 12 1 73 1 17 8 3 28 1 11 6 14 0 3 1 28 2 2 
8 1 0 1 3 4 1 7 130 80 1 17 13 0 110 3 43 8 9 10 2 0 39 18 0 2 2 2 32 2 11 6 7 26 4 2 10 7 30 9 2 1 10 8 1 21 1 2 0 1 6 3 3 12 11 0 13 6 0 407 18 42 4 5 
2 0 5 3 6 5 35 0 2 0 7 0 1 0 1 2 10 4 4 21 2 7 2 4 9 37 9 10 1 0 13 1 3 1 3 1 3 0 0 71 0 747 13 4 0 139 0 8 5 163 4 11 8 1 9 155 6 8 6 13 0 17 8 5 
21 0 1 2 1 1 4 19 0 3 2 4 58 3 5 1 0 11 4 4 0 3 0 5 4 22 0 5 3 1 1 6 3 0 1 1 1 0 6 3 4 56 0 4 5 22 228 0 0 0 10 2 6 16 3 14 1 5 6 1 5 5 2 16 
2302 1 5 2 5 3 19 3 7 1 12 0 6 11 1 13 0 1 5 1 3 2 2 0 11 12 99 36 3 4 2 1 15 0 1 4 8 6 145 2 13 2 6 8 11 0 0 85 3 1 8 6 3 12 16 3 51 14 40 254 0 18 4 15 
0 1 1 4 2 0 3 2 0 6 4 3 5 2 12 7 35 40 14 3 3 6 9 1 102 1 0 1 14 12 6 11 0 1 2 2 3 0 2 3 17 1 1 8 1 2 5 10 17 5 9 0 31 147 4 3 0 0 0 2 2 9 11 11 
0 2 5 1 31 3 0 15 7 1 6 6 2 20 24 1 6 32 1 0 1 0 7 2 17 12 18 5 0 5 3 2 1 1 4 0 24 4 4 6 1 0 2 1 29 2 22 2 8 0 3 15 0 0 21 2 17 2 5 2 1 3 17 1 
10 3 1 1 18 10 2 33 102 0 16 2 3 25 10 1 0 1 10 3 2 2 10 3 2 0 3 0 9 6 2 1 3 46 19 6 1 2 3 25 68 28 17 1 1 5 1 7 10 7 11 0 26 12 10 0 39 6 6 1 11 7 10 9 
3 13 1 6 0 43 24 8 7 6 2 194 11 7 2 11 2 2 3 27 0 43 5 1 5 15 8 5 10 19 3 2 83 4 21 114 9 1351 15 5 2 12 13 22 0 3 0 12 3 4 9 0 0 3 1 0 0 3 0 0 7 49 4 0 
15 119 16 14 52 3 0 4 58 18 7 1 13 24 0 5 24 6 1 11 47 1 1 4 2 1 3 62 19 3 0 1 2 4 1 3 390 18 1 7 2 0 6 7 4 0 26 5 7 5 65 2 13 9 0 15 12 2 1 1 5 1 5 66 
3 8 2 4 39 33 4 257 1 16 12 5 2 2 7 53 14 21 12 7 3 0 0 4 0 1 1 2 6 9 1 13 1 6 3 4 12 0 6 6 46 10 3 4 5 3 9 9 1 1 16 6 1 42 4 97 0 71 1 11 7 21 9 0 
215 0 4 0 4 18 0 11 5 1 0 7 5 7 16 17 0 3 12 9 186 8 19 1 1 3 1 0 96 31 4 2 1 0 6 964 1 12 4 0 3 11 4 0 5 5 3 6 6 35 13 4 472 3 4 6 4 9 1 0 0 7 43 7 
3 6 1 1 26 0 115 0 8 194 3 60 9 2 1 7 46 5 11 4 4 28 83 215 0 3 18 0 8 3 16 0 5 1 1 4 2 3 3 1 20 1 31 3 6 1 16 4 1 0 4 4 0 4 50 1 2 5 58 3 2 18 5 10 
6 5 7 1 0 3 22 14 5 24 7 3 2 0 15 3 3 48 1 15 3 0 10 9 17 10 10 13 30 4 4 0 2 1 0 1 2 2 11 5 1 2 46 4 409 0 2 4 1 25 1 3 0 20 1 3 23 0 1 5 8 0 2 2 
37 0 25 1 1 11 6 11 11 8 1 15 4 0 1 4 4 0 0 29 5 4 11 1 4 2 15 3 1 2 14 1 10 4 181 27 0 2 3 9 5 24 0 21 0 3 3 1 4 3 2 78 10 190 2 212 10 7 0 1 10 2 2 25 
0 0 49 3 6 193 2 2 1 2 0 0 1 1 8 12 2 10 135 11 4 2 0 0 1 16 3 4 10 19 2 18 1 2 8 9 9 1 12 33 53 3 4 0 0 3 2 7 194 14 13 12 7 7 5 0 3 1 2 1 3 4 52 16 
11 4 1 10 2 85 2 7 19 2 12 1 1 1 3 1 6 6 2 17 3 52 46 0 2 119 14 1 68 34 1 14 31 54 573 3 2 206 2 0 1 3 0 12 1 3 10 6 14 10 0 0 1 27 1 4 9 4 164 8 1 2 6 2 
0 1 6 79 2 6 1 2 48 3 7 0 1 18 3 7 2 0 6 9 14 1 3 9 1 15 11 43 7 4 7 0 39 2 0 8 1 2 7 1 2 5 1 6 0 10 31 4 5 2 4 3 10 3 10 27 0 29 39 0 1 0 1 94 
6 70 6 6 0 1 3 1 68 8 1 2 7 5 24 22 4 2 4 1 55 69 0 0 0 3 21 2 2 10 9 1 3 6 2 10 4 1 0 8 3 12 18 1 0 3 0 5 1 38 5 1 3 2 0 3 27 1 0 12 9 7 1 3 
1 1 2 1 44 5 20 0 6 67 5 2 2 1 4 28 0 5 89 3 32 11 0 0 11 3 2 0 5 1 11 0 2 8 2 0 9 1 1 0 2 5 1 2 0 29 1 84 26 7 0 4 2 2 1 2 6 0 1 3 30 1 2 10 
3 3 28 0 30 38 23 3 1 1370 25 3 5 2 107 2 0 1 84 14 6 16 44 0 2 5 6 2 1 1 0 22 1 0 1 3 3 15 2 6 0 31 1 2 1 1 5 3 7 1 7 0 8 2 1 1 128 5 0 2 0 0 0 2 
4 2 1 5 16 2 2 9 1 1 1 4 1 8 3 0 1 1 3 0 0 1 7 6 16 3 16 0 1 0 4 2 0 43 0 2 64 37 4 0 0 14 0 4 1 8 5 0 1 8 29 4 20 17 1 1 6 19 0 208 0 18 0 2 
0 5 1 1 1 6 2 9 1 78 2 4 14 1 13 7 1 8 1 9 43 17 4 1 8 1 2 4 2 5 0 12 0 0 8 48 6 66 1 2 13 1 4 12 0 15 1 11 2 3 18 5 2 7 6 21 28 8 0 4 3 1 4 0 
7 0 44 1 30 7 10 13 5 1 4 3 0 0 5 3 5 24 10 16 1 4 2 9 6 3 11 11 0 101 4 5 2 5 5 1 1 11 2 14 14 0 171 1 2 6 4 4 25 11 0 16 50 12 1 13 14 16 9 5 10 8 7 7 
3 13 1 0 13 7 5 9 0 3 2 4 1 0 3 390 3 6 13 2 5 12 0 4 2 0 10 12 95 3 9 57 8 4 75 3 1 3 72 14 76 4 11 0 7 4 0 20 0 2 2 1 1 3 5 0 3 0 5 5 2 4 5 1 
11 20 1 19 1 3 1 2 7 2 46 15 4 15 5 0 8 0 0 1 6 1 1 33 133 18 4 25 0 6 0 8 0 2 2 216 80 0 13 7 1 1 6 4 19 4 5 3 0 7 0 3 5 0 4 1 14 4 11 1 3 1 5 2 
1 6 9 1 78 12 3 3 1 1 0 22 1 4 13 5 2 8 19 2 12 197 0 2 3 4 57 6 11 5 6 2 0 0 7 39 0 55 12 1 20 22 6 2 8 123 28 25 59 78 28 25 27 220 6 1 2 134 0 2 0 1 0 21 
906 0 13 0 2 113 1 0 17 0 0 12 7 47 0 5 3 5 1 19 8 7 26 3 1 12 2 1 0 1 3 1 8 0 36 2 2 2 2 0 20 112 7 36 4 0 31 1 1 5 5 8 4 16 29 16 4 0 29 2 6 8 1 12 
4 4 12 0 1 2 1 0 1 10 1 25 0 122 0 6 4 0 0 1 24 3 5 27 1 1 0 3 7 8 7 19 3 3 21 3 6 20 7 10 4 0 0 7 0 2 4 27 5 2 24 5 1 344 46 22 40 6 22 9 9 0 13 7 
0 10 1 0 14 0 2 2 1 1 1 14 7 6 19 13 7 94 1 11 12 1 7 4 24 12 4 5 54 105 5 1 16 2 2 8 1 10 4 31 8 0 1 7 0 45 0 4 0 3 5 37 2 2 0 0 0 3 35 0 0 12 7 4 
1 0 2 15 7 0 7 2 9 26 22 240 6 3 7 3 2 12 3 5 7 21 45 3 4 14 19 115 2 3 5 0 4 2 25 2 21 17 3 141 24 18 2 1 3 48 3 5 20 43 6 5 28 1 3 8 20 9 3 10 12 23 9 53 
3 0 22 30 26 0 7 3 1 218 0 0 3 0 0 2 4 4 0 3 0 3 26 8 2 5 11 72 5 0 24 6 0 7 10 9 4 6 1 1 6 16 20 1 0 2 6 0 0 3 38 1 437 592 4 9 2 18 33 3 3 1 11 3 
1 1 17 3 5 0 0 6 3 1 2 19 1 30 3 14 11 3 4 17 24 22 6 1 1 1 0 2 17 11 0 6 2 2 2 3 4 2 1 8 126 0 7 2 5 37 0 4 18 0 4 3 0 0 39 0 3 2 5 3 9 1 5 1 
21 1 16 2 24 43 0 9 4 0 8 12 15 1 5 1 5 7 2 4 0 5 5 22 8 39 10 4 3 11 8 1 2 4 4 98 8 1 16 9 1 100 6 8 0 3 4 19 2 2 0 2 0 10 1 0 0 11 1 0 15 2 28 0 
3 0 2 1 2 19 3 34 15 7 5 11 2 1 0 8 0 22 0 17 5 1 1 14 1 3 2 7 15 32 59 278 1 9 0 5 2 1 12 3 1 43 2 0 1 1 2 5 2 0 0 15 46 5 1 29 5 2 2 0 17 452 6 0 
113 5 2 1 3 0 0 233 8 3 16 16 2 9 0 0 15 4 9 308 12 16 1 4 3 10 118 3 8 8 12 6 353 0 11 2 1 2 1 1 4 1 10 0 2 0 2 3 1 5 12 28 11 67 3 0 6 0 0 11 6 2 1 67 
20 2 3 2 4 97 7 0 4 9 0 0 11 2 7 6 11 3 26 0 0 46 3 13 78 29 23 2 1 8 26 35 9 0 11 40 14 17 30 2 133 3 5 1 8 1 1 0 3 5 3 4 197 8 1 9 6 0 12 9 1 3 0 5 
2 4 16 7 1 1 13 1 26 7 20 0 5 263 7 3 26 15 11 27 4 26 28 32 6 3 7 0 3 6 1 1 1 26 11 7 6 2 128 9 5 2 6 1 175 32 0 4 13 0 1 6 0 18 1 2 1 5 8 2 17 4 45 7 
2 0 0 3 0 15 0 3 1 6 3 28 3 18 35 1 1 0 8 4 0 0 62 23 0 3 9 13 0 3 8 1 5 2 8 1 8 2 0 2 1 417 0 221 101 6 0 0 1 8 0 0 18 1 2 0 2 1 2 2 4 2 2 8 
4 4 2 81 2 9 6 13 5 2 5 5 12 50 3 33 3 5 1 54 5 7 40 10 32 5 8 4 4 10 2 14 0 68 22 2 5 239 5 9 129 7 0 1 0 86 1 3 134 11 32 68 30 0 339 3 3 15 3 4 33 1 9 20 
5 1 25 12 9 0 2 11 0 28 25 5 26 2 6 2 11 9 4 6 12 2 21 0 8 1 1 1 17 24 2 5 2 6 0 3 5 10 3 2 9 9 11 3 2 1 5 5 6 1 2 0 4 35 14 52 15 8 24 15 2 0 65 443 
5 42 0 25 1 1 16 1 0 5 0 1 7 14 6 8 81 7 4 1 5 0 10 5 0 4 0 6 15 15 0 1 5 1 4 9 1 3 1 6 1 0 8 9 38 7 16 1 0 3 2 6 1 17 21 10 0 1 2 0 6 5 0 1 
0 9 1 3 16 12 3 8 6 1 2 2 1 2 4 6 9 20 0 5 12 4 1 1 27 82 0 2 10 1 6 0 15 6 3 5 2 1 2 2 3 8 1 6 6 2 1 0 1 1 114 37 1 29 17 1 8 0 5 0 28 1 39 50 
5 4 8 5 14 21 3 3 1 123 1 7 17 26 1 15 3 6 4 0 16 5 0 4 0 0 1 60 0 1 38 1 10 9 3 2 18 12 4 1 5 3 0 3 1 1 15 5 0 0 1 2 23 16 3 2 27 34 1 14 3 4 18 14 
3 3 0 19 0 16 6 3 1 2 0 8 1 2 8 0 1 1 3 1 7 0 6 4 3 1 6 3 7 19 33 6 72 0 23 24 47 4 17 1 0 22 63 1 5 0 0 0 33 4 20 5 1 9 4 11 3 0 9 4 4 51 1 0 
0 11 0 1 1 1 0 3 10 9 4 17 25 54 11 0 6 0 10 14 13 1 5 8 0 3 9 1 25 2 1 0 1 0 17 52 16 1 2 1 14 0 1 2 35 47 26 1 8 78 6 12 21 288 10 0 86 616 5 13 1 2 1 5 
2 3 2 0 25 11 4 6 0 2 0 1 0 6 1 95 17 0 5 2 23 11 10 6 4 1 2 1 12 0 50 1 28 6 4 4 4 2 1 4 0 5 2 2 6 2 2 0 1 27 40 8 3 27 0 7 4 0 10 23 3 38 1 1 
0 0 28 0 6 17 2 3 4 0 0 1 5 14 0 6 5 9 0 2 54 8 12 1 2 1 0 2 4 1 1 38 0 0 11 3 0 3 1 0 4 8 2 38 0 1 2 4 0 2 2 23 2 1 2 7 1 1 154 3 1 16 1 2 
1 2 257 6 6 9 0 4 12 4 2 12 9 7 0 3 0 14 3 0 1 22 0 2 112 3 4 12 2 2 3 5 10 9 1 18 0 13 12 0 0 7 1 6 19 6 4 0 0 19 1 10 3 8 10 44 1 2 0 1 1 3 91 4 
8 13 10 3 19 1 6 8 0 6 8 3 0 2 1 0 1 3168 5 3 59 3 9 6 35 0 2 4 23 8 2 0 2 0 2 9 1 2 8 4 2 6 76 13 11 13 12 4 77 0 1 7 1 2 3 27 6 2 2 3 13 0 16 46 
3 1 7 23 0 5 8 58 8 3 21 0 42 0 1 0 27 4 120 0 5 6 1 8 1 6 1 2 3 0 38 13 0 15 2 11 50 7 6 0 2 3 2 23 125 6 7 2 2 0 9 4 6 1 4 1 3 6 1 0 1 40 0 0 
42 0 10 12 19 5 0 7 1 6 20 11 23 11 7 1 3 7 12 31 2 0 6 0 7 0 2 0 618 0 11 6 3 6 0 3 5 12 2 13 3 7 2 0 16 3 10 10 9 10 7 5 3 1 15 4 0 3 1 22 8 0 17 0 
30 607 15 12 223 19 0 8 5 7 0 1 4 1 4 3 3 20 3 0 1 6 9 15 5 17 5 3 0 34 13 9 2 3 5 0 0 64 2 3 13 31 2 10 19 2 3 178 5 3 0 1 0 13 0 38 10 2 21 2 0 27 2 2 
1 3 5 36 1 27 29 39 7 28 7 3 1 0 9 2 31 1 18 10 0 43 24 17 36 17 6 10 13 16 14 15 1 87 20 2 9 2 0 8 12 28 12 0 14 1 1 120 46 30 1 0 2 24 9 31 1 10 45 2 27 0 1 4 
289 4 0 0 10 14 7 2 0 3 5 1 2 0 1 14 0 34 3 15 3 1 1 2 3 2 30 39 1 9 1 205 3 7 0 0 474 7 3 0 22 4 0 7 0 10 31 0 1 11 2 6 224 11 2 2 1 0 1 1 11 3 3 37 
0 0 3 6 1 9 0 4 21 2 6 6 6 3 8 47 0 4 15 3 5 0 0 3 0 34 1 8 3 0 23 0 1 2 43 11 9 1 22 20 261 7 2 15 3 2 14 0 9 1 22 3 6 1 6 0 51 2 0 4 4 4 8 1 
4 2 1 3 5 71 19 0 0 0 12 0 5 1 0 1 5 0 0 3 12 1 0 0 1 0 3 18 1 2 28 18 0 6 6 0 12 3 1 51 75 1 1 3 9 3 13 2 0 1 2 6 3 4 4 1 3 6 0 2 1 19 34 8 
12 2 11 3 2 6 2 12 7 323 15 2 14 6 9 51 8 6 1 0 1 2 2 0 2 8 33 244 30 1 238 1 0 0 2 0 85 6 2 5 1 14 2 63 4 28 63 1 4 6 27 3 2 8 3 0 1 0 69 4 7 0 0 1 
2 1 0 101 1 2 8 9 37 0 0 1 3 1 12 18 5 16 11 3 7 10 4 19 1 3 10 9 4 0 73 13 3 86 4 8 2 7 5 2 4 14 5 1 5 1 0 25 2 3 16 1 0 0 0 7 20 0 3 1 0 5 9 135 
6 12 9 8 0 0 2 22 7 4 7 1 0 0 13 1 0 1 22 11 0 0 3 4 1 2 7 22 2 0 1 9 2 119 8 0 28 1 18 2 5 2 0 0 1 6 8 83 13 1 3 2 13 6 1 6 3 5 17 177 6 10 4 2 
1 2 1 13 26 29 12 14 0 9 10 9 0 0 19 0 98 13 12 0 0 0 4 42 1 2 1 1 2 0 15 0 3 13 2 5 5 5 2 17 9 2 21 23 8 38 3 12 1 4 734 8 0 4 1 15 9 20 8 12 2 14 40 1 
10 2 5 6 212 4 11 6 3 31 8 1 7 8 3 5 4 6 291 134 13 0 23 1 10 2 2 0 0 106 3 6 228 4 3 5 1 17 2 1 98 0 12 7 1 5 40 7 5 0 1 3 6 1 23 5 2 6 1 1 13 11 0 33 
7 3 26 33 0 2 5 1 16 2 21 19 11 6 56 2 6 2 0 0 2 8 0 9 7 1 13 76 1 60 1 35 87 23 8 19 5 18 3 40 2 4 1 0 4 3 23 6 0 12 0 8 4 2 6 7 0 0 5 19 0 0 2 0 
2 11 13 2 0 17 4 0 3 45 2 1 1 1 3 5 0 1 1 13 105 6 37 3 6 3 4 3 3 5 0 2 5 24 8 110 0 1 1 0 7 0 38 2 3 3 14 10 12 0 2 2 23 28 47 7 1 3 6 1 0 2 27 2 
1 3 0 1 24 11 74 16 3 6 0 187 5 7 4 3 280 4 28 4 18 3 3 848 701 4 2 9 5 4 1 15 1 1 1 6 1 5 11 11 3 1 33 1 2 2 1 17 3 2 1 4 13 10 1 0 2 3 31 28 4 198 17 10 
41 65 1 0 61 1 24 3 17 0 1 40 11 53 2 22 6 8 1 5 45 27 1 6 394 8 4 27 27 0 3 23 17 1 86 1 33 0 6 353 6 3 2 2 1 14 3 6 10 42 10 1 0 0 0 5 13 9 49 9 10 2 2 26 
22 439 1 5 4 2 23 5 3 6 2 5 5 2 2 6 17 0 0 13 1 172 3 15 0 6 16 2 23 6 23 4 8 1 5 8 1 0 1 0 2 40 4 2 6 13 1 2 8 5 5 4 6 7 0 7 23 0 2 9 3 13 6 3 
10 5 3 0 7 29 16 16 1 2 0 7 5 1 4 2 8 3 3 4 2 1 13 1 0 7 6 2 803 18 2 0 2 17 1 0 4 16 8 213 0 3 2 7 3 20 3 2 2 8 2 0 23 1 123 0 2 1 2 2 6 44 8 9 
1 26 0 5 1 4 8 11 7 6 15 12 5 345 9 15 0 0 0 0 9 12 61 18 0 6 0 2 1 43 1 2 0 12 33 3 2 826 3 0 0 13 0 10 0 6 28 0 1 2 62 0 2 37 2 2 0 12 1 0 2 2 6 34 
83 0 6 1 1 13 146 4 1 7 0 0 1 5 60 3 8 22 2 9 7 18 2 0 11 6 1 6 7 1 9 4 767 3 7 2 4 7 1 8 5 1 17 3 6 2 3 77 0 8 0 2 1 2 3 1 17 10 977 15 34 272 4 15 
3 8 7 9 34 0 3 3 0 1 2 14 6 3 1 2 16 1 0 3 1 45 10 20 2 4 1 0 9 1 2 193 7 6 0 6 398 5 1 32 5 0 0 0 39 2 26 33 6 0 1 3 2 3 8 78 9 2 43 4 6 2 9 4 
0 2 1 2 0 2 0 14 27 5 82 41 17 1 10 9 9 3 22 7 1 22 1 22 6 18 27 3 25 4 1 8 25 20 2 1 1 13 1 10 6 1 5 31 10 0 16 1 1 12 233 4 5 35 5 3 549 3 22 1 0 33 1 4 
0 0 2 4 1 4 3 9 8 18 8 6 28 9 42 351 8 0 15 0 37 4 20 0 83 9 14 6 9 1 0 0 6 0 0 0 1 0 1 2 142 5 4 4 11 0 1 194 10 9 34 20 11 17 0 9 4 5 22 1 1 6 29 2 
0 3 6 3 8 7 2 16 4 18 37 3 14 2 3 353 26 1 2 5 1 10 1 18 14 18 1 4 1 7 3 3 4 9 1 2 1 16 1 0 87 3 3 13 18 6 0 1 9 0 0 1 12 5 10 2 0 3 3 0 0 2 6 2 
1 13 6 4 0 11 2 1 0 0 13 5 4 118 1 20 17 4 6 0 2 55 6 41 1 0 2 1 2 19 4 4 14 6 1359 5 7 4 21 1 22 6 6 8 2 6 11 14 11 18 3 467 1 7 5 27 2 43 2 2 55 3 20 0 
1 80 0 15 1 211 7 6 20 3 3 1 7 38 21 4 25 0 5 1 2 4 2 7 1 1 0 1 0 2 0 0 6 0 0 9 3 0 0 1 0 3 2 0 6 21 3 1 0 2 1 14 2 6 4 20 4 1 0 1 0 0 1 6 
3 2 21 4 4 18 9 15 1 7 9 2 2 103 0 2 1 1 19 17 1 17 11 229 6 0 3 3 2 7 321 0 0 2 4 0 1 9 6 8 35 24 3 0 9 1 10 0 15 0 8 8 0 1 2 8 5 215 4 5 6 0 9 24 
47 6 267 5 50 6 1 1 9 22 1 1 6 1 4 10 7 9 24 0 12 0 6 2 4 1 48 1 1117 7 32 3 3 0 1 1 3 12 1 3 7 1 1 21 4 3 0 6 5 12 4 10 4 0 4 5 29 7 5 1 2 8 12 7 
0 5 4 6 11 16 0 3 129 12 9 1 21 1 1 6 25 0 2 119 2 0 14 0 40 5 1 5 2 13 818 2 0 21 0 1 6 0 5 1 0 2 1 2 27 0 16 4 2 65 8 3 1 6 16 7 0 30 2 7 14 9 2 2 
7 1 0 0 3 14 0 23 19 0 1 8 2 7 1 10 1 5 0 0 11 7 1 5 14 1 7 14 3 9 2 18 3 0 0 0 3 0 13 14 0 0 1 28 11 14 2 1 12 6 4 1 0 43 1 0 3 4 0 5 0 1 5 29 
1 16 0 0 10 6 2 18 108 2 18 6 10 1 1 1 7 2 2 1 8 1 10 11 2 7 0 3 5 1 1 12 0 5 12 9 4 7 128 6 9 11 28 1 4 10 12 5 4 41 6 71 25 6 20 213 1 6 8 1 3 2 0 2 
337 217 1 11 41 8 63 30 3 20 1 27 4 46 8 44 0 4 1 0 73 1 0 1 16 1 14 2 1 1 4 6 1 13 0 8 2 22 2 11 1 1 1 0 8 2 2 65 19 11 11 2 3 7 1 7 1 0 39 1 0 20 1039 2 
32 0 186 0 5 8 90 4 1 2 0 0 1 13 2 3 0 2 0 2 0 2 3 6 0 1 8 3 84 8 9 79 1 1 5 1 133 2 9 22 3 0 7 6 73 18 1 8 3 3 2 16 25 8 0 2 27 1 32 1 2 1 2 144 
54 32 1 6 4 25 2 29 45 262 8 0 1 6 0 3 7 2 5 0 2 32 20 0 3 34 2 9 10 48 2 0 17 0 2 2 3 58 10 1 6 9 19 5 0 120 1 0 2 2 12 8 119 1 38 9 3 7 2 1 11 6 0 1 
5 3 8 28 2 1 5 17 1 2 1 0 5 4 7 2 3 0 4 1 0 2142 48 11 38 0 32 3 3 0 29 13 0 2457 19 8 2 11 7 2 5 2 3 9 0 12 0 37 10 4 1 19 2 9 1 1 4 22 2 4 0 5 29 0 
45 11 3 6 10 1 7 1 17 15 3 16 0 27 6 2 5 6 8 0 45 3 24 2 9 1 0 3 6 2 2 1 2 28 13 2 13 16 0 1 7 53640 7 2 4 6 11 1 5 17 4 27 3 3 6 1 7 29 8 47 5 27 5 5 
12 43 1 0 1 2 11 0 2 2 0 0 16 1 26 15 51 7 4 1 4 16 1337 4 29 1 0 5 1 4 34 1 29 123 0 14 0 56 46 5 6 1 2 1 2 0 198 3 10 3 1 1 2 36 7 5 8 0 233 17 1 18 5 5 
42 6 54 2 0 8 91 18 6 3 0 1 8 0 0 5 17 2 2 0 3 7 135 0 1 3 5 19 3 14 0 2 3 14 0 17 186 0 3 1 1 11 12 68 1 1 127 1 0 26 8 8 0 4 0 0 63 8 12 6 7 4 3 3 
1 2 4 1 1 1 58 2 1 3 13 1 23 1 0 1 6 1 2 3 5 1 18 15 17 16 1 3 6 7 5 1 6 0 1 8 6 74 4 0 1 27 7 0 6 33 2 20 1 5 26 2 7 5 4 4 9 4 10 7 3 3 4 8 
1 5 33 7 8 215 9 13 0 2 70 2 12 12 5 1 1 142 0 19 24 0 0 0 4 5 3 0 2 3 0 11 50 0 35 53 13 4 0 1 56 8 2 2 7 2 1 3 6 7 0 6 0 5 42 1 5 8 2 16 66 5 8 5 
2 3 1 1 91 0 2 0 0 7 15 1 6 13 0 10 1 1 1 9 17 0 0 1 38 8 5 48 2 3 4 7 1 0 0 1 2 2 4 10 5 2 15 11 84 4 11 0 122 9 1 1 31 12 8 1 17 3 12 0 1 25 6 6 
27 10 30 2 6 0 2 2 9 59 8 11 2 11 84 8 4 19 1 15 724 3 33 9 5 356 14 34 1 1 7 2 4 46 3 4 98 5 13 0 0 157 3 10 262 17 1 30 182 0 6 14 30 1 1 1 26 11 0 479 6 2 239 1 
0 0 2 0 1 10 1 151 0 3 34 36 1 27 10 7 8 1 125 6 206 1 36 0 0 2 50 2 5 2 10 20 6 1 7 0 12 4 0 1 5 0 2 8 5 0 6 5 1 10 5 8 1 11 3 14 7 3 7 9 1 0 4 2 
12 0 1 27 1 20 54 38 0 1 34 1 0 36 27 2 0 0 4 0 7 0 0 2 5 1 3 0 6 2 0 4 0 11 4 9 2 25 6 0 8 18 7 15 0 4 0 1 7 15 179 2 10 18 9 18 2 2 2 7 2 24 6 4 
13 2 0 4 27 15 1 2 1 0 7 0 0 1 7 4 4 3 6 10 3 4 3 0 1 178 811 0 9 6 10 11 3 44 5 70 13 1 4 7 6 14 0 10 10 3 0 0 1 23 4 9 2 1 8 3 1 4 6 0 4 1 1 0 
1 1 45 2 1 9 4 70 2 2 13 0 6 2 12 0 8 10 42 12 13 0 69 8 5 7 5 1 0 3 0 0 3 0 5 12 2 5 1 1 2 6 10 24 1 16 1 11 25 0 5 8 5 15 6 0 6 7 7 8 3 1 1 7 
1 6 0 3 3 55 1 1 89 14 1 12 4 1 87 2 0 2 0 6 0 5 1 0 7 142 27 1 30 9 0 8 16 21 8 120 10 2 6 5 6 9 41 3 4 9 0 10 11 2 0 0 4 1 16 9 9 0 25 8 14 40 2 6 
2 3 3 32 142 1 0 9 30 56 1 11 125 33 2 0 7 289 3 227 136 0 24 6 9 1 3 0 3 0 18 19 8 0 1 2 2 2 21 11 0 3 252 4 2 4 7 5 2 15 0 0 4 21 2 7 2 5 5 2 10 20 2 2 
2 0 4 0 15 0 10 632 10 1 2 2 2 28 17 0 7 2 5 1 0 4 1 13 16 1 2 0 10 18 0 0 9 4 4 10 0 3 3 2 1 4 0 2 18 0 10 0 13 11 17 0 6 1 17 0 9 56 2 2 1 0 10 2 
1 24 1 1 0 10 5 2 18 2 3 2 2 13 2 13 21 2 1 1 83 3 14 1 8 1 5 26 0 8 2 4 1 0 2 18 0 12 45 3 0 1 0 7 1 0 6 2 15 3 20 22 437 0 3 9 0 2 3 0 3 11 24 29 
15 13 27 2 1 9 6 9 4 5 2 18 13 1 4 18 2 5 0 431 1 2 143 1 15 5 0 2 0 6 5 0 3 9 0 17 0 5 1 1 6 1 8 2 14 0 4 0 1 15 9 28 16 2 4 26 4 5 28 24 0 3 2 9 
1 0 8 1 4 0 27 0 7 6 4 6 3 0 5 1 2 2 1 15 0 22 2 0 3 3 0 2 1 1 1 13 10 1 3 40 3 2 12 5 11 11 1 7 2 1 2 1 5 7 2 1 0 8 75 0 12 1 1 23 2 0 2 6 
11 1 5 1 4 0 31 0 0 6 1 138 1 5 4 6 2 175 1 6 0 1 17 3 13 1 1 0 4 4 10 17 7 0 2 4 0 0 0 5 6 3 0 0 1 10 1 10 3 0 0 26 2 1 0 5 2 1 1 0 4 6 4 3 
1 1 2 18 1 2 2 14 35 1 9 0 139 18 1 4 10 0 39 4 39 0 1 1 13 128 2 2 83 0 3 0 16 1 18 2 1 0 6 56 0 5 1 19 27 12 0 0 16 7 7 4 1 45 3 2 13 40 12 2 316 2 44 1 
3 5 1 2 9 12 3 8 1 3 8 8 0 0 4 1 23 14 2 5 8 2 1 0 41 27 25 2 1 27 1 42 1 57 1 9 6 1 35 4 0 9 16 1 29 1 12 3 0 13 0 248 0 4 25 0 2 0 17 1 0 4 6 29 
2 77 4 1 40 10 7 7 9 1 7 1 4 3 22 8 7 1 3 53 4 2 9 32 17 0 26 1 7 26 3 158 2 2 1 4 11 4 0 0 7 10 4 0 6 0 2 7 8 62 1 0 46 23 0 1 2 49 9 11 0 13 0 27 
15 1 3 1 10 23 2 1 2 12 0 98 5 12 1 2 8 3 1 6 102 1 2 2 1 6 2 3 10 12 32 1 1 44 0 9 8 8 84 1 2 1 3 1 7 6 5 2 4 2 2 1 28 0 0 16 0 22 10 7 1 26 9 14 
8 4 14 3 3 14 73 0 0 6 17 0 13 18 1 3 3 4 5 132 0 231 19 0 2 7 1 77 22 4 11 46 2 3 0 2 32 0 1 2 4 10 9 0 3 1 12 18 23 1 3 2 4 2 49 8 5 8 230 23 0 0 26 2 
0 19 6 9 2 7 4 70 2 38 23 6 8 5 1 42 1 20 0 1 348 19 21 1 3 0 10 1 2 4 88 0 2 5 32 1 7 5 2 22 44 13 0 1 6 9 4 4 8 7 11 2 8 3 13 11 54 3 0 22 14 1 0 0 
3 35 5 4 1 2 3 34 0 1 7 28 11 2 12 3 2 6 0 3 0 0 2 9 0 7 1 0 12 3 0 3 22 10 3 11 3 10 1 22 20 0 1 0 1 9 0 8 6 1 0 0 7 20 17 2 2 8 3 33 25 2 3 22 
1 0 0 1 12 40 37 0 35 4 5 0 0 4 26 1 1 3 2 231 2 2 3 28 25 3 29 8 0 67 7 11 8 3 11 2 0 2 6 6 11 2 0 2 11 3 6 6 3 0 5 1 20 1 4 12 27 3 8 2 2 3 3 724 
0 1 3 1 42 1 1 2 23 4 24 4 2 2 2 2 3 1 3 722 1114 1 1 3 5 0 91 2 0 2 5 8 0 2 1 0 9 6 17 0 340 0 16 13 3 0 35 1 10 6 68 16 6 7 6 134 0 0 11 5 2 2 10 3 
14 1 469 2 31 3 23 23 23 3 0 8 2 5 0 1 1 9 0 1 2 2 11 3 17 70 0 9 2 1 7 1 3 1086 1 15 0 2 13 8 9 3 0 23 1 3 167 1 10 2 14 3 2 1 2 62 14 2 1 0 5 0 0 3 
20 6 5 2 3 7 5 1 1 0 3 1 16 7 9 180 5 31 79 2 1 69 5 3 7 57 0 2 100 2 2 117 2 1 0 0 1 0 2 0 7 3 4 80 0 1 19 0 2 1 12 7 38 3 5 11 8 9 3 3 12 2 56 1 
11 3 18 28 5 1 0 20 9 6 5 4 2 7 21 1 0 2 4 0 7 0 6 0 1 32 5 1 1 0 5 1 0 14 0 0 2 0 1 5 8 8 11 3 3 10 10 3 13 5 4 0 29 0 2 0 3 5 26 1 2 277 18 9 
1 3 7 1 7 1 4 1 8 3 11 1 0 12 7 11 1 1 0 0 3 3 2 4 0 0 38 9 5 12 0 3 0 29 0 0 1 3 3 1 169 2 14 11 16 11 2 2 3 354 23 1 1 0 12 30 1 5 0 2 3 1 1 0 
18 3 4 29 49 7 0 29 11 0 1 14 1 16 4 6 84 11 2 1 1 1 2 2 3 8 6 3 5 9 1 7 7 3 0 4 13 4 7 27 4 21 26 0 5 0 4 3 5 6 7 2 3 0 97 0 2 4 8 10 4 0 22 1 
1 32 5 4 7 9 2 8 2 1995 6 2 10 2 1 1 0 23 4 3 3 10 2 1 18 10 0 10 0 2 2 1 32 4 74 3 1 0 22 1 2 111 1 0 1 7 0 7 11 9 14 1 1 1 16 69 1 3 8 3 1 2 0 35 
2 4 8 0 2 2 65 1 6 1 5 3 1 6 1 8 4 3 1 2 35 17 37 2686 6 14 0 0 0 1 6 2 11 5 22 5 42 44 2 8 3 3 18 7 20 22 8 10 11 1 1 1 2 17 8 11 1 67 0 7 13 7 9 1 
8 42 2 1 0 0 4 6 0 0 21 2 2 8 4 32 5 3 20 1 6 3 56 1 3 1 3 0 43 45 8 0 2 17 0 3 28 0 0 2 1 2 16 54 2 1 49 0 5 9 1 402 0 12 19 20 13 4 0 5 0 0 8 4 
5 29 5 0 42 6 0 11 3 4 2 0 2 6 37 14 17 7 16 212 22 2 11 9 10 0 0 13 1 0 0 8 8 7 1 5 2 3 1 2 0 6 1 2 1 406 2 2 6 0 17 2 4 0 1 0 0 58 7 22 576 37 0 2 
1 8 20 2 3 3 17 2 5 4 42 29 6 1 4 22 3 1 52 3 1 1 5 2 3 0 2 53 3 6 3 4 5 11 5 7 2 11 70 3 30 9 0 5 15 1 68 23 0 5 0 0 20 9 20 22 25 8 1 59 38 17 0 3 
0 115 3 67 6 231 0 7 12 4 3 8 83 1 17 5 0 3 7 2 5 39 5 4 3 0 2 3 2 0 23 378 54 14 1 3 1 1 7 5 2 2 5 8 16 3 0 1 9 7 7 33 9 4 7 3 0 1 1 9 2 1 3 0 
2 5 0 0 1 4 2 2 19 10 6 0 9 1 7 2 42 1 11 2 33 0 0 0 0 0 7 5 19 53 33 0 3 5 10 3 7 1 4 1 2 0 3 9 11 2 0 1 7 12 3 17 9 0 42 1 3 3 0 12 59 4 4 5 
11 38 0 0 94 23 0 1 13 8 5 4 4 0 12 3 3 58 5 8 9 2 1 2 2 5 0 4 43 7 7 65 2 2 7 69 19 2 5 20 22 38 4 7 2 2 35 2 0 7 4 140 32 2 1 19 1 1 7 7 1 1 9 12 
11 29 5 0 1 0 31 4 11 0 1 0 12 0 0 6 2 118 0 1 1 23 2 21 10 1 3 0 7 12 41 68 2 1 1 16 2 7 7 2 2 0 23 10 5 1 8 9 53 16 4 7 10 109 11 7 1 3 3 1 8 76 9 1 
5 1 4 2 12 0 6 16 20 2 3 0 3 1 5 50 2 1 6 381 2 3 10 14 7 4 11 2 2 7 1 15 3 3 7 0 5 1 4 3 23 0 31 15 12 7 4 5 2 0 1 1 1 12 23 0 11 1 0 8 6 8 3 4 
14 4 8 11 12 2 2 14 0 1 7 2 3 5 5 5 2 26 1 31 1 0 1 1 0 23 7 92 0 5 1 4 2 46 5 15 2 0 0 5 17 15 0 3 2 3 7 14 1 6 3 10 16 6 57 101 113 4 2 2 226 5 3 3 
15 10 1 10 111 34 9 10 2 0 7 11 49 1 9 5 4 0 0 0 8 77 13 2 11 1 65 1 31 2 9 1 34 3 6 8 3 0 8 4 26 4 2 0 19 22 0 6 9 0 4 0 5 0 54 0 4 1 18 1 1 1 2 9 
1 4 6 0 0 1 0 0 12 120 1 16 2 0 0 1 6 12 1 1 5 9 76 2 19 0 1 109 0 3 22 1 15 3 6 2 1 0 1 0 10 0 1 29 26 32 1 11 15 8 3 2 0 6 1 35 5 17 1 32 24 5 14 2 
2 0 8 3 11 118 0 1 2 20 5 6 0 2 6 0 23 1 0 10 43 0 16 3 34 11 0 628 0 2 1 0 2 21 3 0 6 18 0 4 3 2 3 23 8 1 1 7 1 11 0 2 3 2 1 1 11 23 3 6 20 1 4 14 
3 82 6 3 5 131 19 1 5 8 12 2 11 0 1 43 0 1 9 12 7 5 2 0 5 0 5 7 3 0 40 5 50 2 1 7 2 1 0 4 1 7 3 1 9 21 1 0 0 1 6 10 8 11 0 19 86 2 103 2 8 3 12 27 
6 23 1 0 11 5 13 5 11 7 6 21 6 1 0 1 0 3 10 1 0 5 6 1 2 1 2 8 13 24 9 81 969 12 6 0 11 0 2 9 6 5 4 71 4 5 1 0 1 1 3 1 0 8 3 2 154 3 1 0 6 1 4 6 
5 1 4 18 3 3 8 5 3 0 2 38 13 1 6 8 31 212 0 4 234 0 9 15 20 1 2 15 1 0 19 11 0 7 8 0 46 0 28 2 1 3 0 4 11 1 1 11 1 5 3 2 137 69 6 2 1 0 158 12 17 4 2 2 
10 18 1 1 8 4 27 4 0 4 0 4 10 19 0 3 0 0 1 2 0 1 17 3 6 7 3 12 0 13 2 0 0 2 50 9 5 18 0 3 31 0 4 26 5 2 4 3 1 11 0 1 0 2 0 10 12 0 3 6 3 16 1 0 
12 7 91 1101 7 25 1 21 0 0 5 3 0 14 0 0 145 1 0 0 1 1 1 18 20 2 2 12 0 12 2 24 0 105 4 18 11 6 2 0 4 21 2 23 22 0 2902 2 73 1 18 26 1 8 1 0 6 6 1 3 7 11 32 1 
1 1 23 3 128 0 0 15 4 0 3 1 5 1 49 0 0 286 15 18 3 10 3 35 0 72 1 48 1 7 98 1 1 1 0 18 0 0 93 2 1 0 5 3 6 2 3 3 5 1 9 4 38 7 3 0 27 8 3 0 3 4 2 3 
1 10 14 46 0 4 1 41 1488 0 49 4 1 1 1 1 718 6 0 0 0 44 0 9 22 4 9 10 30 6 0 12 53 7 4 4 13 10 24 0 7 7 3 1 0 0 3 4 3 5 3 8 4 0 1 2059 1 10 11 3 228 4 0 0 
6 21 9 2 1 12 6 2 7 6 8 42 3 0 4 6 14 2 0 9 5 1 0 13 18 9 17 7 1 1 3 0 3 122 30 7 10 2 1 6 11 6 18 4 0 0 11 11 2 12 46 3 0 35 1 9 0 1 12 1 1 12 2 0 
1 13 2 6 0 4 13 1 3 2 11 6 0 9 0 8 1 29 10 5 0 1 0 20 42 84 20 6 2 2 22 17 222 3 2 1 0 7 1 2 40 0 18 23 0 1 1 35 6 0 3 4 0 2 214 1 0 8 0 16 3 8 2 10 
8 8 9 5 88 2 3 38 1 1 2 3 3 8 214 5 5 20 11 6 2 17 3 6 0 2 4 2 2 12 1 1 24 2 5 13 1 2 0 2 0 2 4 9 9 2 371 0 3 0 0 22 34 4 6 2 22 7 15 4 19 17 2 4 
3 14 24 57 0 2 1 4 0 7 0 4 17 33 18 2 0 3 1 5 2 0 1 1 14 0 12 2 22 19 17 1 16 14 1 4 2 22 3 1 11 6 1 44 7 5 5 0 1 4 8 0 35 30 3 4 2 11 5 0 1 116 25 0 
2 0 1 2 18 3 5 30 1 9 0 2 2 0 7 1 30 19 15 3 6 0 2 0 2 8 17 241 7 6 4 2 2 8 3 1 1 14 1 10 1 1 4 0 0 7 18 6 0 118 0 1 93 3 0 2 1 0 4 3 4 42 1 1 
2 2 7 1 10 2 1 5 238 1 1 3 3 2 2 308 0 7 8 2 4 2 9 1 0 10 0 1 6 0 7 8 5 27 1 2 6 1 1 2 9 9 0 2 2 8 19 16 3 43 23 4 2 10 14 4 172 2 1 0 3 9 3 3 
24 15 13 2 14 3 0 2 3 15 21 3 9 54 4 4 4 16 4 2 0 3 3 11 13 4 5 6 0 0 1 3 0 1 9 8 17 5 4 1 3 1 2 3 5 4 11 40 2 4 0 17 4 471 0 69 0 28 21 6 21 10 137 0 
0 18 15 1 1 4 1 11 4 64 6 1 0 0 2 1 22 5 1 3 35 0 1 20 12 0 3 7 5 15 2 2 7 5 6 3 14 8 18 1 81 1 22 14 0 0 9 0 14 5 3 3 1 43 0 0 0 1 8 8 0 6 1 2 
1 7 24 1 23 7 0 3 220 0 21 1 2 1 2 55 8 1 16 4 20 4 1 0 417 4 1 27 0 15 0 47 1 5 6 3 13 8 4 4 22 10 5 16 10 26 3 0 23 6 0 0 2 4 0 4 0 17 21 7 5 3 2 22 
7 0 0 3 1 2 1 17 49 1 167 18 32 9 5 8 26 1 1 0 3 11 3 5 4 0 1 222 30 2 2 2 1 1 0 7 1 1 0 16 2 3 4 1 2 0 15 2 56 1 8 7 2 1 2 3 1 2 3 0 36 8 8 7 
1 2 9 4 8 2 12 0 29 3 2 0 10 2 5 2 1 1 3 5 1 3 0 1 1 2 3 1 90 23 1 1 2 1 2 0 41 2 5 0 2 2 2 15 2 7 0 0 4 6 0 2 14 5 0 13 42 1 8 1 25 27 5 3 
3 12 1 69 6 0 12 7 63 1 9 15 1 4 8 12 7 9 1 1 0 7 1 2 2 4 9 13 2 3 20 0 31 30 0 0 12 1 53 15 0 2 8 0 0 8 1 5 0 1 4 5 7 0 4 2 5 3 2 2 0 0 4 5 
1 4 11 8 0 37 1 3 0 0 0 0 1 15 2 1 1 18 1 3 9 1 1 30 8 28 1 14 8 2 13 35 3 0 3 1 17 3 1 24 3 23 5 12 3 24 26 0 2 2 9 5 2 1 2 0 0 2 22 0 50 10 0 2 
12 32 0 0 5 0 7 0 0 13 7 3 6 11 0 0 34 19 36 9 1 3 317 4 1 0 4 1 5 37 3 9 1 2 24 1 26 12 1 3 83 34 13 0 0 0 5 4 2 3 19 36 2 1 0 2 3 6 2 0 3 13 1 30 
20 23 0 2 2 16 9 0 2 2 4 13 12 1 2 1 1 8 1 18 6 0 3 7 0 22 8 0 1 2 3 4 2 84 6 2 0 0 14 18 5 4 70 6 3 0 0 0 7 1 2 2 2 5 2 10 311 3 48 6 6 2 3 2 
21 1 0 4 5 8 0 24 0 240 2 28 15 3 9 1 8 10 1 0 14 3 2 1 0 8 11 2 9 6 4 9 1 1 3 11 2 548 0 6 3 119 0 1 7 6 1 49 26 1 2 1 0 3 3 9 4 5 2 54 6 0 7 4 
2 1 0 5 12 9 1 2 10 4 2 2 18 2 14 1 30 2 1 205 16 14 1 11 52 1 4 26 1 1 15 25 10 1 13 10 16 0 0 1 6 31 215 27 1 2 3 1 1 8 6 36 0 3 0 0 4 4 14 3 1 13 18 2 
12 3 1 3 7 0 19 7 3 4 0 4 10 2 2 2 14 3 1 0 1 7 0 5 0 1 2 22 9 0 5 27 15 63 15 312 0 0 225 11 1 2 9 8 2 1 4 4 2 1 4 3 0 7 3 1 0 3 23 2 33 5 5 5 
0 2 0 3 47 7 1 4 2 0 2 1 4 1 3 0 0 1 13 1558 43 0 3 4 402 69 6 18 0 8 10 4 1 32 15 50 1 3 2 1 0 2 44 26 0 2 11 6 2 0 0 2 7 4 3 0 0 31 7 7 41 82 2 0 
7 0 17 9 14 1 17 6 1 0 8 5 29 2 28 5 3 7 3 6 1 1 1 2 2 11 1 5 4 1 3 15 13 1 17 2 25 3 3 1 8 0 11 6 6 28 0 5 1 0 2 11 11 4 1 5 16 0 10 1 0 5 26 0 
5 3 0 19 14 8 39 21 12 9 2 10 84 2 1 26 6 2 1 4 4 3 1 0 9 12 4 2 3 16 1 3 27 1 51 10 18 3 0 16 26 4 3 10 15 100 0 4 36 3 0 1 2 3 4 2 36 3 15 2 1 3 0 3 
2 0 22 5 13 25 6 231 0 12 3 2 15 4 35 0 3 6 2 26 3 1 2 10 2 6 5 1 4 0 69 0 0 16 41 9 2 1 1 0 6 24 14 8 183 1 2 3 11 6 4 19 3 21 1 0 1 6 3 6 1 5 1 6 
9 1 0 209 4 7 8 1 34 5 70 30 3 179 4 1 1 1 2 6 2 0 15 1 1 9 30 1 1 0 1 3 13 1 1 1 7 2 1 6 30 4 6 3 1 341 2 27 4 6 1 85 1 5 14 25 3 26 1 2 1232 0 10 9 
9 0 3 3 0 1 18 22 24 4 31 0 1 5 2 1 1 7 0 19 4 0 149 2 3 1 2 15 110 7 0 3 1 13 94 64 16 7 17 8 147 3 21 27 0 2 4 6 10 2 7 15 2 11 11 5 1 70 12 76 4 1 1 4 
1 38 26 21 7 2 6 0 8 10 0 28 10 746 25 6 4 0 2 11 0 0 0 29 1 2 30 7 3 5 36 52 5 29 228 1 30 2 11 2 4 11 4 6 26 4 0 2 6 7 7 0 9 3 1 0 3 7 1 13 2 2 0 7 
0 0 1 112 10 6 0 13 42 1 10 8 2 72 4 1 0 20 5 27 4 1 5 3 7 1 2 5 3 4 2 5 2 1 4 1 20 3 1 1 1 17 7 32 0 5 4 7 4 178 4 1 3 16 0 1 2 8 0 1 0 14 1 7 
1 8 45 3 2 14 13 1 19 0 0 90 0 9 2 3 21 2 7 1 1 0 4 4 0 1 0 1 15 5 8 11 35 5 5 7 7 2 8 0 1 0 2 6 1 1 1018 54 3 7 1 39 6 1 13 18 10 10 12 0 3 0 0 28 
5 23 3 350 5 7 0 1 175 22 3 12 7 12 15 1 0 2 11 2 0 5 10 4 0 7 0 0 1 2 17 7 3 3 3 0 106 1 13 0 4 208 8 43 25 0 18 6 11 1 6 13 7 39 7 8 1 3 2 0 1 19 0 8 
20 0 10 3 4 7 1 13 5 2 1 12 14 4 3 1 7 7 7 3 7 0 0 4 4 3 1 0 5 2 20 8 22 13 285 83 29 243 2 0 2 7 0 7 39 2 7 2 0 14 16 1 4 0 12 1 5 1 2 3 0 15 0 2 
1 2 4 6 1 2 2 4 7 39 11 1 1 1 3 1 13 6 1 2 421 11 0 5 2 0 1 159 3 1 3 10 1 21 9 3 20 6 0 0 19 94 12 0 6 0 21 24 2 25 7 0 1 7 36 1 6 2 4 0 10 0 5 4 
2 26 11 4 8 11 2 3 6 0 65 3 5 8 0 4 9 5 2 0 23 10 23 20 1 1 1 0 2 10 17 2 5 1 25 7 0 7 2 0 1 112 291 9 0 1 3 1 11 111 0 4 15 5 4 2 9 7 2 7 0 11 35 0 
18 3 32 1 6 12 2 0 4 0 12 2 3 3 2 296 14 2 6 4 0 27 809 0 11 6 0 25 5 3 0 1 3 7 9 1 1 1 23 22 1 18 58 2 2 2 10 20 1 4 24 0 4 26 1 2 29 4 0 1 9 0 1 22 
6 26 0 1 0 0 1 1 1 3 39 0 2 4 8 0 1 0 2 2 4 3 2 41 11 1 2 14 2 0 1 246 5 0 6 0 50 3 1190 1 1 14 1 0 0 1 2 3 22 9 5 10 0 16 1 99 1 0 1 2 18 8 68 25 
0 12 2 5 4 5 0 6 0 2 2 3 0 1 23 1 7 1 1 0 1 0 0 8 1 0 9 0 4 1 1 0 2 14 2 1 0 4 22 3 12 6 17 5 2 3 1 3 155 2 8 5 10 25 0 74 0 0 432 9 2 2 2 8 
3 0 2 1 7 3 8 4 1 3 9 0 11 8 3 3 2 7 6 8 1 6 1 5 1 5 0 18 33 11 53 14 0 6 2 18 11 34 35 5215 16 6 2 11 3 32 3 0 1 4 67 2 9 4 76 4 1 3 3 17 4 6 0 99 
8 11 4 8 0 11 233 27 0 2 3 0 1 1 0 3 9 0 1 1 9 3 8 7 7 1 0 12 8 15 3 37 1 34 13 8 4 0 143 17 0 14 15 0 6 9 11 1 9 2 2 1 1 1 19 61 3 8 5 0 2 21 22 0 
1 21 13 0 10 8 23 4 10 0 4 2 2 8 5 2 1 0 6 1 4 1 21 14 4 16 21 25 3 4 1 4 36 18 6 5 39 4 0 7 15 127 18 13 1 5 2 6 2 0 3 11 6 89 18 0 0 5 12 110 2 8 6 0 
20 1 0 60 13 10 349 33 10 0 28 1 7 1 5 0 10 51 628 17 0 13 1 0 2 6 9 3 2 8 0 3 28 3 2 2 9 8 0 1 5 12 7 5 1 1 8 0 10 10 0 1 6 3 8 6 0 10 2 26 1 58 3 11 
41 1 20 0 8 2 4 1 3 14 24 0 0 1 1 1 1 5 1 10 20 5 23 2 1 5 160 13 369 7 2 58 0 9 0 10 2 0 11 6 10 0 106 9 28 6 2 3 7 3 2 55 89 67 23 1 1 5 23 0 10 4 0 14 
0 6 1 2 7 0 23 125 3 7 10 3 1 19 1 4 12 2 18 5 12 2 1 110 6 3 1 5 1 13 3 2 1 2 1 30 24 0 9 13 0 20 8 8 1 4 2 4 5 79 3 1 7 8 12 4 15 5 10 11 6 537 13 2 
0 16 4 1 14 0 2 4 9 0 21 61 1 0 2 0 0 1 0 2 1 10 1 1 1 9 5 13 1 13 0 0 1 12 3 2 6 0 505 9 52 2 13 7 0 7 25 4 6 4 2 7 0 43 1 7 7 4 9 0 8 3 9 9 
1 0 30 4 1 121 1 2 6 2 4 5 50 1 2 25 1 0 10 1 14 1 6 30 21 3 1 4 0 0 35 10 4 28 1 3 1 2 2 10 0 16 12 8 1 14 15 25 12 14 8 26 6 0 2 8 25 2 1 1 14 7 5 2 
1 43 0 6 45 0 8 3 22 13 1 16 1 39 10 103 16 4 202 4 1 1 1 1 2 16 3 6 1 9 2 0 0 1 0 14 10 1 0 0 7 81 7 4 0 1 8 2 1 1 2 2 3 14 0 4 6 19 4 4 2 2 39 1 
7 0 5 0 4 5 0 106 41 2 26 0 9 5 10 11 6 25 1 5 2 3 0 1 8 12 0 17 1 33 136 1 2 0 53 18 2 1 28 1 1 0 2 18 7 2 4 3 7 21 4 2 8 1 24 2 16 9 29 0 8 3 4 7 
1 30 8 59 26 3 63 23 0 1 8 240 8 1 8 25 0 6 9 0 1 0 14 9 1 1 8 42 4 1 5 2 1 8 3 2 6 3 4 17 12 2 2 0 6 0 5 18 13 0 2 5 8 10 5 12 38 4 27 1 2 0 1 6 
1 4 7 1 7 2 0 5 11 10 11 1 2 2 4 30 0 2 5 17 1 1 9 8 3 1 4 2 2 0 2 0 2 0 4 7 0 4 1 0 2 56 5 1 1 22 1 9 2 3 31 7 124 34 5 8 14 7 102 0 10 4 40 54 
0 2 1 1 1 2 10 3 0 6 2 1 198 1 5 1 4 208 2 7 1 495 0 2 1 0 2 92 12 8 8 3 2 5 2 3 1 254 7 2 3 11 1 4 4 34 49 0 20 0 10 3 0 0 7 1 14 3 3 17 70 11 135 0 
0 11 11 0 1 3 7 5 3 1 8 2 1 1 0 0 0 1 197 24 1 6 3 2 0 0 6 0 1 20 32 5 4 7 23 1 10 10 1 5 1 1 26 0 2 0 8 0 26 15 1 11 1 0 0 4 0 2 799 5 0 9 1 4 
7 2 25 3 3 0 27 4 18 3 5 1 45 2 13 12 2 0 0 0 0 3 1 4 16 0 61 77 0 8 9 4 1 1 6 13 5 3 1 2 1 2 4 17 4 4 3 1 30 0 3 12 178 1 41 23 0 7 36 1 47 1 3 11 
4 13 6 5 122 3 20 1 2 229 1 4 0 0 5 1 10 6 0 6 3 0 16 0 5 0 4 1 16 107 6 16 6 0 5 0 10 3 3 3 13 10 26 34 2 8 10 25 14 59 1 1 0 6 1 0 1 15 2 1 8 6 1 11 
6 0 0 7 21 1 6 24 5 0 1 15 9 15 83 28 2 2 8 260 1 11 1 35 33 12 62 43 0 390 11 0 4 2 2 10 3 3 0 1 2 9 2 11 2 2 2 5 33 5 3 5 3 1 4 2 1 9 0 7 5 0 5 3 
0 8 3 0 0 169 4 3 3 3 1 8 1 0 30 25 10 0 1 0 2 12 4 0 4 1 21 4 4 1 52 5 1 5 0 11 17 19 2 21 6 2 8 7 104 10 3 5 2 59 1 0 0 10 14 2 7 308 47 6 0 0 10 8 
1 10 25 3 10 4 1 1 37 26 1 4 7 12 2 30 0 34 1 6 10 5 1 32 0 0 2 3 0 455 15 10 1 2 8 1 0 7 1 24 2 1 81 24 17 5 4 6 0 4 0 2 1 3 18 6 0 1 29 2 10 1 0 14 
0 13 38 25 3 16 2 40 1 47 2 2 219 21 5 5 1 28 6 7 2 3 9 2 1 408 2 0 1 10 9 1 1 3 4 3 9 10 7 0 199 8 0 2 27 5 7 51 7 4 1 0 16 1 72 0 1 11 2 2 1 2 7 2 
13 3 6 8 14 7 1 22 25 0 11 20 8 11 8 1 45 9 6 4 6 2 7 2 17 6 1 2 3 263 5 2 9 10 1 27 1 13 6 0 1 689 0 1 3 1 1 9 1 3 5 1 3 1 20 1 6 7 16 12 0 1 0 0 
12 68 0 23 6 0 3 29 1 0 1 0 5 3 25 1 18 1 3 10 1 1 0 11 3 3 11 2 44 4 15 7 2 0 7 21 1 1 15 2 4 1 1 2 0 25 26 2 2 0 1 14 3 0 28 12 4 2 0 200 0 5 1 0 
9 1 9 8 2 0 122 3 1 5 0 4 44 45 0 1 8 33 7 5 47 2 19 0 5 4 8 0 16 5 10 0 13 8 7 12 0 6 151 50 15 6 2 3 0 16 38 68 155 4 6 9 0 3 6 5 15 1 0 23 5 0 1 1 
2 2 0 3 8 259 0 1330 2 0 3 0 27 16 191 19 0 1 1 2 0 2 19 22 1 688 3 1 1 1092 22 8 3 5 17 0 7 11 8 10 5 5 2031 10 1 2 5 1 3 1 1 7 2 14 51 3 1 1 1 14 0 24 9 3 
3 4 46 1 4 29 1 1 0 4 8 1 4 1 1 6 1 11 9 6 1 1 4 10 2 36 6 5 0 8 13 0 19 3 0 0 4 0 1 12 38 5 5 4 1 46 2 10 2 5 1 3 2 8 3 0 1 12 4 242 12 25 1 2 
10 3 1 1 6 0 2 1 1 24 3 9 12 5 17 2 23 2 16 0 1 7 55 0 31 4 71 3 0 4 4 3 6 53 19 22 0 0 5 1 13 0 2 3 4 9 367 1 25 0 6 5 8 1 1 1 18 17 10 1 2 36 1 31 
1 2 8 2 0 0 1 0 10 28 6 27 6 12 3 4 4 51 1 0 1 1 0 2 19 3 1 6 0 9 3 6 0 35 6 0 17 5 3 2 2 7 1 61 0 2 3 2 14 5 0 0 2 125 4 0 5 8 11 15 0 0 1 16 
30 21 15 5 1 17 0 5 0 2 4 45 410 5 85 1 2 10 3 13 0 23 2 5 1 1 1 61 1 3 0 53 7 3 0 0 7 25 4 0 17 8 56 1 1 6 1 0 3 4 4 29 35 29 0 2 12 0 1 53 9 2 1 0 
26 0 0 40 2 3 18 1 0 3 42 16 3 3 3 23 15 25 3 38 2 5 0 0 5 256 2 13 29 6 3 0 19 1 8 18 0 3 7 1 0 2 3 2 9 7 8 1 0 0 16 9 25 0 0 3 3 0 2 4 2 4 20 301 
5 6 116 0 7 1 8 3 33 2 2 7 16 16 1 0 4 3 105 11 4 1 0 9 2 9 0 9 4 27 3 3 0 10 16 1 1 19 39 2 1 1 0 0 0 4 1 0 14 0 14 9 1 9 10 0 2 0 3 7 0 271 2 7 
10 18 2 3 2 1475 2 1 2 2 3 6 4 0 39 13 0 1 15 0 2 0 0 140 10 120 17 1 2 1 1 19 0 35 3 1 0 1 1 2 2 10 2 0 89 2 56 24 3 2 6 0 4 58 81 1 18 2 3 4 1 1 14 23 
0 4 4 1 7 5 1 3 0 0 1 5 16 32 1 1 12 3 8 0 1 18 20 21 1 5 5 17 10 9 78 5 1 10 3 3 0 3 0 6 8 6 3 0 3 0 7 1 0 1 1 1 0 593 8 0 2 6 2 2 3 1 6 9 
0 31 56 7 0 10 8 25 191 166 12 1 0 24 39 9 1 3 3 6 5 1 24 2 1 1 0 4 2 0 5 1 12 3 0 44 14 5 23 2 0 41 0 21 2 12 0 8 4 9 0 11 4 1 0 0 0 313 12 1 1 0 0 14 
1 7 23 4 0 9 2 1 2 42 49 29 6 2 1 9 2 2 21 8 2 12 9 1 2 10 2 46 18 2 32 24 3 703 4 2 4 1 4 3 0 1 12 26 11 1 1 5 14 5 102 6 4 0 16 2 1 40 11 197 22 0 0 4 
6 4 4 0 7 2 2 2 9 1 5 13 0 472 52 192 23 2 4 136 70 19 7 0 0 2 6 4 2 12 1 0 1 3 35 18 2 0 1 0 12 1 0 2 31 1 11 0 0 1 17 2 19 15 1 6 2 14 1 7 0 29 0 13 
8 1 15 17 0 9 11 0 4 10 10 2 3 4 3 1 0 11 8 0 0 7 3 6 0 0 0 0 2 87 3 307 3 6 2 1 2 1 11 60 5 4 1 2 21 0 4 5 3 8 3 5 70 9 1 3 4 30 13 7 13 32 4 2 
0 3 25 20 3 0 3 23 2 3 15 6 3 20 2 0 2 65 9 1 3 9 6 14 1 2 9 10 0 3 8 11 3 11 0 1 5 14 4 67 32 0 2 8 0 2 6 11 1 1 1 1 11 30 2 3 12 2 0 5 0 1 2 2 
4 0 128 0 16 3 1 5 0 24 5 448 6 0 1 1 1 1 3 2 1 0 20 1 10 8 3 7 4 45 2 2 4 4 0 7 8 0 3 2 23 2 27 1 13 1 2 8 2 9 13 2 0 21 8 7 7 1 42 10 0 6 4 4 
1 1 6 16 0 0 2 5 6 1 30 5 10 3 25 0 0 1 0 8 16 34 0 40 2 6 8 3 7 2 111 2 7 3 1 3 9 1 2 7 6 3 1 2 4 32 3 0 4 12 1 10 2 3 43 4 10 14 4 35 2 4 1 0 
37 8 2 2 9 0 0 7 27 227 2 9 14 0 19 0 45 1 4 8 0 1 10 0 0 0 6 4 4 0 220 1 1 12 3 12 27 5 0 11 2 1 8 3 22 28 78 9 6 1 16 5 6 2 25 35 1 5 11 4 2 16 2 3 
9 2 1 47 5 22 26 46 16 14 2 1 28 17 0 7 6 4 0 7 41 4 18 6 11 5 0 2 4 13 1 4 10 3 25 2 19 2 5 1 2 6 5 9 0 2 6 19 8 4 199 14 99 9 31 43 3 1 10 2 4 1 0 1 
2 1 1 2 4 2 2 0 17 55 1 2 175 2 4 78 1 12 3 2 14 3 16 9 59 4 19 3 0 198 3 2 116 10 7 3 0 1 11 39 34 0 10 0 2 4 13 2 1 4 2 1 34 4 0 0 3 0 7 2 3 4 1 413 
1 6 3 2 27 8 3 1 2 0 2 3 3 2 6 7 8 1 2 0 12 6 5 23 11 2 3 1 4 9 34 15 178 0 1 1 1 1 2 22 0 24 0 6 4 0 2 1 13 9 8 67 0 31 3 102 3 21 0 6 7 78 4 3 
1 1 7 19 0 8 2 0 11 3 3 5 0 8 33 10 9 3 15 15 8 0 25 96 27 3 6 0 7 0 0 1 4 14 3 2 3 14 22 28 11 5 14 6 11 12 1 2 4 0 69 0 1 8 8 11 34 1 2 0 31 15 4 24 
0 2 1 2 13 5 30 7 3 38 4 19 7 1 9 0 16 14 8 29 6 1 3 1 0 4 1 22 11 31 9 9 2 36 0 3 1 36 55 9 1 3 0 8 0 4 11 0 1 0 2 0 5 14 1 1 2 1 5 102 5 14 1 7 
17 27 16 4 15 3 4 53 130 4 9 8 3 2 0 3 0 1 3 54 2 75 1 4 16 2 46 11 0 9 13 7 0 5 9 6 19 1 2 13 0 21 5 0 17 3 7 1 1 1 17 1 5 8 1 11 1 2 1 4 3 3 1 8 
3 1 10 2 4 4 0 1 5 1 11 0 2 3 1 37 22 2 103 47 4 4 36 0 2 1 1 621 49 0 9 3 7 66 7 1 41 0 0 0 0 2 5 1 9 313 14 20 21 67 0 2 1 6 4 0 2 14 22 1 7 1 204 7 
2 0 14 4 1 0 10 3 0 10 3 35 0 14 7 8 1 38 22 1 11 1 13 1 0 0 3 52 20 4 1 1 0 2 12 0 16 1 6 1 4 0 1 4 0 4 11 3 2 6 17 0 4 87 0 6 2 18 6 2 1 3 1 0 
11 1 0 0 4 1 24 6 1 13 3 15 10 3159 0 4 4 4 0 0 2 3 1 3 2 2 1 9 0 14 3 28 1 7 1 4 5 0 1 3 25 1 10 0 3 0 27 1 2 1 60 0 126 1 1 30 22 5 0 11 0 4 3 43 
0 2 0 8 0 16 8 0 3 26 21 8 4 3 16 11 37 4 18 6 0 0 1 3 4 1 5 1 28 0 3 2 7 1 4 69 10 2 14 10 20 9 0 6 1 0 9 4 5 8 52 2 75 92 55 10 7 3 18 28 0 2 0 5 
32 4 3 1 0 2 0 2 5 2 51 13 0 2 0 0 7 3 0 0 18 1 1 0 3 30 0 2 273 29 11 2 1 11 25 6 19 0 1 4 7 1 1 0 143 1 0 0 10 0 0 1 25 1 0 0 0 14 12 1 0 20 0 42 
1 37 1 4 65 0 1 48 0 2 1 4 2 1 3 1 7 3 11 16 7 0 1 50 13 0 1 0 1 11 1 0 5 11 7 41 5 14 4 0 0 28 12 4 7 9 0 3 1 13 8 3 0 8 10 0 1 1 3 2 1 1 2 7 
4 1 1 1 170 77 1 14 0 0 1 7 2 33 4 0 1 0 6 0 21 2 10 2 1 2 26 0 1 7 309 2 5 14 32 2 0 7 1 23 3 1 0 12 3 1 25 110 10 41 35 3 2 6 1 1 3 18 14 0 1 4 9 9 
2 4 3 10 0 6 10 40 1 2 24 1 5 0 3 4 2 2 1 42 0 32 2 10 1 1 0 15 10 3 8 11 7 19 2 1 2 4 1 75 3 2 2 0 2 0 3 30 6 4 2 0 0 36 7 12 32 1 24 1 16 3 0 0 
7 9 30 19 14 22 5 0 29 50 11 37 13 2 4 1 0 2 4 2 0 6 4 3 0 6 2 0 1 2 9 10 1 0 8 3 2 3 0 2 2 7 0 9 3 97 11 37 13 5 3 1 12 0 16 2 6 1 7 12 7 9 2 2 
20 1 0 18 1 1 179 3 0 111 47 21 36 0 22 1 3 0 0 0 8 2 60 430 0 9 1 2 1 12 1 18 0 69 0 3 5 2 0 2 2 8 2 2 3 1 5 1 5 1 72 19 0 0 9 82 9 3 32 3 224 8 21 10 
0 6 86 4 30 13 50 11 4 3 0 48 26 24 0 44 0 6 1 0 16 1 7 4 1 5 1 1 1 9 32 0 8 3 2 12 8 0 2 3 0 13 8 3 2 1 0 16 7 10 0 1 1 278 157 9 13 1 5 7 203 28 1 22 
4 0 100 1 1 0 3 2 8 0 24 14 12 0 3 16 2 6 33 1 5 11 1 298 3 10 0 2 4 3 1 9 3 1 1 8 3 0 0 6 11 8 1 7 10 25 8 0 4 5 24 83 2 6 2 0 7 421 1 11 82 3 6 3 
9 12 0 9 0 1 2 4 6 0 4 0 1 3 1 4 10 54 25 4 12 19 1 307 1 145 44 0 7 1 6 1 3 3 6 10 196 1 1 1 16 4 2 7 17 31 3 18 4 0 54 1 45 0 2 2 4 10 1 8 1 6 130 1 
9 4 5 0 0 7 19 1 1 5 0 1 0 4 61 0 0 6 3 13 8 0 2 2 1 1 21 1 0 26 0 1 2 0 7 2 59 18 22 5 20 3 12 0 0 3 3 0 197 6 10 70 3 7 0 29 21 13 0 3 0 1 3 6 
0 23 0 0 3 4 2 3 1 2 0 9 2 4 8 36 3 1 2 74 2 2 8 2 12 7 3 2 0 6 1 1 3 2 13 7 7 4 0 11 10 22 1 9 14 1 17 1 1 0 0 2 23 1 6 1 10 64 4 20 5 1 1 33 
1 14 9 4 1 1565 1 8 4 2 3 6 1 1 2 34 1 7 1 3 7 18 2 0 0 8 12 13 9 0 15 4 7 1 151 5 5 7 0 1 2 15 1 267 0 20 2 3 38 36 51 5 37 1 3 0 4 5 29 7 0 2 2 18 
8 1 7 19 16 0 1 6 11 7 1 6 2 5 5 9 11 1 2 1 2 2 2 9 2 1 1 0 37 5 1 12 4 2 11 53 0 1 1 48 4 5 2 4 1 11 2 14 25 39 92 3 3 2 45 4 1 5 387 80 0 29 12 8 
0 31 89 2 8 3 10 3 3 16 12 0 11 2 5 0 0 2 0 0 24 30 31 7 4 15 24 404 1 2 1 6 11 1 0 6 2 1 12 30 1 0 1 17 12 0 1 3 1 2 17 8 6 30 0 0 0 1 10 0 3 6 2 2 
0 1 1 7 1 12 4 37 3 3 0 2 10 0 0 1 1 0 3 409 7 0 0 10 6 0 425 15 0 11 35 4 1 6 51 0 6 1 4 0 1 2 5 3 5 3 44 2 3 6 1 9 8 0 0 3 36 28 2 1 30 22 5 0 
3 0 28 2 0 4 55 2 0 10 1 21 0 23 1 6 45 8 4 2 13 1 1 2 1 0 5 1 11 7 10 56 27 237 5 1 0 0 2 2 1 1 4 6 8 2 1 2 8 13 0 9 0 2 11 3 0 1 2 9 7 3 1 9 
12 1 0 33 0 12 23 6 8 55 1 6 195 2 0 3 10 3 1 4 2 5 6 419 4 47 0 49 3 1 4 9 37 9 16 15 6 49 19 0 1 22 0 5 12 1 14 6 7 2 15 6 133 0 1 2 6 6 17 2 10 31 6 4 
8 2 38 1 4 1 1 10 2 5 6 5 1 18 0 4 3 9 122 1 33 4 2 6 23 2 4 1 146 9 4 1 15 5 3 9 22 17 10 3 0 10 1 0 1 1 0 2 0 0 7 1 2 2 254 82 174 2 1 0 1 4 81 0 
20 7 11 2 1 214 3 1 2 5 18 4 1 4 10 30 11 8 4 33 2 6 8 0 1 3 5 3 4 1 3 5 15 0 12 21 2 115 6 16 2 20 0 11 10 1 16 2 21 0 36 3 4 1 3 5 7 5 0 9 1 0 6 7 
8 8 30 4 0 0 1 30 31 0 1 3 17 9 3 12 3 5 1 48 3 7 3 35 2 1 8 4 7 3 2 11 1 12 20 1 48 7 6 4 5 12 3 5 0 10 2 2 4 2 1 29 0 7 26 11 6 0 3 2 0 1 0 2 
1 4 5 35 10 0 3 6 11 5 16 10 76 1 4 3 7 3 13 28 4 8 1 8 3 5 1 26 0 0 4 5 9 3 0 4 0 10 5 2 4 14 0 0 2 0 0 1 15 5 1 2 1 2 121 3 9 79 2 3 7 10 11 2 
43 72 0 5 91 5 10 31 1 0 4 7 1 2 24 2 12 1 1 37 0 12 9 29 0 1 9 12 4 1 0 2 8 2 2 4 1 0 2 1 39 2 4 2 0 911 4 5 87 1 6 8 11 1 15 0 6 3 3 1 6 6 0 12 
12 3 7 1 6 4 22 8 8 5 9 6 5 4 8 1 1 70 0 12 7 1 13 0 5 3 3 18 67 2 29 1 1 5 3 10 8 0 11 8 4 3 10 12 0 1 10 4 11 9 3 4 28 9 15 0 1 1 5 0 1022 29 1 1 
1 0 15 4 2 5 8 2 1 4 2 10 2 14 27 1 0 1 7 3 2 0 10 0 4 4 2 0 1 1 4 1 19 5 9 34 0 13 25 1 1 0 4 9 21 1 18 1 2 0 2 1 5 3 8 52 65 1 0 18 1 6 6 20 
478 13 3 3 10 2 0 6 1 0 0 13 3 1 5 2 20 0 4 81 1 2 27 13 2 1 12 1 16 5 2 13 2 0 0 1131 9 3 1 0 2 22 9 8 103 41 6 0 15 18 22 80 2 0 2 1 6 1 14 5 30 3 2 87 
28 7 9 28 1 8 0 2 3 18 6 0 8 21 0 0 1 7 1 18 3 31 3 31 4 0 1 53 1 0 5 10 1876 1 104 3 48 3 5 21 7 1420 1 1 1 63 5 6 0 13 0 0 26 0 0 15 120 0 1 0 2 11 0 2 
88 0 1 3 1 15 0 3 2 14 1 3 18 1 4 7 20 1 57 20 24 12 1 3 24 2 1 5 0 6 169 13 3 1 0 4 2 0 19 32 29 0 8 25 0 2 0 0 0 0 1 0 11 26 4 10 5 2 0 121 73 0 4 2 
48 0 3 1 4 0 3 1 2 0 5 10 2 2 7 2 4 1 8 2 2 53 215 30 1 7 9 5 26 1 24 20 1 1 1 2 30 21 0 1 2 1 1 9 11 6 147 61 13 7 1 2 7 123 5 0 4 6 0 8 1 2 6 16 
10 5 4 0 5 0 30 33 2 2 12 2 148 76 22 34 251 6 4 0 57 1 0 3 1 1 7 36 1 5 10 1 1 2 1 2 5 14 8 2 4 25 89 330 7 2 1 6 7 23 28 7 10 4 3 1 1 12 1 3 0 18 0 3 
3 4 13 6 0 1 1 28 24 1 0 18 1 0 21 8 314 1 2 1 4 23 151 3 3 3 31 2 1 1 8 1 2 0 10 1 0 32 5 3 1 5 6 1 94 3 6 1 0 1 1 3 1 2 0 20 0 1 0 7 7 8 3 7 
103 23 2 3 6 0 1 3 7 19 65 42 224 2 14 0 0 1 1 8 2 2 2 31 0 1 4 4 3 2 2 3 12 0 469 12 0 12 0 0 0 2 10 30 3 0 1 5 1 26 1 0 1 4 1 10 1 1 8 5 6 1 1 4 
0 1 9 19 17 4 7 8 18 0 30 10 6 307 7 3 0 19 14 2 2 8 3 7 3 4 6 2 8 8 11 11 3 0 2 3 160 10 1 3 7 7 142 0 26 2 0 7 10 2 0 0 2 10 18 1 12 3 4 109 3 8 1 4 
25 7 0 0 7 15 2 0 2 31 0 0 6 15 5 6 7 39 3 11 2 3 13 9 13 11 31 5 58 2 2 255 9 1 0 3 2 19 0 31 7 37 4 2 0 0 0 6 3 4 10 1 2 21 1 5 2 0 0 2 1 8 3 1 
7 26 0 2 1 7 15 7 0 31 1 33 9 4 14 2 5 0 2 5 0 12 10 0 5 1 6 1 4 31 104 165 27 1 4 11 14 0 2 5 0 0 0 1 4 1 0 75 9 8 4 0 46 4 0 9 19 21 8 22 7 40 5 6 
14 20 0 5 4 11 4 24 3 4 0 5 29 0 0 306 4 0 0 2 0 0 0 42 3 1 0 0 21 21 0 229 7 6 62 17 0 8 11 9 4 71 26 2 4 1 1 0 0 6 4 0 0 8 1 24 3 3 4 9 1 123 0 8 
32 4 2 1 7 1 7 5 2 0 37 1 1 0 5 2 13 9 0 78 6 1 18 3 0 0 2 24 4 11 0 16 15 18 1 0 32 0 3 207 35 1 9 12 0 3 12 9 1 3 0 1118 0 3 34 5 6 1 1 7 4 3 7 0 
3 3 7 51 0 29 9 16 4 0 0 4 3 3 1 28 1 3 0 1 81 46 4 0 1 0 5 20 1 1 1 6 2 2 9 6 4 4 104 4 2 8 0 0 6 2 2 1 11 2 0 22 6 17 6 5 1 2 8 8 405 6 6 3 
41 32 43 8 4 5 26 1 10 1 15 1 3 1 5 3 7 2 3 3 2 1 1 22 9 36 0 11 0 4 3 2 0 10 0 0 15 10 8 13 0 10 7 6 15 14 8 0 0 1 0 11 5 121 3 25 110 3 6 0 2 8 21 66 
0 6 2 11 16 26 16 1 4 6 0 0 3 14 2 1 1 4 0 14 4 10 21 0 40 7 19 0 0 10 44 2 54 6 24 0 2 0 1 9 0 3 1 1 7 4 0 0 6 35 1 16 14 2 61 8 0 4 0 5 5 1 0 3 
115 9 36 8 1 0 17 0 31 17 10 3 5 1 6 13 3 106 6 0 11 1 12 16 17 3 34 2 9 8 78 1 6 0 580 17 1 1 11 6 1 11 0 0 2 18 12 1 0 0 1 0 14 34 58 41 5 0 12 4 9 13 2 0 
6 0 1 5 7 0 2 2 2 1 12 4 0 99 1 0 1 0 3 2 0 1 6 2 3 7 11 20 200 355 6 19 0 3 1 3 30 10 2 3 2 2 10 11 2 25 19 7 8 1 21 1 0 1 8 4 1 14 6 1 2 6 1 0 
4 9 11 13 4 3 1 4 1 10 0 1 0 30 9 4 5 1 4 2 9 8 1 3 8 1 9 7 2 1 2 16 10 63 18 5 369 9 25 16 5 0 12 6 0 84 6 2 1 1 1 1 3 594 1 2 4 2 23 10 5 149 7 1 
12 33 0 3 1 1 1 5 4 4 1 26 6 0 9 1 10 5 0 8 2 9 2 2 0 32 15 25 0 3 8 0 0 2 4 47 11 1 2 9 0 76 6 1 5 1 1 4 2 9 97 1 23 0 30 24 6 7 10 0 5 4 11 2 
22 10 6 18 8 1 0 245 6 0 0 23 70 52 13 19 3 2 0 0 50 18 15 1 2 1 5 7 0 8 3 0 7 5 2 0 1 32 25 10 1 5 8 6 8 1 25 18 1 1 8 229 2 55 30 2 2 5 1 25 3 80 231 0 
4 4 12 58 2 2 65 2 3 2 0 7 13 3 13 63 14 8 10 2 5 1 13 10 30 3 0 0 22 1 0 6 1 0 0 37 1 2 7 1 1 30 4 1 0 3 7 1 0 11 2 5 12 1 1 35 1 9 19 2 12 25 56 40 
2 2 9 2 4 4 12 3 3 6 3 11 11 0 6 1 25 6 1 3 18 1 4 28 6 2 32 0 4 2 4 2 5 4 5 0 101 0 15 2 0 2 290 5 9 2 2 1 62 6 13 5 5 44 7 34 1 43 9 13 16 1 8 16 
2 0 12 1 1 3 0 0 13 4 2 0 4 1 3 2 31 3 1 15 5 4 8 0 0 13 9 15 2 3 4 3 13 12 3 0 1 4 5 4 0 2 10 8 28 1 3 1 9 1 12 0 31 2 6 0 7 10 2 1 8 6 11 27 
1 19 0 68 1 0 9 25 11 14 1 1 1 0 8 2 6 0 8 2 2 2 56 6 5 8 9 0 1 0 3 30 24 0 1 6 2 4 2 4 3 0 79 1 18 4 0 2 2 9 59 4 41 3 7 0 6 13 34 33 3 10 77 1 
35 54 3 2 2 2 2 7 6 2 13 50 11 2 2 1 0 4 0 44 3 1 2 22 8 3 1 12 32 16 3 12 89 6 1 0 10 23 6 0 7 46 23 3 0 1 1 0 1 1 3 43 2 3 0 0 2 6 1 3 2 0 1 1 
7 62 4 4 2 23 1 9 26 10 5 1 2 0 4 17 5 1 18 5 5 2 1 1 7 0 1 2 1 1 1 23 1 28 11 79 1 16 15 9 32 4 15 0 10 105 35 1 0 13 7 2 4 3 16 45 4 5 5 0 3 0 0 2 
0 4 14 14 9 29 6 3 0 8 33 3 27 5 2 9 5 5 3 2 3 13 4 9 19 1 1 5 1 82 3 4 6 1 9 1 3 4 5 13 203 2 5 11 0 48 4 1 0 6 0 4 2 1 1 3 1 3 2 7 3 4 1 8 
6 0 0 1 1 90 0 14 3 209 28 69 7 0 0 2 24 3 118 3 1 5 8 0 0 0 11 20 11 0 1 11 9 10 7 0 7 9 1 8 0 2 6 0 4 0 0 1 2 1 56 7 3 1 22 0 38 5 17 0 3 2 1 21 
6 2 5 1 1 54 2 0 15 2 1 228 0 4 9 50 91 186 1456 0 24 35 1 2 19 4 4 10 6 4 0 1184 93 0 11 4 6 10 1 6 3 5 4 2 3 9 0 0 13 4 1 7 0 3 1 2 196 3 10 33 11 0 2 4 
2 3 10 0 4 4 6 22 22 9 0 37 0 18 0 5 0 2 5 0 0 22 1 2 2364 5 2 1 3 12 13 1 9 2 1 11 3 11 3 2 7 4 5 2 2 14 4 3 6 0 1 3 0 2 0 0 0 0 0 5 153 4 1 0 
3 1 1 0 1 5 56 52 32 1 9 1 1 0 897 3 11 4 2 2 6 22 2 29 6 58 6 0 16 7 4 1 0 16 2 1 5 22 3 43 5 37 2 4 5 0 3 17 1 20 15 2 2 33 6 42 0 1 10 8 0 7 0 13 
4 0 11 6 15 3 3 36 6 0 0 0 3 14 9 5 1 2 44 23 0 0 0 23 16 17 0 5 4 14 8 1 2 7 3 1 0 11 38 2 9 1 41 7 1 1 0 11 3 2 15 3 1 0 0 14 29 3 1 1 2 0 10 1 
41 8 1 0 1 85 49 80 1 10 7 0 17 11 5 73 20 0 2 1 35 2 28 0 9 1 2 3 5 0 5 6 630 1 83 4 3 14 3 216 1 0 10 12 9 0 2 1 0 3 0 7 6 10 1 3 3 44 7 5 8 12 2 2 
10 211 12 11 1 1 2 2 17 1 0 163 0 0 6 31 0 3 0 9 5 12 1 1 0 15 18 4 6 15 8 1097 3 6 0 47 1 2 0 41 0 9 3 5 5 90 26 5 10 2 1 5 34 2 14 10 0 1 3 1 1 0 1 2 
4 0 0 14 1 1247 1 1 3 2 10 19 1 9 7 32 45 232 3 2 8 30 17 1 3 7 1 27 2 3 6 69 13 9 13 0 10 3 132 19 31 8 0 22 10 1 1 96 2 4 0 209 1 12 10 38 18 0 1 0 15 22 2 1 
1 6 91 23 0 25 3 1 7 1 501 1 4 0 0 0 5 3 1 3 43 7 0 26 10 98 0 43 9 1 0 34 39 72 9 5 9 0 7 9 1 27 7 0 69 2 0 3 1 5 3 9 7 0 9 21 10 2 2 0 0 1 4 0 
1 12 51 8 28 6 5 6 5 1 0 6 0 15 6 11 11 11 27 0 3 0 0 28 0 5 5 14 8 11 1 37 0 2 6 8 0 5 7 6 2 9 2 3 1 2 4 1 0 3 475 1 0 4 49 0 12 5 3 25 3 0 4 145 
23 2 7 2 29 0 14 7 0 22 1 0 53 4 4 2 13 4 33 1 7 0 10 13 14 33 1 26 9 7 1 7 6 10 5 0 132 4 10 5 4 1 0 0 2 1 5 2 1 6 78 16 0 42 2 0 12 1 0 0 52 3 3 0 
25 20 77 36 0 13 1 7 2 9 2 38 0 31 0 2 1 2 8 0 1 2 1 52 8 2 3 30 1 12 2 0 0 4 1 2 8 6 1 59 1 1 1 3 1 5 5 18 9 23 3 0 40 0 12 0 6 62 6 11 1 2 7 1 
7 2 6 1 0 4 8 76 1 1 63 14 9 3 2 1 11 11 1 5 7 2 0 8 1 4 5 122 1 221 1 11 12 0 2 0 2 24 33 15 4 1 0 2 3 8 1 4 80 3 6 4 8 0 1 3 27 48 1 1 3 15 1 13 
77 2 8 0 2 2 2 1 5 5 24 14 1 100 3 0 3 3 108 5 5 7 6 10 8 1 11 15 4 2 3 225 5 0 17 5 32 1 2 2 2 0 5 3 2 4 0 15 5 5 11 27 232 3 0 1 9 21 129 51 9 0 29 0 
1 16 3 1 2 1 19 2 4 99 0 2 15 97 5 1 2 24 0 9 5 2 2 2 0 3 4 4 19 1 7 7 6 40 2 2 91 2 22 3 19 16 11 20 0 7 2 2 16 1 14 29 20 15 0 7 2 26 10 6 10 5 9 2 
12 1 10 5 34 14 1 1 2 0 20 9 28 2 32 18 8 16 5 1 23 8 3 0 13 16 9 41 3 7 1 6 5 142 15 2 0 2 10 3 0 2 1 7 4 5 0 5 55 1 3 2 1 8 1 0 1 1 4 3 0 9 0 71 
5 42 2 6 1 13 66 11 5 2 4 0 4 99 2 1427 2 15 1 0 0 5 2 0 3 0 8 1 3 11 28 16 5 2 34 1 35 5 18 2 1 28 1 1 10 1 25 0 1 29 0 26 1 21 0 12 11 0 1 1 1 5 4 33 
3 2 1 10 0 1 6 86 12 84 1 5 17 21 48 9 19 21 17 6 32 4 11 7 2 4 0 2 0 1 28 3 0 9 2 19 0 0 0 2 7 1 7 43 7 10 1 0 1 6 3 2 6 20 16 15 7 13 4 43 7 12 0 8 
3 9 18 18 2 4 0 19 1 6 30 53 5 9 15 7 2 2 23 13 9 4 3 6 73 0 14 8 4 25 1 2 3 5 0 1 34 0 2 5 3 13 4 2 7 0 2 13 14 2 0 9 33 18 1 8 18 14 2 12 12 7 14 2 
12 3 45 6 26 4 16 6 2 2 3 16 0 1 15 15 5 22 3 0 1 11 18 276 38 0 2 52 7 0 5 12 59 7 28 1 3 2 30 8 10 10 0 7 43 4 0 6 7 31 46 0 4 0 0 181 1 13 3 0 23 6 5 1 
246 8 0 2 10 9 1 14 3 1 0 0 13 8 2 1 17 0 2 11 9 1 2 6 57 3 6 36 0 1 1 1 7 17 0 0 8 0 2 1 0 8 131 13 4 7 38 8 1 0 3 6 5 3 74 678 5 3 0 5 16 2 1 2 
21 27 4 2 35 0 3 2 15 10 0 7 22 1 3 1 12 6 1 7 0 1 214 2 2 10 8 49 3 2 0 5 2 4 0 7 0 9 2 1 18 1 72 0 18 3 2 2 0 59 7 8 28 0 7 24 45 0 3 8 7 2 3 1 
36 2 43 3 7 75 0 8 4 2 87 5 6 2 0 14 33 3 43 0 1 0 1 3 4 1 4 7 0 0 17 8 1 0 21 0 4 6 0 0 4 6 2 1 111 4 27 0 16 132 9 7 4 0 5 36 10 2 0 2 13 5 0 16 
4 1 27 0 0 1 4 2 0 1 4 221 34 4 3 1 6 0 2 0 1 6 3 1 5 1 2 6 7 28 8 15 0 12 68 1 7 0 4 9 5 0 2 20 8 36 3 0 83 7 1 5 4 4 2 32 20 10 2 2 14 0 16 4 
3 2 3 4 0 394 15 6 9 29 16 1 36 2 1 0 1 4 0 2 3 6 0 2 1 2 18 5 16 0 4 7 2 0 4 0 15 87 1 19 0 1 42 4 19 1 0 25 7 17 3 1 17 15 10 9 3 3 0 1 2 1 1 1 
1 17 0 0 2 0 2 3 1 3 17 107 43 5 5 7 4 2 18 10 5 2 10 14 7 23 1 1 5 7 23 8 4 0 39 2 1 18 4 4 1 1 6 3 0 13 11 12 8 0 1 0 3 134 28 4 3 3 3 5 0 42 1 0 
1 0 2 9 7 0 2 2 0 6 32 4 71 15 6 22 0 0 22 5 36 1 2 2 0 1 0 0 1 5 10 0 1 0 1 29 111 0 0 3 3 0 2 0 1 189 0 4 19 0 209 2 21 13 24 18 1 1 1 9 28 1 34 7 
44 3 131 0 15 2 1 0 5 0 6 5 23 2 1 3 0 2 2 0 3 1 158 15 5 12 4 810 2 0 2 0 0 0 9 10 86 1 5 0 13 15 2 9 9 1 0 0 9 5 17 0 6 24 1 18 0 1 4 3 21 26 6 0 
2 4 6 2 6 11 1 3 4 0 46 1 7 2 1 6 8 14 14 5 1 0 6 0 0 1 161 16 1 1 3 115 22 5 7 0 11 7 5 4 14 0 0 1 65 3 2 1 6 4 7 5 1 31 124 6 5 1 19 0 34 12 5 2 
5 3 2 1 1 4 1 7 4 2 0 2 1 0 19 6 11 2 4 17 2 0 1 2 1 4 12 4 19 9 2 0 1 0 2 0 27 3 57 3 7 0 4 9 7 1 14 54 77 0 0 26 12 13 3 0 21 110 6 2 27 15 30 3 
2 9 1 30 4 1 1 13 25 1 1 1 7 1 4 4 6 11 1 9 18 9 2 29 8 1 10 0 5 12 1 4 5 3 9 8 5 2 6 18 0 10 15 2 11 4 0 3 2 12 3 2 1 0 0 1 0 2 1 2 5 14 2 1 
13 0 2 5 5 2 3 3 2 2 12 2 2 28 937 1 9 4 5 0 27 6 0 27 6 1 0 11 13 6 4 9 32 4 16 9 8 2 8 0 1 160 8 4 9 7 3 3 1 13 13 9 3 31 1 4 2 0 2 6 1 2 128 0 
62 6 2 1 13 20 185 0 2 1 8 16 1 11 40 7 9 2 1 0 36 15 32 9 14 2 3 12 14 9 28 3 9 2 0 7 10 15 4 10 3 1 25 137 1 3 0 2 3 8 4 0 3 2 4 111 4 13 48 6 110 15 1 9 
5 2 3 6 167 17 3 0 0 5 10 198 0 3 1 7 5 1 26 113 7 0 53 1 32 12 3 2 14 2 0 8 10 6 34 4 51 6 23 3 0 9 0 1 15 4 1 9 4 3 2 0 2 2 2 1 0 4 9 0 0 0 11 24 
1 9 6 3 0 11 2 2 2 5 11 2 1 116 2 27 2 23 0 1 2 2 6 1 2 4 0 10 19 0 6 3 12 4 4 7 228 1 7 0 0 0 0 37 55 3 18 5 42 0 0 9 1 1 16 0 60 26 88 3 4 0 0 1 
14 0 5 2 3 4 2 3 3 0 29 9 8 4 2 0 4 2 4 7 18 0 0 9 1 4 3 3 8 1 1 0 1 26 18 38 0 124 2 14 1 5 6 0 8 0 21 1 1 41 0 238 2 19 2 15 38 13 2 6 10 0 0 9 
0 6 4 0 223 1 1 6 0 5 2 1 1 6 2 12 9 66 4 1 3 7 0 0 7 0 0 1 7 0 29 43 3 1 2 47 0 4 0 11 30 0 1 3 17 8 25 13 0 5 1 0 2 13 6 7 9 2 1 0 0 0 0 2 
11 6 50 3 33 0 7 29 1 5 0 11 210 4 40 22 3 0 0 6 0 1 0 9 10 63 0 1 15 377 0 13 1 1 0 18 4 0 120 4 6 19 6 9 24 0 16 0 1 5 6 42 1 0 0 10 0 0 2 2 1 3 4 7 
1 5 4 97 2 11 5 1 24 1 1 2 6 0 404 6 10 0 319 22 10 7 5 3 131 1 0 0 2 13 2 24 0 2 131 0 4 4 1 21 2 2 0 15 1 3 0 4 5 12 4 29 9 1 1 8 0 20 3 1 1 69 21 4 
28 2 2 2 2 1 2 3 9 11 108 1 13 33 27 2 4 1 4 3 43 6 20 3 2 64 0 21 11 6 14 1 0 8 1 11 0 7 1 0 8 36 59 16 29 4 2 6 11 1 0 18 8 4 0 0 2 2 273 1 18 6 8 5 
33 1 1 79 53 192 0 1 0 19 21 304 4 0 1 83 0 1 1 1 7 25 0 2 7 23 9 0 0 2 6 0 1 2 26 0 3 30 5 18 1 7 0 29 5 4 16 3 1 131 21 0 15 2 1 18 3 4 5 66 0 0 24 9 
6 2 1 0 0 1 8 63 0 24 16 2 1 3 4 30 1 123 14 3 0 1 0 1 1 0 2 1 10 6 111 0 5 170 16 5 6 1 2 20 13 5 0 2 30 41 2 18 6 1 3 39 0 7 9 1 1 3 2 2 21 3 2 8 
2 0 17 1 3 15 12 5 1 10 3 0 0 2 32 1 0 1 4 10 0 15 1 33 0 0 2 1 1 10 4 9 0 1 3 1 10 2 12 0 0 13 4 8 15 4 1453 10 82 42 0 5 0 14 2 2 3 0 0 1 1 1 9 8 
10 0 13 3 33 1 1 1 9 27 4 7 0 3 144 6 1 1 3 0 0 6 0 1 0 7 13 35 14 1 83 3 1 3 7 11 1 4 58 1 1 2 14 129 29 6 1 0 230 10 0 340 30 2 0 1 65 0 1 3 0 10 10 1 
13 1 0 1 6 7 10 1 26 0 23 163 7 1 2 2 1 36 1 9 8 14 9 1 7 1 1 15 3 12 3 2 3 13 2 1 2 7 4 0 9 71 5 28 8 0 0 1 3 17 1 77 0 2 2 4 6 0 3 4 1 10 128 7 
21 1637 2 6 1 6 18 0 2 46 6 106 2 5 20 1 2 5 2 2 1 6 47 107 5 1 7 4 1 9 70 1 25 28 1 13 8 9 1 102 11 1 2 53 8 13 164 6 1 1 11 54 15 0 6 4 30 5 24 0 258 3 2 1 
112 9 2 5 20 20 0 3 0 1 6 51 1 3 0 1 3 17 2 3 1 70 0 0 2 18 2 2 0 9 26 14 32 2 2 44 12 3 8 377 0 16 5 3 11 6 0 35 5 20 1 1 2 1 0 4 28 0 103 32 0 10 21 2 
2 2 3 16 2 2 1 1 0 11 56 11 1 17 5 5 38 11 8 7 0 12 14 6 0 0 1 0 9 21 0 13 0 18 2 7 2 3 25 16 48 9 9 2 5 1 11 12 8 41 11 31 3 5 68 99 13 1 0 3 15 7 4 79 
262 20 4 115 1 2 15 56 3 2 2 28 2 1 5 3 8 32 9 5 0 6 83 1 27 5 10 2 1 4 9 4 1 9 10 9 2 5 0 0 1 25 45 8 0 10 1 1 3 58 0 2 0 6 21 6 4 0 8 5 1 3 1 3 
4 21 19 1 1 25 9 1 0 5 18 43 1 2 2 0 21 0 37 2 17 3 0 5 9 38 0 11 0 8 26 1 15 3 3 0 1 1 19 1 19 20 27 1 1 0 1 4 1 5 1 1 1 0 10 4 20 2 1 1 9 50 6 5 
13 32 16 0 17 0 1 2 15 1 5 1 7 0 3 0 1 1 0 23 1 2 2 3 5 4 75 1 0 0 17 3 0 4 11 2 15 6 6 143 5 1 2 2 0 24 3 7 142 24 2 71 0 1 168 44 6 5 0 22 0 1 2 11 
1 1 4 1 45 2 12 2 5 1 6 5 4 4 150 120 1 1 0 7 0 7 0 6 0 8 4 5 8 3 1 1 11 6 3 0 5 17 1 0 0 1 4 2 0 105 1 14 0 1 4 0 2 2 6 0 2 7 7 10 10 7 0 31 
6 0 2 3 1 1 0 4 1 5 101 9 3 20 3 12 4 22 2 3 0 0 74 51 0 4 3 12 17 9 9 3 1 0 1 0 3 19 0 0 15 4 0 74 5 0 3 8 30 12 0 67 0 0 2 187 10 0 2 2 1 16 7 1 
31 1 38 3 6 4 31 46 1 13 5 0 1 9 1 6 1 13 23 2 22 0 80 1 34 0 0 2 5 4 2 0 2 5 1 1 7 22 720 0 1 1 2 4 0 0 12 1 92 6 3 2 2 15 0 0 2 0 1 8 1 2 13 1 
0 0 1 3 12 21 5 9 2 1 8 4 16 0 26 0 22 78 5 13 5 3 0 0 3 0 2 2 78 1 0 1 1 36 2 65 2 8 1 2 224 4 1 69 4 3 78 6 0 8 3 1 7 0 2 0 7 0 3 2 45 6 2 10 
7 3 216 4 0 110 1 16 5 4 5 18 0 5 9 7 20 6 10 4 1 0 0 1 233 84 0 5 1 3 19 32 26 11 3 22 11 0 9 0 2 2 1 0 0 9 2 0 1 5 1 2 1 2 0 2 1 2 0 0 8 14 4 1 
11 1 8 0 0 4 2 28 28 17 1 0 61 0 2 1 0 16 19 5 6 31 256 1 9 1 31 1 96 1 2 1 0 0 2 106 11 8 3 29 2 3 3 3 0 1 6 2 4 20 11 1 1 2 14 3 0 8 10 0 7 2 11 80 
1 5 9 72 1 37 0 3 1 8 1 16 65 1 23 8 23 0 3 14 6 0 77 7 0 0 4 5 1 9 11 0 6 6 3 410 0 2 0 1 3 3 1 10 1 21 14 0 3 42 1 45 0 4 4 8 57 0 11 8 7 2 5 1 
1 124 7 110 2 6 1 0 5 429 28 2 32 6 7 6 0 18 14 3 0 1 0 14 11 9 0 1 3 0 2 16 8 169 1 10 402 9 0 1 75 24 0 6 0 1 5 1 12 3 2561 12 1 0 32 1 14 0 3 19 122 0 10 3 
50 0 3 0 52 7 154 6 2 9 69 9 1 3 1 5 23 7 8 6 15 26 14 0 5 0 15 0 1 2 18 4 628 1 13 22 2 8 3 0 12 108 6 1 1 265 2 0 10 4 4 18 100 491 9 4 2 62 1 4 0 6 7 1 
11 22 9 14 1 15 39 94 1 5 1 1 2 16 5 9 29 11 22 0 1 3 8 4 1 0 391 4 1 0 1 73 3 1 8 28 25 10 0 4 2 0 0 1 13 0 4 0 6 4 8 0 5 1 79 2 9 2 6 1 3 4 1 7 
0 5 21 3 15 2 2 4 5 11 4 0 3 5 1 0 0 1 1 2 4 1 1 12 3 4 42 2 1 22 8 1 10 13 0 10 44 1 7 1 11 4 2 8 13 3 28 4 0 3 1 4 3 53 29 5 0 12 29 1 2 0 0 0 
58 6 61 22 54 1 0 3 2 5 0 1 2 12 0 122 1 15 1 2 1 7 6 66 1 0 6 15 1 0 2 10 1 0 8 9 2 12 3 13 11 0 176 1 1 6 2 40 1 5 8 4 0 3 4 2 1 33 9 2 7 6 0 1 
17 9 25 1 3 1 2 189 5 5 42 12 1 2 1 2 0 0 26 22 3 9 18 1 3 52 0 54 0 14 0 8 0 447 9 5 12 9 34 111 7 1 0 87 1 17 22 9 2 0 1 12 922 0 5 1 16 1 3 9 2 5 11 0 
76 10 1458 5 2 12 8 1 8 0 0 309 24 1 1 0 2 0 12 4 10 15 2 8 0 11 14 5 1 4 0 2 5 5 1 30 3 4 26 1 119 0 0 1 6 0 5 5 1 2 0 0 3 3 110 8 16 10 0 2 2 1 5 0 
5 5 10 34 4 1 0 1 2 85 16 9 2 2 5 12 1 6 6 1 158 2 4 10 25 3 0 9 6 5 20 1 49 1 9 262 34 2 2 28 40 0 1 0 1 0 10 3 1 23 0 1 0 0 10 1 3 1 13 1 17 5 4 2 
2 10 4 5 64 11 14 0 13 0 2 1 0 8 31 3 4 14 0 6 10 1 7 24 238 0 5 89 36 14 52 13 8 0 1 6 52 9 0 15 1 2 2 1 37 0 2 13 0 4 0 1 2 4 2 14 0 7 8 17 1 5 10 3 
3 27 31 5 5 10 18 68 17 2 0 0 11 1 19 0 1 3 3 3 39 61 2 15 7 6 2 31 14 1 8 2 0 34 3 3194 4 9 43 1 9 1 2 0 0 11 4 0 3 1 15 0 21 18 8 0 3 1 5 64 0 38 15 2 
11 1 16 6 7 15 243 31 0 230 7 4 4 20 15 9 21 1 53 4 3 4 0 0 2 1 7 1 0 7 3 12 3 6 3 4 0 3 5262 56 1 0 1 2 1 4 1 9 0 8 5 7 2 1 3 2 2 10 41 10 1 2 28 0 
1 14 0 3 21 1 3 2 5 4 7 1 5 1 1 0 6 2 1 2 9 10 124 3 0 2 5 25 3 3 3 28 1 4 5 9 93 3 0 15 1 23 0 1 2 11 1 6 6 18 10 10 6 1 8 7 1 0 1 3 5 1 23 1 
3 664 24 1 35 8 0 0 4 4 14 0 2 15 3 0 3 3 21 5 3 2 18 13 8 3 2 1 1 498 7 6 13 1 0 0 2 14 3 142 0 17 4 2 2 0 151 31 138 9 7 2 88 1 10 5 1 2 9 1 4 0 1 1 
7 2 27 24 22 1 3 7 0 2 6 31 11 13 20 17 6 0 0 12 20 0 3 2 3 8 1 6 3 1 32 9 0 15 9 4 5 20 5 1 3 2 10 5 2 2 0 31 80 0 8 1 24 5 10 1 87 3 1 0 4 0 13 29 
2 12 4 1 8 8 17 0 0 69 2 16 6 3 5 6 49 0 6 1 5 21 3 19 1 4 1 3 51 0 1 11 0 149 2 2 4 8 2 13 1 4 19 8 0 28 6 2 31 0 1 4 11 1 1 1 22 2 9 4 1 10 4 0 
0 8 2 1 0 1 1 9 0 2 6 2 1 9 1 0 23 58 1 2 8 0 20 19 10 2 10 74 0 12 0 8 2 8 2 2 4 38 11 3 1 4 9 28 1 17 3 0 30 1 33 3 88 0 1 5 5 3 30 0 2 1 16 2 
17 33 19 14 0 7 2 0 20 18 1 148 2 23 18 0 2 5 1 1 7 31 23 4 1 6 2 2 9 0 1 2 13 186 6 2 2 1 2 4 15 3 7 1 8 42 0 22 19 11 3 23 4 23 28 0 20 25 0 8 8 49 7 0 
5 5 8 0 2 8 7 1 1 0 0 3 14 0 0 2 67 8 1 10 1 5 21 0 0 195 19 1 1 3 11 3 38 466 0 17 0 27 17 5 369 0 0 27 4 0 7 20 2 31 12 60 25 18 15 0 2 30 2 2 100 2 33 10 
6 45 8 5 11 4 0 1 4 11 15 1 2 68 1 4 129 26 24 16 16 7 9 12 17 2 6 0 1 0 4 1 0 1 17 16 53 2 14 5 1 24 6 1 4 24 2 3 2 22 18 2 10 242 20 9 2 9 20 4 6 4 0 0 
1 9 24 1 7 1 13 0 0 1 1 1 12 7 2 62 0 0 0 1 35 6 20 47 2 2 1 13 8 24 0 7 5 6 5 0 5 2 20 30 13 8 2 7 8 4 3 37 6 2 9 0 4 2 4 2 2 17 1 259 3 9 10 0 
16 1 5 3 41 2 6 0 4 0 0 8 4 27 2 2 1 6 4 1 2 75 1 29 6 9 4 26 1 356 5 0 5 0 1 44 0 6 352 0 20 0 3 4 0 6 19 9 0 1 102 0 5 10 3 9 0 2 1 3 2 1 2 2 
3 1638 5 164 3 1 14 3 0 13 2 6 68 2 2 0 13 5 5 1 2 12 0 3 2 179 1 16 1 6 42 0 0 44 4 38 57 19 7 8 1 1 14 1 1 9 12 0 5 4 4 19 2 0 213 3 117 14 5 14 2 2 0 9 
1 18 0 1 8 1 1 5 9 13 3 1 7 6 11 1 20 1 0 11 19 3 2 1 14 9 27 0 1 14 30 6 1 0 2 4 18 6 2 13 1 0 3 5 8 3 26 1 11 7 0 1 12 0 61 2 3 14 3 12 1 17 4 1 
52 0 5 3 111 0 2 0 26 6 3 2 9 2 4 62 12 1 2 3 9 1 1 6 3 9 2 48 9 6 11 7 0 0 1 5 8 2 1 0 4 0 2 5 51 0 4 1 1 0 17 3 2 0 3 0 1 19 5 9 22 18 3 7 
11 2 6 11 0 4 0 36 9 4 1 0 0 2 32 4 12 6 0 9 1 13 17 29 6 10 150 4 1 2 16 4 3 23 10 3 0 4 4 2 0 4 0 2 3 89 193 52 48 10 1 119 0 3 3 8 4 6 14 7 3 3 4 6 
36 0 11 0 2 1 15 1 7 2 6 6 1 10 6 0 10 2 0 5 0 0 13 2 1 20 34 1 0 10 4 4 4 1 0 71 10 7 39 2 0 1 100 3 2 10 8 4 27 8 3 6 5 0 1 0 4 0 1 11 12 126 0 0 
1 2 2 2 37 17 61 29 7 155 11 1 1 7 2 13 1 0 6 0 3 5 2 2 3 0 1 11 21 4 1 9 1 9 0 56 6 2 0 958 9 1 1 17 3 4 6 7 8 43 7 7 11 11 4 3 1 13 0 2 20 1 1 66 
0 2 3 5 10 0 2 0 4 2 0 9 1 8 553 2 1 15 0 120 23 4 0 6 3 8 7 5 1 1 0 46 2 1 24 2 11 0 6 4 67 8 9 14 7 7 1 1 1 5 12 1 2 2 10 1 4 4 0 14 10 4 2 11 
2 9 2 7 3 7 0 30 3 9 126 3 2 2 0 2 1 86 10 16 1 0 12 0 14 35 44 4 3 29 4 3 1 14 0 3 0 1 1 0 2 10 14 28 5 28 17 1 39 15 4 2 2 18 22 1 3 9 2 12 1 29 0 6 
0 0 4 50 0 112 1 1 0 56 15 1 11 3 10 6 4 6 7 0 9 12 1 22 120 1 2 16 12 0 0 2 0 0 1 2 0 1 1 10 9 2 0 4 2 0 1 9 2 5 4 8 10 1 14 6 3 1 0 8 2 0 11 1 
5 20 8 1 13 7 28 30 9 55 16 13 3 15 5 25 3 26 4 64 29 46 4 2 0 0 2 1 5 26 0 1 17 0 7 2 12 4 2 0 2 5 0 1 0 11 4 26 0 8 2 3 3 3 1 0 10 2 6 14 0 10 0 0 
1 1 1 49 4 1 1 10 8 0 1 18 10 82 3 0 3 35 5 13 72 3 3 6 6 24 32 8 4 5 0 5 4 3 0 0 9 3 6 0 2 4 1 48 6 4 68 3 1 15 1 0 30 14 2 366 45 0 0 2 9 2 1 12 
1 7 1 14 24 19 5 0 1 13 4 1 25 19 9 7 1 0 26 10 32 473 1 6 5 2 1 3 0 7 1 11 16 28 1 2 49 8 4 19 11 89 12 43 2 25 0 10 11 14 15 11 77 1 2 5 1 4 7 47 5 0 3 27 
0 2 4 0 52 0 18 5 1 2 47 12 0 23 0 0 7 20 0 1 0 0 7 1 0 2 23 26 9 11 0 0 5 2 1 1 4 2 341 5 1 13 9 10 2 1 3 9 9 1 3 12 2 7 2 4 5 15 6 3 9 0 0 17 
12 1 14 0 1 10 0 1 2 7 3 4 3 8 11 3 1 6 1 15 3 2 1 26 0 0 11 2 24 1 10 11 2 157 2 113 3 1 4 0 1 2 0 10 1 4 12 2 2 223 1 2 0 11 1 5 10 2 6 12 12 2 31 0 
1 0 19 12 20 1 7 11 2 0 1 17 10 454 2 13 25 8 8 3 2 10 2 3 1 0 25 60 0 0 4 3 1 2 13 429 39 1 227 10 8 5 2 12 1 26 0 1 273 26 4 3 22 2 5 1 9 0 17 7 3 4 215 0 
12 25 2 2 0 3 1 21 11 2 0 1 5 4 30 13 10 0 553 22 3 0 14 0 2 100 2 14 0 7 83 0 5 11 53 15 21 0 2 2 18 1 1 30 3 17 10 2 0 2 0 7 7 6 49 6 1 24 0 5 1 374 147 5 
51 3 19 0 2 1 17 13 0 28 0 1 12 1 2 7 6 3 3 5 4 6 16 1 48 4 1 2 15 0 1114 1 5 11 4 19 3 2 6 1 19 5 1 22 7 1 3 1 1 31 7 4 3 6 2 111 15 0 6 0 16 2 8 9 
12 1 0 22 4 1 10 1 1 2 2 5 11 0 3 19 1 2 100 8 6 7 3 23 7 0 5 1 1 10 0 2 9 2 8 3 10 23 7 103 12 2 2 5 3 5 3 15 11 37 37 10 8 3 11 4 4 9 1 7 0 25 2 1 
0 3 3 18 2 9 3 4 10 3 2 9 5 15 5 2 1 6 54 0 2 18 4 43 5 7 6 24 0 0 2 5 2 0 7 3 1 0 0 0 3 11 25 12 12 0 0 1 5 60 51 0 2 1 14 1 3 22 57 1 4 35 23 15 
5 6 28 2 1 2 252 49 11 8 0 7 3 6 7 2 2 4 241 21 17 8 27 5 6 1 1 0 1 5 1 2 3 12 2 4 4 0 3 8 12 4 26 2 1 2 0 3 10 1 0 4 3 5 11 4 0 8 0 6 0 14 25 11 
11 10 0 6 34 10 20 2 1 4 15 1 0 0 1 1 1 7 4 1 0 10 11 0 4 1 4 2 13 13 0 4 3 0 6 15 1 7 0 4 0 2 195 10 2 5 0 2 129 15 0 3 92 0 2 11 36 2 23 3 0 26 0 11 
2 196 1 0 2 10 13 22 2 4 0 14 5 0 2 0 3 12 12 7 3 0 2 2 0 2 2 4 0 2 0 0 8 1 1 0 211 4 2 2 4 11 12 1 1 2 2 2 3 4 0 3 12 0 15 11 1 9 10 7 8 3 4 0 
19 9 8 2 2 15 1 1 10 1 4 2 2 0 0 27 4 0 11 241 7 13 6 13 0 4 10 70 12 39 0 1 5 8 55 0 0 0 6 7 14 7 16 2 4 6 23 3 3 9 6 8 1 5 61 25 1 16 3 35 246 4 6 5 
4 6 16 0 1 17 1 5 4 6 0 31 19 2 3 27 18 3 1 2 8 2 1 3 44 1470 3 10 3 1 1 1 7 6 144 0 4 1 1 2 5 2 7 25 6 2 84 0 0 12 0 6 2 2 7 9 0 18 25 5 0 6 27 14 
3 0 8 1 12 14 1 32 1 46 41 0 2 17 4 0 1 0 1 26 8 57 6 1 1 5 22 7 119 5 19 0 2 7 5 1 3 0 0 0 1 15 17 8 6 0 2 0 5 6 1 8 0 1 5 0 5 30 13 1 24 6 17 12 
0 5 1 2 0 0 1 53 3 0 0 0 0 14 1 0 198 1 2 1 1 1 8 1 8 6 4 2 1 5 0 2 1 2 5 93 26 2 7 2 4 11 13 2 0 17 13 9 7 4 1 60 18 1 4 7 1 0 1 2 8 7 5 6 
33 23 49 5 6 3 55 4 2 10 4 6 0 2 2 3 1 2 1 2 2 697 7 32 9 0 2 7 22 2 10 68 0 1 37 0 1 1 16 1 5 4 3 0 7 2 5 16 24 7 6 18 1 91 15 6 19 0 6 11 92 1 42 10 
1 0 6 2 7 8 4 0 1 6 13 0 3 6 8 1 2 42 17 2 9 149 0 6 5 1 19 6 4 5 0 3 2 1 2 1 18 9 1 0 28 5 0 4 0 2 8 1 1 125 24 7 5 0 2 0 24 2 16 33 9 1 4 2 
1 5 10 2 3 1 0 0 194 40 2 12 0 34 7 18 2 204 0 12 263 8 1 2 5 7 3 8 7 18 2 167 2 2 3 0 16 0 10 1 9 25 0 1 17 9 3 0 0 4 3 18 3 1 32 0 27 6 2 3 0 0 98 1 
6 1 7 16 3 5 34 4 0 3 24 9 1 62 2 10 0 11 6 29 20 0 0 4 1 4 1 34 3 3 2 3 21 6 1 0 20 2 7 1 18 3 14 1 7 64 1 2 209 11 15 10 5 1 6 9 45 2 8 34 0 0 1 19 
5 0 11 4 22 115 8 0 2 4 15 40 4 6 7 4 0 28 19 2 2 8 3 6 1 10 20 28 10 36 26 3 6 72 0 0 4 7 0 9 146 8 1 2 47 4 1 30 175 8 1 26 31 1 2 0 3 6 5 0 0 1 5 0 
0 0 2 2 12 6 1 1 6 4 42 743 28 5 0 1337 3 2 4 0 4 14 39 3 8 3 12 10 5 24 6 10 0 3 15 1 17 0 0 2 2 105 5 10 2 408 2 11 76 3 6 10 1 3 1 9 11 24 0 1 7 3 3 1 
1 0 2179 5 13 1 16 11 5 35 2 12 0 4 10 0 2 0 0 1 0 14 1 181 13 1 13 1 4 0 105 0 2 37 1 6 1 2 43 5 6 0 14 41 1 3 1 3 11 3 1 9 7 7 3 3 25 2 11 3 1 6 1 2 
0 7 1 3 3 185 4 3 3 12 184 0 28 42 7 0 9 11 3 0 1 15 1 70 1 1 2 4 6 5 1 5 1 2 0 5 1 3 8 0 1 7 41 1 5 2 1 13 9 496 1 0 1 2 5 1 4 61 2 2 441 3 1 0 
10 6 8 0 1 147 1 0 0 0 1 2 0 0 6 13 16 2 26 3 35 2 0 6 1 4 0 1 16 4 1 3 4 13 1 5 7 2 2 0 22 2 2 10 2 15 64 1 3 3 0 1 15 18 35 0 0 7 81 3 1 49 8 5 
69 1 3 8 3 1 20 4 72 1 0 0 26 11 47 9 22 2 36 5 10 13 8 2 5 4 1 1 2 0 0 0 5 1 12 10 26 0 7 1 0 6 31 30 1 31 24 0 2 4 1 16 2 1 2 2 14 1 0 1 27 5 1 0 
0 1 39 4 7 2 0 11 0 16 2 7 8 1 28 0 0 7 6 6 6 1 4 3 5 6 13 3 2 3 6 2 8 3 1 3 1 19 2 13 19 2 3 10 21 1 2 8 25 2 0 4 10 24 1 7 3 20 0 0 0 1 8 6 
0 11 0 5 2 3 5 0 400 1 3 8 3 40 0 6 2 0 31 13 4 0 1 26 9 2 188 11 32 0 0 2 1 0 1 4 0 1 5 1 3 66 0 0 4 6 13 3 4 48 24 3 180 19 7 2 0 12 4 0 3 3 26 16 
7 4 4 1 39 2 1 12 2 0 1 0 12 2 1 0 26 1 0 8 12 26 2 1 0 2 7 5 12 7 31 19 23 2 0 10 23 7 36 8 1 1 0 2 3 16 0 0 1 7 7 8 1 2 70 4 13 22 0 12 38 0 8 18 
9 11 11 3 0 7 24 12 21 1 1 1 1 27 6 2 0 2 1 8 30 1 55 1 7 1 2 0 2 2 11 5 3 2 25 6 14 4 6 5 1 7 10 8 6 3 7 20 5 4 4 16 1 9 10 0 9 34 14 59 11 0 30 6 
4 1 0 0 0 14 1 52 3 12 1 2 3 9 2 3 8 1 14 1 17 0 1 4 9 1 0 13 6 4 7 52 0 1 2 5 0 227 0 1 0 1 6 4 0 35 0 10 5 2 1 11 0 5 22 0 6 2 13 2 848 17 19 5 
5 6 7 2 2 8 2 1 12 3 10 2 52 5 10 0 3 2 1 11 4 15 7 0 5 0 0 2 2 270 0 1 3 2 7 0 5 1 1 1 4 59 35 9 3 0 3 2 1 1 8 1 13 17 2 1 0 17 3 0 60 0 5 5 
0 2 1 7 4 1 3 0 47 26 14 0 0 15 5 7 1 650 0 5 43 1 1 4 0 8 7 0 35 0 5 15 126 1 53 40 0 3 3 12 1 7 0 0 7 3 4 558 1 2 279 9 33 3 22 10 18 10 10 2 3 55 2 1 
0 10 9 1 2 0 3 44 2 88 1 0 4 12 13 9 10 5 5 7 0 3 3 0 6 27 1 8 0 2 74 18 3 9 0 2 10 37 7 6 1 3 15 15 6 2 3 10 0 7 4 48 1 15 1 0 9 80 4 13 1 2 4 2 
1 3 1 4 2 0 2 0 51 11 44 28 0 14 8 23 0 6 11 0 6 1 5 0 4 1 0 1 3 3 3 0 9 2 0 1 6 7 3 0 1 6 0 2 1 1 7 1 0 1 21 2 1 22 0 10 4 4 18 4 0 7 0 8 
1 2 6 14 1 0 1 1 0 14 0 0 11 0 1 0 0 6 17 23 0 6 6 2 3 34 12 35 5 3 2 12 3 3 6 0 9 8 0 7 28 0 4 823 7 11 4 3 10 1 0 8 2 8 8 2 3 0 10 6 1 62 4 1 
229 1 11 3 3 1 1 41 7 2 3 1 39 3 3 1 0 0 0 19 6 117 14 1 4 3 83 33 8 49 2 230 1 0 11 1 3 6 0 36 50 2 2 3 90 8 0 7 6 3 5 6 5 0 3 3 1 33 24 2 15 2 3 1 
11 1 3 0 35 53 11 5 6 1 6 17 12 4 0 151 0 9 58 0 1 1 1 2 2 1 792 1 1 0 0 15 3 3 5 74 17 422 5 1 2 3 1 1 42 8 23 3 22 223 157 1 35 28 18 0 0 6 23 6 3 1 1 11 
3 0 2 37 5 17 2 9 1 1 7 155 0 8 2 1 13 4 0 24 16 3 5 2 4 1 3 3 2 5 0 3 2 0 1 5 24 2 0 0 11 1 5 5 23 12 1 1 6 1 2 2 1 3 1 7 3 7 0 0 4 0 7 2 
16 4 0 16 0 1 2 9 3 0 36 12 3 1 1 12 9 6 11 1 1 2 0 18 1 20 7 73 1 1 7 13 10 18 27 0 0 8 1 15 4 2 13 6 0 19 14 2 3 5 5 5 0 2 1 0 5 10 9 0 2 19 13 20 
11 3 23 4 13 2 0 11 5 4 2 7 5 4 3 0 6 59 53 0 2 5 1 16 3 2 1 4 5 47 23 9 9 12 0 1 2 1 7 1 2 4 0 15 1 0 0 24 5 16 14 2 23 5 5 6 2 4 9 11 61 0 3 6 
16 1 9 0 10 19 12 4 43 2 5 1 107 0 69 0 0 1 15 3 4 2 9 9 37 6 1 3 0 0 0 4 2 0 43 0 0 10 32 8 5 41 6 11 3 5 0 8 1 28 0 3 9 2 2 6 35 0 3 1 2 1 1 0 
8 2 5 5 21 2 3 0 9 5 44 1 0 14 0 3 5 5 16 16 2 5 0 0 2 2 59 1 7 0 0 3 0 0 1 1 4 2 10 0 1 6 21 24 9 51 6 2 16 20 0 133 2 9 0 10 2 0 2 20 5 14 0 0 
0 2 7 10 23 5 2 2 6 1 0 7 13 0 1 1 0 10 21 28 5 0 2 1 7 32 1 5 4 12 46 1 10 89 7 2 37 3 8 5 1 2 1 5 2 0 0 0 1 4 2 4 10 23 0 1 4 2 5 3 1 8 3 135 
1 8 1 1 0 26 7 5 0 3 5 3 118 30 2 10 0 0 5 50 3 1 4 1 0 1 7 64 1 8 24 3 15 2 51 0 2 3 1 0 1 238 16 1 7 4 14 3 43 0 13 5 2 1 11 2 10 5 36 0 7 26 8 8 
0 6 9 12 5 5 11 0 37 31 2 2 7 2 11 135 7 1 7 0 33 0 0 12 1 7 0 3 3 5 2 0 3 1 0 1 12 3 6 1 4 0 7 1 7 2 5 12 6 0 2 9 4 5 1 10 2955 19 14 4 6 0 1 4 
1 79 4 1 7 0 60 10 0 9 5 2 54 4 1 28 11 14 0 13 248 0 1 7 5 1 2 0 3 1 1 11 3 4 10 3 1 47 11 8 3 3 132 9 3 21 2 13 1 3 3 13 14 10 0 3 16 15 6 34 4 4 26 19 
4 22 21 19 147 1 18 1 3 10 2 321 11 0 9 6 0 4 1 11 3 4 60 0 3 1 2 2 11 5 7 1 1 0 4 1 8 55 6 8 1 6 15 17 7 8 926 1 4 11 0 13 2 1 21 3 0 7 2 3 1 14 1 1 
22 1 2 19 2 1 1 10 4 5 22 6 17 8 2 4 34 5 1 44 3 0 5 0 0 10 3 130 0 11 2 7 15 36 61 14 0 8 0 2 0 12 2 3 15 0 4 2 0 1 7 1 5 6 98 2 0 3 1 7 3 7 2 0 
0 14 0 12 3 0 1 2 5 0 1 4 0 1 189 4 12 2 2 21 24 9 5 2 8 9 0 3 3 0 4 4 2 14 1 1 4 5 13 8 0 0 85 5 4 9 20 14 6 15 1 1 2 5 4 0 7 32 15 38 14 15 2 3 
3 1 12 93 3 0 26 4 9 1 20 1 1 0 9 1 58 6 11 51 0 5 15 1 3 4 4 8 1 1 5 11 0 6 80 1 13 32 1 3 2 3 69 3 16 49 7 6 42 1 3 4 2 1 0 18 1 0 37 18 5 7 15 2 
6 10 4 26 3 1 13 2 0 8 0 4 40 190 2 73 6 16 7 1 24 10 6 2 1 11 7 1 37 1 0 3 2 12 1 0 2 1 2 1 0 2 1 2 6 13 36 3 1 6 1 16 6 52 1 26 0 3 2 35 4 0 27 2 
1 7 1 1 3 3 13 1 0 1 30 31 1 7 9 0 1 1 14 2 1 40 2 1 5 5 2 0 22 4 1 0 0 2 1 106 5 21 602 9 6 1 0 171 0 0 26 2 3 14 12 2 1 1 0 10 19 1 91 9 1 0 0 33 
1 0 1 17 1 2 9 6 2 0 25 2 3 0 6 13 7 10 5 67 0 2 3 23 10 15 32 9 2 14 8 180 1 12 0 9 5 134 15 8 1 1 1 7 1 0 124 2 0 6 4 2 19 2 3 0 0 23 0 9 13 3 36 5 
0 10 374 1 9 0 2 3 2 209 48 2 0 124 1 8 33 0 5 11 4 7 0 2 10 5 0 10 0 0 4 1 3 1 1 0 6 0 1 2 11 4 3 21 10 12 11 1 2 1 33 79 8 5 0 6 5 1 0 0 1 83 1 1 
4 9 0 60 1 8 9 1 12 2 1 0 6 1 2 2 100 2 29 2 0 1 4 0 281 13 0 2 0 730 3 325 10 16 8 3 7 1 2 0 18 2 0 250 0 1 0 0 0 1 9 7 18 6 2 3 8 0 615 4 4 2 0 4 
11 32 7 1 12 20 3 1 5 8 12 6 3 2 28 8 36 16 0 41 1 13 9 38 2 16 2 12 1 1 11 4 0 26 10 13 12 7 0 13 1 7 0 0 30 1 1 13 16 0 5 4 14 21 3 6 2 0 99 0 8 10 6 0 
2 12 10 1 10 2 0 3 1 1 109 1 9 13 35 1 12 3 4 2 2 7 10 1 11 5 3 10 3 12 1 0 2 2 1 0 0 2 0 3 0 4 2 7 7 1 1 6 3 31 5 5 5 1 3 0 7 4 2 0 195 1454 4 7 
41 9 144 10 14 2 6 1 8 9 5 11 37 1 1 25 2 2 19 24 9 5 1 3 14 5 0 0 0 1 8 5 0 18 0 4 4 2 1 20 7 3 3 5 2 1 2 7 0 29 1 0 6 25 3 16 0 11 2 53 23 3 1 2 
33 28 0 1 1 21 14 1 0 0 0 4 0 6 0 2 5 1 1 14 0 12 3 3 1 9 13 2 0 9 0 4 4 3 0 1 1 2 6 1 0 7 12 1 11 0 5 545 13 1 0 7 61 8 5 3 1 52 10 0 24 1 0 7 
1 7 0 1 5 2 15 5 1 1 8 0 10 25 1 4 20 1 356 0 18 1 0 206 218 1 0 0 1 24 0 1 0 6 3 10 2 17 1 2 0 2 8 2 9 14 5 6 6 0 2 2 50 6 37 8 1 22 175 14 14 3 47 10 
1 2 42 16 0 1 1 0 1 7 1 0 0 10 36 18 5 1 0 2 2 0 7 8 7 1 26 3 3 3 10 2 2 9 106 12 17 89 64 8 112 16 2 32 47 1 4 1 20 5 0 1 2 88 7 1 2 0 7 3 0 1 1 4 
2 19 0 7 32 69 0 6 0 15 0 8 20 10 16 13 6 6 36 115 3 2 20 134 3 7 4 2 0 1 4 1 0 0 2 0 4 13 14 28 2 5 2 90 0 1 3 10 88 1 18 2 8 0 3 1 1 1 3 64 0 6 4 4 
1 13 6 1 2 5 4 4 11 6 0 0 15 13 1 13 18 2 54 0 12 9 7 8 6 45 3 5 20 2 48 6 33 7 2 4 1 30 17 26 29 3 1 14 2 168 4 0 0 3 23 5 2 5 26 90 3 5 0 0 2 1 2 4 
7 7 46 11 0 3 4 29 23 4 9 83 71 2 5 5 0 7 17 29 63 12 23 9 1 1 30 199 99 16 1 60 0 0 5 74 3 17 0 538 5 28 7 54 345 22 10 1 13 27 28 1 10 1 11 21 2 5 16 1 3 3 1 7 
6 2 1 2 179 0 1 50 4 0 0 108 0 13 0 2 6 1 5 1 0 0 51 2 18 0 6 3 68 0 3 7 4 28 7 2 0 5 0 0 0 21 5 2 0 121 4 1 9 1 10 2 5 0 49 0 1 30 5 14 12 1 3 14 
0 1 1 46 3 32 19 8 3 1 1 1 1 42 11 11 0 12 0 9 16 0 25 7 7 1 32 78 2 40 89 232 0 1 13 8 1 4 25 6 1 0 12 1 6 9 7 0 3 13 0 2 8 8 0 1 1 1 8 0 1 22 1 4 
4 3 0 13 6 15 12 0 9 17 4 9 35 3 0 3 4 1 8 13 4 1 5 7 4 1 1 0 1 16 1 3 9 2 7 7 4 26 4 0 3 181 0 20 0 0 0 7 29 30 4 1 1 3 12 25 10 0 47 2 3 1 1 2 
7 4 6 16 3 9 2 6 0 13 0 8 1 15 6 17 31 4 2 2 1 2 128 0 1 1 2 1 0 15 2 8 8 2 0 19 1 11 0 0 2 20 9 3 1644 49 2000 23 10 9 0 1 12 30 0 3 33 20 2 2 2 2 12 22 
1 8 3 81 13 0 4 21 32 31 1 4 4 25 7 1 16 50 4 13 0 5 4 3 0 5 0 10 6 1 7 1183 365 1 22 16 31 0 3 13 3 1 1 0 12 17 3 0 8 7 4 24 3 0 1 0 72 1 3 0 3 0 5 2 
48 6 20 13 0 229 2 1 0 0 4 11 0 5 10 1 4 7 2 1 5 12 10 23 8 0 17 21 7 14 0 1 0 2 9 14 1 9 2 22 1 2 4 2 23 19 4 5 1 4 1 27 1 8 2 7 2 1 1 22 2 0 7 8 
11 4 69 122 1 1 9 60 1 23 2 6 16 6 8 0 6 2 8 1 1 2 2 6 2 16 3 14 7 24 3 40 2 0 9 0 1 0 22 0 0 48 1 7 15 0 3 1 180 125 12 2 3 50 3 2 5 2 3 1 1 0 68 0 
4 3 17 9 1 2 3 3 10 0 3 6 9 1 0 7 7 0 1 0 13 1 0 0 1 1 0 62 144 0 0 35 22 0 1 2 0 17 10 6 11 2 0 9 8 6 1 0 29 18 144 2 6 2 2 18 6 249 2 15 6 0 8 12 
0 8 4 24 31 0 3 71 24 3 7 0 1 9 0 4 3 2 0 1 13 11 6 0 1 7 11 4 2 1 0 0 6 513 1 0 10 7 13 1 0 9 1 0 3 8 5 96 4 1 165 46 4 0 29 19 5 1 5 0 6 1 4 0 
5 3 2 2 51 10 6 0 1 1 8 0 46 3 1 1 1 2 7 4 2 2 2 3 103 1 0 3 6 1 158 4 50 1 18 10 33 15 1 4 0 1 2 0 7 36 1 17 7 76 1 1 2 2 0 0 1 0 19 0 3 2 8 3 
26 20 6 4 1 46 3 2 1 2 2 5 209 2 2 5 39 11 1 9 3 3 0 0 1 7 2 2 4 14 33 42 1 3 1 9 17 0 8 2 0 9 14 0 3 19 31 0 4 0 4 1 1 1 2 0 14 18 19 10 6 8 13 2 
1 1 2 1 35 9 2 0 5 3 4 336 2 11 2 4 1 6 2 5 0 5 0 5 1 2 0 12 9 4 0 7 15 8 109 0 0 4 91 2 1 2 2 127 10 11 9 3 3 1162 2 9 14 10 6 60 1 18 0 1 212 3 2 2 
15 20 1 18 1 1 9 3 5 4 5 6 6 1 1 7 5 3 0 1 0 128 9 5 0 2 7 1 107 7 0 5 4 2 1 0 23 6 6 1 0 17 4 0 10 1 2 1 3 0 1 0 1 5 4 31 2 2 1 2 3 6 3 3 
6 3 6 5 32 3 12 6 4 1 1 6 11 0 131 25 3 139 1 7 1 18 2 10 2 11 29 21 0 373 1 4 1 8 8 1 1 3 2 32 0 13 12 11 0 0 4 0 7 20 1 2 2 8 0 0 0 2 1 32 14 6 6 45 
0 2 9 25 0 37 23 0 1 1 24 3 9 1 6 2 11 0 4 1 18 6 0 4 11 9 0 12 6 24 2 23 6 2 1 1 16 7 15 10 0 8 0 7 0 15 2 1 1 10 3 7 1 10 2 1 10 1 8 8 378 9 2 31 
6 3 2 1 6 7 1 1 63 3 9 3 15 0 11 14 1 2 2 0 1 3 3 2 5 3 2 10 25 2 4 2 40 9 0 1 2 4 673 2 19 1 11 8 3 2 0 0 17 3 0 44 9 0 5 360 1 4 143 9 27 0 12 114 
8 0 4 2 2 2 8 37 0 51 7 8 1 2 6 14 1 1 0 235 8 4 12 1 4 7 1 1 11 9 3 0 24 4 3 0 1 6 3 2 3 4 0 14 34 1 6 7 7 9 61 4 1 17 9 2 0 10 0 9 8 0 3 5 
3 2 21 2 91 3 7 0 1 21 15 6 34 19 0 7 0 23 9 172 49 13 71 28 1 144 0 1 1 19 7 12 3 51 16 67 2 0 0 233 23 11 9 16 2 1 3 0 0 0 1 3 1 26 5 1 0 65 78 7 1 1 2 3 
3 6 6 48 89 3 5 17 41 126 32 40 2 1 0 2 0 4 32 2 20 4 3 61 0 0 1 1 1 2 3 62 1 5 10 32 5 3 11 13 20 0 77 4 15 4 0 1 1 2 35 0 15 9 0 4 0 6 42 1 5 2 3 1 
0 1 5 9 1 6 0 0 11 0 1 2 16 5 8 1 0 0 8 0 19 33 0 4 39 53 1 54 0 2 0 9 4 433 5 1 5 0 4 26 0 0 5 0 1 10 2 0 7 8 9 19 1 14 8 4 3 25 121 1 10 1 1 2 
2 11 0 14 10 1 2 2 14 1 88 35 1 0 6 0 488 53 0 5 1 24 19 4 0 14 0 25 136 12 4 0 68 10 9 3 13 1 5 2 8 1 0 11 50 85 1 0 2 3 2 7 3 3 0 2 2 3 5 7 3 2 12 8 
8 3 18 9 32 1 25 0 1 3 1 3 0 13 7 25 48 13 15 2 5 2 16 1 1 25 1 3 12 1 8 12 11 3 7 0 4 3 5 13 11 1 1 5 1 1 2 14 35 11 2 11 9 4 10 4 0 17 1 5 0 35 6 5 
11 2 2 25 0 19 2 3 1 7 2 31 150 28 0 10 74 0 0 2 13 1 1 3 20 19 28 12 111 2 4 0 0 6 42 13 0 1 13 1 24 5 9 2 16 0 3 4 42 8 0 4 3 5 0 0 11 2 3 9 1 86 22 4 
8 0 2 7 2 0 1 1 2 0 14 18 0 3 3 2 1 3 2 59 1 2 1 9 3 4 1 0 15 1 1 37 0 0 3 47 14 0 0 1 1 1 5 11 193 8 0 0 2 7 4 3 4 1 8 12 6 2 2 12 0 14 6 0 
0 10 1 8 3 4 1 5 8 2 0 1 1 5 3 50 3 2 1 0 5 8 3 11 10 11 7 6 26 3 3 0 9 3 2 5 2 0 7 32 4 3 2 3 2 4 4 2 1 11 1 2 9 6 1 19 6 1 294 16 13 0 0 0 
4 9 2 0 17 2 1 2 7 1 3 0 4 2 0 7 0 0 2 11 22 26 13 1 85 1 0 18 18 68 1 4 2 0 1 8 1 0 3 15 1 1 7 12 5 0 2 1 7 1 3 1 11 1 0 3 4 5 3 2 0 1 20 4 
27 1 2 0 0 1 26 0 1 13 24 8 0 9 6 6 149 2 5 31 1 10 2 24 3 2 8 0 2 2 2 4 3 0 3 19 3 3 0 3 1 52 2 7 14 2 29 4 6 1 3 20 2 0 2 39 4 20 0 0 16 32 0 9 
1 0 29 3 5 22 1 2 0 69 8 3 4 6 2 0 2 8 0 6 2 5 4 2592 0 0 5 5 15 8 6 1 2 16 0 3 76 0 4 9 1 8 0 64 0 4 23 4 10 0 0 10 0 2 0 0 7 2 7 94 5 13 20 18 
3 1 3 12 2 4 12 14 0 2 8 12 1 1 1 2 2 6 10 15 1 1 25 7 14 7 3 1 0 1 33 11 0 27 0 8 9 18 2 10 6 3 5 18 36 23 2 15 6 51 9 3 4 5 13 1 5 10 0 37 3 9 9 88 
6 36 1 2 37 3 12 15 2 3 1 3 26 8 5 206 0 0 0 35 0 20 1 6 3 0 5 0 0 4 2 11 212 4 3 5 0 1 9 9 1 43 0 9 23 5 6 0 3 0 11 6 8 3 4 44 0 2 32 13 2 8 1 0 
4 38 120 2 24 11 0 23 12 1 2 12 20 5 8 150 7 4 1 14 1 973 2 69 78 22 1 1468 2 1 0 4 9 4 1 2 3 33 3 4 5 5 19 34 0 5 18 7 1 3 0 3 6 71 0 3 0 11 7 4 3 51 3 4 
3 0 25 1 3 0 9 2 0 1 10 3 37 15 1 6 1 1 355 0 3 87 21 0 3 2 0 4 10 1 6 0 0 2 6 27 11 15 12 8 4 5 1 1 2 4 2 7 1 4 24 2 6 5 0 14 2 1 2 118 0 0 1 6 
0 2 6 2 0 31 10 107 1 1 7 3 16 0 11 2 14 146 23 66 0 9 1 22 0 1 0 10 3 9 36 3 3 17 0 2 10 0 0 6 9 6 19 0 0 20 10 0 2 5 22 6 2 1 1 2 19 1 2 2 0 1 58 17 
0 12 0 205 3 3 22 1 6 1 0 1 140 19 88 0 18 3 13 9 1 152 5 9 1 6 1 1 2 0 102 29 5 3 0 3 0 8 0 1 0 2 9 42 2 4 52 1 1 1 6 22 2 1 2 2 7 4 23 30 1 2 1 4 
6 19 4 8 16 9 0 0 5 4 0 1 1 65 4 10 1 0 0 15 29 81 9 0 30 12 0 0 214 2 13 0 4 0 0 1 14 21 12 15 2 5 7 21 1 7 2 0 8 1 24 32 10 0 1 18 3 0 1 80 968 2 2 7 
5 1 13 30 2 8 13 1 4 6 5 56 13 2 8 1 1 31 0 0 1 0 2 19 14 0 6 1 30 470 4 1 27 0 4 6 1 0 3 2 9 38 35 9 2 6 1 2 7 0 8 4 11 65 38 11 15 13 27 0 6 1 1 0 
1 27 123 10 21 2 3 6 9 61 2 0 4 2 0 53 3 8 5 0 0 1 21 5 330 0 29 6 8 4 2 1 10 2 7 0 2 1254 1 9 1 0 5 5154 0 0 4 0 1 2 1 3 2 0 69 1 3 1 574 1 7 0 2 0 
1 3 0 2 9 75 2 8 3 1 22 2 1 8 1 3 11 2 18 4 14 3 0 14 4 5 5 20 5 3 1 192 7 2 3 5 4 11 4 0 0 0 13 8 1 2 1 7 0 34 89 2 1 27 0 8 1 3 1 1 7 0 0 0 
2 0 1 12 20 7 40 308 2 13 13 0 0 2 21 5 2 0 6 46 11 6 0 22 3 30 4 49 28 13 301 0 2 0 3 1 0 4 21 34 2 1 0 31 0 3 2 1 0 5 5 16 2 0 2 5 1 40 4 9 7 9 0 34 
0 4 5 32 0 12 74 21 6 25 0 7 3 0 7 41 44 2 3 10 20 0 11 7 8 9 4 4 6 0 10 20 606 4 2 0 2 5 0 156 1 265 3 1 13 4 4 18 1 2 1 3 3 0 0 17 2 1 0 5 2 0 5 0 
1 0 4 3 1 3 0 6 5 11 256 9 4 13 2 18 6 15 1 3 217 2 7 24 17 2 17 4 3 2 36 1 46 4 5 11 0 1 1 2 0 0 7 1 4 1 3 1 12 6 14 470 3 5 3 0 0 56 1 28 12 6 0 2 
2 14 6 7 6 3 0 7 1 11 1 2 2 14 1 8 0 30 0 4 1 1 5 2 5 9 19 6 0 4 111 3 6 60 2 1 8 1 19 3 24 1 21 14 1 7 0 1 10 0 8 11 9 21 14 1 3 15 0 5 0 7 1 18 
2 4 2 1 7 181 0 23 3 23 24 0 1 2 114 4 1 0 1 1 8 10 25 1 7 7 1 1 0 37 0 0 1 9 250 169 151 1 6 17 1 0 11 0 3 36 3 0 14 7 15 1 0 143 6 2 5 53 2 0 15 6 4 28 
2 3 101 1 0 6 2 0 11 1 18 213 66 6 2 0 0 4 9 34 6 2 3 19 1 1 10 0 14 1 7 11 2 2 0 2 7 65 2 6 35 27 12 10 1 10 2 0 27 0 10 1 79 20 37 1 6 2 5 4 1 1 0 0 
1 2 7 1 13 1 22 33 0 1 0 5 8 0 120 3 4 1 358 5 10 0 5 5 3 2 6 31 14 5 1 6 1 6 108 0 2 3 85 1 4 8 1 9 21 5 0 5 6 3 1 5 0 2 52 4 8 6 16 11 5 28 3 14 
18 14 6 6 23 15 0 4 0 74 10 13 1 0 5 2 1 2 2 0 4 130 18 0 8 1 7 12 5 28 2 1 11 1 69 0 9 21 8 2 6 3 13 3 5 10 1 4 0 22 5 2 434 50 6 1 3 2 10 4 1 28 4 0 
3 10 4 3 1 1 34 10 31 0 25 2 6 8 2 7 29 3 67 10 5 17 1 1 3 53 1 2 4 4 2 1 294 1 38 1 1 2 7 0 43 7 9 8 400 2 2 0 42 7 4 4 7 0 8 27 11 2 0 35 0 2 2 1 
6 2 0 48 3 3 9 0 0 1 7 6 2 5 2 20 21 7 2 7 1 8 0 14 56 15 1 4 28 0 21 0 17 4 0 1 0 7 1 2 2 1 0 7 2 11 37 2 5 33 6 13 9 0 8 7 0 0 31 4 0 0 51 5 
0 29 1 15 7 17 2 11 5 7 3 15 0 6 0 3 0 2 0 2 5 6 24 5 6 0 0 37 35 7 53 2 307 1 1 12 16 0 0 2 8 3 3 9 89 6 2 4 1 26 1 129 6 6 0 1 2 2 8 6 0 0 3 1 
20 46 2 17 2 6 4 1 0 3 4 0 14 6 8 3 1001 6 101 2 1 7 3 7 1 0 0 31 2 3 1 36 1 14 5 0 18 5 9 7 9 1 2 18 4 1 1 290 25 110 0 11 26 4 4 5 9 3 2 3 3 3 4 7 
25 3 12 5 2 1 2 6 6 6 8 1 3 0 2 1 10 11 4 10 6 9 0 0 4 2 11 3 1 0 6 7 5 0 0 2 18 0 1 18 9 3 1 7 0 3 2 7 41 14 3 1 0 1 0 30 2 0 26 0 9 11 2 8 
15 0 8 2 0 7 0 8 9 1 42 8 2 8 0 13 11 3 4 4 27 26 9 27 1 19 5 0 3 8 0 6 0 3 1 2 5 0 28 1 20 3 6 10 6 2 6 1 16 14 0 38 1 1 15 10 3 13 24 3 1 3 3 4 
1 5 85 1 25 0 1 1 3 7 0 2 11 6 8 0 61 1 15 8 1 85 0 1 1 11 3 11 8 17 13 20 1 12 3 80 4 0 6 2 5 0 5 0 1 0 2 0 2 0 1 5 3 2 32 2 1 9 44 1 10 19 1 12 
1 10 3 19 13 8 2 0 10 8 3 73 5 25 1 0 2 7 6 11 6 8 7 5 0 6 9 0 5 4 6 101 37 1 0 135 0 12 9 765 1 3 1 2 122 15 2 3 3 2 0 0 1 8 7 0 0 8 10 8 1 13 5 1 
9 60 2 1 16 1 0 4 2 7 2 4 6 1 92 5 121 12 1 19 1 0 6 5 3 1 26 1 2 15 9 4 34 1 0 13 12 37 6 41 13 1 0 2 1 13 0 2 6 0 20 17 13 5 2 4 72 7 12 21 37 7 9 10 
331 0 1 1 9 42 2 12 1 0 14 3 1 2 0 5 17 5 14 2 4 0 3 7 0 0 5 0 3 33 6 37 0 11 0 2 14 10 6 2 0 17 6 4 0 2 63 17 0 0 7 38 40 1 4 0 1 62 0 0 18 14 2 0 
1 1 7 2 1 3 5 254 1 5 7 0 2 23 17 0 66 2 5 57 4 0 5 1 8 77 7 2 2 1 18 1 1 1 2 815 3 9 7 0 69 2 3 0 2 45 2 1 6 1 7 17 1 5 7 1 1 2 3 2 204 10 3 5 
3 4 1 12 4 26 0 2 1 43 0 2 2 37 1 17 1 3 44 11 2 1 1 0 1 6 62 2 22 2 1 4 1 1 10 1 5 3 7 17 2 28 14 7 6 7 1 24 67 3 5 9 2 1 0 1 8 3 463 30 0 69 5 16 
6 5 39 0 21 4 89 0 1 3 2 46 1 8 18 20 88 0 7 1 0 17 143 0 66 12 20 7 1 2 5 11 2 1 10 6 1 2 3 47 5 13 27 32 0 4 1 10 38 14 0 1 4 4 35 0 34 7 1 0 3 4 0 0 
14 5 0 303 0 7 2 50 15 6 0 10 2 0 8 15 2 9 1 2 21 1 8 4 9 5 0 9 2 9 1 5 2 1 14 3 0 2 0 8 3 6 4 22 29 1 0 1 8 9 0 17 3 2 10 0 1 1 0 1 1 351 14 5 
0 4 3 2 0 0 3 2 3 2 3 14 4 0 17 8 2 1 5 5 4 0 8 7 8 0 4 4 22 68 5 1 6 0 3 45 2 0 14 38 4 9 1 3 1 5 18 5 5 1 0 0 10 2 0 0 16 1 3 0 6 0 93 0 
250 34 0 0 5 2 12 211 0 3 22 2 1 1 3 9 88 25 3 0 1 0 0 2 0 11 9 11 9 44 4 0 2 4 114 6 12 1 12 1 24 0 1238 3 2 1 2 2 4 1 6 55 6 4 8 6 6 10 2 2 0 1 3 2 
7 9 0 1 4 2 1 0 14 121 3 4 17 5 57 9 9 32 2 1 13 1 0 8 2 2 3 10 0 23 1 8 0 3 4 30 53 19 8 0 3 3 13 8 29 2 13 16 9 10 3 2 104 0 7 2 0 8 6 5 59 7 2 3 
6 12 40 46 0 1 2 27 212 11 1 3 6 7 9 11 15 2 0 6 1 0 0 0 279 15 1 16 1 26 22 6 3 0 26 10 2 24 7 0 13 2 3 6 2 5 7 1 1 12 2 2 10 1 1 2 2 38 17 2 1 7 0 0 
24 3 6 9 3 3 0 3 3 6 1 26 2 1 8 4 12 61 51 12 1 11 12 6 6 1 2 84 0 0 6 68 1 5 5 1 37 0 7 10 3 19 8 17 2 4 3 15 0 41 28 10 26 12 7 1 1 0 11 0 2 25 1155 21 
6 0 8 6 78 9 6 30 3 1 3 10 12 0 7 1 1 3 0 12 4 1 65 9 0 0 5 2 5 0 3 2 5 644 9 0 1 3 0 1 3 4 119 1 0 0 0 1 0 1 2 4 0 26 0 10 0 2 11 1 5 0 5 2 
6 11 2 1 4 13 0 2 0 6 2 0 2 0 11 3 27 21 3 0 3 8 2884 20 8 0 6 0 0 1 4 1 5 5 29 6 3 28 2 1 19 5 456 0 1 5 4 2 5 3 1 0 11 2 44 2 1 90 3 2 7 1 7 21 
19 20 161 10 0 1 5 20 22 5 10 2 8 6 1 0 16 4 2 0 7 1 5 20 1 3 4 1 0 2 4 1 0 22 37 11 8 47 1 2 0 1 0 22 5 5 6 16 7 13 0 45 7 18 14 15 0 9 3 1 34 0 149 6 
2182 3 5 1 0 1 0 84 0 0 6 0 2 4 2 2 4 6 0 1 0 11 7 1 2 1 2 30 6 18 1 3 4 15 4 23 0 16 14 14 1 8 10 1 3 5 8 34 2 1 1 3 1 6 0 12 6 1 0 47 7 1 3 2 
0 2 27 64 0 5 2 3 51 1 2 2 0 119 22 13 3 1 7 220 10 0 6 1 12 5 2 16 2 4 2 9 3 14 12 17 6 1 5 8 3 0 9 20 0 4 0 2 7 4 11 16 2 6 9 29 3 86 0 2 21 55 1 2 
70 13 0 0 0 4 1 1 7 0 1 6 1 28 23 3 3 1 0 15 3 0 24 3 7 0 8 4 43 6 1361 7 1 3 1 4 1 2 2 21 1 1 5 1 6 4 2 24 0 4 33 0 3 16 7 265 10 10 30 0 6 1 33 2 
13 6 4 20 13 2 0 90 54 22 11 14 3 2 0 1 25 3 2 1 42 7 12 9 1 0 4 1 10 3 0 2 1 24 2 8 2 8 7 3 3 7 1 20 28 2 11 1 50 0 2 13 0 9 10 2 11 6 5 1 4 2 0 10 
8 16 334 8 7 37 1 2 0 0 13 6 6 3 14 6 1 24 3 2 84 2 2 2 0 1 10 3 8 6 4 1 2 3 7 0 4 45 5 26 2 1 21 0 3 4 0 2 7 2 0 384 26 3 4 19 11 11 3 3 4 8 1 5 
18 2 34 5 7 0 3 8 566 732 1 30 5 5 1 3 40 8 22 13 6 1 8 214 14 1 0 9 19 6 9 17 4 2 12 32 19 2 5 9 1 1460 6 9 0 4 35 32 1 12 7 11 2 11 58 15 3 214 2 1 351 11 0 1 
9 9 5 0 11 18 1 4 6 5 7 82 0 0 1 29 4 0 1 0 1228 1 10 11 3 0 7 10 4 225 0 3 7 581 28 12 3 1 0 0 1 1 3 11 44 50 25 23 3 2 0 8 5 16 1 1 4 1 12 8 2 0 2 8 
1 8 26 19 8 3 0 1 9 3 7 1 10 51 1 5 2 5 67 0 20 72 96 1 34 3 2 12 0 0 7 5 5 2 157 1 4 19 6 0 1 3 90 35 19 24 2 60 1 0 11 12 2 9 0 3 4 1 7 1 3 0 22 3 
9 4 2 29 19 0 2 0 2 0 6 15 4 2 2 0 0 17 1 0 21 27 18 3 5 5 3 80 1 7 3 7 2 0 18 1 1 3 8 9 48 4 0 0 9 8 1 6 5 9 0 66 0 1 4 10 12 0 8 5 17 1 1 1 
5 13 1 47 7 0 2 0 4 9 1 15 89 0 1 4 70 29 6 6 1 29 0 0 2 10 0 8 58 1 4 16 1 5 4 1 6 8 1 0 9 23 22 29 3 8 6 9 2 9 32 8 1 42 11 1 19 5 0 0 1 5 18 76 
5 1343 0 11 256 9 6 5 3 1 4 1 1 9 12 3 4 5 6 1 5 5 3 0 0 21 6 13 24 3 25 4 0 4 0 1 2 19 19 3 66 51 6 3 0 2 7 1 2 1 2 2 9 6 17 5 1 13 2 1 9 1 17 3 
3 2 19 15 2 0 0 7 38 0 4 4 4 1 3 13 1 207 0 5 0 9 6 7 2 2 1 1 3 1 3 10 25 1 10 0 1455 0 1 2 2 0 4 0 1 0 17 1 2 56 5 69 0 2 0 119 9 92 0 3 8 2 0 1 
0 2 9 6 2 2 4 0 3 3 0 0 2 1 22 0 1 2 2 14 184 5 7 1 0 2 0 1 11 2 0 9 25 15 3 13 0 1 47 17 1 3 3 5 29 30 9 10 2 0 1 9 3 1 2 3 3 6 2 7 3 3 13 0 
4 7 10 3 0 6 11 7 6 2 2 0 7 1 41 6 9 2 6 43 5 48 1 18 415 9 3 3 6 0 1 17 2 1 33 2 1 1 0 33 1 1 3 34 2 1 1 1 3 7 44 82 6 7 1 0 0 3 0 1 5 11 3 4 
4 1 2 6 0 0 25 1 0 1 12 23 93 60 0 8 1 1 21 8 2 1 34 3 9 1 4 0 14 3 7 1 2 3 2 81 7 1 2 6 45 47 9 2 11 16 2 1 6 5 4 3 2 31 1 2 2 3 2 4 0 2 15 2 
4 52 28 5 8 2 6 5 1 1 7 0 3 5 3 2 2 6 2 3 1 1 3 19 0 0 1 0 6 8 15 4 0 12 22 48 29 1 0 0 3 3 0 1 1 25 3 4 1 0 0 0 0 2 5 1 1 9 0 1 1 2 3 19 
3 3 1 223 0 4 14 26 0 2 9 1 1 83 6 5 0 212 53 1 0 6 2 4 47 25 2 18 159 1 1 0 14 2 20 7 1 0 9 20 2 3 24 1 17 1 0 4 36 1 3 12 4 3 3 4 24 2 5 0 1 6 0 8 
3 4 3 5 1 0 2 11 4 5 21 4 1 4 5 298 9 15 5 11 12 6 24 8 2 10 3 4 2 28 0 13 1 5 3 3 3 0 3 14 14 1 1 3 21 6 7 2 1 4 4 5 3 5 25 11 1 41 0 143 0 1 6 12 
2 0 13 3 5 2 19 1 15 359 2 2 7 2 2 20 6 677 104 3 1 7 2 24 16 7 3 0 21 2 0 157 0 0 3 1 3 5 10 12 1 4 2 20 1 2 12 16 12 0 3 0 3 1 0 3 3 7 11 2 207 0 15 3 
10 3 1 111 4 2 36 322 2 20 2 0 11 21 40 107 2 5 7 13 0 4 5 5 9 30 5 6 1 21 2 267 22 8 10 972 1 227 1 0 0 6 1 0 3 9 20 13 88 4 1 5 43 3 11 17 1 5 11 2 3 6 0 1 
1 10 2 1 60 9 2 0 0 0 0 1 1 7 16 7 2 15 1 2 4 8 1 16 6 2 29 0 4 60 2 44 1 4 1 2 22 1 1 1 25 3 0 13 5 16 0 2 1 4 20 11 2 2 7 26 1 4 1 3 1 6 1 4 
52 34 1 3 9 3 21 1 27 0 7 5 4 3 3 0 0 13 10 4 5 2 5 4 0 0 10 7 0 0 1 3 0 27 1 3 0 2 0 40 1 0 0 50 3 4 85 9 1 12 20 51 0 13 4 4 30 14 5 3 15 0 5 11 
0 2 3 1 1 29 3 0 7 8 0 3 0 2 5 1 0 36 2 2 5 10 6 14 1 49 4 0 21 1 3 0 0 3 19 22 63 0 3 9 27 53 4 2 48 0 1 1 3 13 4 1 5 0 1 0 11 1 3 6 7 5 1 13 
26 1 19 1 1 0 0 0 1 9 0 8 2 0 13 1 0 0 6 3 4 0 3 1 2 2 13 10 9 1 2 1 5 24 11 9 0 165 7 244 1 215 12 0 26 38 29 6 23 1 4 17 76 8 3 0 44 19 8 2 0 3 125 6 
40 0 1 25 1 15 1 36 5 1 7 3 0 27 1 5 2 0 2 1 4 7 10 7 4 16 7 1 53 3 70 0 2 1 3 224 21 0 8 3 0 3 0 1 4 0 4 69 5 0 0 5 3 12 7 4 6 42 10 11 6 1 14 2 
18 41 0 35 22 6 1 2 8 20 0 38 3 4 2 2 11 19 43 0 1 35 7 0 21 408 1 2 0 8 21 1 3 2 0 4 9 2 0 39 27 1 0 93 119 1 22 7 39 2 1 2 6 0 1 1 5 57 0 0 3 0 16 2 
18 25 1 0 2 1 4 0 1 118 51 8 1 1 1 0 3 50 1 0 22 6 20 4 1 0 8 0 5 2 2 5 1 2 0 25 4 37 3 30 3 1 1 0 1 1 22 0 0 0 5 19 8 5 2 1631 0 0 1 0 355 44 5 4 
1 0 10 64 34 1 0 3 0 8 1 14 5 29 2 2 21 3 0 138 1 1 15 2 1 13 0 0 34 1 24 9 2 11 2 1 12 1 48 17 0 1 2 2 2 33 3 4 0 6 4 552 3 3 11 70 8 7 32 12 0 4 47 13 
4 0 11 23 5 4 5 1 3 26 5 39 58 0 1 7 0 2 74 13 80 1 214 22 0 0 2 11 12 38 49 0 0 2 11 1 2 24 2 0 11 6 1 5 2 0 2 10 1 0 28 26 2 17 0 57 1 40 0 18 13 1 2 0 
3 6 14 1 3 10 6 73 2 0 2 1 0 1 4 1 35 0 3 10 7 10 0 12 5 42 21 1 2 28 0 2 0 3 11 0 16 4 2 2 7 2 1 66 0 247 1 2 21 11 6 6 4 3 4 1 45 1 14 0 0 4 2 6 
3 4 18 3 15 0 1 0 0 5 4 1 35 0 14 9 78 2 3 5 20 0 9 5 21 5 4 7 23 5 2 7 0 1 47 1 11 0 33 10 20 2 0 7 1 10 35 1 2 0 1 1 1 13 1 6 18 9 3 209 17 1 0 2 
4 1 2 16 2 17 12 4 0 0 11 43 1 3 19 8 1 5 2 0 7 4 1 6 43 1 4 36 98 5 8 3 9 0 0 2 2 3 3 35 10 625 3 0 1 5 35 3 5 0 365 1 0 3 41 1 17 7 0 34 6 9 13 0 
4 0 7 12 369 1 2 5 5 4 2 9 18 0 1 4 17 59 3 0 0 0 3 0 7 10 0 0 3 20 19 8 31 5 1 36 18 33 1 0 3 22 50 14 6 1 0 6 3 15 34 29 5 6 2 541 0 9 0 1 2 0 9 1 
0 16 2 9 3 0 5 0 11 1 4 3 24 76 0 23 3 0 4 3 8 8 0 12 55 41 1 5 14 5 12 1 0 1 28 5 7 7 9 7 105 1 4 0 0 0 2 25 1 2 46 33 8 9 9 0 0 1 0 13 5 1 12 17 
1 5 1 4 9 454 4 8 16 1 58 20 9 4 3 1 0 5 63 6 0 0 9 4 4 4 2 259 6 9 2 0 0 0 11 3 18 23 1 25 1 1 57 5 1 80 20 4 0 1 1 19 0 5 4 1 1 12 22 0 9 0 5 0 
1 4 4 0 20 19 5 2 0 1 1 0 4 0 1 3 8 20 0 2 2 4 28 1 14 5 8 2 7 64 2 0 18 14 7 31 4 15 0 11 31 28 19 1 1 1 1 9 14 4 1 42 7 2 5 13 0 4 11 26 11 3 2 2 
4 4 12 22 13 1 14 0 5 1 1 3 0 2 0 2 4 3 11 211 28 15 7 1 15 54 215 2 26 12 5 1 24 0 5 1 10 19 0 69 1 0 1 3 5 0 9 5 0 3 69 1 1 3 0 9 1 3 2 7 6 0 0 14 
2 5 1 4 7 55 1 5 0 11 7 0 26 6 6 0 3 38 1 0 0 17 5 27 2 1 21 2 4 30 7 2 2 11 0 1 13 0 3 39 6 0 1 1 21 40 3 4 5 1 0 2 3 4 27 5 3 11 3 0 0 5 0 12 
11 3 9 8 0 0 4 1 2 1 2 13 3 2 3 61 2 1 1 10 1 2 0 1 1 14 1 10 6 3 6 49 1 1 15 1 32 22 14 4 7 23 79 8 14 3 7 2 0 214 8 2 2 0 16 3 0 0 23 10 7 1 13 1 
14 3 52 1 6 1 1 18 34 9 3 1 0 1 7 2 2 8 3 1 182 0 17 3 6 11 0 7 4 10 0 2 29 1 7 89 6 18 0 20 66 17 0 8 1 0 40 4 11 32 6 0 1 20 2 4 7 0 15 7 26 1 6 2 
2 1 5 2 1 10 1 80 1 9 5 7 4 0 4 1 69 3 10 5 3 11 19 2 4 1 1 0 4 2 0 68 1 5 3 97 0 2 6 1 27 6 3 0 55 1 13 0 35 17 24 3 1 19 1 5 23 0 0 14 88 79 2 0 
3 23 10 6 1 1 1 180 0 1 3 62 47 0 0 3 9 0 6 6 0 46 14 1 3 9 0 369 2 10 26 12 29 3 3 2 14 3 6 8 0 24 7 72 3 1 6 0 2 1 7 6 6 0 1 0 6 0 4 5 2 29 3 1 
11 0 4 0 4 5 12 1 1 26 2 1 15 8 15 2 10 23 0 0 5 3 18 1 28 2 3 4 20 5 4 1 4 1 7 13 1 5 5 1 4 2 11 208 0 12 0 0 0 2 16 0 0 0 5 0 1 56 3 8 2 1 6 13 
0 3 11 0 641 8 3 20 0 4 5 1 2 4 17 4 1 0 40 19 3 1 0 1 0 7 0 8 26 0 6 3 29 1 12 8 9 0 294 11 4 0 8 2 4 1 5 3 3 13 38 2 26 1 0 2 10 25 138 15 1 55 0 0 
5 0 8 1 6 4 15 2 7 4 5 7 6 0 0 9 2 0 5 0 12 28 23 1 14 0 1 0 1 2 13 7 19 32 15 15 12 8 2 1 29 2 7 2 3 3 2 126 28 1 4 1 0 5 0 13 0 10 2 22 0 0 8 2 
0 28 6 0 11 9 2 1 20 1 9 5 2 0 6 44 1 10 4 13 7 14 7 12 329 5 1 4 6 24 6 1 1 7 22 2 3 76 38 4 1 3 0 12 127 32 5 2 1 2 4 57 5 5 1 31 1 5 47 8 0 5 0 0 
0 1 2 7 31 7 0 8 11 1 1 23 89 567 6 11 2 7 3 1 1 15 4 7 9 7 6 0 1 16 22 4 29 19 4 6 0 0 1 22 9 13 31 3 4 7 1 2 7 11 5 12 1 22 0 2 2 0 0 0 15 38 0 3 
5 6 30 3 29 1 1 11 4 8 10 8 9 19 2 2 2 1 1 1 0 91 3 1 26 3 0 3 2 8 5 11 7 4 11 10 6 1 1 0 28 56 71 15 63 1 0 0 0 10 4 1 2 0 3 1 1 123 4 5 2 7 2 3 
0 1 5 14 3 2 0 7 58 0 107 36 12 24 4 0 5 1 0 2 1 13 3 2 12 9 7 11 0 48 213 7 0 2 0 4 5 1 120 1 0 8 1 17 2 3 0 14 0 3 58 2 19 9 11 29 2 9 94 0 0 8 0 3 
3 22 6 3 0 1 2 1 0 320 11 11 1 30 11 6 0 0 0 0 1 0 6 8 9 9 19 3 1 24 0 9 0 3 1 0 1 97 0 5 1 2 0 4 1 26 4 6 3 14 9 46 8 24 1 16 2 1 2 0 2 4 4 12 
77 1 1 10 8 10 2 4 10 9 6 1 27 0 16 0 3 2 12 0 18 2 6 0 6 14 8 0 2 0 44 46 11 11 24 33 54 9 0 1 8 1 23 25 4 35 8 0 3 19 38 2 1 6 9 3 1 0 2 1 3 2 8 14 
2 0 0 1 25 1 2 1 4 0 4 62 2 2 1 3 8 3 15 10 2 0 2 0 2 3 2 12 9 8 1 1 4 4 0 2 3 148 16 6 12 2 1 10 1 0 2 4 0 1 3 0 2 5 1 4 19 39 1 0 0 172 2 8 
7 15 5 0 10 54 2 17 429 4 5 1 4 1 1 5 2 1 1 14 15 4 0 0 0 2 1 6 19 1 71 1 1 49 1 5 1 1 6 3 5 1 42 6 2 2 19 4 2 34 11 12 2 26 17 16 0 9 1 9 0 0 7 4 
4 21 5 5 2 6 3 0 2 2 0 0 24 68 12 10 5 7 13 0 11 29 1555 2 131 6 2 3 2 0 3 3 0 16 6 0 1 27 1 4 178 1 27 1 0 5 3 1 3 2 0 3 214 40 21 45 4 3 34 4 11 25 5 10 
14 4 2 12 6 3 19 2 1 0 2 11 1 9 4 18 1 6 2 0 1 1 89 12 7 5 16 5 2 6 9 0 1 1 42 14 0 8 8 10 11 5 90 1 3 11 28 1 11 0 11 7 2 31 0 2 5 0 1 6 2 4 10 111 
1 5 38 6 1 5 520 19 104 6 7 1 0 44 1 1 1 9 6 3 11 5 14 0 1 5 11 0 2 2 9 2 3 6 1 2 2 36 11 0 10 278 1 7 69 0 0 0 0 3 43 8 8 2 148 5 9 5 13 146 0 11 0 334 
0 7 0 0 3 37 2 1 3 2 1 9 3 5 2 6 1 0 1 0 0 6 28 4 0 3 10 46 9 13 7 11 1 1 5 2 1 2 21 22 4 2 9 2 0 7 2 0 4 0 10 3 7 51 9 5 11 7 205 1 22 5 3 11 
3 5 5 0 0 1 11 12 23 14 1 102 0 8 9 11 4 3 9 1 12 11 18 366 40 25 0 3 0 2 2 5 2 27 24 38 5 5 33 18 1 4 3 6 0 34 22 13 0 87 22 2 0 18 23 742 10 0 1 0 3 0 0 4 
129 6 2 2 1 1 1 33 14 3 1 3 5 11 3 5 1 1 46 20 2 0 39 414 8 3 3 2 5 7 10 2 7 4 2 3 96 8 18 2 19 4 9 3 22 1 1 7 3 0 1 1 0 2 8 1 0 0 0 23 0 21 0 17 
2 0 3 1 16 4 0 1 2 9 9 319 10 5 14 1 716 4 4 2 169 10 0 0 2 55 32 3 1 0 1 6 8 3 48 6 3 5 12 11 11 2 3 0 1 11 0 0 2 2 10 16 6 34 10 13 12 14 20 2 70 1 0 8 
4 8 7 3 39 25 20 7 2 7 0 4 3 8 1 2 12 27 8 0 2 0 0 3 6 1 5 2 10 7 4 0 6 3 2 8 4 20 3 4 7 1 2 1 2 4 0 4 1 6 0 4 6 0 25 8 0 1 5 9 19 52 1 35 
4 2 1 9 8 3 0 14 2 3 1 2 52 140 0 944 0 1 0 10 52 6 4 16 5 5 33 4 9 1 177 1 0 1 1 3 31 1 44 6 0 3 6 1 1 3 10 1 12 11 9 1 9 1 6 20 2 2 19 26 8 0 1 2 
10 1 3 33 2 0 77 15 4 23 67 11 2 4 17 6 0 4 5 0 0 3 6 3 1 1 4 63 3 1 4 20 2 5 6 30 39 7 3 8 2 1 1 26 2 29 9 2 13 9 10 15 0 17 7 82 13 6 133 2 10 0 1 5 
2 19 0 0 4 12 30 2 16 0 54 2 2 58 0 1 18 0 23 3 13 9 0 2 2 26 1 30 0 12 4 0 3 1 1 54 3 1 0 13 2 3 40 1 3 12 101 47 0 0 1 0 14 5 16 18 59 1 28 33 2 5 1 4 
11 10 1 5 147 20 27 32 0 2 3 9 2 7 2 1 0 7 0 1 1 0 8 20 12 4 0 1 14 6 1 0 1 7 5 4 0 1 10 2 2 519 0 16 0 8 63 0 58 11 13 1 10 5 6 10 1 6 0 1 1 1 22 4 
1 0 0 25 3 0 4 2 11 199 8 0 7 30 14 4 6 22 6 3 1 13 2 17 1 451 82 14 911 0 7 2 3 0 4 4 10 2 6 2 4 1 22 2 10 4 17 1 29 6 12 3 6 0 0 41 7 1 22 60 17 2 18 41 
1 41 11 9 0 1 26 37 50 4 4 43 4 8 12 3 9 2 4 12 2 27 0 8 6 2 4 0 60 11 217 0 25 10 0 1 1 1 268 130 8 2 12 1 4 2 2 19 16 11 0 2 0 1 28 39 14 5 0 9 3 0 1 8 
37 1 0 2 23 1 3 0 33 5 8 29 10 1 0 2 180 0 3 1 4 6 4 3 3 1 4 2 3 3 11 7 3 46 4 1 1 5 6 23 5 5 8 4 1 2 30 25 0 51 2 1 0 1 2 14 7 11 0 0 17 2 3 2 
1 23 9 6 1 8 3 0 0 9 9 0 1 2 2 0 34 0 4 1 0 7 51 0 7 2 9 35 27 1 1 0 4 38 47 5 0 3 1 3 1 1 2 13 6 2 4 6 2 3 9 9 3 1 4 0 2 1 6 11 1 23 1 2 
3 1 7 0 3 4 49 0 12 7 33 3 3 409 7 3 1 8 22 1 7 0 10 5 16 2 108 9 7 5 7 12 0 2 8 10 10 9 4 12 131 5 2 1 1 10 2 12 0 31 22 7 10 1 26 1 5 32 2 0 4 13 4 6 
3 0 1 0 0 11 0 1 2 1 8 53 6 0 12 0 0 4 3 1 74 1 6 54 0 16 1 10 1 4 11 0 9 1 12 5 9 1 1 84 3 67 2 1 3 3 1 2 0 0 2 1 0 0 0 8 1 8 0 10 2 9 7 0 
0 9 0 1 37 7 22 19 4 3 1 3 3 9 3 5 13 7 9 8 4 0 0 3 19 0 0 2 5 2 2 35 0 0 3 17 8 0 2 0 0 87 3 2 2 1 1 29 1 55 1 22 13 0 0 3 18 0 8 2 4 114 50 2 
4 33 5 29 10 2 28 3 12 18 92 20 2 26 1 1 20 8 13 36 9 4 70 22 0 1 0 1 0 1 2 36 14 3 1 8 1 0 2 18 0 7 20 9 1 1 2 6 9 10 1 0 9 1 0 0 2 155 6 0 2 3 50 1 
1 0 1 2 16 1 3 0 4 6 9 4 0 20 1 27 7 1 30 0 1 9 4 11 29 13 1 0 1 9 2 0 0 1 1 0 14 1 0 1 2 2 0 4 1 15 0 3 0 2 0 4 5 14 0 0 6 0 31 10 20 1 1 23 
1 0 1 0 3 4 0 2 2 2 0 11 7 3 12 17 16 1 1 0 233 1 86 4 17 1 4 0 0 9 7 4 2 66 4 3 64 31 6 1 2 5 14 4 15 2 0 6 14 2 0 0 121 11 0 1 4 3 0 5 3 1 8 1 
8 2 2 2 1 10 1 1 0 3 6 0 2 1 6 7 1 1 1 9 2 15 19 10 1 11 0 13 12 10 0 0 0 6 32 8 1 5 2 6 0 2 3 10 0 1 0 7 7 2 211 1 5 0 1 89 1 2 0 1 2 0 9 0 
2 10 66 10 4 1 13 6 2 1 4 1 5 1 1 0 11 1 9 5 1 15 5 0 6 4 6 0 5 1 1 6 13 7 10 8 2 1 13 2 2 5 15 0 2 3 9 6 0 2 1 0 0 1 7 1 5 12 2 17 27 2 4 6 
2 5 1 77 0 4 4 22 10 14 2 6 1 49 6 124 4 43 1 46 6 3 9 8 9 6 1 1 3 4 1 3 14 10 3 0 3 0 2 1 12 1 3 4 0 0 6 337 1 1 13 3 82 4 12 11 18 24 2 1 3 2 5 1 
1 7 48 16 26 1 2 1 0 3 1 2 5 8 0 6 0 14 1 10 5 2 34 19 5 3 9 6 11 7 2 22 18 82 8 3 7 0 33 5 135 12 0 6 17 13 5 5 2 0 6 0 8 19 38 552 0 51 2 8 19 26 1 2 
27 0 5 27 38 1 4 3 26 4 6 21 43 28 1 192 30 4 4 209 28 6 3 3 2 3 10 7 13 11 18 8 16 3 5 10 2 12 0 25 9 4 4 4 0 1 4 18 3 2 0 17 4 2 6 1 34 5 6 0 7 5 1 541 
0 1 0 2 27 49 0 2 4 0 2 1 9 10 2 8 2 4 4 0 3 2 10 2 0 9 2 79 0 21 8 31 0 11 7 5 4 2 1 31 0 1 12 1 7 13 1 18 12 9 37 1 1 2 3 3 4 2 0 5 2 2 8 43 
8 10 4 49 0 45 6 4 81 1 0 2 0 4 3 7 206 7 9 7 2 7 2 0 10 1 0 0 9 1745 1 7 20 0 3 1 0 0 3 0 1 8 8 5 1 13 1 2 2 0 3 0 4 4 13 1 2 8 2 1 1 24 4 9 
12 0 1 6 976 9 2 16 118 3 5 0 1 12 92 0 0 0 6 0 8 30 26 20 0 1 4 27 0 8 0 1 0 30 2 2 1 10 8 34 13 41 5 0 0 50 10 0 2 188 2 4 5 9 2 5 10 2 3 9 2 0 13 1 
75 82 24 0 4 3 2 0 7 49 158 6 1 13 0 185 130 1 4 1 17 1 64 2 8 1 5 8 5 1 26 1 32 1 3 1 1 258 5 2 1 1 5 1 1 0 0 2 0 1 15 6 3 0 33 88 10 29 6 10 1 42 10 8 
0 6 20 0 4 2 1 7 4 28 0 47 1 31 5 36 5 1 11 1 1 95 9 6 2 2 1 1 3 5 8 1 5 10 58 1 9 7 7 4 2 1 2 5 5 27 8 103 3 8 1 0 2 2 7 0 0 2 1 1 12 1 4 39 
25 0 2 6 6 62 0 8 2 14 2 12 18 1 33 0 6 1 98 0 3 11 31 0 1 1 2 2 20 0 6 6 1 35 4 0 0 5 19 1 1 1 3 17 0 4 2 2 1 21 1 13 16 12 7 0 5 7 4 4 405 13 12 5 
8 5 5 2 22 7 14 89 0 463 5 7 0 1 0 3 10 28 2 4 3 3207 4 6 7 0 34 0 2 0 1 0 5 3 31 37 1 2 2 0 8 6 3 6 5 15 0 5 1 3 7 2 8 0 0 3 0 1 8 2 0 25 14 0 
0 0 9 3 1 1 8 2 1 3 1 0 4 0 41 2 0 7 26 2 0 4 2 8 38 5 2 4 9 62 1 0 0 15 4 1 3 0 1 16 2 5 4 6 5 1 2 2 12 8 0 4 8 1 6 0 346 11 3 0 4 11 26 2 
2 12 45 1 4 12 6 1 4 0 151 7 2 3 6 82 156 5 2 28 4 2 1 1 7 0 5 0 19 10 12 2 1 5 5 4 6 57 3 3 13 59 0 2 9 3 4 6 35 1 1 0 2 4 2 1 4 0 23 4 3 5 10 1 
1 0 2 35 7 0 41 8 3 0 9 30 1 9 3 6 2 37 4 3 4 42 1 0 3 42 4 14 0 3 12 9 6 4 0 5 4 3 7 10 13 3 2 2 14 2 13 2 9 14 9 2 5 0 0 1 11 8 2 4 2 1 6 0 
1 8 4 1 3 2 4 2 2 0 34 7 13 2 2 4 257 0 0 1 0 3 16 2 2 17 25 1 3 6 1 1 9 17 10 6 3 145 14 1 2 37 37 0 15 7 5 9 20 1 2 27 8 17 3 8 47 1 18 15 7 9 0 8 
0 1 3 7 3 12 6 28 33 6 0 4 2 3 2 5 3 1 2 1 0 23 30 5 8 12 9 8 3 1 146 0 3 17 7 16 0 20 4 5 1 37 1 10 2 2 2 2 0 2 6 0 14 60 47 10 0 0 2 13 3 41 2 4 
1 1 4 3 2 0 1 4 8 2 11 1 2 0 128 2 6 4 3 0 5 0 12 17 0 21 12 2 5 1 1 15 1 31 14 15 4 79 5 2 10 12 12 6 84 5 36 3 18 78 10 44 2 43 119 1 1 14 0 0 0 6 1 76 
32 13 35 1 1 51 183 4 47 2 0 6 7 1 2 3 1 4 7 20 0 1 2 21 1 2 6 1 7 6 0 11 3 10 4 0 1 2 0 2 10 1 11 5 7 0 0 26 760 2 79 0 4 1 1 16 3 4 12 1 2 2 11 5 
11 2 1 1 34 7 2 0 2 1 2 24 11 0 15 1 147 0 1 5 13 4 2 1 26 24 10 5 32 2 3 7 13 263 1 3 20 0 24 6 0 1 0 2 23 4 7 21 1 15 1 14 99 11 1 2 2 1 8 1 33 0 7 0 
3 0 4 0 1 1 6 0 5 0 8 0 5 11 5 7 3 0 0 2 0 1 4 0 4 8 4 12 5 13 1 13 1 7 2 0 527 28 12 17 4 8 3 5 5 1 2 903 1 2 2 0 2 2 6 4 15 1 38 15 242 7 4 7 
2 1 16 1 0 12 1 10 1 3 5 2 5 8 0 8 2 2 0 7 19 0 4 7 0 0 1 1 2 8 27 17 7 1 17 18 21 7 3 4 11 18 11 34 7 3 21 3 0 2 15 0 0 4 13 9 9 1 70 18 7 2 3 6 
9 10 0 0 1 2 3 4 4 3 14 6 14 4 2 16 4 0 4 25 6 2 0 5 16 13 3 19 1 2 4 5 7 1 0 1 4 5 10 13 1 3 2 5 1289 2 97 34 7 138 1 6 0 0 1 0 4 3 13 6 6 2 3 2 
0 4 24 0 3 0 2 14 15 5 34 19 14 6 6 10 0 4 1 5 6 1 2 9 1 1 2 30 33 4 5 5 5 1 1 3 1 2 5 23 27 0 1 10 0 1 6 2 2 11 2 1 5 6 0 1 7 60 2 1 4 1 2 2 
2 2 7 4 1 1 2 11 2 7 2 6 0 3 2 10 2 19 8 4 1 104 15 4 0 3 9 6 9 0 6 3 3 7 1 1 0 1 11 3 0 6 0 1 160 1 7 3 0 7 7 0 21 3 4 2 36 1 1 3 1 60 3 15 
1 0 3 4 4 1 12 8 0 2 12 2 3 1 65 8 5 9 0 1 17 0 0 1 5 10 16 0 3 9 71 14 0 3 2 4 1 2 12 1 4 2 1 1 0 3 1 9 0 0 17 1 0 2 9 47 26 20 2 0 9 19 5 1 
0 30 7 4 17 7 6 1 1 0 3 1 2 1 18 0 0 1 2 45 23 1 6 24 0 0 1 2 13 0 1 1 5 17 10 3 5 0 1 16 3 2 5 44 2 7 0 1 1 14 1 10 3 0 52 2 2 15 7 3 2 2 0 5282 
2 0 6 1 2 16 2 1 6 2 0 1 10 4 62 8 15 0 1 34 2 0 14 14 0 1 5 16 7 25 58 8 0 6 12 12 2 4 5 4 30 8 1 9 25 11 10 2 2 2 2 7 7 4 0 5 28 0 4 1 15 2 1 6 
7 5 10 0 0 26 0 81 5 14 1 6 38 1 2 3 1 0 20 3 6 6 12 22 5 22 0 0 20 14 1 1 1 25 11 24 0 14 3 7 3 5 0 64 26 2 9 2 11 1 2 2 8 0 3 20 8 7 0 13 19 2 0 6 
7 0 4 2 2 4 14 8 2 2 4 3 7 1 4 2 2 7 5 2 1 13 9 17 8 0 5 128 6 6 9 6 131 2 4 27 244 2 9 0 6 1 2 13 33 3 7 1 13 8 10 3 61 6 0 2 16 1 9 27 8 1 0 3 
0 0 9 45 3 3 0 76 7 3 2 0 3 2 10 1 2 150 1 1 3 18 38 1 13 0 1 2 30 17 2 5 2 0 34 16 19 0 13 2 3 4 0 0 2 224 2 2 23 4 11 0 6 699 5 1 2 20 3 9 2 3 3 0 
1 13 0 1 25 4 3 1 0 56 3 1 22 3 3 13 1 1 0 29 3 26 10 3 1 17 1 0 0 1 828 8 31 1 0 2 1 1 0 7 0 1 0 0 87 0 1 1 9 3 6 0 1 1 3 5 57 8 2 6 3 4 60 0 
1 1 11 65 0 0 0 9 3 0 5 72 2 7 8 251 11 0 3 0 5 1 0 2 2 10 7 0 27 26 2 3 2 3 7 1 3 3 6 5 18 17 2 8 1 0 24 0 3 95 0 13 7 0 10 3 3 2 5 116 10 22 4 21 
5 2 70 5 23 2 10 27 132 32 0 3 4 1 1 16 4 9 1 4 3 2 12 0 0 2 88 18 0 8 0 11 2 0 10 0 475 5 219 9 458 10 3 7 8 8 2 0 1 11 12 3 0 2 0 0 6 0 9 2 1 0 29 25 
14 6 2 15 5 25 10 8 3 0 104 6 30 11 5 3 67 53 16 4 0 1 0 0 8 3 4 13 110 0 9 1 4 3 1 3 6 1 2 0 6 0 1049 2 0 3 1 2 94 1 1 150 7 2430 1 6 20 0 15 7 2 12 1 5 
9 1 0 3 0 2 1 6 179 42 90 2 3 3 107 3 139 3 25 104 4 4 4 12 4 7 2 19 1 4 6 2 7 4 6 0 0 3 6 9 11 305 8 9 1 12 10 2 2 11 0 26 33 4 7 1 19 5 6 5 9 435 33 44 
19 2 1 11 136 69 0 6 3 11 20 3 12 38 0 1 5 7 1 61 3 1 8 17 1 5 1 1 34 1 0 0 9 0 2 2 4 1 4 19 0 9 0 66 3 1 0 16 6 3 2 26 5 5 9 7 12 5 7 1 2 4 3 6 
35 3 9 4 1 3 7 4 1 5 3 2 12 0 153 2 11 11 6 10 1 6 2 2 38 5 11 0 3 0 6 7 24 3 0 7 15 3 1 0 10 1 0 2 22 0 9 6 2 1 9 3 1 2 18 4 1 3 34 7 1 3 13 129 
0 27 5 4 11 12 2 6 36 2 11 1 0 1 25 2 1 21 9 0 28 82 27 0 2 0 11 3 0 6 10 1988 0 0 7 4 8 5 2 13 2 4 1 10 4 2 2 170 14 5 12 18 2 3 3 1 5 4 0 0 48 8 7 2 
0 7 7 1 59 0 3 5 31 9 6 6 10 13 9 1 8 21 5 3 168 1 0 6 4 1 2 1 1 2 2 2 2 0 1 30 0 17 1 1 0 1 0 7 3 2 0 5 11 14 1 11 6 4 8 1 16 4 0 11 0 37 27 2 
32 2 0 1 0 0 2 3 1 0 29 38 11 1 3 51 2 3 33 26 0 6 22 19 4 24 12 105 2 0 0 0 0 3 5 0 0 1 1 11 0 15 23 1 1 2 6 3 5 0 221 13 2 3 34 4 1 4 2 4 2 2 4 2 
19 6 4 6 2 10 25 106 8 9 1 6 7 8 1 40 18 1 12 1 0 4 12 8 7 51 18 1 12 5 2 0 62 4 7 1 3 27 1 2 5 0 3 0 0 1 2 12 0 13 7 7 3 3 0 4 1 5 1 0 9 14 11 6 
1 2 14 2 3 2 3 6 8 14 4 4 5 0 0 2 4 14 4 4 1 30 3 3 1 0 0 2 9 0 4 4 1 90 2 0 6 2 6 2 19 2 1 6 2 7 5 1 28 7 10 5 9 1 1 1 70 4 0 0 28 16 2 0 
27 1 265 0 2 16 6 1 0 7 0 62 0 59 5 1 9 3 0 262 6 0 44 2 0 25 1 6 0 25 0 3 8 1 9 21 1 6 1 3 5 1 4 290 1 1 7 11 73 11 11 3 7 2 5 76 0 6 4 0 1 91 14 1 
2 5 0 0 3 1 3 2 3 3 20 166 4 12 3 0 8 5 0 6 243 4 3 2 1 7 7 15 23 19 41 35 3 6 2 7 12 1 11 12 1 1 10 2 9 4 27 7 3 836 18 1 6 4 2 526 3 20 9 3 10 4 7 2 
0 20 21 41 2 0 3 49 110 1 9 0 45 3 0 3 2 1 26 3 11 7 5 47 3 9 2 1 10 0 3 0 8 238 0 12 2 5 12 2 1 203 1 2 10 17 9 14 70 1 2 18 4 10 15 3 0 0 3 8 1 1 1 20 
0 10 1 0 15 41 4 25 7 4 9 3 4 0 13 3 20 0 8 6 3 30 39 1 20 1 4 40 1 1 0 128 15 5 22 29 6 115 5 0 3 9 11 31 13 16 5 1 0 4 7 7 12 1 9 32 36 1 0 1 3 4 2 36 
0 