2 9 1 2 2 18 0 0 0 0 0 0 2 8 3 22 3 6 1 6 1 1 2 6 0 0 4 4 4 21 4 17 4 12 0 0 3 5 0 0 1 1 1 4 1 1 2 10 3 7 4 5 2 3 6 108 1 1 1 4 0 0 2 30 
1 1 2 4 3 4 1 1 0 0 3 10 2 14 2 6 1 1 2 3 1 1 0 0 3 38 5 11 6 8 1 4 1 1 2 6 1 1 2 19 3 15 2 39 0 0 2 41 1 2 1 1 4 4 3 5 3 8 3 17 1 1 1 8 
2 4 3 33 1 3 2 2 4 28 0 0 3 9 3 8 0 0 3 47 1 1 2 16 1 1 1 1 1 1 2 7 1 2 2 6 3 4 1 1 3 20 4 9 2 8 2 3 1 5 0 0 3 5 3 24 2 2 3 5 2 63 1 1 
0 0 3 6 2 8 2 19 3 4 3 7 5 6 2 47 1 185 2 2 4 9 4 5 3 154 0 0 4 6 4 45 2 5 1 1 5 16 2 2 2 6 2 2 2 2 1 1 2 2 4 11 2 3 2 9 1 2 1 1 2 7 4 13 
1 18 3 10 2 95 1 5 2 3 2 3 6 2167 1 1 2 44 2 2 2 20 2 13 1 1 1 3 2 6 4 24 3 8 2 2 1 1 1 1 4 14 1 5 2 11 5 17 3 6 3 7 1 4 2 2 3 218 3 22 0 0 2 17 
1 3 0 0 1 4 3 3 1 2 3 3 1 1 3 41 2 9 4 441 1 1 3 10 3 5 3 7 2 10 1 3 3 16 2 2 4 6 2 2 0 0 4 96 2 2 1 16 4 4 0 0 0 0 3 11 1 3 2 2 1 12 3 20 
1 7 0 0 2 2 3 21 4 10 8 19 3 11 1 1 1 4 6 23 3 3 4 9 2 5 2 26 2 2 2 19 0 0 2 16 2 2 1 2 1 14 2 5 1 1 4 52 5 6 1 2 1 1 2 5 2 6 3 16 1 7 5 30 
2 6 2 6 2 2 3 47 3 13 2 2 2 25 1 1 1 118 1 5 2 15 2 9 2 9 1 2 2 32 2 4 1 1 3 5 0 0 1 1 2 13 0 0 1 3 5 6 3 7 1 3 3 7 3 25 3 3 1 1 3 11 3 7 
1 48 1 1 0 0 1 1 4 89 3 14 2 5 0 0 4 6 4 6 1 3 2 3 3 27 2 5 3 7 2 7 2 2 3 4 3 8 1 58 5 19 3 4 1 7 3 88 0 0 4 10 4 17 2 94 0 0 7 94 1 6 1 4 
1 2 0 0 2 4 3 13 2 3 1 3 2 6 3 12 3 9 1 1 2 2 4 4 2 48 4 15 4 6 1 4 0 0 2 10 0 0 4 18 2 6 4 11 2 2 2 5 2 3 1 6 0 0 1 11 1 1 0 0 1 1 1 2 
0 0 2 8 4 44 3 11 0 0 2 29 2 6 0 0 2 3 3 3 0 0 2 3 2 19 3 3 4 10 0 0 1 2 3 453 1 1 2 2 3 11 2 37 0 0 1 1 1 1 5 12 3 4 1 7 2 2 1 1 1 1 1 1 
1 3 2 3 4 27 2 25 1 6 2 3 4 55 0 0 4 8 0 0 5 10 1 3 2 20 3 13 2 2 1 2 2 2 2 8 4 34 1 1 2 3 2 12 1 1 2 6 3 10 4 10 4 97 3 4 0 0 3 3 0 0 3 1604 
1 3 2 5 3 13 2 13 2 6 1 1 1 1 3 5 2 4 2 32 3 5 2 19 1 2 1 6 3 7 1 1 2 4 0 0 5 2455 3 6 3 8 1 1 0 0 1 1 5 10 4 55 2 9 3 23 1 1 0 0 1 1 1 1 
1 1 5 13 4 13 4 9 2 8 2 15 1 1 4 9 2 6 0 0 0 0 4 241 1 1 0 0 1 1 2 4 0 0 2 9 3 4 1 1 1 2 2 9 2 7 0 0 2 3 2 19 3 5 2 7 1 3 6 24 2 17 3 9 
3 35 0 0 1 3 3 11 1 1 3 13 1 1 5 21 3 3 1 7 1 21 2 8 5 12 3 42 1 42 5 19 3 61 1 1 1 1 4 30 4 728 2 15 1 21 1 2 0 0 2 5 2 7 4 11 1 1 1 1 2 5 2 2 
3 7 1 1 1 1 2 2 1 1 5 20 6 11 3 6 2 4 1 1 4 55 3 10 1 6 1 4 1 1 2 8 2 3 4 13 1 3 2 2 1 1 1 3 1 1 1 31 1 2 2 5 1 1 2 3 0 0 2 3 3 4 1 1 
2 5 4 174 1 1 0 0 3 45 0 0 0 0 2 393 2 2 2 3 3 34 1 9 2 3 1 26 1 1 2 2 2 28 3 54 2 3 1 1 3 5 2 2 5 45 3 13 2 3 2 6 2 2 0 0 2 7 1 1 7 25 6 1014 
0 0 0 0 2 2 1 1 5 40 2 5 4 19 2 2 1 14 1 4 0 0 2 8 5 10 2 3 4 49 4 43 2 4 1 1 1 1 4 10 2 2 1 1 1 5 5 42 1 6 2 2 2 4 0 0 5 25 1 1 2 2 5 17 
3 10 2 2 1 1 4 13 5 16 0 0 2 5 4 12 2 14 1 2 2 2 4 45 3 6 2 6 3 10 3 4 2 4 3 13 3 7 3 347 2 9 2 7 1 1 4 389 1 1 4 25 3 9 1 1 1 7 2 40 2 4 0 0 
3 4 1 6 6 8 2 8 4 69 1 5 1 1 2 11 1 1 1 6 0 0 1 1 5 41 5 6 2 29 5 35 2 5 2 3 0 0 0 0 3 12 1 1 0 0 4 15 5 122 2 2 1 3 2 2 1 1 5 9 2 11 0 0 
3 50 1 13 1 1 3 18 2 5 1 6 2 2 1 1 1 1 3 7 2 2 0 0 2 8 2 18 1 1 1 1 1 1 4 23 3 3 1 2 2 2 1 29 1 6 2 9 1 3 2 13 4 7 2 3 3 7 2 2 2 27 2 2 
5 30 0 0 4 10 0 0 3 132 3 4 2 17 2 10 0 0 2 2 2 9 4 10 2 15 2 4 2 4 0 0 3 11 0 0 1 1 1 53 1 4 2 6 2 14 0 0 1 1 3 4 2 7 3 18 0 0 4 6 4 16 1 1 
4 7 0 0 1 1 2 5 1 1 0 0 2 2 1 1 0 0 0 0 3 21 1 2 3 3 1 1 0 0 1 1 3 12 3 9 3 4 4 244 1 7 2 9 1 1 4 17 1 2 4 106 2 2 2 4 1 1 2 17 4 19 2 21 
1 7 3 13 2 3 2 3 2 5 1 2 3 10 3 13 3 3 5 16 2 74 3 109 1 3 2 2 2 6 3 4 3 3 1 1 2 6 1 26 1 1 4 32 2 3 0 0 4 6 1 6 1 1 2 75 0 0 0 0 4 12 1 3 
2 7 1 1 1 2 4 126 3 8 2 42 3 3 2 2 3 24 3 9 3 15 5 23 2 25 2 11 3 20 1 1 0 0 3 4 0 0 1 1 0 0 0 0 0 0 0 0 1 3 2 20 0 0 3 11 0 0 1 24 0 0 1 52 
3 10 2 2 4 5 0 0 4 38 2 2 0 0 0 0 4 10 2 9 2 2 2 3 1 4 1 21 1 1 2 19 3 10 2 5 5 75 1 1 1 5 1 3 1 1 1 1 1 1 2 65 1 2 2 12 2 2 2 11 4 32 4 15 
3 4 3 20 1 2 2 36 3 4 1 1 1 1 2 21 2 20 3 6 1 7 6 25 2 2 0 0 3 9 3 6 3 3 2 18 1 1 2 24 1 1 2 4 4 4 1 1 4 19 3 27 3 31 3 14 0 0 4 4 3 34 1 1 
4 47 2 9 3 29 0 0 1 7 5 45 5 16 3 3 0 0 1 1 4 18 4 16 2 13 2 58 6 17 1 17 2 2 3 4 3 9 4 14 0 0 2 4 4 6 0 0 4 32 0 0 3 4 4 30 2 6 1 11 3 4 2 2 
1 3 2 17 2 15 0 0 2 2 1 1 1 1 2 14 3 21 1 4 0 0 2 176 3 3 2 2 0 0 0 0 2 9 0 0 3 6 2 20 2 12 3 46 0 0 3 3 1 1 2 6 4 21 2 3 1 5 3 6 5 10 1 4 
2 6 4 6 3 50 5 6 2 2 2 7 1 1 2 10 1 1 5 10 2 11 2 7 3 9 3 4 7 11 1 1 2 2 6 48 3 4 1 1 2 15 1 2 0 0 2 6 1 6 4 12 2 2 4 19 1 16 2 19 1 1 4 11 
3 6 3 8 3 4 2 25 3 4 2 2 1 1 4 9 1 1 2 14 1 6 2 2 5 40 5 16 1 20 3 4 2 5 1 12 0 0 0 0 1 1 2 22 1 1 2 35 3 19 3 3 0 0 2 2 4 10 2 6 1 1 2 116 
2 21 2 29 1 5 1 28 0 0 1 1 4 4 1 2 6 21 1 2 1 2 1 2 1 8 3 8 3 13 1 1 0 0 4 13 1 1 1 5 2 7 1 3 4 41 2 6 2 3 2 6 2 852 4 23 2 24 0 0 2 6 1 1 
5 32 4 109 2 2 1 25 2 6 3 11 1 1 2 6 1 1 2 2 1 2 5 92 2 2 4 6 2 2 1 1 1 4 3 7 3 15 0 0 0 0 1 1 4 12 2 25 1 1 0 0 3 28 2 15 1 1 1 1 3 11 2 6 
1 1 0 0 3 35 2 10 3 10 4 93 2 2 3 7 2 2 3 10 1 3 3 166 1 3 2 12 1 1 2 5 1 1 2 7 3 37 1 1 2 10 2 11 1 5 3 4 3 123 1 1 3 51 3 9 1 1 2 43 2 8 0 0 
4 1244 2 2 3 4 2 6 2 22 0 0 5 11 2 2 1 1 3 15 2 6 3 3 1 9 4 14 2 9 3 3 2 63 3 6 2 12 1 2 2 2 2 10 3 37 4 27 2 4 1 33 3 17 0 0 4 33 2 3 2 4 2 17 
1 1 1 3 3 17 4 6 4 8 2 15 2 2 0 0 3 12 4 19 2 10 4 6 2 7 1 1 0 0 1 25 2 25 1 1 1 20 2 15 1 3 4 47 2 20 7 62 1 1 2 2 3 7 0 0 3 55 1 1 5 21 1 1 
3 8 3 7 1 1 2 59 3 67 5 9 2 3 1 1 0 0 3 7 2 6 1 1 0 0 2 2 1 4 2 18 3 4 2 2 0 0 2 2 2 11 0 0 1 1 4 8 1 1 1 9 1 35 1 4 3 53 5 75 3 4 1 5 
1 7 3 22 2 43 3 34 2 2 2 2 1 2 3 4 2 64 2 2 2 4 1 7 1 1 0 0 2 9 2 7 2 35 4 6 1 1 3 7 1 2 1 3 3 16 3 15 3 54 1 1 1 1 6 32 1 1 2 3 5 38 1 1 
3 3 1 1 1 1 3 3 1 1 0 0 3 4 2 5 3 26 1 6 1 6 3 108 1 25 1 10 3 11 1 2 1 1 3 9 1 1 0 0 1 5 0 0 1 5 2 2 0 0 3 8 3 13 2 9 0 0 5 14 3 16 3 11 
1 1 1 7 1 1 1 1 0 0 4 23 1 5 3 32 4 51 2 3 4 463 6 166 2 7 2 8 0 0 2 11 3 7 2 2 1 1 2 14 3 14 2 3 3 29 0 0 2 9 1 1 1 7 2 2 1 1 1 1 3 10 0 0 
1 6 5 9 4 46 2 2 1 5 1 5 2 10 1 25 1 36 1 1 1 1 2 4 6 81 1 2 5 11 5 6 2 6 3 3 0 0 3 48 4 17 0 0 0 0 3 4 4 4 2 11 1 1 2 4 3 3 2 2 3 41 0 0 
2 2 1 6 4 4 0 0 1 1 3 7 2 15 3 4 2 19 2 5 2 8 4 18 1 4 3 5 2 2 3 14 2 7 2 9 3 12 2 2 3 3 5 28 1 1 1 1 2 4 2 7 2 25 0 0 7 14 2 14 3 17 0 0 
1 1 1 5 2 2 1 12 3 48 2 41 3 28 3 3 3 39 1 35 0 0 0 0 1 1 1 2 2 38 2 7 5 6 1 6 1 1 0 0 4 15 3 3 0 0 2 10 3 10 1 1 1 1 2 4 0 0 1 9 3 12 2 9 
6 80 4 12 1 7 3 49 2 7 2 3 4 9 4 6 2 2 0 0 1 12 1 1 3 67 3 35 0 0 3 14 2 24 7 68 2 7 3 4 2 2 3 6 2 11 4 10 1 1 3 7 2 10 2 34 4 13 2 2 2 3 2 2 
1 3 2 13 2 2 3 21 3 8 2 15 0 0 5 5 3 17 4 26 0 0 1 5 3 3 2 2 5 16 6 8 4 17 1 1 2 4 4 6 5 10 2 5 1 20 1 2 4 9 1 8 2 8 4 22 4 6 5 50 2 4 6 18 
2 2 2 9 0 0 3 3 3 5 0 0 3 10 1 1 2 6 6 12 2 2 0 0 3 3 2 4 1 4 0 0 3 16 1 1 3 49 0 0 2 37 5 5 2 78 2 2 1 1 1 1 2 17 3 10 3 143 1 1 0 0 2 5 
1 1 0 0 2 65 5 35 4 6 0 0 2 2 2 10 2 29 3 100 3 7 1 1 1 18 1 1 4 30 4 5 2 2 4 21 2 95 3 23 1 1 2 9 3 24 1 1 1 2 0 0 0 0 1 6 3 165 4 6 3 10 0 0 
1 1 2 2 2 3 4 22 0 0 1 1 1 6 1 2 2 6 1 9 0 0 2 2 1 2 2 6 3 238 3 4 5 8 6 110 4 26 0 0 2 3 2 2 3 3 1 9 2 6 1 13 3 4 0 0 4 15 1 1 5 149 1 4 
3 7 3 11 4 19 0 0 2 2 1 1 1 1 0 0 1 1 2 2 2 6 3 16 3 3 0 0 2 25 3 4 0 0 0 0 3 26 3 4 0 0 3 5 1 5 2 2 1 20 6 12 5 15 3 4 1 12 1 1 0 0 3 6 
1 5 2 10 2 3 1 1 0 0 1 6 1 3 4 16 1 2 3 13 2 38 4 10 2 2 1 44 2 2 6 40 4 12 3 3 0 0 1 1 4 32 2 2 2 5 0 0 1 1 1 1 0 0 1 5 6 18 4 11 2 2 2 3 
1 1 4 21 2 2 1 6 3 6 3 11 3 4 1 1 1 1 3 11 1 1 2 14 1 5 5 64 2 3 4 10 0 0 1 1 2 2 1 64 3 27 2 27 1 2 2 4 3 3 1 5 3 14 4 8 2 4 1 2 4 17 6 66 
0 0 1 1 3 8 1 12 3 9 2 5 0 0 1 1 2 2 3 6 3 7 2 6 1 17 4 11 3 8 4 13 0 0 3 4 1 4 0 0 4 15 2 65 3 31 0 0 1 1 1 1 1 1 2 2 3 24 1 1 1 3 5 7 
1 6 1 1 3 4 1 5 0 0 1 1 2 4 3 13 5 11 2 7 3 3 3 3 0 0 2 4 1 13 2 7 2 11 0 0 1 1 3 5 3 7 4 24 3 7 2 4 2 908 1 1 4 5 5 250 1 3 2 51 4 6 2 23 
0 0 0 0 3 4 2 2 2 2 1 1 0 0 1 1 2 21 1 1 2 2 3 4 4 20 3 8 4 58 4 10 1 1 4 44 0 0 4 35 3 3 3 43 4 6 2 113 2 9 1 2 1 1 0 0 3 8 3 9 0 0 2 3 
1 1 4 6 5 22 0 0 2 3 2 3 2 2 3 16 0 0 1 248 1 1 2 3 3 532 2 2 1 9 3 3 2 12 1 3 3 1044 2 9 3 3 6 32 2 354 1 1 1 13 2 4 0 0 1 24 2 7 1 1 1 18 2 8 
4 17 0 0 1 2 1 1 4 4 2 2 4 9 3 18 4 12 0 0 2 31 1 1 1 8 0 0 1 1 5 26 2 3 1 1 3 23 1 1 1 65 1 1 2 2 1 46 2 7 0 0 5 86 5 85 3 9 5 10 2 8 1 1 
0 0 4 10 3 7 2 5 0 0 1 1 0 0 0 0 1 1 2 3 1 1 2 12 1 4 4 54 1 10 1 1 4 83 3 3 2 7 4 14 1 1 0 0 2 2 1 5 3 23 5 20 2 2 2 9 2 73 3 22 2 3 4 8 
4 11 4 722 4 9 3 6 5 11 3 6 4 71 2 3 0 0 4 6 2 12 2 4 0 0 2 2 4 5 1 5 2 8 0 0 0 0 1 5 2 7 5 15 4 9 2 2 3 6 4 20 3 13 5 12 2 2 4 62 2 3 0 0 
1 5 3 8 2 5 2 4 2 4 1 1 2 17 2 3 1 1 1 2 1 147 2 17 1 3 3 74 0 0 2 2 3 10 4 13 1 1 2 2 1 3 2 7 4 6 1 1 4 8 0 0 8 164 1 1 1 11 2 2 2 2 2 4 
2 18 0 0 0 0 0 0 3 4 1 7 3 7 3 3 3 11 2 9 6 76 3 30 2 23 3 52 3 3 3 3 1 1 0 0 1 1 3 7 4 4 0 0 4 5 1 1 2 6 0 0 4 50 2 2 2 53 2 2 6 16 6 8 
1 1 3 136 1 1 3 78 2 4 3 26 2 5 1 3 2 6 2 10 1 1 1 4 4 28 6 70 0 0 1 1 2 92 1 1 3 4 2 5 0 0 1 1 2 31 2 6 2 2 1 1 1 2 0 0 2 18 3 8 0 0 2 2 
1 7 1 6 2 7 2 126 0 0 2 27 2 34 1 3 2 7 1 7 1 5 0 0 5 7 1 1 3 15 1 1 2 13 2 3 0 0 1 2 2 6 3 8 1 1 5 6 0 0 0 0 1 1 1 1 4 11 4 23 3 8 2 17 
6 12 1 16 2 10 2 9 0 0 2 8 3 4 2 11 2 5 1 1 3 6 1 16 3 7 3 6 1 1 2 10 3 7 1 1 2 49 2 4 2 15 1 8 3 27 4 9 2 6 3 3 3 6 0 0 2 12 1 1 0 0 2 2 
3 18 1 9 1 3 0 0 3 34 1 1 2 3 4 10 3 519 3 11 2 2 2 7 2 6 1 1 1 1 1 1 1 3 1 1 4 13 2 4 1 3 0 0 2 4 2 2 0 0 2 13 2 484 4 12 1 1 1 140 1 1 3 14 
0 0 2 11 0 0 2 8 0 0 1 7 2 5 4 10 2 2 2 2 2 9 0 0 1 6 1 1 0 0 3 31 4 127 3 3 1 9 3 13 4 23 3 8 0 0 2 5 2 2 0 0 2 8 1 17 1 1 0 0 1 12 3 8 
3 15 1 6 1 4 1 3 3 7 0 0 1 3 4 6 2 7 1 3 2 9 1 1 2 947 6 19 8 38 1 1 2 224 1 1 1 2 1 3 2 4 1 1 2 23 5 49 1 2 3 6 1 1 5 12 6 31 2 2 5 11 2 23 
1 1 1 1 0 0 4 9 2 6 1 1 2 3 2 10 3 4 3 20 5 7 0 0 3 47 2 18 2 2 0 0 1 2 0 0 1 1 4 17 3 10 2 8 3 4 2 3 1 5 2 41 6 20 3 101 2 2 2 2 2 2 0 0 
5 8 3 7 3 1698 1 1 1 1 2 2 1 1 2 2 2 12 1 13 2 10 2 4 1 1 2 2 3 22 1 1 1 1 2 4 3 16 1 1 4 13 1 1 4 21 1 1 3 200 7 33 1 1 1 39 2 2 5 19 3 12 2 2 
2 4 2 8 3 35 1 1 0 0 0 0 2 5 0 0 2 2 1 1 1 44 1 1 4 7 2 6 2 14 1 5 4 9 3 17 2 19 4 64 2 2 0 0 1 1 3 271 2 4 1 2 2 4 1 13 2 47 4 8 3 13 3 105 
1 1 3 32 4 5 0 0 1 1 3 3 4 250 2 3 3 12 1 2 4 53 2 3 2 5 3 3 0 0 1 3 1 1 2 2 0 0 2 3 1 1 2 3 4 6 3 8 1 12 5 8 1 26 3 4 2 2 0 0 1 1 3 21 
4 10 4 251 2 15 4 8 4 9 1 1 2 37 2 10 2 3 1 1 1 1 2 2 3 11 3 5 1 1 0 0 4 12 1 1 3 3 1 1 3 477 2 3 1 3 2 2 1 3 3 26 2 108 1 2 2 5 3 9 0 0 4 37 
2 2 3 4 4 6 3 21 3 12 0 0 4 24 2 2 0 0 1 1 2 9 1 1 3 7 4 6 2 8 1 2 8 9 3 3 1 4 3 8 5 11 5 803 6 44 3 4 4 8 4 17 0 0 1 1 3 5 2 8 1 1 1 1 
1 1 7 44 2 5 1 7 3 11 4 8 0 0 4 87 1 1 1 19 2 4 2 4 4 9 6 91 2 5 0 0 1 1 4 28 2 4 2 3 1 1 4 18 3 7 3 3 2 7 3 4 1 1 0 0 3 18 1 8 3 3 4 5 
2 3 0 0 4 14 1 1 1 37 1 10 2 2 0 0 3 50 1 2 2 4 2 32 1 66 2 7 2 2 2 12 0 0 4 64 3 3 3 25 4 106 3 3 2 29 2 3 1 1 1 22 5 26 7 19 4 4 0 0 4 19 3 15 
1 2 4 5 1 3 0 0 1 1 1 1 4 227 1 1 1 15 2 3 3 8 0 0 1 5 1 1 1 1 1 9 8 149 0 0 1 1 2 4 0 0 4 21 2 9 2 3 1 1 2 3 4 66 4 4 5 7 0 0 3 4 0 0 
2 7 1 9 5 13 3 3 1 2 3 4 4 15 3 26 3 15 6 30 0 0 2 2 3 16 4 11 1 1 3 47 3 8 5 5 0 0 1 1 1 3 3 5 3 3 4 5 0 0 1 1 3 5 3 20 2 12 2 198 2 2 0 0 
2 5 2 12 0 0 4 23 3 8 2 12 3 32 1 1 1 1 2 3 1 1 2 3 5 15 0 0 2 19 3 7 0 0 2 33 2 28 1 1 0 0 3 3 5 10 5 5 1 67 1 1 2 28 2 4 7 18 1 316 2 3 0 0 
2 11 1 1 3 28 0 0 1 1 2 47 3 6 4 4 4 18 2 27 0 0 2 2 0 0 3 44 5 24 4 5 1 2 3 5 3 3 2 6 3 9 2 12 1 5 1 1 1 7 6 129 0 0 1 17 3 5 1 13 0 0 2 15 
1 1 4 6 3 27 3 21 0 0 1 1 0 0 3 5 4 181 3 52 1 1 1 23 2 32 2 47 1 4 2 7 0 0 2 4 0 0 3 5 0 0 2 12 4 26 0 0 2 3 2 2 2 8 3 3 1 28 1 1 1 4 1 3 
3 1464 2 2 1 1 4 60 2 2 2 12 2 12 1 1 2 16 2 25 1 1 2 19 3 8 3 32 3 4 4 47 3 3 3 4 3 5 4 4 3 9 0 0 0 0 2 2 1 1 2 26 0 0 4 5 2 3 2 25 2 6 1 6 
3 9 0 0 1 28 2 3 2 7 1 1 1 1 3 18 0 0 1 37 0 0 0 0 2 3 1 7 1 1 1 3 2 6 1 4 2 16 3 3 3 298 2 2 1 2 2 5 2 5 2 2 4 12 3 16 0 0 0 0 3 4 1 4 
2 7 4 14 2 13 1 1 4 4 4 131 1 121 1 3 3 3 3 34 2 2 2 5 2 2 3 76 2 2 1 1 1 4 1 1 0 0 1 6 0 0 3 8 2 6 1 1 4 18 2 4 4 6 4 22 4 7 6 7 1 16 3 3 
2 2 0 0 2 4 4 11 2 2 1 1 0 0 3 32 2 77 1 9 2 7 5 11 2 28 1 1 0 0 3 3 3 12 3 5 0 0 2 2 2 3 2 5 0 0 2 377 6 18 3 14 1 3 1 1 3 7 5 9 0 0 1 12 
2 5 2 17 1 10 0 0 3 71 1 1 4 18 3 48 1 1 3 18 2 4 2 550 3 6 6 24 2 4 2 4 3 3 2 23 4 24 1 1 2 5 2 2 1 102 1 1 2 4 0 0 5 46 2 2 1 1 0 0 2 53 3 6 
1 1 0 0 1 1 1 4 1 2 1 1 2 4 1 1 1 3 1 1 1 2 5 61 2 6 2 15 3 25 1 1 2 7 2 270 3 30 0 0 1 2 4 33 3 5 1 4 6 7 3 30 2 2 2 17 2 2 3 28 5 19 1 2 
0 0 1 1 0 0 0 0 5 11 1 17 3 25 3 13 4 31 3 5 3 3 1 1 2 5 3 4 3 8 3 6 0 0 6 21 1 1 4 18 2 13 2 4 1 2 0 0 1 5 5 12 0 0 2 2 1 11 2 10 1 1 4 18 
2 6 2 47 0 0 0 0 0 0 1 1 1 8 2 4 1 2 3 28 8 24 1 4 3 15 4 10 3 14 5 120 3 21 2 2 2 2 2 2 1 9 3 15 0 0 1 79 2 2 1 1 3 3 2 5 1 1 2 6 5 13 2 2 
4 29 2 409 2 3 2 2 1 37 3 11 3 19 1 1 4 23 2 24 3 48 3 8 3 6 0 0 5 34 2 6 3 3 0 0 3 6 3 36 2 18 2 3 1 6 0 0 3 4 2 4 1 1 5 38 0 0 2 2 1 1 3 12 
3 3 1 2 3 82 2 2 2 12 4 185 2 2 2 7 3 7 1 1 3 8 0 0 3 3 6 1125 0 0 3 21 3 39 3 29 4 10 2 7 0 0 6 12 3 12 3 331 4 10 2 2 2 2 1 2 1 2 3 5 3 3 4 14 
1 3 1 1 2 2 1 49 2 3 3 13 0 0 3 4 2 7 2 3 2 6 4 8 3 4 1 8 3 7 2 27 1 3 2 6 7 20 1 1 3 36 1 1 3 22 3 7 2 5 2 7 1 1 2 7 4 33 0 0 6 32 2 12 
1 1 4 9 3 356 1 1 2 66 3 5 1 2 4 7 1 1 3 5 3 7 1 3 0 0 2 17 2 2 2 2 2 20 1 1 3 21 0 0 1 1 2 2 1 1 6 22 4 6 1 1 3 11 3 39 0 0 2 12 1 1 2 2 
3 8 0 0 1 2 3 9 3 4 1 1 0 0 2 2 3 32 1 1 4 18 2 4 0 0 3 7 1 1 3 62 3 6 2 15 6 13 3 146 4 26 2 2 3 9 4 5 1 3 3 3 2 2 2 4 1 1 2 2 2 18 1 1 
1 4 4 5 2 2 2 5 0 0 2 4 2 199 2 2 2 3 2 23 2 4 2 2 5 40 2 12 3 17 4 13 4 10 4 5 2 4 3 3 3 34 1 22 1 1 2 4 2 2 3 8 1 1 4 13 3 7 4 14 1 1 3 3 
1 1 0 0 0 0 3 7 3 50 1 1 1 1 6 22 1 2 2 2 2 2 1 1 1 4 0 0 3 26 1 1 4 4 2 3 2 4 4 5 3 6 5 34 1 1 4 5 1 3 1 2 4 49 1 57 1 27 2 2 2 11 1 1 
3 4 5 16 1 1 2 7 4 233 2 2 5 36 2 3 2 8 1 1 3 4 3 3 3 88 4 11 2 2 1 2 2 2 1 1 2 2 1 2 2 13 0 0 0 0 2 6 1 1 3 3 1 11 1 7 5 17 3 59 3 35 2 2 
1 3 2 11 1 3 2 2 2 4 0 0 3 14 2 41 1 1 5 16 2 7 4 15 0 0 1 2 1 1 0 0 0 0 4 11 2 110 2 5 6 25 2 3 0 0 2 38 4 6 4 30 4 4 3 3 2 10 1 1 0 0 0 0 
2 5 0 0 3 6 0 0 3 3 3 3 2 2 2 10 2 9 3 14 2 73 3 4 1 1 2 19 4 37 1 1 1 1 2 276 4 75 2 29 1 4 1 1 0 0 1 8 3 3 1 92 2 86 2 5 4 13 1 15 1 1 3 44 
2 93 3 7 2 6 1 1 2 2 5 10 2 3 3 5 2 6 3 3 2 3 4 6 3 11 4 12 2 3 0 0 4 6 0 0 0 0 3 31 2 3 1 1 2 2 1 4 1 1 3 11 2 8 2 18 4 22 1 208 0 0 7 15 
1 1 2 13 3 11 3 4 1 1 5 44 2 2 1 1 3 25 1 1 1 1 2 2 3 12 3 8 2 56 3 8 1 2 2 6 4 16 3 5 0 0 4 7 1 11 4 12 1 1 1 2 4 15 2 2 1 1 1 2 1 6 2 8 
3 3 2 82 0 0 1 1 4 7 1 1 4 4 2 102 1 1 1 2 2 5 6 192 6 66 1 1 2 13 2 2 1 9 1 11 0 0 1 1 3 3 3 3 2 8 0 0 3 7 10 92 3 9 3 13 1 1 2 4 2 7 1 101 
4 5 1 1 4 9 2 8 0 0 2 2 3 7 4 10 2 2 4 18 2 13 6 20 2 3 1 12 4 8 0 0 1 1 4 37 0 0 6 38 1 1 4 36 5 18 6 19 2 2 2 3 2 2 1 2 2 2 2 2 1 8 0 0 
2 13 4 4 1 1 0 0 1 20 1 1 4 66 2 6 1 1 3 12 1 1 1 1 2 5 2 2 2 4 5 10 0 0 4 4 3 25 3 3 3 26 1 3 1 2 3 19 1 23 2 3 4 10 5 71 2 3 3 34 0 0 4 7 
2 9 2 7 1 40 5 10 0 0 2 4 0 0 1 2 6 80 1 1 2 2 3 4 3 19 1 33 1 1 4 12 1 3 4 12 4 10 1 2 1 3 3 3 2 7 2 3 2 5 3 10 2 7 3 5 3 356 1 2 1 1 1 1 
3 177 1 4 2 5 2 3 2 13 4 5 3 117 3 9 1 1 4 15 3 8 1 1 0 0 1 10 1 3 1 13 2 3 0 0 3 4 2 3 3 3 2 2 3 49 1 1 2 8 3 13 1 1 4 42 3 4 2 2 3 13 1 1 
3 3 1 25 1 3 0 0 3 68 4 10 3 13 0 0 2 6 2 6 1 1 1 8 4 8 1 1 0 0 2 5 3 25 1 7 2 2 3 9 2 6 2 2 0 0 2 4 4 5 4 11 2 19 1 1 1 1 3 23 2 4 3 130 
1 1 1 1 1 1 2 5 4 13 3 6 3 3 3 49 1 5 3 13 0 0 2 2 1 1 4 43 4 70 1 2 4 150 1 3 1 1 4 5 4 54 1 4 2 47 0 0 1 1 4 4 4 4 5 46 2 13 0 0 1 1 1 4 
2 5 1 10 6 185 2 6 1 2 4 17 1 3 3 23 2 2 5 14 0 0 2 2 2 5 3 8 3 171 2 2 3 5 3 3 3 59 3 16 4 22 3 6 3 6 4 35 1 1 0 0 2 8 1 3 0 0 2 21 1 5 3 15 
3 30 2 11 4 7 1 1 2 12 2 2 0 0 2 2 4 47 1 1 3 3 2 61 2 3 0 0 2 7 0 0 0 0 1 1 2 3 2 12 4 5 0 0 3 13 2 3 2 8 4 430 3 5 2 5 2 6 3 21 3 3 5 6 
0 0 3 30 5 29 1 11 0 0 3 6 6 19 1 1 1 2 0 0 3 3 3 3 4 15 3 27 4 154 1 1 2 2 1 2 3 7 1 26 0 0 3 73 2 46 1 1 6 58 2 2 1 16 2 7 1 25 0 0 1 5 2 3 
0 0 1 8 2 5 4 16 0 0 1 29 2 7 2 10 4 7 1 5 1 1 0 0 2 4 2 3 1 1 3 3 1 5 1 1 0 0 4 9 5 10 0 0 3 10 2 5 0 0 2 2 2 3 3 9 0 0 2 11 3 216 3 5 
3 6 6 8 2 2 1 1 2 16 0 0 0 0 1 1 2 2 5 6 2 2 2 6 2 9 0 0 5 24 1 7 3 3 2 3 0 0 4 8 0 0 3 7 1 21 1 5 3 3 1 1 0 0 3 7 0 0 3 8 4 6 1 1 
3 4 4 31 1 5 3 23 4 7 0 0 1 1 2 2 3 5 0 0 0 0 3 33 1 1 3 3 7 9 2 6 2 2 2 2 4 4 2 28 2 2 2 44 1 1 4 8 2 15 3 3 3 11 2 9 5 8 3 54 3 8 0 0 
0 0 1 9 2 5 0 0 2 237 4 32 4 10 0 0 0 0 3 20 1 1 1 1 2 45 0 0 2 6 2 58 1 1 1 1 2 2 4 12 3 153 1 1 0 0 2 15 0 0 0 0 2 2 2 3 3 17 2 9 0 0 2 6 
2 3 3 6 3 10 4 4 1 1 1 1 1 2 1 1 5 11 2 3 3 3 1 2 1 5 0 0 2 3 2 18 2 6 1 2 2 10 1 1 3 4 2 3 0 0 4 24 2 3 3 6 3 15 3 5 3 227 2 38 4 4 0 0 
3 14 2 3 3 6 3 5 1 4 2 8 2 7 2 4 2 2 2 11 2 3 2 2 4 16 1 1 1 1 1 1 5 26 2 2 0 0 1 7 4 19 1 1 4 16 2 14 1 3 2 2 2 3 1 5 1 7 0 0 0 0 3 6 
4 16 0 0 2 2 3 11 1 1 4 19 0 0 0 0 1 1 0 0 3 4 1 4 3 6 2 17 3 10 0 0 2 13 2 2 3 25 2 26 3 6 3 6 2 2 1 1 4 36 4 9 1 1 2 22 4 7 3 11 3 53 0 0 
2 2 2 2 0 0 1 1 1 1 2 2 2 2 6 30 3 7 4 8 1 1 0 0 0 0 2 26 1 1 3 4 0 0 1 1 2 7 1 1 3 3 0 0 3 8 1 1 2 32 1 1 2 4 1 1 1 1 2 20 3 9 2 2 
4 26 0 0 0 0 2 11 2 31 1 24 1 3 1 1 4 6 2 97 2 11 3 21 1 1 1 1 8 19 6 9 4 11 1 2 5 54 0 0 0 0 2 7 6 18 2 2 2 3 1 2 1 21 1 1 2 51 0 0 4 72 4 7 
1 1 1 1 4 11 1 11 1 1 2 7 2 2 2 10 1 1 1 1 0 0 4 10 1 265 1 1 4 15 1 11 2 11 0 0 2 2 2 8 3 6 1 3 4 8 1 1 1 4 2 30 1 1 3 3 6 35 4 10 1 1 1 1 
0 0 2 5 3 6 5 349 3 9 2 4 3 320 2 11 2 7 3 6 1 2 2 2 3 19 3 74 4 9 1 1 1 28 0 0 0 0 0 0 1 1 2 14 5 9 2 7 3 4 1 1 2 2 3 28 4 12 2 2 1 1 2 8 
2 2 2 16 2 6 4 31 2 26 0 0 3 29 0 0 3 45 0 0 1 4 3 12 1 1 0 0 2 46 4 17 6 1342 2 2 1 3 0 0 0 0 3 13 1 15 2 3 2 46 3 11 5 80 0 0 2 5 1 5 0 0 0 0 
2 2 7 22 2 40 1 13 1 1 4 4 2 10 3 32 1 1 2 4 1 13 1 1 3 11 2 2 0 0 2 2 5 5 2 46 1 1 3 4 3 19 2 6 0 0 2 35 2 4 2 3 5 33 3 4 1 10 4 43 7 42 2 2 
5 36 1 5 1 1 2 4 1 15 1 1 1 2 0 0 0 0 2 2 3 14 1 1 2 4 2 2 6 226 2 6 3 5 2 5 3 44 3 6 1 1 4 77 2 2 2 3 2 2 1 1 2 2 3 51 5 5 4 114 4 7 3 4 
2 2 2 2 2 6 3 34 5 48 2 7 1 1 1 1 1 1 3 6 3 20 3 29 2 15 4 5 2 8 0 0 2 12 2 3 2 2 2 2 1 1 2 9 2 2 3 3 1 1 3 3 1 1 0 0 1 1 2 3 4 24 1 2 
2 116 2 56 4 42 4 29 1 2 1 1 3 4 2 12 4 15 4 18 4 13 1 1 3 15 1 1 2 7 2 9 5 33 2 16 3 10 3 10 1 7 3 6 0 0 1 5 2 2 2 2 3 6 2 54 6 65 2 7 0 0 4 8 
2 14 1 5 2 5 0 0 2 2 3 19 0 0 1 2 0 0 2 20 0 0 1 107 5 14 2 37 3 86 1 1 5 24 0 0 2 7 1 1 2 2 3 6 4 33 4 25 4 11 1 1 1 1 5 20 3 3 3 26 1 1 1 4 
4 5 2 10 1 3 4 6 3 6 1 1 1 4 4 33 1 7 4 5 2 4 1 2 1 1 0 0 1 1 2 2 2 11 0 0 3 22 2 8 2 3 2 13 3 18 3 3 2 12 2 6 0 0 0 0 6 28 4 13 0 0 1 5 
2 1341 2 5 3 25 2 34 5 11 5 11 1 7 0 0 5 27 1 1 0 0 4 36 3 5 3 5 0 0 2 2 0 0 0 0 2 20 2 8 2 2 0 0 1 24 0 0 1 1 3 8 2 9 4 19 5 12 7 19 0 0 1 1 
4 16 1 11 2 9 2 18 3 75 2 7 1 1 5 16 1 1 0 0 0 0 1 2 5 24 0 0 1 1 1 1 3 4 2 10 2 4 1 1 1 2 1 3 2 2 0 0 2 36 4 15 2 11 0 0 2 13 0 0 0 0 2 2 
2 33 1 1 0 0 5 13 1 4 0 0 2 3 2 7 3 9 1 69 2 3 3 7 3 7 2 2 0 0 2 5 3 12 3 3 2 2 2 3 3 6 0 0 2 3 2 2 2 2 3 5 1 4 2 3 3 8 0 0 1 7 3 8 
1 35 4 6 2 4 1 2 3 6 3 54 1 1 4 9 1 2 4 12 2 87 0 0 0 0 1 3 1 1 2 9 7 13 0 0 4 9 1 3 3 3 1 3 1 1 2 5 5 18 1 1 4 4 0 0 1 2 2 8 1 1 0 0 
3 23 2 2 1 8 1 1 2 3 4 38 2 2 3 7 5 30 0 0 2 76 1 12 1 1 4 23 5 7 5 14 3 21 4 9 0 0 5 20 2 2 0 0 5 17 1 1 3 10 1 6 1 1 0 0 1 4 2 4 7 37 0 0 
3 8 1 2 1 1 1 17 3 4 2 2 1 28 3 17 1 1 2 2 4 4 4 6 2 2 1 1 3 3 3 19 2 22 3 3 2 3 2 2 4 11 1 1 2 3 2 2 5 7 2 14 1 2 3 60 2 3 3 5 3 3 1 3 
2 5 0 0 1 10 2 2 3 3 2 2 0 0 1 1 2 351 4 12 2 25 3 11 0 0 0 0 3 37 1 12 1 5 0 0 3 6 0 0 2 7 1 1 0 0 5 17 1 2 3 72 1 4 0 0 2 2 2 5 2 13 2 3 
2 59 0 0 6 18 0 0 3 3 2 2 1 3 2 2 2 6 4 12 4 38 0 0 4 12 1 1 2 2 4 12 2 3 1 2 1 1 1 6 1 1 2 13 1 1 1 4 4 7 3 24 2 37 5 21 1 1 2 3 2 2 2 4 
0 0 3 5 1 1 0 0 1 1 2 2 1 7 1 1 2 2 4 9 0 0 1 1 1 1 2 3 4 6 3 11 3 16 1 3 1 2 1 1 4 9 1 1 4 212 2 2 3 18 0 0 3 7 1 3 4 43 2 2 1 1 0 0 
1 6 4 7 1 1 5 54 2 14 2 7 2 2 4 29 3 20 3 18 3 3 0 0 2 4 0 0 1 1 2 4 1 2 3 10 2 5 0 0 2 27 2 71 4 9 1 1 2 46 0 0 1 1 2 3 2 2 3 4 2 2 2 2 
2 4 3 9 3 4 2 2 4 4 5 5 2 7 4 16 4 7 1 1 2 3 3 7 1 27 2 11 2 2 2 2 2 8 2 4 4 18 1 5 3 15 3 6 1 1 2 7 3 63 1 1 1 1 1 1 2 3 2 2 3 11 3 13 
3 6 3 18 1 10 0 0 1 9 4 4 5 43 2 5 4 4 1 12 3 16 3 3 2 3 5 25 2 8 1 5 2 7 0 0 0 0 5 7 2 24 2 4 3 12 4 10 3 9 3 5 4 44 3 41 4 9 3 10 0 0 1 1 
1 6 0 0 5 408 1 1 3 3 3 16 2 2 2 11 1 1 3 92 6 10 1 2 4 9 2 2 3 94 0 0 1 3 1 1 1 1 2 4 4 8 0 0 3 46 1 1 2 3 2 4 2 8 1 2 1 1 0 0 2 115 2 3 
5 10 2 32 4 53 4 8 4 9 0 0 2 7 1 1 2 2 2 8 4 7 4 25 4 8 4 5 1 1 2 34 2 2 3 4 2 8 1 1 0 0 3 5 3 10 3 12 2 166 2 2 1 1 4 928 3 3 4 53 2 8 1 1 
2 159 2 4 5 16 0 0 2 23 1 1 1 4 1 1 1 9 3 8 2 2 3 256 3 24 2 2 4 45 3 3 1 1 1 1 1 3 0 0 1 1 3 4 2 26 2 8 1 1 2 31 3 5 0 0 4 15 1 15 4 18 1 7 
3 17 4 9 2 226 1 44 2 24 1 1 3 3 2 3 3 36 2 10 1 7 0 0 3 3 1 1 1 1 3 3 2 4 1 5 3 54 5 12 3 9 0 0 3 6 1 2 2 9 0 0 7 15 1 1 2 15 4 16 4 32 1 1 
3 3 2 3 3 44 0 0 4 11 1 1 3 5 1 1 7 22 5 22 2 3 2 24 5 16 2 12 2 5 1 3 0 0 3 3 1 3 5 37 3 7 3 4 4 8 3 3 2 6 2 2 5 11 2 4 2 2 1 1 2 14 3 7 
2 10 0 0 1 2 0 0 3 15 1 30 4 20 1 1 2 4 0 0 1 1 3 75 3 18 1 1 2 6 1 6 5 19 5 16 3 14 1 1 1 1 3 3 0 0 2 3 3 6 1 2 1 1 3 28 2 2 1 15 2 4 2 9 
4 8 0 0 2 10 3 15 2 2 2 2 3 7 1 1 5 17 4 11 1 2 4 11 3 3 3 41 1 1 3 22 5 30 3 13 3 31 2 3 4 4 3 3 2 2 1 1 1 1 3 207 2 19 2 3 3 126 0 0 1 3 0 0 
1 1 1 1 2 6 2 7 2 3 1 1 2 5 0 0 3 20 0 0 2 6 4 13 2 2 2 33 4 17 0 0 3 7 3 9 0 0 0 0 4 12 3 29 2 6 1 1 0 0 2 2 2 2 3 4 2 12 2 5 1 1 0 0 
3 40 2 13 2 2 2 10 4 61 5 49 0 0 3 23 3 8 1 6 1 1 3 194 3 20 6 22 0 0 4 15 1 1 6 19 1 1 1 147 2 2 3 3 3 4 3 6 0 0 3 4 2 3 0 0 1 2 2 5 4 26 2 17 
2 15 3 5 5 36 0 0 1 1 3 15 1 1 1 1 0 0 3 18 1 22 1 4 1 5 5 56 0 0 0 0 2 2 5 32 1 34 1 2 2 8 0 0 3 16 4 10 1 3 1 1 3 119 2 2 1 1 2 2 2 3 0 0 
2 2 3 9 5 17 1 1 3 10 1 1 0 0 2 2 3 53 1 2 5 82 2 13 4 14 2 2 1 1 1 1 0 0 4 13 0 0 0 0 4 28 4 5 1 1 3 6 3 22 2 3 1 3 0 0 0 0 0 0 1 1 2 2 
5 27 2 5 1 20 2 2 2 21 1 1 1 4 3 14 0 0 2 51 6 8 0 0 1 1 1 1 0 0 0 0 1 1 2 3 1 1 5 7 1 2 3 8 2 6 2 3 2 3 3 6 4 10 0 0 3 6 4 12 0 0 1 1 
2 2 2 7 1 4 2 2 1 1 2 2 1 1 0 0 0 0 3 31 1 1 1 2 5 17 3 7 3 26 3 16 3 8 0 0 3 10 1 1 2 2 2 5 7 11 3 5 4 30 1 1 8 31 2 7 2 4 0 0 2 3 2 15 
0 0 1 2 1 1 1 4 1 2 1 25 1 3 2 11 1 4 0 0 0 0 0 0 2 3 1 3 2 108 3 8 1 9 1 1 4 35 3 21 2 6 3 3 2 86 0 0 3 3 3 9 6 15 3 3 3 7 2 8 1 1 1 220 
4 22 1 1 4 176 1 2 2 183 0 0 2 15 2 2 0 0 3 11 3 8 5 16 2 2 1 1 2 4 3 10 3 1256 2 44 1 4 6 7 1 1 0 0 2 39 2 3 0 0 5 17 2 4 2 4 3 40 2 6 3 4 1 4 
0 0 3 16 4 8 0 0 3 17 3 8 1 1 2 5 3 3 0 0 0 0 2 19 4 136 2 8 5 12 3 4 0 0 1 2 5 12 2 2 6 12 2 4 0 0 0 0 1 17 3 11 1 2 5 5 1 602 3 7 2 68 0 0 
0 0 0 0 6 10 3 12 2 9 3 3 2 4 0 0 0 0 0 0 2 39 2 6 3 4 4 5 2 113 3 9 1 1 1 1 4 9 2 4 4 37 1 1 2 226 3 27 1 11 3 30 2 2 2 3 4 12 1 6 1 1 1 1 
3 52 2 3 0 0 3 15 3 4 3 3 1 2 2 2 3 111 2 86 1 9 3 11 2 9 3 18 1 94 5 45 2 2 2 6 1 42 1 3 1 2 6 16 0 0 3 16 2 7 1 3 0 0 2 2 1 1 2 60 3 13 2 13 
3 6 1 1 4 23 0 0 1 1 3 3 1 19 2 3 0 0 0 0 2 2 4 20 0 0 2 3 5 15 0 0 1 1 1 1 3 4 4 50 0 0 0 0 4 7 2 10 6 51 4 9 1 5 0 0 2 2 0 0 1 18 1 1 
6 153 2 11 2 7 2 7 2 3 1 1 2 361 2 2 1 127 2 11 3 7 0 0 3 3 2 4 2 2 2 7 0 0 3 190 4 224 3 4 2 53 3 11 3 7 1 1 2 2 4 454 3 11 3 4 4 18 3 15 3 17 2 57 
4 10 5 14 1 1 2 8 2 11 4 19 0 0 2 2 3 9 1 1 2 8 2 2 4 8 1 3 4 9 2 46 3 3 2 2 4 14 1 28 6 13 2 17 4 25 3 38 2 3 2 5 0 0 2 5 4 11 2 2 1 1 0 0 
2 4 3 45 0 0 2 33 3 15 1 7 4 7 7 39 2 6 0 0 3 4 2 32 1 10 3 5 4 12 1 1 3 82 2 27 4 14 2 10 0 0 3 43 2 2 1 3 2 12 1 1 3 10 4 4 0 0 1 1 2 10 6 33 
2 2 3 3 4 7 2 7 1 2 1 1 3 18 6 14 2 41 2 10 0 0 0 0 1 3 2 3 8 52 3 4 2 8 3 12 1 1 3 7 0 0 1 47 3 10 1 7 2 4 1 2 1 3 1 1 2 2 0 0 1 1 5 10 
1 2 0 0 1 5 2 9 1 9 4 45 4 21 1 1 3 8 2 11 0 0 4 20 2 119 2 5 1 1 3 3 2 2 3 17 2 3 1 4 1 1 1 18 1 1 3 7 2 4 2 7 2 19 2 9 4 29 2 2 0 0 1 2 
2 3 2 263 2 5 1 2 2 7 1 1 3 54 1 1 0 0 0 0 9 32 4 54 1 1 5 141 5 12 4 13 2 3 1 3 1 1 1 2 1 1 3 3 2 4 4 27 2 6 0 0 1 1 1 1 1 3 3 3 1 5 2 13 
0 0 3 7 3 11 0 0 4 14 2 11 2 2 1 2 0 0 0 0 3 31 5 5 2 8 0 0 1 16 2 12 1 6 4 10 1 24 5 9 2 10 1 39 1 6 1 7 0 0 2 7 3 4 0 0 5 5 2 3 1 8 1 6 
0 0 1 1 3 15 4 31 6 15 2 3 4 135 3 3 2 4 2 19 3 4 2 5 1 2 1 2 2 18 5 5 1 2 2 14 2 8 1 1 3 3 1 1 8 19 2 3 2 4 1 1 1 2 1 1 3 5 2 149 1 1 0 0 
2 2 1 1 0 0 4 58 0 0 4 6 4 25 1 1 1 1 4 9 2 4 1 10 1 4 1 2 4 9 3 3 2 2 0 0 4 4 3 6 5 10 1 5 1 1 1 1 2 4 1 1 1 1 1 21 3 6 4 28 1 3 5 70 
1 2 2 2 1 1 4 16 0 0 2 2 1 5 4 5 3 10 5 16 0 0 1 1 3 43 3 27 2 20 3 19 1 1 6 7 3 27 2 2 1 1 2 7 2 5 1 1 4 10 4 4 2 2 3 4 0 0 1 1 0 0 4 7 
0 0 1 1 2 6 3 6 2 7 2 8 3 9 2 4 2 2 4 4 2 4 3 9 2 4 6 16 2 2 2 2 1 1 4 4 3 8 2 22 3 33 1 5 3 24 5 23 0 0 2 2 1 1 0 0 0 0 2 35 3 25 3 43 
5 9 2 12 3 35 2 7 0 0 3 8 4 18 1 1 2 3 4 12 1 1 1 4 3 6 3 28 5 13 2 4 3 4 2 2 4 23 5 29 4 18 4 8 1 5 2 3 0 0 5 469 4 4 4 58 1 1 0 0 3 108 1 1 
2 2 1 1 2 96 3 15 2 4 2 3 3 7 2 12 1 1 3 4 5 17 2 5 0 0 1 1 1 1 1 2 0 0 2 14 1 1 4 557 1 1 4 12 5 11 1 5 1 1 1 1 3 10 2 3 2 18 3 4 0 0 2 5 
1 1 1 18 2 5 5 8 3 33 1 5 5 270 2 2 1 7 1 4 2 6 5 8 3 5 4 21 2 3 1 1 2 2 6 15 6 27 1 1 4 28 3 6 4 9 1 1 2 2 2 2 3 3 4 9 2 8 1 1 2 7 1 1 
3 9 2 6 4 4 1 4 4 25 1 1 1 2 4 158 1 1 5 19 3 15 2 6 2 10 4 34 2 8 2 4 0 0 3 12 5 11 1 3 3 43 1 1 3 26 2 284 1 1 6 10 3 22 2 4 3 9 0 0 2 4 3 4 
2 2 4 8 2 2 4 11 1 1 1 4 1 2 0 0 2 4 2 5 1 1 3 3 3 3 1 3985 1 35 2 13 0 0 0 0 1 1 2 3 6 10 1 5 2 2 1 3 1 145 1 4 1 3 6 126 2 5 1 1 0 0 3 118 
3 61 1 1 1 6 2 5 1 1 2 45 3 3 0 0 2 27 0 0 5 7 3 7 1 1 2 17 3 32 3 13 2 7 3 3 3 26 0 0 2 4 1 3 2 10 6 30 1 1 1 3 0 0 1 16 0 0 1 1 4 35 2 6 
1 10 3 9 3 3 1 1 2 75 4 23 3 11 1 1 0 0 1 1 0 0 4 4 1 3 3 10 3 98 4 33 1 5 1 2 2 3 2 4 1 1 1 12 2 5 5 40 1 1 2 2 0 0 7 33 1 43 4 17 4 86 5 14 
5 21 1 8 3 3 2 3 3 3 3 42 0 0 1 2 2 4 1 4 1 6 3 50 3 9 1 3 3 7 2 21 3 3 1 17 3 28 4 17 0 0 2 8 3 3 1 11 1 1 0 0 2 2 2 2 2 10 0 0 1 1 1 5 
1 20 1 1 5 6 2 3 1 6 2 9 2 3 1 1 1 5 1 1 1 21 2 6 3 8 3 3 1 20 1 1 2 3 1 8 0 0 2 2 0 0 1 1 2 3 1 2 2 11 4 33 2 22 1 1 2 2 3 16 2 2 0 0 
5 544 0 0 4 21 1 2 2 2 3 4 2 3 2 4 2 12 1 1 2 2 0 0 2 6 2 3 4 16 1 6 2 4 0 0 3 81 3 58 1 2 4 20 2 7 0 0 3 7 2 2 2 3 2 3 3 20 1 95 2 10 3 5 
1 2 1 6 0 0 4 13 3 147 3 14 1 7 4 10 2 2 0 0 4 4 3 42 2 2 5 33 2 2 4 7 2 3 2 4 0 0 2 2 2 5 0 0 3 7 4 33 2 18 0 0 1 3 0 0 1 3 3 40 1 1 0 0 
0 0 5 8 2 30 1 1 3 10 5 78 3 14 2 2 0 0 2 75 1 1 0 0 3 13 4 43 2 4 3 5 2 4 2 2 3 6 2 2 2 5 1 1 1 4 4 5 3 28 1 18 0 0 1 20 2 3 5 11 3 12 4 10 
3 3 2 5 4 5 1 1 1 1 3 19 4 42 2 17 1 1 1 10 1 1 1 1 6 8 0 0 3 3 2 2 3 3 2 3 2 2 6 36 1 1 1 4 2 2 1 1 2 7 4 69 1 2 3 238 2 10 0 0 4 80 3 3 
1 6 1 10 3 6 2 2 1 2 3 15 1 1 3 5 1 1 4 20 0 0 3 8 1 1 1 1 2 2 3 3 2 2 1 1 2 9 1 1 0 0 0 0 0 0 3 31 4 65 4 30 1 1 2 5 3 3 2 2 3 8 3 10 
2 7 1 1 0 0 4 13 3 11 3 4 3 9 4 10 2 2 2 5 1 39 4 9 2 12 2 2 4 15 2 55 3 11 0 0 0 0 2 3 2 10 1 1 1 1 3 3 2 4 2 25 2 8 0 0 1 1 1 2 2 4 3 3 
3 100 1 10 2 3 1 1 1 1 2 7 2 2 3 15 1 2 2 5 2 3 3 353 3 32 7 63 0 0 4 5 1 1 2 46 6 12 4 45 0 0 2 15 2 4 0 0 0 0 2 19 0 0 2 6 1 79 1 1 3 77 2 7 
4 4 2 2 1 19 4 5 5 15 0 0 2 2 1 2 1 1 0 0 4 24 3 43 2 10 7 7 4 13 4 54 2 2 3 7 7 72 1 1 3 11 2 2 1 1 1 4 2 2 1 5 4 15 1 25 3 85 0 0 4 14 1 2 
0 0 1 6 2 87 1 9 1 1 4 30 2 2 0 0 2 11 0 0 3 3 3 15 4 5 1 2 2 27 2 2 2 15 4 23 4 58 1 16 2 21 1 1 1 24 2 22 1 2 1 2 2 9 1 1 4 14 2 2 0 0 2 5 
3 19 4 22 2 10 0 0 3 3 2 5 1 2 2 20 2 17 4 34 3 15 2 4 3 3 4 9 1 1 2 8 2 2 2 2 1 1 3 13 1 1 2 3 2 19 3 85 1 52 0 0 1 1 3 3 2 4 1 1 0 0 2 11 
3 19 2 34 0 0 4 7 4 65 2 274 1 1 3 5 4 10 1 1 2 14 3 11 4 4 2 14 2 12 4 23 1 2 4 15 1 2 3 5 1 1 0 0 4 11 3 3 5 23 1 3 2 112 1 5 4 13 0 0 3 4 0 0 
2 3 3 7 3 4 1 1 2 8 3 3 1 1 1 1 2 3 2 33 1 1 1 1 1 3 1 4 1 6 2 6 3 32 1 6 1 1 2 7 0 0 2 2 1 1 3 8 4 6 2 11 5 5 2 8 3 5 0 0 3 4 3 4 
3 7 4 10 3 3 1 2 3 45 5 51 1 3 2 3 1 1 0 0 4 7 2 5 3 139 1 1 3 99 2 6 2 3 3 11 4 11 3 9 1 8 3 3 2 3 2 2 1 12 5 6 3 3 3 3 3 4 1 14 1 1 1 2 
5 10 3 25 3 3 2 3 0 0 1 1 3 3 4 13 2 5 0 0 0 0 3 3 5 44 1 10 3 10 2 280 1 3 1 1 1 1 1 3 1 1 1 1 1 1 3 8 4 24 2 25 2 2 1 1 1 4 0 0 3 18 2 2 
1 4 3 12 2 2 0 0 5 51 2 6 3 4 0 0 1 1 2 4 1 15 0 0 0 0 5 2189 3 5 2 21 6 25 2 6 5 24 1 2 3 4 1 1 1 6 2 4 2 4 3 3 1 4 4 9 2 4 5 59 2 2 3 3 
4 4 3 323 0 0 1 9 3 5 3 4 3 18 5 22 0 0 1 1 1 1 3 9 4 44 1 3 2 208 5 26 2 31 3 3 3 3 3 5 3 5 0 0 2 2 3 10 2 3 4 29 2 2 2 5 0 0 1 2 3 15 3 10 
1 2 3 14 3 5 2 9 1 2 4 110 1 2 2 10 2 7 2 6 2 2 2 2 1 3 3 13 1 1 1 1 2 8 0 0 2 11 1 1 1 2 3 6 5 8 2 6 2 6 1 4 1 1 0 0 2 2 1 1 4 8 1 1 
2 3 1 1 2 8 3 13 3 3 3 22 2 25 1 1 2 2 3 13 2 2 0 0 0 0 1 4 0 0 3 4 2 9 1 1 2 3 2 2 1 2 1 1 2 2 1 2 3 3 1 2 4 23 0 0 2 27 0 0 0 0 2 10 
0 0 1 6 2 3 3 3 1 5 1 2 1 1 3 5 5 6 3 7 2 9 0 0 2 2 2 8 5 8 1 1 2 7 2 5 4 8 2 3 4 20 3 187 2 9 4 14 1 1 2 18 2 13 2 9 1 8 0 0 2 2 2 6 
0 0 1 9 4 16 3 704 2 3 0 0 1 15 2 73 2 8 2 7 2 8 4 27 2 4 1 27 2 2 1 3 1 1 1 4 2 10 5 39 2 2 1 1 2 2 2 7 0 0 1 1 3 5 1 1 3 19 3 12 1 1 0 0 
1 1 3 3 0 0 2 10 0 0 4 4 2 8 2 10 2 10 1 1 1 1 6 8 3 620 2 10 0 0 5 9 2 6 0 0 1 1 1 1 1 1 2 2 1 12 1 6 3 10 3 4 2 37 4 13 2 3 2 2 0 0 4 28 
5 9 3 3 4 17 1 1 2 2 2 2 1 5 1 1 7 98 2 59 6 21 2 3 2 40 0 0 3 7 2 2 1 1 1 2 2 7 1 2 4 29 1 1 4 70 1 3 1 1 3 19 3 5 3 7 2 11 1 1 1 26 3 62 
1 2 5 28 5 28 0 0 1 3 3 6 1 1 1 1 3 10 1 5 6 16 2 7 3 6 3 5 0 0 3 33 0 0 1 2 0 0 1 5 0 0 2 2 1 5 2 36 1 1 6 288 8 14 3 12 1 1 3 32 4 8 1 5 
2 6 8 334 3 7 3 3 3 5 1 2 1 2 2 2 0 0 1 23 3 6 2 2 0 0 2 3 3 137 0 0 1 296 5 14 2 16 3 11 4 11 1 1 4 15 2 2 2 3 4 11 3 15 4 9 2 27 3 14 5 5 0 0 
1 3 2 2 0 0 1 4 1 1 3 10 2 9 2 3 0 0 2 17 3 6 3 8 1 1 2 5 1 1 1 1 2 5 2 2 2 11 4 12 5 38 1 1 2 2 2 54 3 22 1 8 1 3 4 22 3 10 0 0 0 0 1 1 
3 66 2 44 4 97 0 0 1 4 2 2 3 4 3 5 1 1 1 1 3 33 3 3 2 3 2 5 3 5 2 2 2 9 0 0 0 0 3 46 1 1 0 0 1 1 1 1 0 0 0 0 1 3 3 5 3 21 4 38 1 2 1 1 
2 8 3 3 2 4 2 2 2 6 2 2 1 6 2 2 0 0 1 1 4 8 0 0 2 2 4 128 1 3 1 1 0 0 1 1 1 1 1 5 1 2 2 2 4 9 3 42 2 14 1 1 3 16 0 0 0 0 0 0 2 2 1 52 
1 1 3 5 4 12 0 0 1 1 2 19 0 0 2 27 2 16 2 2 4 9 2 9 1 1 1 1 1 7 4 5 1 1 0 0 0 0 2 5 2 2 0 0 2 11 6 235 2 2 4 44 3 4 3 3 4 7 4 20 1 1 4 7 
1 1 3 3 0 0 1 5 3 3 1 1 3 9 2 13 0 0 1 4 0 0 1 2 2 4 2 7 2 5 4 6 3 6 3 35 3 9 2 3 3 13 1 104 4 4 2 3 3 7 2 5 2 4 6 25 2 2 1 1 2 3 0 0 
1 1 1 2 1 1 1 107 0 0 7 16 1 1 3 5 3 5 2 2 1 3 3 12 4 12 2 28 4 40 1 9 1 1 1 4 2 4 3 30 0 0 1 1 3 3 5 36 0 0 0 0 1 4 2 2 2 175 1 2 2 8 2 3 
2 4 4 9 1 4 4 5 2 5 2 5 1 1 1 1 1 5 0 0 2 85 4 72 4 25 0 0 5 24 3 8 2 7 4 12 0 0 2 2 4 11 0 0 1 5 3 6 0 0 2 19 1 5 2 2 2 2 3 9 5 11 1 6 
2 37 0 0 3 5 1 1 2 3 2 32 2 2 3 12 2 4 2 8 3 10 2 2 2 19 5 8 1 1 2 9 3 6 3 10 0 0 4 9 3 470 1 20 3 30 2 39 4 17 2 2 1 16 7 69 1 5 3 77 2 2 3 250 
2 16 4 12 1 2 0 0 1 1 2 3 6 6 2 9 1 2 1 16 2 3 2 2 4 20 2 14 2 10 2 36 6 16 3 12 1 6 2 2 4 71 0 0 2 7 5 29 2 2 3 278 4 56 1 13 1 1 3 6 1 377 4 4 
3 8 4 7 3 391 1 1 3 76 2 4 0 0 2 54 3 10 2 19 2 2 1 2 5 39 4 10 2 10 1 1 1 1 2 3 1 1 2 2 3 31 2 2 1 1 1 5 1 1 6 17 1 9 2 13 4 33 1 3 0 0 1 1 
5 11 1 1 3 10 2 2 2 2 4 38 2 18 3 24 1 1 2 6 1 16 0 0 0 0 2 26 2 5 3 14 2 3 3 3 4 8 0 0 3 19 3 11 2 5 3 88 1 10 0 0 3 4 0 0 2 4 4 6 1 1 4 48 
7 44 5 50 4 9 3 8 1 1 1 3 3 10 4 13 1 1 2 5 0 0 0 0 1 1 2 4 1 3 4 7 1 1 2 7 1 1 1 7 2 4 1 4 3 10 1 1 3 11 1 2 0 0 3 13 2 6 2 10 1 2 2 2 
2 15 1 1 3 5 2 21 2 4 2 2 3 26 1 1 1 1 3 18 1 1 0 0 1 1 0 0 2 5 2 2 0 0 0 0 3 3 1 1 1 1 3 12 0 0 2 2 4 30 2 17 2 22 1 1 4 19 1 1 2 4 2 12 
1 4 2 65 3 16 2 2 1 1 3 3 1 1 2 2 3 12 3 189 2 2 2 23 3 5 7 185 1 1 2 2 0 0 2 12 2 9 1 9 2 6 1 1 5 24 4 9 3 96 3 146 3 8 5 482 2 2 3 5 3 3 3 16 
5 14 3 166 3 6 0 0 4 6 2 2 5 28 4 7 2 2 1 360 1 1 1 4 0 0 6 25 2 2 3 24 1 1 2 2 2 2 4 31 1 1 4 7 2 6 2 2 1 5 0 0 3 3 1 1 0 0 3 205 2 3 1 3 
1 3 2 30 2 2 1 11 3 47 1 4 0 0 0 0 1 6 1 2 1 1 2 5 3 29 5 17 2 10 2 7 3 4 1 1 2 11 0 0 4 726 1 23 1 1 1 1 4 8 1 5 0 0 0 0 4 26 3 3 1 3 0 0 
4 25 3 6 0 0 2 2 1 3 2 3 7 42 2 2 3 3 3 16 2 29 1 36 0 0 2 3 3 8 3 7 1 12 1 3 2 12 0 0 3 7 1 1 1 1 3 37 4 4 1 1 3 4 4 4 0 0 2 2 4 15 2 8 
1 1 2 5 2 5 3 5 1 8 3 23 3 4 1 3 1 2 3 9 3 9 2 2 6 26 5 117 2 2 0 0 2 8 2 4 1 1 3 11 1 6 1 1 1 1 0 0 1 2 2 131 0 0 0 0 4 13 2 4 2 3 2 2 
3 24 5 10 5 8 0 0 3 14 2 2 3 3 1 49 1 9 5 53 2 2 4 151 1 4 2 2 5 35 2 7 5 9 1 1 1 7 5 10 1 13 2 19 3 5 3 72 2 17 3 3 0 0 3 6 1 1 1 1 3 6 3 8 
1 1 2 3 0 0 1 1 1 17 4 7 2 29 3 62 1 1 5 95 2 5 2 13 2 2 5 23 2 5 2 14 1 1 1 7 1 3 2 2 2 7 4 43 1 7 2 2 2 2 1 1 1 2 3 11 0 0 1 4 1 23 2 2 
2 8 4 12 3 4 3 18 1 1 0 0 2 2 3 4 3 16 1 1 4 9 1 2 3 8 5 10 6 36 0 0 2 26 3 3 2 8 0 0 4 38 1 11 3 3 3 32 2 2 2 2 0 0 3 49 2 2 3 19 4 12 3 35 
1 1 1 1 4 6 3 3 5 15 0 0 4 6 0 0 1 20 0 0 0 0 2 6 2 9 2 2 5 113 3 7 2 2 2 2 0 0 2 24 0 0 3 3 4 8 1 4 1 2 4 14 3 3 4 5 4 18 0 0 4 8 2 18 
2 6 4 268 1 11 1 13 4 7 0 0 1 1 4 15 0 0 0 0 1 1 4 30 1 2 1 12 1 6 2 7 4 29 1 1 0 0 1 46 0 0 3 13 1 12 1 1 2 5 4 4 2 2 2 68 0 0 3 6 0 0 1 10 
3 6 0 0 2 2 3 22 1 12 7 94 4 15 5 11 1 5 2 4 3 4 0 0 3 9 1 2 1 2 3 14 3 27 1 7 3 8 5 44 0 0 4 7 2 7 5 12 3 13 0 0 2 6 1 1 1 1 3 18 4 132 2 52 
2 2 3 3 4 44 2 24 4 5 3 9 2 3 4 82 1 1 1 30 1 5 4 6 2 4 2 2 1 1 2 4 2 2 2 2 2 6 2 2 3 5 2 3 2 2 3 6 2 194 3 14 3 5 2 5 2 76 2 4 1 25 4 125 
1 7 0 0 1 1 1 1 1 1 1 1 2 15 0 0 1 11 4 20 4 13 3 3 3 3 3 209 5 18 2 3 0 0 2 112 4 24 3 4 0 0 4 9 2 23 1 1 1 12 2 5 4 28 4 11 3 1155 1 4 1 1 2 2 
3 35 1 1 1 1 2 6 2 2 4 72 5 7 5 69 1 2 0 0 4 12 0 0 2 8 1 1 0 0 2 2 2 42 3 46 2 3 2 2 1 1 3 3 2 51 3 5 5 32 3 3 3 7 5 107 1 1 2 4 4 5 1 1 
5 102 0 0 1 1 3 4 0 0 2 3 5 90 3 3 1 1 4 11 2 2 1 3 2 73 3 3 1 1 2 11 3 4 1 1 6 16 1 1 2 2 2 2 3 4 4 44 2 2 2 3 2 27 3 23 0 0 1 4 3 17 2 7 
2 7 4 10 3 6 2 35 3 3 0 0 0 0 1 1 2 4 3 14 1 1 4 14 2 3 2 9 3 3 2 4 5 10 3 59 0 0 1 3 2 7 4 19 1 1 4 12 1 1 1 1 4 7 0 0 5 8 4 42 2 34 5 45 
1 1 4 176 2 7 1 38 1 1 4 5 1 1 2 6 3 31 1 3 0 0 0 0 2 4 2 34 3 10 4 5 4 21 1 8 2 20 2 2 3 16 2 2 2 6 5 15 2 3 4 5 2 4 2 2 0 0 4 5 2 3 1 2 
2 4 1 1 2 4 3 70 3 7 4 7 2 3 4 4 2 11 1 3 0 0 2 6 3 4 3 118 1 2 3 12 2 19 0 0 2 3 2 18 2 7 3 55 1 1 2 2 4 5 3 3 4 5 1 1 1 3 0 0 1 2 1 1 
2 6 3 18 2 2 1 1 3 8 4 28 1 9 1 16 6 1464 2 4 4 7 3 3 2 8 1 1 5 14 0 0 4 9 4 95 2 5 1 1 3 6 3 5 2 19 2 3 3 14 0 0 2 4 6 27 5 9 2 10 2 4 1 1 
2 3 2 3 3 3 2 8 4 12 3 4 1 1 1 4 2 5 2 2 4 21 2 37 1 16 2 2 3 4 1 1 0 0 2 16 1 2 2 2 3 4 3 26 0 0 1 2 2 13 0 0 5 8 1 17 2 2 1 1 2 10 3 17 
4 8 1 1 1 1 4 18 2 25 4 6 4 13 3 19 1 2 3 14 4 39 3 9 3 15 0 0 2 3 2 7 3 5 1 1 2 3 2 29 1 2 2 3 2 13 2 14 0 0 2 2 3 4 3 4 0 0 3 10 0 0 2 2 
4 12 3 16 1 1 1 2 4 12 1 1 2 2 3 39 1 3 3 15 3 23 4 17 1 1 4 12 4 21 4 37 1 7 6 121 0 0 2 949 1 6 1 1 2 2 0 0 1 7 1 1 1 12 5 83 6 202 3 9 5 178 0 0 
2 14 2 20 1 3 0 0 2 2 2 2 1 1 3 33 1 3 3 103 0 0 3 4 0 0 1 3 5 112 1 4 1 1 3 7 3 3 3 55 1 8 0 0 2 4 3 8 3 5 0 0 4 4 0 0 2 2 1 1 1 2 1 1 
0 0 2 5 0 0 5 23 1 1 2 2 3 23 1 21 0 0 2 16 5 9 3 5 3 6 1 2 3 7 0 0 2 2 2 2 3 12 2 27 3 3 2 8 2 4 0 0 4 9 2 4 3 36 2 5 1 1 5 14 3 26 1 22 
0 0 1 14 1 4 2 15 2 6 2 3 4 15 4 4 3 3 2 10 4 53 0 0 0 0 1 1 4 9 1 1 4 8 4 51 2 12 1 1 1 11 6 14 0 0 0 0 1 14 1 1 2 6 5 6 1 1 1 1 2 46 3 10 
2 5 3 44 4 11 1 140 2 9 4 6 2 2 0 0 3 31 4 7 3 10 4 44 2 3 4 21 3 12 0 0 1 4 2 6 3 10 2 3 1 4 8 148 0 0 4 9 2 109 1 4 3 17 5 9 2 86 0 0 0 0 4 16 
1 5 4 15 2 6 4 14 3 13 3 9 0 0 2 2 2 2 2 28 5 181 4 7 1 110 1 1 0 0 2 2 4 13 1 67 3 21 1 8 4 9 1 31 3 5 4 16 2 4 1 1 3 123 1 7 1 2 3 7 4 41 1 2 
2 3 1 1 2 3 2 2 3 7 4 10 2 7 2 10 2 7 1 1 3 3 5 35 3 25 2 5 4 33 4 5 4 17 1 2 1 2 5 11 2 7 2 5 2 7 2 4 1 2 1 1 3 21 1 1 2 3 2 12 0 0 2 3 
4 20 1 1 5 49 2 9 3 9 1 1 1 5 4 12 1 1 3 8 0 0 2 12 1 1 0 0 4 26 1 5 2 6 3 9 5 21 2 3 5 23 2 13 4 4 0 0 1 12 1 2 0 0 2 6 3 14 1 3 1 11 2 10 
3 3 3 4 2 6 3 3 3 44 2 2 0 0 2 12 0 0 5 32 1 226 1 11 2 4 4 17 0 0 2 10 1 2 2 2 3 8 0 0 1 1 3 12 1 2 2 8 1 1 1 4 3 56 3 5 2 2 7 24 2 2 0 0 
3 32 0 0 2 3 3 16 1 1 1 1 2 2 0 0 3 3 2 11 4 17 3 96 3 11 2 11 4 10 1 32 4 5 2 3 3 19 2 8 4 15 1 1 3 34 4 4 7 58 3 24 4 30 0 0 3 4 2 2 3 3 3 5 
1 4 2 36 3 15 3 19 2 6 3 10 3 29 3 3 2 6 4 26 4 26 0 0 2 9 2 14 5 66 1 1 2 229 4 241 2 7 4 5 3 10 3 3 2 2 2 47 3 4 2 2 1 3 1 7 0 0 1 1 4 8 0 0 
0 0 6 49 2 6 4 9 1 1 1 2 2 4 0 0 0 0 4 17 1 2 3 4 4 37 1 1 4 6 0 0 2 24 1 89 1 3 2 2 1 1 1 2 2 2 1 3 2 5 2 2 3 27 7 20 5 19 2 12 3 59 1 2 
2 3 3 9 2 268 2 7 2 3 1 2 2 2 1 13 2 2 2 2 0 0 1 17 3 9 1 24 1 2 1 12 3 59 3 7 3 6 2 8 3 184 2 3 2 6 2 320 1 4 1 1 2 4 3 383 1 1 4 4 1 1 2 3 
1 2 3 23 3 4 2 3 4 7 1 5 3 13 3 6 3 3 2 4 3 4 0 0 3 7 1 1 2 2 4 17 4 11 1 1 1 2 1 2 2 19 2 6 0 0 4 64 0 0 2 9 5 14 0 0 2 2 5 14 0 0 2 238 
2 4 0 0 2 2 1 1 2 6 4 4 4 23 0 0 1 2 2 141 2 11 0 0 1 5 3 7 2 8 1 1 1 3 1 1 3 21 2 2 3 4 4 13 2 6 1 7 1 1 1 1 0 0 5 60 2 89 2 4 2 2 2 57 
2 7 3 35 7 27 1 1 4 4 2 3 0 0 2 4 1 1 2 6 4 25 3 4 2 12 5 5 4 5 1 5 1 1 1 1 2 2 2 3 3 6 4 7 3 16 2 11 2 7 2 2 3 19 1 14 0 0 1 1 2 50 1 28 
1 1 5 9 2 7 1 2 3 46 5 29 0 0 1 7 2 13 3 85 3 7 2 40 1 1 2 3 1 1 1 2 3 3 1 1 2 4 1 1 1 1 1 1 1 1 4 20 3 4 2 8 0 0 2 3 2 2 3 7 1 1 3 25 
4 9 1 2 4 4 3 4 1 40 3 14 5 13 2 2 2 22 1 1 6 20 2 23 2 6 3 67 1 8 4 27 2 27 3 8 1 3 2 14 1 29 3 4 2 2 2 20 3 19 2 12 2 11 1 3 4 21 0 0 1 1 5 8 
3 6 4 19 2 2 3 14 2 3 1 19 2 11 2 5 6 33 2 8 4 8 3 8 2 3 4 6 1 51 4 38 3 3 1 10 2 12 3 21 2 2 4 4 0 0 1 1 0 0 2 2 4 10 3 12 0 0 2 3 1 1 3 12 
1 1 2 13 3 16 2 2 2 2 2 2 3 7 1 1 1 1 5 11 0 0 1 1 1 3 1 1 0 0 2 7 2 4 0 0 1 1 4 8 2 2 2 9 3 9 2 6 3 4 2 11 1 2 3 15 1 1 1 3 4 14 2 3 
1 5 2 10 1 1 0 0 3 5 1 1 1 1 2 12 1 3 0 0 3 86 3 3 2 3 2 6 1 3 2 11 3 3 2 4 5 41 3 3 2 4 1 1 4 4 4 35 3 5 3 3 3 4 2 4 2 12 0 0 2 2 3 15 
1 69 1 3 2 3 3 12 0 0 2 14 1 1 1 1 5 26 1 1 3 6 4 4 2 101 0 0 1 23 3 4 1 1 1 5 0 0 5 36 2 20 5 12 3 8 5 9 2 6 2 5 3 4 0 0 1 1 1 15 1 2 3 4 
0 0 0 0 0 0 2 8 2 15 0 0 3 3 3 4 2 5 5 7 3 17 5 21 3 4 1 1 3 7 2 15 2 4 3 3 4 335 3 37 0 0 1 1 4 75 1 1 2 2 3 8 1 1 4 14 2 5 4 15 2 13 2 6 
1 1 3 25 0 0 4 5 1 1 2 115 4 11 2 9 3 6 4 15 3 66 1 1 1 26 2 2 2 2 2 15 2 10 2 84 2 2 2 4 2 2 1 1 1 1 1 5 1 1 2 6 2 3 5 6 1 1 0 0 1 6 5 11 
2 2 1 1 3 44 1 1 2 2 1 3 0 0 2 78 0 0 2 4 3 3 1 1 7 28 2 3 3 38 2 9 3 4 2 47 3 29 2 6 1 1 1 3 1 1 2 4 0 0 2 17 3 3 1 1 1 4 3 3 4 187 2 3 
1 25 2 2 5 11 3 3 1 2 0 0 2 4 4 9 1 6 4 20 1 1 1 3 2 93 1 2 3 4 1 4 2 15 3 8 1 9 3 340 0 0 6 8 0 0 4 6 4 9 2 90 5 6 3 3 0 0 2 31 2 2 4 5 
1 18 1 1 0 0 4 44 1 1 4 27 1 6 3 10 2 3 0 0 0 0 2 25 2 16 2 4 3 6 3 18 2 3 1 1 4 20 2 7 2 2 2 1118 2 28 3 3 4 54 1 1 0 0 2 48 4 12 0 0 2 2 3 65 
3 4 2 2 2 2 1 1 1 2 0 0 3 28 0 0 1 2 1 1 1 1 1 1 3 6 3 26 2 4 2 13 0 0 2 5 1 6 5 8 2 2 4 12 3 41 6 112 1 1 0 0 0 0 3 37 3 16 1 1 2 4 0 0 
0 0 1 1 1 10 2 5 1 5 5 14 1 7 3 8 3 9 2 5 4 7 1 18 4 10 6 95 0 0 2 2 4 16 1 1 3 3 4 14 5 17 2 3 1 1 1 1 0 0 3 18 2 6 1 1 6 112 3 5 3 8 1 1 
3 211 3 50 2 2 3 30 1 3 2 2 3 15 3 48 5 29 3 3 1 17 2 5 2 4 1 1 2 56 0 0 4 4 1 1 1 1 1 1 1 4 1 1 3 4 1 2 1 1 4 4847 2 3 4 9 3 574 2 4 2 9 1 1 
3 7 0 0 1 5 1 1 6 13 3 3 1 22 1 1 1 47 0 0 3 32 2 4 1 1 2 8 2 11 1 1 3 9 1 2 3 10 1 4 1 4 4 4 2 2 0 0 2 13 3 14 4 47 0 0 4 32 2 4 2 44 1 1 
3 12 1 12 3 14 2 6 4 18 3 6 1 1 2 2 2 41 4 4 0 0 0 0 3 35 1 16 3 44 1 1 2 4 0 0 2 28 1 75 3 8 2 2 0 0 1 1 3 91 2 3 1 56 2 7 0 0 5 5 2 15 1 1 
5 48 1 3 1 1 2 7 2 9 2 3 0 0 2 2 0 0 3 7 5 64 4 8 4 20 1 4 0 0 1 6 4 16 3 10 3 3 0 0 2 6 1 1 0 0 1 2 1 7 3 3 1 1 1 1 1 9 1 4 4 11 3 21 
2 6 1 1 2 3 5 5 3 10 0 0 2 10 1 1 4 27 3 14 3 10 0 0 5 227 2 6 1 1 4 5 2 5 2 60 1 4 2 7 1 7 3 6 1 1 2 2 3 3 2 2 2 2 2 4 4 9 4 93 3 3 2 5 
3 10 1 1 1 1 2 42 6 35 0 0 3 10 4 413 2 20 2 17 2 125 2 2 5 7 1 2 2 547 1 2 3 32 1 1 2 2 0 0 2 2 1 3 2 29 5 19 3 33 2 9 0 0 2 2 1 2 0 0 3 8 2 4 
1 11 3 12 1 24 2 4 3 119 2 4 3 3 1 1 0 0 0 0 2 3 3 11 1 7 4 23 2 13 5 31 1 17 5 102 2 44 2 8 2 5 2 6 3 13 2 2 5 11 4 6 2 6 1 1 1 11 0 0 3 54 0 0 
1 1 1 1 1 1 3 38 1 1 4 35 1 51 1 78 1 5 2 2 3 16 0 0 3 9 4 257 2 8 2 2 0 0 2 4 1 1 1 2 0 0 4 14 2 34 0 0 3 11 2 2 4 16 2 2 5 22 0 0 1 1 2 2 
2 5 1 1 1 1 0 0 2 68 2 16 2 5 4 36 4 26 4 12 3 29 3 7 0 0 4 19 1 2 3 209 3 5 2 4 1 2 0 0 2 7 3 5 1 2 0 0 1 27 1 1 4 32 0 0 1 5 1 14 1 4 5 20 
1 5 1 18 3 5 5 360 3 3 5 5 1 1 3 6 1 1 0 0 0 0 2 103 1 3 3 3 4 8 4 11 1 1 2 67 2 2 0 0 4 32 3 12 4 4 2 2 3 11 3 30 1 1 0 0 2 8 1 1 1 19 1 1 
2 17 3 5 2 8 0 0 2 10 0 0 3 3 0 0 3 12 4 13 4 39 3 37 2 44 3 22 2 27 3 22 1 1 2 4 1 2 2 5 2 116 1 14 3 39 2 3 1 1 2 21 0 0 3 84 2 38 2 2 3 14 4 12 
2 2 1 4 3 3 1 1 1 1 0 0 0 0 1 1 3 3 1 1 0 0 0 0 3 51 1 1 3 58 1 4 5 35 5 13 4 9 0 0 3 6 0 0 3 19 2 5 2 4 1 1 4 5 1 4 3 6 1 1 3 3 3 3 
4 14 1 11 2 11 3 28 3 7 1 4 1 1 2 6 2 369 5 7 0 0 5 11 1 2 1 6 1 1 4 30 3 9 3 3 2 23 4 18 0 0 1 1 2 2 4 20 3 10 1 2 0 0 6 20 1 1 0 0 1 1 2 7 
1 1 2 9 0 0 1 1 1 20 1 3 1 1 2 11 1 30 0 0 1 33 1 2 1 1 4 9 1 3 3 22 1 2 0 0 3 11 1 1 1 1 3 3 0 0 3 7 3 5 1 1 3 5 1 15 1 1 3 31 1 1 3 9 
1 1 0 0 2 14 2 5 3 5 4 37 3 6 2 28 0 0 5 20 3 12 3 54 3 3 3 8 0 0 1 1 0 0 3 14 3 5 2 3 2 38 3 15 2 7 2 51 2 2 1 1 2 375 1 1 1 2 5 14 4 92 3 21 
2 3 2 21 1 4 3 13 2 3 1 24 4 6 1 1 2 7 3 9 1 27 1 1 2 7 3 11 0 0 2 3 1 1 7 42 3 8 2 5 4 13 4 107 4 12 1 3 1 4 2 2 3 8 3 7 0 0 2 5 2 7 3 10 
0 0 2 5 1 1 4 8 2 9 3 24 1 1 4 6 3 9 1 31 3 4 1 3 3 23 0 0 4 30 1 2 1 1 6 19 3 3 2 10 1 5 4 9 4 211 2 3 1 13 2 6 3 22 1 1 1 11 1 13 1 2 2 4 
3 16 3 58 2 36 2 2 3 396 3 16 2 19 3 27 4 32 2 2 0 0 1 12 0 0 2 61 1 4 2 36 5 8 1 1 1 1 1 328 2 68 3 18 0 0 3 10 1 1 2 16 2 2 4 4 4 9 1 1 0 0 2 3 
0 0 3 14 2 4 2 6 3 3 3 121 1 1 1 6 6 135 4 10 1 1 2 2 1 28 0 0 3 8 3 4 1 1 3 6 3 5 1 5 3 9 3 38 2 9 1 1 1 1 1 1 0 0 3 13 1 8 1 1 1 9 7 9 
1 3 1 1 5 16 1 1 2 10 6 30 4 8 1 1 1 15 1 1 2 2 1 1 1 1 5 11 4 5 1 1 2 3 1 1 1 5 1 1 2 23 2 10 3 3 2 3 5 52 3 4 3 13 4 5 4 13 5 15 2 2 3 4 
0 0 4 12 1 1 3 7 2 23 2 2 1 1 2 57 0 0 2 8 1 9 1 1 0 0 1 1 3 128 2 2 2 21 0 0 5 15 1 1 1 2 0 0 4 6 2 7 3 4 1 1 2 2 2 9 3 9 3 12 4 10 1 1 
1 1 1 3 4 5 4 7 1 1 2 6 2 43 1 23 1 4 0 0 4 7 3 16 7 28 1 10 2 22 4 14 1 1 3 27 4 102 3 266 6 94 6 12 4 13 6 9 0 0 1 1 1 2 2 6 1 3 1 2 3 7 1 3 
5 8 0 0 0 0 1 1 1 1 2 9 3 5 0 0 3 4 3 30 3 17 2 5 1 1 1 2 4 4 1 2 3 7 2 9 3 4 4 20 3 7 5 14 3 50 0 0 1 4 2 104 2 8 2 5 2 120 1 14 4 23 1 2 
0 0 4 9 4 36 1 24 1 1 2 2 0 0 1 2 0 0 1 6 0 0 1 13 2 3 0 0 2 55 2 5 5 5 0 0 2 7 2 36 4 5 3 14 4 31 4 209 3 8 1 5 1 5 3 6 1 1 4 6 1 1 3 8 
3 3 2 4 1 1 4 22 2 2 6 40 1 1 3 7 2 5 3 3 1 1 1 24 1 1 0 0 2 2 6 13 3 11 0 0 2 2 5 60 1 2 0 0 1 1 1 1 2 3 4 8 3 5 3 3 4 24 1 5 2 2 1 1 
2 2 2 12 0 0 2 7 3 5 2 2 1 1 4 24 2 7 4 10 1 9 1 6 1 8 6 23 8 17 1 1 2 160 1 1 2 2 2 6 3 34 3 25 2 3 2 2 4 95 4 18 1 3 3 4 2 2 0 0 2 18 1 1 
3 6 1 1 1 2 1 46 1 1 2 2 2 2 1 2 4 5 2 23 1 2 0 0 1 1 4 4 5 5 1 16 0 0 1 1 2 6 2 37 2 2 1 15 2 11 2 4 2 19 1 13 2 10 5 7 4 8 1 8 3 3 3 10 
3 54 1 5 2 7 0 0 1 3 3 7 8 13 1 1 1 1 3 3 5 46 1 1 1 2 0 0 5 77 1 1 2 11 0 0 1 1 2 5 2 8 0 0 0 0 2 3 1 2 4 121 1 3 1 7 4 8 1 1 0 0 1 1 
3 7 3 4 3 6 2 2 1 1 3 14 2 2 0 0 2 3 1 1 2 2 5 511 2 29 6 23 2 3 6 6 0 0 3 10 0 0 2 17 2 9 1 1 2 4 4 4 2 7 2 25 1 24 3 5 2 2 3 12 1 4 2 68 
2 8 5 28 3 10 2 6 2 10 3 3 3 26 2 2 0 0 4 741 3 5 1 1 2 44 4 4 1 3 0 0 1 9 3 3 2 4 3 33 1 2 3 22 4 162 2 3 5 40 2 4 4 13 0 0 2 2 2 3 4 33 1 6 
4 32 0 0 3 9 4 6 2 15 3 69 3 4 4 6 4 11 2 13 1 1 2 5 0 0 0 0 0 0 6 35 1 4 1 1 0 0 2 2 3 166 2 6 1 4 2 37 3 8 1 1 1 139 3 3 1 1 3 5 3 3 3 15 
2 4 4 14 1 3 3 5 1 3 3 11 3 15 1 1 1 1 2 5 4 41 2 4 2 10 1 1 5 30 3 8 3 4 0 0 0 0 2 2 1 1 2 4 4 36 2 7 4 42 1 4 0 0 0 0 2 5 1 3 2 15 1 1 
0 0 5 17 3 7 0 0 0 0 2 16 1 1 0 0 1 1 2 7 2 15 2 20 2 3 2 9 2 2 4 16 1 1 3 10 2 2 2 2 2 5 3 36 4 8 1 1 3 8 2 3 1 1 3 3 4 17 2 7 2 8 1 1 
1 1 1 2 4 59 4 87 0 0 0 0 2 13 1 1 3 11 2 11 4 10 3 17 4 20 3 6 1 1 1 6 1 2 3 6 2 7 2 12 1 1 1 1 1 1 4 5 1 3 4 6 1 6 1 3 2 12 3 3 2 2 0 0 
2 3 1 1 3 5 1 16 0 0 3 3 1 3 4 4 3 3 2 5 2 18 5 32 3 44 0 0 2 9 2 7 3 4 3 7 3 9 0 0 2 34 2 13 2 11 1 57 1 103 0 0 2 23 1 1 0 0 1 1 2 2 2 2 
0 0 5 12 2 15 1 1 5 10 2 6 1 1 3 31 3 20 1 2 4 18 0 0 2 27 3 4 1 6 5 28 0 0 3 13 1 1 1 45 4 18 1 11 2 2 2 3 3 7 1 3 1 1 2 2 4 5 3 57 2 37 1 1 
1 39 3 57 0 0 1 40 1 7 2 5 1 4 6 19 1 6 1 4 2 5 4 19 2 10 1 1 1 1 3 4 2 12 3 6 1 1 2 14 1 25 1 1 2 2 3 1878 1 5 2 5 2 2 1 1 3 20 2 190 0 0 1 17 
1 4 4 4 4 6 0 0 3 8 5 29 5 19 2 2 2 8 1 1 1 1 0 0 0 0 2 48 8 39 1 1 1 1 1 1 2 3 2 7 0 0 3 58 2 5 4 11 0 0 1 6 4 7 2 5 2 4 2 2 1 1 4 4 
2 34 2 3 2 3 1 1 0 0 6 242 3 6 0 0 2 4 3 119 2 2 2 2 1 6 2 3 1 1 3 16 4 13 1 4 1 191 6 10 3 5 0 0 2 10 5 120 0 0 3 5 0 0 1 2 2 3 3 14 3 3 1 4 
2 2 2 2 2 7 1 1 2 6 1 1 2 13 2 2 2 43 3 27 3 10 3 10 1 1 2 3 2 10 3 24 2 2 2 6 3 6 2 4 0 0 2 2 1 6 4 102 1 6 4 6 1 2 2 207 1 1 1 2 3 6 1 1 
2 2 3 4 2 42 5 22 0 0 3 33 3 24 1 1 0 0 1 1 0 0 2 2 1 30 3 8 2 27 3 10 4 6 2 38 4 8 4 23 2 8 3 6 4 21 1 21 2 56 3 6 2 7 2 11 0 0 2 5 2 118 2 12 
4 47 0 0 6 34 3 4 2 2 2 11 1 2 2 120 2 2 2 1191 0 0 1 1 4 23 0 0 1 1 2 200 3 4 3 5 1 1 2 10 2 28 4 12 3 5 0 0 1 3 0 0 1 6 0 0 1 111 4 11 1 2 4 18 
1 1 4 17 1 1 4 7 1 1 4 25 1 1 0 0 1 3 1 1 5 25 3 13 0 0 3 6 2 4 1 5 1 8 2 2 3 3 3 3 5 99 2 24 2 2 1 1 3 7 1 7 2 241 3 24 3 11 2 4 4 19 1 4 
5 85 0 0 0 0 2 4 1 1 1 1 0 0 3 3 1 2 0 0 2 2 1 1 2 11 2 1061 1 21 1 1 2 3 5 39 1 1 0 0 3 4 0 0 0 0 1 5 1 4 3 25 2 9 1 1 5 114 3 39 3 22 2 2 
3 216 3 12 2 5 4 8 1 1 2 2 2 13 2 10 2 2 3 8 3 3 2 1054 0 0 4 20 2 103 4 5 2 3 1 11 0 0 0 0 6 72 2 18 2 8 3 10 2 8 1 5 3 3 3 15 3 331 2 2 2 2 7 27 
0 0 4 4 4 16 2 3 1 5 1 5 1 3 2 3 2 2 1 1 0 0 1 1 3 163 3 8 2 3 6 15 3 74 4 14 1 1 1 7 0 0 1 5 1 101 0 0 2 2 3 23 0 0 2 85 2 23 3 195 2 13 2 26 
5 18 0 0 0 0 3 13 2 2 1 15 2 2 3 4 2 3 3 13 4 4 4 15 4 6 6 38 4 4 2 8 2 6 1 1 1 26 3 6 2 40 2 6 2 5 1 3 1 2 1 1 2 2 0 0 1 2 1 2 2 21 3 116 
1 9 1 1 6 37 3 29 3 4 1 1 2 2 3 4 1 6 4 10 1 53 2 6 4 8 2 3 2 2 1 14 3 22 3 70 1 1 3 67 2 3 2 10 2 2 3 15 0 0 1 4 4 30 1 8 1 1 1 1 4 4 4 15 
3 20 1 2 0 0 3 20 2 2 4 179 1 2 2 11 2 27 2 6 6 21 0 0 3 3 2 3 0 0 4 8 4 10 2 4 1 2 2 4 2 2 1 1 1 1 1 1 0 0 1 1 0 0 3 19 3 4 3 113 3 5 3 14 
2 9 1 1 2 4 5 11 1 2 1 6 3 6 4 55 2 3 1 8 1 70 2 4 1 1 3 3 2 3 2 2 3 3 1 1 2 20 1 3 3 12 3 5 4 13 2 5 1 3 3 20 2 4 1 3 6 18 2 3 1 1 7 255 
3 8 4 18 4 10 2 2 3 112 1 1 4 70 3 64 5 8 6 16 0 0 2 13 2 135 2 3 5 7 5 9 2 3 1 1 1 1 1 4 1 7 2 18 2 2 1 4 4 353 3 26 0 0 3 21 5 18 1 1 0 0 4 37 
1 1 3 79 1 11 2 3 0 0 4 12 2 4 1 1 1 6 0 0 1 1 2 10 1 2 3 6 4 189 4 4 1 1 4 13 3 21 4 8 3 9 3 6 5 26 2 7 0 0 0 0 4 7 2 9 4 8 1 1 3 6 1 1 
2 3 2 9 5 7 4 48 2 8 3 19 6 18 1 3 1 17 3 7 4 6 1 6 4 30 4 14 3 9 2 2 1 5 3 4 2 20 1 1 1 7 3 17 1 1 3 12 2 14 2 5 1 1 4 11 1 1 1 2 0 0 4 20 
0 0 0 0 1 2 0 0 0 0 0 0 1 1 3 64 2 7 2 5 1 51 4 22 5 27 2 31 2 11 0 0 3 3 3 3 3 4 1 1 3 4 0 0 1 2 1 9 3 8 1 4 5 14 1 4 1 5 1 1 4 8 2 36 
4 15 2 6 4 8 0 0 0 0 2 6 1 1 4 5 1 1 3 6 1 1 1 1 2 2 0 0 2 4 1 1 3 8 2 2 3 7 2 2 2 3 2 7 2 2 3 7 1 1 1 1 3 7 4 14 0 0 4 4 0 0 4 45 
1 5 2 2 0 0 2 7 2 3 1 8 5 30 3 8 5 12 2 7 1 1 1 6 0 0 2 34 4 9 3 8 1 11 0 0 1 1 2 2 2 5 0 0 3 26 2 443 2 7 0 0 1 1 4 7 4 16 1 1 2 3 3 10 
1 1 4 14 3 10 4 12 0 0 3 4 3 5 5 5 0 0 1 1 5 25 1 2 2 3 0 0 0 0 2 10 2 3 1 8 6 17 1 1 4 10 2 8 0 0 1 20 2 2 2 4 5 9 1 1 1 1 1 4 4 31 1 1 
2 34 2 3 2 7 1 5 3 4 3 6 2 72 5 29 3 29 2 3 4 8 5 103 0 0 2 9 1 2 1 1 5 43 3 18 3 3 1 1 0 0 1 2 5 11 1 1 0 0 2 3 2 9 4 6 3 3 2 11 2 19 2 11 
0 0 2 8 2 4 1 1 1 1 1 1 2 2 0 0 2 4 8 47 0 0 1 5 3 10 3 18 2 211 0 0 6 87 1 2 4 7 6 17 1 16 2 14 3 37 4 33 1 1 3 15 1 1 2 19 1 1 0 0 2 6 1 6 
2 106 3 3 3 5 3 129 2 7 3 15 0 0 0 0 4 1237 1 15 3 4 1 28 2 2 1 1 4 25 6 27 1 1 2 2 2 10 1 2 4 7 1 3 0 0 3 216 1 438 2 2 0 0 1 4 5 5 3 4 0 0 0 0 
1 1 3 19 3 8 4 14 1 5 1 149 1 1 2 40 3 35 2 2 2 2 1 1 3 10 1 1 2 8 1 1 1 1 1 3 1 2 3 8 3 13 2 2 3 57 0 0 6 75 2 18 3 9 3 9 1 1 2 8 2 11 1 9 
2 5 6 94 2 17 2 4 3 5 2 2 2 3 1 1 4 4 2 2 3 4 4 41 1 1 2 7 1 2 1 1 0 0 2 3 4 47 6 16 0 0 1 9 2 23 3 3 2 7 1 3 4 9 3 5 3 53 2 242 2 8 2 9 
3 70 1 4 0 0 2 7 2 2 2 12 1 1 2 7 0 0 5 11 1 1 5 12 4 29 2 10 0 0 3 19 2 17 1 2 2 11 0 0 1 1 0 0 5 53 3 12 3 7 4 79 0 0 3 3 3 6 4 33 0 0 1 25 
2 20 1 4 2 28 6 12 5 53 2 9 1 31 3 5 2 3 0 0 3 12 2 3 0 0 3 5 2 15 2 6 1 2 1 3 1 1 1 3 1 1 1 1 1 11 1 1 2 4 1 1 0 0 1 7 2 6 2 14 3 15 3 50 
2 10 1 2 2 2 0 0 1 1 1 8 6 21 2 16 1 23 2 4 0 0 1 1 0 0 1 3 0 0 3 5 0 0 0 0 5 57 3 20 2 2 2 8 1 1 1 7 5 31 1 7 2 66 0 0 1 10 3 3 2 3 3 3 
1 4 2 3 3 3 1 2 4 7 3 11 1 1 3 4 1 4 2 2 3 8 3 146 3 4 2 5 2 36 1 3 4 14 3 6 2 4 2 2 2 6 3 3 1 1 4 21 3 19 1 6 2 19 2 3 4 104 2 21 1 3 1 1 
0 0 2 4 1 1 1 12 1 2 1 1 1 1 2 2 0 0 2 8 3 18 3 20 0 0 3 18 1 2 1 1 1 4 1 1 2 16 4 14 3 22 1 1 5 21 2 25 2 2 1 1 3 7 0 0 4 21 2 7 1 6 1 1 
1 1 2 4 0 0 1 1 0 0 1 1 2 58 3 36 4 8 2 2 3 3 2 4 2 2 4 12 3 4 1 3 3 71 3 678 5 9 0 0 3 3 2 36 2 18 2 40 2 8 1 1 2 6 4 19 2 21 1 3 2 2 5 7 
0 0 4 10 0 0 1 3 2 38 1 1 2 15 4 14 3 8 3 4 2 42 1 1 5 14 1 3 4 13 2 4 2 3 5 17 2 3 0 0 3 44 2 3 3 3 1 2 1 2 1 6 1 1 2 2 4 8 2 2 2 36 2 7 
3 17 1 1 3 14 3 8 5 14 2 432 1 2 4 8 2 4 2 2 0 0 3 5 2 9 1 28 2 3 3 3 3 7 3 7 3 8 2 12 3 9 1 1 1 10 0 0 5 10 1 1 1 3 0 0 2 3 3 7 3 28 1 1 
0 0 4 51 1 1 2 14 1 1 2 6 1 1 1 7 5 19 2 2 2 3 5 96 1 5 1 1 4 19 3 16 1 3 1 1 0 0 0 0 1 1 0 0 3 24 2 6 3 9 1 6 3 5 1 1 3 6 2 5 2 5 5 184 
2 2 1 1 5 24 2 16 1 4 5 17 3 17 3 3 3 19 4 12 3 366 1 1 3 12 0 0 1 2 2 9 3 5 1 6 4 36 2 3 2 3 3 48 5 17 2 11 1 1 3 5 5 9 1 4 2 2 2 4 2 5 4 23 
4 4 4 12 2 27 1 1 1 2 2 2 2 8 2 4 3 9 3 8 5 18 4 12 0 0 1 14 4 18 3 9 3 13 2 6 1 2 5 37 0 0 3 13 1 1 1 6 4 6 3 11 2 5 4 16 4 55 2 4 1 1 2 4 
4 24 3 28 4 12 0 0 0 0 1 1 0 0 1 1 1 3 0 0 1 1 2 13 6 141 1 1 2 5 2 3 3 14 0 0 1 2 0 0 2 2 3 8 2 308 3 8 1 1 5 10 2 6 1 8 1 2 3 3 0 0 1 1 
1 4 1 6 2 25 0 0 3 6 1 4 1 1 2 7 2 2 1 27 0 0 3 7 3 1462 1 17 2 14 1 2 9 38 2 2 3 4 1 77 2 3 5 13 4 10 3 52 2 2 3 6 3 9 0 0 3 10 4 25 2 3 1 1 
0 0 2 3 0 0 2 38 5 9 2 5 1 1 0 0 0 0 4 9 5 11 1 14 5 17 1 4 4 33 4 17 5 43 0 0 1 1 2 4 5 13 0 0 3 26 1 2 1 16 4 8 4 7 6 21 0 0 5 25 2 2 2 2 
3 21 1 1 2 35 2 4 2 2 1 1 0 0 2 8 0 0 0 0 3 14 5 108 1 3 4 73 3 32 1 4 1 1 2 5 0 0 2 3 0 0 2 2 4 4 3 7 4 25 4 10 3 5 1 7 2 2 1 1 3 9 4 253 
2 2 2 5 5 12 2 25 3 194 0 0 3 4 3 12 4 5 3 4 1 229 3 12 6 9 3 17 4 6 1 1 4 28 3 4 1 6 1 3 2 7 2 4 2 2 2 23 4 99 2 2 0 0 0 0 1 1 1 2 1 8 4 348 
1 3 6 75 1 1 1 1 3 30 1 7 2 13 2 2 1 1 4 15 3 22 1 1 0 0 3 6 0 0 4 6 2 38 4 4 2 2 2 6 0 0 0 0 0 0 3 13 2 7 5 196 3 7 3 8 2 130 2 2 2 2 1 1 
1 1 4 12 1 16 5 9 1 1 1 1 1 1 2 3 0 0 3 23 1 32 1 1 3 7 2 26 4 11 3 207 1 8 2 3 3 40 4 15 1 1 3 46 1 1 2 8 4 6 1 3 2 7 3 104 0 0 1 1 1 2 6 18 
1 2 1 1 3 12 0 0 1 1 0 0 3 12 1 4 3 27 2 3 5 15 2 10 4 5 3 8 1 8 1 31 1 1 3 18 3 9 4 8 0 0 1 2 2 45 2 5 1 2 3 14 1 1 1 10 0 0 1 1 2 23 1 1 
5 18 2 2 3 9 2 35 3 26 1 3 4 72 0 0 1 1 5 46 2 2 3 4 3 5 3 56 4 72 4 33 1 20 4 4 0 0 1 2 2 23 4 151 1 1 5 34 4 18 3 38 0 0 2 8 1 2 2 3 2 4 5 10 
3 1458 2 6 5 40 2 3 4 28 2 14 0 0 1 8 5 5 3 8 1 6 3 7 0 0 2 5 2 9 2 3 4 7 1 2 1 2 3 4 1 2 4 10 2 3 3 4 3 4 3 45 2 2 2 2 2 2 1 1 3 8 0 0 
1 2 2 33 4 19 2 3 3 42 1 1 2 12 2 2 4 8 3 5 2 2 1 19 1 3 2 2 0 0 4 9 0 0 4 6 4 5 0 0 2 16 0 0 1 1 1 1 3 7 2 4 4 5 2 2 1 2 1 1 3 6 0 0 
1 3 1 1 4 14 1 3 2 115 4 372 2 13 2 8 2 3 2 2 1 1 3 12 3 5 0 0 0 0 1 1 4 85 1 1 2 2 3 13 2 4 0 0 1 1 1 1 1 16 0 0 3 58 4 9 2 12 1 9 2 55 3 37 
2 20 5 6 2 60 2 2 2 2 2 2 1 2 3 4 2 17 0 0 2 2 1 10 2 8 2 5 5 63 3 6 3 88 1 1 1 1 3 17 0 0 2 15 4 25 1 1 4 11 3 9 5 11 2 3 1 1 0 0 1 6 1 1 
0 0 0 0 4 18 1 1 2 9 1 1 1 1 2 211 2 8 1 1 2 2 4 139 5 26 3 4 1 1 1 42 3 4 2 9 1 1979 0 0 1 1 1 2 1 1 3 80 0 0 1 1 0 0 3 86 2 2 2 7 1 8 4 9 
2 5 2 7 3 4 1 1 3 3 3 20 1 6 3 16 0 0 2 4 5 28 1 2 3 8 2 4 2 2 3 8 1 6 0 0 0 0 0 0 3 11 2 5 1 1 1 2 1 1 2 7 3 14 2 100 3 3 1 2 3 6 2 2 
1 1 0 0 2 14 4 129 3 14 2 7 1 1 2 2 3 12 1 7 2 36 1 1 1 1 2 3 0 0 1 1 2 18 2 4 0 0 1 1 3 21 3 45 3 3 5 9 1 1 2 3 0 0 3 4 2 4 1 16 1 1 2 7 
0 0 2 12 1 1 2 13 1 65 0 0 4 7 2 2 2 2 1 10 4 5 2 8 1 1 3 55 3 4 4 4 3 32 1 1 3 12 3 129 2 3 0 0 2 6 4 13 1 1 0 0 3 5 1 2 2 6 2 3 2 25 1 1 
3 7 1 177 1 1 2 15 3 14 6 8 1 5 1 5 3 3 0 0 0 0 0 0 1 2 1 1 2 5 0 0 1 12 5 106 3 17 2 3 2 15 0 0 2 2 1 1 1 1 2 2 3 17 3 17 3 3 3 9 2 5 0 0 
3 32 5 6 3 20 4 5 3 13 1 1 1 1 3 14 3 3 3 7 3 7 0 0 2 21 4 65 0 0 2 4 2 84 1 2 4 9 3 12 2 6 2 2 0 0 1 2 2 5 0 0 3 5 1 13 1 207 1 1 3 10 3 14 
0 0 3 15 0 0 3 27 3 4 3 11 2 6 1 5 0 0 1 1 5 32 2 13 2 2 3 20 2 2 2 3 5 22 3 105 1 4 1 1 0 0 1 1 1 3 5 21 2 2 3 14 2 2 4 9 1 3 2 7 1 1 2 7 
2 8 2 6 2 4 3 4 2 6 1 6 2 30 2 4 1 2 1 27 2 35 2 3 2 6 2 7 0 0 3 103 3 3 2 21 1 1 0 0 1 1 4 4 2 9 2 5 3 15 2 2 0 0 1 3 1 1 5 34 1 1 1 13 
3 3 3 98 1 2 2 2 0 0 2 6 0 0 2 32 3 3 2 11 0 0 6 23 1 2 2 2 1 1 1 1 4 19 3 5 0 0 1 2 1 1 4 6 1 1 3 4 3 6 3 3 2 2 2 43 5 40 3 5 2 23 2 21 
0 0 3 15 0 0 1 1 3 10 2 20 3 3 3 15 3 34 1 4 0 0 3 3 2 2 0 0 3 9 1 2 2 8 1 6 3 14 1 12 5 563 0 0 5 8 2 12 2 19 1 1 1 1 2 6 3 5 1 1 5 47 3 16 
1 1 2 2 2 2 5 11 2 3 2 7 3 22 1 7 0 0 1 9 0 0 3 9 2 5 2 2 2 4 2 5 0 0 0 0 0 0 1 6 1 1 0 0 2 27 2 2 1 1 1 1 1 9 1 1 1 1 3 5 1 1 5 33 
2 19 1 1 2 11 3 60 2 3 2 2 2 10 3 4 1 1 2 3 2 3 1 3 4 22 3 7 1 1 3 54 3 3 4 11 1 1 3 3 2 5 2 3 4 36 2 86 2 109 1 1 1 1 1 138 5 14 1 1 0 0 2 6 
0 0 0 0 1 5 2 16 4 9 2 3 3 22 3 7 1 1 0 0 2 2 1 2 2 2 3 3 5 7 6 29 1 10 2 2 4 13 0 0 1 3 3 3 3 5 2 4 1 10 2 2 1 1 1 3 1 1 0 0 2 4 3 6 
2 2 1 1 4 26 2 6 3 26 4 14 1 1 1 9 2 2 1 1 0 0 2 3 0 0 0 0 2 19 2 40 0 0 3 12 0 0 0 0 4 6 4 13 2 10 3 18 2 2 3 15 4 8 0 0 4 7 4 20 3 4 5 16 
2 8 3 3 1 1 1 1 3 42 3 10 6 34 0 0 3 5 2 2 3 7 1 5 2 7 3 3 1 1 2 3 2 6 4 18 3 11 3 9 2 3 0 0 2 2 4 35 1 7 2 35 3 57 1 1 1 1 1 1 2 10 1 1 
3 37 0 0 1 1 2 2 2 2 1 12 4 4 3 28 4 15 5 17 3 6 1 1 3 12 0 0 6 90 2 2 3 13 1 1 2 2 1 118 2 9 4 5 2 9 5 15 2 35 2 4 1 1 1 9 3 11 1 1 5 13 0 0 
1 2 3 8 1 6 2 4 2 3 1 4 1 2 1 1 1 1 0 0 1 1 2 2 6 23 7 40 2 4 0 0 1 1 3 19 1 1 0 0 0 0 1 1 1 620 0 0 4 10 0 0 1 1 2 15 1 6 3 5 1 2 3 46 
0 0 0 0 1 1 3 7 2 2 2 28 2 10 2 27 2 2 0 0 2 6 6 10 1 5 0 0 0 0 2 7 3 4 1 5 6 43 4 9 0 0 4 17 4 6 3 83 2 21 1 6 2 13 1 1 1 1 4 10 3 28 3 3 
4 54 1 6 4 12 2 3 4 29 0 0 2 3 2 4 1 2 1 2 2 2 3 8 0 0 4 4 2 8 1 1 0 0 2 2 1 5 2 10 3 5 2 12 4 371 2 6 1 1 1 1 0 0 0 0 5 6 0 0 1 5 2 2 
1 6 3 9 2 10 2 2 0 0 2 3 0 0 3 13 1 4 3 38 1 1 2 24 3 17 3 18 2 19 2 2 2 2 1 1 2 2 2 2 2 19 3 10 2 30 2 91 1 1 3 16 0 0 0 0 1 1 3 16 1 1 1 8 
0 0 3 7 4 33 2 10 3 191 0 0 0 0 3 3 5 11 5 20 1 1 1 1 0 0 1 1 0 0 4 12 1 1 1 1 0 0 1 1 4 8 2 3 2 5 1 1 4 11 3 1644 3 4 1 18 4 21 2 6 3 4 2 262 
2 8 2 2 2 18 5 55 2 2 5 9 3 12 1 1 3 23 2 17 2 11 0 0 0 0 5 10 2 3 0 0 2 120 3 3 2 20 1 1 1 8 1 20 2 5 2 11 1 3 4 21 2 2 2 2 3 4 2 8 1 2 2 50 
4 12 1 18 1 1 1 2 5 10 1 1 5 41 2 8 1 2 1 1 0 0 2 21 1 3 1 2 1 10 3 4 2 7 2 2 1 8 3 8 4 10 1 8 3 415 2 5 8 71 2 2 2 21 1 2 1 2 3 6 4 16 2 2 
3 30 1 1 2 4 3 13 1 1 2 422 2 23 2 10 1 1 1 1 1 24 2 7 1 1 1 13 3 11 0 0 0 0 5 23 4 21 2 3 7 8 1 1 1 1 2 5 0 0 3 41 4 6 2 3 0 0 2 3 3 84 1 1 
2 4 1 1 3 12 3 193 0 0 2 2 1 1 4 5 2 3 2 15 0 0 1 1 3 9 2 2 1 1 3 20 1 1 3 3 4 11 1 1 0 0 4 6 3 3 1 1 2 32 3 13 4 6 3 5 3 7 3 12 4 5 1 1 
1 1 3 9 4 16 2 2 2 815 2 6 2 7 3 15 2 6 2 2 8 14 1 16 5 11 2 7 1 1 1 1 1 1 2 16 2 12 1 1 2 2 2 2 4 145 0 0 3 9 2 3 2 3 7 29 2 5 3 3 3 6 6 34 
4 15 2 2 0 0 0 0 1 1 3 13 0 0 5 37 4 7 2 13 2 12 0 0 3 20 2 3 1 4 5 88 2 4 2 41 2 7 6 26 1 7 2 6 3 3 3 5 2 8 0 0 1 2 0 0 1 1 2 7 0 0 3 57 
3 213 4 10 3 3 2 2 4 8 1 6 1 3 1 1 1 1 3 13 2 2 1 1 1 4 0 0 2 2 0 0 3 32 0 0 2 2 4 51 3 7 3 5 0 0 2 7 3 3 2 36 1 1 4 4 2 6 3 4 2 7 2 16 
1 1 2 7 1 8 0 0 1 1 3 3 1 11 2 8 1 7 2 19 2 3 1 1 2 5 1 3 1 1 1 2 2 4 1 2 1 2 0 0 5 16 4 11 2 2 2 3 3 22 1 87 2 5 0 0 1 3 1 3 2 6 0 0 
2 14 2 4 3 3 2 6 3 86 1 1 2 14 2 2 4 11 2 3 3 3 3 6 5 44 3 3 1 1 1 1 1 2 2 3 1 1 1 13 2 3 6 100 4 7 3 17 2 7 2 13 2 2 2 2 3 3 1 2 0 0 2 9 
2 2 2 4 1 4 4 21 3 24 0 0 1 2 6 6 2 2 3 3 2 7 1 1 5 8 3 3 4 13 0 0 0 0 0 0 1 1 1 2 3 4 8 26 2 21 0 0 2 6 1 1 4 100 1 21 0 0 1 7 2 2 2 79 
2 2 1 2 0 0 7 55 2 48 2 6 4 5 3 9 1 34 4 31 2 2 3 6 4 64 1 1 1 1 6 34 1 5 5 13 0 0 2 6 2 8 3 5 1 1 3 8 2 2 2 4 1 5 4 15 4 8 3 8 3 33 1 1 
1 2 4 31 3 6 1 1 2 7 3 13 6 8 1 1 0 0 2 7 2 13 2 2 1 4 2 3 5 332 5 160 1 117 3 3 2 5 2 3 2 108 2 46 2 96 2 20 4 10 0 0 6 12 1 4 0 0 2 3 0 0 1 205 
2 5 2 3 2 2 1 1 2 2 3 7 0 0 2 3 1 1 1 1 2 6 4 8 2 2 1 1 1 3 2 20 2 11 1 1 2 4 2 7 2 2 0 0 2 2 2 2 0 0 2 12 2 61 1 1 1 1 3 13 3 4 1 10 
3 3 3 11 4 4 1 1 2 11 7 277 4 19 0 0 3 94 1 1 1 2 5 7 4 6 0 0 1 1 2 5 1 31 2 3 1 1 4 42 1 3 2 19 1 1 0 0 4 7 4 8 2 3 1 217 1 340 3 7 0 0 2 5 
3 475 0 0 3 7 2 2 3 20 2 12 2 2 3 4 3 5 1 1 1 1 0 0 2 10 0 0 6 51 1 1 1 1 2 7 3 10 5 14 3 26 3 5 1 7 2 3 1 25 1 1 2 54 5 9 2 5 2 3 3 20 3 6 
0 0 3 3 1 2 0 0 1 5 0 0 1 3 0 0 0 0 1 14 6 22 6 24 2 3 5 6 4 5 2 43 1 6 2 20 2 13 1 7 2 5 1 1 0 0 1 30 1 1 1 2 1 1 3 10 2 6 5 10 3 24 1 1 
1 3 3 868 0 0 1 1 2 6 3 5 1 4 2 2 1 3 2 2 1 2 5 32 1 1 0 0 4 5 1 1 2 2 3 50 2 6 1 38 3 142 5 8 2 3 0 0 2 2 3 6 3 8 0 0 4 7 1 2 4 45 2 4 
1 1 2 2 4 41 3 27 2 2 2 13 1 1 0 0 3 7 4 8 1 1 3 28 2 6 3 7 6 19 2 431 4 5 2 7 3 7 0 0 3 398 3 67 5 39 4 10 3 23 0 0 3 3 6 134 2 4 4 10 1 1 4 8 
0 0 1 1 4 16 0 0 1 1 2 4 3 4 2 3 0 0 4 83 1 1 3 3 2 10 1 10 3 9 1 2 4 267 4 17 1 11 2 6 2 2 1 1 4 9 4 22 2 60 2 4 1 9 3 66 2 4 3 4 0 0 5 26 
3 5 1 17 3 12 1 1 4 209 4 32 2 9 1 1 1 1 2 153 1 5 3 25 2 10 2 2 1 29 0 0 0 0 0 0 2 4 3 7 3 8 3 4 3 3 1 7 4 5 1 1 3 12 3 8 2 3 1 4 1 1 1 1 
4 28 3 33 5 7 0 0 4 7 0 0 2 3 4 5 2 9 1 1 2 13 0 0 4 55 5 12 6 26 3 19 1 10 2 31 1 1 5 44 4 28 5 6 1 1 2 3 1 1 4 9 0 0 1 1 1 5 0 0 0 0 3 91 
2 4 0 0 1 1 1 2 1 9 5 5 1 3 0 0 2 43 3 3 3 24 2 8 1 1 1 8 3 378 2 2 5 16 2 11 5 5 4 30 1 2 2 2 3 7 0 0 2 256 1 4 1 1 4 13 1 1 4 30 0 0 3 7 
2 2 4 6 6 28 2 2 1 67 0 0 1 9 3 7 4 14 1 2 2 2 3 3 0 0 4 15 5 12 1 3 1 1 0 0 1 1 0 0 3 4 2 4 1 10 2 3 2 97 3 4 2 2 3 45 5 11 2 6 2 6 4 86 
1 1 0 0 4 85 4 9 1 1 2 20 0 0 4 13 1 7 3 3 2 2 2 15 1 1 2 39 1 1 2 9 2 5 3 16 3 3 1 2 4 46 4 20 1 1 2 19 2 6 4 8 2 9 1 1 2 3 3 5 4 13 1 1 
4 123 1 1 3 8 1 1 2 29 0 0 2 2 2 23 1 1 0 0 0 0 0 0 2 3 7 15 1 1 3 6 2 4 1 1 3 17 2 7 4 11 3 5 3 19 3 69 2 21 2 12 3 4 1 1 2 7 4 5 2 2 1 7 
2 24 1 13 4 1346 2 3 2 4 0 0 3 9 4 19 3 15 2 4 2 2 3 20 2 4 1 1 3 54 3 3 0 0 1 1 2 2 3 3 0 0 1 8 1 1 2 2 2 6 3 13 0 0 1 1 0 0 2 4 1 2 2 2 
3 6 4 8 2 3 2 34 2 16 5 10 1 5 3 4 4 11 2 5 1 1 2 4 1 1 1 11 3 352 2 3 0 0 1 1 3 58 2 397 3 15 2 4 3 12 3 13 2 35 1 1 5 13 3 6 4 17 6 17 1 1 2 12 
2 2 4 9 1 1 3 5 2 3 2 4 3 13 0 0 2 12 2 6 2 4 1 9 2 13 1 5 2 9 1 1 1 4 3 3 2 6 0 0 2 8 5 53 3 17 1 3 3 34 1 1 1 1 0 0 4 10 4 15 1 1 1 3 
1 42 0 0 1 1 0 0 1 1 0 0 0 0 2 7 3 5 3 386 4 13 5 11 3 4 1 1 1 1 1 40 1 1 0 0 1 6 3 4 0 0 2 2 2 12 4 8 4 851 2 2 1 1 4 52 3 63 6 23 2 2 1 11 
6 11 3 6 3 10 0 0 2 2 1 1 2 15 1 1 0 0 0 0 5 39 3 6 3 6 2 10 4 27 1 9 2 6 2 360 3 11 0 0 3 3 1 82 2 5 2 10 4 21 4 8 2 8 1 2 6 175 2 2 3 18 1 1 
1 1 5 53 2 5 4 8 4 22 1 10 4 14 1 1 1 1 1 5 1 1 1 1 4 9 2 14 3 5 3 5 4 5 1 5 3 209 1 1 1 1 1 1 2 6 2 5 5 53 3 7 4 12 2 11 0 0 1 2 1 4 4 10 
3 4 0 0 3 12 0 0 2 2 3 344 1 1 1 1 1 184 1 1 6 15 2 6 0 0 4 14 1 1 5 17 2 8 1 31 2 4 2 2 6 64 2 3 2 5 3 3 0 0 1 1 0 0 2 4 1 9 0 0 1 484 4 11 
1 1 2 3 4 5 6 30 1 1 1 1 1 4 4 34 1 1 0 0 3 10 0 0 4 12 1 2 3 4 4 9 2 75 1 1 4 11 1 3 3 15 5 8 1 8 3 4 3 6 4 6 4 8 1 1 3 22 1 1 6 10 2 3 
2 7 1 7 3 11 4 12 3 5 1 4 0 0 0 0 1 1 2 2 3 8 2 7 1 25 5 10 1 19 2 5 3 3 3 3 0 0 1 1 0 0 4 7 1 4 3 6 1 7 2 6 3 47 2 2 1 6 1 2 1 2 3 6 
0 0 4 33 1 4 1 1 3 25 2 3 0 0 3 3 2 37 1 1 3 15 1 1 3 7 1 72 4 5 3 28 1 1 2 3 2 10 2 7 1 1 2 2 3 3 3 4 3 7 1 1 1 2 0 0 4 13 0 0 4 11 2 6 
2 5 4 16 2 3 1 148 4 4 2 2 4 30 3 3 6 7 0 0 5 9 1 1 2 29 2 15 2 5 3 5 2 4 4 12 3 5 3 1465 0 0 3 3 1 10 1 1 3 8 2 2 4 121 2 24 2 2 1 1 0 0 1 1 
2 3 3 8 3 18 1 1 2 4 3 57 0 0 1 7 2 2 3 9 1 1 1 3 1 1 1 55 1 1 1 5 4 11 2 2 1 2 3 9 4 8 1 1 4 47 4 7 3 100 1 1 0 0 2 39 1 7 2 8 1 2 3 6 
0 0 2 15 4 11 2 16 1 13 4 11 1 8 4 22 0 0 3 77 1 2 1 1 1 16 2 11 3 3 5 16 3 4 3 8 2 4 3 5 0 0 4 10 3 20 2 165 1 1 2 8 3 3 2 3 3 43 5 30 2 4 1 1 
1 14 2 4 1 1 3 193 0 0 2 6 3 3 4 8 1 1 1 1 1 1 2 36 8 13 1 1 0 0 1 1 2 6 1 1 1 4 2 4 1 26 4 27 3 11 1 4 4 15 5 15 0 0 0 0 1 1 0 0 0 0 2 5 
2 31 4 16 2 11 1 1 4 23 1 2 1 1 5 12 1 1 0 0 2 4 2 5 4 80 1 3 3 14 3 4 5 5 1 1 0 0 2 6 2 2 1 2 6 40 1 1 3 5 0 0 0 0 3 3 4 8 3 3 4 508 3 11 
2 6 4 29 0 0 5 5 5 21 0 0 2 3 1 2 1 1 2 2 0 0 2 3 0 0 4 11 3 4 1 4 1 2 3 17 2 6 5 293 1 1 1 3 1 1 2 9 1 1 2 5 4 11 1 1 2 4 2 7 3 24 1 4 
0 0 2 6 1 2 3 552 0 0 1 9 2 6 1 6 3 1734 2 2 2 186 6 15 4 180 3 36 5 428 1 1 0 0 1 1 2 8 2 3 4 15 0 0 1 4 0 0 3 6 1 1 2 4 1 1 2 53 4 15 4 42 2 3 
3 12 2 4 6 17 4 4 2 8 1 2 1 1 3 14 0 0 0 0 3 36 4 26 2 2 2 7 0 0 0 0 3 12 2 3 1 1 2 7 2 7 1 1 2 2 6 26 4 38 2 5 0 0 6 12 2 8 2 2 1 2 3 7 
2 7 1 2 3 9 3 15 3 16 2 2 1 8 1 10 2 8 2 17 2 2 3 6 2 119 2 2 3 4 0 0 4 4 2 6 1 1 1 3 2 4 4 8 4 27 1 2 0 0 1 2 2 7 3 3 1 1 2 13 1 2 7 56 
3 3 2 2 1 20 3 25 4 8 2 7 1 2 1 5 1 1 1 1 1 1 1 6 6 25 2 15 2 5 2 4 1 3 1 10 2 2 0 0 3 7 0 0 1 29 1 3 1 4 2 6 0 0 2 3 1 1 1 2 0 0 3 10 
0 0 5 72 6 52 3 11 3 16 4 17 1 6 2 2 2 2 3 55 2 3 1 1 1 1 3 12 1 1 3 4 5 10 4 50 0 0 0 0 3 29 5 109 2 2 4 4 1 2 2 1739 1 9 0 0 2 6 1 145 4 16 1 1 
1 1 5 20 4 12 2 137 3 270 3 7 4 12 2 45 2 5 2 2 2 7 2 4 4 5 0 0 0 0 5 116 1 1 2 3 3 3 4 18 2 7 2 2 4 28 1 6 0 0 3 3 4 40 2 2 3 4 0 0 1 5 6 37 
4 8 2 2 1 3 2 7 1 1 1 1 5 93 3 7 0 0 5 13 0 0 2 8 0 0 2 2 4 10 3 7 0 0 4 32 1 1 1 1 5 19 2 603 4 37 2 5 3 3 2 3 1 1 1 2 3 13 2 32 2 42 0 0 
3 42 0 0 3 9 1 1 2 2 6 25 0 0 6 180 0 0 3 5 3 482 2 2 2 6 0 0 2 2 3 13 1 8 1 1 5 42 2 7 3 32 1 54 0 0 3 8 4 5 3 18 1 2 1 15 3 7 3 3 3 10 4 9 
3 11 2 2 1 2 4 11 3 9 4 6 2 4 4 17 3 12 2 2 4 7 3 10 1 1 1 4 0 0 4 38 1 2 0 0 3 5 2 3 0 0 0 0 2 2 1 1 1 1 4 25 3 31 2 37 3 4 6 66 1 1 2 38 
3 5 3 5 1 1 2 2 5 41 1 1 1 3 3 16 2 2 1 2 3 4 3 84 2 3 3 4 0 0 2 4 1 2 2 22 5 84 3 37 2 2 2 20 3 12 1 13 2 9 2 11 3 32 1 1 1 4 3 12 4 15 6 11 
2 30 2 2 1 1 4 9 4 4 1 1 3 34 1 4 1 1 1 18 2 2 0 0 3 10 3 9 1 2 0 0 0 0 2 20 1 5 0 0 1 1 3 67 2 25 1 1 0 0 3 57 3 23 1 1 3 12 4 10 2 9 7 32 
2 2 0 0 5 80 1 1 2 9 3 8 3 4 6 18 4 5 1 9 1 449 4 5 3 7 1 1 2 3 4 2217 3 8 2 2 0 0 3 15 2 114 1 1 5 39 1 8 3 3 2 2 2 25 2 2 2 2 1 2 8 31 2 3 
5 13 1 1 1 1 0 0 2 2 1 24 1 44 4 172 1 1 1 1 2 6 2 1727 2 15 3 9 2 6 3 69 3 11 5 26 1 1 1 6 4 53 1 1 2 3 3 5 2 9 0 0 5 14 1 1 1 2 2 27 1 7 1 2 
3 14 1 1 0 0 3 8 1 1 1 4 1 1 3 10 3 9 2 12 1 6 3 3 2 3 2 2 5 13 5 38 1 1 2 2 5 46 3 7 2 2 2 139 6 20 2 4 0 0 3 13 2 2 3 3 4 6 4 18 2 33 2 2 
1 1 3 10 1 5 3 4 3 3 1 20 2 107 1 4 1 1 3 5 5 1261 1 24 2 3 2 5 2 15 4 18 2 4 4 13 2 27 4 12 1 8 3 7 0 0 0 0 2 25 1 3 4 5 3 4 3 6 3 5 1 1 2 2 
2 11 2 13 1 1 4 10 2 7 3 85 2 19 3 3 3 19 3 3 1 1 5 115 2 6 3 3 3 32 0 0 3 7 1 9 4 32 3 10 1 2 3 9 2 3 2 10 5 463 0 0 1 1 4 6 2 57 3 5 2 3 1 1 
2 3 2 2 3 4 2 2 2 3 1 6 2 2 1 6 1 2 3 11 2 2 4 4 3 6 3 4 0 0 3 22 3 8 5 47 0 0 5 18 4 8 1 1 2 2 4 50 3 6 2 2 1 1 4 9 4 56 2 2 5 122 3 8 
1 2 4 10 3 23 5 11 2 7 0 0 3 97 0 0 5 8 8 77 1 1 0 0 1 4 0 0 3 4 1 1 4 13 5 81 2 8 5 20 1 3 1 13 3 5 2 2 3 7 0 0 2 7 2 7 3 21 3 4 1 3 5 30 
2 3 1 2 1 19 2 26 0 0 2 5 1 1 2 26 3 7 4 176 4 13 3 3 2 2 4 9 3 3 3 5 2 9 2 6 5 18 2 6 0 0 5 11 2 8 2 2 3 28 2 6 3 13 2 6 1 6 2 2 2 3 1 1 
1 1 3 13 2 5 4 9 3 3 0 0 2 3 5 36 1 4 4 50 1 17 1 1 1 1 2 6 1 1 1 3 1 5 1 1 2 23 2 3 1 4 1 1 2 3 3 26 2 4 1 1 1 7 1 3 2 6 1 1 2 7 0 0 
3 10 1 1 3 17 3 4 0 0 1 24 1 2 3 21 2 3 2 35 3 240 3 11 3 5 2 10 1 1 1 1 2 3 2 2 2 2 1 4 0 0 3 20 2 8 3 3 2 8 4 11 2 2 6 8 3 44 3 3 3 24 2 12 
0 0 4 28 1 1 3 3 3 9 2 5 4 7 0 0 4 12 3 10 3 6 1 1 3 3 1 1 4 83 1 4 3 3 0 0 2 5 0 0 4 14 2 12 0 0 1 6 3 128 1 2 1 3 0 0 1 6 1 5 0 0 2 6 
3 8 0 0 1 7 1 1 1 1 5 61 3 35 2 3 1 1 2 5 3 17 0 0 3 18 1 1 3 7 4 8 2 7 2 7 3 64 1 1 1 12 2 3 3 4 1 8 3 4 2 26 1 10 1 1 1 1 3 11 1 8 2 4 
3 5 0 0 1 6 2 8 2 2 0 0 2 5 1 1 3 3 3 4 0 0 0 0 1 11 2 2 3 6 2 69 2 13 3 3 2 10 1 5 3 9 3 8 1 9 1 1 2 5 3 4 3 4 3 19 0 0 4 7 6 165 2 8 
1 1 1 1 3 8 3 7 2 2 2 11 1 1 0 0 3 3 3 8 1 2 2 3 4 6 1 1 4 7 3 17 0 0 3 3 3 22 3 8 0 0 2 3 1 1 0 0 2 5 1 6 0 0 2 3 0 0 2 11 5 18 1 1 
3 6 1 1 4 16 0 0 1 1 1 9 2 3 1 22 0 0 1 1 1 1 2 2 3 3 5 13 2 27 3 4 0 0 1 2 0 0 4 46 2 9 2 72 2 4 1 3 2 3 3 12 2 4 2 6 1 1 3 13 4 33 5 20 
3 3 2 5 3 8 4 11 2 3 1 1 2 4 3 5 2 7 2 10 3 12 5 75 2 208 3 9 1 5 2 2 3 4 5 25 2 17 5 6 0 0 0 0 3 18 3 3 1 2 2 5 1 1 3 9 1 2 1 1 1 93 3 16 
6 6 1 1 3 19 2 2 2 2 2 9 0 0 2 2 1 2 1 10 1 10 2 10 5 28 1 1 0 0 0 0 2 2 2 2 2 226 4 14 4 5 2 3 0 0 1 1 1 1 2 14 1 1 1 1 3 15 2 2 3 7 1 1 
3 12 1 5 2 7 0 0 2 8 2 9 4 6 2 41 1 16 2 213 3 3 2 4 1 21 3 3 3 15 2 24 2 2 5 29 2 5 2 2 1 1 1 1 2 2 3 22 3 3 2 11 3 13 1 10 2 74 1 3 5 15 3 6 
2 16 3 3 0 0 1 1 2 3 5 34 0 0 3 6 3 3 2 2 2 5 1 1 4 9 1 9 3 18 3 26 0 0 2 2 3 5 2 19 2 12 2 32 2 31 3 8 2 2 0 0 2 2 0 0 3 6 2 11 5 38 2 53 
2 46 2 41 1 5 2 30 4 5 2 2 1 40 5 240 2 2 2 16 1 1 4 7 2 2 4 329 2 17 1 42 3 36 1 1 1 1 3 18 2 6 1 9 1 3 3 28 0 0 1 1 0 0 1 4 3 14 4 6 0 0 1 20 
1 2 1 75 5 19 2 7 2 2 1 1 1 4 1 1 1 1 1 1 1 1 1 1 2 8 3 3 2 7 3 10 5 15 3 5 1 3 2 3 0 0 1 1 0 0 2 2 1 1 2 2 6 34 2 2 2 80 0 0 2 16 2 4 
1 1 2 2 1 1 0 0 4 9 2 3 3 33 1 1 3 9 0 0 1 1 4 47 1 1 1 1 1 1 3 8 2 3 1 1 1 1 3 7 2 3 2 9 1 3 1 1 4 34 2 10 0 0 0 0 0 0 5 131 2 3 2 3 
1 2 3 3 3 8 1 1 2 4 2 4 3 3 1 9 1 1 0 0 3 5 1 1 6 9 0 0 1 1 0 0 1 1 1 1 4 10 2 1357 5 38 3 29 0 0 1 3 0 0 3 13 0 0 1 2 4 13 2 2 2 6 0 0 
1 7 1 4 3 26 1 8 1 6 4 39 3 32 3 6 2 4 3 4 4 49 2 5 0 0 2 6 2 48 4 4 1 1 1 2 3 10 2 5 3 13 2 35 1 3 2 6 2 2 3 7 2 2 1 1 2 16 2 4 1 9 1 4 
1 9 3 3 5 7 4 15 2 3 3 41 2 11 4 13 1 14 3 8 1 53 2 10 3 8 2 2 2 2 2 31 4 11 3 7 4 5 2 3 1 1 1 5 3 9 0 0 2 5 2 2 0 0 2 3 3 7 2 2 1 2 3 11 
1 6 2 3 6 12 0 0 1 1 2 2 3 13 4 56 2 2 0 0 1 4 2 6 1 1 2 3 3 4 4 66 1 1 3 19 1 1 1 5 0 0 3 11 3 19 1 5 2 2 2 6 2 2 0 0 1 111 2 7 2 36 1 4 
4 4 3 6 1 2 3 19 3 19 4 15 1 2 1 1 0 0 0 0 3 13 2 4 1 4 1 1 1 1 3 12 1 1 3 24 4 7 4 4 3 8 3 5 3 15 1 1 0 0 2 12 2 8 0 0 4 28 1 5 2 2 1 1 
4 221 0 0 0 0 4 9 2 12 0 0 2 10 2 8 1 1 1 1 2 4 0 0 3 14 0 0 2 6 1 14 1 1 1 1 2 4 3 7 2 11 4 41 2 2 5 9 1 2 1 1 1 1 3 15 2 6 1 1 3 78 1 4 
2 6 3 3 2 2 1 7 7 62 1 4 3 7 5 11 3 28 3 13 1 3 2 2 4 12 1 1 2 2 3 9 3 11 2 2 7 46 1 1 0 0 2 7 0 0 3 8 0 0 4 8 1 1 2 25 0 0 2 2 5 59 1 5 
4 13 2 2 3 12 3 5 3 23 1 7 3 3 1 1 3 3 4 34 2 8 3 30 1 62 1 2 2 3 2 13 4 26 3 12 1 1 0 0 1 2 4 11 2 2 1 4 4 23 0 0 6 49 2 2 5 23 3 7 2 15 1 2 
4 52 3 115 0 0 2 2 1 1 2 5 3 3 1 2 3 29 2 10 1 147 1 2 4 17 2 2 1 1 1 1 1 30 1 7 3 26 2 16 0 0 2 11 4 7 2 3 1 11 1 5 1 1 0 0 1 5 1 4 5 85 3 14 
1 1 3 3 4 88 2 8 4 5 2 13 2 2 2 2 1 2 2 2 4 5 5 9 2 12 1 86 2 21 4 27 0 0 6 11 2 12 4 59 1 1 0 0 1 4 2 28 3 5 5 8 3 3 1 1 1 6 2 4 3 31 3 17 
3 3 2 50 2 10 2 2 2 87 3 14 3 26 1 2 0 0 1 2 0 0 2 2 1 1 1 1 2 3 2 2 1 1 5 22 3 3 3 12 2 2 2 13 0 0 3 3 2 3 3 9 2 6 4 13 1 2 1 2 0 0 1 4 
6 20 1 1 2 5 2 10 1 1 4 12 1 2 4 17 2 23 2 7 2 2 5 10 2 13 0 0 4 26 1 4 3 4 4 21 2 2 2 6 5 19 1 24 2 4 3 12 1 1 2 4 3 1331 4 20 3 4 0 0 2 2 1 2 
0 0 2 133 1 1 2 658 2 173 3 6 1 7 2 31 1 4 4 18 4 7 3 14 3 42 1 1 1 1 2 23 5 21 3 6 4 11 2 21 0 0 1 1 0 0 2 9 5 9 0 0 4 12 2 2 3 12 0 0 2 5 2 66 
3 14 2 4 0 0 0 0 3 10 1 6 1 1 4 419 2 25 3 219 0 0 4 94 2 2 2 3 5 14 0 0 0 0 1 3 2 30 2 2 2 2 3 3 2 6 1 7 2 10 2 6 4 11 4 9 2 4 1 2 0 0 3 6 
1 1 4 23 3 15 3 8 0 0 3 4 3 124 0 0 4 10 1 4 1 1 1 1 0 0 1 1 1 1 1 1 2 2 1 1 2 6 3 5 4 47 4 5 3 30 3 23 2 2 2 4 1 1 0 0 4 12 2 168 1 12 1 1 
3 10 2 3 2 2 0 0 2 25 1 1 1 6 3 33 2 6 1 1 3 3 1 1 2 6 0 0 2 24 2 11 2 5 0 0 4 37 3 25 2 2 3 6 2 38 1 1 1 1 3 15 2 6 1 1 4 8 2 5 3 65 2 6 
3 6 4 5 3 25 5 229 0 0 5 8 2 2 2 10 2 5 2 3 1 1 1 6 5 7 5 10 2 2 2 2 3 10 5 61 3 4 1 1 6 16 3 28 2 4 4 4 4 14 1 1 3 3 6 13 5 43 4 36 3 11 5 26 
0 0 3 4 2 4 2 12 1 6 2 2 3 10 1 3 6 275 2 3 2 6 2 2 3 47 2 9 1 1 3 4 1 1 4 12 5 26 6 22 2 3 2 2 1 4 3 29 2 3 2 4 2 6 3 7 2 11 2 5 2 4 2 127 
3 51 3 34 0 0 2 6 2 2 0 0 4 13 1 3 1 1 4 23 4 17 2 23 0 0 1 7 2 4 2 7 0 0 3 12 0 0 3 267 1 1 4 29 2 5 5 11 1 1 4 12 1 1 1 5 4 20 1 1 2 3 3 4 
0 0 5 33 0 0 5 13 1 1 2 2 2 7 0 0 3 5 0 0 1 14 3 3 4 15 3 4 4 14 2 7 2 2 2 2 1 3 2 11 1 3 1 2 1 16 2 11 2 343 4 14 0 0 0 0 2 11 2 3 3 55 1 1 
3 5 0 0 2 4 1 2 2 38 5 50 2 6 2 3 2 9 4 11 2 4 3 263 3 11 1 9 2 6 0 0 4 4 2 2 2 6 2 23 2 8 2 2 1 5 2 2 1 3 1 1 1 1 2 23 3 54 1 1 4 17 2 9 
3 8 3 3 0 0 2 2 0 0 5 14 4 4 0 0 1 7 1 9 0 0 0 0 1 17 6 8 4 27 1 1 4 13 2 9 1 5 1 44 4 13 0 0 2 11 2 2 3 14 0 0 2 2 3 8 0 0 3 11 2 2 0 0 
4 30 2 3 2 2 0 0 2 6 1 22 1 1 2 53 1 1 2 5 4 9 2 9 0 0 2 2 3 3 1 6 2 5 1 1 2 7 0 0 1 1 1 9 1 1 4 36 4 5 2 7 3 104 0 0 4 97 4 18 0 0 3 10 
3 10 4 5 4 196 1 1 3 20 1 23 2 4 0 0 1 6 0 0 2 2 0 0 2 11 2 24 3 9 1 9 3 8 4 9 3 10 3 35 1 1 6 70 1 3 3 6 2 2 4 152 2 2 4 11 4 223 1 1 4 8 2 7 
2 7 2 2 3 10 2 7 2 41 1 1 1 1 2 5 2 5 2 3 1 24 0 0 0 0 4 24 1 1 5 22 2 4 0 0 2 8 2 5 5 33 0 0 2 7 2 3 1 3 3 21 3 3 1 1 2 2 2 5 1 395 2 51 
1 1 4 8 1 1 1 7 3 31 3 8 2 4 0 0 1 30 1 2 4 4 3 3 2 2 0 0 3 4 0 0 1 3 5 172 1 2 1 6 0 0 3 15 2 6 4 50 2 13 5 16 1 1 2 14 2 2 1 3 4 11 3 8 
1 3 1 1 1 3 4 7 3 95 2 5 1 2 2 2 2 3 5 36 5 5 1 1 3 4 1 1 3 122 0 0 4 4 1 5 2 7 2 8 0 0 2 13 2 2 2 2 2 11 1 1 5 5 1 1 3 3 5 60 2 4 3 13 
1 10 1 1 2 5 1 1 5 11 1 3 1 32 0 0 1 2 2 307 4 17 1 38 3 6 5 9 2 28 1 9 2 5 1 1 1 2 0 0 2 2 3 73 1 1 1 1 2 8 3 4 4 20 2 2 1 18 0 0 4 18 1 1 
1 1 1 63 2 22 1 1 2 4 1 104 2 23 3 66 4 22 4 19 3 26 1 1 4 8 4 9 4 15 3 10 0 0 2 2 3 6 1 1 1 3 3 18 0 0 4 9 4 22 0 0 0 0 2 10 3 6 6 18 0 0 2 2 
1 1 1 7 1 29 1 10 1 4 3 27 4 8 1 1 2 2 1 11 3 37 2 12 0 0 3 30 3 3 1 1 1 1 3 50 2 2 1 1 2 30 1 4 2 10 3 41 4 39 3 11 3 6 0 0 1 1 3 4 2 6 3 8 
1 2 3 8 1 1 1 1 2 5 2 2 3 31 1 1 1 1 2 5 1 3 1 1 7 10 1 1 4 21 1 2 2 4 2 7 2 8 4 48 3 3 2 5 3 26 1 1 3 28 2 2 5 217 1 2 0 0 3 3 1 1 0 0 
2 32 3 8 1 1 4 12 3 9 1 1 1 1 1 1 3 15 0 0 3 3 3 4 4 19 1 1 4 95 4 821 2 8 1 6 3 18 4 7 1 1 0 0 3 7 1 1 3 8 4 24 3 6 1 1 3 5 2 4 2 18 3 5 
4 9 1 3 3 3 2 9 5 9 3 44 7 31 3 10 2 40 1 1 4 8 2 21 1 5 3 8 0 0 1 4 3 9 0 0 2 2 1 1 1 5 2 3 3 37 3 14 2 26 1 3 2 2 2 2 1 1 3 18 0 0 3 18 
2 47 2 2 3 3 1 1 1 2 2 27 3 123 1 1 6 29 0 0 4 8 0 0 0 0 5 12 4 10 1 1 2 2 3 3 4 10 1 1 2 7 1 1 2 38 2 8 2 2 3 3 2 25 2 6 4 15 2 5 2 4 1 1 
2 4 0 0 1 1 2 2 2 19 3 11 3 130 2 2 4 31 2 5 0 0 3 5 1 2 2 11 1 1 1 96 2 969 3 7 4 16 3 33 1 1 3 12 3 14 1 1 11 67 2 22 2 7 1 1 0 0 0 0 1 2 4 31 
2 142 2 5 3 7 1 4 1 5 0 0 2 2 2 2 0 0 0 0 0 0 2 3 0 0 2 2 2 11 3 3 3 6 2 11 1 12 1 1 3 21 0 0 2 5 2 2 3 62 4 28 1 1 2 7 1 16 2 2 3 8 1 1 
1 1 3 18 2 10 0 0 2 5 5 33 3 7 2 2 1 1 3 4 1 1 2 45 2 33 2 2 1 8 3 9 4 8 2 2 0 0 2 5 5 7 4 4 2 3 0 0 2 29 2 2 2 2 2 10 2 2 2 2 4 69 5 26 
0 0 2 4 2 6 1 3 2 8 5 5 2 2 4 95 3 45 3 8 1 1 2 3 4 8 4 5 1 3 2 3 6 22 4 68 5 12 2 5 3 6 1 121 2 7 1 1 3 8 3 8 2 4 2 2 6 54 5 9 2 2 0 0 
2 17 3 21 8 40 0 0 3 18 0 0 5 19 2 8 2 2 4 269 3 8 3 10 3 6 2 6 4 80 1 2 1 1 5 7 1 43 4 7 3 22 2 2 0 0 2 15 3 54 0 0 2 119 2 4 3 20 3 11 3 3 1 1 
4 9 1 4 3 7 1 1 0 0 1 1 1 1 1 2 3 65 4 25 1 1 1 6 0 0 0 0 3 28 4 8 1 5 1 1 3 3 1 3 1 1 1 1 1 1 1 8 3 10 3 6 2 8 1 1 2 6 3 3 3 7 2 2 
3 5 0 0 1 1 1 5 1 1 3 6 2 2 0 0 2 13 0 0 2 10 2 2 2 2 2 24 1 28 2 5 3 19 2 2 5 13 4 12 1 6 2 2 2 185 3 9 3 10 3 6 4 14 2 18 2 5 1 1 1 7 2 4 
1 1 2 2 5 28 2 72 1 4 2 6 2 3 1 1 1 1 3 47 0 0 0 0 1 14 1 1 4 38 1 8 0 0 1 1 2 62 3 8 4 315 2 11 2 6 3 3 2 3 1 3 5 8 0 0 4 4 2 2 1 9 1 2 
4 4 4 13 2 10 3 3 1 1 3 6 4 20 1 11 1 2 1 90 2 5 2 3 2 11 1 2 3 23 3 62 1 1 2 2 0 0 2 2 4 4 2 3 2 2 3 11 0 0 2 2 1 1 1 4 2 21 2 14 2 7 0 0 
2 5 1 1 2 7 4 9 1 1 1 1 2 166 3 3 1 26 3 7 2 7 4 6 2 17 3 4 1 2 1 1 4 41 4 11 4 71 6 6 5 24 5 12 2 5 3 9 3 7 2 29 2 8 4 12 0 0 3 6 3 531 0 0 
2 9 0 0 0 0 2 3 2 2 2 2 1 1 2 16 2 2 1 29961 1 1 4 15 2 6 2 2 2 10 2 8 1 1 0 0 1 13 3 65 2 2 3 18 1 1 1 1 2 6 2 7 4 13 0 0 3 37 4 43 1 1 3 18 
2 5 3 9 4 86 2 2 2 607 4 47 2 4 0 0 0 0 6 43 1 7 3 10 2 9 2 2 1 1 1 1 1 2 1 11 0 0 5 318 2 2 2 9 5 23 0 0 2 2 3 8 2 19 4 7 3 27 1 1 4 1252 2 5 
3 3 2 5 2 6 3 17 3 14 1 1 4 10 2 2 1 1 1 1 1 1 1 4 3 24 1 3 2 67 4 15 2 44 1 12 0 0 2 2 1 1 4 15 1 1 2 38 1 1 4 7 0 0 1 1 1 3 2 3 0 0 4 28 
5 16 2 2 1 4 2 2 1 7 3 3 1 8 4 14 7 16 3 5 5 30 2 9 1 12 3 6 1 6 0 0 3 23 3 10 4 24 2 30 2 17 1 5 4 62 4 12 3 8 2 2 2 4 2 101 3 30 5 9 1 1 2 10 
0 0 2 3 0 0 0 0 3 10 1 2 1 1 2 2 0 0 1 1 5 12 2 2 1 2 1 6 4 46 3 7 1 29 4 738 4 7 2 11 3 11 4 21 2 2 2 5 0 0 3 3 2 2 4 25 3 11 3 12 1 1 1 4 
4 16 2 28 4 17 1 1 1 1 2 12 4 13 0 0 1 4 2 21 3 6 3 3 0 0 4 10 1 2 1 27 0 0 4 31 4 9 2 7 4 35 3 5 1 1 3 37 5 12 2 3 0 0 2 9 1 1 3 8 2 2 1 4 
1 1 1 1 0 0 1 1 4 21 2 14 3 19 1 15 4 14 2 6 2 3 1 1 1 2 7 59 2 3 2 18 2 34 0 0 1 6 1 2 0 0 6 53 1 1 2 2 2 6 1 3 4 4 2 3 3 34 3 9 8 137 1 4 
5 12 2 9 3 6 3 5 1 71 2 3 5 24 3 5 3 4 4 11 0 0 3 7 4 54 2 4 2 4 2 2 2 9 1 1 1 1 4 11 0 0 3 4 3 25 1 1 0 0 3 16 2 7 2 17 0 0 2 22 2 8 1 1 
2 7 2 6 3 3 2 2 2 2 1 1 3 460 4 18 0 0 3 4 0 0 1 1 2 2 2 95 2 9 1 1 3 4 1 3 2 53 2 4 2 9 3 16 2 8 2 27 1 1 3 25 3 11 1 1 1 15 1 1 2 2 2 2 
2 15 2 2 3 8 4 250 4 10 4 22 1 1 5 22 1 54 3 15 2 15 3 11 1 1 0 0 2 12 5 15 4 8 4 23 1 3 1 1 3 15 2 22 4 22 3 71 1 2 1 2 1 1 3 4 3 4 1 1 3 5 1 3 
1 10 1 135 3 4 4 4 2 3 3 16 2 12 2 2 2 4 1 2 2 11 5 31 0 0 2 2 7 8 1 1 1 7 2 2 7 16 5 27 5 14 4 10 3 33 5 25 4 4 0 0 2 4 1 269 1 1 6 26 3 8 0 0 
0 0 1 2 4 33 5 78 4 11 1 7 2 3 3 82 2 3 2 4 1 1 1 12 4 12 3 3 2 2 2 10 1 7 0 0 0 0 1 3 2 6 2 5 3 205 5 23 0 0 4 61 1 1 2 6 2 8 2 16 1 2 2 6 
1 1 1 11 4 19 1 2 5 7 3 26 1 1 3 12 1 70 1 3 0 0 2 2 0 0 2 10 3 3 2 5 4 9 3 174 2 2 1 1 2 4 5 15 4 10 1 1 0 0 3 7 2 14 3 12 4 7 0 0 0 0 3 8 
2 3 2 5 2 358 1 2 5 34 5 11 4 41 2 2 1 1 0 0 4 15 1 1 2 2 3 13 4 4 1 1 3 10 1 4 1 1 5 35 5 8 1 10 4 7 3 5 1 1 3 7 4 40 1 3 1 49 0 0 3 3 3 13 
4 37 1 1 1 1 3 25 4 17 0 0 2 7 2 6 1 1 0 0 2 15 3 23 1 1 2 39 1 7 2 2 2 2 2 8 3 5 2 3 2 2 1 1 3 4 2 6 1 5 0 0 4 19 1 1 5 18 1 1 3 11 5 40 
3 6 1 47 6 21 2 6 3 11 0 0 2 9 3 4 3 7 2 2 3 11 1 2 1 3 3 5 1 2 3 6 3 371 4 11 4 22 1 1 3 14 2 4 1 1 5 43 1 2 0 0 2 8 0 0 0 0 4 13 3 4 1 4 
7 36 3 6 2 2 3 4 4 12 4 5 1 21 2 9 5 13 2 4 3 44 0 0 1 1 2 3 4 5 0 0 4 7 0 0 5 205 2 2 5 7 1 1 1 1 2 37 1 83 3 5 3 3 2 3 2 2 3 35 1 36 3 3 
3 8 1 1 3 40 3 5 4 8 2 11 3 10 1 1 2 10 3 64 2 16 3 7 2 2 3 12 0 0 3 9 1 1 4 10 2 17 2 4 3 9 2 5 1 2 3 3 2 2 4 17 4 108 1 6 1 1 1 1 3 3 2 2 
4 5 2 239 3 5 5 20 1 1 1 1 1 17 0 0 2 88 1 1 6 27 1 5 4 79 1 1 1 1 0 0 1 1 2 7 2 3 2 23 0 0 2 7 3 4 6 14 3 721 2 3 3 18 1 6 1 7 2 2 5 8 2 6 
4 80 3 5 5 41 4 16 4 14 2 2 4 7 2 6 2 16 2 5 1 4 2 4 5 11 1 11 0 0 3 46 3 7 3 16 1 2 3 12 2 110 2 4 4 816 0 0 0 0 1 12 4 4 5 34 2 51 1 1 0 0 1 1 
2 3 2 5 2 3 2 19 3 10 1 6 0 0 2 32 2 2 4 23 3 29 3 6 1 4 2 5 2 4 2 3 2 189 5 11 1 1 2 2 2 4 1 12 1 1 2 5 4 72 0 0 3 4 1 1 0 0 2 6 2 2 4 8 
1 1 0 0 1 1 2 7 4 235 4 20 1 1 0 0 1 9 4 12 1 1 4 21 1 14 2 14 3 14 3 10 1 1 4 10 2 89 2 3 2 2 4 10 0 0 1 1 3 8 1 3 3 29 2 4 2 9 4 5 3 6 4 32 
1 1 1 1 1 11 4 31 3 5 3 8 1 1 2 9 3 10 1 1 6 33 6 10 3 5 2 2 2 23 1 1 3 69 0 0 2 2 1 3 1 4 0 0 3 11 1 1 1 1 1 5 4 5 2 2 0 0 6 16 1 1 2 2 
3 17 2 2 3 18 0 0 3 8 2 2 2 2 0 0 1 1 3 19 2 2 2 7 1 1 3 4 0 0 2 2 0 0 4 4 2 2 1 3 5 17 0 0 2 3 4 31 3 27 3 130 3 7 1 3 0 0 3 14 2 2 2 94 
2 2 0 0 1 5 4 34 1 3 0 0 1 24 1 6 2 2 1 1 1 1 2 2 2 2 2 256 1 2 2 2 2 2 3 6 3 10 0 0 1 1 0 0 3 97 4 33 0 0 2 2 5 22 3 84 1 11 2 19 4 54 1 1 
0 0 0 0 4 10 4 8 2 5 5 106 2 5 0 0 2 2 5 8 2 25 2 23 2 2 1 1 3 28 1 3 2 2 1 1 6 14 2 6 1 1 3 4 1 1 1 1 2 2 1 1 2 2 3 84 0 0 2 3 1 1 2 2 
3 7 0 0 4 5 1 13 4 97 0 0 3 34 2 8 2 5 3 4 3 9 2 6 4 221 1 1 1 1 1 1 2 2 2 3 1 22 4 36 1 1 3 53 0 0 3 6 2 7 0 0 0 0 4 6 0 0 0 0 2 5 3 5 
3 13 4 37 1 58 1 6 0 0 0 0 4 20 1 1 1 4 2 2 4 12 2 2 0 0 5 11 2 12 3 3 4 8 2 2 3 4 2 28 1 1 1 1 0 0 2 6 5 11 2 3 0 0 0 0 3 8 1 1 2 102 3 8 
1 2 2 3 2 1204 3 5 2 13 1 1 3 19 1 1 2 124 0 0 2 3 3 3 0 0 2 2 2 25 2 2 4 13 2 7 4 17 1 20 0 0 0 0 6 14 3 8 2 4 6 14 5 16 4 87 0 0 0 0 2 16 3 8 
3 3 2 2 2 36 0 0 2 3 0 0 2 2 0 0 1 1 2 3 3 26 2 2 1 1 2 2 4 11 1 5 0 0 3 15 0 0 7 8 2 29 4 29 1 1 3 3 3 14 2 7 2 2 1 3 3 11 0 0 4 37 1 1 
1 2 2 7 3 11 1 1 2 6 2 2 1 1 0 0 0 0 1 3 3 5 2 2 4 284 1 1 4 4 2 12 3 7 0 0 2 2 0 0 0 0 1 15 3 8 2 7 1 1 4 113 3 4 2 4 3 10 2 7 3 4 4 10 
1 1 0 0 5 57 2 3 5 14 0 0 2 2 2 7 2 2 2 9 5 40 1 1 1 1 3 24 0 0 2 15 4 4 2 13 1 9 0 0 1 8 2 2 2 31 3 4 5 37 3 77 3 4 2 38 3 29 0 0 2 16 3 7 
2 6 1 26 2 6 0 0 2 10 0 0 1 25 0 0 1 1 2 2 1 1 4 5 3 151 0 0 5 15 3 3 2 9 3 5 2 4 2 6 2 2 5 5 4 8 1 1 3 3 3 18 1 1 2 208 2 8 3 3 0 0 1 1 
6 52 1 2 1 1 0 0 0 0 2 2 1 1 0 0 5 8 2 2 6 13 1 3 2 5 1 1 1 5 1 7 1 1 7 19 3 3 1 4 2 5 1 6 2 4 0 0 3 10 1 3 1 2 4 4 3 10 3 278 2 27 4 16 
3 4 2 14 2 3 2 7 3 15 2 2 4 29 2 5 2 2 6 15 1 1 2 7 3 4 3 8 3 3 0 0 1 11 3 16 2 2 3 5 3 16 2 2 2 2 2 39 2 31 1 1 2 9 1 1 1 1 0 0 3 5 1 1 
3 14 2 3 4 15 0 0 2 3 0 0 3 10 2 7 1 1 1 31 0 0 3 58 0 0 0 0 0 0 1 2 3 18 0 0 0 0 0 0 2 6 3 43 0 0 2 14 3 341 2 13 2 2 2 2 1 1 2 7 3 3 3 14 
3 5 2 264 0 0 0 0 3 54 0 0 3 62 4 10 4 4 3 5 1 1 2 2 2 82 2 76 2 3 2 6 2 19 2 39 5 58 2 19 3 4 2 16 2 8 2 4 1 1 1 1 2 2 1 3 2 12 1 1 2 10 1 100 
4 7 3 3 1 4 1 1 1 1 2 2 2 20 2 76 1 2 4 16 4 26 0 0 1 1 3 26 2 2 1 1 1 1 2 11 3 43 2 38 3 22 3 22 1 1 5 33 2 2 1 5 2 2 3 11 0 0 3 3 1 1 1 1 
0 0 4 27 4 15 0 0 6 104 4 26 4 27 2 2 2 15 3 17 5 11 1 8 4 39 0 0 1 1 0 0 0 0 5 14 3 15 1 7 1 11 2 5 1 1 1 1 6 20 1 1 0 0 2 2 2 9 3 8 2 8 1 17 
1 1 1 1 2 45 2 4 1 3 2 4 1 2 1 5 6 26 2 2 4 12 3 26 4 5 1 6 5 60 2 2 5 54 5 22 2 2 3 41 1 1 0 0 3 30 4 24 1 1 2 3 0 0 3 5 2 23 1 3 1 1 2 7 
1 1 2 3 2 7 2 40 0 0 4 57 3 11 2 2 2 9 3 7 2 3 2 10 3 835 5 300 1 1 2 3 2 2 1 12 2 7 4 6 0 0 3 5 3 6 3 10 2 2 2 4 4 6 3 5 3 23 1 6 1 1 4 22 
4 156 1 1 5 7 3 20 5 32 4 5 0 0 5 6 3 69 2 131 2 2 1 1 1 5 5 53 0 0 1 1 3 61 1 1 3 9 1 1 0 0 3 95 4 5 4 7 0 0 3 28 3 50 2 4 2 32 2 29 1 1 2 14 
1 1 2 11 0 0 2 3 2 2 1 4 4 211 1 1 1 1 3 10 6 11 2 2 3 3 3 22 1 1 0 0 2 2 1 7 2 7 2 5 2 6 3 8 1 5 1 1 0 0 2 2 1 6 1 1 0 0 3 15 1 2 1 1 
0 0 0 0 2 10 0 0 3 3 2 16 1 30 3 3 1 1 2 13 2 2 2 10 4 7 0 0 5 6 2 6 1 2 3 5 1 6 3 3 2 2 1 5 3 12 3 3 0 0 2 26 1 4 4 17 5 20 2 10 1 1 3 42 
2 11 1 1 5 17 1 4 0 0 1 1 3 6 1 7 1 1 2 316 4 8 1 8 0 0 0 0 2 46 0 0 3 7 1 1 4 8 1 3 3 40 2 5 2 7 3 5 3 34 1 1 3 10 5 7 2 3 2 17 3 4 2 2 
3 4 1 34 0 0 1 2 1 6 1 1 4 12 1 5 5 7 2 11 1 22 1 9 1 1 6 45 2 6 1 1 0 0 0 0 3 15 1 2 5 23 6 9 4 12 0 0 2 18 1 1 0 0 0 0 2 3 3 25 4 91 4 21 
5 5 3 28 2 3 4 82 2 6 4 7 2 3 3 7 3 4 2 21 1 8 4 24 1 1 1 1 2 7 6 10 1 1 4 28 3 3 0 0 1 1 1 1 3 35 3 6 2 3 3 33 3 4 4 14 1 2 2 2 4 203 1 1 
2 5 3 21 1 1 4 15 4 5 2 9 1 9 3 11 4 21 6 34 3 7 4 25 2 9 0 0 2 2 6 14 2 4 1 1 1 1 0 0 2 6 3 40 2 3 1 1 1 2 1 3 1 1 1 1 3 49 3 25 4 5 4 6 
1 4 2 40 1 6 1 3 2 3 2 5 1 1 2 2 0 0 1 12 3 3 1 10 4 10 1 2 3 3 2 11 1 1 1 2 2 2 1 4 5 44 0 0 4 6 4 14 1 101 3 12 1 1 0 0 2 16 2 3 5 6 3 28 
2 83 3 15 6 31 2 17 2 5 2 20 3 12 3 156 4 53 1 8 1 1 1 74 2 7 1 2 1 1 2 2 3 6 2 21 1 1 2 2 2 5 1 4 2 1465 6 17 3 7 3 42 5 10 3 3 0 0 2 23 2 4 1 1 
1 33 4 15 3 34 1 1 2 29 1 24 2 4 1 5 0 0 1 1 0 0 1 1 3 5 4 19 2 3 4 377 6 40 3 3 1 1 7 20 3 19 3 15 2 6 1 63 0 0 1 3 1 1 2 13 2 4 0 0 2 36 2 10 
5 21 0 0 4 5 2 8 0 0 2 2 2 2 2 3 2 195 3 7 2 2 1 1 4 24 2 17 0 0 1 5 3 12 0 0 3 3 1 1 1 1 0 0 3 18 2 5 1 1 9 20 1 1 0 0 2 2 2 26 2 6 1 31 
2 70 2 7 1 1 1 10 2 12 3 4 3 14 3 12 1 10 1 1 6 64 2 24 5 233 4 27 5 33 4 90 3 9 2 13 2 32 2 2 0 0 1 1 5 8 1 18 3 3 2 2 3 4 2 131 1 1 4 8 3 9 3 61 
1 642 0 0 4 11 1 1 2 22 0 0 1 3 2 2 0 0 1 2 1 1 3 18 3 14 2 2 7 8 0 0 0 0 0 0 1 1 1 1 1 2 0 0 4 18 5 28 0 0 2 72 1 3 2 8 1 6 3 31 1 1 4 16 
2 10 1 1 1 1 1 2 2 8 1 6 3 32 3 16 4 26 3 14 3 6 3 14 5 16 0 0 2 2 2 8 1 8 2 3 3 5 1 1 0 0 3 5 2 11 0 0 3 5 2 2 2 3 2 7 1 1 4 12 1 1 3 33 
1 1 0 0 3 13 0 0 1 1 3 40 3 16 2 2 1 3 1 1 3 7 2 2 1 1 1 1 3 6 2 2 1 66 1 1 0 0 3 5 3 11 4 31 2 8 2 3 3 3 1 1 1 1 2 3 4 4 0 0 3 17 2 6 
0 0 1 1 0 0 1 6 1 2 0 0 4 18 2 4 2 12 2 6 2 61 1 12 0 0 2 6 2 25 2 6 2 2 3 4 0 0 2 9 1 3 3 4 3 27 4 9 1 3 3 3 2 14 0 0 1 4 4 6 3 6 2 12 
5 17 0 0 3 20 2 3 4 142 1 1 3 35 3 14 1 2 3 31 2 7 1 1 2 6 1 1 2 8 1 1 3 31 3 3 4 20 4 10 2 2 2 3 2 4 1 5 1 2 0 0 0 0 2 2 2 2 1 5 1 199 1 3 
1 2 4 10 0 0 2 6 1 4 3 5 0 0 0 0 1 4 2 2 4 8 1 1 1 1 1 1 3 3 0 0 3 3 0 0 4 12 0 0 0 0 2 3 3 8 2 3 4 13 3 8 2 6 3 193 1 3 3 35 2 2 3 7 
1 1622 4 12 1 1 2 4 4 15 1 1 4 13 5 16 2 7 3 208 3 6 3 6 0 0 1 1 1 1 3 11 1 3 3 6 5 26 5 60 2 19 1 562 0 0 1 1 1 1 2 2 1 2 1 1 1 2 3 3 2 72 0 0 
5 29 4 60 3 393 2 13 3 4 1 10 3 7 1 11 2 9 0 0 3 3 4 8 1 3 0 0 2 3 1 3 0 0 4 589 1 3 2 3 2 12 0 0 2 3 1 3 2 35 2 2 2 2 4 6 4 39 2 4 2 2 1 1 
0 0 2 8 3 8 4 12 2 24 3 9 4 14 0 0 1 8 5 5 1 11 3 3 3 6 1 1 1 9 0 0 1 2 1 3 2 2 0 0 1 73 1 1 1 1 4 7 0 0 2 4 5 15 1 6 1 1 3 5 4 4 9 436 
1 1 2 2 0 0 4 4 2 2 3 5 5 12 4 17 2 26 4 4 1 3 3 12 7 11 2 6 1 2 0 0 5 1590 2 12 0 0 0 0 2 4 2 19 3 3 4 26 1 1 5 25 6 134 4 4 2 3 1 5 2 3 4 4 
0 0 1 8 4 34 1 3 2 2 4 34 3 8 1 1 3 8 1 6 0 0 1 5 1 5 1 3 3 87 3 6 3 7 3 6 1 3 3 6 1 1 2 2 1 1 2 21 5 5 2 2 1 1 1 1 0 0 1 1 1 9 0 0 
1 1 2 13 2 15 1 1 1 4 2 6 4 71 0 0 2 12 1 1 2 3 3 3 2 218 2 8 2 2 4 6 2 18 2 3 1 1 1 88 1 9 3 14 1 2 1 1 1 4 0 0 1 1 2 2 1 1 2 2 3 43 2 6 
1 1 2 4 4 18 1 1 1 1 1 1 1 1 3 4 1 1 2 902 4 29 0 0 4 8 5 13 2 6 4 43 2 10 2 4 1 1 4 17 3 12 2 3 2 2 5 26 3 13 2 4 0 0 2 2 1 1 4 138 2 160 3 8 
2 14 0 0 0 0 5 35 4 1548 0 0 1 1 2 30 2 2 0 0 5 16 7 46 0 0 4 25 1 12 3 9 1 2 0 0 1 766 1 1 3 4 4 4 3 3 3 16 3 3 3 6 1 1 4 10 2 2 2 10 2 7 2 2 
3 4 5 31 6 21 3 10 2 3 2 19 3 19 2 20 1 6 0 0 1 27 1 2 4 8 1 1 2 3 3 91 4 9 3 16 4 14 1 1 0 0 3 4 3 10 3 10 2 2 2 6 3 42 4 15 2 7 0 0 2 5 0 0 
5 252 1 2 2 6 1 26 0 0 2 10 2 4 3 10 0 0 0 0 1 1 3 35 1 10 3 8 2 2 0 0 2 35 2 2 0 0 2 10 5 10 3 11 2 2 1 5 2 7 4 9 2 2 4 4 1 5 0 0 3 21 0 0 
2 3 3 475 2 2 3 12 0 0 3 43 1 4 3 3 3 22 1 1 2 3 0 0 2 4 2 5 3 100 2 5 0 0 1 1 4 237 0 0 1 2 3 13 1 1 1 21 2 7 3 18 2 8 3 24 2 3 2 3 2 3 2 2 
1 1 1 1 1 1 5 17 1 1 2 2 5 136 6 12 1 1 1 45 1 1 2 3 3 3 3 3 1 2 4 255 2 6 3 28 0 0 0 0 2 144 2 5 0 0 3 7 3 791 1 1 0 0 1 1 2 2 3 3 1 1 1 11 
3 3 4 191 1 1 3 14 2 14 2 3 1 1 2 8 1 3 5 9 4 24 2 2 1 1 1 1 2 2 1 4 0 0 3 204 2 7 1 2 1 2 4 11 1 5 1 1 3 7 2 5 2 10 1 72 5 27 4 5 5 32 3 4 
2 5 5 36 3 7 3 3 4 6 4 5 2 40 4 8 2 2 0 0 1 1 3 4 1 6 1 6 1 2 0 0 3 10 1 1 2 16 0 0 2 2 4 4 1 1 4 14 2 7 4 23 2 2 2 4 3 125 0 0 2 2 1 4 
2 139 3 17 3 7 4 206 1 1 2 2 1 5 1 12 5 6 3 228 0 0 1 1 3 27 1 27 3 11 0 0 2 4 1 2 0 0 2 9 2 2 3 11 1 1 1 1 2 6 4 31 3 6 3 18 1 6 1 1 1 8 2 2 
3 9 2 3 2 7 0 0 1 50 2 4 0 0 2 2 0 0 5 10 2 9 1 1 2 5 3 10 7 128 2 12 3 13 2 8 2 17 1 1 7 145 3 6 4 6 4 19 0 0 1 1 2 11 3 5 3 53 1 1 3 10 5 6 
2 2 2 3 1 1 4 27 1 1 0 0 3 8 4 18 1 1 4 4 3 3 4 427 5 26 3 7 4 11 2 16 1 6 3 51 7 17 3 12 0 0 1 1 1 1 2 5 2 4 2 4 0 0 4 209 3 3 1 1 1 17 1 1 
3 25 4 31 4 11 2 2 2 4 3 4 1 6 3 3 2 3 2 13 1 5 1 11 2 20 5 27 1 1 3 5 4 4 1 1 4 81 5 20 2 5 1 1 3 43 6 131 1 1 6 238 0 0 3 4 1 5 1 2 7 39 1 3 
2 2 6 55 3 70 5 23 1 1 6 35 2 2 2 2 1 1 0 0 1 6 3 5 5 13 2 3 1 1 4 652 2 9 3 7 0 0 1 1 2 4523 2 2 1 2 4 742 3 69 4 8 3 23 1 1 4 23 2 2 5 9 4 30 
4 4 0 0 0 0 3 57 2 4 4 12 2 45 3 6 3 201 0 0 4 990 7 38 2 22 2 6 1 3 1 5 1 1 2 2 2 2 4 104 0 0 1 3 1 6 1 52 3 6 4 16 3 27 1 2 0 0 2 6 2 5 2 2 
3 11 1 1 0 0 4 6 2 2 2 4 0 0 5 194 2 10 4 27 3 4 1 1 3 63 6 14 4 39 1 1 0 0 1 1 2 17 4 45 2 43 2 5 0 0 1 1 2 21 2 36 0 0 0 0 1 1 3 11 1 1 1 26 
2 3 1 1 3 4 2 5 1 1 2 17 0 0 4 5 1 1 2 3 3 70 1 2 2 2 2 2 1 1 0 0 2 9 4 10 3 10 1 10 4 235 3 180 2 2 1 1 1 18 1 1 3 12 3 4 2 467 2 15 3 13 0 0 
7 33 3 43 4 9 0 0 3 43 4 5 0 0 1 1 2 2 2 6 2 11 1 4 1 4 3 23 1 3 1 11 2 5 2 2 0 0 3 3 1 159 2 3 1 1 4 6 1 6 1 1 3 9 2 5 1 1 2 12 0 0 3 4 
1 6 2 3 2 2 6 22 3 10 2 2 1 5 5 13 4 7 2 20 2 4 0 0 4 4 0 0 4 19 3 21 0 0 3 14 2 19 2 14 6 22 2 16 2 4 3 3 0 0 2 108 3 11 5 5 2 2 1 1 2 8 2 5 
0 0 2 7 5 16 3 94 5 7 1 1 2 10 1 1 1 3 2 4 2 8 2 6 1 8 1 1 2 3 2 9 1 10 0 0 2 2 1 2 3 4 5 383 3 3 1 1 0 0 5 13 0 0 3 61 2 3 2 2 1 4 2 2 
1 17 3 13 2 9 2 4 0 0 1 1 5 10 2 12 5 344 1 6 4 20 2 35 2 2 2 2 1 5 1 1 2 2 6 27 1 5 2 4 1 9 2 46 2 122 3 3 2 2 0 0 2 16 2 2 2 3 2 2 3 18 1 1 
1 17 1 1 4 23 6 59 1 1 1 1 2 3 1 1 1 1 4 22 4 12 2 27 2 7 2 10 2 2 0 0 2 2 5 38 2 7 3 3 2 26 0 0 2 6 1 1 1 1 1 1 2 61 3 3 6 80 4 7 2 3 0 0 
2 5 2 19 2 5 2 3 1 1 2 76 2 2 0 0 4 9 1 1 3 50 4 17 4 5 0 0 4 9 1 2 3 5 1 1 4 4 4 332 1 1 3 9 3 4 2 28 2 6 3 4 1 7 1 1 2 3 2 2 2 4 1 7 
0 0 0 0 3 201 5 41 2 2 2 173 3 25 1 1 3 12 0 0 1 2 0 0 3 3 2 8 1 1 1 2 3 4 0 0 1 5 5 10 1 1 4 16 3 7 0 0 1 4 3 31 2 149 4 169 1 1 4 4 4 9 2 6 
0 0 3 57 4 17 4 5 2 37 3 4 2 17 2 5 1 1 2 2 1 1 3 43 3 3 3 5 2 4 1 134 4 6 3 164 2 5 2 4 3 13 2 36 2 2 1 8 2 29 0 0 2 3 2 4 3 6 3 73 3 4 1 2 
3 3 4 94 2 2 5 32 3 7 0 0 1 1 2 4 4 17 3 5 3 4 1 3 1 1 0 0 2 4 3 31 1 2 4 17 3 5 4 15 1 93 2 22 2 29 1 4 3 8 5 35 3 7 2 3 0 0 2 2 1 1 1 3 
4 6 1 1 1 1 1 3 6 97 0 0 3 7 0 0 1 1 3 604 2 2 1 1 2 17 4 13 3 3 4 16 0 0 1 1 4 82 0 0 3 41 1 1 2 3 1 1 4 5 2 10 2 18 1 2897 4 5 2 2 4 13 5 14 
4 12 4 25 4 8 4 8 2 13 6 18 0 0 2 18 2 8 4 19 4 25 2 2 2 5 1 10 0 0 2 2 1 8 0 0 4 5 1 1 1 1 3 17 3 3 0 0 2 2 5 29 1 1 2 2 1 1 2 2 3 8 1 1 
0 0 1 8 3 3 0 0 2 9 3 6 3 3 2 2 1 1 2 3 2 2 0 0 0 0 3 10 2 3 1 1 4 12 2 31 3 8 2 7 2 6 2 16 3 5 2 3 4 8 2 2 1 2 1 18 1 1 1 1 0 0 3 6 
2 3 2 5 1 1 2 23 2 20 3 8 2 23 2 10 4 8 2 26 1 1 2 5 0 0 1 1 4 7 4 7 6 44 3 17 1 4 1 2 1 1 1 1 1 5 0 0 0 0 5 196 2 22 2 13 0 0 3 7 0 0 5 44 
2 5 3 81 0 0 2 5 2 8 1 1 2 5 2 130 1 1 2 2 1 1 3 7 1 7 2 3 5 25 1 2 1 4 1 1 1 1 2 6 1 1 3 4 2 2 0 0 0 0 4 6 1 3 0 0 2 9 4 12 4 11 2 2 
7 1478 4 5 1 1 1 1 2 2 4 35 3 3 1 1 2 4 1 1 0 0 3 23 1 1 2 2 2 2 2 4 2 4 4 17 5 7 2 13 1 1 1 5 3 32 2 12 1 2 1 1 2 30 1 6 3 10 3 16 4 22 1 1 
1 1 1 1 4 9 1 1 2 10 3 5 3 3 0 0 4 246 3 5 2 15 0 0 2 2 3 14 1 10 0 0 4 13 3 3 0 0 0 0 3 68 0 0 2 2 3 13 1 1 5 35 2 31 1 1 3 148 4 7 0 0 5 10 
2 2 2 25 2 2 0 0 3 4 1 1 0 0 4 35 0 0 2 6 1 6 3 3 1 1 2 151 3 3 3 10 0 0 3 125 3 14 3 5 1 1 0 0 1 1 0 0 0 0 1 1 3 12 0 0 0 0 0 0 5 30 3 7 
0 0 3 104 5 17 3 39 3 5 1 1 1 1 0 0 3 3 2 19 0 0 3 7 3 11 1 5 1 1 1 1 0 0 0 0 2 8 0 0 1 1 2 2 2 2 4 11 2 4 7 11 1 211 2 3 1 3 2 7 3 14 1 1 
3 107 1 2 1 10 1 2 2 3 0 0 0 0 1 9 1 1 3 91 0 0 4 10 2 2 2 6 2 26 1 1 2 41 0 0 1 1 1 1 1 9 2 2 0 0 4 14 0 0 5 26 4 18 1 4 1 1 1 2 2 3 1 9 
1 3 4 30 0 0 1 3 1 4 3 22 1 2 3 39 1 81 0 0 1 19 0 0 0 0 2 2 1 1 0 0 1 1 2 4 1 1 3 851 2 3 0 0 1 1 0 0 0 0 3 9 3 6 1 2 2 3 4 4 4 14 2 102 
2 28 1 3 3 29 1 8 1 7 1 10 0 0 3 71 2 13 2 2 1 1 3 5 1 1 2 2 4 42 0 0 0 0 1 1 0 0 0 0 3 4 3 2463 2 2 3 3 2 11 3 6 0 0 0 0 4 5 2 2 1 57 1 2 
2 8 3 4 0 0 1 1 1 1 2 4 1 15 2 47 2 3 2 6 2 9 2 20 3 4 1 1 2 5 0 0 1 1 2 2 4 9 2 4 1 1 0 0 2 3 1 4 4 7 2 7 2 3 0 0 5 10 2 42 3 8 3 9 
3 63 2 8 1 9 2 3 2 14 0 0 3 5 3 12 3 20 3 4 1 1 3 40 1 4 4 9 2 2 3 4 6 14 3 12 3 14 0 0 6 12 0 0 3 49 3 8 4 24 2 9 1 1 3 9 2 2 3 4 0 0 2 2 
0 0 1 1 3 4 1 1 4 12 2 13 7 67 0 0 1 7 4 18 2 5 4 15 3 137 1 1 2 17 1 4 6 19 2 2 2 7 4 4 4 9 1 1 2 2 2 5 4 6 4 9 1 10 4 5 4 38 3 4 0 0 3 3 
1 1 1 4 5 110 1 5 1 1 4 1471 2 21 1 1 3 14 1 2 1 3 0 0 2 10 1 5 2 2 2 3 3 12 0 0 4 49 3 7 3 10 0 0 2 14 6 12 1 4 1 9 2 3 1 1 3 146 2 4 4 66 4 14 
2 811 3 3 2 10 3 6 5 17 2 65 1 1 0 0 1 1 1 1 1 1 2 3 5 13 3 73 4 8 2 2 2 2 1 29 3 17 1 1 2 11 1 8 0 0 3 9 0 0 5 11 0 0 4 4 3 5 4 8 3 3 2 2 
3 5 3 3 2 2 1 1 3 16 0 0 3 410 2 2 3 12 1 1 1 2 0 0 2 3 3 3 1 1 2 2 3 24 1 1 1 2 0 0 5 31 1 1 1 32 1 2 1 1 0 0 2 208 2 2 2 65 1 5 3 27 3 238 
3 9 3 22 4 13 1 31 1 1 4 5 3 11 4 30 2 2 1 1 2 26 2 3 3 14 6 15 3 11 2 3 3 8 0 0 1 5 2 2 0 0 1 3 2 33 2 18 2 5 4 6 6 13 3 21 2 7 2 2 3 7 2 13 
3 15 1 1 3 5 2 7 0 0 4 32 0 0 2 13 0 0 5 18 4 17 0 0 1 1 1 3 0 0 0 0 1 4 2 3 1 2 3 3 2 2 1 1 2 2 1 1 4 30 0 0 2 2 3 3 2 4 3 197 4 34 1 3 
3 6 2 3 2 2 1 1 1 196 0 0 6 15 0 0 2 2 2 11 3 10 2 2 4 14 1 1 0 0 1 4 3 11 3 6 3 7 1 1 0 0 4 32 2 68 5 10 1 1 3 15 4 24 2 12 3 57 4 62 0 0 0 0 
2 8 0 0 1 8 5 15 2 4 1 1 2 37 2 2 2 13 4 46 3 5 1 6 2 21 4 276 1 1 2 34 0 0 1 5 1 1 3 17 3 29 4 59 1 2 1 4 2 6 1 6 1 3 2 5 2 7 0 0 2 7 1 1 
3 9 2 13 0 0 1 8 3 4 1 1 4 54 1 19 3 5 0 0 4 5 3 29 1 1 3 28 3 11 3 6 0 0 0 0 1 2 0 0 1 1 5 728 1 1 1 1 4 10 1 1 4 10 2 2 1 1 1 2 3 167 1 2 
3 25 4 43 5 98 1 14 3 6 1 1 0 0 3 24 3 16 1 11 1 1 3 6 3 4 2 2 4 54 1 1 3 5 2 10 4 11 3 5 1 4 1 1 1 1 2 6 1 3 2 4 1 7 0 0 2 2 2 5 4 7 1 1 
1 2 5 19 2 2 2 5 3 6 2 2 4 13 3 12 2 23 1 1 1 1 2 3 1 6 3 30 2 40 2 4 1 10 3 3 3 10 2 3 0 0 3 5 2 10 2 4 1 16 4 6 2 4 1 1 2 4 2 2 2 89 5 14 
0 0 1 1 1 3 1 1 0 0 2 2 3 17 3 55 0 0 0 0 2 3 2 2 1 1 3 25 3 4 2 21 1 1 1 8 3 3 5 17 2 2 3 36 2 3 0 0 1 12 2 2 3 7 3 15 2 4 4 14 2 9 0 0 
2 3 2 2 1 2 2 2 1 1 2 9 1 4 2 2 3 11 3 382 5 18 0 0 4 6 3 18 4 10 1 110 0 0 1 1 3 25 1 3 0 0 2 2 0 0 1 8 2 6 1 6 2 3 3 18 2 2 0 0 2 11 5 76 
2 2 3 72 3 5 1 7 2 2 2 5 4 12 2 7 2 150 3 21 2 5 3 29 2 6 3 3 1 15 1 2 1 1 4 27 2 5 0 0 3 217 3 5 0 0 1 1 1 1 2 2 0 0 1 1 4 39 2 2 0 0 1 2 
0 0 1 1 3 10 1 1 2 4 4 107 1 4 3 3 0 0 4 41 2 8 0 0 4 30 2 9 2 3 0 0 3 40 2 7 0 0 0 0 3 26 3 3 3 4 3 6 2 2 3 13 3 11 1 1 4 9 5 20 2 2 5 10 
4 5 2 24 2 26 3 7 2 10 2 4 3 30 1 1 2 2 4 17 2 4 4 265 1 5 1 1 2 128 1 1 2 11 2 12 1 8 1 4 3 17 1 6 1 4 3 44 1 1 1 1 4 6 1 1 0 0 5 308 4 116 2 2 
5 28 1 1 0 0 1 6 2 6 0 0 2 203 4 7 2 3 1 1 3 3 2 57 2 5 3 8 1 1 1 1 5 18 0 0 1 1 2 4 3 26 2 9 3 8 1 1 0 0 1 11 1 212 0 0 1 1 3 4 0 0 0 0 
2 11 2 19 0 0 4 8 2 2 3 9 1 6 4 7 0 0 1 2 1 89 3 3 2 7 2 3 0 0 2 2 1 1 1 1 3 9 3 12 2 32 1 1 5 9 0 0 0 0 1 2 1 1 2 4 0 0 0 0 2 2 1 1 
1 1 0 0 3 3 2 4 0 0 3 13 2 4 5 10 3 4 2 2 0 0 1 1 4 9 4 31 1 1 3 3 2 5 1 5 5 12 4 5 0 0 3 189 2 5 4 11 1 2 3 5 0 0 2 3 0 0 1 1 6 7 5 12 
1 3 5 22 3 3 3 4 3 5 4 12 4 4 0 0 1 1 3 15 1 1 3 25 3 3 2 20 0 0 0 0 2 13 2 18 1 2 0 0 2 2 3 6 0 0 2 7 5 18 2 2 1 24 3 3 4 14 3 5 2 90 1 3 
0 0 4 5 2 4 2 14 1 4 2 14 1 5 2 6 0 0 3 11 2 2 5 40 4 31 2 6 2 12 4 14 4 13 4 15 4 16 2 3 4 5 4 16 4 5 1 4 1 4 1 1 2 4 2 2 2 26 3 8 1 1 4 72 
3 5 5 70 1 1 1 1 2 44 2 2 7 25 4 14 2 13 3 7 3 35 4 23 1 7 0 0 0 0 0 0 3 4 1 1 2 10 8 52 1 1 5 8 4 11 3 3 2 10 1 4 3 21 1 1 5 19 0 0 1 5 3 4 
4 21 0 0 3 11 4 5 1 2 1 1 7 18 2 5 2 3 0 0 1 38 3 5 2 7 1 1 4 4 3 8 3 3 1 1 3 9 4 20 3 19 4 7 1 1 2 2 3 5 1 114 2 9 3 12 1 1 2 39 1 2 1 7 
3 4 0 0 5 54 2 10 1 6 2 6 1 7 1 5 2 19 2 52 3 5 0 0 1 1 4 11 0 0 3 3 5 15 2 5 3 14 1 20 4 5 1 8 2 9 2 6 4 29 2 3 1 1 1 1 2 3 1 2 1 1 1 1 
0 0 3 6 4 12 2 8 0 0 4 15 1 1 3 36 2 26 3 178 0 0 1 1 4 26 4 9 0 0 2 6 1 1 0 0 2 17 0 0 2 3 3 5 2 22 1 47 3 4 1 1 3 3 1 1 4 21 3 3 2 7 3 9 
1 7 2 13 1 1 4 36 0 0 0 0 2 9 4 20 2 109 1 15 3 10 1 5 3 9 1 1 3 5 2 14 4 35 3 3 1 8 1 11 1 5 6 21 1 1 3 4 3 5 0 0 2 2 8 15 1 1 0 0 2 30 4 26 
0 0 1 1 1 1 0 0 1 1 0 0 1 1 0 0 5 17 1 1 0 0 0 0 1 1 0 0 0 0 1 3 4 43 0 0 2 3 4 9 9 92 2 7 2 13 1 1 7 126 2 15 3 5 4 16 0 0 3 8 1 1 1 1 
3 27 1 2 1 2 1 17 3 8 4 11 3 6 5 19 1 1 1 4 3 204 2 2 2 7 3 3 4 45 0 0 0 0 2 5 1 1 2 353 0 0 2 4 1 9 2 2 1 5 2 2 2 30 0 0 3 17 1 3 1 2 0 0 
3 39 2 3 4 21 1 1 3 5 3 132 2 101 1 1 4 21 1 1 3 22 2 3 5 9 1 2 2 2 2 7 2 10 1 1 4 15 0 0 1 1 1 5 1 3 1 2 3 23 1 1 1 1 1 6 3 7 2 14 1 5 1 2 
0 0 0 0 5 8 6 18 1 4 2 3 3 11 2 2 1 1 1 1 1 1 4 5 2 10 2 5 1 2 2 35 1 1 1 18 4 5 2 2 2 2 2 3 2 2 0 0 4 27 2 11 1 1 1 1 1 1 3 14 0 0 3 19 
3 5 3 3 3 3 1 1 2 2 0 0 3 15 3 32 2 2 3 5 5 19 1 1 2 3 1 4 1 4 2 2 4 12 3 5 1 128 4 9 0 0 3 3 2 5 1 1 4 29 3 4 1 350 2 21 2 3 2 2 1 6 2 11 
3 11 1 1 1 1 1 1 6 33 1 9 1 2 0 0 1 1 1 6 2 3 1 1 1 2 0 0 4 10 2 3 3 3 2 4 1 1 2 2 3 12 1 1 3 14 2 3 3 5 2 4 4 64 3 3 2 2 1 1 1 3 1 2 
4 13 4 8 2 3 2 22 0 0 0 0 1 11 0 0 0 0 1 1 3 4 1 5 0 0 0 0 2 2 3 4 3 3 2 26 4 42 0 0 3 21 2 11 5 17 2 2 1 2 3 3 0 0 1 1 5 7 2 8 4 10 3 9 
3 145 1 4 2 2 3 9 4 9 2 6 1 2 2 5 2 2 2 2 3 3 4 33 2 41 3 14 0 0 4 45 3 4 0 0 4 10 1 1 2 10 1 2 7 12 6 16 2 17 2 2 2 3 2 3 3 28 6 7 1 16 3 7 
0 0 3 123 2 9 3 5 1 3824 3 6 1 1 1 6 4 8 1 1 2 5 2 6 0 0 0 0 0 0 5 70 2 25 2 8 4 161 4 6 0 0 2 2 0 0 7 321 1 1 1 1 2 2 3 11 0 0 5 45 4 13 2 5 
1 2 3 10 1 1 2 7 3 10 3 104 2 2 1 1 0 0 1 1 0 0 1 1 1 4 4 56 0 0 1 1 1 1 3 3 3 7 4 29 2 7 3 10 1 6 1 1 3 4 2 367 3 17 1 1 2 17 0 0 0 0 2 14 
1 6 2 5 2 12 2 3 2 2 2 10 0 0 4 13 2 2 0 0 2 9 3 12 1 1 2 9 3 6 2 10 2 8 3 11 0 0 1 1 4 11 3 22 1 2 2 7 3 9 1 1 3 10 2 9 1 1 0 0 3 252 1 2 
2 15 0 0 2 8 4 4 1 7 0 0 3 6 0 0 3 30 1 2 1 4 3 5 4 5 2 3 0 0 3 85 0 0 1 10 3 8 4 10 1 1 3 131 1 1 4 19 2 2 4 7 3 12 1 2 2 2 4 6 3 9 0 0 
4 17 2 3 3 4 1 1 2 2 2 36 2 52 0 0 1 2 4 106 6 29 1 5 1 1 3 15 2 3 4 263 0 0 1 1 1 6 1 1 0 0 1 1 1 2 3 3 1 1 3 99 3 6 4 6 3 44 2 4 4 119 0 0 
1 1 1 4 3 6 2 43 1 4 5 13 2 4 2 7 3 3 5 265 1 10 1 8 2 5 2 2 4 306 2 8 0 0 1 1 0 0 2 3 1 1 2 2 0 0 1 1 0 0 5 30 2 29 1 1 3 16 4 4 0 0 0 0 
2 7 2 2 0 0 0 0 2 226 3 28 1 4 1 1 1 1 2 12 2 15 1 10 2 2 1 4 2 74 0 0 3 3 0 0 2 3 0 0 2 191 2 9 5 11 3 5 1 11 4 39 2 7 2 5 2 2 3 22 1 1 3 4 
3 463 1 2 4 31 1 1 1 1 1 3 2 7 2 5 2 6 3 8 1 1 3 32 2 7 2 7 5 16 2 2 5 10 3 3 2 6 6 11 3 9 2 30 3 6 0 0 1 75 4 5 2 32 2 7 0 0 2 11 2 6 3 3 
2 7 3 7 4 139 3 4 4 23 1 18 1 15 2 10 0 0 1 1 3 29 1 1 0 0 2 8 1 13 1 1 1 2 1 1 2 2 2 2 2 2 4 4 2 2 1 9 1 1 2 3 0 0 3 4 2 12 0 0 5 40 2 2 
1 1 2 4 1 1 2 4 1 1 1 3 2 5 2 11 1 2 1 1 4 15 2 7 6 151 1 10 0 0 3 4 3 9 2 2 4 12 2 3 0 0 2 3 3 10 3 284 2 3 2 4 5 29 2 5 2 12 1 4 1 17 1 1 
3 11 1 1 2 9 3 14 1 9 3 7 2 4 3 18 1 1 2 10 2 2 3 7 6 14 2 29 2 132 2 4 3 6 3 24 1 1 3 27 7 71 1 4 1 37 5 75 2 2 1 2 1 1 2 12 2 9 1 1 5 14 3 5 
1 1 0 0 1 4 2 24 2 77 3 20 4 8 1 1 1 1 1 1 5 15 2 7 4 5 3 21 1 2 0 0 2 7 2 7 1 1 3 287 4 18 3 20 0 0 4 9 2 11 1 2 3 16 5 12 2 2 1 1 2 2 3 17 
2 5 1 5 2 7 1 8 2 8 2 2 7 224 2 2 2 7 3 21 4 970 2 2 1 1 2 8 3 3 3 12 1 1 1 1 0 0 0 0 2 9 3 4 2 2 1 3 0 0 2 8 2 436 3 4 2 7 2 8 0 0 2 12 
2 89 4 82 1 1 2 2 1 1 2 6 2 84 1 28 1 1 1 10 0 0 5 182 1 29 0 0 1 1 3 28 3 5 3 4 2 6 3 6 2 2 3 3 8 45 0 0 2 2 3 14 2 13 5 7 0 0 2 3 0 0 0 0 
1 1 4 15 0 0 1 1 2 9 2 6 2 2 1 1 2 13 2 7 5 143 1 1 3 6 0 0 2 5 0 0 4 23 1 9 0 0 3 3 2 2 2 76 3 13 1 1 0 0 0 0 2 15 2 2 0 0 1 9 1 1 0 0 
2 21 1 2 2 3 1 9 4 4 1 1 0 0 3 7 1 2 2 2 1 1 3 4 4 26 3 5 1 8 2 2 1 1 1 5 2 2 3 12 4 23 4 13 3 25 2 6 0 0 1 4 1 1 3 94 1 3 2 16 3 8 1 1 
2 3 2 3 2 41 3 15 2 14 2 26 4 10 3 16 0 0 0 0 0 0 5 6 5 18 2 4 1 3 1 2 0 0 2 5 2 20 1 1 3 450 4 10 1 6 0 0 2 4 0 0 3 9 2 11 2 34 2 8 3 7 1 1 
3 24 5 27 6 101 1 1 1 1 2 3 2 6 1 15 1 1 0 0 0 0 0 0 1 1 2 4 1 1 4 5 4 10 1 1 5 18 5 11 2 16 1 13 0 0 2 4 0 0 2 2 2 14 1 1 0 0 2 2 4 47 4 12 
1 1 3 13 0 0 1 1 3 11 4 10 0 0 0 0 2 6 2 2 2 25 4 14 2 28 3 4 2 3 3 9 1 2 0 0 1 5 4 12 2 3 4 13 4 127 4 11 2 2 0 0 2 3 2 3 1 1 1 1 3 9 1 2 
1 7 3 5 2 18 3 10 1 1 4 11 2 3 3 7 1 2 0 0 0 0 2 44 0 0 1 3 0 0 5 8 0 0 2 2 3 5 4 15 4 29 2 3 4 13 1 1 2 9 3 13 2 4 2 18 1 1 0 0 3 8 3 4 
4 22 2 5 2 10 3 8 6 33 1 1 3 7 2 6 3 3 4 9 3 4 1 1 0 0 3 13 5 55 1 16 4 6 1 1 2 7 3 5 2 11 0 0 5 11 3 6 1 1 1 2 5 17 5 15 6 34 8 32 0 0 2 8 
2 26 4 33 5 10 2 47 5 37 5 70 5 7 5 7 1 1 3 4 1 1 0 0 2 3 2 15 1 43 2 29 2 2 3 81 1 1 3 26 2 4 0 0 1 1 2 15 4 383 3 23 2 2 4 27 1 1 4 20 0 0 3 13 
3 6 1 47 2 7 0 0 1 6 2 3 3 5 1 1 1 1 2 3 2 8 1 1 2 7 3 7 1 5 4 14 2 4 3 20 1 5 1 4 3 6 3 9 0 0 1 1 1 34 1 1 2 34 4 16 5 23 4 6 1 3 1 5 
2 8 4 9 1 1 1 2 1 1 2 2 0 0 5 95 0 0 1 1 1 2 3 12 1 1 0 0 1 1 0 0 3 8 0 0 3 9 0 0 4 13 0 0 2 2 3 4 1 1 2 2 2 3 4 13 4 13 0 0 2 11 5 50 
2 3 2 2 1 2 2 6 1 1 3 38 1 1 3 21 2 2 0 0 2 2 5 10 6 13 1 3 2 5 4 169 4 6 4 7 2 2 1 1 1 4 3 4 3 3 0 0 6 8 0 0 3 22 1 3 3 7 1 208 1 1 2 4 
2 3 3 7 4 55 4 18 5 99 2 3 0 0 7 13 1 3 2 2 3 5 2 2 1 1 4 23 4 4 3 23 2 15 1 1 3 35 3 14 1 1 3 22 2 2 3 12 0 0 4 9 3 5 0 0 0 0 2 20 6 7 1 2 
2 3 1 6 3 9 0 0 2 26 4 5 3 4 1 1 0 0 2 470 1 4 2 6 1 1 2 364 2 2 1 2 0 0 3 24 3 11 2 9 0 0 2 11 0 0 4 13 2 2 3 3 1 3 2 10 4 34 0 0 1 3 4 5 
0 0 1 1 2 12 6 8 1 1 1 12 1 3 2 3 3 56 2 70 2 3 3 3 0 0 3 6 3 23 2 2 3 8 2 7 3 5 1 4 2 2 3 6 1 1 0 0 1 2 6 11 3 3 3 6 1 1 0 0 1 1 2 2 
4 6 4 13 3 13 2 5 1 1 0 0 2 11 0 0 3 5 1 2 3 23 0 0 1 1 3 5 1 1 2 7 3 9 3 6 1 7 3 9 0 0 4 5 5 13 1 4 4 16 0 0 1 1 0 0 3 7 2 2 0 0 4 31 
2 2 4 6 1 1 6 11 3 25 6 12 7 16 0 0 6 32 2 12 2 2 2 19 2 86 2 6 2 27 2 2 2 19 3 31 4 6 1 1 3 11 1 6 3 7 4 17 3 3 4 14 2 5 2 6 1 42 2 9 2 15 1 21 
0 0 4 27 2 8 1 6 2 8 3 13 0 0 3 283 3 45 1 1 3 57 0 0 3 3 0 0 1 1 0 0 3 14 1 1 3 3 1 1 2 39 2 3 4 89 2 16 5 13 2 3 1 3 3 10 0 0 2 2 1 1 5 6 
3 10 1 1 1 3 1 5 0 0 5 11 3 11 1 1 1 6 2 2 0 0 2 253 2 3 5 8 0 0 0 0 0 0 1 1 2 2 3 65 6 54 1 3 3 172 0 0 1 3 3 30 3 10 2 3 2 16 2 3 1 77 6 17 
1 1 6 14 5 534 7 12 2 10 1 3 1 2 3 33 4 138 4 9 5 5 2 69 3 5 4 4 1 1 3 6 2 10 4 8 3 25 0 0 1 1 2 13 3 3 2 20 4 40 3 3 3 4 1 195 2 2 4 131 4 29 3 42 
2 30 2 7 2 7 1 3 1 2 2 3 1 2 2 4 1 3 2 6 1 1 1 5 2 4 1 5 3 13 2 2 1 2 2 2 1 2 3 7 6 12 2 2 0 0 1 1 2 2 3 15 1 2 2 3 2 2 6 32 4 9 2 9 
2 3 3 13 2 25 4 4 2 2 2 3 6 45 1 2 2 10 2 3 3 6 0 0 1 1 0 0 4 194 2 2 3 3 4 198 2 3 4 16 1 1 2 5 1 1 1 1 4 15 4 7 1 5 3 12 0 0 4 13 3 13 5 17 
2 2 2 20 2 4 2 9 1 1 0 0 2 4 2 2 3 6 1 12 3 19 3 3 3 7 0 0 2 2 2 21 2 98 3 3 2 2 2 2 3 6 2 2 2 36 2 4 5 14 4 7 0 0 6 41 6 21 5 18 1 48 5 26 
1 1 8 17 4 18 1 1 2 83 3 3 1 1 4 12 3 6 1 1 0 0 2 2 3 9 2 5 4 5 2 6 2 24 0 0 3 7 2 19 4 16 2 2 3 3 2 6 3 9 1 5 2 5 2 4 3 4 2 6 2 3 2 14 
3 17 4 11 1 3 3 7 1 6 2 2 0 0 1 4 2 36 1 6 2 5 7 14 1 1 2 2 1 1 3 7 3 11 3 8 4 4 2 4 0 0 3 4 3 20 1 1 2 2 3 8 3 95 8 54 1 1 2 4 1 127 7 15 
3 17 3 14 2 6 3 22 1 1 1 1 4 8 0 0 3 14 3 12 1 1 2 2 3 19 3 76 4 9 2 6 2 17 2 5 1 3 1 1 4 557 4 4 2 2 2 4 3 382 2 2 2 2 2 5 1 3 1 4 2 2 0 0 
2 2 1 1 4 8 1 1 1 1 0 0 2 7 3 12 4 4 2 8 2 15 4 13 3 4 0 0 2 2 4 19 3 3 2 2 1 1 0 0 0 0 3 12 2 16 0 0 4 7 3 12 0 0 0 0 1 5 6 10 1 1 2 2 
2 2 1 6 1 5 2 3 1 1 3 10 1 2 0 0 4 18 1 6 4 8 0 0 3 13 4 23 1 8 1 2 2 10 1 1 4 51 2 5 2 12 2 4 2 2 0 0 3 4 3 6 1 4 2 12 1 1 3 8 4 31 7 200 
2 3 2 7 1 2 1 3 2 3 3 10 2 15 0 0 0 0 1 1 2 2 1 1 1 6 1 1 1 4 2 9 0 0 0 0 0 0 2 3 0 0 3 30 3 10 1 5 4 395 1 4 2 11 1 1 2 25 3 12 0 0 7 22 
3 4 2 2 1 1 2 9 2 2 1 1 1 5 3 6 2 2 1 1 3 9 2 13 2 2 2 8 1 1 0 0 3 6 2 8 0 0 3 3 4 4 2 16 1 6 1 3 4 8 4 7 2 3 1 3 1 1 1 5 2 8 3 21 
4 11 0 0 1 3 3 10 2 2 2 2 4 9 3 36 1 1 3 3 6 78 2 2 2 36 3 3 1 1 2 8 3 5 3 3 1 26 4 10 0 0 2 30 6 46 2 28 2 3 4 244 3 158 2 3 1 60 1 1 3 4 2 3 
4 22 4 17 0 0 3 6 3 10 1 6 1 2 4 13 1 1 2 4 3 41 1 1 2 9 3 8 1 9 1 1 2 6 1 5 1 3 2 7 2 5 6 17 2 3 1 1 1 5 0 0 1 31 2 2 1 1 3 49 0 0 2 22 
3 3 0 0 2 10 0 0 3 3 3 4 9 56 2 28 4 18 3 9 1 3 1 24 2 244 1 1 0 0 2 5 2 3 1 1 3 3 2 2 3 5 3 9 2 12 1 9 3 10 3 4 5 9 3 38 1 3 1 1 1 1 4 156 
3 3 1 1 2 3 4 4 0 0 2 11 3 10 2 10 5 21 1 1 2 3 1 22 3 13 1 1 0 0 2 2 0 0 1 1 1 193 7 13 1 1 4 6 1 1 1 1 0 0 4 9 1 7 0 0 0 0 2 2 4 4 3 95 
2 8 6 67 5 55 1 1 2 2 2 2 1 1 2 2 3 14 2 7 3 7 2 3 1 1 0 0 3 4 5 59 1 3 4 11 1 1 1 30 0 0 3 17 4 27 3 12 3 24 0 0 1 1 2 2 3 5 1 1 2 25 3 19 
2 2 1 3 1 22 5 323 2 34 2 5 3 189 3 3 0 0 3 19 2 2 2 34 1 1 1 5 3 98 2 7 4 10 3 5 1 2 2 9 4 24 5 10 2 5 5 24 1 1 3 20 4 6 1 2 1 200 1 3 1 1 0 0 
1 1 0 0 2 2 1 2 2 6 5 170 1 2 2 77 1 1 3 4 2 3 4 319 2 2 2 10 1 1 4 5 2 3 3 4 2 6 1 1 2 60 2 15 1 1 3 7 3 17 1 1 2 6 0 0 0 0 0 0 2 2 0 0 
0 0 0 0 1 68 0 0 0 0 7 28 3 5 1 2 2 2 1 1 3 3 1 1 1 1 0 0 1 71 3 4 4 12 4 103 4 9 3 6 3 5 2 30 2 8 3 6 1 1 3 10 1 1 1 1 3 7 1 8 4 6 3 81 
2 9 5 33 1 1 5 19 2 2 1 1 1 26 4 8 1 1 3 14 4 42 1 1 5 6 1 2 1 5 3 4 0 0 1 1 3 23 1 1 4 85 5 17 1 1 2 5 2 2 1 2 1 2 2 51 1 1 1 1 3 7 1 5 
3 3 6 9 0 0 4 22 0 0 2 12 3 26 6 18 0 0 1 15 6 21 4 19 0 0 0 0 0 0 3 6 1 1 2 9 1 2 1 1 2 16 3 19 3 3 0 0 1 1 3 23 2 14 2 2 2 4 0 0 2 22 1 1 
0 0 2 5 3 7 2 3 4 75 2 142 3 26 5 53 0 0 1 1 5 13 1 2 2 2 2 22 0 0 4 223 3 3 5 19 3 10 0 0 1 1 0 0 3 14 4 1739 4 10 6 10 7 14 4 15 4 15 1 1 0 0 3 75 
0 0 1 1 2 36 1 15 2 2 3 4 5 13 1 1 0 0 1 1 4 12 4 34 4 411 2 6 5 16 5 8 1 4 1 1 3 19 5 12 2 19 2 2 5 16 2 4 2 22 2 27 2 2 2 18 1 5 3 8 2 9 1 1 
0 0 4 6 6 15 1 1 1 1 1 1 2 3 3 12 1 27 0 0 1 1 2 4 3 4 1 9 5 8 2 9 1 5 2 29 0 0 0 0 4 12 1 2 2 19 4 29 3 14 2 6 2 24 3 33 2 4 5 38 4 11 4 53640 
3 12 4 12 3 7 1 1 2 3 5 49 2 16 4 24 2 2 2 4 3 6 3 6 3 3 2 11 1 2 2 2 2 2 2 2 2 20 2 16 0 0 1 1 6 63 3 5 3 7 3 7 3 4 1 1 3 6 2 6 4 7 2 2 
3 8 2 2 2 15 1 8 2 7 5 31 1 1 4 9 2 3 4 17 4 123 2 2 3 23 2 4 0 0 5 12 3 3 1 1 4 32 2 9 3 92 0 0 1 17 4 36 1 1 5 21 1 1 0 0 4 20 2 5 0 0 0 0 
3 4 3 20 3 81 2 5 0 0 1 1 3 3 3 12 1 1 5 46 2 3 3 29 5 7 1 1 2 2 2 5 2 207 5 24 1 1 4 67 2 2 2 7 6 29 4 34 4 34 2 3 5 12 2 22 3 12 0 0 1 1 2 11 
2 5 2 16 3 30 2 2 0 0 3 12 2 2 4 8 5 7 3 6 2 2 1 1 5 6 2 18 3 21 2 117 2 3 3 5 0 0 3 6 2 69 2 43 4 4 2 4 2 25 1 1 2 419 3 9 3 5 2 2 4 12 0 0 
3 22 2 21 1 1 0 0 0 0 6 23 4 12 4 19 1 8 1 3 4 10 3 7 3 8 2 2 2 2 0 0 2 11 4 12 2 15 1 1 2 1699 2 4 1 1 3 5 3 3 1 1 5 52 0 0 3 28 1 3 5 42 1 7 
1 2 2 2 2 16 1 1 2 5 6 6 1 196 2 22 4 9 4 14 2 4 1 7 1 80 4 9 2 4 1 6 3 19 0 0 3 5 1 1 3 4 3 4 1 6 3 14 2 18 2 2 2 8 4 25 3 10 1 7 1 4 1 1 
1 19 1 2 1 6 2 2 1 2 4 9 1 9 1 2 3 12 3 32 2 233 3 3 4 25 2 4 2 35 0 0 4 69 1 1 4 8 3 8 3 13 0 0 3 59 2 4 4 5 0 0 4 6 2 11 1 1 3 3 1 1 1 1 
2 2 1 1 3 9 1 2 3 3 1 30 2 9 1 13 0 0 3 15 4 8 1 2 0 0 2 3 0 0 1 5 3 9 1 1 3 5 1 10 4 28 1 1 3 4 3 7 2 8 2 8 3 4 2 7 2 5 3 12 4 37 1 4 
3 5 2 7 0 0 3 3 2 2 2 2 1 14 2 6 3 18 2 12 0 0 1 1 4 22 6 15 1 1 0 0 4 4 5 33 3 16 3 11 2 5 2 11 1 3 1 1 1 11 3 3 3 10 0 0 1 1 1 2 2 7 2 4 
2 9 1 9 3 148 1 8 2 12 1 4 2 9 0 0 2 228 1 36 2 13 4 10 3 9 1 304 5 48 4 11 2 2 3 4 3 10 1 6 1 1 1 8 2 5 1 9 1 1 6 6 2 13 4 9 1 4 1 1 0 0 1 4 
1 13 1 1 3 43 1 2 1 2 1 1 1 3 3 228 0 0 1 5 5 25 1 1 1 2 1 1 1 7 1 6 4 19 0 0 3 89 2 6 2 3 2 7 1 1 3 4 1 1 2 5 3 7 3 37 1 1 2 2 2 14 4 6 
1 1 1 14 1 1 4 8 2 5 1 6 1 6 2 3 3 3 1 1 2 10 2 13 2 2 2 2 0 0 1 5 2 157 4 138 1 1 2 2 1 1 1 12 2 2 0 0 1 10 2 6 1 1 0 0 1 21 8 9 0 0 4 25 
0 0 3 5 2 3 5 52 1 5 0 0 2 13 4 6 4 8 2 12 2 24 2 5 0 0 4 5 2 2 2 14 1 1 2 2 2 32 3 12 4 13 3 6 4 15 3 6 2 3 4 16 3 3 2 7 3 3 2 7 1 2 1 1 
1 1 2 4 2 2 1 1 3 10 2 9 1 1 3 27 4 12 2 3 3 5 1 25 1 1 4 9 2 14 2 2 4 19 1 2 0 0 2 14 4 44 2 12 2 2 2 7 3 10 1 55 9 28 2 3 1 1 4 111 0 0 1 2 
3 8 4 7 2 7 1 2 7 33 1 1 3 19 3 10 1 1 2 11 2 3 1 1 1 4 2 5 0 0 5 10 1 5 3 9 3 73 3 6 1 1 3 4 1 1 2 3 3 15 3 9 2 6 3 5 1 1 2 8 3 12 4 4 
2 8 2 6 1 1 0 0 3 10 1 2 1 5 3 34 2 6 3 3 0 0 3 8 2 16 2 3 3 3 1 3 2 5 1 190 1 1 4 8 2 2 1 1 3 12 1 3 2 8 1 2 3 4 4 11 3 30 2 23 0 0 3 9 
3 18 0 0 2 2 1 1 1 9 0 0 0 0 4 33 4 13 4 21 0 0 0 0 2 7 1 2 1 1 1 9 0 0 4 11 2 6 3 75 2 2 1 1 3 11 2 5 3 3 3 28 0 0 3 3 2 4 1 4 2 7 1 18 
0 0 1 2 0 0 3 5 5 28 3 5 2 2 2 14 1 28 0 0 2 15 3 5 4 6 4 5 1 3 4 10 2 21 3 3 1 1 3 4 2 4 2 8 3 123 2 3 1 1 3 3 3 4 3 471 2 2 2 4 2 69 3 37 
4 8 0 0 2 2 4 8 3 6 3 54 1 1 2 2 2 3 2 2 0 0 2 116 4 6 2 2 3 8 1 1 3 8 2 19 2 60 1 3 1 1 3 5 1 2 2 55 1 1 0 0 5 9 2 47 1 1 1 1 1 4 1 1 
3 26 2 2 1 1 2 7 5 7 2 7 0 0 1 1 0 0 5 14 4 35 1 7 2 19 3 4 0 0 0 0 2 2 3 16 1 1 1 2 4 4 1 2 2 18 1 1 0 0 3 32 2 308 1 2 0 0 2 8 4 35 2 14 
1 3 1 3 1 1 2 5 2 2 4 25 2 2 1 1 3 3 0 0 5 10 4 11 1 19 1 1 2 13 5 138 2 12 4 5 1 1 1 1 3 3 2 2 2 2 3 7 2 28 4 4 4 4 1 5 2 2 0 0 3 21 1 1 
4 63 2 2 1 2 1 1 2 3 1 4 0 0 0 0 3 25 0 0 1 1 3 3 2 3 4 46 1 44 2 14 2 4 6 9 2 3 0 0 4 357 1 3 2 6 2 3 1 2 1 2 1 1 4 10 2 7 3 3 2 6 6 24 
3 11 1 1 3 3 2 6 1 1 3 8 1 2 4 33 4 11 2 6 1 1 2 29 4 10 3 54 2 2 0 0 1 31 2 9 1 4 1 26 1 1 1 2 3 12 0 0 0 0 4 31 1 1 1 3 1 1 1 1 1 1 4 8 
2 2 1 1 3 3 1 35 2 15 2 2 3 32 2 3 0 0 3 10 0 0 5 42 4 120 0 0 5 29 1 2 4 23 2 4 1 5 0 0 6 14 3 13 4 5 1 1 1 8 3 9 3 3 2 8 0 0 3 5 0 0 2 2 
2 91 1 1 0 0 2 3 3 3 2 5 1 9 3 26 4 5 1 1 1 1 5 16 3 5 1 1 4 13 2 2 3 6 3 3 4 362 6 18 2 2 1 5 3 6 1 3 1 3 0 0 1 9 2 2 0 0 1 9 1 3 1 1 
3 4 1 29 4 19 4 19 1 1 1 2 3 240 4 67 4 4 5 11 4 229 0 0 2 8 3 5 1 1 1 1 1 1 0 0 3 8 3 7 5 10 5 12 1 1 0 0 1 1 1 2 4 6 2 2 2 4 4 13 1 2 0 0 
1 8 4 5 2 2 1 4 1 1 2 15 1 38 3 8 0 0 3 6 2 8 1 1 2 5 4 4 2 3 2 13 3 92 2 15 3 12 3 7 3 5 7 35 1 12 2 24 4 4 3 8 3 82 2 3 0 0 2 4 4 15 1 1 
3 11 4 14 3 10 3 13 3 16 0 0 2 4 3 3 2 8 0 0 1 1 1 9 5 12 1 1 5 848 2 3 1 1 2 4 3 5 1 27 3 14 1 43 4 37 1 2 3 7 2 3 3 10 5 32 3 3 3 3 3 4 2 19 
6 7 1 10 5 13 1 1 2 2 3 3 4 5 5 12 4 4 5 11 1 1 2 16 1 1 2 10 2 28 6 27 0 0 3 24 3 7 2 19 4 6 6 39 4 47 1 8 1 1 0 0 0 0 3 9 2 2 1 1 3 3 1 1 
2 2 2 13 1 2 3 14 4 4 0 0 3 7 0 0 1 1 2 4 3 9 1 1 2 2 1 1 0 0 3 3 1 1 2 2 0 0 1 1 4 20 5 21 3 12 2 3 2 24 4 5 1 3 1 2 3 17 1 4 4 4 1 1 
4 10 1 3 4 5 2 6 4 9 4 8 2 2 1 1 1 1 2 49 4 75 0 0 1 15 2 4 0 0 3 34 6 10 0 0 3 3 0 0 1 2 0 0 2 34 4 78 0 0 1 9 3 48 4 1644 0 0 2 6 1 3 0 0 
1 2 5 141 2 2 2 2 2 34 2 2 5 9 4 560 2 6 3 5 2 24 2 3 1 2 3 3 3 39 6 34 0 0 3 7 2 2 3 12 7 80 2 4 1 1 0 0 3 188 3 3 2 6 0 0 2 2 1 43 2 2 0 0 
2 2 3 128 2 5 2 4 0 0 5 588 3 4 1 2 1 1 2 10 2 2 2 17 3 54 4 49 1 21 4 84 0 0 3 9 3 16 2 3 2 6 2 4 4 8 2 3 2 37 5 10 1 1 3 14 2 3 2 14 1 1 1 1 
6 33 4 10 2 2 3 7 0 0 1 7 3 11 0 0 4 18 5 16 1 7 2 3 2 61 4 21 0 0 1 4 4 44 0 0 0 0 3 13 2 6 0 0 2 2 3 19 2 6 0 0 2 3 1 1 0 0 1 1 4 11 1 8 
2 45 3 49 2 40 3 4 0 0 2 4 2 1563 0 0 3 5 3 48 2 9 4 18 2 25 0 0 1 1 0 0 4 16 2 5 1 5 3 3 1 26 2 156 2 2 1 1 2 3 2 8 4 40 1 1 4 98 0 0 5 10 4 25 
4 756 3 3 3 3 2 24 2 2 1 1 4 4 1 1 1 4 6 32 2 5 0 0 3 10 1 1 0 0 3 49 2 4 2 2 1 1 4 26 1 1 2 13 3 5 1 1 4 10 1 3 3 13 3 21 0 0 3 8 4 6 4 34 
2 12 0 0 2 8 0 0 5 10 1 60 3 11 3 3 2 6 0 0 2 2 1 1 1 9 3 17 1 15 3 3 2 9 1 2 3 25 2 6 1 5 4 7 3 6 0 0 5 14 2 14 1 1 2 9 2 2 2 10 3 4 2 2 
2 11 2 51 2 5 1 1 3 29 3 17 2 108 3 8 0 0 5 15 2 16 0 0 1 2 4 10 3 5 4 20 3 4 1 20 0 0 1 1 3 707 1 4 0 0 0 0 4 43 1 1 4 5 2 4 2 3 1 1 2 2 1 14 
1 1 1 1 1 1 4 7 0 0 2 11 1 16 3 3 2 6 0 0 0 0 3 19 3 16 1 1 1 1 2 33 1 1 3 4 5 26 1 1 1 9 6 23 3 4 2 5 3 10 2 3 2 6 0 0 1 1 2 25 0 0 2 18 
2 11 1 1 3 18 3 5 1 10 4 19 5 9 3 6 4 50 1 1 1 3 2 4 4 92 2 2 3 12 1 6 1 3 3 5 1 2 3 51 3 14 3 8 1 21 0 0 2 4 3 57 1 2 4 4 2 4 2 9 4 215 3 3 
3 24 4 4 2 4 2 18 3 14 0 0 1 1 4 60 0 0 1 24 1 1 0 0 2 4 2 11 2 115 1 1 2 8 2 3 3 3 2 2 0 0 3 20 1 2 4 9 3 8 2 21 2 1010 4 38 3 3 3 3 0 0 2 188 
2 5 1 5 1 1 1 6 1 1 1 6 1 1 2 11 1 1 1 6 2 2 0 0 2 13 4 20 3 3 1 5 1 7 1 1 1 8 3 3 3 11 3 3 2 3 4 4 1 5 1 5 0 0 0 0 1 1 3 3 3 3 1 2 
2 2 4 4 2 4 2 5 2 2 3 22 3 14 1 2 6 20 1 127 1 1 2 2 2 7 0 0 2 5 0 0 1 1 2 14 1 25 2 7 1 6 2 3 5 9 4 37 2 11 3 213 3 21 0 0 3 309 3 24 2 2 1 1 
2 6 1 1 1 1 1 12 2 2 3 4 0 0 1 209 4 8 1 22 2 12 4 17 2 54 0 0 1 1 3 13 2 5 1 1 1 3 3 3 3 10 1 1 1 1 1 1 0 0 1 4 1 7 3 5 2 2 2 294 2 4 2 3 
0 0 5 12 1 1 1 27 3 16 2 31 1 1 2 2 4 5 4 10 4 11 2 3 2 4 1 1 2 1344 4 12 1 2 3 23 2 1843 3 23 0 0 2 3 3 27 1 13 3 24 2 11 3 14 3 3 0 0 4 508 1 6 7 34 
2 12 3 14 1 3 5 36 2 4 2 3 2 3 2 2 2 2 2 16 2 2 2 6 0 0 2 6 1 4 2 2 4 62 1 1 2 20 6 24 1 1 2 9 2 2 6 65 1 1 3 49 1 7 2 14 0 0 4 4 3 6 3 8 
0 0 2 5 4 11 4 10 2 25 1 50 3 4 0 0 2 5 3 10 2 2 7 45 4 11 5 5 2 41 1 1 0 0 1 3 1 10 2 4 2 2 2 6 1 2 2 3 4 8 1 18 2 106 1 21 1 3 6 60 4 279 4 26 
2 4 3 42 3 32 2 21 4 12 3 4 2 9 1 6 1 13 2 2 2 13 3 8 2 2 1 6 1 1 4 7 2 4 2 2 2 3 2 5 2 9 3 7 1 1 3 30 4 9 1 12 2 6 4 6 1 1 1 1 2 12 4 15 
2 52 1 1 2 17 1 1 2 19 2 4 3 9 1 12 5 79 1 1 0 0 1 1 0 0 1 1 3 8 1 31 1 11 3 4 5 19 4 9 2 8 2 2 0 0 2 5 5 35 3 24 6 18 5 7 3 7 1 1 1 1 4 9 
1 2 3 12 3 6 3 4 1 27 0 0 2 2 1 1 1 1 4 34 4 36 0 0 3 32 1 4 1 2 2 2 0 0 2 7 2 9 1 3 1 310 2 36 2 3 1 789 2 4 2 20 5 11 3 8 4 13 3 23 3 7 3 5 
1 4 1 1 2 3 1 3 4 78 2 15 2 5 4 8 6 29 4 6 0 0 2 2 2 2 2 29 5 24 4 32 2 43 0 0 2 116 2 5 0 0 2 2 1 4 2 41 5 19 1 10 3 7 2 7 0 0 4 18 0 0 3 72 
1 1 5 611 0 0 1 1 0 0 2 5 3 23 2 6 4 50 2 4 2 4 2 2 2 2 1 1 2 50 1 1 5 21 5 5 2 459 1 1 0 0 2 13 4 16 2 5 3 14 1 1 2 2 1 1 2 2 6 14 2 2 4 24 
4 24 4 5 3 4 1 1 0 0 1 6 1 4 3 23 0 0 3 4 1 20 3 3 1 1 3 26 2 7 2 2 3 97 1 14 2 5 1 1 1 3 0 0 2 8 4 45 1 211 1 2 4 7 0 0 2 6 1 13 2 9 1 3 
2 9 2 8 3 5 2 7 2 3 2 9 3 11 1 1 3 21 0 0 0 0 3 8 1 1 2 60 3 4 2 2 4 4 2 2 4 31 3 3 8 17 4 10 3 16 1 5 0 0 2 2 4 26 1 1 4 15 3 3 3 255 2 4 
2 11 2 29 0 0 0 0 0 0 3 9 5 47 5 10 2 4 2 31 1 9 0 0 0 0 1 1 4 7 3 6 2 9 1 2 1 5 1 1 4 5 1 1 3 4 3 4 1 1 0 0 3 45 4 6 1 1 1 1 1 91 1 1 
1 4 1 2 4 6 5 224 3 5 2 2 2 38 2 2 4 7 8 23 3 6 2 2 1 1 1 2 2 23 0 0 0 0 1 6 2 7 3 3 0 0 2 7 0 0 1 1 1 1 1 1 0 0 4 13 2 9 4 10 1 1 2 2 
2 57 4 5 1 16 0 0 2 2 4 11 1 1 2 4 2 761 0 0 0 0 3 40 3 10 2 2 6 9 2 8 2 55 3 15 1 1 2 9 0 0 4 5 3 7 2 15 1 2 2 7 3 3 1 1 2 2 3 20 4 1490 4 4 
0 0 2 2 1 5 2 15 2 33 2 6 2 2 1 1 0 0 2 2 1 13 2 2 5 15 1 6 5 13 1 3 0 0 2 4 3 13 2 34 1 1 2 3 1 6 4 9 2 13 2 2 2 3 4 32 0 0 2 2 4 8 1 1 
1 6 3 6 0 0 3 31 0 0 1 1 5 122 1 1 5 9 6 159 3 3 5 13 3 11 1 1 3 4 4 126 4 6 3 11 1 1 5 17 2 3 1 1 2 13 3 97 3 5 3 6 4 49 1 9 2 2 1 1 3 7 0 0 
3 5 3 10 5 15 1 4 1 1 2 16 5 7 3 15 0 0 2 3 1 5 2 2 1 474 5 9 3 3 1 1 0 0 0 0 0 0 4 11 0 0 1 1 2 4 1 3 1 3 3 8 1 15 2 7 2 172 1 1 1 1 3 10 
1 86 1 1 1 3 1 1 1 1 3 21 2 2 0 0 1 1 4 221 3 19 2 2 2 5 2 3 4 30 1 1 0 0 5 27 1 1 1 1 2 1264 0 0 3 3 2 10 2 3 2 5 3 57 1 11 3 23 1 2 0 0 4 20 
1 5 2 4 1 1 2 6 1 1 4 21 1 1 2 7 4 4 5 23 0 0 1 5 1 1 0 0 1 2 4 4 2 14 2 33 2 63 2 3 0 0 2 16 2 48 2 2 6 59 5 19 3 15 2 3 2 2 4 4 1 9 1 287 
0 0 4 10 6 92 5 10 2 5 1 2 4 22 1 1 3 11 2 3 2 2 1 5 2 2 1 1 3 109 1 45 5 13 1 2 3 18 0 0 2 3 2 3 3 10 2 2 2 2 4 50 3 3 1 1 0 0 2 11 2 2 1 2 
3 7 2 2 3 3 3 4 3 16 0 0 3 14 1 8 3 62 3 4 2 30 5 51 2 6 1 10 0 0 6 11 1 1 1 1 2 8 2 5 4 5 3 81 2 59 1 1 2 65 4 11 2 4 3 8 4 33 2 5 5 6 2 5 
1 4 2 13 0 0 1 1 2 33 3 6 1 8 1 1 2 53 2 3 2 254 4 15 0 0 3 35 3 3 5 49 3 3 3 7 1 7 5 23 1 2 4 45 2 3 1 3 1 1 4 9 2 3 2 2 1 1 2 2 2 13 2 15 
3 11 5 12 2 4 2 2 1 1 3 23 2 8 2 13 5 1506 3 4 4 5 3 18 1 1 2 2 0 0 5 18 3 3 4 4 2 5 2 72 2 2 2 4 2 4 1 1 3 10 2 12 2 3 3 3 0 0 2 8 4 7 2 9 
3 25 1 2 2 9 2 31 1 14 4 101 2 28 5 13 1 1 1 5 1 15 0 0 3 11 3 6 1 1 1 1 2 5 4 8 3 28 1 1 2 2 3 11 2 10 0 0 2 8 5 18 2 2 5 9 2 3 0 0 1 9 4 41 
2 8 0 0 3 22 0 0 4 10 2 13 2 2 0 0 1 1 3 7 3 3 2 2 3 3 3 9 3 11 3 14 1 1 3 12 1 1 3 5 3 4 2 2 3 4 0 0 0 0 1 1 0 0 3 60 2 22 1 2 4 118 1 1 
2 2 1 4 4 6 4 16 1 1 1 6 1 3 2 12 2 4 1 1 2 2 4 6 2 13 2 2 4 4 0 0 2 7 3 6 5 44 2 2 1 1 2 2 4 7 0 0 0 0 4 16 2 10 2 2 0 0 2 12 3 8 3 8 
3 10 1 4 4 17 1 1 3 237 4 5 1 1 0 0 4 6 1 5 0 0 4 132 4 47 4 39 3 3 1 2 0 0 3 3 2 7 2 3 3 4 3 65 1 5 2 2 0 0 3 49 2 6 5 105 2 2 1 14 0 0 6 12 
1 1 1 1 3 4 2 4 1 2 1 111 1 1 2 3 2 2 1 3 1 3 4 36 0 0 3 3 3 105 4 65 2 2 2 5 0 0 2 2 3 3 5 27 4 7 4 4 2 18 2 3 4 9 6 12 2 2 3 9 4 12 4 7 
4 12 1 1 2 3 3 42 3 4 2 2 1 2 2 2 1 6 4 12 1 1 7 156 1 18 8 11 2 25 2 2 3 7 1 3 2 4 4 42 4 24 3 6 2 2 0 0 5 8 4 23 1 122 0 0 0 0 2 3 2 16 2 5 
2 46 0 0 4 25 6 12 1 5 4 30 2 27 2 17 3 10 1 2 3 5 0 0 3 5 3 6 3 6 4 93 3 24 2 2 3 4 2 5 1 1 1 2 1 1 0 0 3 9 2 20 5 53 0 0 1 9 3 3 2 77 1 4 
2 2 0 0 1 1 4 10 2 311 3 19 1 1 2 2 4 5 3 35 2 2 1 4 5 9 2 3 4 4 3 6 0 0 1 2 3 4 1 1 1 1 0 0 2 9 3 37 1 1 5 5 1 2 2 2 3 7 1 2 3 4 0 0 
5 13 3 8 1 1 3 43 3 7 1 2 0 0 2 8 4 6 3 10 2 5 2 2 1 3 5 23 2 7 3 8 3 4 1 1 2 2 4 16 4 8 1 2 1 8 1 8 1 1 0 0 2 9 3 12 1 2 4 4 3 4 2 81 
3 11 3 39 3 7 1 1 3 4 2 17 5 5 0 0 3 34 1 5 4 5 2 4 4 10 1 1 5 19 5 21 3 3 1 2 0 0 0 0 0 0 3 7 2 29 2 71 3 22 1 6 1 1 3 124 0 0 5 41 3 78 0 0 
3 8 0 0 3 10 3 8 2 2 3 5 0 0 1 1 5 182 1 2 3 17 1 6 3 3 1 5 3 660 1 4 2 4 5 15 2 10 4 76 0 0 0 0 3 3 2 5 3 3 2 4 1 1 4 18 0 0 4 14 3 51 3 8 
2 19 3 12 3 4 0 0 3 4 3 5 1 4 1 1 1 2 0 0 2 2 1 42 4 9 0 0 0 0 1 21 0 0 1 2 1 3 0 0 1 5 0 0 3 19 2 10 3 8 4 12 6 18 4 8 0 0 3 8 1 1 1 3 
2 5 4 6 3 20 3 4 2 13 2 8 3 3 2 6 2 2 0 0 2 2 2 11 2 3 1 4 3 9 2 5 0 0 4 43 4 11 1 1 4 29 1 1 3 9 1 20 0 0 1 5 1 1 2 3 2 7 1 1 1 4 3 6 
1 1 2 2 2 6 3 13 0 0 1 1 4 4 4 5 4 27 3 46 3 4 1 1 1 4 3 3 4 27 1 5 5 8 1 6 2 15 4 4 3 14 3 15 3 5 0 0 6 71 2 10 2 3 0 0 2 3 2 11 1 3 3 4 
3 12 2 26 3 3 3 35 4 14 3 5 3 14 2 3 2 2 1 2 2 28 2 2 3 14 0 0 1 1 0 0 2 8 2 2 5 18 2 2 2 7 2 2 2 2 1 1 3 97 2 3 2 6 2 2 2 3 3 6 3 51 1 1 
2 374 3 10 0 0 1 1 3 3 5 61 5 8 2 2 3 4 3 3 1 8 1 1 0 0 0 0 1 1 2 2 3 11 5 12 1 1 2 29 4 10 5 6 3 73 2 2 2 2 3 3 1 1 3 10 1 1 1 1 1 1 2 32 
1 5 1 18 2 3 6 36 2 14 2 2 3 31 4 8 2 2 3 4 2 3 2 5 1 1 2 2 1 3 4 79 1 2 3 4 4 22 3 816 3 5 4 14 4 11 2 10 3 17 1 11 1 2 0 0 0 0 1 2 4 12 4 5 
4 28 2 2 2 23 3 5 5 9 0 0 3 3 0 0 2 8 1 6 3 4 2 3 2 16 0 0 3 321 3 56 2 5 4 9 3 36 3 217 1 4 2 3 4 9 0 0 2 4 5 97 1 1 1 3 3 8 1 1 3 15 3 23 
1 1 2 120 1 1 2 8 0 0 2 3 2 7 0 0 4 12 3 17 3 20 1 1 4 20 3 40 1 3 3 5 2 2 1 5 1 23 2 2 2 8 2 3 1 1 3 14 3 20 1 8 1 4 3 7 1 4 3 5 0 0 2 4 
1 1 0 0 2 3 1 1 4 10 1 6 1 4 0 0 2 12 1 3 3 11 2 13 3 6 2 3 1 8 1 1 5 99 1 1 2 35 2 3 1 6 1 1 3 3 4 11 0 0 1 1 1 71 2 2 1 1 4 15 2 3 1 6 
4 57 1 300 1 1 2 5 1 4 4 6 5 10 5 8 0 0 0 0 0 0 2 6 1 1 4 12 1 6 2 2 1 1 3 6 2 9 6 9 2 7 5 232 0 0 2 3 0 0 1 1 5 7 5 52 3 3 4 50 0 0 1 5 
0 0 3 38 2 2 2 4 1 1 1 25 4 1127 3 11 1 3 4 14 2 2 3 13 1 9 2 2 5 8 0 0 1 3 3 14 2 36 1 1 4 260 1 1 0 0 1 1 2 5 1 28 2 9 1 1 1 2 1 1 2 3 2 51 
5 37 1 36 2 2 1 1 3 5 1 1 2 2 0 0 4 9 3 19 2 2 2 11 3 4 2 32 1 1 2 7 2 2 2 6 1 1 1 1 2 16 3 67 4 230 3 4 3 14 1 7 1 2 0 0 3 4 3 8 3 17 2 253 
2 86 3 3 2 4 1 1 1 1 5 21 2 3 3 6 4 4 2 3 1 1 3 4 5 20 5 11 0 0 4 10 2 2 2 22 3 9 2 3 1 2 5 32 4 11 3 3 2 7 1 12 2 14 4 15 2 10 2 2 5 11 3 5 
4 16 2 4 1 1 3 3 3 11 0 0 1 1 3 7 2 26 0 0 0 0 1 1 4 49 5 302 1 21 4 13 3 5 1 2 3 5 1 8 0 0 4 36 2 14 3 20 1 1 1 1 3 158 1 597 3 11 0 0 3 3 3 3 
1 1 2 2 2 5 2 2 2 5 2 2 2 6 1 1 0 0 1 1 4 9 2 19 2 2 1 9 1 5 0 0 0 0 1 2 2 9 1 1 1 1 4 10 0 0 3 5 0 0 0 0 2 2 4 15 2 2 1 7 4 4 2 3 
4 115 1 4 5 400 0 0 1 5 2 2 2 27 2 100 2 5 1 1 2 3 3 27 5 9 3 10 2 20 2 2 3 5 2 2 1 3 3 7 1 2 1 1 1 16 3 4 1 2 1 2 2 12 1 2 1 3 2 18 2 7 0 0 
1 1 3 5 4 9 2 4 4 13 2 36 0 0 1 1 2 5 0 0 1 5 1 4 3 4 3 20 2 3 1 1 3 18 2 19 4 35 1 9 2 3 2 112 2 33 3 6 3 9 1 5 1 8 5 19 3 4 2 6 3 17 3 5 
3 3 2 6 2 2 2 7 4 4 1 1 2 6 1 5 1 1 1 41 2 29 3 3 1 1 3 7 1 2 3 24 4 17 1 7 6 16 5 22 3 8 2 2 4 7 1 1 4 34 2 11 1 1 3 198 3 34 0 0 3 20 4 12 
2 4 6 21 1 1 1 70 4 15 2 4 2 5 1 6 1 1 3 6 3 7 1 1 1 1 2 2 0 0 2 2 1 1 0 0 4 45 1 2 1 3 3 6 2 2 2 3 3 5 3 3 3 38 4 9 2 2 2 150 1 24 2 8 
5 10 1 4 1 1 4 67 3 77 4 6 2 4 2 2 6 48 1 16 2 3 4 4 0 0 5 19 0 0 1 4 0 0 0 0 1 6 2 4 2 975 3 20 1 4 2 6 2 53 0 0 2 4 3 9 2 2 1 4 1 1 1 7 
3 13 2 119 1 1 3 9 0 0 4 11 2 2 5 12 1 2 1 2 1 1 0 0 2 6 1 1 5 33 0 0 5 27 2 2 5 12 1 1 1 1 2 2 2 3 1 2 2 27 0 0 2 2 1 1 2 6 2 8 3 9 1 2 
1 1 2 7 2 10 5 5 3 33 1 6 1 1 2 2 3 31 4 4 0 0 5 16 0 0 3 12 1 1 3 4 3 5 3 43 4 12 1 2 2 3 2 767 1 1 3 21 0 0 5 21 3 26 1 6 1 3 5 6 0 0 3 16 
4 25 0 0 1 30 1 1 1 2 2 3 0 0 1 5 1 1 1 1 2 3 3 7 6 10 3 9 1 1 1 1 3 8 3 9 3 4 1 1 2 224 1 3 3 3 1 2 1 1 1 2 4 5 0 0 3 27 2 2 4 11 5 9 
4 6 4 7 5 11 1 1 1 3 2 5 2 11 2 7 1 49 5 6 4 17 3 8 2 20 0 0 1 20 2 4 2 5 2 2 3 9 3 67 1 1 2 22 0 0 3 7 3 3 1 2 2 4 1 11 2 5 3 14 3 5 4 4 
2 5 1 1 1 7 2 848 5 9 3 25 4 16 2 8 3 7 2 2 1 3 2 3 3 72 0 0 3 3 2 6 5 24 5 10 3 3 0 0 2 2 5 5 0 0 2 2 1 7 3 10 2 2 2 10 1 3 1 3 3 7 3 9 
3 4 1 1 0 0 1 1 3 3 2 2 2 3 2 17 6 12 3 3 2 6 6 29 1 1 0 0 2 5 2 2 3 83 1 1 3 8 3 13 0 0 2 10 3 7 3 7 1 1 1 1 2 5 2 24 6 32 1 1 4 30 1 1 
4 5 1 2 6 17 5 14 1 2 0 0 2 15 2 4 1 26 2 78 1 12 1 1 3 14 2 2 3 6 2 55 2 2 2 3 0 0 4 4 6 36 3 9 0 0 0 0 3 20 3 13 3 16 6 10 1 2 0 0 3 4 1 43 
4 12 0 0 3 8 2 3 3 10 4 26 3 55 3 5 2 2 2 2 1 48 2 7 3 3 0 0 2 6 2 11 0 0 1 1 1 1 1 1 2 119 1 1 1 1 2 84 5 9 2 6 1 1 2 16 4 50 3 4 2 2 0 0 
3 4 0 0 2 2 5 13 0 0 1 4 2 2 1 3 1 2 2 17 4 20 6 803 2 2 4 26 0 0 2 4 3 8 0 0 5 28 4 17 1 1 0 0 2 13 1 1 2 2 2 2 1 3 1 1 3 12 4 4 2 3 0 0 
2 2 3 4 1 1 2 79 3 30 0 0 2 2 4 5 2 8 2 2 1 7 3 18 3 13 4 21 2 4 0 0 0 0 0 0 4 25 4 9 0 0 1 1 2 2 0 0 2 2 1 4 2 11 5 12 2 4 0 0 2 22 2 2 
2 8 1 10 1 1 1 2 6 349 2 4 3 16 1 4 0 0 1 1 1 7 2 10 3 9 2 6 1 8 2 2 0 0 0 0 2 4 0 0 1 5 1 1 2 111 1 1 1 1 1 1 2 33 4 7 5 21 3 21 5 13 1 1 
1 3 2 29 3 3 1 1 2 7 2 75 3 15 2 22 2 6 4 5 5 19 3 6 2 5 2 2 2 14 3 3 3 76 3 4 2 24 0 0 2 18 2 5 1 6 1 2 1 25 4 5 4 11 1 10 1 35 3 10 0 0 6 14 
2 3 2 105 2 11 4 9 0 0 5 28 1 5 1 1 4 225 2 23 2 9 1 2 3 6 2 18 1 1 7 22 1 1 1 2 0 0 0 0 3 17 2 15 1 1 2 8 3 10 1 1 1 1 1 1 4 11 4 18 2 3 3 208 
2 18 3 14 3 45 4 24 0 0 2 3 0 0 2 7 0 0 1 1 1 4 2 2 0 0 2 9 3 5 2 4 2 5 7 99 0 0 3 21 0 0 2 2 1 1 0 0 2 4 6 11 2 2 1 2 2 3 2 64 0 0 0 0 
1 1 1 7 3 17 0 0 3 3 1 14 3 6 2 3 3 5 2 21 1 1 1 3 3 70 3 4 2 78 2 2 2 8 2 11 2 2 1 2 1 8 0 0 3 9 0 0 5 5 2 6 1 3 1 1 4 102 3 12 1 8 5 15 
1 2 1 5 4 313 2 3 2 8 2 22 5 16 3 4 1 28 3 8 3 12 3 12 3 8 5 56 4 33 3 20 5 46 1 1 6 15 0 0 2 17 3 14 7 35 1 9 1 1 4 16 1 5 4 54 2 2 2 8 4 13 2 4 
4 15 2 2 1 1 3 23 3 6 0 0 1 1 1 1 4 9 2 2 4 8 3 53 5 22 3 9 2 6 3 3 2 2 1 118 3 9 0 0 3 6 0 0 1 5 3 3 3 15 2 10 2 2 4 36 1 1 1 12 1 2 4 8 
2 3 1 1 2 27 3 23 1 1 3 4 1 6 3 33 0 0 5 9 1 3 2 2 1 1 3 3 1 6 1 1 5 18 1 5 1 2 0 0 2 2 2 2 0 0 1 52 3 5 0 0 0 0 2 2 5 59 3 135 3 11 1 1 
3 10 3 31 3 4 2 3 4 8 3 13 3 34 2 5 2 4 4 6 0 0 3 8 1 1 1 1 0 0 4 29 4 9 1 1 2 13 2 2 2 8 3 102 2 4 1 7 2 26 4 17 2 10 1 1 0 0 3 9 2 8 5 5 
2 12 3 8 2 12 6 619 1 3 2 61 1 9 2 3 3 29 4 940 1 9 1 2 5 8 3 20 5 29 0 0 1 2 0 0 2 53 1 2 2 27 3 3 3 4 2 42 2 2 1 1 5 63 1 1 1 1 2 970 3 3 0 0 
1 1 2 3 2 22 0 0 1 1 4 4 1 3 1 1 2 3 5 20 1 1 2 12 2 478 1 1 0 0 1 1 1 1 5 5 0 0 2 5 0 0 1 1 2 2 4 11 0 0 2 24 1 5 5 27 5 5 1 1 0 0 2 28 
0 0 0 0 2 20 3 4 3 5 2 3 1 38 3 11 2 3 1 11 3 12 1 4 3 34 0 0 2 16 0 0 1 1 2 6 2 19 3 3 1 1 0 0 4 13 4 10 2 3 0 0 2 25 2 4 0 0 3 7 1 1 4 66 
7 29 1 2 3 8 0 0 1 6 2 2 2 2 2 2 2 2 2 4 1 3 2 5 1 1 1 2 3 24 2 2 2 3 2 5 4 86 3 15 5 8 1 1 1 1 1 10 1 4 1 1 3 3 2 2 0 0 6 10 0 0 2 261 
2 4 0 0 0 0 3 6 1 1 1 1 0 0 1 1 2 8 1 34 1 8 3 4 1 4 1 1 0 0 2 11 1 2 2 5 1 33 0 0 0 0 3 9 3 8 2 2 2 170 0 0 0 0 1 3 3 6 1 6 2 5 1 1 
1 2 2 3 2 7 0 0 2 4 4 5 3 3 2 2 0 0 0 0 3 1126 2 4 1 1 2 7 7 23 2 2 1 1 2 14 2 13 1 7 3 7 3 4 4 8 1 9 0 0 3 48 2 2 1 1 3 10 2 53 4 72 2 3 
2 4 2 2 5 344 3 51 2 5 4 5 2 74 2 53 1 4 4 9 2 37 4 33 1 1 1 1 3 8 2 9 3 18 2 3 3 8 1 1 2 48 2 7 2 2 1 2 1 1 2 2 0 0 3 10 3 17 3 14 1 1 1 1 
2 2 1 1 2 6 1 1 7 23 3 4 2 1007 2 9 3 3 4 23 3 18 5 15 3 20 4 8 1 1 3 9 3 9 2 10 1 1 4 8 1 1 1 1 1 4 1 10 3 4 7 32 3 20 4 5 1 1 3 39 2 14 1 1 
1 16 6 10 1 2 4 4 1 6 2 34 3 92 3 6 2 16 0 0 1 5 1 9 5 9 1 1 1 1 1 1 1 1 1 1 2 2 4 35 4 10 0 0 0 0 2 5 3 3 1 7 3 10 2 3 2 2 1 1 3 4 2 5 
2 30 4 5 2 2 4 48 2 12 2 2 2 32 1 4 2 3 1 1 1 46 2 2 1 1 2 2 5 40 0 0 0 0 2 10 3 19 2 11 3 30 2 78 4 111 1 8 3 13 3 3 6 14 5 13 2 8 1 41 2 3 3 9 
5 17 0 0 2 3 3 13 2 120 1 1 0 0 2 2 5 24 3 3 4 11 0 0 5 22 3 10 1 1 0 0 4 5 0 0 1 2 3 3 5 8 2 2 1 4 5 11 3 3 3 18 3 3 3 6 1 6 1 2 6 7 3 13 
3 7 4 52 1 2 0 0 2 7 1 3 3 23 2 5 1 1 7 45 3 13 1 1 2 6 2 2 2 7 3 3 1 40 1 5 2 19 3 4 3 6 1 8 1 1 5 242 2 4 1 5 2 5 2 3 1 1 2 4 0 0 1 1 
4 25 2 11 0 0 0 0 3 14 3 7 1 2 2 7 3 22 0 0 1 1 1 3 1 2 4 8 2 3 3 5 1 15 2 13 1 7 3 3 1 1 4 26 2 6 4 6 6 49 3 8 3 12 2 7 1 1 3 8 3 4 3 49 
0 0 2 21 1 1 3 11 2 31 1 1 2 19 3 6 2 2 3 5 2 423 5 11 2 29 5 6 1 2 1 10 2 2 3 4 2 5 3 13 1 1 2 2 0 0 3 8 0 0 3 122 4 9 2 39 1 2 0 0 3 13 1 1 
2 93 1 3 2 23 4 12 2 2 1 1 3 12 5 27 4 42 0 0 1 1 4 6 2 30 3 7 3 3 5 77 2 12 1 1 0 0 2 7 1 1 2 2 1 1 2 5 3 8 2 9 1 1 0 0 5 22 2 6 3 16 1 1 
2 5 1 24 2 4 0 0 0 0 3 13 0 0 2 6 2 6 3 5 3 54 0 0 3 22 4 17 5 6 2 4 2 6 3 6 2 18 1 7 2 8 1 1 1 1 3 16 2 7 2 2 2 2 2 2 3 8 2 7 2 3 1 1 
1 1 2 5 3 10 1 1 0 0 2 5 3 64 4 19 2 5 2 9 5 10 1 4 3 16 3 27 1 1 2 5 2 2 1 3 6 37 1 1 4 8 1 2 1 2 1 3 1 33 4 6 0 0 5 164 1 1 1 9 5 12 4 7 
1 2 0 0 2 11 0 0 2 3 2 37 3 317 1 2 2 2 3 3 2 16 1 2 2 2 2 2 1 1 1 5 1 1 3 3 2 164 2 6 1 2 1 11 2 3 6 372 1 8 4 7 3 4 4 380 4 9 2 5 0 0 2 26 
2 8 1 1 0 0 3 14 2 2 7 51 2 17 2 14 2 11 3 8 2 3 3 9 4 21 2 13 1 1 2 6 5 19 5 22 3 7 2 6 3 7 2 3 1 3 1 1 1 2 2 4 3 3 1 5 6 12 2 8 3 7 2 3 
2 4 2 4 3 961 0 0 0 0 3 9 1 3 5 25 0 0 2 5 3 3 1 6 4 5 0 0 3 8 2 12 1 1 4 6 2 11 2 6 3 3 2 3 2 12 3 36 3 3 2 2 2 5 4 21 0 0 3 16 6 33 4 38 
5 9 2 124 5 596 2 7 3 4 0 0 2 8 1 1 1 42 2 2 5 10 3 12 2 8 0 0 1 1 2 2 0 0 4 11 3 5 1 41 1 5 3 33 2 2 2 9 2 6 1 31 3 7 0 0 0 0 0 0 1 1 1 1 
2 2 1 1 1 1 1 1 2 3 3 422 1 1 2 15 0 0 0 0 2 5 0 0 3 7 2 9 4 10 2 6 3 3 3 10 4 14 3 7 4 14 0 0 2 6 3 10 0 0 5 21 0 0 2 4 1 3 3 4 2 2056 4 21 
4 88 2 4 1 1 2 142 3 6 2 15 2 2 2 320 1 5 2 5 3 10 2 2 3 17 2 7 3 16 0 0 1 1 2 2 3 15 2 9 2 2 2 5 2 2 1 1 2 12 4 74 2 5 2 8 4 8 3 23 1 1 5 14 
2 4 3 6 4 7 3 18 2 41 2 3 4 14 3 5 1 1 1 4 2 2 1 24 2 5 2 15 3 17 4 144 2 2 4 7 2 8 1 2 1 1 2 7 2 2 3 41 1 8 2 2 5 34 5 72 1 1 2 8 5 12 2 2 
2 2 3 4 1 1 2 3 1 8 1 3 3 49 1 2 3 46 3 3 0 0 4 35 4 5 3 7 2 8 2 3 4 17 2 8 2 33 4 79 1 1 1 1 1 5 1 1 4 12 2 13 3 3 4 34 0 0 1 1 2 4 2 4 
6 184 2 2 6 27 3 7 3 8 2 2 3 53 1 2 1 43 1 5 3 3 5 12 2 7 3 4 3 11 2 3 1 1 5 23 2 12 3 28 3 12 1 1 0 0 2 24 4 15 2 21 2 19 2 9 3 5 2 13 4 4 1 6 
1 1 3 7 2 6 2 2 2 2 1 1 2 2 2 4 1 1 2 3 1 1 2 5 1 1 1 1 1 1 3 10 1 1 3 17 0 0 4 35 4 32 2 407 4 81 1 5 3 7 2 5 0 0 4 5 3 11 2 6 1 8 3 3 
2 8 3 10 1 1 7 22 3 6 4 31 2 8 3 4 2 3 4 5 3 28 2 3 1 1 2 2 3 46 6 25 2 23 1 1 2 12 2 2 2 18 2 8 4 10 4 22 1 28 2 2 4 12 5 7 3 7 1 1 2 3 1 1 
2 11 3 130 2 2 5 1206 4 19 1 7 1 3 2 6 2 34 2 12 6 14 1 1 5 69 2 19 2 33 1 3 2 20 2 16 4 12 0 0 1 6 2 31 1 1 1 1 4 5 2 42 4 65 0 0 2 2 2 2 5 280 2 6 
4 10 1 1 2 6 1 3 2 4 3 18 1 1 3 10 3 19 2 110 1 1 3 27 2 3 0 0 2 2 4 238 3 3 1 5 5 58 3 3 4 7 3 8 1 1 0 0 3 15 1 1 3 24 3 3 0 0 2 3 3 35 2 2 
4 9 1 6 4 18 2 53 3 6 3 21 4 19 3 13 4 44 1 1 5 16 0 0 6 14 3 1223 2 2 2 2 3 3 4 31 2 26 2 8 4 5 1 2 2 2 1 1 0 0 1 2 0 0 2 2 1 1 0 0 2 65 0 0 
1 1 1 1 4 22 1 5 3 11 2 12 2 29 0 0 1 10 3 20 1 7 2 2 2 31 2 2 2 19 3 3 6 7 1 1 0 0 2 26 2 13 0 0 3 6 1 1 3 6 1 1 5 23 4 9 1 1 3 33 3 7 3 8 
1 6 4 11 0 0 2 14 1 1 2 4 4 9 2 3 1 1 1 1 4 176 4 30 2 34 2 3 0 0 1 1 1 1 7 58 1 1 2 35 1 1 2 7 0 0 1 6 3 4 2 11 2 2 3 9 4 4 2 2 5 36 1 1 
1 1 4 51 1 5280 2 2 3 8 3 6 2 31 0 0 1 1 4 4 6 24 2 33 4 9 2 197 2 125 0 0 3 3 1 1 2 16 4 76 4 5 0 0 3 6 6 19 3 3 1 5 2 2 1 1 3 6 3 11 3 3 1 5 
2 43 0 0 2 9 3 512 3 3 4 9 0 0 3 11 3 61 2 8 3 8 0 0 4 11 2 65 4 27 1 7 4 30 0 0 4 6 4 35 2 36 3 7 1 1 0 0 1 1 2 2 3 3 2 45 4 12 2 4 3 26 4 5 
1 2 3 16 2 26 4 6 1 10 1 1 5 7 1 3 2 4 3 3 1 2 1 1 0 0 3 41 2 2 0 0 0 0 4 8 0 0 5 42 3 5 2 15 2 2 2 6 2 10 2 5 1 8 3 18 4 5 2 10 2 4 4 5 
1 2 0 0 3 7 1 37 0 0 1 41 3 33 7 10 1 1 3 14 6 16 2 10 2 9 3 32 2 2 1 3 3 3 2 3 2 2 1 15 3 10 1 1 0 0 1 1 1 4 5 64 1 1 3 4 1 1 3 3 5 31 2 2 
3 5 1 3 3 287 1 6 3 24 3 835 3 6 3 12 3 15 2 4 4 6 5 42 1 3 2 2 1 1 1 1 2 12 1 18 3 18 2 3 3 13 4 5 2 3 2 2 1 1 2 2 6 144 1 1 2 4 2 8 2 4 4 13 
0 0 3 7 3 10 1 1 1 1 4 30 2 3 1 1 2 2 1 3 4 14 2 5 1 1 2 7 1 2 4 6 2 13 1 1 3 3 4 7 3 14 3 5 3 11 1 1 0 0 3 27 1 1 0 0 0 0 3 4 2 2 1 349 
2 2 0 0 1 2 1 79 4 4 2 97 2 2 1 11 0 0 2 3 1 2 0 0 3 3 0 0 1 1 1 1 4 7 3 4 4 66 2 3 2 100 4 23 1 1 2 23 5 17 1 10 1 1 4 11 0 0 1 1 2 30 4 9 
3 25 5 15 2 4 0 0 2 2 3 40 1 1 3 141 3 9 2 2 3 8 2 2 1 4 0 0 4 59 0 0 2 3 6 22 4 11 1 3 1 17 1 1 1 1 2 3 3 7 4 18 4 11 2 81 1 1 3 3 2 2 2 8 
4 124 2 9 1 1 2 8 4 30 4 5 3 66 1 1 1 19 3 33 1 1 2 16 2 2 5 27 3 27 1 1 4 13 4 31 3 3 4 36 2 19 1 21 2 3 1 2 1 1 3 18 2 3 1 6 1 2 0 0 0 0 2 7 
2 5 1 4 3 12 4 21 2 6 2 144 0 0 2 9 2 53 1 2 4 8 4 24 0 0 2 24 2 7 1 3 1 1 3 13 1 1 2 6 5 8 3 4 0 0 5 18 3 26 3 5 5 376 3 23 0 0 3 13 1 3 3 3 
1 64 2 12 7 94 1 1 2 16 3 7 5 17 0 0 2 2 1 4 3 12 3 9 3 5 2 58 3 357 0 0 1 1 3 4 2 4 4 4 3 11 4 26 2 2 0 0 2 25 1 1 2 2 2 7 1 146 4 34 2 5 3 39 
5 34 0 0 3 8 0 0 3 96 1 1 2 2 2 2 0 0 4 40 0 0 1 2 5 34 1 1 1 1 4 14 1 5 1 67 1 14 1 1 4 16 0 0 0 0 3 13 4 15 1 4 2 5 5 11 2 3 2 10 6 13 4 5 
1 1 1 36 4 11 1 1 2 13 1 24 2 18 0 0 0 0 3 5 1 8 1 4 3 6 0 0 1 1 2 2 3 10 0 0 1 1 5 32 4 9 0 0 5 126 0 0 2 71 2 2 5 23 3 35 2 12 1 11 0 0 1 1 
2 2 4 26 3 11 4 4 4 18 4 34 4 53 0 0 2 2 4 35 1 1 3 7 1 1 3 3 0 0 1 5 3 8 1 1 3 10 5 17 2 7 2 148 2 2 1 9 2 8 1 2 3 21 6 29 0 0 2 47 3 30 1 1 
1 2 0 0 1 1 1 1 1 3 2 13 3 16 4 50 3 28 3 25 0 0 3 3 1 2 3 10 2 3 5 6 1 20 0 0 0 0 1 4 1 1 4 18 4 5 1 17 3 12 2 3 0 0 2 18 4 16 1 1 1 10 2 4 
0 0 3 221 4 12 1 1 0 0 1 1 2 2 2 13 2 6 1 1 1 10 0 0 1 1 3 221 0 0 4 7 3 5 2 4 3 9 2 2 4 13 1 1 4 13 2 3 2 3 2 5 1 1 4 29 0 0 4 12 2 7 2 4 
2 24 1 5 0 0 2 2 1 1 2 3 2 10 1 1 0 0 0 0 1 2 1 1 5 15 1 1 3 4 0 0 1 9 4 12 2 2 5 8 3 3 1 4 2 8 3 4 3 8 3 68 2 21 5 26 3 128 2 40 1 1 2 9 
4 24 4 11 1 1 3 4 3 14 1 1 4 4 3 18 4 30 2 2 1 1 4 43 4 8 0 0 2 7 1 1 5 10 1 2 1 1 1 2 3 3 2 3 5 21 1 1 4 6 1 1 1 1 5 15 1 3 3 16 2 7 1 1 
3 4 4 25 2 23 1 23 2 36 2 71 3 17 4 4 3 7 4 11 1 5 3 19 5 21 3 14 2 5 1 24 3 14 1 1 3 23 2 17 0 0 0 0 2 5 2 8 1 2 1 1 2 3 4 4 4 134 4 120 1 1 2 11 
2 2 5 6 1 1 1 1 1 1 0 0 2 2 1 5 0 0 5 14 1 1 1 3 3 41 3 4 2 10 2 3 1 3 1 1 6 13 3 7 2 32 4 17 0 0 3 36 4 4 1 11 0 0 1 1 5 6 2 2 0 0 2 4 
0 0 2 2 3 4 2 2 2 12 1 2 4 17 1 1 4 9 2 8 1 6 4 8 3 15 2 4 2 2 1 1 1 1 2 3 3 14 2 5 2 7 0 0 3 30 1 1 0 0 2 2 2 9 2 19 4 13 2 3 4 24 1 5 
2 7 0 0 4 14 4 64 1 9 1 1 5 29 1 1 4 5 1 24 2 4 2 2 2 30 3 15 1 59 2 2 3 17 2 3 3 23 2 2 2 8 3 309 7 33 2 3 0 0 1 4 4 28 2 5 5 5 3 9 5 24 2 3 
2 16 5 8 1 5 3 13 1 1 4 4 3 413 3 12 4 28 2 25 0 0 0 0 2 2 2 4 3 72 4 19 0 0 2 18 1 2 3 3 1 7 1 9 4 371 3 10 1 1 2 6 0 0 1 1 5 34 1 2 2 2 1 6 
0 0 2 6 3 5 2 9 2 4 2 65 3 39 6 12 2 2 0 0 1 1 2 537 2 3 0 0 0 0 4 5 2 51 1 1 4 13 1 1 3 41 3 70 2 3 4 10 3 3 2 2 5 5 1 5 3 23 1 1 1 3 1 2 
3 18 0 0 2 3 0 0 1 1 4 15 0 0 1 1 4 10 3 10 0 0 3 6 2 5 1 1 2 11 3 3 3 18 3 3 2 16 1 1 1 6 2 18 3 3 3 8 3 82 4 7 5 9 3 17 1 1 3 41 2 8 1 5 
1 2 3 17 5 28 3 3 1 2 2 7 1 12 0 0 2 3 4 367 1 1 5 17 0 0 2 16 1 1 3 8 2 27 2 5 3 3 0 0 5 10 4 4 4 58 3 6 1 1 1 1 1 1 4 68 1 5 1 2 1 1 2 2 
0 0 1 1 0 0 1 6 0 0 2 4 2 2 1 48 3 43 1 5 3 12 1 10 3 3 1 5 4 51 2 3 4 51 5 5 2 89 3 25 1 1 3 4 4 19 2 5 1 1 0 0 1 18 2 5 1 1 2 3 0 0 4 12 
2 11 2 6 1 1 2 12 7 48 2 2 2 26 3 3 1 1 1 1 3 213 3 18 3 3 2 19 5 6 2 13 1 4 3 7 1 1 2 11 2 6 0 0 1 1 1 1 3 3 2 2 1 1 2 2 1 1 0 0 3 6 0 0 
1 3 2 11 1 1 1 1 1 12 0 0 2 19 0 0 5 23 4 12 4 4 1 1 3 15 1 9 4 15 3 7 1 2 4 5 1 1 1 1 3 7 1 3 3 8 1 1 0 0 2 3 4 6 1 53 4 5 0 0 2 10 1 5 
2 2 2 3 3 67 2 9 0 0 0 0 6 38 3 9 0 0 1 3 1 2 1 8 2 5 0 0 1 17 1 1 4 10 3 23 6 323 0 0 1 1 4 136 1 7 2 4 2 4 4 11 4 15 3 25 1 2 1 6 2 12 0 0 
0 0 1 5 1 3 3 5 1 1 3 10 6 12 2 2 1 2 5 8 3 14 1 1 1 5 4 22 2 17 0 0 4 7 1 3 1 1 2 3 3 8 2 2 1 59 3 3 1 4 6 23 2 14 2 2 3 43 1 2 2 2 5 7 
5 22 4 7 2 12 1 1 1 6 1 1 2 7 1 1 5 27 3 5 8 34 2 6 1 2 5 23 3 9 2 29 1 1 2 3 0 0 1 2 2 63 0 0 0 0 5 20 2 8 0 0 3 5 1 1 2 4 5 5 1 1 2 3 
2 2 4 28 2 9 0 0 5 6 3 7 7 11 3 4 1 1 3 4 1 4 0 0 1 1 4 38 2 2 3 3 2 2 2 2 8 20 1 1 1 1 2 8 2 10 2 5 4 24 3 5 1 7 1 10 2 4 2 20 2 12 1 1 
3 7 2 51 2 4 0 0 0 0 2 9 3 6 1 1 1 2 2 2 4 13 1 4 1 1 0 0 1 1 5 9 0 0 2 5 1 8 0 0 0 0 0 0 1 2 2 2 2 5 1 1 1 3 1 1 3 4 0 0 2 8 3 4 
1 1 1 1 2 9 3 9 2 4 1 345 3 8 2 14 3 5 1 2 3 8 4 23 5 11 4 120 1 6 2 2 1 5 1 1 2 7 1 1 2 4 4 13 3 7 2 2 0 0 3 14 4 10 3 5 1 20 1 2 3 127 2 2 
0 0 1 4 1 2 4 16 1 5 1 1 2 8 2 6 0 0 5 35 3 24 6 69 0 0 1 1 3 21 3 20 2 4 0 0 0 0 4 17 3 24 2 8 1 4 2 37 3 5 3 13 2 9 2 2 0 0 1 3 2 5 3 3 
1 1 3 20 2 6 2 10 1 1 2 3 5 7 0 0 4 4 1 3 3 5 0 0 2 2 4 4 3 9 1 1 2 11 1 71 2 2 0 0 1 9 1 1 1 1 0 0 1 1 3 21 1 1 3 7 3 5 2 2 2 2 1 1 
4 117 3 7 2 4 2 2 2 10 2 30 3 3 3 6 2 5 2 11 0 0 4 22 0 0 2 5 1 2 2 2 1 1 3 16 1 4 3 20 3 5 2 2 1 1 1 1 2 45 2 7 3 18 2 7 3 21 2 14 5 8 4 11 
2 2 0 0 2 2 2 3 2 10 3 14 1 1 2 9 1 1 2 10 3 14 2 2 3 4 1 6 4 129 3 11 3 5 1 8 1 3 0 0 2 42 2 2 3 13 2 2 4 14 3 18 2 6 2 4 3 3 1 1 5 12 4 11 
4 7 1 1 2 6 2 6 2 27 4 7 1 1 5 7 1 1 2 10 2 5 2 114 2 7 3 3 2 2 0 0 2 10 2 3 0 0 2 3 2 12 2 12 1 22 1 3 5 11 1 1 3 3 1 1 0 0 5 21 3 5 2 17 
3 9 5 6 3 16 1 2 1 1 1 6 2 27 1 1 1 1 0 0 1 3 1 8 2 7 4 11 6 6 2 6 2 2 2 8 3 5 2 2 2 14 3 8 1 968 2 5 1 1 4 161 1 19 3 8 2 3 1 1 3 3 2 7 
4 57 4 20 1 2 1 1 1 208 1 1 2 7 5 18 1 5 3 3 0 0 1 1 2 3 3 5 4 22 4 8 2 3 1 1 4 5 4 35 5 33 0 0 3 6 0 0 0 0 4 5 3 3 4 7 1 1 3 4 2 44 3 10 
3 6 6 37 2 34 5 591 1 1 4 120 3 4 3 18 2 2 2 10 2 2 2 2 3 16 1 5 6 31 2 29 0 0 1 1 0 0 2 2 2 3 3 11 2 3 0 0 1 2 3 3 3 7 3 7 2 9 3 7 2 5 2 5 
3 15 2 2 1 2 1 1 1 1 0 0 2 12 8 29 0 0 4 1110 0 0 3 4 1 5 2 14 2 2 1 1 1 1 1 1 0 0 4 44 2 2 1 3 2 23 2 2 2 3 1 3 1 1 3 15 0 0 3 13 3 6 3 171 
2 2 1 3 2 63 6 8 1 1 7 29 1 1 0 0 1 1 1 54 1 1 2 3 3 9 1 89 7 8 3 21 3 3 2 25 1 1 4 89 1 1 2 2 3 21 2 10 4 41 0 0 2 2 4 20 0 0 1 1 4 11 5 18 
1 1 2 6 2 19 1 2 2 2 3 9 0 0 3 3 2 27 1 3 1 3 3 18 3 14 2 17 5 8 1 189 3 72 3 3 1 6 3 13 2 31 2 2 4 9 1 1 2 3 2 3 2 3 3 3 3 10 0 0 3 52 1 4 
1 1 1 2 0 0 2 2 2 31 1 1 4 7 3 8 2 32 0 0 1 1 0 0 2 3 2 5 3 20 2 2 1 1 1 21 0 0 0 0 5 5 4 35 2 3 3 6 2 2 2 49 2 40 5 13 2 12 4 53 2 2 2 6 
1 3 1 6 3 24 1 6 2 2 1 1 1 2 0 0 1 2 3 4 3 34 3 3 0 0 0 0 2 16 2 6 1 2 1 1 1 2 2 2 5 27 1 1 1 1 3 8 2 6 3 17 2 2 0 0 1 2 2 4 2 2 1 3 
1 1 2 7 1 5 1 1 0 0 3 4 3 5 5 11 1 1 2 2 2 8 0 0 1 16 2 11 2 2 4 13 0 0 0 0 2 3 3 9 2 18 3 15 2 5 3 30 3 3 3 10 3 411 4 17 4 30 5 15 3 20 4 567 
1 1 0 0 4 9 3 33 0 0 3 3 1 4 4 9 2 33 1 4 2 3 3 10 1 2 1 3 3 7 1 3 1 9 1 1 1 1 2 12 6 14 3 3 2 2 1 1 3 11 0 0 1 7 4 35 3 15 1 1 4 6 2 2 
2 4 1 3 4 16 2 9 2 2 1 1 1 1 3 7 3 17 1 12 2 8 2 2 2 7 3 38 1 1 4 9 5 10 0 0 2 7 2 6 3 8 2 2 0 0 2 2 3 14 4 37 0 0 1 1 1 2 0 0 1 14 2 2 
1 1 2 19 2 2 2 4 1 5 0 0 0 0 3 526 2 2 2 11 1 1 2 5 0 0 1 4 2 14 2 11 0 0 2 26 4 30 5 10 0 0 0 0 2 4 3 6 2 9 0 0 4 43 8 19 2 2 3 51 1 6 0 0 
3 15 0 0 3 17 1 1 1 2 2 10 0 0 4 28 5 8 2 152 1 204 1 1 1 1 2 2 1 1 1 18 0 0 2 2 5 48 3 18 3 21 2 2 2 2 1 24 2 5 3 3 1 2 1 1 5 9 2 52 0 0 1 1 
2 2 0 0 5 9 1 16 0 0 0 0 2 9 7 21 1 5 4 9 4 14 0 0 3 3 2 2 3 14 1 1 0 0 2 3 1 2 4 9 1 1 4 4 4 380 5 18 4 117 2 2 2 173 0 0 3 78 2 27 2 111 2 13 
0 0 1 1 0 0 1 6 2 8 2 2 1 1 1 1 1 3 0 0 1 2 1 1 3 4 0 0 0 0 4 8 3 6 2 2 1 1 2 3 2 2 2 24 5 11 4 57 0 0 1 1 3 7 2 263 1 1 3 3 2 6 3 20 
6 7 1 1 0 0 3 13 1 9 1 1 0 0 2 2 1 1 1 3 0 0 1 4 2 2 2 6 0 0 1 173 1 6 2 13 2 4 1 3 6 14 3 6 1 1 2 3 2 6 1 1 2 2 3 23 3 3 0 0 0 0 2 2 
4 492 1 1 3 11 1 3 0 0 1 14 4 13 1 2 2 3 1 2 1 20 3 73 5 46 0 0 7 67 0 0 2 25 2 3 0 0 3 151 2 7 1 5 5 164 3 23 1 1 2 2 2 2 2 2 3 18 2 10 1 1 2 2 
2 13 1 2 1 1 4 377 1 1 2 17 2 7 3 4 3 1481 3 3 2 21 3 196 2 66 3 3 3 8 1 1 3 3 0 0 3 3 2 18 5 17 2 2 0 0 2 2 2 7 3 5 3 16 1 1 2 5 2 5 2 2 6 56 
3 247 4 42 0 0 1 1 4 5 3 41 3 3 3 15 1 2 3 31 1 6 2 2 0 0 3 6 3 8 2 4 0 0 4 31 4 8 0 0 1 8 2 2 7 66 1 1 4 50 1 1 2 5 3 22 5 18 4 4 3 4 2 3 
1 1 4 14 0 0 4 270 1 1 7 78 2 6 3 7 1 1 3 9 1 3 2 19 2 2 4 12 1 1 2 2 2 12 0 0 4 4 1 26 6 46 1 1 1 1 2 9 1 1 1 6 1 1 1 3 3 6 1 37 1 2 0 0 
1 1 3 3 1 2 0 0 5 14 4 47 1 1 2 34 2 8 4 10 2 3 5 14 4 139 1 2 0 0 2 153 3 3 0 0 5 12 1 1 1 1 2 5 2 11 0 0 2 14 3 3 2 27 5 9 4 36 3 43 3 24 1 1 
4 9 1 2 4 26 3 16 3 4 2 6 1 1 5 86 2 9 1 9 2 5 1 1 1 7 2 11 1 1 2 2 2 6 2 8 2 9 3 7 2 10 2 3 1 1 1 1 3 17 2 273 2 4 5 8 0 0 5 10 0 0 3 4 
4 20 0 0 2 3 1 2 6 242 5 16 0 0 2 2 5 18 1 1 2 3 2 2 1 1 2 12 3 8 4 13 3 118 4 21 7 49 1 1 4 8 1 5 1 1 2 7 1 4 1 1 4 8 1 2 2 2 4 10 2 2 1 5 
1 6 3 16 2 2 2 8 6 35 0 0 0 0 0 0 1 1 2 8 0 0 3 3 0 0 2 3 2 8 2 2 4 16 1 5 3 5 1 8 0 0 3 17 3 19 1 5 1 1 3 6 1 7 1 1 1 1 1 1 3 15 2 13 
0 0 0 0 3 49 1 1 2 24 2 12 1 8 2 2 0 0 2 4 5 12 4 9 1 1 4 13 1 1 1 1 7 22 7 72 2 21 1 1 2 3 3 9 4 23 2 2 4 5 4 9 2 2 0 0 2 26 2 7 1 2 5 5 
2 6 0 0 2 91 2 7 3 4 5 117 3 25 3 17 0 0 3 4 2 11 1 9 3 3 2 3 2 2 0 0 1 1 1 2 2 2 3 4 3 10 5 99 2 14 6 58 1 3 2 4 2 40 1 23 2 3 2 2 2 2 1 4 
3 25 4 7 2 2 3 4 1 1 1 21 3 7 3 13 2 9 2 7 0 0 1 1 2 10 0 0 2 2 1 28 1 1 1 1 1 1 3 6 0 0 2 27 0 0 2 5 1 1 4 27 2 2 2 8 5 5 8 24 2 2 1 1 
2 5 0 0 2 4 5 27 3 10 4 48 1 4 3 51 2 4 4 223 3 21 1 1 2 8 1 6 2 12 1 1 2 51 0 0 4 17 3 4 2 12 4 4 3 25 3 8 5 17 1 1 0 0 2 7 5 32 1 3 3 18 0 0 
1 1 2 32 4 8 3 4 2 2 4 9 1 1 3 5 3 33 3 6 1 1 3 29 5 34 3 3 2 5 3 4 3 4 2 52 0 0 2 54 1 3 2 5 2 2 1 1 4 14 0 0 1 2 4 275 1 14 6 11 2 2 3 27 
3 8 3 3 1 1 2 18 5 5 3 52 1 1 1 1 2 5 3 26 2 2 3 8 2 3 2 28 2 4 1 2 2 48 1 2 4 4 2 17 4 5 2 3 4 14 6 9 5 14 3 122 1 1 3 4 4 22 2 5 0 0 4 9 
2 33 2 3 2 11 1 1 3 12 2 2 0 0 5 13 4 23 2 2 1 1 7 53 4 35 3 4 2 2 2 5 3 15 1 13 3 15 0 0 1 1 2 115 1 11 2 66 1 1 2 8 0 0 1 9 4 16 0 0 1 3 1 6 
1 3 1 1 0 0 3 3 3 7 0 0 1 6 2 2 3 8 2 2 3 5 1 5 0 0 2 34 0 0 1 5 2 3 3 4 2 102 4 90 2 4 1 19 2 5 2 3 3 6 3 14 1 1 0 0 3 3 1 1 2 5 0 0 
1 1 2 2420 0 0 3 37 5 6 1 1 1 2 1 1 1 1 2 6 4 14 5 8 3 347 4 33 4 15 3 4 0 0 1 1 2 7 3 9 1 1 3 8 3 5 2 3 0 0 5 15 4 13 5 39 1 1 0 0 4 33 3 9 
3 11 0 0 3 20 2 2 0 0 1 6 2 4 3 33 3 3 2 5 1 4 1 8 0 0 2 2 2 2 3 3 2 6 6 11 4 6 2 4 2 34 2 2 4 92 3 3 4 11 3 3 2 3 2 4 1 1 3 42 0 0 2 8 
5 38 4 5 2 4 4 18 3 52 3 22 1 1 4 24 2 2 2 2 1 1 1 1 4 9 3 3 5 19 1 1 0 0 0 0 2 4 5 29 1 1 4 15 3 7 1 3 3 7 0 0 4 7 0 0 1 3 3 4 3 17 3 27 
2 4 4 118 0 0 1 2 3 6 3 5 2 2 1 1 2 6 0 0 3 13 2 61 3 12 1 2 0 0 0 0 4 9 2 2 3 7 3 11 0 0 1 6 3 11 0 0 5 16 2 4 0 0 2 3 0 0 3 3 2 4 0 0 
1 5 0 0 0 0 2 77 2 742 5 14 2 2 2 3 4 10 3 21 4 7 6 60 1 13 0 0 3 4 1 56 1 1 2 4 1 3 3 7 0 0 3 16 2 17 2 6 2 3 0 0 1 3 3 5 1 1 1 1 0 0 2 2 
3 7 5 9 5 508 2 2 1 3 1 8 1 2 0 0 0 0 3 6 3 12 2 6 0 0 0 0 4 4 1 1 6 18 1 5 4 10 6 100 2 5 3 32 3 4 3 5 6 76 2 2 0 0 3 10 2 2 4 55 4 4 1 5 
4 19 2 3 3 4 3 8 0 0 4 16 3 8 0 0 2 22 0 0 1 1 1 1 3 8 3 7 1 5 2 7 3 11 0 0 2 2 3 15 1 1 2 21 0 0 1 1 3 12 1 4 1 1 4 30 1 20 1 10 2 5 2 2 
6 22 1 1 4 31 0 0 3 251 1 1 3 7 2 17 2 2 1 1 1 3 3 18 3 3 3 3 2 5 0 0 4 10 3 35 2 2 2 15 1 1 1 4 1 1 1 2 2 7 2 7 3 4 2 7 3 207 3 13 3 10 3 27 
5 16 2 93 1 1 5 5 3 21 3 5 3 6 2 4 4 32 1 6 3 4 2 5 1 1 1 2 3 14 3 42 0 0 6 54 0 0 2 8 3 8 3 4 2 30 2 2 2 36 3 11 6 173 0 0 2 169 2 2 5 10 2 2 
2 91 0 0 5 16 1 1 2 7 1 61 1 8 0 0 1 7 4 25 1 1 3 18 2 15 1 1 2 35 4 11 4 21 2 3 2 13 4 6 6 49 5 44 4 8 3 12 2 36 3 11 3 55 1 1 2 11 3 39 3 4 3 25 
2 2 0 0 0 0 0 0 1 2 3 24 1 1 3 64 2 7 5 17 2 2 0 0 3 6 3 32 1 5 1 1 3 5 3 13 4 26 0 0 1 6 5 33 3 11 3 4 3 12 3 31 1 1 3 4 4 12 0 0 2 3 2 21 
2 2 2 2 2 5 0 0 1 3 2 8 2 2 3 8 1 1 0 0 4 12 2 12 5 35 2 5 3 261 2 4 4 7 2 10 0 0 4 14 1 2 2 11 1 1 2 6 2 3 0 0 4 5 2 3 0 0 1 31 4 6 1 2 
2 2 3 25 5 10 2 6 1 3 5 55 3 21 1 13 4 26 2 21 4 12 4 7 4 68 2 2 2 2 3 16 1 6 2 5 1 1 1 1 0 0 1 1 2 2 1 1 1 6 5 12 3 9 3 4 4 19 0 0 3 10 4 11 
2 2 2 23 4 9 1 1 1 1 2 3 5 6 3 8 4 5 1 1 3 22 1 1 4 6 2 2 1 6 1 3 1 6 1 1 2 5 2 74 3 115 1 1 1 1 3 22 1 1 3 11 1 1 1 2 1 1 1 1 1 1 1 3 
4 25 1 1 2 1458 2 2 1 1 1 1 2 3 3 10 1 2 3 27 0 0 1 12 1 7 1 2 6 19 3 219 0 0 1 1 1 1 1 11 2 84 2 11 2 7 5 36 4 51 1 1 2 2 1 1 2 28 1 1 1 1 6 16 
6 12 3 5 0 0 0 0 3 35 1 3 4 7 1 1 2 19 2 23 2 2 6 38 1 1 1 1 2 2 3 5 2 224 3 9 2 2 2 8 3 12 1 3 5 5 1 1 2 21 2 2 0 0 1 5 4 74 1 1 5 14 4 22 
3 4 3 51 3 5 2 2 2 14 2 2 2 2 2 125 4 4 1 1 3 32 1 2 0 0 7 19 2 189 6 11 2 2 2 5 0 0 4 15 1 6 1 1 2 2 3 5 1 2 1 3 1 21 3 14 1 2 0 0 2 2 0 0 
5 13 1 3 1 1 1 5 3 1038 1 2 2 3 2 13 3 14 1 3 3 3 1 9 3 3 2 17 2 2 1 1 0 0 4 73 2 2 4 21 2 21 1 12 1 1 2 7 0 0 4 15 4 28 1 1 3 10 5 17 4 33 3 18 
3 40 1 5 1 1 1 1 1 2 6 19 3 12 1 31 4 45 1 34 3 30 2 19 0 0 5 19 1 1 2 8 6 13 2 4 2 2 3 1967 1 21 1 97 4 5 2 31 0 0 2 3 3 9 3 32 3 7 3 14 4 13 2 3 
2 3 2 2 2 4 3 11 1 1 1 1 2 10 4 8 2 8 1 1 0 0 1 7 1 1 4 37 1 1 3 3 0 0 2 3 2 2 2 13 1 1 3 5 0 0 3 16 3 3 2 2 1 1 4 4 1 7 2 8 1 1 2 25 
3 162 2 2 3 6 2 7 2 2 4 15 3 27 2 2 2 2 6 33 3 15 8 48 3 6 4 77 2 2 2 2 6 70 1 1 0 0 2 4 2 2 5 25 6 21 0 0 3 4 4 12 1 1 3 14 1 1 1 3 2 65 6 17 
0 0 0 0 0 0 1 51 2 8 2 3 1 1 4 5 1 1 4 4 3 4 1 2 0 0 4 4 3 3 2 18 4 39 3 3 2 16 3 25 3 4 0 0 1 2 3 7 4 17 1 3 2 2 5 15 3 10 3 13 1 2 5 25 
3 7 0 0 2 8 2 2 1 1 1 1 2 7 1 2 1 1 4 10 0 0 3 21 4 6 2 6 1 2 4 16 2 3 2 9 0 0 2 3 5 10 2 12 2 6 4 8 2 2 1 1 3 3 1 1 5 17 2 2 2 9 2 6 
3 91 3 28 1 80 1 1 2 7 0 0 0 0 2 2 5 15 2 10 0 0 1 2 4 11 2 9 0 0 3 45 0 0 2 20 1 30 2 2 3 4 2 4 0 0 1 1 2 4 2 24 1 2 0 0 6 19 1 6 3 13 3 6 
1 8 2 56 3 13 3 26 2 5 1 38 2 2 2 18 1 1 3 7 2 12 1 1 1 1 4 6 0 0 2 9 2 3 1 1 2 3 1 1 0 0 0 0 3 4 0 0 1 1 5 6 2 6 1 1 3 6 3 14 3 7 2 2 
2 5 2 11 4 5 0 0 1 58 2 3 3 10 4 55 2 2 3 8 4 12 2 5 1 1 1 2 3 11 3 8 4 15 4 11 9 22 0 0 1 3 1 1 4 14 3 27 1 2 1 1 0 0 1 1 1 1 2 5 2 15 1 1 
1 1 2 8 2 3 2 6 1 1 2 5 2 12 2 4 6 163 1 1 1 1 5 21 3 24 1 1 1 1 1 1 4 12 1 2 0 0 5 16 2 12 1 24 1 1 0 0 1 1 1 1 2 30 1 1 1 1 1 6 2 3 2 41 
0 0 1 1 3 27 2 8 3 13 0 0 2 2 0 0 2 2 2 8 6 26 1 8 1 9 2 8 1 1 2 5 2 10 1 1 5 10 2 2 0 0 4 9 3 8 3 3 2 17 1 5 2 6 5 23 1 1 4 9 3 8 4 39 
5 24 2 3 1 3 1 1 6 23 0 0 1 5 3 5 0 0 3 7 1 1 3 14 4 112 2 3 1 1 3 3 1 1 2 9 3 10 1 1 0 0 2 22 5 13 2 2 3 6 2 3 2 2 2 2 3 3 2 2 4 21 1 2 
4 10 7 25 1 2 2 2 2 2 7 18 3 3 2 8 5 20 0 0 1 2 6 31 3 7 0 0 1 1 0 0 0 0 1 5 3 4 4 25 4 5 3 15 1 1 1 5 1 1 1 1 2 2 1 67 4 12 3 8 2 2 3 3 
0 0 1 1 0 0 1 4 2 7 2 3 2 7 2 11 2 6 1 1 1 26 4 11 3 20 0 0 2 5 0 0 2 3 2 2 1 7 2 4 4 89 1 1 0 0 3 10 0 0 5 13 6 10 2 10 4 13 2 2 2 20 2 2 
6 37 2 15 1 1 1 1 1 2 4 15 4 35 0 0 6 10 1 1 3 9 1 4 1 41 4 28 3 4 1 1 2 3 4 21 2 2 3 12 2 2 3 4 1 1 4 101 1 2 0 0 2 37 3 7 3 3 2 2 3 7 4 21 
3 8 2 2 2 7 3 56 1 1 4 4 1 3 2 2 3 7 1 1 3 3 2 5 3 7 2 63 4 32 2 2 2 3 2 5 0 0 2 10 1 2 4 36 2 2 1 7 5 33 1 7 2 30 0 0 4 20 4 30 2 15 2 30 
1 8 2 2 2 2 1 1 1 15 3 3 2 3 2 4 1 8 1 3 1 1 2 53 2 2 1 1 2 12 1 12 4 27 1 3 1 1 3 24 1 2 2 14 1 1 3 6 1 9 3 3 1 1 4 37 0 0 3 22 4 19 4 27 
1 1 0 0 0 0 4 118 2 2 2 171 0 0 2 4 0 0 2 2 5 18 4 6 0 0 1 1 1 2 1 5 0 0 5 74 4 590 1 6 3 9 1 1 4 5 3 60 1 4 1 1 1 1 4 4 2 23 1 1 1 1 0 0 
1 2 2 6 2 2 4 8 2 3 1 14 3 17 1 48 3 21 2 4 1 1 1 3 3 12 1 16 3 158 3 5 3 13 2 2 5 15 0 0 4 89 6 19 5 9 1 1 1 38 3 8 2 246 1 1 2 3 2 4 4 478 2 38 
1 16 0 0 5 31 1 4 3 7 3 28 1 1 2 4 2 7 1 2 3 20 1 1 1 1 2 10 2 28 2 9 1 1 0 0 3 4 2 4 1 1 4 6 2 9 2 7 1 1 1 1 1 4 2 2 3 1983 2 3 4 70 6 6 
3 12 5 13 2 21 1 2 0 0 1 1 3 4 1 3 2 65 2 9 1 1 1 1 0 0 1 1 2 3 1 1 1 1 3 493 2 6 0 0 3 8 1 17 3 7 1 13 2 6 4 8 2 2 2 2 2 6 2 41 4 5 5 120 
0 0 1 1 3 3 2 14 1 1 2 7 1 6 1 9 4 9 0 0 2 80 0 0 2 11 1 1 4 18 1 1 6 22 1 5 3 27 3 3 1 1 1 5 3 11 0 0 3 149 2 4 2 3 2 4 1 10 3 31 2 3 4 12 
0 0 2 4 5 24 3 23 2 2 2 10 4 7 2 2 1 1 0 0 3 104 2 11 2 16 1 1 6 29 3 10 2 2 1 1 3 20 2 10 4 74 3 17 3 6 1 27 1 2 5 7 5 35 2 15 3 5 2 4 3 57 3 11 
3 26 2 2 2 2 5 18 1 6 5 60 4 12 0 0 2 4 3 15 0 0 4 15 0 0 4 8 2 9 4 21 0 0 0 0 4 4 1 1 0 0 2 8 4 22 0 0 2 11 3 3 1 1 1 3 0 0 2 7 3 5 2 377 
2 14 2 6 2 2 0 0 1 71 3 8 2 2 4 74 3 7 1 1 4 95 3 5 4 62 2 3 5 13 3 24 1 1 1 6 1 3 2 24 2 43 3 9 1 1 7 40 1 10 3 15 4 6 1 97 1 1 3 7 2 6 3 10 
2 12 2 2 1 1 1 2 1 296 4 4 4 6 3 13 5 20 3 4 1 5 2 20 4 11 3 4 0 0 4 21 4 12 3 83 2 3 2 10 3 62 6 132 2 3 6 31 0 0 2 2 0 0 2 4 0 0 5 38 1 4 1 1 
3 16 2 4 3 29 4 51 3 8 2 103 2 2 2 10 1 1 1 23 3 9 2 9 2 98 0 0 3 21 2 24 3 9 0 0 4 26 2 6 2 4 0 0 3 3 2 2 2 4 2 5 5 16 2 3 1 1 5 28 1 1 3 5 
3 4 3 8 4 65 2 12 4 7 1 4 8 17 2 2 4 10 0 0 2 2 1 3 2 18 4 12 4 41 1 10 1 2 1 1 2 112 4 4 3 4 3 6 0 0 4 7 1 1 3 3 3 10 2 2 3 7 3 5 2 6 1 1 
2 2 1 206 0 0 2 2 3 1115 1 1 1 1 1 2 1 1 0 0 1 1 2 4 1 1 2 6 4 8 0 0 3 7 1 1 3 5 4 7 2 214 1 1 4 7 3 6 2 58 1 1 1 2 3 22 4 8 3 7 3 10 5 11 
3 24 0 0 4 4 3 12 2 3 6 50 2 41 4 8 3 3 0 0 2 9 2 7 3 9 3 41 5 30 4 17 2 11 4 11 3 6 2 7 0 0 4 152 0 0 0 0 1 2 3 28 0 0 3 12 0 0 2 41 5 5 1 3 
2 7 1 5 2 39 0 0 2 7 3 15 1 2 3 4 1 9 2 3 1 1 4 5 1 1 2 12 2 2 4 10 1 1 1 1 0 0 3 5 3 171 2 5 3 9 0 0 1 2 5 69 1 1 6 16 2 9 1 2 2 8 3 5 
1 1 2 10 1 2 1 1 1 2 2 23 6 15 2 2 1 2 1 1 2 3 1 1 1 1 3 232 0 0 1 2 0 0 0 0 1 2 1 1 2 5 4 12 2 2 2 4 0 0 2 14 1 4 1 1 0 0 2 13 4 15 1 29 
5 59 0 0 1 1 4 5 2 132 4 112 3 3 2 2 1 2 2 11 2 4 1 5 2 19 1 14 2 2 3 10 2 2 1 1 5 8 3 9 1 1 3 3 1 1 2 19 1 1 4 18 1 1 2 3 1 7 3 3 4 11 2 7 
2 2 3 8 1 7 1 1 3 7 2 2 2 2 3 4 2 3 1 9 5 132 4 30 3 32 2 9 5 9 3 6 3 3 2 2 1 1 2 3 5 10 3 14 2 7 7 29 2 6 1 1 3 25 2 3 0 0 2 11 1 26 1 2 
1 1 2 3 1 1 3 11 4 4 2 6 1 5 1 9 0 0 5 14 3 8 3 5 4 17 2 31 2 6 4 14 1 1 2 6 2 3 0 0 2 5 0 0 1 1 1 2 3 7 2 527 2 2 4 7 2 29 1 2 1 1 4 7 
1 1 0 0 2 124 4 4 1 1 4 18 2 7 2 2 5 7 5 44 2 2 0 0 6 14 3 61 2 2 2 2 2 4 2 2 6 11 4 13 3 5 2 3 1 2 2 2 1 1 1 1 1 1 2 4 2 10 2 13 2 2 0 0 
5 35 3 31 1 1 3 9 1 3 1 6 2 2 0 0 0 0 2 9 1 1 1 1 4 41 7 45 4 8 1 6 4 20 1 1 4 8 3 12 1 3 2 5 4 5 2 2 0 0 5 37 3 9 4 33 3 3 3 5 3 3 3 3 
2 2 2 3 2 29 1 1 4 4 5 10 1 4 2 2 4 6 3 17 1 1 1 1 1 7 6 22 4 41 0 0 2 2 1 1 2 2 2 11 4 14 2 4 0 0 1 1 5 5 1 1 4 9 2 19 2 15 4 32 2 4 3 8 
2 3 4 27 4 4 2 8 3 48 1 1 4 39 5 7 1 2 4 5 4 5 3 6 3 4 2 10 1 1 3 24 0 0 3 13 1 4 0 0 2 3 5 7 1 1 1 5 3 16 3 16 3 3 1 1 3 49 2 2 0 0 2 7 
5 10 7 17 0 0 0 0 0 0 3 16 4 16 1 151 6 10 2 2 3 9 5 21 2 27 0 0 2 2 2 3 3 7 0 0 4 5 2 2 1 1 1 1 2 5 3 26 5 242 2 3 3 22 2 119 3 3 3 19 4 11 2 2 
1 1 2 13 1 1 3 15 1 1 2 14 1 1 0 0 1 1 1 1 1 1 2 16 3 7 2 2 5 171 3 42 3 7 2 2 1 2 3 8 1 4 2 2 0 0 4 17 2 20 2 21 5 42 1 1 3 6 3 67 8 18 4 10 
0 0 2 2 1 5 1 1 3 11 2 10 1 3 1 2 1 12 1 1 3 22 1 3 4 4 2 2 1 1 2 7 3 12 0 0 3 3 4 5 1 1 2 3 5 14 3 3 0 0 3 307 2 126 2 8 3 8 3 16 3 28 0 0 
1 1 4 8 2 5 3 4 2 2 0 0 0 0 3 12 1 2 2 3 0 0 2 3 1 1 2 25 4 10 2 2 1 3 4 121 4 9 2 2 1 2 1 2 4 13 1 1 4 5 1 1 5 14 4 14 1 1 2 2 4 6 3 18 
3 27 5 9 1 1 0 0 0 0 1 1 2 4 1 4 1 4 2 2 2 3 2 2 3 24 2 3 1 3 3 5 4 13 4 10 0 0 6 102 6 45 0 0 6 6 3 9 2 5 1 1 0 0 1 5 0 0 3 7 0 0 3 29 
0 0 2 2 2 2 3 4 3 3 5 7 2 2 0 0 1 1 2 6 2 10 2 2 6 37 1 11 1 1 2 3 3 4 1 1 3 3 3 3 1 1 0 0 1 25 2 7 0 0 4 428 1 1 3 14 0 0 0 0 2 5 1 11 
0 0 2 19 1 1 2 2 0 0 2 21 6 45 3 6 1 1 1 1 2 2 4 52 2 4 1 16 1 7 3 5 4 43 1 2 0 0 0 0 5 19 1 1 1 2 4 17 2 14 1 7 2 3 0 0 2 2 1 31 1 1 1 28 
1 1 0 0 3 7 3 19 1 6 1 10 2 3 1 1 1 1 1 4 3 6 1 8 4 9 1 1 2 2 4 9 1 4 4 19 2 2 3 24 3 12 2 2 2 10 2 2 3 8 5 20 1 4 1 1 2 72 4 7 1 45 2 2 
4 11 2 2 2 8 1 218 0 0 0 0 1 1 2 2 2 5 3 3 2 2 0 0 3 3 2 5 3 7 2 2 2 9 3 13 3 8 3 5 2 10 4 10 2 89 2 8 0 0 2 20 0 0 2 2 0 0 3 4 2 8 4 5 
3 5 2 6 2 13 1 44 1 15 1 1 4 47 0 0 3 5 2 2 0 0 2 8 2 2 2 13 2 2 3 3 1 1 4 34 2 2 1 3 3 17 4 5 3 3 2 118 0 0 3 21 4 9 3 71 3 3 2 2 1 1 2 27 
1 1 0 0 3 8 1 1 2 4 2 11 3 5 2 5 2 18 1 1 1 1 1 24 0 0 2 2 0 0 3 10 0 0 2 9 2 189 3 3 1 1 3 3 2 6 4 10 7 13 0 0 2 2 3 61 0 0 3 19 4 11 2 2 
3 7 5 10 4 26 1 1 3 9 1 1 3 6 2 13 0 0 4 14 5 13 2 9 1 429 4 41 3 12 1 3 2 8 1 4 0 0 4 13 4 6 1 1 1 1 0 0 1 3 4 33 2 3 6 71 0 0 0 0 2 4 2 2 
2 2 1 4 5 11 2 3 3 17 2 2 0 0 3 5 0 0 5 19 2 2 5 14 1 1 2 2 1 2 0 0 4 7 1 123 1 1 3 7 2 2 4 38 0 0 1 3 1 1 2 6 3 503 3 34 4 585 1 1 1 5 3 78 
1 1 1 1 4 357 6 31 4 29 1 1 0 0 2 2 1 1 1 3 3 5 0 0 0 0 6 62 2 2 0 0 4 15 0 0 3 331 2 2 4 22 3 3 2 2 3 3 1 2 3 7 2 11 2 7 4 5 4 35 2 21 2 7 
1 2 1 1 2 5 0 0 4 15 1 6 4 19 1 2 0 0 3 39 1 4 1 28 1 6 5 96 2 5 1 1 0 0 3 3 5 13 2 27 3 3 2 3 1 8 1 1 0 0 3 111 2 2 2 2 7 14 0 0 2 32 1 4 
0 0 1 1 4 12 2 11 1 2 2 4 3 6 1 1 0 0 4 293 3 67 2 33 4 9 1 24 1 1 5 13 0 0 0 0 6 19 4 15 1 1 3 11 4 29 2 24 2 2 1 1 2 2 0 0 4 29 3 49 3 5 2 4 
2 3 2 2 4 14 4 5 3 3 2 2 6 24 3 17 2 2 0 0 4 131 2 16 1 8 2 6 3 16 2 2 2 8 1 1 3 4 2 2 4 12 2 2 4 5 0 0 3 4 1 4 0 0 1 1 1 6 0 0 5 23 4 12 
4 10 1 1 3 4 1 1 2 3 0 0 2 3 3 4 0 0 2 21 0 0 3 79 1 6 2 3 1 7 3 57 2 3 5 10 1 14 2 2 4 8 0 0 2 2 1 1 2 69 2 15 3 6 3 10 1 1 1 10 3 73 2 14 
3 89 5 16 1 1 2 142 2 6 1 9 0 0 1 3 2 4 2 7 0 0 2 11 0 0 3 3 3 13 1 1 4 6 2 2 2 6 0 0 0 0 4 10 1 2 3 8 0 0 1 2 2 4 1 10 3 11 2 2 3 7 1 1 
0 0 0 0 4 7 6 9 5 29 4 16 2 15 1 3 1 10 2 2 3 3 6 28 1 6 2 4 3 13 1 1 3 4 3 6 5 11 1 46 2 9 2 11 1 1 4 12 2 42 0 0 1 1 0 0 0 0 1 1 3 11 3 20 
2 3 4 4 2 6 2 5 2 9 1 1 1 1 5 12 3 15 1 47 2 5 3 49 2 2 2 2 2 7 2 3 2 5 0 0 5 37 7 49 1 5 4 48 4 76 2 12 5 13 2 16 6 20 4 22 4 9 0 0 5 13 0 0 
3 8 0 0 2 2 1 1 3 3 3 12 1 1 2 74 1 1 3 6 1 1 4 125 4 18 1 2 6 18 3 60 1 1 5 6 2 5 3 3 4 27 2 5 4 4 1 6 3 18 2 8 5 30 3 18 2 3 0 0 1 1 1 80 
2 2 2 26 3 32 1 1 0 0 2 8 2 2 1 3 3 6 3 8 1 1 1 1 2 13 6 23 2 3 5 14 1 8 2 4 5 7 3 15 0 0 1 1 0 0 3 3 1 1 5 5 3 11 2 3 1 519 5 8 2 2 0 0 
0 0 1 2 2 4 4 5 0 0 1 4 2 3 2 3 3 13 3 3 0 0 2 4 6 27 4 22 3 4 0 0 6 25 2 47 1 1 3 18 6 26 5 55 2 8 0 0 1 1 0 0 4 728 1 1 1 1 3 121 1 1 2 3 
1 1 1 1 4 47 0 0 0 0 5 26 0 0 1 1 0 0 2 7 0 0 3 3 3 3 3 6 1 1 2 2 3 26 0 0 1 1 1 5 2 7 2 25 4 36 3 24 3 6 1 2 1 1 1 3 2 3 2 4 1 2 4 18 
1 1 1 5 4 53 1 1 2 9 3 3 0 0 1 6 3 3 2 3 1 2 0 0 3 89 2 7 2 54 1 1 2 3 3 8 1 16 2 4 6 29 1 1 1 1 1 2 0 0 3 211 4 9 1 1 1 9 5 10 2 6 2 3 
3 5 1 1 1 3 0 0 1 1 5 23 2 2 3 7 2 15 5 17 2 9 2 5 0 0 1 1 3 50 1 4 0 0 2 27 0 0 3 29 6 29 3 15 0 0 0 0 3 3 1 3 1 1 0 0 1 10 4 7 2 12 2 7 
3 39 2 2 1 41 2 2 2 5 3 32 3 10 1 1 2 16 1 80 3 3 0 0 0 0 5 11 1 8 1 1 0 0 3 11 2 2 3 6 2 7 2 3 4 26 0 0 0 0 1 1 0 0 1 2 2 3 2 16 1 19 1 2 
5 9 1 4 5 56 1 5 1 4 0 0 0 0 2 2 4 7 0 0 1 1 1 5 3 19 2 2 2 4 4 25 3 52 2 4 4 82 3 2605 0 0 3 5 0 0 3 6 0 0 3 232 1 1 1 1 2 5 3 13 3 4 2 67 
4 11 2 6 2 7 1 1 2 231 0 0 2 2 1 27 6 81 3 4 2 7 0 0 0 0 3 14 5 58 3 27 3 42 1 2 2 2 2 2 3 3 2 2 1 1 2 2 1 3 1 2 4 357 4 30 2 6 3 7 0 0 2 2 
0 0 5 34 3 9 3 25 2 48 1 3 1 1 0 0 4 9 2 3 2 6 2 9 2 3 1 2 2 6 5 16 2 2 1 1 3 33 2 5 5 49 2 2 0 0 2 2 1 1 1 1 2 7 3 6 1 1 3 5 3 9 4 14 
7 39 1 1 3 6 4 13 2 6 0 0 3 17 1 1 2 8 3 7 1 1 3 13 1 8 0 0 6 19 3 6 3 24 3 3 1 1 2 3 1 1 2 69 3 11 1 7 4 22 5 28 0 0 2 47 3 11 3 51 0 0 1 8 
3 10 7 27 1 2 2 179 1 2 1 1 4 19 1 2 1 9 2 17 2 3 2 9 2 13 2 10 2 411 2 4 4 51 1 1 0 0 2 6 5 29 2 23 3 24 2 2 0 0 3 3 2 3 1 1 2 21 1 1 1 24 2 5 
0 0 0 0 6 14 2 2 0 0 3 13 3 5 2 2 3 12 1 2 1 54 3 4 2 8 2 4 1 1 1 1 3 12 0 0 0 0 2 2 1 1 1 72 3 8 3 37 2 2 5 65 1 7 3 10 1 3 3 15 4 42 0 0 
0 0 4 22 5 7 1 1 3 95 3 8 1 2 4 6 4 6 2 3 0 0 3 7 1 1 2 8 3 10 4 10 2 11 0 0 4 74 3 28 1 1 4 5 5 8 1 1 5 32 2 15 1 2 0 0 0 0 3 4 0 0 4 25 
2 7 2 2 2 6 3 11 4 9 0 0 3 78 3 4 2 4 4 25 2 6 0 0 2 3 0 0 4 115 0 0 1 3 4 5 1 1 1 1 3 4 4 36 1 2 2 1461 0 0 1 1 2 4 1 1 3 39 1 1 1 2 2 10 
2 2 2 3 1 1 2 7 1 1 3 7 0 0 1 1 3 14 0 0 1 1 2 7 1 1 2 48 2 27 4 112 3 3 2 19 1 3 1 4 1 5 3 107 4 5 3 14 0 0 2 27 2 2 3 13 5 10 4 18 1 1 1 45 
3 6 2 2 3 317 3 5 1 1 1 2 1 4 1 1 5 23 3 16 1 2 1 3 1 2 3 46 3 236 2 5 4 9 1 1 0 0 3 5 0 0 2 11 3 3 2 3 1 1 1 1 6 22 2 9 2 3 3 4 3 3 3 6 
0 0 1 1 0 0 2 5 3 14 5 30 1 4 4 63 2 2 4 468 1 2 0 0 3 13 2 7 2 2 1 1 2 151 5 11 1 1 2 14 3 5 1 5 4 17 4 10 3 52 2 129 1 4 5 9 1 1 2 2 1 13 1 7 
3 6 2 9 1 170 3 12 0 0 4 15 0 0 6 70 0 0 1 2 2 4 0 0 2 2 2 8 2 2 4 9 1 66 0 0 2 16 0 0 3 4 7 21 1 4 3 21 1 1 3 33 1 1 2 2 4 16 0 0 1 1 7 33 
2 2 3 13 2 10 6 57 1 1 1 2 0 0 2 2 3 5 3 4 2 5 2 3 2 15 2 41 1 6 0 0 2 3 0 0 3 3 1 16 3 7 2 37 0 0 4 12 3 86 2 3 2 9 2 6 2 3 4 13 4 28 5 482 
1 3 3 6 0 0 3 8 2 20 2 3 1 6 2 6 3 5 2 10 3 3 3 10 2 2 1 34 5 16 2 5 3 3 2 6 3 7 0 0 1 5 4 14 0 0 2 8 2 22 2 4 2 4 2 2 1 3 1 1 1 1 2 9 
0 0 2 8 5 14 2 8 1 4 1 2 1 1 2 8 3 4 2 17 2 2 2 3 1 1 1 2 3 52 1 3 4 37 4 6 3 4 0 0 2 4 2 2 8 13 2 2 4 9 5 10 1 3 4 9 3 11 1 40 3 5 0 0 
4 4 2 2 2 7 3 7 2 3 1 1 2 5 2 2 4 6 0 0 5 5 3 409 0 0 2 19 2 17 3 3 0 0 2 5 1 1 3 28 0 0 3 7 1 1 3 16 1 9 3 15 1 1 4 28 0 0 2 4 3 18 2 15 
1 1 2 2 2 3 4 15 1 7 3 5 2 8 2 2 0 0 3 3 4 14 2 27 3 5 4 254 3 91 1 1 1 1 4 72 4 6 2 7 2 6 1 1 1 2 2 24 2 3 1 1 1 3 4 232 2 33 2 7 6 8 3 4 
2 49 3 6 2 8 2 2 2 3 1 1 3 24 4 13 1 1 3 3 3 5 2 18 0 0 3 9 3 9 4 16 1 1 1 1 1 1 2 4 4 18 1 1 1 4 4 9 2 4 4 9 3 115 6 7 1 1 4 11 3 8 2 3 
1 1 3 12 3 22 1 4 1 1 3 7 1 1 4 9 3 23 2 33 0 0 0 0 2 2 1 3 4 13 3 121 3 77 0 0 2 7 7 17 1 7 1 1 2 6 1 1 4 131 4 19 1 9 4 25 1 1 3 5 2 5 2 6 
1 1 2 28 2 10 2 5 2 6 2 8 1 1 0 0 0 0 2 4 4 8 1 1 0 0 1 1 4 53 2 7 3 31 1 1 1 3 2 2 3 3 2 4 3 4 2 3 3 10 2 10 3 11 0 0 1 1 2 2 0 0 4 84 
2 19 2 3 2 37 2 3 2 16 2 11 4 19 1 2 3 5 2 13 3 5 3 12 2 8 1 4 2 13 0 0 1 22 6 48 5 76 2 5 3 10 5 16 4 8 2 4 2 6 0 0 3 4 0 0 0 0 4 6 5 12 4 26 
1 1 4 46 3 4 3 20 2 3 3 5 5 262 3 3 3 3 3 7 5 7 1 1 0 0 2 3 3 45 2 3 1 14 2 3 1 1 1 1 1 1 2 6 0 0 2 7 4 34 3 3 1 1 4 5 1 1 1 2 2 2 3 12 
1 1 2 21 2 4 0 0 2 2 1 1 1 5 5 8 0 0 0 0 3 3 1 1 3 19 2 2 4 31 1 2 2 10 1 1 2 4 3 3 3 8 1 1 3 3 2 26 3 21 2 32 4 8 3 7 1 1 3 181 5 6 3 13 
0 0 4 4 2 23 0 0 3 40 2 20 1 1 1 1 2 2 2 2 2 5 1 1 4 4 6 19 1 6 2 12 1 7 3 3 1 3 3 9 2 6 4 19 0 0 4 20 4 58 0 0 5 11 2 25 1 5 3 11 0 0 2 2 
1 3 3 14 1 1 0 0 2 6 3 41 4 9 1 1 4 110 1 1 2 2 3 124 2 29 3 13 4 22 2 2 0 0 1 1 2 3 4 83 1 1 3 4 1 2 3 4 1 1 2 2 6 63 5 24 4 26 1 12 3 19 0 0 
3 3 0 0 0 0 3 3 2 6 2 18 5 100 1 5 1 3 0 0 3 8 1 1 3 6 2 3 0 0 0 0 2 14 1 2 3 9 1 1 4 26 1 2 1 1 1 1 2 6 1 1 2 2 0 0 1 1 3 7 1 1 3 3 
0 0 2 4 1 1 3 5 4 17 0 0 3 55 1 8 1 1 1 1 4 107 3 16 2 4 5 13 1 3 3 4 0 0 3 5 2 3 3 12 1 1 3 27 2 4 1 283 1 1 1 6 2 2 0 0 2 3 2 12 2 31 2 2 
3 4 1 3 3 4 0 0 2 5 5 21 1 1 2 3 2 8 3 6 3 3 1 4 1 13 1 6 1 1 6 17 3 3 2 2 2 4 1 5 1 1 2 7 4 11 1 1 4 74 3 8 1 1 4 23 2 3 1 1 3 84 2 5 
2 3 1 1 5 632 0 0 2 19 2 4 3 10 3 3 1 1 2 3 1 1 0 0 3 63 1 2 0 0 0 0 1 2 5 31 1 1 1 7 2 2 1 2 4 18 1 4 2 2 1 1 2 73 4 11 1 3 3 104 0 0 3 4 
1 2 3 23 3 3 1 1 2 6 3 3 2 2 2 21 5 29 3 6 4 12 1 216 3 30 2 8 2 4 4 14 4 12 2 20 3 8 2 22 0 0 1 1 3 14 3 3 3 3 5 33 1 4 1 8 1 766 2 7 0 0 1 1 
0 0 3 5 3 24 2 9 1 124 1 2 2 20 1 3 2 17 3 67 3 142 1 4 1 2 1 11 3 6 2 7 4 11 1 1 2 2 2 38 2 2 3 3 1 1 0 0 1 8 2 4 1 1 2 5 0 0 7 31 1 1 3 3 
3 4 3 13 3 50 1 4 5 14 1 1 1 2 0 0 1 23 3 4 1 7 0 0 2 2 1 2 2 4 2 20 0 0 1 1 1 1 7 22 1 2 2 3 0 0 3 9 3 23 2 6 1 1 2 9 0 0 1 6 2 26 1 25 
2 5 1 8 1 5 2 2 3 1087 2 4 0 0 3 15 2 13 4 28 2 5 1 1 2 2 4 23 2 5 4 18 4 12 2 11 1 1 2 5 1 5 2 8 2 2 3 7 1 12 4 22 1 3 1 7 3 19 0 0 3 22 3 39 
4 20 1 2 0 0 1 1 3 7 4 37 4 4 3 9 2 4 0 0 4 21 3 11 3 9 2 3 3 7 2 15 2 11 0 0 1 14 1 1 2 16 4 11 4 17 4 38 2 29 1 1 1 332 4 4 1 1 3 6 3 5 4 11 
2 7 0 0 3 125 3 4 1 4 3 7 1 2 2 5 4 10 2 8 3 9 4 8 7 27 2 422 2 2 0 0 3 8 2 6 2 16 4 17 1 1 2 18 2 2 2 2 1 1 5 11 1 1 3 6 0 0 4 8 2 2 2 2 
4 41 2 2 1 1 1 3 0 0 2 2 1 4 4 12 2 2 0 0 2 3 4 28 1 1 6 12 2 8 3 5 3 8 5 35 3 3 2 3 3 11 2 17 0 0 0 0 4 124 3 34 1 10 2 5 3 5 2 475 0 0 0 0 
5 9 2 8 0 0 3 6 1 1 2 71 5 12 2 2 1 1 3 8 1 1 2 2 0 0 1 1 2 12 6 48 5 18 5 11 1 1 3 9 3 3 2 7 1 1 1 1 1 1 5 13 3 6 4 8 3 3 0 0 5 27 3 6 
1 2 4 18 2 8 4 8 3 21 0 0 2 2 3 6 0 0 2 6 4 28 1 1 1 1 3 40 2 3 3 6 1 1 2 12 0 0 1 1 6 61 4 6 1 1 2 11 1 1 2 6 0 0 3 4 1 1 4 4 2 5 3 5 
1 2 0 0 0 0 4 39 3 4 6 21 2 2 5 25 1 1 0 0 3 3 3 9 2 3 0 0 3 24 1 2 3 12 2 2 3 3 1 42 2 2 2 8 2 7 1 24 2 2 2 2 2 7 2 7 1 2 1 1 1 6 2 8 
3 20 3 31 3 10 1 1 2 2 2 9 2 27 2 2 2 6 3 18 1 1 0 0 0 0 1 1 2 6 4 10 0 0 1 1 2 5 0 0 3 4 5 398 3 6 1 1 1 1 2 5 0 0 2 31 4 116 1 1 3 3 3 4 
3 4 2 2 4 41 3 35 0 0 2 2 2 11 1 1 2 2 3 4 1 5 1 3 6 36 1 27 1 1 1 2 1 41 4 113 0 0 4 16 3 11 2 17 5 14 6 21 1 3 2 2 0 0 2 4 1 1 3 10 8 15 2 2 
1 2 1 3 1 2 1 1 3 8 1 2 1 8 2 11 3 7 3 7 2 37 2 152 1 11 3 115 1 1 3 17 0 0 1 3 1 3 3 12 1 5 2 3 0 0 2 8 2 15 1 2 1 1 0 0 4 14 1 87 0 0 2 3 
1 1 2 2 1 11 4 24 2 42 1 1 2 2 1 1 5 39 1 11 4 4 2 2 2 40 2 34 2 9 3 73 1 8 3 5 2 7 2 182 4 244 2 3 1 5 3 8 2 3 4 22 1 1 2 5 0 0 3 12 1 1 4 11 
1 5 1 25 3 3 2 1096 2 4 3 9 3 7 2 15 5 9 2 2 2 2 2 3 4 9 2 4 2 6 2 2 3 4 2 2 0 0 3 32 1 1 0 0 4 68 0 0 2 8 3 42 3 64 2 4 0 0 3 4 1 2 1 3 
2 2 3 8 2 7 3 3 1 3 1 3 1 2 2 6 3 15 3 7 4 4 2 17 4 8 3 151 3 3 1 1 1 1 1 1 3 4 3 28 2 22 2 21 2 2 2 2 2 6 2 2 2 12 3 120 2 3 4 7 3 9 1 1 
2 2 0 0 1 1 3 3 5 6 4 57 2 106 2 2 3 50 1 5 2 24 4 14 0 0 0 0 1 8 3 554 1 1 1 1 1 6 3 5 2 4 2 4 1 1 2 12 2 10 3 10 1 1 1 1 1 1 4 8 0 0 0 0 
5 12 2 3 2 11 1 147 3 7 2 2 1 1 3 4 3 122 3 6 0 0 3 51 5 49 1 1 2 2 4 215 4 12 1 1 4 5 2 38 1 8 1 1 1 419 5 23 1 1 1 2 5 54 3 4 1 1 1 2 1 4 2 25 
3 3 2 2 2 3 2 2 1 1 1 1 1 1 2 2 2 16 2 4 1 6 2 2 6 19 3 8 4 8 5 13 2 7 2 9 3 3 3 11 0 0 4 5 1 4 1 1 1 1 2 8 0 0 2 6 2 5 1 1 3 7 2 12 
2 9 1 5 4 5 0 0 3 19 1 1 2 3 6 16 2 22 1 1 2 2 1 1 4 9 0 0 3 9 3 59 5 16 5 13 3 10 0 0 3 38 2 2 3 28 3 35 4 39 3 20 0 0 0 0 5 204 1 4 0 0 2 5 
1 6 1 7 2 3 1 36 1 1 1 1 1 1 3 7 1 1 1 1 4 280 1 1 1 9 1 6 3 45 2 7 1 1 5 9 1 1 2 17 3 10 3 68 4 14 2 2 4 7 0 0 3 16 6 38 1 1 2 124 3 26 3 13 
2 2 4 4 0 0 1 2 3 3 2 6 4 5 1 28 2 20 2 511 0 0 2 4 0 0 4 8 2 3 2 2 1 6 2 2 2 3164 3 20 3 3 5 8 4 4 1 3 2 8 2 15 1 1 1 1 4 12 2 21 2 67 2 2 
0 0 2 2 1 1 2 14 2 84 3 10 4 4 0 0 2 5 1 1 4 9 3 11 2 2 5 10 1 1 2 4 0 0 1 1 4 7 2 41 2 9 4 28 1 1 5 14 5 12 5 15 1 3 3 3 1 335 2 14 0 0 3 3 
3 3 3 44 1 1 3 3 1 1 1 3 1 3 1 3 2 2 3 3 6 6 2 4 2 6 1 1 0 0 2 31 4 15 1 1 1 1 2 10 2 5 4 39 1 1 1 9 2 40 4 35 2 7 1 2 0 0 3 7 4 15 2 2 
1 1 4 4 2 2 0 0 3 30 1 4 2 3 1 1 3 6 3 29 2 2 1 5 0 0 1 1 1 30 2 13 2 2 1 6 1 1 3 3 3 24 3 8 2 4 2 7 2 284 0 0 2 4 5 19 1 11 1 5 1 1 0 0 
0 0 5 7 0 0 1 1 0 0 3 3 3 17 1 24 2 2 5 15 3 3 4 13 0 0 0 0 2 9 1 10 0 0 1 45 2 17 1 1 5 67 2 2 1 5 2 2 4 44 2 12 6 28 1 1 2 5 1 1 1 1 4 16 
1 1 1 13 0 0 4 135 4 72 2 11 6 319 3 42 2 4 3 7 1 3 0 0 4 6 5 21 3 4 3 15 4 16 4 5 1 12 2 12 3 8 4 153 3 13 2 31 1 1 0 0 1 4 3 4 2 12 1 1 2 2 1 31 
2 2 2 16 2 80 2 5 2 4 3 9 3 3 3 7 2 4 2 3 2 5 1 1 1 6 3 37 1 11 2 2 2 7 2 3 3 24 3 15 3 8 3 45 1 2 3 6 3 13 2 4 1 1 2 6 2 6 4 5 0 0 3 5 
3 5 3 12 0 0 2 4 3 236 6 11 5 25 3 8 2 7 0 0 3 8 1 1 1 1 1 1 1 2 1 1 1 36 3 26 1 3 2 513 0 0 2 3 2 2 3 10 3 6 2 2 2 7 3 5 2 8 1 1 4 85 1 26 
0 0 2 4 4 17 1 3 0 0 3 3 0 0 2 3 4 7 0 0 3 9 1 4 0 0 5 17 3 8 2 2 2 10 6 324 1 3 0 0 3 3 1 1 1 4 0 0 1 5 1 1 2 3 1 4 3 3 2 4 3 3 0 0 
2 5 6 40 3 3 2 9 7 13 3 4 2 11 2 3 2 3 0 0 3 5 3 22 3 5 2 16 2 4 1 1 2 63 5 39 2 2 3 17 3 3 3 219 2 3 1 5 0 0 1 4 3 7 1 1 1 1 2 2 6 18 0 0 
1 2 3 3 3 9 6 27 2 11 1 1 2 2 6 215 0 0 0 0 3 10 2 2 3 28 1 4 2 8 2 6 3 10 1 1 3 7 1 10 3 128 0 0 0 0 3 34 1 1 0 0 3 5 1 1 1 1 3 39 3 18 1 1 
2 5 2 2 1 1 1 70 2 33 2 3 1 9 1 6 4 11 3 13 1 1 1 1 1 17 2 2 3 23 0 0 0 0 2 2 2 5 1 1 1 1 3 67 0 0 2 9 4 25 2 9 2 2 1 10 2 22 3 25 2 2 2 2 
4 7 2 2 2 6 3 5 1 1 3 4 1 1 2 3 1 1 1 4 1 1 1 2 2 4 3 35 1 6 4 11 5 7 1 1 1 4 3 7 2 2 3 5 6 56 1 2 5 19 3 64 3 6 1 341 1 1 2 25 2 33 0 0 
2 15 0 0 4 11 2 2 3 20 4 27 0 0 4 20 2 18 4 239 2 4 1 1 3 10 0 0 2 32 4 11 5 39 2 16 4 14 3 4 0 0 4 10 5 9 2 2 1 1 1 1 1 1 1 1 0 0 3 4 5 36 3 235 
1 39 2 3 4 9 0 0 3 7 3 28 1 4 3 3 1 5 1 9 3 104 1 1 3 47 3 43 3 18 5 27 3 27 5 145 3 336 3 4 2 10 1 1 1 10 1 2 4 27 1 5 4 15 3 9 4 11 1 1 1 1 2 4 
3 9 3 44 1 3 1 1 1 64 4 6 2 2 1 3 1 1 4 16 4 26 3 178 2 4 2 4 3 5 0 0 3 35 1 2 1 1 5 48 1 1 5 18 1 87 2 29 2 5 1 1 3 6 0 0 2 4 1 30 2 2 1 1 
4 11 1 1 0 0 2 3 0 0 2 6 1 2 1 2 2 2 2 2 0 0 2 3 5 31 3 10 0 0 2 12 0 0 2 6 1 8 4 11 2 4 2 11 3 6 2 72 3 6 2 3 2 9 5 21 0 0 3 3 4 6 1 1 
3 3 3 5 2 7 7 25 4 28 4 12 4 5 3 31 1 1 1 2 1 17 0 0 1 1 1 1 4 17 3 8 2 2 3 12 3 10 2 18 2 20 3 30 0 0 3 35 0 0 1 4 0 0 0 0 2 3 0 0 2 3 3 3 
4 51 2 8 2 6 3 6 0 0 2 9 2 12 1 1 3 4 2 3 1 5 3 3 2 6 4 17 2 2 3 4 4 10 0 0 0 0 1 1 1 5 3 6 2 9 1 3 1 6 1 1 1 4 3 21 3 68 3 19 3 3 0 0 
1 1 1 6 2 2 3 30 2 32 3 28 2 14 3 4 3 3 3 16 3 9 1 1 0 0 2 2 1 2 3 89 2 2 3 4 3 119 0 0 3 7 1 3 3 211 4 27 4 4 5 11 2 2 4 113 1 4 0 0 2 4 0 0 
2 10 1 1 2 92 1 24 0 0 5 23 3 7 2 2 3 22 2 33 2 8 5 13 2 3 1 1 1 1 3 4 3 38 4 26 4 15 1 5 2 7 3 10 1 18 3 6 4 32 3 9 1 1 2 2 1 1 1 28 3 8 1 1 
5 28 4 5 3 23 2 2 1 1 2 18 3 4 2 4 3 5 0 0 2 24 0 0 2 27 3 4 2 2 4 185 1 3 4 5 4 4 3 7 3 3 3 15 4 12 1 1 2 2 3 3 2 12 2 3 3 18 2 4 2 12 2 27 
2 32 2 2 1 1 4 85 1 14 3 19 1 1 2 76 4 12 1 3 4 166 6 30 2 19 0 0 4 6 2 4 5 18 2 4 1 1 2 16 1 1 2 2 6 15 0 0 1 9 3 5 3 17 2 2 2 9 1 4 2 12 1 6 
3 3 4 14 3 5 0 0 1 22 1 2 2 7 5 31 3 146 2 4 2 5 6 10 3 3 1 1 0 0 2 3 1 30 1 1 0 0 1 7 1 4 2 2 1 1 1 2 1 1 3 13 1 5 2 16 2 7 1 21 2 2 0 0 
1 1 1 1 5 251 1 7 1 1 3 25 0 0 1 1 2 2 2 9 3 19 4 51 4 12 2 6 2 3 1 7 0 0 3 16 2 2 3 6 1 1 2 6 2 11 1 9 0 0 0 0 3 13 1 1 3 49 4 4 3 4 6 45 
0 0 2 10 2 8 1 1 3 19 3 5 1 1 1 1 3 24 3 115 2 7 4 16 3 12 2 2 1 2 1 23 1 1 2 37 2 2 4 6 1 1 3 62 0 0 2 48 1 2 4 11 2 2 3 8 4 10 2 2 0 0 4 29 
1 1 2 2 1 1 1 1 0 0 2 10 1 1 1 1 3 9 1 4 0 0 1 1 2 2 2 3 1 1 3 4 1 4 5 17 6 112 1 4 1 3 2 19 1 1 3 3 2 28 2 2 4 32 3 3 1 5 1 1 1 1 5 28 
1 1 0 0 4 27 4 12 1 3 5 29 1 1 4 16 1 2 4 156 6 371 1 146 2 3 3 5 1 1 1 1 1 2 2 34 4 7 2 8 4 5 6 24 1 1 2 2 1 2 3 19 2 2 2 12 4 7 1 42 3 8 4 13 
0 0 3 3 4 17 3 21 3 3 2 12 2 2 1 1 3 56 1 1 2 2 0 0 5 8 1 3 4 28 1 1 1 5 1 3 0 0 4 314 0 0 0 0 3 106 0 0 0 0 3 6 3 155 3 16 1 3 0 0 1 1 3 3 
0 0 4 6 5 16 3 5 1 5 4 6 1 6 2 2 1 1 1 1 1 1 1 11 1 1 4 5 2 15 1 11 3 6 2 2 3 19 2 2 6 74 4 4 4 14 1 3 1 3 2 117 2 46 2 2 1 1 2 2 4 12 4 14 
1 1 3 6 3 8 2 214 3 3 3 11 3 4 2 2 0 0 2 3 2 3 2 2 0 0 1 4 3 41 1 174 4 35 1 1 6 76 1 9 2 2 0 0 2 3 2 7 3 5 1 1 6 576 1 1 1 9 3 4 3 4 3 9 
1 1 3 9 1 1 2 3 4 8 1 1 0 0 2 3 4 7 2 6 3 3 3 16 2 10 0 0 3 13 2 2 1 7 5 12 4 12 5 39 3 3 1 1 4 6 3 10 2 17 2 13 4 9 2 7 2 4 6 52 1 1 4 5 
3 9 2 2 1 1 2 29 1 37 3 4 1 1 3 8 4 14 5 18 4 5 3 11 0 0 6 17 1 14 3 6 2 21 0 0 2 2 3 4 2 2 1 1 3 7 2 13 2 4 2 2 2 2 3 4 0 0 0 0 6 10 0 0 
3 4 4 16 1 1 3 7 3 6 5 17 1 1 1 1 6 1015 3 5 3 17 3 25 3 4 0 0 1 1 1 1 1 15 3 23 0 0 2 15 1 1 2 4 3 5 2 4 1 1 1 4 0 0 2 3 1 1 2 2 0 0 2 2 
0 0 0 0 1 7 4 5 2 2 4 13 2 2 4 7 5 269 0 0 0 0 0 0 1 1 3 28 1 17 4 13 2 2 1 4 2 3 3 10 4 13 1 1 4 12 0 0 0 0 5 16 1 6 3 16 3 13 1 1 3 239 7 26 
1 1 1 38 2 2 2 3 2 2 1 5 1 1 3 254 3 88 0 0 3 11 2 3 1 3 1 5 4 22 3 23 3 13 3 6 4 9 2 5 1 2 0 0 3 10 3 10 3 3 0 0 2 4 0 0 3 9 4 13 1 10 2 26 
2 5 2 7 1 1 4 5 3 50 4 55 1 1 2 8 4 4 3 5 2 6 1 3 2 2 1 5 1 1 1 2 0 0 0 0 2 33 0 0 0 0 3 18 3 5 1 2 4 4 3 14 1 1 1 3 2 9 4 5 1 3 1 1 
0 0 5 6 0 0 3 7 1 1 1 1 2 8 0 0 2 2 5 43 0 0 2 13 2 2 2 24 4 7 4 15 4 5 4 41 4 4 0 0 2 7 0 0 1 5 1 1 3 8 5 14 3 5 2 6 0 0 7 1112 1 1 3 3 
5 16 2 2 1 6 3 11 0 0 0 0 3 11 1 2 3 10 2 28 5 9 2 3 3 13 4 23 1 1 7 29 1 3 4 7 2 11 3 3 1 13 0 0 3 10 2 2 1 3 1 6 4 15 2 22 1 1 0 0 0 0 3 33 
0 0 2 333 1 11 1 2 3 10 3 14 4 41 3 3 5 19 1 1 2 18 5 58 2 2 1 1 1 1 1 1 2 2 4 14 1 1 2 2 3 26 2 27 3 16 4 98 3 9 3 4 1 1 3 36 3 9 1 1 1 2 4 12 
0 0 1 1 5 9 1 12 2 15 2 4 3 12 1 4 2 3 2 19 3 342 2 7 3 3 1 1 1 11 1 6 2 5 3 9 6 99 4 31 2 5 1 4 3 14 2 2 5 5 4 12 2 91 1 2 0 0 2 3 3 21 4 18 
2 8 3 10 1 5 1 3 3 5 3 13 2 21 3 7 3 28 2 11 3 16 1 8 2 2 0 0 2 8 1 5 4 7 0 0 2 10 3 11 4 18 2 7 1 1 3 1586 2 10 3 23 3 12 2 2 3 4 0 0 2 2 1 9 
1 1 1 1 3 3 3 3 2 2 1 4 2 15 2 5 2 5 4 12 1 1 1 1 2 3 0 0 1 1 0 0 2 57 1 1 2 389 3 4 2 2 3 7 1 676 3 6 4 6 3 3 2 3 4 8 5 59 2 12 3 20 4 25 
2 17 3 3 3 72 1 1 1 2 7 32 2 27 0 0 4 12 6 9 0 0 1 4 1 4 2 6 6 59 2 27 3 15 6 7 1 1 4 10 1 1 0 0 3 13 5 7 3 3 1 49 3 5 3 7 2 3 2 3 4 25 3 8 
2 6 3 8 3 40 2 2 1 3 0 0 1 12 1 1 3 6 1 1 3 6 5 20 4 6 4 4 3 7 1 86 0 0 4 4 2 7 2 6 1 8 4 13 2 101 2 4 5 31 0 0 4 21 2 2 1 2 3 6 4 19 5 41 
0 0 1 1 1 5 0 0 4 5 2 16 1 2 2 17 1 2 3 12 3 14 3 10 2 2 3 23 3 6 2 3 1 2 0 0 4 47 3 3 4 17 4 27 1 6 4 4 3 3 4 15 2 2 1 1 2 3 2 27 3 18 2 7 
0 0 3 13 5 17 2 3 1 1 3 3 2 2 2 8 2 7 3 21 1 1 2 2 4 17 4 12 2 2 1 1 2 7 1 1 3 4 1 4 3 3 2 7 2 6 0 0 0 0 2 88 3 10 0 0 0 0 4 20 1 1 0 0 
1 1 2 8 3 16 1 1 1 2 1 1 0 0 1 6 1 1 3 10 3 6 3 6 1 6 3 17 3 5 2 2 1 6 1 1 2 2 1 1 2 8 3 38 1 18 2 5 0 0 1 3 3 4 1 10 2 9 0 0 1 1 1 3 
2 35 2 32 0 0 0 0 4 23 1 1 0 0 4 5 4 8 3 4 1 1 1 2 1 2 3 4 1 8 1 1 3 11 0 0 4 12 0 0 3 8 2 5 3 9 0 0 3 10 3 7 4 15 2 4 3 5 2 6 2 22 3 44 
2 4 2 2 3 13 2 2 0 0 1 5 0 0 1 4 4 9 6 54 3 11 1 3 0 0 3 3 2 25 1 3 3 88 2 3 1 1 1 1 0 0 3 6 0 0 1 4 1 1 4 202 0 0 0 0 2 7 2 2 1 2 1 2 
3 32 4 14 4 8 0 0 4 19 1 2 3 3 1 9 2 11 0 0 2 18 1 1 0 0 1 47 5 23 1 3 2 119 2 3 2 8 3 56 1 11 0 0 4 7 4 9 3 14 2 4 3 12 2 33 2 3 2 8 4 22 4 11 
1 4 4 46 0 0 0 0 5 18 0 0 3 5 1 2 3 40 2 9 1 8 3 3 1 9 2 2 2 6 2 3 1 1 3 13 5 56 2 5 3 53 2 4 2 5 0 0 2 4 5 11 3 6 4 13 5 114 4 15 3 19 2 2 
3 12 1 1 2 4 1 1 1 6 0 0 1 6 2 27 1 6 4 17 2 33 0 0 2 2 1 2 1 1 3 3 0 0 3 3 1 1 3 12 0 0 2 2 3 10 1 1 1 1 1 1 1 1 4 66 3 80 4 11 2 22 3 3 
4 19 3 10 4 69 3 30 3 23 1 1 4 9 3 10 2 3 3 17 4 101 1 2 2 10 1 26 4 11 0 0 1 1 2 20 3 5 2 2 0 0 2 7 6 25 3 4 3 11 2 8 2 9 0 0 2 4 2 69 3 91 2 62 
2 5 1 1 4 11 1 1 3 9 2 3 4 13 3 6 0 0 1 1 2 5 0 0 4 15 2 2 2 7 1 2 1 1 1 3 2 2 1 1 1 1 2 397 1 7 1 2 3 9 1 3 4 29 1 11 0 0 0 0 2 2 2 2 
3 10 2 10 1 1 2 6 0 0 1 11 3 9 3 30 3 6 1 1 3 11 2 8 0 0 2 89 1 1 1 1 3 4 4 9 2 2 0 0 2 10 3 37 2 3 4 47 4 5 3 74 2 2 1 1 3 4 1 1 0 0 2 8 
0 0 2 37 4 22 4 6 2 25 0 0 4 12 3 3 2 3 2 3 1 1 0 0 5 21 3 12 1 1 3 76 2 255 0 0 5 35 2 3 1 1 2 8 1 3 1 1 2 4 2 6 0 0 1 9 1 3 1 1 2 5 2 3 
2 24 1 1 2 2 6 23 3 6 1 4 2 2 1 1 2 23 2 2 0 0 2 21 3 11 1 1 0 0 2 2 3 132 3 5 2 32 5 24 2 111 4 11 2 22 2 2 2 3 2 3 1 1 2 2 4 8 1 7 0 0 2 4 
1 1 0 0 3 9 0 0 3 3 2 5 1 5 3 5 1 1 1 64 4 25 1 6 3 7 1 23 1 24 1 1 2 275 3 15 5 86 4 11 2 2 2 10 2 21 3 13 4 8 3 5 0 0 2 23 2 394 2 5 1 1 3 3 
2 4 2 3 1 3 2 40 1 93 4 7 1 50 1 2 1 1 2 3 0 0 1 1 2 5 1 1 2 41 4 5 3 32 2 19 4 8 4 13 0 0 0 0 2 21 3 7 4 5 1 7 3 49 3 17 1 1 5 18 1 3 4 4 
0 0 2 5 4 9 5 12 3 4 3 17 1 15 4 19 3 4 2 79 1 9 3 4 0 0 3 6 3 21 0 0 2 17 2 18 5 16 1 8 2 2 0 0 1 2 4 4 1 4 2 2 4 20 1 5 1 1 2 22 2 30 1 1 
1 1 1 1 4 13 2 1241 3 47 1 1 3 11 1 22 0 0 3 6 3 12 3 6 3 12 1 43 5 16 4 8 1 2 2 2 1 4 0 0 2 6 2 3 2 8 4 24 0 0 4 13 0 0 2 2 1 1 0 0 3 12 4 11 
1 19 5 8 0 0 1 9 2 2 3 15 1 7 3 65 3 3 1 1 0 0 0 0 2 6 4 14 2 2 2 2 3 3 0 0 2 9 3 11 0 0 2 4 1 3 1 1 1 8 2 12 2 47 4 10 2 6 2 11 1 2 1 1 
1 1 1 1 0 0 3 8 5 9 0 0 3 3 1 7 3 18 0 0 4 5 3 6 2 2 1 1 0 0 3 15 1 1 3 7 0 0 4 10 1 22 1 1 2 4 3 22 1 6 1 12 1 1 1 4 1 12 2 44 3 3 3 6 
2 8 2 18 4 17 2 6 0 0 4 6 1 9 0 0 0 0 2 2 4 9 1 16 2 2 4 7 1 7 2 5 1 1 3 15 4 8 2 3 1 2 2 27 1 1 2 2 1 1 5 33 2 2 3 7 0 0 0 0 4 4 3 16 
1 2 2 2 2 2 3 4 1 1 1 1 2 6 1 1 4 23 1 8 1 2 1 1 2 8 1 1 3 8 2 11 1 1 3 10 2 4 3 27 1 1 4 10 0 0 2 4 2 43 0 0 4 17 3 33 5 14 0 0 2 4 1 1 
1 5 1 1 4 22 0 0 3 4 3 103 1 3 1 1 1 1 0 0 4 9 2 4 1 1 0 0 4 11 1 8 2 196 1 47 0 0 3 3 2 19 1 4 1 4 0 0 1 7 5 10 4 14 0 0 3 7 1 1 1 4 7 25 
2 2 1 2 1 419 0 0 2 2 1 9 3 7 0 0 3 8 3 4 1 5 2 2 4 13 1 1 0 0 2 3 3 7 4 13 3 19 0 0 2 2 6 18 2 5 1 1 1 1 2 3 1 1 2 6 1 1 2 6 3 16 2 2 
2 279 2 19 2 29 0 0 2 11 6 30 1 1 2 6 2 6 2 4 6 18 3 5 4 22 4 9 0 0 1 1 2 9 3 29 1 5 0 0 4 13 6 26 5 21 0 0 4 8 2 25 0 0 1 1 1 1 1 6 0 0 2 5 
3 6 2 2194 1 1 0 0 3 7 4 9 1 1 3 3 1 1 1 18 0 0 2 25 1 1 2 5 3 15 1 5 0 0 2 6 1 1 1 1 1 124 1 1 0 0 1 1 1 1 6 26 2 18 2 123 0 0 2 2 1 28 4 4 
0 0 4 5 4 105 1 8 2 3 0 0 2 6 5 149 2 34 3 23 1 1 1 1 2 3 2 14 1 3 2 6 1 1 1 2 3 3 3 5 1 1 0 0 3 3 1 1 3 15 1 1 1 2 1 2 1 1 1 2 1 2 3 15 
0 0 4 305 7 997 1 2 2 7 2 6 2 3 5 10 1 5 2 6 1 19 4 15 2 9 4 11 2 3 5 109 2 4 0 0 2 7 1 1 4 48 2 2 2 7 3 52 2 8 2 3 4 10 1 1 2 6 2 2 2 16 3 6 
0 0 2 2 2 11 1 18 4 41 4 7 4 19 2 6 1 1 4 71 2 10 3 8 3 14 1 1 2 8 0 0 6 281 4 15 2 7 2 5 1 1 1 11 1 5 2 30 2 16 1 2 1 5 2 8 3 54 1 1 1 2 3 47 
2 2 2 25 3 3 2 2 2 12 0 0 1 5 0 0 3 4 5 25 3 7 2 200 5 9 2 2 2 2 0 0 3 15 2 7 0 0 2 5 1 1 2 6 1 28 2 7 3 7 1 46 2 108 1 2 2 2 1 1 0 0 4 39 
3 16 1 6 1 6 1 2 2 4 1 9 4 13 1 1 2 4 0 0 5 86 2 3 4 61 1 9 1 1 3 7 3 6 2 8 2 5 2 12 5 12 2 11 1 1 3 20 2 4 1 1117 0 0 1 3 5 143 0 0 2 12 4 13 
3 31 3 6 2 53 4 25 2 13 2 2 2 2 2 17 1 1 3 5 1 1 1 1 3 14 2 2 1 10 0 0 2 34 2 12 3 4 5 48 1 1 2 3 3 7 2 9 3 12 2 6 1 4 1 1 3 9 2 5 3 3 4 10 
1 29 3 11 0 0 2 2 4 5 3 23 1 5 2 52 2 2 1 1 1 89 2 23 1 2 3 3 4 13 2 5 5 9 1 6 1 1 2 4 2 4 3 4 2 12 0 0 0 0 1 2 1 6 2 2 6 17 1 1 3 4 2 25 
2 6 0 0 2 18 1 1 2 2 2 15 1 1 3 8 3 11 4 5 3 18 1 1 1 1 0 0 3 3 3 12 1 1 4 17 1 4 2 11 3 57 0 0 0 0 2 5 2 4 0 0 2 5 1 1 1 7 3 16 0 0 4 4 
4 91 1 1 3 4 2 18 2 6 0 0 2 12 2 5 2 6 2 2 3 12 1 1 4 26 1 1 2 2 1 9 1 1 0 0 3 216 3 8 1 1 2 25 2 69 2 5 1 1 1 8 2 2 1 1 4 21 2 5 5 6 2 19 
1 2 1 1 2 2 1 7 1 1 2 3 3 9 4 6 5 69 2 2 3 9 2 26 3 3 1 1 3 4 1 1 3 63 0 0 1 1 0 0 3 61 1 1 0 0 1 1 4 27 0 0 3 5 2 15 1 1 0 0 4 15 2 2 
5 20 1 2 1 1 2 12 1 1 1 6 2 8 3 3 3 63 1 3 2 23 0 0 1 1 4 23 3 5 3 3 2 3 0 0 4 42 1 1 0 0 1 1 1 2 2 3 2 2 3 6 2 2 2 2 2 4 2 2 1 1 3 12 
5 28 0 0 7 16 4 690 1 1 2 9 0 0 3 7 2 2 1 6 4 4 1 3 3 5 1 3 3 17 2 5 1 4 0 0 5 9 1 1 0 0 2 3 1 1 1 1 1 1 5 39 0 0 4 8 1 5 2 12 4 22 5 35 
2 20 3 5 2 8 3 9 2 36 4 24 4 17 2 2 2 2 2 11 4 21 1 14 2 2 4 115 1 1 1 1 3 7 6 22 0 0 2 13 4 5 4 14 3 20 2 2 1 1 4 89 3 10 1 4 1 1 0 0 2 3 0 0 
2 10 0 0 2 19 5 12 5 10 4 56 0 0 2 3 0 0 0 0 1 33 4 4 2 3 2 13 2 6 3 346 4 10 4 14 5 6 2 118 0 0 4 73 2 3 3 873 3 77 2 3 2 10 2 31 0 0 1 1 2 5 3 5 
1 6 3 9 4 47 2 13 0 0 3 10 0 0 3 14 0 0 2 7 5 43 3 8 2 3 1 138 3 4 0 0 3 295 1 5 2 4 1 22 1 1 2 2 1 1 1 1 3 20 2 17 4 5 3 14 1 1 3 100 4 9 0 0 
1 1 6 30 3 10 1 11 1 4 3 3 3 10 4 36 2 2 1 1 4 15 0 0 4 11 4 379 3 136 1 6 3 23 4 5 4 21 0 0 0 0 7 52 2 165 2 2 1 1 1 1 2 3 0 0 3 10 1 1 2 3 1 111 
2 3 0 0 1 1 2 6 4 5 1 3 1 5 1 1 6 20 3 23 1 1 4 17 0 0 4 36 4 4 3 90 2 2 1 1 2 5 1 21 4 12 1 1 2 6 1 1 2 10 2 5 1 1 4 10 2 2 4 4 4 12 3 6 
2 5 1 4 2 27 3 9 2 2 1 1 1 1 4 5 2 21 2 2 2 10 1 9 3 153 0 0 2 6 1 1 0 0 3 3 1 1 2 68 1 1 1 1 3 6 2 10 2 2 3 5 3 15 1 3 2 4 3 3 0 0 4 11 
0 0 2 3 5 32 2 3 2 9 1 9 3 5 0 0 0 0 7 7 2 2 2 7 0 0 1 1 1 14 4 37 2 7 1 1 4 33 2 3 1 1 6 63 2 7 4 4 3 172 2 2 2 5 2 24 4 21 0 0 4 22 1 2 
3 4 3 8 7 35 5 212 4 19 3 9 3 4 4 4 3 3 0 0 4 5 2 6 1 1 0 0 3 63 0 0 1 1 3 5 1 1 0 0 3 11 2 2 0 0 4 15 3 8 0 0 2 7 4 8 5 9 3 4 1 6 0 0 
4 8 2 4 1 2 2 3 1 4 3 5 2 251 2 8 0 0 1 1 1 52 3 9 1 1 4 14 1 5 1 1 3 29 0 0 1 4 1 1 0 0 2 13 1 3 3 4 0 0 2 42 3 16 0 0 0 0 1 1 3 131 3 8 
3 4 4 6 0 0 3 3 1 1 2 165 4 4 2 3 1 1 4 11 1 1 1 3 3 3 1 1 3 401 3 3 3 10 2 2 1 31 2 2 1 1 6 19 1 1 3 14 1 10 3 9 2 3 0 0 1 4 2 4 5 11 2 4 
2 26 1 2 1 1 2 2 0 0 2 13 3 54 4 13 2 197 1 1 0 0 1 2 2 56 4 32 2 6 2 10 0 0 0 0 1 7 1 1 1 1 2 7 2 7 2 9 1 1 1 65 0 0 0 0 2 6 4 4 2 2 4 20 
0 0 3 22 4 24 2 4 2 2 4 19 5 2030 1 5 2 14 1 3 0 0 1 89 1 6 2 2 1 4 0 0 1 1 2 2 0 0 1 7 1 9 5 9 2 2 4 50 1 21 3 9 2 11 3 30 1 1 0 0 1 1 0 0 
2 6 1 1 6 17 1 1 0 0 6 7 1 2 2 9 4 4 3 1183 2 82 1 8 2 5 3 5 2 2 2 3 2 2 3 3 0 0 2 5 4 7 1 2 2 10 2 5 2 34 6 20 2 25 1 2 1 5 2 29 2 9 4 13 
1 10 3 3 0 0 3 14 1 3 1 14 1 44 4 11 3 10 1 1 2 8 0 0 3 4 3 7 1 25 0 0 7 23 1 3 1 2 1 17 1 1 1 1 2 18 3 15 1 1 4 13 1 1 3 8 1 1 1 1 3 7 2 4 
1 4 1 2 6 18 1 5 4 8 3 4 4 4 0 0 1 1 5 25 3 24 2 2 0 0 4 13 2 3 0 0 4 31 4 9 0 0 4 20 2 6 4 30 2 2 2 12 2 6 1 1 4 11 3 20 1 1 0 0 3 60 1 1 
7 18 2 44 1 1 1 5 1 1 4 5 2 2 3 7 3 5 5 5 0 0 2 2 1 30 3 8 4 18 4 4 1 4 1 2 1 1 2 2 3 97 4 16 1 2 3 7 3 19 3 8 2 2 1 2 2 2 2 4 5 5 5 17 
5 35 3 9 3 11 1 2 4 13 1 1 2 9 5 15 0 0 4 118 2 64 2 9 1 2 2 2 0 0 0 0 3 75 2 2 1 1 2 4 2 13 3 3 0 0 1 1 4 28 0 0 1 38 4 11 2 2 3 88 1 2 3 3 
0 0 2 4 5 27 3 12 3 371 2 2 3 7 2 2 0 0 1 1 0 0 1 1 2 3 6 8 2 2 2 3 1 6 1 4 1 1 2 11 3 4 2 9 4 11 5 14 2 4 3 5 1 11 3 185 0 0 0 0 2 5 0 0 
2 2 3 10 1 1 0 0 1 9 4 6 5 20 3 16 4 4 1 606 2 3 1 1 2 20 1 1 4 32 4 23 4 33 1 2 1 1 2 2 4 5 5 7 6 29 2 7 1 2 2 2 0 0 1 1 4 9 3 3 2 12 0 0 
2 4 0 0 5 18 4 41 2 5 3 4 3 75 0 0 3 13 2 2 2 3 0 0 4 393 3 4 2 6 3 9 3 7 5 11 1 2 1 1 2 10 2 13 0 0 0 0 0 0 1 1 1 1 2 8 2 3 4 19 0 0 0 0 
1 295 2 318 1 6 2 8 1 1 2 263 2 8 2 2 2 14 2 6 2 8 6 41 3 5 4 4 1 4 2 104 0 0 3 19 5 36 1 1 0 0 1 1 2 7 1 1 1 1 0 0 0 0 1 1 0 0 1 1 2 2 4 5 
4 15 3 17 2 2 0 0 1 20 0 0 0 0 5 43 1 3 1 10 2 2 1 3 1 1 3 20 6 27 2 6 2 2 0 0 1 11 0 0 2 5 3 18 2 28 1 1 2 3 1 1 4 9 1 1 3 38 1 8 0 0 0 0 
4 7 5 23 5 47 2 6 2 6 2 113 1 1 0 0 2 11 1 1 4 14 1 12 1 3 1 4 5 7 0 0 5 18 2 5 5 33 1 34 0 0 4 44 3 10 1 1 2 13 1 1 2 34 4 9 4 15 1 1 2 9 4 10 
2 2 4 15 1 1 2 42 5 18 3 13 2 11 0 0 0 0 0 0 1 1 4 22 2 9 1 21 3 6 0 0 1 5 1 1 3 15 1 3 3 3 1 11 1 1 2 6 3 7 4 16 4 6 2 5 2 8 0 0 0 0 2 5 
4 302 1 1 3 4 4 23 1 3 2 25 4 4 1 8 2 40 1 1 4 6 3 12 2 2 1 1 0 0 3 115 1 7 1 1 3 13 2 696 3 57 4 4 4 32 6 15 1 1 1 1 2 5 2 2 7 12 2 7 3 6 1 1 
3 10 2 42 2 21 2 60 2 5 0 0 3 9 0 0 1 1 3 22 2 4 3 18 4 4 4 12 0 0 1 80 3 49 2 9 2 3 2 2 1 1 2 4 2 4 0 0 3 38 2 3 2 4 1 1 3 97 3 15 3 3 2 3 
3 14 1 1 2 2 5 77 1 1 2 47 5 18 3 3 2 4 2 2 3 3 0 0 2 19 2 5 3 104 1 4 1 2 2 37 3 7 0 0 2 3 1 36 1 3 2 2 2 2 1 2 3 3 2 9 2 2 3 22 0 0 1 120 
3 4 5 74 4 8 3 11 3 27 3 10 0 0 1 1 3 11 2 9 1 8 0 0 1 2 4 9 2 3 0 0 1 1 5 15 1 3 2 3 2 3 2 3 1 1 1 18 1 1 3 11 0 0 6 29 0 0 0 0 3 50 0 0 
3 53 1 15 1 1 1 12 2 4 1 36 5 7 3 51 3 5 3 17 2 50 2 7 2 3 3 4 1 18 2 2 1 1 4 4 3 4 4 19 5 10 3 7 0 0 1 1451 2 12 6 45 3 5 2 19 1 1 2 7 2 3 3 11 
0 0 1 3 2 7 4 13 1 1 1 1 5 9 2 27 2 7 0 0 1 1 3 4 0 0 2 20 2 2 4 6 4 10 2 3 1 2 3 3 2 2 2 4 5 22 1 10 4 8 1 1 3 3 1 1 5 205 0 0 2 3 1 1 
2 3 3 10 2 7 1 1 1 1 2 18 1 1 1 3 1 1 1 1 3 12 2 20 3 3 4 5 1 3 4 6 1 1 0 0 3 12 1 9 0 0 3 11 1 2 3 11 4 14 0 0 1 1 1 1 3 16 5 26 3 3 2 12 
2 8 2 192 1 6 1 1 6 184 2 24 1 7 0 0 2 32 3 6 5 144 3 66 3 10 1 3 4 20 3 31 2 23 1 1 0 0 2 43 1 4 1 1 3 9 2 11 0 0 2 3 6 61 0 0 3 41 1 6 1 4 4 8 
4 54 4 51 2 8 1 1 3 22 6 53 4 259 5 14 1 4 1 1 2 2 3 10 3 24 0 0 0 0 0 0 2 9 1 6 1 3 1 7 1 1 6 15 2 2 1 5 3 4 1 3 1 2 2 3 0 0 1 1 1 1 1 1 
2 17 4 48 1 4 1 1 1 1 2 2 2 2 3 5 0 0 5 10 1 3 0 0 2 46 2 7 2 2 1 24 2 14 2 3 1 2 3 247 6 89 3 22 0 0 2 2 1 2 4 72 3 3 4 26 1 1 1 1 2 2 2 9 
2 2 3 14 1 1 2 2 1 1 0 0 5 84 5 47 5 31 1 1 2 11 4 31 0 0 3 5 2 13 1 2 1 1 4 43 1 1 4 32 1 1 4 11 3 180 1 1 0 0 2 3 0 0 2 12 0 0 2 3 3 3 3 6 
3 5 2 8 4 12 1 1 2 3 0 0 2 18 2 7 2 368 4 4 3 4 5 97 4 48 1 1 1 1 5 14 0 0 2 2 3 7 2 10 1 1 1 3 1 2 0 0 4 6 0 0 1 1 2 3 5 212 3 17 3 32 2 2 
1 1 3 9 3 7 3 86 4 4 1 1 2 3 4 4 2 14 2 4 1 50 0 0 3 7 1 1 2 12 1 1 3 3 2 2 3 4 3 10 4 5 2 14 1 2 0 0 4 66 3 4 4 10 1 1 3 21 4 6 2 2 4 10 
5 1470 3 8 2 4 1 3 1 1 2 2 2 20 0 0 2 3 1 2 2 11 1 1 3 4 1 88 2 3 3 12 1 1 1 3 4 151 2 10 2 14 2 2 4 4 3 3 2 7 1 5 2 3 1 3 4 28 1 1 2 103 1 2 
3 29 2 3 3 10 2 5 4 6 1 1 1 1 1 1 2 275 5 92 2 3 3 3 3 5 2 6 3 6 0 0 5 11 3 9 4 9 1 1 2 12 3 26 3 12 1 3 2 2 1 4 4 15 1 2 1 1 4 7 1 3 2 9 
7 25 1 1 1 1 1 1 4 18 2 21 1 1 1 8 4 67 3 20 0 0 1 3 4 13 2 4 0 0 1 1 3 14 4 24 2 2 4 31 1 1 2 4 4 6 0 0 0 0 1 18 2 15 2 13 3 44 0 0 3 5 1 550 
1 1 2 5 0 0 0 0 2 3 2 3 1 5 2 4 1 2 1 1 1 1 1 2 4 4 0 0 4 13 1 3 2 8 3 4 0 0 2 45 1 1 2 60 4 5 2 2 2 2 2 7 6 132 2 9 2 10 1 1 1 2 2 9 
5 19 3 10 1 39 2 27 0 0 5 18 2 12 6 36 1 1 1 1 1 1 3 7 0 0 2 4 0 0 2 33 0 0 3 196 1 28 4 8 4 10 0 0 2 4 5 28 2 2 3 6 1 23 0 0 0 0 3 3 4 26 1 1 
1 1 2 22 2 4 4 27 1 1 3 9 2 4 1 1 3 23 0 0 0 0 0 0 2 10 3 4 3 24 2 2 3 314 1 2 2 6 5 15 2 7 1 1 0 0 1 1 0 0 2 2 3 16 8 39 1 3 2 22 5 407 5 11 
3 23 2 3 1 1 1 1 0 0 4 20 2 3 0 0 0 0 1 2 2 5 4 8 4 7 1 1 6 31 1 30 6 79 1 3 5 16 3 95 0 0 2 2 5 11 2 15 2 9 4 15 1 2 4 59 1 2 6 9 1 1 3 12 
0 0 2 3 6 277 2 3 0 0 1 24 3 26 3 6 2 11 0 0 2 65 2 6 4 34 1 10 0 0 1 1 2 3 1 12 3 3 1 6 2 2 1 1 2 28 3 4 4 5 2 6 0 0 2 2 1 1 4 8 1 1 0 0 
2 18 4 5 1 1 2 425 4 5 1 2 5 17 2 211 0 0 1 60 3 14 0 0 1 1 3 48 0 0 1 6 3 6 2 4 0 0 3 12 1 2 4 136 2 10 3 30 1 1 4 10 5 10 4 11 0 0 2 5 1 3 1 5 
3 7 2 51 2 5 4 22 0 0 1 56 2 44 4 9 2 46 1 5 1 1 0 0 3 36 1 1 1 9 3 9 2 4 1 10 0 0 2 2 3 21 1 25 1 20 0 0 3 18 5 52 1 4 1 1 2 6 3 3 2 7 0 0 
4 20 1 1 0 0 0 0 5 80 3 21 2 5 5 17 1 1 1 1 2 5 3 13 4 80 1 1 3 4 5 5 4 9 2 3 3 10 1 5 0 0 2 9 2 297 1 4 2 4 3 8 1 701 0 0 2 22 3 24 5 12 2 2 
2 5 4 44 1 6 3 3 0 0 2 11 3 23 1 1 2 8 0 0 0 0 1 2 5 15 0 0 3 4 2 2 2 3 1 1 3 3 6 59 1 1 0 0 0 0 4 13 4 21 2 8 3 8 2 11 1 1 0 0 0 0 1 5 
2 3 2 26 0 0 1 3 1 1 3 8 1 7 2 4 3 13 1 3 3 6 2 19 1 1 2 9 1 1 2 21 3 9 5 7 1 2 4 9 1 1 2 2 2 4 2 2 1 2 3 3 1 1 0 0 2 25 2 4 6 15 3 22 
4 19 2 3 3 5 3 20 2 20 1 3 4 33 2 17 1 2 5 34 0 0 3 7 1 9 1 7 2 10 2 4 2 7 1 4 0 0 1 1 1 2 3 3 0 0 2 5 1 3 2 45 3 7 1 2 0 0 0 0 2 3 1 1 
2 4 4 10 2 16 0 0 3 7 4 479 0 0 3 4 5 8 4 7 1 26 4 21 2 3 4 19 2 10 1 1 3 4 1 141 1 1 5 11 2 2 5 15 4 5 3 14 3 11 8 66 1 131 1 17 2 2 0 0 1 1 1 6 
4 5 2 4 1 1 1 1 3 4 0 0 1 6 3 10 1 3 2 11 2 4 1 1 2 25 2 2 4 5 1 2 1 1 4 69 1 1 1 39 3 17 3 21 2 5 4 4 2 6 4 36 1 1 2 15 4 4 1 1 0 0 1 2 
2 3 3 3 3 5 3 24 0 0 4 11 1 1 1 1 2 4 3 12 0 0 0 0 2 2 0 0 3 3 3 7 6 55 0 0 4 15 0 0 0 0 2 5 3 5 0 0 2 14 1 7 5 23 1 1 1 2 3 22 0 0 4 6 
2 2 4 75 6 26 4 40 5 7 5 13 0 0 0 0 1 1 1 1 1 1 6 15 3 6 1 8 2 26 4 5 3 46 2 441 4 16 0 0 1 21 2 14 2 2 1 1 0 0 1 1 2 6 0 0 6 13 1 10 1 1 4 27 
2 39 0 0 5 14 4 20 3 25 2 2 3 6 2 29 4 5 3 3 1 1 3 31 0 0 3 9 1 1 0 0 4 5 0 0 4 10 1 1 0 0 1 1 1 1 2 26 3 6 2 18 1 1 3 4 1 1 2 25 0 0 4 40 
2 2 1 2 3 4 3 45 1 2 0 0 0 0 2 119 2 8 3 6 5 5 4 5 5 16 3 43 0 0 3 3 1 1 1 3 3 7 1 1 2 9 1 3 2 2 1 5 2 2 1 6 3 30 0 0 2 2 3 99 4 9 0 0 
2 3 3 3 3 4 0 0 1 1 1 1 1 1 0 0 5 34 5 39 2 3 2 8 4 6 0 0 2 2 3 4 2 15 1 3 2 12 1 5 4 4 4 57 1 1 6 13 2 8 1 1 1 2 1 4 0 0 4 6 1 1 0 0 
4 14 1 1 3 35 2 23 1 3 2 2 3 14 5 5 1 1 3 6 2 2 2 3 2 2 1 59 0 0 3 8 1 1 1 2 1 1 1 1 4 46 4 5 3 9 6 25 1 2 0 0 2 2 3 3 3 10 3 3 2 6 2 2 
1 1 3 4 1 96 3 3 1 20 5 14 1 1 1 10 2 8 0 0 1 1 1 1 3 15 3 18 4 29 6 10 0 0 2 2 2 7 1 2 2 5 2 2 3 3 2 2 0 0 1 1 2 9 6 6 0 0 6 14 1 1 1 6 
3 11 3 7 0 0 6 11 3 51 2 6 4 70 3 5 1 18 1 3 3 18 1 3 3 3 4 15 3 3 3 8 3 20 1 1 3 5 1 1 0 0 2 10 2 5 0 0 2 11 4 16 1 3 1 16 2 4 2 3 1 1 5 16 
1 1 2 2 2 12 2 2 4 79 1 7 1 2 2 31 2 2 5 5 2 2 1 1 3 15 1 2 2 9 1 5 4 14 1 1 4 26 3 4 1 1 0 0 4 6 5 20 1 15 1 1 2 2 3 17 2 2 5 49 2 2 3 3 
1 8 3 3 3 17 1 6 1 8 5 24 1 3 0 0 3 14 3 7 7 16 2 2 1 2 4 218 4 43 2 2 1 37 6 16 3 4 0 0 3 14 0 0 1 1 2 2 3 7 1 1 2 14 1 1 4 8 0 0 2 42 4 8 
3 24 2 2 2 5 3 8 1 1 3 7 1 1 2 7 2 6 2 3 1 1 4 13 3 3 1 1 3 24 1 6 4 14 4 70 3 4 1 2 1 7 1 1 1 1 0 0 4 8 2 3 2 10 1 1 2 10 1 123 1 1 2 3 
1 26 1 1 5 29 3 36 0 0 2 6 3 10 0 0 4 19 2 5 2 2 0 0 2 4 0 0 1 1 7 21 2 12 0 0 4 29 1 1 0 0 2 9 4 5 0 0 4 15 3 10 1 2 2 10 3 10 0 0 2 37 3 3 
1 1 0 0 1 8 3 31 0 0 1 1 1 1 1 2 1 10 2 7 3 3 1 1 3 6 3 2989 4 33 0 0 3 15 3 23 3 15 3 6 1 1 2 6 3 3 2 2 0 0 4 8 3 6 1 1 1 4 1 1 3 4 0 0 
1 2 2 2 1 1 2 10 7 17 3 5 5 14 1 1 2 2 2 2 6 35 5 12 1 20 2 2 2 5 2 3 2 2 0 0 3 3 1 30 1 3 2 25 1 5 1 4 5 51 1 3 5 47 4 34 2 18 6 45 2 2 1 24 
1 1 2 10 2 9 5 19 3 1429 5 13 2 5 1 1 0 0 0 0 2 10 1 1 5 15 1 1 1 4 4 13 2 3 1 1 3 13 4 11 1 1 3 3 0 0 1 1 2 2 4 236 2 52 2 3 2 3 1 2 2 40 1 1 
2 22 2 5 2 4 4 92 2 2 2 4 1 1 1 22 4 80 4 13 1 17 5 19 2 6 2 10 2 6 4 11 3 13 2 47 1 1 2 5 3 3 5 10 2 38 4 21 1 2 2 18 2 92 2 5 1 2 1 3 4 4 6 8 
2 5 1 4 0 0 3 23 5 29 2 88 2 4 1 9 3 21 1 9 1 2 5 14 3 8 4 9 4 19 4 10 3 16 3 7 8 24 1 1 3 309 2 2 1 3 1 13 3 6 1 3 0 0 0 0 3 10 0 0 4 34 1 1 
3 9 5 109 3 10 1 31 0 0 3 201 1 1 1 2 2 13 4 4 2 5 0 0 2 17 1 1 0 0 2 4 1 1 1 3 3 6 1 1 2 3 2 66 0 0 4 12 2 14 4 5 1 1 2 12 5 12 2 5 0 0 2 3 
1 2 1 2 1 1 2 30 2 2 4 5 1 3159 1 9 2 274 2 2 2 2 3 3 2 5 3 3 1 1 2 2 1 1 2 3 4 142 2 2 1 9 2 2 4 32 1 10 2 3 2 2 3 117 1 1 3 3 1 46 2 5 2 32 
3 36 4 21 2 5 1 1 3 112 4 47 2 4 3 3 1 1 1 1 2 3 2 16 2 2 4 6 2 5 2 4 3 3 1 5 2 2 1 1 1 4 1 14 3 4 2 2 0 0 2 30 1 7 2 2 2 7 2 263 3 22 4 57 
0 0 0 0 3 3 2 2 4 16 2 8 0 0 2 2 6 10 1 1 2 2 1 2 4 8 3 18 3 18 0 0 1 4 5 11 2 2 0 0 1 1 2 8 0 0 3 11 1 1 2 11 2 6 1 4 2 2 2 7 0 0 2 3 
3 7 1 1 3 3 0 0 1 2 2 2 2 6 1 4 0 0 1 3 3 10 1 2 5 25 3 18 2 8 1 35 1 1 3 142 4 26 2 7 1 5 1 2 4 18 0 0 3 7 1 3 2 8 3 4 2 2 3 9 5 90 1 1 
1 1 2 6 2 5 1 1 0 0 2 2 6 52 1 1 2 10 2 4 2 14 1 10 0 0 2 4 4 5 1 1 1 1 2 2 0 0 3 11 4 11 3 38 6 51 5 110 2 3 2 6 2 2 1 1 4 5 0 0 2 10 2 3 
2 8 6 196 3 3 4 16 2 2 2 28 1 127 2 2 3 25 3 13 2 11 3 4 1 22 6 16 1 1 3 6 3 12 2 12 1 7 1 3 2 8 2 6 6 10 4 24 1 4 1 1 4 6 3 24 1 5 1 1 2 2 2 55 
2 2 2 15 0 0 1 1 1 4 1 7 1 1 2 18 6 26 0 0 2 2 1 28 1 22 0 0 4 6 1 8 0 0 2 2 1 2 3 8 3 7 2 5 3 3 2 6 4 158 7 32 0 0 3 5 3 28 0 0 2 20 1 1 
1 1 0 0 3 5 0 0 5 1640 2 2 3 4 2 16 3 34 2 3 2 2 2 3 3 10 1 1 2 7 2 8 1 1 3 20 2 3 3 9 3 144 3 17 2 2 1 7 1 3 3 45 2 3 3 4 5 9 3 30 1 1 1 1 
3 3 0 0 3 6 1 2 4 6 2 6 6 9 1 1 1 1 1 3 2 6 1 1 2 82 1 1 3 3 2 3 0 0 2 4 3 13 0 0 1 17 2 2 4 47 3 6 2 86 0 0 0 0 3 6 3 13 4 26 3 100 4 5 
4 19 1 1 3 7 3 4 2 2 1 5 1 21 4 19 1 2 2 15 2 6 0 0 1 2 5 11 4 37 4 10 2 9 1 1 2 43 2 112 0 0 2 11 1 1 3 10 1 1 5 6 0 0 2 13 3 19 3 4 1 1 0 0 
2 2 2 5 5 92 0 0 3 4 4 29 3 4 3 3 4 77 1 1 1 1 1 4 1 154 3 8 2 2 2 9 1 1 5 26 1 1 5 34 0 0 1 5 1 1 1 65 0 0 3 3 3 22 3 18 3 8 3 133 4 18 2 8 
2 11 2 9 1 1 1 3 3 26 3 4 0 0 0 0 4 156 0 0 2 14 2 3 3 9 1 3 0 0 3 3 1 10 1 1 2 8 1 2 2 4 3 5 4 74 2 2 1 1 3 9 1 1 5 12 1 3 3 12 0 0 4 5 
1 9 3 11 5 24 3 35 1 2 2 3 2 2 4 8 2 20 4 9 0 0 2 365 4 40 2 2 0 0 3 4 1 2 2 3 1 1 2 12 5 22 1 1 3 13 1 1 0 0 2 3 2 2 4 8 2 2 1 1359 2 10 1 9 
0 0 2 2 3 27 1 1 1 1 1 1 4 18 2 2 2 15 2 4 3 13 1 1 0 0 3 7 1 1 4 30 1 1 2 15 1 1 2 25 0 0 3 23 5 36 0 0 2 2 0 0 1 11 2 2 1 1 0 0 4 11 1 3 
1 31 3 3 2 5 1 1 0 0 3 14 1 27 4 8 3 70 2 6 3 15 2 6 4 34 2 5 1 1 1 2 3 18 3 10 0 0 4 4 4 43 2 2 4 5 3 3 1 2 3 32 1 3 3 24 1 1 2 5 6 77 2 3 
2 4 4 77 3 11 2 2 2 8 3 3 2 299 1 6 2 2 3 3 0 0 1 2 3 29 3 9 2 55 3 3 3 3 1 1 2 6 1 2 2 2 3 6 1 1 0 0 1 1 2 2 1 2 2 11 3 16 2 2 3 8 3 23 
5 5 1 8 5 10 1 1 1 5 2 27 3 4 2 7 5 10 3 64 1 1 1 11 1 1 1 1 1 2 3 6 0 0 0 0 1 1 3 155 1 42 4 15 6 6 0 0 1 1 3 45 1 1 1 2 2 8 0 0 3 5 1 14 
1 22 3 3 1 5 3 3 3 8 1 1 1 1 1 1 1 16 1 1 0 0 1 1 1 4 0 0 5 18 2 6 3 64 2 45 3 6 3 10 2 4 0 0 4 10 0 0 1 1 3 33 2 19 1 2 0 0 3 25 1 3 4 4 
2 49 2 18 1 1 4 12 1 10 1 1 2 7 5 16 2 7 1 191 1 2 1 1 2 4 3 576 1 3 4 7 4 8 1 1 2 2 1 1 3 11 3 3 2 10 3 8 2 31 1 1 3 11 2 3 2 3 1 6 2 6 1 5 
3 12 3 6 1 2 1 1 4 6 1 1 2 3 2 3 3 5 2 2 1 1 2 6 1 1 2 3 2 9 0 0 1 9 2 7 3 49 1 1 1 1 3 8 3 8 2 2 3 13 2 18 1 1 1 1 0 0 3 8 0 0 2 9 
4 7 4 307 3 7 0 0 2 5 1 1 2 2 1 1 0 0 5 12 0 0 2 6 3 10 4 11 2 16 0 0 4 24 4 6 1 3 4 65 3 7 0 0 1 1 2 2 0 0 2 2 2 2 2 2 1 2 0 0 4 19 1 3 
1 1 2 4 2 15 0 0 0 0 3 10 3 11 6 26 1 15 1 50 3 15 1 1 2 6 2 3 5 11 3 15 0 0 1 1 0 0 3 7 1 3 4 12 3 4 3 28 1 1 2 4 2 2 2 153 1 1 1 1 2 2 6 75 
2 4 3 15 2 80 2 12 0 0 2 27 3 13 3 4 0 0 3 9 2 2 0 0 1 3 0 0 2 8 0 0 1 5 2 5 3 12 2 2 3 3 0 0 1 19 1 1 2 13 1 1 1 1 2 13 6 50 3 5 1 1 1 2 
2 9 3 16 1 1 1 6 3 11 6 56 0 0 4 9 2 331 0 0 4 4 3 7 2 3 4 22 3 3 3 38 4 94 1 1 1 1 1 4 1 2 2 125 2 14 2 4 1 2 0 0 1 1 3 9 3 15 3 4 2 50 1 1 
1 2 1 1 3 6 1 1 1 9 2 17 0 0 2 24 0 0 3 23 4 44 1 2 5 29 1 3 0 0 2 37 0 0 2 2 3 8 1 1 1 5 2 3 0 0 2 2 0 0 5 12 4 111 0 0 1 5 3 37 4 6 3 4 
2 2 3 6 2 3 2 37 2 16 3 3 1 6 2 299 0 0 2 6 0 0 1 1 0 0 3 3 1 1 0 0 2 14 2 2 0 0 1 1 3 5 1 119 4 4 4 6 3 218 0 0 4 16 2 2 1 1 6 18 2 3 1 8 
3 16 2 7 0 0 3 46 0 0 2 14 2 2 2 8 3 107 1 8 0 0 1 1 3 3 1 4 2 12 2 95 4 49 0 0 3 13 1 2 2 2 1 21 3 7 2 7 2 7 2 9 1 2 2 14 1 1 7 68 3 14 1 9 
2 2 3 20 0 0 0 0 1 15 1 6 3 1595 0 0 5 32 2 2 1 6 2 13 2 16 2 2 2 13 2 863 1 9 0 0 1 1 5 46 1 5 4 7 3 10 4 38 5 6 3 4 2 12 2 3 1 1 1 1 2 15 1 5 
6 15 3 4 1 1 2 64 3 12 3 307 1 1 0 0 2 3 0 0 1 1 3 4 1 1 1 1 5 10 4 54 1 5 1 1 3 3 2 8 1 1 2 3 2 2 1 1 2 11 0 0 4 61 3 11 1 1 2 3 2 2 1 1 
3 10 3 7 3 14 1 1 2 6 3 23 5 56 2 4 4 13 2 5 1 1 4 30 5 31 0 0 1 1 5 68 2 2 2 4 2 32 1 1 3 7 3 25 3 125 4 32 3 13 3 3 1 1 5 62 1 1 4 63 4 29 2 5 
6 21 1 2 1 1 1 2 4 26 2 2 2 5 0 0 2 10 1 6 2 8 1 2 1 3 1 4 6 96 0 0 3 24 2 4 1 3 2 10 2 3 0 0 1 5 1 1 1 9 0 0 1 5 2 21 1 1 0 0 2 3 4 26 
2 3 2 13 2 2 1 1 0 0 2 4 3 3 1 2 2 3 1 11 3 8 1 29 2 10 2 4 4 44 3 3 1 2 4 55 3 4 1 1 0 0 4 29 3 21 4 9 1 3 1 1 1 10 1 1 3 180 1 1 1 1 4 89 
1 2 4 13 3 3 4 11 1 1 2 14 1 18 0 0 2 7 1 1 2 9 2 8 1 1 1 2 0 0 2 2 1 1 4 26 3 19 2 7 3 5 2 5 1 11 2 18 3 10 1 7 0 0 4 4 0 0 2 15 0 0 2 4 
0 0 4 176 3 3 3 9 4 31 0 0 0 0 1 1 3 16 3 3 1 2 2 4 1 1 2 8 3 11 2 9 3 3 2 3 1 21 7 31 3 14 3 22 2 4 0 0 1 1 1 1 2 6 3 3 5 12 4 12 5 26 2 6 
0 0 6 13 2 3 1 3 3 9 3 6 2 10 3 3 1 2 3 21 1 1 1 4 3 3 2 8 0 0 3 3 1 1 4 5 2 4 0 0 1 8 1 5 2 15 2 5 0 0 3 22 1 1 2 20 5 17 1 7 4 7 1 6 
5 15 5 9 2 19 3 3 1 25 5 22 0 0 2 2 4 13 2 2 0 0 4 9 0 0 2 30 5 6 4 9 1 1 3 3 2 3 6 20 3 5 1 1 4 19 6 12 1 1 1 6 6 10 2 2 1 1 2 2 0 0 2 18 
4 11 0 0 2 150 0 0 2 2 3 12 1 2 1 1 3 3 0 0 2 2 1 1 3 3 2 2 1 1 2 11 3 7 1 6 2 4 1 1 2 5 4 14 2 11 2 19 0 0 2 3 5 17 2 3 0 0 4 8 3 94 2 11 
3 5 3 19 2 3 1 7 2 2 0 0 0 0 5 9 0 0 3 16 3 3 2 9 0 0 0 0 2 5 2 8 0 0 2 10 2 17 0 0 1 13 4 11 5 11 0 0 4 5 2 32 0 0 2 2 1 1 3 21 3 34 1 1 
1 8 1 1 0 0 1 1 1 4 1 26 1 5 1 28 3 24 2 2 0 0 1 1 1 1 1 2 2 25 2 11 2 8 0 0 1 1 0 0 2 2 3 87 5 8 5 12 0 0 1 1 3 12 0 0 1 1 0 0 2 55 2 24 
3 5 2 2 2 7 1 1 4 6 4 44 0 0 4 4 0 0 1 1 3 5 6 74 2 7 1 213 4 230 2 7 2 2 1 1 2 2 0 0 1 1 1 5 0 0 3 26 0 0 2 2 3 5 3 23 3 6 1 27 1 3 0 0 
1 113 4 44 3 12 0 0 3 128 2 9 0 0 2 2 2 3 4 38 2 3 1 3 1 2 3 4 0 0 2 112 0 0 1 1 0 0 1 1 1 1 2 2 1 1 2 6 1 1 1 3 1 3 1 1 1 3 1 1 1 2 3 23 
4 14 1 8 1 2 1 1 3 21 4 18 4 31 0 0 1 1 0 0 1 1 0 0 2 16 2 4 4 35 2 2 0 0 1 10 0 0 4 19 3 38 1 11 2 8 2 6 1 1 3 10 2 4 2 9 6 37 1 28 3 3 1 1 
4 8 0 0 2 10 0 0 2 6 1 5 0 0 0 0 2 10 2 2 1 4 1 1 3 8 0 0 2 7 0 0 5 17 3 5 2 2 3 5 3 6 5 33 4 6 1 1 2 14 4 6 1 1 2 5 3 4 2 2 1 1 1 1 
2 4 1 22 1 23 2 5 3 60 5 146 2 10 2 4 1 1 4 6 2 20 3 19 2 17 3 6 4 26 1 1 2 13 0 0 5 7 3 8 1 4 3 8 4 445 2 3 2 5 1 1 2 103 0 0 2 4 2 3 4 38 3 31 
4 36 3 12 1 8 1 38 3 20 1 5 1 11 2 9 1 2 3 5 3 3 4 36 4 13 0 0 2 5 4 22 3 9 3 3 2 2 2 2 0 0 5 61 3 33 2 4 2 2 0 0 2 5 5 20 1 1 2 3 3 9 2 9 
3 6 1 1 3 3 1 1 3 26 3 10 3 4 3 72 1 1 1 12 3 5 1 1 1 2 3 3 4 10 2 4 1 5 1 2 0 0 2 5 3 3 6 38 1 6 2 6 1 1 1 5 1 1 1 1 3 6 1 8 3 8 1 1 
2 45 2 11 0 0 0 0 1 1 3 46 4 14 3 15 4 13 4 27 1 2 2 21 1 2 2 6 3 5 0 0 0 0 2 3 2 5 1 1 3 4 0 0 3 53 5 29 1 1 3 3 2 2 1 2 3 3 3 4 0 0 1 14 
4 5 2 2 0 0 3 4 2 2 0 0 1 3 2 41 3 15 3 3 4 8 2 2 3 22 3 50 2 3 3 5 3 6 0 0 3 10 2 3 5 14 3 48 5 14 2 11 4 20 2 6 0 0 1 1 1 2 2 2 3 17 1 2 
0 0 2 12 4 5 1 1 0 0 2 20 1 1 3 11 4 48 2 13 3 6 0 0 1 1 1 4 3 13 0 0 2 2 3 4 3 4 1 1 2 3 4 32 2 8 4 64 4 5 1 74 1 1 1 4 5 12 3 11 3 8 2 5 
1 8 0 0 2 2 1 1 6 35 4 38 1 2 2 71 2 8 1 1 1 12 1 8 2 9 1 1 0 0 1 1 2 2 1 1 3 38 2 113 2 99 2 6 3 8 4 8 1 17 1 1 3 32 1 1 1 1 3 5 0 0 3 9 
1 1 1 3 2 6 2 2 1 1 2 3 2 1054 1 1 6 97 3 5 0 0 2 2 2 17 4 24 1 1 0 0 1 1 1 2 1 3 2 5 1 6 5 144 0 0 0 0 3 4 0 0 1 2 1 19 3 5 2 24 2 3 2 8 
2 13 1 1 1 11 2 28 1 7 3 9 1 8 1 4 1 1 5 57 4 135 4 6 1 1 1 1 2 14 1 1 6 11 1 1 6 44 0 0 1 1 1 14 4 12 1 2 5 8 1 1 3 3 3 36 3 5 1 1 2 4 3 4 
3 29 1 1 1 1 1 1 2 2 2 5 2 13 3 6 0 0 1 1 4 27 3 31 4 47 3 3 3 14 3 22 1 1 2 5 1 1 3 3 2 13 3 3 1 3 1 1 0 0 2 9 5 19 2 6 2 3 1 1 2 2 1 6 
2 2 1 1 2 2 2 2 2 7 2 2 1 1 1 28 2 11 4 10 0 0 2 11 4 14 1 2 2 3 0 0 1 1 2 14 0 0 2 7 3 4 2 20 4 5 6 39 2 4 1 8 1 1 2 3 1 1 3 32 1 5 1 3 
1 1 2 4 2 8 2 6 2 36 3 3 0 0 2 3825 3 27 2 47 1 1 3 9 2 2 1 1 3 13 1 2 3 519 2 6 3 3 3 3 2 2 1 2 1 1 1 18 2 23 1 2 2 221 3 25 3 14 1 4 1 11 2 8 
2 36 3 16 5 12 1 2 1 2 1 1 4 6 2 4 3 10 1 1 1 1 4 14 2 2 3 3 3 6 3 25 2 3 0 0 0 0 1 1 0 0 1 7 2 2 3 17 6 71 5 38 2 16 3 35 3 10 1 1 1 1 1 2 
0 0 0 0 4 13 5 69 1 1 1 7 2 214 1 1 3 42 0 0 0 0 3 47 1 1 4 14 4 31 3 8 3 4 2 28 1 8 2 2 6 21 0 0 3 6 0 0 3 4 1 1 2 2 3 13 2 8 1 6 4 16 2 12 
2 11 0 0 1 8 4 182 6 13 4 6 2 6 1 1 3 7 2 3 2 4 3 3 2 2 2 105 5 20 0 0 4 38 0 0 1 1 1 6 3 3 1 4 2 4 3 4 3 8 1 7 2 3 2 4 4 7 2 35 4 14 1 1 
4 39 0 0 7 133 1 1 3 19 2 13 2 4 3 5 7 83 2 5 1 1 1 3 4 6 5 15 2 5 5 14 1 2 1 4 3 26 1 1 1 1 2 33 4 7 2 8 0 0 2 187 1 1 1 1 5 10 2 32 6 28 1 1 
3 12 5 131 1 1 1 17 1 2 2 2 4 24 2 2 4 4 0 0 2 4 3 3 2 2 4 21 6 9 0 0 2 9 0 0 2 14 1 26 2 2 4 6 1 1 2 5 3 25 2 7 0 0 1 2 0 0 2 4 0 0 1 1 
1 3 4 5 2 2 0 0 2 33 5 11 2 211 4 39 3 3 2 7 4 8 0 0 3 7 0 0 2 3 2 2 4 45 3 7 0 0 0 0 3 7 2 2 3 6 3 11 1 3 2 32 2 6 1 1 3 16 4 12 3 4 5 23 
3 11 2 151 2 6 2 6 0 0 3 5 3 10 1 2 4 6 2 9 3 13 1 11 2 12 5 9 0 0 1 3 0 0 1 1 4 4734 4 16 6 13 2 2 3 7 3 3 1 1 1 1 4 5 3 97 0 0 2 4 5 15 1 1 
2 2 1 1 1 1 3 9 3 3 0 0 1 1 2 5 1 1 4 4 2 2 2 4 2 3 1 1 3 9 1 2 3 9 2 5 2 15 5 28 0 0 4 39 1 1 6 10 1 1 4 12 3 7 2 7 3 3 1 2 2 2 6 7 
1 1 2 5 4 39 1 51 4 6 1 2 4 15 5 6 3 12 4 11 4 65 3 20 1 1 2 111 5 10 3 20 4 59 2 19 2 5 3 3 4 62 0 0 1 4 1 3 4 12 4 6 1 8 1 1 0 0 0 0 1 5 1 1 
1 1 4 39 4 482 2 2 0 0 1 1 2 7 2 14 1 8 6 24 4 58 1 95 2 15 3 7 2 2 5 261 4 8 1 1 1 1 1 5 3 16 4 4 1 1 3 10 3 5 1 19 3 20 2 21 1 26 1 1 2 6 5 47 
3 15 3 10 1 1 1 10 1 1 2 11 2 4 4 11 3 23 1 6 3 5 1 2 6 2205 6 9 3 44 2 2 5 17 4 11 1 1 0 0 4 29 1 9 1 1 2 37 1 13 0 0 1 1 1 1 3 4 4 8 1 1 4 12 
3 7 0 0 3 4 4 9 4 6 5 85 2 2 3 22 0 0 3 3 0 0 3 50 2 6 1 1 1 1 0 0 1 1 1 56 4 20 1 1 0 0 2 25 2 5 4 7 1 1 3 7 0 0 3 7 2 6 0 0 1 2 2 4 
1 55 3 4 5 27 2 3 0 0 2 4 1 1 1 1 3 7 0 0 2 6 4 9 2 23 3 5 1 1 2 13 1 1 1 311 1 6 1 1 4 10 0 0 1 1 3 80 2 3 0 0 5 43 1 2 3 9 3 17 4 13 3 11 
2 2 1 1 1 9 3 30 2 6 5 14 0 0 2 2 4 15 3 7 2 2 0 0 0 0 5 13 2 22 1 1 0 0 1 1 4 4 2 2 1 1 3 9 4 11 2 5 1 1 2 5 3 17 2 5 1 2 3 3 1 2 2 6 
5 14 1 1 0 0 0 0 1 1 2 2 1 5 4 11 5 16 2 19 3 8 0 0 1 1 1 5 2 3 3 6 1 1 3 15 2 27 1 1 2 55 0 0 1 2 1 2 2 8 3 6 1 1 2 2 1 4 4 4 4 69 3 8 
2 20 1 1 2 2 1 1 1 1 2 4 5 12 2 4 2 20 2 10 0 0 2 15 2 12 1 1 1 3 3 7 1 1 3 3 2 6 2 296 0 0 6 55 0 0 2 18 4 4 1 6 4 8 3 195 3 5 1 7 4 40 3 9 
2 6 4 4 4 24 4 6 2 2 2 10 3 3 3 30 3 8 2 2 4 6 1 1 0 0 2 33 1 3 1 1 4 14 3 28 1 1 3 32 5 39 3 7 1 2 1 98 0 0 2 7 3 3 0 0 2 2 2 8 3 12 1 1 
1 1 0 0 2 2 2 4 3 7 2 8 2 2 3 10 5 10 1 3 0 0 2 2 3 10 3 3 2 25 4 51 6 6 3 3 2 2 1 9 2 2 2 9 2 2 4 4 4 20 0 0 2 2 2 2 2 6 3 12 4 4 2 122 
3 5 3 3 3 5 5 16 3 3 0 0 1 1 2 3 3 15 0 0 3 3 2 2 3 17 1 1 5 7 0 0 2 8 1 1 2 2 3 233 1 4 3 4 1 1 1 4 3 71 2 3 2 91 3 21 0 0 1 1 1 1 1 1 
3 4 4 29 1 5 1 2 4 8 0 0 1 1 1 7 1 1 3 4 4 7 2 19 2 22 0 0 3 18 3 11 8 231 1 4 1 4 0 0 2 4 3 14 1 1 0 0 3 5 2 8 2 13 1 4 0 0 2 35 0 0 0 0 
3 24 2 7 5 6 1 1 2 7 0 0 4 23 4 10 6 30 2 3 0 0 1 1 5 35 2 79 1 2 2 18 0 0 4 7 3 346 5 42 1 2 0 0 2 67 5 17 2 6 1 1 2 10 1 1 1 1 1 3 1 1 1 1 
1 3 1 18 1 1 1 1 4 7 3 3 2 2 4 10 4 5 2 8 1 7 3 3 4 18 1 5 0 0 1 1 5 7 1 14 1 1 4 4 3 6 3 7 2 14 0 0 3 3 1 1 1 1 0 0 2 2 6 22 4 25 1 9 
0 0 0 0 5 81 1 1 3 3 3 8 3 8 2 11 1 1 3 13 1 6 1 19 1 3 3 7 1 2 3 5 1 4 3 24 1 1 1 2 2 2 1 1 2 4 1 1 0 0 4 5 4 50 4 19 1 1 1 16 2 2 0 0 
1 3 4 42 0 0 3 7 1 2 1 1 2 2 4 13 5 6 2 12 1 1 2 12 1 1 2 8 2 2 6 9 2 7 1 2 2 2 1 1 2 7 1 3 3 3 4 15 5 32 4 226 2 3 4 51 3 7 1 7 3 26 2 5 
4 5 3 15 4 25 0 0 4 6 4 5 3 7 1 1 1 1 2 20 2 2 7 23 1 1 2 5 2 43 2 4 2 2 5 13 7 20 2 12 0 0 1 1 2 3 2 5 2 2 4 10 1 10 2 7 0 0 3 14 2 29 4 8 
1 1 2 2 4 30 1 9 0 0 2 7 1 1 0 0 2 13 4 7 4 6 3 13 2 3 2 2 6 17 0 0 2 3 1 1 2 2 2 2 5 73 6 22 2 6 3 6 2 2 3 11 1 5 3 5 3 9 3 4 2 13 4 13 
2 7 3 157 3 91 3 3 2 2 1 2 1 1 2 2 2 9 3 3 0 0 3 10 2 14 3 58 1 1 2 20 3 31 0 0 1 4 3 8 2 245 2 3 0 0 3 18 2 2 0 0 1 13 2 2 0 0 1 2 1 1 1 1 
2 2 1 2 3 10 3 33 3 17 3 9 2 76 3 4 5 819 4 5 0 0 3 3 1 4 2 4 3 12 1 1 3 56 3 20 0 0 1 1 3 29 4 15 2 18 2 5 4 5 1 3 1 1 3 39 0 0 2 4 2 12 5 13 
3 17 4 8 2 2 2 63 3 6 2 4 2 4 2 2 2 2 1 18 2 9 0 0 2 5 4 25 4 21 4 6 3 107 3 21 5 248 1 3 3 26 4 24 3 3 2 3 2 8 1 2 4 12 0 0 4 13 2 5 2 2 0 0 
3 144 3 9 1 1 2 44 1 11 1 6 1 1 1 2 0 0 2 3 3 3 1 1 7 160 3 8 3 13 2 11 2 4 2 7 3 96 1 2 2 8 1 2 2 8 2 4 0 0 2 3 1 1 1 7 4 7 3 61 3 6 1 20 
4 19 2 2 3 19 2 2 4 12 1 59 4 22 3 8 3 14 1 4 0 0 1 16 2 3 3 3 0 0 3 5 0 0 4 9 2 36 3 18 2 3 2 24 1 1 3 10 1 2 6 15 4 11 1 5 2 3 4 27 4 35 2 8 
1 5 3 3 1 1 4 14 2 2 3 98 0 0 0 0 3 23 0 0 0 0 3 5 5 16 0 0 3 28 5 42 3 3 2 8 2 2 4 4 2 43 2 9 1 3 2 5 4 50 1 1 2 7 3 7 2 2 2 3 2 3 1 1 
1 8 2 30 1 1 4 33 2 2 3 4 2 2 1 5 1 1 0 0 0 0 2 6 1 2 2 15 3 17 2 2 1 2 2 89 4 5 2 4 3 3 2 21 2 18 4 10 1 1 0 0 0 0 2 2 3 30 2 15 1 1 1 1 
4 7 1 1 3 12 1 1 0 0 3 9 3 57 3 31 3 5 1 1 3 8 4 8 3 8 1 1 4 77 1 1 4 6 0 0 4 10 0 0 4 113 2 2 1 9 0 0 1 1 0 0 5 24 2 2 3 12 1 1 2 12 1 1 
3 147 0 0 1 6 1 3 0 0 3 3 3 3 2 37 4 148 2 13 1 2 1 25 5 18 1 6 3 6 0 0 1 1 1 1 4 63 3 13 3 4 3 7 0 0 4 87 3 3 2 4 1 6 1 6 2 2 1 2 1 1 0 0 
2 7 0 0 2 6 5 16 2 5 1 9 5 6 3 5 2 10 2 80 1 2 4 35 2 102 2 6 1 2 0 0 1 1 4 9 2 5 2 6 1 4 1 1 5 36 2 9 2 3 0 0 0 0 3 12 0 0 1 1 1 2 6 13 
1 1 4 20 2 10 0 0 2 4 1 9 0 0 3 13 1 1 4 8 4 18 2 205 2 11 0 0 2 11 3 3 3 74 1 6 4 57 1 1 5 247 2 10 2 52 2 18 3 4 0 0 2 5 0 0 3 3 1 1 2 6 1 4 
0 0 3 11 3 6 0 0 2 11 1 20 0 0 4 4 2 3 0 0 0 0 2 11 1 1 1 1 0 0 3 5 6 50 3 9 2 8 0 0 3 28 1 1 2 17 3 3 1 2 1 6 4 7 0 0 3 4 0 0 1 6 3 10 
3 9 0 0 2 6 3 11 2 4 2 5 1 1 2 59 2 14 0 0 2 6 4 5 2 3 4 4 2 14 4 53 2 9 2 3 2 57 1 1 1 12 2 7 4 26 2 29 2 7 3 7 0 0 2 7 1 3 4 6 3 16 2 2 
2 3 0 0 2 34 3 6 2 2 2 2 2 563 2 2 1 19 3 11 4 7 3 3 3 23 2 3 1 10 1 6 3 7 1 42 2 19 1 13 0 0 1 1 1 1 3 15 0 0 4 6 1 3 1 1 3 3 1 1 0 0 3 9 
1 2 1 1 1 1 1 2 2 16 1 2 6 150 1 2 2 32 4 27 3 6 3 13 3 3 1 3 7 11 4 12 4 6 4 23 4 17 3 10 4 14 2 2 1 1 3 97 2 2 1 6 2 616 0 0 3 60 4 11 2 2 2 20 
2 26 1 5 1 10 1 352 1 1 2 3 1 1 3 9 3 5 4 5 1 1 3 20 0 0 2 7 4 7 0 0 2 2 0 0 1 2 0 0 1 1 3 7 2 8 4 9 2 2 4 7 7 38 4 5 2 7 0 0 4 21 1 1 
1 1 1 1 1 2 4 36 2 2 3 14 1 1 2 13 2 2 4 15 1 1 1 3 2 5 1 1 2 5 2 2 2 3 2 3 3 136 4 7 0 0 3 7 1 1 2 3 2 12 2 3 2 47 0 0 3 7 1 1 0 0 0 0 
5 29 2 6 1 1 2 2 3 7 2 213 3 11 1 2 3 7 1 1 4 6 2 2 3 638 3 30 0 0 4 230 1 2 2 8 2 5 4 15 2 2 2 5 2 192 6 12 4 32 1 12 1 3 3 7 4 16 3 16 3 4 5 32 
2 4 3 16 4 99 1 1 2 5 0 0 0 0 1 8 3 10 2 2 1 23 1 1 2 2 1 11 4 7 2 26 2 2 5 10 2 4 1 2 3 9 8 11 1 2 2 6 4 8 1 6 1 1 1 1 1 1 1 12 3 3 3 7 
2 2 2 4 1 4 2 7 6 11 0 0 3 3 2 12 2 2 5 131 1 3 4 34 2 7 1 29 1 3 1 3 2 7 3 3 2 8 4 6 2 5 2 2 0 0 0 0 3 3 4 8 3 14 1 2 4 6 4 8 1 1 2 15 
1 2 1 1 3 3 0 0 2 9 2 40 0 0 0 0 0 0 0 0 1 1 2 6 1 5 2 3 4 6 2 3 4 16 2 4 2 7 2 26 3 70 3 5 0 0 2 2 2 2 1 1 4 17 2 9 4 8 3 5 3 3 1 2 
2 2 2 3 4 6 1 6 1 1 3 9 1 4 2 6 2 6 4 19 1 1 2 8 1 1 1 2 4 4 2 8 6 9 1 1 6 22 3 56 3 4 2 7 3 4 4 8 1 1 3 26 3 3 3 18 7 13 3 25 1 7 4 17 
4 8 2 25 5 422 4 21 2 3 2 8 0 0 6 80 4 10 2 15 2 2 5 41 2 5 4 7 3 5 4 58 3 28 2 7 2 2 2 9 1 1 4 299 0 0 2 9 1 1 1 4 4 14 4 7 3 6 1 7 2 4 3 36 
3 13 0 0 3 6 1 2 2 2 1 1 2 8 4 16 2 2 1 3 3 16 3 3 3 25 2 4 2 17 5 153 9 415 3 21 2 2 2 5 2 5 3 3 3 15 3 13 2 3 2 10 2 2 1 4 3 5 3 3 2 3 1 1 
6 15 3 26 4 66 1 1 2 3 3 11 3 45 4 4 3 6 2 2 0 0 4 4 1 1 1 5 2 2 0 0 4 6 3 35 0 0 2 38 1 1 1 1 4 20 3 4 0 0 2 4 5 20 1 2 3 6 3 6 2 4 2 6 
3 24 2 13 2 2 0 0 3 33 3 9 1 1 3 48 0 0 3 50 2 9 1 1 0 0 2 9 2 30 2 16 1 3 2 3 3 188 3 4 1 143 2 2 1 1 2 214 2 2 1 3 1 5 4 17 1 2 4 5 1 7 2 2 
0 0 3 7 3 4 6 92 2 2 3 231 2 4 2 3 3 7 2 5 2 8 2 16 4 43 3 9 3 73 5 10 3 6 2 2 0 0 0 0 2 2 0 0 2 3 0 0 2 2 0 0 0 0 2 4 2 8 0 0 2 26 2 2 
2 2 0 0 3 10 4 5 3 23 1 1 4 15 2 5 2 19 2 24 1 5 3 7 1 1 1 3 0 0 4 113 1 1 0 0 2 21 3 5 2 4 1 1 1 1 2 3 4 11 2 27 1 5 2 4 3 4 1 1 1 1 2 12 
3 311 2 2 1 43 0 0 0 0 1 8 3 3 5 10 2 46 2 53 5 30 3 10 4 5 5 37 3 9 1 367 1 1 2 2 2 10 2 2 2 7 1 2 3 9 1 1 0 0 1 1 1 2 2 7 4 9 3 168 4 9 3 4 
0 0 1 5 0 0 3 8 2 3 4 4 2 2 2 2 0 0 0 0 0 0 1 1 1 4 1 3 1 1 1 1 2 442 2 41 2 2 4 4 4 1051 4 15 1 1 2 2 1 1 1 1 1 1 4 52 1 1 3 14 0 0 0 0 
2 8 3 29 2 9 2 2 0 0 1 5 3 4 2 20 0 0 1 8 1 13 3 12 1 2 3 3 3 22 1 2 2 2 2 211 1 2 0 0 3 9 0 0 2 4 2 3 2 2 3 14 2 2 1 2 3 9 7 14 0 0 3 7 
4 68 2 2 0 0 3 6 4 11 1 1 3 4 7 82 1 35 4 79 3 7 5 13 0 0 2 12 1 1 2 2 8 164 2 3 2 5 4 5 3 604 1 1 2 20 1 3 2 8 3 9 3 3 3 149 2 3 1 77 5 31 6 41 
3 11 2 6 3 8 3 12 4 18 0 0 1 13 1 1 1 4 3 7 2 51 2 8 3 11 0 0 4 15 1 2 1 7 4 7 1 1 0 0 1 1 0 0 2 3 1 4 2 7 1 2 2 41 3 97 0 0 4 32 3 7 0 0 
4 31 2 2 4 40 1 11 1 1 3 3 2 15 2 15 2 207 2 13 3 8 3 13 3 11 1 1 1 1 4 14 0 0 3 12 2 4 1 1 4 6 3 77 0 0 3 10 4 9 5 9 4 11 1 1 1 4 2 23 1 1 1 1 
4 44 4 51 1 6 3 30 1 4 6 558 2 3 1 1 1 1 2 4 3 16 5 20 2 2 2 15 2 2 1 1 1 4 0 0 5 9 1 1 2 5 2 34 2 5 1 535 3 9 1 7 0 0 1 1 3 16 1 1 4 19 3 8 
1 1 2 2 2 8 2 2 3 7 2 2 0 0 2 4 0 0 1 1 3 3 1 2 1 1 3 82 1 5 4 4 3 10 4 12 4 17 3 6 4 4 1 1 0 0 1 184 0 0 4 46 1 6 1 1 3 77 1 1 2 3 0 0 
1 1 1 1 4 7 2 4 3 170 7 57 1 6 2 26 2 22 4 36 3 11 3 25 4 56 2 99 1 15 5 313 5 12 0 0 3 3 3 16 1 27 4 9 2 2 2 44 1 2 1 3 0 0 1 6 4 34 1 1 3 8 2 2 
2 2 1 2 6 226 0 0 1 1 1 7 0 0 2 3 1 1 1 1 1 3 2 15 4 4 3 7 0 0 4 111 1 1 3 13 0 0 1 1 4 51 4 40 2 18 1 5 1 1 3 3 4 18 1 1 2 13 1 1 1 3 0 0 
1 1 1 6 0 0 2 10 4 7 3 11 2 7 1 2 5 25 0 0 2 37 3 17 2 4 5 240 1 1 0 0 3 30 6 28 0 0 1 1 0 0 0 0 2 12 1 1 1 1 5 30 0 0 0 0 1 1 0 0 3 4 2 5 
1 1 1 7 2 11 4 6 2 4 2 2 2 4 1 4 5 10 0 0 0 0 3 29 2 5 2 25 3 7 1 5 1 1 3 4 1 82 5 13 4 10 2 2 0 0 2 9 1 7 2 3 2 40 1 1 1 1 2 172 1 25 3 3 
4 35 5 10 3 12 0 0 2 7 1 14 0 0 4 4 4 4 1 1 2 2 0 0 4 7 1 5 4 80 2 12 2 2 1 1 1 4 1 1 1 11 3 23 3 4 2 2 2 7 1 110 4 11 4 6 1 2 6 34 1 3 4 168 
4 134 1 1 2 2 3 3 4 9 2 34 1 4 4 7 2 2 1 5 5 18 1 1 1 1 2 2 2 3 3 3 5 15 5 25 3 3 2 6 2 2 5 28 4 3173 2 2 4 8 2 2 0 0 2 3 0 0 1 2 2 3 1 14 
1 1 3 5 2 9 2 3 1 1 1 1 1 4 3 5 1 6 4 9 3 3 2 7 2 18 2 7 2 22 1 1 1 11 3 11 4 10 5 19 0 0 3 8 1 1 2 4 4 22 2 2 5 40 4 10 6 23 2 7 0 0 1 1 
2 3 2 2 2 5 3 7 0 0 4 17 2 10 3 3 0 0 4 19 1 5 1 9 1 13 2 2 6 317 0 0 3 38 1 1 2 14 2 4 1 1 3 5 3 3 2 24 2 4 3 39 0 0 5 14 2 6 1 1 1 6 1 2 
2 14 1 1 4 12 1 6 2 25 1 9 0 0 3 15 4 4 4 24 1 2 3 4 2 2 1 4 4 14 2 3 4 2907 4 19 2 2 2 20 2 9 1 1 5 16 0 0 2 19 2 5 2 8 2 25 4 13 1 1 1 12 2 6 
1 4 4 6 0 0 2 7 3 4 2 31 3 9 1 4 5 17 4 164 2 57 0 0 2 6 1 1 1 1 4 9 3 5 4 10 0 0 3 9 1 13 0 0 1 5 3 8 1 4 1 2 2 6 2 10 2 2 0 0 1 1 3 3 
2 2 1 1 4 193 1 1 4 10 1 10 2 2 4 322 1 11 5 16 0 0 2 12 2 4 3 5 4 10 0 0 0 0 0 0 1 2 1 1 3 142 2 4 2 2 2 7 5 29 3 3 1 1 2 2 0 0 1 6 4 11 1 1 
3 40 4 8 1 1 2 2 5 13 3 9 5 20 1 4 2 3 3 10 1 4 2 5 2 4 2 13 2 10 2 5 1 4 4 29 3 6 1 2 1 1 3 9 1 1 1 1 3 13 5 10 3 15 2 7 3 11 2 56 4 15 3 4 
0 0 0 0 3 7 3 5 1 1 0 0 2 3 2 7 2 7 5 25 0 0 4 6 0 0 4 10 0 0 1 1 2 12 2 5 1 6 2 4 2 2 3 30 2 2 0 0 3 4 1 1 1 1 1 1 1 3 1 1 2 2 5 8 
1 1 4 18 0 0 2 2 4 13 1 1 1 1 0 0 2 2 5 16 2 3 4 33 1 10 1 1 0 0 0 0 2 20 2 20 2 3 4 11 0 0 3 5 1 1 3 35 3 3 4 6 4 30 0 0 0 0 3 16 1 1 2 4 
1 1 5 23 3 13 1 1 2 4 1 1 5 15 1 1 0 0 3 3 3 9 0 0 5 5 1 1 2 3 3 8 2 2 1 1 2 5 1 1 3 7 3 6 1 141 0 0 3 7 1 1 1 1 3 14 1 53 3 5 1 1 1 1 
1 1 0 0 3 14 2 4 1 5 2 10 2 4 5 20 3 4 4 12 2 4 1 1 0 0 1 1 2 3 3 8 2 2 0 0 1 6 2 16 1 2 1 1 3 9 3 41 2 12 3 30 4 21 4 14 3 9 1 1 1 1 1 4 
3 5 1 4 3 14 1 4 3 10 5 33 1 1 2 7 2 3 2 6 5 8 2 5 3 4 3 6 1 2191 1 1 2 3 2 5 2 2 0 0 2 3 1 1 2 4 0 0 4 10 0 0 3 10 5 40 2 34 3 16 4 37 3 3 
4 10 5 17 2 2 1 1 4 12 2 2 1 1 1 6 1 5 1 2 3 3 2 4 1 1 1 5 2 2 2 3 2 14 3 7 2 2 4 6 2 15 3 5 4 24 1 2 3 7 2 2 2 2 4 213 5 10 1 2 2 2 3 9 
2 2 2 10 1 1 4 18 1 1 1 2 0 0 3 108 0 0 1 1 1 6 2 12 2 2 5 73 1 1 2 3 3 27 1 2 1 3 1 1 3 14 1 1 1 1 2 2 2 30 3 5 1 12 1 32 0 0 2 76 3 3 2 9 
3 9 3 5 2 19 3 5 3 15 0 0 5 29 2 12 6 24 1 1 1 6 0 0 1 1 2 2 3 18 3 15 1 1 3 3 3 6 0 0 2 3 0 0 2 8 2 7 3 3 2 2 1 1 2 2 2 19 1 1 1 1 3 7 
3 59 3 23 1 1 3 3 0 0 5 10 2 6 0 0 3 3 1 6 1 1 6 12 3 4 2 6 0 0 1 2 1 1 3 16 1 70 3 96 2 7 2 8 2 2 1 1 1 1 2 11 2 5 1 1 2 7 7 69 1 1 2 4 
4 20 0 0 1 1 1 1 1 4 2 7 3 7 1 1 2 6 1 1 2 9 0 0 1 6 3 3 1 1 2 5 1 5 3 3 4 4 1 2 2 8 2 10 2 3 2 2 2 8 0 0 1 3 0 0 2 12 4 46 3 3 0 0 
2 35 3 7 2 10 2 92 2 8 2 37 1 1 2 12 4 34 0 0 2 3 3 17 3 15 6 22 0 0 3 25 3 5 4 16 3 14 1 7 1 3 2 2 2 2 3 3 1 1 3 57 2 5 1 1 5 43 1 11 2 3 1 3 
2 40 2 2 6 12 2 10 3 31 1 1 3 6 2 11 3 14 2 2 1 1 1 35 4 18 2 3 2 2 2 2 2 2 7 21 1 1 3 3 2 2 2 139 2 6 1 1 0 0 3 3 3 7 3 79 0 0 3 58 1 1 3 23 
1 11 3 9 1 6 1 2 0 0 1 4 3 3 3 32 2 27 2 2 1 1 2 37 1 25 1 2 3 9 1 1 1 1 1 7 0 0 3 3 1 18 0 0 1 4 3 3 3 4 1 2 2 6 2 3 0 0 1 9 0 0 1 1 
1 1 2 3 1 1 2 2 2 2 1 2 1 1 3 3 4 19 4 18 1 1 1 1 1 3 4 10 0 0 2 3 0 0 3 12 3 22 1 3 2 9 2 5 1 1 1 4 0 0 2 4 5 6 4 4 2 298 0 0 1 7 2 2 
4 25 2 5 4 230 5 52 2 3 2 2 1 2 1 1 0 0 2 4 2 5 1 1 0 0 3 3 2 13 3 7 4 22 3 4 4 70 2 5 2 5 3 14 0 0 1 10 1 1 3 9 1 2 3 7 3 6 2 15 3 30 2 3 
3 4 1 6 2 5 0 0 1 3 2 7 1 1 1 2 3 4 3 6 5 19 2 10 2 12 2 6 2 3 0 0 3 27 1 2 1 1 5 22 3 46 2 3 2 2 0 0 3 10 3 55 0 0 7 7 1 1 1 6 4 6 2 7 
2 2 1 5 2 9 1 1 0 0 1 3 4 10 2 4 2 4 2 2 2 6 2 3 2 12 3 3 3 9 1 1 4 4 4 7 1 69 1 1452 0 0 1 2 2 230 0 0 0 0 1 6 0 0 0 0 1 2 1 4 0 0 1 1 
1 1 3 8 2 6 2 4 1 2 1 1 3 4 2 2 4 14 3 22 3 11 4 14 3 3 2 75 2 4 4 4 0 0 2 101 3 7 0 0 2 5 0 0 2 5 4 58 2 4 3 7 0 0 3 4 0 0 2 22 2 4 1 1 
1 14 3 4 3 42 2 5 2 5 1 1 6 24 3 5 1 1 1 2 2 3 4 5 1 16 1 21 4 49 2 1876 3 8 2 3 2 2 5 9 1 5 2 8 0 0 3 7 3 11 1 1 1 17 0 0 1 1 0 0 3 211 2 4 
2 4 5 26 1 1454 1 5 5 15 1 1 0 0 3 4 7 45 0 0 3 3 3 10 3 35 3 10 2 2 1 8 4 155 1 29 4 11 2 9 2 24 1 7 3 13 5 19 1 14 1 2 2 2 1 1 4 9 4 38 4 8 1 1 
0 0 3 13 1 14 1 3 2 6 2 3 3 3 4 9 5 6 2 18 1 1 1 6 2 31 0 0 5 6 3 5 3 11 2 2 3 5 1 1 3 6 1 1 2 2 1 8 0 0 5 15 0 0 2 2 2 2 3 7 2 2 2 2 
2 2 3 3 3 4 1 2 2 9 2 6 3 6 0 0 0 0 1 1 0 0 1 11 1 1 2 6 2 13 3 3 3 4 3 3 2 13 3 3 2 4 2 7 1 1 1 19 2 10 3 3 0 0 3 12 4 6 4 6 0 0 2 3 
2 6 2 5 0 0 4 16 0 0 1 1 2 2 2 2 1 1 6 19 2 3 1 8 3 12 0 0 2 3 5 5 4 10 2 7 4 22 2 7 2 9 1 1 3 5 1 2 2 2 1 1 2 3 1 1 2 25 2 2 1 2 0 0 
3 3 3 15 3 16 0 0 1 1 2 3 1 6 1 2 1 1 1 1 2 10 2 2 1 2 2 17 1 1 0 0 5 87 3 172 1 1 2 2 2 3 1 46 2 2 5 58 0 0 4 16 1 1 3 9 3 4 1 1 4 6 2 2 
2 2 2 9 3 6 5 8 4 7 3 169 3 9 3 158 1 3 2 11 1 1 3 32 4 5 3 4 8 30 3 6 2 10 4 8 4 13 4 56 0 0 3 43 3 10 3 9 4 18 3 35 2 2 3 16 1 2 2 42 0 0 1 1 
2 6 0 0 7 16 1 1 6 1511 2 6 6 9 0 0 1 6 3 61 2 4 3 4 2 2 3 110 2 7 5 5 1 1 0 0 4 6 1 1 3 6 2 2 0 0 3 4 2 7 4 6 0 0 1 1 3 4 2 3 3 3 1 4 
4 20 0 0 1 1 2 239 2 10 0 0 2 13 1 2 1 3 2 3 0 0 2 2 3 5 3 10 1 1 1 3 0 0 2 3 5 25 2 20 1 26 3 3 2 2 1 1 2 7 1 1 3 3 1 3 3 10 4 13 0 0 0 0 
0 0 4 30 2 29 2 6 2 7 1 9 3 4 4 9 2 16 1 4 3 7 0 0 2 2 1 14 2 2 1 1 3 7 1 6 1 1 1 1 1 4 2 4 2 3 4 5 1 9 1 3 2 15 2 2 1 1 1 1 3 45 2 2 
2 80 3 6 4 6 1 1 1 1 4 7 1 34 2 2 2 2 5 5 0 0 2 2 2 3 1 8 3 20 3 5 2 3 2 5 0 0 2 2 2 12 1 8 3 239 1 2 2 10 6 15 3 3 6 11 1 1 4 18 1 2 1 2 
0 0 4 107 3 4 0 0 2 2 1 21 3 4 2 15 4 711 4 6 3 5 3 83 4 8 0 0 1 1 2 9 2 4 2 11 5 405 1 1 0 0 2 2 2 28 3 8 1 1 1 1 2 3 1 2 2 2 2 8 2 5 1 1 
4 7 2 2 2 9 1 10 1 6 0 0 0 0 2 10 2 37 3 18 0 0 2 3 4 6 2 9 2 9 1 2 2 7 2 211 1 11 6 14 0 0 1 1 3 22 1 1 1 1 1 10 2 8 3 6 0 0 1 1 2 4 3 10 
2 9 3 32 4 51 3 40 3 8 1 21 1 1 3 56 4 8 2 2 1 5 4 6 2 10 2 2 0 0 3 4 3 3 3 13 5 591 4 8 1 1 1 1 0 0 2 9 3 27 2 2 2 4 6 14 1 1 3 30 1 1 1 1 
0 0 2 3 2 5 4 8 2 13 5 12 3 56 3 6 3 20 2 4 2 2 2 34 1 1 2 2 3 8 3 12 3 9 1 1 1 1 2 2 2 6 0 0 1 2 0 0 2 2 2 8 3 12 1 3 3 7 1 1 1 1 3 5 
2 4 1 1 2 3 1 117 3 5 3 3 2 13 2 7 3 4 5 30 2 2 0 0 1 1 4 25 0 0 2 8 5 29 5 13 1 2 2 2 1 1 2 5 4 8 2 4 3 5 3 68 2 6 3 14 1 1 2 2 4 18 2 6 
3 14 4 11 4 26 1 2 3 11 2 3 2 5 3 8 2 2 4 11 0 0 3 3 1 2 2 515 4 25 0 0 3 7 1 5 1 1 0 0 1 1 3 11 0 0 1 5 4 7 0 0 1 1 1 14 1 2 1 2 0 0 3 3 
1 1 2 309 0 0 2 2 3 3 3 67 1 1 2 2 4 6 4 28 1 17 3 5 4 7 0 0 3 8 1 6 3 7 3 19 0 0 3 3 2 3 0 0 2 2 3 12 1 1 2 3 1 1 1 4 0 0 2 13 1 4 2 2 
2 3 0 0 2 43 1 1 5 220 2 2 2 45 0 0 2 2 2 2 2 6 3 8 3 4 0 0 6 29 3 19 1 3 0 0 2 6 1 1 0 0 2 2 3 6 0 0 3 3 0 0 1 1 3 12 2 14 4 7 1 4 3 23 
2 2 1 6 2 6 2 14 2 2 2 22 0 0 0 0 4 45 1 1 1 1 5 13 2 2 0 0 3 55 2 2 2 105 2 9 3 20 1 1 4 6 1 1 0 0 4 26 1 1 3 3 3 5 1 1 3 13 6 25 2 5 1 1 
0 0 1 37 2 3 1 11 2 2 1 62 1 3 0 0 3 26 1 5 1 1 1 1 4 17 1 1 0 0 3 8 2 3 1 4 1 1 4 8 2 31 3 9 4 53 2 5 3 11 4 6 3 19 3 19 3 7 3 3 2 3 2 2 
6 60 2 2 0 0 2 4 0 0 1 1 0 0 4 5 1 1 3 11 0 0 4 60 1 1 1 1 3 6 2 8 3 11 5 985 2 3 1 144 3 3 2 2 0 0 4 4 4 8 1 95 5 19 3 9 2 10 0 0 2 3 2 10 
2 18 0 0 4 14 0 0 5 15 2 4 3 16 6 48 2 2 0 0 2 5 4 18 2 11 6 7 3 32 2 3 4 13 3 19 2 23 1 2 3 7 1 1 1 319 2 8 4 6 1 1 0 0 4 6 3 5 3 37 0 0 2 12 
1 1 3 20 4 9 4 42 2 12 4 11 3 9 1 1 2 5 2 2 4 6 1 1 2 2 5 12 4 165 1 5 1 6 3 3 5 15 3 75 1 1 1 1 1 10 2 4 3 12 1 2 2 2 2 3 2 58 0 0 2 6 0 0 
0 0 5 2891 3 4 0 0 0 0 0 0 2 12 3 244 1 1 2 22 1 5 0 0 1 2 3 5 2 3 3 23 3 10 2 2 1 31 3 3 5 7 1 1 4 31 0 0 0 0 2 3 2 2 1 1 3 23 3 14 3 25 4 5 
2 10 3 10 1 1 5 63 2 3 5 20 5 11 4 13 1 3 0 0 2 2 5 28 1 1 1 75 4 4 1 1 0 0 5 12 3 18 2 2 1 1 2 99 5 5 3 4 2 5 1 28 2 3 3 12 0 0 0 0 0 0 2 8 
1 6 2 2 2 3 2 10 1 4 2 8 3 3 0 0 4 13 4 4 0 0 5 12 6 17 3 45 1 42 3 10 1 1 1 1 3 37 7 86 4 4 2 12 5 241 2 2 3 11 3 579 3 3 2 2 3 4 1 8 1 1 3 9 
0 0 4 11 3 34 2 2 0 0 1 1 5 19 3 17 1 1 2 3 2 148 1 1 2 5 2 2 2 13 4 7 1 1 6 37 2 4 3 11 3 6 4 12 1 2 1 1 1 1 2 2 1 4 1 2 3 6 1 1 1 1 0 0 
0 0 2 3 2 2 0 0 3 28 2 2 0 0 0 0 3 3 2 3 2 10 4 7 1 19 2 10 4 9 3 25 1 6 2 4 2 2 1 1 2 2 3 18 2 389 2 6 3 8 1 47 3 4 2 2 1 4 2 7 4 29 4 48 
3 190 6 12 0 0 2 9 2 2 2 3 5 46 2 16 2 21 2 2 3 4 2 3 2 3 1 2 4 4 1 3 2 2 1 3 2 4 2 3 1 2 4 8 2 5 3 7 2 5 5 154 1 15 2 6 4 19 2 2 1 1 1 6 
1 1 0 0 3 4 3 9 1 1 2 9 2 21 0 0 0 0 2 2 3 9 2 19 2 7 2 20 2 2 5 7 3 5 2 30 1 1 2 7 2 4 2 5 4 43 1 1 4 23 0 0 1 2 1 1 2 3 1 1 2 11 5 135 
3 18 1 22 2 18 1 5 0 0 4 9 3 33 3 215 0 0 2 2 2 11 6 10 3 17 2 4 2 14 1 2 3 5 3 38 2 33 0 0 2 123 3 22 2 48 1 1 2 2 5 42 0 0 3 25 4 9 2 5 3 3 2 21 
0 0 4 19 0 0 2 2 3 4 4 8 3 6 4 15 2 2 4 61 4 41 3 10 0 0 2 4 1 4 5 55 0 0 1 118 0 0 2 2 2 13 2 7 3 3 1 2 1 1 3 5 4 4 3 3 0 0 4 22 3 5 3 98 
3 3 1 1 0 0 0 0 3 14 4 11 3 26 0 0 1 1 4 4 0 0 4 10 1 2 0 0 2 2 3 3 4 107 4 24 2 3 3 5 1 2 4 13 2 2 3 5 1 1 3 6 2 3 4 7 2 7 2 23 5 10 2 33 
1 1 4 26 2 2 2 3 2 3 1 1 2 7 3 6 2 4 4 12 1 1 4 12 4 7 1 1 3 7 1 4 0 0 4 5 2 9 6 1048 3 202 3 17 1 1 0 0 3 3 2 2 4 6 2 33 6 66 4 22 2 2 2 2 
2 2 4 31 2 9 3 5 2 4 4 60 1 11 1 22 4 11 4 4 2 7 4 13 0 0 1 2 3 8 3 3 2 5 1 5 4 6 2 2 2 3 2 38 2 3 3 13 1 6 5 24 4 11 0 0 2 26 2 16 1 6 1 9 
1 4 3 4 2 60 5 9 3 38 7 208 1 1 7 14 0 0 2 2 0 0 2 4 1 3 3 13 0 0 1 8 2 43 2 2 2 6 1 7 1 1 4 8 1 84 0 0 0 0 3 56 1 1 2 19 0 0 1 1 4 11 3 21 
2 2 1 5 0 0 2 2 3 28 4 8 2 15 3 5 4 37 3 11 1 18 4 9 4 20 1 1 1 1 1 1 2 32 2 2 4 9 2 5 0 0 2 3 0 0 2 2 4 11 1 2 0 0 2 6 2 4 4 24 5 47 0 0 
2 9 2 20 3 12 4 7 2 10 2 4 2 2 3 19 2 11 1 1 2 2 1 1 0 0 1 66 0 0 1 1 2 15 2 7 3 15 2 2 1 13 3 6 3 44 3 14 4 4 3 10 5 6 1 1 7 18 2 7 6 29 3 3 
5 41 2 2 4 15 0 0 0 0 3 12 0 0 2 16 2 3 0 0 2 16 1 8 2 5 2 25 1 4 2 5 1 9 2 2 3 11 2 5 1 2 3 6 2 4 1 1 0 0 5 45 2 34 3 8 1 1 2 6 0 0 0 0 
4 533 1 1 4 8 1 1 3 25 1 1 1 2 0 0 0 0 4 12 2 28 1 2 0 0 2 2 3 36 2 2 1 1 1 3 4 11 0 0 1 1 3 12 3 22 3 6 0 0 2 3 2 2 1 2 1 1 3 8 2 4 5 254 
4 49 1 4 4 4 5 30 3 27 0 0 4 36 2 2 4 13 4 14 5 9 2 2 3 6 0 0 3 16 2 85 2 11 0 0 2 3 1 1 2 2 1 1 2 2 0 0 1 1 0 0 3 12 2 3 1 26 2 6 3 3 1 1 
2 5 5 12 0 0 1 1 0 0 2 3 1 1 6 16 2 26 2 4 1 1 2 7 2 9 2 2 5 22 3 3 3 31 4 7 1 1 1 36 3 8 0 0 2 2 1 2 1 11 2 5 1 1 4 4 3 6 2 7 2 44 2 2 
2 99 3 6 3 6 4 176 1 5 1 6 1 1 3 15 2 13 6 27 3 12 2 3 1 1 3 14 2 33 1 1 4 54 2 6 2 3 3 7 3 12 4 20 0 0 1 1 3 3 3 26 1 3 2 12 2 3 4 33 2 4 2 34 
0 0 3 3 2 14 1 1 0 0 2 7 2 18 2 13 1 7 2 3 2 10 3 3 0 0 4 20 0 0 0 0 3 3 3 18 2 6 3 3 4 22 3 7 3 170 1 1 2 4 1 1 1 2 3 60 1 1 1 6 0 0 1 1 
4 220 1 9 1 1 1 3 4 12 3 59 1 1 4 20 0 0 3 16 2 3 5 12 0 0 3 8 3 3 0 0 1 2 1 1 2 4 1 2 2 3 2 2 1 1 3 13 1 1 2 2 3 6 1 1 4 10 3 10 7 14 1 1 
5 6 5 8 2 2 1 1 2 3 4 13 2 2 2 19 1 1 0 0 1 2 1 5 2 6 1 1 2 3 2 32 1 7 0 0 1 2 1 1 0 0 2 4 4 8 1 12 3 4 3 3 2 2 1 1 9 36 1 1 4 6 0 0 
0 0 4 29 0 0 1 6 2 14 2 2 1 5 1 1 3 17 1 1 2 6 2 2 4 11 1 1 4 16 1 1 0 0 0 0 3 50 1 12 2 27 2 11 2 1061 3 3 1 1 1 1 3 4 3 5 1 1 2 212 1 4 5 34 
1 1 3 16 1 1 2 19 3 7 3 10 3 14 1 1 4 18 2 4 2 2 2 2 2 33 3 5 0 0 1 1 0 0 3 13 2 2 1 23 2 3 2 2 0 0 3 7 1 4 1 2 0 0 4 44 3 8 1 1 2 16 5 105 
0 0 3 9 3 3 2 5 2 2 0 0 2 14 5 13 3 9 0 0 4 26 0 0 1 1 3 16 0 0 0 0 1 1 2 12 2 12 2 23 5 10 3 5 7 153 2 6 1 40 1 2 3 31 2 11 2 7 2 59 3 31 1 1 
2 2 1 1 1 3 0 0 3 6 0 0 1 3 1 1 1 1 3 5 0 0 4 4 2 2 3 39 2 2 2 2 1 5 2 3 4 125 2 5 1 1 1 2 1 5 1 10 1 1 1 1 3 4 3 6 2 8 2 9 2 10 0 0 
3 6 2 6 5 8 1 1 3 7 3 4 2 2 2 12 2 3 3 14 3 6 1 8 1 1 1 1 1 7 2 4 1 1 2 4 3 11 4 7 3 14 1 8 1 1 2 17 4 7 0 0 4 57 2 179 3 8 2 12 3 4 2 2 
2 21 2 9 3 44 3 8 3 6 2 7 3 9 2 23 3 10 1 1 2 2 1 1 2 2 3 53 3 13 1 1 0 0 3 6 2 2 1 16 2 4 4 9 4 20 3 184 2 13 4 71 3 6 3 3 4 12 1 3 0 0 0 0 
3 11 1 8 3 3 1 1 3 14 1 10 1 1 3 3 1 4 0 0 1 1 1 9 0 0 0 0 0 0 1 1 5 12 2 5 0 0 2 12 1 5 0 0 1 1 2 7 3 3 3 5 4 5 1 1 2 2 4 9 0 0 3 7 
3 7 1 1 0 0 2 23 2 2 2 4 3 7 1 1 0 0 2 8 2 17 3 35 2 18 1 1 1 4 4 410 2 6 1 2 3 319 4 7 2 5 3 17 3 3 1 1 1 28 2 19 4 14 1 7 4 43 5 20 2 8 3 53 
2 24 2 4 1 6 1 2 1 1 1 1 6 11 3 6 5 30 1 9 3 35 1 18 1 33 3 7 0 0 5 44 0 0 1 1 3 10 1 25 4 29 0 0 5 126 2 4 4 7 1 2 3 18 1 1 2 3 2 2 2 2 2 3 
2 3 3 14 1 1 1 1 3 8 3 7 1 1 0 0 2 30 0 0 3 8 1 7 2 3 5 7 2 10 0 0 0 0 4 8 1 8 2 2 0 0 0 0 2 10 5 24 5 17 2 475 3 4 2 16 3 27 2 59 2 20 3 36 
4 35 2 56 3 11 3 9 8 121 1 1 6 50 3 7 3 37 1 4 4 5 2 4 3 19 3 3 1 1 3 6 2 2 2 2 1 1 2 2 2 2 0 0 1 1 2 4 3 90 3 112 6 44 2 7 3 6 2 3 1 12 3 4 
1 1 2 2 3 6 2 2 0 0 0 0 2 17 2 469 2 11 4 31 3 4 0 0 1 1 0 0 1 1 3 15 3 4 1 1 2 16 1 1 1 4 2 3 4 10 3 9 7 74 2 52 0 0 3 17 0 0 2 11 0 0 5 28 
3 4 2 41 2 3 1 1 2 28 2 3 2 12 4 13 3 4 2 28 2 14 2 2 5 17 4 39 2 3 1 1 0 0 1 1 1 45 2 32 3 20 2 2 1 6 1 4 2 5 4 9 1 1 0 0 2 4 2 2 1 17 4 16 
0 0 2 13 0 0 2 3 2 7 1 1 0 0 2 9 0 0 5 23 5 15 1 7 1 6 2 10 1 1 0 0 6 14 3 49 2 2 1 9 1 1 5 12 6 55 0 0 2 2 3 4 2 3 4 6 2 2 2 6 2 12 1 2 
3 1467 3 4 2 2 0 0 1 1 1 1 2 3 3 4 2 7 0 0 2 40 3 14 3 7 1 2 0 0 0 0 4 12 1 1 3 8 2 29 1 1 3 3 3 11 0 0 2 9 3 9 1 4 1 1 0 0 1 1 0 0 3 15 
2 26 1 3 1 11 1 1 4 4 5 7 2 18 5 9 3 4 3 7 2 2 3 29 5 8 1 1 2 4 1 2 3 45 1 6 2 3 3 34 2 4 0 0 0 0 1 4 3 13 2 6 2 5 3 5 0 0 2 3 4 18 3 37 
2 3 3 50 2 5 1 1 2 2 2 41 2 15 1 1 2 182 0 0 2 7 1 1 4 11 1 3 0 0 2 18 1 5 0 0 1 1 3 23 2 3 1 1 1 6 2 9 1 1 0 0 2 2 1 1 5 26 1 1 1 1 2 4 
1 3 1 2 4 14 1 1 1 22 3 13 2 61 1 1 3 3 1 1 1 1 2 4 0 0 6 36 2 3 3 3 1 2 1 1 0 0 1 1 2 3 3 21 1 1 2 4 2 26 1 5 0 0 4 10 1 2 2 2 1 2 3 20 
2 1213 0 0 1 1 2 2 4 18 1 1 2 2 2 8 2 2 1 4 3 188 1 3 0 0 2 2 4 5 3 15 2 10 3 17 1 1 2 15 4 13 1 1 6 26 1 1 2 21 2 22 1 3 3 6 0 0 1 1 0 0 3 9 
0 0 2 2 1 1 2 2 2 25 1 2 4 19 1 12 2 19 2 6 1 5 1 1 4 14 1 2 4 4 2 7 6 27 0 0 1 3 3 25 3 3 2 6 0 0 3 10 1 1 2 61 1 1 2 9 0 0 4 18 2 2 2 19 
3 25 1 1 3 6 2 2 2 4 1 17 4 37 2 3 1 1 4 4 1 8 2 3 2 74 2 29 1 2 3 11 1 972 3 5 1 3 1 5 2 32 3 124 1 3 2 2 2 600 1 1 4 23 3 6 3 3 1 1 2 3 2 5 
0 0 3 6 7 21 4 21 3 147 3 4 2 2 3 12 5 12 2 14 5 1256 4 14 3 12 0 0 5 8 2 2 3 11 3 32 2 3 2 5 2 4 5 17 4 47 3 10 2 2 1 4 1 2 3 11 1 1 3 3 3 6 1 1 
1 7 4 16 0 0 2 3 2 13 0 0 0 0 0 0 3 5 0 0 1 9 3 4 4 25 5 24 2 3 2 9 1 4 2 12 1 5 3 4 1 3 4 17 6 490 3 6 5 7 2 2 1 2 2 8 4 55 3 7 2 260 3 6 
4 20 1 2 5 8 1 1 4 16 3 13 2 9 7 63 7 23 1 4 3 115 2 71 0 0 4 6 3 6 5 67 3 5 0 0 1 1 4 6 0 0 3 5 1 27 2 3 0 0 0 0 2 3 3 6 0 0 2 4 0 0 2 2 
0 0 4 40 2 19 2 8 0 0 1 2 5 13 1 1 2 3 5 117 3 7 3 22 3 4 0 0 5 12 1 1 2 10 2 2 2 4 3 3 1 12 1 1 2 10 0 0 1 1 2 13 1 43 2 6 2 3 2 21 1 2 0 0 
1 30 2 10 2 2 0 0 1 2 1 408 5 85 3 29 1 1 2 2 0 0 1 1 2 2 4 77 2 10 1 3 1 5 1 1 2 2 0 0 0 0 0 0 6 36 4 13 2 372 4 23 2 7 1 1 2 3 2 4 4 9 3 3 
4 8 4 29 2 44 1 1 2 12 1 1 2 202 3 11 1 1 1 4 2 11 2 12 1 1 3 22 1 1 3 12 0 0 1 1 0 0 3 34 5 18 1 1 2 2 0 0 1 1 1 1 1 1 1 3 1 2 0 0 0 0 1 7 
0 0 3 7 0 0 1 1 2 3 2 53 2 3 2 6 1 35 4 10 0 0 2 6 1 1 2 4 3 8 0 0 2 11 1 1 0 0 4 4 5 28 1 1 1 1 3 6 3 12 4 24 5 15 3 15 0 0 2 16 1 6 3 11 
1 1 4 25 0 0 6 13 3 359 1 1 2 2 3 3 0 0 3 12 0 0 4 4 1 2 3 95 3 3 0 0 4 20 2 12 1 45 3 12 2 3 3 4 3 9 3 3 1 2 2 12 0 0 2 17 3 348 2 2 3 16 0 0 
2 2 0 0 0 0 2 3 1 1 2 5 2 2 1 1 0 0 1 1 1 2 0 0 3 19 1 1 5 27 2 3 5 314 2 2 1 1 1 1 2 2 2 4 2 3 2 23 1 8 2 4 2 2 2 5 6 36 3 46 0 0 2 3 
2 7 2 2 3 4 2 22 4 13 0 0 6 101 1 5 1 1 1 1 2 11 2 8 3 26 2 2 1 1 0 0 5 8 4 6 2 131 2 5 3 17 3 156 7 41 2 25 3 3 4 107 1 8 1 1 1 5 4 26 2 2 2 4 
2 7 6 23 1 2 0 0 1 1 0 0 6 28 3 18 1 1 1 7 4 6 3 3 1 1 1 2 1 1 1 1 4 4 1 5 3 70 2 4 5 24 2 6 2 33 0 0 3 9 4 17 1 1 1 35 2 8 3 10 4 25 3 9 
3 8 1 6 3 6 4 17 3 21 2 11 3 148 4 11 4 6 1 1 1 1 2 4 4 22 2 2 1 5 1 4 0 0 4 9 2 20 2 2 0 0 0 0 2 477 2 49 3 8 1 1 2 6 2 18 1 1 2 45 1 8 3 16 
2 5 2 3 4 11 5 61 3 25 1 1 4 7 2 19 0 0 1 1 2 4 1 7 1 1 3 12 2 5 3 15 0 0 1 1 0 0 5 8 2 2 4 14 3 32 2 2 3 7 3 3 0 0 1 4 3 28 4 23 4 4 4 32 
2 3 4 24 2 19 2 110 2 2 3 4 3 25 0 0 2 5 3 487 1 7 4 30 5 10 2 8 1 1 0 0 1 1 3 4 1 1 6 15 2 11 0 0 5 11 2 2 2 16 3 50 2 15 0 0 2 11 4 9 3 58 3 3 
2 65 1 1 0 0 2 7 2 4 4 7 0 0 1 86 0 0 3 3 2 2 2 11 0 0 1 3 0 0 2 5 2 9 1 1 2 2 5 14 2 2 4 10 1 2 3 12 1 1 0 0 0 0 3 6 1 1 2 3 1 1 4 5 
0 0 0 0 3 32 2 2 3 59 4 19 3 78 1 1 5 9 1 1 2 8 1 2 3 12 3 6 3 1601 4 13 2 5 1 4 3 5264 4 8 2 10 2 2 0 0 1 1 0 0 3 3 3 5 3 13 4 52 0 0 1 1 3 14 
4 8 1 20 1 1 2 7 1 5 1 6 3 26 2 2 4 4 1 1 0 0 2 2 1 1 4 9 1 1 5 54 3 6 1 31 3 8 0 0 2 5 0 0 5 35 1 2 2 2 2 10 1 1 2 6 0 0 2 2 4 4 0 0 
1 5 0 0 0 0 3 4 0 0 2 12 2 2 0 0 1 1 1 3 4 9 3 11 3 8 1 1 1 1 3 4 0 0 1 4 0 0 3 5 2 6 3 10 2 3 1 85 3 47 2 72 0 0 2 4 4 26 2 3 3 6 1 1 
1 1 2 11 2 10 1 1 4 11 2 2 2 46 3 7 0 0 1 4 3 12 2 3 5 54 2 196 1 1 1 1 2 3 0 0 4 22 1 1 0 0 8 1484 4 18 1 1 0 0 2 3 2 3 0 0 1 1 1 5 2 3 3 5 
4 33 0 0 2 13 0 0 1 5 3 6 4 243 2 2 2 2 2 2 1 4 2 9 1 1 4 14 4 146 3 31 1 3 1 15 3 16 4 10 2 4 1 1 1 30 3 26 5 17 1 54 4 60 5 130 3 20 0 0 1 1 0 0 
2 3 2 5 1 1 3 5 2 3 2 42 2 25 2 4 3 53 3 5 1 4 5 32 4 48 2 3 1 10 2 2 2 4 2 6 1 1 1 8 0 0 3 3 3 6 3 19 2 3 4 11 2 10 2 6 3 3 1 2 1 1 4 5 
2 4 4 79 3 6 2 2 5 21 3 18 1 1 5 30 1 1 2 28 0 0 0 0 2 13 3 11 0 0 2 2 1 6 4 8 3 47 4 20 2 2 0 0 1 1 6 10 1 1 2 2 1 1 1 1 2 10 4 10 1 4 3 3 
1 1 1 1 7 67 1 1 3 3 2 9 3 13 1 6 3 28 2 37 2 10 1 22 2 6 2 6 1 1 2 18 2 2 5 8 3 7 1 1 1 6 0 0 4 10 4 43 3 3 1 2 0 0 1 1 2 9 0 0 2 315 1 1 
5 15 1 2 1 1 1 3 2 9 3 5 2 2 2 2 3 3 2 2 1 7 3 16 0 0 1 1 3 3 2 13 1 249 2 2 0 0 0 0 2 10 2 26 3 3 2 6 2 6 2 60 2 13 0 0 3 7 1 1 3 50 3 7 
1 1 1 109 3 5 1 6 1 1 1 4 2 3 3 6 2 9 2 2 2 8 2 4 2 4 4 65 1 2 6 18 1 5 2 5 0 0 2 9 4 15 3 16 2 2 1 1 1 5 3 4 5 14 5 62 2 3 5 7 0 0 4 9 
3 19 3 22 1 226 5 71 0 0 3 3 2 23 1 101 1 3 2 2 2 4 0 0 2 6 1 1 3 4 2 2 3 3 0 0 1 1 3 3 3 9 3 8 2 2 1 3 1 8 2 2 2 12 2 2 1 1 1 10 2 12 3 4 
1 23 0 0 0 0 4 7 3 24 4 11 2 5 1 1 0 0 1 81 0 0 2 2 5 146 0 0 1 1 2 6 2 4 3 11 2 2 0 0 3 3 1 1 2 6 1 1 2 2 4 5 2 14 1 3 1 1 0 0 2 9 4 28 
4 12 1 1 3 13 5 10 1 1 2 3 1 1 0 0 0 0 1 12 3 12 3 3 3 27 3 1458 4 28 2 7 2 10 2 4 1 1 2 5 2 7 2 92 1 6 1 6 2 2 4 13 3 20 0 0 4 4 1 1 2 2 3 7 
2 2 2 4 2 2 2 2 3 5 1 16 1 1 4 24 4 6 2 18 4 20 0 0 3 27 8 71 1 1 2 7 3 5 2 2 2 2 1 1 5 31 2 5 2 2 1 3 0 0 2 3 0 0 3 12 2 7 1 1 2 2 1 1 
2 20 0 0 2 3 2 4 1 1 2 9 4 85 2 414 1 1 4 13 2 9 4 13 5 10 0 0 1 1 1 1 2 3 3 21 1 1 2 3 1 31 2 2 3 12 2 59 3 31 0 0 2 48 1 75 2 14 1 1 3 5 1 1 
1 12 4 8 1 41 1 2 2 6 1 2 3 31 3 9 3 21 3 29 3 4 4 4 1 4 3 15 1 1 1 2 0 0 5 53 1 1 2 4 2 3 0 0 2 4 0 0 2 6 0 0 0 0 1 21 0 0 2 7 2 4 6 366 
1 2 4 25 4 5 2 20 6 15 3 8 3 4 1 10 4 6 1 2 0 0 2 19 4 5 0 0 3 34 3 6 0 0 1 29 2 176 3 4 0 0 2 58 2 2 2 7 3 171 3 4 1 3 4 7 1 1 3 4 3 33 2 2 
3 91 5 40 2 2 1 1 1 2 2 3 0 0 1 4 1 2 1 1 2 9 1 5 3 4 4 9 0 0 2 111 3 36 1 1 3 4 1 2 2 30 2 2 1 1 1 1 2 65 2 3 1 25 3 25 0 0 0 0 1 1 3 3 
5 86 1 1 3 3 5 24 1 7 1 2 1 1 0 0 2 7 3 24 0 0 4 299 0 0 5 13 3 4 3 5 2 3 2 2 1 23 1 1 1 1 4 11 1 1 2 265 0 0 3 3 3 3 1 1 5 9 1 7 4 25 1 1 
2 6 0 0 1 4 2 6 3 17 2 52 2 15 1 2 4 25 2 2 1 1 4 2010 3 4 3 3 3 5 1 5 2 2 6 9 0 0 2 9 1 1 2 4 3 3 2 5 2 2 3 3 1 55 2 2 4 7 1 6 1 3 0 0 
5 14 5 15 1 1 5 26 3 4 3 26 4 30 4 11 3 17 1 2 1 4 3 5 1 1 0 0 4 11 2 18 2 2 1 19 1 10 2 3 2 25 2 8 3 12 4 27 2 6 1 1 2 13 0 0 1 2 7 14 1 2 1 3 
4 18 2 6 3 14 5 80 0 0 4 19 3 13 2 2 2 3 2 4 3 3 3 11 0 0 4 62 1 1 1 2 0 0 4 13 3 22 2 3 3 28 3 13 2 2 0 0 3 20 3 5 2 9 0 0 3 3 4 6 0 0 2 8 
3 9 2 2 0 0 1 1 1 1 1 1 2 13 4 23 1 1 3 257 2 4 3 13 2 6 1 1 1 1 2 2 2 7 3 6 3 4 1 1 1 1 3 6 1 1 3 54 1 3 3 3 3 26 0 0 3 4 1 1 4 39 1 3 
2 23 2 10 1 1 3 3 1 1 1 11 2 10 2 6 5 7 3 30 0 0 2 2 1 17 1 20 2 7 3 4 3 25 4 7 2 6 5 18 2 91 1 1 0 0 2 2 4 4 2 3 1 1 2 2 3 10 1 1 1 1 4 4 
2 3 1 1 3 6 5 143 1 6 0 0 2 80 2 4 2 2 1 2 2 7 2 5 1 6 5 30 8 17 3 12 2 5 1 1 2 5 4 10 1 24 5 44 4 19 3 6 2 9 2 2 3 4 4 38 2 2 3 26 1 14 1 1 
2 2 4 5 0 0 6 26 2 2 1 8 3 9 3 6 1 4 4 4 4 28 3 13 2 2 1 1 2 2 0 0 1 1 3 194 0 0 0 0 4 12 6 9 2 11 2 3 2 2 3 5 1 1 4 13 1 1 3 10 4 12 0 0 
0 0 0 0 2 9 1 1 2 100 2 2 3 54 2 30 2 14 1 1 2 4 1 7 1 1 0 0 3 7 0 0 2 4 2 6 0 0 1 6 0 0 4 10 4 7 0 0 3 9 2 8 6 23 3 21 2 2 4 21 5 15 2 4 
1 7 1 2 2 5 2 91 2 7 3 3 0 0 3 14 2 19 3 7 0 0 2 2 1 1 0 0 3 5 0 0 1 1 2 7 2 5 1 1 2 267 6 12 1 2 3 14 2 4 0 0 4 28 2 2 0 0 0 0 3 18 3 3 
4 217 1 1 2 3 5 12 0 0 3 6 3 124 0 0 2 8 2 77 2 5 5 8 7 20 1 1 5 29 1 218 2 3 2 9 2 11 1 5 1 1 3 62 2 2 3 8 2 8 4 5 3 14 7 34 1 1 6 116 2 14 2 10 
3 6 4 15 2 19 2 40 4 210 2 22 1 1 3 28 4 9 4 5 6 35 4 62 1 3 2 4 1 2 2 2 1 2 1 1 1 1 3 52 1 1 2 2 3 50 0 0 1 1 1 1 4 7 5 92 6 19 3 15 2 24 2 8 
2 3 2 28 4 11 2 4 2 13 0 0 3 6 2 20 1 1 4 15 2 5 2 10 4 8 4 7 4 16 3 5 4 44 6 13 0 0 0 0 4 368 0 0 4 2599 3 8 3 3 2 2 0 0 2 4 5 77 1 20 2 3 1 2 
5 25 0 0 1 1 2 4 0 0 1 2 1 1 1 3 3 19 1 1 2 9 0 0 1 5 3 7 1 5 1 1 5 117 7 18 3 6 2 2 2 5 3 5 1 1 1 1 4 11 1 4 1 1 1 1 1 5 1 1 2 18 0 0 
3 9 1 64 1 9 2 4 1 16 1 189 2 6 4 28 1 1 1 1 3 5 2 4 1 1 2 2 2 4 3 15 4 7 1 1 4 7 1 1 2 2 1 115 3 3 1 42 2 9 6 48 0 0 1 1 0 0 2 2 3 10 4 9 
2 15 3 7 2 5 3 3 0 0 0 0 3 4 1 1 2 3 4 108 2 2 1 2 2 17 5 11 5 28 3 4 2 2 3 15 4 5 1 20 2 8 1 1 2 7 2 6 4 9 4 21 0 0 2 3 0 0 5 5 2 3 1 3 
1 14 1 1 3 4 1 2 1 8 0 0 3 9 2 4 2 11 7 45 1 1 0 0 2 12 2 10 5 12 5 33 2 3 5 124 3 3 0 0 1 8 3 10 3 4 0 0 3 5 3 16 1 1 3 12 2 17 2 128 3 3 1 1 
2 28 1 2 4 10 1 1 4 19 1 25 1 5 2 7 3 5 4 13 0 0 1 1 0 0 1 1 3 3 2 6 2 11 2 5 3 22 5 2361 2 4 0 0 2 4 4 13 4 7 0 0 0 0 3 3 3 9 4 8 2 2 1 9 
3 16 1 1 1 1 1 1 0 0 2 69 2 4 3 3 3 14 6 17 1 23 1 29 4 57 0 0 2 2 0 0 1 1 2 3 2 2 4 372 1 1 2 131 3 8 4 25 2 4 2 3 2 2 3 5 5 47 1 1 0 0 4 208 
3 4 4 14 3 5 2 3 2 3 2 6 2 28 1 1 2 2 2 2 0 0 0 0 2 2 3 7 1 1 1 5 0 0 3 15 1 1 0 0 0 0 3 5 6 28 1 8 1 2 3 18 1 33 4 23 0 0 0 0 3 24 1 7 
4 11 0 0 1 5 1 1 2 7 0 0 3 4 1 22 1 3 1 2 1 2 1 4 2 7 1 2 0 0 2 4 0 0 2 5 0 0 0 0 4 5 1 4 4 14 1 1 1 1 1 1 2 2 4 7 3 12 3 5 2 6 3 3 
2 18 2 7 3 3 3 5 4 9 6 6 2 20 2 2 3 16 1 2 3 9 3 7 4 4 1 1 0 0 4 16 3 281 2 2 4 33 1 16 0 0 1 2 1 1 2 15 2 3 4 262 3 4 2 3 4 18 3 32 4 11 2 2 
2 7 1 6 2 2 3 7 1 5 1 5 1 1 2 2 1 2 1 8 1 3 0 0 1 1 0 0 3 15 3 7 1 4 0 0 4 6 2 2 2 14 3 7 2 2 1 1 1 1 2 3 2 2 4 730 2 2 1 1 4 10 3 18 
5 12 3 6 1 1 5 16 7 43 0 0 2 2 6 12 3 34 3 11 0 0 1 1 2 30 0 0 1 3 2 7 1 1 4 15 4 4 0 0 0 0 1 2 3 15 2 8 2 4 0 0 0 0 2 2 0 0 4 18 5 5 1 1 
3 16 1 1 1 6 3 70 1 3 4 5 2 2 2 4 4 66 3 4 2 3 3 56 4 17 4 10 1 1 2 171 2 2 2 3 1 1 5 12 0 0 3 5 3 12 4 29 2 2 2 31 2 2 1 1 4 8 1 1 3 35 2 5 
1 18 3 38 6 23 2 2 3 15 3 8 1 6 1 1 5 8 2 10 1 5 0 0 1 1 3 3 1 3 1 371 3 8 2 4 2 9 3 35 4 21 4 11 1 1 1 846 2 16 4 11 1 12 1 3 1 1 3 5 1 1 6 51 
1 1 2 3 2 2 3 16 2 3 1 1 2 4 2 7 3 3 4 144 1 1 2 6 3 81 0 0 0 0 3 18 1 1 3 59 2 4 2 3 3 10 2 102 1 6 2 11 2 3 3 9 7 42 2 5 1 1 4 23 0 0 2 7 
5 9 3 4 1 2 0 0 0 0 1 5 2 12 1 4 1 10 2 204 4 13 2 13 4 28 2 77 5 47 3 3 0 0 5 27 2 12 3 10 0 0 3 19 1 2 3 5 1 4 2 3 2 2 0 0 2 2 2 3 3 19 2 2 
2 6 0 0 3 3 3 11 3 10 1 1 4 20 1 6 2 29 0 0 2 6 1 5 3 12 3 3 3 6 1 2 0 0 2 4 0 0 1 13 3 12 2 15 1 1 2 2 4 388 4 264 4 14 2 3 2 3 1 2 1 1 3 3 
3 66 2 10 5 53 0 0 2 8 2 12 2 7 4 4 2 38 2 4 1 1 0 0 3 11 4 4 2 5 1 1 4 65 5 35 2 11 3 3 1 1 2 3 5 22 2 2 1 3 1 4 3 4 1 58 2 8 5 54 2 2 2 4 
2 2 1 1 1 2 1 1 4 39 2 2 0 0 4 18 2 4 2 6 0 0 1 18 4 21 5 1072 4 50 1 6 1 1 3 18 3 3 2 7 0 0 1 1 0 0 3 4 3 9 1 1 0 0 3 3 4 10 1 1 2 30 1 2 
5 19 2 4 2 8 0 0 0 0 1 262 4 17 0 0 1 1 1 1 3 10 2 53 1 8 2 8 2 5 1 1 0 0 3 42 4 11 1 1 3 11 1 1 2 3 1 1 1 1 2 18 1 1 4 18 5 25 2 20 5 11 2 127 
0 0 1 6 2 5 2 2 2 37 2 11 3 18 1 3 4 9 1 1 2 2 3 19 1 6 1 95 4 13 4 10 0 0 2 5 5 99 3 10 1 11 1 1 1 6 4 17 0 0 5 7 0 0 2 57 0 0 2 3 4 51 4 8 
1 18 2 4 0 0 2 6 1 4 2 3 1 7 3 40 7 46 4 7 1 36 2 14 3 4 3 5 1 7 2 3 2 10 1 3 1 8 3 5 1 6 3 22 3 11 3 24 5 21 1 1 2 2 0 0 0 0 6 20 0 0 4 567 
1 1 0 0 2 120 1 12 2 5 0 0 3 6 2 2 0 0 1 1 3 9 1 1 1 47 2 2 1 28 3 421 2 3 1 2 2 6 1 1 2 9 1 1 3 4 2 3 2 11 1 1 4 68 2 2 2 10 2 3 2 18 0 0 
2 19 2 2 2 3 2 8 4 9 2 4 1 5 0 0 4 62 2 2 5 19 1 1 2 12 1 1 2 4 2 2 0 0 3 9 1 4 2 9 5 8 1 1 4 32 2 6 5 12 3 3 4 146 2 7 1 4 4 51 0 0 3 3 
6 9 5 70 1 1 2 3 1 75 4 37 3 3 4 191 3 8 4 8 3 3 2 28 3 30 2 7 3 17 3 51 3 9 0 0 4 39 1 3 0 0 2 15 0 0 5 237 2 5 3 9 1 3 5 28 0 0 0 0 2 2 3 79 
3 9 1 1 4 14 3 67 2 2 4 88 2 25 1 4 1 2 4 29 1 1 2 9 3 5 3 7 2 7 3 3 3 3 3 24 2 4 2 9 3 4 5 7 0 0 2 8 3 11 1 1 3 19 1 1 0 0 5 11 2 16 2 6 
7 32 0 0 2 4 1 1 4 13 2 7 1 9 2 7 2 5 2 3 2 14 2 175 2 2 2 27 2 3 1 10 2 10 0 0 2 2 3 4 2 3 2 3 1 2 3 4 4 35 1 1 3 9 1 5 2 11 3 7 3 23 1 1 
1 1 5 7 2 9 0 0 2 6 2 3 2 330 1 19 0 0 0 0 1 3 0 0 0 0 1 4 2 3 2 5 4 12 2 8 2 3 3 19 2 12 2 3 5 6 7 14 2 3 2 6 2 7 3 3 3 8 0 0 2 47 2 6 
1 3 1 12 1 45 3 4 5 26 0 0 3 27 0 0 1 21 3 16 1 78 0 0 0 0 1 1 4 14 1 1 0 0 3 5 6 57 5 109 0 0 1 1 3 11 2 2 1 1 4 7 2 2 3 24 1 13 3 5 4 4 3 80 
2 3 2 3 2 2 1 23 1 3 0 0 3 15 1 9 1 1 1 6 1 15 3 4 1 3 4 5 1 40 4 20 5 7 0 0 1 1 3 53 0 0 2 2 3 11 0 0 1 1 2 145 3 3 2 3 2 3 4 10 1 1 1 1 
2 2 4 28 4 82 2 2 5 28 1 1 1 4 0 0 0 0 4 41 1 1 2 2 1 2 1 4 3 3 1 8 2 24 1 1 7 15 4 7 2 5 5 16 3 7 6 46 6 39 4 14 1 1 4 4 1 1 0 0 1 5 4 7 
3 4 4 22 1 1 1 1 4 9 1 1 1 1 3 5 1 5 2 138 3 20 1 6 2 4 1 1 5 77 0 0 7 18 1 1 2 2 4 15 3 12 1 1 0 0 2 6 1 4 3 4 2 10 1 1 3 3 2 30 1 2 2 5 
3 3 0 0 1 1 1 1 2 6 2 10 3 15 4 5 2 6 1 1 4 28 0 0 5 9 5 76 4 8 3 42 3 22 2 2 1 6 3 6 2 9 2 5 0 0 0 0 2 3 2 2 2 2 3 6 2 19 1 1 4 4 2 2 
3 15 4 10 2 3 3 7 4 39 1 1 3 14 1 1 2 3 3 6 0 0 0 0 3 6 2 2 5 23 1 1 3 5 1 6 1 3 2 3 0 0 1 1 0 0 4 4 3 8 3 7 3 4 1 1 4 52 2 7 2 2 5 17 
2 3 0 0 4 29 3 32 0 0 1 6 1 1 3 4 2 11 4 5 4 16 1 1 2 2 1 4 1 1 3 4 0 0 5 25 2 2 2 3 2 2 1 3 2 13 1 1 4 5 1 2 2 3 2 2 1 2 1 1 1 1 4 11 
4 13 0 0 1 7 3 19 3 10 4 9 1 1 3 7 1 13 3 23 3 33 1 1 2 6 2 25 1 1 0 0 1 1 0 0 1 1 4 13 3 6 2 5 4 15 2 5 1 3 3 520 1 28 2 2 0 0 5 39 1 3 1 1 
3 3 0 0 0 0 2 53 2 24 4 21 5 47 2 19 1 15 3 3 0 0 2 4 2 2 0 0 1 1 3 7 5 7 2 6 1 3 1 1 4 27 3 13 2 9 1 1 3 8 1 1 3 18 3 72 4 14 2 6 1 17 2 4 
3 109 2 178 2 33 4 26 3 7 1 2 1 5 2 6 3 56 4 19 3 13 5 18 2 21 2 11 5 6 4 6 2 6 3 5 2 9 3 8 1 3 0 0 2 3 1 1 5 11 0 0 1 5 3 53 0 0 1 1 4 13 4 13 
1 1 4 23 0 0 2 3 0 0 3 17 1 1 1 1 0 0 4 4 4 10 1 4 4 22 0 0 0 0 1 1 2 7 1 1 1 6 1 6 4 31 4 14 0 0 3 38 1 1 2 5 2 4 4 19 3 7 2 8 4 16 1 1 
2 7 4 11 4 4 3 25 5 26 2 14 3 10 2 5 2 143 2 2 1 2 1 2 3 3 7 65 2 3 1 24 2 5 6 18 3 8 4 9 4 49 2 5 1 5 2 3 3 3 2 32 2 4 1 4 2 2 4 23 6 46 3 34 
1 5 1 1 1 1 1 1 1 1 4 8 2 13 2 3 0 0 1 4 1 1 5 11 1 2 1 3 0 0 0 0 0 0 3 10 3 10 3 10 3 11 1 1 7 38 5 62 3 57 2 20 4 12 2 5 3 56 1 1 1 657 2 31 
2 3 1 1 5 40 2 125 1 1 2 9 2 18 2 6 4 9 1 1 3 4 3 7 2 11 2 5 1 18 1 1 4 21 3 3 2 19 3 3 2 6 0 0 0 0 1 1 1 1 2 8 1 1 3 7 0 0 1 1 0 0 3 7 
2 14 3 13 1 2 2 14 1 7 1 7 1 1 1 1 2 3 1 1 3 4 1 1 2 10 3 8 1 5 2 2 4 8 1 5 2 109 0 0 2 25 1 1 1 21 2 3 3 6 1 3 1 1 2 3 0 0 2 2 5 13 0 0 
1 4 1 1 1 1 5 16 3 12 2 10 3 6 2 13 3 17 4 11 2 21 4 4 2 3 4 29 2 7 2 2 0 0 0 0 2 2 0 0 1 1 0 0 1 37 1 3 1 6 2 112 2 2 1 22 2 3 3 5 1 1 2 28 
1 2 4 6 0 0 1 2 3 24 2 6 3 3 1 2 3 7 1 1 2 3 1 2 2 10 3 42 0 0 5 8 3 12 2 6 1 7 1 2 1 1 0 0 2 3 4 6 1 1 4 10 1 4 1 1 1 1 3 16 3 4 1 5 
1 1 2 5 1 6 2 4 4 21 2 5 2 41 3 6 3 10 0 0 1 1 2 2 3 27 1 1 1 1 3 8 2 4 2 2 1 1 2 144 1 1 2 464 4 31 3 8 4 5 3 4 1 1 0 0 3 8 1 1 0 0 3 3 
2 4 1 1 4 7 3 4 2 13 2 3 0 0 1 1 4 16 2 2 1 2 1 1 4 12 2 40 1 1 3 9 0 0 1 1 2 22 3 3 2 3 0 0 0 0 3 14 2 6 0 0 0 0 5 28 3 8 2 56 1 5 1 15 
1 1 1 2 3 5 2 13 2 21 5 15 0 0 4 14 5 123 2 2 4 7 2 25 1 1 1 1 2 12 1 3 1 1 1 3 0 0 2 9 0 0 1 1 2 22 1 3 1 1 2 5 0 0 2 2 2 5 3 6 0 0 3 378 
0 0 3 7 1 3 2 28 1 1 2 3 6 16 3 16 2 3 2 23 4 7 1 3 0 0 0 0 2 8 4 4 3 16 1 1 4 22 3 39 5 16 1 3 3 4 1 2 2 3 2 6 1 4 2 2 1 4 2 103 3 5 3 4 
2 12 1 1 5 11 1 1 3 196 1 1 1 1 2 2 0 0 1 2 0 0 1 1 2 5 1 3 3 27 1 1 1 3 1 2 1 1 2 2 2 7 3 3 0 0 0 0 1 5 1 1 1 4 4 19 4 5 4 33 1 1 3 8 
1 1967 2 2 1 7 0 0 1 1 0 0 0 0 3 12 1 3 0 0 2 8 1 1 3 3 1 81 0 0 4 4 1 5 0 0 2 2 2 4 2 6 2 2 1 1 1 24 2 2 2 2 2 7 1 20 0 0 1 1 1 1 0 0 
1 1 2 6 3 4 2 5 5 28 1 1 2 5 0 0 6 14 2 25 2 2 6 342 2 2 2 52 1 4 2 2 1 5 2 6 1 6 3 93 0 0 2 2 2 10 1 8 3 5 1 1 2 14 3 6 5 38 2 38 2 17 2 62 
4 17 1 5 2 117 2 21 3 21 2 28 3 5 3 4 1 1 4 4 3 42 2 12 1 8 1 9 2 8 2 506 0 0 2 2 1 293 1 20 0 0 0 0 3 9 2 5 1 12 2 13 2 2 2 5 3 37 3 13 2 2 5 41 
1 5 4 34 1 3 0 0 2 2 2 18 0 0 3 15 1 1 3 8 3 18 1 1 3 8 3 16 1 2 1 2 2 11 2 2 2 3 3 32 4 19 0 0 3 6 1 1 0 0 1 2 2 9 3 51 3 14 1 1 3 257 0 0 
3 6 2 9 1 2 2 2 3 101 3 15 2 3 0 0 2 2 1 1 1 1 0 0 2 2 2 2 2 2 1 1 1 1 3 4 1 3 2 2 4 623 0 0 2 3 1 1 1 1 3 5 3 15 0 0 3 3 3 25 2 8 1 46 
1 1 0 0 3 262 2 2 1 2 3 4 2 6 2 2 3 6 1 1 3 5 2 9 2 2 2 43 1 16 1 1 1 1 2 26 1 8 3 28 1 1 3 13 1 3 2 6 2 2 2 2 1 3 3 3 1 4 0 0 0 0 0 0 
4 7 2 3 0 0 1 4 2 10 2 2 1 11 5 10 4 27 4 13 0 0 2 292 1 4 1 1 2 18 3 4 4 33 2 3 2 29 1 1 5 60 1 1 3 7 1 1 0 0 1 1 4 10 2 3 0 0 5 7 0 0 2 15 
5 17 2 3 3 7 2 2 4 28 2 34 2 3 1 51 1 1 1 4 3 89 0 0 5 12 2 10 2 3 4 63 2 29 3 4 0 0 1 60 2 31 2 6 3 3 2 2 2 4 1 7 1 3 6 40 2 2 2 9 3 11 1 1 
3 13 1 1 2 15 4 34 2 2 2 7 1 2 2 3 0 0 4 218 1 1 2 5 3 5 2 9 3 7 4 7 3 10 2 2 3 17 1 4 1 2 1 1 1 1 6 22 2 14 1 2 1 7 0 0 4 8 1 4 3 4 2 4 
3 5 3 7 5 6 0 0 0 0 2 2 0 0 3 9 0 0 1 3 2 6 4 13 5 31 3 3 2 2 1 1 0 0 4 4 4 6 3 5 3 26 2 5 1 1 4 6 2 7 2 3 6 107 0 0 6 49 1 3 0 0 2 29 
2 2 0 0 3 52 1 1 5 83 1 15 2 9 2 3 2 7 3 22 0 0 3 14 3 14 1 4 2 4 3 9 3 176 3 10 2 3 2 10 1 3 2 13 5 24 1 4 3 3 3 15 0 0 0 0 1 5 1 2 3 12 1 1 
0 0 1 1 3 30 4 93 2 2 2 8 3 3 2 11 2 4 2 155 6 37 1 1 2 2 2 7 3 7 1 1 1 1 0 0 3 3 3 108 0 0 4 13 1 7 3 38 1 2 8 80 2 6 3 394 4 5 3 14 4 11 2 95 
1 2 2 15 2 21 3 3 3 4 0 0 0 0 2 6 3 53 3 23 5 21 3 186 2 8 4 38 1 12 3 5 1 6 1 11 1 8 1 10 3 3 0 0 0 0 1 1 1 1 2 22 1 29 2 2 5 20 2 13 2 7 3 13 
1 3 3 17 3 8 1 32 3 6 0 0 1 1 2 13 1 5 1 2 3 24 1 3 1 4 2 3 3 379 2 2 2 42 0 0 0 0 2 47 3 13 2 34 2 7 3 44 3 8 2 2 2 7 0 0 2 9 3 8 2 4 0 0 
0 0 2 3 2 29 1 1 3 3 2 9 2 6 2 25 1 147 2 2 1 1 6 22 3 4 0 0 2 6 1 1 3 5 1 1 2 2 2 3 2 4 3 104 1 58 2 20 2 3 2 187 0 0 2 6 1 120 3 191 3 4 2 4 
4 4 7 18 1 1 3 131 0 0 3 4 2 5 0 0 4 5 2 2 3 7 2 23 2 8 1 1 3 67 2 13 1 3 4 171 2 2 1 261 3 32 1 3 7 18 2 2 3 7 3 5 0 0 2 3 3 5 4 6 0 0 4 22 
2 2 1 6 0 0 3 4 2 2 1 2 3 38 1 1 3 5 1 1 1 2 4 9 4 52 4 19 0 0 3 697 1 1 2 8 5 12 1 23 2 108 4 33 4 9 2 2 1 1 2 2 1 1 2 3 0 0 3 88 1 3 0 0 
3 6 0 0 0 0 2 2 1 2 1 1 1 3 1 2 1 1 2 20 2 2 0 0 3 4 1 1 0 0 1 1 5 17 3 10 1 10 2 6 0 0 1 1 0 0 2 43 1 1 0 0 4 8 0 0 0 0 2 54 3 10 0 0 
2 2 5 5 1 311 1 2 3 7 3 4 2 132 1 1 3 6 2 2 4 215 3 15 1 1 2 2 1 2 3 3 4 12 3 17 3 5 1 8 2 5 7 23 3 69 1 1 2 6 1 1 4 6 5 16 0 0 4 52 3 3 1 1 
3 30 1 8 3 40 3 7 5 54 3 4 2 10 0 0 0 0 2 4 1 1 1 1 3 469 0 0 0 0 1 1 3 4 0 0 1 10 2 2 0 0 1 1 0 0 2 2 3 28 3 20 1 1 2 2 1 1 1 1 2 2 1 1 
0 0 3 10 0 0 3 3 2 2 3 6 4 10 3 10 2 14 0 0 0 0 1 1 0 0 3 5 3 59 1 1 0 0 3 12 4 6 3 112 1 1 0 0 1 1 2 2 2 19 1 2 0 0 1 1 2 8 2 2 1 1 1 8 
2 2 2 9 0 0 1 1 2 11 2 2 0 0 4 1335 1 1 5 7 2 2 1 3 4 12 1 6 0 0 1 1 2 4 0 0 3 4 0 0 1 18 5 16 2 108 3 39 4 54 5 63 3 4 2 34 2 3 3 13 1 28 1 1 
2 5 3 34 1 4 2 22 2 2 4 8 3 8 3 348 1 6 0 0 3 16 1 1 0 0 4 77 4 6 2 8 0 0 1 2 1 9 4 151 0 0 1 2 4 210 0 0 2 21 1 19 1 11 1 1 3 5 3 7 1 1 5 32 
2 6 2 2 1 1 3 6 4 395 2 5 0 0 2 8 4 28 3 11 4 33 1 1 4 14 1 9 1 3 2 8 1 1 1 1 0 0 3 9 5 5 5 10 3 19 7 143 1 1 3 37 2 11 1 1 1 1 1 25 0 0 4 4 
1 7 2 10 2 4 3 10 5 23 1 1 4 178 4 40 1 3 3 6 7 12 3 5 2 2 2 6 3 3 4 5 1 1 4 16 0 0 0 0 3 3 0 0 2 2 2 2 1 18 2 20 1 4 2 6 3 25 2 11 1 15 2 3 
1 1 1 5 1 1 5 69 3 12 3 11 5 13 2 2 0 0 5 9 3 62 2 4 0 0 3 410 1 1 0 0 0 0 1 2 0 0 0 0 4 249 3 5 0 0 1 3 1 1 2 2 3 5 2 2 1 1 1 15 2 4 3 3 
4 19 6 212 2 5 2 3 2 5 2 119 1 1 2 5 4 9 2 2 1 1 2 4 0 0 1 1 2 8 4 11 1 1 2 8 1 5 1 2 2 9 0 0 4 11 2 5 2 9 3 12 1 2 5 7 2 22 4 32 6 45 2 4 
2 12 0 0 1 2 3 3 4 14 2 88 2 2 1 1 3 38 2 5 0 0 2 3 2 448 2 6 0 0 1 3 4 64 2 2 3 4 3 44 3 12 1 4 0 0 2 2 3 3 5 41 0 0 4 10 2 2 4 4 3 8 1 62 
2 3 1 1 0 0 3 98 1 2 2 19 0 0 0 0 3 3 2 6 5 5 0 0 3 3 3 5 3 19 1 1 2 2 4 6 1 2 2 4 2 6 4 46 2 2 6 8 2 2 1 1 2 5 1 5 5 6 6 12 2 9 2 3 
1 30 0 0 1 1 2 2 2 3 2 2 1 1 0 0 2 2 3 8 0 0 2 5 2 43 3 11 1 2 2 2 8 29 1 6 2 2 3 8 2 4 4 6 3 14 1 1 2 2 1 1 2 111 5 52 2 2 4 12 1 1 4 89 
0 0 0 0 2 3 0 0 4 4 2 2 2 14 6 38 3 3 2 7 3 13 1 2 3 40 1 25 1 3 6 9 3 3 4 8 1 3 1 1 3 3 1 1 0 0 1 17 1 4 1 5 0 0 3 3 3 105 0 0 1 1 2 5 
0 0 3 234 7 85 4 18 3 3 2 3 5 11 4 11 1 6 1 3 1 1 3 6 2 5 1 1 1 21 5 26 4 94 2 2 1 1 2 40 2 2 4 7 1 27 3 3 3 44 0 0 2 2 4 10 1 6 1 5 3 34 1 3 
4 4 1 1 2 2 2 5 2 10 2 3 3 4725 3 124 1 7 2 278 1 1 1 1 1 1 2 25 4 20 4 22 3 9 0 0 1 1 3 12 3 8 0 0 4 17 6 228 5 11 2 2 2 239 2 36 5 17 3 9 1 1 1 9 
3 21 1 1 1 10 2 2 3 5 4 24 4 71 3 3 4 19 1 3 1 1 1 1 3 66 1 2 4 361 2 9 5 8 2 5 1 11 1 2 1 1 3 45 1 1 2 2 5 13 1 4 2 2 1 2 2 5 2 12 0 0 3 14 
0 0 0 0 1 1 4 6 1 1 4 91 2 2 1 3 6 102 2 3 0 0 4 59 0 0 4 10 2 2 0 0 3 6 4 42 4 4 3 3 6 20 2 6 1 1 0 0 5 153 0 0 1 1 1 1 3 52 2 2 4 11 1 1 
1 2 3 9 1 3 2 7 3 7 2 2 2 2 1 1 2 2 2 6 1 1 1 1 3 11 3 10 3 7 3 8 2 16 2 2 1 2 5 13 0 0 3 8 1 1 3 20 3 6 2 24 4 9 1 1 2 4 1 1 3 12 1 1 
5 18 2 5 2 2 0 0 1 1 2 2 0 0 1 9 4 7 2 4 4 14 3 7 1 34 1 1 6 8 3 8 3 3 2 7 0 0 0 0 1 3 2 7 6 35 5 41 1 1 1 1 1 1 3 22 2 3 3 8 6 25 3 3 
1 1 4 13 2 2 6 35 1 7 0 0 3 13 0 0 2 54 2 4 3 10 3 42 3 8 3 24 1 25 2 3 3 54 6 16 1 4 3 18 0 0 0 0 2 18 2 2 4 30 3 11 2 2 0 0 1 1 6 17 2 5 1 1 
1 2 0 0 0 0 0 0 3 19 4 19 3 7 1 13 3 88 2 2 2 2 1 1 3 66 2 3 4 6 1 1 4 4 1 1 1 6 2 2 2 2 0 0 4 6 1 2 3 3 1 1 1 9 1 1 0 0 1 1 1 1 1 1 
2 27 1 2 0 0 4 8 0 0 1 2 1 4 2 5 0 0 4 13 1 1 1 7 1 1 0 0 0 0 2 2 4 5 0 0 4 9 2 5 2 2 3 9 1 1 1 1 2 6 4 9 2 5 1 1 5 21 4 14 1 1 2 2 
4 8 1 7 1 1 1 1 2 3 2 41 1 4 0 0 3 5 1 21 4 32 2 10 3 3 0 0 1 1 0 0 1 1 2 7 3 4 3 15 2 2 6 12 1 1 1 4 1 16 0 0 2 6 5 7 2 3 5 204 2 17 4 12 
3 5 0 0 1 1 1 12 1 1 3 9 1 1 0 0 1 1 1 3 2 14 4 9 3 4 1 6 6 52 3 9 1 1 3 6 2 73 2 15 3 7 1 32 1 3 2 2 2 4 2 3 2 2 2 2 1 1 6 34 3 3 3 7 
3 13 2 2 0 0 2 3 3 20 2 19 1 9 6 44 1 79 2 5 2 5 2 8 2 7 0 0 6 15 6 27 1 1 2 27 4 12 2 2 4 5 1 1 0 0 2 2 1 3 2 2 0 0 2 9 5 10 2 2 1 1 1 1 
2 7 4 6 0 0 5 55 1 1 2 27 0 0 2 18 0 0 2 21 4 50 2 4 2 2 2 2 2 3 4 4 0 0 1 2 3 20 2 9 5 61 3 32 1 1 2 3 1 6 1 1 2 12 2 2 1 1 2 2 2 6 2 2 
5 6 1 1 1 2 0 0 1 1 5 16 1 2 5 19 2 25 4 11 0 0 2 17 3 30 1 1 2 2 1 1 0 0 1 1 2 5 4 12 3 33 3 30 2 9 1 4 4 20 0 0 4 11 0 0 1 1 2 2 2 5 2 2 
1 1 2 2 1 4 2 3 2 8 0 0 3 10 1 32 3 11 1 1 3 10 3 3 2 3 2 3 2 4 3 29 2 5 4 9 2 3 0 0 2 6 1 9 2 2 1 3 3 6 1 1 2 3 2 10 3 4 1 5 2 2 1 14 
1 5 4 13 3 10 4 10 3 34 3 8 3 3 4 14 2 64 3 4 2 3 1 1 1 1 0 0 0 0 2 2 2 2 0 0 1 6 3 19 2 36 1 1 1 1 1 6 1 1 3 7 7 16 4 6 1 8 0 0 3 3 0 0 
3 14 1 1 3 8 2 9 1 2 1 1 2 4 0 0 1 1 2 3 1 3 2 2 2 5 3 12 3 16 1 1 0 0 1 2 0 0 4 17 4 6 0 0 5 10 1 25 1 1 5 5 0 0 4 4 4 24 5 16 0 0 1 7 
0 0 4 329 4 6 0 0 1 40 3 4 0 0 3 7 2 6 3 3 5 20 3 4 1 1 1 8 3 3 0 0 4 21 6 48 2 2 2 6 3 10 0 0 3 81 1 9 2 3 1 3 2 2 2 112 2 4 0 0 5 28 3 15 
1 13 1 4 3 10 4 6 0 0 4 9 3 8 2 16 4 6 1 4 3 121 3 8 2 2 1 7 3 3 5 10 3 25 1 1 4 16 0 0 1 4 2 19 1 6 0 0 1 1 2 73 1 2 3 4 0 0 3 54 3 4 3 93 
3 8 1 5 3 9 3 11 3 52 2 31 3 4 3 14 4 10 1 4 3 24 3 20 5 1205 2 38 2 3 2 2 4 16 0 0 3 7 4 9 1 5 0 0 5 13 2 23 3 3 4 28 2 4 2 2 4 167 1 1 1 1 2 5 
1 1 2 2 1 1 2 33 3 14 2 8 1 4 3 8 0 0 1 2 0 0 1 1 2 7 7 22 5 15 1 1 3 14 3 4 3 15 2 15 2 5 3 12 3 6 2 6 3 3 2 29 3 18 2 5 1 1 1 2 0 0 3 6 
0 0 1 6 1 1 1 1 0 0 4 9 2 3 3 8 2 8 6 9 2 76 1 1 3 8 2 2 2 5 1 193 2 4 3 72 2 10 1 1 2 97 1 1 2 78 2 5 3 94 3 10 2 9 3 4 2 11 1 7 1 1 1 1 
2 6 3 3 3 45 2 3 2 20 3 4 4 5 2 2 0 0 1 11 2 2 0 0 0 0 3 5 4 15 4 9 5 52 1 1 2 6 2 13 1 2 2 2 3 72 0 0 5 12 4 33 0 0 3 7 1 4 1 1 1 4 4 9 
2 41 3 27 1 3 2 2 1 18 2 2 0 0 8 24 1 7 2 4 6 45 3 11 1 8 0 0 2 62 1 1 1 1 2 5 3 11 0 0 2 53 4 14 5 10 0 0 3 5 0 0 1 1 1 1 2 3 4 236 2 3 1 1 
3 7 4 155 1 1 1 1 3 3 0 0 1 1 4 48 4 14 4 57 4 11 2 7 4 29 1 3 1 1 5 14 1 1 0 0 0 0 3 4 2 4 1 7 3 30 2 2 2 2 2 2 3 11 0 0 2 5 2 2 2 6 2 31 
2 12 3 6 2 9 5 8 0 0 2 7 4 25 0 0 2 7 4 8 2 24 2 3 5 28 3 7 5 73 5 221 2 2 1 9 4 41 2 2 1 1 4 11 2 24 1 1 1 1 3 5 1 1 6 12 4 322 4 19 0 0 4 12 
4 50 4 170 2 7 4 6 1 6 0 0 3 153 0 0 0 0 2 32 1 4 2 2 2 3 3 10 1 1 0 0 1 30 3 3 1 51 0 0 1 4 0 0 3 17 1 2 0 0 4 8 1 3 3 24 2 5 1 21 1 1 1 2 
1 1 3 4 5 42 1 4 3 258 0 0 1 1 3 8 0 0 3 16 2 3 2 3 1 1 5 246 2 5 3 45 2 5 6 44 3 43 0 0 1 1 0 0 1 42 1 1 2 7 3 477 0 0 0 0 2 6 3 14 2 3 0 0 
2 2 4 4 2 9 5 37 1 1 0 0 6 56 2 6 5 10 3 10 2 8 0 0 1 1 1 1 1 17 2 142 0 0 3 104 2 2 1 3 2 2 4 6 1 2 1 1 2 4 1 1 1 40 1 1 3 38 3 3 6 12 2 3 
1 2 2 3 2 6 1 20 5 73 1 3 2 47 2 2 3 11 3 10 2 2 3 4 2 11 4 7 2 7 2 3 3 4 3 30 2 79 1 1 2 5 1 1 1 1 1 1 3 9 1 2 1 16 2 25 2 5 0 0 1 1 4 10 
4 5 3 5 1 33 2 2 3 64 2 5 1 16 3 11 2 6 0 0 2 8 4 44 0 0 2 4 1 4 3 6 1 2 2 2 7 32 3 3 1 1 2 12 1 4 6 6 1 1 3 3 4 21 2 3 3 14 4 48 3 30 0 0 
3 6 4 4 3 11 1 4 2 3 1 9 0 0 1 1 5 55 2 2 3 3 0 0 3 8 0 0 5 43 2 3 3 4 1 1 3 3 2 767 2 8 2 3 0 0 3 4 1 1 2 2 2 5 2 21 0 0 0 0 0 0 3 23 
0 0 2 4 3 13 3 3 1 1 1 23 2 65 1 1 0 0 2 8 3 4 1 1 4 6 1 1 3 22 2 9 3 3 1 2 0 0 1 1 4 19 1 1 1 1 2 11 0 0 3 5 4 25 4 20 3 8 4 13 1 1 0 0 
2 8 0 0 1 7 2 4 3 6 3 6 0 0 1 1 2 2 0 0 0 0 0 0 1 2 4 50 1 3 1 1 2 6 2 7 2 40 1 1 2 11 2 4 2 11 2 3 2 5 1 229 3 37 7 33 1 1 5 14 2 8 6 16 
3 7 2 13 1 1 2 10 3 4 1 1 3 24 2 2 1 5 5 745 4 16 6 63 2 8 1 1 1 12 3 12 3 4 3 5 4 12 2 27 3 19 2 6 2 9 6 14 2 3 2 6 2 2 1 16 1 114 3 16 2 3 1 1 
3 5 3 3 1 1 2 10 2 2 3 3 3 19 2 23 0 0 3 3 0 0 1 1 2 19 1 52 2 25 5 25 2 10 2 7 1 1 2 2 1 1 3 6 1 1 5 636 0 0 2 2 1 1 2 6 0 0 2 21 2 6 0 0 
1 1 3 3 2 37 4 7 2 6 3 3 0 0 1 9 0 0 0 0 4 572 0 0 4 7 3 17 2 4 2 8 0 0 2 11 1 1 3 7 3 7 2 2 1 13 3 10 2 16 5 29 1 2 1 23 1 3 1 6 1 3 2 2 
3 11 1 1 0 0 1 4 3 637 3 3 2 15 5 128 1 1 0 0 2 9 3 6 1 2 1 12 1 5 2 11 3 61 1 46 5 69 1 1 5 9 6 10 3 3 3 5 0 0 3 32 3 15 6 17 4 27 3 7 3 36 1 1 
4 5 1 4 3 8 2 8 3 33 3 6 1 1 2 3 4 9 2 36 0 0 4 15 3 7 1 1 2 4 2 100 3 53 1 1 2 3 2 2 2 3 3 15 1 3 0 0 3 70 3 5 3 8 4 5 5 10 2 5 4 71 1 5 
0 0 1 23 1 1 3 3 1 6 2 3 2 3 3 26 2 2 1 1 2 3 2 5 7 186 1 1 4 9 1 5 3 11 2 2 4 4 4 10 2 3 1 1 2 2 2 5 0 0 3 7 2 95 2 5 1 3 2 442 0 0 2 3 
2 3 0 0 1 2 1 5 0 0 2 3 5 40 5 22 2 4 2 9 0 0 2 3 3 9 3 3 6 24 3 9 3 4 1 5 0 0 3 8 1 4 1 16 4 7 2 5 1 1 2 5 1 2 3 3 2 10 3 21 6 16 1 1 
2 5 0 0 3 7 1 1 3 6 1 1 2 5 6 24 2 26 2 6 0 0 2 2 2 5 4 20 3 3 6 7 3 19 2 12 3 5 1 1 3 3 2 2 2 2 1 7 2 7 3 22 3 3 4 15 3 3 3 4 1 19 4 4 
2 38 1 2 1 1 1 1 3 4 3 99 1 3 4 47 0 0 1 1 2 4 1 2 5 11 2 6 6 54 0 0 1 1 2 4 2 21 2 2 1 1 4 9 2 2 1 3 3 25 4 101 1 1 1 1 0 0 1 2 2 6 0 0 
3 4 4 12 2 47 2 8 1 9 5 6 2 5 2 2 3 13 4 41 1 71 1 8 3 39 4 30 3 3 3 3 3 23 2 8 3 6 1 1 1 1 2 3 1 4 5 8 2 102 1 154 0 0 0 0 2 3 2 137 0 0 0 0 
2 6 2 2 4 46 1 2 2 2 1 17 2 55 4 15 4 1028 2 5 3 9 3 17 2 2 3 96 3 4 1 1 1 1 1 1 2 36 0 0 2 2 1 1 2 2 3 75 1 1 1 1 2 8 4 13 6 75 1 1 3 23 2 2 
1 1 0 0 2 13 3 7 1 1 3 101 1 8 2 3 2 2 3 3 5 29 3 29 1 1 1 2 1 2 0 0 2 6 1 1 0 0 3 7 3 11 3 3 4 13 1 6 2 6 2 2 4 9 0 0 2 26 4 92 1 1 3 22 
3 5 1 1 1 1 2 2 2 3 1 2 0 0 6 9 4 42 2 2 3 7 1 6 1 1 1 1 5 51 0 0 4 4 2 3 1 1 1 1 1 5 1 15 2 8 0 0 2 6 4 10 3 28 1 2 1 2 2 8 1 12 2 6 
1 1 2 6 0 0 2 5 2 3 3 4 4 5 2 69 6 24 4 17 4 9 2 6 1 1 3 32 3 4 1 1 2 3 1 11 1 6 2 4 2 6 4 4 2 2 1 1 4 8 3 3 2 5 1 1 1 18 1 8 1 1 1 5 
1 2 3 28 1 2 2 2 4 14 2 4 1 1 2 14 3 27 1 2 5 27 3 16 0 0 1 25 0 0 1 7 5 12 1 8 1 2 4 25 4 4 5 13 3 4 1 1 4 20 0 0 0 0 2 5 4 26 0 0 2 10 3 6 
2 2 4 5 2 206 0 0 2 64 0 0 3 42 0 0 0 0 2 4 3 6 1 1 1 2 2 2 2 7 3 14 1 5 3 19 2 6 4 106 2 5 3 5 2 8 1 1 3 15 2 2 3 3 2 163 4 20 2 2 2 52 3 5 
0 0 2 3 0 0 0 0 5 30 4 31 1 1 1 1 1 6 1 1 4 5 0 0 3 78 2 4 3 5 3 11 4 12 3 3 3 10 1 8 4 10 1 3 1 4 1 64 1 3 2 19 1 5 3 53 2 18 3 11 2 56 1 7 
1 3 1 1 3 4 2 9 4 38 2 2 1 1 1 1 0 0 0 0 0 0 7 21 5 355 3 6 2 10 2 15 2 9 1 1 1 4 4 16 1 1 3 7 2 7 2 90 0 0 0 0 2 4 2 3 2 15 3 3 2 18 0 0 
2 2 1 4 1 1 2 8 5 57 1 1 3 854 3 41 1 6 3 32 0 0 1 6 3 10 3 9 1 56 1 1 3 200 0 0 3 3 4 7 1 1 2 4 2 13 1 1 3 9 1 18 2 5 0 0 3 7 6 27 1 1 0 0 
1 1 3 8 3 3 2 9 3 3 2 4 3 8 2 4 3 12 1 6 4 1280 1 1 3 18 2 4 4 137 2 3 2 2 0 0 3 5 3 4 1 1 3 7 0 0 2 2 5 72 6 19 3 7 1 4 2 2 1 1 6 24 1 5 
2 6 2 7 1 2 1 1 2 8 4 23 1 1 2 2 2 7 2 2 2 2 2 23 4 19 1 3 5 11 2 35 1 1 0 0 3 550 3 6 3 4 2 5 3 7 2 4 2 2 2 2 1 169 2 7 4 54 1 1 5 5 0 0 
0 0 3 7 3 17 3 4 2 3 1 1 1 74 4 11 4 10 3 3 1 1 4 29 1 2 0 0 4 23 1 1 3 5 2 13 1 1 5 92 3 9 1 1 0 0 1 2 1 8 1 2 1 4 1 1 1 2 2 7 5 12 0 0 
2 4 6 53 1 1 2 6 3 20 5 27 2 12 1 1 1 1 1 6 2 9 0 0 4 10 3 3 4 8 0 0 2 27 2 7 1 10 3 15 2 2 5 56 2 3 4 38 1 1 4 9 3 14 3 14 0 0 1 9 1 18 0 0 
1 21 2 2 2 2 1 118 3 12 2 2 2 225 0 0 1 1 2 4 1 10 0 0 1 28 3 3 2 7 3 10 1 1 0 0 4 6 1 4 1 2 0 0 0 0 3 37 2 5 2 2 2 2 2 7 1 4 2 7 2 7 2 7 
3 13 0 0 3 13 0 0 1 2 1 5 3 8 2 5 1 2 0 0 3 3 2 3 3 9 0 0 5 8 1 1 0 0 3 32 5 35 0 0 1 6 0 0 3 3 4 12 4 5 6 8 5 119 0 0 1 1 4 6 2 3 2 3 
2 7 2 2 5 42 0 0 5 20 1 1 1 5 3 28 0 0 4 34 1 1 2 2 3 15 4 14 4 8 4 5 1 1 2 62 1 1 4 25 5 7 2 10 3 8 0 0 1 1 6 11 4 198 0 0 3 20 4 17 1 2 1 6 
0 0 3 11 3 14 3 98 2 3 2 6 4 12 2 2 2 11 3 7 3 12 2 7 0 0 0 0 0 0 1 4 2 7 2 4 0 0 2 2 0 0 0 0 3 7 3 23 2 10 1 1 2 12 3 5 4 15 0 0 4 5 2 6 
1 1 4 23 0 0 1 3 3 7 2 10 1 3 1 2 0 0 4 7 1 1 1 1 4 9 2 190 4 131 2 10 2 4 5 373 3 29 2 19 0 0 0 0 1 7 4 87 2 4 4 6 3 15 2 5 5 23 2 2 2 10 5 60 
1 1 3 18 4 39 3 6 4 8 1 1 2 6 2 2 4 11 2 25 1 1 3 439 3 3 3 7 3 5 3 13 3 24 1 2 1 4 1 11 2 2 1 1 2 3 2 22 0 0 2 15 0 0 2 3 4 9 1 1 0 0 2 2 
2 20 1 1 4 25 2 8 1 1 2 2 2 7 0 0 2 16 1 1 1 1 2 2 3 15 6 9 4 18 3 5 3 51 2 12 1 3 5 18 1 1 1 8 2 4 2 5 2 3 1 1 6 10 0 0 2 2 0 0 4 12 2 2 
1 1 2 2 3 7 1 2 2 205 1 4 4 4 2 8 1 1 2 18 1 1 2 3 2 2 1 1 4 34 3 3 4 4 3 19 3 7 1 1 2 2 3 5 0 0 2 3 2 14 0 0 2 2 2 4 4 45 2 8 0 0 2 2 
4 5 2 76 5 5 2 8 2 3 2 2 2 27 2 13 1 1 4 10 4 7 4 17 3 6 4 7 2 2 2 2 2 6 2 2 3 11 3 6 3 5 3 4 2 2 2 5 3 5 1 4 1 1 4 6 2 6 2 10 4 36 1 1 
0 0 2 9 2 49 3 11 6 63 4 9 0 0 2 54 1 1 1 1 1 1 2 8 3 8 4 28 0 0 2 9 1 1 0 0 1 1 1 1 1 1 4 10 2 5 3 3 2 11 2 3 2 24 1 5 0 0 2 3 1 3 1 2 
0 0 2 2 0 0 4 8 3 3 4 4 0 0 2 9 4 25 2 4 3 5 4 8 0 0 3 34 3 16 0 0 1 1 3 16 2 6 4 8 3 10 2 3 1 1 1 2 3 3 0 0 0 0 5 11 1 14 0 0 2 6 1 12 
1 19 2 7 2 21 2 3 2 4 2 2 2 3 3 4 3 3 1 23 2 3 1 12 2 14 2 12 0 0 3 5 5 43 2 2 1 1 1 1 2 46 2 9 4 6 0 0 1 4 2 5 1 1 0 0 0 0 0 0 4 9 2 2 
2 10 0 0 0 0 3 17 5 9 3 17 5 5 0 0 1 1 3 6 1 1 3 18 7 13 5 20 2 2 0 0 3 13 3 23 2 5 4 9 4 8 1 2 1 1 1 1 1 12 1 7 2 2 4 5 0 0 1 1 1 5 2 7 
4 8 6 50 2 2 2 9 1 10 3 8 1 1 4 15 1 10 3 28 1 1 1 23 1 1 2 2 3 29 0 0 4 9 2 2 1 1 2 12 2 22 2 2 2 9 2 9 4 12 2 4 2 17 2 2 0 0 2 2 0 0 2 8 
1 3 3 40 4 36 1 5 2 7 4 12 0 0 4 4 3 27 0 0 1 2 1 1 0 0 2 6 1 3 0 0 3 12 5 7 0 0 2 13 5 5 2 2 2 4 2 2 2 10 2 15 1 6 1 1 1 73 1 1 1 4 1 1 
2 4 2 2 2 32 0 0 1 1 2 4 0 0 0 0 2 2 2 2 2 7 1 22 1 3 0 0 3 17 1 48 2 3 1 1 1 1 1 1 3 11 2 3 2 2 5 14 5 5 3 12 4 4 3 60 0 0 3 23 4 15 1 11 
1 1 3 8 1 1 4 27 0 0 2 8 2 5 3 4 4 4 3 5 3 6 0 0 2 5 0 0 3 10 4 11 6 9 2 2 1 1 1 6 2 2 1 10 2 42 3 9 3 72 3 29 1 2 1 2 0 0 1 6 1 1 0 0 
3 12 2 26 1 1 1 9 7 12 1 3 3 20 1 6 2 21 0 0 2 21 5 15 2 2 0 0 3 14 2 2 2 20 1 1 3 17 2 3 2 4 0 0 1 11 3 5 2 25 4 5 1 1 1 1 1 1 0 0 3 4 3 85 
4 25 1 1 1 2 2 6 2 10 4 7 0 0 2 2 3 3 1 398 0 0 5 216 2 3 3 51 0 0 1 5 0 0 0 0 2 11 2 2 1 1 0 0 0 0 2 3 1 1 1 2 2 3 1 1 0 0 2 8 2 9 2 6 
5 7 1 1 2 354 2 14 0 0 3 29 0 0 1 1 0 0 0 0 0 0 2 11 1 1 0 0 1 3 0 0 0 0 5 18 1 9 4 160 1 2 1 306 3 8 1 4 2 15 0 0 3 8 3 7 1 3 1 1 4 10 1 4 
0 0 3 14 0 0 0 0 1 1 1 2 1 1 1 3 2 2 2 3 0 0 2 4 4 16 2 3 1 1 2 8 1 14 1 1 3 18 2 5 3 66 2 3 2 3 1 1 4 18 2 2 3 5 3 3 2 10 4 343 1 1 3 154 
1 7 3 6 1 1 2 3 2 2 2 6 0 0 2 6 2 4 4 56 5 15 3 4 0 0 1 2 3 4 2 4 1 1 3 8 2 7 1 1 0 0 0 0 2 61 1 1 0 0 2 6 3 37 1 1 1 11 4 30 4 91 3 3 
0 0 4 10 2 2 0 0 2 4 1 5 2 2 2 3 1 1 2 10 1 1 1 1 1 1 3 3 2 2 2 6 2 4 4 16 4 31 0 0 1 1 2 10 4 13 2 45 1 5 4 4 2 4 2 16 5 30 4 8 3 17 0 0 
2 3 5 56 2 4 1 1 3 3 4 33 4 48 1 1 2 2 3 4 0 0 1 2 3 21 2 4 3 19 4 58 3 8 2 13 1 1 2 10 6 13 5 7 6 22 3 3 1 9 4 6 2 9 2 2 3 139 3 12 1 7 5 14 
2 13 2 2 1 7 5 16 3 3 1 2 2 16 3 13 2 2 1 1 0 0 4 8 2 5 1 1 2 14 1 1 1 28 5 11 2 4 1 1 0 0 5 31 1 1 6 24 1 1 2 6 3 5 0 0 3 3 3 8 2 4 2 2 
2 2 0 0 1 1 0 0 3 9 1 1 2 13 1 1 0 0 3 16 3 6 3 11 3 15 1 3 4 4 3 26 2 4 0 0 2 4 3 5 1 1 1 1 2 2 1 1 2 2 2 6 2 6 4 14 0 0 2 12 4 27 2 2 
0 0 2 3 2 3 6 39 0 0 1 1 1 1 3 3 2 2 0 0 2 4 1 1 3 10 2 4 3 26 1 1 0 0 2 6 0 0 2 2 6 472 4 6 2 3 2 2 5 57 2 6 1 4 0 0 2 20 2 8 2 2 2 13 
2 8 0 0 1 1 2 3 1 4 3 4 1 1 1 1 4 4 2 5 3 9 0 0 4 16 5 9 0 0 3 3 0 0 2 3 3 10 4 52 3 68 1 1 1 1 1 1 4 5 2 6 1 1 2 6 2 4 0 0 2 2 4 42 
0 0 2 6 4 8 1 1 4 4 3 11 1 44 3 3 1 5 3 8 3 4 3 30 1 1 4 8 1 1 2 3 2 3 3 3 2 134 0 0 2 2 1 1 1 1 1 1 0 0 0 0 2 3 2 4 0 0 1 9 1 1 0 0 
1 3 1 1 1 4 1 1 4 41 0 0 2 16 0 0 2 9 1 1 1 1 4 7 5 14 1 16 2 13 3 3 0 0 0 0 2 39 6 84 0 0 1 4 0 0 1 1 1 4 0 0 1 1 2 2 4 5 2 2 2 3 1 1 
1 1 2 3 3 4 1 2 3 4 2 2 4 66 0 0 3 4 1 6 5 12 4 10 2 2 2 7 2 2 0 0 2 49 1 2 3 3 2 3 0 0 0 0 1 9 1 3 2 4 2 4 3 5 0 0 3 6 1 1 1 4 2 13 
1 1 3 5 0 0 5 9 2 6 1 3 1 1 2 2 2 9 1 8 5 100 2 2 2 14 0 0 4 12 2 12 3 48 1 27 1 1 3 3 3 9 1 2 3 8 3 558 2 32 0 0 1 1 4 95 1 2 4 24 3 3 2 4 
1 1 1 1 1 1 3 4 3 5 2 20 1 1 1 6 4 247 2 9 3 11 2 13 1 1 2 11 2 5 1 1 4 9 4 40 0 0 2 20 3 91 5 13 1 2 4 14 2 6 1 5 3 7 4 12 3 6 5 24 2 3 1 8 
3 4 1 72 3 10 2 6 2 33 4 154 2 2 0 0 2 8 1 1 3 38 0 0 4 40 4 18 2 4 5 84 2 10 2 2 1 4 0 0 1 1 1 1 3 6 2 29 0 0 5 8 3 12 1 22 2 2 1 1 2 35 2 2 
5 12 1 1 0 0 1 1 2 2 2 13 0 0 2 2 4 262 4 17 5 56 0 0 4 11 4 4 3 3 0 0 3 43 5 12 1 7 1 1 1 2 1 1 3 3 1 2 1 1 5 2186 0 0 2 17 3 13 1 2 0 0 3 3 
4 14 2 32 1 1 3 10 2 10 0 0 3 3 3 3 1 2 3 15 1 18 1 17 3 3 4 4 3 6 2 5 3 7 1 1 3 3 1 2 1 4 7 28 1 82 2 2 1 2 2 105 3 30 4 8 2 2 3 6 1 1 3 5 
1 2 2 26 1 19 2 2 2 2 4 5 1 2 0 0 1 4 3 4 2 2 2 2 3 5 6 6 3 133 3 6 3 14 2 11 2 4 0 0 2 4 1 1 3 21 0 0 2 12 1 1 2 22 0 0 2 11 2 3 7 23 4 12 
0 0 2 2 4 5 4 134 3 5 3 9 1 1 2 40 0 0 1 5 3 24 5 6 2 8 2 2 2 5 3 5 1 32 2 3 3 9 1 2 0 0 3 39 1 1 2 15 3 5 2 5 4 18 1 1 1 1 4 11 2 4 0 0 
0 0 2 3 0 0 3 24 1 1 1 3 3 58 3 3 5 54 3 4 1 2 1 1 5 16 2 4 1 3 3 29 3 7 4 23 1 4 3 79 3 35 3 3 0 0 4 5 3 5 3 4 3 3 0 0 1 1 1 6 1 1 0 0 
0 0 4 4 2 2 5 90 3 8 1 8 1 2 1 1 1 4 0 0 3 3 1 3 1 1 2 38 2 2 2 21 2 3 2 31 2 7 0 0 0 0 3 34 3 28 2 6 5 7 3 3 2 2 5 14 2 35 5 11 1 1 0 0 
1 5 0 0 3 8 0 0 7 23 2 42 3 14 3 22 0 0 3 3 1 1 0 0 3 24 3 9 2 4 2 19 3 3 3 4 2 3 1 1 5 11 1 1 1 40 1 14 3 5 2 2 3 3 2 23 1 1 2 32 2 2 1 12 
0 0 1 1 3 4 3 53 3 29 3 13 2 11 1 16 2 2 3 205 0 0 1 1 5 15 2 9 0 0 2 4 3 4 1 1 2 45 2 6 1 8 3 84 4 22 3 5 3 15 4 21 3 8 6 14 5 16 1 16 3 4 2 2 
1 1 2 2 2 2 0 0 2 7 0 0 2 2 2 75 1 1 3 6 2 18 1 1 5 9 3 12 2 7 2 3 2 2 0 0 5 18 2 11 2 2 1 5 5 26 5 14 0 0 1 1 5 20 1 1 3 38 1 26 4 26 2 9 
2 8 5 15 5 15 2 2 3 104 1 2 0 0 4 6 1 1 4 12 2 4 2 637 5 6 2 14 3 3 2 11 0 0 3 255 2 5 4 20 2 2 2 2 4 8 2 12 2 2 2 2 1 1 4 8 2 2 2 4 1 1 2 2 
4 13 1 4 2 6 1 1 2 21 4 10 2 8 2 6 1 10 0 0 1 1 4 8 0 0 2 3 2 2 2 16 1 2 6 32 5 198 4 395 4 12 0 0 3 22 1 1 0 0 3 4 3 15 5 46 1 1 1 1 2 12 2 2 
4 4 3 3 1 1 2 17 1 5 3 20 5 7 1 2 2 8 2 4 0 0 2 3 2 4 1 6 2 8 3 7 1 6 1 1 2 10 1 33 4 17 0 0 2 2 1 3 2 27 3 6 1 12 1 3 2 4 2 2 2 2 4 7 
1 3 3 3 4 6 1 1 2 4 0 0 2 10 1 8 2 3 3 3 3 18 0 0 1 10 3 12 3 5 0 0 4 48 4 9 3 3 1 1 2 6 0 0 3 18 5 8 0 0 0 0 4 27 4 93 2 5 1 1 2 2 4 7 
2 3 2 31 3 4 2 207 3 6 5 23 1 1 2 12 5 10 4 8 4 8 5 15 2 4 2 7 1 1 1 2 3 3 0 0 2 27 2 4 0 0 1 1 3 7 2 5 2 4 1 1 0 0 2 4 5 25 2 6 0 0 2 28 
5 10 5 10 1 1 2 2 1 4 1 1 2 3 1 1 1 3 1 1 3 17 2 2 1 1 2 2 3 7 1 1 3 152 1 1 0 0 2 6 2 2 5 11 3 187 1 1 1 2 2 213 4 14 4 16 3 42 5 34 2 2 2 7 
5 9 1 1 0 0 1 1 4 16 1 1 2 7 1 1 1 1 6 8 1 21 0 0 1 2 0 0 2 4 2 5 3 9 3 31 1 18 3 6 2 3 2 2 3 3 3 3 5 11 2 2 4 6 3 6 4 22 3 13 1 1 1 1 
1 5 4 6 2 6 1 8 6 40 3 3 3 8 2 3 3 5 6 19 3 6 2 6 0 0 1 27 4 9 1 1 3 12 4 15 2 20 1 2 4 27 4 10 0 0 2 15 3 16 1 1 1 6 0 0 3 3 1 1 2 3 3 7 
3 11 3 7 2 2 6 13 2 8 3 3 2 5 2 12 2 5 1 1 0 0 0 0 0 0 1 7 1 9 4 5 2 27 2 3 6 9 0 0 3 22 1 1 1 3 4 28 2 12 3 6 0 0 1 1 1 16 2 3 3 6 1 1 
4 12 3 9 2 3 2 2 0 0 1 3 2 7 3 23 2 22 2 34 2 3 3 19 1 8 3 3 2 9 2 2 2 3 2 4 1 1 0 0 2 19 3 3 2 3 2 297 1 2 1 1 5 26 6 20 1 7 0 0 1 1 0 0 
5 29 5 20 3 4 0 0 1 2 3 11 1 2 0 0 3 55 0 0 1 1 1 1 4 15 3 9 3 30 2 4 1 3 3 5 2 2 4 12 5 17 3 32 1 1 4 4 2 2 3 125 1 1 2 33 6 10 2 4 3 3 3 41 
0 0 3 5 2 2 3 21 3 68 2 10 1 1 3 9 1 3 1 1 0 0 2 23 2 4 1 1 1 1 1 1 3 5 2 3 2 7 2 9 2 2 4 11 2 14 6 12 2 2 0 0 2 3 5 5 2 3 4 30 1 1 3 3 
1 1165 4 25 1 86 2 40 1 1 5 19 2 9 0 0 2 13 2 8 0 0 2 6 0 0 7 541 2 8 3 8 4 47 2 21 2 21 2 10 1 6 4 74 1 1 0 0 1 2 5 25 1 4 2 2 2 3 2 27 2 7 2 9 
3 8 2 6 0 0 3 8 1 2 1 1 1 1 2 6 3 5 1 1 2 2 1 1 2 2 3 7 0 0 1 1 2 2 3 17 4 187 2 7 1 1 0 0 1 1 1 1 6 107 2 7 4 17 2 9 4 16 1 2 1 24 3 4511 
3 5 3 16 3 10 3 6 2 25 1 1 2 12 0 0 1 1 1 6 2 6 1 1 0 0 1 28 2 6 3 7 1 1 4 16 1 1 0 0 1 5 3 7 2 4 0 0 2 7 2 7 2 5 2 5 1 2 5 36 3 13 0 0 
2 42 3 15 2 59 1 1 2 20 4 12 8 28 0 0 0 0 1 1 4 4 3 7 5 15 4 12 4 9 3 1468 0 0 1 1 2 3 7 27 2 2 1 2 2 4 1 34 1 1 0 0 5 491 3 4 1 8 2 10 3 8 3 3 
1 1 0 0 2 10 1 1 4 16 3 6 1 1 1 2 2 8 4 34 5 31 2 22 3 14 3 8 2 11 5 5 1 39 2 2 0 0 4 13 3 13 1 3 1 1 1 3 3 14 4 22 2 2 0 0 2 2 3 49 0 0 2 6 
5 21 0 0 2 18 4 31 2 2 3 28 1 5 1 1 1 1 3 91 4 9 0 0 1 1 5 27 4 7 5 5 3 4 1 1 5 37 3 4 2 6 4 22 2 2 2 24 2 12 3 7 1 1 3 22 3 3 3 7 0 0 3 9 
3 32 3 34 3 20 4 6 0 0 0 0 2 3 0 0 2 3 4 11 3 28 4 6 4 28 2 3 2 8 1 7 3 9 0 0 2 43 2 6 2 92 2 10 3 7 0 0 3 10 1 1 2 6 4 338 2 4 3 4 0 0 1 1 
4 8 1 11 2 2 0 0 5 5 2 7 0 0 2 2 7 31 2 4 3 25 0 0 2 3 6 28 2 3 4 4 2 144 1 1 6 10 2 5 3 28 0 0 0 0 1 26 4 281 2 326 0 0 1 1 4 27 2 3 1 8 3 12 
2 2 1 3 7 28 3 6 5 5 1 2 0 0 3 5 2 2 1 2 2 22 5 11 1 1 2 12 3 4 0 0 1 1 2 14 4 41 0 0 0 0 1 1 0 0 1 16 1 1 3 19 1 3 0 0 1 1 2 4 1 7 1 2 
1 3 2 8 1 1 2 7 0 0 2 2 2 2 1 1 1 51 0 0 2 3 3 8 3 4 1 8 3 8 6 23 3 139 4 6 2 13 1 1 1 1 3 3 4 19 1 3 1 1 1 1 1 1 1 1 1 1 0 0 3 11 2 9 
1 1 1 13 2 2 3 3 0 0 1 2 2 9 4 9 1 3 3 3 1 4 2 3 2 5 4 46 1 2 4 22 4 4 2 35 2 2 2 8 3 10 3 16 4 11 1 2 2 136 7 28 4 21 1 1 0 0 1 1 4 19 1 1 
4 6 1 1 3 39 1 1 2 15 3 4 4 6 3 5 2 5 2 2 0 0 2 9 0 0 4 6 2 8 3 3 1 2 1 1 3 19 0 0 1 1 2 4 3 7 2 5 6 17 2 8 5 7 4 12 2 2 1 4 2 2 0 0 
0 0 0 0 3 8 0 0 1 2 1 5 1 5 2 36 2 11 2 2 0 0 2 4 1 402 0 0 6 6 2 2 1 4 2 7 4 7 0 0 2 7 7 72 0 0 0 0 5 25 1 1 1 1 2 2 0 0 0 0 3 25 0 0 
2 3 0 0 1 1 2 3 3 4 4 19 2 21 3 40 2 2 0 0 2 2 2 4 5 7 3 11 3 35 0 0 0 0 3 3 1 1 1 1 4 20 0 0 3 5 1 1 2 7 5 6 2 24 4 7 4 10 2 2 2 16 3 24 
3 8 1 21 2 12 2 8 1 1 0 0 1 1 2 87 2 474 2 19 1 1 4 4 5 13 2 2 4 7 3 18 2 2 1 7 1 4 4 8 1 6 2 9 1 6 1 3 7 46 1 1 2 2 1 2 3 7 2 6 3 3 2 8 
1 8 2 4 0 0 0 0 2 13 0 0 2 57 1 1 3 3 0 0 0 0 1 1 3 8 4 37 0 0 2 10 3 14 2 5 1 1 2 2 2 20 1 12 1 2 0 0 6 40 2 16 4 11 2 7 2 10 2 22 3 33 2 2 
2 2 3 21 3 14 0 0 3 6 3 3 1 3 1 1 2 34 2 2 2 2 3 5 1 7 0 0 0 0 1 1 2 14 2 3 1 1 2 26 4 28 2 139 4 12 2 11 1 1 3 18 1 1 2 9 4 40 4 4 0 0 4 54 
3 3 2 4 2 8 1 1 2 2 7 70 1 1 6 46 1 2 2 2 2 2 3 21 2 2 0 0 2 3 1 4 5 12 1 14 4 1055 4 34 0 0 1 19 4 6 0 0 3 718 2 2 1 1 1 2 2 16 4 32 2 3 2 10 
4 21 1 201 0 0 4 8 1 1 2 7 1 1 3 14 2 2 3 7 5 24 1 6 1 1 2 2 3 7 2 64 3 9 2 10 1 51 3 4 2 13 2 3 2 2 3 10 2 4 3 49 2 2 4 52 1 1 0 0 3 8 4 14 
2 3 2 6 4 14 1 1 4 134 2 11 2 5 2 6 6 40 2 2 2 2 1 4 1 5 3 16 2 8 3 8 2 2 0 0 2 5 1 3 4 23 1 8 1 1 3 5 3 14 2 79 2 3 2 2 0 0 4 7 2 10 1 1 
1 1 2 4 1 1 2 9 0 0 0 0 3 35 2 2 3 6 1 1 3 4 3 60 4 30 2 2 2 2 1 7 3 4 1 1 2 3 3 5 4 24 1 1 0 0 1 1 2 2 3 3 1 1 1 1 1 1 2 2 1 2 3 12 
3 9 3 16 1 5 2 2 2 2 1 1 2 9 2 6 6 13 3 10 1 2 1 4 2 2 2 3 2 2 4 16 4 29 0 0 3 12 0 0 0 0 2 15 6 8 1 9 2 3 4 4 1 24 3 4 0 0 3 8 2 2 1 1 
2 2 1 1 2 44 3 4 2 7 1 1 2 2 2 10 2 4 1 3 1 1 3 4 4 21 3 5 0 0 2 5 0 0 1 2 1 1 2 2 4 34 4 10 4 20 1 4 1 1 2 86 3 3 2 227 3 6 1 19 1 1 1 5 
1 1 1 2 2 5 2 7 3 4 1 1 4 13 1 2 0 0 1 11 3 4 3 5 4 4 2 2 2 6 3 6 2 44 2 3 3 7 3 9 1 2 2 14 1 2 2 138 1 13 1 1 0 0 0 0 3 7 0 0 2 6 1 1 
1 1 1 1 0 0 0 0 2 6 2 2 1 3 1 1 4 18 6 13 3 12 0 0 2 2 2 12 1 1 0 0 1 2 2 17 3 125 1 11 5 12 5 5 4 190 0 0 1 1 1 1 3 5 1 1 2 3 2 4 2 4 2 3 
2 2 1 5 2 4 2 6 1 6 1 1 3 3 2 11 3 3 1 1 2 11 2 9 1 2 5 32 5 16 0 0 2 27 2 2 1 20 1 1 2 28 4 13 3 16 3 10 0 0 4 9 2 3 3 11 1 3 3 44 1 1 1 1 
1 2 2 3 1 2 3 139 0 0 3 11 1 3 3 23 3 4 1 1 1 5 1 1 2 6 0 0 3 5 5 40 3 3 0 0 0 0 2 10 0 0 2 2 1 2 2 3 0 0 0 0 0 0 2 6 1 1 1 1 2 2 1 64 
0 0 3 8 1 17 2 12 0 0 2 4 1 24 2 4 3 3 2 3 0 0 2 7 3 27 4 5 0 0 2 7 1 18 1 1 1 1 4 15 1 1 1 7 2 5 3 4 5 8 1 38 3 182 3 5 3 17 3 4 1 1 0 0 
0 0 3 4 2 3 4 5 4 59 1 3 5 10 2 2 3 4 2 36 3 3 1 3 2 3 2 25 0 0 4 37 2 25 2 2 3 6 1 6 6 56 3 5 2 25 1 8 2 2 3 11 3 11 1 2 2 2 2 14 4 64 1 1 
2 6 1 1 1 2 2 15 0 0 2 2 1 1 2 21 1 4 1 1 2 4 0 0 5 48 4 41 3 645 1 18 0 0 7 16 1 4 1 5 2 3 0 0 2 2 2 5 2 4 6 17 2 2 6 24 2 2 2 3 2 17 1 11 
3 3 2 2 4 13 1 1 4 18 4 57 1 2 5 63 2 8 1 9 3 7 1 3 4 112 0 0 3 14 0 0 3 31 4 213 2 2 1 47 4 38 2 3 2 4 3 26 1 7 0 0 3 4 2 2 2 6 2 2 3 29 0 0 
1 2 1 2 2 6 1 5 4 29 1 86 2 2 4 6 3 3 0 0 1 21 4 11 1 1 3 32 1 102 3 4 3 38 4 12 1 1 6 27 4 11 2 2 1 1 3 8 2 4 5 47 1 1 1 1 2 2 2 5 2 2 1 2 
4 35 4 47 2 3 0 0 0 0 0 0 3 82 1 1 1 17 2 3 4 21 2 2 2 2 3 3 1 1 0 0 1 1 3 4 5 15 0 0 1 3 1 2 1 1 1 1 2 3 1 1 2 10 2 2 5 11 0 0 0 0 3 24 
3 32 3 29 4 25 1 1 3 9 0 0 2 12 3 5 3 10 6 14 1 1 1 49 6 58 3 4 1 12 3 5 1 3 1 20 2 3 3 3 1 2 3 3 2 4 2 2 3 41 1 9 1 1 4 6 1 7 2 6 4 20 3 10 
3 3 1 1 1 1 2 2 4 17 4 85 1 4 2 33 2 2 3 18 5 13 2 381 3 3 3 3 4 16 5 118 3 11 2 13 2 6 0 0 2 2 3 7 3 18 2 45 7 11 1 4 3 3 2 6 3 74 1 1 0 0 5 13 
0 0 3 9 2 117 5 43 2 21 0 0 0 0 1 5 2 11 2 3 1 1 1 1 3 13 3 3 1 1 0 0 4 17 3 3 1 1 2 7 5 13 0 0 0 0 3 3 1 1 6 43 3 3 1 49 1 1 1 1 0 0 3 3 
3 3 1 1 0 0 5 13 1 2 1 1 1 2 3 4 0 0 4 20 2 6 0 0 3 10 5 10 1 1 0 0 5 17 5 17 0 0 2 7 0 0 2 6 1 2 2 7 2 2 2 9 1 1 3 12 1 21 2 7 2 79 2 8 
1 1 1 2 1 1 0 0 2 2 5 23 2 2 6 7 3 9 4 36 3 8 1 1 4 6 2 2 1 2 7 247 3 6 3 13 1 3 1 1 2 119 1 1 3 5 1 1 2 15 2 4 1 1 3 5 2 3 5 6 2 2 2 2 
1 1 1 1 1 1 3 6 0 0 2 7 3 8 4 346 1 4 2 2 2 3 1 4 3 19 0 0 2 3 4 6 1 9 3 44 2 6 1 4 1 1 1 1 2 60 3 12 2 2 6 12 1 7 2 10 1 1 1 1 2 250 1 1 
3 5 2 3 1 6 3 21 2 10 0 0 5 15 0 0 1 1 0 0 0 0 0 0 1 2 3 24 2 72 1 5 2 7 2 4 4 56 2 3 0 0 2 2 2 8 1 3 4 9 3 3 2 4 2 3 4 343 0 0 4 15 2 2 
3 15 4 6 2 3 5 5 1 1 2 2 2 6 0 0 3 11 3 206 2 2 4 19 0 0 2 2 1 1 2 2 1 1 0 0 1 1 3 7 2 4 1 2 2 2 1 6 2 3 0 0 2 2 2 3 4 26 0 0 5 9 3 9 
5 10 3 4 1 1 1 3 1 4 2 3 1 4 3 7 2 12 4 23 5 7 4 15 2 41 2 2 1 1 1 1 4 12 4 27 3 8 1 1 1 25 1 1 0 0 4 7 4 6 3 3 1 3 1 1 3 4 2 20 1 1 2 3 
3 34 2 7 1 3 1 6 3 6 3 3 3 8 2 2 1 1 4 44 3 4 0 0 2 22 3 4 3 3 3 8 1 2 0 0 4 117 2 12 0 0 0 0 0 0 4 26 5 15 1 5 2 2 2 13 2 6 3 24 0 0 0 0 
2 2 6 25 5 194 2 3 3 20 1 4 2 33 3 11 3 4 3 33 4 51 2 5 3 11 3 11 3 5 2 3 3 17 3 35 7 68 4 17 1 38 1 3 3 7 4 22 0 0 1 1 1 1 4 39 2 3 1 1 0 0 2 2 
4 107 3 4 1 1 1 1 2 3 1 1 2 9 1 9 2 2 3 3 0 0 2 3 3 6 4 5 2 6 1 1 2 112 2 2 3 3 2 2 5 32 2 2 1 12 1 15 3 5 1 7 0 0 3 11 0 0 4 28 0 0 1 1 
2 2 2 3 1 4 2 3 3 15 2 15 2 2 4 4 0 0 4 36 3 8 4 8 3 10 1 3 2 11 3 40 2 18 2 5 3 13 2 182 2 7 5 13 1 1 4 17 1 1 1 2 2 2 4 43 4 6 2 3 5 27 2 6 
2 56 4 596 3 270 1 1 5 58 0 0 1 1 5 61 3 4 1 1 1 1 2 3 0 0 3 7 2 2 0 0 4 15 5 12 2 470 3 433 0 0 1 1 4 6 2 2 3 17 2 14 2 13 0 0 1 2 1 263 0 0 3 4 
1 1 1 8 2 69 3 7 1 1 2 2 2 7 2 2 1 1 0 0 0 0 1 2 1 20 6 15 2 2 0 0 4 22 1 4 1 3 2 7 2 187 4 25 1 15 3 3 0 0 1 13 2 3 5 10 0 0 4 67 1 1 2 8 
3 8 4 4 2 2 1 1 5 20 3 4 3 7 0 0 2 2 2 15 1 1 2 3 1 1 1 4 2 2 2 26 1 10 1 2 1 2 3 142 2 13 3 20 2 13 1 1 2 3 1 243 1 5 3 5 1 3 1 1 6 16 2 22 
3 23 3 7 4 17 2 2 4 9 2 2 2 2 5 7 3 29 3 11 3 5 1 1 1 3 2 2 2 2 2 4 1 1 1 1 2 3 7 36 3 27 1 15 2 2 1 1 0 0 3 8 3 21 1 2 3 8 3 25 0 0 1 22 
3 3 2 2 1 1 2 3 2 4 2 2 2 5 0 0 1 1 3 4 1 1 1 1 3 77 2 14 2 10 2 5 2 2 1 1 0 0 4 6 1 3 3 40 1 3 1 5 4 21 0 0 1 2 4 9 2 2 0 0 4 12 2 3 
2 2 3 4 2 2 3 38 2 10 3 4 4 133 2 7 0 0 1 671 1 1 1 27 2 2 1 1 2 8 2 3 1 2 1 1 4 41 2 5 1 8 6 64 0 0 5 7 4 62 2 5 1 4 2 3 4 36 1 1 3 5 0 0 
1 1 2 3 1 3 2 4 0 0 0 0 5 35 5 15 5 321 3 4 1 3 4 11 2 2 5 6 4 6 0 0 3 51 3 11 6 20 1 1 1 98 4 4 1 9 2 2 1 1 3 17 7 22 3 7 1 2 2 2 4 12 0 0 
0 0 8 38 0 0 5 13 1 2 2 2 4 60 2 9 1 23 3 15 1 1 1 1 6 32 1 4 3 12 2 22 1 3 3 8 0 0 1 8 4 23 4 14 0 0 3 29 1 1 1 2 1 1 2 2 1 1 3 15 6 12 2 26 
1 10 1 1 2 2 2 38 1 1 2 6 3 3 4 45 3 3 0 0 3 7 2 11 4 28 4 5 1 3 0 0 3 21 0 0 2 2 3 17 4 4 2 4 5 24 3 808 4 15 3 31 2 4 3 4 1 6 1 1 0 0 1 1 
2 7 2 4 1 1 1 1 0 0 6 19 2 2 1 5 2 11 1 2 3 10 4 16 5 6 9 16 2 4 0 0 4 7 0 0 1 87 1 1 1 2 3 287 2 7 1 1 3 9 2 9 2 21 3 43 1 24 2 7 0 0 0 0 
0 0 1 19 1 3 3 8 1 1 2 9 3 40 3 16 1 8 0 0 2 61 3 8 0 0 1 1 2 14 1 4 0 0 2 15 1 13 1 1 0 0 0 0 2 27 4 111 1 1 2 8 3 4 1 1 1 2 0 0 0 0 0 0 
1 1 2 2 3 11 1 42 3 473 5 742 5 33 1 1 4 100 4 9 3 5 5 41 2 7 1 1 1 50 2 2 1 2 3 3 1 4 2 6 5 19 1 1 3 9 2 60 6 23 5 83 0 0 3 3 1 4 3 4 2 58 3 1454 
2 9 1 8 0 0 6 598 1 10 1 1 1 3 0 0 1 1 2 6 1 9 2 4 1 5 1 19 3 38 3 10 1 2 3 3 2 8 5 20 4 51 2 3 3 8 2 13 4 14 3 5 0 0 1 23 3 41 1 1 2 4 1 116 
2 5 3 10 1 1 4 99 3 3 1 4 1 1 0 0 4 6 0 0 3 3 3 7 1 1 2 6 0 0 3 19 2 2 2 4 5 46 0 0 0 0 2 2 0 0 3 6 1 3 2 3 2 2 4 6 2 4 1 1 2 12 5 564 
1 3 0 0 1 4 1 17 8 32 1 641 1 13 4 72 3 27 0 0 0 0 3 6 0 0 0 0 0 0 2 4 3 9 1 1 4 11 3 19 2 6 0 0 2 5 1 1 3 108 1 1 3 32 3 5 3 6 2 137 1 1 0 0 
5 9 3 31 2 23 1 1 1 41 1 213 3 14 0 0 6 16 2 7 2 3 3 13 2 8 2 5 2 8 4 4 3 16 2 6 2 2 5 22 3 5 2 6 1 1 1 1 4 8 1 11 0 0 5 65 2 5 2 28 0 0 1 1 
2 6 0 0 3 3 0 0 5 11 3 3 1 1 2 11 2 3 1 2 3 5 2 4 3 16 0 0 2 120 3 3 3 9 3 3 1 1 1 9 1 4 2 16 5 7 1 1 4 14 0 0 0 0 2 3 1 1 1 6 2 3 5 98 
1 2 7 14 3 9 1 1 1 1 3 15 4 5 3 3 5 121 4 128 0 0 2 2 2 2 3 79 2 4 1 5 3 6 0 0 2 5 2 2 1 1 1 1 4 12 0 0 4 6 1 5 1 1 4 5 2 2 0 0 1 2 1 5 
2 3 6 15 0 0 1 12 3 14 4 67 3 6 1 1 1 13 5 9 1 2 1 1 2 5 1 1 0 0 2 4 1 7 3 8 1 3 4 8 1 1 4 7 3 3 3 10 2 10 4 141 3 5 2 3 0 0 4 4 2 2 1 1 
2 2 2 3 1 1 2 6 0 0 4 19 1 1 0 0 0 0 4 11 3 32 1 2 2 3 1 1 2 2 0 0 2 7 3 11 1 1 1 6 5 11 4 8 2 6 4 30 4 32 3 10 3 4 1 5 3 7 2 2 4 5 2 5 
3 12 0 0 2 2 1 2 3 18 2 6 2 2 4 4 4 4 1 1 0 0 2 2 4 78 2 4 1 43 5 16 0 0 3 3 3 14 0 0 2 7 3 3 2 5 1 41 4 19 4 17 5 380 2 243 1 1 3 82 2 28 4 4 
3 23 1 4 4 25 2 17 1 6 3 30 0 0 2 107 2 9 3 5 0 0 1 1 5 17 3 3 3 4 0 0 0 0 4 6 1 2 1 2 1 89 1 1 3 46 1 1 1 1 0 0 1 17 5 19 3 8 0 0 3 10 4 41 
1 1 3 72 0 0 4 48 3 6 3 4 1 1 0 0 2 3 2 37 2 5 2 2 2 6 2 4 2 3 2 2 1 1 4 6 1 1 3 65 0 0 5 35 4 27 6 50 1 1 1 1 2 10 1 1 2 8 3 41 3 6 1 1 
2 19 1 5 5 19 2 2 0 0 4 4 2 6 2 195 2 7 1 1 0 0 1 1 8 57 1 3 1 1 3 19 1 1 0 0 3 7 0 0 1 11 2 15 2 2 1 5 1 2 2 2 6 65 3 20 1 3 2 5 3 19 1 2 
4 36 1 5 2 9 0 0 0 0 1 3 0 0 4 9 2 12 2 3 4 7 0 0 2 4 2 2 4 14 1 1 3 8 0 0 0 0 1 6 3 8 5 12 3 7 1 1 1 1 3 5 0 0 1 1 3 3 3 99 5 32 1 2 
2 2 1 1 0 0 1 1 5 12 2 2 2 29 1 1 2 4 5 15 1 1 3 8 1 1 1 1 0 0 2 2 1 4 2 17 2 3 0 0 1 1 0 0 5 27 1 1 5 46 3 5 0 0 2 22 4 37 0 0 2 27 1 242 
1 64 3 4 3 9 2 9 1 1 3 78 4 9 4 12 4 19 8 23 2 5 1 17 1 2 3 8 5 76 4 20 3 47 2 16 4 5 3 3 1 1 2 12 0 0 2 3 2 12 1 7 2 12 2 23 1 5 1 1 0 0 1 1 
3 7 2 6 2 2 2 2 2 10 1 1 1 3 0 0 1 2 0 0 0 0 1 59 6 88 1 1 1 1 1 8 3 3 2 19 2 3 5 8 1 3 0 0 1 9 0 0 3 7 1 11 1 5 1 1 2 3 2 25 1 1 2 17 
1 163 4 19 2 2 1 1 4 24 2 7 1 2 0 0 5 49 2 2 2 34 2 5 1 1 3 5 3 5 0 0 1 1 2 3 1 1 0 0 3 10 2 23 1 3 5 6 4 13 2 19 2 2 4 601 1 4 1 1 2 2 3 17 
2 4 1 1 2 2 2 2 7 208 1 111 2 13 0 0 1 1 4 6 4 16 2 5 2 7 2 103 1 2 1 1 1 11 0 0 2 21 1 33 2 12 1 1 0 0 0 0 2 23 3 22 3 9 5 5 7 30 1 1 3 6 1 1 
2 6 1 1 3 13 2 116 1 1454 1 1 1 1 1 1 3 12 3 9 2 862 3 9 1 20 2 6 4 13 2 2 3 7 2 7 2 1460 0 0 2 4 0 0 1 3 4 6 3 36 0 0 4 62 3 23 4 27 3 33 4 11 4 8 
4 8 3 3 2 187 1 9 3 43 1 3 3 76 5 16 1 6 2 2 1 2 3 16 1 1 2 8 2 19 3 8 2 2 3 10 4 26 2 5 2 2 1 3 3 6 4 16 1 5 2 6 1 6 3 3 6 21 2 4 1 1 2 22 
3 51 2 2 4 8 3 14 2 3 4 70 3 35 3 7 3 21 3 6 3 13 3 37 1 1 3 6 2 6 0 0 0 0 3 7 1 1 0 0 4 12 1 1 0 0 3 4 2 36 4 35 3 26 1 1 1 1 3 10 4 12 2 175 
2 8 4 11 2 14 1 2 4 35 2 14 1 1 5 62 0 0 0 0 1 1 1 2 1 1 0 0 1 26 2 2 5 10 0 0 4 36 2 12 0 0 2 2 2 2 5 27 2 3 3 3 4 17 1 2 4 15 5 5 2 19 1 1 
1 1 3 4 2 40 2 10 2 2 4 58 1 1 4 263 0 0 4 11 3 127 0 0 3 8 1 1 3 114 1 1 3 8 0 0 2 4 4 5 2 3 3 10 1 1 4 74 2 2 1 1 2 8 0 0 0 0 0 0 3 30 3 4 
2 6 3 10 4 9 2 3 4 113 2 13 0 0 3 6 0 0 3 33 1 1 1 1 3 8 0 0 4 14 3 8 3 18 3 3 2 2 2 2 1 1 1 1 1 1 0 0 4 19 1 6 0 0 4 13 0 0 0 0 3 14 1 1 
4 10 1 6 0 0 0 0 2 3 5 125 1 2 3 35 3 3 2 2 5 11 1 4 1 6 1 1 0 0 1 64 2 2 1 5 3 6 1 2 1 1 1 1 1 2 1 2 4 13 3 3 1 1 2 102 1 1 3 8 4 10 3 10 
2 4 1 1 2 29 2 4 3 10 0 0 0 0 2 7 1 3 3 19 2 5 2 2 3 21 5 10 1 1 1 1 2 11 0 0 0 0 1 1 3 17 3 7 3 15 2 8 5 13 5 5 0 0 1 1 0 0 4 55 3 20 2 7 
3 45 2 2 1 2 0 0 3 25 1 1 2 2 4 29 2 9 3 4 5 60 3 13 4 8 2 3 3 3 0 0 0 0 3 80 6 55 2 6 2 33 5 13 2 7 0 0 2 8 1 6 1 11 6 38 3 5 5 8 3 37 0 0 
0 0 2 3 2 3 4 8 2 12 0 0 4 34 2 6 4 16 1 3 5 12 0 0 4 30 4 8 4 6 4 11 3 8 0 0 3 3 0 0 2 2 2 9 6 76 1 2 3 27 5 9 0 0 3 51 3 9 3 11 3 5 4 12 
2 2 4 215 2 3 2 5 0 0 1 6 2 5 1 2 2 2 3 8 4 8 5 18 2 57 3 3 3 9 1 4 0 0 1 8 3 7 1 1 0 0 0 0 2 2 1 1 2 4 0 0 1 14 1 1 3 193 2 2 2 3 0 0 
2 4 1 2 3 6 1 26 1 1 1 1 2 2 3 10 1 1 2 8 1 1 2 5 4 58 2 2 2 2 0 0 3 14 2 13 2 3 2 12 3 27 3 4 3 3 0 0 1 5 1 1 2 48 1 1 0 0 3 20 4 12 2 3 
3 4 1 1 5 82 2 2 3 14 2 3 4 11 5 18 1 6 7 32 2 23 2 4 1 1 2 4 2 2 4 8 1 1 2 8 2 8 4 6 2 2 5 21 2 6 1 1 3 33 0 0 2 2 2 6 4 10 0 0 2 73 0 0 
2 8 5 184 1 1 1 15 3 6 4 5 2 65 2 2 2 2 3 4 1 1 3 10 1 1 1 3 1 1 5 6 0 0 0 0 6 52 3 9 1 2 2 7 3 8 3 10 4 31 2 2 0 0 5 8 1 3 3 16 3 29 1 5 
1 2 2 124 0 0 2 2 3 7 3 6 3 3 2 5 1 1 1 1 2 5 2 57 3 10 0 0 3 22 4 15 2 13 2 2 0 0 2 3 1 1 1 1 3 13 1 6 1 1 1 1 4 5 4 15 2 6 3 219 1 9 1 1 
2 18 1 2 3 3 0 0 5 9 2 3 1 1 0 0 2 9 4 35 3 12 2 15 1 13 1 1 2 7 2 12 1 4 2 4 1 1 5 7 1 1 2 4 3 7 2 5 2 2 0 0 1 1 1 3 2 5 1 1 3 18 3 34 
3 5 1 2 3 3 4 8 2 8 3 10 1 1 1 1 2 3 1 1 4 20 2 23 4 14 2 2 1 1 6 9 0 0 2 2 1 1 3 46 1 1 3 22 2 2 2 8 3 8 0 0 2 2 1 254 2 35 4 13 1 1 1 1 
2 18 2 10 5 18 1 1 1 1 2 2 2 6 3 24 1 1 0 0 2 49 2 3 2 399 3 8 2 9 2 3 6 51 3 18 3 12 1 3 4 23 4 13 1 2 1 1 3 8 1 5 1 1 3 3 2 2 3 3 1 6 2 16 
3 6 5 40 3 80 3 3 3 8 3 9 2 10 1 1 2 3 2 63 0 0 5 16 0 0 4 7 2 3 0 0 2 19 3 7 2 2 2 2 3 3 1 8 2 4 3 4 0 0 4 182 2 11 1 27 3 29 1 1 2 2 3 5 
2 2 4 11 2 3 3 7 1 3 3 7 4 29 3 17 1 1 1 1 1 1 4 15 4 22 6 44 3 8 1 25 4 22 0 0 1 3 1 1 4 117 0 0 0 0 1 1 4 11 6 15 3 3 1 1 1 1 5 10 3 4 2 2 
4 39 3 7 2 8 4 8 1 1 3 14 2 2 3 6 3 4 1 3 4 41 4 7 5 37 3 21 3 113 5 7 0 0 4 17 3 9 1 2 5 15 2 6 3 224 2 2 0 0 0 0 1 1 3 64 1 1 3 3 3 4 1 3 
3 8 3 20 3 3 1 36 3 6 0 0 4 5 3 18 0 0 4 8 4 25 4 11 0 0 2 3 1 8 1 3 1 1 4 10 3 3 3 204 2 5 3 3 1 1 2 3 2 4 2 14 2 11 1 4 3 32 2 5 3 60 3 11 
1 1 3 8 3 3 3 12 0 0 3 33 1 62 2 173 3 12 3 15 1 1 4 341 3 20 2 3 3 8 2 2 1 1 2 9 1 1 5 31 3 6 1 2 0 0 4 5 3 52 1 2 1 27 2 6 1 1 1 6 1 2 5 8 
3 37 1 1 0 0 1 5 2 10 2 12 1 9 3 39 3 12 0 0 1 38 5 157 2 20 3 65 2 6 3 155 2 53 2 4 1 1 1 1 2 6 0 0 1 1 0 0 3 15 0 0 3 3 2 2 3 3 5 11 0 0 5 1052 
2 8 3 5 2 2 1 2 4 12 5 24 1 9 1 1 1 1 3 4 1 2 0 0 6 28 2 22 2 2 2 6 2 5 4 11 4 22 3 4 3 31 3 6 2 3 2 10 1 1 3 13 0 0 0 0 2 2 2 4 3 3 1 1 
0 0 3 26 4 19 1 232 2 2 1 6 4 15 2 2 0 0 0 0 3 30 2 2 2 9 1 1 2 2 1 1 4 4 3 5 3 3 2 4 4 21 2 4 1 399 1 1 4 6 0 0 2 31 1 1 2 13 2 6 1 2 4 29 
1 2 2 3 3 225 0 0 3 30 1 1 3 7 2 10 6 7 2 2 2 32 4 4 1 9 1 1 3 16 2 10 2 2 4 4 1 1 0 0 1 4 3 12 3 13 0 0 2 2 3 14 1 1 2 8 2 13 3 40 3 3 1 1 
2 44 4 12 6 49 2 17 2 2 5 62 2 23 2 368 4 5 2 2 2 28 5 19 2 7 4 52 3 56 1 1 2 2 2 5 0 0 0 0 4 29 1 1 2 4 2 2 1 4 5 9 2 25 2 4 4 9 0 0 0 0 1 1 
1 1 1 1 2 3 1 5 1 1201 2 2 1 5 3 3 3 8 2 21 3 3 2 3 0 0 1 2 3 11 3 17 1 3 1 1 2 7 2 4 3 4 2 7 2 2 0 0 3 45 1 1 2 5 2 12 4 9 0 0 0 0 2 2 
3 10 2 8 2 8 0 0 3 4 3 4 2 2 0 0 0 0 2 3 1 25 3 9 0 0 1 7 1 1 1 4 2 19 1 1 1 1 2 9 0 0 2 11 4 7 4 322 3 36 0 0 3 167 1 3 1 2 0 0 2 10 0 0 
4 17 0 0 0 0 4 9 1 1 2 2 3 16 2 3 2 31 3 5 2 6 1 5 4 11 2 20 1 17 2 18 1 12 1 2 0 0 2 6 1 2 1 26 5 48 4 5 3 7 1 3 1 1 4 10 1 1 2 2 0 0 0 0 
2 12 2 3 0 0 1 1 3 22 2 10 1 5 4 134 4 7 1 1 3 7 1 1 1 1 2 2 0 0 3 84 2 8 1 1 1 1 1 6 1 3 5 8 4 9 3 3 4 7 1 89 3 30 1 1 4 18 0 0 1 3 4 12 
2 8 1 9 7 12 2 2 2 2 2 6 2 170 2 4 1 4 3 7 2 2 1 2 3 3 2 2 5 21 1 2 1 1 2 6 3 4 2 8 3 174 0 0 2 4 1 4 0 0 4 4 2 2 3 18 1 1 1 2 2 2 0 0 
3 61 3 9 2 109 1 1 3 106 2 6 3 19 6 211 3 11 4 22 2 30 2 451 4 26 1 1 0 0 3 147 1 31 4 22 2 9 1 2 2 2 3 83 3 5 2 219 2 17 1 50 1 1 2 5 0 0 0 0 3 3 3 3 
7 13 0 0 2 9 2 10 2 5 1 1 2 8 1 1 2 54 3 5160 6 168 3 13 2 2 2 6 1 1 1 3 2 2 6 180 3 7 2 84 3 17 1 1 2 19 1 8 1 1 2 14 2 6 3 4 2 7 5 21 4 9 3 270 
4 6 0 0 5 17 2 3 1 1 0 0 4 28 2 4 2 90 2 5 0 0 2 2 2 8 3 3 4 52 2 3 2 3 0 0 1 1 2 4 2 2 1 3 2 9 3 19 2 2 3 3 4 133 2 2 3 4 2 2 2 5 2 2 
3 19 3 5 1 2 2 45 4 79 2 9 3 4 2 2 1 5 2 24 3 27 1 2 4 39 0 0 3 11 2 4 4 263 1 8 2 4 2 421 1 1 2 5 2 2 3 18 0 0 4 8 5 20 1 1 1 1 4 9 1 1 2 13 
0 0 2 22 1 1 0 0 3 4 3 5 3 3 0 0 2 3 1 2 4 50 3 22 5 98 0 0 0 0 0 0 3 15 2 4 1 1 3 10 2 4 3 4 1 6 3 10 0 0 3 26 1 10 1 1 5 19 2 6 3 6 4 13 
1 1 4 14 1 1 4 83 2 2 2 2 2 3 2 5 1 3 0 0 1 1 1 1 1 2 3 4 0 0 2 2 2 68 2 2 3 4 0 0 5 43 1 1 2 4 2 30 1 1 0 0 3 6 1 4 0 0 3 12 2 30 0 0 
5 35 1 2 2 2 1 10 2 2 5 218 1 2 3 6 2 2 2 3 1 1 3 4 2 87 3 40 1 1 0 0 5 7 1 2 1 1 2 2 3 19 3 3 2 2 1 5 2 8 2 5 2 7 3 5 2 2 1 1 4 21 0 0 
1 6 0 0 2 22 3 3 0 0 3 4 3 17 2 3 2 2 1 1 2 3 2 3 2 2 2 2 2 5 2 12 4 28 2 2 4 10 2 5 3 6 1 1 1 3 1 1 2 3 0 0 3 5 0 0 6 51 1 1 0 0 2 2 
4 64 3 35 4 9 0 0 0 0 1 2 6 121 4 79 1 1 1 23 2 2 2 3 1 1 4 11 3 17 3 12 1 1 2 33 3 104 4 4 4 8 1 43 4 112 0 0 4 14 2 2 1 1 1 1 6 1307 4 22 3 4 0 0 
4 4 3 19 1 1 1 1 2 2 1 1 5 78 1 1 1 1 2 4 4 318 2 15 2 4 1 1 5 10 4 14 4 11 2 2 7 35 1 1 3 5 1 2 2 2 2 22 2 2 6 34 2 2 2 21 3 7 7 21 5 22 3 15 
7 14 2 5 3 41 2 6 2 2 2 4 1 1 2 7 2 2 3 26 1 1 1 1 3 4 1 2 4 11 2 2 2 7 3 72 3 23 2 56 2 9 2 62 2 16 2 10 2 11 2 2 2 7 1 579 0 0 2 2 3 3 1 28 
1 3 3 9 3 9 2 2 5 45 5 44 2 4 3 8 1 13 2 2 0 0 2 7 0 0 1 1 2 6 2 7 3 10 1 7 2 7 3 4 3 3 3 108 3 18 2 12 0 0 5 60 1 185 0 0 1 1 1 1 4 6 3 7 
2 3 2 2 3 12 2 224 3 20 4 7 2 5 4 96 4 7 3 8 1 1 0 0 0 0 3 32 4 48 3 9 0 0 2 2 1 27 1 1 1 1 2 4 3 4 1 1 3 5 4 99 5 17 4 17 0 0 1 3 0 0 3 3 
0 0 2 2 1 1 1 4 2 4 2 10 1 1 1 1 1 1 1 1 3 28 5 13 4 16 4 25 1 1 4 45 1 18 1 1 2 7 3 5 2 2 2 125 4 9 4 13 3 4 2 5 3 13 2 16 0 0 3 3 3 7 2 3 
2 2 3 7 3 9 2 2 1 1 0 0 1 1 2 7 2 3 1 1 3 3 3 9 2 2 3 3 0 0 2 4 1 1 1 1 0 0 2 3 0 0 7 26 2 9 1 1 0 0 3 8 1 5 3 17 0 0 2 2 1 1 2 2 
2 16 2 11 2 6 2 4 2 5 2 2 1 20 0 0 2 5 3 5 3 7 2 3 1 1 1 1 1 1 2 2 1 1 1 1 4 25 0 0 1 1 1 6 1 4 4 21 2 8 2 3 3 7 3 6 1 1 1 1 5 40 1 1 
2 47 0 0 2 2 1 1 2 178 4 6 5 27 2 30 1 1 0 0 3 11 2 55 0 0 1 20 2 162 0 0 0 0 6 16 3 7 2 2 0 0 2 9 1 1 4 73 2 2 1 1 3 4 6 62 3 3 1 1 4 166 2 2 
2 6 0 0 4 1103 1 48 1 1 2 4 0 0 1 1 2 3 2 13 3 6 5 142 3 14 3 102 2 2 4 127 1 1 3 4 2 16 4 13 0 0 2 2 0 0 1 39 2 3 2 19 4 35 1 8 2 8 5 33 2 16 4 8 
1 2 2 25 2 6 4 10 4 40 4 10 4 11 1 13 3 5 1 1 3 50 1 2 3 5 3 21 1 2 3 9 1 3 6 20 1 2 3 9 5 21 3 66 2 3 3 20 1 1 3 14 2 9 2 2 0 0 1 1 3 7 3 128 
1 9 0 0 1 1 0 0 4 44 2 15 2 3 0 0 2 9 1 3 3 30 1 1 1 1 0 0 1 21 5 14 1 1 4 11 2 5 0 0 6 31 2 4 0 0 1 1 4 33 2 7 2 2 3 8 4 79 2 2 1 4 4 9 
1 1 2 2 6 7 0 0 2 10 1 8 2 2 3 3 2 7 5 14 2 2 0 0 3 17 0 0 1 1 2 2 0 0 2 4 6 38 1 10 0 0 1 1 3 7 5 5 2 24 1 3 1 9 6 24 0 0 2 6 3 6 2 49 
3 6 4 411 4 17 2 3 3 4 6 29 4 6 2 3 2 2 1 1 3 4 4 27 2 10 3 64 4 16 2 12 2 4 1 1 1 6 2 2 1 1 3 8 1 1 2 4 2 6 1 1 4 33 1 1 3 3 3 4 2 13 3 3 
0 0 3 21 1 2 0 0 0 0 3 8 3 4 4 93 3 35 2 11 1 1 6 19 4 20 3 7 3 6 3 7 2 5 1 6 1 1 3 6 2 12 1 2 2 8 1 419 3 10 2 7 2 3 2 2 1 6 1 1 1 1 2 7 
2 6 0 0 1 1 2 16 1 2 2 10 4 9 2 102 3 45 4 15 1 24 0 0 1 1 0 0 3 31 1 1 2 4 1 33 2 2 2 41 1 1 1 1 1 1 4 44 1 1 1 1 2 30 0 0 4 5 3 32 1 45 0 0 
5 15 2 5 2 6 3 6 0 0 2 6 2 2 4 172 1 7 0 0 3 31 4 8 2 2 2 22 2 2 0 0 1 1 6 24 2 2 1 1 0 0 3 4 1 9 2 220 3 10 3 13 1 1 2 18 2 4 4 64 0 0 1 1 
5 7 1 1 1 13 0 0 0 0 2 6 1 1 2 3 1 1 3 10 1 1 2 41 3 4 4 8 0 0 3 20 4 13 4 20 2 2 0 0 1 1 4 6 4 14 4 36 0 0 1 1 3 5 2 27 0 0 1 2 2 2 4 6 
2 2 1 1 2 3 4 248 2 2 0 0 2 33 1 1 1 1 3 823 1 13 1 1 3 11 1 1 1 8 2 2 3 3 1 4 2 9 3 6 2 8 3 36 2 11 2 2 2 6 2 6 4 372 0 0 4 17 1 8 3 10 0 0 
4 6 3 4 3 74 0 0 2 2 3 104 1 4 3 60 3 7 2 3 3 4 1 1 0 0 3 12 1 11 1 2 1 8 2 3 1 7 3 3 5 26 1 14 3 8 0 0 4 18 6 6 4 37 1 1 4 9 1 1 2 5 0 0 
3 25 0 0 2 3 1 2 0 0 1 5 3 3 2 612 2 3 2 3 3 23 2 8 2 7 3 16 2 5 1 1 1 1 2 10 0 0 1 2 3 7 3 12 1 4 3 6 0 0 1 1 2 11 4 6 6 61 4 11 1 1 2 30 
1 1 2 2 1 1 0 0 3 4 3 9 1 7 1 1 3 3 3 22 2 3 2 27 3 8 2 7 3 37 1 1 3 5 0 0 2 3 2 2 1 179 3 3 1 1 4 9 6 6 3 7 0 0 2 5 1 1 1 1 1 4 4 14 
2 2 4 59 2 3 1 1 1 1 3 7 1 1 2 4 1 1 2 2 4 5 0 0 1 6 5 16 2 4 4 25 4 9 5 13 0 0 1 1 3 3 2 8 4 9 1 50 3 4 0 0 4 11 0 0 1 4 0 0 1 12 0 0 
4 15 3 8 4 12 2 4 7 77 5 237 2 5 0 0 1 101 2 27 1 5 1 1 3 3 1 1 3 53 1 2 2 9 4 75 1 1 0 0 1 1 1 1 1 1 4 64 4 12 0 0 2 32 0 0 1 1 0 0 1 4 0 0 
5 156 2 2 5 23 5 16 0 0 2 8 4 5 2 33 1 4 0 0 4 7 1 1 3 10 1 3 1 3 1 1 3 33 1 5 3 11 4 8 8 28 1 1 1 1 2 2 0 0 3 3 1 1 2 2 3 4 2 2 3 6 1 1 
3 5 0 0 9 67 3 29 2 74 1 2 4 5 1 1 3 25 2 3 2 10 3 3 1 2 0 0 4 32 2 4 3 13 2 2 0 0 1 6 3 26 2 61 2 2 0 0 2 699 0 0 3 3 3 3 0 0 4 5 0 0 2 17 
5 15 3 295 5 15 1 16 1 1 3 60 5 69 1 1 1 20 0 0 5 20 4 1990 2 2 2 24 0 0 2 2 1 1 1 1 6 39 1 1 0 0 2 5 2 9 0 0 1 4 0 0 2 2 5 27 3 4 1 1 1 1 3 4 
1 1 1 10 1 1 5 46 4 4 0 0 3 3 5 19 6 74 2 196 2 5 3 4 3 8 5 6 6 16 1 5 2 13 2 2 1 1 3 4 4 28 0 0 2 3 2 2 1 1 3 4 0 0 1 1 1 115 3 5 2 2 3 13 
4 4 2 38 1 8 1 18 2 2 1 8 0 0 1 3 1 1 0 0 1 2 2 34 3 35 1 1 1 4 3 4 2 3 1 1 1 1 2 66 2 12 2 2 5 9 2 10 5 8 3 23 3 31 1 12 4 7 3 3 3 11 0 0 
1 30 4 8 4 37 4 9 1 30 2 2 2 4 1 1 0 0 1 4 1 1 3 6 2 12 3 28 3 3 2 3 1 1 1 3 0 0 0 0 2 17 2 2 2 28 2 3 2 8 3 3 1 1 3 6 3 3 2 4 2 4 4 12 
3 3 1 6 2 36 5 6 1 31 2 3 2 7 1 4 0 0 2 24 1 9 3 20 1 1 1 5 0 0 1 1 1 1 2 2 3 3 1 1 4 13 2 3 2 3 2 3 0 0 1 1 4 28 0 0 0 0 2 4 1 2 0 0 
1 3 4 8 2 2 2 3 2 2 1 1 4 17 3 3 5 290 3 78 0 0 0 0 5 13 2 23 1 13 4 29 2 2 2 36 0 0 3 27 2 2 0 0 1 1 1 2 4 6 2 9 3 22 5 34 2 30 0 0 4 10 1 1 
2 2 1 5 4 14 1 1 3 12 2 3 2 25 3 3 2 4 3 10 2 55 2 11 2 7 2 74 5 21 4 4 2 2 1 3 2 4 4 21 2 12 3 27 1 2 1 2 2 2 0 0 0 0 1 1 1 1 2 5 3 8 1 1 
1 15 1 9 1 3 2 6 4 27 0 0 1 1 2 35 3 13 2 6 2 2 2 2 2 6 0 0 3 5 2 2 0 0 1 1 2 5 2 38 1 1 4 6 1 1 3 7 5 20 3 26 1 1 3 3 2 6 2 3 6 27 6 15 
1 1 1 7 0 0 2 12 3 5 2 12 4 9 3 3 5 124 1 3 0 0 2 3 3 5 3 5 3 16 2 2 3 7 3 8 2 9 1 3 3 59 2 4 3 4 2 80 3 7 0 0 3 20 2 2 2 2 1 10 2 5 0 0 
1 1 0 0 3 10 4 20 2 7 2 2 2 2 2 2 1 8 1 1 3 49 2 3 0 0 1 1 1 2 2 6 5 11 1 1 7 139 2 41 2 5 0 0 0 0 1 1 1 6 5 33 1 1 3 3 0 0 1 1 3 3 2 3 
1 2 3 30 1 4 1 2 4 9 2 3 3 8 4 8 1 1 5 11 3 4 0 0 0 0 2 6 3 15 2 4 2 6 3 26 3 57 1 1 2 3 3 42 0 0 0 0 0 0 2 2 1 14 3 32 2 2 3 5 2 56 4 10 
1 1 2 6 0 0 1 7 2 13 4 6 0 0 1 1 4 399 2 2 1 14 1 1 1 1 2 11 6 13 2 3 3 9 2 2 3 8 3 3 1 6 1 2 0 0 1 22 5 6 1 1 2 2 5 426 2 6 2 7 4 7 1 5 
5 10 2 2 4 15 1 5 2 2 3 460 2 12 4 11 1 37 4 5 2 327 2 6 4 11 1 3 3 47 4 13 2 4 3 22 2 3 5 22 3 47 2 9 3 5 1 1 4 19 4 36 2 5 0 0 1 1 1 2 2 34 4 56 
3 21 1 2 3 7 0 0 2 3 2 5 2 5 1 1 0 0 0 0 2 5 2 4 2 26 0 0 2 19 4 18 4 8 0 0 2 7 1 3 2 2 4 17 4 30 0 0 3 5 3 36 2 3 1 9 3 5 4 11 3 3 0 0 
6 10 1 2 2 2 0 0 2 56 5 7 1 1 0 0 1 1 3 3 4 9 2 5 1 1 2 3 5 21 4 33 3 3 3 9 1 7 6 93 3 10 2 4 1 2 3 6 5 87 5 38 3 17 1 12 2 2 0 0 2 9 0 0 
2 18 2 11 1 1 1 2 5 127 3 30 1 1 6 43 1 1 3 4 2 2 1 2 2 2 1 1 4 14 2 55 3 17 0 0 3 8 5 14 3 5 2 5 3 40 0 0 0 0 3 9 2 39 1 1 0 0 2 12 0 0 2 4 
4 33 1 1 3 13 3 20 0 0 2 3 4 19 2 3 3 37 0 0 1 1 1 4 2 6 1 45 1 1 1 1 0 0 1 1 0 0 1 1 2 3 2 3 3 10 0 0 2 2 6 19 1 3 2 3 2 17 0 0 1 1 3 32 
2 2 0 0 3 3 4 12 1 7 0 0 4 18 1 2 2 23 4 16 2 5 4 23 2 8 5 29 2 2 0 0 3 196 6 36 1 25 0 0 4 225 0 0 4 4 3 42 3 3 3 13 1 1 3 7 2 10 3 48 2 2 3 55 
1 2 4 62 5 13 1 1 2 15 1 1 1 1 1 1 0 0 2 2 2 37 5 16 3 3 1 17 3 7 4 90 3 23 2 9 2 3 1 1 2 14 2 5 1 1 2 2 3 102 1 3 3 10 4 8 1 1 1 3 0 0 1 1 
0 0 0 0 4 4 5 8 1 1 5 11 4 11 0 0 0 0 6 47 1 33 4 7 0 0 2 2 1 9 6 9 3 87 0 0 2 25 5 60 1 12 0 0 2 29 4 8 4 12 2 11 1 1 2 5 6 7 0 0 5 40 0 0 
3 6 2 9 4 19 1 3 2 11 2 5 4 81 3 39 3 10 1 75 2 8 2 10 3 5 3 12 3 8 3 23 3 7 3 6 1 2 8 8 1 1 1 2 0 0 0 0 1 1 3 63 2 3 3 3 6 38 1 1 2 5 1 2 
3 9 4 11 2 2 2 2 2 2 0 0 2 54 3 8 7 127 5 13 5 6 2 36 4 28 4 85 2 5 3 146 3 3 0 0 1 1 2 109 1 3 8 24 0 0 4 25 2 13 3 3 0 0 4 59 2 11 1 1 2 5 0 0 
2 84 1 1 2 16 1 1 1 2 4 15 3 4 1 2 1 1 2 2 3 28 0 0 2 16 2 3 2 34 2 17 1 2 4 17 3 10 3 15 1 2 0 0 3 18 4 109 4 4 3 9 1 7 1 1 2 9 4 8 5 24 4 49 
2 2 2 2 3 6 1 2 4 8 1 1 1 1 1 2 0 0 4 5 4 8 1 17 2 10 3 56 4 5 0 0 1 1 1 1 1 6 2 2 3 9 2 429 4 11 2 8 3 10 4 4 0 0 0 0 4 181 2 25 0 0 1 1 
2 406 0 0 2 8 0 0 2 2 2 4 2 3 2 2 3 5 1 5 1 1 4 21 0 0 1 2 3 13 2 2 3 10 3 3 3 7 1 3 2 2 1 6 3 3 2 9 1 1 4 16 2 18 0 0 2 160 1 1 5 10 2 26 
2 2 2 7 1 1 0 0 3 277 2 2 1 1 1 1 1 2 2 2 2 17 1 1 2 3 2 2 1 1 1 1 1 12 1 1 2 10 2 7 4 38 1 4 0 0 1 1 2 2 4 21 4 5 1 1 3 31 3 41 4 4 1 34 
2 14 2 2 1 2 1 2 2 5 1 1 2 4 4 28 1 1 1 3 0 0 1 1 2 15 4 42 0 0 3 7 3 3 5 9 2 10 2 8 1 2 2 2 2 8 0 0 3 103 2 2 1 10 0 0 4 17 2 2 2 88 2 8 
1 1 1 1 2 32 2 2 5 226 1 4 1 1 1 1 3 9 1 1 1 12 0 0 0 0 3 83 1 1 1 6 3 11 1 1 4 24 1 1 5 30 3 3 3 13 3 6 3 346 0 0 1 3 4 12 2 3 5 34 3 5 3 3 
2 205 2 3 3 10 2 4 6 44 2 3 2 2 1 1 3 61 5 49 5 40 1 25 2 2 0 0 1 1 0 0 2 2 1 1 2 2 5 9 3 25 4 17 2 4 3 155 4 15 3 3 1 4 2 2 1 1 5 23 0 0 2 2 
1 1 1 1 2 11 1 1 4 73 1 1 0 0 3 7 1 1 1 1 1 2 3 14 2 4 4 7 2 2 1 127 4 21 4 21 1 1 5 10 2 6 2 13 1 2 1 3 5 15 1 1 2 4 0 0 1 1 0 0 4 61 2 3 
5 11 3 3 1 1 2 12 0 0 2 60 1 1 3 6 4 8 0 0 1 1 2 3 3 9 4 16 0 0 4 14 3 5 2 2 3 77 0 0 3 5 3 5 3 23 4 7 3 3 4 10 1 1 3 31 2 2 2 2 1 1 1 1 
3 6 2 6 1 4 4 7 2 11 5 15 0 0 0 0 3 23 5 19 5 14 1 1 2 9 1 1 1 17 3 75 4 10 2 6 1 1 0 0 2 3 3 39 3 3 1 12 3 12 1 1 3 4 1 1 5 9 4 37 6 18 5 218 
1 7 1 1 3 2323 2 3 0 0 1 1 2 2 4 9 1 1 1 1 2 12 4 14 2 5 3 137 6 12 1 2 4 15 1 1 3 4 2 4 2 9 1 1 2 2 1 1 2 6 3 4 3 126 1 1 4 24 3 6 1 1 5 12 
1 1 5 9 1 2 3 6 1 1 2 5 1 9 1 3 2 5 2 3 0 0 3 601 1 1 3 5 1 1 2 14 1 4 3 21 5 45 3 8 1 1 1 14 0 0 1 5 2 2 1 9 0 0 3 4 1 3 1 1 0 0 4 14 
2 7 2 11 2 15 3 15 1 1 2 3 0 0 2 23 1 1 2 2 2 10 1 1 1 3 1 6 1 1 4 14 2 17 1 2 0 0 3 11 3 12 0 0 2 2 3 147 1 4 2 7 1 5 3 26 1 1 2 20 2 13 2 5 
1 1 0 0 5 14 0 0 1 1 4 20 4 7 1 44 0 0 0 0 1 2 3 138 1 3 2 31 3 4 0 0 2 45 1 4 3 3 5 39 3 3 2 31 3 35 0 0 3 4 3 7 2 82 4 13 3 3 4 26 2 3 1 2 
2 3 2 2 2 15 3 10 2 3 0 0 1 1 1 6 2 29 3 7 1 8 1 4 3 6 3 41 2 3 2 4 2 10 3 6 2 2 3 17 1 1 3 3 2 12 3 20 3 23 2 3 1 6 1 1 1 1 1 2 1 1 3 6 
3 24 1 29 3 6 4 4 3 5 3 235 1 2 1 3 1 1 1 18 1 4 1 8 1 2 0 0 0 0 1 14 0 0 3 3 2 4 3 3 0 0 3 3 3 9 1 10 6 25 0 0 0 0 0 0 2 36 0 0 1 2 4 12 
2 7 1 1 3 5 3 19 3 13 2 2 3 10 1 1 1 6 0 0 2 25 0 0 1 1 3 13 0 0 0 0 2 11 4 31 4 7 2 9 3 5 3 3 1 1 0 0 4 138 1 1 0 0 2 4 3 5 0 0 1 2 1 1 
3 15 2 2 4 8 2 3 2 14 2 2 4 31 4 216 2 3 1 1 3 8 3 7 3 6 1 3 0 0 1 1 0 0 0 0 4 44 2 57 1 15 4 23 2 2 2 5 2 14 2 10 6 16 4 8 1 1 3 4 2 5 2 11 
1 1 2 2 2 6 0 0 1 1 1 1 2 8 0 0 5 11 0 0 3 16 4 113 1 5 2 7 2 2 2 10 4 9 3 17 2 2 3 128 3 3 3 3 0 0 2 9 0 0 2 2 0 0 2 4 3 3 2 4 7 30 3 15 
1 1 3 252 2 2 2 13 0 0 2 7 1 5 0 0 1 1 2 8 2 2 1 2 3 45 1 2 2 14 2 3 0 0 2 3 0 0 1 1 5 21 3 19 1 2 4 15 0 0 2 4 1 7 1 1 1 1 4 11 1 1 1 1 
2 4 4 7 4 9 5 23 3 17 3 11 1 185 5 67 2 13 1 1 4 4 4 58 5 9 1 1 1 3 4 14 2 2 3 6 5 29 1 1 0 0 3 5 0 0 1 5 3 11 1 3 3 3 0 0 1 1 0 0 4 5 0 0 
2 4 1 4 5 49 2 2 3 4 0 0 4 6 3 18 3 140 2 4 2 2 5 11 4 16 3 29 0 0 1 1 5 25 1 1 2 9 2 80 3 3 2 14 3 59 3 108 0 0 1 1 3 6 3 215 8 51 2 2 2 20 3 240 
2 2 4 35 2 7 4 9 0 0 1 27 2 10 0 0 1 1 0 0 4 6 4 17 2 2 1 147 4 7 2 5 3 152 3 3 4 8 1 1 1 3 3 6 3 5 2 7 3 361 0 0 2 9 1 1 0 0 1 16 2 10 1 7 
1 1 3 5 1 3 7 15 4 7 0 0 2 2 2 5 2 8 1 1 3 15 3 27 4 13 1 1 0 0 3 4 1 16 3 4 1 1 2 2 3 120 1 4 1 17 2 4 1 17 2 10 3 14 1 1 3 7 1 7 2 3 2 3 
2 156 3 11 1 7 4 13 3 32 2 6 2 5 1 1 5 10 9 216 1 4 3 5 3 26 3 35 0 0 1 1 2 17 1 2 2 19 1 2 2 2 2 2 3 20 3 3 3 11 3 29 2 20 6 16 1 12 4 4 2 33 4 39 
2 2 1 9 4 14 2 3 4 30 2 13 2 6 0 0 4 8 1 4 3 18 1 8 4 31 2 18 1 2 5 60 0 0 2 13 2 18 3 3 3 19 1 1 2 2 1 2 3 14 2 7 2 3 3 3 1 14 2 2 3 38 5 30 
0 0 3 6 2 12 3 8 2 2 1 1 3 10 5 151 0 0 2 6 2 6 1 1 0 0 4 111 2 412 1 6 5 21 0 0 1 1 2 2 0 0 3 7 1 1 5 95 3 13 1 1 0 0 2 32 3 17 4 4 1 1 1 1 
2 7 1 3 5 6 2 3 4 9 1 10 6 28 1 8 6 20 0 0 0 0 1 6 4 28 1 1 1 1 3 11 6 135 4 13 3 89 3 8 1 82 3 14 1 1 0 0 2 2 5 10 4 4 3 15 2 14 1 7 1 1 3 5 
2 2 1 2 1 2 2 11 0 0 1 1 2 2 1 74 2 2 2 5 3 24 2 4 1 2 2 8 1 1 1 1 2 4 1 47 4 185 1 1 3 5 4 11 4 25 4 12 1 3 1 1 5 46 1 6 3 11 1 8 4 110 0 0 
1 7 1 18 2 10 3 12 3 3 1 2 2 10 1 4 2 3 1 1 0 0 2 3 1 1 3 8 3 28 3 248 3 3 2 5 0 0 2 32 3 3 3 11 3 3 0 0 2 15 0 0 4 10 2 2 7 28 2 11 1 8 1 1 
3 8 2 2 0 0 0 0 2 7 1 3 1 1 2 7 5 34 1 8 2 2 2 3 5 10 3 3 1 1 3 6 2 2 0 0 4 47 3 11 1 1 6 18 2 28 3 18 4 147 1 6 3 13 3 3 0 0 1 7 1 2 3 18 
1 4 1 9 4 20 4 14 3 71 1 5 3 7 2 5 2 5 1 1 1 1 1 5 4 93 3 6 1 1 1 9 0 0 0 0 2 22 1 2 5 44 1 1 2 268 5 20 1 3 1 6 1 2 1 1 2 3 3 8 3 11 3 11 
0 0 1 1 1 5 3 24 2 3 1 1 2 2 1 1 3 3 4 34 3 10 1 1 3 4 3 7 4 6 4 12 2 2 7 236 2 6 2 2 4 16 1 1 1 1 1 6 2 2 3 10 1 1 2 6 1 29 2 22 1 3 1 1 
1 1 2 70 1 2 1 1 4 26 1 2 1 2 3 6 1 2 3 12 1 2 2 2 3 5 3 6 2 4 2 19 2 2 2 8 2 4 2 68 2 2 3 115 3 214 1 9 1 1 2 3 1 3 2 4 1 1 1 7 2 2 0 0 
3 16 1 1 1 1 4 7 1 1 2 3 2 2 0 0 3 11 4 5 5 27 3 11 0 0 2 3 3 4 2 3 0 0 1 1 1 65 1 1 4 12 5 103 1 1 1 1 2 5 0 0 3 5 6 10 2 4 1 6 5 52 3 7 
2 2 2 6 2 2 4 21 3 189 2 25 2 129 1 1 5 9 3 4 2 4 1 4 1 1 2 5 0 0 0 0 3 45 2 25 3 6 1 2 3 9 4 11 1 4 1 1 0 0 0 0 1 1 3 7 1 6 2 2 4 49 2 13 
5 45 3 8 1 1 2 2 0 0 2 12 4 11 0 0 1 149 0 0 4 14 2 2 1 1 6 27 0 0 0 0 3 17 0 0 1 1 2 2 1 1 4 53650 2 162 1 1 2 2 2 11 5 7 3 7 2 2 5 13 3 10 2 586 
0 0 3 157 4 13 3 6 3 3 2 4 2 6 4 162 2 2 4 26 4 13 2 2 1 1 1 2 0 0 3 5 1 1 2 7 2 7 1 10 1 26 1 2 3 41 3 7 2 351 4 42 1 1 2 2 1 1 2 7 1 4 1 6 
0 0 2 10 1 5 2 34 5 20 1 7 2 3 2 357 2 288 1 4 3 14 3 19 2 58 1 4 3 3 0 0 0 0 3 82 3 4 3 10 3 4 2 8 3 3 3 8 1 1 0 0 2 7 1 1 3 27 4 6 1 1 3 246 
1 3 1 1 2 6 4 7 2 11 0 0 2 2 3 11 3 5 1 4 1 7 3 56 3 5 2 10 0 0 1 1 3 8 3 7 2 2 4 7 1 4 4 23 2 27 2 2 2 24 3 38 2 4 2 12 2 2 3 9 1 3 0 0 
5 43 1 17 2 2 0 0 1 1 3 47 2 5 3 7 1 1 2 2 3 25 1 3 0 0 1 1 1 1 1 39 2 6 1 2 1 7 0 0 3 23 0 0 1 71 1 5 1 1 3 18 4 5 2 24 4 4 4 5 4 6 0 0 
3 6 2 6 2 6 2 2 2 2 0 0 3 17 3 9 0 0 3 11 1 1 2 35 3 14 3 10 2 2 1 1 2 20 2 11 1 1 1 1 2 2 1 1 0 0 0 0 3 78 1 1 4 15 2 3 2 4 0 0 0 0 0 0 
1 1 1 1 1 5 2 15 1 1 1 1 5 16 3 9 3 6 1 1 3 3 4 8 0 0 3 13 4 4 1 1 1 1 2 5 2 2 1 1 1 1 2 2 1 22 3 5 3 30 1 2 2 6 3 3 3 3 0 0 2 2 1 2 
5 7 1 82 2 52 2 2 3 129 4 12 1 2 0 0 1 3 2 15 2 7 2 11 4 22 3 6 2 11 0 0 1 1 0 0 0 0 5 13 3 27 2 9 4 103 2 2 4 21 0 0 0 0 2 4 1 1 1 2 0 0 3 32 
1 1 4 5 3 4 1 1 3 10 2 9 2 25 4 36 2 6 0 0 3 4 3 19 2 4 3 13 1 9 0 0 1 1 2 25 1 26 3 11 2 10 1 2 3 6 0 0 1 1 2 5 3 3 4 19 1 2 1 2 0 0 4 10 
1 1 1 8 5 16 2 32 2 5 0 0 1 2 3 59 2 30 2 16 1 1 1 1 2 7 1 1 3 3 4 10 4 8 0 0 1 1 1 2 2 8 1 15 1 1 2 2 3 3 2 9 1 1 1 1 5 86 2 3 5 52 2 2 
1 1 4 8 2 3 3 7 1 1 3 7 2 2 2 76 2 2 1 8 2 7 1 1 0 0 4 26 7 11 2 62 4 5 3 212 4 5 2 157 3 3 4 24 1 3 5 43 3 35 3 95 2 3 2 5 2 2 2 2 3 8 1 2 
3 21 2 5 1 2 2 3 2 3 1 1 2 6 1 12 1 2 2 5 3 10 2 2 3 20 1 1 2 8 0 0 3 3 0 0 2 10 1 1 3 14 4 11 2 2 2 8 3 21 4 22 2 11 3 10 1 1 2 25 2 3 1 1 
0 0 2 9 3 5 1 1 1 1 2 23 5 49 1 1 5 13 1 1 3 6 3 7 1 1 3 8 3 17 3 5 3 10 3 3 5 15 0 0 3 7 1 2 1 5 5 18 1 18 6 19 1 1 3 45 7 52 1 1 1 5 2 7 
1 1 2 4 2 3 3 4 3 20 1 1 3 22 0 0 2 2 1 3 1 1 0 0 1 1 1 2 1 1 4 28 3 6 4 5 3 49 1 4 3 6 2 2 4 13 5 13 2 5 1 4 1 10 2 3 1 2 3 11 3 3 1 6 
1 1 1 1 1 1 2 5 4 86 2 2 1 1 1 1 4 13 2 8 2 13 0 0 1 4 1 2 3 4 2 14 2 2 1 3 4 21 1 1 3 5 2 3 2 28 3 4 1 13 1 18 1 5 2 2 2 7 2 2 1 1 3 10 
2 104 2 574 2 2 1 1 1 1 2 16 3 3 1 1 1 1 3 3 3 12 2 7 4 45 1 5 3 17 1 25 3 4 1 1 1 1 0 0 1 9 1 3 2 4 2 34 3 19 3 4 2 2 1 1 5 22 3 5 2 5 3 8 
0 0 1 4 0 0 4 29 3 5 1 1 0 0 1 1 4 13 2 2 1 1 0 0 0 0 0 0 3 5 3 7 5 7 3 10 1 1 6 40 2 2 0 0 0 0 3 60 1 4 3 35 1 1 1 1 2 119 1 8 1 1 3 3 
2 7 0 0 5 40 0 0 2 4 2 2 0 0 2 2 4 4 2 2 1 2 0 0 2 12 2 67 2 9 3 4 2 11 0 0 2 2 2 29 0 0 1 1 2 2 0 0 5 126 2 2 3 6 2 82 1 24 2 17 1 214 4 4 
3 5 3 12 5 10 2 3 2 9 1 1 1 1 1 1 5 54 4 26 0 0 1 1 2 2 3 24 3 3 0 0 6 224 4 13 1 1 1 1 7 110 2 4 3 4 4 4 0 0 3 37 1 9 4 25 2 5 1 4 2 2 2 5 
1 3 1 1 2 5 1 1 2 2 2 2 2 13 1 1 3 19 3 6 2 34 1 1 5 34 3 4 3 13 2 7 0 0 2 3 0 0 0 0 2 2 0 0 3 3 1 3 3 4 5 18 5 8 0 0 2 2 0 0 1 6 5 9 
0 0 4 15 0 0 4 10 2 9 1 2 1 11 1 5 1 11 3 11 4 231 4 13 1 1 2 2 1 1 1 1 1 33 3 6 1 2 1 1 2 2 1 31 2 2 2 8 2 24 0 0 3 8 5 14 3 12 2 2 1 1 1 2 
1 6 2 18 0 0 2 72 2 2 1 1 1 1 0 0 3 4 1 1 1 2 1 3 0 0 2 4 1 1 1 1 1 1 3 3 0 0 1 17 5 12 2 12 3 10 4 6 1 1 1 3 3 12 3 41 6 28 2 16 1 1 1 5 
3 11 5 37 2 3 0 0 1 1 1 1 1 1 3 8 2 50 3 20 4 28 5 13 1 1 3 4 2 9 3 6 1 2 1 6 2 25 3 3 3 39 4 114 1 2 1 1 0 0 0 0 0 0 0 0 1 1 2 6 0 0 2 4 
3 10 2 4 1 1 1 3 4 5 2 22 2 12 5 15 3 18 3 20 2 3 2 20 4 13 2 4 1 2 2 3 0 0 2 2 2 51 0 0 1 7 6 8 0 0 2 3 3 12 3 8 3 368 3 5 1 1 2 2 0 0 1 22 
1 2 1 2509 1 1 2 2 2 2 3 60 1 1 4 5 1 4 0 0 2 24 1 2 1 2 3 16 8 51 1 1 1 4 0 0 2 2 3 14 4 5 3 29 2 7 5 63 2 97 1 18 2 2 5 31 1 1 2 3 3 20 2 19 
2 2 1 4 2 15 2 80 2 3 2 2 2 11 4 65 1 1 0 0 3 3 4 28 3 4 1 3 3 18 8 152 3 7 3 4 1 29 6 9 2 5 3 32 0 0 5 26 3 11 1 1 0 0 1 335 2 3 3 8 2 4 1 5 
1 5 4 142 2 9 2 2 2 3 1 1 4 9 5 22 0 0 3 21 3 11 6 18 2 2 3 13 2 3 1 1 1 1 2 4 0 0 1 4 1 16 2 10 3 5 2 19 2 2 3 7 2 9 2 5 4 14 1 4 2 2 1 1 
4 7 1 1 3 19 0 0 0 0 0 0 1 1 1 1 2 3 0 0 3 11 3 123 6 30 0 0 2 4 1 2 3 8 0 0 2 2 3 11 1 1 1 1 2 2 5 14 2 2 3 37 0 0 3 4 1 1 2 6 1 1 5 32 
2 11 1 4 3 4 6 39 2 5 1 5 1 8 3 3 2 92 4 15 4 15 1 1 2 97 1 1 1 1 5 16 2 3 2 2 1 2 5 15 1 1 1 1 3 21 1 6 2 6 3 3 1 251 1 1 2 7 2 26 2 62 5 30 
3 11 6 20 1 1 8 49 3 11 3 11 0 0 1 160 3 97 4 12 4 10 5 16 1 1 3 5 1 1 0 0 0 0 1 3 1 2 1 1 5 14 3 8 2 2 1 8 3 11 1 3 4 14 5 28 1 1 0 0 4 51 3 5 
1 7 2 25 1 9 2 25 2 3 2 2 2 11 3 132 1 1 3 4 3 11 1 3 1 3 3 25 2 8 1 1 2 14 5 9 5 16 2 73 2 2 3 8 1 5 1 1 2 2 6 70 2 19 2 7 1 1 1 1 3 18 3 11 
0 0 1 1 1 1 2 2 3 3 2 28 1 1 2 3 4 114 2 2 2 3 2 7 2 6 1 3 4 17 1 2 1 6 2 30 1 1 5 35 2 20 3 75 1 7 0 0 4 36 3 5 1 1 1 14 2 13 4 15 2 2 1 1 
4 6 0 0 4 4 4 130 1 17 1 1 4 8 4 4 0 0 2 6 2 2 2 7 6 60 2 20 0 0 3 31 2 2 3 4 1 1 1 7 2 16 1 1 2 5 1 2 2 3 1 3 1 2 3 3 2 38 3 37 2 5 4 11 
1 4 3 6 5 11 3 39 0 0 1 1 2 167 3 3 2 2 2 2 1 1 2 2 3 4 2 34 3 8 2 2 1 3 3 9 4 6 1 1 2 232 1 5 3 9 4 342 2 2 6 11 2 2 0 0 2 6 3 54 0 0 2 3 
2 3 4 9 2 9 3 7 1 3 2 5 4 11 2 2 3 3 3 8 2 11 0 0 2 2 2 5 2 2 1 2 2 3 1 3 0 0 2 2 1 2 3 3 1 1 0 0 1 1 2 2 6 27 0 0 2 5 7 49 3 231 2 200 
2 3 4 85 1 20 2 7 0 0 3 5 4 10 0 0 2 19 6 198 1 3 2 33 2 14 3 5 3 7 5 9 1 2 3 8 4 11 3 5 1 1 3 10 3 9 1 1 4 14 2 7 1 1 3 7 3 42 1 5 3 12 1 2 
3 10 1 1 3 15 2 14 2 3 3 8 0 0 1 1 5 73 1 3 2 6 1 1 2 89 3 10 1 2 0 0 2 9 1 1 1 1 1 17 0 0 0 0 2 10 5 45 3 22 3 31 3 51 4 4 3 4 4 5 3 3 1 1 
1 1 1 25 2 34 3 39 3 7 5 10 4 55 4 19 2 26 1 5 2 4 0 0 2 12 2 2 1 1 0 0 0 0 2 13 3 3 3 21 4 19 0 0 0 0 2 28 2 34 0 0 4 37 3 4 1 1 3 39 1 1 3 11 
2 13 0 0 1 1 1 9 2 7 1 17 1 8 2 4 3 9 2 2 1 2 1 2 3 26 1 1 0 0 4 10 0 0 2 4 3 5 3 18 2 2 0 0 1 5 3 12 1 1 4 14 3 3 2 2 0 0 2 20 2 11 2 13 
6 22 2 2 1 4 1 2 3 59 1 1 4 5 2 3 2 3 5 26 1 2 2 2 4 6 5 10 1 1 4 6 3 5 3 5 3 7 0 0 3 8 0 0 2 6 2 43 0 0 2 4 2 9 0 0 2 2 4 14 0 0 3 8 
2 2 5 10 2 6 1 1 0 0 2 5 3 3 1 1 1 4 3 9 4 49 1 1 1 4 3 3756 2 3 1 1 2 2 4 126 2 4 2 9 3 3 2 7 3 121 3 3 2 3 0 0 2 2 3 174 2 2 1 5 1 6 4 7 
1 1 4 48 1 1 2 10 5 27 0 0 2 2 4 5 3 15 1 4 3 9 5 6 1 1 1 2 5 11 4 41 5 20 0 0 2 8 3 103 1 73 1 1 0 0 1 1 0 0 4 19 5 14 2 2 0 0 0 0 5 17 4 12 
3 3 0 0 2 2 2 4 1 2 4 32 0 0 2 4 2 2 1 1 1 1 2 27 1 3 3 8 4 10 0 0 1 1 2 9 1 1 5 24 1 1 0 0 2 3 1 8 0 0 3 4 5 8 4 4 1 1 0 0 2 2 2 4 
4 222 1 1 0 0 0 0 2 2 1 5 2 2 2 7 2 38 0 0 4 34 1 1 4 101 0 0 3 9 4 11 0 0 4 34 2 20 5 227 2 2 2 7 3 13 2 2 1 3 3 21 3 8 2 2 2 3 1 1 5 14 2 2 
3 14 0 0 3 7 3 49 2 6 2 2 2 3 1 1 2 2 0 0 1 2 1 44 3 127 1 24 3 9 5 62 3 5 0 0 1 4 3 9 2 99 2 6 4 8 1 1 1 1 2 9 1 1 3 14 1 9 3 8 2 2 0 0 
1 1 2 6 1 1 2 6 1 26 1 5 0 0 2 15 4 9 3 27 4 18 2 2 3 27 1 31 2 11 2 12 2 69 2 3 2 4 2 11 2 3 3 34 3 5 2 38 1 4 4 12 5 7 1 3 3 27 3 4067 2 4 1 4 
3 13 2 2 3 3 1 5 0 0 1 1 2 3 3 31 2 2 1 1 3 4 0 0 2 42 2 27 4 11 2 2 3 8 2 3 1 1 1 2 1 1 1 2 2 3 3 3 2 2 2 9 3 19 5 26 4 13 6 220 1 5 1 4 
0 0 3 65 1 2 2 4 2 4 2 11 0 0 1 2 1 1 4 27 5 18 1 1 2 9 3 27 2 2 1 2 1 1 3 100 1 1 6 34 3 6 2 24 3 61 3 16 1 3 2 3 2 2 1 2 2 4 2 3 0 0 1 1 
3 3 4 5 4 17 3 3 4 380 0 0 3 67 1 412 1 2 1 5 2 6 2 3 1 1 4 24 1 2 3 9 2 4 2 3 1 8 1 1 1 1 1 1 1 1 3 8 1 2 0 0 2 2 0 0 0 0 0 0 0 0 1 20 
3 5 1 1 2 25 2 28 2 2 3 6 3 11 2 3 2 15 1 1 4 78 2 15 1 19 2 51 1 2 0 0 0 0 3 9 2 5 3 46 3 9 2 14 2 14 1 1 1 1 3 11 1 1 2 8 5 48 1 12 2 5 4 4 
1 1 1 1 0 0 0 0 5 7 0 0 3 67 3 21 3 4 3 7 3 19 3 9 5 8 0 0 4 111 3 6 0 0 3 7 0 0 1 8 3 5 1 6 2 3 3 20 1 6 4 63 3 5 4 19 4 5 4 26 3 3 2 2 
1 4 3 5 0 0 2 423 1 1 3 5 1 1 2 9 1 1 7 21 2 30 3 8 3 11 1 5 2 2 3 3 2 2 4 13 0 0 1 1 3 13 0 0 3 5 5 33 3 6 3 8 3 5 3 13 3 8 2 2 1 2 4 7 
1 1 2 39 3 7 2 2 2 19 5 16 2 88 4 101 1 1 4 26 3 3 2 6 3 3 2 7 1 5 2 54 1 17 0 0 1 6 2 4 2 2 0 0 0 0 5 16 2 3 1 102 3 11 1 1 0 0 5 20 1 1 6 21 
2 4 3 5 1 1 1 3 2 2 0 0 3 5 0 0 3 24 0 0 3 10 4 16 3 3 4 20 5 10 1 1 3 7 5 14 5 28 4 7 3 6 2 150 4 13 5 22 0 0 2 61 3 4 3 3 0 0 2 4 3 67 2 2 
1 4 1 1 3 3 2 6 3 4 3 3 2 2 1 7 3 3 3 13 1 1 2 7 4 6 1 10 2 11 3 52 2 11 2 2 0 0 0 0 1 1 0 0 0 0 1 1 3 45 2 5 3 39 0 0 4 13 1 65 1 10 4 15 
1 8 0 0 1 6 1 8 2 2 5 16 4 29 1 1 2 5 3 6 4 10 0 0 1 1 1 2 3 7 1 11 2 9 3 4 2 2 1 2 3 8 1 6 1 24 2 14 4 8 1 1 1 7 0 0 2 3 1 3 6 36 2 6 
2 75 1 1 3 11 1 1 1 1 1 1 5 23 3 3 5 51 3 9 1 1 3 6 3 5 4 21 1 38 2 2 1 6 0 0 2 3 3 9 2 6 2 12 0 0 3 7 0 0 1 1 2 3 5 37 0 0 1 1 1 1 1 1 
2 2 2 2 5 3999 3 3 0 0 2 2 3 30 2 2 3 22 4 12 3 27 2 8 4 61 2 8 2 2 3 68 1 1 1 50 1 80 3 48 2 7 3 8 2 2 3 4 4 16 2 4 2 2 3 34 3 13 1 1 3 9 0 0 
5 10 2 3 2 4 4 7 2 6 3 4 2 3 0 0 2 6 1 3 2 3 2 13 2 12 2 8 1 1 1 2 3 6 0 0 2 38 2 2 4 9 3 4 4 6 1 1 2 2 1 2 3 39 2 2 1 3 0 0 4 12 1 1 
2 48 4 5 3 7 0 0 3 141 1 1 3 15 1 2 3 10 3 5 2 3 1 1 2 6 4 7 4 9 4 4 4 9 2 2 1 1 3 5 1 1 2 622 1 3 1 1 0 0 4 4 1 1 3 9 2 3 0 0 2 44 0 0 
1 3 2 3 4 29 1 1 2 8 2 3 2 3 1 1 1 11 0 0 3 3 3 300 0 0 1 1 3 3 1 1 5 7 1 1 4 16 1 2 1 17 1 1 1 4 1 14 0 0 5 14 1 4 3 9 2 3 1 4 2 279 0 0 
1 5 1 1 3 11 4 13 2 11 2 83 5 51 0 0 4 8 1 412 0 0 4 45 3 64 4 6 3 34 1 1 3 25 0 0 4 7 2 8 2 3 4 21 3 5 3 27 2 2 1 3 2 4 2 2 0 0 1 12 2 10 2 6 
3 8 3 12 0 0 0 0 2 2 2 5 2 6 2 4 1 18 4 5 3 47 3 33 4 12 2 3 1 26 3 5 1 2 4 5 3 5 1 1 4 6 0 0 3 3 2 10 4 20 2 2 3 8 1 7 1 8 1 6 5 8 2 3 
3 9 1 37 2 2 2 6 4 7 1 1 3 8 1 14 1 1 1 1 1 37 2 7 2 2 0 0 4 6 1 1 1 1 2 3 2 2 3 6 6 50 0 0 1 16 2 3 3 5 0 0 2 2 1 3 1 1 2 2 2 10 0 0 
3 14 0 0 3 6 1 6 2 2 1 1 1 1 1 1 3 7 3 3 2 2 0 0 3 15 0 0 3 9 6 192 3 10 3 3 4 9 1 1 1 1 1 2 1 7 1 1 3 3 3 51 2 4 1 2 3 7 2 3 1 1 2 9 
1 1 2 2 2 3 4 44 1 1 1 1 2 164 1 7 2 6 3 32 1 1 0 0 0 0 1 2 4 16 0 0 2 11 1 1 4 4 7 18 2 7 1 1 3 3 2 30 4 60 3 4 1 1 6 28 2 3 3 14 2 63 1 6 
0 0 3 10 3 3 1 262 4 15 3 13 1 1 5 10 0 0 0 0 3 8 2 18 1 1 1 2 0 0 2 4 2 12 2 20 1 6 0 0 4 25 1 1 2 9 2 7 5 7 2 7 1 45 0 0 3 16 2 5 2 2 1 6 
2 4 2 2 2 2 1 1 3 15 0 0 3 3 1 1 5 130 1 6 1 5 3 3 2 6 4 34 2 30 0 0 1 1 3 8 2 11 1 45 1 4 1 10 4 277 2 2 4 160 4 6 0 0 1 6 2 5 3 4 1 1 2 2 
4 30 2 4 1 1 1 1 4 174 2 34 4 29 3 3 2 72 1 2 1 18 1 1 4 66 3 12 1 1 2 3 3 4 1 15 1 5 2 2 1 2 2 35 2 13 0 0 5 35 2 4 6 25 3 53 3 7 3 3 5 10 0 0 
1 1 3 3 1 1 2 3 1 1 4 17 0 0 2 6 5 44 2 2 2 33 2 12 0 0 2 2 1 1 1 4 2 2 6 10 1 1 1 1 3 5 3 8 4 7 2 2 2 5 1 1 3 27 1 5 3 4 0 0 1 3 2 9 
3 5 2 5 3 4 1 1 3 6 0 0 0 0 0 0 4 15 2 18 1 1 3 15 4 84 1 1 0 0 2 2 0 0 5 6 5 6 2 4 3 29 0 0 2 8 1 2 2 20 2 59 1 3 4 9 1 8 2 7 2 2 1 1 
3 4 1 2 2 4 3 6 1 18 3 10 2 9 5 5 2 124 1 1 0 0 1 1 1 25 2 2 2 3 5 16 0 0 2 2 2 23 1 4 1 1 1 1 2 6 3 7 4 21 3 76 3 30 1 1 2 2 1 1 2 4 1 1 
2 8 1 4 4 15 2 6 1 3 3 21 2 2 2 147 2 4 0 0 2 35 0 0 1 1 3 11 1 6 0 0 2 2 1 1 1 3 1 1 4 8 1 3 3 6 1 1 4 34 4 8 3 28 3 4 0 0 2 43 1 1 1 1 
3 13 1 1 0 0 0 0 3 68 1 5 2 16 0 0 1 1 3 3 2 52 1 1 2 2 3 6 1 4 2 3 2 2 2 5 1 5 3 11 1 10 0 0 2 2 2 5 0 0 0 0 2 10 2 2 2 2 2 20 2 8 1 1 
0 0 2 2 3 10 2 6 1 1 0 0 3 25 1 2 1 1 5 176 5 5 2 40 1 1 1 2 2 65 0 0 3 13 2 2 2 9 1 1 1 1 3 183 1 1 1 1 2 11 5 9 2 3 1 1 1 2 1 4 3 10 3 22 
2 2 2 6 3 3 0 0 2 2 2 14 2 2 1 1 0 0 5 31 2 3 3 22 0 0 1 5 2 2 3 8 2 2 2 3 4 11 3 8 0 0 4 13 5 1233 3 24 2 2 1 3 2 9 0 0 2 23 2 2 2 20 1 1 
4 15 2 2 1 12 2 5 1 4 3 4 0 0 1 1 3 3 1 8 0 0 2 2 2 11 0 0 6 41 0 0 1 1 0 0 2 2 2 10 2 2 2 17 1 2 1 1 5 13 1 16 0 0 1 1 4 4 0 0 1 1 2 5 
1 11 0 0 1 2 2 18 3 6 0 0 2 2 3 4 2 4 6 209 4 16 1 1 3 6 5 30 2 68 1 1 0 0 1 1 4 7 3 4 1 1 2 2 1 5 5 9 0 0 0 0 0 0 1 2 3 49 3 25 4 50 4 18 
4 31 3 13 1 2 2 11 3 3 4 14 3 3 3 42 3 105 3 4 2 13 1 147 4 10 0 0 2 5 0 0 1 8 3 37 4 9 0 0 1 1 2 4 0 0 1 1 0 0 0 0 5 8 1 1 1 1 0 0 2 11 2 4 
2 2 3 22 0 0 4 8 1 1 1 1 2 17 5 18 2 2 4 10 0 0 3 60 2 2 2 36 5 29 2 29 3 6 3 102 2 3 4 37 0 0 4 12 3 14 1 2 0 0 1 8 0 0 1 2 3 7 4 109 1 1 2 3 
2 2 1 1 1 1 4 18 2 33 0 0 2 11 3 11 4 12 5 10 4 19 2 43 2 12 3 3 1 1 0 0 4 5 5 28 0 0 2 2 0 0 6 11 2 6 0 0 3 3 5 12 4 7 0 0 2 6 4 8 4 53 0 0 
3 3 0 0 1 31 2 4 0 0 4 5 0 0 4 16 1 1 0 0 1 10 1 1 0 0 2 12 0 0 3 9 2 8 1 4 1 1 1 1 0 0 5 9 5 10 1 2 5 56 3 8 6 11 3 37 1 2 4 8 2 2 2 6 
5 6 2 3 1 11 2 3 0 0 2 6 2 13 0 0 2 6 1 1 4 12 1 6 4 33 0 0 2 3 1 1 4 14 0 0 3 8 2 9 2 921 4 47 1 1 2 2 0 0 2 2 0 0 4 17 2 18 1 2 4 8 1 1 
5 73 3 3 3 8 2 9 4 10 1 6 3 3 1 1 4 37 2 2 2 7 2 4 1 11 2 26 4 5 1 1 4 8 3 11 4 30 2 6 1 1 1 1 0 0 1 1 1 5 4 107 2 2 0 0 3 20 1 1 5 11 3 3 
2 10 5 43 2 4 3 7 1 1 1 1 3 9 0 0 4 6 3 9 3 9 1 1 1 5 0 0 2 3 4 13 2 3 1 1 2 7 4 6 4 145 2 26 1 2 2 72 1 4 3 9 2 4 6 76 3 13 5 32 1 1 2 2 
2 4 3 9 2 3 0 0 4 17 1 32 2 13 4 10 3 14 1 1 1 2 2 2 5 42 4 4 2 2 1 1 3 3 2 2 1 1 2 2 2 7 1 15 2 2 4 19 2 3 1 2 0 0 1 6 2 6 1 1 3 26 3 15 
2 2 3 7 0 0 2 8 3 4 1 2 4 7 3 10 3 3 0 0 4 49 2 2 2 4 5 57 3 49 3 7 2 2 2 13 3 3 1 1 1 3 2 4 4 11 2 8 0 0 5 15 2 1725 2 6 1 4 2 13 1 14 4 15 
3 16 3 16 1 5 4 31 3 4 5 12 2 2 1 1 2 2 1 14 2 23 3 7 2 2 2 47 2 18 0 0 3 1009 1 2 4 11 2 2 0 0 1 1 0 0 2 5 1 1 5 9 2 13 4 5 2 7 5 37 2 2 0 0 
1 1 2 2 2 38 3 27 1 1 3 22 1 8 3 7 3 7 5 340 1 6 1 1 3 21 3 9 2 307 3 6 2 4 3 5 1 1 1 3 3 10 2 27 0 0 3 8 1 1 3 5 1 3 2 5 2 2 0 0 0 0 0 0 
3 156 1 1 4 29 1 1 3 9 1 1 3 483 0 0 2 8 2 6 2 5 1 1 0 0 1 1 4 5 2 11 1 15 3 3 2 2 3 19 0 0 1 1 5 15 2 3 1 1 0 0 2 25 1 1 4 193 4 19 0 0 1 61 
1 1 5 23 1 1 1 1 7 190 3 7 0 0 3 5 0 0 0 0 1 1 0 0 2 12 4 10 3 6 1 2 3 3 4 32 2 25 2 26 1 14 4 8 4 29 1 3 3 4 2 9 2 3 1 11 1 2 4 19 1 3 2 7 
3 5 5 11 2 2 4 9 4 5 2 16 1 1 0 0 6 44 1 1 3 4 1 376 4 30 3 3 1 1 4 15 0 0 2 2 1 5 3 4 1 3 4 76 2 2 2 4 2 2 2 18 0 0 1 12 2 2 1 12 2 7 0 0 
3 3 2 4 1 8 3 16 2 6 3 15 1 4 1 1 4 22 2 2 1 19 2 10 3 18 1 2 1 6 2 14 2 7 2 10 5 20 2 6 1 3 3 8 3 4 2 11 2 5 2 8 2 2 2 15 1 405 1 4 2 2 0 0 
2 2 1 2 4 29 1 457 1 1 4 5 1 1 1 60 1 5 2 3 3 9 2 7 4 801 1 1 3 46 1 1 1 1 1 4 2 2 1 1 1 1 0 0 3 3 0 0 0 0 3 16 1 3 3 14 1 2 2 13 3 9 1 5 
1 1 2 11 0 0 1 3 4 230 1 1 1 1 4 12 1 1 2 2 4 8 2 10 2 30 1 1 3 4 2 5 0 0 2 12 2 2 4 11 3 11 0 0 3 5 2 2 2 2 2 10 1 21 1 1 1 1 0 0 2 15 2 2 
4 10 1 9 3 8 3 55 4 12 2 2 2 8 0 0 1 1 0 0 2 2 3 8 0 0 1 2 1 2 3 4 4 6 1 1 2 10 2 2 1 1 6 15 4 31 2 2 3 3 4 5 1 4 2 36 2 8 0 0 2 3 3 4 
3 4 2 2 5 9 2 3 2 5 3 4 3 70 2 38 2 3 2 7 5 20 0 0 1 51 3 10 3 15 1 2 2 15 1 3 2 2 3 7 4 4 2 36 2 18 0 0 2 20 1 1 2 9 2 40 2 20 4 7 2 2 0 0 
1 1 1 1 2 13 2 6 2 12 2 2 8 21 1 2 4 6 1 1 0 0 6 102 1 1 3 3 4 6 2 3 1 101 5 41 1 1 1 1 1 1 3 29 1 6 3 12 2 3 3 3 3 10 1 8 3 8 0 0 4 4 2 2 
4 12 2 6 1 2 4 38 1 1 2 3 5 18 2 3 2 4 1 1 3 4 4 14 5 26 2 6 3 5 1 1 4 17 1 3 2 27 0 0 1 1 1 1 1 1 3 4 2 2 0 0 4 9 1 9 2 2 3 249 1 1 1 3 
0 0 3 16 1 8 1 1 2 2 1 9 1 1 2 5 1 1 5 12 1 17 2 25 3 4 5 11 4 8 4 11 1 1 0 0 3 29 1 1 3 4 3 13 2 43 3 7 4 10 3 4 4 53 3 35 5 13 4 13 3 4 1 14 
2 4 3 7 1 1 1 2 1 5 2 7 1 2 2 2 1 1 2 11 1 1 1 1 4 16 1 1 3 11 2 21 4 8 3 5 1 1 2 4 3 7 1 83 0 0 2 3 1 8 1 23 3 16 3 18 1 1 5 16 3 3 1 1 
3 9 5 44 1 1 0 0 5 142 7 13 5 30 2 5 2 4 3 6 1 1 1 1 0 0 2 2 3 4 0 0 2 3 1 1 1 3 4 14 4 133 1 9 1 2 3 6 4 7 1 4 0 0 2 6 2 16 0 0 4 7 1 1 
2 4 2 4 1 1 1 2 2 10 2 4 2 71 4 36 0 0 1 1 0 0 1 5 2 4 2 7 5 14 1 1 0 0 3 7 3 5 4 10 2 3 0 0 5 10 5 27 1 1 2 4 4 41 0 0 4 10 1 204 3 7 2 27 
2 3 0 0 2 5 3 5 5 19 2 6 3 3 2 5 1 1 3 8 2 2 3 36 2 3 2 3 1 27 0 0 1 2 3 3 0 0 2 2 3 4 3 29 1 1 0 0 3 241 2 5 1 2 1 88 1 5 2 2 2 6 1 10 
4 48 1 1 2 4 1 1 2 7 0 0 3 15 2 3 1 8 3 14 1 1 4 9 5 20 4 293 2 68 0 0 0 0 1 7 1 1 4 11 1 6 1 2 4 7 1 1 4 7 3 7 4 5 1 5 3 6 1 6 3 27 1 1 
3 14 3 26 1 1 0 0 0 0 2 2 0 0 3 13 0 0 3 7 0 0 3 69 0 0 2 11 3 3 1 1 1 2 3 36 3 21 3 3 4 23 2 2 2 9 1 11 1 6 2 2 1 1 2 4 4 6 2 5 1 1 4 13 
4 80 1 1 2 6 1 1 3 31 2 6 4 14 3 5 1 2 2 3 3 29 1 2 2 2 2 6 2 19 2 110 5 38 1 9 1 1 2 2 2 8 1 3 0 0 2 8 1 9 1 2 2 220 4 9 3 28 5 16 1 1 0 0 
2 22 2 3 2 8 0 0 2 2 1 3 3 5 1 1 3 14 5 8 1 2 1 1 4 21 0 0 4 7 4 7 2 2 2 4 2 4 2 71 0 0 5 14 1 2 0 0 6 582 4 8 6 38 1 9 0 0 3 4 7 14 1 3 
5 28 1 1 1 1 3 5 3 3 5 99 2 3 2 2 1 3 4 5 3 7 3 165 2 28 2 2 2 17 3 23 3 5 0 0 5 22 2 9 4 25 1 7 6 25 1 1 0 0 2 6 4 11 2 6 0 0 1 3 2 6 5 26 
1 1 2 4 3 8 0 0 3 4 1 1 0 0 1 20 2 48 2 2 1 1 1 3 0 0 1 1 2 3 0 0 3 11 0 0 0 0 2 3 1 2 1 1 3 22 4 63 1 3 3 8 2 12 3 8 1 1 5 175 3 7 1 1 
3 5 1 3 1 4 1 2 2 332 0 0 2 2 3 16 2 2 1 2 0 0 2 23 4 19 3 15 3 11 2 12 3 38 4 27 3 3 3 4 3 23 2 2 0 0 2 1089 3 26 3 9 5 37 4 31 1 1 1 2 3 10 2 2 
1 1 1 19 3 341 0 0 2 3 2 2 2 8 0 0 3 3 1 5 4 57 3 8 2 32 4 26 1 1 1 2 2 2 2 2 7 11 2 3 3 5 2 5 0 0 2 2 2 36 1 3 1 1 1 1 3 5 2 38 4 14 3 6 
0 0 3 78 3 3 2 9 3 12 1 19 4 33 2 262 1 1 3 3 2 2 5 6 0 0 3 4 3 3 1 2 5 14 2 12 4 13 4 11 0 0 3 26 4 22 4 6 1 2 3 3 0 0 3 16 1 1 1 432 3 39 2 5 
2 3 1 33 1 1 2 71 2 5 5 42 5 46 1 3 1 18 2 2 2 2 1 1 0 0 3 10 2 30 3 3 1 1 2 21 2 9 1 1 2 3 2 30 0 0 0 0 0 0 3 4 4 10 4 37 3 6 2 8 2 5 2 2 
2 2 2 33 5 18 3 3 2 3 1 2 3 8 2 2 4 12 1 1 0 0 3 30 1 1 3 3 1 1 1 1 2 2 3 12 5 5 1 1 3 5 1 4 3 41 3 7 2 2 1 1 5 108 2 2 1 3 2 2 3 3 2 16 
2 2 3 4 1 1 3 12 3 5 1 1 2 2 1 1 5 20 1 23 5 6 2 2 1 1 1 1 3 6 1 1 3 19 2 93 2 3 2 2 3 4 2 9 4 11 2 5 1 1 0 0 3 12 1 1 3 8 1 1 1 5 2 2 
3 12 4 10 2 63 2 5 0 0 2 3 2 2 1 1 3 9 2 22 2 31 1 1 3 67 1 24 1 1 1 1 2 4 2 3 3 9 1 1 0 0 2 3 3 13 2 6 3 25 1 1 3 10 2 2 3 9 4 6 3 42 4 13 
3 11 2 2 5 13 1 1 3 144 3 4 3 4 2 7 1 32 1 1 0 0 3 14 3 74 1 1 0 0 1 7 5 109 2 115 3 16 0 0 1 37 1 1 2 8 1 1 1 9 0 0 4 18 4 43 5 40 1 4 1 1 1 1 
1 1 2 5 0 0 5 10 4 106 2 85 1 1 4 10 3 6 1 3 6 33 2 45 3 3 0 0 5 15 3 6 1 1 2 2 2 3 2 2 1 1 1 6 1 13 1 1 2 3 3 3 1 1 1 1 1 1 2 5 2 16 2 19 
4 7 4 17 2 3 6 12 0 0 2 4 0 0 2 7 3 3 0 0 1 1 3 5 0 0 1 3 2 111 1 1 3 11 4 14 0 0 0 0 1 5 3 11 3 3 3 18 2 6 1 1 1 4 1 1 2 17 2 2 1 1 0 0 
3 8 3 13 4 6 2 33 2 23 4 22 0 0 7 19 2 8 2 3 6 68 0 0 8 20 2 3 1 30 1 1 0 0 0 0 2 12 2 125 2 96 1 1 3 3 4 13 3 3 3 4 3 1457 2 8 3 7 2 6 1 1 3 5 
2 4 2 3 0 0 1 1 4 17 4 4 0 0 3 3 2 6 2 29 2 4 0 0 1 1 1 1 3 16 5 23 4 27 1 1557 0 0 2 13 1 2 2 4 2 5 2 5 5 105 1 13 2 9 0 0 1 1 0 0 2 2 3 3 
1 1 0 0 1 1 4 195 0 0 1 9 3 6 4 30 1 2 1 2 3 11 3 4 2 6 2 4 2 2 1 1 1 18 1 1 0 0 3 3 2 2 8 21 2 2 1 1 1 1 2 2 2 2 4 12 3 3 0 0 2 6 2 17 
0 0 6 30 1 1 2 2 4 4 0 0 0 0 2 15 4 12 0 0 1 1 2 12 1 1 3 14 2 4 2 2 2 8 1 4 3 4 5 220 2 2 5 22 1 1 2 3 4 10 1 1 4 9 1 1 2 11 1 5 2 2 2 4 
1 1 2 9 1 1 7 27 1 1 0 0 5 212 1 1 1 207 5 60 3 24 2 1722 1 1 0 0 0 0 1 1 1 1 1 1 3 782 4 9 3 6 2 5 2 2 3 17 3 15 2 12 2 2 2 2 3 12 5 30 0 0 3 5 
0 0 4 35 0 0 1 1 2 3 3 78 1 4 2 9 2 4 0 0 2 8 2 3 4 13 0 0 2 7 1 6 1 1 2 3 3 9 5 9 2 2 2 31 1 1 2 7 1 1 5 6 1 1 6 18 2 10 3 38 1 1 1 1 
1 1 3 11 4 11 4 5 2 16 0 0 4 13 2 3 6 33 3 6 5 37 2 2 2 10 2 4 2 5 1 18 2 5 3 21 0 0 0 0 2 2 1 1 2 11 0 0 3 13 2 7 2 2 3 3 1 2 3 86 0 0 1 1 
2 8 3 14 2 11 1 1 3 9 1 1 1 1 1 1 2 4 3 11 4 31 3 5 1 1 3 5 2 39 2 2 2 2 1 1 0 0 4 34 4 25 2 28 1 1 3 12 0 0 5 33 4 26 1 8 2 14 0 0 5 87 3 3 
1 39 2 6 2 29 1 2 4 192 2 2 2 2 2 4 1 34 3 32 1 31 2 14 2 80 1 1 0 0 2 5 2 7 2 7 3 40 1 1 4 7 1 6 1 3 1 1 2 2 2 12 3 152 2 6 2 2 6 8 2 2 2 6 
2 3 1 1 3 15 3 15 0 0 2 2 4 20 3 14 2 11 3 3 2 6 4 226 1 1 2 14 3 13 3 13 2 18 2 2 1 1 1 20 1 1 0 0 0 0 2 5 2 4 1 13 1 1 1 2 4 6 3 12 5 14 3 10 
1 1 4 7 5 12 5 16 4 11 4 30 3 174 4 9 2 9 3 3 1 8 0 0 1 1 4 5 5 9 3 11 3 8 4 23 2 2 4 4 1 1 6 98 6 21 0 0 4 14 4 72 1 4 1 1 0 0 3 10 0 0 0 0 
2 35 3 3 4 75 1 1 6 35 1 1 4 9 2 3 0 0 3 198 0 0 3 7 4 4 1 1 5 5 2 2 3 36 3 7 3 5 1 1 1 1 0 0 4 7 2 14 2 2 2 7 1 1 3 6 1 1 3 6 3 28 3 8 
2 2 0 0 1 2 0 0 1 1 0 0 4 8 1 4 1 1 3 4 5 5 7 22 1 1 0 0 3 7 1 3 1 6 3 10 1 1 2 11 2 2 1 1 1 1 1 6 1 2 2 2 2 3 3 17 3 14 4 5 2 2 2 2 
2 2 2 2 5 38 4 48 4 17 3 11 3 39 1 2 2 4 3 6 3 8 4 33 4 7 1 3 6 6 2 4 2 44 2 29 9 39 0 0 2 3 3 31 3 1468 3 33 3 6 1 1 3 12 2 2 3 6 0 0 6 14 1 1 
2 2 0 0 3 24 2 10 1 1 3 6 1 13 1 1 2 7 1 234 1 1 1 1 2 6 1 6 2 2 1 1 3 16 1 2 2 44 5 29 0 0 3 8 3 4 1 1 5 10 1 1 2 2 4 564 3 18 1 1 2 116 4 30 
2 3 2 2 3 12 0 0 2 7 3 18 0 0 4 37 4 4 2 10 1 1 3 3 1 32 2 11 2 2 1 5 2 2 2 2 3 3 4 5 2 2 4 14 2 58 2 19 0 0 2 7 2 7 5 26 3 10 1 1 1 1 4 269 
5 41 2 6 2 18 3 5 3 3 4 38 1 4 2 34 5 14 1 5 3 13 2 2 2 21 1 6 2 5 2 8 0 0 2 2 2 13 0 0 1 1 2 2 2 2 0 0 3 14 3 6 2 9 2 3 3 4 0 0 2 4 1 12 
4 141 2 2 5 8 1 6 4 4 5 111 1 9 1 5 0 0 2 25 7 27 4 4 1 3 2 2 2 4 2 2 1 1 3 23 3 3 2 2 4 10 3 3 0 0 1 1 1 2 3 4 2 26 4 5 3 10 3 169 5 23 3 3 
0 0 2 2 1 1 1 1 9 26 1 1 5 10 1 2 2 2 0 0 2 5 0 0 1 1 3 37 1 5 2 7 4 16 3 10 2 41 2 33 5 50 1 1 1 1 2 4 2 61 3 6 1 1 1 1 5 17 0 0 0 0 2 2 
1 1 2 2 0 0 2 4 4 59 4 14 1 42 1 12 0 0 0 0 2 15 4 44 1 1 0 0 1 1 3 7 4 8 0 0 3 7 1 3 3 6 5 13 2 2 2 3 1 1 4 7 1 1 1 6 2 2 4 13 3 8 4 11 
0 0 3 9 2 6 1 1 3 8 4 5 2 7 1 1 2 2 2 20 3 21 3 107 3 45 3 32 2 7 4 22 5 9 4 96 1 1 2 3 5 11 1 12 0 0 5 25 0 0 4 8 3 4 1 23 1 1 1 2 3 11 4 10 
1 16 0 0 3 7 2 12 1 1 2 2 2 2 2 17 3 12 2 2 2 3 1 2 5 14 2 32 2 2 3 11 2 47 2 9 4 11 3 16 0 0 4 12 0 0 2 7 5 28 3 5 1 1 2 9 4 12 1 14 4 9 4 10 
4 6 4 15 1 30 3 5 2 24 5 31 0 0 1 1 1 6 2 2 6 20 3 404 2 48 2 5 1 2 0 0 2 3 3 37 1 1 3 78 2 2 3 46 4 18 2 11 2 15 1 4 0 0 2 7 3 5 1 1 3 3 4 17 
3 22 2 8 1 2 3 5 1 3 2 2 1 1 4 17 3 8 1 1 3 22 0 0 3 4 1 1 0 0 3 3 3 5 4 18 4 13 1 2 1 1 4 7 2 4 0 0 2 3 1 6 3 7 3 11 1 6 4 27 3 3 1 1 
3 5 4 15 1 1 2 5 2 7 1 3 3 3 2 7 2 21 1 5 0 0 4 12 2 3 1 1 1 1 0 0 2 9 2 12 2 14 0 0 2 2 2 2 0 0 1 1 2 9 1 4 3 3 3 12 1 10 0 0 1 150 2 6 
2 2 2 5 0 0 2 4 1 3 3 5 1 2 2 21 4 195 3 4 2 17 5 9 0 0 7 22 1 7 1 32 1 1 1 1 1 1 2 2 1 1 4 22 2 2 1 1 3 58 1 7 1 7 2 7 4 22 3 9 2 10 1 1 
4 5 2 126 1 3 1 4 0 0 0 0 2 2 0 0 6 53 1 2 3 4 0 0 2 2 2 2 2 5 3 7 2 2 0 0 0 0 2 5 5 17 3 179 2 18 3 7 2 24 4 63 1 4 2 20 4 18 3 4 5 17 3 74 
2 2 0 0 1 1 1 3 1 3 4 77 2 3 0 0 0 0 3 73 3 6 3 5 2 8 2 2 0 0 2 2 0 0 6 49 0 0 2 2 2 2 3 8 0 0 3 4 3 205 5 16 1 1 2 20 3 16 3 6 1 10 1 2 
2 9 0 0 6 28 0 0 2 7 2 2 2 2 1 1 6 7 3 37 2 5 2 4 2 2 1 1 2 7 6 429 2 2 1 2 6 371 1 1 4 9 3 14 3 7 4 11 4 18 3 11 4 10 1 1 5 11 5 10 6 46 0 0 
1 314 0 0 3 4 1 1 1 7 4 5 3 6 4 24 2 2 4 6 2 9 3 4 2 3 2 2 1 1 4 10 3 3 3 4 2 2 1 1 2 9 4 40 2 15 0 0 1 4 4 5 1 1 3 6 1 3 1 1 4 125 1 6 
6 18 2 10 2 4 3 3 1 1 2 10 2 2 1 1 2 2 4 45 0 0 0 0 2 5 2 6 3 7 5 54 1 1 3 27 2 2 5 22 2 30 0 0 2 25 1 1 4 18 1 1 1 1 2 6 7 408 3 3 3 4 1 1 
0 0 2 2 6 33 5 6 1 1 3 69 2 7 3 21 1 1 2 2 1 2 4 21 0 0 1 9 3 3 1 1 2 2 3 23 3 78 4 38 4 16 3 3 2 2 0 0 4 10 4 21 2 12 2 8 1 11 5 9 2 4 3 6 
3 40 2 2 1 3 1 5 2 28 2 11 2 2 3 18 3 6 2 2 4 6 2 8 1 3 0 0 3 11 2 5 1 1 3 32 2 13 2 4 1 3 4 6 2 2 2 90 0 0 2 3 0 0 2 9 2 4 2 4 3 28 1 4 
3 13 2 4 4 7 0 0 3 11 4 27 3 4 3 8 0 0 3 26 2 2 2 2 2 12 2 4 3 19 3 6 1 1 3 11 0 0 3 5 3 9 1 1 4 40 1 3 3 5 1 3 2 4 0 0 2 2 1 1 3 19 2 2 
0 0 4 10 3 37 2 26 3 7 0 0 2 3 1 1 1 8 0 0 0 0 1 1 1 2 3 5 1 1 6 42 1 6 2 2 2 10 1 1 0 0 2 9 2 3 3 7 2 2 3 10 1 2 4 6 6 19 2 3 2 14 0 0 
5 17 2 5 1 1 1 1 0 0 2 6 1 1 4 11 2 2 0 0 2 444 3 18 4 553 1 1 4 54 4 41 1 1 1 2 2 13 1 5 3 5 4 77 2 2 2 7 2 14 2 15 4 39 2 2 0 0 2 7 5 17 3 38 
1 2 5 13 3 160 1 1 2 15 2 2 2 2 6 12 0 0 1 1 3 3 4 10 4 9 0 0 2 3 2 11 1 3 0 0 3 4 4 7 2 5 4 7 5 7 2 2 4 12 4 10 1 1 3 4 1 1 6 75 0 0 1 8 
1 10 2 4 1 2 3 8 1 1 2 2 3 39 2 7 1 2 0 0 4 44 0 0 5 12 1 1 1 1 0 0 2 11 4 41 2 3 3 3 2 3 2 2 2 70 1 8 1 4 0 0 2 6 3 50 3 10 4 14 2 204 2 3 
2 26 1 2 3 15 0 0 0 0 3 8 2 23 2 3 1 5 4 17 1 4 4 24 1 1 2 2 1 4 1 134 1 1 6 14 1 1 2 3 2 70 3 14 2 2 1 2 2 6 3 3 1 1 3 46 1 1 0 0 1 1 5 11 
2 2 1 1 2 9 4 12 2 2 3 16 1 1 0 0 1 2 2 21 5 21 1 1 3 4 2 3 3 6 1 1 0 0 1 2 2 2 0 0 3 3 0 0 3 10 0 0 0 0 2 65 3 25 3 20 2 2 2 10 0 0 2 19 
2 24 1 6 4 4 1 1 1 8 2 2 2 2 3 15 0 0 6 26 2 10 1 1 2 3 3 5 2 5 2 3 4 77 0 0 2 5 4 13 3 3 0 0 2 32 4 74 4 36 1 1 2 2 5 37 1 6 4 94 1 1 1 60 
4 13 2 8 1 1 1 4 1 1 2 215 1 9 3 3 2 2 2 6 1 5 3 3 1 2 2 3 4 16 3 10 5 39 4 26 1 1 1 1 5 48 3 8 3 5 4 8 3 15 3 4 2 2 1 2 2 2 1 20 0 0 3 3 
2 9 2 2 2 9 5 190 4 10 3 15 3 6 0 0 4 12 0 0 0 0 2 16 0 0 1 1 1 1 2 407 2 8 1 2 4 14 2 8 3 64 3 3 0 0 3 19 1 2 3 3 3 63 5 13 2 5 4 15 2 2 2 143 
1 1 1 6 7 25 4 19 2 23 2 4 5 12 2 49 3 25 2 5 1 6 0 0 4 5 4 20 1 3 3 11 1 1 1 3 2 6 0 0 1 3 1 2 2 3 3 5 2 5 3 52 3 13 1 4 3 193 5 14 2 4 1 1 
0 0 1 26 2 8 0 0 3 39 4 52 4 10 2 37 0 0 2 2 1 1 1 1 4 4 1 2 4 4 3 3 3 8 1 2 1 1 4 5 2 3 2 200 5 5 3 10 0 0 1 3 1 6 6 23 3 3 3 5 1 3 1 8 
0 0 3 460 2 4 2 10 0 0 5 14 2 2 0 0 2 7 1 2 1 6 2 4 4 12 2 2 0 0 6 12 1 1 3 30 2 16 0 0 4 15 3 25 3 6 2 15 1 1 2 485 3 3 1 4 1 2 2 20 1 83 2 6 
1 4 3 14 2 6 3 4 2 4 2 3 1 1 0 0 5 48 4 19 1 2 1 1 1 1 1 1 3 3 1 3 2 3 4 30 2 10 2 3 2 3 2 3 2 8 1 1 3 201 1 1 4 8 2 2 1 1 5 18 2 9 3 3 
1 44 2 6 1 3 1 2 2 5 1 3 4 13 2 2 3 25 1 1 1 2 2 3 0 0 2 39 2 2 4 29 0 0 1 1 1 2 0 0 4 56 1 2 3 125 3 8 6 250 2 18 2 2 2 8 2 3 1 2 2 2 0 0 
3 8 6 129 2 8 0 0 1 2 2 2 6 24 1 1 1 1 3 4 1 1 0 0 1 1 2 13 1 1 3 20 1 8 3 28 0 0 2 1876 0 0 1 1 1 1 4 71 2 7 5 38 1 1 2 12 1 3 1 6 2 2 1 2 
2 9 0 0 3 113 1 1 3 24 1 1 4 7 0 0 1 2 3 90 2 4 2 2 2 14 2 2 4 6 1 1 6 24 3 4 0 0 5 10 3 4 2 3 1 1 3 3 2 4 2 10 1 2 2 4 0 0 3 201 2 5 3 3 
1 5 1 1 1 6 4 7 5 19 2 22 2 5 1 1 2 4 1 3 3 6 0 0 2 5 3 3 2 2 1 1 3 4 1 14 2 75 1 1 0 0 1 1 0 0 2 6 1 1 0 0 2 2 4 25 3 3 2 4 4 37 4 7 
1 6 4 10 1 3 1 1 2 11 5 27 1 3 4 16 0 0 3 9 4 35 3 5 2 3 2 10 5 22 3 20 2 3 1 1 3 10 2 13 2 8 1 3 2 7 0 0 1 1 1 4 1 1 1 4 2 4 1 1 3 6 3 4 
0 0 0 0 2 7 1 11 3 34 2 2 4 14 3 11 1 1 5 21 2 4 4 11 5 27 1 1 2 15 1 6 2 2 2 10 7 28 2 1033 2 5 4 5 2 6 4 7 2 2 5 49 2 6 1 1 2 2 3 34 2 2 4 7 
1 6 2 8 1 1 2 3 1 1 0 0 0 0 3 5 1 1 0 0 3 8 1 1 1 4 4 17 2 6 3 25 3 6 3 3 2 3 2 8 2 2 2 10 1 1 0 0 3 7 4 18 4 12 3 4 1 2 2 9 4 8 3 10 
3 413 1 1 4 4 2 3 3 7 2 8 5 151 2 12 1 8 3 9 0 0 3 34 1 213 1 140 4 9 5 17 2 11 1 1 3 3 2 8 1 1 3 4 2 2 1 3 2 5 4 4 1 1 3 10 0 0 5 10 3 3 1 8 
3 17 2 12 3 4 2 7 3 122 4 27 0 0 0 0 2 11 0 0 0 0 3 11 0 0 1 6 3 7 2 4 3 4 2 2 2 10 4 12 0 0 4 15 5 27 3 125 2 4 3 3 2 17 0 0 1 1 3 14 4 16 1 1 
3 5 2 2 1 5 2 3 2 2 1 1 4 212 2 57 5 11 3 8 1 2 0 0 3 11 3 47 4 10 2 2 1 1 2 2 2 3 1 1 2 6 0 0 1 3 2 2 0 0 3 7 3 10 3 15 3 10 2 16 1 1 5 10 
3 52 0 0 3 5 2 31 0 0 1 6 2 8 3 12 3 8 1 1 0 0 1 1 2 14 3 3 0 0 2 9 3 4 0 0 3 6 4 8 0 0 4 6 0 0 0 0 4 7 1 3 1 1 4 8 0 0 1 2 2 16 3 9 
2 18 1 1 1 1 1 1 3 4 1 11 2 17 3 7 2 2 5 14 3 16 5 22 1 1 5 14 3 15 0 0 3 11 2 19 4 301 2 3 5 35 5 39 1 1 1 1 0 0 2 36 3 21 1 1 3 4 2 2 2 4 6 17 
5 28 3 12 2 14 0 0 2 35 0 0 4 60 0 0 4 136 2 3 0 0 4 23 2 3 3 19 1 4 1 2 2 4 5 72 2 3 1 1 3 6 2 2 0 0 2 2 4 12 3 14 4 38 2 9 6 16 1 1 4 15 1 43 
1 1 3 8 1 5 2 4 2 26 1 4 3 19 0 0 1 1 2 27 2 5 1 1 4 16 1 1 0 0 2 8 2 3 1 1 0 0 2 9 3 4 3 1458 2 2 0 0 4 4 0 0 1 1 0 0 0 0 0 0 1 12 2 2 
2 5 1 1 4 22 1 1 0 0 3 8 1 1 2 91 2 5 0 0 3 3 1 24 4 5 2 9 3 3 3 3 1 1 0 0 0 0 5 9 1 28 4 29 4 7 4 6 4 18 2 3 0 0 2 6 1 1 1 1 2 3 1 1 
2 2 0 0 1 1 2 84 2 6 1 7 4 7 4 12 3 17 6 19 3 31 1 1 1 1 2 3 0 0 5 18 2 3 2 4 3 3 0 0 2 2 0 0 1 1 1 1 1 38 1 1 3 6 1 2 2 24 4 21 3 156 2 4 
2 2 3 9 1 185 1 23 2 21 1 1 5 10 0 0 2 3 1 1 5 38 1 1 0 0 4 9 4 10 0 0 2 16 4 7 0 0 1 7 2 4 4 25 2 5 4 25 2 2 4 13 3 4 2 6 7 13 2 51 0 0 1 1 
1 1 2 2 1 1 3 3 2 3 2 6 4 29 3 3 3 12 3 8 2 2 0 0 1 3 3 11 2 21 1 5 3 4 2 5 4 8 1 1 1 4 3 5 4 46 3 22 2 7 2 12 2 4 1 2 4 5 1 1 7 16 1 1 
1 4 1 2 3 9 1 1 1 1 2 11 4 16 3 3 4 28 1 2 3 15 2 5 1 1 3 4 3 11 1 1 4 18 2 3 4 9 3 15 3 3 1 2 3 10 1 1 2 2 2 33 2 4 1 1 2 12 1 14 4 92 0 0 
1 1 3 3 3 5 1 1 3 14 1 1 3 20 1 5 1 1 4 36 3 30 1 2 6 80 1 7 2 36 3 104 0 0 1 1 0 0 1 1 3 5 0 0 3 8 1 1 3 3 4 37 2 62 4 10 2 4 4 43 5 227 2 4 
3 10 2 2 4 29 2 15 3 6 2 6 0 0 3 44 2 33 4 32 1 1 2 3 2 31 1 1 3 7 1 1 2 3 4 6 3 8 1 7 1 1 3 9 2 5 1 25 3 4 1 7 4 24 2 63 1 528 5 116 3 57 6 37 
2 8 2 8 2 3 1 2 2 4 2 2 2 2 1 88 1 1 2 19 0 0 2 9 4 6 3 12 0 0 4 10 3 451 1 1 2 6 2 6 1 2 1 1 2 4 0 0 1 2 2 9 1 62 0 0 3 27 2 5 1 1 3 8 
1 14 3 48 1 1 0 0 2 22 0 0 1 11 1 1 4 16 6 15 0 0 4 26 1 2 1 4 3 7 2 41 2 2 6 43 5 15 1 1 4 10 3 7 2 33 4 7 1 8 2 12 3 3 1 1 3 4 2 46 1 1 0 0 
4 13 2 6 3 9 3 12 0 0 1 1 0 0 2 5 2 16 2 3 3 9 4 79 4 13 1 10 4 13 6 57 1 1 3 10 1 5 1 14 0 0 2 5 3 4 1 4 3 1256 3 13 1 413 3 13 1 1 0 0 4 8 2 2 
2 36 1 1 3 6 1 18 2 6 2 2 1 8 1 5 1 1 3 17 1 2 1 1 0 0 4 4 1 9 1 3 1 1 3 12 3 11 1 3 3 333 2 13 2 29 1 1 0 0 1 4 0 0 3 7 5 8 2 18 1 1 1 2 
0 0 7 8 1 4 4 18 0 0 1 2 2 2 1 1449 2 2 2 2 3 118 1 1 0 0 1 5 2 63 1 15 1 5 3 3 5 19 6 11 3 7 1 2 2 17 3 4 0 0 2 3 1 3 4 196 1 8 2 9 1 1 2 2 
2 28 1 1 2 49 2 5 2 2 1 1 2 2 2 26 4 19 1 6 2 5 2 12 4 11 2 13 3 4 2 14 4 5 1 1 3 3 1 13 0 0 2 8 0 0 3 6 2 2 0 0 0 0 2 21 5 15 2 3 1 26 1 1 
3 10 3 10 0 0 6 7 0 0 2 7 2 8 3 4 2 13 3 9 1 1 1 1 6 14 0 0 2 10 1 2 2 11 2 2 1 1 1 5 4 8 0 0 0 0 3 6 0 0 2 3 4 25 3 6 3 20 1 1 1 1 2 7 
2 1462 1 2 2 33 1 1 3 5 1 3 2 2 6 83 3 16 1 2 2 2 2 4 0 0 2 9 4 6 2 2 1 13 2 10 3 130 3 10 5 14 1 1 3 22 2 3 1 4 1 1 2 11 1 4 1 1 2 9 4 4 1 1 
1 1 1 2 0 0 2 2 3 3 6 11 2 3 3 3 2 14 3 10 4 8 3 11 4 15 2 5 4 12 1 2 2 2 2 14 1 136 6 24 1 1 3 9 4 7 2 4 1 1 2 2 5 16 1 6 6 50 3 38 2 3 0 0 
1 4 0 0 1 2 3 7 3 41 5 45 0 0 1 2 2 7 1 12 3 12 3 4 1 2 2 15 6 10 1 6 1 1 3 6 4 10 2 12 3 3 2 2 0 0 4 6 5 11 2 9 3 44 3 4 1 1 5 13 2 48 1 1 
2 2 2 2 0 0 3 24 2 5 1 1 3 9 1 1 2 2 2 5 1 2 2 8 1 1 2 10 4 4 3 23 3 10 3 7 2 4 2 2 0 0 2 2 3 15 2 2 0 0 0 0 3 5 1 2 4 20 1 1 0 0 0 0 
0 0 5 8 2 2 1 86 0 0 3 10 2 11 3 37 4 9 3 5 0 0 3 4 2 6 2 5 1 1 2 164 3 11 2 2 3 6 3 6 4 9 1 7 1 1 3 5 1 1 5 5 2 3 2 10 3 153 3 23 2 2 0 0 
3 5 2 6 2 7 2 28 1 1 1 1 0 0 3 37 1 438 1 14 4 4 0 0 3 6 1 1 5 8 2 4 6 23 4 20 3 19 1 2 4 8 0 0 2 2 4 16 0 0 0 0 3 17 2 10 4 66 5 9 2 43 1 13 
3 3 0 0 0 0 3 7 5 169 1 1 1 1 3 27 2 4 4 4 1 1 3 19 0 0 5 6 4 10 2 7 3 4 1 4 2 2 1 6 2 2 1 1 0 0 0 0 5 6 3 19 0 0 3 19 1 1 4 62 3 3 3 11 
2 5 1 1 1 10 2 2 2 2 1 6 2 29 7 155 0 0 0 0 2 2 4 4 2 2 2 2 1 1 2 73 5 15 1 1 2 11 3 4 2 2 0 0 2 2 0 0 1 1 2 7 0 0 2 2 0 0 3 189 2 10 4 35 
0 0 2 6 3 5 0 0 1 1 1 5 1 1 1 4 6 38 4 6 1 1 0 0 1 10 2 6 2 4 4 10 2 11 1 2 0 0 4 13 3 4 1 2 3 21 1 5 9 39 2 15 0 0 2 2 1 12 4 19 4 59 0 0 
1 1 3 1457 4 12 1 1 3 11 0 0 2 2 2 4 1 1 5 18 0 0 3 4 3 7 3 10 4 14 0 0 3 4 0 0 2 2 2 3 2 75 3 7 3 10 3 6 2 2 2 7 1 3 1 1 3 10 2 45 0 0 2 2 
5 23 3 6 2 6 1 1 1 5 4 40 3 6 2 2 3 14 2 3 3 3 0 0 2 7 1 2 1 1 2 11 4 8 1 1 2 16 1 1 1 1 5 9 1 1 3 74 3 9 5 32 1 6 2 8 2 50 5 105 2 42 4 9 
2 10 3 5 1 1 1 43 2 5 6 1510 3 3 0 0 4 4 1 1 2 2 3 11 0 0 1 1 1 69 2 12 4 11 0 0 6 9 0 0 2 2 1 1 1 3 3 10 1 1 5 1010 3 10 4 67 5 37 0 0 1 24 1 1 
4 9 2 5 3 6 2 3 2 2 2 2 4 15 3 21 2 8 3 5 1 1 0 0 0 0 0 0 2 25 2 2 2 2 3 556 6 9 4 16 1 1 1 2 2 13 1 1 1 5 1 8 0 0 1 1 1 1 2 2 2 9 3 4 
3 4 1 1 2 2 2 33 3 3 1 1 2 370 2 2 0 0 1 2 1 1359 1 6 1 1 4 6 1 1 1 1 3 9 3 24 1 28 1 10 2 4 3 6 4 16 1 6 5 13 4 10 3 9 5 29 0 0 1 1 1 6 4 18 
2 2 3 5 0 0 1 2 2 3 2 10 3 11 0 0 2 7 0 0 1 3 2 12 3 6 5 32 3 63 3 39 1 5 3 44 0 0 5 8 1 5 3 3 3 11 1 2 3 11 2 2 1 6 0 0 2 16 0 0 6 102 2 9 
2 12 1 1 2 3 3 8 1 6 1 1 0 0 2 9 5 19 1 1 1 1 2 9 3 4 2 4 4 15 2 2 4 9 2 2 1 1 1 2 4 28 3 3 3 3 2 124 1 1 1 2 3 3 1 2 2 161 2 9 4 13 3 4 
4 4 1 2 3 7 1 4 1 17 2 2 2 2 3 3 3 4 3 4 3 104 3 3 2 11 0 0 1 69 1 1 1 17 1 1 3 9 0 0 3 3 0 0 1 1 5 15 2 2 2 10 3 37 2 4 1 2 2 4 2 2 0 0 
2 10 3 16 1 21 0 0 5 6 2 5 1 5 3 16 2 8 2 6 3 6 3 12 1 1 2 6 2 11 2 8 2 4 2 4 6 30 0 0 3 6 5 10 3 7 2 3 3 8 5 118 5 12 0 0 3 8 2 2 3 42 2 2 
1 1 2 3 2 2 2 2 2 10 1 2 0 0 6 19 3 5 3 17 0 0 4 16 2 8 6 104 0 0 1 5 3 6 2 2 2 8 4 29 1 22 1 2 1 1 1 8 2 10 0 0 5 14 2 8 1 3 0 0 1 2 4 4 
3 41 3 36 3 17 3 7 1 2141 1 1 1 1 2 2 2 3 3 24 0 0 2 7 2 28 3 6 2 38 4 35 2 31 1 1 1 1 2 7 2 13 0 0 1 1 1 1 1 1 0 0 1 5 4 105 6 7 3 13 5 33 2 22 
3 17 3 9 3 27 2 28 5 37 3 6 3 14 3 21 2 4 3 35 2 6 3 5 1 1 1 1 1 4 1 4 2 6 2 2 1 1 1 34 4 13 0 0 1 1 0 0 1 1 2 47 2 6 1 1 0 0 4 40 4 11 4 9 
1 1 4 8 4 16 3 7 1 1 2 20 4 7 0 0 5 18 3 8 4 37 2 2 7 27 0 0 1 20 2 2 1 1 2 3 0 0 1 1 1 1 2 40 3 8 3 18 1 2 3 3 0 0 4 10 1 1 1 20 2 2 1 1 
5 16 2 3 6 11 2 10 1 1 2 12 2 2 1 1 1 2 1 1 1 1 1 4 3 27 1 1 2 2 3 4 4 48 4 20 2 3 0 0 2 3 3 4 3 3 3 11 1 2 2 6 1 1 3 4 2 2 2 6 4 8 1 6 
1 2 1 5 1 8 3 9 4 46 1 1 1 19 1 1 0 0 3 3 3 61 1 1 4 19 0 0 1 2 2 7 0 0 1 1 4 24 2 7 5 839 2 27 2 11 3 6 0 0 1 4 3 5 1 3 0 0 2 6 3 16 3 8 
2 3 1 16 5 45 3 3 1 1 2 2 3 9 1 1 3 11 1 8 6 124 1 1 3 8 1 1 8 13 1 5 0 0 1 5 4 35 2 2 3 3 4 26 1 18 3 4 5 125 2 2 5 13 1 1 6 33 2 2 1 2 2 11 
1 1 3 10 2 2 4 13 2 7 1 9 1 4 4 8 2 7 2 13 5 81 3 16 4 319 3 21 2 2 1 1 2 2 1 1 1 1 3 7 3 6 3 20 3 8 1 1 3 3 1 1 1 6 2 2 4 4 3 3 1 5 2 2 
2 4 1 1 4 4 3 4 2 7 3 165 1 1 0 0 1 3 3 8 3 15 1 1 2 2 2 5 1 1 3 7 3 5 2 8 0 0 4 4 2 6 1 1 2 5 2 2 4 35 5 13 4 18 2 2 6 554 3 9 4 8 3 6 
2 3 0 0 3 11 1 1 2 11 0 0 0 0 6 25 3 3 2 68 3 3 0 0 1 1 1 1 4 38 2 4 3 3 1 1 3 12 0 0 1 1 3 261 4 5 3 3 0 0 3 11 3 7 1 26 1 50 1 1 0 0 3 10 
3 20 3 13 2 2 2 2 3 6 2 5 2 2 3 37 0 0 2 15 0 0 0 0 1 2 2 6 2 31 1 1 0 0 3 8 1 1 2 3 1 49 4 7 3 8 5 74 5 8 5 71 2 2 1 2 2 2 2 5 2 3 4 27 
3 10 1 1 2 39 2 6 0 0 2 3 3 14 2 5 2 8 2 3 1 1 5 5 1 1 3 32 2 6 1 1 3 16 6 9 1 2 3 16 2 3 2 29 2 2 3 7 3 19 2 6 2 3 3 4 1 5 1 1 0 0 2 31 
3 8 4 10 2 13 0 0 1 2 2 39 2 203 3 7 1 2 1 1 2 2 2 2 4 83 1 1 5 16 2 2 2 2 7 17 1 2 2 7 2 21 3 6 3 11 2 2 2 6 0 0 3 20 4 26 5 28 0 0 2 7 4 10 
2 4 3 15 3 15 2 1454 3 416 1 1 3 7 2 2 5 8 1 4 0 0 2 2 1 78 2 7 2 2 6 22 0 0 1 24 2 33 1 2 1 1 4 4 0 0 1 1 1 1 4 7 3 10 3 560 3 3 1 3 4 7 2 2 
4 22 0 0 1 22 1 1 1 1 3 65 1 25 2 8 1 1 3 3 4 7 3 7 4 828 1 54 0 0 2 2 2 4 1 3 2 2 3 8 3 4 3 673 2 13 4 4 1 1 2 2 2 29 1 17 2 17 0 0 3 19 2 19 
1 1 3 340 1 1 0 0 4 190 6 23 1 1 5 5 1 1 1 1 2 2 2 5 4 20 1 3 3 121 2 34 0 0 4 4 1 45 2 21 1 2 0 0 0 0 4 46 2 3 4 7 1 1 4 9 1 1 2 2 6 20 2 7 
3 73 2 2 0 0 0 0 0 0 1 2 2 2 4 9 2 3 1 4 1 1 2 3 4 13 5 7 5 13 3 8 6 56 2 44 1 1 1 8 4 4 0 0 2 2 2 2 2 14 3 9 4 8 1 7 5 20 5 371 0 0 0 0 
3 8 2 2 0 0 1 1 3 13 2 2 2 7 4 101 1 1 2 205 3 3 1 1 2 13 0 0 2 39 1 1 4 121 4 15 2 3 3 39 1 1 1 1 3 11 1 5 3 9 3 10 4 37 1 1 3 5 1 1 3 12 2 2 
4 15 3 25 2 7 4 137 1 2 2 2 4 24 1 13 4 4 3 10 3 4 0 0 1 7 0 0 4 23 2 2 4 15 2 3 0 0 2 24 2 15 2 7 0 0 3 3 1 1 3 6 2 7 4 21 1 4 4 8 1 1 1 5 
0 0 0 0 2 2 3 8 0 0 1 8 1 1 2 4 2 45 3 13 7 311 1 2 2 2 4 11 2 7 0 0 3 7 1 1 2 17 1 2 3 15 8 24 1 6 0 0 2 2 4 11 3 18 3 14 1 12 2 2 4 26 1 5 
4 9 4 5 0 0 1 11 6 8 1 15 1 1 4 12 4 18 5 43 0 0 2 3 2 2 4 10 3 9 3 33 5 13 2 5 2 8 4 43 6 16 1 1 6 341 5 17 3 10 1 2 1 1 0 0 2 3 3 11 1 8 1 5 
2 165 2 35 2 3 2 2 3 5 1 1 2 2 2 8 2 6 1 4 2 6 2 2 2 2 0 0 1 8 3 8 1 9 5 72 2 2 1 2 3 3002 2 19 5 10 0 0 0 0 1 7 1 1 0 0 4 12 6 28 3 20 1 1 
1 4 0 0 3 3 5 37 1 19 0 0 0 0 1 203 2 2 2 1115 1 2 0 0 4 20 6 87 1 2 0 0 2 2 0 0 2 5 2 2 2 4 1 24 0 0 0 0 4 54 5 134 1 1 1 2 1 1 0 0 1 1 2 2 
1 50 3 24 1 2 2 2 2 29 3 21 1 1 4 7 1 1 4 39 3 9 1 9 4 20 2 2 2 2 3 8 5 33 3 3 1 9 1 1 1 1 2 6 1 2 1 1 0 0 0 0 2 2 3 20 3 4 3 9 2 4 1 1 
0 0 2 8 1 1 2 52 1 4 1 6 3 24 4 10 3 13 1 3 1 1 3 204 1 1 2 19 2 5 3 28 2 28 0 0 0 0 2 6 3 3 1 6 3 14 0 0 3 83 1 5 3 16 1 1 3 3 3 12 6 99 5 13 
2 2 5 57 1 5 0 0 3 18 2 12 5 27 1 1 0 0 3 9 1 1 1 1 0 0 2 11 5 6 3 3 2 2 4 8 0 0 0 0 1 3 2 2 1 1 3 71 1 1 2 3 1 1 0 0 4 10 0 0 3 8 1 1 
1 2 2 2 0 0 2 57 1 8 5 12 3 5 2 7 2 17 2 15 4 43 1 1 1 8 0 0 1 5 2 7 3 5 3 5 2 2 2 2 0 0 1 6 1 1 3 4 3 7 4 202 1 1 1 1 1 1 3 12 5 6 2 51 
0 0 2 6 2 2 4 7 3 3 4 23 1 1 4 8 1 6 4 10 3 5 3 4 3 5 2 6 1 6 3 7 4 31 4 25 0 0 1 1 4 5 2 3 1 6 2 9 2 15 3 9 2 5 1 2 0 0 2 4 2 5 1 1 
3 22 2 21 1 5 2 8 4 16 3 7 3 45 1 1 2 2 1 3 1 22 1 1 1 1 1 1 0 0 2 22 4 19 1 8 3 356 2 5 0 0 2 35 4 6 4 13 1 4 5 14 3 5 3 4 2 79 1 1 1 6 1 2 
0 0 1 8 1 2 1 34 3 4 1 2 4 16 2 5 4 7 0 0 3 12 1 1 1 3 7 286 1 2 0 0 4 87 0 0 3 7 5 9 1 1 0 0 1 118 1 6 3 19 4 9 3 16 5 36 2 2 3 9 0 0 0 0 
2 7 4 4 2 2 3 8 0 0 1 4 1 1 0 0 0 0 1 1 2 11 1 1 2 3 2 5 3 4 1 1 4 76 6 13 0 0 4 9 5 8 2 6 0 0 2 2 4 5 2 9 4 6 2 4 2 11 2 2 1 2 1 2 
1 1 2 4 0 0 0 0 2 5 2 2 5 10 0 0 2 2 1 1 3 6 2 2 3 48 4 5 3 12 3 15 4 10 0 0 2 7 0 0 2 107 2 3 4 7 2 6 1 1 1 1 3 4 3 84 1 1 2 18 2 6 2 2 
1 3 1 1 4 30 2 74 2 4 1 6 3 3 3 8 3 3 1 1 0 0 1 2 5 72 0 0 2 2 2 5 1 1 4 20 2 3 1 3 1 1 3 32 5 20 2 2 0 0 3 15 3 13 0 0 3 90 0 0 3 8 2 4 
2 13 4 9 3 4 0 0 5 28 1 3 3 35 5 15 1 1 2 13 2 2 1 9 2 2 2 42 4 5 5 53 3 27 4 11 1 2 1 4 4 12 3 5 1 1 2 40 2 4 1 7 2 11 1 1 1 1 1 1 0 0 4 9 
3 17 2 4 2 4 0 0 2 30 2 3 5 7 1 1 4 11 3 3 0 0 2 3 4 25 5 14 3 7 1 1 5 5 2 166 1 1 2 2 1 1 1 3 1 1 1 2 0 0 1 14 0 0 3 62 1 2 2 5 1 1 1 3 
2 2 1 1 1 2 2 3 1 1 4 10 0 0 3 8 2 11 2 2 4 65 2 6 3 8 1 3 1 1 2 10 2 9 0 0 2 9 3 6 1 1 2 26 0 0 3 26 4 10 1 4 1 5 3 4 2 2 1 7 1 1 1 33 
3 6 3 19 2 4 1 1 0 0 2 3 2 2 1 3 3 14 3 151 2 2 1 1 3 6 3 11 7 45 2 8 1 1 0 0 3 3 2 5 2 4 4 38 0 0 1 6 3 13 1 1 4 1124 6 8 3 6 2 164 3 6 2 3 
4 8 0 0 4 6 2 42 1 1 1 1 4 29 1 3 2 75 0 0 1 1 0 0 2 8 3 11 3 36 1 1 2 20 0 0 4 15 2 14 2 2 2 2 2 3 3 22 2 11 1 2 2 2 4 27 2 2 4 48 1 1 0 0 
2 5 1 7 1 1 1 12 2 4 2 3 3 16 2 26 2 4 3 5 1 3 3 7 3 3 3 3 0 0 3 5 2 65 0 0 2 4 0 0 1 1 2 3 1 1 2 5 3 28 3 3 4 10 1 8 3 22 5 71 1 1 3 36 
1 19 1 2 3 37 1 1 3 3 0 0 0 0 1 3 2 4 3 5 2 13 2 8 2 7 2 21 1 6 2 27 0 0 0 0 1 1 1 6 4 25 1 5 1 1 1 6 2 2 3 4 1 1 0 0 2 2 0 0 2 5 3 24 
1 1 1 8 1 1 1 6 1 4 4 5 3 4 1 1 1 14 3 4 2 5 1 1 2 2 5 74 3 15 4 19 0 0 3 3 3 29 1 5 2 2 0 0 1 1 1 2 2 19 1 10 3 3 1 2 3 9 1 2 2 2 2 7 
1 4 3 3 2 12 2 235 2 12 3 8 5 60 1 2 2 8 2 2 1 10 2 2 4 117 1 1 0 0 0 0 3 6 2 2 4 87 3 9 2 3 2 3 3 6 2 3 3 203 2 2 2 8 2 4 2 16 0 0 4 140 1 1 
1 1 2 69 3 32 3 23 2 22 1 20 4 138 2 14 4 23 2 8 4 14 0 0 1 6 3 10 2 29 0 0 0 0 2 57 3 32 1 1 2 2 2 4 5 8 0 0 3 3 2 43 4 10 1 12 1 1 1 1 5 10 0 0 
0 0 3 6 2 5 3 4 1 1 2 6 3 10 2 34 3 3 3 3 2 5 3 14 5 15 1 1 1 572 1 1 0 0 3 4 3 10 1 1 1 2 2 17 1 3 2 3 0 0 2 24 3 6 0 0 1 2 3 3 2 2 3 10 
2 3 3 10 1 6 1 1 2 2 5 17 1 1 1 9 0 0 2 2 3 11 1 1 2 7 1 10 0 0 3 4 0 0 4 14 1 1 0 0 3 15 0 0 0 0 1 8 3 32 5 8 3 24 1 1 0 0 1 1 4 4 3 3 
1 2 2 9 3 19 2 4 2 3 1 316 0 0 3 3 1 1 3 24 4 24 3 3 1 1 5 14 4 10 1 1 2 3 6 12 4 38 0 0 1 1 4 5 1 1 2 5 3 3 4 16 0 0 1 11 3 29 2 22 0 0 5 14 
1 1 1 2 4 11 3 3 3 9 0 0 2 4 0 0 1 66 3 19 2 3 2 16 2 7 2 4 3 152 1 1 1 22 3 3 2 10 1 1 1 1 3 16 5 35 1 1 2 3 3 10 1 4 0 0 1 3 3 63 2 5 4 36 
3 11 0 0 3 13 1 10 3 11 1 6 2 7 2 2 2 11 0 0 2 3 0 0 4 164 4 22 1 1 1 1 4 72 2 2 1 1 3 10 4 12 2 3 4 12 0 0 2 10 1 1 2 68 1 10 0 0 2 2 3 15 3 26 
4 11 2 8 4 20 1 1 4 5 2 18 0 0 2 2 1 4 0 0 2 6 0 0 2 3 2 4 5 16 2 59 5 8 3 8 1 1 1 2 1 20 1 9 3 41 3 40 2 292 2 2 1 1 3 17 1 1 1 1 2 5 2 3 
3 12 1 5 1 3 0 0 5 15 2 9 1 1 2 16 0 0 5 218 1 1 0 0 0 0 3 35 2 2 4 22 1 5 1 1 3 4 2 5 1 5 1 5 1 1 2 5 3 7 1 6 1 1 3 3 4 52 4 15 2 148 1 1 
2 5 4 11 2 5 1 2 1 6 2 2 2 33 1 10 3 19 1 1 2 2 3 8 2 11 1 1 1 1 4 5 2 2 5 32 1 1 3 20 2 11 0 0 2 2 3 7 1 1 2 215 3 40 2 55 3 11 1 1 0 0 3 6 
1 1 1 2 3 3 2 14 5 5 0 0 2 121 2 2 2 4 2 2 2 478 2 27 1 1 1 9 0 0 2 3 5 16 4 20 1 2 2 3 3 29 2 7 0 0 5 32 1 1 2 21 3 18 3 9 1 1 0 0 1 1 4 14 
2 18 4 3761 2 3 2 1462 2 4 3 14 2 15 3 4 2 9 0 0 1 1 3 3 4 11 1 13 2 8 2 2 1 1 1 2 2 5 2 50 3 5 3 6 4 142 3 13 0 0 2 43 0 0 3 3 3 7 1 1 1 8 2 3 
2 8 2 244 2 6 1 18 1 6 2 3 1 6 1 2 3 861 3 6 1 2 4 62 2 102 2 9 1 8 0 0 3 5 2 4 4 5 2 5 1 1 5 16 1 3 2 4 1 1 4 12 3 7 1 2 2 17 0 0 0 0 3 26 
0 0 2 2 5 78 2 4 4 8 0 0 2 32 4 6 3 16 2 8 0 0 2 2 1 24 3 6 1 1 1 1 1 1 1 1 3 8 2 12 3 11 3 5 2 19 3 3 1 1 0 0 4 18 2 2 1 5 2 5 3 15 2 4 
3 18 2 2 0 0 1 3 1 2 3 20 1 2 1 1 1 1 2 20 2 18 2 2 1 1 3 5 5 34 4 16 3 3 2 2 2 7 1 10 4 37 1 2 1 1 0 0 1 1 0 0 3 5 3 54 0 0 1 2 2 11 1 1 
4 1035 1 7 3 24 0 0 1 1 2 8 3 3 5 14 1 1 2 2 1 1 2 2 1 1 2 6 1 4 2 6 4 5 3 4 2 4 2 17 4 12 0 0 1 1 1 5 0 0 2 9 4 5 3 19 3 3 2 6 1 1 3 227 
5 23 5 12 3 6 3 3 1 1 3 5 1 1 1 1 0 0 4 59 3 5 0 0 1 1 3 4 2 3 0 0 1 1 3 6 3 9 1 2 2 3 1 1 1 23 0 0 5 134 2 2 1 1 0 0 6 18 2 2 0 0 2 4 
1 6 1 1 2 6 2 4 3 7 1 1 0 0 3 5 2 3 3 31 3 4 1 1 3 18 2 2 1 4 0 0 1 4 1 1 0 0 1 7 3 14 1 1 3 157 3 12 2 24 0 0 3 3 4 13 1 1 1 1 3 4 2 5 
0 0 3 23 2 7 1 1 2 10 2 4 5 7 5 35 2 12 4 52 4 53 3 31 1 3 2 2 0 0 1 1 2 3 2 3 0 0 2 7 3 9 0 0 3 88 2 3 1 2 0 0 2 2 4 7 3 20 1 1 5 12 1 1 
1 1 1 1 2 9 3 6 1 1 1 1 2 2 2 4 1 6 2 3 1 5 2 9 2 2 2 13 3 14 2 3 0 0 4 37 4 6 2 5 2 19 1 3 2 33 0 0 1 1 2 7 4 17 0 0 2 2 3 5 3 17 2 2 
3 11 2 5 3 4 3 3 2 9 2 3 2 38 3 4 3 390 4 14 1 1 6 143 0 0 1 1 1 1 4 210 5 64 1 1 1 13 3 7 3 13 4 4 3 9 3 10 1 2 2 12 0 0 3 49 2 3 4 33 3 6 2 36 
0 0 1 1 3 12 3 48 1 2 1 1 1 1 1 1 3 12 2 12 1 1 4 18 0 0 2 4 2 4 1 1 2 25 0 0 2 3 0 0 1 4 3 30 3 31 5 53 0 0 1 1 7 16 6 17 0 0 1 1 1 2 4 24 
2 8 2 11 2 3 4 8 2 4 1 2 3 5 1 4 3 3 1 7 1 1 1 1 0 0 3 63 3 3 7 18 1 1 1 1 1 1 2 4 2 9 2 2 3 28 1 1 2 13 0 0 4 9 2 4 4 54 1 3 1 4 3 3 
4 4 2 3 0 0 3 88 0 0 1 2 2 2 1 14 1 1 2 2 1 1 1 4 6 16 4 16 0 0 1 1 0 0 2 11 4 76 4 38 1 4 1 1 1 1 1 1 1 1 2 86 3 29 1 1 3 37 0 0 2 2 1 2 
0 0 1 1 1 4 3 28 4 5 2 3 5 15 5 7 0 0 1 6 1 11 1 1 5 20 4 10 1 1 2 13 1 1 1 1 1 1 0 0 1 1 2 5 4 24 0 0 4 124 4 7 4 5 1 1 4 10 1 1 1 4 0 0 
3 7 1 1 2 4 0 0 1 1 1 1 8 51 0 0 3 486 0 0 0 0 1 43 3 18 1 1 3 4 2 2 4 15 2 10 1 1 1 1 1 1 1 2 1 3 4 6 1 1 2 4 2 6 4 14 2 371 3 3 1 12 1 1 
1 1 2 56 0 0 2 11 1 6 3 4 3 8 4 69 0 0 3 11 2 4 1 40 3 11 4 11 3 7 3 16 3 18 4 18 2 45 1 1 1 1 4 4 2 4 3 5 3 5 1 1 1 1 1 21 2 15 2 3 1 18 3 7 
0 0 0 0 2 9 2 20 1 5 2 17 3 5 2 2 2 58 0 0 3 3 1 2 4 8 4 18 1 2 3 4 2 5 4 18 1 1 1 1 1 1 3 5 3 10 2 2 3 8 3 23 2 2 1 1 0 0 1 1 2 12 4 9 
0 0 1 5 1 1 4 12 0 0 3 8 3 20 1 1 1 1 1 3 3 18 3 3 4 19 0 0 5 16 1 2 3 8 3 6 1 1 0 0 1 1 1 8 0 0 3 9 4 4 0 0 3 5 2 8 1 2 2 3 3 7 2 2 
5 231 1 2 1 2 0 0 2 44 3 48 2 3 2 19 5 42 4 9 2 2 5 11 1 2 3 3 1 4 1 10 3 4 2 3 3 13 2 7 2 6 2 2 1 1 1 1 1 4 0 0 2 64 3 26 4 6 0 0 5 9 6 19 
4 60 1 4 3 26 0 0 1 2 1 7 2 2 1 2 5 15 1 28 1 2 2 6 3 5 0 0 4 121 0 0 0 0 2 9 0 0 0 0 1 1 4 27 3 8 1 1 3 6 4 50 4 29 1 4 1 1 0 0 3 29 7 46 
1 1 0 0 3 8 0 0 1 1 3 3 1 11 2 2 1 2 5 27 1 71 2 6 1 1 1 1 2 18 0 0 3 8 1 1 2 14 2 4 1 4 3 5 1 1 2 5 2 1209 2 2 1 1 1 1 3 6 0 0 2 3 1 1 
3 3 2 2 1 26 3 14 3 86 2 21 2 3 3 3 2 2 2 4 1 1 2 9 4 18 0 0 0 0 1 9 1 2 3 16 6 12 0 0 4 36 2 2 1 8 2 2 4 18 2 2 3 3 3 4 2 3 2 3 1 5 1 2 
0 0 1 63 1 332 3 99 3 5 1 1 3 5 4 82 2 11 2 6 1 1 2 6 5 16 1 1 1 1 4 13 1 12 5 17 2 3 1 3 1 1 3 5 3 5 2 3 2 4 2 3 3 8 4 27 1 21 3 9 2 5 1 1 
4 16 4 11 1 23 3 4 1 5 2 3 4 15 4 30 1 6 2 63 1 10 2 29 3 11 3 4 0 0 0 0 0 0 4 16 4 12 1 1 0 0 2 3 2 11 2 10 1 6 2 3 3 3 1 162 1 6 2 2 1 1 2 2 
6 53 4 12 1 2 6 26 1 14 1 1 4 31 3 15 1 1 2 9 1 5 6 15 5 47 3 19 2 2 2 10 4 46 4 6 3 8 1 18 2 2 0 0 4 7 2 3 4 20 2 17 1 12 2 4 2 20 0 0 1 105 0 0 
3 49 1 1 2 4 3 10 4 7 2 2 1 1 0 0 2 2 3 3 2 7 1 1 2 5 1 1 2 2 3 7 2 6 3 8 3 14 2 4 1 1 0 0 2 4 1 1 4 48 2 7 1 2 1 1 2 3 3 12 4 8 2 2 
3 3 1 8 0 0 2 4 2 83 2 34 1 2 1 2 1 4 4 577 3 10 5 5 0 0 2 8 1 24 3 12 1 1 2 14 1 1 2 13 2 17 0 0 6 34 4 4 2 2 0 0 0 0 4 4 0 0 3 12 4 29 2 46 
2 7 1 3 1 1 3 4 2 4 2 3 0 0 1 1 2 8 4 9 1 3 1 11 0 0 3 19 0 0 2 2 2 2 3 16 4 10 3 12 1 1 1 1 3 5 1 4 0 0 3 14 5 6 3 11 2 5 2 8 6 54 4 6 
4 4 3 40 2 2 1 4 4 22 0 0 2 2 0 0 6 9 1 6 2 4 1 1 2 13 1 6 2 9 3 11 2 13 4 6 1 2 0 0 4 8 2 10 5 15 1 1 0 0 3 9 2 6 3 1410 2 31 1 3 3 26 2 9 
1 17 0 0 3 7 2 4 2 2 0 0 3 29 3 34 3 4 2 2 3 27 0 0 2 11 2 2 2 2 1 12 2 3 3 7 3 20 3 3 2 11 3 4 3 8 3 276 4 94 2 10 4 6 0 0 3 14 3 6 4 9 2 35 
2 11 2 14 1 2 1 1 3 8 3 7 3 7 1 12 0 0 1 1 3 44 0 0 3 12 0 0 2 550 3 6 2 3 2 2 6 9 1 2 0 0 4 5 3 7 1 1 5 116 3 235 1 12 2 3 0 0 3 4 1 3 5 73 
1 62 1 1 1 24 2 15 1 1 0 0 3 5 0 0 2 5 3 14 0 0 1 9 3 4 2 4 2 17 4 4 5 11 3 5 3 3 1 3 2 2 1 1 0 0 0 0 3 8 4 13 1 1 1 1 1 50 3 8 1 6 4 4 
1 2 2 6 2 7 1 1 2 54 1 1 4 83 2 2 2 76 2 4 2 5 2 8 1 1 3 7 1 4 3 8 1 1 0 0 2 3 2 11 1 4 3 7 3 60 2 10 5 26 1 2 1 4 2 28 2 2 5 8 2 25 4 219 
2 7 2 2 1 2 4 9 1 1 1 33 3 6 0 0 2 14 2 6 1 5 3 5 0 0 0 0 2 4 1 1 4 20 1 1 4 217 0 0 2 21 3 6 4 12 3 3 4 7 3 8 0 0 2 5 4 8 2 27 2 76 4 5 
2 2 1 1 4 7 2 23 4 11 1 2 1 1 1 1 1 2 2 2 3 3 2 2 2 6 0 0 1 10 1 1 3 3 1 1 3 23 0 0 1 1 6 114 3 4 4 17 1 1 1 1 2 5 5 9 4 6 1 1 1 1 1 5 
3 75 0 0 1 3 2 13 5 5 1 2 1 1 1 1 2 2 1 1 1 1 3 3 3 222 6 9 1 1 0 0 3 5 0 0 2 2 0 0 1 2 1 3 2 8 1 1 5 16 1 7 1 2 2 5 3 5 7 52 1 5 1 3 
3 4 1 1 3 3 3 16 1 1 3 29 1 3 2 35 2 20 3 80 2 8 5 42 0 0 4 4 3 18 2 5 2 4 1 1 2 4 1 2 2 2 1 4 3 7 0 0 0 0 4 119 1 1 5 21 0 0 0 0 3 3 1 24 
1 1 1 1 1 2 2 10 2 8 3 4 1 8 0 0 2 2 6 33 1 1 3 11 0 0 1 1 3 28 2 3 1 2 2 2 5 9 4 82 2 57 6 56 0 0 3 10 5 129 4 67 3 10 2 85 0 0 4 14 2 5 2 5 
2 2 4 39 2 7 2 3 5 28 1 1 4 5 2 10 1 1 3 17 2 6 1 1 3 11 3 244 1 1 1 8 6 34 0 0 2 2 2 4 1 1 2 2 2 102 1 3 3 4 3 19 2 2 2 8 4 13 1 1 1 92 2 5 
3 4 5 52 1 1 2 17 1 249 0 0 2 3 1 1 1 1 2 11 2 4 4 12 2 8 0 0 3 3 3 4 2 2 2 27 4 12 3 61 2 2 2 3 2 23 1 1 0 0 3 3 1 2 2 2 1 1 0 0 3 5 2 3 
1 5 2 64 2 4 4 29 1 14 2 5 2 21 3 3 3 16 3 3 2 4 1 1 1 3 2 2 3 20 0 0 3 10 1 1 2 10 2 3 4 15 0 0 3 87 1 4 0 0 0 0 2 39 1 1 4 17 0 0 1 1 4 14 
2 2 5 43 0 0 0 0 2 6 1 3 1 11 0 0 0 0 1 38 1 3 4 10 1 2 1 1 2 2 1 1 4 105 1 1 2 8 1 1 2 9 2 9 2 3 2 25 4 5 2 76 4 8 1 1 2 24 1 12 2 2 4 8 
1 1 2 4 2 9 1 10 3 8 3 3 1 1 4 13 1 1 1 1 2 3 5 16 3 403 1 2 0 0 3 3 5 11 2 14 1 4 2 7 1 3 1 1 2 37 1 2 0 0 5 15 3 240 4 25 2 3 4 34 2 145 0 0 
2 6 4 116 3 236 2 2 4 4 2 26 0 0 6 7 2 2 2 2 1 1 3 9 0 0 1 15 1 1 1 1 1 1 0 0 3 11 1 1 4 682 2 2 1 1 2 23 4 27 3 27 0 0 2 5 2 2 1 6 2 5 3 3 
3 4 2 18 1 1 4 7 2 5 2 32 5 9 0 0 3 8 3 6 1 1 3 8 2 16 1 1 1 2 2 1756 2 309 3 100 2 11 2 6 4 34 4 5 3 29 0 0 4 18 2 3 1 3 3 8 2 3 1 35 1 10 5 73 
3 11 3 17 0 0 5 7 2 217 1 5 1 8 1 1 3 44 1 1 3 9 0 0 3 21 2 8 3 5 0 0 3 11 4 23 4 26 1 1 1 1 1 3 0 0 0 0 3 17 3 34 3 22 2 6 2 3 3 17 1 1 1 1 
5 14 3 11 2 2 0 0 2 11 0 0 8 67 2 7 2 2 2 4 1 3 5 22 2 117 0 0 0 0 4 58 2 245 1 1 1 1 1 1 1 1 2 20 0 0 2 2 3 3 0 0 2 2 2 3 4 4 4 22 1 2 5 29 
3 10 1 2 1 2 6 48 1 1 4 13 4 24 2 17 1 1 2 5 1 1 4 25 3 14 1 1 2 2 1 1 4 11 2 2 0 0 3 7 1 1 4 14 5 15 3 44 1 5 1 25 3 8 1 1 3 3 2 2 3 6 2 2 
5 26 3 3 4 13 5 5 3 93 3 65 3 38 3 6 3 28 6 18 2 5 1 1 1 3 0 0 3 5 1 1 5 11 3 3 1 2 4 16 0 0 1 1 2 166 2 9 0 0 1 1 1 2 0 0 1 1 2 8 2 36 3 147 
0 0 4 4 0 0 3 49 1 1 3 3 1 4 0 0 2 3 0 0 0 0 0 0 5 17 5 65 4 8 6 153 0 0 1 1 1 1 1 4 1 1 3 11 2 2 2 113 4 6 2 18 1 1 2 2 2 27 3 7 2 51 3 3 
1 5 0 0 3 4 1 24 3 7 3 7 1 1 2 8 1 2 3 89 1 3 3 35 3 24 0 0 2 6 4 4 3 22 2 2 1 1 3 5 2 6 3 8 1 1 2 2 0 0 4 8 3 10 2 13 2 2 0 0 1 1 3 4 
2 4 2 18 1 2 5 10 1 1 4 28 1 1 0 0 2 4 1 1 3 103 4 5 3 6 2 10 0 0 2 3 5 5 3 3 4 27 1 1 5 14 1 1 2 4 0 0 1 1 1 63 2 2 6 12 3 5 0 0 0 0 0 0 
2 8 2 17 2 5 0 0 1 1 6 18 2 2 3 228 3 13 2 2 4 7 2 4 2 22 2 6 1 1 1 6 0 0 3 3 4 8 4 13 2 2 2 2 2 2 1 1 2 4 2 17 3 50 0 0 0 0 5 10 7 32 1 1 
3 3 2 10 1 1 3 11 3 11 0 0 1 1 3 5 4 5 1 2 4 15 1 3 1 8 2 2 3 3 3 5 2 14 2 5 2 2 3 25 3 3 4 6 2 6 0 0 0 0 2 8 1 44 0 0 4 15 1 1 1 2 2 48 
1 3 5 17 1 1 3 177 0 0 5 59 2 4 4 7 3 7 5 64 5 17 1 1 0 0 4 9 2 5 3 43 5 277 2 5 2 4 2 2 3 9 1 1 0 0 3 32 3 4 3 9 6 45 4 5 0 0 1 1 0 0 2 2 
0 0 2 8 2 12 2 35 0 0 0 0 3 31 3 6 0 0 3 8 4 66 3 17 1 1 2 3 4 5 1 13 4 41 1 1 0 0 3 128 3 23 2 2 2 3 1 3 2 4 0 0 2 21 2 2 1 4 1 1 0 0 1 12 
4 8 1 1 4 9 1 2 4 36 3 37 2 300 2 8 0 0 2 10 1 1 4 13 1 1 0 0 3 30 1 4 3 4 2 30 3 5 3 9 2 11 1 2 2 38 4 4 3 13 4 5 1 1 3 65 0 0 1 1 7 22 0 0 
3 14 2 6 4 153 3 4 2 2 0 0 3 15 1 1 5 17 5 11 4 6 0 0 2 8 2 8 2 2 3 30 3 4 4 6 3 3 1 1 2 2 2 2 1 2 1 4 0 0 2 2 2 21 5 26 2 2 3 3 2 6 2 8 
0 0 6 30 3 19 0 0 5 25 0 0 4 6 2 7 6 12 2 3 6 60 3 7 3 39 3 7 1 1 3 18 7 30 3 4 5 173 2 5 2 2 4 359 2 13 2 3 4 16 2 6 3 15 2 9 2 2 4 4 2 6 3 15 
1 2 0 0 2 19 2 2 2 3 0 0 1 1 2 5 2 16 2 5 1 4 2 20 1 1 2 3 2 89 1 1 3 14 1 1 2 516 2 2 0 0 0 0 3 5 2 2 6 34 0 0 1 1 1 1 2 5 1 1 3 7 2 9 
4 10 4 26 0 0 1 4 0 0 3 7 2 10 2 13 3 3 0 0 4 17 3 15 3 3 5 17 2 40 2 2 4 13 0 0 1 3 3 6 1 9 2 11 3 7 0 0 2 52 2 6 7 33 1 91 3 36 1 1 2 2 1 4 
3 579 2 2 0 0 3 5 3 4 2 6 1 20 2 5 2 8 2 6 1 5 5 607 0 0 1 9 1 443 3 5 2 10 4 11 3 8 1 1 1 1 0 0 2 2 0 0 0 0 0 0 3 226 3 18 0 0 0 0 3 9 2 11 
1 1 2 25 1 1 1 8 0 0 6 26 3 3 1 14 1 6 0 0 3 12 2 43 1 1 0 0 0 0 2 2 3 10 1 1 5 9 2 3 0 0 2 3 2 2 2 96 2 2 1 1 4 8 6 56 1 2 2 4 0 0 3 3 
2 3 6 32 1 5 0 0 1 3 3 9 2 2 2 6 1 23 0 0 3 41 2 20 2 7 3 12 1 1 1 1 2 33 1 18 3 115 2 3 4 23 3 7 1 1 0 0 2 3 2 8 1 535 2 24 4 15 0 0 2 11 2 2 
3 6 1 4 0 0 0 0 2 2 0 0 2 5 0 0 1 4 2 5 4 11 0 0 2 28 3 3 2 2 1 1 2 2 2 2 1 1 1 4 2 42 5 6 2 2 3 4 1 1 1 7 1 1 2 3 1 3 0 0 2 2 1 9 
3 10 2 43 3 20 1 3 2 2 1 1 3 13 2 2 1 1 1 1 1 1 3 23 5 36 3 3 1 1 3 11 2 7 2 3 5 32 2 3 0 0 0 0 2 8 4 8 0 0 0 0 4 6 6 22 2 2 2 4 2 4 2 9 
1 1 5 14 2 2 1 1 0 0 3 7 1 5 2 2 4 9 4 84 3 319 4 8 5 16 6 20 2 2 2 4 3 4 1 2 4 55 2 4 2 59 2 25 2 5 2 2 3 3 2 4 2 64 1 1 2 2 8 126 4 10 1 1 
2 4 3 124 4 33 0 0 2 2 1 14 5 7 2 16 2 2 3 55 1 1 3 28 1 1 4 6 2 12 2 2 1 1 1 1 1 23 1 7 3 3 4 15 5 13 2 5 1 8 0 0 3 12 2 6 3 3 4 7 2 4 1 6 
0 0 1 1 1 1 1 3 2 11 1 1 5 168 4 14 2 4 1 8 4 10 4 8 2 18 1 12 1 1 2 9 3 5 3 7 1 6 1 3 1 2 0 0 4 367 3 404 1 3 1 1 2 8 1 2 1 1 3 3 1 3 2 8 
1 3 1 47 2 8 3 4 1 1 3 3 2 26 1 1 2 3 5 38 4 4 4 7 4 6 1 1 2 3 2 5 2 91 1 2 1 1 2 5 4 59 1 3 2 7 3 7 2 4 3 3 5 55 1 1 4 58 1 1 0 0 1 1 
3 3 3 6 1 1 4 18 0 0 1 1 1 2 1 6 2 2 4 5 0 0 2 7 3 35 4 4 3 3 6 6 1 4 2 14 1 1 2 2 3 7 3 25 7 22 1 4 1 4 2 13 0 0 4 5 2 23 1 1 1 2 0 0 
2 2 0 0 3 42 4 6 2 2 1 1 3 7 1 10 1 1 3 16 1 2 1 3 1 1 2 2 1 1 4 4 1 1 4 10 4 9 2 182 3 11 2 2 1 1 0 0 1 1 4 53 4 119 9 24 0 0 3 132 2 2 1 1 
1 3 2 2 3 136 3 10 2 5 1 4 2 8 2 14 3 14 3 39 7 20 2 3 1 1 1 1 2 2 1 1 1 1 2 2 2 2 5 8 2 15 1 2 0 0 2 33 4 4 5 9 4 5 3 8 4 36 1 1 2 6 1 11 
3 18 1 1 2 2 1 1 0 0 1 1 1 1 4 134 1 1 3 24 0 0 5 41 3 27 3 3 2 4 2 24 2 13 1 1 2 71 0 0 1 5 2 9 0 0 1 2 2 3 6 51 4 9 0 0 2 7 0 0 7 8 2 6 
2 7 0 0 4 568 2 13 2 11 1 2 3 15 1 3 2 19 3 3 1 1 2 8 1 5 2 2 2 4 2 2 1 1 3 7 1 1 1 7 4 29 3 3 0 0 1 1 2 16 2 7 2 7 0 0 3 27 1 1 1 1 1 1 
0 0 0 0 2 2 5 11 3 206 2 2 2 3 1 1 0 0 2 14 2 30 1 4 3 8 6 7 4 8 5 23 3 39 2 13 0 0 1 1 4 10 1 1 1 3 1 1 3 14 4 9 0 0 1 2 2 8 2 15 4 5 1 1 
1 7 0 0 2 5 3 23 2 2 2 2 0 0 3 6 3 3 3 23 2 206 1 1 3 232 2 8 2 2 4 4 2 6 3 11 1 1 1 11 1 1 3 147 2 3 4 30 1 1 4 51 2 2 1 1 2 25 3 254 2 234 2 9 
2 28 3 20 1 1 0 0 0 0 3 10 1 1 2 18 2 3 3 3 3 3 0 0 1 1 3 5 1 3 1 3 0 0 2 2 1 1 2 17 2 10 2 2 1 3 1 1 0 0 2 4 1 1 3 9 3 8 1 1 1 3 4 10 
3 5 1 3 4 5 2 30 1 1 5 58 1 1 3 503 1 1 2 18 3 4 2 81 4 8 1 1 1 2 3 4 4 21 1 23 1 10 2 34 2 17 1 14 0 0 3 14 3 8 2 2 1 1 2 57 1 1 2 25 3 11 3 123 
7 26 1 1 2 14 0 0 4 5 0 0 2 2 1 1 2 8 1 11 4 9 3 49 2 4 1 8 2 2 2 37 0 0 0 0 2 3 1 29 0 0 2 6 1 1 1 1 1 1 1 4 0 0 2 19 3 3 1 2 2 2 2 9 
2 4 2 6 2 2 2 8 4 17 2 2 1 1 2 10 1 1 2 2 2 10 2 3 3 4 4 4 0 0 2 9 1 6 1 1 5 6 2 6 3 6 2 2 3 11 4 26 1 10 0 0 2 6 2 3 2 3 2 2 2 100 3 7 
6 185 0 0 3 14 3 9 2 2 3 25 2 12 2 24 3 5 1 2 2 3 5 9 3 52 2 9 2 10 1 2 0 0 4 4 1 3 4 16 2 4 3 7 4 13 1 2 1 5 2 2 0 0 4 16 5 9 7 25 1 1 3 5 
2 9 2 27 3 3 0 0 3 4 5 17 3 9 3 5 2 2 2 22 3 5 4 7 2 11 1 3 2 13 0 0 1 1 3 8 2 4 0 0 2 4 2 10 2 2 0 0 4 16 1 2 0 0 3 17 2 10 2 34 3 28 3 3 
0 0 1 1 4 21 2 2 2 3 5 50 2 15 2 11 0 0 1 1 3 6 1 15 0 0 2 2 2 13 1 2 1 1 3 34 1 1 2 10 1 6 4 7 1 1 3 5 3 10 2 5 4 11 0 0 0 0 0 0 5 23 1 1 
1 3 4 17 3 3 5 27 3 7 1 1 0 0 4 31 0 0 2 29 4 9 2 16 1 1 5 7 1 3 1 1 0 0 4 10 1 1 2 11 2 15 1 1 1 1 3 199 3 37 5 11 4 9 2 3 0 0 4 73 8 25 3 17 
2 2 4 9 1 1 2 2 1 1 3 7 0 0 5 112 1 5 2 5 2 2 2 41 2 29 3 14 1 1 5 12 2 15 2 2 1 4 3 3 2 2 2 2 2 36 1 1 0 0 3 4 2 2 3 5 1 1 0 0 2 18 3 22 
0 0 3 47 2 70 1 1 2 7 1 21 1 1 1 1 2 3 2 5 6 33 4 5 1 1 2 28 0 0 2 92 4 100 6 8 0 0 2 5 0 0 3 38 2 8 2 7 2 6 4 28 1 1 3 3 3 22 2 6 0 0 3 27 
0 0 1 1 3 5 2 8 3 11 2 4 2 3 1 2 0 0 1 1 5 11 1 2 0 0 3 19 2 36 3 13 6 947 1 5 2 4 2 2 3 4 1 5 3 3 3 18 5 34 2 11 3 8 0 0 0 0 4 33 4 15 5 58 
2 2 4 9 2 2 5 17 1 1 2 2 3 7 2 2 2 2 3 13 2 3 6 68 1 9 1 1 2 22 4 19 2 18 1 1 3 4 1 1 4 8 2 2 4 34 2 20 2 350 1 120 5 39 1 1 3 16 2 11 3 3 3 20 
3 13 1 10 0 0 0 0 3 219 2 2 1 1 4 9 2 2 2 9 3 6 2 2 4 6 2 2 1 2 2 33 3 3 2 12 0 0 2 3 4 15 3 29 0 0 1 1 3 4 3 12 1 7 6 105 0 0 1 2 1 9 0 0 
3 24 2 2 2 2183 1 1 1 1 2 18 1 1 1 1 4 131 1 11 2 6 1 3 4 20 1 1 1 1 2 8 2 2 2 31 2 5 1 2 1 1 1 12 1 3 1 1 3 18 1 1 2 15 1 2 1 6 2 2 0 0 1 5 
2 2 2 7 0 0 4 16 1 1 2 28 2 3 1 3 3 7 4 4 2 2 0 0 2 3 2 7 2 2 1 1 3 3 1 1 5 7 0 0 1 2 1 6 2 9 2 2 1 2 1 84 5 12 2 3 0 0 2 3 0 0 3 12 
1 5 1 3 2 2 1 1 3 19 4 54 2 3 4 40 0 0 3 16 5 26 1 2 1 1 3 8 1 1 1 4 0 0 2 6 3 3 7 18 3 7 0 0 3 5 2 15 3 4 3 28 2 5 1 1 2 67 0 0 1 2 1 1 
1 4 2 11 0 0 0 0 1 1 1 2 0 0 3 16 0 0 2 2 2 2 0 0 3 13 1 1 0 0 3 8 1 1 1 10 3 47 2 7 2 2 1 5 0 0 2 89 2 15 2 6 1 1 3 11 0 0 5 13 2 2 1 1 
5 19 1 1 2 6 6 11 1 3 3 3 3 5 1 5 0 0 0 0 1 1 5 101 0 0 1 1 3 12 2 2 4 13 2 2 3 10 1 1 2 5 2 6 3 15 7 96 3 5 2 2 1 1 2 2 3 3 2 22 4 57 3 17 
0 0 4 120 2 2 3 23 1 1 2 4 1 10 3 3 2 3 7 25 3 6 2 3 0 0 5 15 2 11 1 1 3 15 1 2 2 2 4 8 6 13 3 6 3 11 2 9 2 2 2 2 3 8 4 4 0 0 2 6 3 9 4 17 
3 3 3 255 5 8 2 4 3 4 2 3 1 6 2 70 0 0 1 1 5 20 4 8 2 2 3 4 2 2 1 1 0 0 0 0 2 4 2 2 2 3 1 1 1 10 1 134 4 46 2 6 2 6 1 1 1 7 3 13 3 19 2 2 
4 31 0 0 2 14 5 27 4 4 2 22 1 9 2 6 8 24 3 10 2 6 1 1 0 0 2 16 3 4 2 2 2 3 0 0 2 4 2 2 4 5 2 11 3 69 3 45 2 2 2 3 4 103 2 4 2 1450 2 2 3 3 0 0 
2 8 2 12 1 1 1 1 3 19 3 9 5 67 4 49 4 7 5 19 5 26 4 8 4 12 2 8 1 3 2 21 1 2 2 2 4 16 2 13 1 1 2 6 0 0 3 29 2 2 0 0 1 6 3 4 0 0 2 304 2 14 1 1 
0 0 2 7 0 0 4 12 3 40 4 51 2 3 2 3 1 10 2 2 2 11 2 7 0 0 1 1 1 10 1 5 3 4 0 0 0 0 1 40 1 1 2 3 2 6 1 1 3 24 2 11 3 4 0 0 2 2 2 2 1 1 1 3 
1 33 3 30 3 114 2 3 1 1 1 1 1 71 1 1 3 42 1 6 4 11 2 4 2 2 3 28 1 1 3 11 4 10 1 3 1 5 1 1 5 16 3 3 2 23 2 9 3 3 2 17 1 1 4 18 1 30 5 8 1 15 0 0 
4 30 0 0 1 1 3 3 1 1 3 16 2 2 0 0 1 3 3 32 2 2 2 2 6 49 1 8 3 28 1 5 5 15 2 2 2 13 3 5 3 12 2 6 1 1 1 3 2 2 2 4 2 7 1 12 2 2 1 1 1 6 2 8 
2 17 4 8 2 3 1 3 1 2 4 11 0 0 2 7 2 5 2 6 2 2 3 25 2 2 1 4 0 0 1 1 3 3 3 11 0 0 3 5 2 2 2 5 2 3 1 2 5 12 2 8 1 1 1 1 1 1 2 87 5 430 1 25 
1 1 1 6 1 1 0 0 1 1 0 0 1 19 2 109 2 2 3 3 0 0 2 13 1 3 1 1 1 2 3 3 2 2 0 0 0 0 2 54 4 20 2 7 2 2 2 3 6 29 5 5 3 7 0 0 0 0 1 1 0 0 0 0 
0 0 0 0 1 1 4 6 3 6 2 4 1 1 1 1 4 50 1 1 2 2 1 5 6 30 1 1 3 29 3 19 2 23 4 10 4 5 4 6 0 0 1 14 3 22 3 3 3 11 5 14 2 4 3 12 2 3 1 21 5 400 3 6 
1 1 2 5 6 8 3 4 5 21 0 0 0 0 4 7 0 0 3 3 0 0 3 4 2 28 2 4 2 9 2 3 4 10 0 0 1 1 1 2 0 0 4 8 2 2 2 10 2 5 1 4 3 7 5 35 2 6 2 2 2 3 4 7 
0 0 1 6 0 0 5 6 5 59 2 8 0 0 1 1 2 19 2 8 3 10 2 3 3 4 2 3 1 1 3 23 1 4 2 2 2 6 2 3 2 41 1 695 3 47 1 1 2 2 5 11 2 3 3 25 1 1 4 1375 1 1 2 3 
1 1 1 1 4 11 4 13 3 7 2 2 1 1 4 16 1 2 2 4 5 33 2 11 2 4 3 19 0 0 0 0 3 4 3 3 2 2 3 179 3 5 3 25 5 32 3 10 4 11 2 14 7 10 2 2 1 2 2 263 5 12 1 1 
3 22 1 1 1 5 3 29 5 20 2 16 1 1 2 3 1 4 2 6 1 19 2 8 2 2 0 0 2 19 2 5 1 3 0 0 4 13 3 8 2 10 2 2 1 1 2 3 3 13 4 7 2 2 1 3 1 4 4 24 1 1 1 1 
3 4 2 3 4 17 1 1 1 1 3 2148 2 5 3 12 2 14 0 0 1 28 2 2 1 4 1 5 1 8 1 1 2 9 1 1 3 7 2 8 0 0 1 1 1 2 4 13 5 13 2 5 0 0 1 1 2 2 3 3 3 7 2 2 
2 4 1 3 2 72 2 9 2 261 2 3 2 9 1 1 0 0 3 4 0 0 3 3 0 0 2 80 0 0 1 1 3 30 4 11 2 2 3 3 3 3 0 0 1 1 4 7 3 7 2 6 1 2 5 15 0 0 0 0 3 18 4 19 
0 0 2 48 0 0 3 12 1 1 1 25 2 7 3 4 6 272 3 16 1 7 3 7 2 8 2 12 2 2 2 8 3 194 4 23 2 10 4 15 5 30 2 24 1 1 1 2 2 2 0 0 2 26 2 4 2 198 1 1 4 5 6 22 
2 24 3 100 2 35 2 4 1 1 3 13 2 12 2 20 1 1 4 8 0 0 2 2 1 1 3 3 5 71 3 9 0 0 0 0 3 44 1 2 2 2 2 2 1 1 1 1 3 4 1 495 1 1 1 1 1 1 2 4 3 6 3 8 
4 5 1 40 0 0 6 69 1 2 4 9 2 60 4 16 2 7 1 1 2 25 1 6 1 1 3 7 2 4 3 6 1 4 0 0 2 3 2 2 0 0 5 63 3 78 2 23 1 14 1 1 2 3 3 30 5 15 1 3 2 2 2 220 
3 3 2 8 1 10 3 21 1 11 2 2 0 0 6 21 2 40 1 6 1 5 2 7 4 19 7 10 4 7 0 0 3 10 2 125 0 0 3 8 2 2 2 25 3 104 1 1 5 383 1 1 1 11 0 0 2 2 4 6 4 4 2 22 
3 6 0 0 3 4 3 12 2 2 1 7 1 6 3 3 2 6 4 4 1 1 3 6 1 1 0 0 2 4 2 19 3 10 2 4 2 2 0 0 1 8 4 148 3 34 2 2 2 10 2 5 1 2 1 2 3 5 2 9 2 4 6 16 
2 2 1 1 1 1 2 7 1 1 3 71 1 1 3 3 1 1 1 1 2 24 1 4 1 5 1 1 4 4 2 7 2 3 0 0 1 1 5 23 5 11 0 0 2 10 2 7 5 15 2 5 3 3 1 1 3 414 3 3 1 3 1 1 
4 34 1 12 0 0 3 3 2 2 4 32 5 65 1 1 2 2 2 2 2 5 0 0 2 2 1 5 2 6 2 11 2 6 0 0 1 1 1 22 1 1 2 27 0 0 2 3 1 1 2 34 1 1 5 77 1 7 2 2 3 11 1 3 
3 25 2 173 2 2 1 1 4 14 1 1 1 1 3 21 1 11 1 3 2 2 0 0 1 47 4 6 3 3 2 11 2 2 3 6 2 3 3 6 2 12 2 2 3 21 3 209 1 1 2 149 1 4 4 26 2 12 2 4 3 10 1 1 
2 31 3 18 1 12 1 12 2 2 3 11 3 5 2 6 1 1 3 1239 2 2 0 0 1 2 1 1 1 1 3 8 3 11 1 1 3 8 1 1 1 1 1 1 7 23 1 1 1 3 1 1 0 0 3 7 0 0 6 30 1 2 1 1 
1 1 2 7 3 4 4 124 2 3 2 2 0 0 6 9 2 6 2 6 2 27 2 80 1 1 2 2 3 9 0 0 0 0 2 9 3 9 2 11 0 0 3 3 4 17 1 5 1 1 1 1 1 73 1 1 0 0 2 4 4 4 3 236 
2 8 5 11 3 6 2 2 4 10 5 52 3 8 2 3 3 8 1 2 0 0 1 69 1 1 2 2 1 1 3 41 3 79 2 8 3 24 0 0 1 1 3 11 2 2 1 4 1 1 3 9 1 11 2 2 2 3 3 17 5 26 1 5 
4 29 1 1 1 1 3 23 2 3 1 1 5 8 0 0 0 0 0 0 0 0 4 22 2 2 3 8 3 30 2 34 3 3 4 7 2 52 1 1 2 37 0 0 3 6 0 0 4 12 5 28 1 1 0 0 1 3 1 5 0 0 2 3 
4 8 1 14 3 5 0 0 0 0 1 1 3 40 3 7 1 1 4 34 3 8 3 9 2 51 1 5 2 40 3 7 2 3 1 8 3 7 0 0 0 0 3 17 0 0 1 1 2 3 4 4 3 9 2 326 1 1 4 34 2 8 2 9 
1 8 1 2 0 0 6 123 2 2 5 8 2 41 3 3 3 13 1 1 1 1 1 6 3 121 4 10 2 13 1 1 1 6 3 6 4 13 1 1 2 2 1 2 2 2 5 11 2 2 6 22 2 3 1 1 3 12 2 18 0 0 2 2 
4 6 3 13 2 13 0 0 1 1 1 1 3 4 2 70 2 13 1 1 3 7 2 10 1 2 1 1 2 8 4 13 2 25 1 1 3 17 2 6 0 0 0 0 3 12 1 1 1 122 2 2 3 10 1 1 2 9 1 2 3 4 1 5 
2 4 1 1 5 79 1 1 4 9 3 126 2 6 3 10 1 2 1 1 0 0 2 3 1 1 1 3 2 4 1 3 4 11 4 6 4 24 1 1 1 1 0 0 0 0 2 6 3 4 0 0 1 99 4 24 4 13 0 0 4 43 2 16 
3 9 1 1 2 2 2 2 1 7 1 1 1 1 0 0 3 77 4 10 2 2 3 7 1 6 2 16 2 2 0 0 5 28 4 4 5 152 1 51 1 11 2 3 0 0 1 1 1 1 3 35 3 3 1 1 4 13 1 61 3 3 2 2 
4 54 1 2 3 7 1 8 2 6 2 27 1 1 2 8 3 8 3 11 0 0 0 0 3 12 2 5 1 5 1 4 6 13 1 4 5 19 2 10 3 10 1 1 1 50 3 5 1 1 2 12 1 1 3 6 3 14 1 1 1 2 2 34 
0 0 1 1 2 6 2 3 2 4 1 1 1 1 4 47 6 52 1 2 1 5 2 7 0 0 0 0 4 4 1 2 0 0 3 33 4 26 3 11 1 1 1 6 0 0 2 2 4 78 0 0 4 13 2 20 0 0 4 7 6 16 2 3 
2 2 1 11 0 0 2 192 2 3 2 2 1 2 2 7 2 10 4 19 6 18 3 3 0 0 1 15 3 5 3 3 0 0 1 67 3 5 2 2 4 6 1 3 3 265 3 4 2 2 2 26 0 0 2 3 2 6 1 1 1 1 3 34 
3 4 1 1 1 1 3 3 5 10 1 14 1 5 1 253 1 1 2 18 3 6 4 13 2 6 1 1 1 85 2 2 1 6 3 3 4 64 3 7 4 15 0 0 3 3 2 4 5 8 3 281 2 12 1 1 3 11 2 1458 4 5 2 3 
1 6 1 1 3 30 2 12 2 9 2 2 1 1 3 6 2 15 1 1 1 1 2 2 3 40 3 4 6 24 3 7 1 3 1 13 3 6 4 82 2 194 2 5 4 8 2 2 1 1 3 3 0 0 2 2 3 5 2 4 2 3 2 43 
4 12 3 14 3 55 3 6 3 78 1 19 4 5 1 1 5 6 4 4 2 6 2 6 3 10 6 22 0 0 3 6 4 13 2 24 3 14 1 5 3 17 1 1 3 48 3 224 4 5 0 0 0 0 0 0 2 2 2 2 1 1 3 5 
2 4 2 10 4 4 1 4 3 5 2 2 2 2 1 3 2 2 4 8 2 2 2 13 1 20 1 1 2 2 1 1 1 1 0 0 2 3 0 0 3 3 3 4 2 5 0 0 1 1 1 1 0 0 1 1 1 9 1 1 3 4 2 2 
1 4 2 3 2 10 3 5 0 0 3 7 1 1 3 17 3 6 3 4 2 3 0 0 1 6 1 27 2 2 2 8 2 8 2 7 7 14 2 2 1 4 4 9 1 4 2 5 1 10 5 13 1 9 3 8 1 1 0 0 3 8 3 13 
1 4 2 6 1 1 1 1 1 1 1 1 7 37 3 9 2 2 2 3 0 0 3 9 1 1 2 2 2 9 3 57 6 257 4 4 3 3 4 23 3 4 5 29 3 8 5 9 2 4 1 1 1 1 5 15 1 1 2 42 1 2 2 3 
2 6 2 41 3 3 6 75 3 12 4 15 2 2 4 4 3 26 2 2 4 28 0 0 3 10 2 18 3 3 4 23 3 50 4 28 2 2 2 6 3 6 1 1 1 11 3 4 1 1 2 2 4 162 2 40 4 4 2 51 6 17 2 4 
3 10 3 124 2 19 3 19 3 7 1 1 4 7 1 30 4 23 2 19 3 6 1 1 3 8 0 0 2 3 0 0 2 6 6 32 2 20 2 63 3 5 5 59 1 1 3 56 1 4 0 0 4 11 3 7 0 0 1 1 1 2 3 13 
4 90 1 1 1 1 4 7 4 11 3 26 3 11 1 1 2 16 1 2 6 15 1 7 2 13 4 50 1 9 2 2 3 12 2 12 0 0 2 26 1 5 1 4 4 7 4 30 2 2 4 6 1 2 0 0 2 2 2 7 2 2 2 8 
2 4 1 1 1 5 6 25 1 1 4 34 2 2 1 3 1 1 3 12 3 19 5 7 1 1 4 6 2 170 1 1 1 1 1 2 0 0 2 5 1 6 0 0 2 2 1 1 3 38 0 0 2 22 1 2 3 12 2 10 1 1 1 2 
3 4 3 88 1 1 4 5 0 0 2 2 4 8 5 25 4 398 2 7 1 3 2 2 0 0 3 61 2 9 5 10 0 0 2 4 4 9 6 14 3 4 0 0 1 5 0 0 3 7 1 15 3 4 1 1 1 1 2 2 2 24 3 4 
0 0 2 2 1 3 2 3 1 4 2 2 0 0 2 109 4 21 2 4 1 3 0 0 2 12 2 252 1 40 0 0 0 0 2 3 3 4 2 10 0 0 3 5 2 4 3 18 1 4 2 17 1 1 1 6 2 4 3 21 5 24 4 10 
2 2 1 1 3 5 2 2 1 7 2 8 3 6 0 0 2 4 2 2 1 1 5 49 3 5 0 0 0 0 3 5 3 9 2 2 2 3 6 11 4 11 0 0 2 2 1 1 2 2 2 2 1 2 1 1 4 11 1 1 0 0 1 2 
3 3 1 1 2 2 4 6 3 6 2 3 2 5 1 4 1 1 3 3 0 0 5 21 2 10 3 9 0 0 4 83 1 1 2 2 4 12 0 0 4 15 2 2 1 2 0 0 3 12 2 39 2 4 0 0 1 1 4 4 1 6 1 4 
4 15 2 22 2 3 1 5 0 0 2 7 3 29 1 2 1 1 1 161 3 70 4 9 5 38 5 72 5 17 4 19 1 3 1 7 1 2 4 4 2 3 1 2 4 4 3 7 4 117 1 2 2 8 2 13 1 1 2 5 5 40 2 61 
1 1 2 2 2 4 6 9 2 6 3 3 2 7 1 1 1 1 3 5 2 30 5 5 1 4 2 16 3 31 3 43 1 1 2 29 0 0 6 44 3 16 0 0 2 7 3 3 2 119 2 8 0 0 2 3 2 2 4 5 0 0 3 8 
1 3 2 16 4 62 1 9 2 2 2 4 2 2 3 6 2 12 1 1 1 114 1 13 0 0 3 6 0 0 1 2 1 3 0 0 3 37 2 2 1 1 2 2 1 2 2 6 1 1 4 4 2 5 0 0 1 207 2 8 2 2 2 2 
5 12 2 4 3 11 4 73 2 230 0 0 3 6 2 11 3 8 3 8 3 54 2 8 3 1334 1 1 1 1 2 2 3 12 3 18 1 12 4 113 1 1 2 4 4 4 3 6 2 9 3 27 1 2 4 46 2 12 0 0 0 0 4 15 
2 28 3 6 3 22 0 0 2 3 4 4 1 7 1 1 1 1 2 44 5 24 0 0 4 4 3 72 2 41 3 103 6 20 3 16 0 0 3 4 0 0 0 0 1 4 0 0 2 2 1 3 2 2 0 0 3 25 2 8 7 46 4 32 
5 194 1 4 2 10 0 0 6 31 0 0 3 5 2 51 4 13 2 2 4 12 1 1 3 242 2 16 2 5 3 288 3 4 1 1 4 25 0 0 2 10 2 2 0 0 4 11 3 41 2 2 2 3 1 1 2 5 2 2 3 8 0 0 
5 9 2 2 10 23 2 11 2 6 3 10 3 8 1 3 4 8 3 4 0 0 7 13 2 9 1 1 1 2 1 2 2 6 2 7 1 8 0 0 2 3 1 3 2 54 2 7 2 2 2 12 5 43 1 2 3 4 2 6 3 6 4 14 
2 6 2 2 2 3 2 9 1 2 2 22 0 0 2 53 6 1113 7 16 3 1640 1 93 2 40 1 1 4 25 2 5 2 95 3 4 2 2 0 0 3 41 3 44 2 2 2 10 2 4 2 2 1 3 3 6 1 1 1 1 3 28 0 0 
1 1 0 0 2 566 2 20 1 2 1 1 4 7 3 6 5 8 3 3 0 0 1 1 1 2 0 0 1 1 1 1 3 8 1 1 3 13 2 2 1 5 2 2 2 7 2 6 3 14 0 0 1 1 2 3 0 0 0 0 2 15 3 3 
0 0 5 15 2 2 2 9 1 1 2 72 0 0 1 1 1 1 4 34 4 10 2 2 3 14 2 7 5 12 2 3 3 24 2 3 0 0 2 2 2 2 1 1 1 1 2 3 2 3 2 2 2 43 3 21 3 12 2 3 1 80 3 26 
2 24 1 3 4 322 3 10 1 1 0 0 0 0 1 7 2 14 1 6 0 0 5 6 2 9 3 8 4 22 2 2 3 7 2 3 2 2 4 11 1 1 0 0 2 3 3 18 2 8 3 25 1 1 2 157 2 6 4 8 1 1 2 5 
3 4 0 0 1 2 2 6 5 29 1 3 1 2 0 0 2 10 3 74 2 9 3 11 0 0 3 3 0 0 2 20 2 46 4 21 3 11 1 5 2 2 1 2 1 1 0 0 1 1 4 11 4 4 1 6 3 13 2 2 4 13 2 47 
2 10 3 11 1 2 2 68 1 1 2 22 1 1 0 0 1 52 1 8 2 2 2 2 3 11 1 1 1 1 1 1 2 67 1 1 4 7 2 5 2 33 1 1 2 3 0 0 2 6 2 7 2 11 4 18 2 2 2 81 1 1 1 1 
2 6 3 9 2 2 2 3 2 8 3 10 3 7 3 8 1 1 4 12 4 8 1 5 3 5 1 1 0 0 0 0 6 125 1 1 4 12 4 10 1 249 6 6 2 13 0 0 0 0 1 10 2 3 4 4 6 6 0 0 1 147 2 5 
2 6 3 19 0 0 4 22 0 0 4 14 3 8 1 1 2 7 1 2 0 0 1 9 3 20 0 0 5 13 2 7 2 4 1 1 1 2 2 4 3 13 2 22 1 2 4 5 4 23 2 9 3 88 2 5 2 7 4 6 2 5 2 2 
1 1 1 1 3 23 5 45 2 9 3 10 5 69 1 3 4 11 3 18 3 10 1 6 2 85 0 0 3 3 3 20 0 0 1 7 6 9 3 4 2 35 0 0 3 3 2 10 4 4 1 9 1 9 1 1 1 1 0 0 3 15 1 1 
1 22 3 6 1 48 5 6 1 1 0 0 4 14 6 33 3 15 4 108 2 3 3 18 4 19 2 10 3 27 3 4 5 41 3 9 1 21 2 6 4 46 2 18 1 1 2 4 3 13 4 4 3 5 2 14 2 3 1 3 3 3 3 21 
1 1 1 1 3 50 1 8 3 4 2 5 0 0 0 0 2 7 2 3 3 7 3 17 1 1 1 6 0 0 2 2 1 1 3 25 4 158 0 0 4 85 1 27 3 62 2 4 2 3 2 6 2 57 3 5 1 1 1 5 1 3 1 1 
2 158 2 2 1 1 3 22 3 4 4 6 0 0 1 2 1 1 0 0 1 1 2 149 2 3 5 12 1 2 2 2 1 1 2 4 3 3 2 3 2 5 1 1 2 3 2 5 2 352 4 4 3 8 5 8 2 4 3 16 3 3 4 4 
1 79 2 2 1 1 3 5 2 7 3 12 5 45 3 278 1 2 1 49 6 17 1 1 3 8 1 5 3 124 1 41 2 2 2 2 3 4 4 71 0 0 0 0 6 29 1 1 4 20 2 9 2 8 3 63 1 1 2 2 3 4 1 1 
4 10 1 1 6 11 6 14 0 0 3 7 4 7 1 1 1 2 1 1 1 2 1 3 1 3 1 1 3 14 0 0 4 12 1 15 4 20 2 116 3 10 2 5 1 1 1 2 3 8 0 0 3 52 3 4 3 186 1 4 4 10 2 24 
1 1 2 2 4 11 2 11 2 2 3 22 4 5 2 5 1 1 6 49 2 6 5 11 1 2 2 5 0 0 2 4 0 0 3 4 2 2 1 1 1 1 1 1 1 1 4 8 2 16 3 17 2 19 3 7 2 2 1 2 3 20 4 31 
2 4 2 9 2 2 1 1 5 17 1 1 2 5 2 2 0 0 1 1 2 19 0 0 2 25 2 7 3 4 2 7 0 0 3 4 2 12 1 3 2 2 4 8 1 1 1 20 3 30 1 35 2 21 1 73 3 14 1 1 2 2 0 0 
4 7 4 26 2 57 3 11 2 43 2 3 1 2 1 11 3 9 1 1 2 23 0 0 1 3 4 6 1 5 1 7 2 2 3 3 6 25 2 6 3 3 1 8 2 6 1 23 3 3 2 22 0 0 2 2 1 7 0 0 1 2 3 53 
0 0 3 6 3 3 2 3 2 2 1 3 1 4 1 20 1 2 0 0 1 7 3 155 2 18 1 1 2 2 2 56 1 1 3 4 0 0 1 1 7 28 2 2 3 7 2 5 5 24 2 3 1 1 3 9 0 0 5 19 2 2 3 22 
2 8 2 23 0 0 1 2 2 2 0 0 1 1 1 1 0 0 2 9 2 3 0 0 1 3 0 0 1 1 1 1 1 6 2 33 2 2 0 0 2 2 1 1 2 4 0 0 3 72 4 16 4 18 2 10 2 8 3 5 1 1 2 153 
3 3 2 2 2 2 2 2 3 6 3 6 2 19 2 10 1 4 1 1 1 3 3 4 0 0 1 1 2 2 6 11 1 10 1 3 3 17 2 7 2 4 0 0 3 5 0 0 2 34 3 35 2 4 2 2 2 2 4 24 2 19 6 17 
1 5 1 1 6 154 2 103 1 1 2 2 2 9 1 1 1 1 3 65 3 4 3 3 1 1 2 2 2 8 2 21 3 3 1 2 3 15 4 18 3 26 4 15 1 1 5 5 4 6 3 21 1 1 2 8 1 2 2 3 1 1 0 0 
5 79 3 20 1 1 0 0 4 32 2 2 5 70 3 11 3 45 2 7 0 0 1 1 0 0 3 65 1 4 1 1 1 1 2 2 3 12 6 11 3 69 4 6 3 3 2 49 2 22 0 0 2 4 3 9 2 42 2 2 1 1 3 7 
2 5 3 3 0 0 3 5 2 52 2 3 2 3 1 1 2 2 2 535 3 4 1 3 1 1 0 0 2 12 1 1 0 0 4 98 2 3 1 1 2 2 5 39 1 1 0 0 2 16 3 5 3 50 1 1 3 7 3 12 0 0 1 1 
3 12 3 36 1 3 3 21 3 7 3 8 2 66 1 1 5 49 2 2 0 0 4 10 3 19 1 1 0 0 1 2 0 0 5 5 2 6 1 1 2 22 1 48 3 7 1 1 2 8 1 1 1 5 2 18 0 0 1 6 0 0 3 25 
0 0 0 0 4 121 1 26 3 5 3 67 3 4 3 8 1 1 3 8 0 0 2 5 5 28 3 4 3 3 1 8 2 2 2 2 1 5 3 5 6 22 2 2 1 1 0 0 2 2 2 8 3 14 2 2 4 7 2 2 1 9 5 16 
3 20 2 4 4 9 0 0 2 7 1 1 3 6 3 7 2 3 0 0 2 2 0 0 4 11 1 1 2 8 2 3 4 14 2 2 3 8 3 6 2 3 1 1 1 1 1 1 3 12 2 19 1 3 1 1 3 4 0 0 4 9 2 6 
4 21 1 2 0 0 0 0 1 1 3 22 2 14 1 1 3 4 2 3 1 2 1 4 3 7 4 16 2 54 1 22 2 8 4 192 4 10 3 4 2 35 2 23 3 11 2 14 1 2 6 173 0 0 2 17 2 3 8 48 1 1 4 52 
1 2 2 3 3 30 0 0 2 6 2 2 2 4 1 32 2 4 1 1 1 1 3 7 1 1 2 13 2 2 2 3 3 10 3 6 2 8 2 4 2 15 4 159 1 1 0 0 0 0 1 10 2 11 0 0 3 5 3 8 3 6 4 4 
2 5 4 27 1 7 1 2 2 106 1 1 2 6 1 1 1 3 0 0 1 1 5 79 2 7 0 0 6 97 0 0 2 24 2 3 0 0 2 3 3 19 0 0 6 30 0 0 5 19 4 12 2 32 5 9 1 7 3 11 1 1 2 22 
1 1 3 10 2 17 3 14 0 0 3 15 3 18 1 5 4 128 1 2 3 9 3 3 5 9 3 16 3 3 4 12 2 2 1 1 1 2 1 1 3 5 3 209 5 9 1 11 3 3 2 2 3 8 2 8 2 2 0 0 3 35 4 18 
0 0 2 6 2 3 1 8 1 5 1 4 3 63 4 23 3 3 3 27 4 16 4 7 2 6 1 1 2 4 2 8 1 7 0 0 1 5 5 32 3 8 2 2 4 23 0 0 1 2 1 1 2 4 0 0 3 14 4 10 0 0 1 4 
2 3 2 808 0 0 1 1 3 8 1 1 0 0 2 2 2 7 1 1 1 2 4 8 2 3 3 5 3 4 2 2 0 0 3 155 3 30 3 7 3 4 2 838 2 6 0 0 3 5 2 3 1 1 3 8 2 2 4 4 0 0 3 60 
2 2 2 2 2 97 2 58 2 5 1 8 1 5 2 2 0 0 0 0 3 50 3 42 1 1 5 8 1 1 4 14 3 5 2 2 1 1 2 4 1 1 5 35 4 42 1 1 3 21 3 3 0 0 0 0 3 54 2 4 0 0 1 3 
1 7 2 2 4 36 2 7 0 0 2 3 1 1 5 166 2 3 1 1 3 106 5 31 2 11 2 2 2 7 2 3 2 4 1 1 6 24 3 35 2 6 2 15 2 8 2 2 2 3 1 60 0 0 3 20 2 10 3 8 5 22 2 22 
2 3 5 53647 7 19 1 1 3 16 0 0 1 1 2 15 0 0 1 1 1 1 0 0 4 10 1 1 2 37 3 4 4 11 3 10 1 1 8 92 0 0 1 51 0 0 4 14 4 12 4 23 5 23 3 8 1 1 3 21 1 1 0 0 
5 5 1 1 3 3 1 20 3 4 1 1 2 5 1 34 2 2 3 12 3 47 4 19 3 9 1 1 1 2 3 9 4 17 3 5 2 5 2 8 3 7 4 5 1 3 1 1 2 2 2 1361 3 73 1 1 3 71 4 15 3 59 2 4 
0 0 3 3 1 1 4 61 2 2 0 0 0 0 1 6 2 2 1 1 2 2 1 1 1 21 1 1 0 0 2 19 2 4 3 22 1 1 1 28 1 13 0 0 4 5 2 29 1 6 2 4 4 42 5 9 1 1 4 24 3 86 2 3 
3 3 3 37 1 1 2 2 3 47 3 3 7 15 3 17 6 19 0 0 1 3 1 1 3 21 2 22 2 6 1 1 3 11 2 44 2 4 3 6 0 0 2 35 2 46 1 9 0 0 2 5 6 14 1 6 1 10 1 2 1 4 1 3 
2 2 2 10 3 7 1 1 1 1 2 37 2 3 7 16 1 1 1 2 3 5 3 10 4 24 1 24 6 91 4 8 2 2 1 1 1 2 0 0 4 8 1 8 1 2 2 6 2 10 3 3 1 1 3 64 3 14 2 3 1 8 4 13 
2 8 2 20 2 2 3 6 5 12 1 7 2 4 0 0 2 5 4 9 2 12 4 40 3 5 2 9 1 2 3 8 4 49 1 1 0 0 5 35 2 2 2 6 4 142 1 6 2 2 2 17 5 11 3 6 0 0 5 21 2 4 1 1 
2 3 2 9 4 9 1 1 1 3 0 0 2 7 1 2 3 10 1 1 2 2 7 80 1 1 1 4 3 3 3 586 1 1 0 0 4 14 2 2 0 0 1 1 2 4 0 0 3 34 2 3 4 57 4 11 2 37 1 1 2 43 1 1 
0 0 2 2 0 0 1 1 0 0 2 4 0 0 2 5 3 12 2 2 3 11 1 12 3 7 2 5 1 1 3 66 1 5 0 0 3 27 3 33 1 1 4 4 2 3 0 0 5 21 3 27 3 6 2 2 2 12 2 7 3 22 3 7 
1 1 4 10 3 5 1 1 0 0 1 2 2 6 0 0 2 5 3 8 3 4 3 18 3 188 1 1 0 0 1 1 3 3 3 12 0 0 4 16 3 51 3 8 4 8 1 1 2 8 2 38 3 4 0 0 2 3 1 8 2 2 2 6 
4 12 2 2 4 7 2 34 5 19 3 3 2 12 3 8 2 10 3 9 1 3 1 2 2 9 3 18 3 11 5 42 2 3 0 0 2 2 2 5 2 7 0 0 1 1 5 37 2 40 2 3 1 1 1 1 4 11 1 2 3 8 2 2 
2 2 1 16 1 2 4 38 0 0 0 0 4 108 0 0 3 8 1 1 6 12 3 14 2 7 2 3 4 4 3 10 5 121 3 8 0 0 1 7 1 1 0 0 1 1 6 10 1 1 0 0 2 3 1 10 1 1 2 2 2 23 0 0 
4 8 1 2 2 2 2 6 2 7 1 1 1 2 0 0 1 1 5 6 0 0 4 13 1 114 1 2 1 7 0 0 3 3 2 9 0 0 3 6 2 8 1 1 2 7 3 22 5 13 2 2 3 21 0 0 0 0 0 0 2 3 5 32 
0 0 0 0 2 13 3 8 2 3 2 6 3 5 4 21 2 2 2 3 4 6 1 1 3 20 1 4 0 0 2 3 1 1 2 212 1 2 1 1 0 0 1 1 0 0 1 6 0 0 5 26 1 1 2 7 0 0 2 4 1 1 2 9 
3 15 3 5 1 1 3 4 3 35 1 1 2 9 5 7 0 0 3 3 2 2 3 14 3 4 0 0 2 6 4 4 3 3 4 23 0 0 0 0 2 5 3 9 5 29 2 2 2 6 3 31 3 22 1 2 3 8 2 38 4 4 4 16 
1 1 1 1 1 1 0 0 3 37 3 44 1 2 0 0 2 128 3 5 2 2 2 17 1 4 6 51 4 6 0 0 3 17 5 18 4 7 3 5 1 2 3 26 1 1 5 10 2 9 2 2 0 0 0 0 1 1 3 129 6 49 3 4 
2 2 3 20 5 9 3 4 1 1 1 10 1 1 2 2 1 1 2 11 5 12 3 5 3 6 3 3 4 10 1 1 1 1 1 6 2 7 2 86 3 9 5 21 1 1 5 13 2 4 2 2 3 30 2 4 3 22 3 75 1 6 2 12 
0 0 1 1 1 17 2 3 1 1 0 0 1 1 0 0 1 19 2 5 1 8 5 9 3 4 3 7 5 101 2 3 3 6 4 12 0 0 2 2 2 199 0 0 1 2 1 1 0 0 2 35 0 0 2 2 2 9 2 9 5 112 1 1 
4 14 1 2 2 3 0 0 1 410 3 42 1 64 3 28 2 6 3 9 0 0 1 1 3 230 3 93 3 13 2 13 2 5 0 0 1 2 3 35 3 3 3 7 4 7 3 93 2 4 1 1 1 1 3 8 2 8 3 27 0 0 3 34 
2 6 3 5 1 5 1 1 3 9 3 10 1 1 0 0 1 1 2 3 2 26 2 2 2 7 3 352 0 0 2 2 0 0 3 7 0 0 3 5 2 2 2 2 4 32 1 1 1 14 1 48 0 0 1 2 0 0 0 0 2 4 1 1 
1 1 1 1 3 6 1 597 6 9 1 1 1 4 1 1 3 14 2 4 1 1 0 0 1 1 1 2 3 3 1 2 4 42 0 0 3 3 4 6 1 6 2 13 0 0 3 5 5 11 0 0 2 18 3 3 0 0 2 7 2 3 2 11 
3 16 2 2 0 0 2 3 2 2 1 1 1 117 3 5 4 11 2 10 2 4 2 100 1 12 4 12 1 43 0 0 1 1 1 2 3 42 1 6 2 2 1 1 2 2 2 20 1 2 0 0 2 5 5 9 3 9 1 1 2 9 1 31 
1 1 2 36 2 11 1 1 1 5 3 24 0 0 2 25 3 4 2 3 2 2 2 5 2 21 3 14 1 3 0 0 0 0 2 3 2 2 0 0 6 13 1 6 2 2 3 30 2 10 3 5 3 105 1 1 2 89 1 1 1 1 0 0 
3 3 0 0 4 6 3 16 4 10 3 3 4 9 5 14 1 1 0 0 0 0 1 1 2 6 1 1 3 9 2 6 4 13 1 28 4 4 2 2 0 0 3 72 1 14 1 6 2 2 0 0 4 5 6 15 1 5 0 0 2 3 2 2 
1 7 0 0 2 4 1 1 5 6 2 5 4 5 1 5 4 27 0 0 2 2 2 2 2 4 3 9 1 43 4 225 3 59 4 4 3 4 3 3 5 6 1 3 3 7 4 7 2 2 3 14 2 13 2 2 4 10 1 1 1 3 2 2 
4 11 3 17 0 0 1 9 2 6 1 2 3 9 2 2 3 7 4 6 1 1 1 1 4 13 1 1 0 0 2 65 1 1 1 8 2 3 1 2 2 2 2 52 2 6 1 1 1 1 2 3 2 4 1 1 1 2 4 20 2 2 2 6 
3 38 1 1 3 4 2 2 1 2 0 0 3 212 1 17 1 6 5 13 1 4 1 1 4 13 2 13 0 0 5 13 1 1 2 8 2 24 2 2 1 1 7 32 5 7 1 23 6 37 0 0 2 5 3 24 0 0 2 3 1 3 1 1 
1 8 2 9 1 1 1 6 4 15 3 13 2 21 3 8 2 3 1 1 2 8 2 9 0 0 0 0 3 16 1 8 2 10 2 5 1 26 2 5 3 14 3 10 1 20 3 3 3 22 1 1 1 33 2 2 1 1 2 2 3 4 1 13 
2 2 1 1 2 3 3 3 3 40 0 0 1 13 1 1 4 7 4 14 3 6 2 23 2 4 4 5 1 3 1 1 3 6 3 15 4 4 2 6 4 12 2 13 1 1 1 1 4 29 1 2 3 3 1 1 5 16 1 87 2 12 1 1 
1 4 0 0 4 16 4 32 2 25 1 3 1 30 3 363 1 4 2 4 5 5 2 2 2 2 3 3 1 1 3 7 5 11 1 1 1 1 2 2 1 1 1 72 5 20 3 6 4 6 1 1 2 262 2 2 4 19 6 11 4 34 3 5 
3 6 2 2 1 9 3 14 0 0 2 2 3 11 4 9 2 10 6 17 5 10 1 7 4 36 3 8 0 0 4 30 2 5 0 0 2 2 3 11 2 2 2 6 2 8 4 16 1 1 2 4 0 0 2 2 6 29 3 32 2 20 3 4 
2 7 3 3 5 105 5 11 3 6 3 8 6 8 5 6 1 1 5 5 4 10 3 16 1 1 3 8 4 7 2 20 0 0 1 1 6 19 5 6 0 0 3 11 1 1 3 4 0 0 4 51 2 2 4 45 1 12 0 0 1 5 2 8 
1 7 4 21 1 4 0 0 2 2 0 0 3 44 2 4 3 11 8 60 1 2 3 124 3 16 4 13 1 7 1 3 1 1 4 7 0 0 2 2 0 0 1 1 1 1 2 10 1 3 1 2 3 5 4 21 2 2 0 0 2 3 0 0 
1 1 4 4 0 0 1 1 4 28 1 1 1 2 1 1 1 12 0 0 1 1 4 8 3 7 1 2 3 14 2 3 1 5 1 2 2 4 3 5 3 7 1 4 2 14 4 16 1 1 2 610 5 82 2 8 1 11 1 17 0 0 5 12 
1 1 1 1 2 3 1 3 3 8 3 6 4 9 2 20 3 8 6 82 0 0 3 10 1 4 2 45 0 0 0 0 2 6 0 0 6 11 4 103 3 123 3 5 1 9 0 0 2 8 2 25 2 3 2 3 2 17 1 10 5 7 4 22 
5 15 1 7 1 26 4 11 2 10 5 7 3 5 3 19 4 27 5 5 4 78 3 6 1 1 2 28 3 6 2 2 3 5 1 7 1 3 5 27 1 1 1 1 5 30 1 5 3 18 0 0 2 2 2 7 3 4 0 0 0 0 3 4 
1 4 3 6 3 11 0 0 1 1 1 1 2 3 5 14 2 8 1 31 5 6 1 1 0 0 2 13 1 1 1 1 2 2 4 11 0 0 1 5 1 1 3 51 3 7 3 250 4 42 5 17 0 0 0 0 2 19 2 2 2 2 0 0 
2 2 2 9 2 6 2 4 3 7 2 12 1 2 5 27 0 0 6 44 6 64 1 1 1 1 2 17 4 5 2 4 4 15 3 3 3 9 2 43 4 38 1 5 0 0 3 5 2 13 3 25 6 76 2 5 5 5 2 15 2 10 1 1 
2 5 2 2 0 0 0 0 6 98 2 620 1 2 0 0 3 13 0 0 3 5 2 2 3 8 4 9 4 20 3 3 5 62 0 0 1 11 1 249 1 25 4 4 1 1 2 2 1 6 6 32 5 25 4 15 1 1 2 6 3 3 4 4 
1 1 5 36 2 5 5 18 0 0 1 1 2 23 4 34 2 38 3 8 5 30 3 6 1 1 5 11 5 36 3 9 1 1 4 9 0 0 2 11 4 15 0 0 4 4 5 24 4 45 1 1 3 3 0 0 5 39 0 0 5 89 1 20 
4 17 2 14 2 2 1 6 5 33 1 1 1 1 3 27 0 0 3 6 5 13 4 38 2 2 3 4 1 30 1 3 3 12 0 0 4 12 2 11 2 34 1 1 3 8 2 2 4 73 1 14 4 6 0 0 4 7 4 17 3 9 2 2 
1 1 1 2 3 4 1 2 3 13 0 0 3 5 1 1 2 2 1 41 1 1 6 599 1 192 1 10 1 1 2 18 1 2 3 13 3 50 1 12 6 7 5 14 3 4 3 4 0 0 4 10 1 9 2 2 3 3 1 1 1 1 4 9 
2 4 2 2 2 2 3 16 0 0 3 12 2 2 1 1 0 0 1 1 2 2 1 4 4 20 3 3 1 1 0 0 1 3 0 0 0 0 0 0 2 3 2 2 2 2 5 18 2 97 1 2 1 1 2 8 1 13 1 1 3 9 1 3 
6 100 0 0 1 2 2 89 1 41 2 2 2 2 2 10 2 12 1 12 1 2 1 1 2 19 2 10 2 28 4 5 3 3 3 3 3 3 3 13 1 1 2 8 3 12 2 4 0 0 2 10 3 5 4 10 5 26 1 1 2 31 5 50 
4 6 3 4 4 8 3 5 2 4 0 0 0 0 1 1 1 12 3 3 2 22 2 2 0 0 3 5 1 3 4 10 3 90 3 8 1 1 4 13 2 44 0 0 3 1029 0 0 2 4 3 3 2 27 0 0 3 10 0 0 1 1 3 16 
0 0 2 5 0 0 0 0 2 9 2 2 2 8 0 0 1 1 1 2 1 1 2 15 0 0 3 20 0 0 2 7 3 17 1 11 2 100 2 5 2 2 1 38 0 0 2 26 2 12 3 3 2 2 0 0 1 1 4 7 2 8 1 1 
2 128 1 1 0 0 1 2 1 6 3 7 3 5 2 10 2 2 2 3 4 5 3 20 2 5 3 8 0 0 2 2 2 13 2 4 2 18 5 17 3 5 3 13 3 7 0 0 2 158 2 2 3 119 2 12 2 5 3 5 0 0 1 1 
1 1 1 259 4 7 5 42 2 4 4 5 3 57 2 6 2 7 4 5 3 23 1 2 1 1 0 0 0 0 3 3 2 2 1 1 1 8 2 3 3 3 0 0 1 1 0 0 3 3 0 0 0 0 2 2 1 7 3 43 1 5 7 33 
1 7 2 3 0 0 0 0 2 8 4 86 1 57 2 9 1 1 6 13 0 0 2 19 0 0 5 19 2 329 0 0 2 20 2 3 1 5 1 87 0 0 1 5 1 1 3 6 0 0 0 0 3 12 1 5 1 1 2 5 1 5 1 2 
2 21 3 17 3 8 1 32 1 2 0 0 1 2 0 0 2 5 0 0 1 2 3 4 3 4 2 10 1 3 0 0 4 16 2 3 4 28 5 16 3 4 3 6 1 1 1 2 4 10 1 2 1 2 3 10 0 0 1 3 0 0 2 3 
7 14 2 2 0 0 2 9 1 1 3 6 3 7 1 5 4 7 3 11 1 6 1 1 2 142 1 1 3 4 2 20 3 5 2 39 4 14 0 0 2 3 1 1 3 3 3 3 1 4 3 36 1 1 0 0 2 6 3 24 1 1 2 3 
2 4 0 0 2 2 3 5 2 5 1 14 2 6 3 11 3 6 2 2 1 1 0 0 0 0 2 10 5 28 1 6 2 3 2 4 1 61 3 15 3 9 4 4 5 54 1 2 1 4 1 750 2 20 0 0 7 82 0 0 3 10 3 9 
3 4 1 2 1 24 0 0 1 2 4 17 2 4 3 7 3 19 1 1 1 3 0 0 0 0 5 30 2 3 4 18 1 1 1 1 1 1 2 6 1 2 1 6 3 13 3 14 1 1 0 0 4 16 4 6 2 4 4 4 4 38 3 5 
1 2 0 0 3 3 2 29 3 3 1 1 5 49 4 26 6 47 4 14 3 38 0 0 5 6 3 9 2 2 2 13 4 90 3 14 2 15 5 620 2 30 1 1 4 9 0 0 1 2 3 19 3 5 1 2 0 0 1 1 5 18 3 3 
0 0 1 2 2 6 2 2 3 10 4 45 1 4 0 0 0 0 2 78 2 7 3 3 1 10 2 2 5 15 1 1 1 10 0 0 2 2 0 0 1 1 2 4 1 31 4 5 2 2 1 1 4 4 0 0 3 5 0 0 1 1 2 11 
1 1 3 16 2 4 3 6 1 1 1 1 2 2 1 9 4 22 1 1 0 0 1 4 1 1 0 0 3 12 1 1 3 22 0 0 4 23 1 1 1 3 0 0 3 3 4 5 2 8 5 449 1 1 1 1 0 0 1 2 3 121 1 1 
2 11 1 4 1 4 0 0 1 22 4 16 4 30 2 117 3 33 4 11 1 1 4 4 0 0 4 8 2 2 3 3 1 3 4 4 4 15 2 25 0 0 2 3 2 4 2 2 2 34 3 155 2 2 2 3 1 1 0 0 4 35 1 6 
2 6 1 1 2 2 1 1 0 0 2 3 2 4 4 5 2 12 1 1 5 8 2 4 3 4 2 6 1 1 2 4 2 45 1 3 2 3 5 17 2 3 5 139 2 9 5 10 3 4 1 1 6 317 0 0 2 3 5 14 2 6 2 9 
3 7 0 0 2 56 2 2 2 9 1 1 3 10 3 3 2 2 1 1 1 1 0 0 4 13 1 3 5 468 1 2 1 1 3 3 2 2 1 1 0 0 1 1 3 8 1 116 1 1 1 1 1 2 1 1 2 2 1 2 1 1 0 0 
0 0 1 6 2 5 4 16 2 6 2 2 0 0 2 80 1 58 2 4 2 5 2 2 4 10 1 1 1 2 4 27 4 41 3 14 0 0 1 1 2 6 4 12 2 2 1 1 3 6 6 22 2 2 2 12 0 0 2 2 2 2 3 12 
2 3 3 3 0 0 3 26 1 1 4 23 5 21 4 12 1 1 2 93 0 0 2 2 5 23 5 103 2 2 2 150 2 2 2 81 3 23 1 7 3 8 3 7 0 0 3 11 0 0 3 12 5 30 3 37 2 3 2 6 1 3 4 28 
0 0 4 5 3 6 8 238 4 7 5 18 1 2 1 1 1 1 1 1 1 15 0 0 2 3 1 1 2 129 1 1 2 4 3 87 4 475 4 15 3 22 4 12 2 4 1 2 1 1 1 1 1 1 2 23 3 26 1 12 1 1 3 9 
3 6 4 7 0 0 0 0 1 1 1 1 3 3 2 24 3 7 4 4 2 23 4 9 1 2 3 6 3 7 3 4 1 5 1 1 2 20 4 23 3 11 4 28 5 59 4 8 1 4 2 2 4 42 2 3 1 1 2 5 1 5 3 6 
1 8 2 18 3 36 1 1 2 7 1 1 3 6 3 8 2 10 1 6 0 0 2 2 1 1 3 9 2 2 0 0 3 19 1 1 1 2 2 24 1 42 3 18 1 1 5 7 1 3 1 1 5 18 1 1 5 8 2 31 6 68 4 12 
2 2 1 1 2 84 1 1 2 8 3 80 1 1 1 3 4 4 4 25 2 17 0 0 1 4 1 2 2 33 0 0 3 4 2 58 1 3 0 0 2 4 5 33 3 17 1 33 2 18 3 11 5 29 3 10 3 5 0 0 0 0 2 2 
2 64 2 3 3 24 1 1 2 6 2 2 1 1 2 4 5 38 0 0 2 5 4 41 2 5 2 25 1 7 2 3 0 0 1 7 1 2 1 8 1 1 5 10 4 7 0 0 0 0 1 1 0 0 2 2 2 3 6 10 1 1 3 19 
1 250 0 0 3 3 4 7 0 0 3 6 2 1225 2 15 3 5 2 10 7 36 3 4 5 23 1 1 2 9 2 6 1 1 2 2 4 12 3 5 3 20 5 9 1 1 0 0 0 0 0 0 1 1 2 6 3 4 4 35 0 0 2 7 
1 1 4 17 2 32 2 19 4 39 1 1 5 10 2 3 0 0 4 9 2 17 4 53 2 2 1 1 1 1 1 1 3 24 1 2 3 4 1 1 4 61 3 12 3 13 1 1 2 36 2 2 0 0 3 23 1 1 2 7 4 20 5 14 
0 0 1 1 1 1 1 2 1 13 0 0 2 2 1 10 3 5 4 4 2 3 2 9 1 1 2 34 2 5 1 5 2 2 0 0 2 4 3 18 0 0 1 1 1 1 1 1 3 5 1 16 1 2 2 3 2 11 0 0 1 3 1 1 
1 1 1 3 5 12 2 2 2 2 2 10 0 0 4 16 1 1 2 22 1 1 2 6 2 5 3 11 0 0 3 4 1 3 1 7 5 22 0 0 3 8 2 18 1 1 3 4 2 2 5 29 0 0 5 12 3 7 1 2 2 2 3 6 
4 10 1 9 4 26 2 209 2 2 4 72 2 9 6 11 4 94 4 4 1 3 2 5 1 1 3 6 0 0 3 6 5 103 1 5 4 32 2 2 2 2 5 14 0 0 3 89 1 1 3 29 1 16 1 5 3 25 3 39 4 8 2 4 
1 1 0 0 2 2 1 3 4 11 4 29 2 15 2 4 3 20 4 7 4 5 4 8 2 2 0 0 1 1 1 1 0 0 1 1 2 8 3 6 0 0 1 1 6 44 0 0 5 15 2 40 3 3 1 3 4 38 0 0 3 15 1 1 
4 14 1 1 2 2 1 11 1 1 2 6 2 27 2 13 1 1 0 0 2 55 2 11 2 28 3 15 2 2 4 4 2 16 3 14 2 3 1 1 3 24 3 14 0 0 2 20 4 17 1 848 2 7 1 1 3 4 4 48 3 18 2 17 
0 0 3 14 3 8 4 6 3 8 1 5 2 5 0 0 0 0 2 2 3 68 3 9 0 0 1 3 7 56 2 2 1 1 0 0 2 30 2 2 0 0 1 1 2 4 3 6 2 5 2 2 3 70 3 4 3 3 4 36 1 1 0 0 
3 28 1 1 3 3 0 0 3 11 1 4 3 11 4 6 1 1 3 3 2 3 0 0 3 3 4 12 1 39 3 108 2 13 2 2 1 7 5 16 1 6 1 7 1 2 1 1 0 0 1 3 2 4 1 1 1 1 4 4 2 6 2 2 
3 5 1 9 1 1 0 0 1 1 1 10 2 13 1 10 2 2 3 38 1 2 2 2 2 3 1 1 2 6 2 4 1 2 3 3 1 125 2 6 0 0 1 4 2 2 1 1 1 3 2 3 2 213 2 2 2 6 2 8 4 115 1 1 
5 46 1 1 1 7 1 1 2 6 3 12 2 28 0 0 2 2 1 1 3 92 2 2 2 65 2 4 3 6 2 2 1 1 0 0 1 1 2 2 1 5 2 13 2 29 5 21 3 31 1 207 1 6 3 228 3 9 3 22 1 1 2 5 
5 37 1 1 2 2 2 23 1 1 1 2 2 2 2 17 2 19 3 9 0 0 2 2 1 23 2 3 0 0 1 20 1 1 4 11 3 3 3 24 1 1 3 13 4 21 1 2 5 14 2 2 2 5 2 7 1 2 4 12 2 2 5 12 
4 18 3 5 1 3 1 1 2 2 1 1 1 1 1 1 0 0 2 7 1 1 2 16 0 0 1 1 0 0 3 4 2 3 0 0 0 0 4 14 0 0 0 0 2 82 2 2 1 1 3 98 3 9 1 1 3 3 2 2 1 1 4 12 
1 2 3 3 6 7 1 1 3 3 1 1 3 3 3 12 3 9 0 0 2 25 1 1 3 66 4 28 2 7 4 5 2 10 1 2 6 14 1 1 0 0 3 6 1 1 1 6 2 12 4 64 1 1 2 3 5 14 1 1 3 3 1 10 
4 15 1 2 4 4 2 3 0 0 2 5 4 43 0 0 4 4 2 2 3 5 2 4 0 0 1 1 1 1 1 1 5 15 1 1 2 4 5 36 2 2 1 1 3 80 5 13 1 5 2 8 2 2 2 35 2 6 4 11 2 7 0 0 
2 9 3 24 4 22 2 9 4 10 2 9 4 15 2 4 1 5 0 0 0 0 0 0 3 5 2 2 2 44 2 8 2 2 2 2 0 0 1 3 3 3 2 10 1 7 0 0 2 12 3 13 0 0 3 18 2 2 7 54 2 2 1 1 
4 14 2 4 2 4 2 7 4 19 4 4 5 12 2 3 1 9 2 5 6 19 4 9 3 11 2 4 3 8 2 2 3 38 2 2 3 13 2 5 3 32 2 6 2 9 0 0 5 147 4 8 1 1 2 2 4 6 2 50 2 3 5 18 
1 1 1 1 2 6 8 225 0 0 7 37 1 3 2 2 4 40 1 1 5 26 3 10 0 0 4 13 3 66 2 9 3 4 3 8 3 14 2 496 1 1 4 8 2 2 6 28 2 5 5 14 2 7 2 2 2 2 1 1 2 20 1 2 
1 54 3 5 1 2 4 9 3 5 2 16 5 95 2 4 1 1 7 30 3 5 4 4 6 22 1 4 2 15 3 15 1 1 1 1 2 2 5 28 0 0 1 1 1 1 2 6 2 2 3 18 1 1 2 2 1 3 3 14 2 6 7 22 
1 1 1 1 1 1 6 33 6 18 1 1 1 9 2 3 5 28 0 0 6 9 2 3 7 25 5 71 3 8 2 10 3 9 2 7 3 5 3 9 3 21 3 5 1 1 1 1 3 5 5 6 5 7 2 7 1 1 0 0 1 1 2 3 
2 2 0 0 4 8 0 0 5 59 0 0 3 3 0 0 3 8 2 6 1 2 2 2 4 44 3 3 2 2 3 8 3 8 3 16 1 3 0 0 3 3 4 7 1 31 2 10 0 0 2 13 1 1 0 0 2 35 2 2 0 0 1 58 
1 5 3 4 0 0 3 8 5 10 2 4 1 1 1 4 1 1 2 12 2 8 1 9 5 5 4 14 4 8 1 1 0 0 2 3 0 0 6 21 2 209 1 1 3 39 3 9 3 17 3 9 1 2 4 6 2 3 1 11 1 13 1 28 
3 4 1 14 0 0 2 3 4 15 2 61 4 62 1 1 2 5 1 6 1 1 4 7 1 1 2 15 0 0 5 31 2 8 1 3 1 2 2 29 0 0 2 10 1 1 4 7 3 4 2 7 3 6 1 1 4 13 0 0 2 10 4 9 
1 2 1 1 3 14 1 1 2 24 0 0 2 2 2 2 3 21 2 2 4 22 3 6 3 3 3 3 2 3 2 42 1 1 1 6 1 3 1 1 0 0 2 2 1 1 0 0 3 12 4 6 6 9 3 3 1 1 2 9 2 3 1 1 
3 10 1 1 4 15 1 1 2 3 4 10 2 9 1 1 2 149 3 5 2 12 4 15 2 10 2 3 2 6 0 0 3 5 3 3 2 17 1 7 2 2 3 8 1 1 4 8 1 4 3 11 4 52 2 2 1 12 2 19 4 12 1 1 
3 3 3 9 5 12 3 17 2 7 2 12 1 1 1 1 2 6 2 45 0 0 0 0 3 29 3 5 1 49 1 5 3 4 3 7 4 28 2 2 2 2 0 0 0 0 6 36 3 3 1 5 3 14 4 75 1 1 3 6 2 12 4 4 
3 9 2 18 4 5 2 2 0 0 1 1 1 5 1 1 3 351 2 17 1 1 0 0 0 0 0 0 1 1 1 14 2 8 2 11 6 42 3 3 2 7 1 1 4 9 2 8 1 3 4 35 1 75 0 0 3 3 1 1 2 6 2 2 
4 28 1 3 0 0 3 8 1 1 3 4 1 6 1 4 4 40 1 1 0 0 3 6 2 5 1 1 2 5 2 4 4 30 4 13 1 1 3 4 6 51 2 7 0 0 0 0 4 16 3 21 2 4 3 42 2 25 3 8 2 2 4 41 
7 55 5 12 1 19 3 8 0 0 3 16 4 10 3 9 0 0 2 4 1 1 1 1 3 3 1 3 4 15 2 2 1 1 2 38 2 44 2 2 1 1 0 0 4 18 1 6 1 4 1 1 2 2 2 19 1 1 0 0 1 6 5 23 
2 9 0 0 4 12 2 7 1 1 2 3 0 0 4 21 1 5 1 1 2 10 4 83 3 24 1 3 2 35 2 2 4 7 0 0 2 13 2 12 3 9 2 3 4 41 1 1 1 1 5 34 2 2 4 5 0 0 2 97 2 2 5 9 
1 5 3 3 3 74 5 47 2 7 3 17 2 7 3 346 5 13 3 4 0 0 0 0 3 66 0 0 2 2 2 3 3 30 5 38 1 8 2 249 2 17 1 1 3 7 0 0 0 0 3 5 5 20 0 0 7 21 2 12 0 0 4 7 
2 2 5 31 3 7 1 1 1 12 3 17 2 2 4 42 2 4 1 2 4 14 0 0 2 2 3 30 3 38 2 2 3 6 0 0 2 2 2 2 3 18 1 38 2 2 2 2 3 10 1 5 0 0 0 0 2 4 2 2 1 1 3 18 
5 7 2 2 2 10 1 11 1 1 3 8 6 50 0 0 2 2 1 24 4 12 3 21 4 10 1 6 0 0 8 42 3 10 0 0 3 11 2 27 0 0 2 45 1 1 3 132 3 11 2 2 4 8 2 2 3 6 4 5 1 1 2 7 
2 54 1 1 3 3 1 1 3 12 1 1 2 2 3 8 4 42 1 4 0 0 3 10 1 1 2 6 1 9 2 3 3 3 3 7 1 1 6 44 0 0 4 8 5 32 0 0 2 11 0 0 2 2 1 8 1 8 3 8 1 5 1 1 
2 4 0 0 3 8 2 7 2 6 1 4 0 0 2 4 0 0 1 6 1 1 3 8 1 1 4 75 1 5 2 2 1 4 3 16 2 4 5 45 3 5 4 12 4 41 0 0 2 331 3 5 0 0 1 1 5 5 0 0 3 12 3 29 
3 20 2 3 3 10 2 129 0 0 0 0 1 1 2 5 5 125 3 4 0 0 3 9 3 23 0 0 2 3 2 2 2 2 1 26 0 0 1 10 3 4 1 4 1 1 1 3 2 2 1 23 3 9 4 11 1 6 3 3 2 2 1 3 
3 6 1 1 1 1 0 0 2 3 4 18 0 0 3 8 1 1 2 17 2 7 1 1 2 143 4 15 3 6 5 23 5 43 4 45 3 15 1 1 4 4 1 1 3 10 3 4 1 2 3 11 0 0 0 0 1 1 1 1 2 38 1 4 
0 0 5 8 1 2 1 2 2 2 0 0 3 3 4 13 2 4 2 2 2 3 4 23 3 14 2 2 3 4 5 6 4 16 2 4 2 6 2 22 1 1 1 3 1 103 2 6 0 0 1 4 2 11 2 2 2 13 1 1 0 0 2 4 
4 5 0 0 4 148 1 1 3 6 3 3 1 10 4 16 2 6 0 0 1 1 1 1 1 1 3 25 2 4 3 16 1 18 1 7 3 14 2 4 0 0 3 77 1 1 2 10 3 12 1 10 1 1 3 263 2 25 0 0 2 3 2 4 
4 124 2 2 4 34 2 3 0 0 1 1 4 16 0 0 0 0 3 3 1 1 1 1 4 32 1 1 1 1 0 0 3 8 2 9 0 0 1 1 4 89 1 1 2 35 3 61 0 0 3 3 3 6 3 6 2 5 0 0 0 0 1 1 
3 10 1 1 1 4 2 2 5 21 3 7 1 1 2 7 3 6 4 4 1 2 3 32 4 13 2 2 2 2 2 2 0 0 3 34 5 20 0 0 3 3 0 0 3 49 3 13 2 4 3 179 0 0 4 33 2 8 0 0 3 4 5 15 
2 3 5 13 4 24 5 22 4 7 2 3 2 2 1 4 1 1 4 5 1 1 3 3 0 0 3 9 0 0 1 5 2 133 3 3 5 5 2 2 1 1 5 17 2 14 4 6 1 1 1 9 3 6 2 5 4 14 2 6 1 72 1 1 
5 26 0 0 0 0 1 1 0 0 1 1 1 1 1 3 4 4 3 3 0 0 1 11 1 1 1 1 3 3 3 5 2 3 3 11 2 3 5 269 0 0 4 12 3 17 2 11 3 24 1 25 1 3 1 1 8 37 2 14 1 1 3 5 
3 179 3 3 0 0 7 51 2 25 2 4 5 12 3 37 2 6 2 2 5 23 0 0 2 6 2 4 4 111 3 11 3 4 5 51 2 8 0 0 2 3 2 4 1 1 1 2 0 0 1 1 5 56 6 21 0 0 2 2 1 1 7 72 
1 7 2 3 4 5 5 28 3 90 3 9 1 1 4 6 2 18 2 7 1 2 0 0 3 3 2 24 4 23 3 7 3 4 1 1 2 4 4 9 3 3 0 0 2 2 2 14 2 175 2 12 1 1 2 34 4 10 0 0 2 2 2 10 
1 28 3 6 0 0 1 1 1 2 2 5 1 4 1 1 2 4 5 14 6 13 0 0 4 23 2 15 1 3 2 6 3 4 1 1 1 2 1 1 1 1 1 1 1 1 2 4 2 13 3 9 4 13 3 8 2 2 3 7 2 6 3 2603 
1 2 1 1 5 16 1 1 2 2 1 1 2 19 1 10 1 10 1 7 3 3 0 0 2 14 2 4 3 9 2 2 3 16 0 0 3 7 2 3 0 0 0 0 4 7 6 22 3 12 1 1 1 1 4 64 2 2 2 6 1 1 2 4 
3 14 1 1 2 3 2 11 2 19 1 1 4 7 1 2 2 66 1 23 4 60 2 6 3 3 1 2 3 5 3 873 4 22 4 5 2 33 2 2 0 0 2 2 1 6 3 7 2 8 1 6 1 1 0 0 3 7 2 4 3 16 3 3 
1 9 3 13 2 212 0 0 4 37 2 4 2 3 1 4 1 1 5 10 2 2 2 2 2 7 2 3 2 6 2 2 1 1 2 7 1 1 6 20 2 46 2 4 1 1 0 0 0 0 2 7 2 2 2 133 1 1 3 24 1 1 2 4 
2 7 2 7 4 13 0 0 3 3 1 1 4 5 2 21 3 469 3 6 0 0 1 1 3 15 2 19 2 5 2 2 2 3 2 25 1 21 1 5 3 4 4 9 3 10 3 7 1 15 2 4 2 91 4 255 2 8 5 40 5 6 0 0 
4 11 2 23 1 41 5 13 2 117 3 11 2 8 0 0 2 3 4 49 2 8 3 30 2 15 3 12 2 85 1 1 1 3 0 0 1 4 2 4 2 4 4 30 0 0 0 0 2 2 2 6 1 5 0 0 3 3 4 14 1 1 4 79 
1 2 3 3 2 42 2 4 2 3 3 9 2 2 1 1 2 2 2 2 3 12 0 0 2 3 2 5 0 0 1 2 3 7 4 4 5 8 1 8 1 5 3 17 0 0 0 0 4 11 2 3 1 1 2 6 2 4 0 0 0 0 2 7 
0 0 0 0 2 3 3 13 3 4 2 3 1 3 3 5 3 8 2 2 2 3 2 7 1 1 2 3 1 2 3 12 2 3 3 10 2 4 2 10 2 8 1 2 2 13 0 0 1 1 2 2 2 8 3 201 2 51 2 9 2 12 6 16 
2 2 2 12 0 0 2 2 0 0 4 11 4 36 3 5 2 6 4 28 2 2 1 2 2 8 2 2 1 1 0 0 5 10 5 60 3 10 0 0 2 4 1 9 3 25 2 4 7 33 1 42 1 2 5 12 3 9 3 14 0 0 2 2 
1 1 3 124 0 0 4 559 2 4 2 24 3 4 0 0 4 65 3 8 0 0 2 36 2 9 5 61 1 11 1 5 3 10 2 2 5 12 3 8 3 26 1 24 1 8 2 8 3 5 2 25 1 2 1 3 3 194 2 3 2 8 0 0 
0 0 4 8 3 11 1 1 0 0 2 6 0 0 3 4 2 3 3 44 0 0 0 0 2 5 1 1 2 10 2 2 1 1 1 1 2 3 3 7 4 23 2 3 0 0 1 2 2 7 1 3 2 4 2 36 4 7 2 2 2 22 1 1 
4 270 2 2 2 5 1 1 3 8 5 8 0 0 4 10 1 1 3 4 0 0 5 55 1 1 2 3 1 1 1 551 4 12 2 93 5 8 0 0 5 6 2 3 4 9 3 11 2 22 2 6 3 22 2 2 3 18 2 5 2 29 2 9 
4 14 3 3 6 36 2 10 2 2 4 11 4 19 6 18 1 1 4 5 1 3 1 10 3 7 4 37 6 12 4 23 2 2 2 257 1 29 1 1 1 1 2 3 0 0 3 4 3 8 2 2 1 17 2 3 3 4 1 1 0 0 0 0 
0 0 3 11 4 355 1 3 1 1 2 3 3 3 3 21 1 6 0 0 2 4 4 33 2 3 2 3 4 11 1 1 3 18 1 34 3 49 1 1 1 1 2 2 1 182 3 23 1 1 2 2 2 4 4 73 3 62 0 0 2 4 2 8 
4 4 1 2 1 3 2 7 1 1 2 2 1 8 1 1 2 2 5 5 0 0 1 1 2 11 3 14 0 0 1 1 3 15 2 15 1 21 4 16 7 28 1 10 0 0 2 9 2 4 3 22 1 2 0 0 4 16 0 0 2 182 3 13 
0 0 0 0 3 15 1 5 3 13 1 1 4 15 0 0 3 3 0 0 2 2 0 0 1 4 1 2 1 1 3 41 2 2 3 7 1 1 4 12 2 21 2 2 0 0 3 4 0 0 2 23 3 77 2 3 1 43 4 4 4 26 1 3 
3 214 2 4 0 0 2 9 1 2 1 26 4 11 0 0 2 2 3 4 2 2 2 3 3 8 1 9 0 0 3 86 3 8 1 2 5 6 2 3 8 15 1 2 2 3 2 20 3 10 4 6 1 4 3 120 0 0 4 15 0 0 2 15 
1 1 2 10 4 7 3 12 1 4 3 4 2 2 3 10 3 4 0 0 3 99 4 7 3 4 3 3 3 40 2 4 4 12 1 2 2 6 3 8 2 6 3 125 1 1 1 1 3 3 2 13 0 0 4 19 2 2 4 227 2 4 2 4 
3 5 2 2 4 12 3 6 1 1 2 7 1 11 1 2 0 0 2 9 4 16 2 21 2 11 3 51 2 6 1 4 4 4 2 2 6 66 1 3 2 13 3 7 2 29 1 4 1 5 2 2 4 17 3 9 1 1 2 2 1 5 2 10 
4 143 1 66 1 3 1 7 3 8 2 5 4 4 4 34 2 11 1 1 2 5 4 50 1 1 3 3 2 12 2 27 1 3 0 0 1 7 3 7 3 3 3 13 3 3 2 5 0 0 3 71 2 4 2 10 2 3 2 5 2 2 4 26 
2 3 4 19 0 0 1 5 3 28 0 0 0 0 3 11 2 2 0 0 3 11 1 23 3 5 1 1 1 1 4 10 3 8 4 13 1 1 2 2 3 8 2 5 5 14 3 9 5 29 3 3 0 0 2 30 2 581 3 3 2 2 5 13 
5 17 0 0 3 25 1 2 3 34 2 11 1 4 2 3 1 1 2 7 0 0 1 10 0 0 2 2 3 5 3 32 4 25 4 13 3 5 2 9 1 7 4 7 2 2 6 38 1 1 6 6 3 15 1 1 1 6 1 2 4 13 1 1 
2 19 1 1 2 2 1 6 4 24 1 1 3 13 0 0 1 5 1 1 0 0 2 12 3 19 2 2 2 14 1 1 2 3 3 3 4 6 0 0 4 6 2 2 1 1 1 4 5 7 2 20 2 2 2 3 3 10 0 0 1 2 4 27 
2 2 3 12 3 27 0 0 3 15 4 374 0 0 3 9 2 6 5 10 2 4 1 1 2 2 1 7 2 2 3 24 2 2 3 15 3 3 1 2 1 6 2 68 2 5 1 1 3 8 3 31 1 3 2 8 2 143 0 0 3 7 3 21 
1 1 2 4 1 1 0 0 3 6 2 6 2 10 1 3 1 1 4 4 3 3 1 4 3 4 4 77 8 39 2 2 2 399 1 9 0 0 1 4 3 7 3 173 5 35 2 16 1 1 3 3 3 12 1 2 2 19 3 11 1 24 4 6 
2 7 4 45 1 1 2 11 1 6 2 38 1 16 0 0 0 0 2 4 4 9 3 21 3 10 3 5 2 3 0 0 0 0 2 11 3 7 2 3 1 10 3 24 4 4 2 2 1 1 2 3 3 9 2 6 1 1 2 2 1 1 2 2 
4 7 0 0 3 3 2 3 0 0 0 0 2 2 2 2 3 17 1 2 2 6 2 18 3 13 4 22 1 1 4 12 1 1 3 10 1 1 3 33 5 49 0 0 1 1 0 0 3 997 3 56 1 5 1 18 3 4 3 13 1 1 5 22 
1 1 4 8 2 17 1 1 1 1 1 1 5 13 6 74 1 5 3 6 1 203 3 7 2 3 3 11 2 9 2 23 4 5 2 11 3 26 3 6 1 1 1 1 2 6 1 1 2 6 4 6 3 4 3 6 0 0 2 11 4 52 5 59 
1 28 1 2 3 6 3 4 1 26 1 6 3 13 0 0 2 5 4 13 1 1 5 7 0 0 1 1 1 6 4 13 5 20 4 14 0 0 2 6 2 26 2 6 0 0 3 8 1 1 2 5 1 1 3 11 1 1 1 8 2 2 7 39 
0 0 4 5 1 12 1 1 3 4 1 1 7 58 2 3 3 11 2 3 3 154 2 2 6 78 2 2 4 21 4 9 0 0 1 1 3 11 3 33 2 6 4 15 1 20 0 0 0 0 4 19 2 2 1 1 4 4 1 3 2 8 1 8 
2 6 0 0 1 1 1 1 3 3 2 9 2 96 2 7 1 3 1 2 3 4 3 18 2 2 1 1 2 3 1 1 0 0 0 0 0 0 3 5 3 4 1 5 2 2 4 135 2 2 2 2 1 7 2 4 4 29 2 2 2 12 6 12 
4 10 1 2 1 1 2 10 2 6 2 41 3 3 2 6 0 0 7 39 6 9 4 6 2 5 3 4 2 13 1 6 1 7 1 1 6 52 1 3 2 3 1 1 4 27 4 6 3 3 1 1 2 4 3 52 2 14 0 0 0 0 1 118 
0 0 4 10 3 5 1 3 3 11 2 4 6 6 1 1 4 9 1 1 3 15 1 2 2 15 2 3 2 4 1 1 0 0 1 3 2 2 6 22 3 13 3 8 4 9 3 4 2 3 1 1 5 7 3 11 2 9 1 6 1 4 3 25 
3 13 4 11 0 0 3 3 1 1 1 31 1 1 2 7 1 9 1 2 3 7 3 3 1 1 2 19 1 2 2 10 4 12 0 0 0 0 2 4 3 19 1 1 4 18 2 4 1 2 5 76 1 1 3 47 2 5 3 9 4 24 4 22 
3 9 2 12 1 1 3 6 3 10 2 4 0 0 1 8 3 25 0 0 5 6 4 11 1 1 3 14 2 119 1 1 2 7 2 7 3 6 1 1 2 2 0 0 1 1 2 87 1 121 1 1 2 2 2 7 0 0 2 2 3 37 2 7 
4 31 4 38 2 7 5 179 1 11 0 0 4 18 3 20 2 4 3 5 2 26 2 105 4 7 2 2 0 0 1 1 2 2 1 3 0 0 1 21 4 5 4 13 2 4724 2 10 2 2 1 3 2 3 2 4 2 2 0 0 1 46 4 7 
1 8 0 0 1 3 2 4 1 1 0 0 2 2 4 14 3 3 1 4 1 1 2 11 0 0 3 24 1 5 1 1 1 6 1 2 4 16 2 2195 2 5 4 1517 2 4 0 0 0 0 2 3 2 7 1 230 1 1 5 10 0 0 1 2 
2 3 0 0 2 142 2 3 2 7 2 8 0 0 3 203 3 6 2 210 4 4 2 2 2 2 4 7 3 14 3 5 1 4 2 7 1 1 1 1 1 1 4 13 4 22 1 1 2 2 1 3 0 0 3 3 0 0 3 6 0 0 1 2 
0 0 3 3 1 2 3 16 2 6 1 1 4 165 3 244 3 3 1 10 2 4 2 2 4 24 2 12 4 17 2 11 3 20 5 23 1 1 2 9 1 1 0 0 1 5 3 35 3 304 1 1 4 11 0 0 0 0 3 5 1 14 1 1 
3 9 1 1 4 20 1 2 1 6 3 9 4 19 0 0 3 9 4 7 2 7 1 1 1 1 1 1 5 54 3 31 5 25 5 23 5 5 0 0 7 42 0 0 0 0 1 5 2 37 3 3 2 199 1 1 0 0 3 6 2 12 3 9 
4 27 2 4 3 5 2 2 1 6 0 0 6 9 2 3 0 0 5 9 6 32 4 24 0 0 1 1 1 1 2 6 3 8 3 19 1 1 2 6 2 2 2 14 5 84 2 2 0 0 3 10 4 42 2 4 2 30 1 1 2 2 2 25 
1 1 2 17 1 2 0 0 3 3 1 12 2 6 2 49 2 9 1 20 3 143 1 1 4 6 1 1 0 0 3 3 2 4 2 6 2 2 3 4 4 28 2 9 3 8 0 0 0 0 3 3 4 10 0 0 5 43 2 8 0 0 3 8 
1 2 2 3 1 1 2 46 3 25 2 29 1 3 1 3 1 1 4 4 6 15 1 2 1 4 2 3 2 208 0 0 0 0 2 2 1 1 1 1 2 4 3 5 2 23 1 3 1 1 1 25 2 4 2 4 1 1 3 28 0 0 4 55 
3 44 5 13 1 5 2 2 0 0 1 72 4 37 5 14 2 13 0 0 1 8 2 11 6 34 1 2 1 2 1 1 1 5 3 9 1 1 5 24 2 3 2 289 2 2 3 5 2 2 2 2 1 1 6 16 0 0 2 3 2 2 0 0 
0 0 1 1 1 1 2 26 1 1 3 9 3 15 1 2 2 8 1 7 0 0 3 17 1 1 0 0 0 0 4 12 0 0 4 10 3 3 3 3 1 5 1 32 2 4 5 63 4 14 1 4 2 35 0 0 5 87 1 3 1 1 2 4 
0 0 1 1 3 26 1 2 0 0 5 79 2 19 0 0 0 0 1 2 2 3 4 24 2 3 1 1 2 3 3 3 1 24 2 15 1 1 1 1 2 3 2 2 3 4 1 1 3 45 3 45 1 7 3 3 3 8 0 0 2 3 5 12 
1 3 0 0 0 0 4 19 1 12 2 2 1 1 2 2 2 2 1 4 0 0 2 275 1 1 2 14 1 1 2 14 3 7 2 5 1 1 0 0 5 48 3 3 1 1 3 12 2 11 3 3 2 4 2 17 0 0 2 3 3 17 1 1 
1 7 5 150 3 5 2 3 1 1 3 3 0 0 0 0 0 0 1 1 1 7 4 38 1 14 1 1 3 3 4 61 1 5 2 12 1 1 0 0 4 10 2 400 1 1 1 3 3 3 2 4 0 0 2 6 7 17 1 222 1 57 2 7 
3 1456 2 46 2 16 4 8 0 0 4 16 1 1 1 1 2 7 2 10 4 11 0 0 2 5 4 17 1 1 1 1 0 0 0 0 4 23 4 66 3 5 2 19 5 7 2 6 4 5 1 1 1 1 4 10 3 10 4 21 3 26 2 2 
3 3 0 0 5 37 3 36 3 5 1 1 3 3 2 2 3 8 1 1 2 6 2 3 1 1 4 12 2 9 1 1 3 10 4 66 0 0 2 10 1 50 2 2 0 0 3 11 3 5 4 6 0 0 3 4 5 118 2 21 2 15 5 426 
0 0 2 2 3 36 2 3 0 0 2 7 3 9 1 1 1 5 0 0 2 2 0 0 0 0 6 56 3 3 4 1983 3 18 4 5 3 6 2 2 0 0 1 1 1 1 3 3 2 7 2 2001 1 8 4 11 5 7 1 1 3 3 2 6 
0 0 2 10 2 14 2 14 3 4 3 3 4 24 5 29 4 36 5 8 2 156 1 1 1 2 1 26 4 12 3 8 1 1 2 3 2 12 1 4 3 212 6 22 2 2 1 1 4 58 3 14 0 0 0 0 2 2 2 2 2 10 0 0 
0 0 1 2 2 6 2 13 1 1 3 4 6 27 2 4 2 12 2 17 2 6 3 11 1 10 3 13 6 21 3 3 7 71 1 2 1 1 3 3 1 17 2 3 0 0 3 12 1 16 0 0 2 3 2 32 4 34 2 2 1 1 3 6 
3 4 1 1 2 3 0 0 2 3 2 8 3 14 3 22 1 1 1 1 5 10 0 0 3 13 2 7 4 31 2 2 2 4 6 12 2 142 1 1 4 4 2 25 1 20 1 1 3 6 1 1 5 30 1 1 1 1 3 554 2 7 2 2 
2 21 0 0 0 0 5 12 2 6 1 42 4 21 2 6 1 6 2 3 2 5 4 100 1 1 1 1 1 6 1 33 1 1 4 39 1 1 1 20 1 2 3 4 1 34 1 1 2 8 3 3 2 338 3 5 2 3 1 14 4 12 1 5 
2 2 0 0 3 21 4 7 3 11 1 1 2 2 4 5 2 6 0 0 1 3 1 40 4 344 2 20 4 176 2 12 1 5 0 0 2 2 2 11 0 0 3 3 4 19 5 19 3 8 1 1 0 0 1 21 3 4 2 2 2 4 3 43 
4 8 1 1 4 28 1 3 4 16 4 4 4 53 1 1 1 1 3 9 3 6 2 5 3 11 1 1 3 20 2 2 7 22 2 32 3 7 1 3 1 1 2 2 3 15 4 7 2 11 1 1 5 40 2 2 2 4 1 5 2 2 1 3 
3 4 4 4 0 0 0 0 2 4 0 0 2 2 2 3 1 1 2 2 1 9 2 17 2 6 0 0 0 0 0 0 4 22 0 0 0 0 6 57 3 15 1 2 4 9 0 0 2 2 4 16 2 2 1 1 1 1 2 4 2 2 2 5 
3 59 2 2 4 4 0 0 4 12 3 8 2 2 3 5 2 2 1 3 4 16 3 25 1 1 3 17 2 6 1 17 4 6 2 48 2 4 3 4 2 2 1 1 5 9 4 12 3 4 2 2 3 4 0 0 3 10 3 3 0 0 3 33 
1 1 3 6 2 3 2 42 2 9 2 44 1 1 3 7 3 55 4 8 3 51 3 3 2 8 1 1 4 27 3 51 2 17 1 10 4 12 2 2 2 10 6 17 3 3 1 1 3 3 1 1 4 14 3 5 2 3 2 10 2 16 2 5 
2 79 3 9 1 1 1 2 3 3 0 0 3 8 0 0 3 6 0 0 2 2 2 14 4 17 1 1 3 4 2 2 3 4 1 1 2 3 1 10 2 6 0 0 4 8 3 224 2 4 1 3 3 23 1 1 0 0 2 2 3 5 1 1 
4 4 2 6 3 15 2 2 4 7 1 2 2 4 0 0 2 2 1 1 1 1 4 16 2 2 2 37 1 1 1 9 4 4 1 9 3 5 1 3 3 3 1 6 2 9 3 4 1 4 6 475 2 2 0 0 2 2 0 0 3 10 4 6 
1 1 2 14 2 4 2 7 3 4 1 1 5 21 4 30 3 5 0 0 2 321 1 1 1 1 1 10 2 3 2 7 1 6 3 3 2 2 3 6 1 2 2 4 2 5 3 7 4 12 4 25 1 1 0 0 3 346 3 6 1 4 1 1 
2 6 5 35 1 1 2 2 4 12 4 6 4 343 0 0 2 4 1 1 5 43 1 1 2 25 3 4 4 13 1 1 3 19 2 2 2 2 5 10 2 18 3 4 2 9 0 0 0 0 2 14 0 0 1 2 4 11 5 503 4 8 0 0 
6 16 1 1 2 3 1 3 2 9 0 0 3 6 2 7 1 5280 2 5 0 0 2 2 3 7 3 16 3 17 1 8 3 33 2 2 3 12 3 8 2 4 1 1 0 0 8 32 2 13 1 1 1 2 1 1 4 16 4 13 3 10 2 35 
3 8 2 4 3 7 5 8 5 113 2 57 1 1 2 11 2 11 5 9 2 5 3 44 1 2 1 1 5 7 4 117 0 0 2 16 1 4 3 927 4 18 4 11 2 4 4 9 3 15 1 2 1 5 3 30 1 1 4 38 1 1 2 2 
2 3 4 44 2 2 2 3 1 4 2 2 3 30 2 4 1 1 3 6 0 0 2 2 2 2 3 15 3 23 4 2953 5 25 3 3 5 28 4 34 3 7 2 2 2 5 2 5 3 54 5 30 0 0 2 90 0 0 3 26 1 1 1 1 
3 12 3 392 3 30 1 1 3 127 5 54 0 0 6 226 2 2 6 7 1 5 1 1 2 5 0 0 2 4 2 4 3 13 2 2 4 4 6 46 1 6 4 10 1 1 0 0 4 43 1 1 2 3 2 66 0 0 2 10 2 2 2 4 
0 0 2 3 3 40 1 1 1 1 4 49 1 2 2 2 1 1 1 1 3 3 1 1 0 0 3 3 1 13 4 9 4 9 0 0 1 1 4 8 0 0 3 5 3 38 2 150 3 6 1 7 0 0 1 1 3 9 2 8 2 7 2 12 
2 59 2 54 3 4 1 5 2 2 4 46 0 0 0 0 2 9 2 3 6 15 2 10 3 6 2 661 1 1 1 1 1 1 1 2 1 5 6 17 0 0 3 4 2 2 0 0 4 5 2 12 0 0 2 3 1 6 3 6 4 5 1 1 
1 1 3 4 1 1 2 31 2 2 1 8 3 4 3 5 3 15 5 155 3 9 1 1 5 6 3 22 3 3 1 1 2 18 0 0 1 1 1 1 2 4 1 1 1 2 1 1 2 2 2 2 3 91 5 35 4 5 3 4 0 0 3 14 
3 9 0 0 1 1 4 6 1 35 1 1 3 3 2 3 1 1 2 2 1 3 0 0 2 3 6 18 2 2 2 7 1 1 5 39 1 4 6 11 6 10 3 25 3 10 2 2 1 1 6 8 1 1 3 86 2 6 2 12 2 4 3 115 
6 13 0 0 2 5 1 4 2 3 0 0 7 14 2 7 3 114 4 33 0 0 2 4 3 3 1 1 2 20 1 6 0 0 2 7 1 1 0 0 1 1 3 16 0 0 1 9 4 10 1 1 2 4 3 180 3 19 2 12 2 3 3 6 
1 8 1 1 3 25 5 28 2 2 3 15 3 6 0 0 0 0 2 36 3 3 2 18 2 5 1 1 3 20 2 2 4 109 2 24 1 1 2 2 3 58 1 1 3 165 1 5 0 0 5 19 4 74 1 5 2 2 4 28 1 1 4 8 
1 4 4 11 3 7 3 15 0 0 1 1 2 2 3 26 0 0 2 2 0 0 2 2 2 7 0 0 1 1 3 4 0 0 1 1 6 32 1 1 1 4 0 0 5 7 1 1 3 7 3 30 1 24 3 10 5 17 1 4 1 1 2 2 
3 5 4 52 2 21 1 2 2 17 2 4 1 1 2 14 3 3 4 25 1 1 4 12 3 61 2 3 2 2 1 7 2 2 2 5 3 24 2 4 1 1 2 7 2 9 3 12 3 7 3 4 1 1 1 7 5 43 0 0 2 15 1 3 
0 0 0 0 3 20 2 14 1 1 4 32 0 0 3 34 0 0 2 12 4 194 2 10 5 27 3 8 2 7 1 1 4 6 3 15 3 17 0 0 1 1 1 8 2 3 2 61 5 24 3 3 4 22 3 42 4 15 2 8 3 3 4 7 
2 10 1 2 2 5 4 11 2 4 2 2 4 10 0 0 5 29 4 15 1 1 1 1 3 3 5 22 6 16 2 4 2 3 2 5 3 14 2 9 0 0 3 8 1 8 2 16 0 0 2 10 2 2 1 37 2 13 3 6 4 15 5 9 
2 2 2 6 1 9 1 4 4 113 3 5 2 5 0 0 3 7 1 1 1 1 1 1 0 0 2 12 4 7 2 9 1 1 1 1 3 24 2 5 1 1 2 6 1 1 2 16 3 12 4 7 8 19 2 36 6 115 3 158 6 14 3 14 
4 11 2 16 1 3 3 4 0 0 2 4 3 11 4 22 1 1 1 4 5 1472 3 1240 4 13 2 3 0 0 2 9 3 10 4 47 2 2 1 1 2 26 4 13 2 2 1 1 2 2 1 1 2 231 3 4 0 0 1 1 1 4 1 10 
3 11 1 70 1 1 4 8 1 7 6 19 2 3 0 0 5 29 0 0 3 3 2 2 5 41 4 8 2 2 4 13 4 4 0 0 4 9 1 3 5 7 2 16 4 380 4 21 3 15 0 0 0 0 3 3 2 3 3 8 7 25 1 13 
2 2 2 6 0 0 3 3 2 6 2 5 4 9 3 8 3 8 3 22 2 30 2 2 3 9 3 36 4 60 1 1 3 3 3 4 2 2 2 5 1 1 2 4 0 0 2 5 0 0 3 8 1 1 2 12 3 9 2 3 2 6 3 23 
2 3 1 6 4 16 2 18 2 6 2 2 0 0 3 4 1 1 1 1 3 9 1 1 1 2 4 4 0 0 5 10 2 10 1 1 2 10 4 6 1 1 2 3 6 12 0 0 3 4 4 16 2 2 1 1 1 1 4 11 2 58 1 1 
1 1 4 10 3 9 2 11 2 3 1 25 1 8 1 1 3 21 4 10 4 18 0 0 2 16 2 3 0 0 3 25 4 35 1 1 1 2 4 6 0 0 0 0 2 6 4 5 1 2 3 13 0 0 1 13 2 4 0 0 7 132 1 39 
1 1 0 0 2 4 4 18 2 54 1 19 2 2 3 16 0 0 2 9 3 21 0 0 0 0 1 1 2 30 2 3 1 1 2 5 2 2 2 5 2 3 0 0 3 6 3 19 3 3 2 4 2 2 1 1 0 0 3 15 2 10 5 43 
2 3 7 17 1 1 3 80 4 12 6 13 3 1304 3 16 1 5 0 0 3 13 4 8 3 14 3 31 2 7 4 15 1 1 2 2 1 1 0 0 1 1 2 3 1 4 3 4 1 10 0 0 2 13 2 2 2 2 1 47 3 8 0 0 
0 0 3 25 2 2 3 3 5 18 3 3 2 3 1 1 0 0 4 30 3 10 1 1 3 41 1 1 1 1 1 36 3 3 2 4 3 12 2 3 2 2 1 1 2 2 3 29 1 1 2 8 2 2 1 2 2 3 1 1 2 3 3 5 
0 0 3 7 1 1 1 1 3 12 2 3 2 2 2 7 0 0 1 28 4 51 2 6 3 63 3 5 3 50 2 5 4 5 5 18 2 26 2 3 3 13 4 15 1 1 3 37 3 44 2 680 0 0 2 4 3 16 5 13 4 7 3 6 
0 0 2 35 0 0 1 1 1 1 1 1 1 1 3 31 2 10 1 1 0 0 4 10 3 7 2 16 1 10 2 8 5 7 4 4 2 7 3 5 2 3 0 0 0 0 0 0 3 6 1 3 1 1 4 6 5 7 1 1 2 23 1 3 
3 6 1 1 0 0 1 58 3 9 1 40 1 1 1 5 1 1 1 1 1 3 3 6 2 8 0 0 2 7 2 3 2 3 2 2 6 12 3 15 4 4 2 39 1 1 0 0 0 0 0 0 5 15 0 0 2 2 0 0 1 2 1 4 
3 5 1 8 0 0 1 3 3 40 3 13 2 7 2 2 1 1 3 20 3 7 4 4 3 127 2 46 1 1 0 0 8 17 0 0 0 0 3 3 2 18 0 0 0 0 3 10 2 7 2 4 4 214 3 8 2 2 0 0 2 17 3 20 
1 4 3 7 3 4 4 10 3 69 2 7 5 5 2 191 2 2 2 4 3 3 0 0 1 9 1 1 0 0 6 23 4 6 2 5 4 11 0 0 0 0 1 1 1 18 2 7 3 3 2 5 3 3 0 0 2 3 2 6 4 15 2 9 
1 2 0 0 3 24 1 1 3 8 3 3 2 4 2 15 1 1 3 7 1 4 1 3 2 5 1 1 2 2 3 44 4 36 2 2 1 9 7 23 5 7 2 27 2 2 2 17 2 10 4 33 1 1 3 10 2 11 1 1 3 5 2 9 
0 0 1 1 1 1 4 13 2 17 2 7 1 2 3 35 0 0 1 1 3 13 1 1 1 1 0 0 0 0 2 3 3 9 1 1 1 1 2 11 2 5 3 11 6 53 2 180 4 18 2 8 2 3 1 6 3 3 3 5 1 1 1 5 
2 11 1 210 3 5 0 0 1 1 1 2 0 0 2 4 2 21 3 6 2 3 0 0 1 1 3 22 2 13 3 3 2 4 2 5 0 0 2 5 5 9 2 6 3 6 3 9 2 2 2 28 1 1 3 6 4 6 1 8 0 0 1 1 
3 12 3 7 1 14 1 6 1 1 4 22 1 2 0 0 7 33 2 5 1 1 2 31 0 0 3 12 2 6 1 1 5 19 4 63 3 53 2 5 1 41 2 10 2 160 2 2 1 1 2 2 2 2 3 17 2 5 2 4 1 1 2 17 
1 1 1 1 0 0 0 0 3 23 1 1 0 0 3 5 3 5 3 9 2 6 1 3 1 1 4 176 5 6 3 14 2 4 2 6 2 2 3 3 1 1 0 0 3 3 2 2320 1 1 4 12 1 37 1 1 1 1 3 45 2 9 1 11 
1 2 2 17 3 3 2 7 3 35 2 73 6 18 4 390 1 1 2 2 1 3 4 13 3 14 1 2 2 6 2 19 2 6 0 0 2 6 5 9 5 7 1 5 1 6 0 0 4 103 4 7 2 2 0 0 3 13 2 2 1 8 3 32 
3 19 0 0 0 0 2 5 5 210 2 7 3 3 1 6 1 3 3 19 6 102 1 1 1 1 2 4 3 11 3 3 7 39 2 2 6 12 1 1 3 6 7 63 2 31 1 2 0 0 5 12 1 1 1 1 1 1 2 28 0 0 3 6 
5 19 2 7 0 0 2 30 4 18 4 25 0 0 3 49 1 5 2 7 0 0 2 2 3 11 5 26 1 1 3 4 5 270 1 1 1 2 3 26 4 10 2 28 1 1 3 17 2 5 1 405 1 1 6 14 3 4 3 8 4 5 2 22 
2 2 2 6 2 2 2 8 4 53 1 1 1 1 0 0 2 5 0 0 4 7 2 8 4 14 4 27 1 16 3 13 4 4 3 5 2 9 3 56 3 116 2 2 0 0 5 20 2 6 1 18 4 5 3 11 2 3 1 1 5 412 0 0 
0 0 1 7 2 2 3 36 0 0 5 9 0 0 2 10 3 5 1 1 0 0 1 1 1 1 1 9 3 9 2 4 2 18 1 30 3 4 1 1 5 8 6 15 3 332 0 0 1 5 1 1 1 1 3 6 3 3 2 10 1 4 2 1577 
3 17 2 7 1 8 3 109 5 16 3 25 6 31 2 73 2 3 1 5 4 63 2 4 2 7 3 18 2 4 2 2 0 0 0 0 1 2 1 1 3 8 2 128 2 10 1 10 1 1 2 2 3 4 1 1 2 6 1 2 3 11 3 3 
5 18 2 7 3 25 5 12 2 9 4 11 4 51 0 0 2 20 2 13 2 2 0 0 3 3 5 22 1 1 2 2 3 7 4 12 1 4 2 2 0 0 1 11 5 314 1 2 1 1 0 0 2 10 1 1 2 4 2 9 1 1 1 2 
0 0 3 6 1 1 2 2 2 30 1 1 1 10 2 4 2 35 4 8 0 0 0 0 0 0 1 7 3 13 1 1 3 5 1 1 4 5 0 0 5 22 5 1296 0 0 0 0 5 33 1 1 1 13 1 1 1 2 2 5 4 14 2 29 
4 11 0 0 2 181 5 41 2 295 4 52 3 12 0 0 1 1 4 19 2 2 3 23 2 9 3 4 1 1 6 30 3 7 2 4 4 4 1 1 5 13 4 6 3 3 1 1 2 3 2 7 1 1 1 1 2 9 1 13 4 31 3 13 
4 11 2 2 4 34 1 33 2 100 2 18 3 5 2 2 3 29 1 1 1 1 0 0 1 1 1 8 2 7 0 0 4 16 0 0 3 3 2 3 1 4 3 131 3 7 2 2 1 1 3 3 2 4 0 0 2 3 1 6 1 1 1 1 
0 0 1 75 1 71 2 17 1 1 3 31 5 20 0 0 2 2 2 2 1 1 5 1046 2 2 4 4 3 33 3 5 0 0 0 0 3 3 1 4 3 10 3 27 2 4 5 77 0 0 2 8 0 0 2 2 6 15 2 13 1 4 0 0 
1 2 1 1 3 11 4 25 1 7 2 4 2 51 3 7 2 11 6 1473 1 1 4 13 2 2 3 52 0 0 1 9 4 38 2 29 2 2 2 3 6 19 3 3 1 1 1 1 2 21 3 7 0 0 4 9 1 2 1 23 0 0 4 48 
2 2 6 17 3 42 1 4 2 19 1 140 0 0 0 0 1 4 0 0 0 0 3 5 2 3 2 9 4 9 0 0 1 1 0 0 0 0 3 15 2 2 0 0 3 20 4 18 2 4 2 2 4 21 1 9 1 1 0 0 5 8 4 11 
3 11 1 8 0 0 2 3 5 16 1 1 0 0 4 15 1 1 3 26 3 7 2 5 4 26 1 10 2 2 3 8 3 9 2 4 1 1 1 2 1 1 2 14 3 6 1 4 2 7 3 16 0 0 2 52 3 3 4 14 0 0 3 46 
4 11 1 1 1 3 1 4 1 3 2 15 1 5 1 25 3 33 3 7 2 5 2 5 1 1 2 4 0 0 4 260 5 6 2 2 3 3 0 0 2 5 1 1 4 15 2 24 1 2 6 10 0 0 4 25 1 6 2 2 5 9 3 12 
2 6 1 1 2 44 2 73 5 14 0 0 1 1 2 7 1 2 1 6 5 315 1 1 3 3 1 1 1 1 4 23 4 12 0 0 0 0 2 73 2 2 1 3 3 11 6 26 6 20 4 109 2 4 0 0 2 2 1 6 1 2 2 5 
1 3 1 3 0 0 2 7 6 15 2 2 7 20 1 1 3 11 1 1 1 28 3 4 4 13 2 3 4 605 3 31 3 4 1 2 1 11 4 16 1 1 2 3 2 13 0 0 1 6 2 5 3 4 5 35 5 8 5 5 1 1 0 0 
2 2 1 11 4 64 3 8 2 5 2 4 2 10 2 5 2 12 3 12 2 6 0 0 0 0 2 298 1 1 2 3 3 12 1 1 3 13 1 1 1 1 1 1 2 8 2 7 2 2 2 6 1 2 2 2 0 0 0 0 2 2 0 0 
1 75 2 53 2 6 4 4 2 9 4 6 2 6 3 169 1 1 3 11 1 1 2 3 0 0 1 30 2 2 2 2 4 11 1 1 5 59 2 3 2 24 5 14 4 119 1 84 2 11 2 3 1 1 1 2 8 46 3 8 2 2 1 2 
5 353 5 32 4 10 2 4 2 9 1 4 1 1 1 2 4 7 2 3 3 4 0 0 3 14 2 19 1 1 2 8 0 0 1 7 1 1 1 1 4 9 2 2 3 291 0 0 1 3 3 10 4 5 2 19 1 21 4 4 0 0 2 2 
4 29 1 5 1 1 3 10 2 11 3 15 1 15 4 10 1 1 2 30 1 1 0 0 6 25 3 14 0 0 2 3 1 1 4 5 4 18 4 13 1 29 1 1 1 6 5 12 3 44 1 2 2 2 0 0 2 12 1 5 3 7 3 8 
3 13 1 1 0 0 4 4 2 44 0 0 1 1 3 19 1 3 4 13 1 12 2 4 1 76 3 21 4 6 1 2 1 55 2 2 0 0 2 6 3 6 1 1 1 1 2 16 2 2 2 51 1 1 2 16 1 1 1 1 2 4 2 2 
0 0 0 0 5 16 3 21 3 10 3 3 1 1 4 19 2 6 1 1 1 1 3 3 2 22 1 1 3 11 5 32 4 16 0 0 1 3 1 5 1 2 0 0 3 8 4 28 0 0 2 15 2 3 5 10 1 3 4 13 2 11 1 28 
3 13 3 16 1 1 4 8 3 3 1 2 2 2 2 2 2 2 1 1 3 624 1 3 1 26 6 76 1 2 2 2 1 26 4 78 2 2 6 1391 2 6 3 3 0 0 2 9 6 9 1 7 0 0 0 0 2 6 2 34 2 28 2 7 
2 10 2 2 0 0 3 3 1 32 1 1 2 2 0 0 5 20 2 3 3 5 3 5 0 0 0 0 3 10 2 25 4 13 1 1 3 4 3 46 3 8 2 36 2 6 2 7 1 1 2 2 0 0 3 42 3 4 4 8 1 1 1 1 
2 2 4 12 0 0 3 14 0 0 0 0 2 3 1 11 0 0 5 16 0 0 1 1 3 52 2 3 2 8 1 1 2 2 1 9 2 3 2 2 6 201 0 0 1 9 0 0 5 14 2 2 1 2 3 15 2 96 2 19 1 20 4 18 
1 10 4 17 2 2 3 18 2 116 2 18 4 11 0 0 2 4 3 6 4 15 2 2 0 0 3 18 0 0 3 15 4 8 2 2 1 1 1 9 0 0 0 0 0 0 1 1 3 3 2 4 2 6 2 9 1 1 1 1 0 0 2 10 
5 5 1 1 2 5 1 1 0 0 2 5 1 23 4 9 4 36 1 9 6 23 5 37 2 3 4 21 1 1 2 2 1 1 2 3 1 2 0 0 2 2 4 5 4 4 2 2 3 56 1 1 1 1 1 1 1 18 3 13 1 16 2 2 
1 1 4 16 1 1 2 2 3 7 1 8 2 2 1 1 2 2 3 3 4 7 1 1 4 70 2 2 1 1 1 2 2 7 4 23 2 2 3 11 1 3 4 84 1 1 0 0 0 0 3 18 2 22 0 0 3 1464 5 34 3 5 3 5 
1 2 3 158 3 7 2 2 2 42 0 0 1 1 3 47 2 4 2 3 1 8 2 3 2 6 1 1 4 5 2 2 1 4 4 14 0 0 0 0 1 12 1 1 1 1 2 19 5 9 3 13 2 2 2 9 2 2 0 0 2 2 1 9 
3 9 2 2 4 9 6 63 2 2 5 9 1 1 3 8 6 67 1 3 1 1 2 3 3 3 3 8 2 14 0 0 0 0 3 3 3 8 5 34 5 9 1 4 0 0 2 2 4 16 2 204 3 5 2 42 3 26 3 25 0 0 0 0 
3 32 4 5 4 12 1 5 2 2 1 4 1 1 3 11 7 40 2 2 0 0 0 0 0 0 2 3 5 25 3 15 2 2 1 11 2 3 2 42 3 3 3 6 4 9 4 32 1 8 3 7 1 1 3 9 0 0 1 2 2 6 2 10 
2 7 1 5 4 88 3 6 2 7 2 2 3 3 3 13 0 0 4 19 3 21 3 3 2 5 1 4 2 4 1 1 3 49 1 1 1 1 0 0 1 1 1 1 1 2 1 3 2 18 2 2 5 10 3 27 0 0 2 2 0 0 1 1 
0 0 5 28 1 2 1 6 2 2 1 1 2 7 3 21 7 14 0 0 4 15 4 9 2 8 3 4 3 24 2 2 3 139 0 0 2 10 2 346 4 53 1 1 0 0 3 9 2 37 3 5 1 1 3 8 1 1 0 0 4 24 2 10 
2 2 0 0 3 22 1 1 3 7 4 36 5 14 2 2 1 2 0 0 3 4 4 7 4 6 3 3 1 1 3 7 1 3 0 0 1 5 3 3 1 1 1 1 4 291 2 53 1 2 4 13 1 2 0 0 3 7 4 22 2 2 1 5 
4 36 1 1 1 21 3 61 1 1 4 212 1 1 3 4 3 7 1 11 2 2 2 4 6 9 1 1 1 1 2 22 2 36 1 1 2 17 1 1 2 2 1 5 3 4 1 10 4 5 0 0 3 22 6 43 4 10 2 20 0 0 0 0 
1 1 0 0 4 18 2 2 2 7 1 3 2 3 1 1 4 4 1 1 3 3 1 2 1 1 4 69 2 2 3 4 5 7 6 89 1 1 1 5 3 8 0 0 1 5 2 2 2 4 0 0 3 80 4 13 2 14 2 8 4 10 3 5 
1 1 2 9 1 1 3 11 1 4 4 14 2 11 2 10 5 26 1 1 1 5 1 4 0 0 1 1 3 6 2 15 1 4 2 2 2 19 3 11 0 0 0 0 3 4 1 82 0 0 0 0 5 27 2 7 1 6 3 4 2 6 0 0 
1 1 0 0 3 3 5 47 2 9 0 0 3 13 3 9 1 1 1 1 1 3 1 1 4 6 3 6 3 17 1 4 2 4 2 25 3 35 1 92 1 3 0 0 2 16 1 5 0 0 2 3 4 9 1 4 1 2 3 15 4 26 2 4 
3 79 1 13 3 43 0 0 2 2 5 24 2 27 1 1 2 18 1 1 0 0 2 2 5 19 5 6 3 4 1 2 3 46 1 1 2 2 2 2 2 28 2 18 5 7 3 21 1 1 2 10 3 7 2 2 1 1 2 5 5 70 2 2 
3 10 1 9 2 4 5 6 1 18 3 30 3 644 4 11 2 14 6 15 1 1 0 0 1 31 1 1 9 22 5 29 2 2 1 65 4 13 4 25 4 4 7 28 3 9 2 12 1 2 0 0 4 5 1 7 3 14 2 10 4 65 6 7 
2 4 4 147 2 13 0 0 4 30 1 3 2 55 1 3 1 7 3 5 4 10 4 5 5 15 5 7 5 31 3 13 2 7 0 0 3 12 3 13 2 20 3 3 2 5 0 0 1 2 3 5 3 17 5 10 3 3 3 13 3 10 3 35 
3 3 1 4 3 48 0 0 1 1 1 2 2 4 1 2 1 1 3 31 6 75 2 40 1 7 2 7 6 27 3 28 4 18 2 4 2 2 3 14 4 7 0 0 5 11 3 5 3 24 2 10 4 55 0 0 2 2 4 15 0 0 3 12 
1 370 2 18 2 2 3 8 1 1 2 3 3 6 1 1 2 2 4 123 4 44 3 5 2 10 2 2 0 0 4 9 2 4 5 165 1 1 0 0 2 2 1 4 4 7 1 2 2 76 6 7 1 1 1 6 5 5 2 11 0 0 5 19 
2 2 3 3 1 3 0 0 4 106 2 24 4 20 2 9 1 2 2 2 2 3 5 27 3 8 3 10 4 7 2 3 2 2 1 39 5 15 3 9 3 14 7 76 1 1 2 10 0 0 4 7 2 2 1 1 4 16 1 1 0 0 3 11 
2 2 1 5 0 0 1 1 2 3 1 61 1 1 4 14 2 8 2 7 1 1 2 14 3 7 3 62 3 11 3 3 2 4 4 11 2 36 2 27 2 11 0 0 1 1 4 10 1 6 2 2 3 5 3 11 1 3 1 23 4 4 1 1 
3 7 4 31 4 6 4 13 4 6 2 2 2 5 2 94 0 0 1 1 2 2 4 11 2 23 2 8 2 26 2 13 2 3 2 2 4 5 3 9 1 1 1 4 1 25 2 4 1 2 2 4 1 1 1 2 5 10 5 14 1 1 4 13 
3 80 3 20 3 4 4 15 1 2 1 1 0 0 2 2 1 4 3 3 1 4 1 1 1 3 1 1 2 3 3 495 4 4 1 1 0 0 3 12 1 1 3 6 2 12 0 0 3 4 0 0 2 50 1 4 2 6 0 0 1 1 0 0 
1 1 4 14 1 1 1 9 2 3 1 1 1 3 0 0 2 119 1 1 3 4 2 8 5 76 2 10 1 1 2 9 1 3 3 5 2 6 2 15 2 2 2 3 5 126 0 0 3 6 4 17 1 1 3 13 0 0 1 1 1 2 0 0 
1 1 2 2 3 3 2 25 4 13 0 0 1 1 4 26 2 8 3 238 2 2 9 36 1 1 2 8 2 2 3 6 1 1 4 28 2 12 4 11 2 25 0 0 0 0 1 7 4 4 1 20 6 24 7 11 2 73 2 26 3 62 7 14 
0 0 3 3 1 1 4 16 1 6 0 0 3 7 2 2 5 15 1 1 3 5 2 2 3 11 2 4 2 2 2 8 1 3 3 24 5 16 3 12 1 2 3 10 4 39 2 4 1 4 1 1 1 1 2 2 2 6 3 4 1 2 1 1 
3 23 2 13 4 5 2 5 3 9 0 0 2 30 3 32 3 28 2 2 2 2 3 10 4 54 1 2 3 3 5 9 4 9 1 41 2 4 2 13 0 0 1 1 1 23 2 9 2 2 2 29 2 8 5 12 1 29 1 1 1 2 2 3 
2 2 2 4 6 15 2 12 2 9 2 17 2 18 4 4 0 0 0 0 2 9 2 4 2 7 2 2 2 9 0 0 1 1 2 3 3 5 4 24 1 1 2 42 2 2 0 0 0 0 3 3 6 39 2 2 0 0 1 4 2 6 2 3 
0 0 1 1 3 24 1 1 1 16 0 0 2 4 5 11 2 29 0 0 2 11 1 1 1 4 1 1 0 0 2 6 1 1 4 5 1 2 1 1 3 3 2 2 4 16 0 0 3 12 0 0 1 4 2 3 2 7 4 28 1 1 2 2 
1 48 5 7 3 26 1 2 1 11 2 5 2 20 1 2 2 3 3 8 3 18 3 14 1 4 3 25 2 6 2 3 3 7 2 4 1 1 3 3 1 1 2 17 1 2 3 11 5 5 2 2 3 10 1 34 4 6 4 10 2 26 4 13 
3 21 3 28 2 8 1 2 1 1 0 0 1 1 2 3 4 34 1 12 0 0 1 1 4 6 4 12 2 3 1 17 1 1 5 28 6 16 0 0 4 10 0 0 3 9 1 1 1 240 4 4 0 0 1 4 2 89 1 1 5 37 1 18 
1 6 2 5 2 7 3 8 5 12 4 14 4 11 1 1 1 5 1 1 2 7 2 5 4 22 2 2 4 5 1 1 1 1 5 13 1 1 3 11 1 1 1 1 0 0 3 12 2 19 2 4 1 1 3 3 3 10 1 6 0 0 2 7 
6 29 1 11 1 6 1 1 4 14 2 8 0 0 1 7 1 1 5 11 2 9 3 3 3 4 2 12 4 9 3 18 3 5 2 6 1 1 2 30 2 52 0 0 2 3 5 127 2 3 4 5 0 0 5 11 1 4 2 4 1 1 2 3 
5 19 2 86 1 6 2 2 1 1 5 47 3 4 3 7 0 0 2 16 1 1 0 0 3 62 3 3 1 1 2 7 4 5 0 0 2 19 1 1 3 7 0 0 1 11 3 31 1 1 0 0 1 17 1 5 3 18 1 6 2 9 3 20 
0 0 1 4 3 124 1 3 3 9 2 3 0 0 2 2 3 10 3 5 4 66 5 133 2 126 0 0 4 29 1 1 4 20 3 3 0 0 4 14 2 2 3 3 1 4 1 11 2 23 2 3 2 11 1 3 0 0 1 1 2 13 1 1 
1 5 1 3 0 0 4 12 3 9 2 11 1 1 2 2 2 4 1 1 1 1 1 1 0 0 3 27 5 12 1 26 4 39 1 1 3 6 2 5 5 52 6 34 2 3 1 2 3 88 2 2 3 15 3 3 1 2 1 3 2 4 0 0 
1 1 1 6 1 1 2 6 1 6 2 3 3 4 0 0 1 3 2 7 1 1 2 2 2 40 2 2 4 9 1 3 4 5 1 1 3 8 2 4 2 2 2 5 0 0 2 2 0 0 2 2 2 176 4 9 2 4 3 65 1 26 1 2 
1 6 3 13 1 2 3 22 0 0 1 2 2 8 1 3 2 2 3 3 2 8 3 6 3 4 5 10 2 15 1 1 1 3 0 0 1 7 0 0 3 7 2 2 1 1 3 10 3 560 0 0 4 6 0 0 4 7 0 0 2 5 2 15 
2 3 2 5 1 4 2 247 4 9 1 5 2 5 0 0 2 19 3 33 0 0 1 4 3 10 3 3 2 3 2 3 2 2 5 9 3 3 4 7 1 8 3 5 5 13 2 22 0 0 5 103 0 0 4 4 2 10 2 17 3 31 1 6 
0 0 0 0 0 0 0 0 2 6 1 1 1 1 2 10 0 0 0 0 2 2 1 2 4 44 1 1 1 4 2 79 2 7 0 0 1 5 4 13 5 39 2 4 2 2 1 17 1 2 1 1 1 1 3 26 5 8 4 9 0 0 2 6 
0 0 2 4 2 18 1 2 0 0 1 1 5 11 0 0 2 2 4 193 2 2 1 22 1 1 4 15 2 38 1 6 3 12 0 0 3 3 0 0 0 0 2 12 3 4 1 5 1 1 5 12 1 1 2 12 2 2 2 5 1 1 1 2 
0 0 2 2 0 0 2 2 2 7 3 3 3 3 1 1 0 0 2 10 1 3 3 5 4 10 1 1 3 5 1 1 3 20 0 0 2 2 0 0 2 32 3 3 0 0 5 10 3 6 0 0 2 2 3 24 1 2 2 3 0 0 6 36 
2 3 2 2 1 1 1 1 4 13 3 21 1 1 0 0 0 0 0 0 2 7 2 2 2 2 1 1 1 1 2 9 0 0 4 8 1 1 4 25 0 0 1 19 1 1 0 0 0 0 1 1 1 15 5 32 2 4 2 3 3 13 4 13 
4 4 2 3 1 1 2 2 1 4 3 5 1 1 2 6 4 31 6 32 3 31 6 13 1 1 1 1 4 11 4 10 2 35 4 18 5 8 3 12 2 2 2 32 2 3 3 4 3 3 1 8 1 3 2 2 4 53 1 1 2 2 4 22 
0 0 2 2 0 0 0 0 2 2 5 37 2 3 2 5 1 20 1 3 1 12 4 5 1 1 3 100 1 1 2 2 1 2 1 1 1 4 2 3 3 13 4 4 1 3 1 5 3 30 4 29 1 1 1 5 4 33 0 0 3 3 1 1 
2 6 2 3 4 634 2 2 0 0 0 0 4 19 1 1 2 3 1 1 1 255 2 4 4 1204 1 1 2 2 7 13 0 0 2 18 3 14 2 2 3 17 4 68 1 1 2 2 1 101 4 6 2 4 3 3 1 2 0 0 3 19 2 24 
2 604 2 59 1 2 2 19 2 6 1 1 6 24 0 0 3 11 1 1 2 2 5 27 1 1 2 5 0 0 1 1 0 0 0 0 4 28 0 0 2 2 2 9 3 21 1 6 2 20 1 1 1 4 1 1 4 15 2 6 0 0 1 1 
1 28 2 40 2 25 0 0 1 1 4 5 3 4 0 0 1 7 1 12 2 47 1 5 4 19 2 7 3 352 1 9 4 32 3 4 2 2 1 1 1 1 2 10 3 375 2 11 1 1 0 0 1 1 2 6 3 37 4 12 2 3 3 27 
2 5 4 10 3 7 2 25 1 1 2 4 3 4 2 27 1 6 2 2 1 7 3 15 4 18 2 2 3 25 3 7 3 7 0 0 3 14 2 2 2 13 2 9 2 4 5 11 0 0 3 55 2 4 1 3 1 9 2 8 1 2 1 8 
2 2 3 155 2 29 2 6 3 19 2 4 1 1 2 2 0 0 2 5 1 1 4 6 2 5 1 119 2 20 2 2 5 19 3 13 4 325 1 1 1 5 1 6 1 2 2 5 4 9 0 0 0 0 2 4 1 2 1 1 3 11 0 0 
8 43 5 42 0 0 2 2 4 26 2 4 5 13 1 1 4 13 3 8 5 21 3 8 3 10 6 15 3 18 3 62 0 0 3 3 2 4 2 3 3 127 2 5 3 4 0 0 2 7 2 8 1 1 4 32 1 18 2 3 4 67 2 3 
2 2 1 2 5 10 3 24 1 2 4 6 2 11 4 47 5 19 2 10 4 8 0 0 2 8 4 14 1 1 1 21 3 7 2 3 1 1 4 4 2 6 3 10 2 4 1 1 3 19 1 15 1 5 1 1 3 8 1 23 1 1 5 13 
5 10 2 2 0 0 0 0 1 1 3 3 3 5 1 1 3 10 1 9 1 8 4 7 1 9 1 1 1 6 5 40 1 19 2 99 1 43 2 8 1 2 3 11 4 46 2 14 5 14 1 1 2 2 1 4 4 7 0 0 0 0 0 0 
1 1 0 0 3 9 1 1 2 2 1 2 4 30 1 1 2 2 2 17 1 6 4 18 3 37 3 585 3 66 1 6 3 5 1 2 2 2 3 20 3 7 1 2 3 12 3 14 2 24 1 1 3 7 4 16 2 22 1 3 3 53 1 2 
3 5 1 4 2 35 1 3 1 1 2 2 0 0 2 4 5 11 1 11 1 5 2 19 2 3 6 11 1 2 0 0 3 4 2 7 6 67 3 4 1 1 0 0 3 36 5 351 2 2 1 141 1 25 1 1 0 0 2 2 4 15 2 71 
2 13 3 5 3 4 2 2 4 22 2 37 1 1 3 3 5 8 1 1 0 0 2 2 1 8 2 5 1 1 0 0 3 4 3 26 1 1 5 33 0 0 2 9 3 15 6 10 3 9 4 54 5 1704 5 2168 8 12 1 1 3 19 2 6 
3 24 0 0 3 46 1 6 2 2 0 0 1 44 1 1 2 2 2 3 1 1 2 18 1 3 1 1 2 7 1 1 2 2 2 4 2 27 1 1 2 2 2 2 1 2 4 63 0 0 4 40 4 7 0 0 0 0 1 2 1 1 2 29 
1 1 2 2 1 3 0 0 0 0 2 3 3 11 2 71 7 29 1 1 3 5 2 5 5 25 2 2 3 240 5 30 3 24 0 0 2 3 2 5 1 1 2 3 1 1 0 0 1 48 0 0 1 2 3 7 2 4 2 3 4 37 2 5 
3 41 3 3 3 10 2 2 0 0 2 4 0 0 1 5 3 9 1 14 0 0 3 54 0 0 1 3 3 8 5 17 1 1 2 3 1 2 1 6 4 6 0 0 2 2 0 0 1 1 2 3 0 0 1 1 4 48 0 0 2 3 5 8 
1 1 2 4 3 16 1 1 0 0 0 0 2 50 0 0 1 1 2 2 2 6 3 3 4 15 2 4 3 5 3 3 2 2 2 2 2 8 0 0 2 2 1 2 2 12 4 35 2 70 4 5 2 5 2 11 2 6 2 3 3 3 0 0 
5 25 1 3 1 2 2 15 0 0 2 2 2 4 1 66 0 0 5 16 4 191 4 164 0 0 3 5 5 33 1 1 3 61 2 7 4 32 2 2 1 1 2 14 1 1 3 11 2 2 4 10 1 2 4 4 1 4 4 7 1 1 1 1 
2 4 2 3 1 1 1 1 4 72 0 0 1 2 2 4 1 1 1 8 3 3 5 38 2 2 2 6 2 9 3 18 3 11 1 3 3 8 2 7 1 1 1 5 0 0 3 31 1 4 4 10 1 1 2 23 4 4 0 0 1 14 4 14 
3 8 1 1 1 2 0 0 2 2 2 2 0 0 1 1 0 0 3 8 5 5 1 1 4 10 2 21 3 14 2 10 2 23 4 9 2 2 2 6 1 2 5 13 2 51 2 8 3 6 2 4 3 3 1 28 1 34 1 8 3 13 3 7 
2 6 2 30 1 3 0 0 0 0 2 10 5 5 5 10 2 6 3 17 1 9 1 3 2 2 2 37 2 12 2 7 6 2896 3 3 2 3 1 7 0 0 3 4 4 8 2 7 2 3 1 1 2 3 3 8 2 4 3 15 2 8 1 1 
0 0 3 1271 6 38 0 0 1 1 2 9 5 9 0 0 2 7 0 0 4 7 2 4 0 0 2 6 1 25 0 0 0 0 3 3 1 8 2 14 2 8 3 3 4 16 2 2 5 16 3 3 1 1 2 5 4 15 0 0 4 646 0 0 
3 29 1 1 3 15 2 2 4 72 2 4 2 4 0 0 2 31 2 5 2 10 2 3 2 2 2 5 1 1 3 6 2 2 1 1 2 2 4 67 4 6 7 36 1 5 4 20 1 14 0 0 4 12 2 15 1 1 2 44 4 98 2 10 
4 29 1 3 3 14 4 8 3 3 2 4 1 1 1 1 3 19 2 3 2 164 5 10 2 2 1 1 3 22 3 8 1 1 0 0 3 10 1 1 2 4 1 205 3 5 4 6 2 2 3 15 2 4 3 18 1 1 2 4 2 4 1 1 
0 0 1 5 1 1 2 97 3 5 2 2 2 2 4 16 0 0 1 16 3 42 0 0 4 15 2 112 3 54 2 21 1 1 4 293 1 3 2 2 1 1 0 0 3 3 4 8 3 6 3 26 1 1 3 7 5 12 3 6 2 2 2 8 
3 23 3 3 4 4 3 5 2 18 1 12 1 1 2 2 2 4 0 0 0 0 2 2 2 2 2 245 3 20 1 5 4 34 3 27 0 0 5 85 4 35 1 4 3 3 2 2 1 5 2 8 0 0 2 8 3 60 2 3 2 3 4 13 
0 0 1 1 0 0 2 6 1 1 1 4 3 4 1 1 4 6 2 4 2 5 4 80 3 3 2 6 0 0 3 9 3 3 3 10 0 0 1 1 4 5 0 0 1 1 1 12 4 17 1 8 3 55 0 0 0 0 1 5 4 11 3 3 
2 28 1 3 0 0 1 1 1 1 5 12 5 16 2 3 1 4 2 7 3 12 5 7 1 3 0 0 3 3 1 39 2 2 1 1 3 5 1 1 5 9 1 1 3 14 1 14 2 12 2 8 1 1 0 0 2 2 3 244 8 13 3 23 
3 11 2 2 2 8 2 2 5 40 3 123 2 2 2 2 1 5 2 9 4 115 4 11 2 14 2 3 3 5 2 13 4 7 1 1 2 9 1 1 2 3 3 5 5 11 1 64 5 75 1 3 5 11 5 15 2 3 2 2 1 1 3 3 
3 8 3 27 4 14 0 0 5 32 3 26 3 3 2 7 3 25 1 1 1 2 0 0 2 6 4 10 3 25 1 1 1 1 1 1 1 2 2 2 5 292 0 0 2 4 1 1 1 4 0 0 3 70 1 1 2 21 2 2 0 0 1 2 
3 53 1 1 1 7 3 13 3 8 1 22 4 7 1 1 2 2 3 10 2 5 4 196 3 8 1 2 5 24 2 3 3 39 5 8 3 12 0 0 1 1 2 24 7 22 2 2 3 10 4 10 1 11 4 6 1 2 1 8 2 2 1 1 
2 3 2 4 3 16 2 13 2 6 1 1 3 136 1 1 2 2 1 1 0 0 1 63 0 0 2 7 0 0 2 3 3 16 1 1 2 2 1 1 2 2 1 2 1 2 3 365 1 6 8 24 0 0 3 6 2 2 1 1 0 0 2 13 
1 1 1 1 2 2 2 5 1 1 2 2 3 3 1 1 1 4 2 3 4 113 1 2 3 8 1 1 1 5 0 0 1 1 0 0 4 28 3 14 2 2 0 0 5 66 1 13 4 4 6 26 3 28 2 2 1 3 1 1 1 1 2 20 
0 0 1 2 6 55 2 2 1 1 2 7 3 12 0 0 4 14 3 5 3 9 1 1 0 0 1 1 2 7 1 3 5 23 1 1 1 2 4 21 0 0 1 1 3 8 1 5 3 6 0 0 3 59 3 14 3 7 1 1 2 2 1 3 
5 9 1 3 2 2 3 18 2 2 5 10 3 39 2 13 3 36 0 0 2 9 0 0 5 22 2 4 2 10 3 12 4 6 0 0 2 4 2 35 2 8 3 15 6 45 7 24 4 5 2 7 2 3 1 1 1 1 1 3 3 3 2 3 
3 10 1 1 2 18 0 0 0 0 2 8 0 0 3 16 2 7 2 2 3 11 1 20 0 0 2 2 1 9 1 1 1 1 6 26 2 3 2 3 0 0 2 5 3 5 1 6 3 6 1 5 3 11 2 2 1 1 1 1 1 4 4 4 
1 1 1 6 3 22 3 20 3 6 2 3 1 1 6 16 1 1 2 2 1 1 1 2 3 4 5 53 1 6 3 7 1 1 1 1 1 1 2 6 2 2 0 0 1 2 1 1 3 5 0 0 2 2 3 3 3 3 1 11 3 25 2 5 
0 0 2 3 1 3 1 2 2 3 5 28 2 20 1 1 2 3 2 2 2 2 3 3 1 1 2 2 1 6 1 1 0 0 0 0 4 31 4 6 0 0 3 5 5 21 1 1 0 0 1 5 4 5 2 37 2 5 0 0 2 2 2 13 
2 2 2 2 2 4 1 11 2 2 0 0 1 1 2 2 3 36 1 1 3 222 1 1 3 44 2 13 1 32 3 34 1 1 2 3 0 0 1 16 2 46 2 16 3 24 1 2 0 0 3 14 4 11 1 1 5 5 2 7 3 8 1 1 
0 0 1 18 2 17 2 2 1 169 2 2 4 7 1 1 1 24 1 1 4 10 3 10 1 1 2 6 3 6 3 33 3 10 1 10 4 90 2 6 3 26 2 17 0 0 4 59 5 48 4 4 0 0 2 7 5 10 1 3 2 25 1 2 
0 0 2 68 0 0 1 3 3 5 4 30 5 28 4 6 3 11 5 9 1 6 4 7 2 3 2 3 0 0 1 1 3 6 2 24 1 1 4 4 1 2 4 4 1 1 2 9 4 1460 1 1 3 5 0 0 3 3 1 2 2 52 5 7 
3 3 1 3 3 5 3 6 1 5 2 5 1 1 1 1 2 3 2 2 0 0 1 1 4 11 3 3 2 2 2 2 2 4 2 4 2 7 2 8 2 4 2 5 1 2 3 9 0 0 1 1 5 10 4 61 1 3 2 5 3 16 3 14 
1 91 3 214 2 6 3 16 1 1 2 2 4 49 3 3 2 8 3 3 6 9 1 2 3 122 5 7 4 14 2 2 1 7 0 0 0 0 1 21 3 3 0 0 3 51 3 11 1 10 2 2 3 13 2 9 2 8 0 0 2 21 0 0 
3 91 1 31 4 4 3 12 0 0 1 1 4 6 0 0 6 39 2 70 0 0 5 12 2 8 1 1 3 7 4 17 4 6 5 9 2 9 1 1 2 24 0 0 2 4 3 6 2 2 4 5 0 0 6 33 3 15 0 0 2 7 2 6 
2 2 0 0 4 37 1 9 0 0 5 26 2 2 1 10 5 5 1 1 3 142 3 3 2 3 5 203 3 14 1 1 2 96 4 32 2 8 3 3 0 0 2 4 2 10 2 6 4 9 1 2 1 1 5 22 2 2 1 1 3 3 1 5 
1 1 3 95 1 1 4 9 2 6 0 0 2 9 4 4 1 5 2 2 2 9 5 45 2 14 4 14 2 14 4 61 2 26 3 23 1 1 1 5 6 19 0 0 3 10 3 17 3 3 1 4 3 4 3 3 1 9 2 3 0 0 3 6 
4 14 2 2 0 0 3 35 6 77 1 1 2 2 3 31 2 2 2 2 5 35 2 4 1 9 4 27 1 1 1 12 4 78 4 10 1 1 2 4 1 1 4 9 0 0 0 0 1 1 1 47 1 1 3 244 4 16 3 236 2 2 4 5 
2 2 2 4 4 13 3 12 1 1 1 1 1 44 4 60 1 11 2 19 3 63 5 20 3 12 4 11 0 0 5 13 2 23 2 139 3 8 3 10 0 0 4 19 2 6 3 7 1 1 1 9 3 3 3 4 3 3 2 2 1 1 2 2 
2 7 1 1 2 14 1 1 4 30 1 1 4 16 2 6 5 48 3 5 1 1 0 0 3 5 1 2 1 6 3 22 3 6 4 6 2 7 2 7 4 4 2 12 2 12 2 9 2 2 2 2 2 11 2 2 6 18 3 3 2 245 1 34 
2 2 2 2 3 7 1 1 0 0 2 2 2 8 1 12 5 9 1 1 2 2 2 2 1 2 4 12 3 5 2 6 3 6 2 4 6 7 2 10 2 2 3 12 3 39 1 13 4 10 4 13 0 0 4 25 2 6 1 1 2 21 1 1 
1 2 3 34 1 30 2 3 1 4 1 1 1 1 2 4 1 1 6 55 2 26 2 2 2 2 2 4 0 0 2 223 1 7 2 3 1 1 5 23 2 9 1 1 2 3 1 1 4 8 1 18 0 0 1 24 1 8 1 2 1 2 2 9 
2 2 2 2 7 48 3 90 4 17 1 2 1 9 3 17 3 6 1 1 1 3 3 9 1 1 0 0 1 1 0 0 2 2 2 5 2 217 0 0 1 1 4 6 0 0 5 42 0 0 2 4 1 24 2 41 2 77 2 4 1 3 2 21 
0 0 3 9 1 1 1 2 3 7 4 13 2 12 0 0 0 0 4 21 0 0 0 0 1 1 1 1 0 0 2 2 3 8 5 37 3 7 1 40 2 21 2 2 2 6 1 1 3 4 3 4 4 5 3 8 2 2 1 3 3 14 2 5 
0 0 1 8 1 1 2 2 1 1 3 3 3 7 5 35 0 0 0 0 2 2 1 2 6 9 2 627 1 6 1 2 7 31 2 11 1 5 1 1 4 9 4 8 2 3 3 12 0 0 1 1 3 4 2 3 5 54 2 14 2 9 3 7 
4 4 6 39 2 43 1 28 3 3 2 3 1 1 3 17 1 30 1 1 1 1 4 251 3 5 6 86 3 8 5 28 1 45 2 4 1 6 5 185 1 5 1 1 2 5 5 16 1 7 1 8 2 5 2 2 2 118 4 31 2 2 2 5 
1 1 2 2 2 13 4 14 5 16 2 8 0 0 1 19 3 7 5 5 2 2 2 3 2 9 1 3 3 18 3 13 2 15 0 0 2 190 1 10 2 3 1 5 3 5 1 1 5 1694 3 6 0 0 1 1 2 16 4 6 2 10 1 4 
1 12 0 0 2 3 1 2 0 0 4 75 3 4 3 3 2 7 1 1 0 0 1 4 2 2 1 6 1 2 4 17 3 28 0 0 3 18 4 5 0 0 1 2 2 6 2 2 4 239 6 95 2 2 1 2 0 0 4 6 0 0 2 2 
2 2 4 17 1 4 2 3 4 21 2 2 1 3 1 8 2 4 1 1 0 0 3 3 2 34 1 7 2 69 3 3 5 16 3 3 1 1 2 3 0 0 1 10 0 0 3 3 7 14 1 606 2 2 3 11 0 0 2 6 1 1 4 36 
3 5 1 46 4 8 4 8 1 1 0 0 1 6 4 15 2 2 3 16 5 10 2 11 5 17 3 15 3 30 1 1 2 8 2 4 1 13 2 14 2 170 1 1 4 4 4 8 3 20 1 1 5 30 4 20 0 0 1 1 2 90 4 9 
2 14 1 1 1 18 2 5 3 8 2 6 2 2 2 82 1 1 1 1 1 24 3 34 3 16 1 1 2 10 0 0 2 3 1 1 1 5 1 2 1 3 5 6 2 3 3 21 1 1 2 5 2 6 4 96 1 2 2 2 0 0 2 6 
1 17 2 4 2 2 4 14 4 6 0 0 2 35 1 5 0 0 5 12 1 1 3 12 1 3 3 3 3 32 2 3 2 2 1 1 0 0 2 2 4 8 4 16 3 7 4 48 1 1 1 1 3 16 1 2 3 3 0 0 4 7 0 0 
0 0 2 5 7 38 2 2 2 136 1 5 2 16 2 2 1 18 0 0 5 8 4 10 0 0 1 149 1 29 4 40 1 2 3 3 3 14 0 0 5 17 3 22 3 3 1 1 1 1 1 5 1 2 2 2 0 0 2 2 2 7 2 2 
3 8 2 6 4 47 1 1 2 3 1 2 5 13 2 4 0 0 4 4 2 8 4 4 1 1 0 0 0 0 4 15 4 47 2 2 3 33 3 40 2 11 2 2 2 2 4 6 4 161 4 21 1 1 1 12 0 0 1 1 2 13 2 2 
1 2 3 3 3 65 6 23 2 2 4 14 1 1 3 16 0 0 2 152 3 9 2 45 1 1 0 0 1 14 4 13 6 13 4 10 3 36 3 14 3 13 3 26 3 6 6 241 1 3 0 0 3 7 2 7 2 2 3 62 3 3 1 1 
4 23 4 456 3 12 1 3 1 1 3 6 2 629 4 7 3 9 2 2 4 15 2 9 1 1 0 0 2 5 0 0 2 4 3 11 1 330 4 4 5 125 2 4 2 2 1 12 2 9 3 9 4 11 1 8 1 2 3 9 1 3 6 19 
2 6 3 10 0 0 2 6 2 10 0 0 1 1 1 5 2 5 2 2 0 0 3 4 1 1 6 14 4 21 3 5 2 6 3 48 3 33 2 6 0 0 3 12 2 211 1 1 1 1 2 5 2 31 1 4 1 5 0 0 2 20 0 0 
4 9 2 10 2 15 1 1 1 5 3 4 0 0 2 19 3 5 4 18 5 43 2 38 2 268 1 189 3 30 1 141 3 3 4 18 3 10 3 3 2 6 0 0 1 2 1 2 2 2 0 0 0 0 2 4 6 21 1 1 4 7 2 5 
2 11 0 0 1 1 1 1 4 11 3 120 1 6 2 1300 1 40 4 11 2 4 2 42 2 52 3 103 3 6 3 22 0 0 1 13 1 2 1 8 2 2 3 7 4 12 2 6 1 1 1 48 1 2 0 0 4 16 1 15 0 0 1 9 
1 9 1 4 3 44 1 1 3 7 4 7 1 1 0 0 2 4 1 1 2 4 1 1 2 27 3 68 4 174 1 2 1 1 2 4 5 9 2 5 0 0 2 4 5 11 3 20 1 1 1 16 2 5 1 28 0 0 0 0 1 1 4 114 
4 20 1 3 1 3 1 1 1 1 2 5 0 0 1 1 0 0 0 0 0 0 1 15 3 201 2 28 3 51 5 15 4 25 0 0 2 16 1 12 3 9 0 0 3 19 0 0 0 0 1 1 4 7 3 3 1 5 0 0 4 15 2 6 
5 14 1 1 4 10 2 11 2 3 1 3 1 1 5 47 4 18 1 1 2 7 7 34 0 0 1 1 5 14 1 1 1 2 3 5 1 4 3 3 2 10 4 14 1 5 1 1 2 4 2 5 1 8 3 6 2 2 1 1 0 0 3 4 
5 17 1 5 2 9 3 4 3 3 1 2 2 3 1 11 4 9 0 0 6 27 2 3 2 3 1 1 0 0 1 1 1 6 2 5 1 1 3 3 1 1 1 2 1 14 0 0 1 1 5 11 2 10 4 135 0 0 0 0 4 17 2 4 
2 3 3 13 2 2 2 3 1 1 3 3 1 9 2 3 0 0 2 2 3 5 3 5 2 2 3 6 1 6 3 7 0 0 3 4 1 1 2 2 3 24 4 11 2 22 4 35 3 8 4 65 3 26 1 7 2 25 1 1 1 1 2 4 
2 6 5 78 2 2 3 4 2 20 1 1 0 0 1 1 2 2 1 3 2 7 3 3 3 3 0 0 0 0 3 12 2 3 2 4 3 6 1 1 2 4 5 29 3 5 1 1 1 1 0 0 2 3 1 3 0 0 4 13 1 1 3 9 
1 1 1 1 4 12 2 8 3 4 1 1 4 9 4 48 3 12 2 9 3 57 1 1 2 2185 2 3 2 5 2 4 3 4 2 4 2 58 1 1 2 2 2 2 2 20 2 3 1 3 0 0 1 1 3 3 1 1 0 0 1 2 4 16 
6 51 2 24 3 15 3 13 2 2 0 0 2 2 3 3 1 1 3 18 0 0 5 9 1 2 3 18 1 2 2 10 3 5 2 2 2 3 1 1 4 75 1 1 4 10 1 10 0 0 1 1 2 3 4 15 4 13 5 11 2 15 2 7 
4 9 1 4 4 7 2 10 2 7 3 13 4 93 2 21 1 3 1 1 4 21 0 0 0 0 0 0 1 8 1 1 2 101 1 3 1 3 2 2 2 21 4 49 7 23 1 1 3 8 3 14 2 20 1 1 0 0 3 7 6 237 3 10 
3 15 4 72 2 2 0 0 2 3 4 15 8 185 2 9 3 17 2 3 4 24 0 0 2 5 4 6 3 426 2 7 1 7 1 3 0 0 1 1 1 1 4 11 2 2 1 4 3 9 6 18 2 9 2 4 2 3 3 7 2 2 3 69 
3 32 4 9 1 1 1 1 0 0 0 0 2 2 2 2 2 12 3 8 1 1 4 5 2 12 0 0 3 3 0 0 2 2 1 1 3 5 4 7 2 5 4 4 4 8 4 6 4 4 3 8 1 1 1 5 1 1 1 21 2 2 6 55 
2 2 3 8 1 1 5 23 2 2 5 7 1 1 2 9 2 2 1 6 3 3 0 0 1 1 1 1 3 14 1 2 2 6 2 3 2 9 4 4 2 3 1 5 1 1 3 3 5 13 3 11 6 15 3 13 1 1 1 10 2 4 3 3 
3 4 5 11 4 87 2 86 1 4 1 3 2 4 3 6 1 1 4 9 3 4 4 10 2 2 3 16 3 4 0 0 1 11 2 3 3 15 5 121 2 10 1 7 3 5 0 0 5 9 5 15 3 5 4 19 1 2 0 0 0 0 0 0 
2 30 4 5 0 0 3 9 4 15 1 7 4 12 1 23 2 2 3 7 2 2 1 1 2 35 4 22 2 13 1 1 5 19 2 2 3 22 6 30 0 0 0 0 2 2 7 1299 1 1 6 11 1 6 0 0 1 7 3 3 2 4 3 121 
1 1 1 5 5 8 1 1 3 5 1 1 3 3 1 2 1 1 1 3 3 10 1 2 2 2 2 46 1 1 0 0 2 2 4 12 4 22 1 1 2 8 1 1 1 1 3 17 2 5 3 3 2 2 3 15 2 3 0 0 0 0 5 57 
2 50 2 13 4 4 2 3 2 8 2 40 1 25 3 4 2 2 3 3 2 3 0 0 1 5 2 6 2 14 3 584 3 28 3 14 0 0 2 24 1 2 1 1 4 47 1 8 3 11 3 17 4 30 2 3 2 5 3 3 2 3 1 5 
3 7 0 0 2 7 4 13 2 24 3 11 5 28 1 2 2 2 2 2 4 4 3 10 2 2 3 3 3 29 2 5 3 16 2 3 2 6 1 1 3 8 1 2 4 7 3 11 3 4 2 324 0 0 0 0 3 16 0 0 4 94 1 1 
2 2 2 1160 5 54 1 5 1 1 4 14 3 3 2 4 4 5 2 11 1 1 2 2 5 16 1 143 2 8 3 4 3 3 0 0 3 217 1 4 1 4 1 1 5 5 1 395 1 5 0 0 2 2 3 28 0 0 3 7 1 2 0 0 
0 0 2 2 3 45 0 0 1 1 4 60 4 18 0 0 1 2 3 19 3 55 3 3 1 1 2 21 6 66 1 5 1 4 3 6 0 0 3 24 2 17 1 1 3 7 2 2 3 4 2 2 1 1 5 36 0 0 3 8 1 1 0 0 
2 2 4 24 2 73 1 1 1 2 0 0 3 9 0 0 2 2 2 4 2 2 3 17 3 8 4 18 1 70 3 8 1 10 4 59 3 5 2 9 2 12 4 5 1 1 5 131 3 15 2 42 2 8 4 5 3 8 1 2 3 20 2 8 
1 1 3 3 4 7 4 8 2 3 1 5 1 1 0 0 0 0 6 10 0 0 1 2 4 10 3 44 1 1 2 3 1 1 2 2 3 12 3 11 3 499 1 1 1 1 1 3 0 0 1 15 3 104 1 3 2 2 1 1 2 2 0 0 
0 0 1 1 3 17 4 17 2 6 1 2 3 226 2 2 1 11 1 4 1 1 4 10 1 117 2 5 4 218 1 12 1 1 3 4 2 2 1 2 2 2 3 5 1 6 4 13 3 23 2 16 3 11 1 2 5 10 2 2 3 7 4 9 
3 22 0 0 1 1 2 80 0 0 3 3 3 79 1 1 2 29 2 82 1 3 1 38 1 1 2 4 3 10 2 15 5 7 3 10 7 9 1 1 4 9 0 0 1 5 3 11 1 1 2 3 0 0 3 9 1 1 1 10 1 1 4 8 
0 0 1 7 2 15 5 34 5 8 4 23 3 10 2 10 4 4 2 12 4 26 1 1 3 18 2 8 1 2 4 48 1 4 0 0 1 1 4 203 2 15 0 0 1 1 1 1 6 20 0 0 3 29 3 3 3 3 3 4 1 1 1 23 
4 16 3 11 2 15 2 5 3 17 3 4 3 7 2 33 3 4 1 2 2 72 2 5 3 5 2 11 4 5 1 5 3 31 4 24 3 3 0 0 0 0 4 52 1 1 1 1 6 13 1 7 0 0 0 0 3 6 5 49 5 11 1 1 
0 0 0 0 0 0 1 1 0 0 1 1 1 1 1 3 5 22 1 3 3 77 2 14 2 27 2 2 3 9 2 7 1 1 5 13 2 21 4 35 0 0 2 21 4 11 1 1 2 5 1 1 3 12 4 9 1 1 0 0 2 3 4 34 
4 11 2 5 7 72 1 1 0 0 2 2 0 0 2 12 3 4 0 0 4 617 4 65 1 1 1 7 1 4 1 1 2 3 1 3 4 11 5 35 3 19 2 45 0 0 1 5 3 18 3 3 2 70 3 5 1 1 1 1 2 7 5 15 
1 3 1 2 3 9 3 3 3 202 1 1 3 11 3 15 2 4 4 11 5 23 4 31 0 0 5 73 5 71 3 3 0 0 1 37 1 1 1 1 1 4 3 28 3 10 1 45 2 5 3 3 2 32 2 15 2 2 1 3 1 10 3 26 
1 64 1 2 4 8 1 33 3 5 1 10 3 7 2 5 2 3 4 16 4 11 2 8 1 16 1 2 2 21 3 74 0 0 1 2 4 5 3 10 3 44 1 1 4 19 1 12 2 87 1 1 2 9 4 32 5 39 0 0 3 360 1 1 
2 3 1 1 4 92 1 1 0 0 4 7 3 8 0 0 3 4 1 1 5 21 0 0 2 6 5 21 2 2 1 1 3 4 0 0 3 26 2 8 1 4 5 23 2 19 5 7 3 3 1 1 3 4 2 51 3 5 4 8 2 4 2 5 
3 50 0 0 2 2 3 8 6 15 1 1 0 0 5 11 4 4 3 19 1 79 4 9 2 3 1 6 1 1 0 0 8 35 2 5 1 1 0 0 2 3 2 2 1 1 3 8 2 4 0 0 3 4 2 72 5 16 3 8 5 10 0 0 
3 6 0 0 1 1 3 17 0 0 0 0 2 102 1 5 2 2 1 1 2 86 3 8 3 11 2 10 5 20 1 1 3 4 3 105 3 21 1 1 2 2 4 27 3 7 4 6 1 20 1 2 1 1 3 4 1 3 2 3 4 44 0 0 
5 14 4 31 1 1 2 2 0 0 0 0 2 125 4 17 2 2 0 0 5 18 3 20 1 9 2 28 2 193 2 4 2 69 4 10 2 15 3 3 5 11 2 24 3 9 3 12 2 22 2 9 4 5 2 74 1 1 2 4 1 5 1 1 
2 3 4 150 0 0 2 2 1 4 3 3 2 6 4 5 1 1 3 4 4 68 3 27 2 2 2 4 7 40 3 4 6 16 2 4 1 3 3 7 1 1 3 10 3 12 1 3 1 5 2 4 2 2 0 0 3 31 0 0 1 3 1 4 
3 7 1 1 1 1 2 29 0 0 0 0 1 3 3 6 3 40 4 57 3 14 1 6 1 1 2 25 1 1 2 6 3 126 0 0 1 5 3 15 5 20 3 5 0 0 1 1 3 21 3 3 3 3 3 18 5 44 1 1 4 12 2 26 
5 107 3 6 5 6 1 1 3 63 0 0 0 0 1 1 4 8 1 1 3 82 0 0 1 2 4 108 3 7 2 7 2 4 3 29 1 45 1 1 1 18 4 8 0 0 5 39 4 7 1 2 2 3 4 13 3 3 3 3 1 2 3 6 
0 0 2 4 2 2 1 1 2 2 1 3 2 8 0 0 0 0 2 2 0 0 4 6 2 54 2 7 3 8 1 10 3 3 3 3 0 0 0 0 3 3 0 0 2 3 2 27 1 1 1 2 1 3 3 8 2 2 3 3 0 0 3 5 
1 1 3 8 3 5 2 10 1 10 4 10 2 5 5 68 2 7 2 3 3 16 2 15 1 1 5 28 1 1 0 0 4 29 1 4 1 4 2 7 4 9 2 2 1 11 2 5 4 52 0 0 3 4 3 4 1 2 1 5 3 12 3 4 
3 24 5 20 2 4 3 7 1 3 5 17 2 9 2 100 3 36 0 0 2 5 4 12 0 0 4 8 0 0 3 4 1 2 2 8 3 5 2 2 3 110 1 2 1 1 3 120 3 6 0 0 0 0 1 2 2 4 2 72 1 7 2 6 
1 1 3 3 2 5 1 9 4 9 1 16 2 12 5 15 4 28 4 4 3 9 5 70 4 4 2 4 0 0 2 3 1 1 1 1 4 5 2 2 2 3 2 6 2 2 1 1 0 0 2 3 3 11 2 9 5 9 2 34 1 1 1 1 
1 1 2 77 3 132 4 38 2 20 1 6 4 17 2 24 3 5 2 2 1 1 4 9 1 1 1 1 2 3 2 3 2 8 3 7 3 201 2 7 2 6 3 10 2 3 1 8 3 16 2 3 4 4 0 0 1 125 2 5 0 0 4 94 
2 13 0 0 4 35 2 20 2 3 2 4 1 1 1 2 3 3 2 7 1 1 0 0 1 1 0 0 3 11 3 25 3 14 0 0 3 11 0 0 1 1 3 7 0 0 0 0 0 0 1 6 0 0 1 1 1 1 5 5 2 11 4 52 
0 0 1 24 3 3 2 4 4 186 1 1 1 2 3 9 4 235 1 67 1 8 0 0 1 18 3 5 5 25 6 49 1 1 2 11 5 11 2 3 5 112 2 4 3 28 1 1 4 4 2 304 5 10 4 80 2 5 3 4 2 4 4 11 
3 16 0 0 3 3 2 2 2 2 1 1 4 10 1 1 4 8 0 0 3 11 2 2 2 18 2 6 5 10 2 68 0 0 5 6 0 0 3 9 4 135 2 10 3 3 3 8 1 1 3 34 1 12 3 5 1 7 2 26 4 4 4 43 
1 14 1 1 3 13 2 3 1 2 1 1 2 3 3 5 2 4 3 36 2 2 2 20 1 1 2 20 0 0 4 18 2 29 1 11 0 0 7 44 3 3 5 21 3 11 2 2 2 10 4 5 0 0 3 6 1 21 3 30 1 1 2 2 
1 1 4 23 0 0 0 0 3 25 1 11 2 2 1 4 1 1 2 2 2 8 2 2 4 23 2 9 4 23 1 2 1 1 2 2 3 12 2 2 0 0 1 1 3 3 2 11 2 20 2 3 2 2 3 4 5 49 3 39 1 2 1 1 
3 17 4 19 1 1 3 3 2 2 1 8 1 1 0 0 0 0 2 8 5 7 2 2 2 7 2 7 2 2 3 11 2 3 2 7 4 74 5 18 2 589 1 8 4 10 3 74 1 82 6 39 2 2 3 4 3 16 4 131 2 5 2 2 
2 7 3 17 2 19 3 12 1 6 1 25 1 1 4 39 2 5 1 12 2 3 2 3 0 0 0 0 3 72 0 0 2 2 1 1 3 129 1 5 0 0 3 3 1 3 2 33 2 114 3 15 1 1 6 41 2 8 1 1 4 16 0 0 
3 4 1 3 5 9 0 0 2 23 2 4 0 0 1 4 0 0 0 0 1 12 2 53 1 2 3 7 2 10 1 36 0 0 2 9 1 1 4 12 3 3 4 21 2 5 3 7 2 10 1 36 1 1 4 7 0 0 2 2 2 4 1 1 
4 8 1 5 3 3 2 8 5 8 0 0 5 12 0 0 1 1481 5 27 2 5 1 1 2 17 3 3 1 1 0 0 3 14 2 14 2 2 2 2 4 4 4 10 5 13 1 5 3 49 2 3 3 11 0 0 0 0 2 12 0 0 3 7 
0 0 3 14 4 8 6 10 2 10 5 9 5 19 1 3 2 6 2 3 1 733 3 3 1 3 1 1 3 4 1 1 0 0 0 0 4 210 0 0 2 7 0 0 0 0 1 1 1 1 7 70 1 16 3 62 2 2 1 11 2 4 2 15 
1 1 2 2 2 2 4 4 2 37 3 132 0 0 2 19 4 5 3 12 1 1 2 46 3 15 3 10 3 43 4 34 4 5 5 103 1 1 2 164 1 1 2 5 0 0 5 5 1 36 1 1 2 35 2 2 1 46 2 3 1 4 2 9 
2 35 4 4 3 12 1 1 2 28 2 8 0 0 3 200 2 12 3 8 2 9 4 12 2 4 3 24 1 6 2 5 2 5 1 1 0 0 3 3 0 0 0 0 3 3 1 1 4 12 1 1 4 127 2 6 1 1 2 2 3 5 0 0 
2 3 2 8 3 10 1 7 4 8 3 16 0 0 1 2 2 7 3 6 4 10 4 4 1 33 3 6 2 22 0 0 1 1 2 10 2 2 1 1 1 45 6 15 2 6 4 16 1 3 1 7 5 21 1 1 0 0 4 78 4 9 2 222 
3 7 1 6 0 0 1 2 3 22 3 9 2 4 2 2 1 3 2 7 3 7 2 2 1 4 2 8 2 8 3 3 0 0 2 8 2 2 2 3 0 0 5 10 1 1 2 41 0 0 2 3 2 2 1 65 3 10 1 1 1 1 2 3 
3 28 0 0 2 4 5 18 1 1 2 33 3 3 2 2 2 10 0 0 2 5 4 67 3 4 1 1 2 22 4 6 4 30 4 23 0 0 2 3 1 2 4 10 3 107 3 15 0 0 2 51 2 5 3 73 3 14 5 24 1 1 3 9 
3 6 0 0 4 8 4 8 1 24 2 5 2 61 1 1 1 1 2 6 1 2 1 1 1 1 2 5 1 45 3 4 5 25 2 32 2 53 1 9 6 9 2 11 2 20 1 1 0 0 0 0 1 13 1 1 0 0 2 4 1 1 2 9 
1 1 5 10 5 12 2 2 4 4 1 1 3 3 7 27 2 2 1 29 1 1 2 2 3 4 5 22 2 7 3 15 4 22 5 10 2 4 3 8 2 8 3 9 1 1 3 5 1 1 0 0 5 22 1 3 2 2 1 1 0 0 3 4 
3 8 3 3 1 31 3 4 0 0 3 58 3 19 4 12 2 2 2 7 0 0 3 6 0 0 1 2 2 4 1 7 1 1 1 1 2 5 1 2 2 2 2 2 3 4 2 2 2 2 2 2 0 0 1 2 2 3 3 5 2 2 1 1 
0 0 1 2 8 41 2 2 2 14 1 2 2 2 2 7 2 26 0 0 1 1 1 2 1 3 1 1 1 8 1 4 2 15 0 0 1 1 5 6 1 13 5 37 2 2 2 473 3 4 1 1 2 2 2 6 2 2 1 1 3 214 1 2 
4 8 2 2 2 108 3 36 0 0 2 4 2 3 0 0 1 1 1 3 3 13 3 27 0 0 2 6 3 7 3 216 4 48 1 1 2 2 1 2 4 12 1 1 0 0 4 39 2 65 1 1 4 6 2 45 6 16 3 10 2 2 1 19 
3 12 2 28 5 11 1 4 2 3 2 2 1 32 1 1 1 1 0 0 2 2 2 7 2 2 2 2 1 9 0 0 1 3 1 1 1 2 2 2 1 2 5 21 1 2 1 6 3 26 4 32 1 1 3 21 2 2 2 3 0 0 4 7 
1 1 1 1 3 6 7 15 2 2 2 2 4 10 2 6 5 145 3 12 0 0 2 2 2 9 4 38 1 1 1 399 3 15 0 0 0 0 3 9 2 11 1 319 3 145 2 6 1 1 2 8 2 2 1 1 5 16 3 44 1 1 4 40 
0 0 3 5 2 3 2 57 4 14 1 311 1 1 3 3 1 1 1 1 3 3 1 1 1 1 1 2 4 13 2 7 4 5 5 11 0 0 1 9 1 2 1 2 1 1 1 2 2 3 2 2 4 42 3 3 1 6 3 10 0 0 5 6 
2 3 1 1 3 3 2 14 0 0 2 5 2 2 0 0 2 42 2 4 2 3 0 0 1 3 0 0 3 5 3 3 1 8 1 1 1 3 4 7 2 4 1 1 4 9 3 5 1 1 3 14 1 3 4 5 2 2 2 3 2 2 0 0 
2 3 5 11 2 21 3 10 1 7 1 20 1 1 3 4 4 11 2 6 2 27 6 56 0 0 5 7 3 3 2 2 3 3 2 2 2 8 2 2 1 1 1 1 3 11 2 30 1 20 3 46 2 2 1 433 3 506 0 0 4 4 4 10 
2 5 1 3 3 22 5 11 0 0 1 2 3 23 0 0 1 10 2 6 5 28 2 10 2 15 4 114 1 5 0 0 2 14 3 3 1 4 0 0 1 2 2 2 1 1 3 10 4 12 1 1 4 378 2 3 4 14 3 4 1 1 2 14 
2 9 4 13 2 16 3 5 2 4 2 3 3 8 2 2 0 0 0 0 2 17 0 0 2 2 0 0 1 1 2 10 1 1 2 3 2 4 4 13 6 50 1 3 6 75 2 24 1 2 1 4 3 5 2 2 1 1 1 10 4 24 1 1 
4 7 5 31 3 8 2 30 1 1 3 3 2 2 2 7 3 9 2 4 0 0 4 4 2 48 2 11 3 5 1 3 2 7 2 3 3 54 4 9 3 27 2 2 3 11 2 7 1 7 3 14 2 32 2 8 1 3 6 14 3 6 1 190 
1 10 3 42 3 6 1 1 2 5 3 6 2 4 0 0 2 16 2 2 4 6 0 0 2 2 0 0 2 36 2 2 3 7 3 59 1 4 1 1 1 1 2 2 2 3 1 8 1 10 0 0 4 47 4 38 2 5 3 15 3 38 3 52 
0 0 1 1 1 5 2 5 0 0 2 3 1 1 4 6 1 26 0 0 2 4 1 31 3 18 0 0 4 4 2 8 5 31 3 6 5 7 0 0 2 15 4 12 2 5 1 27 2 5 1 7 3 277 1 2 6 20 2 3 1 21 3 39 
1 11 0 0 2 2 1 6 2 2 1 1 1 1 2 17 0 0 2 2 3 61 2 2 1 1 4 5 4 9 3 44 0 0 2 3 0 0 2 2 1 1 3 15 0 0 1 1 3 12 2 4 2 8 3 23 4 72 1 10 1 10 3 10 
3 6 1 1 2 2 0 0 2 5 2 19 0 0 3 41 3 95 1 5 2 3 1 1 1 1 2 30 3 22 3 12 1 1 1 28 3 17 0 0 0 0 2 6 0 0 1 3 2 4 1 1 0 0 3 6 2 14 0 0 3 24 4 4 
1 1 5 31 1 7 0 0 2 2 2 5 1 1 2 15 2 22 0 0 0 0 0 0 1 1 3 13 2 5 0 0 2 2 3 39 2 2 1 1 3 6 3 10 1 4 3 7 1 1 2 8 2 9 0 0 2 3 1 1 2 2 2 2 
3 3 1 1 2 33 0 0 2 6 2 29 2 20 4 28 2 7 4 4 3 6 2 3 0 0 1 641 2 3 2 20 2 64 5 17 1 12 2 27 1 2 5 89 1 23 2 6 1 2 1 1 1 8 2 25 6 13 0 0 3 21 1 1 
0 0 2 4 2 2 1 2 0 0 3 3 1 3 2 21 3 25 2 45 1 1 4 13 4 4 2 3 3 22 3 6 2 20 1 3 2 21 4 12 2 4 0 0 2 44 6 98 3 5 2 4 1 1 2 4 1 8 4 9 1 1 2 6 
3 32 3 11 3 10 1 1 1 10 2 2 2 2 6 105 4 135 1 478 1 1 3 41 0 0 1 1 2 2 2 3 1 1 4 15 3 7 5 13 1 1 1 3 4 10 0 0 3 31 5 8 3 29 1 3 2 8 1 1 0 0 0 0 
3 46 0 0 1 1 2 466 0 0 1 1 1 65 2 10 4 8 1 3 7 9 2 10 1 1 1 3 6 14 3 4 7 16 0 0 2 11 1 4 4 9 1 1 2 3 3 267 2 806 4 33 3 103 6 23 2 21 3 9 1 10 1 1 
1 1 2 726 0 0 1 18 1 1 3 19 1 1 1 1 2 6 4 14 2 10 1 8 0 0 4 11 5 19 3 8 3 11 1 73 2 4 2 39 3 4 3 7 4 9 2 14 1 1 3 3 3 17 2 16 3 18 2 6 2 2 2 44 
2 119 1 1 1 3 2 19 1 1 2 6 2 2 3 8 3 3 2 5 3 49 2 7 1 1 1 1 6 125 2 3 1 1 2 2 2 3 2 7 1 1 0 0 3 3 3 3 1 1 4 4 1 1 3 7 2 10 3 37 1 1 0 0 
5 562 0 0 4 18 4 9 1 1 3 11 1 1 2 2 1 8 1 1 1 1 2 2 2 2 2 20 3 7 3 50 2 12 1 1 1 2 1 1 3 4 0 0 2 10 2 4 1 6 1 12 0 0 3 4 2 2 2 2 1 1 2 7 
3 21 2 43 2 3 0 0 2 3 2 5 3 117 1 74 2 6 1 3 1 1 2 5 1 1 1 5 5 6 0 0 2 2 2 2 2 332 1 1 3 4 1 6 1 1 6 49 0 0 2 2 1 1 2 2 2 120 0 0 2 3 3 9 
4 4 1 1 4 18 5 37 1 1 2 5 0 0 4 14 2 7 2 14 0 0 3 15 3 6 2 8 1 1 2 9 2 7 2 2 3 7 1 7 3 33 5 7 3 48 3 5 2 2 4 4 1 1 2 36 3 3 1 1 3 12 2 51 
0 0 1 1 0 0 4 9 3 37 1 1 4 12 4 11 0 0 3 22 4 75 3 30 1 26 0 0 1 1 0 0 2 7 6 25 0 0 2 18 2 4 2 2 0 0 1 10 2 11 4 6 4 6 5 7 2 23 2 21 1 1 4 13 
2 6 3 3 1 8 6 215 1 1 0 0 0 0 2 139 5 17 4 6 2 2 1 11 0 0 2 4 0 0 2 3 4 6 4 28 2 29 6 73 4 6 2 2 2 2 3 30 2 10 1 1 0 0 2 5 1 5 3 26 1 3 5 23 
2 9 2 54 3 5 3 21 1 1 2 2 2 4 6 6 0 0 3 5 3 12 3 11 2 2 1 1 6 7 1 1 2 2 3 25 2 6 1 16 1 63 1 7 1 1 7 79 4 44 5 15 4 15 2 3 1 1 2 22 2 9 2 3 
1 11 0 0 2 13 0 0 0 0 2 2 5 65 1 1 4 7 2 11 3 10 0 0 2 3 7 16 3 3 2 3 1 1 4 218 3 6 1 10 2 4 2 2 2 3 3 5 4 24 6 16 1 130 3 7 2 2 0 0 2 8 4 9 
2 4 3 3 0 0 0 0 3 150 7 36 2 2 4 128 1 19 2 4 2 16 4 11 2 116 3 10 4 26 2 21 4 8 2 64 2 15 1 2 4 7 1 3 2 2 0 0 2 210 3 3 0 0 2 65 3 32 2 6 3 160 1 6 
1 2 2 6 2 3 1 1 0 0 0 0 1 6 1 2 3 9 1 1 3 10 2 45 3 240 1 1 3 24 2 3 5 13 1 2 3 29 0 0 5 49 2 2 2 2 5 21 2 51 3 6 2 2 0 0 1 13 1 5 0 0 1 1 
4 940 5 29 3 5 2 4 3 61 2 3 3 7 2 5 1 7 3 5 4 270 4 31 3 8 0 0 1 1 0 0 4 4 1 6 1 1 1 2 2 95 2 4 1 315 1 3 3 3 3 29 1 3 4 5 1 1 5 16 3 3 3 5 
2 2 2 3 4 16 1 24 2 6 1 1 4 26 1 19 2 2 3 82 2 32 3 192 0 0 1 1 0 0 3 3 0 0 2 2 1 1 4 10 3 7 3 133 1 1 3 3 2 2 5 79 2 37 3 46 3 3 2 2 1 1 2 16 
2 23 0 0 7 19 2 4 3 3 2 28 1 1 3 11 2 3 2 9 2 2 1 9 5 9 3 9 3 3 0 0 3 173 0 0 3 9 3 3 1 1 0 0 3 7 1 1 2 3 1 32 2 11 2 8 1 1 1 3 3 8 3 12 
1 8 2 18 1 2 1 1 1 37 1 2 2 7 3 10 4 17 0 0 0 0 1 1 2 7 2 2 2 3 2 38 3 7 2 12 1 1 0 0 1 1 3 21 3 48 5 55 5 9 0 0 3 7 2 13 1 2 1 1 1 1 0 0 
0 0 0 0 1 1 3 13 1 1 1 28 4 5 6 7 3 3 5 21 1 1 4 14 2 2 1 7 3 25 2 14 4 169 1 4 2 10 3 7 2 6 1 7 1 1 2 4 1 1 1 1 1 4 4 6 2 2 3 6 3 5153 0 0 
3 18 0 0 1 1 1 2 1 2 0 0 1 2 2 4 2 10 1 1 1 1 3 6 0 0 2 16 1 6 1 13 2 2 1 1 4 12 2 4 1 1 0 0 3 6 4 743 5 28 1 1 2 3 4 5 1 2 2 6 1 1 4 4 
4 9 2 6 4 10 5 25 3 3 2 4 3 1643 2 7 1 2 4 7 2 3 2 14 1 4 2 5 3 12 1 7 2 16 2 61 1 4 1 1 1 5 1 3 2 10 4 4 4 7 1 10 4 14 1 1 2 7 2 5 2 2 2 6 
3 3 1 3 1 1 3 6 1 3 1 1 3 10 4 9 3 12 2 25 2 12 1 4 5 13 1 4 3 9 0 0 3 6 3 7 1 5 1 1 4 32 0 0 0 0 2 5 1 1 2 2 0 0 0 0 3 9 1 1 2 6 2 6 
1 1 2 4 3 5 0 0 1 7 6 72 4 12 0 0 2 3 3 14 5 28 1 2 7 11 1 1 3 8 0 0 1 8 1 22 1 3 2 11 4 4 2 6 2 14 4 4 0 0 3 4 4 43 3 10 3 8 3 34 2 2 3 37 
5 31 2 2 1 1 0 0 2 10 3 204 2 2 2 2 2 3 3 9 0 0 5 11 4 4 3 10 1 1 1 1 4 32 1 1 5 23 2 2 1 32 2 2 6 12 3 14 2 12 3 12 1 1 1 9 2 5 0 0 1 19 2 3 
1 22 2 7 6 30 1 1 2 28 3 45 1 118 4 4 4 19 3 29 2 8 2 12 1 33 5 44 3 12 0 0 1 1 4 13 2 22 2 2 1 2 4 7 3 13 1 5 0 0 1 1 1 3 2 13 1 2 1 1 0 0 3 3 
1 40 0 0 0 0 1 4 1 1 2 9 1 22 4 125 2 4 1 8 2 2 0 0 2 5 3 3 1 1 3 12 3 97 2 2 1 5 0 0 2 4 5 20 7 9 2 6 2 4 1 1 5 9 3 11 0 0 2 14 2 4 3 3 
3 11 2 4 4 4 2 2 2 4 0 0 2 29 4 4 2 142 1 5 1 4 1 7 1 1 2 31 1 6 2 4 8 135 4 46 4 92 0 0 2 11 3 10 3 3 3 8 2 2 6 81 1 1 3 3 4 4 4 4 1 2 3 3 
1 1 2 101 2 2 0 0 1 1 0 0 4 11 3 10 4 20 1 1 1 2 1 1 3 8 2 3 0 0 2 4 2 2 3 4 0 0 0 0 4 89 2 27 1 1 0 0 2 5 0 0 3 13 1 10 2 8 3 43 0 0 1 1 
4 21 4 4 2 3 1 3 3 8 4 33 3 3 1 1 1 5 4 41 3 39 0 0 3 8 4 13 0 0 1 2 2 12 5 7 2 6 1 2 3 3 2 3 2 3 3 4 5 14 2 16 3 51 2 23 2 2 0 0 2 4 1 1 
4 12 2 12 0 0 2 10 1 4 0 0 0 0 1 1 6 13 3 61 2 211 3 9 2 2 1 1 5 11 3 10 2 25 4 4 0 0 0 0 3 5 1 1 2 3 2 8 2 2 0 0 3 13 2 4 1 1 1 1 2 22 0 0 
2 2 1 12 3 28 3 3 4 5 1 2 5 5 2 3 2 34 0 0 2 29 1 1 1 2 4 12 4 144 2 2 1 7 1 6 5 9 1 7 3 3 0 0 2 2 3 8 3 4 3 9 3 4 2 6 3 4 2 2 5 9 0 0 
3 12 4 12 3 8 0 0 1 1 2 2 1 1 5 16 3 6 3 5 2 2 5 9 3 14 1 3 1 1 4 28 3 4 2 2 3 12 2 4 4 25 1 6 2 14 2 2 3 3 3 3 2 7 0 0 3 15 3 12 2 4 0 0 
2 12 1 4 3 4 1 1 3 4 8 38 0 0 2 3 1 1 2 11 1 13 2 2 3 64 0 0 1 1 2 2 2 2 2 5 2 14 5 25 1 1 2 3 2 12 1 1 2 6 0 0 0 0 2 3 2 2 1 4 3 6 0 0 
1 1 2 2 1 5 0 0 1 1 1 1 2 3 1 5 0 0 1 4 1 2 7 7 1 1 3 13 2 3 5 12 2 4 0 0 2 3 1 9 2 3 2 13 3 21 3 6 0 0 2 8 3 3 2 19 2 5 4 4 4 17 0 0 
4 7 2 12 2 2 2 2 1 8 0 0 3 74 3 9 1 5 4 4 3 8 2 11 5 21 0 0 3 13 1 4 1 1 0 0 2 11 1 2 1 5 3 5 1 1 0 0 5 244 1 3 1 5 1 1 3 15 5 42 0 0 5 14 
1 1 2 7 4 14 4 31 2 3 3 7 3 11 3 19 1 2 1 1 1 1 1 1 3 28 0 0 2 8 3 41 2 3 1 6 1 2 2 2 1 1 1 3 1 3 4 13 3 3 1 1 3 4 2 58 3 7 4 50 0 0 0 0 
1 1 1 1 0 0 2 2 0 0 3 3 2 7 3 3 1 22 4 5 5 8 0 0 4 6 1 2 3 7 3 3 1 1 0 0 4 9 1 1 0 0 1 1 2 9 0 0 1 2 0 0 1 4 2 2 2 4 1 7 2 4 4 5 
3 3 1 2 2 13 3 4 1 1 2 6 1 3 2 2 1 1 5 32 3 10 3 6 1 1 2 3 3 70 1 1 3 50 1 4 3 3 5 52 1 8 0 0 5 17 1 1 3 14 3 3 2 3 2 8 3 15 2 12 3 9 3 4 
2 2 4 13 4 7 0 0 1 1 3 17 2 3 4 28 1 2 0 0 3 8 0 0 3 8 1 163 3 27 0 0 1 1 1 4 4 14 2 10 1 1 1 1 1 1 3 3 0 0 1 1 1 1 2 3 2 4 1 1 0 0 1 1 
3 432 1 1 3 12 2 16 0 0 3 8 4 11 2 4 4 1559 2 8 5 10 0 0 5 5 1 23 3 3 5 12 1 5 3 15 4 22 0 0 4 5 1 5 0 0 1 7 4 9 2 179 4 99 6 28 1 1 3 479 2 3 2 13 
4 21 2 9 1 6 1 1 3 4 1 308 4 75 2 2 3 30 0 0 5 23 2 3 4 12 2 18 4 12 3 23 0 0 2 2 1 3 4 14 1 1 1 1 3 8 2 32 3 3 3 9 3 5 4 53 2 8 2 6 0 0 3 7 
1 32 1 1 2 2 5 10 4 4 1 1 2 4 2 114 3 6 4 9 2 22 1 1 6 8 2 14 1 1 2 8 3 8 1 2 0 0 1 1 3 3 2 3 1 4 1 1 3 27 1 23 4 12 3 4 3 9 0 0 3 7 2 10 
4 18 4 6 2 2 4 7 1 3 2 79 5 13 4 16 4 67 3 22 1 1 3 10 0 0 5 17 1 2 3 3 0 0 2 9 3 6 2 12 3 3 2 2 1 1 0 0 8 231 3 11 3 11 4 22 2 2 3 9 4 4 4 28 
1 54 4 21 3 3 1 1 1 2 1 2 4 10 3 3 1 1 1 1 3 6 1 1 0 0 0 0 1 1 0 0 4 9 2 16 5 21 3 6 2 3 3 14 0 0 3 5 4 90 0 0 4 56 2 6 2 2 2 5 3 22 2 2 
1 10 6 24 0 0 1 2 4 11 2 2 2 10 4 7 2 7 3 3 3 103 3 11 1 17 1 1 2 8 2 3 5 5 2 73 1 9 4 415 2 7 2 4 2 10 2 2 0 0 1 2 0 0 1 1 2 4 0 0 2 8 1 6 
3 7 5 24 3 3 1 2 7 38 2 12 1 1 2 2 2 2 2 5 4 43 2 7 3 6 3 12 5 44 2 2 6 50 4 32 1 1 2 3 2 5 0 0 1 2 1 1 4 12 1 1 2 2 4 36 1 1 2 5 5 7 1 1 
1 51 3 10 3 7 1 3 2 12 4 21 2 37 2 8 1 2 2 6 1 1 3 3 1 1 2 3 2 226 3 44 5 76 0 0 5 11 1 2 2 2 3 41 2 6 1 1 1 1 3 10 1 2 1 4 1 1 3 14 2 19 2 7 
2 5 3 8 2 21 4 166 1 6 1 1 1 3 4 12 2 2 1 9 1 1 0 0 1 1 2 5 2 29 2 7 2 2 0 0 2 6 2 2 5 24 1 5 2 197 2 7 3 6 5 7 1 1 5 11 1 1 1 1 3 12 2 6 
3 19 2 10 1 1 2 2 2 6 3 7 4 12 3 27 3 3 2 10 1 1 1 2 2 2 6 33 1 1 5 27 1 1 0 0 2 7 1 1 2 4 2 2 1 8 4 47 2 59 0 0 2 9 0 0 4 5 3 4 3 11 5 73 
0 0 0 0 1 1 3 3 3 3 1 1 1 1 1 1 3 3 6 25 1 3 0 0 5 10 3 41 0 0 3 42 2 48 4 24 1 1 2 10 1 3 4 52 1 1 2 157 4 11 1 5 1 1 1 1 1 1 3 3 1 9 0 0 
3 26 0 0 2 12 3 5 1 7 0 0 2 11 4 12 2 2 1 1 3 4 3 6 0 0 2 6 4 4 2 3 2 2 1 59 1 9 6 17 5 17 3 3 2 2 3 8 2 6 3 7 2 13 0 0 1 4 2 32 5 5 4 8 
2 11 5 11 1 1 2 6 2 4 4 10 0 0 2 19 2 47 1 2 1 1 4 25 4 7 2 6 2 36 1 17 6 66 1 1 0 0 1 3 2 6 0 0 2 8 0 0 1 3 3 5 2 2 4 4 2 30 2 2 1 4 2 12 
2 4 1 1 3 32 2 2 4 37 0 0 3 107 3 9 2 3 2 4 3 7 1 1 1 1 2 225 2 2 4 7 0 0 4 8 2 2 0 0 5 14 3 7 0 0 2 4 4 7 2 3 0 0 2 6 3 5 1 1 0 0 3 3 
3 6 3 86 2 4 3 5 4 10 2 4 4 22 2 29 1 1 5 33 7 13 2 11 1 1 2 2 1 4 2 6 1 73 2 5 2 6 5 37 2 2 2 4 1 27 4 4 2 3 3 5 3 21 1 1 2 18 0 0 2 16 4 82 
1 43 1 1 1 5 2 11 1 1 0 0 2 2 1 22 2 2 5 26 2 2 2 2 0 0 1 3 1 2 3 7 2 9 5 30 1 1 2 2 2 2 0 0 1 1 3 71 1 1 0 0 2 24 2 2 2 24 3 11 2 2 1 1 
3 19 3 3 2 19 4 23 4 8 4 14 2 2 1 1 5 14 1 10 2 2 2 6 2 3 1 1 4 8 3 6 5 20 2 19 2 9 1 1 0 0 7 40 3 21 2 8 0 0 0 0 4 13 3 32 2 2 2 4 1 1 1 1 
1 2 3 6 1 8 2 8 6 16 3 10 2 8 1 1 5 21 3 7 4 9 2 4 1 5 2 2 3 8 1 1 2 6 2 206 5 6 2 2 3 4 1 1 1 8 2 3 1 1 2 6 2 2 0 0 3 258 1 6 4 10 2 2 
2 2 0 0 2 11 5 9 3 18 3 7 2 7 3 6 4 25 1 6 1 1 2 5 1 1 1 1 2 7 1 4 2 2 1 1 2 2 3 895 3 3 2 10 0 0 1 4 3 3 2 5 0 0 1 1 1 20 0 0 2 2 1 1 
3 35 3 18 3 12 3 12 3 6 4 7 2 5 3 21 0 0 3 31 4 9 3 8 3 3 4 19 3 173 2 20 2 4 6 7 3 5 1 1 4 6 4 5 4 8 4 11 0 0 3 10 1 23 4 85 1 1 3 4 5 15 1 1 
2 6 3 3 4 9 4 4 1 1 1 2 2 182 3 5 2 6 4 6 5 35 2 4 3 25 1 72 1 2 3 16 6 6 2 2 2 2 2 6 4 24 1 2 3 3 2 2 0 0 4 15 3 9 2 11 3 101 1 15 2 18 3 4 
1 4 3 21 1 3 2 2 2 13 2 2 1 1 0 0 1 1 1 2 1 1 1 1 0 0 1 1 1 2 3 3 4 9 0 0 3 5 2 10 1 5 3 38 1 1 2 3 3 58 3 13 5 9 3 7 4 5 0 0 4 29 2 2 
0 0 3 17 3 7 1 1 3 3 2 357 2 3 4 10 2 6 1 6 3 5 0 0 1 4 1 1 3 3 1 9 2 56 5 22 2 8 0 0 2 8 2 2 0 0 2 25 7 33 4 6 2 2 3 5 2 5 0 0 2 3 1 6 
4 34 2 5 2 12 1 1 4 29 2 9 2 9 2 2 2 7 3 4 0 0 2 8 3 78 3 7 2 15 2 3 5 8 2 25 1 1 2 3 2 79 4 15 3 8 2 5 1 1 2 66 2 6 4 156 2 4 4 36 2 4 1 1 
2 9 3 10 4 64 2 2 1 1 2 110 2 5 1 1 6 22 3 9 2 2 2 27 5 129 3 3 0 0 2 2 1 2 0 0 3 6 0 0 5 23 4 12 3 49 0 0 5 15 1 3 2 3 4 8 2 4 1 3 3 10 1 1 
2 6 3 17 2 3 6 96 2 2 3 13 0 0 3 6 4 20 2 2 2 2 1 1 2 2 2 8 0 0 2 2 1 3 1 1 3 47 0 0 2 2 2 7 1 1 1 1 1 2 2 2 1 1 5 57 3 14 2 2 0 0 2 2 
6 123 4 5 3 9 0 0 3 164 6 1351 1 2 3 3 2 7 5 5 3 7 2 31 0 0 3 3 1 3 2 13 1 1 1 1 3 12 4 4 4 26 3 4 6 40 3 5 1 1 5 26 1 1 7 31 0 0 1 1 2 2 0 0 
4 4 5 9 2 2 2 2 0 0 4 65 4 6 0 0 2 3 2 6 3 8 1 1 2 2 6 303 1 7 3 23 2 9 3 5 1 2 2 17 2 3 1 4 3 6 6 12 4 64 0 0 5 20 3 13 1 3 5 23 2 6 1 5 
4 6 0 0 2 9 2 5 0 0 0 0 1 1 4 19 2 17 5 21 4 26 5 214 0 0 5 9 2 5 4 27 4 8 1 1 1 7 0 0 3 7 2 3 2 2 3 8 2 15 1 1 3 3 2 2 3 15 1 1 1 1 1 8 
1 1 3 6 2 3 1 17 3 10 2 2 1 14 1 1 3 9 0 0 3 3 2 6 1 7 2 6 1 7 1 1 6 11 0 0 3 3 5 24 3 6 0 0 1 1 1 1 1 2 2 2 3 3 2 2 0 0 1 51 2 2 4 69 
3 12 3 7 3 16 0 0 2 7 1 3 1 1 2 2 0 0 2 10 3 5 4 16 2 9 2 27 4 13 2 6 3 3 3 120 2 10 1 9 5 25 1 6 0 0 3 16 1 3 2 2 0 0 5 51 3 10 1 6 3 29 5 8 
4 14 3 61 1 2 1 2 2 15 3 5 4 7 2 2 2 8 1 5 4 21 3 4 1 3 1 1 4 4 0 0 2 7 5 12 3 3 1 1 3 5 0 0 3 3 3 3 3 11 1 1 0 0 4 5 3 8 1 1 0 0 2 40 
1 1 4 34 1 1 0 0 2 2 2 7 2 4 2 5 3 17 5 20 5 9 3 9 4 32 3 15 4 10 1 3 1 1 4 145 3 13 3 7 1 1 0 0 4 67 4 8 2 2 1 1 1 1 3 4 3 7 2 29 4 54 3 47 
0 0 1 14 1 3 3 3 4 26 0 0 3 6 1 17 2 27 2 8 4 7 2 29 3 4 1 1 3 9 3 16 2 2 3 5 1 1 2 3 4 33 4 8 2 2 0 0 3 4 0 0 0 0 4 8 1 3 4 33 4 4 4 10 
2 73 2 2 5 14 0 0 2 3 1 3 1 1 5 15 1 1 3 8 2 51 1 124 0 0 1 3 3 5 2 2 1 1 1 1 3 8 5 24 1 1 1 1 2 4 10 38 3 24 2 2 2 17 0 0 0 0 2 4 1 2 0 0 
1 1 3 5 1 1 2 91 2 91 1 2 1 6 0 0 3 3 2 2 7 28 0 0 2 92 6 32 2 2 5 5 1 2 3 7 1 2 3 3 2 14 4 19 2 33 3 7 2 2 1 1 7 9 1 1 1 1 4 124 3 221 4 8 
3 18 3 64 1 1 0 0 4 13 1 4 3 13 1 20 3 8 5 31 2 8 1 11 1 4 2 7 1 1 2 2 1 4 2 14 1 2 5 9 2 8 2 208 2 99 3 6 1 7 0 0 1 1 3 28 2 2 3 43 0 0 2 2 
0 0 1 39 2 35 4 7 2 10 1 1 3 3 4 13 1 2 3 5 1 163 1 1 2 3 2 3 1 1 4 8 3 139 1 1 6 29 6 18 3 11 3 41 4 14 1 1 3 18 3 5 1 1 0 0 3 6 0 0 5 16 2 2 
2 16 5 5 1 1 1 4 1 1 1 7 3 7 3 19 0 0 2 405 2 7 1 12 0 0 1 1 4 6 2 4 1 25 0 0 4 10 0 0 1 4 2 5 0 0 4 13 2 13 1 1 2 7 3 5 1 1 1 1 1 1 0 0 
1 1 0 0 1 1 2 2 7 13 1 1 2 4 3 3 1 1 4 12 4 144 2 4 1 10 2 2 2 3 5 28 1 1 5 52 4 7 3 8 0 0 2 2 1 1 3 3 2 6 2 2 3 5 3 23 1 3 2 6 3 11 1 5 
0 0 1 1 0 0 2 16 3 4 3 6 2 5 1 1 0 0 0 0 1 4 2 4 5 9 3 9 1 1 2 2 1 1 3 7 6 24 0 0 3 5 5 12 2 2 2 23 2 21 3 47 3 33 4 95 1 1 1 1 1 52 2 8 
4 7 1 1 1 9 3 9 1 1 1 2 2 4 3 14 4 13 2 13 1 3 0 0 1 12 4 10 2 14 1 4 2 10 2 13 1 2 2 52 1 1 1 1 2 2 1 3 2 4 4 9 6 11 0 0 1 2 5 46 1 1 2 15 
4 4 4 21 9 26 1 1 2 4 1 1 4 14 2 2 1 1 4 11 1 2 2 3 0 0 1 1 2 11 1 2 2 15 1 1 1 1 2 81 2 8 0 0 2 27 2 28 5 28 0 0 2 6 2 6 4 8 1 5 1 1 1 1 
1 1 1 1 3 8 1 10 1 1 0 0 1 3 3 5 3 20 4 38 0 0 3 44 6 241 3 5 4 281 1 1 0 0 1 1 0 0 1 1 0 0 2 18 2 29 3 3 3 41 2 5 1 2 0 0 0 0 2 40 3 9 2 21 
4 24 0 0 3 3 2 3 1 9 5 52 0 0 0 0 3 31 1 2 1 1 3 4 2 9 2 3 0 0 2 6 1 1 7 111 4 60 3 14 1 1 1 5 5 19 4 6 2 5 1 5 1 1 2 9 3 24 2 4 3 13 2 7 
1 1 3 6 2 25 1 1 4 39 0 0 2 3 4 224 0 0 0 0 4 20 1 1 1 1 0 0 2 2 1 1 3 105 6 20 3 9 1 1 1 1 3 5 2 2 2 8 2 4 3 38 0 0 3 4 3 4 1 8 2 2 1 1 
1 18 2 12 6 7 2 5 1 1 1 1 2 4 0 0 1 1 5 111 0 0 4 10 4 123 2 4 1 25 4 26 2 9 3 6 2 2 3 44 1 4 1 1 0 0 3 26 3 9 0 0 0 0 3 3 1 5 1 1 2 22 3 22 
0 0 1 1 2 30 1 1 0 0 0 0 2 2 1 1 3 6 2 2 1 6 2 4 0 0 2 9 1 1 2 3 1 1 7 33 3 78 2 2 2 5 0 0 2 15 3 37 2 2 1 1 0 0 1 7 6 16 1 1 2 4 3 5 
1 7 2 2 3 43 4 26 2 2 2 3 1 2 2 2 2 6 2 16 2 2 2 4 2 13 0 0 2 2 0 0 3 3 5 12 1 1 2 124 1 1 2 49 2 15 2 10 3 10 3 15 0 0 2 4 1 1 1 1 3 10 2 63 
3 3 3 100 3 3 1 14 1 6 3 10 3 9 2 9 3 13 1 5 2 4 0 0 0 0 1 1 2 8 1 5 1 3 4 4 2 108 2 7 3 4 1 1 0 0 4 9 2 5 4 7 3 13 3 12 0 0 2 2 2 59 2 6 
0 0 1 7 3 11 1 7 0 0 4 441 4 13 1 1 1 1 0 0 4 95 2 11 2 2 3 32 1 6 0 0 2 2 5 28 4 378 0 0 4 732 2 4 1 2 4 11 2 23 4 34 4 9 3 3 2 13 1 1 1 5 1 3 
1 1 4 11 3 20 1 1 0 0 3 3 2 2 3 8 2 93 2 6 0 0 4 9 4 45 2 10 3 4 3 11 3 14 1 1 1 7 3 3 4 4 2 41 0 0 3 22 1 2 2 33 1 14 0 0 2 5 1 78 1 1 3 12 
2 5 1 1 1 29 6 28 3 5 1 148 3 12 0 0 1 1 0 0 2 2 4 7 1 3 2 14 1 14 1 1 3 58 1 1 1 30 2 2 5 13 3 29 3 1289 3 10 2 6 2 2 0 0 2 8 2 812 1 1 1 25 3 10 
1 13 0 0 6 13 1 1 2 9 1 1 3 95 0 0 1 7 2 2 0 0 1 1 3 23 3 33 1 1 3 4 1 1 2 6 2 7 2 2 3 29 0 0 3 46 1 2 1 4 3 4 1 6 4 42 3 15 1 2 1 2 2 2 
2 71 2 3 3 4 4 1840 0 0 4 17 3 4 3 52 1 1 0 0 2 2 3 13 1 1 2 5 2 216 2 15 3 3 0 0 2 12 3 14 4 9 2 6 1 1 4 6 1 2 3 7 2 2 0 0 2 8 1 1 0 0 1 1 
0 0 2 15 1 4 3 7 1 1 4 4 2 2 3 5 2 229 4 23 2 7 0 0 3 84 3 6 4 36 4 27 2 3 5 11 2 2 1 1 3 3 1 1 3 23 1 5 1 1 1 2 3 4 1 2 1 27 3 13 4 8 2 2 
5 7 3 3 3 11 3 6 2 23 1 4 2 4 1 4 1 5 5 34 2 2 2 2 4 8 0 0 3 68 2 54 3 3 1 1 2 3 2 2 4 355 8 26 4 22 5 89 1 11 0 0 1 4 3 19 2 4 1 1 2 4 1 1 
2 2 1 1 3 13 4 4 2 3 1 3 4 14 1 1 2 2 0 0 4 14 2 2 1 3 2 3 2 2 3 16 2 7 1 1 0 0 3 10 1 2 7 13 2 18 4 46 2 7 0 0 3 3 0 0 2 6 3 3 3 32 3 44 
2 4 2 2 5 7 1 1 1 3 1 1 3 21 2 4 3 9 1 1 1 1 2 4 0 0 1 1 4 12 3 38 3 12 3 4 1 1 2 5 4 25 1 5 2 7 2 34 0 0 2 2 2 26 4 14 0 0 2 4 1 1 5 12 
3 10 1 5 4 20 2 4 0 0 1 1 1 2 0 0 2 7 1 6 4 30 3 22 6 7 1 41 3 3 0 0 1 2 1 3 1 1 3 12 2 5 4 7 1 1 2 2 3 27 0 0 3 26 4 13 3 4 0 0 1 36 1 4 
3 7 3 6 1 5 0 0 1 2 0 0 1 1 1 2 3 9 3 12 2 2 2 5 1 1 2 2 0 0 3 16 1 1 2 4 3 3 2 5 2 4 2 2 3 4 1 6 4 5 5 8 3 11 2 3 2 8 2 2 4 13 1 4 
2 5 4 8 4 9 3 5 4 24 0 0 4 29 2 9 2 7 0 0 1 1 3 4 1 1 6 60 3 9 0 0 1 2 3 20 1 1 1 1 2 11 4 10 1 1 4 6 2 55 1 1 2 2 4 13 4 4 3 28 1 1 0 0 
1 1 0 0 2 5 2 35 1 3 1 1 5 5 2 3 2 13 0 0 2 345 1 7 5 5 2 424 3 43 1 4 3 3 3 7 4 40 4 15 2 2 3 40 0 0 3 16 4 36 2 2 1 1 3 7 1 6 1 5 1 1 0 0 
1 1 5 7 0 0 2 2 3 4 3 3 3 3 7 20 2 6 1 6 3 9 4 10 2 4 1 17 2 2 2 8 4 5 3 7 2 43 4 84 0 0 1 10 2 7 2 3 1 1 2 6 2 2 4 146 2 6 4 12 2 13 1 1 
4 12 1 1 4 15 0 0 3 9 5 32 4 165 0 0 1 1 2 5 1 2 1 2 1 1 4 19 5 5 6 94 2 20 3 22 1 1 2 7 3 3 1 9 1 3 3 7 0 0 2 6 1 1 0 0 4 158 2 3 2 50 0 0 
2 29 1 1 3 4 1 9 0 0 2 4 1 3 0 0 0 0 1 17 1 5 3 5 3 3 3 6 1 1 1 3 3 3 0 0 5 30 0 0 2 2 0 0 2 9 5 34 3 33 4 4 4 5 3 118 1 1 1 4 2 20 2 3 
2 2 1 1 1 1 0 0 3 29 3 3 2 15 0 0 3 7 1 1 1 2 2 2 4 16 2 26 1 5 1 156 1 1 3 7 1 1 2 3 2 3 3 17 1 8 5 40 4 45 1 1 2 8 2 71 3 8 3 8 1 9 2 7 
2 24 4 42 4 10 3 10 3 5 2 2 5 14 3 3 3 16 1 2 1 25 2 22 3 74 0 0 0 0 1 1 3 23 2 2 3 20 2 35 2 8 1 10 1 1 1 2 5 55 3 5 2 7 3 46 4 9 1 1 2 3 1 1 
0 0 4 9 3 9 1 1 6 14 1 11 0 0 3 5 4 20 3 10 1 3 4 20 2 23 2 16 2 63 0 0 2 6 3 6 3 7 5 11 7 16 3 8 2 2 1 9 4 264 1 1 2 47 1 1 2 24 1 8 5 17 2 3 
6 67 3 7 3 10 3 18 2 41 1 14 4 128 5 45 2 2 1 1 6 56 1 6 2 21 1 5 0 0 3 4 2 2 4 12 2 7 1 1 2 2 0 0 4 5 2 2 1 7 1 8 5 12 1 1 3 19 2 2 2 2 5 20 
8 47 1 1 3 44 2 6 4 13 2 2 3 5 2 4 1 9 1 1 1 183 2 11 0 0 1 1 0 0 0 0 1 1 5 38 0 0 3 6 1 1 1 1 0 0 1 4 2 8 1 32 3 827 2 2 3 33 1 1 3 14 0 0 
3 77 2 207 2 11 4 13 3 7 3 16 1 1 4 242 1 2 2 36 0 0 2 9 3 5 2 8 1 5 6 27 2 8 1 6 0 0 1 1 6 27 2 8 0 0 2 2 2 2 2 10 1 28 2 4 1 8 3 123 3 4 0 0 
1 1 0 0 0 0 1 1 2 10 3 21 1 1 1 17 3 3 5 34 2 2 1 1 0 0 2 27 4 10 2 8 3 11 1 1 3 49 3 3 2 6 3 67 5 21 0 0 1 12 3 4 2 4 1 6 1 1 1 1 6 18 7 69 
0 0 3 11 1 17 2 7 4 10 2 11 0 0 3 22 3 13 3 3 3 4 1 2 1 13 1 1 1 1 2 2 1 2 1 4 2 2 1 1 2 2 3 23 0 0 2 10 4 11 2 2 3 8 3 13 3 6 1 1 0 0 0 0 
1 5 3 4 1 3 0 0 5 5 3 12 1 2 0 0 0 0 1 12 3 12 2 12 6 46 3 14 2 11 1 7 1 7 1 4 1 3 6 14 2 2 4 18 3 15 3 58 5 48 1 1 3 3 3 59 1 1 2 4 4 21 2 2 
1 1 6 12 1 1 6 52 1 1 6 16 5 526 1 3 2 8 0 0 3 37 2 9 2 121 2 2 4 8 2 6 0 0 4 13 0 0 4 14 3 50 2 8 0 0 2 12 1 1 0 0 3 7 5 50 1 2 4 9 2 2 1 1 
3 4 5 20 0 0 3 12 2 4 3 6 1 4 3 7 2 4 2 2 3 13 3 13 2 10 2 22 2 6 0 0 4 19 3 4 4 8 1 9 2 3 3 3 3 27 3 116 0 0 1 1 0 0 2 12 1 1 1 14 1 1 1 1 
2 4 1 1 1 89 3 12 4 9 2 2 2 2 2 7 7 20 2 7 6 59 4 7 4 9 2 2 5 57 4 6 1 6 1 1 4 18 3 16 2 11 0 0 1 1 3 4 5 38 4 36 0 0 1 1 2 26 3 4 4 59 0 0 
2 9 3 56 3 9 2 2 2 5 3 14 3 7 1 1 1 3 2 2 3 5 1 1 1 3 3 17 1 1 2 7 2 4 2 17 3 22 2 2 5 39 4 33 2 2 5 97 3 6 2 6 1 1 0 0 4 24 1 6 3 3 3 22 
4 19 2 4 1 1 4 8 1 5 1 1 11 49 6 23 0 0 1 2 0 0 1 5 1 3 1 1 4 30 3 13 1 82 2 40 5 44 3 5 4 5 2 6 1 1 0 0 2 4 3 5 0 0 1 1 1 1 4 4 1 1 2 6 
2 22 1 5 2 5 1 3 2 9 1 1 1 1 0 0 0 0 7 30 0 0 2 2 1 7 2 3 0 0 1 1 1 2 2 17 1 9 5 10 2 3 1 1 0 0 1 1 4 46 2 13 5 6 1 115 2 2 2 3 2 2 3 9 
3 4 1 1 1 1 4 4 5 12 2 3 2 4 2 13 4 7 4 8 3 6 3 21 3 9 0 0 4 1180 3 13 2 4 0 0 1 28 3 8 2 3 4 7 1 1 1 23 2 2 4 112 3 6 1 1 2 10 1 1 3 748 1 9 
2 4 4 7 5 14 2 3 1 4 2 3 0 0 2 11 2 7 5 9 1 1 5 16 1 1 1 3 2 2 2 4 3 11 3 1081 0 0 1 2 4 11 1 3 3 4 6 17 1 204 1 1 4 87 3 11 0 0 3 7 3 99 5 9 
5 86 2 37 0 0 6 15 2 33 5 8 3 9 4 148 4 6 3 7 0 0 4 40 5 5 2 4 3 21 1 3 3 11 2 86 3 9 3 5 1 5 2 30 1 1 4 8 2 8 1 1 4 39 0 0 1 2 3 8 2 5 2 5 
1 1 1 3 6 30 1 6 4 5 2 13 5 15 1 7 3 4 0 0 0 0 1 1 2 19 1 1 1 1 1 1 2 2 3 3 1 1 2 39 1 5 3 4 1 18 0 0 2 3 3 11 2 11 1 1 2 3 3 38 1 2 2 2 
2 9 1 2 1 1 7 83 2 3 5 94 1 1 4 17 1 1 3 5 1 5 1 4 1 1 2 97 2 3 4 24 1 1 3 89 1 11 1 1 1 2 3 9 0 0 1 17 1 43 2 36 2 2 0 0 5 9 1 10 3 3 3 16 
2 345 3 198 4 6 1 1 0 0 2 380 4 16 2 3 0 0 6 267 2 8 6 24 1 2 4 5 3 27 2 24 3 3 1 1 0 0 4 9 1 11 0 0 2 2 2 12 3 7 1 3 2 3 1 1 2 2 2 293 2 9 5 114 
1 24 2 27 1 1 1 4 0 0 1 1 2 5 2 2 0 0 1 2 2 9 1 4 4 21 1 1 1 2 3 6 0 0 1 1 1 1 5 9 2 2 2 2 1 1 1 1 2 46 3 12 1 1 1 1 3 10 5 28 3 7 2 7 
3 7 5 50 1 7 1 14 1 1 4 6 2 3 1 1 2 2 5 18 4 26 4 4 1 3 3 11 4 18 3 3 0 0 1 1 1 1 3 5 3 8 0 0 2 38 3 215 2 5 0 0 3 4 1 4 2 2 5 75 1 2 2 9 
4 5 5 34 3 112 2 6 3 4 2 2 5 20 1 13 3 55 1 35 2 7 3 8 1 5 2 2 1 10 3 24 3 9 1 9 2 12 2 3 2 3 2 2 0 0 0 0 1 3 2 11 0 0 3 1395 2 10 0 0 0 0 1 1 
3 11 3 7 2 2 1 7 4 7 4 6 2 2 0 0 1 1 2 2 3 4 2 2 1 1 1 3 1 1 3 10 1 1453 4 10 2 2 0 0 2 32 4 6 2 2 3 23 6 11 4 220 1 1 2 2 4 4 5 10 3 5 2 2 
0 0 0 0 1 1 4 224 2 2 1 14 3 3 1 2 0 0 3 7 3 4 0 0 2 14 2 3 2 2 4 14 1 3 2 2 0 0 3 4 2 25 0 0 1 3 1 2 1 5 1 22 0 0 1 2 2 7 1 29 5 30 3 5 
2 2 0 0 1 1 2 66 4 19 3 3 4 54 2 2 3 4 0 0 2 6 2 10 3 5 2 2 4 8 4 11 3 32 0 0 1 1 2 3 3 5 3 13 4 5 1 1 3 22 3 9 1 1 6 131 5 79 1 7 6 66 1 16 
4 11 1 1 2 2 2 3 1 2 2 4 3 3 1 6 3 9 4 46 3 8 4 4 3 4 1 3 2 3 1 1 3 7 2 21 0 0 1 5 1 7 1 1 1 1 4 37 2 8 2 2 1 1 1 1 3 5 1 1 1 15 0 0 
1 21 1 6 3 5 4 21 3 6 3 4 3 24 8 23 4 31 0 0 2 3 2 14 3 33 1 1 4 4 3 14 3 12 4 122 2 2 2 82 1 1 3 13 2 2 3 7 2 2 3 5 0 0 6 39 3 7 4 160 2 4 2 4 
3 18 1 2 4 5 1 4 0 0 1 12 1 3 3 15 2 5 2 7 0 0 3 5 4 12 1 3 4 8 2 3 2 6 1 2 1 14 3 6 1 1 4 4 4 6 3 4 2 7 2 45 1 2 2 3 1 4 4 6 4 15 0 0 
2 5 2 2 1 5 0 0 3 8 3 3 1 1 3 10 2 4 3 5 2 29 1 4 3 7 4 11 1 3 1 1 1 1 4 13 0 0 1 2 1 3 2 2 1 16 2 2 1 2 1 1 1 207 1 10 3 4 2 7 3 3 4 39 
2 5 2 2 1 11 0 0 0 0 2 3 4 48 1 29 1 5 3 5 2 3 6 1459 2 6 0 0 3 4 1 1 1 1 2 4 2 2 6 13 2 22 1 5 2 11 0 0 5 13 3 9 1 1 1 7 3 5 2 5 2 3 4 13 
3 8 0 0 2 9 5 20 0 0 3 5 4 12 3 4 1 1 3 6 3 4 2 9 2 2 3 12 5 61 2 4 1 1 3 6 3 7 4 9 5 15 0 0 1 1 0 0 2 3 2 10 3 17 0 0 1 2 1 1 2 5 1 11 
3 16 2 2 3 13 4 25 4 6 1 4 1 1 1 8 3 10 1 3 1 3 2 15 1 1 2 19 2 8 1 6 3 10 4 20 2 21 0 0 2 3 4 12 3 11 0 0 2 21 4 4 3 12 2 21 0 0 5 7 3 11 2 10 
2 7 1 1 5 20 1 1 2 10 4 16 0 0 1 1 1 2 1 1 1 1 2 10 3 3 4 42 2 2 0 0 2 2 2 37 0 0 2 2 2 3 3 23 1 19 4 26 3 35 2 23 0 0 0 0 2 2 1 1 1 1 1 11 
1 18 3 5 5 67 2 31 1 5 5 12 0 0 2 21 0 0 1 1 3 4 4 192 1 16 2 11 4 10 1 14 2 2 3 22 1 1 0 0 3 7 3 5 1 6 1 1 1 1 4 6 3 4 6 16 5 518 4 7 2 2 0 0 
2 28 2 2 0 0 2 2 2 70 1 2 2 3 3 8 2 2 4 13 1 1 0 0 2 7 1 1 1 2 3 4 5 47 3 6 2 3 1 1 3 2202 2 3 1 62 0 0 0 0 4 6 2 63 3 3 3 5 5 18 2 3 1 3 
4 5305 2 3 4 18 1 1 4 27 3 27 1 3 1 91 2 2 3 5 4 13 5 7 1 3 2 4 3 88 1 1 5 19 2 22 1 6 0 0 2 849 3 6 2 7 4 8 1 6 2 14 5 22 0 0 1 1 2 19 4 25 1 1 
1 9 3 8 1 2 1 1 0 0 1 3 4 12 1 1 3 8 3 3 0 0 0 0 2 2 3 95 0 0 2 55 1 2 2 30 4 121 2 25 3 6 1 4 3 3 2 21 1 15 2 4 2 26 2 3 1 6 1 1 3 72 3 5 
1 6 2 54 0 0 4 6 1 2 1 1 1 1 4 11 2 2 2 2 2 2 2 6 2 3 1 1 3 35 2 13 4 7 3 77 2 7 1 1 3 19 0 0 2 2 1 1 0 0 1 1 1 1 2 2 0 0 2 2 1 26 3 31 
0 0 5 16 1 3 4 69 3 4 3 7 3 31 3 13 1 1 1 1 2 2 3 3 2 3 3 10 3 4 3 5 0 0 2 23 1 1 2 4 2 14 4 73 1 5 1 1 4 4 2 2 2 3 6 42 1 2 4 79 1 16 1 4 
0 0 5 18 3 75 2 3 0 0 2 68 3 11 2 2 1 3 3 12 0 0 1 2 1 24 1 55 4 12 2 3 3 49 2 2 3 10 4 6 1 1 3 12 3 42 2 2 1 1 3 5 4 5 1 2 3 3 1 2 2 7 3 11 
4 17 2 35 1 6 4 8 1 2 1 1 3 27 1 5 1 1 1 7 2 17 0 0 3 7 0 0 2 6 0 0 4 6 0 0 2 8 5 12 3 86 3 3 0 0 0 0 2 139 1 9 2 9 2 5 3 12 2 3 5 9 5 35 
0 0 3 28 5 11 1 2 1 1 1 4 6 20 1 1 1 39 2 42 4 7 3 4 2 2 2 11 1 1 1 7 0 0 2 66 1 1 1 1 0 0 2 3 4 12 3 6 2 12 1 1 1 21 3 9 3 3 0 0 1 3 3 3 
1 7 0 0 2 27 1 1 1 1 2 8 2 2 1 1 2 29 2 51 3 6 1 2 5 22 4 17 2 2 1 2 1 1 2 141 3 7 1 1 1 1 4 10 0 0 3 5 2 9 2 8 1 1 2 6 2 16 1 3 3 17 3 65 
1 1 3 5 0 0 2 2 0 0 4 4 3 3 3 44 2 2 2 27 1 40 2 5 0 0 2 7 2 2 2 13 4 12 8 16 3 8 5 17 1 1 8 243 0 0 2 14 2 2 4 11 3 29 3 7 0 0 0 0 3 6 1 13 
1 2 0 0 3 4 2 3 2 3 1 1 2 3 1 3 4 12 0 0 0 0 2 13 3 7 4 6 4 6 3 4 2 17 0 0 3 24 1 3 1 3 0 0 0 0 4 21 1 1 2 4 2 5 1 1 5 7 0 0 2 8 1 1 
0 0 6 22 5 7 2 2 1 1 1 1 3 20 1 1 4 7 4 7 2 3 2 5 1 1 1 1 5 11 2 11 2 5 0 0 1 9 3 13 0 0 0 0 5 22 1 2 1 1 1 1 1 2 3 63 1 16 0 0 2 2 0 0 
3 55 2 27 1 4 2 3 2 2 1 254 1 2 3 28 0 0 6 38 1 1 3 6 2 2 0 0 0 0 2 53 1 10 4 6 1 1 0 0 5 5 2 6 1 1 2 9 1 16 2 2 3 4 5 9 5 14 2 2 5 13 2 36 
1 2 1 1 2 2 1 8 1 12 2 4 1 2 1 2 3 60 1 4 4 8 3 36 2 4 4 50 1 1 3 7 1 1 2 4 3 16 5 10 3 11 2 4 4 10 3 3 0 0 3 6 5 9 2 2 2 2 1 2 1 6 2 3 
0 0 3 4 1 1 2 337 2 3 2 5 1 5 4 7 3 14 1 5 2 2 2 11 2 2 1 4 3 61 1 4 1 5 0 0 3 10 3 5 1 1 3 6 3 3 3 3 3 3 2 9 1 1 1 1 2 4 3 15 2 2 2 3 
2 10 2 6 2 478 2 3 1 4 1 4 1 1 4 21 1 1 2 5 4 26 0 0 1 1 1 2 2 5 3 5 3 8 0 0 5 24 4 16 2 18 5 6 4 24 0 0 0 0 2 16 2 5 0 0 2 2 5 5 2 2 3 474 
2 3 2 33 3 12 3 12 3 3 3 25 0 0 1 25 2 2 2 9 1 1 5 27 2 8 1 3 7 21 0 0 0 0 2 3 4 25 1 1 3 8 1 1 2 2 5 8 0 0 1 33 3 8 0 0 1 1 2 3 2 9 1 8 
2 94 3 8 2 4 2 10 3 8 3 42 2 8 3 10 3 8 2 4 3 6 2 2 2 12 3 16 2 2 1 2 2 10 3 20 2 5 2 2 2 7 2 3 1 1 1 1 0 0 1 1 2 12 2 12 1 4 0 0 0 0 0 0 
0 0 0 0 3 73 4 8 1 1 3 6 0 0 3 53 4 10 0 0 2 5 1 1 1 1 0 0 4 22 2 2 2 3 2 8 2 5 3 3 1 1 2 2 2 5 2 25 3 6 3 8 3 94 0 0 4 6 1 2 5 10 4 18 
1 8 3 15 4 34 5 74 1 1 1 1 1 2 3 3 0 0 1 1 5 15 0 0 1 1 3 19 1 2 0 0 2 19 1 1 5 9 4 21 1 2 4 13 2 2 3 26 1 20 1 1 1 1 3 7 0 0 3 13 3 35 3 15 
1 1 1 2 3 31 1 1 3 5 1 4 2 6 3 4 1 1 1 5 1 4 4 8 3 20 4 20 1 1 1 8 0 0 3 74 1 2 2 9 2 9 2 2 5 18 0 0 4 69 1 1 3 74 3 28 2 4 3 3 1 1 3 12 
3 4 2 11 2 6 2 2 0 0 1 9 1 16 3 20 3 1468 1 1 3 3 3 6 4 8 1 1 0 0 2 104 3 4 2 4 1 3 3 3 5 5 4 33 3 10 3 21 4 50 0 0 5 38 1 3 2 24 1 1 3 26 3 4 
2 3 2 14 0 0 4 16 2 11 0 0 0 0 0 0 3 33 1 1 1 1 4 4 1 1 3 5 2 2 0 0 1 1 0 0 1 27 2 10 4 7 1 2 3 7 3 10 2 8 0 0 0 0 2 8 6 17 2 2 3 20 1 1 
1 1 7 19 2 2 5 11 2 4 6 20 0 0 4 7 3 12 3 473 0 0 1 1 4 12 0 0 0 0 2 2 2 15 1 2 2 52 0 0 4 4 3 96 2 2 2 6 1 24 2 14 4 21 2 6 2 5 5 18 1 1 3 10 
0 0 0 0 2 2 1 2 0 0 2 2 5 8 2 32 0 0 2 2 2 2 0 0 3 4 3 41 5 6 2 16 3 4 7 30 2 2 2 4 3 7 5 31 1 19 1 1 3 38 1 2 1 1 2 12 1 1 1 6 2 3 3 9 
0 0 3 14 2 18 1 7 2 2 2 2 2 16 1 1 3 29 2 4510 2 2 3 45 2 3 2 10 0 0 2 2 5 50 2 2 1 2 2 5 1 1 1 2 2 4 4 207 2 18 1 1 1 1 1 4 1 3 1 6 3 14 1 1 
1 1 3 144 0 0 0 0 1 196 2 4 1 4 1 1 2 4 4 37 1 1 2 14 2 11 2 8 2 13 3 3 2 6 3 3 2 2 3 53 1 6 2 2 3 14 4 12 1 1 2 2 5 27 2 2 2 7 1 9 3 8 4 7 
1 5 3 11 1 3 5 8 0 0 1 4 3 10 1 1 4 14 5 150 2 7 1 1 2 16 1 11 1 1 1 4 2 6 4 8 0 0 2 3 0 0 1 1 4 5 1 1 4 7 3 84 0 0 2 14 3 13 4 63 2 2 3 16 
3 11 3 5 4 7 4 29 1 1 1 1 3 3 3 6 2 3 2 12 2 8 3 60 3 13 2 2 0 0 3 25 2 2 1 1 4 5 5 8 3 11 2 2 3 15 2 9 2 2 3 16 1 2 4 22 3 6 0 0 3 4 2 9 
3 9 1 1 3 8 1 1 2 2 2 85 3 35 3 8 0 0 2 4 4 8 2 5 2 3 3 139 3 4 3 3 3 3 3 67 2 2 0 0 4 13 1 1 2 3 3 7 3 30 0 0 1 1 3 18 1 1 1 4 3 3 5 82 
1 8 3 25 1 15 2 45 1 3 0 0 3 10 4 9 4 13 0 0 1 1 5 36 1 5 3 3 5 8 1 1 1 1 3 8 2 243 2 18 1 6 4 18 3 10 2 6 2 15 1 1 4 6 0 0 6 10 1 1 0 0 2 23 
2 7 1 3 2 10 3 12 3 3 4 22 1 1 3 5 2 5 3 6 4 4 5 16 2 31 2 8 5 34 1 6 3 7 1 5 1 6 1 14 1 1 4 27 2 2 1 2 2 18 2 2 1 14 0 0 3 22 3 51 0 0 4 16 
4 5 1 1 1 4 5 248 3 4 3 4 3 20 1 2 2 2 1 2 3 4 2 92 2 2 5 48 5 18 2 12 2 2 4 22 0 0 1 1 1 5 2 45 1 1 3 10 1 2 0 0 2 19 1 1 2 10 1 18 3 4 6 11 
5 8 1 1 1 14 3 67 1 6 2 18 2 2 2 7 1 7 2 5 0 0 2 2 0 0 2 2 3 4 0 0 1 2 1 7 4 78 1 1 3 6 1 2179 1 1 1 1 2 8 3 7 1 21 1 1 2 2 4 5 1 15 3 5 
2 4 3 4 0 0 4 16 1 2 2 2 1 18 2 5 0 0 2 2 1 1 2 25 4 6 4 7 2 9 3 5 2 11 3 11 2 10 1 1 3 3 3 49 1 1 1 5 1 2 4 31 3 3 0 0 3 9 2 3 1 1 2 14 
1 43 0 0 3 39 0 0 3 19 2 9 2 3 2 2 1 4 5 10 2 4 5 21 5 6 1 1 1 1 3 6 2 2 1 1 1 1 2 5 1 1 0 0 1 19 4 126 1 1 1 1 5 141 1 3 1 1 1 1 1 8 2 2 
1 7 3 10 5 11 3 4 6 12 2 4 2 10 0 0 0 0 1 1 2 8 5 12 0 0 4 10 3 3 3 11 0 0 1 1 1 1 6 32 2 7 4 11 3 24 3 33 2 2 2 9 1 1 2 2 1 1 1 5 1 1 5 12 
2 2 2 2 6 37 1 4 2 7 3 3 2 12 5 18 0 0 2 3 2 388 2 14 1 13 4 25 0 0 3 7 0 0 5 31 1 10 6 52 2 9 3 6 3 7 4 2196 2 4 2 3 4 9 0 0 5 6 4 13 2 41 1 1 
1 5 3 3 2 7 2 3 3 11 4 26 0 0 2 11 2 20 1 1 4 16 1 4 2 3 1 1 2 2 3 12 3 49 0 0 2 4 1 1 1 1 1 1 0 0 2 64 2 5 0 0 0 0 4 128 3 40 1 3 5 9 1 4 
3 16 2 2 0 0 4 7 1 1 1 1 0 0 6 14 0 0 4 4 5 68 1 13 3 5 0 0 1 1 0 0 2 5 0 0 6 46 2 2 2 4 1 63 0 0 4 18 1 5 0 0 3 14 2 5 2 9 4 22 2 2 2 8 
1 3 3 72 4 33 2 2 2 5 3 7 4 31 0 0 0 0 1 1 3 9 2 7 2 4 3 15 0 0 1 5 2 2 5 23 2 6 1 2 0 0 2 8 3 13 2 4 2 5 3 21 1 5 0 0 3 10 2 26 4 20 2 7 
1 1 3 3 3 8 2 3 3 18 4 436 4 65 2 6 4 28 1 1 1 1 0 0 0 0 2 38 4 16 1 1 0 0 1 4 1 1 2 11 5 23 3 38 3 23 2 11 2 48 5 15 2 2 2 8 3 10 2 30 1 1 1 1 
1 1 1 1 1 2 3 6 1 5 1 1 1 2 2 2 3 15 4 4 2 2 5 31 2 2 0 0 3 9 4 18 3 17 4 49 1 1 1 1 5 22 1 6 6 17 0 0 2 6 4 37 1 1 2 2 0 0 4 16 3 4 5 43 
2 7 1 1 3 9 4 19 2 2 1 1 3 28 1 1 2 8 1 1 3 10 1 2 2 2 5 13 0 0 3 4 4 11 1 1 2 6 3 20 1 3 4 36 1 1 1 1 3 8 4 26 4 8 0 0 3 7 2 8 2 23 0 0 
3 13 2 2 0 0 1 1 0 0 2 9 0 0 3 4 0 0 2 313 2 10 2 8 1 1 0 0 2 3 1 11 3 5 1 1 1 1 6 11 0 0 2 3 3 54 2 5 1 1 4 9 4 8 1 1 1 27 3 5 3 12 2 266 
2 9 2 4 3 11 2 3 3 59 1 1 1 1 2 2 2 21 2 2 3 8 3 3 0 0 2 14 3 26 3 4 1 1 3 5 4 42 2 2 2 5 1 4 1 6 2 5 2 4 5 23 1 1 2 3 1 1 3 421 1 4 3 4 
5 15 3 11 4 4 3 10 4 8 3 12 3 3 4 15 1 30 1 22 5 27 1 2 1 6 0 0 0 0 3 5 1 1 3 6 0 0 3 27 1 1 3 4 3 15 1 1 2 3 3 397 0 0 2 7 3 4 2 6 6 649 2 9 
5 13 5 11 2 5 2 6 1 2 3 9 0 0 5 8 4 30 1 9 1 4 1 1 1 3 6 29 1 5 1 1 2 2 1 8 0 0 3 34 2 6 1 1 0 0 2 2 0 0 1 1 5 15 2 17 3 4 2 128 2 26 5 10 
3 5 1 1 1 1 6 20 3 8 4 9 2 7 2 2 1 4 1 2 1 1 1 1 2 2 1 2 1 2 2 4 3 21 3 10 0 0 1 1 2 2 0 0 1 1 3 4 0 0 2 3 2 6 2 26 0 0 2 2 5 31 5 37 
3 16 0 0 0 0 1 1 2 3 1 26 2 10 3 7 2 36 3 33 1 1 3 3 5 15 3 29 1 1 2 3 0 0 1 1 4 14 2 12 3 3 2 90 1 1 3 27 0 0 1 1 2 2 0 0 1 1 2 7 3 90 1 1 
0 0 4 6 3 4 4 1471 1 1 4 7 2 8 2 38 3 17 2 7 1 4 2 6 2 89 3 9 5 16 7 12 1 1 1 13 2 8 2 7 1 1 2 20 1 1 2 7 4 8 3 69 1 19 2 3 2 7 2 10 4 12 2 15 
3 3 2 2 3 29 1 2 2 2 4 14 0 0 1 17 0 0 2 6 2 36 4 20 4 26 2 100 4 7 2 3 0 0 4 13 0 0 1 6 3 5 1 19 5 16 1 1 7 14 1 2 1 5 1 1 7 13 1 1 1 1 0 0 
1 8 0 0 2 5 1 7 2 2 3 8 2 15 4 6 3 8 1 1 1 1 0 0 0 0 2 6 1 8 1 30 2 154 2 2 4 6 1 1 2 4 3 11 0 0 1 1 4 20 2 2 0 0 2 31 3 173 1 1 1 7 4 15 
1 4 4 5 2 2 1 2 1 5 0 0 2 8 3 4 0 0 2 16 4 164 0 0 1 1 1 1 3 8 1 2 2 40 1 1 5 12 1 1 3 216 2 2 3 25 0 0 2 9 1 1 3 11 3 7 1 5 1 1 0 0 1 1 
1 2 2 9 3 3 3 4 3 66 0 0 5 23 2 3 1 1 3 7 4 28 2 2 1 1 2 12 2 34 2 7 1 1 4 23 3 23 0 0 3 18 3 16 2 3 3 16 4 112 1 2 2 7 4 34 2 2 4 99 1 9 3 5 
1 7 1 3 2 19 4 33 1 1 4 7 2 9 4 18 1 10 3 18 1 7 5 8 4 41 2 3 5 9 3 18 2 3 3 22 0 0 2 21 7 7 0 0 1 1 3 5 2 2 2 5 1 1 3 13 5 26 1 1 3 3 1 4 
1 1 0 0 1 1 3 9 0 0 1 1 2 2 2 17 3 7 1 1 1 1 4 10 0 0 2 6 2 6 2 3 3 10 1 1 2 2 4 8 4 21 0 0 3 7 2 40 4 55 2 6 0 0 1 1 1 1 2 4 1 1 2 6 
1 2 2 17 1 1 2 4 3 3 4 5 3 17 1 4 1 76 2 2 4 4 0 0 3 9 4 2413 2 3 4 7 2 777 2 2 5 10 1 4 1 1 1 2 3 3 0 0 1 8 2 2 2 5 4 21 3 5 1 1 1 1 1 1 
3 14 4 12 1 2 2 6 4 9 3 3 4 15 2 18 1 1 2 2 0 0 1 2 1 1 2 6 0 0 1 1 4 17 1 2 1 1 2 2 4 11 3 50 2 8 4 12 1 10 2 3 1 1 2 2 1 1 3 10 2 4 2 6 
4 210 3 6 1 1 5 5 1 1 1 3 2 4 2 10 6 11 3 10 1 1 2 2 1 1 1 2 3 3 0 0 4 14 1 3 3 5 0 0 2 2 1 1 1 1 4 14 0 0 0 0 1 2 0 0 3 4 1 16 4 8 1 1 
3 34 2 4 1 1 1 1 2 7 0 0 2 2 2 8 1 3 2 12 3 65 2 10 0 0 1 8 2 2 0 0 1 82 5 10 2 13 3 4 0 0 1 1 4 71 2 3 0 0 2 2 2 2 2 10 1 9 5 15 0 0 3 9 
2 26 3 11 4 25 1 3 2 3 6 13 5 85 2 21 1 9 2 13 2 2 2 2 2 11 4 9 4 10 4 6 4 24 4 5 2 2 1 6 3 10 0 0 0 0 3 7 2 3 6 92 2 28 2 3 2 4 0 0 4 18 0 0 
3 15 4 18 2 2 2 3 3 33 2 4 2 4 1 1 3 30 7 45 1 3 1 1 3 4 0 0 3 6 4 7 1 2 2 6 3 5 1 1 2 4 0 0 1 1 3 3 1 11 1 17 3 20 0 0 0 0 3 8 1 1 1 4 
1 5 1 1 4 32 2 35 3 26 2 15 1 1 2 23 1 6 5 10 2 2 2 3 1 1 5 8 3 5 1 2 2 2 1 1 2 25 1 4 1 1 4 23 2 21 1 4 3 7 1 1 5 43 3 207 2 2 1 1 2 2 1 2 
1 3 0 0 3 8 7 55 1 31 1 1 1 1 4 7 1 1 2 2 1 2 4 14 1 1 1 1 3 3 2 8 3 3 3 20 1 1 0 0 1 25 3 20 3 74 2 2 3 5 1 8 4 64 0 0 3 4 3 8 4 8 1 1 
2 33 2 4 1 1 5 39 4 15 5 13 1 5 4 7 1 1 3 5 0 0 2 2 0 0 1 1 3 18 3 3 5 32 1 1 1 4 2 2 1 1 1 1 1 3 3 3 1 1 2 2 4 14 0 0 0 0 2 4 1 2 4 257 
3 32 2 3 2 5 1 5 0 0 3 13 3 249 3 11 2 8 1 1 1 1 0 0 3 4 2 6 3 15 2 9 3 3 2 2 4 256 4 5 3 9 2 11 2 27 1 6 2 6 1 3 0 0 2 2 2 3 4 6 2 16 3 12 
0 0 0 0 6 18 2 29 2 10 0 0 2 48 2 20 3 6 1 214 2 24 2 6 3 6 3 68 1 9 4 15 2 2 1 1 5 94 0 0 3 12 3 14 1 1 3 3 3 6 3 8 2 8 1 9 3 6 4 10 2 2 3 9 
2 2 3 7 1 1 4 24 1 5 3 3 1 1 4 30 1 1 2 16 3 19 1 1 1 1 2 7 1 2 1 6 0 0 1 1 0 0 2 2 0 0 1 2 0 0 1 2 3 6 1 1 0 0 2 2 3 4 4 16 1 1 1 2 
5 34 3 7 2 6 3 5 1 1 4 7 1 1 4 10 0 0 2 2 2 3 0 0 1 1 2 2 3 16 3 61 0 0 3 3 2 15 7 18 2 12 1 16 3 43 1 5 1 1 3 15 2 9 2 8 2 8 2 8 0 0 2 2 
1 1 2 37 1 7 1 3 1 1 0 0 3 9 4 24 3 7 0 0 1 3 0 0 1 3 3 3 1 1 1 2 1 3 2 16 2 2 2 21 2 15 3 10 4 6 3 6 2 7 4 17 5 10 2 15 2 33 4 8 0 0 1 1 
5 18 2 2 2 2 4 4 1 1 1 4 1 1 4 14 3 19 3 17 3 34 0 0 2 2 2 34 1 1 1 1 2 17 3 14 1 1 2 4 5 42 4 5 2 2 1 1 0 0 2 469 4 5 1 1 2 17 2 4 2 3 4 11 
0 0 2 7 4 12 1 2 1 1 1 1 2 4 3 13 3 29 2 2 0 0 1 1 3 9 3 9 2 123 1 1 3 4 5 18 3 3 1 1 4 4 3 74 0 0 4 6 3 12 1 1 6 9 3 5 1 1 4 49 3 7 4 5 
7 33 4 14 1 1 4 22 4 7 3 37 1 2 4 11 3 72 4 16 0 0 1 2 1 1 2 5 3 37 2 4 4 11 1 15 2 3 2 7 2 16 3 9 2 3 2 2 2 11 0 0 2 2 0 0 4 10 1 2 2 4 2 61 
1 3 0 0 2 2 2 2 1 19 1 3 2 2 5 7 2 36 0 0 3 19 1 10 1 1 2 8 2 3 2 6 2 7 2 2 4 8 2 22 1 213 3 5 5 35 5 40 3 8 1 4 5 6 2 31 0 0 0 0 1 2 0 0 
3 13 1 9 2 35 1 1 1 4 0 0 0 0 7 27 0 0 2 2 3 13 3 45 1 1 3 8 2 12 3 15 3 42 3 52 4 36 1 1 3 12 2 5 1 2 1 1 4 5 4 215 1 1 0 0 3 3 2 2 2 2 3 4 
1 1 3 21 1 21 2 3 2 2 2 28 4 22 1 1 5 27 2 14 2 5 0 0 1 22 3 3 2 10 5 7 4 26 3 14 3 3 1 2 3 4 3 23 0 0 2 214 4 9 2 3 4 37 2 3 4 42 2 2 2 5 3 48 
0 0 0 0 1 1 0 0 1 7 2 7 2 2 2 7 2 4 2 5 3 9 3 8 4 4 1 7 1 2 5 10 3 6 2 10 3 5 3 3 2 2 2 6 3 8 2 3 3 3 2 5 2 12 2 2 1 1 2 7 2 74 1 1 
3 12 1 9 5 32 3 17 1 2 3 3 2 59 0 0 5 10 2 2 0 0 1 1 3 20 5 36 2 4 1 2 0 0 1 1 6 30 2 2 5 12 0 0 1 1 1 1 3 4 2 26 2 2 2 10 0 0 1 1 0 0 2 16 
3 6 3 3 5 5 2 4 2 2 0 0 1 1 0 0 0 0 3 23 3 15 1 23 4 234 2 10 1 2 1 6 0 0 2 2 3 20 2 2 1 1 3 8 0 0 0 0 2 6 0 0 0 0 1 2 0 0 3 6 1 1 4 10 
5 65 1 3 1 2 3 5 2 9 1 1 2 8 2 3 0 0 4 29 3 15 3 3 3 23 2 26 2 6 3 25 0 0 4 52 0 0 2 49 4 10 2 5 1 8 1 3 0 0 0 0 5 15 1 1 4 14 2 2 2 7 2 40 
2 2 5 30 1 1 2 2 1 1 2 2 2 16 3 69 1 1 0 0 3 4 2 2 1 1 1 1 2 32 1 2 2 3 2 9 3 13 2 11 0 0 3 4 1 15 2 5 1 3 3 17 1 3 0 0 2 2 3 19 3 30 0 0 
1 1 4 10 4 25 3 14 2 4 3 14 0 0 1 1 2 258 1 1 2 13 0 0 4 21 3 4 5 9 5 10 1 3 3 4 0 0 0 0 0 0 2 2 2 11 3 11 1 1 2 11 4 36 2 5 2 10 3 5 2 25 4 4 
0 0 6 7 4 5 2 8 1 1 0 0 1 1 3 7 3 7 2 12 3 3 1 1 2 5 2 4 2 10 0 0 2 11 2 8 3 7 1 1 3 5 2 3 2 10 1 1 5 11 2 2 1 1 3 5 0 0 1 1 1 1 1 1 
0 0 3 6 2 12 7 14 3 30 2 2 0 0 3 24 1 1 3 18 1 1 0 0 2 10 1 181 1 1 0 0 2 3 5 23 1 85 1 11 1 4 2 39 0 0 2 4 1 2 5 96 1 6 2 2 3 26 2 2 4 49 2 18 
1 1 2 36 4 8 3 3 0 0 2 7 1 1 4 8 2 306 3 3 2 4 1 1 1 1 2 12 2 12 2 2 1 1 1 1 1 1 1 1 2 10 2 78 4 5 1 1 1 1 0 0 2 3 3 18 2 4 2 64 4 8 2 49 
0 0 4 4 2 3 2 2 4 8 0 0 1 1 2 2 1 3 2 19 2 7 2 2 1 1 2 13 0 0 1 3 1 7 2 3 3 19 2 11 2 4 2 3 4 4 2 22 3 15 2 5 6 18 1 12 4 32 1 2 1 1 1 2 
0 0 5 29 0 0 2 22 0 0 3 3 5 15 4 13 1 7 0 0 4 5 0 0 5 80 1 2 1 2 1 1 1 1 4 9 4 18 2 31 0 0 1 1 4 88 2 26 4 17 1 1 4 5 4 13 1 1 2 16 1 1 1 120 
1 2 2 29 2 3 3 9 2 2 1 3 3 7 1 1 2 3 0 0 2 29 3 4 4 14 4 21 6 13 0 0 5 12 3 10 1 4 1 1 4 17 1 3 2 126 1 22 1 1 2 2 2 7 4 22 2 13 3 12 2 65 2 2 
4 4 3 5 1 9 3 7 4 93 2 6 0 0 2 5 3 39 1 36 2 15 2 9 0 0 2 9 0 0 0 0 2 3 4 6 1 1 2 9 4 14 1 7 2 2 2 2 1 31 2 2 3 5 5 13 2 2 2 2 1 24 2 2 
4 7 3 10 0 0 3 3 3 6 1 1 2 5 2 2 2 4 3 88 1 3 5 17 1 1 5 16 0 0 3 4 1 1 4 133 3 18 0 0 5 7 7 22 2 3 0 0 5 245 2 2 0 0 2 3 3 9 0 0 3 47 4 28 
2 5 1 1 2 2 3 3 3 10 1 1 1 2 0 0 0 0 3 50 2 9 2 11 1 4 1 30 0 0 3 7 4 11 2 13 3 4 1 1 0 0 2 16 1 1 2 3 1 2 3 17 5 15 1 1 2 19 1 3 2 2 1 30 
1 1 2 3 3 6 6 46 1 1 2 9 0 0 0 0 2 3 0 0 1 3 3 9 1 7 1 2 3 4 3 55 0 0 1 1 6 18 5 5 4 41 0 0 1 1 2 21 2 2 2 5 1 1 0 0 2 265 2 3 1 2 1 2 
2 12 1 1 2 2 4 32 5 19 6 27 1 5 1 2 1 4 3 4 2 2 0 0 0 0 0 0 2 3 0 0 3 27 2 27 3 30 2 21 0 0 1 1 3 8 6 120 2 2 4 21 3 4 2 7 2 5 3 74 3 30 6 9 
3 14 2 7 3 8 1 1 4 4 1 5 2 3 2 2 2 5 0 0 3 5 5 431 3 67 1 3 1 6 2 6 1 41 1 1 7 462 6 128 2 2 0 0 4 10 2 5 0 0 2 3 2 8 0 0 4 30 2 5 1 1 2 2 
2 2 4 8 4 10 1 1 2 3 3 12 1 1 1 1 2 5 2 3 1 3 4 10 2 12 0 0 2 2 3 12 4 8 3 19 2 174 1 1 2 8 0 0 2 3 0 0 2 10 6 13 1 5 2 3 1 1 1 3 2 3 0 0 
2 19 1 28 2 3 4 15 6 12 0 0 2 5 5 16 4 6 1 2 4 5 2 4 5 11 5 30 3 26 2 72 4 26 3 8 1 6 0 0 2 6 0 0 2 2 6 26 3 38 4 19 3 7 0 0 4 4 4 19 2 14 1 8 
3 9 1 1 4 7 2 2 1 2 3 8 2 2 4 30 1 1 2 3 3 42 4 13 2 223 0 0 3 5 1 1 3 3 3 29 1 1 2 3 3 12 2 7 3 4 4 38 5 15 1 9 2 4 3 19 4 4 2 31 4 4 2 2 
1 1 1 7 2 9 1 1 1 2 3 4 4 6 2 3 4 110 3 7 3 4 0 0 2 6 3 3 2 5 2 3 2 4 4 5 1 1 4 28 2 8 3 33 2 2 2 8 1 1 4 7 2 31 1 1 4 43 2 2 3 11 0 0 
2 4 2 3 5 45 1 20 2 14 2 30 1 13 3 6 3 6 3 3 1 9 4 12 2 4 2 2 3 20 1 4 2 3 2 8 3 6 1 26 1 5 3 17 1 1 2 3 1 1 0 0 0 0 1 11 0 0 1 2 7 20 1 1 
3 3 1 1 1 1 0 0 3 28 2 19 2 27 2 2 3 121 1 5 0 0 3 6 1 10 5 16 1 4 1 1 1 1 0 0 1 34 0 0 2 5 4 11 6 58 1 1 3 10 5 16 3 79 1 12 3 47 2 5 2 34 4 4 
1 8 3 3 2 12 1 1 3 37 1 4 0 0 0 0 3 9 5 120 0 0 3 4 1 1 2 20 2 95 1 1 3 11 1 1 3 8 1 1 0 0 2 2 0 0 4 7 3 13 2 2 2 2 3 4 1 8 1 1 1 43 5 23 
2 2 1 1 1 3 0 0 2 2 2 2 2 2 2 5 0 0 3 15 3 21 0 0 1 3 1 2 3 3 2 7 3 11 2 2 2 12 4 25 1 2 2 23 0 0 4 5 1 3 3 71 3 3 2 13 2 2 4 7 1 1 2 3 
3 3 1 6 3 7 3 4 0 0 2 3 2 5 1 1 1 1 3 5 1 1 4 10 3 14 4 9 4 72 2 11 0 0 0 0 3 8 0 0 6 209 1 2 0 0 3 283 1 12 2 29 0 0 0 0 5 9 3 10 2 2 4 4 
1 4 3 12 2 7 1 1 2 7 4 160 1 1 2 10 3 4 1 1 0 0 1 1 5 18 1 1 0 0 5 9 2 7 3 5 0 0 5 10 3 4 2 16 4 77 2 5 6 11 0 0 1 4 5 100 1 4 1 1 2 42 1 1 
1 136 1 4 3 59 1 2 0 0 2 3 3 42 1 1 3 15 3 3 1 26 1 1 2 8 1 1 1 1 1 1 0 0 2 6 1 2 3 5 1 8 5 7 2 3 0 0 3 35 2 9 7 74 2 13 1 1 1 1 3 4 1 1 
4 5 0 0 1 24 2 2 2 12 0 0 2 19 1 7 6 1647 1 3 4 12 1 6 2 7 0 0 2 207 1 3824 3 3 3 6 0 0 4 4 1 1 2 111 5 16 3 11 3 3 2 3 6 207 2 2 2 2 3 18 1 3 4 9 
3 13 2 5 1 12 1 1 3 3 1 5 2 11 2 2 0 0 0 0 1 36 1 23 2 5 3 20 1 1 2 4 2 2 5 122 2 14 1 1 2 2 3 7 1 1 2 2 0 0 2 5 2 7 3 10 4 10 2 11 3 4 3 42 
2 19 0 0 3 3 2 2 4 21 2 50 1 1 6 14 6 13 2 3 1 1 3 8 1 2 1 6 1 2 0 0 2 6 0 0 2 5 1 1 2 7 3 9 1 1 1 1 3 7 0 0 3 9 1 3 3 62 5 190 2 2 2 2 
1 11 1 354 1 23 1 1 1 298 2 2 0 0 0 0 1 2 3 6 4 16 2 5 3 6 5 20 4 6 2 2 1 3 3 15 0 0 7 104 3 55 1 32 3 8 4 13 2 6 2 27 1 1 6 26 4 6 1 1 1 2 4 9 
1 1 3 3 3 410 2 122 4 8 5 24 2 11 1 4 1 1 0 0 3 20 2 194 4 19 2 3 0 0 1 1 1 2 0 0 3 3 3 15 4 7 2 2 2 9 2 43 2 21 2 30 7 28 5 5 2 7 5 25 2 7 2 5 
3 3 3 32 0 0 1 6 5 20 0 0 3 9 1 1 4 7 1 1 1 1 6 48 2 2 5 40 3 9 6 30 1 5 2 16 2 2 4 19 3 42 2 16 3 4 2 15 2 2 5 13 1 4 0 0 2 2 3 50 2 2 2 2 
0 0 2 115 7 51 1 1 6 11 1 1 2 40 3 11 2 28 6 16 4 20 2 6 4 6 3 37 0 0 8 21 1 3 1 6 2 8 1 1 2 45 6 30 3 7 2 4 3 166 1 4 4 19 1 5 0 0 1 2 4 4 0 0 
1 1 3 15 3 10 0 0 5 8 0 0 1 1 3 3 2 8 1 3 0 0 0 0 6 30 1 2 2 2 1 1 2 3 1 1 2 2 1 1 2 3 4 11 2 7 2 29 1 3 2 4 2 3 4 28 5 37 2 13 3 7 3 13 
0 0 1 6 5 28 1 1 5 348 1 1 4 25 4 16 3 8 1 2 5 7 2 2 2 2 2 14 1 1 1 1 1 1 2 2 4 23 2 4 6 52 2 21 0 0 2 7 2 5 0 0 3 41 2 6 0 0 3 7 2 3 2 24 
1 5 1 1 0 0 2 4 1 1 2 10 3 12 2 3 2 21 1 1 0 0 2 7 0 0 2 3 1 1 2 2 2 2 2 35 1 1 2 11 3 7 0 0 3 11 3 54 6 1557 2 2 0 0 2 5 4 7 3 3 3 13 1 1 
0 0 1 2 2 14 1 22 2 2 1 3 2 3 3 27 2 5 0 0 2 12 2 2 2 110 3 10 2 3 2 5 5 38 3 8 3 12 5 9 3 34 4 17 2 2 1 1 6 13 1 12 4 115 2 5 2 8 1 22 5 28 4 8 
2 32 5 14 2 8 4 11 1 1 3 24 1 2 4 17 3 12 4 11 0 0 1 6 4 12 3 28 4 16 3 9 2 14 2 2 1 23 1 7 0 0 4 26 2 29 4 78 1 1 1 1 2 6 5 6 2 2 2 2 2 2 2 4 
2 43 3 10 1 1 3 36 2 2 1 1 2 5 2 4 2 22 4 11 2 2 1 1 1 2 2 6 1 7 1 1 2 6 0 0 2 3 2 5 2 2 3 20 3 3 4 6 3 40 3 11 3 13 4 7 3 16 3 29 1 1 4 30 
4 6 3 5 1 1 1 1 2 2 4 23 3 31 0 0 3 17 2 2 2 9 1 1 1 2 4 1503 2 3 3 14 2 3 2 5 2 2 1 1 4 6 1 1 1 1 2 27 2 22 3 8 2 2 3 22 3 4 4 10 5 12 2 3 
2 6 4 10 0 0 2 14 3 13 6 38 2 36 2 2 4 5 0 0 3 30 1 1 1 1 2 2 1 1 2 2 3 19 1 1 2 2 3 7 5 35 3 3 2 28 4 13 3 7 1 6 2 4 1 1 2 2 4 53 2 10 3 9 
2 6 3 4 1 1 2 2 3 22 2 3 2 2 3 7 3 11 2 362 1 1 1 4 2 3 3 7 4 4 3 3 2 14 2 2 4 10 3 3 3 8 3 12 2 3 0 0 2 3 2 24 3 3 3 5 2 2 4 5 1 2 1 1 
1 1 3 17 3 17 4 27 3 11 2 3 6 21 2 7 1 5 3 9 1 1 5 19 1 7 4 11 1 1 3 3 2 4 1 5 2 5 0 0 1 1 1 31 5 23 4 4 2 10 2 3 0 0 1 5 1 1 2 4 1 5 3 8 
4 34 2 2 1 1 0 0 0 0 3 38 0 0 2 3 0 0 5 15 4 10 1 4 2 23 2 5 1 2 2 305 3 4 3 213 1 1 3 69 2 26 4 9 1 2 3 3 2 3 2 4 5 71 2 12 2 15 4 9 6 73 2 3 
2 18 2 9 0 0 1 1 5 15 4 17 1 1 1 1 1 1 0 0 1 1 1 1 1 2 3 9 1 8 2 2 2 10 1 401 0 0 1 1 3 7 3 4 2 10 2 32 0 0 2 3 1 4 2 8 1 78 2 14 2 2 0 0 
1 3 4 10 3 124 1 1 3 13 1 6 1 1 2 2 3 20 6 15 2 10 0 0 1 12 5 8 2 2 2 10 6 8 2 2 0 0 4 13 3 5 1 6 3 28 4 4 1 9 6 13 3 3 2 13 5 76 3 14 3 11 1 3 
1 1 1 6 3 26 2 22 1 1 1 29 5 13 3 19 3 55 2 2 4 8 0 0 1 2 0 0 3 4 3 3 5 20 1 11 3 267 1 1 2 7 0 0 7 33 0 0 4 62 0 0 0 0 3 4 3 14 0 0 0 0 1 5 
2 2 1 1 4 4 4 12 3 4 3 21 2 4 1 25 4 8 1 2 2 12 4 17 5 8 1 4 1 1 3 8 3 3 0 0 0 0 3 8 4 211 3 15 0 0 1 1 4 24 4 36 1 2 1 5 1 1 3 27 4 19 4 9 
1 26 6 12 3 99 4 16 1 1 4 22 2 3 3 11 2 26 2 3 2 11 0 0 1 3 2 2 2 3 1 1 4 4 3 3 1 2 5 6 1 11 2 47 1 1 2 14 2 25 3 8 3 4 1 2 3 5 0 0 1 1 3 12 
2 29 0 0 1 1 1 1 0 0 2 3 4 4 0 0 2 2 1 16 1 11 4 91 4 11 0 0 1 1 2 3 3 10 1 197 3 10 4 14 1 118 1 4 1 23 0 0 2 3 2 6 2 4 3 7 1 1 3 9 1 3 1 1 
2 7 2 10 2 2 1 53 1 2 2 55 2 66 2 20 0 0 3 4 1 6 1 7 0 0 2 6 1 1 4 73 4 8 3 7 2 14 5 6 4 8 1 1 4 79 6 6 1 9 2 19 3 4 4 5 3 8 1 1 2 7 2 15 
3 31 0 0 1 1 4 16 2 5 3 511 2 2 2 6 2 2 2 4 0 0 6 8 0 0 2 6 1 4 3 26 0 0 2 59 1 1 0 0 4 4 2 5 1 1 2 2 3 3 3 10 2 9 1 1 5 11 2 6 0 0 0 0 
1 11 2 31 2 7 2 3 3 11 2 23 0 0 1 1 4 7 2 38 3 25 6 59 4 229 4 34 3 4 1 9 1 1 4 5 2 2 3 454 3 19 1 19 1 1 1 11 1 14 1 1 3 4 1 1 5 48 3 11 2 2 1 1 
2 3 2 3 2 2 3 7 3 22 3 6 8 28 3 6 3 28 2 26 3 8 2 4 1 1 5 15 5 14 1 10 0 0 5 5 0 0 0 0 7 174 4 10 2 6 2 13 3 4 2 4 3 9 7 476 0 0 1 3 5 34 0 0 
3 5 4 7 0 0 6 27 0 0 5 32 0 0 4 9 5 34 1 31 1 8 1 5 3 3 4 4 0 0 0 0 1 41 2 2 0 0 2 5 0 0 3 9 0 0 1 8 3 9 5 8 1 1 1 1 1 1 0 0 3 7 2 37 
0 0 0 0 1 9 2 2 1 3 1 3 3 8 0 0 4 14 1 6 1 3 2 2 4 4 1 1 2 4 1 1 3 15 3 5 1 1 7 70 4 39 5 26 4 54 2 21 3 10 2 5 3 5 6 7 1 1 1 2 2 16 1 1 
4 6 3 1424 0 0 2 4 2 2 1 2 3 10 1 7 1 1 3 10 2 6 1 1 2 202 3 120 0 0 1 1 2 2 3 29 2 11 5 19 1 1 1 4 3 47 1 1 4 9 3 13 5 13 6 44 2 3 2 2 4 13 2 21 
0 0 4 6 0 0 2 8 2 28 2 27 1 41 2 3 4 154 0 0 4 26 2 6 2 2 1 14 1 3 2 4 1 3 0 0 2 6 1 5 1 6 0 0 3 56 1 1 2 15 4 659 1 2 2 2 1 3 3 26 0 0 4 8 
1 1 1 8 4 36 1 2 3 18 2 7 4 209 2 57 1 1 1 1 5 84 5 85 8 38 1 1 1 2 0 0 4 6 2 2 2 2 1 1 3 25 1 1 3 14 1 49 4 34 2 9 3 10 1 5 1 5 4 16 2 50 4 77 
2 43 3 16 0 0 4 4 1 1 2 2 1 5 4 5 1 1 2 8 3 9 1 11 3 5 1 1 1 2 1 34 2 3 2 2 6 27 2 80 2 5 2 3 1 1 1 1 3 9 2 2 2 5 0 0 3 7 0 0 1 4 2 8 
0 0 1 1 1 6 3 3 6 13 1 1 1 5 0 0 0 0 2 2 0 0 2 3 2 6 5 123 1 1 2 2 3 60 3 4 2 26 3 3 3 31 2 86 3 3 2 2 0 0 1 2 2 14 3 14 0 0 1 1 1 9 4 23 
1 9 2 6 1 1 2 4 2 29 4 215 0 0 1 2 1 15 4 7 2 25 3 59 2 4 3 3 0 0 5 16 1 1 1 1 4 49 1 1 0 0 2 8 1 1 2 11 2 3 2 3 1 2 2 6 3 3 1 1 1 2 0 0 
0 0 1 1 1 1 1 1 2 2 4 7 2 13 0 0 4 17 3 36 1 1 1 1 0 0 2 2 2 147 0 0 1 12 2 11 3 11 1 1 3 12 4 21 3 29 1 8 1 90 1 3 2 7 3 11 6 85 1 2 2 2 3 5 
3 11 1 1 1 1 1 1 2 3 0 0 1 1 4 25 4 4 1 8 1 4 4 12 1 1 2 14 3 13 6 94 3 30 0 0 5 72 2 2 3 18 2 5 4 4 2 15 4 14 1 1 2 4 1 1 2 17 1 124 4 8 2 10 
1 6 2 2 2 6 5 6 2 17 1 1 1 30 4 18 3 9 2 2 2 87 2 3 1 1 2 8 2 2 4 5 3 10 0 0 2 2 3 18 1 3 3 7 2 12 1 1 3 3 2 17 4 140 1 5 0 0 3 20 2 33 5 1384 
4 10 2 2 1 1 1 1 2 8 1 1 2 5 1 1 0 0 2 6 2 2 2 2 4 9 0 0 3 4 5 28 0 0 5 173 0 0 6 40 5 5 5 13 2 2 2 5 1 1 3 99 5 24 2 7 4 33 1 1 2 2 2 6 
3 4 1 1 1 1 2 8 2 5 2 4 2 10 2 4 2 37 3 9 3 17 2 3 3 46 1 1 2 3 4 14 3 86 1 1 1 5 0 0 2 69 3 3 3 3 3 13 5 15 1 1 2 3 3 24 6 35 1 1 2 3 2 3 
5 9 2 2 1 1 3 5 6 26 2 5 3 6 1 1 1 1 2 8 3 28 3 9 1 3 2 5 1 2 3 3 1 6 3 3 0 0 2 6 2 2 4 6 4 5 2 6 3 17 2 11 5 12 1 3 1 1 1 1 6 10 4 16 
2 2 1 1 3 4 5 41 2 28 3 6 2 2 3 14 3 4 1 1 1 2 2 2 1 5 1 18 5 15 0 0 6 9 2 6 4 17 1 3 4 45 2 11 2 22 2 4 0 0 2 7 2 7 3 4 4 32 1 2 1 188 1 1 
2 3 2 2 0 0 2 2 2 6 3 12 1 1 2 2 2 11 5 12 0 0 1 1 1 1 2 2 3 16 1 8 2 2 0 0 2 4 5 5 2 27 0 0 1 4 2 38 0 0 2 7 5 15 4 17 1 3 2 2 3 9 1 1 
0 0 3 37 0 0 3 30 2 19 0 0 5 35 2 2 1 12 3 32 0 0 4 18 0 0 2 2 2 18 0 0 1 21 3 13 1 3 2 22 3 7 5 32 2 52 0 0 5 12 1 1 2 2 9 41 0 0 1 11 2 2 0 0 
2 6 2 2 1 11 0 0 3 3 1 1 5 857 3 1565 1 1 2 2 2 2 3 16 1 1 2 2 2 2 1 1 1 1 3 46 3 7 4 9 2 6 2 3 3 6 3 5 1 1 2 48 2 323 2 6 4 25 1 1 1 2 1 2 
3 9 4 26 2 185 3 12 6 32 3 3 1 2 3 14 4 4 2 5 2 6 2 16 3 12 2 4 3 8 6 17 3 10 4 9 1 1 3 11 0 0 2 4 4 21 2 2 1 1 3 4 1 9 5 48 1 1 3 13 1 3 0 0 
3 7 2 2 0 0 1 2 2 6 2 16 2 16 2 3 1 1 1 1 1 1 3 22 4 105 4 5 4 11 0 0 4 4 1 5 5 8 3 16 4 26 2 3 3 7 1 1 2 2 3 33 0 0 1 1 1 1 0 0 2 5 1 1 
4 29 3 48 1 2 4 18 0 0 1 1 3 64 1 1 2 30 2 4 1 3 3 390 2 3 4 184 1 1 5 15 3 16 2 11 3 40 5 8 2 3 3 31 1 187 1 1 2 3 4 29967 1 1 2 5 2 2 1 1 1 1 5 11 
1 4 2 3 3 17 3 3 2 3 1 1 2 37 1 1 3 76 4 30 4 11 3 3 1 8 0 0 4 29 3 3 5 16 3 5 5 84 2 4 2 3 2 29 4 8 2 8 3 25 1 9 2 2 3 12 1 8 3 10 0 0 3 21 
1 2 1 7 3 5 2 3 5 8 2 8 2 15 4 306 1 9 3 5 3 12 0 0 0 0 3 6 2 2 0 0 1 1 2 4 1 1 3 8 1 1 1 14 1 2 4 8 5 12 2 95 0 0 3 3 3 4 3 13 1 19 1 20 
0 0 3 30 3 4 2 14 6 23 0 0 5 63 4 6 2 2 2 7 4 14 1 2 2 7 1 1 0 0 2 4 2 4 1 1 2 458 0 0 2 2 2 21 4 32 1 1 2 7 1 1 3 10 2 52 3 4 5 9 4 5 2 4 
0 0 1 38 2 3 3 3 0 0 4 20 2 8 2 2 1 1 4 103 1 2 3 12 2 2 3 5 2 2 0 0 2 5 1 1 1 1 2 9 4 66 5 8 1 3 1 1 3 9 0 0 2 20 2 7 2 7 1 2 4 12 3 27 
2 4 1 1 2 6 4 15 3 3 6 12 1 9 2 2 1 24 0 0 6 14 0 0 1 1 1 2 4 27 0 0 2 6 5 7 2 6 2 20 3 12 3 38 2 4 0 0 0 0 3 87 1 2 1 5 2 3 1 3 1 1 2 2 
2 15 3 9 1 74 1 1 2 28 2 3 3 6 2 3 1 2 2 3 2 4 2 6 4 72 0 0 0 0 1 1 1 1 2 31 2 2 1 1 2 2 5 44 2 50 1 1 3 461 2 3 4 9 1 1 1 3 3 194 3 17 2 26 
6 17 5 75 4 49 2 4 3 6 2 641 3 9 4 50 2 3 1 2 3 13 0 0 3 4 3 12 4 5 7 26 6 8 1 1 1 5 3 9 2 30 4 4 0 0 0 0 2 7 3 28 3 5 1 1 2 20 4 20 1 1 1 1 
1 2 0 0 2 13 0 0 2 12 3 7 2 27 2 3 3 6 1 1 1 1 4 25 3 3 1 1 1 4 1 11 1 4 1 7 1 57 2 3 2 2 2 2 2 48 3 10 1 1 0 0 3 6 2 3 4 9 1 3 1 37 2 6 
3 4 4 123 3 14 1 1 2 4 4 309 0 0 1 2 1 1 2 2 4 9 3 8 1 1 3 36 2 2 2 2 5 5 3 5 2 3 1 3 1 1 2 17 4 57 2 2 2 14 1 6 2 2 4 104 2 2 3 20 2 2 3 11 
1 2 0 0 5 9 3 9 1 1452 4 12 1 2 5 7 2 4 3 5 3 4 3 28 0 0 5 17 3 10 4 13 2 7 2 9 1 37 0 0 2 3 2 15 3 3 2 2 3 4 1 1 2 3 1 28 0 0 1 232 3 12 2 9 
1 1 1 6 2 36 2 2 1 5 1 1 3 52 1 2 3 15 1 1 1 1 1 6 1 3 3 6 1 5 3 14 2 5 1 1 1 1 2 4 1 1 4 36 4 14 2 5 0 0 3 11 1 6 0 0 1 4 4 6 2 3 2 10 
0 0 1 1 3 44 0 0 4 18 1 1 3 23 1 4 2 2 5 16 3 13 2 2 3 10 3 23 0 0 2 2 2 2 2 2 2 2 3 9 4 55 1 7 5 21 2 2 3 6 2 4 3 41 2 8 1 289 3 8 1 9 5 42 
2 120 0 0 3 3 0 0 2 2 4 4 2 2 1 1 3 17 0 0 2 2 1 1 3 3 2 2 1 1 0 0 3 16 3 3 2 3 2 9 4 4 0 0 4 6 2 11 1 9 4 4 3 6 2 2 1 17 0 0 1 1 0 0 
2 3 3 4 3 3 3 8 2 2 2 3 2 2 1 1 1 2 0 0 1 3 3 3 1 6 2 15 4 16 3 17 2 7 1 1 2 41 1 1 0 0 5 8 1 7 4 8 1 2 2 190 4 5 1 3 2 2 3 8 2 2 4 17 
2 3 2 5 2 3 3 6 3 6 3 10 1 1 0 0 1 2 4 10 1 54 2 2 3 5 2 18 6 6 1 1 4 21 5 10 1 4 2 3 2 8 4 15 3 11 4 9 0 0 3 3 1 1 2 2 0 0 3 5 2 2 5 16 
3 33 2 7 3 143 6 27 2 2 1 221 1 3 5 24 2 2 1 12 3 4 2 2 1 1 2 3 1 2 1 2 4 4 0 0 3 3 0 0 2 2 1 1 2 2 1 1 0 0 1 1 0 0 3 510 3 4 0 0 4 5 1 4 
2 59 5 6 2 6 2 13 4 10 1 1 4 23 2 15 3 3 5 137 4 9 2 5 3 9 2 31 3 8 2 41 1 1 1 5 2 3 3 8 2 2 1 28 2 9 2 163 2 11 2 24 2 14 5 6 1 1 3 4 3 30 2 28 
2 2 3 28 2 4 1 1 0 0 2 11 3 4 4 81 0 0 1 3 2 13 0 0 2 2 2 2 1 1 2 2 0 0 3 6 1 7 4 354 3 159 3 7 2 2 5 12 2 71 2 5 3 3 1 12 1 4 5 12 2 13 3 3 
4 6 2 62 4 8 0 0 1 2 2 2 3 3 2 2 2 5 1 1 1 5 2 6 0 0 1 4 3 3 0 0 3 17 2 5 3 5 1 4 2 17 3 3 1 3 2 2 2 5 3 17 3 6 4 4 1 1 0 0 2 2 1 2 
3 222 2 13 1 2 2 2 1 1 4 13 1 1 5 6 5 31 2 4 3 3 0 0 1 7 2 10 1 1 3 11 1 2 3 44 3 10 1 6 5 6 2 4 1 1 1 1 1 7 3 26 0 0 1 8 5 209 1 6 1 1 3 8 
2 2 4 19 3 106 6 85 1 2 0 0 5 12 3 8 4 7 0 0 2 3 1 4 0 0 2 2 4 305 1 1 2 5 1 1 2 7 1 3 4 20 3 7 5 5 1 41 2 5 2 2 4 8 3 40 1 7 2 13 1 1 1 1 
1 1 3 23 2 6 2 4 2 32 3 3 3 4 2 2 1 1 2 3 1 1 2 2 1 8 1 1 1 1 1 1 0 0 4 214 1 1 4 6 2 4 7 18 0 0 1 121 2 6 4 12 3 11 1 139 2 2 4 50 1 1 3 11 
1 2 0 0 6 25 0 0 0 0 3 4 3 3 3 17 1 184 4 49 2 4 3 3 3 8 2 2 0 0 3 34 3 3 1 1 1 11 1 220 2 43 2 6 3 7 1 8 6 16 2 2 0 0 2 3 2 2 2 30 2 11 3 19 
2 2 2 11 5 13 3 10 3 5 0 0 0 0 1 78 0 0 1 1 0 0 1 3 1 1 3 6 2 3 3 7 3 3 0 0 2 2 3 46 0 0 2 4 3 4 4 25 2 4 0 0 3 16 2 2 2 10 0 0 3 3 2 2 
3 5 2 8 3 8 3 3 2 6 4 11 5 9 2 88 3 32 2 21 0 0 0 0 2 4 3 29 3 17 1 1 0 0 2 50 2 6 4 51 1 72 1 5 1 2 1 1 5 7 3 4 2 14 1 4 2 2 3 6 5 296 1 4 
3 10 0 0 3 3 0 0 3 13 2 5 4 9 1 17 4 27 2 8 2 3 1 10 2 2 2 4 0 0 2 9 4 9 1 1 2 9 3 23 2 2 2 57 2 30 2 3 0 0 2 814 4 5 4 23 1 1 4 9 1 2 3 16 
2 7 3 4 2 8 1 1 2 5 3 5 2 2 2 5 2 19 2 2 5 66 2 2 1 1 0 0 0 0 4 418 2 1455 5 8 6 15 2 3 3 17 1 1 2 10 3 5 0 0 4 14 3 4 1 16 2 4 1 1 1 31 2 2 
3 6 3 7 3 13 2 24 4 13 1 20 1 8 2 2 0 0 3 6 0 0 0 0 2 2 4 4 1 3 3 3 3 24 2 22 4 14 3 6 1 6 4 11 0 0 3 15 4 16 3 12 4 12 4 7 2 26 5 39 1 1 5 31 
5 14 4 4 0 0 1 1 3 4 3 3 0 0 0 0 0 0 1 1 3 4 3 16 4 8 4 5 3 12 3 13 6 18 1 17 3 11 3 22 2 3 3 39 1 6 2 3 0 0 1 1 4 15 4 34 2 5 2 5 1 7 2 6 
3 7 4 11 4 25 3 9 2 28 1 6 2 2 1 1 2 36 0 0 0 0 2 10 3 4 3 3 2 9 3 37 2 13 3 8 3 8 1 1 1 1 3 3 3 21 3 6 4 12 2 2 3 3 2 8 1 1 2 11 5 11 2 3 
1 1 4 23 1 1 3 4 3 3 4 7 2 2 2 7 3 62 6 34 3 29 2 4 1 1 2 10 3 5 1 1 2 7 1 31 4 8 1 1 0 0 0 0 3 4 5 6 4 7 2 2 3 3 3 9 2 14 2 2 1 1 1 1 
4 32 2 3 1 117 2 5 2 49 2 5 2 5 3 3 3 6 2 99 3 9 2 7 1 1 1 3 1 1 3 10 5 20 2 5 6 45 1 1 3 9 2 2 0 0 4 42 0 0 4 5 3 7 1 1 0 0 3 3 0 0 0 0 
2 2 5 8 3 19 2 26 2 28 3 4 2 5 6 28 0 0 2 6 4 36 2 3 2 5 1 1 3 17 1 1 3 26 2 11 1 7 1 1 2 15 3 58 4 6 3 31 3 4 1 2 2 2 3 27 3 4 0 0 2 7 3 60 
4 10 1 1 4 17 1 4 3 4 0 0 3 26 3 20 1 1 2 5 4 19 4 27 3 8 1 1 2 21 2 5 5 24 2 19 2 6 1 1 1 14 2 2 3 3 0 0 1 2 3 3 3 3 2 3 1 3 2 2 3 46 4 52 
3 16 1 2897 2 6 1 41 4 43 1 1 1 3 0 0 2 15 0 0 1 4 2 10 2 12 4 8 4 11 1 1 2 43 3 5 3 3 1 1 3 4 3 8 2 9 0 0 3 9 2 42 1 1 1 4 2 30 0 0 1 1 1 3 
2 3 1 1 4 8 2 13 1 5 2 4 5 51 2 4 2 3 4 10 5 5 1 1 3 3 2 4 4 4 1 11 2 12 2 2 4 5 0 0 1 1 1 4 3 21 5 277 2 4 4 7 1 4 0 0 1 1 2 12 4 6 0 0 
0 0 1 40 1 1 1 1 3 3 8 20 1 1 3 35 2 37 0 0 1 16 1 1 0 0 2 6 4 6 2 3 0 0 3 9 1 1 1 1 0 0 3 490 1 1 5 30 3 30 1 5 4 7 1 8 2 48 0 0 1 1 2 4 
2 4 2 7 3 3 2 2 2 2 6 20 3 10 1 2 1 93 7 13 2 2 1 1 3 21 2 8 0 0 1 1 6 15 2 3 3 11 2 21 4 16 3 42 2 2 0 0 2 4 2 11 1 54 0 0 2 27 1 2 3 3 2 6 
2 20 0 0 3 12 2 15 3 40 2 4 0 0 3 3 2 6 2 75 3 10 1 1 2 6 3 11 1 2 1 2 1 4 4 8 2 8 3 38 3 15 0 0 2 14 3 5 2 11 4 17 1 1 4 94 1 1 1 1 3 9 4 37 
3 5 3 19 0 0 4 9 0 0 0 0 2 26 1 1 2 5 1 2 2 17 1 1 2 7 3 4 3 13 2 2 2 2 2 2 2 3 0 0 2 36 1 1 1 4 2 2 2 7 1 1 0 0 1 6 3 7 2 4 2 2 3 12 
0 0 2 6 2 37 2 2 1 1 4 19 0 0 2 2 1 1 2 53 6 262 0 0 1 2 3 8 3 10 3 19 3 6 3 10 3 13 2 6 1 1 1 1 1 2 2 2 2 32 1 1 0 0 5 39 7 16 1 3 0 0 1 17 
1 1 3 14 1 3 0 0 0 0 0 0 4 39 2 2 4 213 0 0 2 3 3 5 5 109 1 1 2 3 1 1 2 2 2 4 2 10 3 5 4 21 3 3 1 6 1 7 5 6 3 4 1 2 3 19 1 2 2 2 3 5 2 9 
4 45 4 10 0 0 3 32 2 6 2 6 3 9 3 3 4 6 1 2 2 5 4 25 3 5 2 9 3 18 3 5 2 12 3 4 5 32 1 1 1 1 0 0 2 3 3 4 2 3 3 3 0 0 3 56 0 0 0 0 1 3 2 2 
2 2 1 1 2 3 3 9 2 4 2 33 2 6 1 1 2 17 1 9 1 1 3 3 1 10 1 2 5 114 2 5 2 2 1 1 2 6 3 4 1 4 3 7 1 3 1 5 4 146 0 0 4 12 1 1 3 4 1 1 4 26 2 16 
2 7 5 13 2 2 1 1 2 9 3 5 2 2 4 12 2 4 4 37 2 4 2 4 2 3 2 2 1 2 6 18 1 1 2 37 0 0 2 12 2 2 2 5 1 2 1 1 2 6 2 14 2 3 4 22 2 3 1 2 1 6 3 162 
1 1 1 4 3 13 3 16 0 0 0 0 3 11 1 1 0 0 1 2 3 3 1 1 1 5 2 7 5 22 1 3 3 3 4 13 0 0 2 2 1 16 1 2 2 12 1 1 1 7 3 18 2 2 1 6 4 23 0 0 2 2 1 1 
1 5 3 3 3 6 1 1 2 6 4 20 3 26 2 3 2 7 1 30 2 2 1 1 4 5 1 1 2 8 3 6 2 17 3 8 2 9 3 15 1 32 1 1 3 4 2 6 1 1 3 25 1 2 3 7 2 12 0 0 3 4 4 4 
4 22 3 19 4 14 2 3 3 9 2 8 0 0 1 3 2 3 4 13 3 11 1 1 3 7 2 4 1 1 3 3 2 2 5 59 3 4 0 0 2 5 0 0 1 7 1 1 1 1 0 0 3 5 1 1 2 3 3 3 3 91 5 9 
1 38 3 3 4 26 1 1 1 25 0 0 3 7 2 79 3 78 3 39 2 35 5 12 3 5 5 7 3 551 2 2 1 1 2 6 4 23 0 0 0 0 5 9 0 0 3 22 2 3 3 3 1 32 1 1 4 27 2 6 2 2 1 1 
6 13 1 13 3 7 1 1 2 2 5 120 5 27 2 6 2 2 5 7 3 116 5 23 2 2 2 2 2 3 1 6 2 6 1 4 0 0 1 2 0 0 2 11 1 1 1 1 1 1 1 1 1 13 3 10 3 8 2 3 1 1 2 24 
1 36 2 2 2 11 1 6 2 17 1 2 1 1 2 2 2 5 1 2 1 1 1 1 1 9 3 10 2 6 5 25 1 2 4 17 4 7 3 3 1 1 4 20 4 6 1 3 3 3 2 2 2 16 4 15 4 20 2 4 2 4 0 0 
2 27 2 7 1 1 2 2 3 50 1 5 2 209 2 2 1 1 4 108 1 27 3 46 2 3 2 79 1 2 0 0 3 12 1 1 2 10 1 1 2 2 0 0 1 1 3 9 1 5 1 20 1 1 2 2 0 0 1 2 0 0 2 2 
5 16 2 19 3 8 3 63 4 8 1 9 1 1 2 23 2 2 3 31 0 0 2 3 2 4 1 4 3 21 2 18 4 597 1 3 1 4 4 10 2 2 3 8 1 1 4 15 4 56 4 8 1 1 3 12 4 16 1 63 3 3 0 0 
0 0 1 1 0 0 2 2 3 7 1 2 1 1 2 3 1 44 1 1 1 1 2 3 3 6 2 2 1 1 2 2 0 0 3 9 2 3 1 4 1 1 2 5 0 0 2 5 0 0 1 1 3 3 3 38 3 7 3 3 2 2 3 12 
1 4 2 2 0 0 4 8 4 34 0 0 5 8 5 12 4 7 2 5 2 2 1 21 4 38 3 6 1 1 5 12 2 50 2 13 2 2 5 9 1 6 1 1 0 0 2 4 4 17 1 1 4 9 2 11 4 10 0 0 2 11 1 1 
0 0 2 2 1 1 3 11 2 2 2 2 0 0 1 2 3 6 2 7 5 191 0 0 3 8 2 2 3 3 0 0 2 31 3 6 3 4 2 213 1 3 3 3 3 4 1 8 3 3 3 11 2 6 1 8 1 1 2 10 2 2 3 8 
4 11 2 2 1 8 2 3 0 0 0 0 3 50 3 17 2 9 3 3 3 10 1 1 2 2 1 1 4 24 5 45 5 38 0 0 1 4 0 0 2 97 0 0 3 9 2 39 2 5 3 8 1 6 2 2 0 0 1 5 4 81 2 9 
2 29 2 2 3 12 2 4 3 7 4 47 2 7 0 0 1 32 2 14 1 3 2 85 2 7 3 21 1 9 1 1 3 3 0 0 3 4 1 2 6 61 0 0 2 5 2 18 2 3 3 10 3 4 5 75 2 2 3 55 1 7 1 8 
2 2 2 9 3 1000 2 3 1 1 5 35 1 120 2 185 2 3 3 27 3 4 3 7 1 2 3 16 3 6 5 16 1 1 5 22 1 2 4 12 2 14 0 0 0 0 0 0 3 4 3 22 0 0 2 41 4 12 0 0 2 12 2 126 
1 6 4 15 1 1 4 12 1 1 1 2 5 74 1 8 2 7 2 14 7 10 2 2 0 0 2 3 2 10 3 10 2 2 6 15 0 0 0 0 2 2 5 30 3 128 0 0 0 0 3 8 3 5 1 2 3 3 4 23 3 16 1 1 
3 9 2 25 2 26 2 8 4 9 5 5 1 1 3 4 2 7 2 2 9 38 2 7 2 10 1 1 3 7 4 9 1 1 2 7 6 606 2 2 0 0 2 2 2 16 3 11 3 8 4 9 1 1 2 4 3 17 5 18 3 8 3 4 
2 16 0 0 1 3 0 0 2 2 0 0 4 11 3 8 2 2 1 5 2 2 3 36 0 0 3 12 6 19 3 6 3 15 0 0 2 3 1 5 0 0 3 63 5 97 3 14 1 1 1 1 1 42 5 102 2 4 2 2513 1 1 1 1 
0 0 0 0 2 7 2 4 3 16 1 1 2 15 1 1 2 2 1 3 2 3 0 0 2 15 2 2 0 0 3 10 3 63 1 1 3 14 4 47 5 45 0 0 3 8 4 6 3 7 1 1 3 3 1 1 2 477 4 15 0 0 1 2 
3 39 0 0 3 29 1 1 1 22 1 1 3 5 3 7 2 2 3 6 1 1 1 1 3 6 1 1 3 75 1 1 3 6 2 2 3 7 2 55 1 19 0 0 2 21 1 2 2 3 2 9 0 0 4 67 2 4 2 2 3 3 3 10 
0 0 4 9 1 2 3 8 1 1 4 9 0 0 2 3 0 0 4 4 0 0 1 1 2 5 3 4 2 5 2 6 2 8 1 1 1 1 7 17 0 0 3 8 2 2 6 29 2 226 1 1 4 27 2 3 2 2 1 1 0 0 2 8 
0 0 1 2 3 107 3 4 2 2 2 2 2 16 4 59 3 10 2 3 2 8 1 1 0 0 0 0 0 0 2 2 1 4 2 12 3 39 1 1 2 2 1 1 1 3 1 115 1 3 1 2 3 9 2 3 3 3 3 8 0 0 4 575 
4 7 1 1 2 2 4 132 2 35 2 5 2 2 0 0 4 6 3 5 3 5 1 1 0 0 2 225 2 2 1 3 1 1 4 25 1 1 2 12 6 17 2 3 4 18 2 2 4 22 2 5 3 8 1 6 4 11 2 7 1 1 1 3 
1 1 3 19 3 9 2 17 4 7 2 13 0 0 5 154 0 0 2 8 2 2 3 66 0 0 0 0 5 28 0 0 3 43 4 27 4 52 0 0 4 20 2 8 3 9 2 22 0 0 5 99 3 7 5 6 2 6 2 22 0 0 5 11 
2 9 4 2002 3 57 2 5 3 28 0 0 4 6 1 4 2 6 2 9 2 7 1 1 0 0 1 1 5 26 0 0 0 0 0 0 0 0 2 172 4 17 3 7 1 5 3 5 6 7 1 1 8 23 4 31 2 4 1 2 1 1 1 13 
1 7 3 14 2 2 5 46 1 3 1 1 3 13 3 36 4 4 1 1 1 1 3 18 0 0 1 1 4 5 3 48 2 47 0 0 3 3 1 5 2 6 2 27 3 18 3 5 1 3 0 0 6 8 2 2 3 4 3 3 0 0 1 2 
3 23 1 8 0 0 2 21 0 0 3 22 5 98 1 44 3 7 1 1 2 2 1 1 3 51 3 10 5 25 0 0 1 3 3 19 3 7 4 12 3 9 1 4 2 2 2 5 1 1 1 10 3 11 3 8 5 13 3 3 1 1 4 10 
1 1 3 267 4 14 2 2 0 0 3 26 1 1 1 23 4 38 4 8 3 5 3 12 3 402 2 5 1 16 4 6 3 9 3 3 1 1 2 5 2 7 2 4 2 5 4 14 3 3 2 2 3 7 5 7 3 6 2 2 6 39 2 2 
4 277 3 3 0 0 2 3 2 10 3 16 2 18 5 14 2 20 4 98 4 47 2 48 4 4 3 16 3 9 3 9 2 10 1 9 3 11 3 7 1 1 0 0 1 1 6 34 4 11 4 9 1 1 2 2 0 0 1 3 3 16 2 6 
0 0 2 8 3 10 4 23 2 3 2 2 1 2 1 2 3 10 2 120 3 3 2 32 6 20 3 5 2 61 1 1 3 41 0 0 0 0 2 5 1 1 0 0 3 3 5 27 3 80 0 0 0 0 1 1 3 11 2 2 0 0 5 13 
3 16 2 3 2 6 1 1 4 12 2 6 3 5 5 179 1 7 2 10 2 2 4 62 1 15 1 1 2 4 2 2 1 3 6 59 2 2 0 0 3 16 1 1 2 4 0 0 2 5 3 6 0 0 2 2 3 7 1 1 3 3 3 14 
3 4 5 36 3 21 2 22 2 7 1 1 1 1 5 6 2 2 3 21 3 9 0 0 1 321 1 1 3 4 2 7 1 9 1 1 4 29 0 0 0 0 4 5 3 27 3 6 4 6 2 3 2 24 2 17 3 12 2 6 2 10 5 44 
3 3 0 0 3 4 1 31 1 5 3 12 1 1 1 3 1 1 1 1 4 14 1 1 1 1 2 8 5 22 2 2 2 6 2 34 0 0 2 7 2 3 1 3 1 1 6 34 1 5 2 2 2 54 3 34 1 1 1 3 3 172 2 6 
3 79 0 0 1 606 2 5 1 2 0 0 0 0 2 10 1 14 2 6 4 489 3 13 2 7 3 9 4 11 5 5 1 17 1 4 2 165 3 10 4 409 0 0 4 41 2 3 1 10 3 10 3 105 2 2 3 12 2 5 0 0 2 4 
0 0 2 2 3 38 0 0 3 7 2 37 2 733 2 4 2 11 2 5 5 24 1 1 2 22 1 1 1 17 3 16 0 0 4 13 3 8 3 3 2 210 4 16 4 11 2 3 2 2 1 1 0 0 1 14 3 3 1 2 2 2 0 0 
1 4 2 2 4 11 2 15 4 157 2 13 1 4 1 1 2 2 4 43 4 14 0 0 1 1 1 1 3 80 2 3 3 8 1 18 0 0 4 42 1 1 1 5 1 13 1 1 6 15 0 0 1 3 3 12 1 1 2 48 4 10 9 17 
3 27 2 3 0 0 0 0 1 2 2 5 1 1 4 65 2 2 3 10 3 3 3 11 4 28 4 13 4 19 2 23 3 4 6 34 5 18 2 43 5 33 0 0 1 44 3 11 4 10 0 0 4 6 2 11 3 3 3 9 0 0 2 2 
0 0 2 3 2 3 2 8 0 0 1 10 3 7 2 23 1 52 2 5 4 79 5 10 2 3 3 7 2 2 2 53 2 28 0 0 1 11 2 2 4 7 1 1 4 6 1 1 2 7 0 0 3 16 3 20 2 36 2 3 1 1 1 1 
1 2 1 5 2 4 4 28 4 6 2 50 4 26 1 1 1 6 1 1 4 8 0 0 4 12 2 4 2 8 3 11 0 0 1 5 0 0 3 90 2 3 6 22 3 35 1 3 2 2 2 2 2 5 3 4 3 38 1 2 3 6 0 0 
1 3 2 5 4 10 2 18 2 3 2 6 3 3 2 5 5 18 5 6 1 1 2 20 0 0 0 0 1 1 2 21 3 33 7 46 2 7 1 2 4 10 1 7 1 1 1 1 1 1 3 8 2 2 1 1 5 12 0 0 2 3 4 9 
0 0 1 1 4 16 3 8 4 82 1 3 3 14 0 0 1 1 2 2 1 1 3 10 4 4 4 7 1 71 0 0 1 9 6 31 1 1 1 1 1 20 1 5 1 1 1 6 3 3 5 15 1 247 2 7 0 0 2 14 1 3 3 7 
1 3 2 25 0 0 1 93 3 8 3 38 3 20 2 6 1 1 1 45 0 0 0 0 3 15 1 8 2 12 3 3 1 7 3 11 0 0 4 4 2 4 2 10 4 198 1 3 0 0 2 11 0 0 2 2 3 10 3 9 2 2 1 1 
2 4 3 22 2 16 1 1 2 6 1 7 3 20 2 2 0 0 2 13 0 0 1 1 2 5 1 3 3 9 1 1 1 2 3 8 2 2 1 1 0 0 2 2 3 9 4 6 0 0 4 16 2 467 2 26 0 0 3 8 3 6 6 59 
2 2 0 0 2 14 0 0 0 0 1 1 4 20 2 2 5 10 5 19 3 13 0 0 2 5 3 4 4 31 2 16 1 26 1 3 4 14 5 7 3 3 3 6 3 3 3 58 2 3 3 16 2 2 1 1 2 2 0 0 1 4 2 111 
0 0 4 48 1 1 0 0 3 15 1 2 4 12 2 2 3 5 4 8 1 5 1 1 1 1 0 0 5 6 2 5 0 0 1 5 1 1 5 10 4 14 2 14 2 2 1 1 2 47 1 1 0 0 1 1 4 7 2 3 1 4 2 2 
2 21 3 7 2 2 0 0 4 19 1 1 1 1 2 8 1 78 3 7 1 1 3 7 1 2 3 8 1 1 4 26 2 10 2 4 2 3 1 1 1 1 2 4 3 3 2 6 2 11 0 0 2 5 5 22 1 2 3 6 1 1 1 3 
1 1 2 3 1 1 2 9 1 6 1 1 0 0 3 6 4 32 0 0 1 1 2 2 2 2 2 9 3 14 0 0 5 5 1 1 1 1 2 19 4 232 1 1 4 20 1 1 1 89 2 55 1 2 0 0 1 3 5 18 1 1 0 0 
3 19 0 0 2 35 1 1 3 3 2 128 2 11 2 10 1 7 1 1 2 2 1 1 1 3 1 13 3 16 1 1 2 3 4 104 1 4 2 6 2 2 1 183 2 12 1 2 1 2 3 3 2 16 1 2 2 2 1 18 1 6 3 25 
0 0 0 0 2 2 3 1157 4 4 4 4 2 2 1 1 3 12 2 2 4 4 3 5 1 1 2 10 3 3 3 12 4 26 4 33 3 12 4 6 3 4 1 1 0 0 3 8 2 7 1 1 4 8 2 2 0 0 2 2 2 5 1 1 
8 32 2 4 1 1 3 3 2 47 3 6 2 12 3 7 2 3 1 2 2 24 1 9 2 3 1 1 3 6 2 127 3 22 0 0 2 8 4 22 3 13 0 0 1 1 0 0 3 36 4 17 6 56 0 0 2 2 5 50 4 12 1 1 
2 3 6 16 3 4 4 132 4 201 5 13 3 3 2 2 0 0 0 0 1 18 3 43 2 29 3 13 4 9 1 32 6 152 1 1 2 45 3 16 1 1 6 17 0 0 5 37 3 32 3 19 3 36 4 9 1 1 0 0 1 3 0 0 
2 30 0 0 0 0 2 4 2 3 1 1 3 14 2 3 2 6 5 17 5 58 3 11 1 2 2 10 0 0 3 11 0 0 3 3 1 2 3 5 0 0 5 13 2 20 1 2 2 102 3 50 3 3 0 0 3 8 1 1 1 1 2 9 
3 20 0 0 4 30 4 11 3 6 2 7 2 2 3 7 2 21 1 103 4 15 2 4 5 12 4 10 3 47 2 2 2 3 2 7 2 2 2 7 2 2 2 18 2 5 3 6 5 36 1 1 2 4 3 8 3 6 4 638 3 133 1 1 
1 1 2 32 3 4 3 8 2 5 2 3 3 17 1 13 3 5 1 2 4 5 3 3 4 4 2 3 0 0 1 1 1 6 3 11 5 15 4 16 2 2 1 5 4 5 4 11 3 3 2 5 3 32 1 2 1 2 4 14 1 1 2 3 
3 12 2 3 4 23 1 2 5 10 0 0 2 2 0 0 3 26 2 14 1 3 3 26 2 5 1 1 3 6 2 4 2 22 1 1 3 14 0 0 3 3 4 7 2 2 4 9 0 0 4 12 3 36 1 3 2 7 2 15 4 6 3 8 
0 0 3 7 1 5 3 7 2 2 2 2 1 2 2 7 0 0 3 3 1 5 1 10 3 18 1 1 2 16 3 4 2 8 1 9 2 5 2 37 1 1 3 21 1 1 0 0 3 28 1 3 1 1 6 137 0 0 4 19 1 4 3 19 
0 0 3 3 3 3 2 41 1 5 2 2 1 1 2 13 5 25 2 3 1 1 1 2 2 2 2 11 0 0 1 2 2 14 4 14 2 3 1 32 0 0 1 2 3 5 3 11 4 98 2 2 1 8 6 17 3 7 1 1 2 2 2 8 
0 0 0 0 2 3 1 20 3 5 2 13 0 0 2 4 1 5 2 4 0 0 1 8 1 1 1 2 2 30 1 1 4 12 1 1 4 14 4 70 1 1 3 7 3 97 0 0 1 8 2 5 1 1 1 1 1 1 2 22 1 12 3 4 
0 0 2 117 10 25 6 132 2 14 4 103 2 5 1 4 4 4 3 6 4 14 0 0 1 5 3 4 1 1 3 14 0 0 2 5 1 1 1 10 1 1 1 3 0 0 1 7 3 23 1 1 1 28 8 125 1 1 2 2 2 14 1 1 
1 9 1 2 2 24 3 7 1 1 2 2 5 17 3 3 2 4 1 9 3 6 0 0 4 4 3 38 1 2 2 6 6 9 1 3 5 16 2 3 1 1 1 4 3 4 1 1 0 0 2 2 3 8 1 1 1 1 2 2 3 8 1 1 
2 4 2 7 2 2 1 3 1 1 2 2 1 3 2 8 2 2 3 3 0 0 4 6 4 4 2 24 2 5 2 4 1 30 3 22 4 19 6 20 0 0 1 1 5 10 4 104 1 3 4 6 2 6 2 2 2 58 0 0 2 2 2 27 
1 1 4 20 2 15 2 4 2 3 2 9 4 9 1 1 3 10 2 57 2 3 2 3 5 11 0 0 0 0 4 19 1 2 2 43 1 1 2 11 0 0 3 3 0 0 4 4 1 1 3 3 4 8 1 1 0 0 3 4 6 14 0 0 
3 28 0 0 3 12 1 5 1 1 3 41 3 3 4 58 5 168 2 10 1 32 4 7 3 4 2 33 5 7 1 11 1 40 3 14 2 2 2 2 4 9 3 9 5 42 2 13 2 34 3 16 1 1 2 2 0 0 3 1175 0 0 1 1 
1 1 4 83 1 1 3 23 3 10 4 33 1 5 2 2 3 51 1 199 3 6 1 2 2 2 3 4 5 8 1 19 1 2 0 0 3 66 4 85 2 4 0 0 2 2 3 9 2 22 1 1 4 36 1 1 2 16 0 0 1 1 1 1 
1 11 2 2 4 5 1 1 1 3 4 5 0 0 0 0 1 2 0 0 2 975 3 3 9 31 3 15 2 2 5 311 2 5 3 5 3 3 1 1 4 24 1 1 5 5 1 1 1 3 4 241 2 4 4 6 3 8 0 0 3 9 7 186 
4 14 4 6 1 1 0 0 2 16 1 1 2 3 1 29 2 3 4 4 2 6 1 1 1 5 4 16 2 3 2 3 2 14 4 9 2 42 0 0 3 3 2 2 2 57 5 14 3 3 2 3 0 0 0 0 5 8 2 2 1 3 2 2 
2 14 4 7 1 2 0 0 2 18 3 8 2 2 4 9 2 11 0 0 2 3 0 0 2 17 3 3 3 16 1 1 0 0 5 27 3 39 3 15 1 6 1 4 5 215 0 0 1 1 1 1 1 3 4 35 0 0 1 1 2 29 2 3 
5 18 1 1 0 0 4 25 2 52 2 4 2 7 4 17 3 5 1 1 0 0 2 10 2 3 1 2 4 8 2 3 1 3 3 7 1 27 8 26 1 1 4 7 2 2 1 1 1 3 2 4 4 137 2 2 5 33 2 4 1 1 1 6 
2 10 7 79 1 1 1 1 3 6 1 2 2 6 0 0 1 16 4 37 1 1 1 1 0 0 2 7 2 7 3 57 3 3 2 6 2 14 2 8 0 0 4 7 3 3 3 36 2 2 5 7 1 6 1 1 1 3 3 8 3 27 1 1 
1 12 1 1 0 0 1 2 3 6 6 10 1 1 0 0 2 8 3 12 3 25 4 19 2 22 1 1 4 4 2 10 1 2 1 2 2 23 2 12 2 20 3 15 2 10 6 46 2 368 1 4 1 2 2 5 1 1 4 8 2 3 2 7 
2 3 1 1 2 7 3 17 0 0 3 8 2 7 2 13 5 24 3 600 0 0 1 1 2 2 1 6 2 213 5 66 3 3 2 7 2 2 1 1 2 9 4 20 4 6 2 3 2 7 2 2 1 1 2 2 0 0 4 144 1 6 1 1 
2 146 3 4 1 1 3 6 2 5 2 2 2 5 4 99 4 34 2 27 4 4 5 179 3 65 0 0 1 1 5 119 4 8 2 24 1 1 2 14 3 32 2 4 1 45 1 6 1 1 2 24 4 9 0 0 3 4 2 162 1 10 1 1 
3 23 3 12 2 18 1 19 2 2 2 12 0 0 1 1 0 0 1 1 1 1 4 13 6 39 2 30 2 4 1 9 1 10 1 6 1 1 2 2 1 2 2 23 2 2 3 23 0 0 4 33 2 8 1 6 2 7 6 29 3 95 5 11 
2 10 6 8 2 7 0 0 0 0 2 6 2 3 3 17 4 17 0 0 0 0 3 4 1 3 3 19 3 8 0 0 0 0 3 4 1 2 0 0 2 4 3 8 2 4 0 0 3 3 2 2 2 44 5 116 4 28 2 580 4 12 1 1 
2 2 2 2 2 2 0 0 2 6 2 3 2 5 2 2 5 56 1 2 3 6 4 21 3 3 2 27 2 3 8 67 3 13 2 5 2 10 1 1 1 1 1 1 1 1 0 0 2 7 1 3 0 0 7 63 2 6 3 11 4 12 1 1 
2 3 0 0 4 75 4 4 2 2 2 26 2 2 2 21 4 16 1 1 3 7 1 1 0 0 4 13 3 15 1 1 1 1 5 6 2 30 2 4 3 28 4 38 1 1 0 0 1 4 2 3 0 0 2 3 0 0 2 100 4 10 2 6 
0 0 1 20 1 1 2 2 1 226 0 0 1 1 4 4 0 0 5 11 2 11 2 223 0 0 0 0 4 10 2 6 2 4 2 125 1 2 4 27 3 3 4 7 3 10 6 20 4 45 3 6 2 2 2 3 1 4 1 7 1 17 0 0 
2 5 3 6 4 10 0 0 3 6 0 0 3 9 1 12 0 0 1 4 5 15 1 1 2 23 2 7 1 1 1 3 2 23 3 7 4 13 3 19 4 9 3 11 0 0 5 42 1 3 3 4 3 12 0 0 2 8 1 2 2 2 0 0 
3 18 1 18 1 2 3 4 1 1 3 6 2 3 2 54 4 1776 3 3 2 40 1 1 0 0 0 0 6 95 1 1 3 5 3 6 2 5 3 3 2 2 2 15 1 2 3 4 2 12 4 15 0 0 4 14 2 12 2 9 1 1 3 14 
3 87 2 8 2 44 3 13 3 3 1 25 1 17 2 537 1 7 1 28 3 3 2 3 6 87 0 0 5 33 1 1 4 95 1 1 0 0 5 12 1 2 0 0 6 10 3 16 1 1 2 2 3 8 4 4 1 1 1 2 5 364 2 2 
1 1 1 6 4 24 4 30 3 27 3 7 3 5 2 2 2 7 3 75 3 25 2 10 2 6 2 2 2 2 1 1 4 12 5 25 2 35 1 1 0 0 5 27 2 28 2 15 2 3 0 0 1 1 2 2 4 20 1 1 2 8 2 10 
2 2 2 4 1 3 0 0 2 2 2 47 1 1 1 1 3 12 2 4 2 9 3 4 2 3 2 2 2 3 2 24 5 21 3 3 2 25 2 2 2 24 2 28 2 3 2 9 2 5 3 157 1 3 3 6 2 2 2 2 4 8 2 36 
1 1 4 22 2 2 1 1 0 0 4 21 3 3 1 2 4 11 0 0 1 1 2 8 3 13 1 1 1 3 5 53 0 0 2 2 2 2 2 11 3 3 3 5 4 18 1 1 1 1 2 2 0 0 0 0 5 18 2 2 4 1091 1 4 
1 3 0 0 3 10 1 1 3 12 4 8 1 1 0 0 2 7 3 11 5 30 2 2 1 17 5 13 1 1 3 7 4 8 2 3 2 2 2 2 1 1 1 1 1 1 1 1 2 3 5 35 3 7 1 1 1 21 1 1 2 23 3 3 
2 2 3 18 3 34 0 0 5 12 3 25 3 3 3 3 4 22 3 3 2 9 1 28 2 7 2 2 2 4 2 1207 1 8 3 18 0 0 3 17 2 2 0 0 2 19 2 68 1 1 2 2 3 14 1 104 5 38 2 28 1 1 2 4 
2 2 3 10 3 37 1 4 3 66 1 1 1 4 1 1 4 20 0 0 2 6 3 9 3 11 3 106 1 3 0 0 3 12 3 3 0 0 3 8 3 5 4 17 1 12 2 2 0 0 2 5 2 3 1 4 1 3 4 13 3 23 2 49 
2 5 0 0 2 8 3 6 0 0 1 1 1 3 2 2 2 16 2 3 1 1 2 5 2 4 4 15 4 18 1 3 2 20 2 20 3 11 1 1 3 5 2 4 1 1 2 4 0 0 4 6 4 4 3 10 2 2 0 0 2 2 0 0 
1 1 4 5 2 3 3 26 2 2 5 61 1 1 2 3 1 3 5 10 2 2 2 5 3 5 3 212 1 1 2 9 2 15 3 4 2 2 3 194 0 0 0 0 2 2 0 0 3 7 1 3 1 23 3 7 1 1 1 2 0 0 5 16 
2 2 2 9 4 27 1 1 3 18 1 1 0 0 1 2 1 1 1 1 5 20 0 0 1 6 3 8 4 144 1 1 2 2 2 17 4 121 0 0 4 83 2 2 2 22 2 8 3 6 2 8 1 1 0 0 3 6 1 29 1 6 1 3 
0 0 1 1 3 7 1 8 2 5 2 11 0 0 0 0 2 2 1 6 4 5 3 8 1 1 1 1 0 0 1 2 2 7 0 0 2 2 1 7 2 2 6 60 1 1 0 0 3 8 0 0 2 9 0 0 1 1 3 4 2 2 1 16 
0 0 2 2 5 174 3 10 1 45 2 7 2 3 1 6 3 195 2 4 6 9 4 11 1 2 2 9 3 33 1 1 2 2 2 12 2 4 4 10 0 0 6 11 1 1 1 13 4 8 2 4 2 3 2 7 0 0 3 5 3 17 1 1 
1 2 2 12 2 33 2 5 1 1 5 50 2 8 2 2 1 1 5 38 1 6 2 4 5 7 2 7 0 0 2 2 3 5 2 5 3 4 0 0 2 18 0 0 1 5 1 2 2 2 3 6 0 0 1 1 1 1 2 2 2 27 2 8 
3 11 1 1 4 9 5 15 2 5 3 3 2 11 2 24 1 1 2 2 1 8 1 1 4 11 4 19 4 9 4 31 1 11 3 15 4 7 4 5 1 1 1 5 1 2 3 6 3 10 3 8 2 8 4 8 4 5 0 0 5 160 0 0 
0 0 3 11 0 0 1 1 2 6 2 10 2 3 1 1 3 122 2 4 4 21 4 7 1 2 0 0 2 4 3 3 2 13 0 0 2 2 3 7 4 17 2 4 1 4 2 2 4 6 2 25 0 0 2 4 1 36 1 3 0 0 3 23 
2 2 1 22 4 16 4 11 2 8 4 121 2 30 0 0 2 50 3 34 1 4 1 9 2 15 4 6 2 2 4 5 1 5 0 0 1 1 1 1 6 34 3 7 2 33 2 2 1 6 2 2 3 10 1 1 4 7 2 2 3 6 3 231 
4 20 2 3 4 56 2 16 0 0 4 15 3 6 3 3 5 5 2 6 3 19 1 2 3 6 4 126 0 0 1 40 1 3 3 22 2 16 3 7 1 1 4 230 3 4 1 1 3 19 4 14 2 7 4 11 1 6 3 98 2 2 2 3 
2 9 3 13 3 4 0 0 1 1 0 0 2 3 1 2 1 1 2 9 0 0 3 8 2 4 0 0 1 1 1 1 3 3 4 13 2 2 2 2 3 6 3 8 6 29 3 26 1 1 4 8 4 33 3 6 0 0 1 1 1 1 4 22 
3 4 1 1 1 1 1 24 1 1 4 11 1 1 4 11 1 1 0 0 1 1 0 0 2 2 1 12 2 190 2 4 3 3 0 0 1 1 3 8 2 2 3 7 3 10 3 4 0 0 1 1 2 3 1 3 3 4 0 0 2 2 2 4 
3 9 0 0 2 3 3 10 2 3 1 5 4 34 1 8 2 95 3 14 2 10 2 24 2 18 4 8 1 4 0 0 1 6 2 13 3 5 2 6 0 0 3 46 1 1 1 1 3 13 1 14 4 7 1 1 2 23 4 34 2 14 1 1 
1 5 2 6 0 0 2 4 3 4 3 18 2 116 1 4 0 0 3 7 0 0 2 72 3 3 2 4 1 1 2 49 1 1 3 6 2 4 1 1 4 10 2 2 0 0 1 5 2 2 2 158 0 0 2 2 1 1 0 0 3 14 2 3 
0 0 4 14 2 3 1 1 2 2 2 4 4 553 4 9 0 0 7 62 0 0 3 6 0 0 2 4 3 9 1 1 0 0 0 0 1 1 2 14 2 4 0 0 5 12 2 4 3 7 3 12 3 4 1 5 1 7 1 31 4 10 2 2 
2 2 1 1 1 2 1 1 1 5 4 12 3 11 1 5 2 4 3 12 3 65 4 24 2 7 3 5 2 2 3 10 1 1 1 1 3 4 2 2 1 31 3 11 2 3 4 11 4 37 3 16 5 68 0 0 2 11 3 3 0 0 0 0 
2 4 5 21 2 3 2 6 3 5 4 22 2 4 4 10 2 25 1 5 3 6 1 1 2 5 0 0 5 6 3 9 2 2 2 11 1 1 1 6 1 13 4 39 0 0 1 1 1 1 2 2 1 1 2 2 0 0 5 10 3 51 2 2 
3 50 3 7 2 2 0 0 0 0 4 193 2 2 2 5 1 1 1 3 1 6 1 1 1 2 4 43 2 4 2 2 2 2 0 0 1 1 1 1 3 6 2 3 4 6 4 53 4 205 2 112 3 11 3 3 1 5 0 0 5 32 2 23 
5 9 3 3 5 143 3 13 3 3 4 16 3 32 3 6 0 0 1 6 4 6 4 12 4 8 3 235 0 0 2 2 2 73 7 28 1 1 3 3 0 0 1 1 4 4 1 6 4 9 1 2 3 8 9 480 2 7 3 4 1 3 2 4 
0 0 3 230 2 4 2 8 4 14 5 14 1 3 1 1 2 2 4 5 2 2 1 1 2 2 3 80 3 37 1 1 1 13 1 1 0 0 1 1 0 0 1 1 2 5 3 5 0 0 3 5 2 9 2 257 2 2 2 8 2 7 3 5 
1 5 1 1 2 5 3 15 1 2 3 3 2 9 1 1 0 0 1 1 3 5 2 4 3 3 4 5 4 44 3 238 5 25 0 0 2 24 2 2 3 9 2 2 1 4 0 0 3 5 3 27 1 1 3 26 3 10 1 1 0 0 1 1 
0 0 2 5 2 2 0 0 2 9 4 11 2 11 2 5 2 2 3 5 2 6 4 25 2 4 2 45 3 10 3 16 0 0 3 41 3 9 1 2 0 0 0 0 2 11 0 0 4 8 2 5 2 8 0 0 6 55 0 0 1 1 3 274 
2 6 2 6 3 13 1 5 0 0 3 3 4 5 0 0 2 9 3 13 3 3 0 0 1 2 3 6 1 6 1 1 2 3 3 17 1 1 1 23 3 8 4 37 8 9 6 9 1 1 2 2 2 4 3 48 0 0 0 0 2 2 1 415 
4 6 0 0 3 3 3 13 2 3 2 3 4 9 3 6 3 7 3 10 2 4 4 5 4 15 1 15 5 15 2 12 1 1 1 1 1 1 2 6 2 2 4 14 0 0 3 11 7 43 0 0 3 7 1 37 1 1 3 9 3 28 1 4 
0 0 2 25 1 1 0 0 1 5 3 82 4 9 1 1 2 11 3 8 6 48 2 10 6 35 2 8 1 2 2 2 3 20 0 0 3 4 3 4 0 0 1 5 2 2 0 0 3 23 1 3 2 24 3 9 2 2 1 4 3 123 2 14 
0 0 4 5 2 2 1 1 2 7 1 5 2 30 2 3 1 5 0 0 2 21 1 6 0 0 3 22 1 11 2 3 0 0 3 28 5 8 3 24 1 3 1 1 1 10 2 16 3 11 5 52 1 70 0 0 2 2 1 5 4 5 1 4 
1 2 0 0 1 1 2 5 1 1 2 12 3 3 1 4 1 1 0 0 3 356 3 48 1 1 2 21 2 31 1 1 2 2 1 5 1 2 1 1 2 2 3 5 3 9 1 1 3 57 4 8 1 9 2 2 2 35 3 51 3 10 4 49 
1 1 0 0 2 9 2 2 4 10 0 0 2 304 3 15 3 4 1 1 2 2 1 9 2 3 3 3 1 5 3 215 1 1 2 12 3 3 1 1 5 979 5 20 2 2 0 0 1 1 3 4 1 1 2 13 2 2 3 23 0 0 3 28 
2 4 4 10 1 1 1 1 5 12 1 1 0 0 2 7 2 8 2 6 1 1 3 4 1 1 2 8 1 1 2 1457 2 22 0 0 1 35 0 0 2 29 3 9 2 14 4 7 4 12 1 1 2 14 2 7 3 38 1 13 1 1 1 1 
4 4 3 7 3 13 1 1 1 1 3 10 4 13 1 1 4 4 2 9 5 28 2 4 1 1 4 4 6 24 2 2 3 8 1 1 4 61 5 59 4 34 4 25 2 14 1 1 0 0 1 9 4 35 5 508 1 1 1 3 1 3 1 8 
3 17 3 9 2 2 1 1 4 5 1 12 3 49 3 5 1 28 5 15 3 11 0 0 1 2 2 26 1 4 4 33 3 128 3 4 1 1 3 15 0 0 7 8 5 39 1 1 1 1 5 6 0 0 3 286 0 0 2 2 0 0 4 9 
4 202 1 2 2 6 3 6 3 9 1 6 0 0 3 7 0 0 2 5 4 8 1 2 1 2 2 6 0 0 1 3 2 2 2 2 1 1 1 5 3 13 2 5 0 0 1 1 1 1 1 1 2 12 2 85 0 0 2 2 1 2 0 0 
0 0 1 5 4 44 4 90 6 18 2 3 4 56 0 0 5 17 2 2 2 4 2 19 4 501 6 20 4 9 3 5 1 1 0 0 2 3 3 14 2 6 0 0 4 16 2 2 0 0 3 11 3 4 3 44 1 15 1 1 2 4 1 1 
1 17 3 5 3 5 4 9 2 2 3 4 4 11 3 7 1 1 2 3 1 4 3 4 1 24 1 1 3 33 5 7 2 26 1 1 1 5 1 1 4 5 1 18 5 6 3 5 2 121 0 0 1 7 3 178 3 6 1 6 5 28 8 31 
4 54 1 3 3 36 2 2 5 80 2 12 4 4 1 1 2 345 2 7 3 20 2 2 2 29 3 3 1 1 0 0 0 0 0 0 2 3 3 28 3 962 2 2 1 1 2 13 0 0 6 58 1 6 1 6 4 11 5 59 2 13 3 6 
3 4 1 3 2 45 4 13 3 16 0 0 4 21 2 163 2 19 7 7 1 60 3 5 3 10 2 3 2 64 4 21 0 0 1 1 1 1 4 9 3 5 1 8 1 3 4 8 3 4 0 0 2 2 1 1 4 19 5 23 0 0 4 13 
3 6 1 1 0 0 1 104 6 7 1 2 2 3 1 1 3 13 3 3 5 173 2 2 6 831 4 20 1 195 2 456 3 16 1 1 0 0 2 21 2 3 2 3 1 26 1 5262 3 6 2 27 3 9 2 3 2 7 3 3 3 4 1 16 
1 6 4 6 1 9 2 3 3 7 0 0 2 6 1 1 0 0 2 2 0 0 1 1 2 1453 2 5 3 194 0 0 3 148 1 9 3 6 1 1 3 28 2 2 2 21 1 1 1 4 2 3 1 1 1 45 0 0 2 9 1 1 4 13 
4 27 1 2 3 19 4 8 3 10 0 0 1 1 1 1 4 11 0 0 0 0 3 5 2 6 3 10 2 4 1 3 2 13 3 59 5 11 3 18 1 1 4 20 2 2 4 133 1 1 0 0 1 10 2 10 3 4 6 52 1 25 3 33 
2 2 3 214 1 1 1 1 1 3 2 24 2 33 3 4 3 17 2 3 3 1337 3 6 4 12 0 0 1 2 3 9 1 1 1 1 3 27 6 30 3 466 2 2 1 1 3 5 0 0 5 15 0 0 1 1 3 359 4 9 1 1 1 9 
2 2 2 11 2 11 1 1 3 29 2 2 3 4 3 11 2 5 0 0 3 3 2 2 2 10 3 3 3 9 1 1 5 13 0 0 2 2 1 13 2 3 2 2 1 1 2 26 3 37 3 20 3 20 2 2 2 7 2 4 3 3 0 0 
3 15 0 0 4 164 3 7 2 2 2 2 1 9 0 0 1 1 3 5 5 6 3 5 4 6 4 4 3 5 3 7 1 3 0 0 1 2 4 13 1 1 9 43 5 29 2 4 3 11 1 1 1 11 2 312 1 1 4 16 3 15 3 9 
2 2 3 3 0 0 2 7 0 0 2 6 4 6 3 4 2 2 2 2 3 34 2 6 0 0 1 1 2 3 3 14 1 5 0 0 3 6 0 0 0 0 3 31 1 5 5 35 3 3 6 14 0 0 1 10 1 1 4 21 2 14 4 28 
2 2 4 6 0 0 2 2 0 0 0 0 0 0 4 29 1 2 2 433 2 2 0 0 1 1 4 49 4 40 1 1060 2 2 1 3 4 155 3 49 2 97 4 14 0 0 6 9 6 33 3 17 3 8 0 0 0 0 1 2 3 8 4 4 
0 0 2 2 2 2 3 11 4 53 4 9 1 8 3 3 0 0 1 1 0 0 4 16 2 2 2 2 2 13 2 3 3 17 4 1247 2 2 0 0 2 2 1 1 2 3 3 4 2 4 0 0 0 0 2 3 3 17 3 14 2 8 0 0 
1 2 2 9 3 23 1 1 1 1 3 20 1 3 4 11 5 10 3 28 0 0 2 26 2 357 2 2 2 7 2 2 1 8 3 16 2 7 2 2 3 10 2 2 1 1 3 77 3 5 1 4 2 8 0 0 5 96 0 0 0 0 1 1 
4 59 2 9 4 12 3 3 2 149 3 12 1 1 1 4 2 4 1 9 1 1 2 5 3 9 1 1 1 196 2 13 3 3 1 5 1 1 5 11 2 2 2 2 1 1 2 29 0 0 4 32 0 0 2 2 0 0 4 9 3 6 3 36 
2 67 2 3 0 0 2 2 5 17 3 52 3 33 3 6 2 145 2 19 2 7 1 1 1 3 1 5 1 2 0 0 2 2 0 0 0 0 1 34 1 1 1 11 1 1 3 42 1 1 1 2 3 12 0 0 1 1 3 5 0 0 1 1 
1 1 4 4 1 1 2 2 1 6 2 13 2 2 0 0 3 3 5 21 2 7 3 11 4 13 3 6 2 6 0 0 0 0 3 8 4 20 1 1 2 25 1 6 3 14 0 0 0 0 1 1 3 4 5 17 3 22 3 6 4 5 5 7 
4 18 1 4 1 1 2 2 1 1 2 7 1 1 0 0 1 12 3 14 2 6 2 3 0 0 1 5 2 2 2 2 2 4 4 129 2 3 2 9 2 5 2 3 1 1 0 0 0 0 1 1 1 1 4 140 0 0 4 13 1 1 0 0 
1 1 2 2 1 1 2 5 1 2 1 2 3 4 3 5 2 3 4 255 6 8 1 1 0 0 2 16 2 3 0 0 3 3 3 4 5 45 2 5 2 2 5 12 0 0 2 2 2 2 1 1 2 4 1 2 1 2 1 1 3 16 1 1 
3 14 4 35 1 6 3 5 3 189 1 2 5 21 1 1 3 72 1 1 4 64 1 2 2 5 2 2 3 5 1 2 4 25 4 8 2 4 1 1 2 2 2 2 1 1 4 22 3 149 2 3 2 7 0 0 5 10 1 1 3 3 3 24 
1 9 3 5 2 2 4 5 1 1 3 11 1 1 3 51 1 1 1 3 2 2 1 4 2 15 3 431 1 1 1 3 4 4 2 4 3 3 1 4 1 1 4 406 1 1 3 3 2 13 2 10 6 9 2 16 3 3 0 0 3 14 4 6 
0 0 2 4 2 6 2 22 0 0 2 2 3 8 1 1 3 24 3 69 1 1 2 2 2 6 2 7 2 5 3 3 0 0 1 1 2 2 1 33 0 0 2 2 3 6 2 2 2 2 5 10 6 17 3 4 1 1 2 2 0 0 3 4 
1 14 0 0 3 8 3 5 2 5 1 1 4 8 2 32 2 2 3 756 0 0 4 5 1 1 1 1 1 2 0 0 4 9 4 10 2 2 2 2 2 5 1 1 2 5 5 48 2 8 3 6 4 12 2 2 4 9 1 6 1 1 2 2 
2 3 5 9 2 2 2 3 0 0 3 12 2 2 2 7 2 6 3 13 3 11 3 3 2 2 2 19 2 19 4 4 2 3 0 0 2 4 0 0 2 4 4 16 3 7 1 1 1 1 2 2 1 3 4 17 1 3 4 5 2 13 3 305 
1 10 1 4 1 1 1 2 2 2 2 2 2 18 0 0 3 13 1 1 1 1 2 7 4 18 3 6 0 0 3 3 0 0 4 7 4 4 5 16 1 1 1 6 1 1 2 64 1 1 2 13 4 35 4 10 3 14 2 26 4 10 4 7 
3 5 4 27 2 2 2 2 0 0 5 20 5 8 1 1 0 0 3 4 1 1 2 2 2 2 4 5 2 3 0 0 3 21 2 48 6 17 1 1 2 35 2 7 3 24 2 8 0 0 3 8 2 2 2 17 4 19 0 0 4 9 2 3 
3 274 5 43 2 2 2 2 2 2 2 3 4 62 4 13 2 3 1 4 3 7 4 34 2 2 1 3 5 23 1 5 2 12 3 4 4 20 3 4 2 4 2 12 1 1 3 3 2 32 4 158 1 1 0 0 1 7 2 8 3 3 4 5 
7 14 1 2 2 2 0 0 0 0 3 5 4 12 2 62 2 9 1 7 1 3 0 0 3 92 3 44 1 1 2 8 4 6 1 1 0 0 2 3 1 2 2 2 1 12 2 4 1 3 2 5 1 1 2 2 0 0 1 1 1 3 1 2 
4 9 4 8 2 3 2 2 1 11 2 2 3 561 0 0 0 0 1 1 2 2 3 15 2 10 3 4 0 0 4 131 2 3 2 2 2 8 2 115 3 9 0 0 2 43 1 1 1 1 4 276 3 4 1 1 1 1 3 10 2 2 1 3 
1 2 2 19 1 1 1 3 0 0 1 5 2 2 3 4 4 8 2 26 0 0 2 11 1 2 2 68 2 9 3 3 3 4 1 1 1 1 0 0 3 4 5 6 3 5 0 0 4 4 3 41 5 11 4 410 3 12 0 0 0 0 1 3 
1 6 4 19 0 0 4 14 4 24 1 1 0 0 2 22 1 1 2 15 2 26 3 23 0 0 5 113 4 31 2 2 2 16 2 6 0 0 4 4 0 0 2 4 2 6 0 0 2 3 2 7 5 103 3 13 3 11 1 12 2 6 5 13 
0 0 0 0 0 0 2 5 4 17 3 5 3 11 1 1 1 24 2 15 2 7 4 8 1 1 1 1 0 0 0 0 1 4 0 0 2 9 2 2 1 1 4 18 1 1 3 14 3 219 2 13 4 169 3 5 3 23 1 1 2 6 2 2 
3 6 1 1 2 7 0 0 1 1 4 43 0 0 1 1 3 17 1 6 2 10 2 3 2 25 1 7 1 1 2 82 3 3 3 4 2 2 1 1 1 1 1 3 3 12 3 38 2 2 2 3 0 0 1 5 2 2 3 6 2 2 3 12 
2 11 4 8 2 3 1 1 2 7 2 2 4 3916 1 1 2 12 3 7 4 16 0 0 5 10 4 14 2 3 0 0 1 1 3 14 2 3 0 0 2 47 1 1 1 17 2 4 3 3 0 0 2 3 0 0 2 23 4 6 5 10 4 5 
3 14 1 2 2 13 5 22 4 18 3 41 0 0 0 0 3 5 1 2 5 15 0 0 0 0 2 14 3 6 1 51 1 3 1 1 4 111 3 14 1 3 0 0 1 1 3 3 3 4 5 10 3 4 2 2 4 17 0 0 4 21 2 5 
3 117 4 7 0 0 4 10 0 0 2 5 2 2 3 4 2 37 3 8 1 1 0 0 3 26 3 3 1 1 3 25 1 1 1 1 1 4 2 7 3 8 0 0 2 2 1 19 6 7 0 0 1 1 2 8 1 32 4 269 0 0 1 2 
1 3 2 6 0 0 1 4 4 16 1 23 3 3 1 1 2 3 1 2 0 0 1 2 3 10 2 5 2 8 5 22 5 10 1 1 4 19 3 4 1 240 1 2 4 266 1 12 1 1 2 11 4 78 0 0 1 6 0 0 1 1 4 38 
6 91 1 50 2 43 2 7 5 27 3 6 0 0 1 12 2 3 3 48 2 49 3 8 2 4 2 15 0 0 5 163 1 7 4 4 1 1 1 1 0 0 1 1 0 0 2 2 2 11 1 2 1 13 5 46 2 2 0 0 3 14 1 1 
1 12 1 2 2 16 4 5 2 24 1 1 4 12 2 8 2 2 1 1 5 5 2 39 0 0 2 14 1 28 2 76 3 14 3 11 4 25 3 42 2 5 1 6 2 7 1 1 1 5 1 15 1 2 2 112 0 0 1 1 2 2 2 2 
1 1 1 20 3 7 1 67 3 24 1 2 0 0 2 7 2 20 4 25 2 9 1 2 3 4 2 6 4 154 1 7 1 7 2 2 2 9 3 9 1 2 2 7 0 0 3 7 7 63 2 3 3 3 3 10 3 53 2 2 1 1 3 44 
2 4 3 13 3 19 1 1 3 285 4 25 2 3 3 17 1 11 0 0 4 9 4 14 3 4 1 19 1 1 3 4 4 7 1 2 6 42 1 3 4 5 2 9 1 2 1 3 1 9 0 0 0 0 1 8 2 16 1 12 4 4 4 58 
1 1 2 11 1 1 0 0 1 1 6 36 1 1 2 9 1 1 1 1 3 7 5 17 2 5 0 0 4 429 3 31 2 196 2 10 0 0 3 175 2 33 1 1 3 12 3 17 1 22 1 5 2 7 3 3 1 2 5 68 6 24 1 2 
1 3 2 2 0 0 3 35 3 305 2 19 2 5 2 3 3 7 1 1 1 6 1 1 3 19 4 31 2 5 3 12 2 5 2 3 1 1 1 1 2 35 3 3 2 2 1 5 3 15 1 2 1 1 1 1 2 2 5 21 1 24 4 257 
3 208 1 2 3 4 4 21 2 3 1 1 3 4 2 2 0 0 2 50 2 16 5 10 5 35 2 2 1 1 3 8 0 0 1 5 4 4 1 37 0 0 2 4 1 1 0 0 2 2 2 6 3 21 1 1 0 0 2 2 2 4 2 2 
1 2 1 5 0 0 1 22 3 3 3 19 3 143 0 0 1 1 0 0 0 0 1 1 3 19 1 1 2 16 1 1 1 1 2 5 0 0 2 11 3 66 3 39 1 5 2 7 0 0 1 8 5 11 4 12 1 2 1 3 3 9 2 12 
3 56 2 4 1 1 1 1 2 3 2 7 0 0 0 0 2 3 5 113 2 2 2 2 1 4 1 2 5 26 2 70 2 31 3 3 1 1 0 0 2 25 3 3 2 2 1 1 1 583 2 9 0 0 2 7 0 0 3 7 2 4 1 1 
2 3 3 12 0 0 1 2 2 7 5 11 4 11 3 8 1 3 2 5 0 0 2 6 2 2 5 5 3 4 0 0 3 33 3 5 1 1 3 5 1 1 1 1 3 5 3 323 1 1 2 10 3 15 2 2 0 0 5 16 2 19 1 5 
1 1 0 0 4 13 3 3 1 1 1 5 0 0 1 4 3 74 4 28 1 1 2 99 2 32 0 0 1 1 2 3 3 6 3 12 0 0 2 7 1 1 1 1 5 15 5 22 3 21 1 2 1 1 2 2 4 369 3 5 3 3 0 0 
1 5 1 4 2 63 1 1 1 4 1 1 3 19 2 278 3 7 5 25 0 0 1 2 3 8 1 1 1 5 2 538 2 3 1 1 3 7 1 1 4 9 3 21 1 13 2 20 2 22 4 17 0 0 5 19 6 17 1 3 0 0 2 2 
3 45 2 2 2 2 2 2 1 2 2 2 2 10 0 0 2 13 0 0 1 1 1 2 2 10 4 6 1 44 1 1 2 24 1 12 1 2 1 1 1 1 4 16 3 18 1 4 2 4 1 3 3 584 2 19 1 1 2 8 3 3 1 1 
3 4 1 3 5 29 3 7 2 2 5 25 3 15 2 2 1 10 1 1 2 10 2 3 4 86 0 0 3 36 1 1 2 2 3 3 4 9 3 18 3 8 2 4 3 3 2 2 5 8 1 1 1 1 3 5 2 4 3 8 5 36 2 9 
6 253 3 14 2 12 1 1 0 0 3 8 3 171 3 6 4 22 2 8 2 6 2 3 3 43 3 8 2 2 0 0 7 17 3 6 3 7 1 6 1 2 5 13 0 0 1 2 3 8 0 0 2 4 1 2 5 25 3 6 0 0 0 0 
0 0 2 4 3 32 2 4 1 1 1 4 0 0 3 23 3 7 2 126 3 120 2 9 2 2 1 2 1 4 3 4 1 1 1 311 4 6 0 0 2 7 2 2 2 3 1 2 2 14 3 2557 3 8 0 0 2 25 2 38 0 0 4 5 
2 10 2 3 2 121 3 8 4 12 2 12 1 1 2 30 1 27 5 11 3 154 4 5 1 2 5 243 4 176 2 8 0 0 2 33 1 2 2 9 1 5 5 23 2 10 2 3 6 34 2 9 1 3 1 2 4 10 2 9 1 18 0 0 
4 4 2 2 4 12 6 12 1 1 1 1 3 13 0 0 3 14 3 12 2 22 1 21 2 2 2 238 3 3 4 9 0 0 2 2 3 37 4 4 1 10 1 1 2 159 1 23 1 3 2 2 6 46 2 58 0 0 2 4 2 3 1 1 
3 9 1 2 1 2 0 0 4 6 1 4 4 8 2 6 3 7 4 43 2 25 3 5 1 1 3 19 3 5 0 0 2 3 1 2 3 11 2 3 2 2 2 7 2 7 1 1 2 6 3 43 2 2 2 10 2 14 4 11 4 4 0 0 
6 211 2 10 4 26 1 8 2 5 1 1 2 8 5 41 1 1 3 35 1 9 1 4 0 0 3 8 0 0 4 5 4 8 4 5 3 16 2 2 0 0 3 20 2 20 4 6 0 0 0 0 0 0 0 0 2 2 4 26 1 4 1 6 
2 2 2 2 1 10 0 0 1 1 2 19 1 25 1 2 3 31 1 1 2 2 1 5 0 0 0 0 3 5 2 2 0 0 0 0 1 1 0 0 0 0 3 23 1 1 1 4 5 35 0 0 5 63 0 0 2 2 0 0 0 0 6 9 
2 2 1 5 0 0 1 1 1 1 1 1 2 56 0 0 1 2 0 0 5 45 2 2 3 4 5 17 1 1 2 12 2 4 5 23 1 1 2 12 1 1 2 2 3 39 3 100 2 4 0 0 3 3 0 0 3 3 5 25 1 1 0 0 
2 3 1 1 4 18 4 12 0 0 0 0 2 2 2 2 0 0 2 2 1 1 1 1 3 15 3 34 3 3 3 7 1 1 2 2 2 8 1 2 3 16 3 5 5 84 3 11 1 1 1 1 2 23 1 1 1 1 2 4 4 7 1 4 
0 0 2 9 2 2 2 3 3 4 4 19 1 5 2 562 1 2 3 13 1 1 3 6 0 0 2 7 1 10 2 3 2 30 2 79 3 6 3 12 4 42 2 19 1 4 4 8 2 10 2 25 1 6 3 718 4 9 2 17 0 0 1 3 
1 1 2 2 3 3 1 1 3 3 0 0 1 1 3 6 3 43 3 7 2 5 2 10 3 10 1 1 2 2 1 2 3 5 2 2 1 1326 3 49 1 3 2 5 0 0 2 40 2 7 4 24 2 2 3 92 1 1 2 2 0 0 1 5 
5 5 2 2 1 2 3 7 2 14 1 1 2 31 6 27 2 13 1 4 2 13 3 10 3 12 1 1 3 4 3 12 1 2 2 3 1 7 3 7 2 2 0 0 2 35 2 5 1 1 2 3 1 1 3 22 3 3 3 14 3 5 4 5 
2 15 0 0 4 17 3 11 2 6 1 1 1 1 1 6 1 1 2 2 2 4 3 4 1 2 4 14 5 8 1 1 1 5 6 20 2 7 3 58 1 1 2 3 3 15 2 9 2 4 1 138 5 7 1 1 3 7 3 6 2 5 4 102 
1 18 3 7 3 7 2 2 2 200 2 2 2 3 1 8 4 28 3 7 0 0 1 1 4 7 2 3 2 21 2 28 3 30 3 5 1 1 2 2 4 8 1 1 5 22 1 16 1 1 4 11 1 1 4 39 4 7 0 0 1 1 3 25 
1 1 2 2 3 4 3 15 3 8 1 1 1 1 4 26 2 4 1 5 2 15 3 6 4 13 1 1 2 98 3 3 2 3 3 4 3 6 2 2 1 9 3 13 1 3 0 0 2 2 1 1 2 140 1 1 1 1 2 3 2 11 1 1 
4 26 2 25 2 2 2 23 2 12 0 0 1 1 6 21 2 3 4 6 1 2 3 16 2 1009 1 2 0 0 2 4 1 1 5 21 3 7 2 3 4 5 2 4 1 1 4 9 4 8 1 6 4 5 0 0 0 0 0 0 6 13 0 0 
1 1 1 8 0 0 2 5 2 15 4 142 1 4 0 0 3 5 3 15 4 37 1 1 4 26 0 0 3 5 3 3 1 1 0 0 1 1 1 1 1 4 0 0 1 1 2 2 2 24 3 4 3 22 7 16 3 4 4 17 2 4 3 14 
1 1 5 11 6 49 5 5 1 18 2 6 2 2 5 18 4 136 4 6 3 38 2 2 0 0 5 53 1 3 2 17 6 63 4 10 2 3 4 5 0 0 0 0 1 1 2 11 3 4 1 9 4 111 2 2 1 1 2 3 1 1 5 21 
2 21 4 10 4 10 6 11 2 2 4 27 0 0 2 18 0 0 2 4 3 12 5 6 3 169 0 0 3 30 0 0 0 0 5 24 0 0 3 53 2 5 1 1 1 1 2 23 1 2 1 2 2 43 1 1 5 7 2 2 3 16 0 0 
1 1 4 8 1 1 0 0 2 4 6 36 2 28 0 0 2 7 2 86 4 12 4 11 0 0 1 1 2 5 3 8 3 3 3 5 1 2 4 12 5 7 2 5 1 15 3 14 2 2 5 8 1 6 4 18 1 1 1 1 0 0 1 1 
2 2 2 4 3 15 1 255 0 0 1 1 2 4 2 6 2 2 1 1 3 10 1 1 1 6 2 34 1 1 5 7 1 1 3 19 2 18 3 8 2 2 2 2 1 16 1 12 0 0 0 0 4 32 2 6 2 7 2 2 1 10 1 1 
2 4 2 2 4 12 1 1 4 55 1 4 2 14 1 1 2 3 0 0 0 0 2 2 3 10 1 1 1 27 1 4 2 2 1 9 5 11 3 3 1 1 1 85 2 2 3 3 1 2 5 9 6 15 2 7 3 41 0 0 1 1 1 9 
3 6 2 3 2 7 4 11 1 1 2 2 5 29 0 0 3 11 3 4 4 9 3 27 1 126 2 20 3 8 3 15 4 6 3 64 2 213 3 4 2 37 4 18 0 0 3 3 1 1 2 8 1 1 1 7 4 31 1 8 1 9 2 10 
3 12 2 31 3 9 0 0 1 1 3 10 2 6 2 2 0 0 2 2 2 2 0 0 2 10 2 3 2 3 1 1 3 3 1 2 0 0 1 2 1 1 6 33 2 12 2 3 1 1 2 2 2 13 1 1 2 3 0 0 2 2 3 88 
1 1 3 3 2 19 0 0 2 2 0 0 1 3 0 0 5 14 1 8 3 3 0 0 0 0 8 176 1 1 3 9 2 2 2 3 2 8 1 15 3 30 0 0 0 0 2 10 5 34 2 9 3 8 3 7 1 6 1 2 7 49 2 48 
0 0 0 0 4 4 5 15 1 4 1 1 1 1 5 22 1 14 2 10 3 5 4 357 2 4 1 1 3 5 4 7 1 1 0 0 4 8 6 17 3 5 3 6 0 0 4 46 2 3 1 1 1 1 2 2 3 19 1 2 1 3 3 11 
2 2 3 14 1 1 3 17 2 2 3 17 4 9 2 2 1 1 1 1 0 0 3 33 4 24 1 5 4 7 4 4 2 27 1 12 0 0 0 0 2 2 1 78 3 3 3 3 0 0 1 3 2 14 2 5 3 32 3 126 4 7 0 0 
1 1 2 5 4 192 2 2 0 0 1 2 3 12 2 2 2 4 2 13 1 1 1 1 4 5 0 0 1 2 2 6 5 15 2 6 2 2 3 50 3 3 4 13 1 1 3 6 2 14 4 76 1 12 1 2 2 6 1 2 3 3 2 9 
3 12 3 7 4 92 4 65 1 7 4 10 2 15 0 0 2 3 0 0 3 26 5 13 0 0 1 1 3 4 5 14 1 1 2 10 1 2 4 4 4 57 3 37 2 2 2 7 2 29 1 1 6 22 0 0 0 0 1 10 2 2 5 26 
2 11 1 1 5 30 2 4 0 0 2 2 2 44 0 0 1 1 2 4 1 18 3 20 2 6 8 77 1 5 1 1 2 20 3 17 2 29 1 1 1 4 3 14 5 26 1 5 2 2 1 8 5 32 0 0 1 25 2 3 2 143 2 19 
0 0 3 7 1 1 0 0 2 46 5 33 3 8 2 5 5 17 2 5 8 16 1 1 5 50 0 0 1 1 3 6 3 7 4 8 2 2 2 27 2 2 2 4 2 2 0 0 3 6 1 10 3 3 2 328 2 5 2 2 2 2 2 65 
1 1 3 20 2 28 2 9 5 27 4 40 0 0 3 4 3 52 1 1 1 5 2 9 2 4 1 1 0 0 4 11 2 32 5 8 4 34 1 3 5 17 1 2 1 6 3 9 3 3 3 4 2 24 3 9 1 8 2 3 2 2 0 0 
0 0 1 1 5 15 1 1 1 3 0 0 0 0 3 5 3 3 3 14 4 7 0 0 1 1 3 190 2 2 2 8 4 29 1 3 4 6 4 6 2 2 3 13 1 1 2 2 0 0 0 0 3 3 3 171 1 1 2 5 1 4 4 13 
2 3 5 12 3 4 2 2 2 8 0 0 4 6 5 39 4 13 4 37 1 4 1 1 1 13 5 12 3 11 5 8 3 60 3 10 0 0 2 5 2 11 2 22 6 19 1 1 3 7 0 0 2 5 3 23 3 14 4 768 5 20 5 41 
0 0 3 44 1 2 4 46 0 0 5 33 1 1 5 222 3 9 0 0 0 0 4 10 3 5 3 4 1 2 1 2 2 16 3 17 1 15 1 1 2 3 1 1 3 3 0 0 1 1 2 4 2 6 3 3 1 2 3 6 2 159 1 1 
1 1 2 230 2 4 2 4 2 3 1 20 1 1 1 5 2 6 2 3 1 1 1 16 0 0 1 1 2 5 2 6 1 1 2 10 3 7 1 1 1 1 1 1 0 0 5 13 5 10 1 2 2 26 2 4 2 3 2 2 2 5 4 8 
2 13 0 0 1 1 2 6 2 29 1 1 2 10 3 3 0 0 2 3 3 7 4 70 4 18 1 1 1 1 3 7 1 58 1 3 3 3 2 5 3 3 3 6 3 19 2 43 2 2 1 1 1 3 1 1 3 9 1 1 1 1 4 21 
2 10 2 2 0 0 1 1 0 0 3 11 2 7 6 1426 4 34 3 16 1 3 4 12 3 146 3 7 0 0 2 9 2 17 2 6 0 0 2 2 6 30 2 3 0 0 0 0 1 1 1 89 0 0 2 8 1 1 3 4 4 11 0 0 
6 32 2 2 1 1 4 19 3 5 0 0 2 15 2 10 2 6 1 80 1 2 3 17 4 75 1 2 4 4 4 118 1 1 3 5 4 12 4 36 4 7 3 5 3 14 2 2 5 31 1 7 5 24 5 864 0 0 3 11 3 6 0 0 
2 2 2 2 2 4 3 16 3 4 1 1 1 1 2 4 4 7 2 6 0 0 2 10 3 7 1 1 0 0 2 3 1 1 1 1 3 7 1 27 2 2 2 19 0 0 4 65 4 28 1 1 4 95 1 1 0 0 4 84 5 37 1 4 
1 5 1 14 3 3 4 6 0 0 2 2 1 11 1 7 1 1 1 1 2 4 1 1 1 2 3 10 1 6 3 5 0 0 3 9 2 2 2 208 3 14 1 4 1 33 1 1 2 2 2 2 5 21 1 1 3 4 2 2 1 1 0 0 
3 5 2 2 1 1 4 18 1 1 3 6 1 1 1 1 2 2 2 2 1 3 1 1 0 0 4 4 3 4 0 0 0 0 3 40 3 3 2 3 7 29 1 1 2 2 2 2 2 2 0 0 4 5 0 0 2 7 3 5 2 2 1 1 
2 2 2 12 0 0 1 33 3 15 1 12 1 61 2 2 5 24 0 0 1 1 2 5 4 38 3 5 1 1 3 10 3 13 1 4 2 2 4 8 3 5 0 0 2 8 2 3 0 0 1 1 4 6 3 3 3 3 0 0 1 8 0 0 
2 10 1 1 1 7 2 4 3 4 7 25 2 2 5 56 2 5 0 0 1 1 1 1 2 2 2 49 1 2 2 14 1 1 1 1 1 9 2 2 1 1 3 28 2 2 2 3 2 9 3 47 1 11 3 13 1 1 3 9 3 3 3 11 
3 7 4 6 2 8 4 12 1 6 2 7 4 5 3 3 1 1 2 2 5 17 2 2 2 4 2 2 2 23 1 1 3 18 4 114 3 4 1 1 1 32 1 1 1 1 5 5 4 6 1 1 4 5 0 0 1 13 1 1 0 0 1 11 
2 3 3 3 1 5 3 10 0 0 2 2 1 7 3 13 3 11 2 2 2 3 1 1 2 6 2 2 1 1 4 26 1 1 2 9 6 12 3 6 2 2 1 26 1 2 0 0 3 11 1 1 3 8 0 0 1 1 1 1 3 9 2 4 
0 0 2 3 1 1 1 1 1 5 1 3 3 14 0 0 2 7 3 9 3 31 1 1 1 1 1 7 2 8 1 1 2 3 0 0 2 2 3 20 3 3 3 10 2 2 4 10 4 9 7 1509 2 2 1 1 2 3 3 23 1 1 2 2 
1 1 1 1 4 21 0 0 4 16 3 10 1 69 3 29 1 1 2 11 1 30 2 2 1 1 2 11 3 189 1 1 1 1 2 2 4 7 1 9 2 2 2 7 2 7 1 1 2 3 2 2 3 3 1 5 5 16 1 7 2 24 4 7 
2 6 6 61 2 3 2 2 2 26 6 32 0 0 3 2648 2 5 1 1 5 10 1 4 1 1 4 15 2 2 0 0 1 8 3 3 1 1 4 4 4 28 1 1 2 2 3 24 3 6 3 4 1 6 1 1 1 1 2 35 4 8 3 30 
3 3 2 4 0 0 3 4 1 1 3 26 2 2 4 13 0 0 1 1 2 6 0 0 3 34 2 2 1 1 2 3 2 10 2 10 2 6 1 236 3 10 1 6 5 35 3 3 4 8 1 2 1 1 1 11 1 1 1 1 0 0 1 1 
1 1 0 0 2 9 3 4 3 3 3 55 4 42 0 0 6 10 0 0 1 1 2 19 4 8 4 36 2 2 3 13 4 7 1 1 0 0 2 5 4 5 4 129 4 28 0 0 4 6 2 7 2 43 2 6 3 4 3 5 0 0 2 3 
2 2 1 1 3 3 3 21 2 3 0 0 5 197 0 0 2 3 2 46 2 96 2 8 0 0 2 10 3 3 2 2 1 1 5 40 1 6 2 10 0 0 3 41 1 3 2 10 3 6 1 1 4 14 2 2 1 6 1 7 0 0 2 18 
4 58 2 2 1 8 4 12 6 37 2 7 2 2 4 5 4 27 4 7 2 2 2 5 2 2 1 2 4 55 1 1 3 6 2 2 2 9 1 3 4 11 5 14 2 5 2 5 5 10 4 6 3 5 1 1 1 259 1 2 3 46 3 3 
1 5 3 25 1 3 3 13 3 3 2 29 0 0 1 1 2 2 2 4 3 67 1 1 1 1 1 1 1 1 5 15 2 35 0 0 1 2 3 9 2 12 4 590 4 7 4 10 1 1 4 5 3 7 1 4 3 3 2 2 0 0 4 6 
2 3 3 24 2 6 3 19 4 4 3 6 1 2 2 4 0 0 0 0 2 99 0 0 4 10 4 57 2 5 4 21 0 0 1 20 0 0 3 3 1 4 1 1 2 2 2 13 0 0 2 2 4 39 3 3 1 10 1 1 4 143 1 1 
2 395 2 16 5 39 0 0 0 0 5 31 4 8 1 6 7 33 2 2 2 11 4 19 3 33 2 8 3 8 4 14 2 8 3 5 2 2 2 12 2 5 7 26 1 1 1 1 2 3 0 0 1 9 4 8 4 9 1 1 3 12 2 12 
2 2 2 22 3 4 3 24 4 19 1 1 2 2 0 0 4 208 2 3 2 2 4 9 1 3 3 16 2 9 3 5 1 1 2 8 3 6 3 15 3 8 1 1 0 0 1 1 1 1 2 4 2 4 2 45 2 24 0 0 2 10 2 3 
5 44 0 0 1 1 2 195 0 0 0 0 0 0 2 2 1 1 3 14 2 9 2 2 1 1 2 10 2 2 2 8 0 0 1 1 3 14 0 0 2 11 1 1 2 18 2 2 2 5 2 15 4 13 2 8 6 257 2 4 2 12 1 1 
5 16 3 27 2 34 2 2 1 6 1 1 1 3 3 5 6 30 4 25 1 1 0 0 5 14 0 0 4 9 9 119 3 8 1 2 2 2 2 2 2 2 3 7 2 5 2 5 1 1 1 1 4 24 1 2 2 21 1 9 1 3 2 6 
0 0 1 3 3 18 2 2 1 2 4 4 4 23 1 19 3 12 1 8 1 1 4 26 1 4 4 20 2 3 2 5 1 5 1 5 3 4 1 4 3 10 2 5 1 24 5 36 3 53 1 1 3 3 1 3 0 0 2 2 0 0 2 2 
4 43 3 7 4 53 1 5 3 7 4 53 2 2 3 7 1 1 1 1 1 1 4 377 3 5 2 2 2 3 2 3 3 4 2 4 0 0 0 0 1 6 1 1 3 33 1 1 3 34 1 1 2 85 2 2 2 2 2 32 1 1 2 2 
0 0 1 1 3 3 4 5 0 0 3 5 1 11 2 2 2 2 2 4 0 0 1 1 0 0 5 87 1 1 2 8 5 31 3 23 2 4 1 1 2 2 7 50 2 3 0 0 2 9 1 1 2 4 2 5 3 4 0 0 1 1 3 3 
1 1 2 21 1 1 3 28 0 0 3 22 4 39 2 9 3 3 1 5 3 7 1 3 0 0 4 7 1 1 1 235 5 9 2 2 1 1 4 78 4 9 5 42 1 1 3 4 1 2 3 7 3 8 0 0 1 1 1 5 1 1 3 7 
2 76 1 3 2 2 3 8 1 6 0 0 5 582 3 237 1 4 1 1 3 5 0 0 1 1 0 0 4 6 4 5 6 48 3 73 0 0 1 1 3 8 3 74 2 2 4 71 0 0 4 18 4 55 0 0 2 4 2 4 4 8 1 1 
2 136 3 5 1 103 4 118 2 4 1 2 0 0 2 18 1 8 1 1 3 4 4 9 2 2 2 7 3 16 3 4 4 13 3 9 2 11 2 7 3 4 3 22 1 1 1 2 1 2 1 16 2 7 2 2 3 11 2 2 2 2 4 4 
4 78 5 68 1 1 4 13 2 10 1 2 2 2 2 5 2 57 2 446 1 1 2 2 0 0 1 23 2 13 2 7 0 0 0 0 2 2 3 4 4 31 4 85 2 8 3 4 3 17 2 73 1 4 1 1 3 5 4 12 3 14 0 0 
1 7 1 1 1 1 2 2 1 1 4 9 1 1 3 5 2 3 6 28 1 1 4 8 3 18 1 6 3 21 1 3 0 0 3 96 1 1 1 2 1 1 1 1 3 5 1 20 1 1 1 4 0 0 4 10 3 4 1 1 5 5 1 1 
3 9 2 2 1 42 0 0 1 1 3 5 4 4 2 49 2 4 3 31 2 7 4 38 2 8 2 2 4 29 0 0 2 2 3 84 3 14 1 1 5 11 4 9 3 6 2 21 4 31 1 2 2 39 2 2 3 22 1 4 3 3 2 2 
3 5 2 2 2 43 2 6 1 1 4 39 2 2 2 9 1 87 4 13 5 14 5 70 0 0 2 26 3 9 3 31 0 0 3 5 3 3 3 88 2 10 4 29 1 7 2 2 2 2 2 10 4 27 4 4 2 6 5 16 2 12 2 3 
2 5 3 14 3 6 1 1 2 4 2 6 2 195 2 2 6 11 1 1 1 32 3 7 0 0 2 9 1 1 3 19 5 10 5 36 1 1 3 6 0 0 2 5 0 0 3 164 3 6 3 18 1 1 0 0 1 1 1 2 6 23 3 21 
3 34 2 43 0 0 1 1 1 6 0 0 5 7 2 6 3 3 4 51 3 8 2 9 3 5 0 0 0 0 1 2 1 8 5 5 4 4 2 15 4 10 3 3 5 240 1 1 2 8 3 9 1 10 3 30 3 4 2 10 2 2 3 165 
2 5 2 4 0 0 2 4 3 3 1 17 3 16 2 7 3 4 3 3 2 28 4 28 3 10 3 68 1 1 1 1 0 0 0 0 3 3 5 39 2 7 0 0 4 229 4 39 1 4 1 1 0 0 2 6 1 1 0 0 2 3 1 19 
4 28 1 1 4 16 2 7 3 6 1 1 2 10 0 0 2 5 5 16 1 6 1 10 2 3 1 5 1 1 1 1 5 12 2 2 3 19 3 4 0 0 4 4 4 9 0 0 4 29 6 62 0 0 2 6 0 0 3 5 2 11 3 15 
1 1 3 14 2 2 0 0 2 13 4 4 2 11 2 5 0 0 0 0 3 4 2 2 1 1 2 2 2 11 2 193 2 5 1 1 2 13 2 10 2 2 3 16 1 1 2 5 2 12 2 12 2 2 0 0 2 2 1 1 1 1 3 28 
3 30 1 2 2 14 1 4 3 37 3 9 2 7 3 31 2 68 1 1 2 26 2 3 2 2 3 5 4 5 5 13 1 5 4 17 2 2 3 3 2 10 5 8 2 2 2 2 1 6 0 0 1 1 3 3 2 6 1 1 5 56 5 9 
0 0 2 2 0 0 2 14 1 1 5 9 0 0 4 17 2 5 6 54 3 29 0 0 3 10 1 1 0 0 2 2 4 26 2 2 3 3 3 4 3 10 0 0 0 0 5 8 4 26 5 66 2 4 4 50 5 41 2 2 3 6 1 5 
4 13 1 212 4 5 3 5 0 0 1 1 4 18 0 0 1 2 1 1 1 1 2 2 1 10 1 1 0 0 1 16 0 0 6 11 3 3 0 0 3 5 1 4 4 12 2 5 2 3 1 17 2 3 0 0 4 45 2 4 2 7 4 7 
3 76 6 40 2 9 1 4 3 6 0 0 2 3 1 404 2 17 0 0 0 0 3 7 2 3 0 0 2 5 3 17 3 4 1 1 2 2 3 27 3 8 2 3 3 5 3 10 3 12 1 5 3 12 2 2 3 14 2 23 3 5 3 4 
2 2 0 0 3 6 4 35 2 10 7 36 8 11 4 5 2 11 3 4 3 41 1 1 3 14 2 2 3 19 2 4 2 9 1 1 2 2 0 0 1 1 4 10 1 1 0 0 2 49 1 5 5 27 0 0 2 2 1 2 5 9 0 0 
2 2 4 8 1 1 1 1 6 320 0 0 1 1 2 2 3 41 1 1 1 1 1 2 2 5 3 14 2 5 0 0 1 1 4 22 2 38 0 0 1 1 0 0 1 1 4 6 1 1 4 8 2 28 0 0 3 16 4 106 1 1 1 1 
1 9 2 3 1 23 2 328 1 10 3 3 1 7 5 9 0 0 5 7 0 0 2 3 1 1 7 32 1 1 2 7 4 27 1 1 2 2 6 17 2 2 1 1 3 3 1 1 3 9 4 33 1 1 3 6 1 1 1 1 1 2 2 19 
1 2 4 4 1 1 3 12 4 26 3 8 3 3 7 33 1 1 3 4 2 13 1 2 2 12 5 6 3 76 1 1 3 9 1 1 3 8 0 0 1 1 0 0 3 25 3 4 1 1 2 20 2 4 0 0 0 0 2 6 4 14 3 4 
1 1 3 5 1 4 4 8 5 16 3 181 1 1 3 14 3 9 2 2 1 1 3 10 5 21 2 32 3 82 0 0 2 5 2 2 0 0 3 47 2 6 1 3 3 12 3 52 3 4 1 5 3 8 1 1 5 20 0 0 3 15 3 5 
6 28 0 0 1 1 0 0 3 30 0 0 2 5 1 1 1 1 1 1 2 2 1 2 3 1458 2 2 0 0 3 28 1 2 0 0 2 5 2 221 0 0 3 7 3 4 2 2 0 0 0 0 1 2 2 3 2 3 4 46 2 26 1 3 
1 13 0 0 1 23 0 0 2 3 1 3 2 2 2 2 2 29 4 15 1 17 2 15 4 5 1 4 4 6 1 1 1 2 1 1 2 4 4 13 3 3 3 14 1 1 1 27 3 12 4 7 1 1 1 3 1 1 1 1 1 1 1 12 
1 1 1 1 3 3 4 69 2 2 3 12 2 8 3 7 2 10 0 0 0 0 0 0 3 15 3 3 2 3 1 1 1 3 2 10 2 3 3 9 1 2 5 29 2 2 2 26 4 13 0 0 0 0 0 0 2 5 2 31 3 39 1 3 
4 18 0 0 3 11 0 0 1 3 4 9 1 9 1 1 1 1 0 0 3 14 2 5 2 2 2 947 0 0 1 7 2 9 2 9 3 3 4 28 0 0 5 10 1 1 2 12 2 12 3 3 0 0 1 1 3 41 4 37 1 6 2 2 
1 1 3 3 0 0 1 16 1 2 2 2 2 2 3 271 3 31 3 37 1 3 1 1 4 6 4 4 3 4 2 11 1 1 2 10 1 1 0 0 2 2 3 7 4 13 1 1 2 2 1 1 2 23 1 2 3 8 1 1 1 13 3 4 
2 114 3 11 1 1 2 2 1 19 3 4 2 7 3 8 4 5 2 2 2 5 1 24 2 4 0 0 4 23 1 1 2 2 0 0 3 4 3 9 1 6 1 1 1 23 4 9 4 38 3 10 1 1 2 3 3 3 0 0 3 10 5 46 
7 66 3 11 0 0 2 2 5 79 3 3 2 2 2 7 4 22 2 5 0 0 0 0 5 8 0 0 3 17 1 1 1 2 5 76 2 2 0 0 1 1 2 2 3 15 1 1 1 1 2 9 0 0 0 0 7 15 0 0 0 0 6 29 
1 1 4 8 4 14 3 3 1 1 4 27 1 1 2 2 0 0 3 28 1 11 4 7 3 8 0 0 3 41 0 0 1 2 5 5 1 5 4 14 2 16 1 10 5 12 2 10 2 31 0 0 1 1 1 9 2 2 2 3 4 11 4 16 
4 5 2 62 0 0 4 35 0 0 3 8 3 10 2 4 3 3 1 25 4 20 3 3 2 2 2 33 4 11 0 0 5 36 3 12 1 6 0 0 1 3 0 0 2 9 3 45 0 0 1 1 1 1 3 22 2 506 3 16 0 0 0 0 
3 11 0 0 2 11 3 7 0 0 1 1 5 9 3 12 0 0 1 1 0 0 5 42 5 20 2 22 2 9 4 13 1 110 2 8 2 28 3 10 3 75 4 14 0 0 1 1 3 5 1 1 2 16 2 15 5 175 2 8 2 2 4 14 
1 7 4 16 0 0 4 9 2 6 1 1 5 5 1 1 2 16 3 3 1 9 2 8 1 1 1 1 2 4 2 8 4 7 1 1 1 1 0 0 0 0 2 3 2 16 3 3 4 12 0 0 2 26 1 2 1 25 1 37 3 3 5 20 
4 20 1 3 1 1 3 5 6 8 2 3 3 20 3 3 2 43 1 2 1 6 1 28 2 87 2 11 3 15 2 2 3 20 2 8 2 6 2 11 0 0 3 35 1 1 4 6 1 1 3 64 1 7 5 6 1 7 2 8 1 18 1 1 
3 6 2 2 0 0 3 3 2 3 3 3 2 2 4 4 5 14 1 3 3 7 0 0 3 200 1 1 1 5 4 7 3 3 3 6 1 1 3 6 3 16 3 29 0 0 2 31 4 20 2 2 1 1 1 12 1 24 2 11 2 2 3 3 
1 1 3 8 3 21 2 15 2 2 4 10 3 4 3 26 5 5 1 1 2 4 3 5 5 9 3 8 5 31 5 9 1 1 3 10 3 6 1 8 4 36 2 4 4 16 2 5 4 9 3 8 3 3 2 3 0 0 1 1 3 10 2 4 
1 3 2 13 1 2 2 2 1 1 3 17 1 1 2 2 2 2 3 4 1 1 1 1 3 11 2 3 0 0 4 8 1 1 2 3 3 21 1 22 4 9 4 8 5 376 0 0 4 10 2 2 5 8 2 8 0 0 0 0 2 16 3 9 
1 1 1 2 0 0 1 4 2 4 2 4 0 0 1 2 1 3 2 15 1 1 3 8 0 0 1 3 3 18 1 2 1 3 1 1 2 2 2 25 3 13 1 7 7 8 4 37 3 5 4 51 2 7 1 9 3 11 5 7 1 1 2 10 
0 0 1 2 1 8 3 107 3 60 3 9 1 2 1 1 2 3 5 8 4 8 1 2 3 3 4 4 0 0 1 1 0 0 2 6 3 13 1 8 1 1 1 1 2 10 2 2 2 2 1 3 0 0 2 7 1 2 4 35 3 5 3 8 
0 0 1 1 3 4 4 9 1 1 3 12 1 1 1 2 6 41 4 15 3 11 1 1 1 5 2 2 1 2 4 12 2 4 0 0 3 5 3 16 3 5 4 14 2 4 1 3 2 52 3 15 3 5 1 59 4 23 4 4 7 35 2 3 
0 0 5 22 1 1 1 1 3 7 1 1 3 4 3 5 1 4 5 453 3 7 1 2 4 11 2 2 3 15 1 2 2 51 2 2 2 15 3 3 1 7 0 0 1 1 3 8 3 12 1 6 2 6 3 7 0 0 2 3 3 43 3 11 
1 1 1 25 4 25 4 21 1 14 0 0 3 3 2 4 6 10 3 33 1 2 4 11 5 64 3 12 2 15 4 12 3 17 1 10 2 7 3 3 2 5 0 0 2 2 1 1 1 6 2 46 0 0 1 5 2 5 3 59 2 3 9 16 
2 6 2 8 0 0 3 5 2 37 1 4 2 5 6 23 2 2 2 199 1 1 2 2 2 3 2 3 3 4 4 49 3 3 4 10 1 19 2 2 1 3 1 1 3 110 4 25 1 16 1 1 3 10 3 12 3 4 0 0 3 8 3 15 
1 1 0 0 0 0 2 5 3 4 3 4 2 7 2 49 1 5 6 23 0 0 1 4 1 1 3 9 3 4 0 0 1 4 3 277 1 1 2 21 2 9 3 3 1 1 1 1 3 5 1 5 1 1 2 2 1 1 1 1 3 9 0 0 
3 6 2 4 3 6 1 1 4 5 4 18 2 830 0 0 2 5 1 5 2 10 3 14 2 5 2 2 1 1 1 3 4 13 3 9 2 10 2 5 1 1 2 2 1 2 1 1 1 1 3 5 1 4 2 2 3 21 0 0 2 9 0 0 
2 3 2 4 0 0 0 0 2 5 3 3 4 12 5 18 2 8 3 11 4 29 0 0 2 17 3 12 2 19 3 23 0 0 2 42 1 1 4 9 3 8 1 12 3 71 0 0 0 0 1 104 2 5 4 6 2 2 0 0 2 2 1 1 
3 15 1 1 4 14 4 81 1 2 3 9 0 0 3 7 1 1 0 0 2 3 2 6 1 1 3 12 5 32 0 0 1 1 4 11 2 15 1 1 4 17 0 0 3 3 4 5 3 10 1 1 1 6 2 3 1 6 3 13 0 0 3 9 
4 356 4 10 1 1 1 10 3 7 2 56 0 0 2 2 1 11 3 3 2 10 2 24 2 7 1 1 0 0 1 1 2 3 2 31 1 1 4 38 0 0 1 28 2 13 0 0 2 79 3 6 3 5 2 19 5 21 3 5 2 18 1 1 
4 6 0 0 0 0 0 0 4 1377 0 0 2 13 0 0 2 7 0 0 3 254 1 4 6 19 1 2 4 6 4 49 3 4 4 14 1 1 1 13 2 2 3 48 3 11 2 5 3 17 3 3 0 0 0 0 1 1 2 186 2 9 2 4 
2 119 4 9 4 89 4 40 2 13 3 12 2 2 2 4 2 2 4 7 1 1 5 75 6 27 7 31 4 92 0 0 1 1 3 69 2 22 1 1 2 2 2 2 1 1 3 5 2 13 3 3 0 0 1 2 3 8 2 2 1 2 2 10 
1 1 4 9 1 1 0 0 2 68 1 1 0 0 1 1 2 5 2 56 3 14 1 1 4 4 0 0 3 51 2 20 2 2 1 40 1 1 0 0 1 3 3 16 0 0 0 0 3 11 1 1 2 6 2 6 2 2 3 17 0 0 3 91 
3 14 0 0 1 9 1 20 3 3 2 12 2 13 2 3 1 1 3 8 2 40 4 37 2 6 0 0 1 1 3 13 1 8 1 4 4 13 2 2 2 2 1 10 4 22 2 6 2 11 4 29 4 4 1 1 1 5 2 63 4 14 3 10 
0 0 3 7 2 2 3 7 1 2 4 4 0 0 1 1 4 47 4 105 3 4 2 2 2 4 1 2 1 10 3 10 0 0 1 1 0 0 3 4 1 3 0 0 2 25 2 3 1 7 2 2 3 11 2 9 2 2 0 0 2 10 2 2 
1 1 4 25 2 2 4 76 2 2 2 6 1 2 2 151 1 1 2 2 1 7 3 6 3 8 1 1 1 1 2 96 1 1 3 12 2 39 1 1 1 1 4 298 3 6 1 6 1 1 1 1 0 0 3 5 2 8 1 15 3 22 2 3 
3 24 1 6 6 1350 2 3 2 4 1 1 4 25 1 5 3 22 1 1 3 7 0 0 2 6 0 0 2 74 1 2 3 143 1 1 5 6 3 8 4 75 1 1 0 0 2 3 4 24 1 5 2 3 6 56 0 0 3 23 2 2 1 1 
3 53 2 473 2 4 3 6 4 59 2 2 3 23 3 10 2 2 1 5 4 36 2 629 3 4 5 79 2 2 1 1 4 11 3 138 0 0 4 11 2 2 3 3 1 8 1 1 3 51 3 4 2 9 5 31 1 1 3 9 2 2 4 11 
3 9 3 5 1 13 0 0 0 0 2 2 2 12 3 596 3 13 1 4 2 7 1 3 2 2 2 2 2 6 0 0 2 2 3 12 3 11 3 28 2 31 2 6 1 1 3 4 1 69 2 4 1 1 1 1 3 7 1 1 0 0 3 4 
1 1 1 11 6 19 1 6 0 0 0 0 3 8 3 6 3 8 1 3 2 33 2 2 4 11 3 3 2 8 1 1 3 19 2 2 3 4 3 5 4 19 2 2 3 5 3 4 1 1 3 10 0 0 0 0 2 2 3 5 0 0 3 17 
0 0 2 9 0 0 3 28 0 0 1 1 3 3 2 25 2 6 2 10 3 12 7 11 0 0 3 22 0 0 3 3 1 12 1 7 1 1 0 0 1 4 4 2651 2 13 4 13 1 1 2 2 2 9 2 2 1 34 4 53 2 7 0 0 
0 0 4 7 3 44 2 7 0 0 2 15 3 12 4 27 3 12 0 0 4 9 1 1 1 1 1 110 2 10 3 9 3 9 1 12 1 1 4 6 7 9 0 0 2 25 4 27 1 1 3 9 1 2 3 42 1 1 4 4 1 1 1 1 
1 3 4 19 2 118 1 227 4 78 1 2 2 6 3 10 3 5 0 0 1 1 4 280 0 0 3 29 2 9 2 2 2 2 0 0 0 0 3 24 2 2 4 7 3 11 5 5317 1 1 2 7 2 2 3 10 0 0 3 4 0 0 1 1 
1 1 0 0 1 1 4 26 1 20 1 1 1 102 1 6 2 62 1 8 1 1 3 12 2 2 2 2 0 0 3 3 3 5 2 39 2 9 1 6 2 6 1 32 3 14 4 9 0 0 1 1 1 5 1 4 2 2 1 4 3 10 2 7 
3 9 2 6 0 0 4 31 0 0 2 3 4 23 3 5 2 10 4 44 3 8 2 9 3 21 2 7 3 13 0 0 2 25 2 5 1 1 1 30 1 1 0 0 1 1 2 6 1 1 2 2 4 48 1 5 2 5 0 0 4 10 1 1 
3 9 4 9 3 4 3 6 2 70 3 15 0 0 3 27 4 12 1 2 5 82 3 3 2 10 4 25 0 0 4 11 2 2 5 22 3 4 3 7 4 8 1 8 3 155 2 2 1 1 0 0 4 9 3 3 7 12 2 99 2 36 3 90 
2 2 2 5 0 0 1 1 1 1 0 0 2 8 3 66 0 0 3 7 3 5 3 26 5 8 2 2 3 44 2 17 2 2 0 0 5 12 1 3 0 0 4 11 1 1 4 15 2 4 1 1 4 21 4 15 0 0 0 0 2 2 0 0 
5 31 3 7 1 1 4 16 3 6 4 14 0 0 3 3 3 12 4 5 1 5 7 37 2 21 1 1 2 6 0 0 0 0 0 0 4 20 1 1 3 28 1 1 3 7 2 7 1 19 2 8 3 4 3 12 2 2 3 13 4 36 1 1 
0 0 1 4 3 34 2 14 1 1 5 9 2 2 1 1 2 4 2 3 4 4 2 4 3 16 4 7 3 5 3 8 5 6 2 2 3 4 2 2 1 1 4 53 0 0 3 9 1 2 3 27 3 8 3 6 3 24 4 10 2 2 0 0 
2 24 4 56 4 5 3 19 0 0 2 12 0 0 0 0 2 29 1 1 3 9 1 1 0 0 2 3 1 26 4 32 4 4 2 2 0 0 1 1 2 4 0 0 2 2 3 13 0 0 1 1 1 1 2 4 3 25 2 50 4 32 2 231 
2 6 3 156 1 1 4 7 2 3 3 5 0 0 2 2 2 4 2 22 2 19 4 26 0 0 3 3 2 15 0 0 0 0 1 1 1 1 0 0 2 2 1 1 2 21 4 10 1 1 2 3 1 2 1 43 2 31 2 166 0 0 4 13 
1 1 3 28 5 44 4 23 5 9 2 87 1 1 3 13 1 1 0 0 2 2 0 0 2 7 2 8 2 4 3 24 1 5 1 1 2 3 1 35 2 2 1 2 1 1 0 0 4 5 1 1 1 2 2 5 1 66 0 0 3 18 2 2 
4 10 4 15 6 20 1 1 1 1 0 0 3 10 2 2 2 3 4 40 1 1 2 4 0 0 2 2 2 6 0 0 3 3 6 14 1 1 3 6 3 23 2 4 3 3 1 1 3 5 1 1 0 0 0 0 3 3 2 8 0 0 2 6 
0 0 1 2 2 17 0 0 4 33 3 4 0 0 2 2 3 3 5 64 4 13 1 1 2 2 0 0 1 4 1 14 0 0 0 0 1 1 4 8 2 7 2 10 3 48 3 5 4 35 2 2 2 4 4 47 1 1 1 1 3 8 0 0 
1 76 4 14 0 0 0 0 1 1 1 2 4 46 2 2 7 86 1 25 1 1 3 26 0 0 1 2 3 7 1 3 3 36 0 0 2 2 3 11 3 4 3 21 1 1 2 3 1 5 3 9 4 14 4 10 2 4 2 2 2 2 1 1 
3 12 3 6 5 24 1 26 3 1454 2 5 6 7 2 3 3 4 0 0 3 203 2 12 5 13 3 3 3 12 0 0 1 4 4 9 1 11 2 14 1 1 5 6 1 1 1 1 2 4 1 1 5 253 2 14 6 30 0 0 3 20 2 14 
0 0 1 3 2 5 4 12 2 9 1 75 5 18 1 6 1 8 1 2 1 1 2 7 2 2 5 6 3 126 1 68 1 3 1 1 4 27 4 29 0 0 3 40 3 13 2 3 3 36 2 2 1 1 0 0 3 12 3 13 4 16 1 8 
0 0 0 0 3 22 0 0 3 18 1 1 3 7 1 5 2 13 4 17 4 8 3 5 2 9 2 11 2 3 1 2 3 3 2 2 2 15 4 7 2 30 1 9 3 5 4 28 1 13 3 4 3 8 0 0 4 19 2 2 2 2359 3 9 
1 3 6 12 1 1 0 0 0 0 2 10 2 24 2 17 2 3 4 5 5 7 0 0 4 24 2 28 4 41 1 2 3 9 4 23 0 0 1 1 0 0 2 7 4 8 1 1 2 4 3 9 3 5 4 193 1 1 2 2 1 2 5 18 
6 34 3 46 1 78 2 5 3 3 6 7 2 43 0 0 3 3 2 6 2 29 3 10 5 30 3 14 3 17 3 8 0 0 0 0 2 2 1 1 3 5 0 0 2 2 0 0 1 5 2 5 2 2 0 0 2 2 1 1 4 5 2 6 
3 31 0 0 3 19 4 5 1 2 1 1 1 2 4 16 2 2 6 37 0 0 4 33 1 4 1 1 0 0 3 4 3 11 1 1 0 0 0 0 3 11 2 2 1 1 1 1 1 1 3 3 3 8 2 7 0 0 2 8 2 4 2 2 
2 23 1 2 0 0 4 20 2 3 3 50 2 4 1 3 2 2 3 4 3 17 2 2 2 5 4 17 2 5 1 2 3 20 4 8 4 4 3 30 2 2 5 22 2 5 4 29 1 3 3 11 0 0 1 1 1 10 3 38 2 5 1 82 
2 2 0 0 0 0 4 41 2 16 4 8 1 12 1 1 1 94 6 12 1 57 1 1 2 5 3 8 2 7 0 0 0 0 3 8 2 2 3 5 3 16 5 10 0 0 1 1 2 2 2 8 1 1 2 9 1 1 3 6 0 0 3 4 
0 0 0 0 2 2 2 227 1 1 2 4 1 1 2 2 2 7 7 52 2 2 2 2 3 60 3 220 3 5 6 16 1 1 2 13 1 1 2 789 2 12 5 18 2 10 5 5 2 2 2 3 2 3 5 84 4 11 2 2 3 10 1 1 
0 0 5 5 0 0 2 11 2 18 2 4 2 2 5 19 1 1 2 17 2 2 1 1 4 7 2 2 1 1 0 0 1 1 3 7 0 0 3 12 1 1 3 3 2 4 1 1 2 14 4 227 2 5 3 3 1 4 3 11 2 2 0 0 
2 21 1 3 2 2 0 0 4 35 1 16 1 1 4 22 1 174 1 1 0 0 2 2 1 1 6 10 1 9 2 2 3 6 4 218 0 0 1 1 1 6 6 23 4 19 3 8 2 141 2 7 4 38 1 33 0 0 3 30 5 10 1 3 
0 0 3 7 0 0 1 1 6 22 5 6 2 2 1 5 1 1 2 9 1 1 1 1 2 4 2 22 3 9 1 1 1 1 1 1 0 0 3 6 2 3 2 2 3 21 0 0 2 6 2 3 1 2 2 2 1 1 3 34 3 3 1 2 
3 12 1 1 2 9 0 0 3 4 2 25 4 15 0 0 4 36 4 27 7 14 2 2 4 142 1 1 6 59 2 5 3 3 1 5 2 3 1 1 1 1 1 1 1 10 0 0 1 4 2 3 0 0 1 4 2 6 2 131 4 19 4 6 
2 23 2 5 1 1 2 2 1 1 2 217 1 1 5 98 3 23 3 177 4 4 0 0 3 107 0 0 1 2 4 26 0 0 3 10 3 6 1 1 3 8 3 19 6 7 2 2 3 3 1 1 2 4 3 47 3 19 5 13 2 2 3 20 
0 0 1 6 6 11 1 1 1 1 3 9 1 5 1 1 1 1 4 23 5 8 0 0 3 22 1 11 0 0 2 2 0 0 0 0 2 27 1 1 0 0 3 5 1 1 1 1 2 20 4 30 1 1 1 1 2 3 1 1 4 39 2 3 
3 3 2 7 4 62 2 2 4 52 1 2 3 10 6 19 4 8 1 1 4 5 1 1 2 6 2 4 4 11 1 1 1 1 1 6 5 13 1 1 4 15 0 0 1 40 2 3 2 7 1 1 3 15 3 6 2 24 2 3 2 2 2 3 
3 5 3 18 4 8 2 2 1 14 1 4 1 4 2 2 2 3 2 4 2 2 1 18 2 2 1 1 2 46 0 0 2 2 0 0 2 37 4 10 1 1 2 2 2 2 2 17 4 4 1 1 1 7 3 81 1 7 2 27 3 3 3 4 
0 0 3 6 3 5 2 3 2 3 1 5 3 43 2 3 2 2 3 3 1 2 3 4 0 0 4 13 3 11 2 17 3 12 1 1 1 1 0 0 2 2 2 2 2 4 2 17 2 14 3 29 2 8 5 7 2 9 4 55 2 2 4 4 
3 5 2 9 1 14 1 50 4 8 8 11 3 14 1 1 1 1 0 0 0 0 2 2 1 1 4 7 4 4 3 30 2 7 3 45 0 0 1 22 3 3 1 18 2 2 5 11 1 1 6 30 2 9 0 0 2 11 3 4 1 11 6 11 
1 1 2 76 0 0 3 3 2 2 4 40 2 2 0 0 4 19 2 7 5 129 3 14 4 5 4 76 1 1 4 42 1 1 4 14 2 4 3 3 3 3 0 0 2 5 3 62 2 2 2 2 2 3 0 0 2 4 1 1 3 14 1 11 
2 13 2 5 2 3 3 16 0 0 3 25 3 5 3 3 4 4 4 27 1 1 2 7 1 3 3 4 2 2 1 2 1 1 3 249 0 0 5 5 1 18 3 4 3 58 2 3 2 2 3 5 2 2 0 0 1 115 1 1 2 4 3 7 
3 364 2 2 1 2 4 7 1 1 0 0 2 11 3 12 3 8 4 40 0 0 4 6 2 19 2 4 0 0 2 7 2 3 4 85 0 0 3 7 2 2 2 2 0 0 0 0 1 3 3 35 2 2 4 118 2 2 1 4 1 2 2 8 
0 0 2 7 4 8 1 1 1 1 3 16 1 3 1 35 2 2 5 5 4 14 5 54 1 8 1 193 2 2 2 5 5 7 3 27 3 141 2 8 1 1 2 2 5 12 2 7 6 26 2 16 2 4 2 9 4 37 2 2 0 0 5 7 
2 5 2 19 2 15 1 1 1 1 6 11 4 6 1 1 3 3 0 0 1 1 2 3 4 9 3 3 2 26 1 3 2 2 0 0 2 5 0 0 3 4 2 2 2 2 1 2 3 47 4 32 3 4 2 3 1 14 1 1 3 7 1 11 
2 8 3 3 2 20 1 1 1 2 3 32 2 21 3 5 3 3 2 2 2 9 4 51 2 4 2 16 2 35 1 2 2 3 2 5 1 1 2 23 0 0 2 2 1 2 4 30 2 3 0 0 1 7 4 21 2 7 5 7 5 19 2 5 
1 26 3 3 2 2 0 0 2 22 3 97 3 3 1 1 0 0 3 8 2 10 4 13 2 2 4 9 1 4 4 64 4 8 1 10 3 26 1 1 4 38 1 1 0 0 4 47 2 15 3 3 1 1 1 1 1 15 3 3 4 21 3 11 
1 1 2 44 4 55 2 3 2 2 4 7 1 77 2 27 2 7 10 287 1 1 1 3 2 2 1 1 3 17 1 1 0 0 3 6 6 74 3 3 0 0 3 14 3 17 3 102 0 0 3 9 4 7 2 4 2 152 3 24 1 1 0 0 
2 7 1 8 4 13 1 1 0 0 2 2 2 4 0 0 0 0 2 3 4 11 2 2 4 15 3 5 2 4 5 56 1 4 2 26 1 1 1 1 4 15 2 16 3 5 3 1027 1 1 0 0 4 16 2 4 0 0 1 2 1 5 2 10 
4 7 1 4 1 1 0 0 2 261 5 49 1 1 2 3 3 7 2 21 1 1 5 6 2 12 8 22 3 5 1 1 2 2 2 3 2 2 1 1 0 0 0 0 2 3 1 11 1 1 1 298 2 2 0 0 2 60 1 1 2 4 0 0 
3 10 0 0 3 26 2 3 1 6 2 5 1 5 2 4 1 10 4 11 4 6 4 15 3 48 3 17 1 1 2 2 1 1 4 28 2 10 5 5 0 0 2 50 3 30 2 3 2 3 3 8 1 1 3 6 1 5 0 0 0 0 1 2 
3 33 2 4 2 4 3 5 1 1 1 1 5 19 1 2 1 2 2 10 3 208 2 5 1 1 0 0 2 6 1 13 1 2 3 8 3 22 5 10 5 272 5 6 2 2 1 1 4 23 0 0 6 24 2 22 1 3 2 2 2 10 3 20 
3 31 2 6 3 3 2 6 0 0 0 0 3 3 3 43 2 6 1 1 2 2 3 14 3 4 4 14 2 108 5 196 1 1 1 1 5 15 1 10 2 17 1 1 3 7 2 6 1 1 1 5 2 2 1 1 1 3 2 5 4 8 0 0 
4 33 3 4 3 14 2 10 1 55 2 2 6 333 0 0 2 2 2 11 2 5 0 0 4 22 1 3 0 0 3 13 1 1 4 4 2 5 4 13 2 2 4 11 3 6 6 14 2 11 1 1 2 8 0 0 4 42 3 8 2 2 1 1 
6 11 2 3 1 3 2 37 0 0 4 16 2 4 2 8 0 0 0 0 4 4 0 0 3 5 2 3 1 1 1 1 1 1 3 3 2 2 3 13 4 15 0 0 1 2 2 7 0 0 6 24 0 0 2 3 2 6 1 3 6 106 2 11 
1 1 1 2 2 5 0 0 5 6 2 88 0 0 3 24 1 1 1 6 2 14 0 0 3 3 4 5 5 19 2 4 2 2 2 8 2 6 3 15 1 18 1 2 3 5 4 32 3 38 3 23 5 25 0 0 0 0 2 549 2 4 0 0 
1 8 4 7 4 10 2 7 5 11 1 1 6 108 1 26 4 10 2 93 1 1 4 15 2 14 1 1 3 7 3 126 5 24 2 2 0 0 6 19 3 26 3 6 1 1 4 35 3 72 5 117 1 1 0 0 1 1 5 17 1 4 2 14 
2 3 3 11 2 63 1 1 3 6 0 0 4 15 0 0 4 6 1 1 0 0 0 0 1 4 5 354 1 1 4 13 3 4 3 8 1 1 0 0 1 1 5 31 1 1 2 2 2 2 4 11 1 1 2 2 0 0 2 7 0 0 2 9 
1 1 3 5 0 0 2 2 3 74 3 20 3 159 2 83 2 11 4 7 3 9 2 6 1 1 0 0 2 13 1 1 1 8 2 2 1 46 1 3 1 235 4 9 3 20 3 4 0 0 4 8 5 12 1 1 2 49 1 12 4 13 1 1 
5 16 3 58 1 2 2 2 2 2 2 6 2 2 2 3 3 3 2 7 6 11 3 7 6 8 1 33 0 0 1 1 6 21 3 8 2 6 3 11 3 8 4 4 3 5 4 8 4 6 4 1106 3 6 2 2 0 0 4 10 4 14 4 35 
3 41 0 0 2 54 0 0 2 29 2 6 2 6 1 1 1 31 2 3 1 16 1 1 3 27 3 5 1 4 0 0 2 4 1 2 1 16 1 1 3 14 1 1 1 1 1 5 1 11 2 11 2 7 2 3 3 5 2 4 0 0 4 34 
1 1 3 10 1 7 1 3 2 3 0 0 1 1 0 0 1 1 1 3 2 12 2 3 1 4 5 5 2 5 1 1 2 6 1 2 2 6 1 1 2 3 2 19 1 1 1 3 3 4 1 9 3 3 1 6 0 0 4 8 1 1 2 5 
1 1 3 5 1 4 2 2 2 3 6 8 1 1 2 17 2 36 1 1 4 6 3 16 3 16 1 1 3 16 0 0 0 0 4 7 2 6 3 6 3 7 0 0 1 1 2 8 0 0 1 2 2 4 3 9 1 2 6 28 0 0 2 3 
5 17 3 9 2 4 2 8 2 7 2 8 2 5 2 4 1 1 1 1 1 2 0 0 2 9 0 0 2 2 2 7 1 7 1 36 3 11 1 19 3 221 1 1 2 2 5 23 1 1 0 0 2 2 0 0 2 3 0 0 0 0 3 4 
1 5 0 0 2 27 1 1 5 27 1 4 2 2 0 0 2 31 0 0 0 0 4 4 2 7 1 1 4 7 3 64 4 10 2 3 3 7 1 2 2 18 2 15 2 7 3 9 3 15 3 57 2 14 3 7 2 3 2 4 3 5 1 6 
1 1 3 93 3 7 6 11 2 5 1 1 3 3 1 4 4 6 2 7 2 18 3 6 1 2 0 0 4 15 3 7 3 11 4 27 1 1 6 15 3 6 2 7 1 20 1 2 3 3 3 4 1 1 1 1 2 5 1 1 3 7 1 1 
0 0 5 30 0 0 1 6 4 13 3 13 2 2 0 0 1 7 2 3 3 5 3 142 2 3 1 2 0 0 3 3 8 39 2 10 7 13 3 18 3 43 2 2 4 6 1 11 2 34 4 5 3 34 0 0 3 6 4 61 2 3 0 0 
2 2 2 8 2 8 2 10 1 2 1 1 0 0 3 11 2 28 6 10 3 12 3 49 3 15 2 2 0 0 1 1 0 0 0 0 2 4 5 11 0 0 1 1 2 2 0 0 7 25 5 27 0 0 1 1 2 4 2 26 5 12 1 7 
2 5 3 9 3 3 1 2 3 11 2 4 1 1 3 7 3 119 2 2 1 1 1 3 4 94 4 6 1 25 0 0 4 6 3 8 3 6 7 13 3 8 3 3 0 0 0 0 3 72 2 7 1 1 2 54 2 5 1 7 2 10 2 3 
2 8 0 0 0 0 2 14 1 1 2 2 3 18 2 10 0 0 5 17 0 0 2 3 1 5 4 6 3 9 4 4 0 0 2 6 2 4 1 1 5 12 1 2 1 1 3 35 1 1 1 1 4 7 2 9 2 11 1 37 1 1 1 1 
2 7 3 9 1 8 2 15 0 0 3 28 1 1 4 11 0 0 2 12 3 8 2 2 1 1 3 3 2 17 4 12 3 11 3 77 3 14 2 24 3 3 7 11 1 2 3 7 0 0 3 16 5 6 1 27 3 3 4 26 1 8 6 69 
2 7 3 7 2 3 0 0 3 9 2 10 1 1 2 19 3 8 1 1 1 1 1 2 3 9 2 6 2 9 1 40 4 14 1 1 2 2 0 0 1 1 0 0 0 0 0 0 6 25 4 7 2 4 3 21 2 43 4 43 0 0 1 4 
2 168 1 4 3 7 3 6 1 2 2 3 4 150 1 4 1 1 3 9 3 314 2 2 1 13 4 18 0 0 4 33 4 153 2 3 0 0 2 2 2 4 2 2 1 12 1 7 3 19 5 10 3 16 3 5 2 2 2 3 6 8 5 127 
0 0 6 18 1 1 0 0 2 5 1 13 1 6 4 210 5 36 1 2 2 8 2 25 0 0 2 19 4 106 3 7 1 1 3 4 1 1 2 4 5 8 2 9 2 39 0 0 1 1 2 7 2 21 0 0 3 48 2 40 2 3 5 7 
3 9 2 3 3 10 1 6 1 1 2 3 3 39 0 0 1 4 1 1 0 0 4 6 2 4 2 3 1 2 0 0 3 120 3 6 2 6 0 0 2 9 1 1 4 15 3 121 2 4 0 0 2 7 2 8 2 6 4 16 5 77 3 3 
0 0 3 3 1 1 0 0 0 0 0 0 2 6 3 12 2 2 3 6 2 9 2 9 2 6 2 9 3 3 0 0 3 15 0 0 3 4 2 2 1 1 2 8 4 21 4 6 2 2 0 0 2 2 3 7 0 0 1 1 2 5 2 26 
1 1 4 7 3 9 4 29 3 3 1 2 3 48 2 9 0 0 1 1 0 0 2 10 1 6 6 15 1 1 3 5 3 27 2 2 0 0 3 9 1 1 0 0 1 1 4 18 2 2 0 0 3 9 0 0 2 2 2 2 3 4 2 36 
5 15 0 0 0 0 0 0 2 26 3 3 5 7 0 0 1 1 3 23 3 6 3 43 5 16 0 0 2 2 4 1387 5 10 0 0 4 7 1 1 3 19 0 0 3 31 0 0 4 158 2 9 1 26 3 468 3 3 0 0 1 1 7 24 
2 10 1 25 5 39 7 26 1 1 3 13 6 438 1 20 1 1 5 56 1 2 2 16 1 1 5 7 1 2 2 4 3 24 5 20 3 9 2 5 1 1 2 35 2 4 1 58 2 6 3 6 5 9 5 223 0 0 1 2 7 23 0 0 
1 2 1 1 4 55 4 5 3 3 3 6 2 10 4 32 0 0 2 2 2 28 2 3 1 33 0 0 3 9 2 2 4 15 1 6 2 80 2 23 0 0 2 6 2 2 4 12 2 3 2 15 2 4 3 9 2 10 1 2 1 1 2 3 
4 17 3 59 2 2 2 6 1 7 1 1 0 0 3 11 3 79 2 5 1 3 0 0 0 0 1 6 2 4 1 11 4 19 2 1082 1 1 3 10 0 0 0 0 1 2 4 148 1 4 0 0 1 5 4 22 3 3 1 1 0 0 1 5 
1 2 2 8 3 3 2 4 1 1 3 36 4 9 1 1 2 11 6 24 0 0 3 74 3 9 0 0 2 2 0 0 0 0 1 1 2 4 4 18 1 1 2 4 1 1 1 17 2 3 2 3 5 6 1 1 3 6 0 0 1 1 1 1 
1 1 3 25 3 34 1 8 2 2 1 1 4 13 0 0 3 40 0 0 4 9 1 3 4 27 4 5 1 1 4 39 1 1 2 3 2 10 2 6 2 2 2 2 2 6 2 7 1 1 5 8 2 2 3 96 2 7 0 0 2 2 0 0 
1 10 3 32 1 1 2 4 2 6 5 411 0 0 2 9 2 2 4 4 4 8 3 3 1 1 1 1 1 1 4 4 4 81 3 9 2 3 3 62 1 6 4 28 3 8 4 50 1 1 3 3 3 7 1 2 1 1 4 6 1 4 3 26 
0 0 2 3 1 2 2 15 4 4 3 8 3 5 4 15 2 2 1 2 1 1 1 1 3 15 2 2 0 0 4 100 1 5 0 0 3 17 4 8 3 28 2 24 4 48 1 1 3 449 2 3 4 8 0 0 3 37 1 1 1 1 3 11 
1 2 3 4 6 10 1 13 3 29 4 9 4 13 0 0 1 3 0 0 4 36 0 0 3 4 2 16 2 4 1 1 2 2 0 0 2 17 4 10 4 37 3 18 3 81 1 1 5 96 2 2 3 4 3 3 1 1 1 1 2 8 2 4 
1 2 1 3 2 4 2 2 1 5 5 90 2 8 1 1 2 18 4 9 1 2 4 6 2 2 2 2 3 5 3 21 4 33 2 6 3 109 3 49 2 2 2 2 4 15 2 44 1 1 1 4 3 93 1 1 4 9 3 15 5 11 2 2 
2 2 2 5 3 6 6 17 0 0 2 3 4 7 0 0 3 37 3 5 3 3 2 2 0 0 2 49 2 2 2 99 3 6 1 1 2 8 3 18 0 0 0 0 0 0 1 13 3 5 2 9 0 0 4 25 1 8 1 2 3 8 2 5 
3 3 2 23 1 2 3 9 0 0 4 8 3 5 0 0 2 27 1 205 4 358 1 4 3 12 3 3 0 0 2 2 2 7 1 1 2 14 4 17 2 5 2 20 3 7 3 206 1 1 5 37 1 41 0 0 4 53 4 9 2 17 2 2 
4 11 0 0 2 90 3 6 2 17 3 3 0 0 3 452 4 38 0 0 0 0 2 9 3 11 2 15 2 11 3 14 4 6 3 18 2 12 2 2 1 1 2 22 5 85 1 2 1 1 2 4 2 4 1 1 1 1 0 0 2 15 2 10 
1 2 2 3 2 29 2 2 3 27 2 17 2 2 1 1 5 14 3 486 2 2 2 9 1 2 3 7 2 4 4 7 2 2 3 9 4 18 0 0 2 7 3 3 3 16 3 13 4 335 2 7 0 0 1 1 3 75 2 2 1 1 1 3 
0 0 0 0 2 2 3 4 1 2 1 2 0 0 0 0 4 20 2 15 3 35 2 14 2 3 2 2 4 14 2 2 3 373 2 2 3 7 2 2 2 4 3 7 1 6 3 53 2 67 2 2 0 0 3 46 1 8 4 5 1 28 0 0 
0 0 3 5 2 3 2 19 2 42 1 1 0 0 3 3 2 2 2 19 1 2 3 4 5 65 2 5 5 30 4 6 4 4 2 8 2 13 7 20 1 1 2 2 1 1 3 6 2 2 3 4 2 35 2 10 3 3 2 28 4 11 5 13 
1 1 4 6 1 1 3 13 4 28 3 21 3 23 1 11 2 2 2 2 2 8 2 9 1 1 5 26 1 1 0 0 5 9 2 19 0 0 2 22 0 0 1 19 2 28 3 7 1 1 0 0 0 0 2 229 4 55 1 18 1 1 1 1 
3 3 0 0 2 13 3 10 4 14 0 0 4 10 3 5 3 130 0 0 3 48 2 6 5 20 3 75 1 1 0 0 6 42 0 0 0 0 1 2 3 3 3 10 0 0 3 4 2 6 3 8 3 3 3 47 1 1 2 3 2 11 2 4 
1 1 2 2 2 2 2 11 2 5 1 1 2 5 2 2 1 51 1 1 3 3 2 3 4 10 2 2 3 19 1 1 0 0 1 1 1 1 1 2 2 19 1 1 1 6 4 21 3 34 0 0 1 2 0 0 5 10 1 1 2 2 2 3 
2 27 1 1 1 8 3 7 5 5 1 1 5 16 3 6 2 2 3 10 1 10 2 7 0 0 2 7 0 0 2 5 0 0 1 1 2 37 2 13 2 3 1 1 3 10 2 18 2 31 2 2 2 2 2 8 0 0 0 0 2 4 1 2 
3 20 1 1 6 15 1 1 0 0 2 5 1 3 2 11 5 8 1 1 2 34 1 6 1 4 1 1 0 0 2 2 2 6 2 2 1 60 4 12 1 1 0 0 2 2 1 6 5 13 1 6 3 20 3 9 2 7 5 6 5 13 2 10 
1 1 4 9 3 12 3 19 3 7 2 22 0 0 5 187 1 12 0 0 2 73 1 1 4 34 3 6 2 3 2 4 0 0 1 1 2 10 2 2 1 1 1 1 1 1 1 2 1 1 3 3 5 151 0 0 3 3 0 0 4 38 1 1 
2 145 5 52 4 20 2 3 0 0 3 4 2 3 3 10 1 1 0 0 2 7 3 6 6 14 2 2 2 13 2 7 0 0 0 0 3 47 1 1 0 0 2 9 4 11 1 6 2 6 3 9 3 6 4 7 3 373 2 67 0 0 2 2 
1 4 0 0 4 154 2 3 5 11 6 11 2 6 3 15 3 26 2 3 0 0 0 0 3 3 4 11 4 4 4 17 1 3 4 45 4 39 3 430 1 9 4 11 0 0 3 6 3 7 3 3 4 11 2 2 2 5 1 6 0 0 4 5 
4 31 5 6 0 0 2 2 3 6 1 4 4 9 1 1 1 5 2 7 5 354 4 29 3 12 3 3 3 30 2 19 1 1 4 11 2 5 1 1 1 9 1 1 2 29 2 2 0 0 2 2 1 1 2 7 1 1 1 1 1 8 3 5 
1 2 2 2 2 2 4 4 3 9 3 8 1 5 4 7 0 0 1 3 2 2 3 36 1 6 2 21 3 6 2 27 4 4 3 3 4 13 2 4 1 3 3 4 2 12 1 7 3 72 2 3 1 2 2 5 4 22 3 8 2 3 2 5 
2 6 3 29 3 3 2 2 1 1 2 2 2 4 1 1 3 52 2 4 0 0 3 8 0 0 2 2 1 1 3 7 3 58 1 1 1 1 3 3 1 1 2 2 2 8 1 2 1 22 1 3 3 4 2 6 4 26 5 9 1 3 1 2 
2 3 0 0 2 6 2 4 3 3 0 0 0 0 1 1 1 1 4 20 3 5 0 0 3 10 3 15 4 19 2 60 0 0 2 16 3 5 3 3 3 8 1 1 0 0 1 1 0 0 1 1 1 1 1 2 7 49 1 1 2 36 1 1 
3 13 4 10 3 11 6 61 3 12 2 5 3 6 1 5 2 9 3 11 1 6 3 10 4 7 3 7 4 8 4 4 0 0 4 8 3 9 4 5 1 5 2 43 0 0 3 50 0 0 6 46 2 4 2 3 2 2 2 5 5 12 2 85 
1 1 1 2 1 14 6 11 0 0 4 4 0 0 1 1 3 5 2 2 5 5 1 3 1 2 3 4 2 2 1 1 2 4 4 22 4 7 2 12 1 1 1 1 2 2 2 4 1 1 0 0 3 5 2 23 1 1 4 6 5 6 2 9 
1 1 4 6 3 12 1 1 1 1 2 5 0 0 3 5 0 0 1 1 0 0 3 4 1 100 1 39 3 5 0 0 1 1 2 2 1 10 5 6 2 299 2 5 1 3 4 5 1 1 2 2 2 15 1 16 2 19 4 9 1 1 1 15 
1 1 4 12 1 1 2 5 2 4 3 3 3 24 1 17 0 0 1 1 1 3 3 3 1 1 1 433 3 9 1 50 3 18 2 2 1 3 1 1 1 1 0 0 1 1 0 0 0 0 3 10 2 8 4 19 2 5 1 1 2 7 2 4 
4 5 1 23 1 73 2 15 0 0 2 9 2 3 3 4 3 3 3 11 3 58 4 16 0 0 2 9 1 1 2 18 2 2 0 0 0 0 2 5 1 1 1 1 1 2 2 33 2 3 2 11 1 1 3 9 5 23 1 1 2 7 2 2 
3 4 3 32 3 4 0 0 1 1 2 6 4 13 0 0 1 1 2 259 2 3 2 6 1 4 2 35 6 74 4 79 4 61 3 62 1 10 0 0 1 1 4 238 0 0 0 0 3 22 3 3 2 3 3 43 3 16 2 3 2 7 0 0 
4 24 3 17 2 3 1 10 2 2 1 18 1 1 3 9 0 0 2 160 4 7 1 3 2 2 3 4 1 3 2 2 1 1 2 7 2 7 3 5 1 7 2 2 0 0 0 0 2 6 2 74 5 63 3 16 3 12 0 0 3 17 2 2 
0 0 3 19 1 1 3 21 4 36 2 8 2 2 1 12 0 0 3 4 5 28 1 1 0 0 4 46 2 3 3 5 2 80 4 21 2 2 2 4 1 10 3 4 0 0 2 42 1 1 5 6 5 7 1 1 4 12 6 23 2 3 4 13 
1 7 2 2 1 1 2 3 1 1 3 467 3 15 3 10 4 5 3 5 2 10 0 0 4 33 2 3 2 4 1 1 5 31 5 23 0 0 2 2 4 34 3 11 3 3 1 1 1 1 1 1 2 2 1 5 1 28 1 1 4 15 3 5 
0 0 3 7 2 2 1 29 4 21 2 17 2 4 2 6 3 6 4 12 3 3 1 3 0 0 5 25 0 0 3 3 1 31 1 1 0 0 2 2 2 2 0 0 0 0 2 2 2 5 3 28 4 21 1 3 1 1 3 4 3 8 2 5 
6 19 4 8 1 6 1 18 2 3 8 76 6 48 1 2 2 8 3 5 4 5 0 0 5 15 1 1 3 13 1 1 1 1 2 2 3 7 1 2 6 11 1 1 2 12 3 36 0 0 3 4 3 15 4 13 5 25 2 17 6 355 4 19 
1 1 2 5 2 5 0 0 0 0 4 15 2 2 1 9 0 0 5 13 4 876 0 0 0 0 0 0 1 1 0 0 1 9 1 1 1 1 0 0 3 12 3 5 3 5 1 4 0 0 3 8 3 11 5 23 2 5 0 0 2 33 3 6 
3 13 1 18 3 12 5 31 3 4 0 0 3 4 1 13 0 0 4 20 0 0 4 5 2 7 2 2 3 10 1 1 4 19 1 1 3 40 3 6 1 254 3 49 3 21 3 12 4 27 1 1 2 136 3 48 1 1 1 5 0 0 3 41 
3 6 2 8 1 1 1 1 3 75 4 5 1 1 2 8 1 6 0 0 0 0 3 3 4 4 2 34 2 10 3 4 2 24 1 10 2 43 2 2 0 0 4 39 2 2 1 1 4 11 2 5 1 19 0 0 0 0 1 4 4 6 3 12 
1 1 3 4 3 12 3 29 6 21 1 6 2 2 3 11 3 22 3 3 1 7 1 9 2 2 1 3 2 9 5 340 2 10 1 28 3 3 2 11 2 7 3 34 2 10 1 1 1 3 4 255 1 10 3 9 3 7 1 3 1 10 0 0 
2 71 2 2 4 20 1 1 1 2 4 16 1 1 1 4 3 4 1 11 1 2 0 0 1 4 1 19 3 30 1 1 3 13 1 3 1 5 4 37 3 6 6 6 1 1 2 61 4 19 3 57 2 34 5 27 1 83 5 39 1 2 3 6 
3 7 3 8 3 7 1 1 1 1 0 0 0 0 1 6 3 3 4 9 1 5 2 4 0 0 1 4 0 0 3 6 1 1 1 25 1 1 4 52 3 7 0 0 3 40 2 2 1 105 3 9 2 5 4 10 1 10 1 3 2 6 1 57 
2 21 2 2 0 0 1 10 0 0 3 1464 3 14 2 4 3 19 4 29 2 7 2 548 2 2 4 97 3 25 2 3 2 2 0 0 2 2 2 4 2 2 2 10 3 24 2 333 4 29 2 14 0 0 2 2 2 41 4 34 2 4 2 26 
2 28 2 3 3 70 2 7 6 10 2 6 0 0 0 0 2 3 2 5 3 36 0 0 1 8 3 7 1 1 2 24 3 3 4 10 2 6 0 0 3 41 2 2 1 1 4 13 1 11 3 8 1 1 0 0 1 1 2 267 2 2 2 7 
2 9 3 8 3 12 3 7 2 2 2 2 2 4 4 42 1 4 1 2 3 5 2 7 0 0 4 5 3 4 3 7 3 17 4 6 1 1 3 9 1 4 3 9 2 23 3 5 1 26 3 16 2 2 0 0 2 7 2 2 4 9 0 0 
1 1 5 11 4 31 2 4 2 2 1 1 1 1 0 0 2 2 2 3 0 0 3 4 4 37 0 0 1 1 3 10 4 9 2 2 2 13 3 6 2 16 1 1 3 68 2 7 3 16 1 3 3 29 2 144 5 28 2 9 0 0 2 3 
1 1 1 1 1 4 5 16 1 1 4 13 4 6 3 12 3 43 2 2 2 3 1 1 2 7 5 127 1 1 2 18 1 1 3 4 3 165 4 19 2 4 0 0 1 22 3 4 2 19 2 2 0 0 1 1 1 1 2 2 2 16 0 0 
1 2 2 8 4 6 5 189 2 145 3 8 0 0 2 4 4 56 0 0 1 1 6 63 3 12 1 3 3 22 1 5 2 2 2 32 1 1 2 45 3 5 3 11 2 3 1 1 1 1 0 0 1 1 3 31 1 2 2 22 0 0 1 1 
4 11 2 2 1 4 0 0 4 46 2 3 3 23 3 9 4 7 1 1 1 31 3 20 3 30 1 1 3 29 3 8 4 10 1 1 3 3 4 17 2 2 3 11 0 0 0 0 2 3 2 2 2 2 5 14 2 84 1 1 3 3 4 9 
4 5 2 22 3 4 1 1 0 0 4 6 3 4 5 17 3 19 1 1 3 3 1 1 1 19 2 10 3 40 0 0 2 2 3 9 1 3 0 0 1 1 4 4 0 0 1 1 0 0 4 49 4 5 2 150 1 1 1 3 1 12 2 5 
1 1 3 10 1 4 1 1 1 4 3 7 6 18 1 5 1 3 3 8 1 12 1 2 1 2 2 7 3 18 3 37 2 4 2 61 1 2 5 18 2 4 3 6 1 3 0 0 3 14 5 7 1 1 1 1 2 2 0 0 0 0 1 2 
2 4 2 2 1 5 2 3 2 20 3 10 1 12 3 27 4 9 2 3 4 55 2 3 3 24 3 26 1 1 1 1 4 28 3 30 3 4 1 28 1 1 2 3 3 5 2 5 3 10 1 1 4 10 4 34 1 23 4 16 2 19 3 3 
0 0 2 11 3 10 5 47 2 15 3 4 3 9 1 2 3 21 2 2 2 204 2 2 2 2 3 4 2 2 1 1 4 7 2 2 1 1 3 26 1 1 5 101 0 0 1 1 3 6 2 6 1 1 0 0 1 5 3 3 1 1 0 0 
2 16 4 9 1 1 1 2 2 2 0 0 3 9 4 4 2 16 4 15 7 10 1 1 3 11 3 8 0 0 5 64 1 1 0 0 3 25 0 0 5 17 3 11 2 2 4 25 3 13 4 31 2 5 3 3 0 0 1 30 2 6 0 0 
2 3 1 3 3 9 1 2 1 1 4 9 1 1 1 3 2 11 1 1 1 1 1 1 3 3 2 3 2 9 0 0 1 13 1 37 1 26 3 17 3 6 2 4 2 2 1 6 1 5 1 1 3 9 2 5 2 4 1 3 0 0 2 56 
4 28 3 593 3 40 1 21 5 137 3 3 1 2 1 10 0 0 4 4 3 19 4 13 5 7 4 11 1 6 3 14 2 7 2 2 1 1 0 0 1 1 2 4 2 7 4 31 1 1 3 3 2 4 2 2 3 163 1 4 5 14 1 4 
3 8 1 3 2 22 1 16 3 6 2 9 2 2 4 7 3 5 3 3 2 2 0 0 5 15 1 1 2 2 4 6 3 55 1 10 3 9 3 6 1 1 0 0 1 1 3 8 1 1 1 2 4 22 2 26 4 13 0 0 2 29 1 2 
3 5 3 10 6 40 1 1 1 2 2 16 2 20 2 2 0 0 3 96 4 104 1 11 6 137 3 14 0 0 4 9 0 0 1 33 0 0 5 20 3 26 4 4 2 3 2 4 3 13 2 89 1 1 2 24 2 1743 4 9 2 2 1 1 
3 12 0 0 1 1 4 5 3 6 1 1 1 2 0 0 1 2 4 5 2 2 0 0 1 1 2 11 2 3 0 0 5 61 0 0 5 9 3 26 3 15 4 12 3 8 3 15 0 0 2 2 2 4 4 204 2 1361 3 16 2 14 4 9 
1 1 1 3 1 4 2 4 3 23 6 34 1 1 2 3 5 9 2 5 5 551 2 2 2 6 1 8 2 2 0 0 5 505 1 1 2 7 1 7 4 11 2 8 3 77 1 13 3 7 2 2 2 12 4 19 4 7 4 116 1 1 1 5 
6 13 3 9 1 2 4 5 2 2 3 7 3 4 2 3 3 7 1 5 3 11 0 0 4 19 0 0 3 3 2 4 2 2 3 15 3 22 3 14 2 2 0 0 3 7 3 25 4 34 2 2 0 0 1 1 1 2 2 12 3 6 1 1 
2 5 0 0 4 45 2 12 1 11 4 4 1 1 1 22 2 3 4 27 2 6 3 111 0 0 1 1 2 2 2 4 1 1 0 0 4 10 3 3 4 12 0 0 2 6 1 3 0 0 0 0 3 3 2 6 2 2 1 7 0 0 3 5 
4 35 0 0 1 4 1 1 1 8 2 3 2 15 0 0 1 1 2 2 2 53 0 0 4 26 1 2 3 7 3 23 0 0 1 18 1 13 4 13 2 9 2 2 2 81 0 0 1 10 2 4 2 3 1 2 1 8 2 51 5 160 3 3 
3 3 2 16 1 5 1 4 2 5 6 17 2 2 1 1 1 1 0 0 0 0 3 35 2 6 4 22 4 16 1 2 1 1 3 26 3 9 5 12 4 7 1 1 1 1 3 3 1 36 6 26 2 2 0 0 4 38 2 5 2 3 6 11 
2 2 2 5 0 0 4 8 2 4 0 0 1 5 6 21 3 9 8 11 5 109 2 2 4 5 4 132 2 7 5 13 3 55 2 21 0 0 3 5 1 11 2 7 2 2 2 22 2 15 0 0 1 1 1 6 3 22 1 1 2 27 2 7 
1 1 1 1 4 6 2 221 1 2 0 0 1 1 1 1 4 11 2 3 0 0 3 10 2 2 3 7 5 8 2 4 1 1 2 8 2 2 3 9 1 5 3 20 1 1 2 2 0 0 0 0 1 1 1 6 2 10 3 5 2 3 2 10 
3 191 3 35 1 1 1 1 3 5 1 1 1 2 3 11 2 8 2 7 2 20 1 2 1 3 5 14 2 5 4 4 3 6 0 0 3 3 3 24 4 4 1 20 0 0 1 11 1 1 3 3 1 1 2 22 0 0 2 3 2 4 1 9 
4 4 4 8 0 0 2 4 2 5 2 2 2 29 1 8 0 0 2 6 1 1 2 6 2 5 2 2 2 4 2 13 2 16 4 7 4 53 3 14 0 0 0 0 1 1 2 6 3 4 4 11 2 9 2 49 1 6 6 64 4 12 1 1 
2 17 2 3 2 4 3 3 2 5 1 1 0 0 1 1 3 12 1 1 3 4 1 1 1 1 1 1 1 6 2 2 1 1 3 5 2 6 2 2 3 32 0 0 2 3 3 16 1 37 1 4 1 1 2 9 4 4 3 4 4 9 1 3 
4 21 0 0 5 28 2 27 4 12 1 3 3 5 1 3 2 5 3 18 2 2 4 31 1 1 1 9 2 2 0 0 2 8 2 2 2 10 3 4 2 8 3 4 5 30 2 49 5 14 2 6 1 1 1 1 1 2 4 13 3 24 4 9 
1 6 3 3 1 4 1 1 3 93 1 1 1 1 2 3 2 7 2 5 3 6 0 0 4 37 2 4 2 3 4 6 2 7 1 1 2 2 2 3 2 2 1 2 2 2 2 2 2 36 2 2 4 98 3 3 6 20 2 32 3 4 0 0 
4 22 5 10 0 0 2 2 0 0 1 1 2 5 3 7 2 2 0 0 1 14 5 16 2 4 6 17 3 542 3 8 3 4 1 5 2 5 2 4 0 0 3 23 4 36 1 21 0 0 2 9 0 0 3 5 2 21 1 1 0 0 1 19 
3 5 1 14 7 32 1 1 0 0 2 3 5 8 0 0 3 3 2 4 4 756 2 2 3 8 3 4 1 1 1 1 5 30 2 7 3 3 2 189 4 12 2 3 2 2 4 5 5 42 3 10 1 1 2 2 4 7 0 0 5 8 4 4 
3 30 0 0 3 4 0 0 2 5 1 1 1 1 1 9 1 1 2 2 2 18 1 2 0 0 2 44 3 10 2 7 1 18 2 2 1 1 2 2 5 26 0 0 3 21 2 43 1 1 2 2 5 6 2 14 0 0 1 22 2 8 3 6 
5 15 3 3 1 1 0 0 0 0 1 2 0 0 4 21 4 42 3 4 2 3 2 22 2 6 1 4 4 25 2 2 2 2 2 5 4 18 1 1 2 7 4 6 0 0 2 4 4 5 1 1 4 5 1 1 1 2 1 7 2 11 1 2 
1 8 1 1 0 0 1 2 4 9 1 1 0 0 1 3 4 89 2 2 1 1 2 12 4 13 1 2 2 5 3 12 2 129 3 5 1 5 3 3 1 1 0 0 2 3 1 1 1 8 0 0 0 0 2 5 2 4 2 19 2 3 2 13 
1 1 0 0 1 1 3 5 3 10 3 33 1 2 3 28 2 16 0 0 1 1 4 14 1 1 2 5 2 4 1 1 3 47 3 4 1 13 2 2 3 10 2 11 0 0 2 2 0 0 0 0 3 3 3 15 7 51 1 1 3 67 2 2 
1 2 1 1 2 4 3 27 2 13 4 8 3 36 0 0 0 0 2 8 2 2 3 19 6 12 2 4 1 5 2 7 1 1 3 5 1 2 2 2 5 13 1 1 4 15 1 2 1 17 2 31 1 6 3 6 2 2 0 0 5 53 2 2 
2 6 3 3 1 4 3 3 2 2 3 3 1 3 0 0 4 103 2 10 2 12 3 29 4 5 2 21 2 138 3 23 1 1 4 43 1 3 2 2 1 1 2 31 5 41 5 9 3 3 1 4 4 14 1 4 2 2 2 2 1 1 2 7 
5 15 0 0 1 6 3 3 2 6 1 1 3 5 2 4 1 2 3 35 1 5 2 3 2 2 2 8 1 1 2 8 2 2 1 1 6 34 3 15 2 9 2 3 1 1 5 90 4 13 1 33 4 42 3 12 1 2 1 1 2 4 2 23 
2 6 0 0 3 11 0 0 1 2 0 0 2 2 3 130 0 0 2 18 1 5 2 5 5 11 1 5 3 29 1 5 2 3 6 8 1 1 2 22 1 48 2 9 2 3 1 1 4 14 2 2 2 7 1 1 1 1 1 1 2 2 1 2 
4 32 2 2 0 0 0 0 2 2 2 6 2 5 1 1 4 6 1 3 1 1 1 2 0 0 1 1 3 3 3 62 0 0 3 4 2 83 6 9 2 13 0 0 5 17 0 0 1 1 1 58 3 6 4 11 1 1 2 4 1 9 3 34 
5 15 4 7 2 2 2 7 1 1 0 0 0 0 2 5 1 1 0 0 4 8 2 6 6 37 0 0 2 10 4 13 3 3 2 2 0 0 2 4 3 3 1 1 0 0 2 2 2 2 4 7 3 5 4 15 0 0 2 3 1 1 3 7 
5 35 4 6 1 7 3 14 5 36 2 14 4 5 1 3 3 8 1 1 3 4 2 2 3 13 2 6 1 1 4 7 4 59 1 33 5 14 0 0 3 19 1 1 1 1 0 0 3 4 0 0 3 7 2 2 2 3 0 0 2 2 5 53 
0 0 0 0 1 1 2 4 2 6 1 1 3 80 2 2 1 1 1 1 2 8 0 0 3 7 3 3 1 2 4 13 2 2 3 27 1 1 0 0 5 9 2 4 0 0 4 14 2 3 1 1 3 6 3 8 5 110 1 156 0 0 1 1 
1 4 1 10 3 18 4 14 1 7 2 3 1 1 1 31 1 110 1 1 2 4 8 596 0 0 1 1 2 19 2 6 0 0 3 26 5 12 4 97 5 31 3 29 2 11 1 4 4 33 1 1 3 9 3 12 1 1 2 29 1 14 0 0 
1 1 2 2 2 167 2 2 4 64 3 15 2 8 5 13 5 30 3 31 2 2 3 9 3 4 2 5 7 42 2 49 1 1 3 3 1 1 2 11 1 1 2 2 2 5 2 2 2 10 4 205 0 0 1 1 1 1 3 4 2 2 1 2 
2 11 1 7 2 7 1 1 3 7 4 13 1 1 4 11 3 27 0 0 0 0 5 8 1 2 1 11 3 4 5 19 1 1 4 30 2 23 3 16 1 2 4 25 4 25 2 5 1 11 1 20 2 14 1 20 4 4 0 0 6 24 5 27 
5 90 2 4 2 23 0 0 4 49 2 3 0 0 1 1 3 9 3 10 1 1 4 11 1 1 1 1 2 11 2 9 1 11 4 7 1 1 8 22 3 4 2 11 2 10 2 2 2 10 3 7 2 11 0 0 0 0 5 10 3 4 2 6 
2 13 6 12 2 2 2 2 1 3 3 25 3 12 2 20 4 8 0 0 2 2 2 3 2 3 1 1 2 3 2 14 2 4 2 38 2 2 0 0 2 8 3 63 0 0 2 39 0 0 1 11 0 0 0 0 3 8 2 2 2 3 2 2 
0 0 2 2 3 4 0 0 0 0 1 1 2 7 2 8 1 7 1 1 1 1 2 34 3 4 2 5 1 3 5 39 1 1 2 9 2 2 2 2 2 2 2 18 2 2 2 2 1 1 4 11 1 1 0 0 4 22 4 109 3 27 3 3 
2 12 4 10 1 10 3 4 1 6 2 12 5 41 1 3 4 9 1 2 0 0 2 2 4 28 3 5 3 42 2 24 2 2 1 1 1 2 1 1 2 2 2 60 5 26 3 3 3 5 2 2 1 1 1 15 2 7 1 1 4 10 1 14 
2 3 1 1 1 5 0 0 3 4 6 19 5 45 3 71 2 2 1 1 2 3 2 2 0 0 3 9 4 16 1 1 4 7 4 20 3 75 3 9 1 9 5 7 0 0 1 1 1 18 1 1 2 2 2 2 3 4 2 5 3 11 1 5 
2 17 1 10 0 0 3 132 0 0 4 5 1 2 5 9 1 3 1 1 1 9 1 1 5 32 2 2 3 5 3 28 1 34 0 0 4 11 3 8 3 6 1 1 3 292 3 8 3 10 0 0 3 6 2 11 2 3 6 41 1 5 1 1 
1 6 1 1 1 1 0 0 1 1 4 13 2 3 0 0 1 1 3 7 1 1 0 0 1 1 2 3 1 2 0 0 2 12 3 16 3 3 2 9 3 15 1 1 0 0 4 8 2 3 4 18 2 22 2 8 2 2 4 8 1 22 4 27 
2 3 5 43 3 3 0 0 3 39 1 1 4 149 2 4 0 0 1 14 4 32 2 3 3 21 1 7 3 5 3 8 2 12 2 9 0 0 0 0 1 1 1 6 3 25 1 1 0 0 1 1 2 6 2 2 5 52 0 0 0 0 3 9 
1 1 6 58 1 1 1 1 1 4 1 1 1 5 0 0 1 18 4 16 1 1 1 3 0 0 4 9 2 2 1 5 2 9 1 2 2 3 2 11 1 7 2 5 4 7 2 103 1 9 1 1 1 2 2 37 1 10 2 2 0 0 3 12 
4 80 3 35 0 0 3 30 1 6 1 5 2 13 2 21 2 2 1 1 1 1 2 2 2 4 2 23 0 0 2 3 3 5 2 7 2 5 2 2 1 1 4 12 2 46 1 1 1 5 1 9 0 0 2 2 2 8 1 1 3 78 2 26 
0 0 3 7 5 12 3 79 3 7 2 3 4 11 0 0 5 13 3 7 0 0 1 2 3 10 2 3 6 82 0 0 2 4 2 2 4 14 1 1 3 4 2 24 3 47 0 0 1 1 2 13 0 0 3 7 1 2 1 39 0 0 3 3 
6 20 2 2 2 2 0 0 1 1 4 335 4 26 3 5 1 7 2 15 2 2 3 3 1 13 3 10 2 11 4 15 1 2 1 1 3 10 1 1 2 4 3 33 3 10 1 4 2 2 0 0 3 46 2 5 4 12 2 2 1 1 4 6 
3 36 0 0 3 11 3 27 2 3 2 4 4 4 3 4 3 18 2 7 4 17 0 0 3 34 1 24 2 7 2 8 2 22 4 7 4 4 1 1 5 6 5 40 2 4 3 5 1 30 3 10 4 13 3 4 1 1 0 0 4 14 1 3 
4 12 3 3 1 1 4 17 1 1 2 4 5 23 3 10 2 596 2 9 1 6 1 4 1 9 0 0 0 0 3 22 2 2 2 2 6 14 3 6 3 3 3 21 1 1 0 0 3 11 3 7 3 7 2 2 3 7 2 4 3 29 1 3 
0 0 1 1 0 0 1 3 2 37 0 0 1 5 0 0 1 1 4 33 1 1 1 1 1 5 1 9 2 6 4 31 4 17 0 0 3 11 3 9 0 0 3 3 2 2 3 3 2 2 3 12 0 0 5 24 4 7 4 6 2 2 5 16 
3 19 2 6 2 4 1 3 2 5 3 23 2 2 1 3 3 19 1 1 2 4 3 29 2 10 2 8 2 11 0 0 1 4 2 2 1 8 2 3 2 2 2 2 3 6 3 25 5 29 1 5 1 1 1 4 2 1747 3 13 3 172 0 0 
4 224 4 36 3 11 2 2 0 0 3 7 4 229 3 3 1 121 0 0 4 4 3 4 1 1 3 3 4 7 2 469 3 17 3 3 2 15 3 116 3 4 2 5 3 4 0 0 3 12 2 3 2 2 0 0 0 0 3 13 3 17 1 1 
2 45 5 10 2 43 0 0 4 5 1 2 5 6 6 25 2 9 3 3 3 3 3 5 2 7 2 8 3 6 3 104 0 0 0 0 2 4 0 0 1 1 2 23 2 7 3 11 3 101 2 3 2 9 0 0 4 67 0 0 3 3 2 2 
1 8 2 28 6 12 3 20 2 2 3 7 3 3 4 51 3 23 0 0 2 47 1 2 4 28 1 1 1 1 5 33 2 7 0 0 1 1 0 0 1 2 0 0 2 2433 4 18 0 0 2 21 2 5 0 0 4 11 2 7 2 10 3 20 
3 10 1 1 1 1 1 134 3 5 0 0 2 14 2 6 2 6 3 5 1 1 2 3 1 1 1 1 3 8 1 5 2 2 3 9 2 15 2 39 1 10 3 10 3 5 3 100 5 17 2 5 3 4 4 11 2 2 2 13 3 6 0 0 
2 4 4 43 2 2 1 2 3 3 1 1 3 8 3 4 0 0 2 6 2 2 4 12 1 7 3 7 1 1 1 1 2 4 3 5 1 1 3 7 2 31 2 2 1 4 2 5 2 2 3 61 3 806 2 48 3 4 0 0 0 0 0 0 
3 3 1 1 1 1 2 25 4 16 2 4 4 33 1 1 6 24 5 30 2 3 2 2 0 0 6 74 3 4 1 1 2 4 0 0 4 4 2 2 2 2 1 5 3 6 4 15 3 13 1 1 0 0 4 16 1 5 3 21 2 16 3 26 
2 11 1 1 5 37 2 2 2 2 2 8 1 1 1 1 1 2 1 2 4 7 2 52 1 1 3 4 1 349 4 14 0 0 3 17 5 26 1 2 1 1 0 0 2 18 1 1 2 29 4 14 0 0 4 103 3 13 2 13 1 1 4 10 
0 0 2 4 2 5 1 16 2 3 5 24 3 7 0 0 0 0 2 47 2 80 6 37 2 5 0 0 0 0 4 63 4 215 2 2 1 1 5 27 1 1 2 2 2 4 4 45 2 2 3 10 3 6 1 1 1 1 2 3 2 6 1 4 
4 10 1 1 2 2 1 2 3 13 3 3 5 11 3 3 1 5 0 0 3 63 1 222 3 7 6 8 3 6 1 1 1 1 2 9 0 0 4 32 2 2 2 21 1 9 3 3 3 4 1 1 3 3 3 28 1 8 3 16 1 1 2 2 
2 4 1 1 2 4 2 2 0 0 3 13 3 10 3 4 4 4 1 122 0 0 5 111 2 2 3 5 0 0 3 3 2 2 1 9 2 21 0 0 1 6 3 4 4 9 2 6 2 5 2 624 3 41 3 10 4 11 2 2 3 34 0 0 
0 0 0 0 5 107 2 2 4 5 5 7 2 2 1 23 1 9 5 76 1 1 1 1 0 0 3 56 0 0 0 0 1 1 3 151 2 4 2 4 5 7 2 4 2 11 1 8 2 9 4 16 1 1 1 1 3 7 1 130 1 10 3 12 
2 70 0 0 1 1 1 2 4 80 2 2 5 215 3 1347 3 6 2 15 4 7 0 0 4 6 3 13 2 16 4 46 4 7 1 6 2 4 2 15 3 4 4 54 3 6 4 8 1 6 5 14 4 32 3 45 1 27 2 2 3 9 3 3 
1 1 0 0 1 21 2 7 3 7 2 4 0 0 2 3 0 0 5 37 4 32 4 45 0 0 0 0 3 6 2 52 1 37 1 1 3 6 1 1 3 157 2 3 2 2 2 3 3 3 5 6 2 2 3 3 5 5 2 9 4 20 0 0 
1 21 1 26 3 27 1 3 0 0 0 0 0 0 2 7 2 4 0 0 2 4 1 1 1 1 0 0 4 45 3 8 1 1 1 1 3 97 3 6 2 5 3 5 0 0 1 11 0 0 3 3 0 0 3 3 2 27 0 0 1 5 3 27 
1 1 1 1 2 4 1 2 0 0 2 2 2 3 4 5 4 221 3 26 1 5 5 6 3 3 2 3 3 13 2 6 3 28 3 3 4 7 0 0 0 0 2 13 3 25 1 10 3 21 0 0 2 12 3 5 1 1 2 6 2 121 3 3 
4 16 1 1 3 10 2 5 6 46 5 9 1 10 3 20 2 4 1 1 3 123 4 12 3 296 0 0 3 5 0 0 5 17 0 0 5 20 2 4 3 3 3 14 3 7 2 11 0 0 4 9 2 8 1 1 1 1 2 7 3 23 0 0 
3 144 2 2 1 1 4 7 3 4 2 3 1 4 3 5 1 2 3 6 3 9 3 10 2 2 1 1 3 11 2 38 1 1 3 13 4 34 3 5 4 6 5 20 3 7 2 2 1 1 2 2 0 0 2 32 4 7 3 8 3 4 1 1 
5 28 2 24 5 72 0 0 2 9 2 3 2 11 0 0 2 5 0 0 5 25 2 2 1 1 0 0 0 0 2 4 3 18 2 7 1 19 4 221 1 1 0 0 2 44 2 2 5 9 0 0 0 0 1 1 1 1 0 0 4 12 1 1 
2 5 5 9 3 14 1 1 3 6 0 0 1 104 2 8 1 7 1 1 3 18 1 2 0 0 5 12 2 6 0 0 2 2 1 1 1 1 0 0 1 1 1 1 5 20 3 3 3 25 1 1 4 11 2 4 1 1 1 1 2 5 1 3 
1 5 1 109 1 1 4 4 4 50 4 8 2 23 1 5 1 24 2 3 3 9 1 65 3 8 2 4 1 4 2 3 0 0 1 1 0 0 2 24 3 8 3 3 1 3 2 11 2 8 2 69 0 0 2 2 1 1 3 26 0 0 3 7 
1 1 0 0 2 6 3 20 2 7 3 3 2 2 1 5 5 57 4 6 2 2 1 1 1 3 3 11 1 1 2 29 1 1 0 0 4 4 1 1 2 2 0 0 1 1 4 5 5 76 1 1 5 8 1 15 3 4 3 3 2 10 3 41 
3 10 1 1 1 6 4 1971 2 4 0 0 0 0 7 11 1 2 4 19 0 0 3 13 5 8 2 3 0 0 2 3 1 1 3 4 4 4 0 0 4 93 1 23 1 3 1 13 3 3 3 61 3 7 1 3 0 0 2 12 2 12 1 1 
3 5 2 6 2 255 2 10 4 83 4 4 4 6 1 1 3 5 3 7 2 2 1 206 3 27 3 25 3 68 0 0 3 12 0 0 3 7 7 61 2 2 2 3 4 14 3 6 2 3 3 17 3 9 4 10 1 11 6 8 3 8 0 0 
0 0 4 13 2 12 1 1 2 2 3 16 1 1 1 1 1 5 2 5 0 0 4 4 1 1 2 12 3 112 1 1 3 6 1 2 0 0 1 3 2 2 4 17 2 5 3 3 1 6 3 19 2 4 1 5 4 5 1 1 1 1 3 3 
1 7 3 11 0 0 0 0 0 0 2 5 2 6 2 4 2 5 5 125 0 0 1 1 3 8 0 0 1 8 2 2 1 28 0 0 2 8 3 21 2 2 1 1 2 20 0 0 1 1 4 20 3 66 0 0 2 28 1 1 1 1 5 16 
1 1 1 2 2 6 0 0 2 10 1 1 3 15 0 0 3 10 5 59 1 1 2 2 3 3 1 1 3 13 2 3 3 7 1 1 2 2 3 37 5 16 1 1 1 2 1 1 3 3 2 17 2 2 2 2 4 6 2 2 0 0 4 32 
4 19 1 1 0 0 1 1 2 2 5 9 1 11 2 7 2 6 2 8 5 37 2 2 0 0 4 11 2 43 0 0 1 1 2 12 1 6 3 6 3 26 1 18 1 2 1 1 3 5 2 3 1 1 1 1 2 9 2 4 0 0 0 0 
0 0 2 6 3 11 1 12 4 5 1 45 2 2 1 2 1 1 0 0 0 0 0 0 0 0 1 1 0 0 2 7 2 2 3 12 0 0 1 22 3 5 0 0 1 1 3 6 1 3 1 10 0 0 2 10 1 1 2 10 5 26 0 0 
5 12 5 7 1 1 4 127 1 2 1 1 3 7 3 57 3 26 3 4 4 10 0 0 0 0 4 4 3 4 1 1 0 0 3 4 8 30 2 2 0 0 2 5 5 219 0 0 2 42 3 111 1 1 3 7 3 3 0 0 4 236 3 14 
2 10 2 117 3 10 2 10 2 9 5 43 2 2 2 2 2 12 2 290 3 4 4 43 1 1 1 2 4 10 0 0 7 18 2 2 1 1 1 2 3 12 1 1 5 18 0 0 3 12 2 33 1 5 1 1 2 2 4 124 5 446 3 9 
3 3 3 22 4 11 2 16 1 1 3 43 5 25 2 20 2 3 2 23 0 0 2 2 1 1 2 8 2 19 0 0 4 47 1 1 0 0 0 0 0 0 1 1 1 1 2 5 0 0 1 1 0 0 3 7 1 2 2 12 3 11 3 70 
3 13 3 21 0 0 1 10 2 4 0 0 2 9 6 78 4 10 4 11 4 30 1 2 3 17 2 2 4 24 1 6 1 4 3 24 1 1 0 0 3 29 3 21 0 0 1 1 2 4 3 3 1 7 1 1 4 38 1 1 2 62 2 27 
1 1 1 1 2 21 2 13 1 3 1 1 1 1 6 64 5 8 3 8 0 0 2 158 1 1 1 1 2 6 1 1 0 0 2 9 1 2 4 133 2 23 2 2 1 185 4 8 1 2 3 176 2 3 1 13 2 4 2 3 2 2 2 5 
2 2 2 38 1 14 4 8 1 5 2 5 3 16 4 10 1 1 3 3 5 36 2 19 5 13 3 30 3 3 6 20 2 10 1 1 3 11 1 1 3 6 5 15 1 1 1 3 0 0 2 6 2 2 1 1 2 15 2 3 4 16 2 2 
2 4 3 152 0 0 2 21 4 12 1 1 1 3 1 6 0 0 2 21 0 0 2 3 1 4 3 118 2 2 1 2 0 0 3 10 0 0 5 22 2 5 2 3 2 2 3 14 4 12 3 25 0 0 1 1 3 14 1 4 3 8 1 1 
4 6 3 9 4 135 2 4 6 28 1 3 5 73 4 26 2 2 3 5 3 3 3 5 1 1 1 1 1 4 4 30 0 0 2 16 6 12 1 1 1 1 2 5 3 6 1 1 2 230 1 1 4 626 3 22 1 9 4 9 3 5 0 0 
2 6 2 2 5 54 1 7 1 1 0 0 2 2 3 8 0 0 3 73 2 213 2 10 4 6 2 6 2 2 0 0 2 2 5 7 4 74 2 26 2 12 1 1 0 0 1 2 2 2 0 0 3 5 2 14 3 5 2 2 4 75 2 2 
2 24 1 6 2 29 3 3 3 3 2 2 5 11 1 1 2 146 2 3 3 5 4 16 2 5 1 1 3 4 3 170 5 18 0 0 1 18 2 3 6 63 1 10 2 4 1 1 2 98 4 195 2 2 2 21 1 1 7 42 1 27 0 0 
1 1 1 1 0 0 2 120 0 0 1 2 2 103 3 36 2 28 1 1 3 812 2 4 1 3 4 12 3 3 3 5 3 17 0 0 1 4 0 0 1 3 2 2 3 13 2 305 0 0 3 12 2 10 4 193 4 28 1 13 2 2 3 17 
0 0 4 1174 5 25 1 1 1 1 2 63 2 28 0 0 0 0 3 49 1 1 2 3 1 1 0 0 3 9 4 17 1 1 4 8 1 1 1 1 1 1 4 13 2 3 5 256 3 3 2 2 1 1 1 1 1 1 2 2 0 0 5 6 
3 6 2 6 0 0 0 0 3 5 2 5 1 1 4 39 0 0 1 1 0 0 3 16 2 14 1 1 2 2 1 2 1 1 1 1 3 29 2 2 4 59 2 3 1 1 4 23 2 5 1 6 1 1 2 6 2 2 1 4 6 71 0 0 
2 6 3 7 1 3 0 0 1 4 4 5 0 0 2 18 1 1 3 27 1 1 1 1 4 4 1 1 1 221 2 10 1 1 1 2 3 11 3 123 1 1 2 2 6 28 0 0 3 10 6 104 1 1 0 0 1 1 3 3 2 6 3 3 
2 11 1 2 3 5 3 24 2 3 4 16 3 4 6 9 1 1 2 2 2 17 2 14 1 2 1 8 0 0 0 0 2 7 3 3 5 7 1 2 5 122 0 0 4 7 3 16 2 4 1 2 0 0 1 2 3 5 1 1 2 2 3 3 
2 2 2 3 1 1 2 4 1 1 1 1 1 4 2 6 3 3 2 7 3 13 3 5 3 11 1 1 1 12 1 2 2 10 1 12 5 19 0 0 8 158 1 3 3 133 3 11 2 49 3 54 2 28 0 0 0 0 2 2 3 29 1 4 
1 1 1 1 1 71 3 7 2 2 5 12 3 11 0 0 3 7 3 5 1 1 4 19 2 8 1 1 3 8 1 1 4 8 4 10 0 0 2 21 4 19 4 4 3 5 4 9 2 6 1 12 1 4 3 10 2 2 3 24 1 206 1 1 
3 56 2 3 2 11 3 9 2 10 7 18 4 14 3 20 3 10 3 16 1 1 2 4 2 26 4 35 4 75 1 4 4 4 3 3 4 31 2 2 4 114 1 3 1 6 3 88 1 1 3 55 4 13 2 4 5 6 4 14 4 224 3 13 
2 2 3 8 2 14 2 8 4 10 4 14 0 0 0 0 7 27 1 1 3 30 2 12 0 0 0 0 0 0 1 1 2 9 4 36 3 9 2 11 4 87 2 7 1 5 4 34 0 0 3 11 3 5 2 5 1 1 3 18 0 0 4 37 
1 1 0 0 1 1 3 8 3 16 2 2 2 9 4 21 2 2 3 3 0 0 1 2 2 4 1 1 1 15 3 6 4 18 3 216 1 2 1 2 2 3 2 49 1 1 4 7 3 9 2 6 2 7 2 2 3 4 2 4 3 15 0 0 
2 3 5 34 2 3 2 39 3 6 2 5 1 25 2 5 1 1 3 3 2 101 2 3 1 8 1 8 2 14 2 11 3 59 5 44 2 25 4 3020 0 0 2 17 0 0 2 3 2 7 0 0 3 7 2 9 2 2 1 2 1 1 1 1 
2 27 2 3 2 15 2 2 5 5 1 1 1 1 1 1 1 2 1 14 1 4 1 1 0 0 4 18 1 7 1 1 2 5 2 5 1 1 2 13 2 2 3 3 3 4 1 1 3 14 4 14 2 5 0 0 3 14 0 0 0 0 1 3 
4 58 1 4 5 20 7 75 2 6 0 0 3 40 1 1 3 15 3 7 0 0 3 3 4 107 2 6 1 1 3 28 1 2 2 4 2 2 6 24 6 34 3 3 2 2 4 10 1 1 4 13 2 16 2 2 4 6 2 3 1 10 3 5 
2 2 3 25 2 2 2 2 1 1 1 1 1 1 1 12 1 5 2 13 1 1 3 7 5 14 6 17 4 6 4 17 2 3 1 1 2 38 5 56 2 20 4 5 0 0 2 2 3 8 2 5 1 1 1 1 1 1 2 2 3 6 3 31 
1 8 1 1 2 3 2 9 2 4 3 5 1 1 2 3 1 4 2 4 3 24 1 1 0 0 2 4 6 25 0 0 2 5 0 0 0 0 1 1 2 3 4 40 0 0 2 14 1 1 2 2 1 1 5 7 2 3 1 4 3 27 1 1 
1 1 2 10 2 2 1 20 4 103 1 7 3 4 2 5 0 0 4 17 2 2 3 12 1 1 3 6 3 11 2 6 4 27 1 1 1 1 1 1 3 92 1 4 1 1 1 1 1 1 2 4 1 50 5 16 3 18 1 5 2 7 2 4 
5 33 2 4 2 3 3 3 1 3 2 2 2 12 2 82 1 2 2 8 3 3 0 0 1 4 2 3 0 0 5 8 0 0 1 4 0 0 3 41 3 10 2 2 1 24 1 21 3 15 3 14 5 54 4 4 1 1 1 1 1 4 3 218 
1 3 1 3 2 5 1 1 5 26 0 0 0 0 0 0 1 320 2 2 1 1 2 8 2 3 5 10 1 1 4 9 3 54 4 17 1 1 6 56 0 0 2 10 1 1 3 23 2 4 3 11 4 4 1 1 3 9 2 2 3 4 3 7 
1 5 1 1 3 22 4 17 3 3 4 9 1 5 2 5 1 4 1 1 1 3 1 1 1 45 2 4 1 3 3 9 2 6 4 40 2 5 2 5 3 5 2 4 1 2 1 1 7 9 3 4 5 173 0 0 1 1 3 156 2 10 3 3 
3 8 3 7 2 6 2 16 3 3 4 12 1 3 0 0 2 94 3 4 0 0 0 0 1 52 1 1 2 4 5 10 4 4 1 1 3 3 6 7 2 11 4 31 2 2 3 14 1 2 4 79 2 2 4 93 3 5 3 140 2 2 5 9 
1 2 2 70 1 4 3 19 0 0 3 36 3 7 1 1 1 1 2 430 3 6 3 16 1 3 2 4 3 15 6 50 1 1 1 2 3 93 3 31 1 1 2 7 1 24 2 10 0 0 3 6 2 8 1 4 2 14 2 2 2 4 2 25 
2 5 2 2 2 17 1 1 2 42 1 9 4 4 3 8 1 2 5 52 1 1 2 2 1 1 8 19 1 6 4 21 1 5 0 0 2 11 2 7 1 1 2 6 4 79 2 2 3 105 0 0 2 5 1 3 0 0 4 8 5 16 4 60 
2 11 2 5 1 2 5 29 1 1 3 6 4 26 1 1 1 1 1 2 3 12 2 9 1 6 2 2 2 2 6 32 4 8 5 8 1 35 2 2 0 0 0 0 0 0 3 19 1 1 0 0 2 13 3 8 3 11 1 2 1 3 1 1 
2 3 2 2 4 21 0 0 3 13 2 9 4 426 2 10 0 0 1 6 2 2 2 9 2 3 2 2 0 0 3 9 2 12 4 10 2 3 0 0 0 0 0 0 0 0 4 9 4 5 4 19 4 8 1 76 3 7 1 1 0 0 0 0 
6 64 1 5 2 11 2 10 2 2 0 0 2 5 2 8 2 9 2 2 4 4 2 8 3 50 5 45 3 3 1 1 4 9 1 1 5 13 3 18 1 6 4 7 0 0 2 16 5 26 3 7 2 4 1 1 0 0 1 1 3 17 1 3 
1 3 0 0 3 26 0 0 0 0 2 8 1 1 1 1 1 1 4 30 0 0 0 0 1 1 2 4 2 6 1 5 1 1 0 0 3 7 2 17 3 21 2 3 2 5 2 13 0 0 0 0 2 5 2 2 3 9 1 5 2 4 1 3 
4 21 2 23 4 102 3 33 3 4 1 1 0 0 2 9 3 22 0 0 2 6 2 18 1 9 1 1 2 8 2 5 2 174 2 2 2 8 1 1 2 5 2 621 1 47 5 15 2 10 2 3 2 13 2 48 3 9 3 3 3 24 2 3 
2 2 1 1 1 1 2 6 1 3 5 27 1 1 3 5 3 4 3 4 1 1 1 1 6 13 2 2 1 4 6 10 4 13 0 0 2 2 0 0 3 234 3 3 3 68 3 7 1 1 0 0 2 2 3 8 2 2 3 8 1 1 1 3 
0 0 1 26 0 0 0 0 0 0 1 4 2 3 0 0 0 0 1 7 4 8 0 0 4 5 3 14 2 3 2 3 1 59 6 271 2 22 2 3 2 4 6 28 1 1 2 5 1 1 1 1 0 0 0 0 0 0 2 21 3 7 1 1 
3 8 2 6 3 5 0 0 3 11 1 1 4 8 4 24 0 0 1 2 2 4 3 19 2 4 1 1 3 7 0 0 5 6 2 2 0 0 1 99 3 6 1 2 3 8 3 24 4 12 2 29 5 129 0 0 2 2 6 12 5 199 2 9 
2 2 3 4 3 18 3 9 1 1 1 16 2 2 4 13 0 0 2 4 1 95 2 31 2 32 3 17 2 24 1 1 3 4 1 2 2 4 3 10 3 28 1 4 1 7 3 3 1 1 2 5 2 144 3 3 2 11 3 8 0 0 1 1 
1 1 3 6 1 1 1 1 4 18 1 5 4 13 1 7 3 5 4 16 1 1 1 6 2 7 4 67 3 8 2 3 4 6 2 4 1 1 2 179 1 44 1 1 2 20 3 7 1 6 2 2 3 4 3 3 3 43 3 3 2 13 2 27 
4 7 3 74 1 2 2 2 4 103 3 41 1 1 5 13 2 15 1 1 2 21 4 9 0 0 1 3 1 2 3 25 0 0 8 21 2 8 2 3 3 77 5 14 4 8 2 13 3 5 3 13 2 14 2 2 2 4 2 3 2 20 1 5 
2 10 0 0 3 7 4 24 2 2 2 3 0 0 4 12 3 15 7 15 4 6 2 9 2 65 4 36 3 15 1 1 2 409 0 0 1 3 2 2 1 5 3 16 0 0 3 6 2 394 1 3 5 12 3 10 4 158 1 3 4 15 1 24 
1 1 3 10 0 0 1 1 2 2 1 1 4 29 0 0 3 8 3 3 4 5 3 10 2 2 3 225 2 8 2 25 3 4 2 4 3 8 2 2 3 4 0 0 2 159 5 23 0 0 2 2 1 3 2 48 0 0 2 11 3 4 2 3 
3 8 4 13 1 5 4 55 2 10 2 93 4 18 3 16 3 73 3 39 3 5 3 4 5 11 3 3 3 8 3 19 2 2 4 116 0 0 1 1 0 0 0 0 4 10 3 9 4 11 0 0 1 8 2 6 2 11 2 9 3 3 2 13 
2 4 3 13 1 1 4 45 4 12 4 68 1 1 1 43 2 2 3 134 3 24 2 5 0 0 1 1 3 7 1 20 3 56 3 5 2 7 1 1 2 6 2 5 2 14 1 1 3 17 2 11 1 17 1 1 3 138 2 3 1 28 4 32 
1 7 2 3 1 4 4 6 3 44 1 1 2 8 4 15 2 4 1 1 7 54 1 1 2 6 3 99 1 2 0 0 2 3 3 98 3 21 4 8 2 4 0 0 1 698 1 2 4 10 4 5 2 6 3 9 4 9 1 1 2 13 3 49 
6 13 1 1 2 180 1 103 3 11 1 1 2 5 0 0 5 17 3 5 0 0 0 0 2 33 2 54 4 4 0 0 2 2 2 3 3 8 2 3 4 44 1 1 1 1 2 2 0 0 2 5 2 2 3 5 4 6 4 14 1 16 2 2 
1 7 3 3 3 67 3 3 4 30 4 4 1 13 4 7 1 21 2 21 0 0 0 0 0 0 2 2 1 1 6 20 3 12 1 5 1 17 2 2 1 2 1 1 1 1 2 145 3 6 1 1 5 46 3 12 3 55 1 1 2 5 2 6 
0 0 4 8 1 1 0 0 3 3 2 2 2 4 3 67 2 2 1 1 1 1 1 2 1 2 4 10 0 0 1 1 2 7 3 3 0 0 3 171 2 2 1 2 2 131 2 4 2 31 1 2 3 4 1 81 3 8 0 0 4 15 1 2 
2 4 5 12 2 2 4 28 2 2 2 4 2 2 1 3 3 4 1 1 2 3 3 11 2 2 4 36 1 3 2 3 4 14 3 8 2 2 2 2 1 2 2 24 2 5 3 4 5 247 1 1 3 108 0 0 7 29 1 1 3 12 3 38 
3 5 2 2 2 8 3 5 2 28 2 7 1 5 0 0 1 12 3 8 4 5 2 4 1 1 2 34 3 3 1 1 5 16 2 2 3 6 4 12 0 0 3 9 1 1 2 9 2 10 2 2 3 53 3 5 2 4 2 4 2 3 2 4 
3 6 3 8 1 1 1 1 0 0 1 1 1 4 3 16 2 2 1 1 2 2 5 7 2 19 2 5 1 2 2 71 3 39 0 0 2 4 3 3 1 1 1 1 3 5 6 25 3 4 5 10 2 3 4 9 5 40 2 2 2 28 4 41 
1 1 3 8 1 2 3 12 1 1 4 4 1 6 0 0 1 1 1 1 4 8 5 12 3 11 1 1 3 6 5 129 2 22 2 6 2 2 2 7 1 1 1 2987 5 8 0 0 3 7 1 1 1 1 4 4 0 0 1 7 3 15 2 3 
1 1 2 8 3 12 3 16 0 0 1 1 2 2 4 18 0 0 1 17 3 35 4 20 5 10 2 2 3 86 0 0 1 6 0 0 3 9 2 2 3 6 3 21 1 3 1 1 0 0 0 0 1 1 1 5 3 16 3 4 1 2 2 8 
3 17 1 4 4 6 1 1 2 18 1 1 2 6 0 0 1 1 1 1 5 36 0 0 1 19 1 3 4 17 1 3 4 7 1 13 1 4 3 36 2 2 4 9 3 3 2 20 6 57 4 5 4 13 0 0 1 5 1 6 1 28 3 42 
4 10 1 1 1 1 0 0 2 17 4 9 2 7 3 17 2 2 1 1 1 18 2 4 3 5 1 1 4 8 3 8 2 8 4 13 1 54 5 81 3 5 4 8 4 5 5 40 1 42 2 18 4 24 2 49 1 11 3 8 2 4 1 39 
0 0 3 6 3 4 2 83 0 0 0 0 2 2 3 27 2 101 2 8 2 11 2 2 3 6 2 5 2 7 1 2 5 37 4 27 0 0 5 21 2 78 4 26 0 0 2 3 2 10 1 1 3 10 2 12 2 39 1 2 3 5 3 21 
3 3 3 4 4 8 2 9 2 4 4 13 1 1 2 7 2 4 2 17 0 0 8 68 1 4 1 1 4 5 0 0 0 0 2 3 1 5 1 6 1 1 1 1 4 4 0 0 5 13 0 0 6 26 2 24 1 1 2 3 2 118 1 1 
1 1 3 10 4 6 5 12 1 1 3 3 2 26 1 2 3 12 4 19 2 2 1 6 0 0 2 2 3 6 2 2 0 0 3 3 3 5 2 2 2 2 2 7 0 0 3 4 2 4 2 2 1 1 3 6 2 5 2 3 2 152 2 47 
4 19 4 36 3 16 3 3 2 292 0 0 2 2 1 1 3 37 2 3 0 0 1 2 2 2 2 20 3 4 3 8 3 20 0 0 1 1 4 316 2 5 0 0 1 1 1 1 2 2 0 0 3 4 2 4 4 18 0 0 0 0 2 33 
2 12 2 5 0 0 3 45 2 9 1 1 1 1 0 0 1 3 3 25 2 5 3 93 4 77 2 2 4 19 1 1 1 1 2 16 4 19 4 5 0 0 3 9 1 2 1 1 2 4 1 1 2 10 3 6 1 1 0 0 1 44 5 7 
2 11 3 7 2 13 3 10 3 45 5 39 4 22 4 12 2 2 3 7 2 7 1 1 1 1 5 21 3 10 4 32 3 6 2 73 0 0 4 32 2 5 2 7 5 46 2 2 1 18 4 6 4 64 5 5 2 3 3 5 1 1 2 6 
1 2 3 4 3 7 4 11 2 10 3 3 2 11 2 2 2 3 3 5 2 6 2 3 2 2 4 4 2 2 5 35 0 0 6 14 2 3 0 0 1 1 2 2 3 14 4 28 3 20 4 6 2 38 1 1 1 8 0 0 2 6 2 5 
3 7 2 9 3 27 0 0 2 2 4 9 0 0 3 5 3 4 0 0 6 31 2 2 0 0 3 4 2 642 4 46 3 31 2 10 5 316 4 5 1 1 2 18 4 16 5 8 2 2 1 1 1 2 1 1 2 3 5 409 1 40 4 5 
2 2 2 3 3 15 3 120 3 4 3 19 3 12 1 1 1 1 2 2 0 0 1 2 6 47 4 20 3 11 2 10 0 0 0 0 3 9 1 19 1 1 1 1 2 21 0 0 2 7 3 18 2 10 2 9 1 22 1 1 2 10 1 1 
3 3 2 6 3 7 3 25 1 2 0 0 3 8 1 9 1 49 2 5 3 5 3 180 4 8 1 1 2 7 1 15 1 7 1 1 2 5 4 4 4 19 1 1 2 9 3 6 2 3 3 15 1 1 2 18 2 2 3 10 3 11 2 7 
2 4 0 0 2 6 6 23 8 26 3 133 0 0 1 10 2 13 4 7 2 3 2 2 4 8 3 11 2 4 2 6 0 0 0 0 1 2 0 0 1 1 1 5 0 0 3 6 4 9 5 19 2 3 9 290 3 5 3 9 2 2 4 8 
1 1 2 134 5 13 4 118 1 1 2 4 2 10 3 4 0 0 1 1 1 1 1 1 2 2 2 5 3 6 3 11 2 13 4 61 1 18 1 2 0 0 2 6 3 4 1 3 2 2 3 9 1 1 1 14 5 12 4 80 3 11 4 11 
1 1 3 10 2 7 2 15 1 2 5 5 3 4 3 10 3 25 2 2 0 0 1 1 1 6 2 3 1 1 1 1 1 1 5 33 0 0 1 1 3 4 1 1 1 3 4 38 3 4 1 7 3 4 3 9 3 88 2 31 1 1 1 1 
0 0 3 1993 5 10 0 0 1 1 0 0 2 4 1 1 2 7 2 2 1 1 0 0 0 0 3 18 3 99 4 9 2 12 4 5 1 1 1 1 4 24 1 1 3 22 2 4 2 2 1 195 2 19 4 26 4 6 2 6 2 3 3 7 
0 0 1 1 3 3 6 942 1 1 5 24 2 4 2 6 4 25 0 0 3 15 3 7 1 1 4 8 3 5 2 2 2 6 1 1 1 1 1 2 4 26 0 0 2 16 3 18 2 2 2 2 1 27 3 3 1 2 1 1 2 19 1 1 
2 21 2 31 0 0 5 12 1 34 5 7 0 0 4 12 4 4 2 8 1 1 1 1 2 5 0 0 0 0 1 1 1 22 4 249 1 6 0 0 2 2 3 8 0 0 0 0 3 13 2 8 2 275 1 1 2 2 1 1 2 13 3 11 
2 15 2 2 5 10 2 3 1 1 1 3 4 9 6 7 3 4 1 1 2 6 2 79 2 3 1 1 6 24 2 10 1 3 0 0 1 5 2 7 4 13 2 2 0 0 4 6 2 19 1 1 2 2 3 8 2 6 1 1 3 43 2 19 
1 1 2 3 4 8 1 1 1 1 1 21 1 5 0 0 2 5 4 11 2 9 0 0 1 1 3 3 2 4 4 35 0 0 1 1 2 2 1 1 1 2 4 4 1 87 1 5 1 1 2 3 3 15 1 3 4 23 2 6 4 12 1 2 
2 4 1 1 2 2 3 6 2 66 5 98 2 2 1 1 2 15 5 135 1 1 1 1 1 6 2 2 1 1 2 2 5 548 0 0 1 6 2 25 3 9 3 4 4 25 2 2 2 11 2 4 1 3 1 1 0 0 2 2 2 6 1 6 
1 1 2 9 5 84 1 34 0 0 4 18 2 4 0 0 1 4 4 11 3 10 5 17 4 14 1 1 2 6 1 1 1 1 2 3 2 40 0 0 2 5 0 0 3 7 4 6 2 6 0 0 4 49 3 18 1 2 1 1 1 8 1 2 
0 0 1 3 6 8 1 6 3 17 4 8 4 21 2 3 2 2 2 11 4 35 2 43 2 2 3 11 1 2 2 2 3 4 2 5 2 8 2 19 1 1 1 4 4 36 1 5 1 2 2 3 1 40 3 6 2 10 2 9 1 1 1 8 
0 0 2 14 1 1 1 2 1 5 0 0 1 2 2 3 1 1 2 5 1 1 1 1 4 14 3 3 0 0 1 1 0 0 2 7 5 26 3 135 1 1 3 4 0 0 0 0 4 16 3 3 2 17 2 4 3 3 3 3 0 0 3 3 
3 7 1 38 1 106 4 6 1 1 1 25 2 4 3 12 3 3 0 0 2 10 2 4 2 2 3 32 2 3 1 1 1 20 1 1 1 1 2 125 1 1 2 4 0 0 3 13 0 0 3 13 0 0 3 4 3 38 0 0 1 1 1 1 
2 11 1 1 2 3 1 7 0 0 4 8 1 10 1 1 0 0 4 13 2 9 2 2 2 3 3 5 1 1 1 1 1 1 3 8 3 14 3 16 1 1 3 10 2 2 4 26 2 8 2 2 2 2 1 20 3 34 5 14 2 2 3 15 
2 2 1 1 2 15 0 0 2 6 2 12 3 12 1 1 3 5 2 4 0 0 1 1 4 4 0 0 1 1 4 7 3 5 1 1 1 1 4 8 1 1 4 17 2 6 0 0 3 7 3 6 4 28 0 0 4 7 2 2 2 2 3 24 
1 2 3 10 1 1 2 3 0 0 1 1 0 0 2 5 1 2 0 0 2 2 2 3 1 2 5 106 1 1 1 12 2 31 1 1 2 11 1 6 2 2 0 0 1 16 2 7 2 11 1 1 0 0 1 2 2 6 1 4 1 1 2 124 
1 26 4 6 4 5 2 6 2 25 1 1 2 2 1 1 0 0 2 4 3 4 2 2 3 3 2 14 1 12 0 0 1 1 1 1 2 3 0 0 3 27 0 0 1 3 3 8 1 1 3 3 1 1 3 3 1 2 1 2 4 21 0 0 
2 10 1 5 4 6 4 16 3 47 3 142 3 12 2 2 0 0 5 9 4 17 1 1 1 1 0 0 0 0 0 0 0 0 1 1 1 1 1 1 2 3 3 14 2 8 4 36 3 11 2 10 0 0 4 10 1 2 2 2 1 1 2 2 
0 0 2 284 2 44 5 12 2 2 0 0 3 7 3 55 3 209 0 0 0 0 0 0 3 15 2 2 2 4 0 0 1 1 3 7 6 13 1 5 2 2 3 30 1 6 1 1 1 2 2 6 2 6 4 19 2 3 0 0 2 21 2 2 
3 8 0 0 1 2 1 1 1 4 1 1 0 0 2 2 0 0 5 15 1 1 1 6 4 47 0 0 2 2 3 5 1 29 1 2 6 26 3 33 4 9 2 6 3 4 3 18 5 8 3 4 2 2 3 8 0 0 1 1 0 0 6 9 
4 7 3 12 1 4 1 1 3 8 2 8 2 10 3 3 1 41 2 3 2 5 2 20 3 87 2 4 1 8 2 37 2 3 0 0 1 1 2 71 7 38 4 5 2 4 6 36 1 6 5 39 5 8 0 0 1 1 1 1 4 5 2 2 
1 12 1 11 2 2 1 1 1 1 2 6 4 4 3 3 0 0 2 2 0 0 1 2 5 18 1 1 2 3 0 0 1 1 3 20 3 80 2 11 2 5 0 0 3 23 2 6 2 23 2 2 2 2 1 1 0 0 0 0 3 26 3 21 
2 2 0 0 1 2 1 3 2 7 4 14 1 3 1 2 0 0 4 16 1 2 0 0 1 5 1 1 0 0 2 5 2 3 4 11 1 5 2 3 4 9 3 6 0 0 4 5 4 13 0 0 3 12 0 0 5 9 1 1 1 2 1 1 
2 5 2 3 3 35 0 0 2 17 1 13 4 5 0 0 1 5 3 75 3 372 3 37 1 19 3 23 4 48 0 0 1 6 1 1 3 44 2 11 1 1 3 11 3 12 2 23 3 1453 0 0 4 9 4 26 2 2 1 1 0 0 2 22 
6 329 1 3 0 0 2 3 1 717 2 20 0 0 2 2 2 2 4 23 2 2 5 19 2 142 3 8 0 0 1 58 3 4 1 1 3 7 1 1 2 71 2 2 3 3 1 6 2 9 1 25 0 0 0 0 5 16 3 11 0 0 0 0 
4 5 2 2 4 31 1 1 0 0 1 1 2 2 2 14 3 11 2 9 1 1 5 7 1 7 0 0 7 40 0 0 2 4 2 2 3 8 4 8 4 9 1 3 3 18 2 5 1 1 5 18 4 6 1 6 0 0 2 6 1 2 2 3 
5 8 3 68 4 84 1 1 3 44 4 6 3 36 0 0 1 1 4 11 5 8 1 1 2 2 3 3 1 1 3 144 2 5 1 1 2 2 3 8 3 6 3 46 0 0 2 2 3 30 3 8 3 3 5 6 2 8 1 1 4 8 2 4 
0 0 3 23 4 18 2 27 5 8 3 13 3 5 1 2 3 7 2 12 1 1 1 3 1 5 1 1 1 9 5 55 2 2 1 10 2 3 3 5 3 31 2 3 4 39 0 0 3 104 3 18 4 28 5 6 1 5 1 2 2 2 2 3 
3 6 3 5 4 17 2 2 2 3 3 4 4 11 2 3 2 23 3 6 3 35 0 0 4 14 4 4 4 5 5 229 1 1 3 47 2 2 1 3 1 1 3 23 4 9 3 9 2 2 3 5 1 1 3 9 1 1 0 0 3 5 3 9 
1 6 2 8 3 4 1 6 1 3 1 1 1 7 2 2 0 0 1 1 3 14 0 0 1 6 2 8 2 3 4 10 1 20 2 2 3 13 1 1 1 1 2 2 0 0 1 66 2 8 3 4 0 0 0 0 1 968 3 55 3 3 2 6 
4 8 1 6 3 10 3 3 1 2 5 20 1 1 0 0 1 1 1 1 0 0 3 3 2 24 2 7 1 1 2 3 3 5 2 29 0 0 5 23 4 11 6 43 1 6 3 3 1 1 1 1 2 10 4 26 0 0 4 6 4 15 3 332 
2 2 2 6 4 17 1 3 0 0 2 207 0 0 4 15 3 18 2 8 3 4 4 7 3 6 2 4 1 5 2 3 2 2 2 24 5 56 3 28 1 1 3 3 1 1 5 15 2 631 0 0 1 1 1 4 3 10 3 8 3 280 1 1 
2 3 1 5 1 6 3 58 2 2 3 7 4 10 2 7 2 5 2 15 5 9 2 2 2 4 1 7 1 11 3 425 0 0 1 1 1 1 2 133 3 39 2 9 1 2 3 225 3 6 1 5 1 5 3 3 1 1 1 1 2 18 5 30 
2 117 2 6 4 10 3 128 4 4 4 18 0 0 0 0 2 2 4 4 0 0 2 6 0 0 0 0 0 0 3 8 3 7 1 1 1 6 5 214 2 12 3 24 0 0 2 3 0 0 0 0 2 2 0 0 4 7 3 14 5 15 2 2 
1 1 1 1 5 11 2 4 2 3 1 2 1 2 0 0 3 26 1 1 2 2 2 5 3 19 2 2 2 5 1 14 2 3 1 1 2 2 1 3 1 2 1 1 2 7 1 1 2 5 2 6 1 1 5 9 4 15 4 12 2 3 4 57 
2 5 3 9 3 7 6 29 2 11 4 6 3 93 2 2 1 1 1 8 0 0 0 0 2 46 0 0 1 3 3 7 1 1 1 5 0 0 0 0 4 4 5 7 2 3 5 18 2 4 3 13 2 10 2 10 1 55 2 4 2 10 0 0 
1 1 1 9 4 17 5 6 1 1 2 2 4 69 7 24 2 5 1 28 0 0 0 0 0 0 1 83 1 1 2 6 4 7 6 24 5 143 3 3 1 1 2 2 3 8 2 2 4 21 1 7 1 1 2 29 3 3 0 0 5 7 0 0 
2 6 0 0 1 1 3 9 2 7 4 27 2 9 3 48 4 13 2 2 2 294 3 1470 0 0 1 1 0 0 4 6 2 12 3 3 3 3 2 8 1 2 3 150 4 6 1 1 3 117 4 20 1 1 3 2585 2 7 2 2 1 13 1 2 
3 27 3 7 2 2 2 34 2 2 2 14 0 0 0 0 3 3 4 12 2 62 3 5 1 1 3 3 4 19 3 311 0 0 2 8 1 93 3 5 0 0 0 0 3 89 2 99 4 7 4 18 3 60 3 14 2 11 1 1 4 6 4 8 
1 1 5 19 3 3 1 14 3 6 1 1 0 0 0 0 1 1 1 1 3 13 4 50 1 2 2 16 2 2 4 38 0 0 2 6 0 0 3 3 0 0 4 5 3 19 4 10 1 1 1 83 2 2 1 1 7 42 6 47 2 25 5 17 
5 23 2 7 0 0 1 7 3 4 3 4 0 0 2 21 2 2 0 0 3 6 2 6 2 7 4 15 0 0 4 9 3 16 2 2 4 4 0 0 1 1 0 0 3 23 0 0 4 9 1 3 3 7 4 19 7 16 0 0 3 28 3 41 
4 5 2 27 3 29 2 4 0 0 0 0 1 2 0 0 4 13 1 9 1 2 2 2 1 3 2 37 2 5 2 5 1 1 3 4 1 1 3 24 2 9 2 69 3 11 1 2 1 1 2 36 2 3 3 81 2 4 2 9 0 0 3 36 
0 0 8 196 3 3004 1 8 1 1 3 32 0 0 6 37 2 6 2 2 2 2 2 2 1 1 0 0 3 6 0 0 1 1 1 4 3 10 2 10 3 10 1 2 1 26 0 0 3 3 2 3 2 2 1 1 1 9 3 6 4 12 1 14 
3 93 2 2 2 6 4 17 2 11 2 5 2 2 0 0 1 32 1 1 1 2 0 0 1 5 1 11 1 1 2 25 1 1 2 9 4 11 5 55 4 37 1 2 1 1 3 7 2 3 3 32 4 5 0 0 1 1 1 1 4 11 3 4 
3 217 1 2 0 0 3 7 2 2 0 0 1 1 1 1 3 10 2 9 1 17 5 5 1 3 0 0 2 18 2 5 2 2 3 5 3 29 2 4 5 124 3 8 1 6 5 8 3 18 2 13 3 13 3 16 2 4 1 1 2 6 4 30 
3 6 3 3 4 12 1 31 2 2 2 18 2 6 4 15 1 31 2 8 3 14 1 1 5 19 1 10 4 4 1 1 5 15 1 1 1 118 1 7 1 1 2 12 1 1 1 1 0 0 2 3 4 40 2 3 2 15 4 58 4 4 3 4 
5 42 3 925 4 9 2 2 2 2 1 1 4 6 3 3 0 0 1 1 0 0 3 14 3 42 4 5 1 17 0 0 3 7 3 8 2 4 2 12 1 1 0 0 3 45 2 77 4 353 1 1 1 11 2 3 2 2 3 3 4 13 2 29 
1 12 2 19 1 2 4 13 1 2 3 19 5 8 0 0 3 4 1 5 6 43 1 1 2 3 0 0 1 2 1 2 2 21 1 1 3 1239 2 2 1 2 2 7 1 11 0 0 6 8 1 32 3 8 4 11 4 5 4 11 3 5 2 4 
4 30 2 20 1 1 2 27 2 6 3 13 0 0 4 33 1 1 2 12 2 3 2 11 4 36 1 1 3 129 3 14 2 13 0 0 1 1 3 8 3 263 1 1 2 238 5 28 2 5 5 11 2 2 1 1 4 8 1 1 2 6 3 3 
2 4 2 3 3 10 2 3 2 2 3 6 2 172 6 13 4 13 4 24 1 1 4 10 0 0 3 4 2 11 0 0 4 6 1 3 2 2 3 8 0 0 3 10 0 0 1 1 4 13 2 11 4 48 3 21 3 72 0 0 2 2 1 1 
0 0 3 17 1 1 2 3 0 0 3 4 3 41 1 1 2 2 3 5 4 25 1 5 3 11 2 7 1 1 1 1 3 15 3 3 3 5 1 1 1 1 1 1 5 5 2 9 2 3 2 31 1 1 3 14 2 760 2 4 1 7 5 19 
1 2 4 75 5 27 1 1 2 5 1 1 3 3 4 23 0 0 1 25 1 1 1 2 2 2 2 2 2 19 1 2 4 19 0 0 1 5 0 0 2 7 3 65 2 9 2 6 3 3 3 13 2 9 2 3 0 0 0 0 6 40 1 1 
2 5 2 137 1 1 5 38 4 24 3 9 3 19 3 16 4 16 5 10 1 3 2 2 2 24 3 20 3 34 2 4 3 9 0 0 3 7 1 6 2 5 1 7 4 60 2 2 0 0 3 3 1 1 1 1 1 1 3 3 0 0 1 1 
0 0 6 9 1 39 4 7 2 2 4 60 1 1 3 4 2 2 3 8 4 4 4 13 4 16 2 7 1 1 2 2 3 5 3 9 1 1 1 1 3 4 0 0 2 8 2 3 6 9 2 12 4 17 6 12 2 3 3 4 2 10 1 4 
4 20 3 4 1 2 0 0 0 0 1 5 8 93 1 1 0 0 1 3 2 5 2 2 3 3 1 1 5 8 4 4 3 8 1 4 2 29 1 1 2 2 2 3 1 3 0 0 2 6 1 1 3 8 3 4 2 31 3 17 1 1 2 5 
3 27 1 1 4 9 2 5 1 15 2 8 4 116 1 1 2 11 4 12 1 1 2 30 2 4 1 1 3 3 2 2 0 0 0 0 1 2 4 348 0 0 2 18 2 2 1 1 6 9 3 21 3 29 3 5 2 26 2 6 2 5 2 3 
0 0 1 4 3 13 2 13 1 3 3 11 4 6 4 5 0 0 1 8 1 1 2 5 0 0 1 2 2 10 3 13 3 13 0 0 3 4 2 4 0 0 2 4 4 6 3 4 1 1 1 25 5 14 0 0 3 302 3 9 2 2 2 2 
2 14 2 8 1 1 2 5 4 19 2 2 0 0 3 5 4 22 1 1 3 13 4 25 2 2 2 2 2 28 0 0 2 5 1 1 1 1 2 2 3 21 2 7 0 0 0 0 1 1 1 2 2 2 0 0 0 0 7 33 1 2 1 25 
4 29 4 8 5 7 0 0 2 2 1 1 3 16 2 6 3 11 4 153 2 3 2 3 0 0 3 9 1 6 5 10 3 9 2 2 4 32 0 0 2 11 2 12 2 4 4 4 0 0 0 0 2 2 4 9 1 8 1 1 3 3 3 4 
2 56 1 1 2 2 3 6 3 46 3 10 4 4 2 2 3 4 1 1 0 0 2 3 1 1 2 4 2 12 2 13 1 25 2 5 2 6 0 0 6 12 2 15 2 2 0 0 1 4 2 4 2 9 2 39 0 0 1 1 1 38 1 1 
2 4 2 14 3 4 1 1 0 0 3 3 2 50 0 0 2 3 4 7 1 6 0 0 2 4 5 10 3 30 0 0 1 1 1 2 2 3 0 0 3 30 3 274 3 53 1 39 2 46 5 39 0 0 1 1 0 0 2 2 1 23 2 10 
0 0 1 45 2 17 2 2 0 0 2 2 5 7 3 18 3 371 3 5 1 1 0 0 2 3 1 1 2 8 1 1 1 1 2 22 2 17 1 3 4 10 3 27 0 0 1 1 2 3 1 2 5 19 1 1 3 3 3 19 0 0 1 1 
3 6 1 2 1 1 3 3 2 25 2 5 3 8 5 17 3 4 2 2 4 8 1 1 2 2 0 0 1 1 3 18 2 4 1 1 3 14 3 184 3 49 3 8 0 0 4 5 4 4 2 16 1 14 4 128 2 64 2 6 3 35 2 2 
1 1 1 2 5 43 2 5 1 1 3 100 6 18 0 0 0 0 1 1 4 20 4 8 3 14 2 51 3 8 0 0 0 0 3 5 1 7 5 52 4 107 2 8 3 55 0 0 0 0 2 18 3 7 3 17 3 5 1 1 0 0 1 1 
1 1 1 1 4 137 1 1 3 7 3 57 2 2 0 0 4 5 4 71 2 2 1 1 2 22 1 1 0 0 3 25 2 3 2 7 2 3 1 6 2 2 2 4 1 1 2 7 2 2 5 48 3 20 4 22 6 54 2 3 0 0 2 10 
4 14 3 27 3 16 2 2 0 0 0 0 6 15 0 0 2 9 4 4 5 36 5 44 1 1 0 0 1 2 4 6 2 20 3 26 1 1 3 6 2 6 0 0 1 1 2 8 3 4 2 33 1 6 1 1 2 8 2 2 1 1 0 0 
1 16 3 3 1 1 3 25 1 3 2 3 2 2 1 1 2 17 3 5 6 43 2 21 1 2 2 98 4 8 1 1 2 10 1 6 5 27 1 7 3 216 2 7 1 2 2 22 2 2 2 63 2 4 8 11 2 2 2 2 1 1 3 4 
3 4 1 1 1 1 1 1 3 5 2 2 2 2 0 0 4 23 3 7 3 12 1 1 3 9 4 8 1 14 2 4 1 9 1 1 2 5 2 3 1 1 4 71 1 5 3 12 0 0 2 12 0 0 3 22 3 5 1 1 1 3 1 1 
3 3 3 5 0 0 1 1 6 9 0 0 0 0 3 44 1 1 3 9 2 20 3 44 2 2 1 6 2 6 4 35 2 10 4 9 6 36 3 1334 2 7 1 7 3 9 2 37 5 17 0 0 1 1 2 23 1 2 3 6 2 18 3 4 
1 1 5 38 0 0 1 1 3 8 2 5 4 9 1 2 1 1 0 0 2 30 0 0 3 3 0 0 0 0 3 8 4 38 3 31 2 2 4 11 1 1 2 24 0 0 1 3 1 1 4 31 2 25 4 101 3 4 1 6 0 0 5 9 
0 0 4 8 1 1 1 4 2 2 8 14 1 1 3 3 0 0 2 7 4 34 1 1 3 17 0 0 6 21 3 159 2 151 7 12 2 19 12 95 1 4 4 17 1 20 0 0 5 13 2 10 1 1 4 11 2 7 0 0 0 0 3 9 
3 7 4 4 1 1 3 13 4 10 2 4 0 0 1 2 5 33 0 0 2 238 1 1 1 5 2 3 1 1 0 0 2 14 2 2 3 6 4 10 4 110 0 0 1 6 4 25 2 19 4 15 4 655 2 9 1 10 1 4 4 30 4 30 
5 15 1 1 2 2 2 5 0 0 3 9 2 5 4 6 2 90 1 1 1 1 1 1 2 7 1 1 1 1 4 4 0 0 0 0 1 1 1 12 2 2 1 14 3 7 1 1 1 21 2 48 4 11 1 1 3 3 3 7 0 0 4 20 
0 0 0 0 4 8 2 2 1 1 2 7 2 4 1 2 4 13 0 0 0 0 2 14 2 4 2 10 4 22 1 9 2 7 0 0 4 10 3 12 5 5 4 4 3 7 1 1 1 6 1 89 2 2 0 0 2 3 1 8 0 0 3 3 
3 22 1 1 2 2 0 0 1 26 4 10 3 71 1 2 2 2 2 120 2 5 1 1 4 12 4 114 5 10 4 8 4 11 2 118 4 11 0 0 3 45 2 2 6 218 3 7 0 0 2 7 3 61 0 0 2 23 4 5 1 2 5 24 
1 1 2 3 4 103 3 21 3 7 2 2 2 7 3 12 2 13 1 6 0 0 0 0 2 8 4 9 1 1 1 77 1 13 2 2 4 63 0 0 3 3 1 1 1 1 1 5 2 22 3 27 3 6 4 15 0 0 3 13 0 0 0 0 
3 14 1 1 2 4 3 4 0 0 0 0 0 0 1 40 2 63 1 1 4 17 2 27 2 3 2 15 3 97 1 4 5 13 2 2 1 2 1 1 0 0 1 1 3 6 2 9 1 2 3 11 4 12 4 102 2 2 1 11 1 1 3 9 
5 5 0 0 2 2 0 0 1 2 1 1 1 1 1 1 3 45 2 2 2 7 2 43 3 11 3 4 2 3 2 2 3 6 3 12 2 6 0 0 3 11 4 6 0 0 1 1 4 61 3 4 4 11 2 2 1 14 3 3 0 0 4 4 
1 1 2 11 3 4 5 56 1 1 3 3 3 5 2 23 1 4 0 0 4 12 5 18 5 28 2 12 1 1 2 2 2 3 3 7 2 37 4 218 2 2 1 1 3 7 2 8 3 8 1 1 1 1 4 10 2 3 1 2 0 0 2 14 
1 1 5 32 1 32 1 1 0 0 3 12 6 41 3 25 0 0 2 2 3 18 2 2 5 37 2 3 1 5 3 8 2 17 0 0 3 16 2 2 2 7 2 8 0 0 2 11 7 15 4 15 2 5 1 1 7 165 5 16 2 8 1 7 
1 2 2 25 1 1 2 9 2 19 2 10 1 4 5 23 1 1 1 1 1 1 4 17 1 1 2 4 2 26 1 1 2 6 3 5 2 4 2 2 4 9 4 12 1 1 3 17 3 11 0 0 2 4 4 4 3 6 2 2 4 16 5 7 
2 2 2 2 1 1 0 0 2 85 2 2 3 4 2 2 3 3 3 29 2 2 0 0 2 6 2 2 2 2 2 5 1 1 1 1 0 0 0 0 2 21 5 51 3 23 4 64 1 1 3 21 2 9 2 4 2 36 1 1 2 3 1 1 
2 2 0 0 2 2 2 2 3 29 2 28 4 29 4 29 1 1 3 30 4 4 1 1 4 11 3 9 1 1 1 1 2 5 0 0 2 11 2 2 3 26 4 7 5 25 4 11 1 1 2 14 3 6 2 4 1 2 1 2 2 2 2 7 
3 6 1 1 2 23 2 3 2 5 3 23 1 1 2 3 0 0 6 28 3 14 1 1 0 0 0 0 3 16 0 0 1 205 2 2 1 1 1 9 4 5 2 3 1 2 2 9 2 2 0 0 2 31 2 2 4 9 1 5 5 33 2 9 
3 9 4 17 1 1 2 51 2 3 4 19 4 6 4 4 0 0 0 0 2 2 0 0 1 5 1 1 3 3 1 3 4 12 2 16 1 1 2 17 4 4 1 5 3 8 6 6 1 1 0 0 0 0 3 12 2 2 5 15 1 5 2 48 
2 7 1 1 2 3 2 3 1 1 1 1 6 13 2 2 4 4 3 3 2 5 2 26 1 1 2 2 3 3 0 0 0 0 0 0 1 1 3 5 3 17 6 26 4 100 4 21 2 3 1 1 2 25 3 6 3 4 2 3 5 48 0 0 
4 15 4 23 2 25 1 1 1 1 5 54 2 11 2 177 2 2 3 8 1 2 1 1 3 30 1 1 2 3 2 4 1 1 1 49 1 4 3 47 2 3 1 1 2 2 2 2 3 3 1 1 6 30 2 4 3 3 1 1 5 11 1 2 
1 1 1 1 2 10 3 37 3 3 5 13 0 0 2 5 2 6 0 0 1 3 5 30 1 1 2 2 3 3 2 2 1 1 3 3 1 6 1 1 2 75 0 0 4 9 1 5 1 1 2 47 2 2 3 3 6 69 4 9 3 4 2 3 
2 34 2 7 2 2 3 746 2 4 6 29 3 4 4 10 0 0 2 4 1 3 0 0 2 12 5 15 4 4 0 0 3 5 3 4 0 0 0 0 2 2 2 6 0 0 2 58 5 23 3 21 1 1 0 0 4 11 6 29 1 1 3 8 
4 11 2 12 2 2 2 2 1 6 1 3 2 2 2 4 2 26 2 3 0 0 0 0 1 1 0 0 1 6 5 139 1 4 2 4 2 5 0 0 0 0 5 16 3 8 1 11 2 2 4 21 5 15 3 12 0 0 3 5 3 16 3 5 
3 7 1 15 1 6 1 11 0 0 1 1 1 5 1 1 3 30 2 124 3 29 2 8 0 0 3 27 2 3 0 0 1 3 3 12 2 2 2 20 2 3 4 11 3 11 6 28 5 7 3 3 3 63 3 8 2 2 1 4 3 12 1 118 
0 0 0 0 2 2 0 0 0 0 2 2 3 3 6 21 2 20 3 3 2 5 5 27 1 1 3 6 0 0 3 3 0 0 2 2 2 3 10 58 2 4 1 27 0 0 2 18 2 8 3 18 2 18 1 1 2 5 1 5 0 0 1 1 
0 0 2 137 5 15 4 86 4 4 1 16 1 1 3 8 2 4 2 13 1 5 2 2 4 8 1 2 1 1 3 7 1 1 2 2 2 3 0 0 4 4 0 0 1 1 0 0 0 0 3 6 5 35 1 1 1 1 4 66 1 4 2 2 
2 2 4 4 0 0 1 12 2 7 1 1 1 1 3 4 2 5 0 0 1 6 3 16 1 2 1 2 0 0 6 47 3 21 8 124 2 2 2 15 2 5 1 5 3 10 3 33 0 0 3 8 2 5 2 3 1 2 2 4 2 3 0 0 
0 0 3 14 0 0 0 0 2 11 5 15 0 0 2 4 3 12 1 6 2 3 4 22 1 1 0 0 4 37 2 6 4 6 2 47 1 2 2 2 4 14 1 1 1 2 2 9 2 4 3 6 1 1 4 38 1 7 0 0 0 0 2 11 
2 3 3 4 2 10 2 30 0 0 3 5 3 8 1 1 0 0 5 8 0 0 1 1 4 59 4 9 2 6 1 2 1 13 4 59 0 0 1 1 0 0 2 209 3 9 1 2 3 15 1 2 1 18 1 1 1 1 3 3 2 23 3 64 
1 1 3 3 1 11 2 21 2 6 2 4 5 184 3 5 3 6 0 0 2 9 0 0 2 2 4 60 1 1 2 4 3 9 5 13 2 8 3 15 3 387 4 13 2 2 2 20 2 9 5 28 2 2 1 1 2 5 2 2 3 5 1 15 
5 17 5 14 2 6 1 1 0 0 1 5 4 19 2 2 1 8 0 0 2 64 3 22 1 16 4 7 1 5 1 68 4 8 1 4 3 11 1 1 3 5 1 1 2 2 1 1 1 1 3 10 3 28 4 83 1 1 0 0 3 3 4 6 
1 4 1 1 1 8 2 3 2 3 1 1 2 10 3 3 1 1 1 1 3 39 1 1 1 1 3 6 3 17 2 86 4 80 2 7 2 5 4 6 0 0 1 1 5 25 1 1 2 2 0 0 4 5 0 0 5 16 4 177 0 0 2 5 
4 17 1 2 1 1 0 0 1 1 1 4 4 39 0 0 0 0 4 9 2 10 0 0 1 6 1 7 2 3 5 76 3 116 3 4 3 7 1 1 1 1 0 0 0 0 1 1 2 2 3 28 2 56 1 1 0 0 4 22 4 24 5 21 
4 4 4 10 1 1 1 1 0 0 1 1 1 2 0 0 1 3 1 6 0 0 2 19 1 10 3 11 3 93 0 0 3 108 2 38 1 5 4 44 2 6 2 53 1 6 4 9 0 0 2 2 3 4 1 1 5 18 3 15 0 0 3 8 
2 2 1 2 4 10 2 15 2 2 1 1 5 16 0 0 1 7 2 7 1 1 1 18 2 4 3 4 7 15 5 32 4 6 3 9 1 1 0 0 2 3 3 4 2 4 3 13 5 16 4 28 2 5 5 36 0 0 1 1 0 0 0 0 
0 0 2 6 0 0 4 10 2 41 4 6 1 1 0 0 2 9 2 2 2 2 1 3 1 6 3 3 4 12 3 4 2 2 2 23 1 1 3 3 2 2 4 56 1 45 4 8 2 3 4 11 2 6 0 0 5 1479 2 3 1 1 4 7 
1 1 3 119 1 1 3 8 1 1 3 3 0 0 2 9 3 163 4 18 1 1 1 1 1 1 2 3 0 0 2 2 0 0 1 2 2 2 1 226 2 6 0 0 0 0 3 8 2 4 4 68 2 8 2 3 0 0 2 2 4 5 3 3 
1 1 1 1 2 3 3 21 3 14 1 2 2 3 2 7 1 1 1 1 4 85 2 12 1 1 0 0 1 1 4 13 0 0 1 15 3 5 2 5 2 3 1 1 2 3 0 0 3 14 2 5 2 2 4 20 1 10 0 0 1 1 3 6 
3 13 1 1 1 1 2 2 3 66 3 33 1 1 1 2 0 0 2 2 1 1 2 4 2 2 1 1 3 9 2 6 2 32 1 2 4 5 4 11 1 1 3 3 1 2 1 1 0 0 0 0 2 27 0 0 6 49 2 20 2 10 3 11 
3 4 5 27 0 0 3 6 1 7 1 1 4 15 1 1 2 3 4 14 2 199 3 3 2 15 0 0 3 12 1 1 2 17 1 9 3 4 3 15 2 14 1 4 3 3 5 14 1 1 0 0 1 1 2 5 4 25 1 1 1 5 1 100 
5 15 2 7 1 7 1 1 1 16 5 9 0 0 3 6 7 13 2 2 0 0 3 3 3 6 2 2 6 13 4 436 2 4 1 28 1 5 2 3 2 2 1 1 1 4 0 0 1 1 2 13 3 4 4 24 4 8 3 5 2 2 2 2 
4 7 2 75 4 17 2 8 1 2 1 75 4 4 1 1 0 0 3 10 1 1 0 0 3 12 5 171 2 566 3 10 4 38 2 21 2 11 2 10 3 10 2 372 4 8 4 8 3 13 3 7 2 2 4 17 1 3 1 2 3 4 3 4 
2 5 5 41 3 14 4 20 2 5 0 0 0 0 4 4 3 3 1 2 2 11 2 7 3 26 5 21 0 0 1 28 4 62 2 4 1 1 1 1 2 2 0 0 2 71 1 1 1 14 3 10 4 11 2 3 1 8 2 4 1 18 2 5 
2 3 2 3 1 4 3 33 6 13 0 0 4 17 2 2 3 7 2 3 3 13 3 71 1 1 1 6 3 17 1 1 2 4 0 0 1 5 0 0 1 1 6 21 2 6 0 0 1 119 1 1 1 3 2 3 2 2 2 3 2 2 0 0 
1 11 1 1 4 11 4 8 2 7 6 30 2 5 2 24 1 1 2 16 2 5 2 2 1 2 4 33 4 20 0 0 0 0 2 2 2 12 3 3 4 50 3 21 0 0 3 79 2 6 3 18 1 1 3 57 1 1 3 28 4 29 3 22 
1 8 0 0 3 3 4 10 0 0 4 38 3 18 4 162 1 1 4 4 2 5 4 17 2 4 4 158 2 80 0 0 4 8 1 16 2 19 4 129 1 1 3 49 0 0 3 10 0 0 0 0 2 3 0 0 3 24 2 2 4 13 3 5 
3 9 4 4 5 20 3 22 2 9 2 3 1 10 2 10 2 3 0 0 2 2 1 1 0 0 4 6 1 1 0 0 5 7 0 0 3 6 3 7 6 20 1 1 2 8 1 6 1 1 2 16 1 6 2 2 3 4 2 3 4 11 1 2 
2 2 2 2 1 1 0 0 3 3 3 4 3 3 2 4 5 23 2 7 0 0 4 5 2 16 3 16 0 0 2 3 4 11 4 4 5 18 2 12 1 3 2 7 2 3 6 14 3 23 3 11 2 8 2 4 1 26 2 34 3 34 3 10 
0 0 2 2 1 11 2 5 4 223 3 12 2 2 1 1 1 15 3 3 4 5 4 6 1 4 0 0 2 5 2 2 3 28 0 0 1 2 1 1 1 1 1 1 2 12 1 1 2 2 3 18 1 1 0 0 1 6 2 32 0 0 2 3 
3 3 3 29 2 6 1 1 2 9 0 0 4 13 2 8 6 17 1 1 1 1 1 1 3 6 4 8 5 9 0 0 1 4 1 1 2 8 0 0 3 18 3 63 2 2 1 4 2 2 5 34 1 3 2 8 1 216 0 0 2 9 4 30 
1 1 2 2 2 3 0 0 2 5 3 11 5 6 5 75 2 21 1 1 3 21 4 6 4 4 1 1 0 0 3 4 1 1 2 5 1 2 2 6 1 1 1 6 3 8 4 14 3 36 4 10 4 12 1 5 1 4 1 1 5 8 2 12 
1 3 4 5 1 2 1 1 1 5 4 50 4 25 3 3 1 1 5 5 0 0 2 21 1 255 3 3 2 21 6 19 1 1 3 194 1 1 2 2 1 26 1 1 1 4 2 8 4 62 1 1 1 1 4 29 3 37 2 2 5 307 2 9 
1 1 3 5 1 1 4 4 1 38 0 0 2 2 0 0 2 5 1 1 8 12 1 7 1 1 2 6 1 1343 2 7 1 1 5 58 5 7 1 1 3 66 2 4 3 57 3 3 3 9 2 6 3 8 3 139 0 0 4 209 3 3 1 1 
2 7 2 6 0 0 0 0 2 2 2 2 2 8 2 3 2 35 2 2 0 0 1 1 1 3 3 23 1 416 1 2 3 11 5 12 1 2 0 0 1 1 1 1 2 4 1 1 1 1 2 29 5 20 1 2 1 1 1 1 5 16 4 54 
3 68 4 5 1 1 3 4 0 0 3 4 1 1 1 1 5 14 3 31 4 293 6 55 4 11 3 11 2 6 2 5 4 31 2 14 2 8 2 2 0 0 3 13 3 9 4 12 0 0 2 2 2 2 2 6 3 10 0 0 2 2 2 6 
7 14 2 54 4 10 2 4 0 0 1 1 3 75 2 8 2 2 7 11 2 8 1 1 1 1 3 4 3 3 3 44 2 2 3 6 3 3 3 3 2 4 2 96 3 4 1 2 4 13 1 14 0 0 1 5 1 9 1 1 2 14 1 4 
1 1 3 25 1 1 1 2 2 6 3 7 2 4 2 5 5 12 2 9 1 1 5 28 1 1 0 0 0 0 2 2 1 2 4 45 2 6 2 18 3 24 2 7 4 31 0 0 4 9 2 2 0 0 4 8 2 2 2 3 1 1 2 3 
1 1 3 26 2 8 2 11 4 61 4 332 2 8 5 23 3 4 1 1 3 45 1 1 2 3 1 20 2 6 3 3 3 3 2 4 2 3 2 4 1 11 4 10 1 1 4 18 0 0 3 3 0 0 5 17 4 5 2 13 5 5 1 1 
1 30 1 3 1 6 0 0 2 23 1 1 1 3 1 5 3 46 3 80 3 11 4 43 1 8 3 3 1 3 4 23 2 3 2 4 3 12 3 22 4 14 2 2 1 1 1 1 2 2 4 14 2 2 5 30 4 13 3 14 0 0 2 3 
8 181 3 97 3 93 1 1 0 0 2 3 1 2 1 1 2 83 2 4 2 9 4 4 4 11 4 12 0 0 2 2 3 6 1 3 3 7 3 4 0 0 4 10 4 5 4 8 0 0 4 10 0 0 3 3 1 8 2 25 2 11 1 1 
4 18 1 6 1 1 2 11 2 27 1 1 1 1 1 45 1 1 3 25 4 40 3 35 3 9 5 52 3 5 1 4 1 1 2 2 2 148 1 4 1 2 3 3 1 1 6 20 2 7 1 3 2 10 1 6 3 3 3 13 2 4 2 7 
0 0 1 4 1 1 1 1 1 5 2 2 4 10 3 3 3 34 2 17 1 1 0 0 2 36 2 2 0 0 3 31 0 0 3 6 3 4 4 55 2 5 2 3 2 30 1 1 0 0 1 2 4 13 1 2 0 0 2 4 2 2 3 14 
3 8 2 2 0 0 3 8 2 7 3 6 5 309 5 15 0 0 4 10 1 1 3 20 3 4 2 2 4 7 2 2 1 1 2 12 0 0 1 9 3 8 3 20 1 3 1 1 2 8 2 97 4 7 2 974 1 5 2 36 2 4 3 12 
6 17 2 6 1 6 4 15 2 7 4 20 3 121 3 4 1 1 2 2 3 31 3 3 2 2 0 0 3 150 0 0 1 4 1 3 3 10 1 1 2 4 0 0 3 3 1 1 2 10 4 32 3 339 0 0 2 13 4 4 1 1 0 0 
4 7 0 0 2 2 3 76 3 7 1 3 1 1 2 6 0 0 1 128 0 0 1 1 2 5 1 1 1 1 4 7 2 7 1 1 2 8 1 1 5 8 3 5 2 7 3 8 3 23 2 2 2 8 0 0 0 0 2 10 3 4 1 2 
3 6 2 2 2 8 5 9 6 17 5 17 7 49 2 9 3 46 3 9 3 3 0 0 1 3 0 0 0 0 5 5 1 1 1 4 3 10 1 1 3 5 1 1 2 11 2 2 2 7 1 1 0 0 2 56 2 5 4 47 4 35 1 9 
2 2 2 14 0 0 4 43 4 7 2 5 1 2 1 1 2 2 3 8 2 2 2 2 1 3 1 4 1 3 1 38 0 0 2 12 3 9 6 322 1 1 3 3 2 6 3 38 0 0 3 24 2 28 2 8 0 0 0 0 3 3 3 32 
2 7 3 5 5 41 1 1 1 4 0 0 3 5 3 4 1 1 2 4 1 2 1 1 2 2 1 1 1 2 2 8 2 3 6 22 3 22 4 4 2 5 1 4 1 6 2 2 4 20 2 3 4 336 3 10 1 1 1 2 4 4 3 11 
4 11 4 15 2 2 3 6 4 4 5 9 4 100 4 5 2 2 3 269 0 0 2 4 3 19 5 11 2 4 1 14 3 3 3 9 1 1 3 8 2 4 1 1 3 6 1 1 1 5 2 9 2 11 3 3 2 2 3 53 1 1 1 1 
1 1 1 2 2 10 1 1 1 6 0 0 0 0 2 4 1 2 0 0 2 2 5 24 3 11 2 9 1 2 2 4 2 2 2 2 3 9 4 11 2 2 6 142 3 504 2 7 3 71 0 0 1 10 0 0 1 5 2 3 1 1 3 7 
1 1 5 107 2 72 3 3 4 4 1 3 1 11 3 34 5 319 2 6 1 1 6 17 0 0 2 2 1 1 3 25 1 1 1 1 1 5 1 1 3 26 2 7 1 8 3 32 2 2 1 1 2 13 1 1 2 2 3 13 1 1 2 16 
2 2 3 225 0 0 3 15 0 0 2 2 4 10 3 434 3 3 2 3 1 1 2 13 2 10 3 26 4 36 3 23 1 6 1 128 1 2 1 2 2 10 3 3 2 28 1 1 0 0 3 13 4 23 1 2 0 0 1 1 4 42 0 0 
7 31 1 1 1 9 5 18 5 39 1 50 1 1 4 5 5 24 1 1 3 34 7 29 1 2 6 35 4 7 1 6 4 14 2 10 1 1 3 6 2 2 3 362 3 8 1 5 2 8 1 2 3 23 1 5 3 5 4 6 4 18 4 35 
3 3 1 1 4 32 3 25 0 0 3 22 2 2 1 1 3 24 2 10 0 0 5 94 3 21 5 16 3 78 1 1 2 2 1 81 4 8 0 0 1 135 8 88 3 61 2 2 1 1 4 5 3 348 4 24 2 45 3 12 3 8 1 5 
1 4 3 5 1 1 4 9 3 3 3 5 1 1 2 4 4 37 3 17 2 8 1 1 2 76 5 128 1 1 0 0 3 3 0 0 2 11 3 4 2 20 2 3 1 1 2 88 4 14 1 3 1 1 0 0 3 9 4 753 2 32 5 15 
3 9 1 4 3 3 1 6 4 6 5 12 2 9 1 1 2 3 2 2 1 5 2 7 1 2 2 9 4 29 3 4 3 14 3 9 5 13 2 3 1 1 1 4 2 3 2 9 3 11 2 11 4 20 2 8 3 5 0 0 1 1 1 7 
2 2 1 1 3 53 0 0 1 1 1 1 0 0 4 63 6 12 2 84 3 24 3 5 1 1 2 109 1 2 3 11 1 3 5 8 3 8 1 7 1 1 1 1 2 20 3 113 4 15 1 4 3 20 3 5 4 11 4 6 6 33 2 2 
1 1 1 1 1 4 0 0 2 6 1 21 0 0 1 1 6 9 4 8 3 32 3 15 1 1 2 2 3 3 6 15 3 6 4 7 3 7 0 0 3 9 2 12 1 3 0 0 0 0 1 1 1 2 1 3 0 0 0 0 3 34 1 85 
3 28 4 51 4 4 2 17 0 0 1 1 2 5 6 80 2 3 0 0 3 26 3 15 0 0 2 4 0 0 2 219 3 13 3 6 1 1 1 1 2 49 4 14 0 0 2 31 1 18 2 12 3 8 4 298 0 0 2 14 1 3 2 12 
0 0 4 17 4 30 1 2 2 2 1 7 1 2 1 8 3 4 2 4 0 0 3 3 3 9 3 6 0 0 5 26 2 7 3 4 1 6 5 12 3 6 2 7 1 1 0 0 3 6 4 44 3 7 1 1 2 12 0 0 1 14 3 14 
0 0 2 11 1 3 4 8 0 0 2 42 3 17 3 6 1 11 5 5 3 5 6 25 3 8 3 8 1 1 5 16 1 4 0 0 2 7 1 1 1 21 2 3 4 13 0 0 2 4 2 11 1 3 3 4 5 10 1 7 4 11 4 55 
5 53 1 2 4 8 2 11 3 4 3 6 1 3 1 1 1 1 0 0 3 9 0 0 2 3 0 0 0 0 1 8 2 6 8 20 1 1 3 10 0 0 1 1 3 12 3 7 2 16 5 9 2 4 1 1 2 5 2 14 2 3 5 20 
3 16 2 68 2 204 5 85 1 1 1 2 4 67 0 0 1 3 1 77 1 1 1 1 2 14 2 19 1 143 3 7 2 11 1 1 1 2 0 0 2 4 4 884 2 5 2 15 3 15 3 4 1 1 2 2 2 18 1 2 3 5 2 3 
3 17 0 0 0 0 2 2 3 3 2 12 3 7 2 2 3 6 1 9 2 8 3 32 1 1 1 1 3 17 2 2 3 65 0 0 1 6 3 4 2 2 0 0 2 40 1 1 3 8 2 2 3 5 4 4 0 0 4 32 3 20 1 12 
2 4 3 5 0 0 2 41 1 1 4 4 0 0 1 2 1 1 0 0 3 12 2 2 4 22 6 33 3 6 6 23 1 5 4 44 2 2 5 13 1 1 1 161 1 2 1 1 1 7 1 1 2 2 1 1 1 21 0 0 1 4 3 3 
2 6 2 2 0 0 2 41 4 13 2 6 2 4 3 11 0 0 2 2 1 8 4 12 2 5 4 4 1 1 2 10 0 0 4 13 1 1 4 10 1 2 2 6 7 62 0 0 0 0 0 0 1 1 7 18 1 1 0 0 1 1 1 4 
4 8 1 3 1 1 1 1 2 7 2 6 1 57 3 368 1 1 4 178 5 7 3 4 1 7 6 50 4 18 1 1 6 25 5 16 1 13 4 14 1 1 2 8 3 12 2 3 2 25 2 4 1 2 1 1 1 1 3 13 1 1 2 2 
2 2 0 0 4 4 3 6 3 9 1 2 3 15 2 10 4 8 0 0 1 1 2 8 2 5 4 31 2 4 1 1 1 1 4 5 1 3 1 1 6 25 2 22 1 207 5 76 3 7 1 1 2 2 1 1 4 127 0 0 3 10 3 5 
2 7 0 0 2 3 2 2 1 1 1 2 3 9 0 0 4 9 3 4 4 174 1 9 0 0 2 9 0 0 3 24 1 1 1 5 3 73 1 9 1 11 3 4 2 2 4 9 0 0 7 12 5 21 1 1 0 0 3 11 1 2 3 4 
1 1 1 1 5 22 1 3 2 2 2 4 1 1 2 84 2 8 3 6 1 1 1 1 2 2 2 7 1 16 3 73 0 0 2 6 1 1 3 8 6 14 4 6 3 23 1 1 3 38 5 29 0 0 2 2 1 19 1 10 1 1 1 8 
0 0 1 1 1 2 0 0 1 1 2 2 4 23 2 6 6 51 2 2 5 211 6 26 2 29 2 3 4 31 3 41 1 4 3 18 1 1 4 7 3 6 2 614 6 19 2 4 4 126 3 5 1 1 3 110 1 3 3 10 3 13 2 2 
2 2 1 1 1 5 2 2 0 0 0 0 1 1 1 1 3 31 3 25 1 1 1 2 3 9 2 11 1 7 3 3 2 21 2 2 3 3 5 15 0 0 3 158 4 7 4 6 1 1 4 11 1 5 2 9 2 2 0 0 0 0 3 5 
1 1 1 1 1 16 1 1 6 59 2 2 4 9 2 6 6 105 2 24 2 8 4 9 3 12 4 11 2 3 1 1 6 11 1 4 1 1 4 66 3 4 1 1 2 5 0 0 0 0 1 10 0 0 0 0 1 1 0 0 0 0 1 41 
5 81 4 7 6 33 1 6 2 2 3 20 2 8 2 3 4 64 3 5 1 4 3 4 1 19 4 8 5 9 5 33 5 46 3 4 5 20 0 0 1 247 6 23 0 0 2 13 5 6 2 2 2 2 2 14 4 18 2 2 2 5 0 0 
3 9 1 1 2 2 2 10 3 13 3 30 5 16 1 5 2 18 3 54 2 10 1 4 3 12 3 17 7 21 2 2 1 1 1 5 1 28 4 4 2 3 3 4 3 3 0 0 1 1 1 3 1 1 2 12 0 0 3 304 1 5 2 22 
2 2 3 9 4 15 4 32 3 5 6 12 0 0 3 17 3 5 2 7 2 19 1 4 1 1 2 7 2 2 1 3 1 1 2 9 0 0 2 2 3 4 2 7 3 11 2 2 1 8 4 26 2 12 4 13 2 2 3 35 1 1 0 0 
4 22 2 5 1 2 1 1 1 1 3 17 0 0 1 1 1 4 3 752 0 0 2 2 4 22 2 3 1 1 2 6 0 0 4 6 1 2 1 4 3 8 0 0 1 3 1 6 1 1 2 228 4 11 5 7 0 0 1 1 2 2 2 2 
0 0 1 1 3 97 0 0 5 30 2 15 3 33 2 13 1 1 3 12 1 1 2 7 1 6 3 4 1 1 3 6 2 5 3 15 4 12 2 87 1 34 3 4 2 3 1 1 2 6 1 1 6 53 1 3 5 6 3 3 4 4 4 7 
2 6 2 3 3 28 3 5 2 6 2 5 3 14 1 96 3 41 4 12 3 149 2 11 1 91 1 1 2 2 2 5 3 7 3 76 3 11 1 1 2 241 0 0 0 0 2 9 5 49 2 40 3 6 1 2 3 251 2 3 3 7 3 3 
3 11 3 6 0 0 2 3 3 13 1 6 1 3 3 12 2 5 3 7 2 31 4 28 3 8 2 3 0 0 1 31 3 9 6 53 1 5 2 3 1 1 4 9 5 135 1 1 1 3 1 1 3 5 1 2 1 9 0 0 2 6 1 1 
3 6 2 21 1 1 4 25 1 5 1 1 1 1 1 1 2 8 1 1 0 0 1 1 3 10 1 14 0 0 2 23 0 0 1 4 4 8 3 9 0 0 5 45 1 5 1 1 2 3 1 21 1 2 0 0 2 9 5 13 3 14 2 2 
1 6 2 3 3 11 2 2 4 10 1 7 2 2 2 2 3 60 2 8 2 6 3 22 4 9 2 31 2 3 3 53 2 2 2 6 2 20 0 0 4 92 1 1 2 2 2 2 0 0 0 0 2 2 5 662 4 54 2 4 1 1 2 2 
0 0 1 12 3 3 0 0 0 0 3 10 2 3 0 0 4 6 4 13 1 8 3 16 2 3 1 5 0 0 2 3 2 6 2 32 2 2 3 9 1 31 2 3 2 360 2 2 6 46 3 3 2 40 2 8 4 4 1 3 3 4 3 4 
1 20 3 3 1 4 5 20 4 15 2 9 2 7 2 4 3 6 5 15 0 0 0 0 3 3 3 7 3 3 2 2 0 0 0 0 2 38 4 33 2 5 3 66 3 12 2 3 2 3 2 81 2 2 4 140 0 0 3 87 3 104 1 4 
1 7 1 1 1 6 4 14 1 1 1 2 2 35 2 2 2 3 1 6 1 1 2 3 2 2 0 0 3 10 5 62 2 21 2 20 2 5 5 207 2 6 1 3 4 6 3 6 1 1 3 28 2 17 6 57 2 4 3 20 5 8 4 9 
0 0 0 0 1 1 3 5 3 6 1 6 3 200 6 9 0 0 3 7 3 16 3 4 1 1 3 31 2 7 4 104 2 2 2 5 3 7 2 2 3 7 1 1 5 10 2 2 1 1 2 4 2 2 4 17 2 3 5 33 2 2 2 2 
2 2 1 1 2 2 2 165 2 167 2 55 4 21 2 3 2 195 1 1 1 1 1 2 2 7 0 0 3 13 3 13 2 7 2 3 1 3 2 15 2 13 1 5 2 2 5 7 1 15 2 2 1 2 4 46 2 3 1 27 1 1 4 8 
1 3 2 6 3 3 3 8 3 13 4 37 3 19 2 5 3 17 1 3 1 1 2 5 2 3 2 2 1 1 0 0 0 0 2 15 1 4 1 4 3 24 2 3 5 19 7 21 5 162 2 8 0 0 2 7 2 8 1 1 2 7 1 1 
1 1 1 1 1 1 1 1 1 2 1 19 2 18 0 0 3 13 2 4 0 0 1 4 2 15 1 4 4 8 2 19 1 2 1 1 2 4 3 20 5 34 1 1 3 37 1 1 1 24 2 2 2 22 2 6 1 5 4 7 1 1 2 2 
2 4 0 0 1 2 3 10 2 12 5 275 1 4 2 26 2 2 3 17 2 2 2 48 2 2 1 3 4 21 1 1 3 13 3 32 2 6 1 9 1 23 5 8 1 58 2 10 4 17 1 1 2 9 3 6 1 2 1 1 1 1 1 1 
3 3 1 10 2 2 2 5 3 11 1 6 1 1 0 0 2 3 2 4 3 8 2 2 2 6 3 158 1 1 1 1 2 4 1 2 1 1 1 1 4 26 3 4 2 2 1 1 2 3 1 1 3 35 3 3 1 47 1 7 1 1 3 3 
5 9 0 0 2 3 1 1 6 57 1 4 1 3 0 0 1 1 2 10 2 2 2 5 3 5 0 0 1 64 2 2 3 5 1 1 4 27 4 16 1 1 2 7 1 1 1 1 2 4 5 24 3 3 2 2 1 1 3 34 0 0 3 3 
4 26 2 38 3 10 1 1 4 4 5 18 0 0 2 3 2 8 4 32 1 1 2 25 5 9 5 9 2 25 2 64 2 9 5 8 1 1 2 3 2 24 2 2 3 10 3 52 2 2 2 8 1 22 1 1 2 10 0 0 2 5 2 4 
1 1 2 4 1 3 1 3 1 15 4 12 2 23 2 7 2 3 3 41 5 13 3 124 2 5 3 6 2 40 3 208 1 1 2 25 4 9 1 10 1 1 7 14 0 0 5 983 4 28 1 2 1 3 5 54 4 17 3 8 2 2 4 62 
2 18 3 19 2 11 0 0 3 3 1 9 4 68 3 21 4 4 3 4 3 4 3 6 0 0 2 3 1 7 2 7 1 1 1 1 2 193 2 4 1 2 2 4 0 0 2 2 1 5 5 11 0 0 2 35 0 0 1 83 2 131 0 0 
2 5 2 2 2 4 0 0 3 273 4 43 2 98 2 87 3 5 1 1 0 0 4 6 0 0 3 5 1 1 4 15 4 10 3 4 2 7 1 4 3 3 2 2 4 8 7 36 5 38 2 5 5 18 2 2 2 5 1 1 2 2 0 0 
1 1 1 41 1 22 4 9 1 5 1 1 1 1 1 2 1 1 3 7 2 5 3 22 1 5 1 2 5 12 1 2 2 3 2 6 2 15 2 36 2 2 1 1 4 12 3 3 1 10 2 3 2 39 0 0 3 31 1 1 3 6 0 0 
4 5 1 1 0 0 2 9 1 1 1 1 3 6 0 0 2 5 2 2 3 5 2 4 2 2 0 0 2 4 2 10 2 21 0 0 2 8 1 1 2 2 2 15 1 2 3 3 2 89 1 2 3 4 1 2 3 3 3 3 2 4 2 2 
1 1 3 15 5 16 3 5 3 4 0 0 5 52 3 45 9 45 3 7 2 4 2 3 2 28 0 0 1 1 1 70 2 6 0 0 1 3 2 4 1 2 0 0 2 29 0 0 2 7 0 0 0 0 1 7 4 11 6 19 3 3 4 12 
2 11 3 19 1 1 5 7 3 4 2 3 3 8 0 0 1 13 2 2 0 0 2 49 4 6 1 2 5 10 2 7 3 7 4 4 1 1 2 8 2 9 3 4 4 11 0 0 1 1 0 0 2 2 4 10 2 2 1 1 3 9 2 2 
2 2 1 2 5 53 2 5 2 4 1 1 2 17 1 17 2 2 0 0 2 3 2 5 1 26 0 0 2 6 2 3 1 12 2 6 1 1 1 1 3 15 1 2 2 5 1 1 1 1 1 24 3 11 3 4 4 11 1 4 4 41 1 12 
3 3 1 1 1 1 6 33 5 12 3 29 7 42 1 13 6 17 1 1 2 7 6 33 3 3 3 25 1 4 1 3 1 2 4 6 0 0 4 42 2 2 2 35 2 9 1 1 1 6 2 6 2 20 3 5 1 19 1 1 2 2 2 6 
4 20 5 10 4 5 3 5 0 0 3 8 6 28 5 15 0 0 3 8 0 0 1 1 0 0 3 5 3 1342 3 17 1 3 1 1 2 4 3 3 2 9 0 0 1 1 4 25 1 19 0 0 5 14 4 11 2 9 3 3 2 6 1 1 
0 0 1 2 2 36 3 148 4 626 6 24 3 26 2 6 2 8 1 3 1 1 1 1 2 5 5 18 3 6 1 1 1 2 2 12 5 21 1 1 0 0 1 1 2 4 0 0 3 4 0 0 0 0 3 4 2 4 2 2 5 17 3 460 
0 0 1 1 3 1485 1 1 1 1 2 7 1 1 4 33 3 6 1 1 3 18 2 3 1 2 3 7 1 6 3 8 3 38 1 1 3 14 2 4 1 3 1 1 4 44 2 2 2 6 3 9 4 6 1 2 3 3 5 13 3 53 2 3 
3 13 2 23 3 3 2 26 4 9 2 12 1 1 5 7 3 61 3 8 1 1 3 12 2 3 2 9 0 0 4 12 1 1 3 26 0 0 2 7 2 14 4 25 2 10 3 9 2 6 0 0 3 144 0 0 1 1 3 7 2 9 3 18 
4 150 1 5 2 3 2 5 0 0 2 2 4 7 3 7 5 7 5 10 2 10 0 0 2 18 2 3 7 30 2 121 1 17 1 1 1 2 2 2 4 8 3 10 6 19 1 1 4 57 4 26 5 37 3 18 1 8 0 0 1 7 4 8 
3 11 3 15 1 23 2 5 1 2 0 0 2 113 1 5 2 3 1 1 0 0 1 1 1 1 2 5 3 4 0 0 1 4 0 0 3 14 1 2 1 2 3 25 0 0 1 1 1 4 1 6 2 2 1 4 3 6 4 15 5 6 0 0 
3 10 1 6 4 6 0 0 5 38 2 6 1 1 2 2 1 1 1 13 8 15 3 8 1 2 1 1 1 1 2 2 3 8 2 29 2 2 1 2 2 29 1 3 1 1 0 0 7 67 4 44 1 3 0 0 1 87 2 5 0 0 1 1 
2 2 2 28 4 10 2 2 1 1 2 8 0 0 2 2 1 1 1 1 3 3 3 5 2 32 1 1 1 1 2 292 0 0 1 6 2 2 2 2 2 7 0 0 2 8 5 34 1 8 0 0 4 1411 0 0 0 0 3 10 1 6 5 5 
1 1 0 0 1 1 1 2 7 27 1 1 3 17 3 23 2 3 3 11 1 1 1 1 0 0 1 1 4 9 1 4 6 9 4 13 2 29 1 1 0 0 0 0 4 6 3 7 3 27 2 6 4 14 1 5 2 136 0 0 2 2 3 11 
1 2 0 0 1 1 2 2 4 58 1 46 0 0 3 5 1 5 1 1 1 1 2 9 8 17 2 76 1 2 3 3 0 0 0 0 5 5 2 442 3 7 1 1 2 3 2 13 5 8 1 1 2 2 4 6 2 3 0 0 1 1 4 18 
2 7 1 1 4 4 2 2 1 1 1 35 1 1 5 9 0 0 1 1 2 2 4 5 3 5 6 58 1 2 1 8 3 5 3 3 1 1 5 20 2 2 4 217 2 16 3 17 1 2 1 38 3 18 1 1 4 26 2 2 1 49 5 17 
1 1 3 29 3 3 3 3 3 31 2 2 4 151 3 104 1 87 0 0 1 1 1 1 3 14 1 2 3 74 2 2 1 5 3 7 2 2 2 4 2 6 2 4 0 0 3 16 2 2 4 10 2 27 3 21 1 1 2 3 4 29 3 10 
3 9 0 0 2 4 4 9 3 9 1 5 2 10 4 113 1 1 1 7 2 2 2 2 2 6 0 0 6 18 6 19 1 1 3 3 2 5 0 0 4 11 2 4 2 10 5 8 3 5 6 67 1 7 3 3 1 1 4 24 3 12 0 0 
4 10 1 2 2 2 1 8 1 1 4 7 2 9 4 7 0 0 1 1 0 0 0 0 2 2 0 0 3 4 0 0 3 14 2 2 1 1 1 2 3 11 2 17 4 38 2 2 1 4 3 9 1 1 1 1 0 0 1 1 0 0 1 1 
1 1 1 2 0 0 4 35 1 1 6 11 3 4 4 11 2 22 0 0 3 6 1 1 1 3 1 32 1 4 2 15 1 33 1 2 4 9 2 213 0 0 1 4 1 10 1 1 0 0 2 8 4 31 3 24 2 11 0 0 4 59 0 0 
2 6 0 0 1 31 3 92 4 206 2 2 2 2 1 33 2 2 3 8 1 6 1 3 0 0 0 0 1 3 1 2 2 2 1 1 3 10 0 0 1 1 1 2 4 16 1 1 3 9 1 1 2 25 4 6 3 3 2 2 2 2 4 246 
4 303 2 6 0 0 3 209 0 0 1 1 2 2 3 10 0 0 3 37 1 18 1 1 0 0 5 16 1 2 3 298 5 20 3 5 1 8 2 2 3 3 1 1 3 8 1 2 1 1 4 21 3 7 2 6 1 1 1 28 2 2 1 2 
2 9 4 8 1 1 0 0 3 27 2 24 2 3 2 44 8 17 2 2 2 4 5 27 4 8 3 75 1 5 0 0 2 5 1 7 2 3 2 2 2 7 2 2 3 4 2 2 3 18 3 8 2 1459 3 3 0 0 4 7 3 6 0 0 
1 98 2 3 0 0 2 3 2 10 3 13 3 12 0 0 1 1 2 4 1 1 2 2 4 13 4 7 4 10 5 25 3 3 2 16 2 3 2 16 2 4 4 16 3 3 2 17 2 11 0 0 6 25 1 1 1 5 2 3 1 1 2 3 
3 5 2 2 2 2 3 201 5 22 1 1 2 13 4 22 2 58 0 0 6 7 3 15 2 31 3 5 2 187 1 4 1 2 3 26 3 48 2 7 0 0 4 9 1 11 5 8 5 6 3 9 1 3 6 962 3 9 1 1 4 4 3 3 
2 22 0 0 2 2 2 6 1 1 3 6 0 0 3 7 2 6 0 0 1 1 4 15 2 2 2 15 3 6 2 6 4 4 3 10 3 3 1 4 2 8 1 5 1 1 2 3 2 2 2 2 0 0 2 2 5 19 2 4 3 4 1 1 
1 1 1 2 1 1 3 8 1 1 2 2 1 1 5 15 3 28 1 2 3 26 3 4 1 1 1 1 1 1 2 7 2 2 3 9 0 0 3 14 0 0 1 1 2 9 0 0 3 8 2 2 1 4 0 0 2 14 1 1 3 11 1 72 
1 1 3 4 1 6 4 7 6 48 2 7 4 7 2 2 3 4 4 11 0 0 3 6 2 11 1 140 1 1 2 6 0 0 2 2 4 22 1 17 1 2 4 195 2 2 0 0 5 11 1 5 1 1 2 2 2 3 3 8 3 77 2 2 
2 2 1 2 1 1 5 9 0 0 2 2 1 18 1 1 1 4 1 24 2 2 1 1 1 13 2 3 1 3 3 5 2 3 3 19 3 8 2 3 0 0 5 1119 3 9 4 30 2 6 5 18 1 6 4 6 4 4 1 1 4 18 0 0 
1 1 2 2 6 20 0 0 1 2 3 4 1 2 1 5 5 14 3 6 2 22 2 355 0 0 3 9 2 2 1 1 2 11 0 0 0 0 1 1 3 10 2 13 4 11 2 16 3 20 2 8 2 89 2 5 6 22 2 2 6 18 2 2 
1 5 4 27 5 20 2 2 3 6 0 0 2 3 0 0 1 1 2 4 2 7 3 34 2 4 3 32 4 9 4 9 2 8 5 9 5 111 2 2 1 5 0 0 3 8 3 4 1 2 4 8 3 10 1 1 1 1 2 19 2 2 2 3 
2 3 0 0 4 30 0 0 3 10 0 0 2 2 1 4 2 8 3 3 3 118 5 12 2 2 4 7 3 143 5 50 0 0 2 2 1 1 3 8 1 2 0 0 0 0 1 1 4 63 5 15 5 8 4 45 1 1 1 58 1 1 1 2 
2 2 4 6 2 6 2 2 0 0 2 2 1 5 1 1 0 0 1 1 0 0 2 38 2 8 3 3 1 19 3 5 1 3 3 3 6 11 2 330 1 1 1 250 0 0 1 14 2 8 3 14 2 7 1 1 1 3 3 180 4 31 2 15 
2 92 3 19 2 13 4 14 1 2 0 0 2 10 3 7 1 22 1 2 3 3 3 11 1 6 1 1 5 13 1 1 5 44 0 0 4 15 4 13 1 13 0 0 3 3 1 2 2 5 4 5 4 15 3 4 0 0 0 0 2 8 2 6 
5 338 3 4 4 7 2 2 3 5 3 16 2 30 3 3 3 3 3 9 1 1 2 5 2 5 1 7 3 4 0 0 2 6 2 12 6 43 0 0 1 2 1 1 1 1 4 75 1 1 2 11 6 18 2 2 2 3 6 27 1 1 4 12 
1 14 1 8 2 2 2 2 2 12 1 2 0 0 5 15 1 1 5 23 1 2 3 5 4 8 3 1493 3 7 2 2 4 27 3 54 5 10 3 87 0 0 1 1 0 0 0 0 1 1 1 3 2 2 3 16 0 0 4 7 3 5 3 120 
2 15 1 1 2 83 2 2 1 29 1 1 5 16 1 1 3 7 5 7 1 3 2 6 1 6 3 12 4 15 2 37 3 17 1 1 1 6 1 19 3 28 3 3 0 0 1 1 2 3 0 0 1 1 0 0 1 1 1 1 1 1 3 12 
2 69 2 2 2 2 1 5 0 0 1 1 1 39 2 3 2 4 3 4 0 0 2 18 5 11 1 4 3 236 0 0 4 23 2 9 3 13 1 1 2 9 1 6 4 11 1 37 7 61 5 88 1 19 4 5 5 28 0 0 2 6 5 29 
3 21 5 14 1 1 0 0 2 366 0 0 0 0 3 5 1 6 1 34 3 4 1 1 0 0 3 3 2 6 3 6 3 8 1 27 1 2 2 2 0 0 1 1 0 0 2 2 1 1 1 1 4 9 2 3 0 0 4 9 4 29 3 28 
2 4 3 9 4 13 0 0 0 0 1 4 3 6 2 19 2 27 2 5 0 0 0 0 6 7 0 0 4 11 1 3 3 183 2 37 2 10 2 2 0 0 3 13 3 13 0 0 1 5 3 107 1 1 1 23 1 121 4 20 2 2 1 1 
4 17 1 1 2 5 0 0 1 1 3 50 0 0 2 4 2 6 6 32 0 0 1 1 2 2 1 55 3 47 3 283 2 3 0 0 1 3 2 2 0 0 1 2 0 0 0 0 4 8 3 8 1 1 2 2 3 7 2 8 2 2 0 0 
2 25 2 7 3 107 2 2 1 1 4 5 2 4 2 3 3 4 5 16 4 20 1 1 3 17 2 5 0 0 0 0 4 152 4 18 0 0 1 6 4 14 1 1 0 0 2 2 8 63 2 18 3 15 3 5 2 5 1 8 2 5 2 2 
2 3 4 28 4 37 0 0 1 2 1 1 5 12 1 1 0 0 0 0 3 4 0 0 2 2 1 10 4 8 5 6 1 7 5 49 0 0 2 2 5 7 6 36 2 19 1 24 4 11 0 0 1 1 3 18 2 6 0 0 2 5 0 0 
1 6 2 2 4 182 1 2 1 1 0 0 3 36 0 0 1 1 2 2 2 6 1 1 2 4 0 0 6 15 1 8 3 50 3 39 4 5 0 0 1 74 2 3 4 7 1 1 2 2 3 14 1 1 1 5 2 2 3 7 2 61 0 0 
2 7 1 4 2 3 3 4 3 8 2 9 2 37 3 3 0 0 4 9 3 10 1 1 1 4 2 2 5 85 1 4 2 22 3 12 2 30 3 8 2 3 0 0 0 0 2 7 2 2 0 0 1 15 4 10 0 0 3 12 1 19 2 8 
3 88 0 0 0 0 2 4 2 3 2 11 3 73 2 313 6 80 2 2 4 8 5 10 1 1 0 0 1 4 3 5 2 14 3 7 2 6 4 17 2 6 3 12 2 9 6 18 1 40 4 20 3 15 4 15 0 0 3 47 3 12 2 11 
1 5 0 0 3 10 4 18 1 3 0 0 3 4 1 3 0 0 2 2 2 8 2 12 3 3 2 3 3 3 1 1 4 76 2 346 1 18 2 7 2 2 4 8 0 0 1 1 2 18 1 8 3 639 0 0 1 1 1 1 3 5 3 8 
2 2 1 20 3 8 3 5 1 1 0 0 1 12 1 1 0 0 3 5 3 4 1 1 3 7 0 0 2 24 2 15 1 1 3 6 2 4 2 2 1 1 4 9 5 16 1 3 0 0 3 4 1 137 4 19 2 2 1 1 1 3 3 3 
2 6 4 6 3 65 1 84 3 3 2 2 2 12 3 4 3 5 2 6 1 22 2 18 3 52 6 39 3 4 1 5 5 18 0 0 1 4 3 14 3 28 2 18 0 0 1 1 1 1 2 83 2 4 5 30 3 8 8 29 2 2 2 3 
5 152 1 2 3 20 2 2 3 5 2 7 2 2 2 2 2 6 2 17 1 1 1 5 1 10 2 6 2 7 3 27 1 3 1 1 2 9 1 5 2 10 6 49 1 1 5 26 2 2 2 2 3 11 1 1 1 1 0 0 1 1 4 74 
1 1 5 14 2 2 0 0 2 19 1 2 1 4 1 2 3 6 1 9 1 3 1 472 7 23 0 0 5 7 3 23 2 11 2 2 1 937 2 7 0 0 2 2 0 0 2 39 4 19 3 67 1 1 3 44 3 13 2 2 4 22 2 7 
4 9 0 0 1 4 0 0 1 1 3 11 3 5 3 5 4 8 2 2 2 6 2 9 1 1 5 9 1 1 2 6 4 32 2 3 3 8 1 30 3 51 2 32 1 1 2 7 1 10 2 3 1 1 4 15 3 3 1 1 1 89 2 2 
0 0 1 22 4 38 3 10 3 40 2 2 1 4 4 9 2 2 1 1 4 13 2 14 4 16 2 2 2 9 3 4 2 2 1 8 0 0 1 9 2 7 2 2 2 2 1 3 1 1 3 14 2 16 2 4 1 7 2 8 4 16 2 29 
1 6 0 0 3 15 1 1 0 0 1 1 1 4 1 2 0 0 0 0 3 7 2 47 5 49 3 3 2 3 0 0 0 0 1 1 1 32 1 14 3 3 1 1 2 2 3 6 3 17 3 3 3 88 3 19 3 27 4 10 3 42 3 17 
6 36 1 4 3 3 1 8 4 10 2 2 2 15 0 0 0 0 0 0 1 1 4 7 1 165 3 5 2 2 3 50 2 3 3 13 2 13 3 7 0 0 3 13 4 30 0 0 1 2 1 6 1 8 2 43 0 0 1 1 1 1 3 3 
3 76 2 9 2 25 0 0 3 38 1 18 3 33 2 3 1 3 1 4 1 1 2 10 2 63 2 2 3 6 3 6 1 1 4 9 2 354 4 96 0 0 0 0 2 14 1 1 2 19 2 2 0 0 0 0 1 14 2 9 1 2 1 2 
2 3 2 4 1 5 3 9 4 67 2 14 4 6 5 55 2 30 1 1 3 7 1 4 3 7 3 6 3 4 3 36 1 1 2 8 1 1 1 1 2 2 1 6 5 9 0 0 3 33 2 2 2 2 4 27 2 68 4 21 1 4 2 3 
2 16 3 22 2 7 2 3 5 86 6 65 1 1 4 9 6 26 2 5 3 5 0 0 0 0 2 10 1 4 2 2 0 0 2 30 4 21 5 11 2 2 3 6 2 4 3 16 0 0 0 0 1 1 2 2 2 3 2 4 2 7 1 2 
0 0 1 1 3 3 2 3 0 0 2 21 3 22 1 1 4 8 1 5 2 7 1 1 0 0 3 9 0 0 1 9 3 14 0 0 3 18 2 4 4 4 2 3 3 3 2 2 0 0 3 7 3 4 3 7 3 44 2 9 3 6 2 2 
3 6 1 1 4 18 3 3 1 1 1 8 2 7 5 218 4 28 0 0 1 1 1 25 3 38 2 163 5 9 4 132 0 0 3 6 2 3 1 3 5 10 0 0 4 4 5 36 3 8 0 0 1 7 2 2 2 10 0 0 2 2 2 23 
6 51 2 2 2 42 3 434 2 5 3 22 1 1 2 14 3 3 4 30 1 15 1 24 2 2 1 2 3 21 2 28 2 15 1 2 2 2 2 3 2 2 4 5 0 0 0 0 1 2 5 14 0 0 1 5 2 7 2 4 2 6 2 6 
3 49 2 555 1 101 0 0 3 12 1 1 3 9 0 0 4 18 1 3 0 0 4 29 3 14 3 4 2 14 5 12 3 1008 2 3 4 43 2 4 2 2 3 11 2 2 2 3 1 1 1 1 3 20 1 1 6 35 1 1 3 3 1 1 
1 1 2 2 1 4 1 1 2 2 0 0 2 11 0 0 3 7 1 1 2 43 1 1 2 5 2 4 0 0 5 23 3 6 1 1 2 12 4 14 0 0 2 4 1 1 3 40 1 7 3 3 1 28 2 4 2 459 2 23 2 3 2 7 
3 5 6 83 0 0 3 12 4 16 2 29 1 1 1 1 5 14 3 3 0 0 2 5 0 0 2 6 0 0 6 10 2 4 2 269 2 9 1 1 0 0 3 6 3 6 2 2 4 16 1 1 0 0 1 2 2 2 1 1 2 8 1 10 
2 2 0 0 0 0 4 13 1 2 1 1 5 37 2 9 3 3 1 11 3 14 2 5 0 0 0 0 1 1 1 1 1 1 2 5 1 1 5 19 3 4 2 2 5 5 2 4 2 2 2 2 2 2 2 4 5 66 0 0 3 5 2 2 
2 40 1 1 1 1 1 4 2 16 2 2 1 5 3 3 3 6 2 16 2 2 2 2 3 4 4 5 2 2460 2 7 2 2 0 0 3 7 1 1 0 0 4 19 0 0 2 2 2 2 1 6 2 2 1 1 0 0 3 3 1 5 0 0 
1 1 3 35 4 24 1 1 2 8 2 2 5 7 2 3 6 23 1 1 3 5 1 5 3 3 4 24 3 705 2 10 1 1 1 1 2 2 3 38 1 3 1 1 3 20 1 5 2 2 4 8 1 2 0 0 0 0 3 23 1 2 3 516 
3 3 3 2290 2 11 2 2 1 110 4 75 2 3 1 1 3 13 2 42 2 9 0 0 1 1 2 13 0 0 2 442 4 12 2 3 5 85 0 0 1 5 1 1 2 8 0 0 2 2 1 20 1 1 2 4 2 4 4 16 1 1 1 1 
3 9 1 4 0 0 2 23 3 7 0 0 3 10 3 39 4 5 0 0 1 1 1 35 2 7 1 41 1 2 1 1 1 1 2 38 4 8 0 0 2 2 3 4 3 55 4 13 4 440 3 26 2 8 2 13 0 0 0 0 3 9 2 4 
2 5 2 5 2 3 3 6 3 125 2 33 4 12 3 3 1 5 2 3 1 1 1 1 3 5 1 6 4 49 2 9 2 5 2 2 2 6 4 4 1 1 2 2 2 3 3 3 4 27 2 30 3 4 0 0 2 8 3 12 1 1 2 44 
5 7 0 0 3 14 2 10 0 0 2 7 2 2 4 78 3 3 3 12 2 9 0 0 4 8 2 16 3 4 3 4 2 2 4 12 1 1 0 0 1 1 2 2 1 2 2 6 2 3 2 2 3 48 2 2 2 2 0 0 1 1 3 20 
5 58 2 11 2 2 4 13 4 6 2 11 0 0 2 28 3 5 4 6 2 5 2 2 3 3 2 2 1 1 1 14 3 3 1 1 0 0 6 24 1 3 3 3 0 0 1 5 1 4 3 3 2 4 3 13 2 5 4 4 1 3 1 1 
3 3 4 16 0 0 0 0 3 7 1 1 3 8 4 5 2 30 1 2 3 18 2 4 4 5 0 0 2 14 1 2 1 5 2 2 4 11 0 0 1 1 0 0 4 7 1 7 3 8 3 3 1 12 3 3 1 2 2 3 2 2 1 1 
2 3 2 2 0 0 2 2 2 2 0 0 0 0 5 8 3 10 3 22 1 1 4 141 0 0 1 1 1 1 1 9 2 27 3 138 5 610 1 42 3 33 3 6 3 7 1 2 2 4 2 5 2 2 1 1 3 3 2 7 0 0 4 19 
2 4 0 0 4 52 2 11 3 4 1 1 1 3 3 4 1 1 3 9 1 1 2 13 2 104 3 4 3 276 1 11 1 1 3 748 0 0 1 1 2 9 0 0 3 5 2 2 4 4 2 2 3 18 2 2 6 113 3 3 3 4 1 5 
2 4 1 3 1 1 0 0 3 3 3 65 6 30 1 2 3 15 0 0 1 1 2 10 1 1 4 7 1 1 1 4 4 12 0 0 2 311 1 5 4 4 1 9 1 46 1 4 2 3 2 5 4 7 0 0 1 4 0 0 1 1 3 27 
2 11 2 6 2 4 3 9 0 0 3 16 1 1 3 6 1 2 4 11 3 8 2 3 2 111 1 2 4 17 0 0 3 30 1 3 1 1 2 5 3 22 2 3 0 0 0 0 3 4 1 1 5 9 1 1 1 28 1 2 1 4 1 1 
0 0 3 6 3 540 2 2 2 4 0 0 3 3 3 11 0 0 2 2 1 193 1 2 4 22 2 8 3 6 1 18 5 9 2 142 2 2 2 2 0 0 3 4 0 0 4 9 3 33 9 35 1 66 0 0 0 0 4 15 2 78 1 1 
1 36 2 2 2 32 2 54 3 6 2 85 3 3 0 0 2 2 0 0 2 597 0 0 4 7 3 4 3 7 4 9 2 4 5 197 2 4 2 9 1 1 1 9 0 0 4 7 5 27 3 4 4 5 3 6 2 17 4 21 2 361 0 0 
3 7 1 1 3 22 1 20 2 28 2 6 2 10 0 0 2 7 0 0 1 2 5 62 3 10 4 157 4 15 2 2 2 2 6 60 3 19 1 1 4 13 2 8 2 2 2 6 0 0 1 1 1 1 3 8 2 3 1 2 5 67 0 0 
1 23 5 51 3 43 1 3 1 1 2 7 1 1 3 3 3 22 3 202 3 3 2 2 0 0 0 0 3 25 2 8 2 2 2 57 3 45 4 50 2 2 3 12 1 1 6 31 1 5 1 22 3 3 1 2 2 6 2 2 1 5 2 2 
1 1 2 15 1 1 0 0 1 1 3 5 0 0 3 76 1 3 3 10 4 26 0 0 0 0 4 19 4 19 2 17 2 6 1 12 2 7 2 193 4 5 1 1 3 11 3 3 5 10 1 1 2 7 1 1 0 0 1 2 2 7 1 5 
3 10 3 4 1 12 2 7 2 5 4 19 1 2 6 10 3 13 2 7 4 11 3 7 1 17 2 12 4 22 1 1 0 0 2 26 2 21 3 5 1 1 2 2 3 18 1 1 2 62 2 2 1 1 4 8 1 8 1 2 3 3 2 8 
6 11 4 4 2 7 2 3 0 0 1 1 2 9 2 2 4 17 1 3 1 1 1 1 2 3 1 1 5 6 2 12 1 4 0 0 2 7 0 0 5 16 2 11 3 14 2 24 3 6 1 1 2 2 2 2 1 1 0 0 1 11 1 3 
1 10 2 2 2 3 3 16 7 41 3 9 0 0 2 21 2 9 3 6 2 57 1 5 2 50 3 5 2 3 4 10 1 5 3 4 0 0 1 1 3 11 2 19 0 0 1 1 2 21 1 1 0 0 1 1 4 104 2 3 4 21 1 3 
2 21 1 1 0 0 2 3 3 8 3 3 3 43 1 2 3 20 2 9 2 27 6 16 1 1 1 3 1 1 2 4 1 1 1 5 2 18 1 1 3 3 2 4 2 2 4 6 4 23 3 4 1 2 2 3 3 121 3 4 1 5 5 26 
3 3 0 0 1 4 2 2 1 5 1 1 1 1 4 86 1 3 3 3 2 2 0 0 0 0 2 2 0 0 1 10 3 16 2 14 1 1 2 2 0 0 2 144 2 5 1 5 2 4 1 2 3 32 2 7 1 4 0 0 2 2 5 5 
6 14 1 7 2 7 0 0 2 21 1 1 3 77 3 5 2 20 0 0 1 1 3 7 3 8 4 19 4 35 1 5 4 10 2 20 3 30 0 0 4 20 2 2 0 0 4 98 5 42 1 1 0 0 4 11 0 0 3 6 1 1 0 0 
0 0 3 10 4 4 0 0 2 43 2 4 2 3 2 5 3 16 2 2 1 2 1 1 2 6 3 53 1 1 2 2 1 1 1 1 1 1 2 2 3 45 2 2 0 0 1 14 3 4 1 1 3 18 2 15 1 2 1 4 2 169 0 0 
1 1 3 9 4 10 1 1 2 170 2 52 2 2 3 4 1 3 6 36 2 3 2 9 1 4 1 1 2 2 2 4 3 10 0 0 1 1 4 7 2 4 1 7 0 0 2 2 3 31 3 13 2 20 2 4 2 23 5 195 2 11 2 122 
2 14 0 0 1 15 3 8 0 0 4 7 4 44 3 11 5 18 3 7 4 15 3 16 1 1 1 1 1 2 1 1 3 21 5 14 5 14 1 1 1 1 1 111 4 10 0 0 5 458 2 38 0 0 2 2 3 18 6 58 3 7 2 7 
0 0 4 5 2 2 1 1 1 1 0 0 1 1 2 13 5 2211 2 2 3 3 2 2 4 43 1 1 1 6 1 2 6 12 0 0 2 10 0 0 6 47 4 13 1 3 2 6 5 39 2 57 1 4 1 1 4 13 5 18 3 4 0 0 
3 3 2 5 0 0 2 2 2 9 3 7 0 0 6 33 3 9 0 0 3 10 3 50 2 7 3 18 1 1 4 8 0 0 1 31 4 27 2 5 4 15 2 2 2 50 1 1 2 8 3 9 1 1 2 2 1 1 0 0 1 212 2 2 
3 86 3 18 1 1 2 8 1 3 4 62 0 0 1 1 2 2 1 4 0 0 1 1 1 5 0 0 1 2 3 8 1 1 1 1 1 1 0 0 3 13 3 54 4 32 4 4 2 12 2 3 4 7 3 5 2 69 0 0 0 0 5 18 
1 5 0 0 2 5 1 1 2 12 1 1 4 11 4 62 0 0 2 2 3 10 1 1 2 2 1 3 3 10 2 2 3 11 4 5 2 3 3 8 5 158 2 2 1 1 1 1 2 2055 2 2 2 9 1 3 1 6 3 7 0 0 1 5 
1 1 0 0 2 29 1 1 2 9 1 8 2 15 2 9 3 8 2 26 2 6 3 5 3 5 1 1 3 9 1 1 0 0 1 1 0 0 3 13 1 9 0 0 4 89 3 7 3 6 6 34 4 165 0 0 3 15 3 7 2 4 7 119 
2 32 1 1 1 1 2 4 1 3 1 1 2 16 5 18 1 15 0 0 1 1 0 0 4 33 0 0 1 1 0 0 4 26 3 9 3 9 5 9 1 1 1 1 2 5 1 10 5 35 0 0 2 3 3 29 2 4 2 5 2 13 3 9 
1 6 2 10 3 22 1 2 2 2 0 0 2 2 1 1 3 6 2 54 4 7 3 11 1 1 2 2 2 3 1 1 2 2 3 5 4 7 0 0 0 0 2 22 0 0 3 15 2 7 3 13 4 13 4 14 2 458 4 6 1 8 2 7 
2 131 3 15 1 1 0 0 0 0 1 10 2 7 2 2 0 0 1 83 3 9 2 3 6 10 1 3 2 2 3 344 2 2 1 72 4 9 2 3 1 1 1 1 1 1 3 9 5 722 1 8 2 19 1 2 1 3 3 201 0 0 1 2 
1 8 0 0 2 8 3 7 1 1228 2 10 1 1 3 5 1 1 2 7 3 11 1 6 2 5 4 63 4 746 2 2 1 2 4 9 3 6 3 6 0 0 0 0 2 5 1 6 3 4 1 10 1 9 4 37 3 11 3 6 3 3 4 135 
3 20 6 17 2 2 4 16 6 9 4 8 3 7 2 66 2 5 2 12 1 1 2 175 1 1 1 7 2 2 3 12 2 13 1 2 2 3 2 8 3 4 0 0 3 7 2 2 1 1 3 6 2 4 2 2 1 6 2 2 3 3 2 2 
3 7 2 2 1 1 2 4 1 1 5 16 1 2 0 0 1 1 0 0 1 5 2 17 2 2 1 1 3 17 0 0 1 1 3 12 4 20 2 13 1 1 1 1 0 0 4 13 2 4 0 0 0 0 0 0 4 5 5 22 2 2 2 2 
3 3 2 130 0 0 4 6 2 2 2 6 5 5 3 5 1 5 0 0 1 1 4 9 3 10 3 3 0 0 2 17 1 3 2 5 4 17 7 26 4 10 0 0 3 96 1 1 7 33 1 1 0 0 7 11 2 2 2 2 1 3 2 28 
2 2 2 7 4 5 3 132 2 4 1 1 1 1 2 5 2 187 1 3 1 1 2 2 3 3 0 0 0 0 2 6 2 2 3 26 4 7 0 0 3 169 1 3 3 4 3 10 2 18 3 14 1 8 2 16 3 7 1 1 1 8 1 1 
2 4 3 17 1 1 1 1 2 2 3 8 1 24 1 9 2 2 0 0 2 4 1 7 3 3 2 2 4 39 1 5 2 3 1 1 2 14 3 7 1 1 1 4 2 6 2 3 3 7 3 15 0 0 0 0 1 1 2 5 1 1 0 0 
3 9 1 1 4 15 4 6 0 0 1 1 3 16 1 1 3 5 3 12 6 7 1 8 1 1 1 4 2 7 1 1 1 1 1 1 1 1 2 26 0 0 2 4 1 2 2 7 4 18 2 2 4 9 4 5 0 0 0 0 1 2 2 4 
1 1 2 3 1 1 4 12 4 7 3 14 2 3 2 18 0 0 1 1 2 20 5 47 5 30 2 85 2 33 3 8 0 0 2 47 1 1454 3 8 3 8 1 1 1 37 3 6 0 0 1 3 1 1 2 16 4 32 0 0 3 13 0 0 
0 0 2 15 0 0 3 3 1 1 1 6 2 2 2 8 3 4 0 0 1 1 4 14 2 2 3 22 2 3 1 2 3 12 3 5 1 1 2 22 2 3 1 10 1 1 1 1 3 3 1 2 1 5 1 1 3 64 0 0 2 2 1 3 
0 0 2 23 0 0 0 0 1 4 3 10 3 129 2 3 2 3 1 10 4 30 3 33 4 42 2 34 5 12 1 1 1 9 1 1 2 2 2 7 1 2 1 1 0 0 1 8 0 0 0 0 3 5 3 16 1 5 0 0 5 105 2 142 
1 1 2 5 6 781 3 125 2 6 2 5 4 275 2 4 5 7 2 33 0 0 4 12 2 13 3 3 3 3 1 1 1 2 5 58 1 1 1 49 4 8 2 4 3 5 2 2 1 1 1 1 4 10 0 0 1 1 3 739 0 0 4 10 
5 7 1 4 3 6 3 26 2 15 1 1 2 7 2 3 0 0 3 11 3 3 4 7 1 1 2 22 0 0 0 0 0 0 1 20 0 0 2 10 2 6 3 3 0 0 4 11 3 8 1 2 1 2 3 10 4 5 5 36 4 24 2 2 
6 15 1 1 2 2 0 0 4 11 4 4 3 289 0 0 5 161 4 15 2 40 2 16 2 55 2 6 1 2 0 0 4 12 2 6 2 3 2 28 1 1 1 1 3 3 1 9 3 56 3 9 2 8 0 0 0 0 4 6 1 5 1 1 
2 2 1 33 2 8 0 0 2 11 1 1 2 7 2 7 1 4 5 8 2 28 0 0 7 17 2 4 1 1 2 3 5 121 3 13 0 0 1 1 2 3 2 2 1 1 2 3 1 1 1 1 1 1 8 31 2 3 3 6 2 44 6 11 
2 4 1 1 1 1 0 0 3 9 2 17 4 28 2 16 2 13 1 1 2 3 1 1 1 1 2 2 1 1 2 3 2 12 2 9 0 0 0 0 1 1 2 2 2 7 2 6 2 7 5 14 1 1 0 0 1 21 4 10 2 29 1 42 
3 29 4 18 5 11 1 4 0 0 3 12 3 11 3 4 0 0 4 40 2 2 3 3 3 8 1 1 1 1 0 0 0 0 3 4 2 13 2 2 1 2 2 36 3 7 2 3 3 8 2 7 2 6 4 31 1 3 4 22 3 3 5 11 
1 1 1 1 5 10 2 15 2 89 1 2 2 4 5 20 2 31 1 6 3 60 2 9 1 8 1 1 1 1 2 17 1 30 1 1 3 16 0 0 4 7 3 5 1 1 4 8 5 14 1 1 3 12 2 2 3 29 0 0 3 11 3 11 
2 148 3 26 2 4 2 9 1 1 3 12 1 1 1 1 1 1 0 0 6 213 1 6 2 2 3 5 4 7 1 1 2 2 0 0 0 0 3 35 2 8 1 1 3 12 2 4 1 14 3 3 2 4 5 12 2 15 5 11 1 4 1 1 
1 1 2 7 3 8 2 27 0 0 1 1 3 101 3 9 1 1 1 1 1 23 3 48 1 2 2 6 2 13 1 10 2 3 2 31 1 1 2 3 3 4 2 8 2 2 4 244 3 18 1 4 1 2 1 7 1 1 2 2 5 222 1 2 
1 216 1 1 1 4 2 2 5 30 1 3 1 1 2 2 1 1 1 2 5 232 1 1 2 2 0 0 3 11 3 4 2 40 0 0 3 13 1 1 5 13 1 1 2 3 4 10 1 26 2 2 1 1 3 3 1 3 0 0 4 9 4 15 
1 1 2 13 3 6 0 0 3 3 2 2 2 9 2 94 3 19 2 3 0 0 1 10 6 26 3 6 0 0 4 11 1 4 1 1 3 28 3 37 1 3 3 3 2 8 0 0 1 13 3 4 1 1 1 1 4 41 6 15 3 11 2 2 
1 1 1 6 1 1 3 3 4 7 1 1 1 3 1 1 2 2 2 38 1 1 2 25 0 0 2 7 2 14 0 0 3 27 3 29 3 11 0 0 2 2 5 17 2 2 3 4 3 25 3 7 1 1 1 1 0 0 2 2 1 8 2 4 
2 3 1 1 4 955 3 19 2 11 4 5 2 6 2 16 4 13 1 5 6 17 3 8 1 1 2 22 2 11 3 28 5 13 3 9 0 0 3 18 2 2 1 1 4 61 1 2 0 0 4 230 2 2 4 4 2 2 2 2 2 6 2 4 
1 4 0 0 6 12 0 0 4 12 3 95 1 3 1 1 1 7 2 2 1 10 2 16 2 2 1 5 2 18 2 2 0 0 2 35 4 23 1 1 4 7 1 6 1 1 3 56 2 62 2 46 0 0 2 2 4 10 2 7 0 0 1 27 
1 6 2 24 2 6 1 1 3 10 2 2 4 40 3 3 2 6 5 48 2 4 0 0 1 1 4 52 0 0 3 17 3 3 4 24 2 2 3 18 1 10 2 2 2 9 2 2 3 445 6 145 1 1 1 5 4 95 4 13 1 1 2 2 
5 10 3 10 3 93 2 5 2 6 1 1 0 0 2 7 4 7 3 3 1 1 1 2 4 26 3 28 1 36 5 24 1 1 4 7 2 5 3 3 4 6 2 7 2 4 0 0 7 26 4 5 2 9 3 3 0 0 2 7 2 5 6 8 
2 29 4 5 4 287 2 6 5 36 2 11 5 63 2 2 1 1 2 4 5 8 3 4 3 5 3 3 1 1 5 8 1 1 1 4 4 7 1 13 3 3 3 5 2 19 4 19 1 6 1 2 3 75 3 17 3 9 2 7 2 5 0 0 
2 5 2 90 1 1 3 3 2 5 2 5 4 17 0 0 2 444 0 0 2 4 3 4 2 665 0 0 1 1 5 18 1 8 0 0 2 2 1 8 2 5 2 2 3 20 1 1 3 5 0 0 4 20 3 4 1 1 6 19 1 9 1 1 
5 128 2 13 1 1 2 8 4 5 0 0 0 0 2 4 2 77 3 4 3 3 2 3 1 1 2 7 2 2 1 17 1 1 0 0 2 3 6 29 1 41 0 0 2 5 1 1 3 20 5 44 1 1 4 5 3 20 2 8 1 3 4 6 
0 0 3 700 2 16 0 0 3 18 2 27 5 5 2 40 1 1 2 10 2 42 5 9 1 16 2 7 1 1 2 29 2 19 5 22 4 16 4 40 0 0 4 29 0 0 2 6 3 7 1 9 0 0 2 2 3 3 3 21 1 5 1 5 
2 17 3 26 1 1 4 27 4 9 1 1 0 0 3 47 1 6 2 15 1 1 1 1 1 2 3 34 2 12 2 6 4 4 1 44 3 4 3 22 2 42 5 18 2 2 2 2 0 0 2 2 2 2 2 2 1 1 2 2 2 6 5 12 
1 8 2 3 4 45 2 8 0 0 1 8 0 0 2 4 1 1 2 6 1 1 2 14 2 26 1 1 0 0 3 3 2 2 0 0 2 22 3 4 2 4 3 5 3 13 4 29 3 13 2 28 1 1 4 16 4 11 0 0 1 2 1 1 
4 31 4 7 3 6 2 2 2 2 2 7 3 3 3 3 2 24 0 0 3 190 5 43 1 1 2 2 6 75 2 5 3 16 0 0 1 1 4 18 0 0 2 9 3 13 1 1 2 3 3 14 1 1 2 5 2 5 2 3 0 0 0 0 
4 5 2 3 3 8 1 1 2 2 2 25 3 13 2 6 1 86 2 30 1 14 2 3 3 3 3 5 1 2 0 0 4 4 0 0 3 5 3 17 2 65 1 1 2 4 3 30 5 10 3 32 4 25 3 59 2 22 0 0 1 12 1 1 
1 11 1 1 1 1 2 11 2 19 2 2 2 2 2 9 1 1 5 13 7 93 2 6 0 0 2 2 5 10 1 1 2 13 2 12 1 15 1 5 3 3 0 0 1 1 2 5 7 32 2 2 1 37 1 1 2 2 5 21 3 7 3 8 
0 0 1 1 1 11 4 18 0 0 1 1 0 0 2 6 2 7 2 2 1 1 1 20 1 1 3 86 4 5 1 1 1 12 1 1 2 12 2 29 1 1 2 2 5 13 1 3 3 14 1 14 5 13 2 2 0 0 3 468 4 150 2 65 
4 144 3 5 1 1 1 7 0 0 1 1 1 23 1 1 4 5 1 1 3 21 2 7 4 13 4 12 2 2 2 2 3 14 4 6 3 4 1 53 4 15 3 11 3 5 0 0 1 2 2 2 1 3 4 10 2 7 2 27 1 1 0 0 
0 0 2 15 1 2 3 13 0 0 3 16 1 1 4 287 5 14 5 11 2 6 3 10 2 15 5 5 2 5 3 13 2 10 1 1 1 1 2 3 1 43 2 3 0 0 3 11 2 3 2 5 1 8 0 0 3 12 1 3 2 2 1 1 
0 0 6 34 0 0 0 0 5 43 2 4 1 3 4 10 1 1 4 6 0 0 4 17 1 1 3 26 0 0 2 3 6 41 3 7 2 9 1 7 0 0 3 3 2 8 1 1 4 9 0 0 2 7 6 12 3 16 2 4 2 3 0 0 
1 22 4 11 4 33 1 1 2 32 3 7 1 9 2 21 1 1 4 37 4 16 1 1 2 7 3 5 1 5 4 67 1 1 3 9 3 41 0 0 3 8 4 6 1 16 1 2 0 0 0 0 2 11 1 3 1 1 0 0 2 2 1 1 
1 1 3 3 2 6 3 14 2 5 1 9 3 17 1 1 1 3 0 0 0 0 1 1 2 6 2 3 4 15 2 2 1 1 2 176 2 72 0 0 2 2 4 4 1 2 1 1 2 2 3 4 3 3 3 16 1 4 1 2 2 32 1 3 
4 14 2 2 2 2 1 2 1 4 2 7 3 8 4 14 1 4 6 10 2 3 3 9 1 25 2 3 1 1 2 3 2 3 3 9 1 1 2 2 0 0 2 2 2 9 3 3 2 2 2 3 2 2 1 1 2 2 0 0 3 14 2 6 
2 7 3 9 4 4 2 2 2 17 0 0 2 132 1 3 2 2 2 2 1 1 4 97 2 6 3 6 2 6 2 2 4 13 1 1 0 0 4 28 1 1 2 8 0 0 1 1 2 61 0 0 0 0 2 9 1 1 2 33 1 9 2 2 
2 2 1 1 3 9 3 6 1 9 2 103 2 31 3 124 5 27 3 8 1 1 2 8 1 4 3 23 3 4 0 0 5 31 1 1 3 5 2 6 3 4 2 2 2 12 3 17 1 1 2 11 0 0 0 0 5 24 1 2 6 18 2 3 
5 22 2 6 2 2 2 7 6 332 1 4 2 2 1 1 1 25 4 17 1 1 0 0 1 5 0 0 3 5 1 1 1 2 3 4 3 7 2 32 3 52 1 2 1 1 4 5 0 0 4 23 2 6 3 219 2 5 2 11 1 2 1 15 
0 0 2 2 2 3 1 35 1 1 2 2 3 9 2 5 1 1 0 0 1 1 3 13 3 4 2 9 2 2 1 1 0 0 5 18 1 3 1 1 4 11 2 9 4 57 5 10 1 1 2 6 2 4 2 5 4 121 1 1 3 3 1 7 
1 5 1 1 2 3 4 13 2 16 5 21 2 3 1 1 6 154 0 0 1 1 6 13 4 14 1 1 2 3 2 10 1 1 1 1 2 6 3 18 3 6 3 42 2 83 2 2 2 17 4 9 0 0 0 0 3 3 6 50 3 4 0 0 
1 1 4 17 2 3 1 3 1 1 2 2 4 15 1 5 3 6 1 2 5 13 2 94 5 21 0 0 1 1 5 5 2 2 3 11 4 35 4 31 1 2 3 5 2 4 5 21 0 0 0 0 2 12 3 59 2 2 1 3 3 29 4 210 
1 4 2 2 1 5 2 10 0 0 1 1 1 12 1 1 3 6 2 8 1 28 1 5 4 48 5 17 3 23 3 3 1 1 2 37 2 3 1 1 1 1 2 2 2 3 3 23 2 2 5 8 3 6 1 1 3 3 1 5 3 5 3 7 
0 0 4 6 2 4 0 0 1 5 4 10 1 3 3 167 2 22 5 27 4 7 0 0 5 22 1 1 2 6 5 13 3 15 3 5 2 7 0 0 1 2 1 1 2 3 4 46 3 27 2 7 2 2 1 69 2 3 2 2 3 14 2 12 
2 7 2 6 1 7 2 6 2 21 1 78 1 1 3 3 0 0 0 0 4 15 5 14 2 13 4 19 1 1 5 8 2 7 0 0 3 7 5 25 0 0 5 9 0 0 2 6 0 0 2 2 1 1 1 5 4 17 1 1 4 8 3 3 
3 6 1 1 1 31 3 5 3 14 1 1 3 3 3 8 1 1 2 3 2 3 0 0 1 6 0 0 1 1 2 7 1 7 3 55 1 6 2 14 2 2 2 5 4 6 5 51 2 6 5 10 3 41 0 0 2 5 4 13 5 25 2 5 
1 9 0 0 4 12 3 3 4 25 2 4 1 5 1 1 2 5 4 33 1 8 1 4 5 107 2 10 4 16 1 10 0 0 4 6 1 1 2 6 2 9 1 39 4 145 8 112 1 1 2 2 3 332 3 5 3 46 1 7 1 1 3 6 
2 17 6 20 2 3 3 7 1 22 0 0 0 0 2 46 0 0 0 0 2 10 1 15 1 1 1 1 2 2 2 5 5 15 4 5 1 1 1 17 3 4 2 46 4 10 0 0 3 32 2 41 3 7 3 140 3 10 1 1 3 3 0 0 
1 1 4 167 1 4 4 8 2 7 0 0 3 24 2 3 2 2 2 5 3 222 0 0 1 1 3 6 2 6 4 13 3 80 1 40 2 116 1 13 1 1 4 50 1 2 2 11 4 6 0 0 4 21 3 8 3 197 2 2 2 36 1 1 
0 0 1 1 3 15 2 2 0 0 2 2 2 14 2 6 0 0 1 1 1 1 2 2 1 1 2 2 3 15 4 34 2 4 2 2 0 0 2 2 2 11 2 21 1 2 8 19 2 3 3 29 6 11 3 20 3 6 5 123 2 2 5 39 
5 7 3 6 1 1 2 7 2 4 3 121 4 4 0 0 4 11 1 1 1 10 2 3 2 2 1 1 3 35 0 0 2 2 1 5 2 2 3 3 2 10 4 4 1 9 3 5 0 0 2 5 1 5 3 7 5 32 0 0 4 9 0 0 
2 8 2 2 0 0 0 0 3 343 2 21 3 10 3 99 1 36 3 5 2 2 6 9 2 12 3 17 3 3 0 0 0 0 4 15 3 6 2 2 4 245 6 23 2 25 5 41 3 46 5 19 2 2 4 24 1 7 3 18 4 73 3 95 
3 4 6 16 0 0 2 19 4 8 1 1 2 24 1 21 1 48 2 9 2 24 4 26 1 9 3 11 4 6 0 0 2 74 0 0 2 5 2 2 4 28 0 0 2 141 4 75 2 2 2 25 2 8 2 2 1 1 4 16 2 224 1 8 
4 6 1 36 5 37 2 5 1 1 1 3 2 3 3 14 2 109 3 3 1 4 2 3 1 1 2 5 0 0 4 28 1 1 1 1 3 3 0 0 2 2 1 10 3 15 2 35 3 14 1 13 0 0 1 26 2 13 1 1 1 1 6 11 
0 0 4 7 0 0 1 33 2 3 2 12 2 10 3 10 1 1 1 1 2 70 4 119 0 0 3 58 2 7 0 0 2 4 4 213 3 35 4 118 1 5 0 0 0 0 1 1 1 1 2 9 1 5 2 3 1 2 3 4 4 10 2 2 
4 7 0 0 0 0 2 4 1 1 1 10 1 1 3 9 2 5 4 72 2 36 3 6 0 0 1 1 0 0 3 115 3 11 1 1 1 1 2 7 0 0 4 54 0 0 1 1 1 11 1 1 3 25 2 2 1 1 2 2 3 12 2 3 
1 1 4 15 1 1 0 0 6 287 2 11 2 18 2 3 1 1 0 0 1 4 1 2 2 13 2 7 0 0 0 0 5 40 2 3 2 20 2 73 0 0 4 30 2 2 7 7 3 5 6 35 5 45 2 3 3 14 0 0 1 3 0 0 
1 15 1 1 2 3 3 207 0 0 2 2 1 1 7 46 2 2 1 2 1 1 2 2 1 1 0 0 0 0 3 43 2 6 2 2 0 0 3 4 2 3 0 0 2 33 3 3 3 5 2 25 2 2 6 33 0 0 4 5 2 14 2 22 
5 11 0 0 2 2 0 0 2 9 4 37 1 4 1 1 0 0 1 2 3 31 2 2 3 10 2 2 2 2 2 2 1 7 2 2 1 1 3 68 2 33 0 0 6 10 1 6 1 1 1 1 2 30 2 13 0 0 2 3 1 1 3 29 
0 0 3 13 1 1 1 1 1 49 3 6 2 2 2 2 2 14 3 3 1 14 2 153 6 41 1 1 5 53 0 0 1 4 4 54 3 5 2 16 1 1 3 14 3 41 1 1 0 0 1 1 2 2 2 8 2 2 0 0 4 7 3 20 
6 45 2 8 0 0 5 14 4 22 1 2 4 51 2 2 0 0 3 11 1 1 1 37 4 8 3 5 3 16 2 4 2 4 0 0 2 14 2 2 4 15 2 2 2 5 1 1 1 26 1 1 2 605 3 25 1 2 4 4 4 174 4 406 
3 6 2 23 4 10 2 3 4 6 2 2 1 12 2 6 0 0 2 2 1 3 3 47 3 24 0 0 2 8 2 14 1 6 1 7 0 0 3 307 1 9 3 6 1 1 0 0 2 21 1 1 0 0 1 5 4 13 3 13 0 0 2 3 
1 8 4 10 1 1 2 3 2 2 2 5 2 34 2 39 0 0 1 1 1 1 2 2 0 0 1 12 3 3 5 452 0 0 1 1 2 2 1 3 3 391 8 147 2 19 1 2 2 6 0 0 3 5 5 23 1 1 1 3 1 1 0 0 
0 0 3 8 2 4 2 3 2 8 2 50 3 241 1 1 0 0 0 0 4 53 3 3 6 11 2 6 3 6 1 30 0 0 2 6 2 5 3 20 2 5 4 26 0 0 2 7 3 15 1 16 1 1 3 5 1 1 2 7 2 5 5 22 
1 1 1 18 4 10 2 5 1 1 0 0 2 7 5 39 1 1 0 0 3 410 4 11 2 4 1 1 2 16 4 54 3 4 2 13 3 12 1 3 4 9 2 9 6 17 2 27 0 0 1 1 0 0 1 3 2 6 1 1 3 5 2 9 
1 1 3 22 0 0 2 121 1 1 0 0 4 33 1 5 3 6 3 5 3 29 2 4 1 1 3 3 1 1 3 16 2 5 1 9 4 19 2 6 2 13 2 2 3 9 2 119 1 1 3 5 0 0 2 2 2 6 4 6 4 5 4 9 
3 24 3 24 3 3 2 20 1 1 1 1 3 5 1 7 1 1 1 13 0 0 1 1 5 160 1 32 1 4 5 18 3 7 2 2 2 2 2 2 2 19 4 13 1 68 2 3 4 5 3 57 2 2 1 1 1 1 2 5 2 26 6 158 
0 0 3 4 0 0 2 3 5 10 0 0 5 22 2 28 2 9 4 159 2 2 2 2 3 20 3 47 1 4 3 9 4 34 0 0 3 5 0 0 0 0 1 1 4 2650 3 26 4 5 3 40 3 97 3 11 2 6 2 14 2 7 3 7 
2 16 5 13 0 0 2 2 3 5 1 29 3 3 1 2 4 9 2 5 0 0 2 2 2 3 2 4 0 0 1 4 3 6 3 29 5 15 4 46 1 1 6 9 0 0 5 15 1 4 4 5 4 9 2 11 2 14 1 1 3 3 2 3 
3 64 1 26 6 13 2 4 2 6 3 3 2 6 2 10 3 33 1 1 1 3 3 8 4 4 3 20 2 9 3 6 4 12 1 1 3 20 3 10 0 0 3 4 1 1 4 15 2 2 2 2 3 13 1 2 3 14 2 2 1 1 5 42 
3 3 4 15 3 44 0 0 3 17 5 20 7 20 0 0 2 3 1 4 0 0 0 0 0 0 4 8 3 66 2 3 1 2 4 40 4 8 1 1 1 1 5 14 5 46 1 2 1 1 1 1 3 8 2 9 1 1 2 2 3 4 4 17 
2 12 3 9 0 0 2 10 2 42 1 3 3 6 5 128 2 6 3 6 1 8 2 5 1 1 0 0 2 23 1 5 3 8 2 2 3 11 4 56 3 6 2 3 1 3 1 60 0 0 2 3 3 17 3 3 3 3 1 1 1 1 4 35 
2 28 1 1 1 2 3 3 0 0 2 13 1 3 2 2 4 34 3 4 2 3 2 2 1 1 3 11 7 25 3 10 1 2 2 14 2 10 1 1 1 1 1 10 0 0 3 3 0 0 3 11 1 1 1 6 2 10 2 2 1 1 2 2 
2 7 1 1 1 1 0 0 3 8 2 2 4 889 1 1 1 23 2 2 1 64 2 3 2 2 2 6 3 5 1 11 2 13 2 3 0 0 4 5 5 11 3 24 3 70 1 1 2 4 2 17 2 3 0 0 5 50 2 2 2 6 2 375 
3 39 1 2 1 1 1 1 1 1 5 17 5 43 2 23 2 2 0 0 1 1 4 7 2 2 2 4 1 2 1 1 1 8 3 50 1 1 4 23 0 0 5 49 3 51 4 9 1 1 2 7 1 1 2 4 3 3 3 304 1 1 3 111 
5 17 0 0 4 8 4 5 2 2 1 1 1 1 1 1 4 15 0 0 3 15 0 0 4 16 3 6 3 12 4 8 2 8 0 0 0 0 1 548 3 8 1 1 4 6 2 31 1 1 1 2 2 2 1 1 2 11 3 3 4 16 4 51 
2 6 1 1 0 0 1 1 1 1 2 8 1 1 2 4 2 22 0 0 2 3 5 8 2 2 1 9 1 1 1 29 0 0 1 1 1 2 1 1 2 6 3 3 3 5 3 3 3 77 3 6 0 0 0 0 0 0 7 30 3 3 4 8 
3 13 2 21 2 4 1 1 1 1 3 18 3 4 1 2 4 16 0 0 3 13 2 3 2 11 1 1 4 5 2 12 3 5 1 1 3 3 0 0 0 0 4 4 2 6 3 8 0 0 3 11 2 67 2 4 4 31 2 2 2 2 1 11 
1 1 1 2 2 8 1 1 1 2 2 3 4 34 4 12 4 6 0 0 6 56 3 3 0 0 3 10 4 97 3 7 1 14 1 1 3 5 2 8 3 3 3 4 1 3 1 1 3 21 0 0 2 2 0 0 1 1 2 2 2 5 1 20 
2 5 3 14 3 9 0 0 1 1 2 3 3 4 2 4 3 11 4 12 3 7 2 24 1 8 3 8 3 3 4 38 1 1 1 3 4 5 0 0 1 8 1 12 4 12 1 1 3 3 2 8 4 18 2 2 0 0 2 13 1 1 4 29 
1 1 4 5 4 12 3 1334 2 34 4 11 2 2 1 8 7 38 0 0 4 9 2 3 4 11 5 59 1 13 0 0 3 9 1 1 2 3 1 213 1 1 3 6 3 3 4 7 1 3 3 5 2 18 1 4 1 1 5 6 1 1 4 6 
4 4 5 22 6 19 3 5 2 11 2 3 3 4 3 23 0 0 2 2 3 5 2 5 2 6 0 0 3 6 1 1 2 2 2 3 5 13 1 1 0 0 3 15 2 47 1 78 4 31 1 1 2 18 1 1 2 76 2 4 0 0 5 9 
1 3 1 1 3 32 3 100 5 7 4 9 0 0 2 90 1 1 4 5 4 6 1 216 1 3 0 0 3 102 1 1 3 3 4 4 1 2 2 46 1 4 6 82 2 7 4 4 1 1 2 40 1 1 1 1 3 48 0 0 2 3 4 8 
2 5 1 20 3 144 1 1 1 12 0 0 1 1 0 0 2 18 2 5 3 3 2 5 1 1 0 0 2 8 4 40 4 6 3 9 0 0 3 12 2 10 4 7 2 2 1 60 3 7 3 11 2 2 4 8 0 0 3 8 4 4 4 8 
2 7 3 25 2 114 2 4 1 1 1 1 4 42 1 24 4 23 3 4 2 3 1 21 2 14 2 2 3 11 3 3 1 1 2 3 2 3 1 1 2 304 3 4 2 93 3 3 1 4 3 14 2 2 2 2 2 16 2 28 2 2 4 143 
1 24 0 0 4 18 1 2 0 0 4 31 2 2 1 1 2 2 2 2 3 4 1 6 2 4 5 81 3 22 1 2 8 77 1 5 4 4 1 8 1 4 3 17 2 31 4 12 4 45 3 3 3 8 1 1 0 0 2 3 2 2 4 9 
2 2 1 2 2 4 1 1 3 4 1 1 2 4 1 1 4 4 2 12 3 78 0 0 3 11 1 1 1 1 4 42 1 3 0 0 1 24 2 3 1 1 1 7 3 13 2 22 2 569 2 2 2 4 3 16 1 7 3 6 1 1 2 2 
2 10 3 10 3 7 1 1 1 1 3 5 2 7 2 5 2 4 4 4 1 1 2 5 4 47 4 14 4 26 5 12 2 7 4 7 3 20 4 16 1 33 3 11 1 1 3 4 2 2 0 0 1 1 1 1 0 0 5 26 1 1 2 5 
3 3 1 1 0 0 4 9 2 3 3 3 3 3 2 3 4 22 1 6 1 1 1 1 1 14 0 0 1 1 1 1 2 9 2 7 2 12 4 13 3 4 2 26 1 4 1 30 1 24 3 7 3 14 2 11 0 0 2 4 3 28 0 0 
4 6 1 18 5 17 4 12 1 1 3 11 1 2 1 1 0 0 7 8 4 7 2 3 3 7 1 1 1 5 4 4 6 34 3 10 2 2 1 1 3 12 1 1 4 11 1 1 1 9 3 29 3 4 4 19 3 10 2 3 3 4 1 2 
2 2 1 1 2 2 2 2 4 24 0 0 1 1 3 35 2 2 3 3 0 0 1 11 2 18 3 13 3 25 1 1 3 25 2 11 2 9 2 9 4 15 3 7 1 3 1 1 4 12 2 2 3 7 2 8 1 12 4 8 3 30 3 5 
0 0 2 292 4 29 2 6 6 51 7 73 2 4 1 1 1 3 0 0 3 3 2 80 0 0 1 1 1 1 2 3 1 2 3 7 5 35 1 11 2 2 2 12 1 2 3 15 2 2 3 11 3 3 4 22 5 5 0 0 3 10 2 3 
1 1 0 0 5 51 3 4 2 9 2 6 2 67 3 7 1 5 3 3 4 39 0 0 2 2 1 5 2 6 0 0 2 10 3 7 0 0 3 49 3 8 5 29 0 0 1 1 2 3 1 4 2 8 3 4 0 0 0 0 2 42 1 1 
0 0 0 0 0 0 1 2 1 1 1 18 3 89 3 9 5 59 3 5 4 42 2 5 3 197 2 142 1 5 1 1 0 0 2 3 0 0 2 3 2 3 2 2 2 218 2 19 5 37 5 17 2 4 6 8 2 3 4 82 2 2 1 1 
0 0 4 6 3 3 7 111 0 0 2 14 4 8 1 1 2 14 1 1 1 2 3 24 6 9 4 12 2 4 0 0 2 18 0 0 3 15 0 0 1 1 2 2 0 0 1 9 0 0 1 5 2 6 2 61 3 5 1 6 4 7 1 1 
2 33 1 1 0 0 0 0 3 24 0 0 2 3 2 20 2 3 2 8 1 1 2 3 3 29 2 119 1 2 2 2 3 6 2 143 0 0 0 0 3 4 3 8 2 17 1 1 5 11 3 27 2 7 1 1 2 11 1 1 1 1 2 8 
4 7 3 15 2 29 1 1 3 34 3 9 1 6 1 1 2 3 1 1 2 2 2 3 2 2 0 0 5 13 2 7 3 8 2 3 5 374 1 1 7 9 2 19 3 127 0 0 3 9 3 5 4 55 1 1 1 1 1 1 2 11 2 2 
3 6 1 5 1 1 1 1 4 46 1 20 2 3 2 4 1 28 1 1 1 1 1 1 0 0 3 4 0 0 2 2 1 71 3 14 4 8 3 11 0 0 2 2 2 4 2 11 0 0 1 1 7 9 3 9 3 6 4 12 1 1 3 8 
1 2 4 5 2 4 2 5 1 1 1 7 1 1 0 0 3 10 3 19 1 1 3 158 1 9 3 9 3 39 2 7 1 3 0 0 1 4 1 8 2 5 2 2 3 20 2 2 3 237 0 0 1 17 1 13 1 1 1 1 1 1 0 0 
0 0 5 6 0 0 1 1 2 2 2 11 1 1 1 1 3 5 1 18 3 7 0 0 5 8 1 1 5 5 0 0 0 0 0 0 3 18 4 4 0 0 3 88 3 9 3 41 1 4 0 0 0 0 0 0 1 1 4 6 0 0 0 0 
4 10 1 5 4 12 2 13 4 7 1 6 2 8 3 8 2 18 2 34 3 32 4 7 0 0 0 0 2 3 2 10 2 9 2 2 0 0 2 12 3 13 3 10 2 40 3 3 2 4 2 15 1 1 2 45 3 12 0 0 2 10 2 3 
2 2 2 6 0 0 2 2 1 6 3 14 3 11 3 19 2 2 2 5 5 13 5 17 0 0 0 0 3 22 3 7 3 13 5 12 1 3 4 49 0 0 2 2 2 6 6 6 1 1 2 4 3 7 1 6 4 22 3 47 2 2 0 0 
0 0 2 2 3 9 3 28 1 1 5 5 3 8 5 10 2 3 3 3 2 9 2 3 2 2 1 1 3 12 0 0 1 14 1 9 1 6 2 2 1 1 2 8 3 11 0 0 1 1 1 1 3 30 2 4 1 11 0 0 1 1 1 49 
2 12 3 4 0 0 1 14 2 2 2 44 2 2 1 1 4 88 2 3 3 11 2 37 0 0 2 3 4 5 4 13 2 10 3 3 3 39 4 128 3 8 2 7 3 10 2 4 2 8 1 1 0 0 4 10 4 33 1 1 2 2 2 2 
2 5 5 5 1 9 0 0 4 32 1 3 1 1 2 29 2 2 1 7 6 33 1 4 2 2 2 16 0 0 3 4 3 18 5 39 3 23 2 2 2 4 0 0 1 1 2 3 3 4 3 3 2 10 0 0 2 4 1 1 4 9 1 1 
3 3 1 1 2 2 2 9 6 8 3 7 4 54 5 33 2 5 2 4 0 0 3 4 3 4 0 0 5 316 2 12 2 2 2 3 5 59 1 2 2 34 3 5 2 3 3 8 0 0 3 3 1 1 2 2 2 7 4 4 0 0 3 12 
1 2 2 2 0 0 0 0 3 23 2 2 1 43 2 2 3 21 3 17 1 1 1 1 2 4 2 5 1 2 2 2 1 1 1 1 3 18 4 20 2 2 2 2 5 13 6 18 3 17 0 0 3 19 1 1 2 29 2 4 2 4 2 290 
1 3 2 2 3 17 3 3 3 4 1 26 5 214 3 7 2 2 1 4 2 2 0 0 1 1 3 19 3 48 2 11 4 30 3 3 1 105 1 1 0 0 2 573 0 0 0 0 2 2 2 2 1 1 1 8 1 1 4 6 2 7 2 6 
2 3 0 0 2 3 2 25 1 55 3 48 2 14 2 8 4 8 1 1 3 68 2 2 3 51 4 5 0 0 2 48 3 12 2 104 1 2 4 11 1 1 3 3 3 20 2 2 2 2 2 5 0 0 2 7 1 3 5 18 0 0 0 0 
5 19 4 143 2 14 4 4 1 1 2 3 4 8 1 1 3 16 3 3 1 1 2 2 4 18 0 0 1 1 1 2 5 5 4 8 1 8 0 0 4 271 2 7 1 1 1 1 5 23 1 1 5 13 0 0 1 1 3 4 3 5 2 5 
2 4 4 6 2 5 3 8 2 56 3 10 2 2 1 1 0 0 2 2 0 0 0 0 1 1 3 14 0 0 1 1 1 4 2 2 2 226 0 0 3 3 1 14 4 12 2 3 1 5 2 5 0 0 3 41 1 1 0 0 5 86 3 3 
1 12 6 26 2 22 1 4 4 6 4 4 0 0 3 33 3 14 1 13 2 4 1 6 5 75 0 0 2 9 4 6 1 1 2 29 3 12 3 4 0 0 3 11 1 1 1 1 1 4 1 1 3 12 2 21 1 6 2 3 0 0 3 28 
2 31 0 0 4 40 3 37 4 24 2 20 4 5 2 7 2 2 2 4 5 17 0 0 7 20 2 6 2 2 2 46 1 1 3 3 2 34 1 2 2 40 1 3 4 75 5 11 1 1 2 2 1 2 3 140 5 9 2 3 3 13 2 11 
3 45 3 9 0 0 1 41 4 4 3 23 2 9 3 16 5 23 0 0 2 5 1 1 2 6 2 10 1 1 1 1 2 29 3 11 3 7 1 2 3 25 5 12 0 0 1 1 1 1 6 16 2 21 2 3 1 1 2 5 4 9 1 8 
2 2 2 29 2 4 2 5 0 0 2 12 1 13 1 1 5 17 3 4 5 42 0 0 1 1 1 1 1 6 3 6 0 0 1 3 3 3 4 8 6 19 4 15 0 0 5 22 2 3 2 9 2 10 4 27 1 1 0 0 0 0 1 5 
1 9 3 9 2 6 4 11 0 0 1 1 0 0 4 28 0 0 0 0 2 2 0 0 2 7 2 2 1 33 1 8 2 9 1 10 1 19 2 2 2 2 1 5 6 29 3 4 2 79 2 28 3 43 2 20 1 9 0 0 0 0 2 6 
0 0 3 4 2 2 1 1 0 0 2 13 3 8 1 4 2 2 3 101 2 2 3 3 2 3 1 24 4 57 2 10 1 1 4 6 3 10 1 6 4 13 2 5 1 1 1 1 0 0 3 79 3 86 0 0 4 46 1 1 2 2 3 6 
2 2 2 7 1 1 2 7 1 6 2 2 1 52 4 11 2 9 2 17 2 9 4 4 1 10 0 0 2 2 2 2 4 7 3 16 1 10 2 7 1 1 0 0 1 5 0 0 3 12 2 11 3 15 1 30 1 1 0 0 3 67 0 0 
0 0 2 2 1 1 3 16 1 1 1 2 0 0 1 3 5 217 5 31 0 0 5 16 3 19 3 30 1 1 2 4 0 0 4 9 1 5 3 3 3 22 3 4 2 13 4 21 2 92 1 9 1 347 1 1 5 66 0 0 3 24 5 23 
2 24 2 2 2 7 2 144 2 8 6 38 4 11 2 14 1 1 3 32 2 3 4 5 3 6 1 19 0 0 1 1 1 2 3 10 2 2 3 3 0 0 2 5 4 74 1 1 1 1 0 0 2 2 1 1 0 0 3 22 4 9 2 4 
4 58 0 0 4 49 4 13 3 3 1 5 1 2 2 11 4 10 2 2 0 0 3 5 0 0 0 0 1 1 2 2 2 3 1 1 0 0 2 13 2 2 3 73 2 21 2 3 2 16 2 2 2 3 5 16 1 1 0 0 5 127 4 60 
3 46 3 15 4 27 1 4 1 5 3 10 4 14 2 2 3 57 2 10 3 3 1 1 2 3 4 8 2 9 3 13 1 1 2 2 5 20 1 1 0 0 0 0 3 5 0 0 4 16 1 1 3 19 1 32 0 0 1 3 1 1 0 0 
4 13 4 11 3 22 1 1 0 0 2 15 2 5 0 0 2 4 3 13 3 3 1 5 0 0 2 6 4 10 2 25 2 8 2 5 4 7 1 1 2 8 3 32 2 42 3 13 2 3 2 7 5 11 2 23 1 28 0 0 1 1 7 28 
0 0 2 5 3 28 1 1 0 0 3 3 2 58 0 0 3 19 0 0 2 8 2 199 0 0 6 30 2 43 0 0 2 5 3 3 2 32 3 12 3 8 3 6 1 188 2 2 2 5 4 5 2 14 1 144 5 10 2 2 1 1 2 12 
0 0 1 1 0 0 0 0 2 21 1 4 3 20 3 10 0 0 1 1 2 5 0 0 0 0 4 40 3 8 3 5 1 1 5 21 3 8 2 2 1 1 2 55 3 30 2 19 0 0 1 18 1 1 1 1 1 1 3 9 2 2 1 1 
0 0 0 0 4 184 1 11 6 45 2 14 1 9 0 0 0 0 1 3 0 0 2 2 3 7 3 80 3 9 3 3 3 4 1 92 2 2 1 1 2 11 2 9 1 2 1 3 2 2 1 2 0 0 3 15 1 1 2 2 1 1 1 1 
1 23 3 32 0 0 1 1 0 0 0 0 0 0 2 2 3 9 0 0 2 10 1 10 3 13 3 16 2 6 3 20 1 1 2 9 4 9 0 0 6 13 3 17 0 0 5 18 2 8 2 3 4 8 4 6 1 1 4 17 5 19 4 8 
2 29 2 7 5 11 1 6 5 6 1 6 1 3 2 17 2 3 1 9 4 249 3 4 1 1 2 8 1 1 2 17 2 4 2 2 4 8 0 0 2 4 1 1 2 2 7 17 2 14 1 15 1 3 4 25 5 15 1 1 4 8 3 10 
3 5 1 1 1 2 4 28 3 12 3 3 1 3 2 3 0 0 2 5 2 30 4 13 5 15 2 54 2 2 4 12 1 2 3 4 1 2 2 16 1 1 0 0 2 12 5 17 2 2 6 33 2 7 1 2 1 2 0 0 0 0 1 1 
0 0 1 1 0 0 4 107 5 10 1 44 0 0 2 3 2 5 0 0 5 25 2 5 3 10 0 0 3 7 1 5 0 0 1 5 2 2 1 1 1 1 2 12 1 4 2 2 0 0 3 3 1 1 1 3 0 0 1 2 1 41 2 3 
1 5 3 3 3 3 3 3 2 6 4 26 5 17 3 6 2 4 2 6 1 1 4 44 4 11 1 30 5 23 3 42 5 1419 2 4 4 61 3 3 1 4 2 9 2 2 2 7 1 4 2 3 1 2 5 5 0 0 1 23 2 2 0 0 
3 7 3 81 3 6 1 1 1 3 4 18 5 24 3 6 2 2 2 3 3 7 2 4 2 13 2 2 1 4 1 4 4 23 2 2 2 10 2 3 2 7 3 17 1 26 1 1 2 7 1 1 3 8 4 11 2 5 1 2 1 1 3 23 
3 41 0 0 3 3 0 0 2 2 2 4 2 153 2 3 2 15 1 1 2 61 2 3 1 1 1 1 0 0 4 40 2 2 2 3 2 4 0 0 3 9 3 171 2 2 0 0 2 3 0 0 2 11 2 72 3 16 1 1 2 4 1 1 
4 8 0 0 3 2321 1 1 0 0 1 7 3 4 2 8 2 2 3 6 2 2 1 2 2 2 1 1 0 0 1 1 3 32 3 4 3 20 0 0 2 7 3 6 3 6 1 5 2 3 3 11 0 0 2 17 3 5 1 2 4 5 3 83 
1 1 1 1 2 2 0 0 1 2 4 10 5 34 3 3 3 3 1 1 1 1 0 0 1 5 7 13 3 8 4 4 2 2 1 191 1 1 3 735 0 0 3 8 1 1 4 68 1 2 1 1 3 20 1 4 0 0 4 15 2 8 2 4 
0 0 2 204 1 3 2 6 3 8 2 7 1 1 2 7 2 2 3 3 3 6 0 0 1 6 0 0 0 0 2 5 3 7 5 89 1 1 1 1 1 30 0 0 1 1 5 6 4 15 2 3 0 0 3 35 0 0 4 8 0 0 1 1 
1 2 4 49 0 0 1 1 3 3 1 40 2 5 1 1 2 2 1 2 2 10 2 7 4 13 2 8 0 0 1 1 1 2 2 3 0 0 1 1 2 24 2 2 3 4 2 2 3 37 6 22 2 2 3 22 4 13 1 1 1 1 0 0 
1 6 4 193 0 0 1 1 3 11 3 22 1 2 2 2 3 3 3 4 4 5 0 0 5 24 3 8 2 6 1 3 1 1 2 14 2 232 6 11 0 0 4 29 1 1 1 6 0 0 2 15 2 7 2 9 5 40 1 2 3 13 1 2 
2 2 2 2 2 5 0 0 3 37 2 2 1 5 3 68 3 5 4 24 2 5 1 1 1 1 2 2 2 2 2 8 1 1 1 1 2 2 5 36 5 130 4 8 1 6 1 2 7 51 2 3 4 33 3 46 3 4 1 5 2 41 3 9 
3 7 0 0 3 53 3 11 3 11 5 36 1 1 3 56 0 0 4 4 3 11 3 15 3 181 3 3 2 3 2 261 4 27 2 22 2 2 0 0 2 2 0 0 3 9 3 10 3 12 2 12 2 3 4 6 0 0 6 78 1 3 2 31 
3 19 0 0 0 0 4 11 2 10 2 14 3 3 0 0 2 28 0 0 0 0 4 18 3 4 3 4 0 0 2 4 3 3 3 9 2 13 1 3 3 15 0 0 1 24 3 3 1 8 1 16 4 21 1 1 1 7 2 3 3 16 5 12 
1 3 2 88 1 5 3 4 0 0 1 1 1 2 0 0 2 5 1 1 0 0 2 2 3 32 2 2 4 16 3 5 1 1 3 130 3 437 1 1 0 0 4 6 2 2 1 1 0 0 2 7 3 31 0 0 1 3 1 1 2 6 3 18 
1 1 5 32 2 3 2 6 0 0 2 10 3 8 1 1 1 1 2 33 3 3 2 10 2 7 1 1 1 3 2 23 0 0 2 3 4 25 2 3 3 3 3 6 4 15 2 3 3 307 3 44 1 1 0 0 3 5 1 4 3 11 1 1 
4 21 1 5 5 134 2 6 1 1 0 0 3 5 5 32 1 1 1 38 2 2 1 6 4 4 1 3 1 4 5 29 0 0 4 15 1 1 1 10 1 2 2 5 3 3 1 1 1 1 0 0 1 3 2 2 2 8 2 7 1 1 1 3 
4 15 3 4 3 5 2 14 4 7 3 9 1 1 2 7 2 4 3 6 2 3 1 4 3 4 1 1 0 0 1 3 4 7 1 5 1 2 3 9 1 1 0 0 0 0 5 13 5 23 2 6 4 34 2 10 1 20 4 74 2 2 1 6 
3 12 2 7 4 4 4 96 1 19 2 2 0 0 3 4 2 205 1 14 3 15 2 19 2 2 1 2 5 33 2 3 0 0 3 18 1 1 1 1 3 4 4 25 2 7 4 7 1 2 2 6 2 16 1 1 4 5 3 4 2 41 2 2 
1 1 3 9 2 4 1 6 1 16 2 9 3 3 1 15 3 9 1 1 2 5 1 2 1 2 2 2 0 0 1 1 6 36 0 0 1 6 3 18 1 1 1 5 1 3 4 15 4 13 3 7 2 8 2 9 4 11 1 1 1 2 1 10 
2 8 1 1 4 8 3 4 0 0 2 2 3 16 3 13 2 23 2 3 5 13 2 12 1 1 1 6 2 2 1 31 0 0 2 40 4 4 2 6 1 3 1 6 0 0 0 0 1 31 0 0 3 238 1 1 4 7 1 24 1 1 4 8 
2 12 2 6 1 1 1 1 3 12 2 3 3 120 4 7 0 0 2 5 1 1 2 10 2 17 2 4 0 0 5 5 1 3 3 26 1 1 2 2 1 8 1 6 5 8 1 1 3 25 3 9 2 2 8 39 1 1 2 3 2 2 2 2 
0 0 2 17 3 5 1 1 0 0 1 4 1 1 2 5 2 2 1 2 2 2 3 7 1 8 3 268 1 2 4 12 3 1457 1 1 1 1 2 13 1 5 2 8 1 4 0 0 1 1 0 0 3 3 1 1 2 10 2 5 0 0 2 2 
3 7 3 7 4 14 3 3 0 0 0 0 0 0 0 0 2 19 1 69 4 15 5 13 4 9 1 1 2 2 3 12 3 13 1 4 6 8 2 15 2 7 3 13 3 12 2 11 3 42 0 0 3 39 1 1 0 0 0 0 3 11 2 5 
0 0 2 7 1 1 0 0 1 1 3 16 2 17 1 1 4 6 1 1 1 5 0 0 2 10 1 1 2 5 1 1 2 2 5 14 1 10 2 3 1 6 3 4 1 5 2 4 1 3 3 14 2 2 2 26 2 2 1 1 1 25 3 4 
2 4 1 4 6 17 1 7 2 3 0 0 1 10 1 6 2 4 3 59 1 1 4 10 4 5 5 13 2 17 4 21 3 39 2 2 2 22 0 0 0 0 2 5 3 19 2 4 2 189 0 0 3 8 1 1 2 5 5 8 4 14 2 6 
3 3 4 5 1 1 2 3 2 4 4 13 2 45 1 1 3 5 3 15 3 61 2 2 3 37 2 4 0 0 1 22 3 220 4 9 1 1 0 0 2 8 1 1 3 8 2 3 3 129 1 1 3 3 3 68 2 12 2 13 2 5 2 3 
3 5 2 4 1 1 0 0 1 2 1 4 1 4 2 2 2 8 2 2 2 9 2 2 3 9 0 0 4 5 0 0 1 1 2 25 2 4 3 5 2 5 0 0 3 14 5 53 0 0 1 1 2 19 2 3 1 7 2 5 1 3 0 0 
2 2 1 2 1 3 4 18 4 32 1 1 1 9 7 93 1 3 2 2 0 0 4 8 2 176 1 2 3 7 1 4 4 13 0 0 2 5 2 243 1 11 0 0 1 1 3 11 1 1 2 3 3 504 2 5 4 11 4 6 2 17 2 67 
2 3 0 0 1 1 1 1 1 3 1 1 3 4 2 2 3 15 2 3 2 8 2 16 0 0 2 8 5 8 2 3 3 4 3 19 4 17 1 1 0 0 4 20 1 1 2 2 1 1 1 1 3 14 3 8 2 4 1 1 1 22 4 6 
3 7 0 0 0 0 1 1 3 16 3 6 3 11 4 169 0 0 4 7 4 18 0 0 2 13 0 0 3 21 1 1 0 0 2 8 4 4 1 2 1 2 5 19 3 3 2 6 1 1 3 10 2 5 3 12 1 12 0 0 1 1 2 6 
2 4 4 39 1 1 1 1 1 1 4 9 1 5 3 3 2 38 2 2 0 0 5 41 0 0 4 14 0 0 2 6 2 12 2 2 3 3 1 1 3 128 0 0 2 9 0 0 1 1 3 4 2 7 1 1 5 11 2 17 3 4 3 3 
1 3 1 5 4 4 1 6 1 1 3 15 0 0 2 26 1 68 3 8 5 27 2 15 1 4 2 14 2 4 2 6 2 2 3 5 1 6 2 3 1 1 4 5 1 4 0 0 4 9 1 10 4 13 2 3 0 0 2 4 3 11 2 14 
4 32 3 11 2 2 3 4 1 62 6 18 3 16 5 16 3 6 2 3 0 0 2 5 2 2 2 6 3 7 3 9 7 178 2 2 2 2 2 2 3 16 3 4 2 40 0 0 1 18 1 1 1 1 3 15 1 1 1 1 2 2 7 68 
2 3 2 9 1 1 1 7 2 3 3 6 2 6 3 4 1 2 1 7 1 1 0 0 1 1 1 4 1 4 1 1 2 3 2 2 5 9 0 0 4 6 1 1 1 1 1 1 2 2 4 4 3 37 4 7 3 3 3 3 1 1 3 5 
2 35 2 7 1 1 2 6 1 1 5 27 4 29 2 4 3 3 0 0 1 9 1 5 4 6 6 105 2 4 2 6 1 3 2 2 3 6 3 26 1 1 1 1 2 2 1 2 0 0 3 4 2 2 2 6 4 9 5 36 3 3 2 3 
1 6 3 12 2 13 2 2 1 1 3 6 1 5 6 28 6 22 2 6 2 5 3 8 4 52 4 6 3 9 2 2 2 9 2 6 1 1 0 0 2 3 1 6 0 0 2 2 2 25 1 8 2 6 1 1 0 0 3 17 2 7 1 47 
3 14 0 0 0 0 4 15 1 1 1 1 3 7 1 1 3 13 3 4 1 1 1 2 2 38 1 2 2 2 2 2 4 4 4 8 0 0 4 49 0 0 4 17 3 3 1 1 5 35 4 8 3 3 3 11 2 12 2 6 1 1 5 37 
4 27 2 2 2 8 1 1 4 20 1 1 1 12 2 6 1 3 0 0 3 4 2 22 1 1 0 0 4 12 3 7 0 0 3 52 3 3 5 56 2 2 1 2 1 1 3 14 5 15 2 3 5 17 1 5 3 18 1 1 2 3 0 0 
1 4 1 1 0 0 2 9 1 3 1 1 2 9 4 15 1 1 1 1 3 17 3 48 2 2 3 83 1 3 5 9 0 0 3 156 4 6 1 1 3 7 2 9 2 3 3 7 2 5 3 4 3 14 3 6 2 240 2 2 2 6 0 0 
0 0 2 3 2 4 1 1 3 15 1 1 1 1 1 2 3 7 3 27 1 1 3 4 4 52 1 1 2 7 1 10 1 4 3 11 4 30 3 10 3 15 3 24 2 66 0 0 1 1 3 24 1 1 2 2 4 5 3 4 0 0 1 1 
1 3 1 1 5 26 1 1 1 1 1 1 3 10 0 0 4 37 3 9 4 4 1 1 4 5 1 1 3 9 6 17 7 33 1 2 0 0 1 3 2 12 1 1 0 0 2 2 5 6 2 5 1 2 1 1 1 1 4 16 1 8 3 5 
5 60 4 21 2 6 1 2 2 3 0 0 2 3 2 17 2 3 0 0 2 3 4 13 0 0 3 20 0 0 3 3 2 5 3 13 2 3 2 46 1 1 1 1 1 1 1 1 1 1 2 5 1 1 6 19 4 10 1 2 1 1 2 4 
0 0 0 0 2 13 1 3 1 7 2 2 4 100 2 39 0 0 1 2 6 40 3 73 3 3 2 4 2 5 3 5 1 1 1 16 2 6 0 0 2 4 0 0 2 6 3 11 3 7 5 94 3 21 0 0 0 0 1 1 3 20 0 0 
1 1 2 2 1 8 4 5 1 16 3 10 1 1 1 1 3 12 3 3 2 43 0 0 3 5 0 0 3 27 1 6 1 4 1 1 1 2 2 3 0 0 2 6 1 1 3 3 3 12 2 3 2 4 1 1 3 3 5 8 0 0 2 12 
1 2 2 2 2 2 3 8 1 1 1 1 2 13 6 13 0 0 1 1 2 2 0 0 1 1 1 12 2 11 4 12 3 3 1 1 2 2 1 2 1 5 2 5 3 60 2 10 0 0 3 8 1 1 1 1 0 0 1 4 2 3 1 1 
1 1 5 23 4 4 2 2 2 8 2 2 3 3 1 1 1 2 3 3 1 21 1 1 2 4 0 0 1 1 5 29 4 87 1 2 6 6 1 3 2 6 2 6 0 0 1 1 2 3 1 1 3 10 3 3 0 0 3 24 0 0 1 5 
1 1 2 3 2 4 3 8 2 2 1 11 3 6 2 37 0 0 2 3 1 1 3 21 1 9 0 0 3 150 3 8 1 1 3 4 1 6 3 15 1 1 2 6 3 8 3 35 2 2 5 10 2 7 0 0 3 13 5 19 3 13 1 3 
1 1 4 15 2 4 2 24 6 35 1 2 4 36 2 3 1 8 3 71 1 3 3 7 1 1 2 8 5 92 3 19 1 2 1 1 1 1 0 0 4 26 2 100 1 1 1 5 0 0 3 5 3 16 2 2 2 9 1 14 2 7 3 9 
3 3 1 6 1 2 0 0 0 0 2 5 2 110 5 63 0 0 1 6 4 5 2 2 3 17 2 19 1 2 3 4 1 1 2 3 2 2 2 2 4 13 2 14 5 21 0 0 0 0 3 14 1 1 1 2 2 2 3 24 3 53 4 7 
2 2 1 1 1 2 3 12 3 8 1 1 3 16 2 4 2 6 3 6 2 3 2 2 3 33 2 2 2 2 2 2 2 11 1 1 1 484 0 0 5 21 1 20 1 1 3 3 1 1 1 3 1 1 4 43 4 11 2 6 2 22 2 3 
2 3 1 1 4 19 3 5 2 2 3 3 0 0 7 736 0 0 1 10 2 7 1 3 2 86 3 22 0 0 3 10 1 1 2 4 4 4 3 5 1 1 2 9 2 6 9 41 2 4 3 16 1 1 3 11 1 30 1 1 1 1 1 4 
3 26 4 65 1 1 2 97 2 10 4 6 1 1 2 7 1 1 3 19 3 5 2 3 2 4 3 5 2 69 2 2 1 2 2 3 3 95 4 5 2 4 4 7 0 0 1 1 2 2 1 1 4 21 6 20 2 7 2 7 1 174 1 1 
3 3 2 4 2 186 0 0 2 7 2 2 1 1 0 0 2 5 3 16 4 11 0 0 0 0 3 8 4 248 0 0 1 1 3 8 3 3 4 17 0 0 3 5 2 2 1 6 2 2 1 6 3 22 2 3 1 1 3 4 1 1 0 0 
1 1 3 10 3 8 2 9 0 0 2 69 0 0 2 301 0 0 3 9 2 2 0 0 3 4 1 21 2 9 2 4 2 2 1 1 1 1 1 86 1 8 2 53 2 6 3 13 1 3 1 1 1 1 1 1 0 0 4 16 1 7 1 10 
2 18 2 3 0 0 3 12 2 8 1 3 2 3 0 0 6 21 2 2 6 302 1 1 0 0 2 15 0 0 0 0 2 6 2 3 2 4 1 1 1 8 4 93 3 3 1 9 3 25 4 15 1 3 2 9 2 2 4 7 2 7 4 27 
4 4 4 4 1 3 3 7 2 8 3 5 5 10 4 86 2 11 0 0 4 9 1 4 2 15 2 6 1 1 0 0 2 12 5 15 0 0 5 23 6 32 4 42 3 4 3 4 1 17 1 1 1 1 2 4 0 0 2 2 3 4 3 107 
1 8 3 37 2 2 1 1 3 7 4 8 3 28 1 18 1 2 1 5 0 0 1 1 0 0 2 4 1 1 1 1 1 1 2 2 2 2 1 1 1 4 0 0 1 23 1 1 5 9 2 10 0 0 2 7 1 1 5 215 3 3 3 87 
2 7 2 493 1 15 4 8 4 78 0 0 1 2 2 4 4 4 2 28 4 29 1 6 2 2 2 2 2 9 3 8 1 10 0 0 3 17 1 3 2 6 2 2 0 0 1 1 3 5 6 28 2 16 6 11 1 11 3 6 3 5 1 1 
0 0 3 35 1 1 4 6 2 5 3 5 2 8 4 9 2 4 0 0 4 5 1 3 3 13 3 222 3 9 2 3 1 2 2 2 1 1 1 1 2 18 0 0 4 35 2 375 3 8 2 2 4 5 2 8 3 12 2 2 2 2 2 3 
4 14 1 5 3 48 1 1 1 2 2 2 4 35 2 136 4 16 1 1 2 10 3 13 2 3 4 12 0 0 1 1 3 10 4 12 1 2 4 13 2 5 2 4 1 1 1 1 1 6 1 1 4 85 2 5 0 0 0 0 4 6 3 13 
3 20 1 3 1 1 0 0 2 2 3 96 1 13 2 32 4 13 5 31 0 0 1 1 1 2 3 33 3 14 2 63 2 5 2 2 2 5 2 4 2 42 1 1 1 1 2 2 2 6 4 5 0 0 2 11 0 0 0 0 4 8 0 0 
0 0 2 6 1 1 1 2 1 1 2 8 3 5 0 0 4 17 3 24 1 1 2 6 3 24 2 2 1 1 3 9 4 4 2 3 2 3 1 2 1 1 4 9 1 1 2 6 3 9 1 1 0 0 0 0 3 19 0 0 5 357 4 72 
2 6 5 140 1 1 1 2 3 3 5 19 1 11 3 5 2 5 4 17 0 0 1 1 1 1 4 244 1 7 2 2 1 1 3 15 3 27 1 15 2 8 4 19 3 8 2 2 1 6 0 0 4 7 2 3 5 9 4 42 3 8 3 14 
5 7 4 15 4 16 5 23 0 0 3 8 1 295 2 134 2 2 2 41 1 2 2 4 3 7 1 1 3 10 0 0 1 7 2 7 1 2 2 3 2 38 3 3 0 0 3 4 3 21 2 10 1 3 3 152 2 23 2 2 1 1 2 8 
3 3 3 10 0 0 7 25 3 4 4 1644 0 0 2 2 0 0 1 3 1 1 3 5 2 14 2 36 2 8 5 10 3 3 3 4 1 2 0 0 3 4 1 1 2 2 2 4 5 334 4 16 0 0 0 0 0 0 2 4 5 11 1 104 
1 1 0 0 1 1 0 0 2 8 3 12 1 7 1 3 0 0 2 5 2 3 2 2 0 0 2 2 1 8 1 1 1 1 2 7 2 12 0 0 2 67 2 2 1 1 1 2 2 2 3 42 0 0 4 4 2 7 3 14 2 7 2 4 
0 0 2 7 1 1 4 23 1 3 2 10 3 23 4 23 2 5 1 2 2 3 2 3 5 19 1 1 0 0 4 6 2 5 4 134 1 2 0 0 4 9 3 18 3 13 1 16 0 0 2 7 4 5 4 5 2 57 2 3 1 1 2 3 
4 9 3 3 1 1 1 1 1 4 3 15 0 0 5 26 2 2 1 1 1 1 1 1 2 4 2 6 4 13 3 3 2 6 1 2 4 15 0 0 4 15 3 6 3 4 1 2 2 2 4 17 4 13 2 26 3 10 4 9 1 1 2 8 
2 8 2 40 3 8 8 53 4 22 1 3 5 33 3 12 1 8 0 0 1 1 4 6 0 0 5 8 2 6 3 3 3 59 3 8 4 7 3 30 5 25 1 4 2 2 3 31 1 1 2 4 1 1 2 8 4 10 2 12 4 6 3 3 
1 1 0 0 2 3 4 17 0 0 2 2 5 8 5 18 1 3 4 13 4 13 2 8 0 0 0 0 1 1 1 1 4 6 1 18 2 9 3 8 4 16 6 13 1 1 3 29 3 79 2 12 2 230 2 2 2 2 1 1 2 2 1 1 
2 17 1 1 0 0 2 9 0 0 2 2 5 14 2 5 0 0 1 5 2 5 2 9 2 2 2 2 1 1 3 3 1 1 1 1 2 3 2 3 3 7 1 3 2 2 1 5 1 1 0 0 0 0 3 16 3 3 2 3 0 0 3 28 
3 184 1 1 0 0 3 23 2 9 1 1 1 1 4 14 2 4 0 0 1 1 0 0 4 27 2 2 2 4 3 8 3 6 1 2 0 0 4 30 1 1 2 2 2 2 6 204 3 5 1 1 2 2 5 11 2 20 0 0 2 3 2 67 
1 19 2 10 7 61 5 12 5 9 2 25 4 10 1 1 1 2 2 57 2 109 2 13 5 15 3 11 1 8 2 16 3 18 0 0 2 3 3 9 1 1 3 12 1 9 2 3 0 0 2 2 3 12 3 6 4 16 3 8 3 24 4 94 
1 1 3 15 5 5 1 7 2 24 0 0 2 98 0 0 5 13 0 0 0 0 3 4 4 625 1 1 2 3 3 129 8 59 3 8 3 3 4 7 3 17 3 16 1 1 2 20 1 1 6 19 1 5 1 1 3 3 2 91 1 1 2 33 
0 0 2 7 6 32 4 115 1 1 2 33 4 5 0 0 2 9 1 8 2 88 2 7 4 8 3 13 3 15 2 41 2 10 1 1 3 4 2 4 3 5 0 0 0 0 2 2 1 1 0 0 1 1 1 1 2 21 0 0 5 6 1 4 
2 4 3 7 2 7 1 1 2 7 0 0 1 8 1 8 0 0 0 0 0 0 3 113 5 39 0 0 0 0 5 194 4 10 1 1 1 2 2 7 1 6 0 0 1 4 2 2 2 6 3 10 1 16 2 2 1 3 3 6 2 3 4 4 
2 6 3 16 3 4 1 8 3 12 5 76 0 0 2 70 0 0 1 1 0 0 3 13 1 2 2 4 1 1 3 22 1 7 0 0 2 2 2 55 1 1 3 28 0 0 3 6 3 9 3 7 1 1 1 2 4 15 1 12 1 2 1 1 
0 0 2 2 4 24 5 6 1 2 1 8 1 2 1 4 3 59 3 8 3 14 2 10 3 12 0 0 2 2 2 75 1 3 2 2 2 2 0 0 5 6 6 17 4 4 4 6 3 101 3 6 2 3 3 6 3 9 2 3 4 6 2 2 
1 2 3 6 4 6 2 3 1 1 2 4 2 4 0 0 3 7 3 3 1 1 0 0 1 26 2 2 4 8 2 7 4 21 1 1 1 1 1 2 3 9 1 1 4 4 3 28 1 2 1 42 2 3 1 1 1 1 3 16 1 1 2 14 
1 1 1 1 1 1 2 10 1 4 2 2 2 3 2 8 5 37 2 5 1 1 1 2 3 4 3 20 1 63 3 22 0 0 5 17 3 9 3 51 4 47 2 5 2 7 1 3 2 7 1 1 3 50 3 6 1 3 2 4 2 2 0 0 
2 8 3 7 2 468 1 1 2 4 2 3 2 2 4 23 3 27 1 1 2 4 3 4 3 19 2 31 3 82 2 2 2 2 5 46 5 26 2 10 3 18 3 59 1 1 2 2 3 4 3 8 4 9 2 4 2 7 1 1 1 1 0 0 
0 0 1 1 1 1 2 4 3 4 0 0 3 7 3 9 1 1 3 80 2 2 0 0 3 3 4 4 0 0 3 5 2 2 4 5 2 3 4 1189 5 18 4 9 1 1 1 2 2 33 4 15 2 7 5 88 3 3 2 2 1 5 1 4 
3 20 1 1 2 6 0 0 4 5 2 112 2 65 2 10 4 14 4 16 0 0 2 4 2 44 2 14 0 0 2 2 3 105 1 1 2 25 2 9 3 15 3 5 1 1 7 26 1 27 3 13 1 1 4 10 0 0 1 1 2 8 2 3 
1 1 1 1 3 6 0 0 2 11 2 2 0 0 1 13 3 11 2 6 4 8 1 3 3 9 1 38 4 11 4 10 1 2 4 5 4 16 3 11 3 3 1 1 3 17 1 1 1 2 0 0 0 0 1 23 1 4 2 2 3 23 1 1 
4 5 1 1 1 1 0 0 2 2 5 24 3 10 4 4 0 0 2 2 0 0 1 10 4 4 2 2 2 9 3 18 2 8 3 5 2 3 0 0 2 3 0 0 2 2 3 3 3 6 1 1 1 3 5 5 0 0 1 21 2 3 4 27 
2 22 4 10 2 20 1 8 2 3 2 2 4 6 1 4 2 13 2 2 2 18 3 5 3 16 4 13 3 5 1 1 0 0 1 9 2 2 0 0 3 26 4 43 1 1 1 1 1 29 2 8 3 7 1 2 1 1 1 171 2 10 2 6 
4 54 0 0 4 49 4 5 3 17 2 3 2 3 5 42 4 25 4 8 1 1 4 17 1 1 0 0 2 13 4 13 3 7 3 254 2 2 1 1 2 6 1 3 0 0 2 21 4 19 1 1 3 27 2 2 2 2 1 13 1 2 2 44 
1 1 4 9 0 0 3 3 2 10 3 16 0 0 1 1 5 34 2 112 2 3 5 6 3 19 3 266 1 1 2 3 3 4 0 0 0 0 0 0 2 9 0 0 1 4 3 6 2 7 2 25 2 5 4 21 2 2 1 15 2 10 2 29 
1 7 4 14 1 1 3 7 4 65 3 17 3 3 4 11 2 4 1 8 2 5 2 22 0 0 3 6 4 36 2 2 2 2 2 3 3 13 0 0 1 1 2 47 2 2 3 6 3 24 3 6 3 17 2 9 0 0 3 21 0 0 0 0 
2 16 1 2 1 10 2 11 4 4 1 6 1 1 1 10 5 89 4 5 3 6 5 25 1 4 4 328 1 1 1 7 0 0 0 0 0 0 0 0 4 7 2 5 3 6 4 15 7 11 1 4 3 44 2 4 4 40 2 4 4 12 0 0 
2 4 0 0 3 3 3 3 0 0 5 5 2 14 2 18 0 0 2 39 2 3 1 17 1 2 2 2 2 30 2 3 3 8 1 3 3 11 3 4 1 1 3 10 2 6 3 16 4 16 1 1 3 6 2 4 2 128 3 20 1 1 2 2 
0 0 2 4 1 1 2 2 3 6 1 1 3 3 0 0 4 30 3 616 1 22 4 16 0 0 1 1 2 2 1 3 0 0 4 9 2 2 6 34 2 2 2 14 2 9 5 19 3 3 1 1 2 103 3 10 3 6 2 3 1 1 5 5 
6 8 4 19 2 25 3 7 0 0 2 5 3 5 0 0 1 16 0 0 2 110 0 0 4 10 4 5 3 8 2 18 1 1 3 10 1 8 2 72 5 11 0 0 2 3 5 28 2 18 3 11 0 0 1 1 4 6 1 7 3 7 4 56 
4 12 2 27 1 3 2 459 4 25 0 0 1 14 1 9 1 2 4 7 1 16 0 0 0 0 2 2 0 0 2 6 1 2 1 5 1 1 1 1 2 3 1 7 2 3 1 5 2 4 3 11 1 4 4 215 4 19 2 6 2 2 2 4 
5 11 1 1 1 1 3 13 1 1468 2 3 2 5 2 270 2 13 4 17 0 0 2 4 4 7 0 0 1 4 1 1 3 293 0 0 1 1 6 28 0 0 4 21 3 8 2 6 5 8 2 6 0 0 2 15 1 1 5 18 2 2 1 2 
2 20 1 3 0 0 2 16 4 19 6 17 5 21 0 0 1 1 2 187 4 10 5 42 3 18 3 6 3 8 6 142 2 2 2 9 0 0 0 0 3 6 3 20 1 1 4 9 1 8 1 1 0 0 2 7 3 5 1 1 3 5 2 5 
3 106 2 4 3 16 2 2 1 1 3 3 3 17 2 2 0 0 3 5 0 0 0 0 2 2 2 2 2 5 1 4 3 17 2 2 3 17 4 16 1 3 1 1 0 0 2 37 1 1 3 9 1 1 2 4 4 9 1 1 3 29 1 1 
5 16 3 19 0 0 3 8 2 17 2 4 1 3 1 1 2 2 1 1 0 0 2 5 1 6 2 2 0 0 1 1 1 3 4 47 3 56 2 2 7 14 2 2 4 6 0 0 2 6 0 0 1 1 1 1 5 24 4 14 1 1 2 158 
2 2 4 6 3 10 6 20 2 5 2 2 4 48 3 38 1 3 5 11 2 8 1 1 3 9 2 11 4 8 2 39 3 15 2 7 5 59 3 69 2 10 3 3 2 8 2 2 2 2 3 5 4 39 0 0 1 1 2 11 2 4 3 8 
4 19 3 22 4 4 2 2 1 1 3 5 0 0 1 25 0 0 1 1 1 9 6 23 2 2 2 10 0 0 2 2 3 13 1 1 1 175 0 0 6 26 1 1 4 7 3 10 2 2 2 285 2 7 1 46 1 1 1 1 1 3 2 2 
2 8 3 5 1 20 4 24 1 1 2 9 0 0 3 7 3 3 1 8 1 1 2 169 2 3 0 0 2 2 2 6 3 12 3 5 0 0 2 2 4 5 0 0 2 12 3 14 3 9 4 8 1 3 3 7 5 11 4 11 4 18 2 4 
0 0 1 1 4 547 0 0 5 32 3 4 4 5 2 2 2 5 3 3 2 5 4 7 1 1 0 0 1 3 4 37 5 19 2 5 2 3 4 8 4 21 1 2 2 11 0 0 4 10 3 6 0 0 2 2 2 8 1 2 1 1 2 108 
2 5 2 4 3 6 0 0 1 29 4 77 1 1 3 75 2 31 3 40 0 0 3 10 1 1 3 6 1 5 3 14 1 4 1 2 3 20 1 3 1 1 1 1 3 3 1 1 2 3 2 11 5 18 0 0 3 25 2 2 2 14 2 2 
2 7 0 0 4 11 2 114 1 1 0 0 2 2 2 4 2 2 0 0 5 12 1 2 0 0 1 2 4 4 2 2 1 1 3 52 2 17 2 4 4 23 0 0 4 5 5 7 1 4 3 20 2 10 2 2 3 25 2 2 2 4 0 0 
0 0 4 11 2 5 0 0 0 0 3 12 1 1 1 3 3 157 1 2 2 2 3 4 1 18 2 6 1 6 2 35 3 12 2 2 3 7 2 2 2 2 0 0 2 5 4 5 3 4 5 45 1 8 2 2 3 6 1 1 3 12 1 1 
3 22 0 0 2 3 1 11 1 4 5 11 0 0 3 6 1 4 1 1 1 13 2 8 4 18 1 1 2 40 2 2 1 1 4 7 3 28 4 6 3 74 2 9 1 1 1 1 0 0 2 12 1 1 2 4 0 0 1 1 3 11 3 3 
3 11 1 2 0 0 1 9 0 0 4 9 1 4 2 2 0 0 1 1 0 0 2 19 1 1 2 4 1 1 2 66 2 2 3 10 2 3 2 4 2 25 0 0 2 14 0 0 2 4 2 2 6 46 3 6 5 10 2 6 1 3 1 11 
1 1 1 6 1 1 3 357 5 9 3 9 1 2 0 0 3 6 3 8 1 1 1 1 2 3 2 12 0 0 2 64 3 3 2 3 1 1 0 0 2 13 4 12 1 1 1 1 2 9 1 1 5 6 5 25 1 4 1 1 2 7 1 1 
1 2 2 131 1 6 5 24 2 2 4 22 2 6 4 7 4 49 1 1 2 12 3 48 4 58 2 187 3 8 5 9 2 76 0 0 2 4 3 19 2 52 1 5 4 17 1 2 0 0 4 13 1 2 2 2 2 2 4 40 3 3 0 0 
2 2 7 63 2 2 1 1 3 33 1 5 4 10 2 3 4 6 1 25 2 4 5 21 2 5 2 2 4 9 3 34 3 5 1 1 1 4 2 45 3 15 4 7 2 22 1 1 2 6 3 4 1 22 4 18 1 1 3 8 0 0 2 2 
4 7 1 1 4 4 3 24 0 0 3 28 0 0 1 3 1 7 2 7 4 4 2 2 2 2 2 2 3 10 2 7 2 9 1 6 0 0 5 15 0 0 3 12 0 0 1 2 1 1 4 29 3 8 2 7 1 1 3 37 2 38 5 418 
3 15 1 1 3 26 0 0 4 53 1 7 2 143 1 1 1 1 2 15 1 1 2 4 4 11 2 5 1 1 0 0 1 1 5 17 1 1 5 7 0 0 1 1 4 8 2 7 2 2 3 14 2 35 1 1 0 0 1 1 3 3 1 3 
3 4 0 0 2 2 2 34 5 166 2 2 1 1 2 2 1 1 2 2 0 0 2 2 1 3 1 1 4 15 1 1 2 135 4 4 2 2 3 7 3 12 1 13 0 0 1 1 3 7 0 0 2 41 3 3 0 0 0 0 2 2 5 8 
2 5 2 5 0 0 2 10 3 6 2 87 2 7 4 10 5 9 2 2 0 0 3 6 1 1 0 0 3 22 1 1 1 5 0 0 3 3 2 23 3 4 2 6 4 10 3 3 6 90 2 11 1 1 1 1 2 3 3 9 2 6 2 3 
4 22 2 4 1 1 3 10 3 11 2 7 1 1 0 0 0 0 4 10 2 8 2 4 3 3 4 26 5 13 1 1 2 2 0 0 1 1 3 5 2 34 3 7 1 16 1 1 6 12 0 0 0 0 2 7 2 8 3 6 0 0 1 1 
2 14 1 3 2 12 2 7 2 6 2 21 1 1 3 10 2 11 2 2 2 2 4 30 4 259 3 19 1 10 3 3 0 0 1 1 6 1653 3 3 3 172 2 4 2 5 2 2 2 120 0 0 4 23 1 4 1 3 1 1 2 5 3 3 
0 0 3 3 3 6 1 1 1 9 2 2 2 4 0 0 1 1 2 2 1 1 2 7 1 2 3 7 2 15 2 3 3 9 2 8 2 31 4 18 5 9 6 22 2 6 2 3 1 21 0 0 3 4 2 12 0 0 3 38 1 18 2 2 
2 13 3 3 4 17 4 17 5 18 3 7 4 13 4 32 2 109 1 1 1 1 1 4 3 5 4 28 1 1 3 7 3 13 3 10 3 8 3 6 3 12 4 25 4 29 3 10 0 0 3 3 2 8 2 6 2 7 1 9 3 22 2 3 
3 10 1 1 1 72 1 1 3 11 3 4 3 9 1 1 4 115 1 1 4 4 3 10 0 0 6 80 1 1 2 2 1 1 4 9 2 5 0 0 0 0 4 6 0 0 1 4 2 2 4 25 0 0 1 1 2 6 2 4 1 1 2 17 
5 27 1 2 0 0 2 2 2 3 1 1 3 6 1 1 2 3 2 4 1 1 2 12 3 8 1 1 5 57 1 1 0 0 2 17 4 14 0 0 1 1 2 2 1 13 2 6 4 41 2 6 0 0 5 18 2 5 2 9 4 7 4 30 
2 19 0 0 0 0 3 5 5 12 1 1 2 7 2 8 3 13 1 1 2 6 2 3 1 1 0 0 1 4 2 3 2 2 3 258 2 5 3 13 1 1 1 1 4 16 3 3 5 92 2 7 3 20 2 7 3 12 1 3 2 69 0 0 
2 7 2 28 3 7 2 22 3 11 4 30 5 10 1 1 1 5 1 2 3 10 4 7 4 22 2 13 1 9 2 718 2 4 2 13 7 44 1 4 0 0 1 4 2 5 2 2 3 5 3 13 2 6 1 1 1 1 2 2 2 9 1 1 
2 6 1 671 1 20 1 1 2 2 2 3 3 5 2 2 4 151 4 18 4 30 1 3 2 2 3 9 1 1 3 8 4 7 2 4 4 7 0 0 2 3 1 2 4 24 4 4 3 9 1 1 0 0 5 6 1 4 2 2 2 4 1 4 
2 184 2 9 1 1 2 10 4 52 4 6 6 41 2 4 2 4 0 0 2 4 4 13 1 1 4 133 3 5 3 5 0 0 1 2 2 7 1 1 2 11 2 10 3 10 0 0 1 3 0 0 0 0 2 6 3 7 3 6 0 0 3 10 
2 3 1 4 2 8 2 5 4 4 0 0 1 6 1 6 0 0 1 1 1 2 1 4 0 0 3 6 1 1 5 14 0 0 2 8 0 0 3 3 4 30 2 5 1 1 5 117 0 0 2 7 3 9 3 21 3 15 1 14 4 36 3 22 
0 0 3 17 6 8 3 7 1 2 2 3 4 10 3 10 7 14 1 1 1 1 3 9 2 19 1 1 4 45 1 26 4 23 2 2 1 1 2 3 2 2 2 5 4 8 2 16 0 0 0 0 2 23 3 17 3 31 3 7 1 1 2 31 
3 4 0 0 2 3 6 41 6 27 5 8 1 2 2 11 4 15 4 17 2 21 2 7 2 5 2 2 3 3 9 27 1 1 4 5 2 3 2 2 1 26 1 2 4 142 0 0 1 2 0 0 5 18 3 32 1 9 2 3 2 4 1 20 
2 12 3 7 1 1 4 4 3 79 1 1 3 11 1 1 4 4 2 6 2 490 2 2 2 6 2 2 3 3 2 9 5 19 1 1 2 18 4 11 2 15 0 0 3 9 3 16 3 3 3 12 3 11 3 22 3 6 1 1 4 10 3 215 
1 1 1 1 3 3 6 10 6 33 2 10 3 4 2 23 2 2 3 9 3 4 3 10 0 0 1 1 1 1 2 42 0 0 2 5 4 6 4 90 3 5 1 17 1 1 0 0 3 4 1 1 2 22 2 23 1 6 3 3 2 2 0 0 
3 50 3 6 4 13 1 5 2 5 4 15 0 0 2 14 2 17 3 26 1 7 2 4 2 2 2 6 2 3 1 23 2 5 0 0 5 8 2 4 4 7 2 2 3 12 3 4 2 10 0 0 4 11 2 2 5 19 3 12 2 2 2 11 
3 3 2 7 1 1 1 1 3 7 2 45 3 207 1 7 2 12 4 44 3 15 3 4 2 124 1 2 3 4 2 2 5 8 1 1 2 4 4 8 2 2 3 186 2 7 2 3 0 0 1 1 2 8 3 3 2 3 3 7 2 5 4 9 
5 11 2 265 3 31 1 4 3 19 2 9 1 59 1 1 4 38 0 0 1 3 2 2 2 2 2 2 2 2 3 4 2 1333 1 1 2 36 1 180 2 3 2 4 2 2 1 1 2 6 1 23 0 0 0 0 3 4 3 6 2 19 1 1 
3 20 2 5 1 1 0 0 2 3 3 4 1 3 1 1 0 0 1 1 0 0 2 11 1 1 0 0 0 0 2 2 2 3 3 15 1 1 2 2 2 17 2 6 3 27 2 4 3 3 1 3 0 0 4 12 2 6 1 1 2 10 3 11 
0 0 0 0 3 15 4 5 2 3 1 1 2 5 1 1 2 555 4 5 1 1 5 9 1 1 3 21 1 1 2 14 2 7 1 2 6 22 0 0 3 8 2 6 4 11 2 584 0 0 0 0 6 63 3 15 3 4 4 12 2 5 0 0 
1 49 4 52 0 0 2 32 1 1 2 3 2 3 3 9 3 4 2 26 1 6 0 0 1 1 4 8 1 1 0 0 3 14 1 144 1 2 2 2 2 8 0 0 0 0 0 0 4 9 2 11 2 20 7 29 2 2 6 7 2 7 1 1 
1 1 1 1 2 4 0 0 2 6 1 1 2 2 2 2 0 0 1 1 6 31 4 12 5 9 2 24 5 38 3 5 2 2 1 6 1 1 0 0 1 1 2 4 1 1 4 11 1 1 2 4 0 0 2 214 2 26 5 25 2 11 2 6 
1 4 2 7 1 1 2 4 2 3 2 64 0 0 1 22 3 11 2 2 2 2 2 11 3 9 3 1159 1 9 2 6 0 0 2 4 4 10 2 2 2 2 4 7 1 1 3 5 0 0 4 4 3 9 1 1 3 10 1 3 0 0 2 25 
2 2 2 6 2 2 2 3 3 4 3 15 4 16 2 3 1 1 4 6 1 2 2 3 1 3 1 20 1 1 1 1 1 3 3 44 2 26 2 2 1 5 3 7 5 9 3 7 3 3 1 1 3 34 1 3 3 11 5 216 2 27 1 47 
2 2 0 0 0 0 4 10 0 0 2 493 3 28 5 8 5 44 1 6 3 8 4 442 1 2 4 28 2 11 1 10 2 4 2 22 4 62 2 10 2 3 3 6 3 33 4 94 1 3 1 5 2 6 0 0 2 2 5 37 1 2 3 6 
6 108 4 41 1 1 2 4 2 2 4 50 5 68 1 1 1 8 1 2 5 14 1 1 2 3 3 13 4 40 0 0 1 9 3 10 1 4 4 8 2 2 2 19 1 15 1 1 2 349 2 5 2 6 5 72 1 3 1 5 3 7 1 3 
3 4 6 26 2 8 0 0 1 1 1 1 2 143 1 3 1 1458 1 2 3 8 2 3 2 10 2 5 1 1 0 0 2 5 3 3 3 53 2 2 2 16 4 5 1 2 1 1 2 9 3 7 1 1 1 2 7 51 1 1 4 51 2 10 
5 13 2 18 3 34 4 16 1 1 0 0 3 10 7 109 6 30 2 7 1 1 1 1 1 2 2 3 2 2 3 3 2 2 0 0 1 1 1 29 4 10 2 9 0 0 3 22 2 2 6 84 4 18 2 10 0 0 2 6 1 1 1 1 
1 5 2 2 4 8 2 20 3 102 5 28 1 1 5 28 3 10 4 20 1 4 4 18 2 2 4 5 0 0 3 31 1 1 2 3 3 6 2 4 3 17 4 5 1 1 3 15 2 6 1 1 1 1 3 21 0 0 5 8 1 2 2 12 
0 0 3 7 1 2 3 8 1 19 0 0 1 1 2 3 0 0 2 3 3 7 3 8 1 1 4 13 2 2 2 6 3 10 0 0 2 8 1 26 2 7 2 2 0 0 1 12 2 2 3 3 4 20 2 2 8 35 0 0 3 18 4 13 
2 3 0 0 2 6 3 7 1 1 3 7 2 6 1 1 3 3 2 2 2 102 3 68 3 5 4 84 1 1 2 12 0 0 1 3 2 5 4 6 2 2 1 2 3 6 2 3 2 2 0 0 3 13 0 0 0 0 1 1 1 1 4 28 
2 4 2 3 2 15 1 2 2 2 2 4 3 8 2 7 1 1 3 22 4 13 1 2 2 2 4 27 2 3 1 1 2 2 0 0 1 2 4 10 0 0 2 2 2 2288 2 3 4 8 1 83 5 27 2 10 5 17 2 10 1 10 1 1 
3 6 5 20 6 14 2 2 1 178 2 3 2 4 2 5 2 3 1 1 4 13 3 5 1 1 2 4 2 5 0 0 1 1 1 2 1 3 1 6 4 10 1 1 1 4 2 6 1 2 2 2 2 20 1 1 3 4 8 61 4 59 2 4 
6 100 2 2 2 4 1 1 2 54 1 4 1 46 0 0 0 0 3 8 0 0 3 3 4 40 1 1 3 33 0 0 4 13 1 1 0 0 3 18 1 5 2 5 1 14 1 87 4 7 4 30 1 1 0 0 2 2 3 3 2 10 4 8 
2 4 1 1 1 4 3 9 2 21 1 3 4 94 0 0 3 38 2 5 2 2 3 51 5 15 4 5 6 24 0 0 0 0 2 8 1 1 6 236 2 5 2 2 1 14 1 3 1 22 2 7 1 1 5 32 4 10 1 7 2 4 2 3 
1 4 4 4 1 1 0 0 0 0 1 2 2 2 2 8 1 1 3 12 4 61 3 14 2 12 3 3 3 10 1 1 3 6 3 3 3 8 3 4 2 5 2 4 1 1 3 3 0 0 3 4 0 0 1 2 2 6 3 5 2 6 2 3 
1 1 2 18 2 5 4 32 2 2 5 17 2 5 2 19 2 2 0 0 1 1 0 0 0 0 4 88 2 11 2 2 1 1 1 1 1 21 3 7 1 7 2 36 5 14 2 3 4 5 2 5 2 2 1 2 0 0 1 1 2 2 4 6 
0 0 2 3 3 3 2 2 1 1 1 1 1 4 3 5 2 3 2 4 3 12 3 3 3 4 4 7 2 6 1 2 3 3 1 4 3 11 2 2 1 6 1 1 2 2 1 9 0 0 5 7 3 29 2 3 1 5 2 8 5 16 0 0 
1 2 4 55 3 9 4 10 3 20 2 14 0 0 8 209 4 4 2 3 1 1 4 30 3 6 1 3 2 7 3 29 5 31 4 25 5 166 0 0 2 2 1 12 1 5 3 13 1 1 0 0 2 2 1 6 1 1 2 2 2 2 1 615 
1 2 2 48 1 9 1 1 1 31 1 1 1 13 3 6 5 15 1 3 2 3 2 4 1 2 2 9 2 16 0 0 2 3 2 2 4 5 4 26 5 13 1 13 3 33 2 35 2 2 0 0 2 7 1 8 3 31 1 1 3 26 3 7 
4 5 1 1 1 1 0 0 0 0 3 4 2 50 2 273 1 3 1 2 2 2 2 9 3 26 0 0 2 7 3 333 2 5 5 9 4 7 1 8 2 4 3 15 0 0 2 5 5 111 1 1 2 9 2 2 4 37 2 6 2 2 1 28 
2 12 4 12 3 39 4 24 0 0 0 0 3 30 3 3 5 22 0 0 3 3 4 31 3 8 1 6 3 19 3 23 1 10 3 14 1 4 2 31 2 23 3 128 2 4 4 6 4 7 2 8 2 4 2 2 8 85 1 1 2 25 3 9 
2 10 1 5 3 6 2 8 1 2 2 3 1 1 2 2 0 0 2 5 2 2 2 23 5 17 2 2 0 0 0 0 2 10 3 7 4 14 4 6 4 5 2 959 2 16 0 0 1 3 1 2 3 14 2 3 3 6 2 2 0 0 2 5 
5 37 1 2 3 7 3 17 1 1 0 0 0 0 6 6 4 10 3 4 0 0 1 1 5 12 2 2 2 2 2 2 0 0 0 0 5 118 3 15 1 2 2 5 1 8 2 12 2 2 2 3 1 5 2 2 1 1 1 1 1 1 4 23 
1 1 2 2 6 25 2 15 2 237 2 2 3 15 2 2 2 11 2 2 2 2 4 37 1 2 0 0 3 27 2 2 4 13 2 5 3 14 4 107 0 0 2 2 0 0 2 5 2 2 0 0 1 11 4 6 0 0 2 7 3 73 3 12 
1 1 3 9 1 1 1 1 0 0 1 3 1 4 0 0 2 2 3 8 3 3 1 1 4 23 0 0 3 4 1 6 1 29 4 5 1 1 2 4 1 22 1 3 0 0 2 24 1 8 1 64 0 0 2 7 2 6 0 0 2 12 2 23 
1 1 0 0 2 6 6 367 3 3 2 69 0 0 3 3 1 1 1 1 2 5 0 0 0 0 2 49 1 147 2 2 1 1 2 4 3 11 2 102 2 5 2 10 3 8 1 3 0 0 1 1 2 8 1 3 1 17 3 6 1 10 2 2 
4 6 1 2 1 2 2 2 2 2 4 18 0 0 0 0 3 41 3 4 2 21 3 26 0 0 2 20 3 6 2 8 1 1 4 99 2 15 0 0 2 6 1 3 1 1 1 1 1 1 2 2 2 2 1 69 5 12 1 4 0 0 2 4 
5 37 3 51 2 9 0 0 1 1 1 1 1 1 2 6 6 24 4 9 2 2 3 15 1 1 1 5 3 6 2 7 2 8 4 125 1 20 2 6 2 2 2 2 1 1 3 4 1 3 0 0 2 3 2 2 2 2 1 1 1 2 5 170 
2 173 4 7 3 72 1 1 1 7 1 3 2 5 3 95 3 3 2 2 3 3 1 1 4 30 5 13 2 6 4 25 4 4 3 3 3 4 3 3 1 10 1 8 3 16 3 8 1 1 4 7 1 1 1 1 0 0 2 2 4 14 3 5 
1 1 0 0 2 25 3 115 2 2 3 3 1 1 2 5 1 4 2 2 2 5 3 3 2 2 0 0 1 1 3 4 1 6 0 0 1 1 2 2 2 3 3 7 2 2 0 0 2 7 3 7 1 24 0 0 2 6 6 30 2 4 1 1 
1 1 0 0 0 0 3 3 2 261 2 3 1 6 1 1 4 8 2 2 3 26 4 19 2 2 0 0 2 3 2 5 1 2 4 24 4 18 1 4 3 92 0 0 6 12 5 7 2 2 4 12 1 23 3 5 2 3 1 1 0 0 0 0 
0 0 1 1 1 1 1 1 4 13 4 11 2 6 1 1 3 19 1 1 1 1 3 6 5 23 1 7 2 7 1 1 1 2 1 2 6 19 1 2 1 3 4 246 2 23 4 8 1 6 1 1 2 10 3 12 4 6 2 2 3 107 2 6 
0 0 1 1 3 45 0 0 4 12 2 3 1 1 3 8 3 11 0 0 1 1 3 71 2 5 1 1 0 0 5 15 2 2 1 2 3 7 3 59 0 0 3 22 2 3 3 5 2 4 3 5 0 0 3 5 3 18 3 10 2 26 2 3 
4 9 3 7 2 3 0 0 2 2 2 160 3 4 0 0 0 0 4 20 4 29 1 1 2 38 5 543 2 2 1 1 2 16 3 7 1 2 2 37 1 2 2 3 2 3 1 1 1 2 5 59 0 0 1 1 4 25 1 2 2 2 2 7 
2 3 1 2 4 5 3 12 2 11 4 78 1 1 3 3 3 3 1 1 1 1 3 5 0 0 3 14 0 0 2 43 2 2 1 1 1 1 1 1 1 1 4 10 2 8 2 2 2 38 1 1 3 28 4 19 0 0 1 2 3 7 2 9 
1 1 2 7 3 3 4 10 0 0 1 1 1 1 2 17 2 1422 2 2 2 2 3 4 1 2 0 0 1 1 3 3 2 5 2 103 2 7 1 1 1 4 2 17 3 18 3 8 4 5 2 17 3 30 4 63 0 0 2 18 2 6 1 1 
2 30 3 13 2 3 2 2 5 28 2 2 2 5 0 0 3 63 2 2 3 4 2 2 3 46 3 3 3 24 3 14 2 3 1 1 3 74 1 1 2 5 2 2 2 28 2 3 2 35 1 3 5 23 2 365 0 0 4 8 2 4 1 1 
1 1 4 5 3 9 4 9 1 1 4 159 2 2 4 413 2 2 2 60 0 0 4 15 1 1 6 13 4 48 3 3 1 1 4 4 1 2 2 3 1 3 1 1 2 26 4 5 0 0 2 12 0 0 5 27 3 12 3 3 3 8 1 1 
0 0 2 2 3 5 1 1 2 16 2 2 4 62 2 2 1 2 4 17 3 4 1 1 3 8 4 37 3 49 6 14 2 4 6 8 1 1 2 2 0 0 6 14 3 7 2 4 6 25 0 0 3 180 1 1 3 10 4 38 2 5 4 64 
3 3 1 4 1 1 4 23 3 27 2 5 2 3 3 7 0 0 0 0 4 11 2 4 3 17 2 4 1 1 1 2 2 49 4 13 2 7 3 11 2 22 4 10 3 6 0 0 7 20 1 3 2 3 0 0 2 157 0 0 3 8 0 0 
4 35 3 3 2 3 0 0 2 4 5 42 3 27 1 1 2 4 2 8 2 2 1 7 0 0 1 16 1 1 2 2 3 20 6 38 4 9 4 672 1 13 2 20 0 0 4 79 3 9 1 2 2 4 2 37 2 16 2 3 2 2 1 2 
3 29 3 5 2 2 4 38 3 3 4 9 2 72 3 12 4 49 2 130 2 27 1 1 1 6 3 7 2 6 2 18 5 49 2 455 5 9 1 6 1 1 4 31 2 3 4 37 3 19 0 0 3 7 4 4 2 13 3 122 2 6 3 10 
1 6 2 2 2 3 2 2 3 3 3 44 0 0 0 0 2 7 4 6 4 19 2 12 0 0 3 13 4 28 2 2 0 0 2 6 1 1 4 5 2 3 1 4 3 3 2 19 2 5 2 2 1 3 2 3 4 11 3 7 0 0 1 1 
0 0 0 0 1 3 1 2 2 15 0 0 2 3 1 1 5 26 1 1 1 22 0 0 1 8 2 8 3 5 5 25 3 4 1 1 4 4 3 6 5 22 1 1 1 46 1 1 2 2 3 8 5 89 2 27 1 20 1 1 4 24 2 6 
4 8 3 4 2 4 3 6 2 2 4 17 3 5 1 1 0 0 2 2 2 13 1 19 5 195 3 10 2 2 1 1 2 6 1 1 4 18 2 26 0 0 2 4 4 24 1 2 2 4 0 0 0 0 3 6 0 0 2 4 3 46 2 4 
2 89 2 7 2 2 2 4 4 7 0 0 2 19 2 3 0 0 1 2 3 17 3 10 2 3 1 2 4 7 4 16 4 10 0 0 3 3 1 1 2 8 3 40 0 0 5 7 1 1 3 4 4 7 2 4 0 0 2 4 1 1 2 45 
3 17 1 31 5 51 1 8 4 41 1 51 1 1 2 2 2 11 2 3 2 7 3 3 2 5 1 7 1 94 3 7 4 56 5 64 4 17 1 1 2 3 1 4 2 5 3 14 1 3 4 21 1 2 2 3 1 1 0 0 2 4 2 194 
1 3 1 1 1 1 0 0 1 1 0 0 2 23 1 1 2 4 5 24 3 3 1 1 0 0 2 3 1 2 1 13 2 2 4 13 0 0 2 2 2 21 1 1 3 7 4 11 3 4 2 7 4 86 2 2 0 0 3 107 0 0 2 6 
2 29 1 1 4 24 2 4 1 3 2 7 2 2 2 21 2 2 4 10 2 4 5 30 3 9 5 861 0 0 0 0 2 8 6 23 1 1 2 28 0 0 1 1 2 19 2 9 2 5 3 27 2 5 3 20 1 2 3 34 0 0 1 1 
3 4 1 1 2 3 1 10 3 219 3 8 0 0 2 7 0 0 3 6 2 12 3 3 1 3 1 1 0 0 2 4 1 210 4 13 4 93 3 12 4 13 0 0 2 6 3 5 3 18 3 5 4 25 3 6 3 5 0 0 3 93 2 6 
1 1 2 4 5 12 2 2 0 0 3 80 1 6 5 10 3 9 2 6 3 5 1 12 3 5 4 12 1 1 3 5 4 30 3 28 2 6 0 0 3 3 4 4 5 219 1 2 2 131 1 1 4 9 2 7 0 0 2 2 2 2 0 0 
3 4 0 0 2 2 3 14 4 10 1 1 3 5 3 9 6 22 4 5 2 5 2 7 2 7 1 111 1 2 3 4 2 9 1 1 4 4 1 4 3 4 1 5 2 6 3 4 1 7 5 10 2 73 2 2 1 5 0 0 3 5 1 1 
3 24 3 5 3 9 4 8 2 2 1 3 4 45 2 2 4 99 4 22 0 0 5 10 2 8 1 5 3 12 1 15 3 3 4 6 3 24 1 2 1 1 0 0 1 1 2 6 1 4 2 31 1 1 3 8 1 2 4 13 2 10 3 9 
3 15 3 3 5 69 1 1 3 8 5 7 4 44 2 6 1 2 1 44 3 4 5 46 0 0 1 10 1 2 3 8 4 18 1 1 0 0 3 110 2 2 0 0 0 0 0 0 2 7 2 10 1 8 3 11 1 1 1 10 4 19 1 1 
0 0 4 11 1 2 0 0 1 22 3 3 0 0 2 11 3 5 3 9 0 0 0 0 2 2 1 3 1 1 1 1 2 2 3 20 4 9 2 2 2 6 1 1 1 1 2 8 1 2 2 10 1 3 3 25 3 29 2 10 5 11 0 0 
2 2 1 1 0 0 0 0 3 11 2 6 2 10 2 2 5 13 3 3 2 4 6 23 5 11 2 3 4 95 2 16 3 47 2 15 3 16 2 2 4 10 1 1 2 7 2 10 2 4 1 1 2 3 1 1 3 3 0 0 1 30 6 16 
1 1 2 6 2 2 2 43 0 0 4 21 1 1 1 4 2 12 2 8 0 0 3 213 5 18 2 21 0 0 1 1 3 76 2 2 3 4 0 0 1 1 2 2 2 2 2 2 2 4 4 7 3 4 0 0 0 0 3 152 3 3 4 126 
3 9 0 0 1 1 3 4 0 0 3 3 2 5 2 4 6 188 1 8 2 4 3 10 2 6 1 1 1 2 2 3 2 2 6 131 4 26 1 1 4 7 1 1 2 4 3 32 2 4 4 5 4 28 2 8 3 3 1 31 4 14 2 4 
1 1 0 0 3 5 6 36 0 0 1 3 2 10 1 2 2 2 1 1 0 0 4 38 2 2 1 1 3 3 1 6 4 23 1 2 1 1 2 3 2 14 1 2 1 1 2 3 2 2 4 21 1 1 4 10 1 3 2 5 4 28 4 200 
1 320 0 0 3 9 2 2 2 3 0 0 2 21 1 1 1 1 0 0 2 15 2 9 1 1 1 16 1 2 5 9 2 4 3 6 0 0 1 3 1 9 3 11 2 2 0 0 1 8 2 5 1 3 1 2 3 5 0 0 2 20 7 13 
2 7 2 2 1 1 0 0 2 225 1 1 1 1 2 3 0 0 0 0 1 1 3 200 1 2 1 5 1 6 1 82 0 0 3 27 1 1 3 209 1 1 4 5 2 2 2 7 3 25 3 274 7 25 3 3 2 2 4 4 2 8 3 14 
1 4 2 6 4 10 3 5 1 2 1 1 1 10 0 0 2 2 4 6 3 3 3 3 2 2 2 5 0 0 0 0 0 0 1 5 4 16 5 16 1 3 3 4 3 4 4 18 4 144 1 1 4 24 1 267 1 1 1 4 1 1 0 0 
2 3 2 26 3 9 1 1 2 170 2 2 0 0 1 2 1 1 6 14 3 6 0 0 3 6 3 66 3 5 3 15 1 1 1 4 3 4 3 47 2 4 4 7 2 15 2 2 4 1471 1 1 2 9 1 1 3 3 3 3 3 31 2 3 
0 0 1 1 2 2 2 57 5 89 2 17 3 18 1 1 1 1 1 1 1 11 0 0 3 16 1 1 1 1 4 51 1 1 4 6 4 29 2 2 1 12 6 29 0 0 0 0 4 6 0 0 4 12 1 1 0 0 0 0 3 5 3 21 
4 7 1 2 3 4 5 9 3 8 2 4 4 117 2 6 1 1 3 24 1 1 0 0 5 10 3 14 0 0 6 55 1 1 0 0 3 4 0 0 2 32 2 2 3 4 2 2 2 25 2 26 0 0 1 2 3 7 1 5 4 10 1 6 
2 151 1 1 2 20 3 12 2 4 3 12 2 2 2 33 2 9 1 3 2 6 6 6 0 0 1 87 4 25 5 8 3 10 3 5 1 1 1 4 2 4 2 3 0 0 2 4 4 15 5 6 4 7 3 6 0 0 4 21 2 3 2 2 
4 9 3 3 2 48 3 22 6 12 2 6 1 2 2 23 1 1 0 0 2 10 1 3 6 32 1 17 1 95 0 0 1 9 2 6 2 50 3 7 1 2 2 7 2 2 0 0 3 11 1 24 1 1 1 1 0 0 0 0 4 21 2 2 
2 5 3 123 3 11 4 16 1 1 2 5 1 1 1 20 2 2 0 0 1 1 2 6 4 6 0 0 3 32 2 2 1 1 2 4 0 0 4 84 1 1 2 2 0 0 0 0 2 4 2 9 2 8 3 7 3 6 5 8 3 15 2 8 
2 4 2 789 6 60 2 2 0 0 2 2 2 2 1 1 4 29 3 4 2 71 4 18 6 82 0 0 1 12 2 4 2 2 0 0 1 8 5 15 2 2 3 117 3 178 1 1 1 8 1 1 4 54 0 0 4 11 2 15 5 11 1 1 
0 0 2 29 3 8 1 262 2 14 3 24 2 24 7 111 2 3 0 0 2 7 4 51 3 3 0 0 2 68 2 13 1 1 2 11 2 6 4 568 2 2 2 2 2 5 2 2 2 3 2 3 2 9 0 0 1 10 1 1 3 5 1 1 
3 9 1 1 1 1 3 15 0 0 1 1 1 1 1 4 2 3 2 4 2 21 3 42 0 0 2 7 2 2 2 32 5 18 1 1 2 2 2 2 1 1 2 2 2 3 1 6 1 1 0 0 3 29 2 6 1 1 1 1 3 22 5 13 
1 1 4 17 3 18 2 23 3 13 2 7 1 7 3 26 1 101 0 0 2 6 1 1 1 7 5 13 2 3 1 9 2 2 0 0 2 4 2 3 3 7 3 17 0 0 1 1 0 0 2 7 2 725 5 12 2 2 3 7 5 96 3 17 
0 0 3 7 4 10 1 2 1 6 1 1 1 10 2 2 0 0 2 3 3 43 2 17 2 11 1 5 4 11 2 6 2 2 0 0 2 8 1 3 2 4 2 57 4 4 4 25 3 3 1 4 2 10 3 4 0 0 2 2 1 15 3 4 
3 25 3 56 2 2 1 5 2 2 0 0 1 1 3 10 1 1 3 19 4 12 1 6 3 9 5 6 3 34 0 0 4 379 8 16 2 4 1 1 4 16 4 45 3 37 4 6 1 14 2 2 1 1 4 18 2 19 4 9 2 4 1 1 
1 8 3 25 1 9 2 5 1 1 3 7 1 1 2 54 4 18 4 9 5 11 2 28 5 77 1 1 3 5 2 7 1 2 3 4 1 2 2 6 2 3 1 1 1 1 4 15 1 245 2 12 4 8 1 1 3 9 1 4 2 3 2 21 
3 33 0 0 2 9 2 5 2 3 1 1 1 5 2 2 3 26 2 11 4 66 1 37 4 29 1 97 2 3 4 11 2 5 0 0 1 1 1 2 2 7 5 11 2 2 1 1 6 16 2 2 1 1 2 5 2 2 3 13 3 5 2 2 
6 27 0 0 6 13 1 2 4 33 3 3 2 2 2 8 2 3 3 6 2 12 1 1 2 7 3 4 0 0 2 2 1 1 1 1 3 3 3 10 2 8 1 5 2 2 1 1 3 7 1 2 1 1 4 10 0 0 5 11 2 15 1 6 
3 12 3 9 0 0 0 0 2 5 6 58 3 9 3 4 3 8 2 2 3 20 4 13 3 20 3 6 1 1 3 23 2 3 3 24 1 2 1 1 1 1 0 0 1 2 2 10 1 1 2 2 4 17 3 230 3 10 1 21 2 5 3 6 
0 0 1 35 0 0 2 3 1 1 1 1 3 11 1 7 0 0 3 3 6 43 2 4 2 34 1 3 3 6 2 8 2 38 4 14 0 0 3 4 1 30 1 6 0 0 1 3 2 4 3 4 4 9 1 3 1 2 0 0 2 4 2 13 
0 0 5 52 2 2 3 8 1 1 1 46 4 5 2 3 5 29 3 26 2 2 4 90 2 122 3 20 0 0 4 5 1 6 0 0 2 2 3 19 3 6 0 0 0 0 2 2 6 18 4 517 1 4 3 7 2 4 3 3 0 0 2 793 
4 11 1 3 2 27 0 0 1 9 1 14 1 1 3 11 1 2 2 6 5 8 2 5 2 2 2 4 3 3 1 3 3 8 1 5 4 6 2 18 1 18 2 9 3 4 1 3 3 24 4 63 3 24 3 7 2 12 3 45 4 6 2 4 
2 3 0 0 1 1 4 36 1 1 3 4 1 17 0 0 1 2 4 14 2 35 1 1 1 5 5 8 3 24 4 4 5 19 3 10 5 17 1 1 0 0 2 36 7 15 2 4 4 11 2 7 2 35 4 36 2 2 5 21 1 19 4 47 
2 2 1 2 3 5 0 0 1 1 2 2 2 2 6 50 2 2 4 28 2 16 3 4 3 40 0 0 0 0 1 1 4 4 2 4 3 5 1 1 0 0 2 2 1 5 1 2 4 8 1 1 6 20 1 1 3 14 3 5 3 4 2 74 
0 0 4 12 1 13 0 0 2 3 1 1 7 16 0 0 1 4 2 6 4 18 1 1 1 1 2 4 0 0 2 2 1 13 4 15 1 2 0 0 3 10 3 28 0 0 4 41 3 7 0 0 0 0 4 47 2 6 4 8 4 93 3 32 
1 6 5 9 3 5 2 9 1 3 1 17 2 68 2 2 3 31 1 8 2 9 4 9 0 0 3 12 3 4 2 148 1 17 1 8 3 18 6 9 5 15 1 2 2 22 6 52 2 34 3 24 1 1 3 18 1 22 2 2 1 11 1 1 
0 0 4 13 4 23 1 2 0 0 0 0 2 29 3 10 3 3 1 1 2 783 3 44 1 13 3 27 1 2 0 0 2 32 4 102 3 15 5 71 4 4 0 0 3 4 0 0 2 2 3 5 0 0 1 1 0 0 2 3 0 0 2 6 
3 12 0 0 2 8 2 2 2 10 4 15 1 1 1 5 4 16 4 27 1 3 1 1 3 35 3 8 1 7 1 3 3 43 1 1 2 3 3 3 3 100 3 12 6 47 5 43 2 2 3 8 1 2 2 3 2 5 3 7 3 8 1 3 
0 0 3 9 2 2 3 41 2 4 1 1 3 12 3 15 2 8 1 4 0 0 2 4 2 45 3 28 0 0 2 7 2 2 2 2 3 4 0 0 3 12 0 0 3 115 2 2 3 4 2 2 0 0 1 1 3 6 1 4 2 14 2 31 
3 13 0 0 1 1 1 10 5 21 6 19 2 9 2 3 3 9 3 3 0 0 2 6 2 63 3 5 2 2 0 0 0 0 2 3 1 3 2 39 3 5 3 7 2 6 2 3 3 5 6 10 1 1 1 1 0 0 1 6 0 0 4 7 
1 1 2 2 2 2 1 1 2 3 2 6 4 12 2 41 1 1 1 1 4 12 5 91 3 3 3 11 1 1 3 5 1 2 1 1 1 4 1 7 2 5 2 2 3 6 1 5 1 1 0 0 3 7 1 12 2 4 2 9 2 5 3 24 
2 2 3 3 0 0 4 11 4 23 2 9 3 10 5 38 5 19 0 0 4 5 2 7 1 1 5 11 3 6 3 4 1 1 0 0 5 13 1 1 3 28 3 3 5 5 2 2 0 0 1 16 3 56 1 1 0 0 1 8 1 1 2 8 
2 7 4 16 1 7 3 5 0 0 1 1 2 2 3 4 1 1 3 8 2 3 3 91 2 9 6 18 2 5 2 3 3 8 1 4 3 5 1 2 2 7 5 5 2 7 2 3 5 8 1 346 2 7 2 3 2 2 2 2 1 2 3 3 
1 8 4 10 1 2 3 15 1 1 2 7 0 0 3 18 2 4 2 5 2 31 3 45 3 48 1 6 2 30 1 22 3 10 1 1 3 5 1 55 1 1 1 8 1 3 2 16 2 10 1 4 2 3 0 0 2 3 1 1 2 7 1 1 
2 3 1 2 2 3 1 2 5 14 3 4 1 2 4 804 1 3 0 0 3 24 1 2 2 2 1 1 2 33 3 108 2 4 1 1 1 2 5 22 2 2 1 3 0 0 1 1 2 2 1 2 3 40 0 0 2 3 3 62 2 2 3 7 
1 1 1 1 4 11 2 3 1 6 0 0 3 7 1 2 3 17 1 1 1 1 0 0 1 2 2 11 2 3 1 1 2 9 2 55 3 4 1 3 2 4 2 2 3 20 1 1 3 7 3 28 2 5 1 22 3 189 3 12 2 107 1 5 
1 5 3 17 3 5 1 1 3 47 2 2 2 2 2 2 1 26 2 13 2 5 3 3 1 1 1 557 2 7 4 9 0 0 1 1 2 2 0 0 2 4 5 47 1 5 1 1 5 14 2 2 4 5 3 3 5 111 1 6 5 100 2 5 
4 5 1 4 1 1 3 6 0 0 1 5 3 15 2 5 1 8 1 6 4 7 3 1475 3 6 3 9 1 1 2 3 4 5 3 15 4 4 3 15 3 23 1 2 1 1 2 2 4 4 4 150 0 0 3 48 3 4 0 0 1 9 2 19 
2 8 2 13 3 13 3 11 3 32 2 3 2 2 2 8 5 21 3 17 1 1 1 2 0 0 1 2 1 1 0 0 4 21 2 32 0 0 2 29 4 18 3 3 1 3 1 1 4 4 6 39 3 10 2 8 3 48 3 17 1 1 2 2 
2 3 0 0 1 1 1 1 2 8 2 3 4 261 2 2 3 4 1 1 1 1 2 4 2 3 0 0 3 5 1 2 2 14 4 9 1 1 4 20 1 30 0 0 4 17 1 1 1 1 3 20 3 8 2 2 2 7 3 14 2 2 4 7 
5 19 6 22 2 3 3 21 2 4 5 351 3 11 0 0 2 5 0 0 2 20 4 9 0 0 1 1 3 5 3 4 2 2 0 0 3 30 3 19 2 4 3 6 2 2 3 12 4 10 0 0 0 0 0 0 1 7 1 1 6 59 1 45 
3 12 2 2 4 10 2 3 2 6 1 10 1 1 4 14 0 0 3 4 0 0 4 4 3 4 2 2 2 9 0 0 2 2 0 0 7 19 1 4 0 0 5 18 5 42 1 3 3 7 5 12 3 5 2 28 3 47 3 5 2 2 2 9 
4 21 3 5 3 18 1 45 1 1 2 4 1 4 0 0 3 33 1 4 4 6 0 0 3 4 4 13 4 19 1 7 2 2 3 5 2 6 7 16 1 1 4 10 1 1 3 56 2 9 1 3 1 1 2 2 2 16 2 7 2 10 2 7 
0 0 3 31 1 1 6 41 2 3 1 1 2 17 0 0 2 6 3 22 0 0 3 27 5 17 1 25 0 0 1 6 0 0 0 0 0 0 1 1 3 10 0 0 2 6 1 1 5 28 2 11 0 0 2 3 2 13 3 4 3 7 1 5 
3 7 0 0 1 2 2 4 0 0 3 45 2 11 1 90 4 12 2 19 5 40 3 104 1 17 3 6 4 33 4 21 1 2 1 1 0 0 3 19 4 10 3 47 3 9 4 6 2 2 4 28 3 7 4 6 1 1 1 1 6 22 3 8 
0 0 2 6 3 9 2 3 1 8 2 2 1 1 4 12 3 6 2 11 7 19 4 6 3 7 1 1 2 327 2 4 3 16 2 2 0 0 1 1 2 2 2 6 5 71 0 0 2 2 0 0 1 1 0 0 3 12 2 2 1 1 5 7 
3 5 1 2 1 1 2 7 2 2 1 18 1 1 1 1 4 5 3 30 1 1 1 1 3 3 4 8 0 0 2 11 1 5 0 0 3 3 2 13 0 0 1 1 1 1 2 4 1 5 3 11 2 5 2 5 2 24 0 0 4 4 2 21 
2 4 2 19 2 14 2 16 1 1 2 4 2 3 3 31 1 6 3 4 1 1 1 2 2 2 2 5 4 10 2 4 0 0 5 15 2 22 2 9 1 11 5 11 2 2 3 7 5 15 1 1 1 1 0 0 0 0 1 66 2 2 2 6 
2 2 4 9 0 0 5 28 1 3 2 2 0 0 3 4 1 9 2 4 3 15 3 5 2 2 3 12 3 3 4 39 1 1 2 2 0 0 1 1 2 29 1 46 2 2 2 43 2 4 2 4 0 0 0 0 3 3 2 7 0 0 1 2 
1 1 4 12 1 1 1 1 2 11 5 8 2 10 4 20 1 1 4 9 1 3 2 2 0 0 3 3 2 8 3 6 1 1 3 4 1 1 1 1 5 12 2 10 2 3 2 2 3 4 2 7 1 1 3 21 0 0 2 7 1 2 3 4 
1 1 3 4 1 1 0 0 5 31 3 7 1 1 5 5 1 2 3 65 3 5 3 13 4 28 5 15 2 5 5 9 2 3 2 2 2 2 0 0 2 2 1 1 3 10 4 32 1 1 3 31 1 1 1 7 2 19 2 8 1 2 2 2 
4 9 1 1 4 15 2 33 1 1 2 4 3 7 1 1 2 2 3 11 1 39 1 2 1 6 1 9 2 3 4 8 3 3 6 43 1 8 1 1 3 23 2 3 6 180 1 2 0 0 2 2 3 148 3 10 1 1 3 10 2 2 2 2 
2 5 2 28 1 5 0 0 3 37 3 11 1 5 0 0 1 3 3 23 3 11 1 1 3 9 3 3 4 17 3 8 4 14 2 8 3 7 1 20 2 2 1 4 1 2 1 3 1 1 4 13 2 36 5 31 1 25 3 19 2 2 3 4 
2 2 1 1 2 6 1 1 1 2 6 122 3 3 0 0 2 3 1 1 2 165 2 3 0 0 3 11 3 199 1 1 1 1 2 18 5 11 2 8 4 24 4 39 0 0 3 3 4 11 1 6 1 1 6 8 2 5 1 2 2 3 3 141 
3 10 1 1 1 1 2 22 5 25 0 0 4 31 3 20 0 0 3 18 5 56 1 1 3 32 1 9 5 28 4 8 2 11 2 4 3 62 3 23 0 0 1 7 2 10 2 6 6 12 2 6 2 14 3 9 3 4 2 4 2 21 4 20 
1 1 4 13 2 6 2 6 2 13 2 47 3 9 1 1 2 2 3 1003 3 5 4 13 3 24 1 10 5 75 2 6 2 3 2 2 1 1 3 19 3 26 3 8 1 1 4 108 0 0 6 222 3 38 2 2 3 5 3 25 4 27 2 3 
2 3 4 13 5 999 0 0 2 9 2 2 2 2 3 8 2 2 5 13 3 9 0 0 1 1 1 3 2 4 1 10 4 30 3 13 1 5 1 3 2 14 1 1 1 2 3 8 0 0 4 13 0 0 2 2 0 0 2 3 2 5 3 3 
2 2 1 3 2 2 4 14 3 3 3 4 2 83 0 0 7 19 6 8 3 5 1 28 1 1 2 281 1 1 0 0 3 8 2 9 3 4 2 23 3 4 2 6 3 8 4 11 1 1 1 1 2 38 0 0 0 0 1 1 2 2 1 3 
0 0 0 0 2 3 2 29 1 1 4 42 3 4 0 0 0 0 3 9 1 1 2 27 2 29 1 5 1 1 2 3 4 11 2 347 2 5 5 35 3 11 2 2 1 3 1 4 2 36 1 1 3 4 3 9 3 88 0 0 2 2 2 6 
2 13 2 13 2 2 2 15 3 6 1 1 7 143 6 20 2 6 1 5 1 12 2 60 2 2 4 6 2 7 2 8 1 1 3 19 2 3 0 0 4 43 4 26 1 1 2 26 0 0 3 11 2 5 3 13 3 3 5 21 4 44 3 4 
3 39 1 6 1 1 2 2 1 1 1 1 2 5 1 1 1 1 5 8 2 11 4 85 3 3 2 9 2 6 2 8 1 1 3 3 1 1 3 3 2 3 2 7 2 5 3 3 3 5 2 2 3 7 3 71 2 10 3 19 1 11 5 25 
0 0 3 3 2 6 1 1 1 1 3 3 2 3 5 20 0 0 1 1 4 5 5 8 1 6 3 38 1 1 4 6 4 7 1 1 6 12 7 26 0 0 0 0 1 1 2 4 1 4 4 10 6 12 2 8 0 0 2 5 3 454 4 16 
2 2 6 754 0 0 2 8 3 21 4 25 2 2 3 3 4 25 5 11 3 6 1 2 2 4 1 4 2 15 3 17 3 14 0 0 1 1 2 2 2 3 3 10 5 13 4 18 2 2 5 7 1 1 2 3 3 3 0 0 1 1 6 164 
4 7 0 0 2 2 3 5 2 2 1 2 2 2 3 6 1 1 2 22 6 226 4 39 5 56 3 5 1 2 2 6 1 1 3 30 4 34 2 12 1 3 2 8 1 3 1 212 5 9 1 1 1 8 3 216 1 25 0 0 2 2 4 5 
1 67 3 4 3 3 3 10 2 84 0 0 4 4 2 70 5 171 2 3 2 2 1 7 3 13 3 4 2 8 1 14 4 12 0 0 1 1 0 0 0 0 2 1455 4 20 2 21 6 14 1 1 4 16 4 14 3 3 4 12 2 4 5 10 
4 6 4 9 1 1 3 17 1 1 3 12 4 62 0 0 0 0 0 0 4 6 2 3 4 94 1 9 3 14 5 11 1 10 1 15 4 6 0 0 1 1 0 0 2 2 4 7 4 8 2 2 1 5 2 2 2 3 3 21 0 0 3 8 
3 33 3 82 2 7 3 423 4 17 3 15 4 23 4 114 0 0 2 2 1 1 1 1 3 21 4 6 3 3 1 1 0 0 2 7 2 124 1 1 2 4 2 3 2 66 1 1 3 12 1 1 2 3 1 1 2 3 0 0 2 83 1 1 
2 7 4 14 1 4 2 23 1 1 3 4 3 7 2 2 2 2 4 7 2 14 3 23 2 4 1 1 3 16 1 1 2 9 1 1 1 1 1 1 4 10 2 46 1 1 0 0 2 2 6 17 3 4 1 7 3 7 2 2 0 0 0 0 
3 4 3 15 2 78 2 2 2 7 1 3 3 23 0 0 1 27 4 4 1 1 1 1 4 4 3 5 0 0 2 3 1 1 2 98 2 7 0 0 5 19 2 5 7 45 2 11 1 4 0 0 3 18 2 3 1 1 1 6 3 11 2 2 
0 0 4 32 2 22 0 0 3 6 2 2 3 8 1 3 0 0 1 1 0 0 1 3 1 3 2 141 1 17 2 13 1 24 4 5 3 728 4 18 2 19 3 14 3 96 1 1 2 3 2 3 1 1 1 3 2 6 1 4 1 2 1 1 
1 1 2 2 2 3 2 8 2 2 2 3 4 26 3 11 3 3 1 6 4 8 1 6 3 3 1 1 0 0 2 4 0 0 5 23 1 1 0 0 5 32 0 0 2 9 2 51 2 13 0 0 1 8 5 115 2 7 2 136 1 118 2 12 
1 1 2 3 1 5 1 1 3 4 4 5 3 12 4 23 5 14 2 33 2 6 3 22 2 2 0 0 0 0 0 0 3 23 4 36 1 1 1 10 1 1 1 1 0 0 3 3 2 2 1 11 5 21 1 1 5 20 2 4 2 36 1 1 
3 3 3 26 2 2 0 0 2 2 6 31 5 6 1 4 1 1 5 7 5 31 1 6 3 39 0 0 5 43 3 7 0 0 0 0 4 4 1 1 1 1 1 3 4 5 1 17 2 2 3 144 2 30 5 14 5 17 4 6 5 18 2 2 
3 5 2 2 3 16 1 2 2 2 2 9 4 11 5 5 1 73 2 12 4 29 2 2 2 2 1 1 4 4 4 36 0 0 1 1 1 1 1 11 4 4 4 31 5 9 2 2 1 2 0 0 2 13 4 10 3 7 2 2 2 2 3 4 
1 3 2 17 1 5 1 3 2 15 0 0 3 8 1 1 5 13 4 16 3 209 2 6 2 2 2 5 0 0 2 259 5 5 2 34 1 8 1 1 1 178 2 6 2 117 0 0 1 1 1 1 3 3 1 1 1 1 1 1 3 8 0 0 
3 3 2 2 0 0 0 0 1 1 2 25 2 14 2 2 1 1 2 2 5 206 0 0 1 13 1 3 3 5 3 9 3 3 1 3 0 0 1 1 2 8 1 1 3 4 0 0 4 5 3 16 3 50 5 19 3 37 3 10 2 2 4 5 
2 2 1 2 3 5 4 13 2 19 3 17 2 3 3 5 6 11 1 18 5 136 1 19 2 12 3 6 3 13 1 3 1 1 2 4 2 2 2 9 1 194 0 0 3 47 3 223 3 6 1 1 4 15 1 1 3 18 2 2 2 3 0 0 
1 4 0 0 2 3 2 8 5 22 2 3 2 3 1 1 5 27 0 0 3 44 1 6 1 1 1 1 4 8 1 4 0 0 0 0 4 17 1 4 2 7 4 11 1 28 0 0 1 1 0 0 3 36 2 2 0 0 1 3 1 1 3 3 
5 15 2 2 1 13 1 3 4 10 1 2 1 1 4 54 3 6 2 27 2 2 3 3 4 16 2 2 2 19 6 15 4 5 2 9 1 2 2 212 3 95 1 1 2 2 1 5 1 1 1 3 1 1 0 0 0 0 0 0 2 3 4 6 
1 7 3 8 1 1 0 0 5 32 4 47 2 4 3 31 0 0 1 3 4 11 1 98 0 0 4 13 1 5 5 252 4 14 3 7 2 23 2 7 2 6 1 3 3 45 3 4 1 19 2 7 3 12 3 4 4 73 3 19 1 15 2 5 
1 1 2 2 3 4 7 8 1 5 0 0 1 20 3 3 2 3 1 4 3 5 2 2 2 6 3 3 0 0 2 18 3 67 0 0 1 1 3 11 2 2 2 8 4 32 1 8 1 4 2 27 3 7 1 3 0 0 4 26 4 9 1 2 
4 20 1 6 0 0 3 4 0 0 1 1 4 10 2 7 5 13 2 7 2 41 1 7 1 1 0 0 4 98 3 4 0 0 3 16 2 2 1 1 0 0 2 77 2 2 0 0 4 5 2 5 0 0 2 7 1 3 1 4 2 4 2 23 
0 0 2 11 4 4 5 17 3 16 1 6 1 1 1 3 0 0 2 2 0 0 1 1 3 7 2 7 5 85 2 2 4 223 4 9 2 37 3 8 2 2 2 11 1 1 0 0 3 35 2 6 1 1 1 1 4 13 0 0 1 8 3 4 
1 4 3 3 4 29 1 20 2 2 0 0 3 12 2 46 3 6 1 24 1 66 4 16 1 1 1 1 4 4 0 0 1 1 2 7 2 8 2 11 2 2 1 5 0 0 4 6 5 11 3 28 3 5 5 135 2 70 3 9 1 1 2 14 
4 7 4 35 3 20 3 10 2 3 5 7 4 11 1 5 6 22 2 2 1 33 1 1 1 7 2 2 1 1 1 6 4 29 1 4 4 538 3 6 2 4 2 2 2 24 1 1 2 4 2 27 3 33 2 2 3 701 1 1 6 13 3 8 
3 17 0 0 1 2 0 0 1 2 1 5 3 6 1 1 4 10 2 2 2 8 1 1 3 6 1 11 2 3 3 4 1 39 2 126 2 2 3 39 4 15 4 8 4 9 1 1 3 12 4 11 3 18 1 2 2 2 1 1 4 8 3 7 
1 1 4 16 4 23 1 1 0 0 7 10 1 1 2 2 1 8 1 1 3 3 1 13 2 67 0 0 2 10 3 11 1 9 1 28 3 3 4 9 1 119 6 356 3 49 1 4 1 1 1 1 4 7 3 16 5 11 2 22 2 2 3 10 
1 1 2 12 2 3 3 7 3 6 2 17 3 6 0 0 2 32 1 1 0 0 2 59 2 23 4 13 0 0 1 1 2 3 1 1 1 1 0 0 1 42 1 1 1 25 1 1 1 1 3 11 5 423 0 0 1 1 1 1 4 6 3 20 
4 25 0 0 1 1 2 2 3 9 2 3 2 7 1 1 3 8 3 61 2 60 3 50 0 0 2 6 0 0 0 0 1 7 2 2 0 0 3 17 2 4 1 1 1 2 2 2 3 13 2 3 3 5 1 1 1 2 2 2 2 6 1 2 
3 24 3 10 3 15 4 47 2 5 4 5 1 1 0 0 1 1 2 4 1 1 0 0 4 11 4 9 4 10 2 2 3 7 2 4 4 15 1 1 3 21 2 2 1 1 3 12 4 35 2 8 1 3 1 1 1 25 2 7 3 26 1 2 
3 583 0 0 3 184 1 1 3 16 1 13 2 15 0 0 1 2 3 5 2 3 1 1 2 5 3 14 1 1 5 10 1 1 0 0 3 11 2 337 3 29 2 26 1 2356 2 6 2 4 4 9 1 5 4 20 2 4 1 1 2 12 3 10 
1 1 1 4 1 2 5 24 1 1 3 12 3 18 5 14 3 171 0 0 1 6 3 3 2 11 3 7 1 8 0 0 3 13 3 8 3 102 2 11 0 0 2 5 1 6 5 31 2 7 2 45 2 2 4 16 1 1 2 2 1 6 3 52 
0 0 2 2 3 19 2 2 3 4 1 1 4 10 5 9 0 0 5 10 3 17 0 0 2 7 2 4 2 14 1 1 0 0 5 11 1 1 1 1 1 5 0 0 1 1 2 166 0 0 6 110 3 7 2 3 2 6 1 2 4 28 1 1 
2 7 2 8 1 10 1 4 0 0 2 3 1 1 4 6 3 9 3 55 3 8 2 2 1 1 0 0 1 73 1 1 1 6 2 3 1 2 3 25 4 9 1 1 1 1 3 3 2 11 1 1 4 4 1 1 3 4 4 10 2 12 4 18 
2 2 1 2 1 1 1 1 0 0 0 0 4 68 3 5 1 1 1 1 3 18 2 3 1 1 2 7 1 314 0 0 3 563 3 3 3 30 3 35 2 2 2 2 1 46 2 9 3 5 1 7 1 466 1 4 2 4 1 89 3 3 0 0 
3 10 4 4 6 60 1 1 3 18 2 2 3 19 2 2 0 0 1 7 2 29971 2 7 2 2 3 17 2 72 3 13 6 9 2 2 2 3 2 14 6 26 1 1 2 3 3 28 5 16 3 3 2 8 3 4 6 26 0 0 2 5 5 6 
6 17 1 9 4 18 3 16 3 4 2 16 0 0 2 2 2 4 3 9 3 4 2 3 0 0 0 0 1 2 1 1 1 1 3 10 1 1 2 6 1 3 3 6 0 0 7 16 5 115 2 83 2 2 4 10 2 29 1 1 1 2 3 3 
1 1 3 3 3 4 0 0 3 7 2 5 3 17 3 6 2 4 3 6 2 2 1 4 3 20 2 5 4 20 1 3 1 1 5 57 2 10 1 2 1 5 1 1 3 7 6 314 3 3 2 2 2 2 0 0 1 9 3 9 2 50 2 2 
3 3 4 14 2 4 2 2 2 6 1 20 2 2 2 10 1 1 0 0 5 16 0 0 0 0 1 17 1 1 0 0 4 19 5 11 5 40 6 27 1 1 0 0 2 3 0 0 1 2 0 0 0 0 4 49 5 7 4 14 0 0 1 7 
3 5 3 6 4 41 4 26 5 28 1 1 0 0 3 6 1 10 3 37 2 6 5 18 3 3 1 2 3 12 2 11 4 12 2 3 3 16 1 1 2 2 0 0 7 40 0 0 1 1 1 1 0 0 3 4 2 2 3 5 6 22 3 377 
1 64 1 1 1 1 2 2 2 5 3 18 5 8 2 2 3 10 2 13 4 127 4 18 1 1 1 1 2 5 3 19 2 5 3 8 3 5 3 3 1 7 1 1 3 4 3 68 2 3 3 5 1 1 0 0 1 1 3 11 2 10 1 1 
2 3 3 5 1 4 2 40 2 27 4 55 5 55 6 18 1 2 3 11 2 5 0 0 2 17 1 1 3 19 4 6 2 18 6 57 3 24 0 0 2 2 4 37 3 18 3 7 3 10 1 2 0 0 2 2 0 0 2 6 1 28 5 35 
1 12 4 30 3 6 3 7 4 13 0 0 1 4 1 1 0 0 0 0 1 1 2 20 2 346 3 11 6 30 3 22 1 1 1 1 0 0 1 1 1 3 3 6 2 4 4 7 3 3 1 1 2 16 1 2 3 411 1 1 5 60 5 13 
5 30 0 0 0 0 2 9 3 3 4 107 0 0 3 9 4 6 0 0 2 96 2 7 4 5 3 59 2 30 0 0 4 4 4 4 3 9 4 11 1 49 2 2 2 2 4 9 2 3 1 3 2 45 4 8 3 78 3 8 2 2 4 57 
2 7 1 1 3 4 0 0 2 12 4 18 2 83 5 16 1 1 3 7 4 5 3 15 1 5151 6 39 1 1 2 2 1 2 2 5 2 7 0 0 4 14 1 9 2 4 2 16 6 36 2 7 2 11 2 37 2 134 2 2 1 1 2 15 
2 4 4 50 4 7 2 7 2 2 2 26 2 3 2 15 3 12 3 25 3 13 1 1 1 1 0 0 3 52 2 9 2 2 2 2 3 3 1 1 4 13 1 230 3 6 2 3 2 5 2 2 1 1 5 32 2 2 2 6 4 7 3 3 
2 4 2 2 1 335 3 14 0 0 0 0 3 18 1 1 1 2 2 2 3 35 3 14 4 9 5 22 2 2 3 11 0 0 2 3 5 25 1 1 2 4 2 2 4 8 1 1 5 12 1 1 1 1 4 161 1 1 4 5 3 6 0 0 
2 6 2 11 2 6 2 5 4 4 1 1 3 4 3 4 1 4 1 11 2 225 3 12 1 4 0 0 4 6 1 1 4 7 3 4 1 50 4 7 0 0 6 378 1 1 2 3 1 11 1 1 2 5 1 1 3 13 2 14 4 5 1 1 
3 9 0 0 1 1 0 0 3 5 4 7 2 10 1 1 0 0 0 0 2 4 4 39 1 3 2 6 1 1 2 101 3 4 2 3 1 1 2 18 4 16 1 2 1 95 2 6 4 4 2 3 2 2 0 0 2 5 2 5 3 38 1 1 
2 2 2 3 4 5 2 27 2 379 1 1 1 6 4 13 6 14 4 14 1 2 3 7 3 4 3 11 4 18 2 54 0 0 1 1 2 4 1 5 1 1 2 3 4 174 5 103 4 5 1 1 3 44 1 1 2 11 2 2 2 34 4 27 
5 12 1 1 1 1 2 2 1 21 0 0 0 0 2 4 3 3 4 15 2 7 6 31 5 17 3 7 1 1 1 3 2 4 2 2 1 1 0 0 2 7 2 3 5 18 1 3 1 1 5 47 4 13 2 3 2 34 0 0 1 1 1 10 
1 5 5 17 3 3 0 0 2 5 4 8 4 18 1 1 5 71 2 32 2 4 0 0 2 4 1 5 3 87 1 1 3 5 3 4 0 0 3 3 0 0 3 5 0 0 5 29 1 1 1 2 1 1 0 0 3 3 1 1 0 0 3 3 
2 2 2 2 1 3 1 6 0 0 3 60 2 20 3 5 2 4 5 12 4 12 2 2 2 5 1 6 1 1 5 25 3 4 1 21 2 10 2 17 4 113 1 1 1 1 2 3 3 23 1 1 2 234 2 34 3 86 1 3 5 66 3 44 
1 9 2 4 3 4 0 0 4 10 1 1 2 3 2 59 1 1 2 11 2 2 3 46 1 4 3 22 4 120 2 4 4 128 2 80 1 1 1 2 0 0 2 3 2 2 2 7 2 6 0 0 2 3 3 110 3 45 0 0 1 1 2 19 
4 10 2 9 1 1 1 24 3 50 1 1 2 8 2 2 2 2 3 29 1 1 3 17 2 14 1 1 2 3 5 22 3 3 5 6 1 2 2 2 2 17 1 1 1 1 1 4 2 9 0 0 1 1 2 2 3 4 2 4 2 23 3 25 
4 14 2 2 1 5 3 122 2 167 2 3 1 23 2 11 3 28 0 0 3 8 2 3 1 1 1 1 1 1 0 0 1 1 6 84 1 6 1 44 0 0 1 2 8 16 2 78 0 0 7 60 1 2 2 2 2 11 2 2 2 2 0 0 
1 1 2 27 2 2 2 28 2 6 1 1 3 22 1 26 2 6 4 24 4 30 3 21 3 14 6 6 2 16 4 16 2 21 4 47 4 14 0 0 2 2 0 0 6 427 0 0 4 5 1 5 2 2 3 8 4 50 3 4 2 2 1 1 
2 13 4 7 1 15 0 0 0 0 3 7 4 13 2 2 1 1 1 15 4 9 1 1 2 32 0 0 0 0 1 1 0 0 2 32 2 2 3 4 3 99 0 0 4 6 2 5 3 11 0 0 2 207 4 89 5 21 0 0 3 6 2 7 
0 0 1 6 2 3 3 7 2 149 0 0 2 2 2 30 3 27 1 1 2 2 3 22 0 0 2 2 2 9 4 17 1 143 2 13 0 0 0 0 2 46 2 3 3 4 4 62 4 30 3 8 1 2 1 1 3 3 4 14 4 148 1 2 
2 2 1 1 0 0 3 5 6 11 0 0 0 0 2 2 1 1 2 2 1 2 1 1 3 5 4 5 3 5 0 0 3 5 3 8 2 2 2 2 2 3 1 1 2 2 1 3 2 2 5 16 5 91 1 1 2 66 1 1 1 2 2 3 
1 1 1 1 1 1 1 5 0 0 0 0 2 4 1 1 2 7 1 1 7 43 1 1 3 13 1 4 3 19 3 40 2 3 0 0 2 8 1 1 2 3 1 1 0 0 1 1 2 2 1 3 2 11 1 1 1 4 2 5 1 1 1 1 
0 0 0 0 2 2 3 4 0 0 3 7 1 3 3 12 2 6 2 11 0 0 2 3 4 9 4 12 2 102 3 10 4 25 0 0 0 0 4 15 2 2 1 1 1 12 2 4 1 1 3 8 1 7 1 1 4 24 0 0 1 35 4 8 
0 0 3 8 4 9 2 32 5 30 2 2 2 2 3 19 1 1 0 0 2 4 2 3 3 36 1 615 1 5 2 6 2 8 3 3 3 10 0 0 1 1 2 7 1 1 3 7 4 9 2 48 1 38 0 0 3 87 2 11 3 12 2 2 
4 7 1 1 2 10 5 14 3 12 2 9 5 11 3 33 3 156 2 1460 2 6 1 1 1 2 4 7 3 40 1 1 2 2 2 2 5 13 0 0 0 0 2 3 2 8 3 4 4 9 3 41 2 2 1 2 4 6 2 8 2 95 2 2 
1 1 0 0 1 25 2 4 5 13 1 1 2 5 2 3057 3 15 1 1 4 185 3 26 1 76 3 12 2 5 1 3 1 6 0 0 1 1 5 32 3 15 1 1 0 0 3 3 2 10 5 46 1 1 0 0 2 14 2 3 2 61 3 30 
1 1 2 2 0 0 4 13 0 0 0 0 1 2 2 9 3 6 3 20 5 43 1 1 3 9 2 40 2 50 4 4 1 3 1 18 2 2 0 0 3 25 0 0 1 1 1 1 5 9 3 4 1 3 1 1 4 10 0 0 3 25 2 23 
3 6 2 2 2 2 3 4 0 0 0 0 2 2 2 5 5 8 7 26 1 1 3 6 3 21 2 2 2 11 3 6 1 1 3 8 4 42 1 1 0 0 4 17 1 1 1 62 2 3 1 1 2 2 1 2 3 59 3 22 4 103 0 0 
2 3 2 34 1 1 2 7 4 16 0 0 4 8 3 7 2 2 2 14 3 9 2 2 4 15 1 2 1 2 3 21 2 8 4 6 4 47 2 2 1 1 4 7 1 1 5 5 4 4 0 0 1 1 2 2 0 0 0 0 2 6 3 358 
1 1 1 1 2 4 0 0 2 12 2 14 2 16 0 0 5 22 2 12 5 60 2 4 2 35 2 8 5 28 1 20 5 8 3 4 3 9 4 6 2 27 5 7 3 51 3 9 5 19 2 2 1 4 2 13 1 1 2 10 3 4 1 1 
3 14 2 4 4 4 2 4 3 8 1 1 0 0 4 15 1 1 0 0 2 2 1 1 1 2 0 0 2 3 1 1 3 7 1 1 4 4 0 0 2 2 2 2 1 23 2 69 3 242 4 9 8 54 3 5 3 8 3 6 1 1 1 3 
0 0 0 0 3 31 5 53 4 20 2 2 1 1 0 0 2 9 1 347 1 4 3 6 1 2 6 9 2 63 4 10 2 7 2 5 3 34 2 3 2 24 3 5 3 24 1 1 5 11 2 6 4 232 1 1 2 2 0 0 2 13 2 2 
5 6 2 2 2 224 1 64 2 7 3 10 4 4 0 0 2 2 3 8 4 25 2 4 4 32 4 11 0 0 2 4 0 0 1 2 0 0 2 6 2 19 3 15 2 2 1 17 2 9 1 1 2 2 0 0 4 6 2 59 1 10 5 12 
3 8 3 18 2 3 0 0 2 13 1 7 4 6 0 0 3 10 1 17 3 10 0 0 3 5 2 9 1 1 3 50 1 4 1 5 0 0 2 6 5 5 2 2 4 36 1 1 0 0 1 6 5 78 2 5 1 1 2 2 0 0 4 16 
1 2 0 0 3 12 6 10 3 3 5 28 1 8 3 27 2 3 2 2 2 9 1 1 3 23 1 1 0 0 3 15 3 5 2 3 2 2 2 5 1 1 2 3 1 1 2 9 2 4 3 12 0 0 2 3 7 34 2 8 2 7 2 4 
3 181 4 12 1 318 1 1 2 3 4 25 1 1 2 6 3 25 3 7 2 4 1 1 3 6 3 10 2 2 2 2 2 2 2 2 3 5 1 40 2 2 1 8 3 6 4 48 2 6 1 10 2 33 1 40 3 11 3 7 4 53 1 3 
3 27 1 9 0 0 2 349 5 10 1 6 2 4 3 6 1 4 2 11 1 1 0 0 0 0 3 8 2 12 1 6 2 3 3 8 2 16 1 1 1 6 0 0 2 2 1 2 2 2 1 15 2 7 1 3 1 4 2 2 0 0 1 1 
5 5 3 94 1 2 1 1 2 2 3 19 2 3 1 2 1 10 3 7 1 2 1 1 1 5 1 20 6 32 2 3 1 2 2 3 2 6 2 2 2 91 2 10 0 0 6 14 1 7 1 4 4 30 1 2 4 76 1 5 2 10 4 96 
4 13 3 6 2 43 0 0 1 4 3 5 1 4 2 10 2 3 0 0 1 1 2 9 0 0 2 3 2 3 2 2 2 7 4 16 0 0 1 14 2 22 2 2 4 11 3 44 4 13 2 2 1 1 4 13 0 0 1 19 3 8 4 20 
2 325 3 31 2 31 1 4 3 13 4 12 7 46 2 4 1 1 3 8 3 2517 0 0 3 4 0 0 3 3 2 15 3 7 3 13 1 9 2 5 1 4 3 3 1 1 0 0 0 0 1 1 3 4 3 11 1 21 2 2 3 313 4 5 
1 8 2 239 1 1 0 0 2 18 3 5 2 3 4 16 0 0 1 1 4 18 3 3 2 2 2 24 2 2 0 0 2 2 1 11 2 12 4 48 1 1 1 1 0 0 1 8 1 2 2 4 2 2 2 2 4 4 3 7 2 33 4 43 
1 2 4 34 1 1 2 3 0 0 2 2 1 1 4 12 2 4 3 24 3 5 2 2 1 1 2 5 2 3 2 2 2 41 0 0 2 317 1 1 1 64 2 139 3 10 3 77 1 5 1 1 2 6 4 8 5 46 1 3 2 2 2 10 
2 9 4 4 2 2 3 7 1 1 1 5 1 3 1 3 3 4 2 3 4 44 1 15 0 0 2 9 2 2 2 24 1 8 1 5 0 0 0 0 2 4 2 32 3 13 3 5 2 17 3 4 2 2 0 0 5 19 4 36 1 1 2 3 
1 3 4 24 2 7 1 5 2 2 1 5 1 6 1 1 3 10 1 1 3 6 0 0 0 0 2 5 3 8 0 0 2 7 3 3 3 5 3 9 2 4 1 3 4 33 1 21 2 5 2 9 5 9 3 7 4 412 3 68 4 8 4 4 
0 0 3 22 3 4 3 21 1 809 3 3 3 16 1 6 0 0 2 2 3 11 4 11 2 5 3 26 2 9 5 15 1 1 3 4 3 13 3 3 3 22 3 9 1 1 0 0 1 1 4 10 2 6 1 1 2 2 2 3 3 94 2 3 
5 14 2 69 2 5 3 4 0 0 0 0 5 11 4 9 3 8 3 3 3 7 1 1 2 26 1 9 1 6 3 4 2 3 1 1 0 0 0 0 1 1 3 4 2 12 2 4 0 0 1 1 5 24 4 41 1 1 3 3 4 2199 4 38 
1 1 1 1 1 5 3 16 1 1 2 5 1 10 1 3 3 13 2 7 0 0 4 13 6 19 1 10 3 12 3 20 2 7 1 1 3 4 2 18 1 2 3 9 1 5 4 5 0 0 4 46 4 9 2 60 1 1 2 4 3 23 1 1 
0 0 1 2 2 9 1 5 3 14 2 18 1 1 4 12 1 1 3 24 2 2 0 0 1 5 2 30 3 37 6 18 3 31 0 0 2 14 2 2 0 0 3 9 1 4 1 17 2 4 4 8 0 0 2 2 2 413 4 7 3 17 2 3 
1 8 1 1 2 3 2 3 2 3 3 3 2 2 1 2 1 1 2 3 1 1 4 7 3 4 3 21 3 16 1 1 2 3 3 4 4 40 1 1 0 0 0 0 3 204 2 16 3 18 1 1 3 9 1 1 3 463 3 10 0 0 1 1 
1 2 2 6 3 9 1 1 4 9 2 10 1 3 2 12 4 5 3 17 2 28 2 16 4 15 3 6 4 49 1 2 3 7 3 65 1 6 3 79 0 0 2 3 3 178 3 7 5 24 2 42 5 39 6 47 4 83 1 1 5 14 3 8 
5 16 2 3 1 1 2 186 3 4 3 20 1 97 2 9 1 2 4 12 4 19 1 1 1 1 2 7 3 3 3 3 4 9 2 2 4 27 2 7 4 25 4 5 1 9 2 2 2 2 2 2 0 0 0 0 3 352 3 968 3 39 2 2 
4 5 1 2 2 2 3 7 2 4 3 5 0 0 2 3 3 41 0 0 1 6 0 0 3 134 1 1 1 1 0 0 1 3 2 15 2 3 1 1 0 0 2 13 1 1 2 2 5 39 2 11 2 9 2 19 1 4 1 1 4 4 3 25 
3 5 4 8 1 1 5 123 3 18 1 1 3 14 3 3 0 0 5 86 1 3 5 9 6 24 3 9 7 13 1 1 2 4 2 2 1 1 6 17 2 7 4 31 0 0 1 4 2 2 0 0 1 1 2 19 1 1 1 1 7 13 4 5 
1 2 3 5 1 1 2 7 3 8 2 2 5 33 1 1 1 1 0 0 2 2 3 15 4 10 5 9 0 0 2 34 2 128 1 7 1 1 3 3 3 11 0 0 5 19 5 94 4 15 2 22 0 0 1 1 2 81 1 2 2 5 3 73 
1 1 1 5 2 4 2 5 2 44 1 1 2 7 3 31 6 13 1 1 1 1 2 2 3 7 0 0 5 5 5 14 2 5 3 5 2 14 2 7 2 2 2 8 2 9 2 5 4 89 0 0 1 2 5 19 0 0 0 0 4 52 1 1 
3 4 0 0 2 2 1 1 1 1 2 3 4 13 1 3 0 0 1 8 0 0 1 1 4 4 1 1 2 2 0 0 2 6 0 0 2 2 2 3 1 17 3 31 4 4 3 5 2 2 2 6 2 6 2 31 1 1 0 0 1 1 3 4 
2 2 4 34 1 43 1 3 3 5 4 51 0 0 2 19 2 10 2 6 3 3 3 32 4 4 0 0 0 0 4 20 2 5 3 63 2 8 1 3 2 4 1 2 3 15 0 0 2 40 2 2 0 0 1 8 0 0 1 1 0 0 0 0 
2 21 0 0 1 5 2 2 4 17 2 177 6 17 1 17 2 3 1 3 2 2 2 3 2 3 2 2 2 8 1 1 3 16 1 399 1 8 1 1 1 3 3 3 3 3 0 0 3 5 6 30 2 9 1 1 1 4 3 4 2 63 1 1 
2 7 3 38 3 7 2 10 1 1 0 0 0 0 1 1 0 0 2 18 4 21 1 5 1 1 3 4 2 3 4 8 2 5 2 4 1 11 2 2 0 0 4 5 3 7 2 10 2 9 3 5 1 1 0 0 1 68 4 8 4 15 2 36 
1 11 2 15 0 0 1 4 6 12 1 4 4 10 4 99 2 7 1 1 1 4 0 0 3 18 3 6 4 13 3 3 4 14 2 9 2 49 1 2 4 190 3 73 3 7 5 8 1 4 4 6 1 1 3 16 4 36 3 9 3 7 0 0 
2 3 2 26 0 0 0 0 1 4 2 4 0 0 2 13 2 8 3 25 1 1 2 27 4 46 2 3 1 1 1 7 1 4 4 21 1 7 3 36 1 54 2 10 2 2 1 7 2 8 3 15 3 23 1 1 1 1 0 0 2 2 1 8 
1 1 3 7 0 0 4 18 3 4 2 2 0 0 1 2 2 2 0 0 1 901 2 2 2 14 1 2 1 2 2 11 2 4 2 2 2 12 1 1 1 1 5 182 1 1 2 3 0 0 1 11 2 2 1 24 3 4 0 0 3 3 2 2 
1 1 5 112 1 6 1 4 2 6 0 0 3 9 3 6 1 1 1 1 1 1 2 4 2 2 4 9 2 3 2 83 3 40 5 5 2 2 3 32 2 7 3 37 2 12 2 3 1 1 5 17 1 1 6 60 0 0 0 0 4 72 3 5 
2 3 1 1 3 6 2 17 3 12 1 1 0 0 2 2 1 1 2 2 4 49 3 5 0 0 3 21 4 14 3 7 3 154 1 1 1 2 4 20 4 7 1 1 2 2 5 20 1 1 1 7 2 5 1 1 3 25 3 12 2 3 2 4 
3 11 2 4 2 3 2 6 1 1 4 20 3 13 1 4 2 3 0 0 2 2 2 2 3 9 3 6 0 0 0 0 2 13 2 3 4 22 5 28 5 7 2 43 0 0 2 29 3 5 2 9 2 5 2 4 0 0 0 0 2 2 5 16 
2 3 2 9 1 4 1 6 3 7 2 2 2 29 2 3 2 4 4 10 1 1 1 1 1 1 4 31 2 2 2 27 3 4 1 1 3 9 0 0 3 5 0 0 2 5 2 2 2 20 1 10 1 3 1 1 1 22 1 2 2 4 2 25 
1 1 1 1 4 17 4 31 2 2 4 25 1 31 1 1 2 2 2 3 1 1 2 4 4 23 1 1 0 0 2 3 2 2 0 0 5 36 1 1 2 6 2 2 3 3 5 134 2 3 0 0 1 201 3 7 2 5 6 25 0 0 3 12 
4 4 2 123 3 5 0 0 1 1 4 22 3 8 1 2 3 13 2 5 0 0 3 568 2 3 5 14 2 2 2 21 2 2 3 3 1 1 2 131 3 5 5 33 2 4 2 2 3 9 0 0 1 3 2 10 2 12 4 18 1 24 2 5 
3 5 0 0 3 3 1 1 0 0 1 1 2 2 1 1 0 0 4 17 1 1 1 1 4 88 3 6 2 32 0 0 0 0 1 2 3 34 1 5 2 3 2 59 3 20 2 6 2 4 1 5 3 4 2 5 3 7 1 5 5 74 4 17 
3 57 1 1 1 1 1 47 0 0 3 22 1 3 2 13 1 8 1 1 0 0 1 1 2 8 3 8 0 0 0 0 3 4 1 2 3 7 4 10 1 2 1 10 0 0 3 27 2 6 3 9 0 0 2 87 2 14 1 6 5 6 3 4 
3 5 1 227 1 1 2 20 3 61 5 42 4 5 0 0 2 5 1 1 4 6 3 67 3 6 3 3 1 1 0 0 4 23 2 2 1 5 2 3 0 0 1 1 2 41 1 1 4 103 2 19 1 1 1 1 2 7 2 24 2 15 5 13 
2 150 1 1 3 3 3 8 1 11 2 34 1 1 2 18 6 11 3 6 0 0 0 0 3 6 1 10 1 1 1 4 4 17 3 28 4 8 1 4 4 8 0 0 2 2 2 2 4 27 1 7 2 2 2 2 1 1 1 1 4 6 2 2 
1 1 3 147 4 10 3 16 2 7 2 4 1 1 2 11 2 3 0 0 1 1 1 1 1 4 2 8 2 3 1 1 7 12 3 9 0 0 2 57 2 2 4 36 1 1 3 19 3 11 2 114 3 8 5 51 3 16 0 0 3 4 0 0 
4 32 5 24 1 1 1 1 2 7 5 26 1 2 1 1 1 1 0 0 3 3 3 4 3 4 0 0 2 2 1 13 2 5 1 2 3 5 2 49 4 14 2 2 5 7 5 20 1 4 4 114 0 0 1 1 3 3 2 3 1 1 3 5 
2 3 2 14 2 2 1 1 3 226 3 8 3 3 3 3 2 3 3 5 4 8 1 1 0 0 2 15 2 353 2 2 2 2 3 78 3 3 4 9 1 35 5 13 2 3 2 5 5 8 1 1 1 1 4 30 2 264 4 156 2 2 1 1 
2 2 3 3 5 34 1 8 1 1 2 2 2 2 4 6 2 6 0 0 3 6 0 0 1 5 2 2 2 4 4 10 3 22 4 12 3 3 3 12 3 7 5 25 1 1 5 93 0 0 2 3 3 11 4 100 2 2 1 1 1 94 2 2 
1 28 1 3 0 0 2 49 1 1 1 2 0 0 5 46 1 1 1 4 0 0 3 11 2 2 2 2 2 2 2 38 1 52 1 1 1 1 3 3 2 23 1 29 0 0 6 173 2 7 2 25 0 0 4 7 2 4 5 12 4 61 3 3 
0 0 1 1 3 8 1 38 6 9 1 1 1 1 2 5 3 3 1 1 0 0 1 1 5 23 2 3 2 40 4 4 2 6 1 1 4 14 5 10 2 516 4 8 5 158 1 1 3 14 3 17 3 61 0 0 3 663 7 353 4 5 1 10 
3 11 1 1 2 37 2 13 1 2 1 2 1 3 4 9 0 0 3 9 2 44 0 0 0 0 2 11 1 2 1 3 2 9 1 2 1 1 2 15 1 1 2 7 1 1 2 5 1 7 2 11 0 0 4 6 2 3 0 0 4 48 3 5 
3 84 6 20 1 1 0 0 2 16 0 0 4 31 2 257 2 12 0 0 3 15 1 9 1 7 2 6 1 1 3 31 3 3 1 1 4 29 2 2 3 17 1 1 1 1 1 2 1 16 3 8 3 50 1 1 1 11 1 1 0 0 4 5 
1 1 3 9 4 11 3 21 4 9 7 14 1 5 1 1 2 13 3 4 1 1 1 2 1 7 4 11 3 4 1 1 1 4 2 2 5 6 4 27 1 1 1 1 1 3 0 0 0 0 3 8 4 7 1 1 0 0 0 0 2 2 3 3 
1 2 6 39 2 11 2 3 3 4 4 10 1 2 1 3 1 1 1 35 0 0 1 23 3 3 2 31 2 2 2 5 2 8 1 1 3 7 4 7 1 1 1 1 1 1 4 5 2 2 0 0 1 1 4 20 0 0 6 14 1 6 2 15 
4 67 5 8 1 2 3 9 1 2 2 427 4 7 1 1 1 9 4 5 2 5 2 5 2 2 2 5 2 13 2 5 0 0 1 1 3 4 6 13 8 71 3 4 2 7 1 2 0 0 3 8 4 146 6 18 2 8 5 10 2 15 1 2 
3 28 1 1 2 38 2 16 3 12 1 1 1 4 0 0 1 6 4 7 2 2 4 8 2 2 3 6 1 5 2 19 2 42 2 35 1 1 0 0 4 31 2 3 3 5 2 9 1 8 1 1 2 5 1 1 3 21 8 23 2 71 2 5 
2 2 1 1228 3 5 2 9 2 2 4 4 0 0 1 1 4 6 1 7 2 198 3 17 0 0 1 8 1 1 2 2 6 10 0 0 3 13 0 0 2 24 2 2 4 19 1 1 0 0 3 22 2 2 2 12 0 0 3 17 5 85 2 4 
1 11 1 5 0 0 2 4 0 0 2 7 4 39 4 4 0 0 0 0 0 0 2 15 1 3 1 5 2 2 4 19 3 19 2 2 2 16 2 10 3 45 1 1 1 1 0 0 4 8 2 5 3 4 2 3 0 0 1 1 6 158 3 238 
2 10 4 8 0 0 3 8 4 12 1 4 3 19 2 5 1 1 0 0 2 7 4 6 4 8 0 0 1 15 4 26 3 13 4 7 1 1 1 2 3 15 2 10 1 1 2 16 3 13 1 47 3 16 3 249 1 50 4 4 4 28 2 4 
4 21 5 59 3 19 3 31 2 3 2 2 2 2 4 20 1 9 2 3 1 4 1 1 1 1 1 2 2 2 1 232 1 2 5 170 4 118 1 5 2 3 2 28 0 0 3 18 2 4 3 21 1 1 2 2 4 17 1 1 1 27 2 2 
4 59 2 10 1 2 2 8 1 1 4 5 4 65 4 8 2 3 2 2 1 6 2 130 1 1 1 5 0 0 5 10 3 4 1 2 4 8 0 0 4 14 4 12 3 11 3 9 5 20 1 2 4 8 5 16 3 32 4 5 3 30 3 8 
3 15 2 6 2 6 2 2 1 2 2 12 3 8 1 1 1 35 1 1 2 3 2 5 5 25 2 2 4 13 2 15 3 16 1 1 4 5 3 12 2 9 4 112 4 5 2 3 3 3 2 6 2 7 2 4 3 237 0 0 4 10 6 11 
8 19 4 4 2 14 0 0 4 11 4 96 4 14 2 5 2 2 4 43 0 0 1 3 4 9 2 18 3 3 0 0 1 11 2 2 0 0 3 21 2 28 0 0 4 7 3 3 2 3 0 0 3 11 1 1 4 16 1 1 1 1 2 12 
3 14 1 1 7 15 5 8 3 11 2 2 3 15 2 3 1 6 3 3 1 18 1 1 1 1 2 24 2 8 2 3 2 9 0 0 2 3 2 2 1 1 2 34 3 75 3 151 1 1 2 4 3 54 2 2 2 38 1 1 0 0 2 5 
0 0 1 1 4 20 4 30 4 11 3 8 1 25 3 13 1 1 2 20 4 11 1 1 2 3 0 0 3 37 4 11 3 40 3 17 2 2 1 1 2 2 4 4 1 7 3 9 2 2 2 21 4 7 1 2 1 53 1 1 2 2 2 4 
1 22 3 11 2 108 4 42 0 0 2 4 1 10 4 7 2 2 1 1 0 0 3 6 1 2 3 7 1 8 3 12 0 0 1 4 4 14 2 19 5 10 2 8 0 0 0 0 1 1 3 11 2 2 2 27 2 2 0 0 1 7 4 6 
6 18 1 3 5 21 1 18 2 141 2 2 2 2 1 2 2 11 0 0 3 387 3 16 0 0 1 1 1 1 4 5 1 2 3 34 1 4 1 2 2 4 2 8 0 0 4 23 1 1 1 1 1 29 2 22 0 0 1 10 2 32 1 119 
2 2 3 25 1 15 3 3 3 7 1 1 0 0 1 1 2 2 2 2 0 0 2 34 1 3 3 4 2 20 1 1 5 16 5 8 1 8 4 8 0 0 3 9 1 1 1 1 2 4 2 4 0 0 2 5 4 15 1 1 0 0 1 3 
2 13 1 25 3 3 4 37 5 36 1 6 3 7 2 6 0 0 1 3 3 3 0 0 2 2 2 29 0 0 1 1 3 32 1 1 3 3 2 2 2 2 0 0 4 52 1 75 2 11 0 0 0 0 3 30 0 0 2 11 1 1 2 3 
3 15 0 0 2 2 3 41 2 4 5 11 4 11 4 20 4 60 0 0 1 4 2 8 4 12 3 18 4 9 3 5 4 128 1 2 0 0 2 11 1 2 0 0 2 136 3 134 4 30 2 7 3 4 3 20 0 0 1 15 5 11 0 0 
1 2 4 5 1 3 1 8 1 4 1 1 2 8 4 72 4 26 2 2 4 4 4 8 7 41 1 9 2 5 1 1 2 10 1 1 4 69 0 0 2 2 0 0 3 30 2 2 1 6 5 24 1 1 2 4 3 6 1 195 2 7 1 1 
2 6 1 3 0 0 3 8 1 6 1 3 1 1 1 1 2 2 1 1 1 2 0 0 2 3 2 3 2 2 2 20 3 806 0 0 6 17 2 3 3 4 4 18 5 21 2 4 8 10 3 7 3 3 1 1 2 3 1 2 4 48 0 0 
1 9 2 2 3 4 2 2 1 1 3 16 1 42 1 1 0 0 2 24 2 4 2 5 2 7 2 4 2 9 3 3 2 127 1 2 2 17 0 0 1 1 2 9 3 5 0 0 1 1 0 0 2 4 3 15 4 128 4 4 2 31 1 1 
3 68 0 0 1 22 1 1 3 17 5 33 4 29 3 4 1 1 1 3 2 7 4 5 0 0 1 28 3 23 2 2 0 0 2 8 2 6 2 2 1 3 5 33 4 23 2 2 2 6 3 3 1 79 3 5 3 7 1 2 1 1 2 5 
4 9 0 0 1 1 1 4 1 1 4 96 1 1 0 0 2 196 1 10 0 0 1 1 3 11 0 0 3 60 3 3 3 5 1 1 1 1 3 4 4 6 2 46 1 1 2 98 4 6 2 5 3 8 3 83 3 123 1 7 2 4 1 1 
4 91 4 10 1 1 1 1 1 1 3 6 2 2 0 0 4 27 2 10 1 73 0 0 3 50 0 0 1 1 2 40 1 4 1 5 2 2 3 12 5 19 2 4 2 10 1 1 3 15 4 6 1 12 2 11 3 6 2 54 2 7 4 28 
2 7 3 19 5 10 2 2 4 42 1 9 3 4 1 1 2 7 3 6 2 2 2 2 3 10 4 15 3 11 3 10 2 3 2 2 3 24 2 2 0 0 1 1 3 19 1 1 3 8 0 0 4 33 2 3 1 4 3 8 1 1 1 4 
4 10 0 0 2 6 2 2 5 12 3 25 1 4 1 1 3 3 2 5 2 63 4 10 1 3 3 9 0 0 1 3 3 14 0 0 1 2 1 1 2 2 2 2 2 3 1 2 1 1 6 920 3 9 1 1 2 5 2 8 3 7 2 119 
4 7 1 1 2 23 1 13 5 114 2 33 3 3 1 3 4 47 4 4 2 3 2 2 4 8 2 8 0 0 0 0 4 8 4 7 1 1 2 2 4 15 0 0 0 0 0 0 3 12 5 24 0 0 1 1 2 3 1 2 1 1 1 1 
4 10 4 28 4 9 2 15 3 10 0 0 1 2 3 13 0 0 0 0 1 1 1 3 2 29 0 0 4 5 0 0 1 1 2 13 0 0 2 4 1 1 1 1 1 4 0 0 0 0 1 1 4 8 4 33 3 44 2 3 3 8 0 0 
2 4 2 13 2 4 0 0 0 0 2 4 3 10 2 2 7 115 2 4 2 9 3 9 1 1 4 38 0 0 0 0 0 0 1 13 3 5 3 7 1 2 1 4 1 1 2 4 4 9 1 1 3 15 3 3 3 129 0 0 1 42 5 180 
2 30 4 37 0 0 3 13 1 4 1 1 2 2 3 334 0 0 2 4 0 0 3 15 2 43 0 0 2 2 3 26 0 0 4 6 3 8 0 0 0 0 0 0 1 1 1 1 2 10 0 0 2 56 4 13 0 0 2 17 3 93 4 26 
3 7 3 4 0 0 1 5 2 17 4 57 2 22 1 6 2 17 2 4 0 0 4 7 0 0 1 1 2 8 2 9 1 1 2 5 0 0 1 1 2 2 3 15 3 19 7 19 0 0 1 1 1 1 2 9 4 126 3 3 0 0 2 23 
3 3 3 3 2 6 1 2 0 0 4 5 1 1 3 17 1 1 1 25 2 13 2 2 3 26 3 38 1 1 2 8 0 0 2 3 3 15 2 68 2 6 5 22 1 1 4 13 2 263 2 20 3 33 4 22 1 1 3 3 0 0 3 7 
2 5 1 1 2 2 3 4 0 0 7 65 0 0 0 0 1 1 1 1 1 1 4 23 2 4 3 12 2 2 1 1 1 1 1 7 5 17 4 17 0 0 2 9 2 3 0 0 0 0 1 3 2 9 2 3 3 31 3 7 1 4 1 37 
2 27 4 4 0 0 1 2 2 9 1 1 5 43 2 2 2 6 1 4 3 18 1 10 3 12 1 3 2 5 3 11 3 21 5 10 0 0 2 2 2 5 2 15 2 11 4 9 1 3 1 1 1 11 1 1 0 0 2 17 1 24 0 0 
2 3 2 3 1 1 1 5 1 1 5 13 3 43 1 1 1 3 1 9 5 16 1 31 2 3 3 6 1 1 4 14 5 7 4 29 6 20 2 10 4 12 4 25 6 11 1 1 0 0 0 0 2 9 1 4 1 2 2 10 2 7 0 0 
0 0 2 2 3 39 1 2 1 2 4 24 5 24 1 4 5 8 0 0 1 1 3 29 4 14 0 0 0 0 1 1 2 2 5 31 7 22 1 1 3 23 4 16 4 8 4 4 2 2 3 11 1 3 0 0 1 1 4 17 5 96 5 10 
3 9 3 8 2 9 1 1 2 2 0 0 3 3 3 24 3 12 1 10 4 29 0 0 3 17 3 3 3 7 3 13 4 23 2 2 2 2 2 3 3 12 5 10 2 2 3 8 2 8 3 7 1 31 3 12 0 0 3 17 2 15 2 4 
0 0 2 3 1 1 2 3 0 0 0 0 2 12 1 1 1 2 3 9 1 2 2 4 1 1 1 1 1 1 1 63 2 6 2 6 2 14 3 10 3 8 0 0 2 11 1 1 2 5 1 1 2 2 1 4 0 0 4 169 4 7 1 1 
2 5 2 7 2 2 5 17 2 7 0 0 1 1 1 2 2 12 0 0 4 4 2 13 2 10 2 2 1 3 2 3 5 8 1 1 5 120 1 8 2 8 2 2 2 5 2 54 0 0 5 61 3 8 2 10 1 6 2 2 3 3 2 3 
0 0 0 0 1 1 3 3 2 5 1 1 5 142 3 70 3 38 0 0 2 2 2 2 4 8 4 6 2 3 4 10 1 1 1 1 1 42 1 1 5 34 1 2 2 2 2 4 3 10 2 2 4 16 2 2 2 19 3 11 3 9 1 8 
2 4 2 17 1 1 4 18 0 0 4 8 2 20 0 0 2 10 3 6 2 10 1 25 1 1 3 4 3 3 1 4 3 11 2 2 1 1 3 3 1 2 2 54 2 32 3 4 2 57 3 19 2 75 4 28 2 3 1 1 3 4 2 2 
2 7 3 61 3 17 2 4 4 53 1 5 3 9 2 2 2 10 4 49 2 41 2 3 0 0 0 0 3 7 3 286 1 2 3 3 3 20 3 88 2 9 4 6 0 0 2 9 0 0 2 6 3 8 4 74 1 1 5 7 3 7 6 2608 
3 11 4 17 1 1 0 0 1 21 2 2 1 9 2 6 2 8 3 7 0 0 3 8 0 0 3 6 2 23 4 6 6 9 4 8 1 31 1 30 4 10 1 1 1 11 1 1 2 4 2 4 3 20 2 3 2 37 3 4 0 0 4 7 
2 2 1 1 4 12 3 10 0 0 3 3 1 1 3 6 2 2 1 1 5 58 2 2 2 3 3 12 2 17 0 0 1 2 3 3 2 22 1 6 0 0 2 4 2 3 1 2 1 5 2 2 1 1 1 8 2 3 3 32 0 0 0 0 
2 6 4 7 2 3 1 1 2 2 1 3 4 24 3 27 2 5 2 6 1 1 1 37 0 0 2 4 1 1 2 5 1 13 1 11 0 0 4 7 4 30 1 5 1 1 2 5 1 5 4 28 1 18 1 1 0 0 2 2 2 4 3 6 
2 3 0 0 3 11 5 195 1 4 1 37 2 2 4 6 1 1 6 62 1 3 1 3 0 0 3 3 2 9 2 2 2 29 0 0 4 22 2 2 2 2 0 0 6 45 2 3 4 12 0 0 4 17 4 12 4 15 1 2 0 0 1 1208 
5 64 4 4 4 207 1 1 2 2 1 4 5 22 2 6 2 5 5 18 0 0 5 45 3 109 2 5 2 2 0 0 3 12 0 0 4 409 2 12 1 6 0 0 6 14 2 187 5 29 0 0 1 5 4 185 2 2 2 3 2 2 1 1 
1 2 