2 1 4 236 7 28 2 1 1 1 1 31 1 3 2 1 22 2 2 3 2 1 3 1 1 1 2 1 12 1 1 8 1 1 1 11 2 1 3 1 1 4 2 7 1 2 1 4 2 1 1 1 1 4 2 8 1 4 1 1 1 1 1 2 
1 1 1 4 1 1 1 1 2 1 1 1 2 1 1 1 1 1 1 1 1 1 1 1 4 1 2 1 3 2 1 1 2 1 1 4 3 1 1 1 6 2 3 1 17 6 1 1 1 2 1 1 1 13 1 1 1 7 1 1 5 1 1 1 
1 1 1 5 1 1 1 1 2 1 1 3 1 1 1 1 1 2 6 1 4 6 5 2 1 2 3 1 43 1 3 1 2 4 3 1 1 1 1 5 1 1 4 1 8 1 1 1 1 12 6 1 1 2 1 1 1 1 4 1 2 2 1 1 
1 1 1 1 1 6 1 1 1 1 2 5 1 9 4 2 5 1 1 1 3 3 1 1 1 3 1 1 2 1 3 2 4 1 1 21 2 1 21 3 1 9 4 1 2 1 6 1 1 2 4 1 1 8 1 2 2 1 1 1 1 662 1 1 
1 1 24 1 4 1 1 1 1 3 1 1 1 1 3 3 2 1 113 2 1 41 1 8 5 1 1 1 1 1 1 1 2 1 1 2 1 2 1 3 1 1 2 1 1 3 8 2 8 2 3 1 1 2 1 1 19 1 2 1 1 1 2 1 
2 2 1 1 1 3 1 3 14 4 1 2 1 1 1 1 1 1 1 10 2 1 2 1 2 1 5 4 2 1 6 1 1 4 1 1 1 7 9 1 3 1 1 1 1 1 1 1 1 1 5 1 2 2 3 1 5 1 3 1 1 5 20 2 
5 2 2 1 2 1 1 1 1 1 3 3 1 1 1 2 6 1 1 3 1 4 1 7 1 2 1 1 1 2 2 1 1 1 1 2 1 1 1 1 1 1 1 1 1 26 1 1 1 6 2 6 2 2 4 1 1 1 1 3 1 2 2 5 
3 1 1 1 1 1 1 1 1 1 1 1 1 1 1 1 2 1 1 1 8 1 15 2 1 5 3 4 1 10 2 1 2 1 1 1 1 1 1 31 2 11 5 2 2 1 10 1 1 1 1 1 1 2 1 1 1 1 1 16 1 1 3 5 
1 1 1 1 4 1 3 1 1 1 1 1 1 2 1 1 2 2 2 7 3 1 1 2 1 2 3 1 3 1 2 1 5 1 1 4 1 1 14 1 1 2 1 1 1 1 1 1 2 2 1 1 4 687 2 1 1 1 2 1 1 1 2 1 
2 1 1 2 694 1 1 1 1 1 2 2 1 1 2 4 1 2 6 2 2 1 2 6 1 3 46 1 1 1 1 1 2 1 1 1 1 3 1 2 2 1 2 3 1 2 1 1 20 1 2 1 1 1 1 2 4 1 1 18 1 4 1 1 
1 23 1 1 2 2 1 21 3 1 1 1 5 2 1 1 1 1 2 1 1 7 1 1 1 1 1 1 2 8 2 3 4 1 1 1 2 1 4 1 6 1 1 1 1 1 1 1 1 4 6 1 5 1 1 1 3 1 2 1 1 3 3 23 
1 2 2 1 1 1 6 1 1 14 1 1 6 4 1 1 2 1 2 1 5 1 1 1 4 2 2 1 1 4 5 3 1 28 1 14 1 1 10 1 3 1 2 1 1 1 3 3 9 1 1 14 1 1 1 3 2 1 1 1 1 2 2 2 
1 4 1 1 1 1 3 1 3 1 1 2 1 1 4 1 40 1 6 1 11 1 1 1 1 1 1 1 2 1 3 1 2 27 1 1 2 1 1 3 1 1 4 1 2 1 1 4 48 1 1 1 1 1 4 2 1 5 1 1 2 1 1 1 
1 7 1 1 1 1 2 2 5 1 2 1 2 1 3 2 1 1 1 2 1 1 6 1 1 2 4 5 15 7 22 2 6 1 1 1 2 1 6 1 1 1 1 1 1 2 14 4 2 2 6 1 40 1 1 1 1 1 2 1 1 1 1 1 
1 1 1 1 2 1 3 4 1 3 1 1 1 1 1 1 8 5 1 1 1 2 1 3 2 8 1 1 2 1 9 1 10 1 7 1 1 1 1 1 2 2 1 21 1 5 1 2 1 1 1 12 1 1 1 1 1 1 4 2 1 5 3 1 
1 1 1 29 1 1 1 1 2 1 3 1 1 1 1 1 1 1 2 2 1 16 2 2 1 1 12 6 1 1 13 1 2 1 3 1 2 1 2 1 1 1 4 1 6 4 1 2 2 2 20 1 1 1 2 1 2 4 6 4 2 1 4 1 
3 2 1 10 6 1 1 1 1 1 1 1 1 1 1 1 1 6 3 1 1 1 1 1 1 2 3 55 1 4 3 2 1 1 1 1 1 2 3 1 3 2 3 2 1 1 2 2 2 1 3 1 1 1 27 1 1 2 6 2 7 1 1 1 
1 1 2 1 1 5 1 14 3 1 3 1 1 1 1 1 1 1 2 2 2 17 3 1 1 1 12 1 10 1 1 1 1 4 2 2 1 3 1 4 2 1 1 2 1 2 1 1 1 1 1 1 1 1 1 3 1 10 1 2 1 1 3 1 
1 1 3 2 1 2 3 1 1 6 1 1 1 8 5 3 1 1 2 1 1 1 1 6 8 16 1 1 1 1 2 1 1 6 12 2 1 32 1 1 4 1 2 1 1 1 4 1 1 5 2 1 1 3 1 68 1 5 4 1 1 3 1 2 
1 1 1 2 2 3 2 1 1 1 1 1 2 2 9 1 1 1 1 31 1 18 3 4 1 2 2 7 2 6 1 5 1 6 3 1 1 3 1 1 1 1 3 2 2 10 1 1 1 1 7 15 1 2 2 1 1 5 11 7 1 4 7 1 
2 2 1 5 1 1 1 2 2 1 2 3 3 1 1 1 1 32 1 1 1 2 2 1 3 2 1 1 4 1 1 1 1 1 1 1 1 1 1 5 3 3 18 3 3 1 1 1 2 1 2 1 2 1 1 1 15 1 4 1 15 1 1 1 
3 1 2 8 3 1 1 2 6 690 2 2 3 3 1 2 1 5 1 13 19 1 1 1 2 1 1 1 9 1 1 1 2 6 2 1 7 1 5 1 1 4 5 1 1 2 12 1 1 1 4 2 4 2 1 4 1 1 11 3 2 1 1 1 
55 24 1 2 1 2 1 2 51 1 1 1 113 1 1 1 1 2 14 1 1 43 2 1 1 10 1 1 1 1 3 1 1 1 1 1 3 1 8 4 3 1 3 5 2 4 9 12 1 3 3 5 6 1 1 1 1 1 1 11 1 1 1 1 
7 1 2 1 2 1 5 20 1 1 61 21 19 1 1 1 2 2 1 1 1 6 1 1 1 4 49 1 4 2 1 1 6 1 7 2 1 1 2 4 12 1 1 1 1 1 6 17 1 1 1 3 1 1 4 2 1 11 1 5 1 1 1 15 
1 2 1 1 1 2 1 3 1 1 4 7 1 4 1 3 2 1 1 1 1 2 1 1 1 5 1 1 5 26 2 3 7 2 1 1 4 1 1 1 2 1 1 4 1 1 1 1 1 4 1 3 1 2 1 3 1 1 3 1 1 9 2 1 
4 1 1 1 1 1 1 5 1 4 1 4 1 2 1 1 2 2 1 1 1 1 19 1 5 1 3 3 1 1 1 1 1 1 14 1 8 1 1 3 1 4 1 4 1 1 2 1 1 1 75 1 12 1 2 1 13 1 1 1 8 14 1 2 
3 1 3 2 2 1 90 3 1 1 3 7 1 12 7 2 1 4 1 1 1 2 1 2 1 6 1 2 1 2 1 1 10 6 29 1 1 8 8 1 1 1 1 1 1 2 1 46 3 1 1 1 1 9 1 1 1 1 1 1 2 1 1 3 
1 7 1 14 1 2 1 1 1 3 1 2 2 7 1 4 5 2 6 1 1 1 1 1 4 1 2 2 6 3 1 1 6 1 200 1 2 1 1 1 9 3 1 2 5 1 1 2 1 2 2 1 5 2 1 1 1 1 1 1 1 1 1 3 
2 6 4 2 1 2 1 1 1 2 1 1 1 1 1 18 2 1 5 4 3 4 1 4 1 3 1 3 1 1 1 1 1 4 1 8 1 1 5 1 1 1 1 1 2 1 1 1 1 2 1 5 1 1 3 1 1 1 5 1 2 1 1 1 
1 3 1 1 1 12 1 1 1 2 1 2 1 1 1 1 1 13 7 1 10 1 1 1 1 1 2 1 3 1 1 1 1 2 12 1 1 2 45 1 1 2 2 1 3 1 1 1 1 1 2 1 1 1 1 2 3 1 1 1 2 17 1 1 
4 5 1 1 4 3 4 1 1 1 1 2 1 1 1 2 1 2 4 1 2 1 1 1 2 4 2 1 1 3 1 2 1 1 7 1 8 1 1 41 2 1 1 3 1 1 1 1 1 1 1 2 1 3 2 1 4 2 1 6 2 2 1 1 
41 10 13 1 1 6 1 5 1465 1 1 1 6 1 1 5 2 1 1 5 6 1 2 1 1 1 2 1 1 10 3 1 16 2 4 1 14 1 1 53 1 1 2 1 2 1 1 1 1 1 2 1 12 9 10 1 2 1 1 1 1 2 1 2 
2 1 1 7 1 23 1 5 1 3 1 1 1 2 1 3 1 1 1 1 1 4 1 1 1 1 2 5 1 3 1 1 2 2 1 4 4 1 6 6 1 1 3 13 1 2 2 2 3 1 1 1 1 2 1 2 1 1 5 1 6 1 4 12 
2 2 1 1 3 2 1 1 1 170 1 1 1 1 1 2 3 1 3 1 1 1 1 1 3 8 1 1 10 1 1 3 2 2 7 1 3 1 1 3 2 1 4 1 2 2 1 3 1 2 4 1 2 1 1 2 2 5 2 1 3 1 1 2 
166 1 1 1 1 13 1 1 2 1 18 2 3 10 1 2 2 1 1 14 4 4 1 1 1 3 1 1 2 1 4 1 1 1 1 1 1 2 3 8 5 1 1 1 1 1 1 1 2 1 2 2 2 1 1 1 1 13 1 1 1 2 4 6 
9 2 1 2 1 5 1 9 3 3 1 1 1 1 1 1 1 6 1 19 24 1 1 1 4 1 1 1 1 1 1 7 2 3 1 10 34 6 1 1 2 12 78 1 2 1 5 1 1 1 1 1 6 2 9 1 1 2 2 2 3 9 1 1 
41 1 46 2 6 1 2 1 5 1 1 1 6 1 4 2 1 2 1 1 1 2 4 1 2 1 442 1 2 1 1 1 3 12 3 1 1 5 3 1 1 1 26 1 4 1 5 1 4 3 25 1 11 1 1 2 1 1 2 1 1 2 1 3 
1 2 1 1 1 1 2 1 1 2 17 1 1 1 1 1 1 1 1 3 3 1 1 1 1 2 1 1 3 1 1 15 1 1 2 2 3 1 1 4 1 2 1 1 4 2 3 7 1 1 1 1 1 1 1 1 1 2 1 7 1 6 1 1 
1 1 1 1 1 99 1 49 1 2 1 1 7 2 1 1 14 2 4 1 1 3 2 1 9 6 5 1 2 1 3 1 2 1 3 1 1 1 3 1 2 5 5 1 1 1 1 31 6 2 3 1 1 3 11 1 1 1 2 2 2 1 1 1 
21 18 1 6 1 1 1 1 1 1 2 1 1 2 2 2 3 1 1 7 17 2 1 1 2 2 1 1 2 1 7 1 2 1 4 6 2 1 7 1 1 4 1 1 1 1 1 1 2 2 10 1 1 2 1 1 1 7 1 1 5 1 1 1 
13 2 1 1 2 4 1 2 1 1 1 1 1 3 2 3 1 3 2 108 1 7 4 1 2 1 1 2 1 1 1 1 4 1 2 1 1 3 1 1 1 3 1 3 1 1 1 1 2 1 3 1 1 6 1 2 1 2 1 1 1 22 1 2 
1 1 3 1 1 1 373 4 10 1 22 2 1 7 10 1 1 1 16 1 1 1 1 1 1 2 123 1 2 267 1 2 1 2 1 2 3 1 1 1 1 3 1 10 8 3 1 2 8 1 1 1 4 4 1 2 1 1 2 1 1 6 1 3 
10 1 1 2 1 1 1 1 1 1 1 3 1 1 1 1 1 2 4 5 1 1 1 1 1 1 1 11 2 1 1 17 1 2 1 2 9 1 5 1 1 8 1 1 2 2 1 1 1 5 24 1 1 1 1 1 1 1 1 16 2 2 2 1 
4 48 3 1 2 2 1 1 5 2 2 1 1 3 2 8 1 1 9 2 3 3 3 1 9 1 2 1 1 1 4 1 1 1 2 9 4 1 2 1 1 1 3 1 1 9 4 1 1 3 1 4 6 1 6 1 3 1 1 1 1 2 2 3 
1 1 1 12 1 1 2 1 19 1 1 2 2 1 3 2 1 1 1 2 1 1 1 1 1 1 4 1 4 11 1 10 23 1 1 1 1 1 1 1 1 1 1 1 1 1 1 4 1 1 1 57 4 1 1 10 2 1 8 3 2 1 1 4 
1 1 1 1 1 2 1 34 1 1 1 1 1 1 1 2 1 1 1 2 1 1 2 7 1 2 2 1 1 1 1 2 2 7 1 1 19 1 1 1 1 1 1 1 16 1 1 1 2 1 2 51 7 1 3 12 2 3 2 10 1 2 2 1 
1 10 1 1 2 1 1 2 4 4 1 1 1 6 1 2 1 31 1 1 1 6 15 1 3 47 5 1 6 2 1 1 2 1 2 1 1 1 7 1 1 2 2 1 1 1 1 1 1 1 1 1 1 1 1 7 1 2 1 12 1 5 4 1 
1 8 10 1 12 4 20 1 1697 1 1 2 12 2 1 2 1 1 1 1 1 2 69 1 1 1 1 1 9 1 4 2 3 1 1 1 1 3 1 7 3 1 1 1 2 4 1 1 2 1 1 1 8 1 1 1 1 6 1 2 1 10 1 1 
1 1 3 3 2 6 12 6 1 1 1 3 1 1 1 1 1 1 238 4 1 3 2 1 1 16 1 1 7 9 5 1 1 3 1 1 6 1 1 1 3 1 1 1 1 1 1 1 1 2 1 1 3 2 6 20 2 3 1 1 2 4 2 3 
2 6 1 5 4 1 1 2 1 1 1 1 1 1 9 1 1 2 1 2 4 13 1 1 1 1 3 3 1 5 2 10 19 1 3 1 20 1 1 36 4 5 1 1 1 1 1 1 1 1 1 2 13 1 3 4 1 1 1 1 6 1 1 4 
1 1 1 1 5 1 1 54 1 1 12 1 2 2 1 20 2 2 1 1 1 2 1 2 1 1 14 1 2 1 2 1 2 9 1 3 1 1 1 1 1 1 5 4 3 2 1 1 2 1 1 1 1 2 5 1 6 1 3 4 1 9 1 3 
1 6 1 1 1 1 5 19 1 3 1 1 2 18 1 2 3 3 7 1 1 3 1 1 1 1 2 3 1 4 1 4 4 2 2 7 2 3 3 1 1 1 4 7 3 2 15 6 1 2 1 1 1 1 18 1 3 1 1 1 1 1 1 3 
1 3 2 1 1 1 5 1 1 1 1 1 2 1 2 2 1 2 1 1 3 1 2 2 2 1 1 2 18 12 2 3 3 2 1 3 1 14 2 1 1 2 1 1 1 2 8 2 1 8 3 1 1 4 3 2 1 1 1 2 1 4 6 1 
2 2 2 1 2 1 1 1 3 3 1 1 1 1 1 8 10 1 1 3 2 1 1 4 5 3 3 2 2 1 1 2 1 68 14 1 34 1 1 1 2 1 11 1 1 2 1 1 1 1 2 1 1 1 1 3 3 3 2 1 10 1 1 2 
6 1 6 1 1 2 2 504 1 1 1 2 1 1 6 1 1 10 1 7 13 1 1 4 1 1 2 2 1 1 1 4 1 1 2 2 1 4 1 38 1 1 6 2 7 3 3 1 3 1 1 1 1 1 1 1 1 1 4 1 1 23 1 1 
1 1 2 3 4 1 1 1 1 1 1 1 1 1 2 1 1 2 1 1 2 1 1 1 1 1 1 1 4 16 1 1 1 1 1 2 2 3 1 2 2 1 1 1 2 1 3 2 1 1 1 1 2 1 6 1 1 1 1 3 2 1 1 2 
2 3 2 3 1 1 3 2 2 1 4 1 2 2 4 4 4 2 5 1 1 1 1 2 2 1 1 2 1 1 3 1 1 1 2 2 1 2 1 3 1 138 19 2 2 2 4 1 1 2 1 2 1 1 1 1 3 20 1 2 1 1 1 1 
7 2 1 2 1 2 1 1 2 1 5 1 1 1 1 2 1 2 1 3 1 1 1 1 1 1 6 1 1 1 1 17 6 2 8 2 4 1 1 9 5 1 1 1 1 2 1 7 3 2 3 3 1 1 2 2 1 4 3 1 1 2 2 1 
3 330 12 1 1 1 1 1 4 6 1 1 2 14 2 3 1 2 2 3 2 1 20 1 1 1 360 1 1 1 2 1 1 1 1 1 2 1 1 2 10 2 49 2 1 1 1 2 1 1 1 1 2 1 1 3 1 3 1 1 2 1 2 6 
2 3 2 1 1 2 6 1 2 6 1 1 5 6 3 1 3 1 2 1 1 1 1 1 2 1 2 5 1 1 1 1 18 2 3 22 3 2 1 1 1 1 1 1 12 11 6 2 2 19 9 3 1 1 1 1 1 3 2 1 4 4 1 1 
1 1 1 3 1 1 3 1 1 1 6 11 4 9 1 1 1 5 1 2 1 10 1 34 1 1 2 1 2 2 1 1 5 1 7 2 1 1 1 6 5 1 4 3 7 1 1 2 2 1 1 1 1 1 1 1 1 8 1 1 1 1 1 1 
1 1 2 1 1 1 1 1 2 1 1 1 9 14 4 9 1 1 2 1 2 2 1 1 2 1 1 1 1 2 1 2 1 2 108 1 3 1 3 2 3 1 1 11 2 1 1 2 1 1 1 1 1 1 5 1 1 2 1 1 1 1 2 3 
1 1 1 1 1 2 1 2 1 1 1 3 2 1 8 5 1 3 1 1 6 2 1 1 1 1 2 3 2 1 1 5 1 2 3 1 1 5 1 1 1 5 2 1 1 1 1 2 1 1 3 1 1 2 2 3 2 1 1 2 1 21 1 2 
1 14 41 1 2 46 1 1 1 1 1 14 4 1 1 1 5 1 1 2 1 4 12 2 1 1 1 1 1 23 12 2 2 1 3 2 1 1 3 3 2 1 3 1 4 12 2 2 1 1 1 6 1 1 10 1 1 3 7 2 13 4 1 3 
1 1 3 2 1 1 1 6 1 1 1 18 4 7 2 2 2 1 1 1 1 1 6 2 1 1 1 1 5 1 1 1 1 2 7 1 1 1 1 3 1 1 3 5 5 2 1 1 2 1 1 2 1 1 1 1 10 5 2 1 2 1 1 1 
2 4 22 2 1 1 1 2 2 1 1 3 1 1 1 1 1 3 2 1 2 1 1 2 3 1 1 1 1 6 1 1 2 9 1 1 15 1 3 1 1 1 1 1 10 1 2 3 118 1 1 8 1 1 3 1 1 1 1 1 3 26 1 7 
1 1 1 2 2 1 1 1 1 5 1 2 1 1 1 1 4 1 27 1 7 1 2 2 1 1 7 1 1 23 2 5 1 1 3 1 1 1 10 16 17 2 2 2 1 1 9 3 1 1 27 4 1 1 1 1 2 1 3 1 1 12 1 1 
1 2 2 1 2 1 1 1 659 1 184 1 2 2 1 1 2 1 1 1 1 2 1 3 37 3 13 2 1 1 1 1 2 3 1 3 1 1 1 2 1 2 1 7 5 1 1 3 4 83 31 4 2 2 1 1 4 1 7 1 1 1 6 1 
1 1 3 1 1 1 1 2 1 1 1 1 1 9 1 1 9 5 68 1 35 1 1 1 3 1 1 1 1 1 1 1 3 2 1 2 19 2 1 1 1 2 5 1 1 1 1 3 3 9 1 2 1 8 20 1 4 1 5 2 1 1 16 1 
2 3 1 3 1 2 1 1 1 1 4 1 1 3 1 1 1 1 7 3 15 1 2 1 1 1 1 1 1 1 1 1 1 1 1 1 11 2 1 2 6 2 5 3 1 10 1 1 4 5 8 1 1 1 14 1 3 1 1 20 1 1 2 6 
1 2 1 1 4 2 1 1 3 1 1 2 5 1 1 1 1 1 1 1 1 1 1 1 1 1 1 2 1 1 3 10 1 5 4 1 2 1 5 3 2 1 2 1 1 4 13 1 4 3 2 2 1 1 1 1 1 2 1 1 1 1 1 2 
5 1 1 1 9 1 9 2 2 3 20 1 1 1 2 7 1 1 1 1 1 1 1 2 1 3 16 6 2 10 4 2 1 1 1 2 1 1 3 12 24 1 1 1 1 1 1 17 1 2 2 1 4 1 15 2 8 26 3 1 1 1 1 3 
1 2 1 1 1 1 1 1 1 4 1 1 1 1 5 1 1 2 1 1 2 23 1 3 5 1 5 13 1 50 1 7 1 1 1 7 1 2 15 1 1 1 1 20 1 1 2 1 3 1 490 1 1 2 1 5 1 1 2 1 12 7 2 1 
3 1 1 1 9 3 1 1 3 1 1 1 2 1 1 1 2 1 8 1 2 1 1 2 2 2 2 1 4 3 1 4 5 1 2 1 1 5 8 5 4 1 1 2 2 1 3 3 1 1 2 1 1 1 1 1 1 3 1 1 1 1 1 1 
1 1 2 1 1 17 2 1 7 1 1 2 1 1 1 2 4 1 1 19 1 2 1 1 2 5 1 1 1 1 8 2 3 11 2 7 1 1 1 3 1 1 1 1 2 1 1 3 1 1 1 1 1 1 3 1 1 3 5 5 21 2 1 1 
1 8 1 1 1 1 3 3 1 4 1 1 5 2 1 1 1 2 1 2 4 1 3 2 1 1 1 1 3 1 1 1 1 2 3 7 1 4 1 1 1 1 1 1 3 1 1 1 1 1 1 1 2 1 2 4 1 1 1 1 1 14 1 1 
1 1 1 2 1 5 2 2 1 1 5 1 10 1 4 1 2 106 1 1 1 1 1 1 3 2 1 9 1 1 3 4 2 2 1 1 1 1 1 371 1 1 1 4 1 1 1 1 18 1 8 1 4 1 82 1 3 1 83 1 1 3 1 4 
3 2 3 1 4 1 1 2 6 17 1 2 1 1 1 1 2 1 1 1 3 1 1 1 16 1 4 1 1 2 1 1 1 1 1 1 1 1 1 1 2 2 1 1 1 3 1 2 1 2 5 1 1 1 1 1 2 1 1 1 2 3 1 8 
1 491 1 2 1 1 2 1 3 1 1 2 3 2 1 1 2 1 1 9 2 2 4 1 3 3 1 1 6 8 1 3 13 2 2 1 2 1 1 40 1 1 1 2 1 1 1 2 1 5 2 1 2 1 1 1 1 1 1 2 1 1 1 2 
6 11 3 1 1 8 2 3 1 4 1 1 1 4 1 11 36 5 3 1 3 6 3 1 1 1 10 1 4 1 1 8 4 6 1 1 1 9 1 4 3 1 1 2 1 3 2 1 2 1 1 1 40 2 1 1 4 1 7 1 1 1 1 1 
2 6 3 1 1 1 1 2 1 1 2 1 1 4 3 2 1 1 1 1 1 1 1 1 4 1 3 1 1 3 2 3 1 1 1 1 2 1 1 3 1 11 1 2 1 1 1 1 6 1 51 2 1 1 4 1 7 1 43 11 13 1 2 1 
2 6 2 1 1 1 1 3 2 29 8 10 2 2 2 1 1 1 1 1 1 2 1 3 1 1 1 1 2 5 2 4 5 3 3 2 1 10 2 1 1 10 2 1 8 1 7 1 1 24 3 1 1 2 1 5 1 1 2 1 1 1 1 1 
2 1 6 2 1 2 1 1 29 1 2 1 3 10 1 1 10 1 1 12 2 1 1 1 4 1 5 1 1 16 1 4 11 1 15 1 1 1 3 1 1 2 1 1 2 1 1 1 1 2 4 1 1 1 2 1 6 4 18 1 1 3 1 1 
1 1 1 2 1 1 11 17 1 1 2 15 3 1 2 1 1 1 1 2 16 1 4 1 1 1 7 1 1 1 1 11 4 2 6 4 2 1 3 2 1 1 1 1 1 1 1 1 7 1 1 1 1 1 1 1 1 3 1 2 1 3 21 1 
1 2 1 7 2 2 1 1 1 3 1 10 2 1 9 1 1 8 1 1 1 2 1 1 1 2 3 2 1 3 1 1 1 2 2 2 1 320 1 1 3 2 1 2 1 4 2 1 1 1 1 3 6 1 2 1 1 13 1 10 2 5 1 1 
1 10 1 3 1 1 1 1 1 1 1 1 2 1 3 1 2 4 2 1 1 1 2 1 1 1 1 1 1 6 1 1 1 1 1 4 1 1 5 1 1 6 2 2 1 1 1 1 16 1 1 2 24 1 1 1 4 1 1 1 1 10 2 1 
1 4 4 2 29 1 1 3 88 37 7 1 16 10 2 2 1 2 2 2 3 12 1 1 1 1 1 1 1 4 4 160 3 1 1 1 3 1 2 3 12 3 1 3 1 1 1 1 1 6 1 1 3 2 1 1 2 2 3 6 3 1 8 3 
2 1 1 1 2 1 1 1 2 1 14 1 1 1 1 9 1 1 5 4 1 1 1 1 1 6 1 2 1 1 1 3 2 1 16 1 4 1 1 1 1 4 2 1 4 4 1 1 1 5 1 1 1 1 2 1 1 8 15 1 2 5 2 2 
1 2 1 1 3 1 1 12 1 1 2 1 1 1 2 3 1 1 1 1 2 99 3 3 2 1 1 1 2 1 2 1 2 1 2 2 8 2 1 1 1 2 4 1 1 1 1 2 1 1 1 1 3 3 2 1 2 5 1 4 1 2 16 1 
5 3 5 1 2 1 1 1 1 18 6 1 1 3 1 9 2 2 1 1 1 12 2 4 1 1 1 82 1 1 1 1 6 50 3 1 1 6 49 1 2 2 1 2 1 1 6 1 3 2 1 1 10 1 1 2 1 76 1 2 1 4 2 1 
1 2 1 1 5 1 1 1 1 2 55 1 1 1 3 10 1 3 6 2 2 1 3 1 4 1 1 1 1 2 1 1 4 2 1 1 1 2 1 2 1 3 7 3 1 1 1 1 1 1 1 16 1 2 1 1 3 2 1 1 2 2 1 1 
4 3 13 3 1 3 2 3 8 4 1 1 2 1 2 1 1 1 1 3 1 1 43 4 1 2 7 1 1 11 7 1 1 2 1 1 1 1 15 5 1 1 1 3 1 4 1 11 35 1 1 2 1 1 3 1 1 44 2 1 8 1 2 3 
1 1 1 2 1 1 1 1 2 6 3 1 1 12 1 15 1 2 1 1 2 2 5 2 2 1 1 2 1 1 14 12 5 9 3 1 2 1 1 1 1 5 1 1 1 1 1 1 1 1 12 1 1 1 1 1 2 1 2 3 3 1 1 9 
1 2 3 1 1 1 2 2 2 1 3 1 1 5 5 1 1 1 3 1 1 1 1 2 1 5 2 2 1 1 4 1 4 2 3 1 2 1 3 2 1 1 4 1 1 3 12 1 1 4 1 1 3 2 1 2 1 6 4 1 2 1 1 17 
2 1 1 1 1 1 2 1 2 9 1 1 1 4 1 5 2 3 1 2 10 1 2 1 1 1 2 1 4 1 7 3 1 2 1 1 1 1 1 1 2 62 10 1 5 1 1 1 1 1 1 2 1 4 2 1 1 1 1 6 1 2 2 1 
4 1 1 1 2 1 2 13 2 1 1 2 1 10 1 1 1 4 2 1 2 30 1 1 1 5 5 2 1 1 2 1 7 1 1 1 6 1 3 1 3 1 2 5 6 3 1 1 3 1 8 1 1 1 1 1 18 6 1 4 8 6 3 1 
1 5 1 1 1 4 3 1 35 2 1 10 1 1 1 5 1 2 1 1 2 2 1 1 1 2 1 2 25 2 1 1 1 14 1 1 1 1 1 6 2 1 1 1 2 1 1 2 4 1 3 2 12 1 1 6 1 1 1 1 20 1 1 1 
6 1 1 1 1 4 1 2 2 1 3 14 2 2 3 10 3 114 1 2 1 21 6 1 2 1 7 2 1 4 1 2 3 8 1 1 1 1 1 1 1 1 2 1 1 1 1 1 1 1 6 1 1 2 1 1 1 1 2 1 15 2 1 1 
1 2 1 6 1 2 6 16 1 1 1 1 25 1 1 1 3 1 1 1 2 2 1 1 1 2 10 1 6 1 27 2 1 2 2 1 1 3 3 3 1 7 1 1 1 2 3 5 1 1 1 2 1 2 2 2 20 32 5 1 1 6 1 2 
1 1 3 1 15 1 1 2 1 1 1 1 1 1 1 1 1 3 1 2 5 1 1 1 1 1 2 1 5 6 1 12 1 1 5 1 2 1 1 1 19 1 1 4 6 7 6 1 3 1 1 3 4 1 1 1 7 7 1 2 1 2 2 1 
1 1 1 2 1 24 2 1 1 1 10 7 1 15 1 1 2 55 1 6 1 2 2 2 1 1 1 1 1 1 1 1 1 2 1 1 1 5 2 1 1 1 1 2 2 1 6 1 1 1 2 1 2 8 4 1 5 1 6 2 3 1 2 4 
1 5 1 1 1 2 1 1 1 1 1 9 1 1 2 1 1 2 1 2 5 14 7 1 16 8 1 7 1 1 1 1 2 5 1 1 1 1 2 1 2 1 6 1 2 1 1 1 1 138 1 1 1 1 23 12 6 7 1 1 1 1 6 1 
2 35 3 1 2 1 1 2 1 1 1 2 1 1 1 1 1 1 6 1 2 2 3 101 4 12 1 1 3 7 1 1 1 1 1 4 1 1 1 2 3 2 1 2 1 2 1 1 1 1 1 1 1 1 77 1 1 1 2 1 45 2 1 1 
2 2 1 1 21 22 1 1 3 22 1 3 1 1 3 1 2 1 1 1 1 1 2 2 1 1 2 1 1 362 27 1 9 1 11 1 6 25 76 2 1 2 2 1 3 1 1 3 1 1 1 2 1 3 9 15 3 3 1 2 1 5 1 2 
2 1 1 3 12 7 1 3 1 7 1 1 5 1 12 2 1 1 2 3 18 1 5 1 1 2 1 1 2 1 1 3 4 1 1 2 1 2 2 2 10 1 1 2 1 2 1 1 16 1 2 1 97 4 2 8 1 1 4 3 7 1 1 1 
22 14 60 7 1 10 2 1 1 1 1 1 3 3 1 1 1 1 1 1 9 1 1 5 1 1 1 4 1 1 1 13 4 1 1 1 1 8 1 1 1 2 10 1 4 3 14 1 1 1 1 2 1 1 3 4 10 1 1 3 1 1 1 5 
1 11 1 2 2 3 1 1 8 3 3 1 1 1 1 3 7 1 1 2 1 1 1 1 1 1 2 9 6 1 1 4 6 1 108 1 5 1 1 2 3 4 10 1 2 1 3 2 2 2 5 1 11 1 1 1 1 18 1 1 1 1 1 1 
1 8 2 1 7 1 16 5 1 8 1 1 1 10 1 11 1 1 8 1 1 2 1 6 8 3 1 3 2 1 1 7 1 1 1 2 4 2 4 28 1 1 1 7 1 3 49 2 1 2 1 12 1 5 1 1 1 2 1 1 2 6 3 3 
2 1 17 13 1 1 1 2 1 1 7 1 2 11 3 7 1 1 4 1 2 2 3 5 1 3 2 1 1 2 1 1 2 2 2 1 3 1 1 3 1 1 1 7 2 1 1 3 6 1 3 1 1 1 7 3 1 2 1 1 15 1 1 1 
25 1 2 1 1 4 1 1 2 23 4 2 1 3 7 1 1 1 1 1 1 3 1 4 10 1 2 1 1 1 2 1 1 3 1 1 1 1 1 2 1 1 1 28 1 1 10 6 1 1 3 1 1 6 1 1 4 5 2 1 1 1 10 1 
18 10 2 8 3 1 1 1 2 32 2 1 1 33 1 2 2 1 1 1 4 1 3 2 1 5 1 6 3 1 1 1 7 1 1 9 1 2 48 1 3 1 2 1 1 1 2 2 1 1 1 1 1 20 1 3 1 4 2 1 2 1 1 2 
1 4 14 3 1 1 1 1 1 1 1 1 2 1 1 1 2 2 1 1 1 1 1 1 1 1 1 2 10 1 1 1 1 3 2 4 1 1 2 8 5 4 2 1 3 1 1 2 1 1 1 3 3 1 1 1 1 1 2 1 1 1 8 1 
7 16 1 9 1 1 2 1 1 5 3 1 6 16 1 1 1 2 4 1 2 1 1 1 1 1 2 1 1 1 2 15 1 3 1 2 1 2 13 1 1 2 1 9 1 2 2 1 1 1 1 2 13 1 2 71 1 1 3 32 1 4 1 11 
1 11 1 2 1 1 1 1 2 1 1 4 1 12 26 1 4 1 1 3 4 1 3 2 1 1 3 1 1 2 1 1 1 1 1 1 2 1 2 1 1 2 1 2 1 1 1 1 1 1 1 2 2 1 1 1 1 1 7 1 1 1 1 1 
3 1 2 1 1 1 6 2 3 1 15 1 7 1 1 1 1 1 3 1 1 6 1 1 39 3 2 3 3 2 2 2 10 1 1 1 1 1 5 1 8 1 2 1 4 1 1 1 1 1 1 1 1 4 2 1 1 5 3 8 1 1 1 1 
2 2 2 1 3 1 3 2 1 13 1 3 5 10 1 1 1 2 1 2 1 1 1 1 12 1 26 4 1 2 1 1 1 19 1 1 4 1 1 3 1 274 1 1 6 5 1 3 1 1 2 1 1 2 1 1 1 2 1 6 1 2 1 1 
1 5 1 4 4 1 1 1 1 4 2 1 2 1 1 1 1 1 1 1 1 2 5 1 1 4 1 2 1 1 1 1 1 1 22 2 2 1 2 1 3 2 1 1 1 2 10 6 1 1 1 2 2 5 1 1 1 1 16 1 1 1 4 2 
1 3 6 2 1 14 1 5 1 1 2 1 2 3 1 2 1 2 1 3 1 1 1 1 39 1 4 1 2 1 1 2 1 1 1 1 4 6 1 5 1 1 1 2 2 3 1 1 9 2 1 18 2 3 2 2 1 1 1 4 1 1 1 1 
1 1 48 5 2 1 2 1 1 10 1 3 1 1 1 1 2 1 1 1 1 1 1 29 1 2 1 5 1 4 14 3 3 2 4 1 4 1 1 3 4 2 1 1 1 1 2 1 3 3 1 1 1 1 4 1 1 1 1 2 1 1 1 1 
5 1 2 12 2 2 2 2 1 6 2 6 1 1 1 1 1 2 1 1 2 1 1 4 2 1 1 2 3 5 6 1 1 1 2 1 1 1 1 4 1 1 1 2 2 4 2 1 2 2 2 1 2 2 2 2 1 1 2 2 1 1 3 4 
5 4 1 12 11 4 2 1 2 2 1 29 3 1 5 1 2 33 22 9 1 4 3 1 1 1 1 1 1 2 13 1 1 4 10 1 6 1 1 1 1 2 1 1 6 17 1 1 1 4 1 1 14 1 1 1 1 1 7 1 1 1 1 7 
3 3 1 1 1 1 27 1 4 2 12 14 2 1 1 14 3 1 1 4 1 1 2 1 1 1 2 1 2 1 3 1 18 1 1 1 1 1 1 2 7 1 1 1 1 1 1 1 2 6 1 1 1 2 2 1 6 1 1 1 1 1 1 1 
1 2 1 10 1 1 1 2 158 1 1 4 1 1 1 1 2 2 1 3 5 1 1 1 1 1 1 2 1 2 6 3 1 1 2 1 1 2 1 3 7 1 1 3 3 1 60 1 1 7 2 1 1 1 43 1 1 1 1 1 1 1 1 3 
3 1 1 2 7 3 10 1 3 6 1 1 2 14 29 1 1 1 1 6 1 3 1 2 1 1 3 1 1 1 2 1 6 11 2 1 1 1 2 1 3 2 1 1 3 2 1 4 72 1 1 1 1 1 4 1 2 1 1 2 3 1 1 1 
2 1 1 1 2 5 3 1 2 1 1 1 6 5 2 2 8 2 1 3 1 2 2 1 3 1 1 2 1 1 2 5 1 1 1 2 11 1 1 1 2 1 1 2 2 1 19 1 2 1 1 1 22 1 3 81 1 2 2 1 1 1 1 1 
1 2 1 6 2 2 1 3 1 5 1 1 1 1 1 1 1 1 3 2 1 5 2 1 2 1 1 2 1 4 2 2 1 1 1 1 6 1 1 3 2 1 2 1 1 7 1 1 1 4 1 2 1 9 11 3 2 1 2 2 1 1 1 3 
1 1 2 2 2 1 1 32 1 6 1 1 1 10 1 5 1 1 1 1 2 1 1 1 1 1 1 1 4 1 1 1 1 1 5 1 1 2 2 1 2 4 1 1 1 1 3 1 2 2 1 1 1 1 2 1 2 1 473 1 1 2 2 1 
19 4 1 20 1 3 1 2 1 1 1 3 3 1 4 1 1 64 1 4 29 1 7 4 2 1 1 3 1 1 1 1 1 3 1 4 1 3 10 1 2 1 1 4 1 2 1 1 11 3 1 1 1 1 23 7 1 1 1 1 1 2 4 1 
1 20 2 3 2 2 1 2 4 1 1 1 1 2 1 6 1 2 1 3 3 3 2 1 1 1 1 1 1 6 3 3 1 4 1 1 1 1 1 5 6 7 7 27 5 56 126 24 91 16 1457 5 12 1 10 2 5 3 363 13 10 23 6 9 
11 41 12 18 4 6 12 63 40 14 17 8 34 20 12 8 15 41 331 304 56 7 327 117 78 5 4 6 45 30 9 5 13 33 43 41 71 22 6 24 18 9 2 21 26 230 201 30 13 6 13 695 61 308 22 22 8 8 7 30 12 45 26 240 
9 43 33 2 12 6 9 20 408 70 34 17 8 5 83 20 5 26 33 9 5 31 20 91 1244 3 30 47 120 5 16 205 21 202 203 6 9 6 16 99 4 6 241 80 7 554 2 67 8 21 17 19 23 102 289 11 22 11 7 31 1 6 79 23 
14 35 9 5 199 8 8 3 4 271 8 6 4 6 17 38 239 25 164 10 8 5 22 49 20 6 69 281 5 8 1008 14 14 55 4 49 11 18 10 34 17 8 20 14 4 141 24 2 6 12 207 5 7 20 8 20 9 23 17 23 42 6 9 32 
185 8 6 6 1116 16 19 49 7 23 8 46 36 4 4 11 48 18 67 9 21 61 1 2 523 17 59 13 32 6 16 3 4 10 1 32 30 1343 23 15 2 4 7 5 4 10 359 4 205 4 15 7 16 2509 28 4 19 74 4 22 25 38 10 6 
4 946 75 23 38 34 1420 5 2 75 12 15 3 14 807 22 373 4 14 17 25 15 14 5 13 4 165 154 9 74 4 8 123 992 326 4 17 2 25 24 94 679 15 7 3 5 189 6 12 14 17 14 5 64 156 4 6 30 10 3 17 96 27 11 
11 39 5 13 1 41 19 223 98 4 8 6 4 32 27 38 21 13 5 56 134 76 69 3 39 6 16 4 23 287 38 24 133 92 3 59 41 7 10 614 1967 72 62 10 18 11 91 200 25 18 36 10 16 9 38 60 62 175 12 166 58 24 31 41 
20 17 67 14 31 6 2 25 49 33 40 871 30 22 20 10 112 18 8 4 26 48 24 5 6 3 122 6 14 15 50 7 10 15 120 96 1190 30 32 328 27 23 10 3 3 37 15 17 556 8 4 110 13 121 57 8 215 134 78 12 125 154 13 1 
48 12 12 350 2 30 122 18 21 3 114 5 18 26 6 15 1 46 16 94 3 12 40 14 77 6 32 7 24 14 7 205 45 26 83 43 287 6 3 70 12 7 193 96 27 1115 67 1481 48 15 20 1 26 40 26 29 30 6 91 3 230 2 58 1095 
5 14 25 83 10 18 28 203 9 233 7 76 4 13 12 2 17 10 87 23 20 91 14 28 13 37 8 10 5 35 8 4 430 103 26 5 46 36 13 48 351 33 29 16 12 40 13 211 39 5 32 108 81 6 476 5 44 27 54 56 9 35 30 13 
31 20 72 91 8 11 42 61 15 9 8 1 10 87 30 345 7 2 8 8 22 7 122 6 5 4 126 29 5 139 2 39 388 122 1048 50 12 191 14 214 7 22 11 4 8 12 97 433 14 35 8 4 26 18 16 25 46 14 1 4 19 8 127 16 
1380 143 8 7 22 35 60 38 83 50 118 29 17 332 65 196 70 5 12 9 28 13 10 9 4 6 3 70 13 3 12 14 15 8 33 57 25 9 227 577 23 47 10 25 471 17 22 195 23 4 4 11 19 5 33 8 22 12 236 20 25 27 64 124 
12 25 87 315 36 4 37 75 5 6 36 82 372 32 31 8 25 29 6 50 9 58 64 54 23 59 24 27 21 96 8 86 3 63 23 6 297 32 497 6 150 2 13 11 25 144 114 10 27 5 4 23 7 26 106 441 38 98 1 32 16 15 37 44 
23 30 12 2 194 11 31 9 14 35 1548 9 5 54 12 38 118 3 10 5 5 34 3 27 49 28 27 127 25 3 18 1 32 7 31 1 6 8 5 8 29 66 224 8 6 35 2 30 54 3 35 42 33 215 28264 1108 92 13 37 47 3 12 11 9 
18 23 13 37 5 22 40 3 22 22 211 25 6 698 16 7 7 8 46 212 19 10 18 10 39 50 22 6 14 40 10 19 42 7 3 7 8 17 84 20 14 5 20 7 12 66 34 28 8 15 9 42 83 37 126 39 98 11 7 20 19 25 89 32 
24 16 10 5 6 5 13 37 173 326 57 59 85 226 13 33 82 13 11 30 90 6 22 140 14 84 70 35 12 78 3 232 3985 8 418 18 18 10 141 5 252 13 12 45 3 99 7 46 19 21 20 4 1254 7 16 29 1242 11 50 18 5 176 6 69 
10 23 28 24 52 51 26 6 39 49 108 6 117 40 4 112 91 6 10 5 95 84 1 25 59 3 26 11 41 1 10 47 24 3 3 16 29 5 163 32 2 4 12 7 134 947 17 4 49 7 115 8 26 6 8 52 3 6 13 34 27 11 207 14 
7 26 49 47 1 185 17 10 131 9 259 8 10 11 34 8 3 91 6 23 4 7 174 22 7 4 5 14 5 17 179 176 193 17 13 8 5 28 19 27 5 229 18 3 21 418 20 32 17 22 64 210 38 9 162 18 117 36 405 21 948 10 6 738 
22 18 10 83 7 11 9 9 4 11 55 7 18 7 3 91 23 3 8 9 27 6 4 24 32 111 17 112 17 7 23 141 15 10 39 84 12 6 7 35 1 225 196 32 21 8 9 92 6 23 89 25 24 7 40 32 10 38 36 32 5 8 584 115 
6 91 8 11 4 220 19 51 13 21 8 3 17 32 218 11 21 8 4 95 52 24 40 103 25 18 13 8 22 9 5 4 11 11 111 810 57 15 88 202 7 48 148 25 8 7 8 17 3 8 18 40 6 37 81 13 4624 9 161 117 222 105 5 14 
4 297 6 4 10 26 14 19 19 16 77 9 2 35 224 10 223 44 353 64 382 20 7 4 24 48 103 563 58 66 8 23 2 10 92 11 17 213 7 51 4 336 8 9 22 21 9 10 6 7 4 15 49 4 16 26 77 16 5 26 20 5 22 176 
48 141 5 6 17 18 340 73 18 191 8 344 13 1492 4 86 16 354 51 23 21 4 11 22 14 138 20 1 19 7 20 8 7 24 14 40 123 9 30 43 22 214 6 6 65 18 50 117 70 7 94 16 13 110 14 398 65 2 117 5 77 17 86 157 
4 8 13 11 144 68 3 27 6 6 4 6 5 7 4 189 35 5 7 6 1 24 5 332 62 5 26 67 3 22 27 3 40 96 46 149 9 11 338 22 7 240 20 23 118 5 16 35 29 14 23 1831 27 24 5 605 32 5 8 13 24 61 61 35 
1 18 14 7 316 3 13 7 8 22 60 32 10 12 40 29 48 26 20 12 30 8 116 33 4 26 7 25 30 17 26 49 5 3 76 16 31 37 48 5 5 58 23 3 27 4 150 49 8 3 10 10 6 11 1 100 7 12 10 91 19 13 16 29 
53 23 1531 5 11 3 39 5 8 7 3 214 71 60 23 12 30 7 1449 1 314 174 10 128 66 21 7 24 60 253 5 190 17 97 21 4 5 5 139 12 5 18 12 51 12 73 52 12 135 21 8 55 49 4 4 58 8 10 61 50 1462 21 2 34 
1 5 4 16 5 3 30 7 2 34 18 17 38 24 77 51 157 806 1032 20 60 52 3 4 68 35 7 844 13 270 119 72 289 97 12 89 13 600 32 130 16 95 7 296 27 122 21 31 9 53 29 7 5 18 86 297 4 9 36 36 6 7 35 4 
85 10 6 28 43 30 22 14 270 39 180 4 88 9 6 26 12 368 6 11 18 229 1 5 123 9 15 354 16 180 8 21 39 23 17 23 26 29 9 14 16 11 59 7 9 19 16 9 181 28 3 175 169 5 41 73 28 102 69 3 36 9 14 68 
4 53 24 45 15 22 20 14 1 7 3 23 157 8 38 6 433 30 21 43 279 116 192 58 12 22 218 48 17 5 16 595 17 20 10 72 49 59 33 30 13 6 37 7 46 30 49 37 34 19 4 8 14 20 4 15 4 141 34 2324 111 13 64 5 
85 25 6 7 670 33 5 5 120 4 19 508 43 5 16 19 21 2 5 217 167 4 27 25 24 3 8 4 1 17 33 2 34 12 24 6 4 3 92 5 91 13 20 15 404 4 57 5 41 48 22 130 95 98 133 24 23 204 210 12 16 7 15 116 
24 7 6 24 116 13 25 1 20 10 100 6 34 22 15 11 4 2 4 444 29 7 6 15 15 6 10 4 10 5 5 10 19 24 12 10 26 23 15 24 33 12 47 73 32 27 46 65 4 4 3 50 11 46 28 5 37 7 108 53 19 107 3 18 
24 102 15 14 18 25 308 22 14 17 11 23 1456 57 32 21 10 301 2 10 4 37 15 12 150 65 3 578 31 9 18 11 47 5 5 31 1965 11 10 9 14 4 61 4 12 7 5 2 207 25 6 158 9 5 48 9 77 25 6 41 34 39 6 22 
7 23 5 193 1 142 28 75 7 14 9 5 86 8 388 36 5 9 2 33 11 18 18 501 24 303 60 24 62 38 12 4 18 187 25 83 97 16 51 8 21 4 38 13 3 230 137 25 19 17 6 51 458 41 17 59 10 21 3 12 8 28 166 71 
8 11 21 9 15 20 14 22 5 8 5 28 50 15 64 76 38 32 64 108 7 74 6 32 18 8 36 5 21 5 29 3 2 32 4 1 5 4 34 546 10 8 25 40 35 24 6 4 30 97 9 5 143 12 7 6 27 49 82 36 6 17 25 588 
37 3 20 64 5 9 19 42 4 66 24 5 8 8 6 12 426 34 195 16 101 217 4 7 11 18 75 2 11 30 29 25 6 14 2 430 5 10 4 17 169 20 8 19 23 250 9 64 2 231 210 35 28 42 4 27 5 58 409 6 113 26 4 26 
62 8 1234 4 27 7 348 50 8 23 8 123 23 9 16 54 26 293 118 140 3 8 25 9 50 17 28 2987 7 31 4 5 74 173 11 62 5 1735 59 398 31 3 59 28 23 26 53 74 11 188 7 2 6 18 22 16 9 55 3 35 3 48 11 12 
7 14 48 5 10 82 31 2 97 14 7 4 11 18 9 23 5 3 3 45 5 8 43 249 60 244 30 26 7 71 13 16 341 23 76 17 18 68 4 212 26 341 91 6 45 6 62 5 11 12 8 67 11 13 6 70 176 71 19 4 113 6 26 5 
3 40 13 21 9 14 2 3 8 60 93 21 3 67 8 8 9 10 9 14 7 1 20 15 17 7 1078 17 7 5 5 182 21 8 316 30 149 8 5 130 5 114 124 15 5 19 9 25 5280 22 5 5 7 169 31 5 115 98 340 21 10 31 11 17 
1454 7 4 22 46 109 15 5 37 21 4 11 9 11 38 54 17 10 3 45 10 11 27 10 2 116 113 21 36 18 19 27 105 3 13 48 47 14 2 13 21 376 124 12 14 23 22 12 111 7 12 5 5 10 147 5 30 23 29 20 30 117 25 3 
12 11 7 33 166 33 5 6 50 9 1208 5 9 6 84 205 18 24 8 9 91 256 10 7 35 19 23 6 10 10 37 72 16 29 83 405 11 41 19 9 27 10 3 80 33 2 52 209 60 7 15 7 109 4 192 4 23 7 11 23 18 15 47 63 
2 85 8 15 56 49 465 25 4 37 23 1 306 19 48 45 45 5 63 22 5 267 33 6 8 118 5 6 34 6 398 10 118 6 23 22 3 17 6 3 213 14 4 790 70 20 17 288 31 16 126 295 32 4 9 74 18 43 12 1060 4 5 22 62 
3 6 20 23 69 11 5 32 22 5 4 13 29 7 43 7 10 8 7 41 18 9 19 34 39 60 37 2 32 25 20 76 15 23 5 38 39 6 5 84 766 21 1 7 3 2 6 7 11 3 281 23 86 37 4 3 14 14 39 48 14 7 29 2286 
534 14 11 17 9 441 13 13 21 15 10 14 27 534 96 140 6 65 4 10 4 275 3 6 101 10 12 9 3 36 12 22 164 262 12 20 11 25 171 66 2 3 7 26 20 4 15 26 18 29 2 6 8 11 30 8 21 9 10 10 6 11 11 30 
8 74 15 8 13 474 34 8 13 5 9 5 18 51 21 8 71 11 11 12 31 44 3 331 4 18 8 32 6 62 7 20 29 5 6 76 105 208 32 22 28 5 268 6 17 147 10 8 4 22 16 36 18 13 12 9 20 14 15 14 1 5 8 50 
26 50 15 6 7 19 10 325 16 6 548 28 57 11 4 28 14 59 9 27 14 13 263 4 6 4 8 54 33 6 131 25 22 13 46 5 15 251 47 26 21 234 41 21 6 92 3 210 24 400 106 40 16 8 3 174 26 75 82 124 31 15 87 10 
2 13 20 8 12 206 22 221 19 19 8 33 85 60 46 82 105 111 126 3 147 17 396 5 13 198 41 18 21 27 9 104 12 23 4 8 14 3 24 15 20 53 9 2 55 14 48 32 35 63 97 6 6 163 28 7 5 2 31 630 3 22 27 25 
6 621 9 35 82 340 5 26 13 17 23 43 10 6 16 291 4 110 180 11 11 11 40 3 4 17 10 12 8 10 6 1224 196 109 11 22 41 398 2 42 4 9 5 5 68 301 93 8 424 4 24 31 13 34 9 9 44 27 296 46 136 4 74 8 
4 7 38 42 11 21 1504 6 26 3 586 10 7 47 4 340 17 419 11 7 19 14 12 20 30 3 10 6 18 6 57 328 12 10 8 5 22 27 103 10 5 3 24 47 29 25 99 6 1637 22 111 80 47 2 9 56 20 26 5 13 67 7 38 3820 
5 30 4 40 21 3 2 20 17 4 11 12 252 112 13 18 9 27 3 10 2 8 15 15 23 33 42 231 15 1937 4 33 30 11 70 16 119 26 11 435 7 3 58 14 182 37 130 10 4 127 24 2408 1638 546 35 15 8 4 8 5 10 291 5 47 
9 31 13 44 30 7 15 181 6 335 8 8 12 50 26 1 4 32 9 10 98 10 25 5 20 10 27 65 10 9 8 70 8 6 68 11 6 11 5 3 8 7 3 10 4 2 419 4 31 16 261 5 231 21 171 6 31 46 13 11 81 5 3 13 
119 6 11 17 202 24 38 2 62 7 2 95 17 90 24 31 34 11 41 12 65 7 17 21 115 17 91 22 11 12 13 19 50 60 39 120 7 388 1 11 17 5 347 41 566 989 18 14 10 31 13 19 1 10 6 3 9 13 77 21 13 47 110 4 
6 5 97 91 4 27 20 88 80 3 7 24 11 17 19 53 67 5 37 39 12 7 21 25 17 108 19 1306 3 37 23 11 14 21 23 49 71 6 22 27 6 6 20 8 29 8 24 5 31 18 6 19 23 32 9 87 3 37 25 17 206 44 14 4 
26 5 295 68 4 11 11 27 26 255 19 37 14 9 16 8 64 222 7 4 10 7 16 21 31 15 138 5 727 19 70 6 36 22 17 148 5 497 37 40 34 90 5 1 141 52 40 23 2 21 8 41 17 23 12 54 674 7 1278 6 7 45 3 19 
72 42 7 44 21 14 9 126 18 8 25 9 8 10 46 12 25 144 18 24 3 116 4 5 8 15 23 32 41 2 52 2 9 26 5 8 21 10 22 6 22 8 11 22 22 227 5 46 21 67 11 97 5 182 48 102 29 6 12 131 2 52 13 58 
32 4 30 132 369 2 21 11 66 166 22 10 83 208 9 17 82 2 45 9 4 192 56 26 8 172 361 419 6 88 4 27 36 5 16 18 20 2 4492 8 16 37 19 328 273 176 183 91 7 27 128 293 120 33 350 124 95 5 20 29 19 110 20 71 
14 23 10 2 8 10 99 55 9 3 24 10 11 3 8 17 7 11 10 33 8 186 47 20 8 38 70 40 130 575 6 208 40 405 54 18 18 8 7 28 9 17 10 6 22 2 6 53 38 13 35 36 18 25 25 48 2 30 578 4 31 59 63 18 
219 13 25 271 8 94 22 7 225 12 85 21 24 24 25 121 180 13 183 19 18 5 6 5 7 24 105 6 5 6 27 8 3 35 11 25 5 17 15 22 42 80 11 39 8 32 1452 12 21 104 11 148 15 36 6 42 2995 50 5 19 25 10 9 9 
23 40 199 55 5 3 103 114 8 67 59 38 1 18 16 6 13 402 8 3 12 30 260 7 45 6 21 5 735 91 29 48 124 6 5 7 17 7 15 19 141 255 2 8 30 86 99 11 7 2 16 13 18 11 25 13 7 19 21 162 5 20 20 19 
8 13 11 86 8 22 28 84 5 55 22 89 21 200 17 10 723 42 9 15 6 15 65 8 6 14 211 10 27 9 18 7 360 11 5 40 32 10 1 14 3 16 5 37 10 5 11 10 152 95 12 5 220 4 31 10 159 15 3 85 7 34 20 4 
51 15 14 55 12 6 2 16 28 4 497 2 3 1328 137 3 7 100 453 7 26 16 146 12 31 7 18 24 55 12 16 41 12 4 4 9 23 32 45 6 40 2 60 4 3 3 20 39 54 82 17 216 34 13 9 2 5 906 36 38 36 13 2 77 
10 210 12 3 107 59 26 3 41 132 36 9 8 30 2 6 21 2008 83 15 8 4 26 24 5 6 329 37 30 69 204 78 9 222 579 7 11 31 6 155 180 5 43 14 121 13 47 13 11 18 163 26 4 11 73 2 6 92 36 81 11 198 80 100 
55 449 23 4 6 31 55 8 21 26 5 6 6 20 65 11 20 8 15 4 37 34 3 4 17 18 8 15 16 13 18 4 10 87 125 7 36 11 86 37 5 90 82 3 11 6 24 8 18 8 206 7 9 18 56 149 86 7 8 47 7 7 65 2 
138 46 19 57 5 47 14 9 8 5 2 364 18 64 16 28 82 7 25 6 799 47 7 18 30 8 1 45 6 3 5 22 47 4 18 28 35 5 68 30 6 33 236 42 27 4 53 36 618 135 10 8 9 114 6 92 187 4 5 87 490 6 27 3 
3 13 62 825 4 7 6 546 14 16 75 3 7 12 6 60 10 26 110 11 68 31 6 128 19 7 8 70 7 124 11 5 5 11 79 50 2 64 3 13 58 75 29 7 3 31 9 7 11 9 7 147 5 2882 8 27 116 6 64 26 6 29 6 1 
3 4 12 7 8 4 8 30 26 19 57 12 5 134 23 19 111 20 1 10 5 25 91 78 17 38 267 31 5 26 159 5 88 2 3 27 4 3 4 23 13 10 190 366 61 130 16 1768 6 5 74 23 14 1 13 68 12 20 897 84 1 12 170 309 
15 23 18 20 148 11 8 48 25 24 4 5 9 8 30 27 18 202 9 11 69 28 21 30 106 58 49 2 4 235 33 9 519 15 1218 11 6 4 43 4 2 8 8 13 22 901 314 31 4 1 4 354 30 19 353 25 164 429 104 161 20 8 28 5 
9 4 12 560 18 111 26 26 16 398 9 36 6 221 30 5 32 3 18 25 17 32 6 26 38 77 6 6 10 28 7 8 18 8 38 4 6 5 102 8 23 376 22 16 4 66 28 16 8 202 7 26 25 5 12 9 80 24 212 2 20 6 18 273 
4 5 6 78 8 46 6 17 15 206 15 43 82 6 267 25 21 922 12 8 113 11 12 73 4 20 13 235 6 89 25 24 10 16 3 26 7 10 4 5 14 10 104 22 9 75 48 2 19 14 26 25 11 25 5 23 3 50 374 4 7 1453 22 61 
2 5 85 110 30 20 16 4 18 12 947 8 7 130 21 9 43 124 40 25 18 8 43 20 8 50 5 7 48 48 23 6 45 9 5 45 10 36 1228 3 18 18 12 22 56 61 2 8 5 50 37 248 5 83 8 5 6 8 62 6 10 8 16 383 
46 24 18 7 28 22 377 25 3 13 25 1 19 29 68 47 108 6 5 4 41 53 19 14 116 42 34 15 8 214 46 16 110 51 335 62 266 7 231 3 236 1 30 288 25 19 29 11 17 6 37 20 18 105 20 11 107 8 135 60 3 96 32 66 
16 6 23 1 30 3 49 12 15 18 8 25 10 29 16 11 34 51 38 8 47 53 2 144 49 1 6 43 6 49 24 4 12 2 16 5 3 488 7 28 6 37 18 23 16 7 10 258 4572 32 45 46 3 7 97 50 6 15 5 5 582 181 312 91 
7 9 37 13 33 28 14 1 27 4 38 3 272 234 110 13 2 11 142 9 7 2 127 3 9 21 20 81 14 188 14 17 9 17 7 47 20 26 19 26 11 8 3 10 46 23 56 5 18 39 5 9 30 156 7 9 5 16 8 5 8 11 28 13 
16 4 22 29 4 23 14 21 24 7 12 891 51 13 382 2 146 10 3 9 4 741 23 403 54 16 3 1454 3 22 44 19 12 23 17 20 22 14 37 12 17 8 14 5 14 26 47 6 17 63 8 202 7 6 171 63 23 11 51 25 114 5 2 64 
11 9 8 30 5 11 34 54 4 421 16 2 14 111 12 4 8 39 14 82 210 318 3 17 228 19 23 3 47 38 495 39 9 136 6 48 36 69 11 14 3 118 2 2319 13 11 221 25 165 10 1 50 20 7 54 11 71 54 133 6 5 24 20 61 
2 6 8 77 198 2 255 114 6 264 5 21 17 26 43 12 24 36 115 148 12 7 12 1 7 10 12 38 5 1 59 6 5 4 17 6 5 52 10 2 9 44 7 35 20 5 47 40 4 7 7 27 50 34 2 27 7 7 149 368 4 33 50 4 
8 1 10 9 19 7 131 15 25 8 8 15 70 4 4 39 24 22 14 34 48 6 34 205 96 23 8 127 8 13 5 2 8 3 18 8 25 12 27 8 117 116 28 33 20 2 306 43 11 6 14 9 205 5 72 56 8 42 65 1454 24 84 307 139 
134 48 18 29 13 11 211 23 21 65 28 12 44 28 23 27 7 29 2 8 75 61 6 20 5 7 10 239 60 23 19 30 3 60 31 9 12 6 77 7 174 20 3 14 19 32 549 6 21 46 49 2 3 22 154 4 24 8 7 24 105 20 3 26 
23 24 4 97 59 1 128 7 30 11 22 13 39 3 122 350 5 14 7 8 28 22 195 291 24 4 28 711 17 52 8 8 472 4 84 5 11 10 6 1453 156 8 557 7 6 14 111 10 1 79 21 10 63 8 41 22 23 59 3 10 500 82 9 91 
69 79 11 78 3 19 14 71 186 124 21 29 39 31 3 5 14 92 8 137 33 14 342 44 8 5 18 544 128 29 4 5 3 25 20 3 25 5 346 17 17 13 15 42 33 6 3 16 4 8 13 289 9 119 16 18 7 10 12 18 11 64 25 130 
30 2179 22 72 800 4 13 27 16 21 120 44 25 131 6 7 36 6 2 10 26 5 40 21 3 14 31 463 20 7 30 21 5 3 65 36 3 15 27 17 44 25 28 9 9 3 32 50 9 24 6 27 37 39 10 7 42 9 55 82 7 180 5 37 
159 104 31 84 5 26 10 65 359 1 11 7 2 11 19 13 34 9 7 7 114 28 12 1 10 21 9 10 19 24 60 84 41 66 16 48 31 9 2 7 25 17 2 19 15 231 20 201 58 26 17 22 46 6 38 74 87 22 5 5 17 6 23 6 
216 4 42 82 13 121 32 9 67 27 12 7 21 34 11 17 53 249 106 122 37 10 7 5 11 19 2 16 30 7 249 9 28 177 370 19 10 52 2 5 23 210 2 9 85 11 13 7 12 18 50 150 154 101 62 228 33 9 18 554 192 7 8 24 
11 74 590 26 168 11 3 20 3 23 5 56 10 22 18 5 50 14 7 121 14 67 28 28 1326 9 17 27 811 43 5 4 368 14 8 10 6 23 30 5 24 295 19 119 15 16 5 8 6 4 7 18 9 6 12 230 3 139 46 23 27 3 16 23 
114 14 35 24 10 386 9 13 10 35 28 3 45 3 78 356 31 141 40 7 1450 13 6 12 15 2 10 33 42 68 1 30 44 833 2 6 22 6 35 5 26 17 13 9 56 771 90 31 7 18 19 5 13 64 10 27 85 23 4 37 596 40 18 89 
13 15 3 28 20 10 6 26 26 4 46 13 15 15 10 118 13 165 7 7 7 9 337 3 3 8 15 12 8 8 10 15 19 2 2 83 5 52 8 92 22 17 15 20 557 9 788 260 25 61 141 41 1 26 20 2 34 6 46 5 10 3 64 25 
32 17 5 5 10 26 2 6 3 5 28 4 37 3 8 126 6 21 41 4 21 60 33 1224 15 30 27 7 232 33 274 6 2 18 8 16 467 67 21 205 8 26 72 26 113 2 21 41 19 97 10 16 27 40 33 28 34 27 35 130 17 197 25 9 
35 3 62 89 5 66 275 57 11 23 36 35 116 67 23 15 13 22 203 1 4 34 9 26 6 9 63 10 3 8 12 15 15 20 23 9 10 5 5 17 7 20 8 6 8 10 6 11 94 7 19 32 8 1462 66 20 26 26 157 5 7 8 33 7 
18 1452 63 17 251 27 3 199 23 116 216 6 3 1066 7 72 5 8 13 23 8 3 6 61 6 78 63 23 57 11 1241 96 35 89 111 12 10 224 188 19 46 34 12 36 7 20 6 168 14 8 4 17 6 41 53 20 43 29 6 3 62 87 11 14 
3 3 15 14 10 32 46 6 19 20 91 50 43 370 10 716 6 31 141 9 4 7 484 32 7 9 32 9 8 57 404 37 299 199 10 214 2 3 48 225 16 147 33 9 44 27 8 44 6 3 33 9 206 2 13 14 45 13 37 8 7 9 10 6 
21 18 135 7 25 1037 59 117 8 189 31 10 60 25 17 8 13 24 4 199 3 18 14 62 68 78 24 19 22 49 94 16 69 10 2 29 30 5 12 26 7 22 11 276 89 64 24 9 278 347 37 7 4 26 7 16 1698 14 28 11 8 16 6 214 
13 14 14 3 637 250 332 184 14 218 41 15 6 78 19 48 15 18 7 8 76 38 2 9 371 61 47 2 18 19 10 13 2 8 26 446 10 9 27 179 17 27 5 34 55 4 7 17 131 48 163 182 75 115 136 5 30 22 89 4 12 107 8 6 
95 29 15 64 3 4 19 110 25 92 100 6 33 174 10 18 22 40 109 24 21 32 7 21 65 5 8 4 10 39 178 144 8 18 3 463 36 49 3 13 17 2 9 90 16 8 23 5 8 5 6 29 77 13 28 189 6 17 11 8 20 81 3 15 
9 12 19 10 3 2 233 30 230 10 116 40 48 27 102 78 106 30 161 3 5 125 35 21 175 18 41 7 6 226 12 18 5 7 9 24 141 183 4 24 85 26 38 23 4 342 3 27 8 18 4 7 19 18 36 141 27 7 14 5 8 9 27 21 
24 39 6 16 26 10 38 1190 7 48 40 11 21 114 1 34 27 43 48 171 28 100 147 8 19 9 19 470 6 20 5 70 24 4 148 8 33 163 105 46 28 27 20 45 9 16 10 6 457 8 62 25 41 6 6 3 23 41 9 30 10 39 3 36 
18 15 44 85 6 106 43 40 13 7 2 296 3694 7 22 5 24 27 93 17 4 6 5 34 6 5 8 44 8 125 4 8 29 30 7 22 16 5 6 6 198 36 17 16 7 9 11 22 15 53 4 23 32 39 53561 10 2 5 4 9 55 15 11 22 
14 32 16 1 12 5 48 5 3 31 94 18 1048 376 5 24 3 17 16 30 40 3 19 32 188 37 59 43 809 5 17 7 62 11 107 749 8 69 4 5 3 5 1458 1 8 14 30 208 7 84 12 25 28 15 7 12 406 17 26 7 8 19 168 621 
62 8 4 84 22 12 4 23 6 63 3 10 6 18 33 8 9 52 11 9 6 24 155 199 19 10 9 7 16 9 25 11 229 1 82 24 7 95 53 8 14 18 14 87 18 19 2 70 424 58 21 9 21 467 32 12 8 44 19 22 3 142 9 46 
9 12 6 20 6 9 16 110 83 2 141 68 6 140 208 55 45 47 247 10 17 27 4 105 29 10 20 19 46 8 23 8 15 205 606 8 7 22 9 6 55 261 17 34 23 11 5 5 6 96 48 73 3 4 5 13 25 8 8 44 7 36 2 3 
18 7 4 201 9 2 145 15 14 59 81 45 201 7 8 5 4 36 30 35 4 39 199 28 18 105 57 15 22 21 11 79 189 4 459 783 9 37 22 63 17 3 34 21 6 173 16 27 18 7 2 1 276 24 47 12 12 30 71 100 4 168 2 107 
7 2 24 13 30 34 15 27 42 13 50 5 95 32 13 8 5 4 8 105 7 33 18 6 7 886 8 4 3 85 23 6 17 9 27 13 17 70 1337 78 72 22 47 29 202 4 17 76 19 43 6 24 3 3 1 40 9 6 203 30 13 7 16 74 
46 46 117 10 7 49 15 6 13 21 17 65 21 24 12 27 93 88 8 20 5 11 134 15 73 9 24 10 13 10 12 3 3 17 17 12 29 10 4 49 7 6 140 28 4 20 14 23 31 11 35 713 45 16 24 8 9 2 46 34 11 44 3 168 
876 21 18 14 21 4 7 40 51 4 16 1458 20 62 206 14 11 4 2 9 259 17 38 308 1 17 22 13 17 11 13 33 41 50 2457 344 21 70 144 4 43 15 3 30 35 255 56 7 9 9 27 25 33 15 6 957 25 213 319 5 22 4 30 5 
297 5 7 24 27 32 19 18 300 25 11 6 657 175 57 6 30 242 3 70 53 102 6 109 7 89 77 5 5 26 30 5 88 22 35 171 12 13 9 261 24 66 19 9 8 19 62 3 8 16 14 4 15 7 4 77 5 70 24 89 107 44 15 8 
5 4 125 42 128 25 3 45 15 55 15 18 10 3 28 302 14 38 177 5 77 6 3 952 55 63 5 17 194 13 10 87 3 52 70 5 6 6 38 524 2 191 49 13 10 21 116 47 4 41 9 91 94 1738 16 6 7 45 1403 35 6 29 33 88 
206 22 72 22 15 25 15 71 2 23 504 28 11 2 17 1584 25 30 93 31 8 13 80 5 8 2 60 20 6 125 32 7 183 15 10 9 7 7 27 46 13 193 7 15 45 11 5 207 1725 17 81 23 24 20 12 6 16 2 46 15 62 75 16 30 
29 28 42 15 82 574 8 59 22 28 12 21 2 73 14 5 179 6 1 12 5 22 185 122 3 28 77 13 18 6 8 11 4 9 1176 8 296 2 4 6 24 167 8 14 14 21 20 8 48 443 36 3 8 109 20 147 8 60 28 124 69 255 11 25 
33 12 5 9 40 2 2 178 35 6 176 10 178 5 10 60 25 11 16 23 39 3 6 20 4 24 8 603 10 41 198 428 155 13 9 84 5 4 23 15 10 14 218 3 3 46 25 3 11 25 31 68 7 16 20 4 22 10 2 20 5 45 53 16 
72 96 14 12 3 32 26 23 14 198 33 62 10 52 698 163 63 19 2191 11 26 132 16 18 23 25 452 116 8 25 39 1107 32 15 143 4 6 5 3 9 21 20 514 28 120 13 31 33 35 733 44 1 49 9 7 144 3 8 94 6 13 464 124 21 
19 152 73 65 21 5 17 11 14 3 73 4 9 2 428 3 27 3 80 11 21 21 37 30 272 30 48 1 59 2 4 29 35 4 176 22 103 7 10 54 5 75 59 2 7 98 67 9 71 5 11 8 179 188 106 23 75 66 5 9 36 35 9 37 
31 22 49 16 9 12 23 26 177 9 11 8 25 10 3 15 13 20 25 13 5 5 32 19 6 21 8 85 2 3 188 28 147 29 212 18 141 83 64 19 3 24 26 300 8 8 15 6 133 10 6 9 75 7 15 15 73 34 105 12 5 139 13 29 
96 3 92 20 32 956 33 4 3159 4 12 1 9 36 22 9 10 3 3 21 1259 12 376 3 3 4 77 7 2 13 16 4 20 4 62 14 17 36 33 34 3 71 6 10 11 16 14 11 4 717 5 123 5 5 196 7 16 361 41 28 6 11 6 18 
10 36 4 65 184 104 8 19 3 2897 6 9 3 20 1 7 15 2182 14 6 23 25 17 7 5 43 40 87 5 19 21 18 10 31 10 17 24 11 21 4 12 8 8 40 241 6 5 49 17 6 5 4 43 84 49 4 18 86 18 31 23 4 31 121 
96 10 14 372 10 11 626 1 3044 12 423 5 9 7 4 16 63 8 228 19 95 9 206 17 9 11 10 129 5 39 13 4 39 33 24 18 122 23 41 641 60 28 60 1458 169 13 4 11 8 45 12 4 103 32 4 43 6 9 219 22 31 30 4 37 
14 790 30 6 54 4 30 23 27 8 157 462 23 21 2 34 16 4 23 133 12 5 7 24 4 19 377 41 41 7 165 21 63 33 1 2 25 1 123 4 8 11 132 47 194 8 11 75 134 10 13 12 6 27 6 4 21 26 167 115 2172 10 4 68 
7 58 39 6 38 33 7 71 52 7 19 2150 18 297 23 177 8 668 26 28 56 13 14 12 25 7 429 6 118 13 9 33 28 59 12 7 10 42 67 7 153 9 12 61 289 5 21 4 323 4 128 6 30 15 11 7 6 43 9 270 30 10 38 43 
483 4 14 23 88 3 29 70 142 24 21 30 192 23 28 23 9 4 5 5 53 16 8 40 82 50 99 4 38 5 46 134 38 117 11 45 2 39 13 40 15 49 55 24 10 58 9 9 5 8 5 165 249 27 31 2 7 3 22 118 14 16 4 16 
19 551 18 10 4 2 17 6 2 28 44 13 8 6 4 29 4 13 17 7 84 229 45 2 70 23 10 6 15 8 2 4 6 17 176 53 8 21 79 82 13 3 1 11 36 47 114 8 55 20 6 4 49 17 13 73 16 34 42 16 20 11 25 271 
3 7 6 97 5 4 40 8 5 7 4 6 13 3 14 22 25 4 29 16 32 8 19 11 8 77 33 12 70 68 59 19 107 6 6 50 9 5 21 219 1459 3 258 22 23 5 36 8 92 12 21 31 179 636 732 159 10 26 150 11 3 7 17 3 
258 133 91 2 6 8 185 45 24 4 11 6 23 4 7 12 33 13 20 4 36 41 756 24 15 15 8 12 5 69 1453 3 2 44 197 10 185 262 3 25 12 82 172 8 3 10 6 281 19 15 8 15 7 70 14 7 8 478 7 252 746 7 222 42 
19 14 48 27 3 25 8 4 10 102 19 32 26 38 7 14 106 80 10 8 3 67 211 4 205 5 7 223 350 11 9 6 7 22 9 401 36 15 1 175 39 18 7 57 306 8 10 10 8 4 50 6 3 38 7 3 43 11 14 20 4 95 3 11 
9 16 7 101 7 9 68 37 7 23 92 6 185 114 22 55 12 259 145 12 25 37 19 12 15 104 4 13 6 47 4 26 475 24 33 6 37 14 31 14 98 31 107 13 75 40 21 16 3 26 20 45 22 12 12 179 23 7 34 59 6 3 54 9 
6 46 50 126 154 7 28 46 9 29 22 8 24 616 25 40 49 16 36 3 16 93 24 23 14 13 17 11 3 28 4 22 5 2 19 36 2 15 374 11 8 15 204 207 7 98 26 28 16 15 7 21 37 26 144 56 14 25 120 23 143 6 43 37 
223 70 10 30 74 118 118 5 7 11 7 12 750 18 207 62 21 15 22 73 2 8 22 3 5 179 199 19 13 5 11 2 3 24 68 5 4 26 9 7 168 4 254 101 30 14 22 71 17 14 5 18 111 40 47 10 58 7 283 52 18 92 9 69 
74 11 20 86 8 16 99 13 69 7 30 14 16 141 195 10 60 341 3 2 5 3 4 12 27 237 16 25 26 12 16 11 1 42 5 5 9 8 6 5 7 29 32 51 25 9 5 29 9 1 66 9 55 5 419 9 44 193 195 18 6 36 20 11 
35 22 3 4 203 22 162 340 20 40 45 22 6 24 23 12 38 6 117 12 43 55 50 18 23 17 19 25 86 402 31 10 70 31 23 55 42 9 21 221 51 28 20 4 4 112 7 25 3 4 56 32 9 28 13 54 13 458 18 1 29 5 14 6 
3 24 5 33 13 27 14 10 35 43 6 7 120 4 15 6 1 148 24 49 47 9 19 9 33 48 5 12 33 24 4 56 22 22 11 76 280 15 4 15 57 103 55 18 20 73 16 2 23 8 1979 17 1456 29 28 14 16 32 16 17 119 20 65 101 
15 1454 21 90 5 25 25 144 40 26 205 14 4 24 38 207 22 6 4 8 22 8 21 574 40 14 38 5 15 17 20 1 9 5 20 5 118 55 42 7 7 15 34 82 7 11 5 38 5 8 262 3 10 16 1 102 2 16 26 298 7 11 13 235 
36 40 21 5 6 28 21 29 9 207 6 4 10 121 33 54 497 106 3 195 5 14 9 42 6 34 7 234 19 58 45 2 8 50 39 5 5 20 8 164 32 15 189 14 4 10 30 696 21 11 26 3 25 8 6 9 16 14 196 7 64 4 9 108 
28 3 5 227 328 13 4 17 9 5 26 56 6 9 495 4 5 6 42 39 190 6 1 5 7 343 8 4 27 34 9 29 24 21 12 17 44 13 202 3 17 71 10 16 38 6 5 1332 17 7 18 24 19 7 26 44 2 3 197 1 65 16 3 310 
20 33 187 126 276 15 9 5 35 22 1153 717 33 9 35 130 53 6 10 278 42 4 21 16 5 19 24 6 75 20 18 6 4 10 17 360 63 13 4 10 142 16 7 37 31 56 7 6 186 46 26 5 2553 20 7 25 14 2 546 5 11 4 8 26 
26 15 23 30 8 10 10 9 35 6 2 33 31 66 9 4 4 4 6 10 9 11 4 40 15 8 35 24 5 7 7 82 10 28 5 4 3 6 14 5 22 8 4 14 20 142 1 31 1 4 16 2 3 23 3 11 3 5 9 33 3 10 9 6 
3 5 8 9 40 26 26 7 5 7 12 4 14 2 10 5 1 7 13 5 6 17 2 8 8 12 12 10 20 18 4 19 7 20 3 20 7 7 73 30 3 10 8 11 9 11 6 5 20 5 8 10 37 9 7 1 3 4 5 4 9 6 6 6 
59 2 16 27 4 4 19 6 49 3 18 28 12 16 2 87 8 8 4 9 8 113 8 11 1 3 36 11 25 2 3 1 18 8 15 3 15 23 31 5 13 3 1 6 6 6 1 30 13 15 349 6 5 6 22 22 2 8 15 11 5 14 9 5 
3 7 9 11 13 23 5 16 23 5 6 27 5 5 5 4 19 15 3 13 5 10 4 3 10 5 32 7 6 8 5 60 63 6 3 7 5 147 3 15 58 68 12 17 5 4 15 7 8 4 7 7 23 2 8 12 8 6 7 28 36 10 10 11 
12 6 3 25 11 36 4 2 11 7 5 11 14 4 3 8 8 57 7 6 16 7 9 14 9 10 9 5 5 9 7 17 3 5 14 20 3 7 6 83 15 30 3 33 30 2 21 13 20 32 8 17 2 6 5 12 8 10 13 9 24 6 10 10 
92 13 40 2 5 8 6 31 6 6 1 10 7 4 5 2 8 9 13 43 8 10 25 22 6 5 26 3 6 10 9 3 38 2 9 12 24 5 4 5 10 41 3 137 21 5 8 27 20 2 70 11 10 70 20 16 40 19 11 66 1 8 8 23 
3 8 20 5 7 13 3 101 9 3 31 12 68 4 36 6 38 8 3 24 1 18 7 7 9 23 20 11 4 34 2 7 4 2 21 6 10 8 11 6 7 10 8 58 29 5 10 8 7 6 4 4 10 5 6 14 28 22 33 26 1 6 12 6 
7 11 3 14 32 25 12 12 7 10 2 1 35 30 6 4 11 7 5 5 9 2 9 7 28 7 15 55 15 40 15 12 15 5 8 48 4 14 8 24 3 3 16 4 8 2 9 6 16 8 2 5 19 6 9 7 7 8 33 22 7 33 11 2 
10 8 9 4 5 2 37 5 2 4 12 5 9 25 6 5 2 18 6 5 9 10 24 8 7 18 2 27 28 15 15 5 6 2 10 3 13 11 17 15 5 34 11 13 28 18 4 5 5 10 3 9 15 6 7 5 3 2 158 4 6 8 6 6 
3 4 9 8 6 17 8 18 9 13 22 6 35 8 7 5 10 14 9 11 13 20 13 5 8 8 12 31 10 12 1 3 20 7 9 28 22 27 8 5 10 43 9 4 4 2 35 61 29 11 2 3 21 24 9 3 6 6 2 5 19 2 9 18 
4 23 5 2 3 2 9 9 8 4 5 6 16 2 3 77 143 27 2 18 10 2 5 10 2 3 12 55 93 20 5 4 15 25 5 26 6 35 7 5 5 15 7 3 9 3 12 32 17 25 20 28 15 15 4 3 10 6 5 22 4 12 6 18 
4 29 7 6 27 7 23 15 2 25 10 52 25 15 6 21 45 2 3 4 13 7 14 4 4 20 1 41 35 10 9 19 8 9 6 4 23 4 28 9 20 1 13 30 16 5 10 13 10 2 13 4 1 8 5 3 18 25 4 32 2 5 9 23 
3 7 12 5 4 27 4 12 18 19 7 30 15 3 13 2 3 48 6 27 9 11 6 10 22 3 18 7 4 9 14 10 2 8 5 14 71 24 17 8 28 7 7 3 2 2 4 83 43 9 10 19 12 112 15 15 5 28 10 25 3 6 33 3 
1 18 5 12 6 10 22 5 4 7 3 19 6 22 7 5 3 5 10 8 18 3 26 4 4 6 3 83 6 3 11 4 5 26 11 3 7 8 1 4 6 3 58 7 6 14 5 2 9 5 4 11 25 4 7 16 23 11 18 4 13 7 36 14 
3 11 4 5 7 11 5 14 7 16 27 55 7 11 20 4 210 6 5 30 9 2 14 20 7 6 24 21 10 7 242 6 41 11 8 7 20 3 16 78 10 4 6 6 8 14 16 28 7 5 11 23 25 21 12 9 5 10 12 32 8 38 110 17 
20 4 3 7 10 2 3 1 3 10 8 15 6 41 7 4 2 10 5 30 6 22 6 11 3 26 5 8 3 8 52 20 4 12 4 6 9 2 6 5 4 31 2 38 82 31 35 11 21 10 4 150 5 6 2 30 7 11 7 20 6 5 12 24 
18 11 9 6 24 6 8 16 17 33 50 9 61 2 5 4 19 23 25 4 27 9 3 8 24 4 4 8 26 28 4 27 29 51 20 22 17 16 10 463 8 19 8 15 11 4 4 11 11 89 3 6 2 7 2 4 7 3 6 22 276 6 5 75 
4 9 8 10 6 11 6 4 4 5 8 1 16 5 63 2 47 2 3 8 14 4 8 19 5 9 9 8 4 9 9 17 5 11 4 3 2 4 7 16 5 12 7 15 10 8 10 22 4 4 23 6 9 7 4 3 7 6 27 23 6 4 122 10 
24 10 5 16 12 18 16 23 8 6 10 3 9 32 17 1 4 4 7 36 5 6 9 1 9 22 4 26 9 4 5 6 14 8 9 48 17 14 2 10 24 7 8 11 28 2 10 40 7 4 9 8 27 5 6 5 6 8 1 25 11 1 22 10 
8 8 5 11 4 6 3 9 8 3 5 9 3 6 1 4 2 5 24 6 20 11 7 12 5 9 16 3 23 18 6 5 2 3 3 30 21 22 71 4 8 9 5 6 6 3 3 108 51 46 1 14 40 11 8 6 5 30 33 5 24 6 65 8 
3 38 5 3 52 7 9 6 21 5 7 3 6 8 79 17 5 2 5 14 6 8 4 9 10 11 6 67 10 2 3 12 28 4 5 26 10 44 11 30 17 3 12 6 4 23 3 9 3 8 14 6 22 4 8 3 3 3 6 7 6 12 7 1 
7 21 23 14 11 5 17 5 117 8 4 14 4 6 3 8 22 4 7 8 2 4 24 14 66 6 8 5 8 7 3 38 6 23 8 1 2 8 42 11 7 4 8 14 5 12 4 7 10 26 10 10 12 38 47 14 37 190 8 15 9 12 10 13 
12 2 5 7 19 25 5 2 11 70 8 6 16 22 8 22 21 12 3 9 32 5 9 2 5 46 43 3 2 50 5 9 2 2 16 6 8 4 44 26 5 9 29 24 35 3 12 10 7 7 26 8 6 7 49 2 6 7 49 12 6 29 40 20 
77 3 3 6 5 4 2 1 72 3 2 11 2 4 12 17 4 4 3 34 27 8 28 7 6 3 10 20 3 16 4 5 8 177 82 12 3 3 16 26 28 28 22 7 3 13 4 3 11 9 4 5 35 8 40 6 5 2 15 8 6 5 7 2 
23 4 12 7 10 8 20 4 5 68 9 2 7 60 25 19 23 16 1 21 9 191 3 5 8 15 10 4 27 5 17 31 205 6 7 6 3 8 6 11 23 2 21 10 32 9 6 8 2 21 16 11 28 38 2 4 14 5 5 12 47 2 96 8 
3 66 33 7 1 3 15 23 30 8 164 1 17 2 54 2 7 6 7 6 9 10 1 8 3 17 3 23 5 9 19 3 7 15 4 9 12 8 4 3 7 27 115 21 9 73 7 20 8 3 1 6 7 3 9 4 8 6 2 30 4 18 74 31 
10 7 10 19 32 6 3 10 2 5 3 3 2 15 5 15 17 1 9 16 5 22 34 2 13 8 3 4 24 2 8 2 33 5 9 4 5 5 1 30 26 2 3 18 15 8 5 16 11 6 24 17 5 12 12 6 8 4 3 2 3 116 18 8 
2 13 3 2 1 4 13 1 2 4 8 2 5 4 12 6 38 5 4 6 16 3 7 3 7 13 7 2 16 35 24 21 5 4 8 27 125 21 2 2 53 2 3 3 4 7 6 7 6 159 4 8 68 33 3 17 2 9 54 11 3 8 15 18 
28 2 5 5 7 5 27 7 14 19 8 4 3 33 7 20 4 5 8 11 52 10 11 2 1 6 2 24 132 68 10 18 7 43 3 30 4 4 12 50 14 16 38 3 3 8 25 10 5 3 3 6 16 4 2 16 4 7 7 15 1 3 6 5 
18 5 14 8 14 9 6 18 4 7 21 30 87 6 12 25 3 8 10 6 8 8 8 33 8 34 19 17 10 5 12 6 98 40 30 15 4 66 32 6 4 9 3 62 5 5 4 9 12 6 14 2 3 10 40 5 37 8 27 5 6 13 11 25 
14 26 3 2 23 8 18 9 46 8 21 9 12 5 10 9 5 17 4 20 4 64 33 14 52 4 7 6 6 34 11 33 5 28 4 4 14 19 8 7 15 14 5 7 6 4 2 1 3 12 33 9 6 7 4 5 5 9 3 8 14 81 10 46 
7 11 14 11 24 15 10 22 2 14 6 9 14 25 3 3 6 15 6 14 4 7 3 2 3 17 5 25 6 6 22 2 23 8 13 8 21 5 15 5 1 5 5 5 7 11 4 11 2 10 22 18 7 4 17 3 17 3 7 4 10 16 18 11 
18 17 10 5 5 68 39 36 9 3 11 2 20 22 38 15 20 7 1 3 9 22 5 7 4 2 4 4 4 8 6 10 16 8 6 124 5 1 19 11 6 9 42 2 5 8 3 4 5 3 5 4 29 6 40 8 15 4 22 1 15 4 2 2 
3 5 27 13 24 24 9 33 2 5 29 21 9 6 11 26 8 8 8 9 11 38 10 7 5 10 8 1 5 6 15 114 9 4 12 2 9 4 215 12 17 5 4 35 10 62 4 4 56 7 9 2 24 13 9 32 10 6 6 3 44 1 23 31 
37 8 3 6 2 58 4 10 41 7 22 14 4 13 4 11 12 3 3 4 1 9 9 4 17 3 2 2 9 5 1 9 11 23 14 2 6 8 36 26 11 5 4 6 209 12 6 10 5 38 5 7 30 8 2 22 5 8 24 4 25 4 1 30 
137 6 6 14 42 3 1 11 9 7 5 7 9 4 6 5 6 9 2 1 3 11 2 31 5 21 1 2 9 10 29 4 32 25 6 12 4 6 9 2 5 12 28 22 13 7 2 15 4 124 4 1 10 6 135 5 5 39 7 16 68 5 6 3 
5 63 30 14 2 9 9 5 4 11 2 5 20 1 4 8 4 20 18 13 2 2 36 6 4 7 3 44 18 2 21 8 3 7 13 18 6 24 26 5 9 8 4 6 46 6 2 11 8 6 2 4 4 4 3 12 6 8 12 46 16 78 6 13 
12 6 20 7 6 14 7 5 9 7 420 8 3 3 10 19 3 7 1 12 3 4 32 6 24 12 13 4 12 28 29 8 4 2 3 10 19 21 8 17 4 6 26 2 4 4 7 76 29 4 10 13 17 16 53 7 4 2 3 40 8 6 7 16 
3 11 2 37 8 21 8 15 11 5 2 16 8 14 22 23 10 1 5 30 15 3 4 10 7 6 5 6 10 6 22 9 16 3 7 3 8 8 34 12 6 5 5 26 28 35 33 27 10 31 46 17 7 10 2 9 5 4 22 30 4 130 62 42 
20 13 8 4 7 7 6 10 7 4 8 130 12 8 10 5 55 5 3 6 8 5 11 23 14 8 8 15 6 22 11 31 3 25 25 5 8 12 5 35 8 6 5 14 17 8 4 28 16 5 5 8 4 21 5 7 6 4 7 104 52 35 10 10 
14 4 6 34 34 51 13 18 134 87 139 19 7 13 19 7 5 3 6 6 6 28 21 82 5 4 1 4 6 42 34 8 8 4 8 3 8 33 11 7 14 10 15 65 2 3 5 4 17 1 5 15 3 6 7 8 23 5 4 21 19 3 8 11 
4 42 13 12 41 9 3 3 10 16 11 1 38 4 3 8 4 11 10 42 11 5 9 1 4 19 19 2 206 3 23 1 1 17 12 3 8 6 15 12 18 33 5 7 5 5 4 8 9 7 72 6 14 4 4 5 19 8 5 7 6 31 28 2 
5 9 23 10 9 6 3 7 12 6 7 10 8 10 11 2 30 3 4 5 69 6 6 11 1 9 52 6 18 5 54 5 23 2 7 2 31 15 12 40 19 3 10 3 6 6 5 12 3 18 3 6 4 3 32 35 11 5 14 15 22 6 9 1 
2 6 21 8 19 14 6 20 42 16 4 9 5 18 4 24 30 6 17 9 18 2 4 51 5 6 4 49 31 233 17 14 13 16 2 31 3 6 5 41 5 16 2 30 7 8 2 4 3 2 3 21 7 5 20 7 2 10 5 5 2 8 5 1 
11 43 5 13 6 5 31 6 19 3 5 5 5 13 5 25 8 5 24 4 4 22 4 21 9 1 4 19 3 4 2 21 10 4 2 6 11 13 13 49 12 7 25 12 17 19 6 4 47 131 119 11 6 6 14 3 99 6 128 25 7 7 5 5 
12 28 6 19 31 27 22 11 5 2 16 10 20 4 16 7 26 21 15 1 16 38 6 8 9 43 8 4 2 6 12 9 19 6 25 2 12 9 10 13 2 1 25 13 50 4 9 4 1 13 5 5 9 28 30 37 13 7 16 4 8 1 95 27 
17 8 7 4 9 21 7 29 6 14 3 8 3 5 53 18 22 1 4 7 21 5 22 18 33 7 10 3 3 4 54 4 26 16 7 2 5 5 3 11 25 6 2 3 45 74 71 9 23 4 12 5 13 18 6 8 10 2 7 6 2 4 19 6 
24 6 14 1 11 3 14 5 4 6 5 3 7 14 18 92 18 4 5 9 10 6 20 14 12 8 8 15 4 7 71 2 49 24 8 11 18 10 4 7 3 37 6 8 8 8 88 22 19 17 2 9 14 5 11 55 2 11 6 10 10 9 10 4 
11 22 5 17 4 9 8 7 10 5 6 60 3 13 9 12 111 11 1 2 3 14 51 3 394 3 26 3 4 5 6 11 29 17 31 4 16 30 17 8 4 63 3 8 8 7 4 4 20 13 4 13 2 18 2 5 18 14 8 40 4 1 5 7 
6 87 8 12 8 3 10 2 114 160 4 32 6 2 4 6 3 22 8 22 2 5 41 9 4 7 14 4 58 2 7 10 21 9 2 8 26 7 3 16 26 29 6 1 27 11 2 7 12 9 29 4 54 4 10 9 12 3 7 6 3 30 4 21 
2 3 8 14 5 1 31 4 6 5 8 8 5 5 8 83 19 50 14 5 8 32 4 3 14 38 18 31 4 2 7 40 104 3 5 5 3 14 10 6 46 19 8 17 7 4 39 3 28 9 144 58 5 7 22 15 7 8 5 12 3 4 4 15 
37 6 12 6 8 11 8 13 11 6 15 3 6 10 20 2 2 12 7 32 4 4 6 12 2 4 11 10 3 14 14 7 4 14 19 6 16 4 5 15 3 6 7 8 8 20 11 7 4 5 12 8 35 31 3 12 7 14 7 13 5 4 8 3 
4 4 6 4 4 40 29 3 28 93 3 64 25 24 9 98 14 7 27 1 7 70 11 3 4 25 9 5 9 9 26 5 9 30 4 3 5 2 9 7 6 3 20 7 22 29 14 64 12 5 6 6 1456 8 6 4 5 7 4 8 5 10 10 7 
3 332 6 4 5 8 2 6 12 10 12 31 311 4 17 7 6 21 24 42 6 106 12 3 6 6 3 9 8 9 17 8 5 9 11 9 2 4 5 14 24 7 3 7 5 6 4 6 3 7 5 21 20 3 3 17 8 6 10 8 5 20 7 10 
18 26 3 6 20 114 15 9 28 5 30 13 23 12 43 2 10 14 4 5 81 66 16 12 3 6 3 6 8 8 9 7 12 14 19 3 3 4 13 20 8 9 9 19 5 32 8 8 5 8 5 9 8 22 8 24 31 4 3 5 3 15 10 4 
173 6 11 14 22 13 8 3 10 46 4 17 13 17 9 6 8 67 5 17 4 11 5 16 8 11 28 12 4 5 16 8 37 17 81 3 4 29 115 8 4 5 3 10 10 8 33 4 8 3 8 9 11 4 4 18 23 7 19 2 14 10 28 7 
5 7 5 37 8 9 3 9 22 9 2 123 28 24 14 11 38 14 10 2 3 10 4 5 88 7 5 37 3 10 14 40 5 27 15 6 10 16 11 4 5 10 2 32 16 38 5 6 12 9 9 105 3 4 1 3 4 12 10 4 18 7 27 6 
21 8 10 5 10 9 69 12 26 4 17 8 4 3 29 10 31 7 13 2 9 9 10 4 27 4 4 8 26 5 3 2 6 4 3 14 9 21 1 15 40 28 40 24 7 8 4 16 8 6 11 5 29 3 8 14 5 6 4 3 4 5 19 23 
20 7 4 16 23 6 18 10 4 4 14 5 5 25 13 3 11 26 10 10 6 8 14 10 49 6 9 15 5 9 3 36 16 4 5 8 3 13 4 13 10 10 5 3 4 7 104 173 1 11 17 6 3 5 22 34 8 5 3 10 3 8 74 5 
16 6 5 15 40 3 1 16 4 2 5 3 3 8 7 6 47 2 28 11 6 24 14 14 5 6 4 16 16 5 11 40 4 2 31 11 3 4 13 37 1 6 6 62 14 4 11 4 13 27 5 86 9 2 2 20 34 55 13 5 8 7 58 7 
7 1 8 1 5 2 5 5 9 7 4 7 6 5 8 4 9 25 3 5 10 5 1 3 17 8 14 11 22 12 4 25 11 11 30 13 22 7 6 17 25 6 22 4 10 5 17 5 3 1 22 11 4 173 18 23 11 83 77 2 3 8 6 5 
13 12 11 5 101 51 30 17 21 3 3 12 28 27 4 38 9 3 4 3 7 14 13 7 3 17 5 22 15 55 8 2 5 3 24 1 21 176 7 116 13 5 22 12 34 3 3 3 5 4 5 24 4 3 7 24 13 3 43 10 12 21 20 13 
3 25 19 2 21 3 5 20 32 43 8 1 8 4 33 2 130 6 7 5 41 24 4 14 2 10 18 3 20 4 11 28 11 55 5 82 6 7 3 19 16 12 7 11 10 11 3 29 4 8 11 3 2 6 9 7 4 5 28 3 6 8 20 46 
4 15 7 8 13 4 7 24 44 13 5 12 4 7 15 7 20 16 10 33 24 44 20 16 8 11 33 87 4 5 11 7 5 16 6 7 3 16 5 51 25 5 14 103 4 3 28 3 28 10 1 5 367 4 22 8 10 6 66 65 10 57 7 5 
9 10 2 8 9 6 2 14 9 8 4 2 8 8 8 14 79 3 17 11 3 24 8 3 5 26 16 10 6 6 163 26 6 10 3 42 8 19 5 33 3 13 8 5 43 2 4 2 19 3 8 115 9 8 47 25 5 34 30 4 9 2 10 2 
65 4 30 8 12 5 4 5 8 8 7 3 8 18 8 2 5 6 18 3 34 6 29 5 8 9 5 4 13 8 28 8 35 1 7 5 34 248 19 1 85 7 23 10 7 8 4 3 4 10 1 2 1 3 5 3 51 3 4 11 12 3 3 1 
12 9 6 4 22 8 3 5 10 33 10 10 24 22 8 12 12 141 5 5 12 3 4 14 4 2 28 12 8 16 8 169 6 83 10 8 33 5 3 12 7 1 5 5 4 3 3 10 2 8 14 4 4 84 2 6 5 11 5 21 27 5 7 14 
3 16 16 7 11 24 4 42 13 29 11 5 21 8 6 106 45 11 6 6 8 8 44 13 3 4 21 7 62 9 9 10 8 4 30 6 6 5 2 5 7 4 8 34 23 47 11 7 8 50 24 20 13 499 9 18 129 4 11 2 15 4 5 11 
33 26 5 29 29 10 13 14 44 2 2 25 4 7 7 9 6 2 12 112 8 3 10 4 8 37 8 10 5 11 1048 2 21 4 3 10 3 14 10 30 4 7 7 21 2 5 16 26 6 14 105 7 18 6 3 7 2 4 7 14 77 3 4 6 
36 3 5 5 4 3 14 17 56 4 23 3 6 12 17 10 5 4 21 2 21 15 3 2 10 4 3 8 26 5 10 36 1 9 34 6 5 2 12 16 9 21 199 6 4 4 8 18 5 5 2 4 21 3 21 6 11 14 10 5 10 19 3 4 
25 17 4 5 8 3 14 6 10 39 11 6 41 12 19 4 7 19 80 5 27 6 5 23 21 5 4 12 7 16 16 4 12 3 23 5 2 5 3 16 17 6 4 25 20 6 2 7 7 28 25 5 4 2 9 17 1 4 4 64 16 2 27 7 
1 8 6 15 44 3 9 9 5 2 5 17 13 24 7 6 12 16 6 4 19 209 4 11 11 30 36 4 10 16 6 7 11 8 107 2 10 7 6 3 114 18 9 4 20 18 6 10 37 14 6 4 6 46 16 8 7 4 5 23 7 2 6 7 
4 7 14 12 7 8 4 5 4 3 7 8 9 10 2 5 12 29 6 9 45 27 217 1 6 10 4 14 4 6 10 2 20 1 7 3 7 4 7 12 6 3 14 7 24 10 8 5 4 3 4 16 1 12 62 30 9 7 5 10 5 5 17 101 
10 2 14 21 4 3 8 16 3 5 8 8 22 40 6 40 9 6 13 1 19 52 15 4 10 10 12 6 12 16 3 2 4 3 5 15 3 35 5 22 100 3 3 5 8 22 42 7 4 14 16 3 11 4 4 20 28 7 2 4 13 13 5 17 
6 12 28 2 27 8 7 4 7 14 5 9 1 11 9 17 10 4 8 38 6 9 20 6 3 23 5 17 6 15 5 18 5 12 8 4 4 8 8 24 4 20 42 12 8 24 3 8 9 9 6 23 121 13 29 4 5 42 3 10 8 6 4 10 
13 29 4 15 1 4 4 10 6 5 16 5 1 6 82 7 21 3 5 2 3 3 3 6 4 12 33 9 105 45 107 37 12 9 6 4 4 17 7 4 52 14 203 8 3 18 3 17 24 57 49 7 8 38 12 4 3 8 5 54 4 5 10 10 
4 15 26 11 1 6 2 2 6 2 43 29 7 10 18 7 3 16 3 30 5 3 28 3 3 22 17 18 5 22 6 14 3 6 3 22 72 16 14 1 6 5 15 7 6 39 4 9 14 25 8 2 9 2 8 12 4 11 9 9 3 32 31 5 
10 7 94 2 9 6 3 7 10 3 8 6 8 9 20 4 3 9 3 3 9 37 15 37 7 7 19 4 5 4 5 4 3 9 18 15 18 10 1 3 4 7 9 15 2 27 8 5 58 8 8 4 9 7 12 21 12 17 11 4 6 10 18 4 
3 5 2 7 13 5 2 17 7 31 6 67 4 3 6 8 2 16 4 16 6 6 6 15 5 5 1 38 4 7 11 10 8 5 47 58 6 26 8 6 2 2 5 11 50 20 5 26 38 20 19 1 8 5 8 5 5 17 23 47 30 30 14 14 
9 27 1 6 2 1 6 20 24 26 28 12 3 2 50 3 17 15 14 5 5 54 19 20 3 9 12 18 6 5 4 9 31 23 6 83 4 4 5 33 20 54 12 5 4 3 16 15 5 6 6 3 27 8 4 10 10 16 8 11 32 8 6 7 
4 4 11 10 7 14 3 13 5 3 4 19 7 33 5 2 25 1 5 8 31 22 30 17 3 7 10 29 18 28 8 13 10 2 1 4 12 5 9 2 9 4 2 10 19 1 12 7 7 13 3 28 18 32 7 6 62 2 7 3 11 6 17 31 
4 1 93 2 32 12 56 3 14 5 9 42 15 45 4 16 7 14 2 2 7 14 74 16 24 2 10 45 2 24 2 6 4 6 4 5 4 22 4 6 6 25 18 21 13 4 3 3 11 5 25 4 11 3 6 21 23 4 52 7 21 10 11 5 
11 14 2 17 10 28 4 177 5 8 8 3 5 21 7 18 4 19 2 14 8 8 10 3 7 16 2 4 3 9 2 16 2 5 5 2 6 15 6 3 30 29 3 22 4 17 6 12 16 6 33 25 3 24 16 89 14 72 2 34 10 14 12 34 
28 18 5 4 9 6 3 22 4 6 15 17 10 26 30 8 30 10 22 4 10 8 3 4 9 9 3 51 3 10 7 5 13 34 4 2 4 11 1 3 6 8 4 12 214 9 12 3 34 6 5 21 7 33 11 10 25 11 7 14 7 6 4 52 
2 6 29 7 3 4 33 4 6 8 5 12 35 71 5 4 6 18 8 20 3 7 30 2 10 5 5 8 6 27 6 33 7 8 3 3 10 11 2 4 5 2 28 16 30 6 2 9 7 3 3 20 4 2 48 5 10 7 2 11 4 4 35 14 
7 2 12 10 24 6 4 34 7 11 20 10 3 8 11 29 4 7 3 14 7 7 6 9 45 29 16 12 1 32 44 5 14 8 6 10 29 4 70 4 9 6 8 6 17 14 21 4 4 19 7 5 5 22 3 7 15 207 5 4 22 15 6 7 
28 2 12 18 4 8 2 62 3 9 6 6 9 5 2 175 8 2 28 9 6 15 29 4 14 5 4 6 29 5 29 12 2 1 14 27 28 10 106 77 19 7 16 3 7 13 5 10 9 3 15 3 35 2 17 8 9 4 11 6 15 20 7 10 
4 30 3 6 4 11 5 3 2 6 2 35 8 6 15 10 2 10 5 6 14 4 11 15 94 5 18 25 5 166 4 5 11 3 5 45 11 4 18 55 8 6 4 33 6 15 67 30 3 17 5 6 11 11 4 30 3 10 33 2 8 99 18 25 
18 50 3 4 19 22 3 9 6 9 20 19 15 19 11 25 5 36 67 3 2 5 3 5 32 35 23 8 4 8 8 2 8 7 7 3 6 9 7 12 10 28 8 24 5 13 15 6 26 47 48 6 8 42 69 15 4 2 146 7 28 10 22 10 
9 6 1 10 10 5 6 9 18 7 13 5 16 5 2 14 4 165 50 27 7 8 118 9 9 9 5 8 9 36 8 17 124 7 7 26 5 4 27 4 3 2 18 6 2 7 14 10 16 5 218 5 13 4 8 3 30 7 16 45 16 550 67 5 
6 12 12 10 6 3 1 4 7 56 33 6 4 13 2 18 9 5 6 2 23 37 9 6 4 12 4 4 68 24 11 7 4 7 8 6 45 10 20 7 17 1 13 11 8 207 22 5 1 10 9 8 15 23 12 17 7 5 1 8 2 4 14 11 
32 11 4 23 28 56 27 2 3 20 4 6 5 27 5 14 5 8 4 4 9 30 4 3 10 32 3 1 5 3 16 9 5 6 4 9 8 2 4 14 29 72 14 18 25 4 6 7 3 68 5 41 4 7 22 23 8 6 32 17 10 3 6 26 
26 9 5 15 7 3 162 5 6 5 6 15 117 34 22 148 14 6 6 5 4 20 29 10 95 4 8 16 15 6 5 4 54 10 5 12 81 4 6 4 3 3 5 2 2 8 10 15 20 10 7 18 12 6 13 5 7 7 23 16 5 3 8 3 
11 6 3 5 2 7 15 7 4 15 2 9 7 31 6 4 5 12 10 4 35 27 8 83 5 3 6 6 8 80 12 9 4 3 8 3 4 5 2 24 6 4 62 2 12 7 10 7 7 26 4 10 4 2 13 7 3 7 9 62 1 12 2 9 
22 6 19 25 7 7 4 11 8 11 5 34 13 2 7 30 5 5 13 10 11 10 75 10 5 5 134 12 8 5 7 13 7 2 13 3 24 21 11 3 10 3 1 4 14 3 6 4 29 8 10 25 37 7 5 2 10 9 3 7 3 10 7 2 
44 25 7 7 8 24 9 5 14 31 5 9 5 12 14 24 5 7 61 1 6 12 13 30 6 4 23 3 2 16 19 24 8 7 18 8 17 7 20 5 97 21 29 11 96 5 19 2 5 24 7 115 6 5 8 5 26 27 6 13 7 2 9 7 
21 20 11 8 17 9 53 8 2 2 4 5 22 6 32 4 11 5 72 23 8 86 24 18 3 10 35 9 11 4 2 22 4 11 11 2 6 5 8 6 4 13 8 7 11 7 36 16 4 10 6 3 4 24 6 2 3 4 13 13 7 13 5 53 
18 9 20 5 17 22 18 20 7 7 7 6 3 8 20 4 51 5 6 108 6 8 26 23 53 5 4 12 1 15 3 10 49 43 6 16 8 1 8 3 34 6 6 24 6 10 13 28 8 13 16 17 7 19 2 2 5 12 5 79 4 25 5 9 
38 5 26 3 2 14 3 70 4 6 27 9 3 5 6 4 12 4 4 25 14 14 6 61 10 40 7 15 26 3 7 21 5 10 6 41 23 1 8 5 3 26 4 6 22 4 19 15 6 14 112 18 12 19 29 14 3 9 23 16 13 10 18 6 
13 8 1 16 10 1 47 25 1 4 6 16 5 5 8 3 4 164 4 6 4 7 35 3 3 9 11 36 6 7 5 2 2 24 3 10 56 45 6 5 26 141 9 5 31 6 7 27 7 10 3 5 11 6 7 5 4 42 34 5 5 18 10 31 
5 5 102 8 9 9 10 5 7 3 5 8 3 14 11 5 6 11 5 17 4 18 3 127 5 24 9 14 34 6 5 4 9 8 19 12 16 7 5 18 27 3 3 5 6 11 5 27 2 3 9 2 63 9 6 27 28 4 4 87 6 11 1 17 
12 3 12 44 6 28 4 8 8 4 17 10 8 11 21 19 22 5 4 45 5 6 5 9 3 4 2 8 64 50 9 17 61 8 10 8 7 10 16 3 5 8 5 13 6 10 14 18 22 15 18 22 5 14 44 16 14 9 5 44 6 10 6 12 
7 9 16 8 8 6 6 57 16 6 6 4 3 4 3 6 14 13 7 7 86 11 14 7 2 12 11 12 7 8 15 3 15 12 15 8 4 30 8 6 3 6 11 8 27 41 7 7 18 8 6 4 6 11 3 4 11 6 2 8 7 9 22 2 
3 5 7 2 7 5 18 33 3 76 12 2 17 7 15 6 4 7 9 11 5 21 8 5 88 7 16 10 5 2 11 4 10 6 108 14 22 5 6 4 20 14 11 21 14 16 15 8 4 6 8 1 28 3 9 8 40 4 29 5 24 5 68 3 
5 42 2 19 9 26 10 14 9 17 5 13 5 19 11 4 8 7 17 3 6 5 16 5 24 6 2 15 10 2 9 13 6 4 40 5 8 28 9 33 17 26 2 18 9 109 7 3 17 4 1 8 8 11 9 7 2 7 23 55 10 3 3 117 
9 11 3 13 24 26 12 45 5 4 72 2 5 10 41 12 10 15 4 7 12 13 7 23 1 10 3 3 9 15 3 16 11 8 5 20 4 41 20 5 95 7 5 7 35 6 56 2 5 5 138 3 26 26 4 7 7 7 8 2 6 11 2 18 
5 8 6 4 3 1 6 22 3 6 2 16 8 2 6 3 57 14 5 78 4 9 3 23 18 2 25 56 5 6 2 4 6 3 6 1 20 3 5 6 9 5 5 107 6 3 9 1 11 3 35 9 10 13 19 7 27 6 25 10 34 20 7 3 
8 12 9 10 15 12 3 20 12 16 27 12 17 5 127 16 20 15 75 5 85 25 5 25 12 6 4 27 3 9 2 19 19 8 5 21 9 5 10 6 9 12 7 33 11 6 4 14 14 9 15 5 9 24 117 18 4 5 6 3 17 3 3 5 
5 98 18 3 6 4 5 9 5 23 20 7 29 75 5 98 21 2 4 16 27 9 2 17 14 26 3 31 13 23 10 6 2 7 18 19 6 11 5 15 10 4 4 6 8 2 9 24 30 9 8 2 7 10 30 18 13 34 10 10 4 11 26 2 
14 6 15 2 7 3 5 5 78 3 13 7 7 8 31 13 8 30 74 16 3 6 30 9 12 8 17 5 6 5 2 4 11 29 11 8 20 3 4 6 9 3 5 5 6 4 38 5 29 15 7 5 7 50 5 27 6 17 7 4 5 4 2 12 
2 5 36 11 2 5 4 8 35 3 4 8 20 3 8 19 4 3 9 4 2 1 3 27 2 30 33 21 84 5 4 16 4 11 14 4 5 16 48 12 24 3 22 24 2 15 3 4 17 4 40 223 20 8 5 6 7 8 5 5 41 32 7 28 
20 15 5 21 19 11 12 38 41 17 23 6 14 15 9 18 4 7 7 9 3 25 4 21 3 9 4 5 20 8 1 11 9 7 12 5 6 87 4 15 4 1 2 10 27 7 12 18 25 24 7 2 4 9 2 9 12 52 7 16 114 7 3 94 
4 5 1 47 8 54 1 9 5 6 6 6 10 13 13 9 5 26 3 4 5 13 2 4 1 28 10 5 7 5 20 2 21 35 6 5 10 5 9 22 2 3 8 16 3 198 15 2 16 5 7 5 1 8 9 7 33 21 2 53 31 5 16 9 
10 1 28 10 3 7 7 4 10 6 28 3 4 4 11 5 18 8 17 4 21 32 68 58 7 8 5 42 15 2 12 7 9 4 9 69 5 3 3 255 5 6 8 18 5 5 20 8 30 8 13 4 1 4 17 14 58 60 11 7 28 6 10 27 
6 6 8 2 4 3 51 3 7 5 11 9 12 4 6 5 10 17 39 6 29 26 21 4 7 17 38 38 1 8 5 5 5 35 5 46 2 10 19 22 23 6 7 28 18 6 6 47 24 6 6 5 3 14 12 3 3 8 5 8 14 64 29 10 
27 3 5 13 8 9 20 1 17 36 7 43 6 6 3 2 10 3 5 11 11 26 4 12 475 9 5 27 45 10 10 8 8 3 12 7 102 17 2 4 10 11 4 4 9 5 9 26 5 7 6 12 7 3 12 21 15 10 95 5 5 19 2 10 
5 19 51 2 38 14 5 6 5 55 5 7 42 47 6 8 32 5 5 8 66 5 4 15 2 5 13 5 20 47 37 8 6 4 10 23 41 12 4 32 6 3 22 3 6 20 15 140 6 5 27 7 9 19 20 78 4 5 16 3 4 6 7 32 
7 10 10 16 11 16 4 6 8 27 21 7 23 9 5 5 14 13 8 3 18 6 13 21 8 14 26 15 5 12 3 45 17 6 38 8 32 5 12 3 7 12 6 18 308 23 19 3 11 11 9 4 3 7 9 15 5 10 33 15 6 1 71 5 
26 2 32 8 3 5 13 5 7 8 5 10 17 27 4 4 4 4 2 16 9 11 13 3 9 3 22 432 19 8 7 38 9 20 38 13 5 37 21 8 4 7 3 23 58 9 7 23 8 3 4 24 4 42 8 41 5 7 14 7 10 14 9 1 
31 4 4 6 8 24 3 14 4 8 8 8 29 13 4 16 13 7 2 6 5 9 26 6 4 6 26 4 15 25 10 4 230 4 13 4 7 17 11 22 24 6 8 20 30 4 31 9 35 6 5 5 38 36 1 11 25 11 16 5 6 3 5 6 
5 2 12 582 5 34 46 11 6 4 9 2 6 11 20 7 6 3 23 45 2 2 1 4 8 7 5 6 12 9 2 10 3 2 27 43 10 7 5 4 3 14 3 8 7 16 8 6 201 10 15 345 25 4 72 13 14 38 6 102 4 4 21 10 
8 1 6 22 7 13 1 16 7 7 8 4 11 8 103 4 4 17 53 6 5 2 40 73 39 31 3 25 4 7 37 5 91 6 27 5 11 25 12 10 3 28 32 8 5 4 9 16 5 5 12 6 4 6 42 9 13 14 12 4 2 9 3 2 
3 11 6 3 21 6 15 17 19 3 15 2 4 31 3 13 12 3 14 23 9 27 6 154 5 2 128 12 10 29 33 213 4 3 18 26 3 35 77 6 10 2 24 7 4 8 59 7 37 5 12 4 2 4 16 10 5 20 2 6 10 16 12 27 
2 2 4 17 6 44 13 2 29 22 8 5 59 7 5 17 4 3 2 1 6 8 12 6 21 10 9 11 4 5 51 4 43 22 2 30 7 3 6 15 7 12 22 16 6 12 5 12 6 23 9 7 19 9 5 7 7 7 6 2 12 3 5 3 
7 1 16 5 4 11 7 4 3 7 24 1 44 70 2 30 5 9 10 22 19 24 3 10 5 19 2 10 9 25 4 3 28 24 7 127 3 6 6 2 45 3 5 7 8 2 22 5 14 4 13 7 16 2 27 8 70 8 3 4 10 7 3 14 
3 16 14 16 29 8 5 12 5 5 5 19 5 2 9 17 11 15 6 3 29 10 35 14 10 5 43 13 60 4 14 5 6 6 2 3 4 1 4 5 5 27 10 1 31 7 14 8 12 6 12 4 11 6 5 9 6 40 5 4 23 9 9 6 
36 2 2 39 8 392 21 7 16 5 14 3 7 25 9 5 4 4 4 12 21 2 2 43 6 15 45 86 15 3 26 7 10 11 23 14 19 22 13 2 2 2 10 4 6 27 5 7 4 2 7 23 4 7 2 13 8 21 3 1 8 5 12 5 
9 16 116 12 19 6 5 28 8 8 4 7 6 1 46 29 7 9 9 8 9 11 10 48 14 6 24 4 92 7 17 7 8 15 2 4 6 9 3 12 7 3 1 9 6 30 1 3 54 21 22 4 6 5 1 4 26 28 8 23 5 5 4 7 
1 8 3 7 11 8 4 4 10 10 5 10 25 10 6 3 6 1 44 20 3 7 3 6 5 20 3 5 5 8 1 8 3 24 189 21 3 45 5 30 25 41 6 363 5 2 19 9 8 8 16 5 13 9 6 2 22 11 3 3 23 2 4 5 
4 2 10 9 2 3 9 9 6 2 12 2 3 8 12 2 4 11 22 5 6 3 3 2 3 6 7 3 5 5 3 16 7 3 5 4 5 4 5 2 2 5 2 4 3 22 2 2 6 3 2 5 5 5 10 1 2 12 3 2 3 6 6 15 
10 35 3 2 10 5 6 6 49 5 12 6 3 8 16 9 8 4 3 3 7 6 14 18 11 5 29 2 7 3 11 5 4 11 2 2 7 3 7 11 6 9 6 26 4 6 5 14 8 5 6 54 7 10 6 10 15 6 10 1 2 2 3 5 
9 3 4 4 4 8 5 11 7 1 3 2 2 5 2 4 3 7 3 7 18 5 7 3 2 2 4 6 1 3 9 6 12 1 5 8 8 21 10 11 3 9 4 7 2 9 4 6 7 15 4 5 6 15 5 4 11 4 8 3 4 4 8 4 
3 10 3 14 6 3 5 4 5 4 7 5 3 4 2 1 4 3 5 13 20 6 5 5 7 4 2 1 20 2 1 101 2 6 2 2 5 8 3 6 4 2 1 3 9 22 8 3 3 9 5 5 3 6 37 7 9 12 5 8 29 5 6 15 
4 4 8 3 13 4 22 5 2 9 2 3 7 7 5 3 5 26 26 4 1 36 3 35 5 6 6 4 17 1 5 12 11 7 10 15 8 9 7 4 8 5 5 5 3 20 5 5 41 7 1 4 5 7 5 4 4 6 6 11 3 2 5 8 
4 1 5 24 7 2 4 7 3 9 8 5 7 9 6 11 12 6 11 10 4 3 12 3 4 2 14 19 3 7 2 9 2 8 7 4 4 7 1 4 2 17 3 4 3 3 9 10 3 7 8 6 28 6 10 7 7 31 4 10 4 40 13 2 
3 2 4 4 5 3 5 4 4 2 13 4 9 3 24 4 9 8 10 2 3 9 10 5 6 2 6 11 8 2 25 12 3 2 11 4 19 8 14 4 13 3 30 4 11 5 5 5 18 6 4 2 14 12 31 5 7 3 5 3 3 9 5 10 
18 9 2 7 6 1 11 5 14 2 3 11 3 6 4 4 5 8 6 1 9 3 2 5 7 11 1 14 5 2 6 2 3 3 6 3 2 3 5 6 5 6 3 3 3 8 1 3 5 8 8 4 6 9 3 3 7 7 11 5 10 22 3 7 
5 4 3 8 6 3 4 25 6 10 4 5 3 9 3 5 7 4 3 1 11 4 3 2 27 3 6 7 4 4 22 5 10 4 5 5 22 1 7 4 6 11 3 5 5 2 5 28 8 6 7 7 11 4 6 3 4 6 2 9 4 4 6 5 
7 3 6 11 1 24 4 7 3 7 5 29 6 8 5 13 11 4 8 6 3 1 12 2 2 16 7 12 6 13 4 18 2 3 4 2 6 6 11 2 17 26 10 5 12 15 8 5 3 16 5 4 2 1 5 2 7 5 3 18 9 8 5 4 
4 10 74 6 11 3 20 5 4 5 19 5 5 6 6 4 4 3 8 10 4 2 3 9 3 8 13 14 14 9 8 5 27 5 14 3 7 2 9 4 15 5 14 1 6 10 4 16 7 7 5 4 15 28 6 7 3 3 5 6 6 4 12 5 
8 6 3 7 14 1 4 6 3 4 6 2 2 3 5 3 4 24 5 6 6 3 7 5 5 16 5 2 8 5 14 12 4 56 4 4 17 13 15 4 19 29 2 10 5 5 24 2 5 6 4 2 8 3 7 2 6 3 2 20 16 7 5 15 
5 3 4 4 5 7 5 27 4 2 3 1 4 2 4 4 1 33 2 1 9 9 4 2 6 7 8 4 5 1 7 2 2 2 6 6 2 7 2 1 1 3 2 6 4 3 9 3 5 6 4 9 34 5 8 1 8 6 3 3 2 4 2 2 
3 14 3 11 5 8 3 2 10 3 4 6 9 9 6 2 4 4 5 6 17 4 7 4 5 3 1 3 2 7 3 3 6 6 12 1 1 8 2 17 6 7 4 2 2 2 5 22 2 26 4 1 4 8 5 1 3 8 2 5 2 4 2 4 
8 2 29 16 4 3 4 3 4 19 1 4 12 12 10 13 12 2 3 19 8 1 6 20 10 4 3 11 8 6 10 4 13 8 25 8 8 2 68 25 3 7 24 15 5 2 5 27 8 3 17 4 7 3 10 23 6 7 3 3 2 5 2 4 
2 5 2 3 11 19 4 4 32 14 14 11 10 16 6 6 6 5 13 3 18 23 21 4 4 7 41 2 13 5 25 1 1 2 12 5 3 12 8 12 7 7 3 4 13 3 5 8 5 1 10 2 9 7 7 11 2 4 6 4 19 4 5 2 
3 8 5 12 10 3 12 8 3 22 2 6 9 5 4 8 11 5 14 7 24 9 14 4 3 2 11 3 4 4 1 4 10 7 6 1 4 8 8 3 5 10 6 8 10 4 2 1 3 30 3 9 3 2 5 3 5 5 4 2 4 3 3 4 
9 1 8 6 9 2 21 7 1 10 11 3 4 5 1 2 5 4 8 6 1 4 3 7 4 7 3 5 3 5 5 7 6 2 2 8 7 5 3 4 11 4 5 4 4 2 6 3 14 7 3 4 4 5 3 2 2 2 3 10 5 5 3 4 
4 2 5 8 2 8 4 6 1 4 3 3 4 6 11 10 5 3 12 6 5 3 18 3 20 33 6 4 9 14 7 4 4 4 14 4 2 3 7 9 4 5 1 6 10 1 6 6 10 37 8 5 3 9 3 4 14 4 3 2 7 2 1 5 
2 23 4 6 4 5 2 9 10 11 13 13 3 5 6 4 6 1 6 5 5 23 5 3 5 16 7 5 7 5 1 6 4 10 2 5 4 13 4 6 17 9 2 9 8 3 2 5 7 9 2 12 1 16 7 13 1 4 11 8 8 6 4 3 
6 15 7 8 5 9 7 9 4 18 2 4 7 4 2 2 4 26 47 8 5 6 9 4 8 1 10 9 2 2 2 6 7 5 3 3 5 4 2 5 9 9 9 9 6 7 17 5 4 5 18 8 3 2 6 5 10 2 4 15 2 12 8 4 
3 6 2 6 7 5 7 10 7 6 5 5 9 5 5 3 5 7 5 3 1 7 1 2 3 7 12 8 6 2 7 8 2 8 10 3 7 3 36 9 8 3 5 8 3 5 2 4 11 1 2 16 20 3 3 5 7 5 3 1 20 7 6 5 
16 9 2 5 20 4 2 15 1 5 1 17 4 5 3 5 10 7 7 4 9 2 5 10 12 5 3 9 4 2 9 4 10 5 3 15 3 3 4 6 32 6 1 9 2 12 2 30 2 1 8 4 1 11 10 1 7 3 10 2 4 2 5 3 
6 4 7 2 3 5 2 6 5 7 5 5 3 2 2 3 11 4 8 3 6 6 7 3 4 12 11 21 6 9 8 14 5 8 17 4 4 3 6 6 24 13 13 5 7 3 2 53 2 10 3 4 19 1 4 3 3 27 3 3 1 7 3 7 
8 3 4 7 7 1 2 1 5 3 4 13 4 5 4 3 8 3 3 76 3 5 4 1 6 7 3 4 12 12 6 2 5 7 4 18 5 10 9 2 2 4 8 3 4 8 6 8 18 9 3 3 6 3 4 3 5 4 3 3 2 5 4 14 
7 1 2 3 1 6 6 1 1 5 7 13 4 5 6 7 9 6 1 2 4 7 30 4 2 10 3 4 4 2 2 12 4 20 1 1 14 6 5 4 5 8 3 28 2 2 8 16 1 3 9 6 3 5 15 3 3 5 6 4 4 13 3 7 
7 3 2 3 2 4 7 9 2 7 5 2 29 6 4 4 25 4 6 8 5 6 3 13 8 10 1 4 1 5 4 12 10 3 2 4 8 5 10 5 6 4 28 6 1 4 3 8 4 4 11 3 5 14 4 1 6 11 7 6 9 5 5 2 
8 2 5 11 5 3 6 15 2 6 8 8 3 12 7 7 3 9 9 9 3 6 4 4 4 3 9 3 12 12 19 3 10 11 2 2 5 8 38 7 4 2 31 2 3 6 2 5 22 7 5 5 6 4 7 3 31 16 19 2 2 7 3 4 
4 5 9 5 3 15 10 4 16 13 9 3 5 6 3 1 5 13 2 3 4 9 1 4 4 3 4 23 1 1 4 5 3 7 10 3 9 5 5 9 2 9 2 15 3 16 7 10 2 4 5 3 4 8 10 7 5 11 5 4 2 4 5 4 
7 13 6 7 10 10 5 5 4 5 2 7 6 5 4 5 2 8 18 7 10 3 10 3 1 11 30 3 35 11 5 4 3 18 2 5 6 4 4 4 12 7 5 2 5 3 3 7 24 7 7 6 7 2 4 7 7 6 5 5 1 26 2 3 
4 1 3 2 3 11 6 4 10 4 15 7 8 36 17 9 7 4 11 2 11 11 5 5 4 9 22 5 2 6 2 13 5 14 5 6 3 4 12 8 6 5 6 6 2 1 29 14 8 1 9 2 9 4 6 7 4 5 8 1 4 2 2 5 
3 8 4 6 2 7 4 16 4 7 5 3 2 3 4 1 3 2 7 11 4 3 9 5 4 6 26 3 8 4 3 5 3 6 4 6 4 4 15 6 2 5 8 5 9 7 5 6 6 2 3 6 1 3 11 4 14 4 1 3 4 4 11 5 
5 5 11 6 3 5 3 4 4 7 2 4 13 3 6 2 8 8 9 5 2 3 3 2 7 6 12 8 4 2 4 6 4 6 4 9 4 3 3 9 5 12 3 3 7 4 13 4 4 3 4 5 5 5 7 9 2 4 3 3 9 1 4 4 
11 8 7 19 12 3 9 5 3 27 10 5 26 4 22 6 10 1 2 3 3 2 13 4 3 12 6 8 1 3 10 5 3 7 3 2 5 6 8 16 5 4 7 20 4 3 10 6 7 2 5 2 19 4 8 9 12 4 2 6 2 4 2 7 
5 16 19 17 14 8 9 7 3 23 3 7 4 4 8 5 2 4 4 5 8 4 6 4 6 3 3 15 4 4 2 8 8 12 8 9 5 4 2 7 4 1 2 5 39 6 5 5 6 7 6 8 4 3 21 22 7 4 7 8 8 10 1 4 
4 3 27 8 3 3 3 3 3 3 7 6 9 12 3 24 2 3 11 4 19 10 4 22 6 13 4 6 19 15 1 4 3 7 12 16 12 8 4 35 2 12 4 27 4 8 8 8 4 18 2 8 5 4 41 18 3 4 19 3 2 5 4 6 
16 27 10 3 17 3 2 4 4 4 2 2 6 5 4 14 6 4 2 7 2 7 2 9 3 6 3 4 4 10 6 29 4 10 3 2 5 4 2 7 6 7 9 2 7 5 4 9 4 6 10 4 2 13 1 4 5 4 2 3 3 2 5 2 
9 2 2 5 2 19 7 7 18 1 12 2 11 5 6 8 4 6 2 4 4 7 3 5 3 8 4 8 3 6 2 2 3 8 2 7 4 4 6 2 4 14 12 4 2 9 4 3 6 7 8 6 5 6 3 7 4 24 12 5 2 5 5 5 
4 9 2 9 4 3 4 2 5 6 3 18 6 4 6 5 1 7 7 5 2 3 5 3 2 4 3 5 9 9 8 4 18 7 5 5 5 7 7 6 12 6 5 4 4 4 8 3 4 3 4 5 19 2 9 9 1 14 11 3 3 6 4 2 
7 5 4 8 2 3 1 13 4 6 19 5 4 3 5 6 8 4 2 2 13 6 2 4 3 5 3 5 4 10 11 4 12 2 10 1 8 11 2 13 9 24 4 1 2 8 6 8 7 3 9 13 7 4 13 2 3 4 3 1 10 5 25 10 
3 16 8 17 2 5 4 4 3 3 5 19 5 2 7 5 12 6 7 10 16 6 12 6 2 6 2 7 12 5 4 23 3 7 4 6 3 11 4 33 5 3 19 1 10 9 4 6 11 15 16 15 9 3 5 54 7 5 14 1 3 2 15 73 
4 7 8 5 6 44 2 3 3 9 4 6 4 20 8 9 3 4 6 7 2 5 4 25 5 1 5 4 4 3 12 10 3 14 4 17 10 6 4 4 11 2 9 1 2 4 7 18 7 3 5 1 6 3 3 5 20 3 12 3 12 6 4 5 
4 4 10 2 3 10 10 4 4 1 26 3 6 5 4 26 17 13 19 24 15 7 9 5 10 14 9 3 2 7 8 4 15 2 1 2 5 8 2 3 4 3 5 3 4 5 3 9 4 3 3 6 2 13 4 3 3 3 4 5 9 13 46 7 
3 11 2 6 2 2 1 4 7 34 5 9 5 3 6 6 19 4 6 9 3 5 5 9 4 6 5 3 5 4 3 8 5 21 18 4 3 1 3 3 11 3 12 22 4 12 5 4 9 15 1 4 8 5 9 12 1 8 4 9 12 1 6 6 
8 2 5 3 2 3 3 2 10 2 12 2 6 1 3 32 7 6 2 10 6 1 8 3 2 7 4 4 5 2 2 5 3 20 6 4 15 9 37 23 22 2 27 17 1 36 7 10 5 5 1 4 4 6 32 3 6 29 5 3 5 10 5 8 
2 7 22 3 1 6 4 1 2 4 6 3 1 5 6 11 5 2 3 6 3 4 1 4 4 2 8 12 4 15 5 3 6 4 10 3 3 12 5 7 5 6 2 3 12 31 2 13 6 1 12 11 8 7 3 2 4 13 8 5 12 7 5 5 
3 15 40 7 5 10 4 4 3 4 7 2 3 9 5 14 7 4 3 6 18 3 4 12 2 10 6 2 3 7 3 6 8 11 11 7 2 6 1 24 3 38 2 24 4 5 5 4 6 8 1 2 3 5 3 8 4 3 5 4 7 4 31 13 
17 6 3 3 8 3 5 11 4 3 6 7 10 5 3 16 6 7 1 5 2 16 13 7 5 3 9 4 10 2 10 8 3 9 9 6 2 16 3 10 15 5 5 16 53 4 17 3 2 2 2 3 5 15 10 9 30 4 9 11 20 9 4 3 
6 3 5 23 3 5 2 8 2 5 2 2 4 3 7 3 6 5 4 8 8 15 5 6 6 4 16 5 2 3 5 7 10 18 2 12 3 13 5 9 4 4 8 1 8 6 8 5 1 11 1 8 6 4 6 6 6 2 6 11 6 3 7 3 
7 5 3 4 5 5 4 10 13 2 3 3 8 9 2 10 6 7 3 16 3 5 19 10 8 6 4 10 3 16 5 8 7 4 17 18 1 5 1 6 9 16 6 4 31 5 23 12 10 2 4 9 5 5 8 8 6 3 20 5 5 3 9 4 
2 23 4 26 17 5 5 9 4 2 5 3 4 7 4 14 4 2 3 1 9 1 6 4 10 3 3 2 9 6 8 7 14 20 6 2 7 10 9 4 10 3 2 4 2 3 6 3 16 13 8 7 14 2 4 4 1 14 3 11 13 1 4 6 
6 3 2 13 3 2 2 8 6 6 6 1 6 4 2 12 2 12 7 10 9 4 5 7 4 3 7 6 2 10 6 3 9 4 6 14 7 3 3 1 10 7 3 8 11 9 5 4 8 8 7 113 1 6 3 7 8 2 16 11 25 4 2 7 
5 3 9 33 10 6 6 4 4 10 7 12 7 5 6 43 5 5 6 5 3 2 6 4 6 4 7 3 3 9 6 7 6 13 7 1 4 4 5 2 5 6 6 5 16 3 3 6 2 6 9 18 23 3 1 8 10 18 6 11 25 9 4 3 
21 5 10 2 6 10 8 1 4 5 3 8 6 7 5 2 5 7 17 4 4 4 19 1 3 18 2 15 3 4 4 12 7 4 2 6 14 6 4 3 3 4 8 1 2 13 5 3 3 7 5 9 8 2 10 9 7 5 15 12 20 8 4 9 
5 8 4 13 10 8 8 11 4 7 11 11 2 4 2 1 5 8 3 8 1 8 6 5 4 6 6 6 5 1 1 6 5 13 9 4 10 7 14 15 5 11 5 8 2 9 4 6 6 3 4 7 2 2 28 4 14 11 6 2 1 3 3 12 
1 8 8 5 4 6 15 4 3 4 9 6 8 23 3 6 4 8 7 11 2 2 5 6 1 8 3 10 3 1 4 16 10 2 3 9 15 7 7 8 3 8 3 4 10 4 5 9 4 5 5 2 2 14 16 3 3 2 1 2 31 5 1 26 
6 4 7 5 13 13 5 4 17 8 4 4 28 12 5 4 7 10 7 6 5 7 5 7 10 3 22 23 8 5 6 4 1 5 3 8 19 3 5 43 4 20 4 11 3 7 6 2 3 4 6 2 5 25 1 3 5 4 5 4 6 79 9 4 
1 20 9 3 5 4 11 2 11 4 2 4 4 3 3 6 4 4 9 4 2 9 8 1 1 16 4 13 6 5 4 4 6 6 5 3 12 4 7 8 6 8 3 4 7 7 6 10 3 1 3 4 7 3 21 28 7 10 3 3 8 3 6 15 
4 3 3 2 25 13 3 12 3 5 1 2 1 2 3 5 6 3 12 12 2 2 22 17 22 2 4 4 13 11 3 3 1 17 4 1 4 7 9 9 6 6 2 8 4 5 5 20 8 2 4 5 4 23 7 6 1 8 3 3 19 8 2 4 
5 4 16 5 5 20 3 8 6 5 17 1 6 3 4 5 9 2 39 7 2 4 9 8 5 12 6 5 8 12 7 4 1 17 13 3 5 2 3 6 2 3 5 5 3 2 6 17 5 6 4 2 3 3 4 1 5 1 12 1 4 7 14 7 
7 1 4 2 3 4 2 6 1 8 56 20 10 1 2 25 9 12 3 4 4 8 4 8 8 11 3 2 6 5 5 14 5 3 2 19 1 2 4 2 4 1 13 4 1 12 9 5 4 6 4 2 4 3 2 6 10 2 4 2 5 4 10 3 
12 6 2 4 2 24 2 2 3 2 12 8 5 10 1 8 4 3 4 5 23 4 14 14 5 6 4 2 6 1 7 16 4 6 6 5 2 2 6 5 2 17 25 5 7 4 5 15 2 20 10 15 5 3 4 4 7 6 102 6 2 6 4 2 
3 3 5 4 4 9 11 1 11 8 9 1 2 5 4 9 5 5 11 5 8 18 4 2 5 8 4 3 4 3 8 5 2 12 10 4 9 5 13 3 4 5 6 9 23 9 12 6 17 7 2 2 10 4 4 5 21 15 8 1 7 6 3 6 
22 5 1 6 5 3 5 22 7 4 5 5 9 11 5 4 6 1 4 1 3 73 6 3 2 5 11 12 5 9 21 2 3 9 54 8 19 2 5 7 9 5 5 8 5 7 9 19 16 6 3 14 3 2 21 5 4 3 4 3 3 3 4 10 
7 1 4 4 13 1 12 22 6 8 2 31 4 3 16 2 6 9 10 3 4 6 7 3 5 6 6 2 7 7 6 25 4 6 5 4 7 6 3 4 8 6 6 11 10 2 7 4 3 6 4 4 11 14 4 4 4 1 5 9 37 6 3 16 
27 4 12 7 4 8 10 4 6 3 5 7 8 6 12 5 3 4 10 4 5 10 3 2 1 2 10 4 5 4 3 3 14 4 4 5 8 2 3 2 16 3 4 6 2 7 5 5 1 4 1 18 5 2 9 7 10 8 2 5 7 2 9 1 
6 5 5 3 6 9 2 11 1 13 7 7 2 9 10 2 5 1 5 6 3 3 9 2 13 5 4 5 4 4 4 8 10 4 5 5 5 5 4 4 2 3 3 6 3 1 3 9 7 7 5 4 2 30 16 4 8 6 4 6 4 10 3 6 
20 10 5 10 4 5 5 4 5 2 12 5 3 17 5 4 4 11 4 4 3 8 6 7 6 5 7 19 8 3 2 2 9 17 218 5 7 4 6 5 3 21 3 4 11 3 3 8 3 2 2 1 19 10 2 12 5 4 3 8 2 4 3 3 
1 13 31 20 6 4 4 1 13 2 1 8 6 8 2 9 15 2 5 4 1 4 3 2 1 5 14 4 4 2 6 9 2 7 6 23 8 3 8 3 19 5 8 42 2 6 6 3 9 5 1 7 11 3 24 8 11 5 4 4 1 5 2 2 
7 6 14 5 3 17 6 11 8 8 4 2 22 1 5 6 5 5 5 8 6 5 5 6 5 8 9 7 4 5 2 44 2 6 4 6 4 12 8 10 5 5 1 3 6 3 6 3 10 5 5 2 13 6 5 13 5 3 8 2 4 3 10 5 
8 2 5 2 4 12 2 4 10 2 3 5 4 4 2 34 4 4 4 1 4 5 3 5 3 5 4 25 6 4 1 7 9 3 5 2 7 4 8 5 1 2 5 5 3 3 10 19 7 2 4 4 6 4 4 5 4 3 7 3 4 41 15 19 
8 7 7 4 11 4 1 10 27 8 9 18 11 14 7 2 4 8 3 1 9 3 3 3 2 11 3 2 3 6 3 5 5 1 5 6 2 6 11 7 18 5 10 5 3 8 10 16 4 26 6 8 8 4 8 8 5 4 3 2 5 7 3 7 
4 2 3 2 4 2 4 5 6 4 6 9 3 12 35 3 9 6 4 4 9 4 5 3 11 8 6 6 2 4 2 12 4 6 4 1 4 5 4 1 2 12 9 2 10 16 4 3 9 7 2 4 1 2 12 2 4 5 7 20 6 7 1 11 
3 14 3 2 3 5 5 3 14 4 12 10 5 4 22 4 6 10 4 2 26 8 3 3 2 5 11 11 4 5 3 6 7 4 15 4 9 2 4 8 6 7 5 15 2 3 2 4 8 4 4 1 6 12 17 7 2 16 5 3 9 2 5 6 
9 5 5 6 7 6 5 10 8 2 3 2 6 11 5 4 67 26 20 3 8 2 26 6 7 1 13 5 3 4 34 2 4 2 4 7 2 4 4 2 6 9 5 7 2 25 11 8 4 1 6 26 2 1 4 17 1 17 14 21 5 9 3 10 
4 10 3 26 1 9 6 3 4 7 3 7 23 4 9 5 4 7 4 5 3 56 5 4 3 8 1 6 2 6 5 4 4 2 59 3 1 5 3 2 11 1 26 5 6 9 4 7 3 4 3 4 3 9 3 11 9 4 1 4 6 5 8 8 
6 2 7 1 1 3 1 6 7 4 1 3 11 4 26 4 5 15 9 3 29 4 1 6 6 2 6 4 3 8 6 6 13 3 3 2 5 3 7 8 2 8 5 4 2 6 5 4 18 7 9 5 7 15 7 1 4 5 5 4 5 2 3 12 
11 20 5 5 6 3 4 11 28 6 6 5 3 3 5 8 4 3 9 21 3 2 4 5 1 3 2 18 6 11 2 6 7 14 2 8 21 5 14 5 8 3 9 9 6 4 23 2 5 13 2 3 3 9 3 4 3 3 4 11 3 11 4 4 
8 5 7 3 5 10 6 7 16 6 3 6 7 7 4 16 5 4 1 4 61 4 2 2 10 5 5 9 1 4 11 7 10 4 24 23 4 12 15 8 7 5 3 5 8 6 8 5 3 5 7 1 17 5 5 2 5 5 3 15 7 20 8 9 
9 5 13 11 3 4 5 1 6 33 3 6 2 8 19 2 1 8 3 4 6 10 7 3 13 5 3 22 5 3 3 9 4 4 3 8 5 4 3 4 8 3 17 5 1 2 2 5 6 9 5 17 6 9 4 8 5 4 3 15 3 1 4 4 
4 8 13 5 4 1 3 4 9 6 6 5 20 6 5 3 2 1 2 5 6 3 6 5 4 10 2 6 13 1 6 4 13 8 4 4 10 9 5 13 2 4 5 2 7 4 12 3 5 45 7 8 9 11 1 1 3 5 7 4 7 6 10 21 
5 9 3 6 4 4 3 3 13 4 15 6 1 2 26 3 11 2 3 13 9 6 7 27 22 5 5 2 7 3 2 12 5 8 23 4 17 5 13 7 5 7 4 7 6 8 4 1 8 8 8 6 25 3 10 3 2 7 3 6 18 4 1 4 
29 30 32 5 6 3 5 5 4 10 9 4 4 9 28 1 5 6 3 25 5 4 3 5 1 8 4 2 10 1 4 3 2 3 3 12 10 5 8 7 6 4 1 5 6 3 2 38 9 7 2 8 11 3 6 5 4 5 2 7 3 4 3 5 
1 9 7 2 5 4 2 29 3 6 6 8 7 2 4 12 4 9 11 6 21 16 8 1 14 10 3 4 3 5 4 3 20 3 5 3 4 7 5 8 2 14 6 1 4 4 6 21 8 10 5 7 5 4 5 3 4 10 2 17 8 6 8 4 
2 4 5 5 13 8 8 13 17 12 2 4 9 3 5 3 7 2 5 14 4 2 5 3 3 6 5 10 11 3 1 7 5 4 3 3 2 6 4 8 5 1 4 5 3 2 6 3 6 7 8 7 13 6 11 3 5 2 5 1 7 3 3 10 
4 8 4 1 9 6 3 2 1 8 1 8 11 4 6 7 8 5 9 2 11 3 7 5 3 3 4 3 3 3 4 7 3 5 35 6 4 4 4 15 5 9 3 5 3 2 3 7 4 4 31 6 4 4 14 5 1 4 6 5 6 2 5 16 
5 20 4 4 6 15 4 3 6 8 6 9 2 2 4 18 5 4 5 3 22 6 2 2 5 2 9 8 5 9 7 6 19 13 9 10 6 2 15 8 21 20 2 1 8 1 3 6 4 2 11 2 11 1 2 3 19 12 5 3 6 7 5 10 
4 2 9 9 6 3 1 4 10 1 5 3 5 4 4 9 4 6 5 14 2 3 5 6 11 5 2 4 57 6 2 2 1 6 4 1 1 18 3 10 4 6 16 4 6 5 10 4 2 1 9 7 26 5 3 6 8 3 9 3 5 1 28 6 
9 13 10 7 4 5 16 5 14 4 20 5 4 16 26 2 2 13 15 7 2 2 13 5 1 7 1 14 4 2 25 4 16 4 1 4 2 5 10 8 3 3 7 9 4 15 21 8 1 4 24 4 18 13 5 6 6 3 3 4 6 30 12 3 
18 8 10 4 10 8 6 7 1 4 2 5 13 2 1 3 3 3 8 4 7 5 6 8 3 12 41 3 6 15 18 4 5 4 3 11 10 7 4 3 1 4 4 8 9 4 4 7 3 7 22 23 21 1 12 2 3 6 6 3 24 7 6 3 
4 6 1 2 1 22 2 18 3 6 6 19 3 26 19 4 1 7 4 2 6 3 9 2 4 3 4 3 9 16 3 6 17 8 5 3 9 4 23 42 8 4 8 6 13 4 6 5 9 5 5 11 6 2 42 1 3 4 6 1 25 10 6 4 
8 1 4 10 8 18 2 7 1 9 5 7 12 6 4 3 5 11 5 4 4 4 2 5 5 4 2 1 1 7 16 9 7 7 9 3 4 43 5 4 8 6 10 7 4 6 7 16 8 6 12 25 7 1 26 1 4 2 3 3 11 3 8 8 
5 3 7 5 5 3 4 7 3 4 8 5 9 9 21 2 5 3 3 1 1 6 2 3 18 7 3 4 2 10 10 3 9 5 2 4 1 2 14 4 2 5 1 6 3 1 1 5 8 8 12 32 46 4 3 6 29 6 5 2 12 7 3 3 
7 6 3 29 5 6 2 13 5 10 10 2 10 2 9 5 3 10 4 13 7 7 2 1 10 47 4 2 3 3 2 8 16 4 10 4 22 7 2 6 4 3 3 6 4 4 2 2 6 3 3 4 3 5 20 6 8 14 5 8 3 4 4 10 
2 6 6 3 10 9 3 2 3 18 12 5 4 3 3 4 6 30 8 2 2 7 24 3 7 6 2 2 3 2 8 3 3 22 4 3 11 4 8 2 5 6 5 1 3 1 7 13 7 5 12 4 4 2 10 8 11 8 4 7 5 8 8 3 
6 10 3 5 4 13 7 135 5 6 2 2 3 4 4 3 4 4 4 7 2 3 5 13 13 1 4 6 5 7 8 7 8 21 13 6 9 8 5 2 5 8 4 61 2 15 2 9 7 6 38 2 3 7 7 26 4 19 15 9 3 9 2 1 
5 4 3 5 6 11 6 7 2 12 3 8 5 1 66 9 16 7 12 5 6 6 4 6 6 3 4 16 7 3 9 2 2 33 3 7 29 5 4 14 3 2 3 4 6 7 1 13 6 40 5 7 1 5 9 5 6 4 1 5 3 9 4 3 
8 35 5 2 10 6 4 3 19 5 2 2 6 4 12 5 7 4 5 25 4 6 4 4 6 2 4 4 8 3 4 3 7 8 5 7 4 4 6 5 5 7 6 6 9 24 2 3 5 6 4 4 7 4 2 4 8 4 6 4 5 4 5 4 
2 6 2 3 6 4 7 5 4 14 2 1 4 21 4 5 6 5 10 7 7 4 3 21 3 4 7 4 9 3 24 4 7 5 2 5 4 8 3 18 7 3 40 14 2 2 16 5 4 7 2 7 5 7 3 4 5 3 1 3 9 4 13 3 
4 5 6 3 6 22 24 1 5 8 24 3 26 4 2 3 1 1 2 4 8 3 4 20 3 9 2 3 1 47 8 8 6 2 5 13 40 2 3 5 7 5 3 5 27 12 41 5 1 6 6 4 2 6 12 2 3 5 2 4 11 7 4 4 
1 4 6 5 9 5 30 4 11 8 8 5 2 5 3 3 9 9 4 13 4 1 5 3 7 7 2 2 3 2 1 3 8 33 5 3 3 6 11 21 3 3 1 3 4 3 10 4 7 3 2 2 3 3 5 4 3 7 7 7 18 5 5 11 
9 15 7 3 4 10 2 1 4 2 4 52 8 3 5 3 8 19 12 4 6 3 8 3 6 8 5 8 9 1 5 1 1 11 35 3 4 1 12 4 4 9 10 4 11 12 13 3 3 3 3 10 7 7 13 16 7 4 6 5 36 8 4 6 
2 5 7 15 2 10 8 4 6 5 12 5 3 3 5 3 5 111 11 5 6 2 11 12 6 4 10 7 5 7 3 2 13 4 6 4 2 5 17 2 4 7 2 6 3 1 2 4 2 15 5 3 4 4 4 5 4 9 5 5 1 6 5 7 
10 32 14 10 5 4 11 1 11 2 5 9 5 3 53 4 12 2 5 1 6 5 5 24 2 1 21 5 5 10 5 4 5 10 3 3 12 6 21 1 13 9 3 5 6 25 7 4 20 2 5 10 2 5 3 6 3 7 3 10 9 5 13 4 
2 15 6 1 5 10 7 5 6 12 2 4 6 3 3 7 4 4 7 4 6 4 9 6 5 7 41 1 5 3 11 6 26 3 3 6 6 5 2 19 5 8 3 6 5 9 4 12 2 8 5 6 6 4 5 3 6 5 2 14 4 20 4 2 
1 20 13 2 28 6 3 6 3 5 5 9 10 10 6 3 12 3 6 3 5 4 3 2 13 1 8 5 4 3 16 5 3 9 4 5 6 2 7 8 5 9 2 5 4 5 3 1 3 16 40 4 3 6 4 5 5 34 6 5 6 8 9 5 
4 4 1 4 6 3 5 38 9 5 3 24 7 4 8 4 5 3 5 27 2 5 8 2 12 7 7 4 5 5 5 26 4 4 30 6 8 3 4 1 3 2 24 4 2 2 19 2 6 21 5 9 2 4 3 4 19 13 14 9 5 4 2 7 
4 2 14 7 2 2 3 4 6 4 3 9 4 1 5 20 5 5 15 7 7 3 1 5 3 4 6 4 3 6 6 6 9 2 2 4 4 6 1 8 3 5 8 8 7 4 17 3 4 8 4 3 5 3 1 7 9 3 3 2 3 17 1 5 
4 12 6 7 4 6 2 8 4 2 5 2 3 5 7 3 8 4 6 2 5 2 2 10 8 2 4 3 2 18 2 1 7 7 5 4 9 3 27 5 3 21 2 6 19 7 4 3 9 10 12 5 18 2 4 5 5 5 7 5 6 11 10 9 
7 4 2 4 3 1 7 5 6 4 3 15 9 9 1 4 5 6 5 5 4 6 6 3 3 20 3 5 16 2 5 2 4 8 5 8 3 4 4 2 5 8 3 3 7 7 10 12 11 1 3 3 4 12 12 7 10 3 2 5 7 6 8 3 
7 2 26 9 4 2 8 4 7 8 6 2 5 4 7 3 4 5 10 7 7 11 13 3 3 2 5 7 3 2 8 8 3 12 3 3 5 5 7 5 2 17 7 5 5 5 5 4 6 3 3 2 4 3 1 6 1 4 5 6 4 2 5 15 
4 3 3 4 5 3 35 3 1 6 11 1 3 9 2 4 9 10 10 22 4 23 6 4 14 2 3 2 11 3 2 1 5 5 4 7 12 6 8 5 7 2 5 9 4 10 7 5 4 5 6 12 4 9 19 8 4 6 4 11 47 3 9 8 
13 2 4 6 5 7 11 9 6 8 9 5 14 5 6 11 11 8 6 13 4 2 4 5 2 4 9 11 4 19 12 11 4 6 2 2 2 3 4 1 4 12 4 10 3 2 3 5 4 6 8 17 10 3 5 4 5 6 2 8 4 4 8 16 
4 9 16 8 4 12 1 5 2 3 2 3 4 8 8 2 13 25 2 10 6 6 6 2 4 1 21 7 6 3 7 4 14 14 4 3 14 2 7 8 4 3 4 16 5 4 2 6 14 4 1 8 3 5 1 4 4 2 3 3 2 3 4 4 
3 9 4 2 6 4 14 24 7 7 12 5 2 5 4 6 9 3 10 5 24 4 61 3 4 2 4 8 4 10 4 2 4 8 4 4 2 3 5 3 11 9 4 7 17 6 6 17 3 3 1 3 7 3 4 2 4 7 9 5 2 3 1 2 
26 4 2 5 5 7 5 5 6 11 8 2 13 3 8 8 3 12 11 2 10 24 19 5 4 2 2 2 10 6 2 5 4 9 13 2 3 4 4 23 3 1 30 8 3 6 2 17 2 8 7 3 9 4 7 13 1 7 4 2 6 4 7 9 
4 6 7 11 5 5 10 10 7 4 8 3 5 28 7 4 5 7 5 6 23 5 6 4 15 4 7 3 11 5 4 9 8 17 3 4 6 4 5 1 10 3 8 1 9 9 15 7 17 8 10 4 3 6 16 1 5 13 9 4 8 17 20 2 
23 1 2 2 5 18 11 15 4 2 17 4 4 2 6 9 13 2 5 13 4 5 9 2 4 5 4 9 5 3 1 7 1 4 3 14 8 11 3 4 1 8 8 19 6 19 5 4 1 4 7 6 5 20 31 2 3 3 33 9 5 2 5 8 
2 2 36 4 5 2 3 6 3 2 4 5 3 5 3 7 5 11 5 4 2 6 2 5 17 4 5 10 7 12 13 94 6 5 13 35 4 19 3 7 6 2 18 8 4 4 6 3 3 2 7 2 2 7 2 5 6 10 4 3 4 25 4 5 
7 4 2 6 4 13 14 5 4 3 5 25 3 4 15 4 4 5 4 5 4 6 2 4 8 21 13 2 21 4 2 20 2 10 5 2 16 6 7 7 7 9 18 9 3 33 3 3 1 2 3 5 7 18 10 5 6 16 27 9 5 3 2 10 
4 4 2 3 8 5 7 4 8 2 2 3 22 4 1 1 7 8 2 6 3 6 5 13 4 18 2 7 3 4 5 2 4 6 5 3 2 9 31 9 8 5 4 3 4 3 10 5 13 2 5 14 7 7 4 11 3 4 8 7 1 3 21 5 
4 11 2 3 2 2 3 3 2 4 4 2 1 11 8 2 3 6 14 3 1 13 3 3 28 3 4 3 5 8 17 3 6 3 4 2 5 4 5 12 4 16 4 9 20 2 3 6 6 3 4 16 5 10 3 5 5 4 5 1 5 2 8 10 
9 6 4 3 7 3 7 2 8 2 4 6 3 10 2 6 16 8 9 1 6 5 2 5 7 7 2 9 10 2 10 9 6 3 8 5 1 5 4 4 1 9 4 1 5 2 32 2 5 6 3 6 1 3 10 3 23 5 6 3 5 10 6 7 
21 7 12 2 5 17 4 1 6 12 5 4 3 6 8 2 4 8 3 3 4 4 7 2 2 1 4 3 27 10 18 1 2 14 50 2 5 5 5 5 5 3 7 3 5 6 6 2 5 10 1 1 3 18 1 5 5 3 10 11 3 26 5 3 
2 10 9 2 6 2 1 6 13 3 5 43 5 5 2 4 22 3 1 10 15 22 14 11 5 5 2 3 5 2 6 8 4 2 14 12 5 8 3 7 34 5 3 2 6 7 9 4 8 5 1 4 11 6 7 12 6 16 5 1 9 5 4 4 
2 6 7 5 5 6 16 6 5 14 5 4 10 2 1 8 7 1 6 8 7 12 5 10 18 2 2 4 8 3 8 16 3 16 7 11 8 4 5 16 6 3 3 24 4 2 2 2 3 3 9 7 5 4 8 5 27 25 24 67 3 2 2 2 
6 5 2 4 19 17 3 2 2 3 6 13 23 3 10 4 3 3 4 1 2 6 8 4 2 5 2 4 6 10 8 4 62 4 3 6 1 1 10 20 5 41 4 6 2 7 4 16 5 2 11 2 3 15 3 4 4 5 10 4 1 2 3 9 
5 1 5 2 4 15 5 11 3 8 4 2 4 2 1 8 6 1 4 4 7 1 5 8 5 7 20 4 7 35 19 7 6 5 2 5 19 12 6 3 3 4 5 6 8 3 4 2 3 5 2 8 2 11 6 6 12 4 12 3 4 1 4 4 
4 8 6 5 1 22 6 4 1 6 2 10 5 3 2 6 7 4 16 3 10 7 4 6 7 4 2 2 4 5 3 5 15 2 6 5 1 3 5 1 1 2 9 5 7 7 1 6 3 4 2 6 5 1 4 1 2 4 9 5 3 4 6 2 
4 4 3 3 2 6 4 10 4 5 8 4 3 5 5 5 5 3 1 4 3 1 1 2 6 4 8 4 8 7 1 3 5 17 6 4 9 2 3 2 3 5 5 1 4 7 2 7 3 7 1 3 1 4 2 5 3 1 2 4 13 1 1 6 
3 5 2 3 5 4 4 1 3 6 10 3 2 4 3 5 3 1 2 4 3 3 6 1 3 8 9 3 7 3 1 2 4 1 2 4 2 3 4 1 5 3 2 5 3 3 3 3 5 2 4 3 3 8 11 2 5 3 4 8 5 5 4 4 
4 2 9 3 1 2 5 15 7 1 4 4 6 1 8 3 4 6 5 3 5 4 5 4 4 5 2 9 6 6 3 2 2 1 6 5 3 3 4 9 3 1 5 7 6 4 6 4 2 4 5 1 2 5 1 7 8 2 4 4 3 4 4 1 
6 1 7 2 3 2 1 3 6 2 4 7 3 2 2 15 2 7 2 3 8 1 5 6 2 6 3 4 4 3 1 3 7 5 4 3 3 4 1 5 9 1 4 6 2 6 5 2 6 6 2 10 1 6 8 18 3 12 5 4 7 3 4 3 
4 1 1 5 2 3 4 2 3 5 6 1 12 3 3 5 2 2 1 1 1 4 10 6 6 11 16 3 6 2 4 2 1 3 6 1 2 3 3 3 7 3 2 3 2 2 6 3 4 2 3 1 6 3 3 5 1 2 11 4 7 3 1 9 
2 2 5 1 12 1 3 3 1 3 3 3 4 3 6 2 2 7 1 9 5 4 4 3 4 6 7 3 2 3 4 4 2 2 5 5 3 6 3 1 1 2 8 4 3 6 9 2 1 4 2 1 3 2 3 8 1 6 4 4 2 1 2 6 
2 5 4 3 3 1 4 5 3 5 8 4 3 4 11 6 5 2 2 2 3 2 4 8 2 3 2 2 5 6 12 2 2 1 5 6 4 5 4 4 4 2 4 2 8 4 2 2 5 2 6 7 2 5 6 2 1 2 2 4 2 3 3 3 
6 5 5 4 4 9 4 7 4 5 2 7 1 2 3 24 6 5 5 2 6 2 6 5 3 1 3 3 8 2 2 4 6 7 3 1 2 6 4 5 12 4 1 8 2 3 15 3 3 7 9 4 2 9 9 4 3 2 3 4 3 7 10 2 
3 2 1 7 2 4 2 2 6 1 2 2 5 1 2 4 1 3 2 8 1 5 3 3 2 5 2 5 2 2 7 2 4 5 3 5 7 3 10 1 5 4 4 3 1 4 5 4 3 2 4 7 4 13 5 10 3 11 5 5 5 4 5 4 
7 3 4 4 3 2 5 3 5 2 8 2 2 3 1 2 4 2 4 1 2 4 2 8 1 1 14 4 3 6 1 1 14 5 4 2 2 3 5 2 10 3 5 4 3 4 4 6 6 2 8 2 2 2 3 2 6 1 3 5 15 3 5 3 
2 4 4 14 2 2 5 4 3 5 1 3 11 2 1 3 2 4 4 4 2 1 7 2 7 3 1 6 7 5 9 3 15 4 4 4 1 2 5 4 1 4 3 1 7 3 9 2 2 9 2 3 6 3 6 3 8 4 2 4 12 3 3 3 
6 1 1 2 3 8 4 2 2 4 3 2 5 3 3 5 1 1 3 1 2 4 1 3 3 8 3 3 1 2 2 1 23 20 3 2 4 1 5 9 4 2 3 3 2 4 5 8 1 9 2 19 3 2 5 5 8 2 3 12 4 17 6 1 
6 10 2 4 2 19 8 10 1 14 6 3 2 1 7 1 4 2 2 3 3 5 3 1 3 3 1 2 1 5 4 2 4 4 4 2 4 3 9 2 7 3 5 8 2 2 5 4 1 7 8 13 1 5 3 2 2 15 3 8 2 8 8 5 
1 3 3 3 11 2 9 4 5 1 3 1 12 3 2 3 3 4 3 3 4 5 4 1 3 2 2 2 6 6 2 3 3 5 8 3 5 6 3 4 16 2 3 10 6 21 8 10 8 3 6 2 2 2 2 4 1 4 2 7 6 6 1 4 
3 4 5 1 7 11 4 2 6 6 5 8 5 8 3 3 1 2 5 4 3 10 8 1 3 2 3 1 4 4 3 11 6 6 8 2 11 3 2 1 7 3 2 5 2 3 1 7 3 4 5 2 15 3 9 8 3 4 5 1 6 2 2 3 
4 5 3 4 8 8 3 5 2 5 1 4 3 2 2 3 3 7 3 6 4 4 3 4 3 12 5 11 11 5 2 6 4 3 2 2 6 2 1 2 3 4 2 5 7 4 2 3 4 4 7 2 12 2 5 6 6 1 2 3 4 2 14 7 
3 4 2 2 3 3 11 5 3 1 5 2 7 5 5 2 8 26 4 5 5 8 4 1 4 3 6 1 1 3 3 4 2 4 2 3 4 4 2 2 3 10 3 2 2 3 4 3 5 3 15 15 2 2 5 4 4 13 1 2 12 4 7 1 
5 2 4 3 3 1 3 8 2 1 2 6 4 6 10 4 2 5 3 2 3 2 5 4 4 5 1 2 5 8 13 2 2 18 2 4 3 2 2 4 4 3 5 5 1 9 3 3 2 1 4 3 6 13 2 5 1 3 4 2 4 7 3 5 
3 2 5 4 4 23 5 13 6 2 3 2 1 2 4 8 2 5 8 7 2 2 4 3 3 2 5 5 3 3 3 2 1 1 1 3 3 3 9 3 9 3 2 9 9 5 5 2 7 7 2 2 3 3 3 2 2 3 3 4 1 1 4 1 
3 5 1 5 2 5 4 9 6 3 3 1 3 3 5 3 2 5 4 4 9 3 4 2 4 6 1 4 9 12 2 5 13 5 3 6 3 4 4 3 3 3 4 4 2 1 7 6 5 8 3 2 4 9 1 4 3 3 1 3 2 2 1 2 
4 4 5 6 6 6 4 6 3 3 2 5 2 17 3 7 3 3 8 7 3 7 2 8 19 3 9 3 3 8 3 6 2 2 11 2 4 9 3 4 3 7 2 6 1 4 3 3 8 4 16 6 14 4 6 3 5 2 3 2 1 2 5 6 
7 8 4 3 1 2 2 4 2 7 2 2 3 1 3 2 1 5 3 1 2 7 7 6 1 3 4 5 1 8 3 2 1 4 8 6 2 3 5 2 2 3 5 2 4 5 4 2 4 3 3 4 4 4 2 1 4 4 3 3 8 2 13 1 
1 4 9 4 4 2 3 4 4 2 6 1 2 1 1 2 5 4 2 5 2 2 5 5 3 2 9 6 1 3 3 2 2 5 4 4 2 2 6 4 2 5 6 5 5 3 3 3 8 3 6 6 1 10 3 1 1 2 2 6 4 4 9 1 
5 2 2 10 2 11 3 7 1 8 3 4 3 8 13 6 4 3 4 2 11 3 4 8 4 1 3 5 4 5 4 10 3 2 2 4 9 4 1 1 6 6 3 1 2 6 3 5 1 6 12 2 3 1 1 6 3 2 6 4 1 1 12 3 
4 5 1 2 4 4 5 3 2 24 4 3 4 2 4 3 2 2 3 2 3 5 4 1 2 4 6 8 4 3 4 2 1 1 5 2 3 4 2 2 7 6 1 9 4 6 8 4 6 2 2 2 3 6 3 7 4 4 1 3 1 4 2 5 
1 3 2 14 5 1 5 9 4 4 5 2 2 2 4 9 2 3 4 3 5 6 6 5 3 9 8 2 2 3 9 4 2 3 1 3 3 3 6 5 4 4 2 2 7 3 6 4 2 3 3 1 5 9 1 3 3 2 20 5 7 8 10 2 
11 23 7 9 2 4 1 9 11 5 2 3 4 2 2 3 3 5 3 3 2 4 1 3 4 1 4 7 2 4 1 5 4 6 6 4 14 4 3 2 2 2 2 3 3 4 9 1 4 6 1 6 7 4 2 5 20 5 2 2 2 11 7 6 
2 1 15 3 3 6 3 5 10 7 3 3 5 4 1 3 2 5 1 7 2 6 6 3 4 4 2 6 3 7 4 5 3 6 5 9 2 3 2 2 3 8 6 1 4 4 1 4 4 4 10 4 4 3 3 1 12 1 4 3 11 5 6 5 
4 3 3 65 4 1 2 3 2 2 3 4 7 5 1 9 2 10 7 1 3 5 2 3 4 7 1 2 10 3 1 3 4 5 6 2 2 3 2 4 3 3 2 2 2 5 5 4 6 11 3 3 3 2 2 3 2 2 4 4 4 2 3 1 
4 2 3 4 2 6 6 2 4 7 2 4 3 5 8 2 1 2 2 14 7 1 3 3 3 1 1 2 4 1 5 5 3 5 2 2 6 2 4 3 5 10 5 3 6 3 5 1 3 4 4 2 3 1 2 3 6 6 3 5 3 2 3 4 
2 3 1 6 2 2 3 2 4 4 3 3 3 3 1 1 3 5 2 4 5 1 10 5 5 1 8 2 2 7 2 4 2 2 2 2 4 5 3 7 4 9 4 8 10 3 3 1 5 5 8 6 5 4 4 12 3 2 6 3 2 3 2 3 
8 2 1 6 2 9 9 1 5 1 4 3 8 5 1 3 4 4 4 2 4 11 4 21 7 2 1 4 2 1 3 5 1 2 1 4 5 2 6 2 3 12 5 2 4 2 9 10 1 2 1 2 7 5 3 2 10 1 2 6 7 5 3 3 
1 3 3 12 4 10 4 3 2 5 5 7 2 2 3 3 5 5 1 5 2 4 4 1 5 10 3 5 2 3 1 1 2 2 2 6 2 5 3 13 2 6 11 6 1 3 5 3 7 35 10 5 5 17 2 2 5 7 4 8 7 4 2 3 
3 5 4 50 8 2 4 5 2 2 1 5 1 3 9 2 7 5 1 4 4 4 2 3 6 3 3 3 1 4 2 3 1 14 4 5 4 5 3 4 2 2 10 8 1 5 2 4 8 7 2 5 5 5 4 4 3 4 4 3 2 2 6 5 
28 2 4 2 3 3 2 6 4 3 3 3 2 3 2 4 1 3 8 2 3 2 3 4 1 4 4 1 6 2 3 3 6 11 2 1 2 7 8 3 5 10 2 4 7 5 2 5 10 9 3 7 2 1 4 3 2 10 1 4 4 4 2 5 
3 9 6 8 3 5 2 4 6 3 3 2 3 5 3 2 6 3 2 4 4 15 2 3 2 2 1 1 4 1 4 4 5 4 4 4 6 8 4 3 5 3 5 2 5 3 1 1 6 3 8 3 5 3 4 2 17 6 3 4 2 5 2 5 
5 2 6 4 2 1 1 3 47 4 3 3 1 2 4 1 4 5 4 4 6 4 5 5 3 2 6 1 16 2 8 2 8 2 9 2 2 3 19 5 1 5 8 4 10 3 4 4 5 4 4 3 3 3 3 18 2 9 2 3 1 5 1 4 
12 3 6 1 13 4 1 2 3 2 2 3 1 3 8 2 6 2 4 3 3 2 4 2 4 4 2 4 5 1 3 1 4 3 4 5 4 3 6 2 6 4 4 1 14 7 5 4 5 6 6 3 1 2 3 1 5 1 6 3 5 4 3 1 
2 4 3 2 5 9 4 19 5 1 11 5 2 7 6 2 3 2 10 2 5 1 3 2 2 2 2 3 3 2 4 1 1 8 2 4 5 1 1 13 4 7 2 2 3 2 2 5 2 5 1 6 3 2 2 5 6 2 5 4 6 5 2 3 
4 3 9 3 2 9 13 3 1 4 6 5 2 1 2 2 4 7 2 1 4 2 3 3 2 4 1 2 4 1 6 2 3 3 3 2 6 15 6 4 2 10 1 4 3 2 2 8 2 4 1 6 2 4 5 1 9 6 4 4 4 2 5 8 
8 8 8 6 5 6 5 3 5 2 13 1 2 4 4 1 8 2 2 4 1 4 5 4 1 9 2 4 2 4 3 6 5 1 3 4 10 4 5 1 2 2 2 5 15 3 1 8 3 2 3 5 3 5 17 3 7 3 2 7 11 9 2 1 
1 1 2 8 3 2 14 2 3 5 4 5 3 3 2 5 1 3 3 3 2 3 2 4 6 3 5 9 16 1 3 7 1 2 6 3 5 4 8 1 1 3 4 3 3 10 2 2 1 1 8 2 3 2 2 8 4 5 3 4 4 3 5 3 
4 4 11 2 5 1 6 2 4 6 1 3 1 7 4 4 3 6 10 3 5 7 5 2 6 15 4 10 5 5 11 6 2 5 4 4 6 4 2 4 2 1 2 4 2 3 1 3 2 4 4 2 9 1 4 7 2 3 4 4 5 4 5 2 
2 4 4 3 5 2 5 4 4 17 4 1 5 6 3 2 2 5 5 4 2 5 3 5 1 13 7 3 1 5 3 1 4 4 1 3 6 4 3 9 5 2 1 8 4 2 3 3 3 5 3 4 7 2 4 7 4 4 3 3 3 1 6 3 
2 1 2 3 4 6 5 2 2 2 1 2 2 5 3 1 7 2 1 2 4 2 5 5 3 5 3 4 3 4 4 9 5 7 2 3 14 20 3 5 5 5 2 3 19 4 1 2 1 1 3 1 1 2 2 4 6 6 1 3 3 4 2 3 
7 4 1 13 8 3 7 3 2 5 10 4 2 3 2 4 6 1 2 2 5 2 4 3 3 3 4 2 3 8 4 2 1 2 4 4 1 5 2 1 6 5 6 3 2 2 5 2 2 10 2 7 6 2 1 2 3 1 3 21 2 3 5 1 
3 3 2 1 7 3 3 4 5 3 4 2 4 2 4 5 25 8 4 7 9 1 1 7 3 2 2 7 14 1 2 8 3 3 2 5 4 1 7 1 1 1 5 3 5 2 12 3 9 7 1 2 4 1 4 2 7 2 4 4 1 8 5 4 
1 4 2 3 2 7 2 2 11 4 7 7 4 5 5 2 6 9 1 4 2 4 4 5 19 11 2 6 8 6 2 2 1 2 2 2 3 10 3 3 6 6 5 5 2 2 7 3 1 3 2 4 2 1 2 2 2 3 3 5 4 2 3 4 
5 2 1 3 4 3 3 3 3 9 4 4 4 4 1 7 4 2 3 5 4 8 3 3 3 5 6 6 2 10 1 12 3 2 2 2 10 2 3 2 7 2 2 2 7 9 4 2 6 1 3 2 5 5 6 2 5 4 6 2 2 4 3 5 
4 6 7 1 3 6 4 4 1 1 2 2 1 5 4 2 9 9 3 4 2 6 9 2 7 6 1 6 2 3 9 6 4 3 3 4 3 4 4 3 3 4 3 5 1 8 10 6 3 7 2 5 5 4 1 2 3 4 7 1 5 3 3 1 
7 3 5 1 1 4 6 3 4 1 4 3 10 11 4 2 5 3 1 2 3 5 5 6 4 7 2 3 3 3 4 9 5 1 1 2 3 6 8 3 3 2 1 4 4 3 5 4 4 2 3 3 4 14 3 6 3 3 2 10 4 9 3 4 
2 2 7 2 3 7 3 1 3 5 2 4 2 14 3 7 7 4 16 4 4 12 2 2 4 3 3 2 5 6 1 3 6 1 2 5 5 9 4 9 2 1 18 4 6 1 4 2 1 1 5 5 2 3 3 2 5 4 7 2 2 3 3 7 
2 11 7 3 2 2 3 2 9 3 2 6 4 2 1 1 4 5 2 2 3 4 5 5 4 5 7 1 2 12 5 6 1 3 2 3 10 6 1 13 2 4 1 2 3 5 4 5 5 4 1 2 7 2 3 1 4 2 1 1 4 5 2 3 
2 5 2 7 2 1 2 7 3 1 6 2 12 2 2 2 5 4 7 14 4 9 6 2 17 6 7 5 3 3 6 5 2 5 4 3 6 1 2 3 2 4 8 5 4 4 4 6 4 6 4 1 3 4 5 3 4 3 2 1 2 1 1 9 
4 4 6 8 2 8 4 3 1 3 9 3 4 1 1 1 2 11 5 10 1 3 1 3 4 2 12 5 2 1 4 8 3 4 5 7 4 2 17 4 5 7 2 4 4 3 2 3 4 1 3 4 1 3 4 5 4 6 8 2 4 3 3 3 
2 11 4 4 2 3 8 4 1 3 4 5 1 6 4 9 5 2 5 6 10 1 2 2 4 2 3 2 2 3 23 5 2 3 1 13 4 3 1 6 17 14 4 2 1 10 1 13 11 1 7 4 4 6 2 4 7 8 4 2 1 11 2 3 
4 3 4 1 1 2 2 2 4 6 5 5 4 2 2 7 5 5 4 5 6 2 2 1 1 5 9 5 2 2 4 2 3 4 4 2 3 3 2 1 3 6 6 2 1 14 2 4 4 6 4 7 2 3 1 8 3 3 2 1 5 2 3 4 
4 9 6 3 6 13 1 4 6 2 4 1 5 4 1 3 2 4 8 3 4 1 5 5 4 2 1 1 4 11 2 6 13 6 2 3 13 19 2 6 13 1 1 6 3 3 2 1 3 7 4 3 3 3 2 3 2 2 2 2 4 5 5 3 
3 4 4 5 2 6 6 3 3 4 5 1 2 1 1 4 5 4 6 3 1 3 2 1 3 16 4 3 6 3 6 4 8 4 3 7 4 3 2 3 3 3 3 12 3 4 9 3 5 4 1 4 3 4 3 1 3 5 2 1 2 3 3 1 
5 8 7 2 4 5 3 4 1 3 7 1 8 2 7 3 2 5 3 1 8 9 6 1 2 2 2 1 5 5 5 3 1 4 3 1 2 5 4 3 7 4 3 6 5 3 13 1 3 3 6 7 6 2 5 2 3 2 3 5 4 1 5 5 
2 6 4 7 11 1 1 2 1 1 3 4 4 10 1 3 6 4 4 6 2 5 3 4 9 10 5 3 6 1 6 1 9 3 1 8 5 3 2 10 35 6 2 3 3 1 2 9 4 4 1 3 4 3 2 7 3 3 2 4 2 6 4 1 
6 3 2 3 3 2 4 4 7 3 1 1 1 4 6 5 3 3 3 4 3 3 6 7 6 4 4 7 5 1 2 4 17 4 8 9 5 12 4 2 1 6 4 3 2 5 4 2 5 1 2 3 1 3 3 1 1 2 1 3 5 2 3 3 
14 2 3 2 3 3 3 4 3 11 3 10 6 3 2 9 5 3 3 2 5 2 8 13 3 2 3 1 3 4 2 3 2 2 14 4 2 4 1 5 2 1 3 30 2 6 2 5 1 4 5 2 4 3 2 6 5 1 5 2 2 3 2 4 
1 1 7 6 5 1 3 2 5 4 6 7 2 2 1 3 2 6 4 6 5 2 5 3 3 5 12 3 1 12 6 2 1 8 2 4 5 4 4 3 5 5 1 3 7 6 4 4 12 2 8 9 3 6 6 4 4 4 2 2 7 12 2 2 
2 3 8 2 13 10 1 8 3 5 4 5 1 7 4 4 4 5 4 3 11 9 3 3 2 3 5 12 4 5 7 2 3 4 2 2 2 8 3 3 3 5 6 1 2 4 6 5 1 7 2 7 3 5 2 2 6 4 3 1 1 6 4 4 
2 7 1 5 1 3 1 1 6 4 2 4 3 1 1 3 8 6 1 3 2 7 8 2 2 3 2 8 2 3 4 6 5 5 2 9 7 4 1 6 6 2 11 4 11 9 21 3 5 1 2 2 8 16 4 3 2 4 3 2 10 6 3 4 
4 4 4 3 2 7 4 3 1 4 1 5 1 2 8 4 6 1 3 6 2 9 4 1 5 3 7 9 7 5 5 8 5 2 4 4 6 16 10 9 2 10 2 4 1 3 4 6 2 3 2 1 6 8 2 6 3 2 3 5 5 4 6 9 
3 4 3 3 3 3 3 3 3 1 2 3 6 2 4 3 2 5 4 3 8 1 5 7 2 2 5 2 7 2 2 3 4 7 2 1 5 9 3 4 5 6 7 2 4 3 3 2 3 3 2 6 1 2 5 1 1 4 4 5 7 2 1 7 
4 3 1 3 11 5 3 27 5 4 2 3 3 5 2 12 2 3 2 7 1 4 3 16 4 4 5 7 4 5 5 4 4 3 3 4 6 4 5 4 2 4 2 3 3 2 5 3 2 11 2 2 5 5 1 6 3 5 6 8 2 3 2 2 
1 1 6 1 7 3 5 1 3 2 1 8 3 5 24 3 6 5 5 5 4 10 10 3 4 1 7 2 2 6 1 2 5 1 4 2 4 4 4 5 5 2 3 8 6 4 6 5 1 1 3 3 15 3 6 7 5 3 3 7 3 8 6 5 
1 2 2 2 5 6 1 4 13 7 5 1 2 4 6 1 3 10 2 3 1 1 3 5 1 1 6 1 1 1 4 1 8 3 5 2 2 4 3 5 8 4 4 6 7 4 2 5 5 1 4 1 5 15 4 4 5 2 2 5 7 5 4 5 
3 3 8 6 5 10 3 2 2 7 7 4 4 2 13 10 3 4 4 5 2 1 3 5 5 3 2 4 3 3 6 1 4 3 3 7 3 6 4 6 8 7 5 12 7 2 4 3 11 6 4 2 4 4 2 3 2 5 2 5 6 5 2 7 
8 3 3 4 2 2 5 2 3 2 10 4 2 2 11 4 1 10 3 7 6 3 3 2 4 4 5 2 3 2 3 4 5 3 3 6 20 4 4 2 2 4 2 3 6 7 2 16 7 6 3 4 5 6 4 2 4 3 5 2 1 1 11 3 
5 4 5 2 5 3 8 15 9 7 1 3 5 2 2 7 5 2 8 3 2 3 15 3 3 5 1 5 6 10 4 1 10 7 2 1 1 3 2 15 2 14 3 2 4 3 5 1 3 9 3 3 5 4 4 7 1 4 1 1 3 14 3 1 
1 4 6 2 2 4 6 4 2 3 3 2 4 18 4 1 2 1 1 6 3 3 4 3 2 6 4 7 7 2 3 6 7 6 2 2 3 3 5 3 5 1 4 8 18 5 3 10 2 6 1 2 1 2 1 2 1 3 3 5 3 7 2 2 
1 2 4 3 3 6 3 3 3 4 2 4 7 11 3 4 1 2 3 6 1 8 6 4 3 2 1 6 4 9 1 3 8 1 2 2 2 5 5 3 3 5 3 6 2 4 2 1 8 1 3 3 5 2 2 2 4 5 5 5 4 6 4 3 
2 6 3 2 2 3 1 5 10 2 3 1 5 8 1 4 2 3 2 2 15 2 6 17 5 6 2 1 2 2 2 2 2 2 6 2 2 2 3 2 3 7 5 4 3 3 2 2 11 4 13 5 6 3 8 7 4 5 3 4 5 4 1 3 
5 3 4 5 2 1 2 1 4 7 2 13 4 7 8 4 2 4 3 2 3 6 2 4 3 4 3 9 5 5 3 5 6 5 5 6 8 4 3 1 5 2 2 4 3 6 5 8 3 3 11 4 10 3 1 5 8 1 1 17 7 5 4 1 
3 6 3 3 6 1 5 7 5 11 2 3 9 8 4 4 5 5 7 4 3 2 6 4 1 2 3 7 1 3 7 1 8 2 3 7 2 2 5 8 6 2 9 4 3 9 3 2 3 3 1 6 1 3 6 5 6 2 16 4 3 11 2 6 
3 6 4 1 9 5 2 1 2 3 3 3 1 2 9 4 1 5 4 6 6 4 4 4 6 20 6 12 3 4 4 6 3 4 2 3 1 1 1 4 6 4 1 10 3 1 5 3 3 5 10 6 3 4 3 6 2 5 2 3 18 8 2 2 
2 2 1 9 4 1 8 9 5 2 8 1 2 2 6 3 3 7 3 2 8 6 7 1 4 2 7 2 2 3 5 5 4 16 2 1 8 2 6 3 2 6 6 6 3 1 4 3 6 10 3 1 4 9 5 10 4 5 10 5 4 1 1 2 
2 1 3 4 8 4 7 1 3 4 3 8 2 10 2 4 3 8 3 2 2 2 10 5 3 3 4 3 6 3 5 4 4 5 2 9 4 10 2 7 2 1 4 3 4 5 2 2 11 4 4 7 10 1 4 3 2 6 2 8 3 25 3 11 
1 3 1 4 4 1 4 3 6 2 2 2 15 4 2 2 2 10 1 8 1 3 3 4 2 7 2 2 5 11 10 3 2 2 15 4 5 4 1 5 1 5 3 5 3 2 4 2 4 3 3 8 2 3 4 1 4 1 12 1 8 2 3 7 
2 6 2 5 1 3 2 10 3 5 6 2 5 6 5 3 3 5 8 3 2 15 4 3 2 2 4 4 8 5 12 8 1 3 4 6 9 3 10 2 3 3 2 5 1 2 1 2 2 7 1 5 3 1 2 6 2 5 4 6 3 14 2 9 
5 1 3 2 2 4 2 8 5 1 1 7 9 4 2 15 15 3 2 4 2 5 4 2 5 4 2 4 1 16 4 3 5 2 1 6 3 4 1 3 3 2 2 8 2 7 4 6 1 2 6 1 1 3 5 2 4 3 1 4 4 7 5 1 
6 8 4 5 5 6 8 2 6 3 6 4 10 4 5 2 5 2 21 4 4 6 3 4 3 3 2 3 2 1 3 6 2 2 4 3 8 3 8 7 10 3 4 4 8 5 3 3 3 3 2 7 3 3 3 3 3 5 4 4 9 1 3 4 
5 4 3 4 4 2 8 3 2 2 1 3 3 1 2 6 7 3 4 2 5 8 1 3 1 12 2 9 7 1 4 2 2 4 4 7 6 1 6 8 3 3 2 1 4 8 4 4 4 5 14 15 11 2 2 1 1 3 1 2 3 2 6 5 
3 6 2 4 2 8 1 1 3 2 5 4 3 3 2 4 3 4 3 1 3 3 6 4 1 4 2 5 11 1 12 3 2 5 2 11 4 4 2 4 2 2 4 2 4 4 5 1 3 6 4 2 3 6 5 1 1 2 5 2 4 4 1 4 
6 2 29 1 1 4 19 3 24 4 2 4 2 5 5 2 12 6 5 3 5 8 4 1 5 6 3 3 3 1 1 5 5 3 1 3 3 10 8 7 8 8 16 7 4 3 2 1 2 4 13 7 2 5 2 3 4 4 3 9 3 4 1 3 
3 2 3 2 2 3 5 5 6 3 2 3 7 5 5 3 1 5 4 9 2 5 12 4 2 4 1 4 4 5 7 6 4 5 2 3 3 17 4 2 4 4 5 2 3 5 3 8 4 6 3 18 4 4 4 3 17 3 1 6 2 3 6 8 
7 2 3 3 2 2 2 2 2 4 2 5 5 5 8 2 3 4 8 10 12 7 2 2 4 11 5 9 4 2 6 3 1 3 1 8 2 4 1 4 4 3 2 5 1 8 3 1 5 1 7 5 4 1 7 6 2 2 3 3 7 1 5 1 
4 2 15 5 1 4 3 4 10 1 3 2 5 2 3 2 5 2 2 20 1 3 4 3 3 1 1 6 4 2 6 3 4 3 3 1 6 4 3 5 4 2 4 3 5 2 3 4 1 4 6 8 2 2 3 2 1 4 6 2 4 2 13 4 
8 2 4 5 5 7 5 2 3 10 1 10 1 4 4 2 6 3 4 2 4 1 2 4 3 4 4 10 3 4 4 2 10 4 1 2 7 7 1 2 4 5 2 6 3 8 7 5 2 5 6 6 2 1 5 1 2 2 2 4 2 3 5 1 
5 5 2 1 2 2 2 5 4 8 6 3 10 4 4 5 5 2 5 1 8 4 2 5 8 5 5 5 3 2 1 8 3 14 4 5 4 9 4 3 4 2 2 4 7 6 4 3 2 4 4 5 5 4 3 12 1 3 13 2 3 2 4 9 
10 4 2 2 1 6 6 4 2 2 2 7 8 7 3 1 8 3 3 2 2 10 3 3 7 11 6 4 2 6 1 7 2 4 4 2 3 2 2 3 7 6 4 3 1 2 2 6 5 2 18 3 4 7 5 8 2 2 4 5 3 5 3 3 
5 5 2 3 2 4 5 7 4 5 6 4 4 2 4 2 2 3 4 3 2 3 5 4 2 2 6 3 6 2 2 4 5 6 4 3 9 4 3 8 3 5 5 3 3 2 6 3 2 7 12 2 10 3 17 2 1 3 4 2 3 1 2 6 
3 4 6 3 2 6 1 7 9 3 3 4 6 1 4 3 11 4 6 6 3 1 13 2 8 5 1 6 20 2 1 2 7 4 3 6 14 2 4 2 4 3 2 3 3 4 7 2 9 6 4 1 6 2 7 3 2 5 3 2 2 2 2 2 
4 3 3 4 4 1 4 3 3 66 8 4 2 3 11 11 11 6 12 4 1 6 2 1 2 2 4 2 3 8 4 3 8 3 6 7 1 2 13 3 2 2 2 3 1 4 2 2 1 2 2 9 3 3 4 13 5 1 4 2 7 2 4 1 
3 6 3 5 6 2 3 6 7 9 7 4 7 5 3 4 3 12 4 2 12 3 8 2 1 4 3 3 6 8 4 1 2 4 3 9 1 6 3 2 5 4 16 3 4 7 2 2 4 20 3 4 3 8 5 6 2 2 2 1 5 5 6 6 
1 3 4 5 2 4 15 10 4 4 5 3 1 3 2 12 25 3 5 1 3 3 4 5 4 21 2 2 11 4 4 4 6 7 5 4 4 5 7 2 3 1 16 2 2 1 2 3 3 3 3 1 2 2 3 3 5 2 1 1 2 4 4 1 
5 8 2 3 11 3 8 3 1 2 3 2 1 3 7 2 1 8 3 3 4 2 10 15 2 7 10 4 6 6 3 8 10 2 4 4 2 8 2 7 2 3 4 3 9 6 3 1 1 8 2 2 10 5 2 3 3 2 4 6 5 3 2 9 
3 2 5 3 5 2 3 2 3 10 3 2 2 1 3 2 2 6 2 4 1 3 4 1 5 6 2 7 5 6 10 1 4 8 5 2 4 3 6 8 14 2 5 2 3 1 4 5 4 8 4 2 2 9 2 6 2 3 3 1 7 2 9 2 
11 3 3 2 4 1 2 6 5 2 3 4 6 4 6 5 1 6 1 4 6 6 4 7 2 1 4 3 5 3 3 3 1 5 6 1 4 1 3 8 2 8 2 8 4 3 9 5 2 18 5 4 1 3 15 3 10 4 2 2 4 4 3 5 
1 2 4 7 4 4 4 2 1 2 3 2 6 3 1 2 3 6 5 4 5 4 3 8 1 2 2 5 2 3 1 8 2 2 6 2 2 2 4 2 10 3 6 6 6 3 4 5 3 1 2 4 3 2 5 5 2 7 2 4 3 3 1 8 
1 13 3 15 2 4 3 7 2 1 14 3 7 1 3 10 2 2 2 14 2 2 4 5 5 3 5 19 9 3 5 1 16 3 3 2 4 2 3 6 2 4 1 2 4 3 6 2 1 1 1 1 5 1 3 4 2 6 3 3 7 5 9 6 
6 4 8 5 10 5 2 4 2 5 6 5 3 3 2 3 2 3 2 5 2 1 2 12 10 2 3 2 3 1 1 5 7 2 2 5 4 7 4 5 4 1 2 3 3 2 7 3 4 2 6 1 2 1 2 2 2 3 4 5 5 5 7 6 
4 2 4 4 5 3 4 10 2 2 3 1 7 3 5 4 20 3 2 9 6 3 2 2 6 10 5 5 15 3 2 4 4 5 1 2 1 4 2 4 5 3 7 5 8 3 4 4 4 3 4 5 4 12 5 4 2 33 9 2 6 6 8 3 
6 4 5 2 2 2 12 3 6 6 2 20 8 1 3 6 6 2 4 3 3 5 3 2 5 3 2 3 1 5 3 11 6 11 4 6 5 2 6 5 18 3 8 3 4 1 8 5 8 5 2 2 3 2 1 3 1 5 5 8 4 1 4 2 
3 5 4 3 1 4 10 4 3 4 17 3 2 1 6 3 4 7 3 3 10 5 1 3 4 3 2 3 4 2 4 2 2 4 5 6 6 6 2 5 4 7 6 5 1 6 5 2 10 9 2 2 1 2 5 4 1 7 6 3 4 2 1 8 
8 2 3 4 1 11 5 3 1 4 14 2 2 4 4 7 3 3 10 6 6 10 3 3 1 2 4 17 8 2 1 8 2 7 3 1 7 3 8 1 3 2 1 2 1 6 2 1 8 4 2 6 5 2 2 4 2 4 4 5 4 2 2 2 
3 10 1 4 3 4 2 4 6 1 4 4 2 5 2 3 4 4 9 2 6 4 2 6 4 4 3 7 2 2 3 3 2 5 24 2 3 4 5 5 3 2 2 1 3 4 5 5 11 6 10 14 9 5 5 3 3 7 3 4 3 1 2 2 
2 2 3 2 4 4 3 3 4 4 1 6 2 1 2 3 2 3 2 1 3 1 2 4 3 2 2 5 12 1 3 1 8 5 2 6 3 1 4 5 7 12 3 12 3 3 5 4 1 5 3 2 4 9 1 2 7 4 4 5 1 2 1 4 
4 2 1 3 6 3 4 3 8 13 6 4 3 5 8 3 3 2 20 2 7 1 4 2 1 3 1 1 4 5 1 6 2 2 3 3 3 1 4 3 5 2 4 5 3 6 4 9 8 14 4 3 4 3 6 16 18 11 18 4 1 11 3 4 
1 2 4 21 2 4 1 1 2 4 5 10 4 8 2 4 6 2 2 8 8 1 7 3 1 4 3 2 2 10 4 3 4 2 2 1 4 2 2 3 8 4 5 4 1 4 4 2 4 1 1 3 6 7 5 4 4 1 5 2 3 4 8 5 
9 2 12 3 7 1 2 7 4 7 7 2 3 1 1 1 5 13 6 5 3 2 8 11 1 5 2 8 2 1 4 2 2 5 2 2 11 1 2 1 3 1 4 3 4 9 3 5 4 3 2 4 4 3 16 2 2 2 3 4 4 2 1 2 
2 3 7 2 8 4 2 6 4 4 5 2 7 6 2 6 14 4 8 3 4 6 6 9 1 9 3 5 2 1 5 2 3 6 6 2 3 6 2 2 3 5 5 2 1 4 1 5 2 2 1 3 2 2 1 2 5 2 4 2 2 2 3 3 
5 2 2 3 3 3 2 4 2 1 3 3 16 1 3 6 1 6 2 3 1 1 5 2 1 2 2 5 6 4 2 7 2 2 7 5 3 1 2 2 9 5 2 4 5 5 4 3 1 2 4 4 8 3 2 3 5 3 4 4 3 3 4 3 
3 3 4 3 6 4 4 2 4 3 4 4 5 2 3 4 12 1 4 2 2 2 4 4 2 3 15 6 10 2 11 6 5 2 5 9 2 7 8 5 2 3 1 7 2 1 3 2 3 3 7 3 9 3 3 7 4 4 2 8 5 3 5 4 
4 3 11 2 2 3 3 5 3 1 3 3 4 2 3 4 5 4 3 3 5 4 4 6 9 4 4 4 1 2 1 1 3 2 2 4 1 4 14 2 4 7 6 7 2 2 2 2 4 3 21 7 5 2 4 3 8 3 2 3 9 3 3 3 
1 3 1 2 3 5 9 3 5 3 2 4 2 7 19 2 2 4 5 3 6 3 1 7 6 1 5 8 1 3 1 5 5 2 4 3 19 3 1 4 4 1 4 5 2 5 3 20 9 4 11 1 1 2 2 3 2 1 1 5 6 3 5 5 
2 2 12 3 5 3 6 2 7 3 7 3 5 5 4 3 5 4 2 1 2 6 3 2 2 3 3 4 4 3 4 4 1 2 4 3 4 1 4 2 2 1 1 5 4 4 3 4 16 1 8 4 1 4 1 5 4 5 4 2 2 1 6 3 
4 2 2 9 2 4 3 2 4 2 4 3 2 8 8 1 2 10 8 3 10 9 2 3 4 3 6 7 1 5 7 1 17 2 5 3 2 3 5 3 7 3 3 1 2 3 2 7 1 2 4 14 5 1 4 5 5 1 4 4 3 1 3 2 
1 2 5 8 3 4 2 2 3 2 3 4 2 2 3 4 4 2 2 8 3 2 1 2 8 8 3 8 6 5 3 2 3 4 6 3 6 1 3 3 6 22 5 4 5 1 4 5 9 5 4 3 2 4 3 1 8 1 5 3 4 6 5 3 
2 3 2 1 3 5 5 3 2 14 10 2 8 2 24 5 6 2 2 2 7 6 1 14 8 3 17 5 6 2 16 26 2 3 2 8 4 13 3 3 5 1 3 2 2 4 3 6 6 7 4 12 13 4 1 2 1 9 4 4 6 1 5 1 
3 2 2 1 7 3 20 2 2 1 5 5 16 1 18 6 6 2 2 3 1 4 2 6 2 2 1 4 2 4 5 2 3 2 3 3 3 13 1 2 15 7 8 1 3 3 2 1 3 5 3 5 4 3 10 1 2 2 1 1 4 6 4 3 
8 4 2 6 8 2 2 1 5 1 3 8 3 5 3 6 3 2 3 2 3 2 4 7 1 1 5 2 4 2 4 3 4 4 6 25 7 5 2 9 2 5 4 5 2 7 3 6 5 3 2 7 1 3 1 8 1 4 2 5 3 2 3 4 
1 6 6 4 3 5 7 4 2 4 2 2 9 2 1 5 4 7 4 6 2 2 5 2 1 2 2 3 6 2 20 9 5 2 5 8 8 2 5 1 2 4 3 1 1 1 2 3 7 3 7 5 2 2 4 16 5 4 3 3 1 8 5 2 
4 3 2 3 6 2 3 2 3 4 9 6 3 4 2 8 10 7 5 5 1 3 2 4 4 2 2 4 20 1 4 3 2 4 3 5 9 6 7 8 4 2 8 2 7 5 4 3 3 4 3 4 1 4 2 1 4 6 1 3 1 6 3 5 
5 4 4 1 3 2 4 3 3 8 5 4 2 3 2 3 3 4 5 2 5 1 3 1 5 1 3 1 3 3 4 1 4 2 3 1 2 3 2 4 3 1 2 2 1 2 4 3 2 3 1 1 5 1 3 3 2 1 3 2 3 1 2 2 
2 3 2 2 3 2 2 2 2 1 1 2 3 2 1 6 1 2 3 4 14 4 1 3 3 4 3 3 5 3 1 5 5 3 2 3 2 2 3 3 1 3 3 5 3 2 4 6 3 1 3 1 3 3 3 2 3 3 1 3 2 5 2 2 
2 3 3 4 2 2 2 4 1 2 3 1 2 4 1 4 1 12 1 4 2 1 9 6 1 3 1 1 3 1 2 4 3 1 2 7 1 2 2 3 5 2 2 3 4 1 1 4 6 1 5 10 4 2 3 6 8 4 2 2 2 2 2 1 
3 2 1 3 8 2 5 9 2 3 1 2 2 1 1 2 2 2 2 5 1 3 2 2 4 5 3 1 3 3 2 3 3 5 2 1 3 1 4 1 3 3 2 3 2 3 2 1 1 5 4 1 2 2 3 5 4 5 2 1 6 1 6 1 
4 2 1 4 2 8 3 2 4 2 2 1 4 1 3 4 3 1 2 4 3 5 6 1 2 2 1 3 3 4 2 5 1 2 2 2 6 1 3 2 5 3 1 4 6 2 1 3 2 2 1 4 1 6 4 1 2 2 3 1 1 5 3 3 
2 1 1 3 1 8 1 2 3 1 3 2 1 6 7 4 1 5 2 3 1 6 4 2 7 1 5 3 5 2 4 2 1 1 1 1 1 5 3 4 3 4 6 1 5 5 3 3 3 5 2 2 1 3 1 3 5 3 5 2 4 1 3 1 
2 2 2 7 6 3 2 2 5 3 1 2 2 1 5 2 2 5 4 1 2 2 5 2 2 1 1 7 2 2 2 1 1 3 2 3 2 1 2 6 6 1 4 1 4 9 3 3 3 2 2 2 4 1 3 5 2 5 1 1 3 2 1 1 
3 1 2 1 3 2 3 4 16 2 3 3 3 2 5 5 1 1 2 4 2 2 2 1 2 2 4 3 2 2 4 8 5 1 1 2 1 1 2 2 2 3 1 2 2 3 2 2 2 2 2 1 2 4 2 3 1 1 6 3 5 5 1 6 
2 1 7 4 18 3 3 5 2 4 3 8 6 2 3 3 4 6 2 3 2 4 5 2 3 2 2 2 2 4 3 7 6 4 4 2 4 1 1 2 2 5 3 2 6 2 2 4 4 5 1 3 1 1 1 3 3 1 5 5 3 2 1 3 
3 2 2 1 3 5 2 1 1 3 3 2 3 2 2 2 2 1 4 3 2 2 2 3 2 1 2 2 2 1 2 2 2 1 1 3 1 3 2 1 6 3 2 1 4 2 1 2 1 1 3 2 1 2 1 2 3 5 3 1 3 1 1 2 
1 2 2 5 3 3 4 2 2 2 4 3 1 1 2 3 3 2 2 9 2 2 3 2 2 4 2 2 3 5 5 4 3 3 4 4 5 2 1 2 2 4 4 2 4 3 1 4 3 4 1 2 2 1 2 4 2 3 3 1 6 2 2 3 
2 5 1 2 1 4 4 1 5 2 2 1 2 2 17 2 1 3 1 2 3 5 2 5 1 2 2 2 8 5 3 1 2 2 2 4 3 1 2 2 1 6 5 5 2 2 1 4 4 5 3 1 2 1 2 2 5 2 3 2 4 18 5 2 
1 3 1 2 2 3 3 2 1 4 2 2 2 2 4 3 2 2 6 1 1 3 2 3 7 3 4 5 1 3 4 2 7 2 4 5 2 3 6 1 3 6 4 2 1 5 8 1 2 5 2 1 1 4 3 2 3 2 1 1 2 4 1 3 
5 1 3 5 4 3 1 1 9 1 4 1 6 2 3 3 6 2 1 5 2 6 1 2 2 3 2 1 1 3 2 2 5 2 4 2 6 3 1 2 4 3 6 3 4 4 2 2 3 2 3 2 1 1 1 2 2 2 2 3 2 3 3 5 
5 2 2 1 2 7 2 1 2 5 3 1 3 3 3 1 3 2 1 3 2 1 2 4 2 5 2 2 3 4 4 3 2 3 2 2 2 1 5 4 1 2 1 1 3 1 3 2 3 1 3 6 2 2 4 2 3 1 3 2 2 5 2 1 
3 2 1 3 4 1 2 2 3 3 6 4 2 2 2 1 1 2 3 1 1 6 2 5 3 1 2 2 6 3 3 4 4 2 1 2 1 2 5 5 3 1 2 2 8 2 5 4 3 5 2 1 2 1 6 4 1 3 2 2 1 5 1 3 
2 2 6 3 4 3 4 1 2 2 3 5 6 2 1 1 1 1 8 3 2 4 6 4 2 4 3 3 2 1 3 2 6 3 6 2 2 1 2 1 3 2 3 1 2 3 7 2 5 6 2 2 5 1 3 3 2 3 2 1 3 3 5 7 
3 3 1 1 2 3 2 2 4 2 1 3 1 5 2 1 1 3 3 1 2 3 4 2 1 3 2 2 2 4 2 3 1 3 1 1 1 1 4 3 2 2 3 2 6 2 2 1 2 1 3 1 5 3 3 5 1 3 4 3 2 2 4 3 
3 7 4 2 2 4 6 3 1 7 7 2 2 2 3 2 1 3 3 2 2 1 2 3 3 1 2 3 2 1 2 2 5 6 6 1 2 2 2 1 1 2 1 2 3 5 3 2 1 2 3 1 1 5 4 2 2 1 2 4 5 1 4 3 
3 1 7 4 5 2 4 10 3 1 3 2 1 4 2 3 1 4 3 1 5 4 5 3 2 2 1 3 5 1 2 8 1 1 10 3 1 2 1 2 2 6 2 7 1 1 1 2 6 2 2 2 2 2 1 2 6 3 3 2 2 4 4 7 
2 4 3 1 6 2 2 2 5 2 4 11 3 2 4 1 4 3 1 2 4 2 3 2 4 2 1 2 3 1 2 11 6 4 2 3 2 2 3 5 1 1 2 3 1 2 3 2 1 2 4 3 1 3 1 2 2 1 1 1 4 3 2 2 
1 3 1 3 4 4 2 1 6 3 4 2 2 2 1 3 2 3 1 2 1 1 1 9 1 2 3 1 1 2 4 2 4 3 4 1 2 2 2 3 1 2 2 2 4 5 2 1 2 4 1 1 4 5 3 2 3 5 2 2 4 1 2 5 
6 2 1 1 1 3 2 2 2 4 3 9 1 1 8 1 2 1 5 3 4 6 3 8 1 2 1 1 3 1 1 3 1 4 2 5 3 2 3 2 2 4 3 1 1 1 4 1 1 5 5 1 5 1 3 1 2 4 1 3 1 1 2 2 
3 1 1 2 2 3 4 2 1 1 1 2 3 1 3 1 1 5 5 3 4 2 3 2 2 2 1 10 2 1 3 7 4 4 2 3 2 7 1 2 1 3 3 4 2 2 5 4 3 2 1 3 3 4 2 1 5 1 3 1 6 3 5 3 
1 2 3 3 1 2 2 1 2 1 2 1 1 2 2 2 3 3 1 4 1 5 1 4 6 2 3 1 2 2 6 8 5 5 3 5 2 2 5 1 4 2 4 2 3 2 4 1 1 3 2 4 2 5 5 3 4 4 3 2 4 3 1 1 
7 3 3 2 9 1 5 2 1 3 6 1 5 2 6 2 1 2 1 2 2 5 3 2 5 1 1 1 5 2 3 1 3 2 4 4 3 1 1 1 3 2 4 5 6 3 2 2 2 4 3 1 2 2 2 5 5 4 2 3 2 2 2 4 
3 3 1 2 3 1 4 1 4 2 2 2 3 3 1 3 3 2 2 2 2 5 1 3 2 4 1 3 2 1 2 7 1 2 2 7 2 1 1 1 5 5 4 3 1 3 3 2 3 3 1 5 3 5 3 1 1 5 2 3 3 3 3 2 
3 3 2 1 4 2 3 1 1 6 2 4 2 3 2 3 1 2 1 2 1 4 2 1 8 1 2 4 3 4 1 3 7 3 4 3 8 3 2 2 6 1 2 5 2 2 1 9 3 3 2 1 3 4 3 4 4 3 2 1 6 5 6 1 
1 7 2 5 4 1 3 1 2 4 2 4 1 3 3 3 4 2 1 3 1 2 3 2 1 3 1 3 5 1 1 9 1 1 1 3 1 3 2 1 3 5 1 1 1 4 3 4 2 3 2 1 1 2 2 2 1 2 2 10 2 4 10 3 
1 2 2 1 4 1 2 6 8 2 3 2 7 2 2 3 2 3 4 6 4 1 3 3 3 3 2 2 1 3 2 1 1 2 2 3 2 3 2 2 3 4 4 2 3 1 3 1 1 7 1 2 3 2 2 1 3 1 2 2 1 6 1 5 
3 2 4 1 1 5 2 2 2 3 2 3 1 2 3 1 2 1 3 3 2 2 4 2 3 4 2 5 5 2 3 4 7 3 3 1 3 2 2 2 2 4 2 3 1 2 2 3 3 2 1 1 4 2 2 1 3 1 4 2 5 3 2 2 
5 4 1 1 4 2 5 2 4 2 2 10 5 3 4 3 1 4 1 1 8 2 2 5 4 2 2 2 6 7 2 1 8 7 2 2 1 3 2 1 2 2 2 1 1 1 9 2 6 1 2 2 6 1 3 4 3 2 2 1 6 9 1 2 
7 4 2 2 5 2 2 1 1 7 2 5 2 2 1 6 1 8 2 1 2 4 2 2 2 3 1 3 3 4 2 1 1 3 2 3 2 7 3 3 3 2 1 2 3 3 6 6 1 4 1 2 4 3 2 4 1 4 4 3 1 2 3 1 
3 2 3 2 4 4 2 2 1 1 3 3 1 2 2 4 3 12 1 3 2 1 2 10 3 1 1 5 4 1 6 3 2 4 6 7 3 3 1 4 4 12 3 1 1 3 1 1 2 7 6 4 2 4 4 3 2 2 2 3 1 2 1 1 
3 1 2 2 2 5 2 1 1 1 2 1 2 1 1 2 4 3 1 6 5 1 4 2 2 2 5 3 3 4 2 1 3 1 3 2 1 5 1 2 2 4 4 2 4 7 3 2 4 2 1 2 4 4 3 13 6 2 10 6 1 4 4 2 
2 2 2 2 3 7 1 2 2 4 4 4 3 2 5 2 4 2 4 2 3 3 4 1 2 2 2 4 2 5 6 2 1 1 5 6 3 2 2 2 1 1 3 3 5 3 3 3 3 7 3 2 4 3 6 2 3 1 2 4 2 3 2 1 
2 2 4 1 1 1 1 2 4 3 6 1 3 1 3 2 4 3 2 5 2 6 2 4 4 2 11 4 3 3 2 5 1 2 9 7 3 2 3 2 2 3 1 4 1 1 1 1 3 4 1 3 5 2 3 1 1 3 1 2 2 1 1 2 
4 1 1 1 3 1 1 4 2 2 3 1 5 4 5 2 2 1 1 2 2 7 8 1 2 2 5 2 2 3 5 2 4 3 3 1 2 2 2 6 1 1 3 4 6 3 2 2 4 4 4 1 3 2 3 5 2 1 4 4 2 1 6 4 
2 1 2 2 4 5 1 2 1 3 9 1 4 2 2 1 1 2 2 2 1 1 2 3 1 1 1 3 2 4 2 2 2 7 3 3 7 9 1 4 7 3 2 2 1 1 2 8 3 5 5 7 1 3 5 3 1 2 2 3 3 2 3 3 
5 1 1 2 2 1 2 4 2 6 3 2 2 2 2 2 1 2 2 1 3 1 6 1 4 3 3 2 7 2 4 2 2 1 6 3 2 1 8 3 4 1 2 1 7 1 3 1 3 2 9 2 1 2 3 1 4 2 2 2 4 3 2 1 
4 2 2 3 5 6 4 2 5 2 2 1 1 8 5 6 3 2 3 3 2 5 1 1 2 1 2 4 4 7 1 5 2 2 3 4 4 4 3 2 3 2 1 3 3 2 2 5 3 1 1 5 3 2 2 2 4 3 1 2 4 5 7 3 
1 2 4 2 7 5 3 5 2 1 1 3 3 7 8 1 1 3 2 3 7 3 1 3 2 3 3 3 2 20 3 4 2 2 1 1 2 2 2 2 3 1 4 3 1 1 1 1 5 2 5 3 4 6 1 1 2 4 3 4 4 2 2 2 
2 9 2 4 3 2 3 3 2 2 1 1 1 1 3 2 3 1 3 2 2 1 1 2 2 4 2 1 2 3 4 7 3 3 2 3 2 4 1 2 5 4 3 2 1 1 3 1 3 2 3 1 10 3 3 2 1 2 4 2 3 1 5 2 
2 3 8 1 3 2 2 2 3 10 1 1 3 2 1 2 2 3 2 1 2 5 11 1 2 1 3 5 2 3 2 2 1 1 1 3 5 1 6 4 2 6 5 8 7 1 17 4 1 3 3 2 2 2 1 2 1 5 2 1 3 4 3 1 
5 1 1 4 1 5 1 2 3 1 5 6 3 2 1 4 8 2 1 2 2 1 1 1 7 10 2 5 3 1 3 4 1 3 2 2 2 2 4 2 4 2 3 2 2 1 3 2 3 2 4 1 2 7 5 4 3 5 3 3 2 1 3 1 
4 1 5 4 1 7 2 1 2 4 6 3 1 2 2 2 1 3 3 2 5 4 1 5 2 4 2 9 6 1 4 1 2 3 4 2 3 1 3 4 2 1 3 2 2 4 3 3 2 6 2 1 5 4 3 8 3 1 2 3 4 4 1 3 
1 3 1 2 2 4 2 2 2 1 1 2 1 4 4 1 10 13 2 6 1 4 1 3 3 1 4 3 1 7 4 5 1 7 1 3 1 5 2 1 2 3 3 3 2 2 2 1 4 3 4 4 4 1 5 2 4 6 4 5 1 3 1 3 
3 3 8 7 1 5 5 2 3 3 4 2 4 2 2 3 2 4 3 1 1 2 2 6 2 2 2 3 2 6 1 3 1 1 2 1 6 1 2 3 5 5 2 4 2 3 2 1 14 2 5 1 3 1 2 3 1 2 2 8 2 1 1 5 
3 1 2 5 2 3 4 2 2 5 3 2 2 1 1 2 2 5 2 1 4 7 2 2 12 7 2 1 6 2 1 2 3 3 3 3 2 1 10 2 1 8 1 3 4 2 2 2 2 1 4 3 3 2 3 2 5 2 1 4 2 1 2 6 
4 1 2 1 2 4 1 1 1 2 5 3 3 2 1 1 3 1 1 1 3 5 1 5 1 3 3 2 1 2 1 2 1 2 5 5 2 3 4 5 3 1 1 3 1 2 5 1 2 1 1 2 1 2 2 4 3 1 6 2 15 3 1 3 
2 5 5 1 1 1 2 2 2 1 2 1 2 2 2 2 1 3 1 2 2 2 2 1 4 3 1 1 3 4 2 3 2 9 4 6 4 3 2 3 4 5 3 3 3 3 1 1 1 6 2 2 2 3 4 5 4 1 2 2 1 2 2 2 
2 4 2 2 3 1 2 2 1 2 2 2 3 3 2 5 2 1 4 2 1 4 2 3 4 1 1 2 1 1 1 2 3 2 3 2 3 4 2 2 2 1 1 3 1 3 2 3 1 1 6 2 2 1 3 2 2 4 2 5 9 2 4 3 
2 2 2 6 5 9 2 3 1 2 4 5 5 1 2 2 3 1 1 3 5 4 2 1 1 4 1 1 3 2 1 4 5 1 2 1 3 3 2 2 2 2 4 2 1 3 1 2 2 2 1 3 2 4 2 5 3 2 2 5 1 2 5 5 
7 4 4 3 1 1 2 1 1 2 1 6 3 2 1 2 3 4 7 5 2 2 3 4 1 2 6 1 3 1 9 2 1 4 1 2 3 3 2 4 2 9 2 3 3 1 6 2 3 6 1 3 4 1 2 5 3 2 1 2 2 3 5 2 
2 3 1 6 2 1 1 5 4 3 2 3 10 3 4 1 5 11 2 2 4 2 1 2 1 3 1 2 5 2 3 6 2 10 1 1 1 3 3 1 2 2 2 2 5 5 1 8 1 2 2 1 6 2 1 5 2 5 1 1 1 1 2 1 
1 2 6 2 2 3 3 4 2 1 4 4 14 1 2 5 1 2 2 2 4 1 2 2 1 1 2 1 2 3 1 3 2 3 4 1 5 1 1 2 2 2 4 3 2 2 3 2 3 3 4 5 2 9 2 2 10 4 2 1 4 5 1 2 
4 3 2 2 6 3 1 4 3 3 2 2 5 3 1 2 5 1 4 9 4 4 1 1 1 5 1 2 2 3 2 2 3 5 1 1 3 2 1 10 3 2 1 1 6 4 2 2 2 4 2 4 2 2 3 6 6 3 4 2 2 7 1 3 
2 15 1 1 1 1 3 2 6 2 3 2 1 3 3 3 4 3 2 3 1 1 1 1 1 9 1 2 2 1 1 2 1 4 2 2 1 2 2 1 2 1 1 2 1 5 3 1 1 2 4 1 6 3 4 2 4 1 2 3 2 3 3 8 
16 2 2 2 3 4 1 3 1 2 1 2 5 6 7 4 9 4 3 1 2 2 4 2 5 3 2 4 3 1 5 1 1 4 2 4 2 2 2 4 2 2 1 20 1 3 3 4 3 5 2 2 2 4 4 3 3 8 1 6 13 4 3 3 
5 2 2 2 2 2 2 4 3 2 1 1 1 3 2 1 2 9 1 7 6 3 4 4 4 4 1 3 2 2 3 2 3 2 1 2 9 2 2 5 4 2 1 2 9 3 3 3 2 2 1 3 7 3 2 3 5 6 2 2 8 1 3 1 
1 1 1 3 1 1 4 1 4 3 1 2 1 5 3 2 4 2 2 4 2 2 1 1 1 5 2 4 1 3 2 1 2 4 2 3 3 1 2 5 5 4 4 3 3 3 4 1 1 3 2 2 2 1 3 5 1 4 5 3 3 2 1 2 
6 7 3 1 1 2 2 2 2 2 1 3 2 6 1 4 5 2 3 1 2 4 2 1 2 3 1 1 1 4 7 2 1 2 2 6 3 3 1 3 2 4 1 2 2 2 5 3 3 1 3 4 4 2 4 1 3 3 2 4 8 1 2 4 
2 2 3 2 2 2 3 1 1 2 2 2 3 2 2 2 4 1 2 2 2 2 1 2 2 1 2 2 2 3 1 5 5 3 1 3 4 4 4 1 1 2 2 3 4 2 2 2 3 2 3 5 1 1 1 2 3 2 2 4 3 1 2 2 
2 2 2 1 2 16 3 2 3 2 8 1 3 7 2 2 2 1 1 2 7 1 2 3 3 7 2 1 2 4 3 2 1 2 1 2 7 2 6 1 2 2 1 4 1 3 2 1 2 2 1 1 3 4 2 4 5 4 3 8 5 4 2 4 
1 9 2 1 5 2 1 2 7 4 3 4 3 3 1 1 4 4 3 2 1 1 3 2 3 4 3 2 1 3 6 1 3 1 2 2 2 2 2 2 3 2 2 1 4 1 2 2 1 4 2 2 1 4 3 2 2 3 3 8 1 4 2 5 
3 2 1 2 2 3 3 1 2 4 1 6 1 2 3 1 4 2 2 3 8 2 6 1 2 8 3 1 2 2 3 2 3 6 2 2 4 1 2 13 4 4 12 2 3 4 3 4 3 1 4 3 2 2 1 3 4 2 4 7 1 1 3 5 
2 2 1 1 2 2 3 1 2 5 1 3 3 1 1 1 5 4 5 3 2 5 2 2 1 4 3 1 2 4 3 3 1 3 4 2 1 1 1 8 1 1 1 1 2 2 1 2 3 2 4 2 3 4 1 8 2 3 3 1 1 2 2 1 
3 1 5 3 3 4 4 3 1 6 1 1 5 3 3 4 3 2 4 3 1 3 2 2 4 3 1 5 3 6 1 3 2 3 1 2 3 2 2 4 1 2 2 1 1 3 2 1 3 3 1 4 6 2 3 6 1 5 1 1 5 3 2 2 
2 3 4 2 3 2 1 3 3 3 2 2 3 1 2 2 3 4 3 2 3 2 2 2 2 2 3 2 2 4 2 2 7 5 2 1 6 1 2 2 4 2 1 4 1 1 3 2 2 3 2 5 1 3 1 6 2 2 6 1 3 1 8 4 
1 1 1 2 1 2 1 1 4 1 4 1 1 1 4 3 1 2 5 4 2 2 2 2 2 1 1 2 2 3 1 9 1 2 3 1 2 1 1 1 2 3 1 2 4 8 2 1 3 1 2 2 4 4 4 1 4 3 1 1 1 2 3 3 
2 1 1 4 1 8 1 3 1 4 3 2 3 1 3 2 2 2 4 4 3 3 5 3 1 4 3 1 6 5 6 1 2 1 2 4 1 7 7 3 2 1 3 2 4 2 2 2 1 2 2 2 8 2 1 7 2 3 3 4 2 13 2 3 
2 2 3 3 1 3 1 1 3 1 5 2 3 1 1 6 11 3 5 1 9 2 5 3 2 5 2 2 1 1 2 5 2 5 1 5 4 3 3 1 4 2 9 4 3 2 2 4 3 3 2 8 1 3 2 2 5 1 4 2 2 4 2 3 
3 2 11 6 1 4 2 2 2 4 1 2 4 2 1 6 2 2 1 4 1 2 2 1 1 17 2 2 5 4 1 3 1 8 3 2 3 4 2 11 3 2 2 2 2 6 4 1 1 3 3 2 4 1 1 2 1 1 1 6 3 2 3 2 
4 2 4 1 2 2 4 4 2 2 2 3 2 4 2 5 2 2 3 8 2 2 6 10 9 1 4 3 1 1 10 1 4 6 1 2 4 2 4 7 2 2 1 2 4 4 3 2 2 3 2 4 4 3 3 1 1 1 1 1 6 1 4 4 
1 4 1 3 1 2 4 7 3 7 2 1 1 5 4 5 2 2 3 1 1 6 2 3 4 1 3 5 5 2 4 4 2 3 4 1 4 1 1 2 2 6 1 2 7 6 3 9 5 5 2 1 4 5 3 2 2 2 3 1 2 5 1 2 
3 1 1 3 1 6 5 1 3 1 2 1 4 3 1 2 2 1 2 3 1 2 2 4 1 1 1 1 1 2 5 2 3 3 1 11 1 2 1 1 5 3 1 1 1 1 4 5 2 1 1 3 2 2 2 4 3 4 1 1 2 2 3 4 
3 1 4 3 2 3 3 1 1 7 4 1 4 2 2 5 3 2 3 1 2 4 1 4 6 3 4 3 3 2 2 4 1 6 2 3 7 2 3 1 2 4 1 1 9 1 2 2 2 2 2 1 2 10 1 2 3 2 2 7 4 3 13 3 
2 1 3 2 4 3 3 3 7 2 7 5 2 5 9 2 3 3 2 2 3 5 2 1 1 1 3 2 4 1 6 2 1 2 1 6 2 3 3 3 3 2 3 3 1 2 4 4 1 1 1 1 2 1 1 3 6 1 2 2 2 5 3 3 
3 5 16 6 1 3 4 1 1 2 3 2 1 2 1 2 1 2 2 4 2 2 2 1 1 3 7 4 3 2 1 1 2 2 3 4 1 1 6 4 2 1 3 1 1 5 3 1 2 1 1 5 1 2 2 6 3 2 4 3 2 4 4 3 
2 1 1 2 1 3 2 1 4 1 2 5 1 6 2 4 2 1 3 1 1 2 2 2 3 3 10 2 3 1 3 1 3 2 2 2 1 2 1 6 5 2 1 3 2 1 2 2 2 1 3 3 1 3 3 2 3 1 2 5 2 4 2 4 
6 3 4 5 3 4 3 2 16 3 1 3 2 6 4 3 2 5 3 3 8 3 1 2 1 1 6 2 3 3 2 2 3 4 1 2 5 2 3 2 2 1 4 2 3 1 5 5 2 2 6 3 1 1 2 2 2 2 1 3 3 2 3 2 
2 1 2 1 2 2 1 2 6 1 8 1 1 2 7 1 2 1 3 4 4 2 6 2 2 3 2 3 2 1 5 4 3 2 2 3 3 1 5 2 1 3 3 2 2 2 4 7 4 1 5 2 5 2 2 1 2 1 2 2 2 2 3 2 
2 2 3 5 9 1 3 3 1 1 3 2 2 2 2 4 5 1 5 4 1 11 1 6 1 2 1 3 9 5 4 5 2 4 2 1 2 2 2 2 2 4 3 4 3 1 2 2 1 2 2 2 3 2 5 3 2 1 2 3 1 2 1 2 
2 2 1 2 2 1 1 2 6 4 1 2 4 1 2 3 3 1 4 2 2 2 3 3 3 1 2 5 1 3 1 1 2 1 1 2 3 2 3 4 2 3 3 3 6 4 2 3 2 4 2 2 3 6 2 2 1 2 3 2 1 2 2 3 
8 8 2 4 3 2 2 2 1 2 1 1 2 4 1 2 3 1 2 4 1 2 2 1 4 2 2 2 4 2 3 3 1 2 1 2 2 1 2 2 1 2 2 5 3 2 2 2 3 3 4 3 3 3 2 7 2 2 2 7 5 2 3 4 
9 2 3 3 4 4 1 2 3 2 1 3 3 2 1 2 1 5 1 5 3 3 3 1 2 3 3 3 1 4 1 1 2 2 2 2 5 3 2 1 2 2 2 3 2 3 3 2 3 6 1 1 1 2 6 2 4 2 4 2 1 2 3 2 
1 2 2 5 2 2 2 2 2 1 3 2 1 4 1 2 2 3 1 2 3 3 2 6 3 3 3 1 3 2 2 4 3 2 8 6 4 1 3 2 4 2 4 3 4 2 4 2 6 1 7 1 17 2 1 2 3 3 4 1 2 2 3 2 
2 2 3 7 2 1 4 2 2 3 2 3 4 5 4 1 4 2 2 3 1 5 1 2 5 4 2 4 2 2 3 3 2 2 1 3 5 1 1 3 2 5 1 2 2 1 4 5 4 1 1 2 5 2 3 2 1 2 3 2 1 1 2 2 
4 2 1 6 3 6 2 5 4 2 1 2 4 3 3 5 1 1 3 3 2 1 4 1 3 3 1 2 1 2 2 3 5 2 3 2 1 6 2 1 2 3 3 8 3 5 5 2 2 2 5 4 3 4 5 3 6 3 1 2 1 1 5 1 
1 1 1 3 2 3 2 3 3 4 1 2 4 5 4 1 2 5 2 4 3 3 1 3 4 9 2 1 2 3 1 5 2 3 4 3 10 4 3 2 5 4 4 4 2 3 5 4 2 1 2 7 2 1 2 3 2 4 2 2 1 3 2 2 
1 2 7 1 6 5 3 3 2 2 5 1 3 2 1 6 3 2 2 16 1 1 1 3 2 5 4 2 2 1 2 5 5 1 6 1 6 2 2 3 1 4 2 2 2 3 2 2 4 8 5 5 4 5 1 3 1 2 1 8 1 6 4 2 
2 2 2 2 1 4 1 3 2 3 1 4 2 2 2 2 1 5 1 1 12 3 4 1 4 6 4 1 1 1 3 2 2 2 5 3 1 4 2 1 4 3 2 5 6 4 4 2 1 2 2 5 4 9 3 3 2 1 1 2 1 2 5 2 
5 1 6 2 2 2 2 3 3 1 4 1 1 4 5 3 4 3 1 2 1 2 4 1 3 3 2 5 1 5 1 2 3 6 1 3 2 3 3 2 4 5 3 4 2 3 3 2 1 1 1 2 4 2 2 11 6 2 1 2 4 3 1 4 
2 4 3 2 8 4 2 2 4 5 3 1 4 5 2 3 8 2 2 5 2 2 3 2 3 1 1 1 1 3 1 1 5 2 3 3 1 1 2 2 7 3 1 2 4 1 1 2 1 3 1 5 4 1 7 3 2 1 2 4 5 9 1 2 
4 2 2 5 2 1 1 1 4 2 5 8 1 2 1 1 4 5 2 4 8 5 2 2 3 2 2 3 1 2 2 4 4 2 3 3 1 6 1 2 3 1 3 1 2 1 6 8 2 3 1 3 4 4 2 2 3 2 2 4 2 7 1 1 
2 4 5 6 2 2 4 1 5 2 4 5 1 3 1 6 2 1 1 5 2 3 6 3 2 1 2 18 4 1 3 1 3 1 3 2 3 3 2 6 1 1 1 2 5 2 3 1 3 3 6 2 5 7 4 3 1 5 8 2 3 2 2 4 
9 3 1 5 6 8 2 1 3 4 3 1 2 1 3 1 3 2 2 3 2 5 9 2 1 2 5 3 5 1 4 3 1 1 2 2 2 2 4 1 3 6 7 1 2 1 3 2 2 2 2 3 1 3 1 1 2 6 2 4 3 1 5 3 
1 1 11 1 4 7 2 2 4 3 3 1 2 1 6 5 2 2 2 3 3 2 1 5 1 3 3 2 3 1 3 3 1 7 3 1 4 7 3 1 1 2 3 2 4 7 3 1 2 1 2 2 1 4 2 4 4 2 2 4 3 3 1 1 
4 4 1 1 2 3 2 1 6 1 3 2 3 1 1 3 1 3 4 2 3 1 4 2 6 1 2 3 3 3 3 2 3 4 4 3 1 4 5 2 1 3 6 1 4 1 2 1 4 2 1 3 1 3 2 4 4 2 3 1 1 2 2 3 
4 2 2 2 8 2 3 8 18 3 6 3 2 6 3 2 3 2 2 6 1 1 1 5 3 1 3 4 5 7 2 2 2 9 2 3 2 2 2 2 2 1 3 5 5 1 7 5 1 3 1 6 2 1 6 2 4 2 3 3 1 2 2 5 
2 2 1 1 4 2 2 7 2 7 5 2 1 1 4 4 8 5 4 6 2 4 2 2 1 3 3 2 3 3 3 3 5 5 4 10 2 1 6 4 3 1 3 3 2 2 3 1 5 4 4 5 2 2 4 4 2 2 3 5 5 2 4 4 
2 3 2 1 4 4 2 6 3 4 3 2 1 2 4 3 1 1 1 3 1 2 3 2 3 1 4 2 1 1 5 3 3 1 5 2 3 2 3 1 3 1 3 2 2 4 1 1 4 3 5 3 1 2 1 4 2 3 4 6 5 13 2 2 
1 4 4 1 2 2 2 5 5 1 2 2 3 2 3 2 2 3 2 3 1 3 1 5 2 3 2 4 5 1 4 1 3 3 3 4 4 4 3 2 1 2 1 5 2 3 3 4 6 2 4 2 3 2 4 1 5 2 3 2 1 3 1 3 
2 4 2 4 1 3 5 3 1 4 3 2 9 1 3 1 4 2 2 7 3 3 10 2 2 3 3 3 7 2 2 2 1 8 3 1 12 1 2 2 2 3 1 3 1 2 6 3 2 4 2 2 3 1 1 1 2 3 2 2 4 3 2 2 
2 2 5 3 2 1 1 3 2 3 3 2 4 2 2 2 2 2 1 3 6 1 2 1 2 1 1 6 3 1 2 1 3 2 3 2 2 1 3 1 2 2 2 1 2 1 6 2 3 1 2 4 3 4 1 3 3 2 2 3 1 2 4 1 
3 3 1 2 1 2 2 3 4 7 8 5 9 4 1 1 3 3 2 2 3 3 5 1 3 3 3 1 2 3 5 4 2 2 4 4 6 1 1 3 2 1 3 2 4 4 2 3 1 3 5 5 3 2 2 12 4 1 9 2 6 1 1 2 
1 3 4 3 4 2 1 6 4 3 1 4 3 1 1 5 2 1 2 3 1 1 1 1 9 3 2 4 3 4 2 6 2 2 3 5 2 3 2 2 2 2 2 2 5 2 2 1 1 2 2 1 2 2 1 1 3 1 3 1 2 2 3 4 
1 3 2 4 1 3 3 1 13 2 3 1 6 1 1 3 3 3 4 1 1 2 2 6 2 2 3 3 2 1 9 1 2 6 3 2 5 4 2 4 2 4 1 2 3 2 4 2 2 5 4 4 2 1 3 1 2 1 2 1 3 5 1 6 
4 3 2 2 6 3 2 2 3 3 3 3 4 6 1 3 5 2 6 5 3 3 2 2 3 2 3 4 3 4 1 1 5 1 3 3 4 3 2 3 1 2 2 2 2 3 2 3 1 4 3 5 2 6 1 1 5 1 1 4 1 2 2 4 
1 3 2 2 3 1 3 5 1 4 3 1 6 4 7 2 2 1 4 1 1 2 8 3 1 2 2 2 4 1 2 2 7 3 2 2 1 1 2 3 2 2 1 1 2 2 2 4 7 3 1 4 1 2 4 1 3 3 4 2 3 4 3 1 
4 1 7 4 2 1 2 4 3 2 8 1 2 5 1 3 1 2 1 1 1 2 3 4 5 1 7 1 2 1 13 4 1 4 5 4 5 2 2 3 6 4 1 3 2 8 2 1 4 2 5 4 1 3 1 3 2 2 2 3 7 3 4 9 
4 4 1 2 4 4 3 2 2 3 3 1 1 3 7 4 5 3 2 2 2 2 3 1 1 2 4 4 2 4 7 5 2 1 2 3 3 4 4 1 4 1 7 1 4 2 1 1 3 1 4 2 2 3 1 3 4 1 2 4 2 2 6 2 
4 5 1 2 2 4 3 2 2 2 2 2 2 4 8 4 3 2 1 2 1 2 6 4 3 4 1 1 4 5 1 3 6 2 2 2 5 4 2 1 5 8 3 2 1 1 4 2 6 1 2 3 2 1 3 1 2 2 1 1 2 2 5 1 
5 3 5 3 3 1 7 4 3 2 2 1 2 2 4 8 3 2 4 3 1 2 1 3 5 2 1 2 1 1 4 6 2 1 2 1 6 2 3 2 2 2 6 3 2 2 2 2 5 5 2 4 2 7 8 5 3 4 6 2 3 3 7 1 
4 1 2 5 3 4 6 2 4 4 2 3 2 3 8 4 2 1 2 1 5 2 6 1 1 6 1 2 5 2 5 1 4 3 2 6 2 3 4 3 2 2 4 6 2 4 1 2 3 5 4 1 2 5 3 3 1 4 7 1 5 2 3 3 
6 2 3 7 1 3 5 2 2 1 4 2 4 2 1 4 3 3 2 2 1 4 4 2 5 6 10 1 2 3 3 2 5 3 1 2 3 1 2 4 2 2 3 5 2 2 2 4 2 2 3 2 2 2 3 1 4 1 2 2 4 3 3 2 
3 3 5 2 3 2 2 1 3 1 6 3 7 3 2 1 1 2 3 2 2 2 4 4 2 1 3 3 4 2 2 1 1 5 2 1 3 2 5 9 2 1 3 3 1 2 1 3 2 1 2 3 1 2 2 2 6 2 4 2 7 3 3 4 
2 4 2 2 5 1 2 3 4 12 3 2 1 5 4 4 5 2 2 2 2 1 1 2 2 4 5 4 3 1 2 2 1 4 11 3 3 1 2 3 1 2 3 2 1 3 1 2 4 2 2 3 1 2 2 2 3 3 3 1 3 3 4 1 
3 1 3 4 3 3 1 3 7 2 3 1 1 1 1 3 7 1 3 3 4 3 1 1 6 3 2 6 3 2 3 4 1 2 2 7 2 1 4 5 5 2 1 4 1 7 8 4 2 1 4 2 2 9 3 2 5 3 8 4 5 4 5 2 
2 2 1 1 1 5 1 3 3 1 8 1 3 3 1 2 1 1 7 2 1 3 6 2 2 4 3 2 2 2 2 2 2 6 3 3 4 1 2 3 5 2 1 4 4 1 2 2 2 5 3 1 3 3 1 3 2 2 2 2 4 1 2 4 
1 2 2 2 5 2 6 5 1 1 1 2 2 6 3 1 1 3 4 4 2 2 3 4 2 3 6 2 4 2 2 2 2 3 3 2 4 2 1 1 1 1 4 1 3 2 1 1 1 7 7 2 2 2 3 3 2 2 3 3 3 3 1 5 
4 3 3 3 5 4 2 2 4 1 2 4 1 2 1 3 5 1 3 2 4 1 1 2 2 1 1 2 1 5 6 1 1 2 4 2 4 4 1 2 1 2 3 1 2 1 1 1 5 1 4 2 5 1 3 1 3 2 1 5 2 2 1 1 
4 2 1 5 6 5 2 4 1 4 4 1 1 3 3 1 7 1 2 2 2 2 1 2 3 2 3 2 1 4 1 13 2 5 6 3 1 2 1 3 3 6 3 4 1 4 2 2 1 3 5 7 2 2 1 2 1 3 1 2 2 3 1 3 
1 5 2 2 3 2 4 2 2 5 2 2 5 6 3 3 4 8 1 6 3 8 5 4 5 2 3 2 2 1 3 3 2 3 2 4 2 1 1 3 5 1 1 9 8 3 1 3 3 1 1 1 2 3 4 5 3 2 3 1 1 5 1 2 
2 2 5 4 2 2 2 3 3 3 2 3 1 4 2 3 3 5 3 2 3 1 5 3 2 3 4 2 2 1 4 3 9 7 3 1 9 3 4 3 4 4 5 1 2 3 1 1 6 5 3 6 2 2 4 1 3 1 2 2 3 4 3 1 
2 2 1 4 3 3 2 3 2 2 1 3 1 2 2 6 4 2 4 1 2 3 3 1 1 3 3 2 1 4 2 1 6 5 1 3 6 3 1 2 2 2 9 4 3 2 6 1 4 2 3 2 4 2 2 4 4 3 3 1 3 1 4 8 
3 3 2 2 3 7 5 2 5 2 3 2 5 1 5 1 2 2 4 2 4 3 1 2 2 2 2 2 4 2 4 1 2 11 1 2 3 1 3 1 2 3 1 3 4 1 1 3 5 4 1 3 4 2 1 3 4 2 1 10 2 2 1 4 
4 3 2 4 2 3 2 2 2 3 3 3 4 2 2 2 2 1 4 3 4 3 2 2 5 1 2 3 2 2 1 3 2 6 4 4 4 2 3 2 1 2 1 4 3 2 2 2 1 2 2 5 1 2 2 2 1 3 1 3 1 14 3 2 
2 4 4 1 2 9 4 5 2 2 2 3 9 2 5 1 3 1 2 1 1 2 1 1 4 2 3 4 6 4 2 3 3 1 2 2 2 2 2 1 8 2 2 2 1 4 1 2 1 2 1 3 2 1 1 1 1 2 1 5 3 2 2 1 
2 2 3 3 1 1 2 3 2 1 2 1 4 2 1 3 1 1 2 1 2 2 2 3 2 2 1 2 1 2 1 1 1 1 1 2 3 9 2 3 2 1 2 1 1 5 2 3 4 1 5 4 1 3 2 2 1 1 1 1 1 2 4 1 
6 1 1 2 2 2 1 3 1 1 2 6 1 2 2 2 5 1 1 2 4 1 1 2 1 4 2 1 1 1 2 2 3 2 2 1 4 1 2 2 2 3 2 1 3 2 3 1 1 2 2 3 1 1 1 1 1 1 1 3 1 3 2 4 
2 4 3 2 1 1 2 2 2 2 2 1 1 2 2 1 3 3 2 1 1 2 2 2 1 1 1 3 1 5 1 1 3 5 1 1 1 2 2 5 2 4 2 2 2 3 1 3 1 1 3 1 1 2 2 1 2 1 1 1 5 2 3 1 
2 4 4 2 1 3 1 4 2 3 1 1 1 1 2 1 3 1 3 2 1 1 3 1 4 4 1 3 1 1 1 2 5 3 1 5 5 3 2 1 2 1 1 2 1 3 3 1 1 1 2 2 3 2 2 3 1 2 1 2 2 1 4 1 
2 2 1 3 3 2 2 3 1 2 2 3 2 3 1 3 2 1 1 2 1 3 1 1 2 1 3 4 4 2 2 1 2 1 2 4 1 1 2 1 1 3 1 2 7 2 1 2 2 1 2 2 1 2 3 2 1 2 1 3 2 2 2 2 
2 2 2 1 2 1 1 1 2 2 1 1 1 1 1 2 1 3 3 2 2 1 1 1 1 2 2 1 2 1 3 1 1 1 2 1 1 2 3 2 1 3 2 2 2 1 2 1 1 4 1 4 5 2 2 5 1 1 2 2 2 2 1 2 
2 2 3 1 2 2 1 1 3 1 2 2 2 2 2 1 3 8 1 2 3 1 2 1 3 1 3 3 2 4 2 1 2 3 3 2 2 1 2 3 2 2 2 1 1 2 1 1 2 1 1 1 3 2 1 1 2 1 2 1 2 4 1 1 
1 3 1 1 1 2 1 1 2 1 1 2 2 2 3 1 4 2 3 3 2 1 1 2 4 1 5 4 1 3 1 3 1 3 2 4 2 2 1 2 3 5 3 1 1 1 3 1 3 1 3 1 3 1 2 2 1 1 1 2 1 2 1 6 
2 3 4 2 6 3 1 3 2 2 1 1 3 3 2 1 2 1 3 3 2 4 1 3 1 1 4 1 2 1 4 2 1 2 2 2 2 1 2 3 1 1 1 2 2 2 4 3 2 1 2 1 2 1 3 2 1 2 2 2 1 3 7 2 
2 1 1 1 3 1 1 1 1 1 2 1 4 4 1 3 4 2 1 1 3 2 4 1 2 3 1 2 1 3 1 1 2 1 4 1 2 2 1 2 2 2 2 2 1 1 2 2 1 1 3 1 3 5 2 1 5 2 3 4 2 2 2 3 
2 1 1 3 2 1 2 3 3 3 1 3 1 2 2 1 2 1 1 2 1 1 1 1 2 4 1 1 1 2 1 3 3 1 2 1 2 3 2 2 1 2 1 3 1 2 2 1 1 2 5 1 2 2 2 1 2 2 4 1 2 1 2 4 
2 2 5 3 1 1 3 3 1 2 1 2 2 1 2 3 1 3 3 2 3 3 1 3 2 2 1 2 3 4 1 1 1 3 2 3 1 3 2 2 1 2 1 1 2 3 3 2 3 1 2 3 2 2 3 4 2 1 1 2 2 4 1 2 
1 4 4 2 1 2 2 2 1 3 1 1 3 2 1 2 1 1 2 1 2 2 2 1 4 1 2 4 2 1 2 6 1 6 3 2 2 2 4 1 3 4 1 1 2 2 4 1 2 1 2 2 3 2 1 2 1 3 4 3 1 1 1 6 
1 2 1 1 1 2 1 2 2 1 2 3 3 1 1 8 3 2 1 2 2 3 1 2 1 1 2 2 1 1 1 3 1 1 7 3 2 1 5 3 3 1 3 1 1 2 1 3 4 3 6 1 1 1 2 5 1 2 1 2 2 1 3 5 
2 5 3 1 1 1 1 2 3 1 4 1 1 1 2 1 2 1 2 2 5 2 1 3 2 1 1 2 2 1 2 1 1 4 2 2 2 1 1 1 2 1 1 1 1 2 2 1 1 4 2 4 4 3 1 2 1 1 1 2 1 2 1 4 
1 1 4 2 2 1 1 1 1 1 2 2 2 1 2 1 2 1 1 1 2 3 2 1 2 2 2 2 2 2 3 1 1 1 2 1 1 3 1 1 1 1 1 1 4 1 2 2 2 3 6 4 1 5 2 4 2 3 2 1 1 1 1 3 
3 5 2 1 2 3 2 2 3 2 3 2 6 2 3 1 1 1 1 1 4 2 2 2 3 2 1 3 2 1 2 1 2 2 2 1 1 1 2 2 2 2 1 2 1 3 1 2 3 3 2 4 1 5 2 1 1 1 2 2 4 2 1 2 
2 1 1 4 1 3 1 2 2 3 6 3 1 1 2 2 1 3 1 1 3 2 1 1 3 2 4 4 1 2 1 1 3 2 1 2 2 2 3 1 2 1 2 3 2 2 2 4 1 3 1 1 2 1 3 2 1 3 1 1 1 1 1 2 
3 1 1 3 1 2 3 2 4 2 1 3 2 2 1 1 3 1 1 3 2 2 1 2 1 2 3 4 2 1 1 2 2 2 1 1 2 1 3 3 2 2 2 1 1 4 1 2 4 3 2 1 2 2 3 1 1 1 2 2 2 1 3 1 
2 1 2 1 1 3 4 1 1 3 2 1 2 1 1 1 1 2 1 6 3 1 2 3 2 1 3 2 3 2 1 2 2 3 1 1 1 4 2 1 2 1 4 1 1 1 3 3 2 2 3 2 1 1 3 1 1 2 2 1 1 1 1 2 
1 8 1 1 1 3 2 1 1 2 1 2 1 2 1 1 1 1 3 1 2 2 3 1 1 1 1 1 1 3 2 1 2 1 1 4 6 4 1 2 1 5 2 2 2 2 8 4 2 2 1 4 2 3 2 1 2 5 3 3 1 1 2 1 
2 2 3 3 1 2 2 1 1 1 2 1 2 1 3 1 1 3 2 2 1 2 1 2 1 1 2 1 1 3 2 6 1 1 1 1 3 2 2 3 5 2 4 1 2 1 2 1 2 2 3 3 1 3 2 5 2 1 2 4 1 2 1 2 
1 2 2 1 4 2 2 4 3 1 1 5 2 3 2 3 2 3 1 2 1 1 1 1 1 2 1 1 1 3 1 1 3 3 3 3 1 2 1 5 2 2 2 1 1 2 2 1 1 3 1 1 2 3 2 8 1 2 1 3 1 1 2 1 
2 2 1 5 3 5 4 2 4 2 1 1 3 1 2 2 4 1 5 2 5 5 1 3 1 4 2 2 2 2 1 3 1 1 2 2 3 1 2 1 2 3 1 4 1 2 2 4 1 2 3 2 2 1 2 2 3 2 2 1 1 1 5 4 
1 3 1 4 1 2 2 3 2 1 1 1 1 5 2 2 1 1 1 1 2 1 6 2 1 16 2 1 2 3 3 4 1 2 1 1 3 3 2 1 2 1 2 2 5 4 1 9 1 7 1 1 2 2 1 3 2 2 3 5 3 2 3 1 
2 2 2 2 2 2 2 1 3 2 2 4 2 1 1 3 1 2 2 1 2 1 1 1 2 1 1 2 2 1 1 1 1 3 6 1 3 1 16 2 2 1 4 2 3 2 1 1 2 2 10 1 2 2 1 1 1 1 3 1 1 3 2 2 
2 2 1 1 3 2 1 2 8 3 2 2 2 3 1 1 1 2 1 2 3 1 1 4 2 1 2 1 2 3 4 2 2 1 1 2 2 3 1 4 1 2 2 1 3 1 2 2 1 2 1 4 1 1 2 1 1 3 1 1 3 1 1 5 
3 4 1 2 2 2 1 2 2 2 1 2 2 2 2 1 1 1 3 1 4 2 1 1 1 3 2 1 4 1 3 1 1 1 2 1 2 2 1 1 2 1 1 10 2 2 3 2 1 2 1 4 1 1 1 3 2 1 1 1 1 2 2 1 
2 1 2 3 4 1 2 1 1 1 4 2 4 1 1 6 2 1 1 4 2 2 4 1 3 3 5 1 3 2 1 2 4 1 1 1 1 4 3 2 1 3 1 1 2 2 3 3 2 2 4 2 5 3 2 2 2 1 1 1 2 8 1 1 
1 3 1 1 2 2 2 1 5 3 3 1 2 1 2 2 2 2 1 2 1 1 2 4 2 4 1 2 2 3 4 4 4 3 1 3 2 4 2 2 1 2 1 3 1 2 1 2 1 2 1 1 4 1 2 1 1 4 1 1 3 1 1 1 
1 2 2 3 2 1 2 2 2 1 1 1 11 1 1 1 3 1 1 3 3 1 1 1 3 2 2 2 2 2 1 2 1 1 1 1 4 3 1 4 1 2 2 2 3 1 2 2 2 2 1 1 1 18 1 7 2 2 1 1 1 2 1 1 
3 5 1 1 2 1 2 1 1 1 2 2 5 1 1 3 1 6 1 1 1 2 1 1 1 1 4 2 1 5 8 2 2 1 1 2 1 2 1 2 1 3 4 2 1 1 4 1 3 3 5 1 1 4 2 2 4 2 2 3 1 3 1 2 
1 1 1 2 2 1 1 2 2 2 1 1 4 1 1 1 2 1 3 3 1 1 2 3 2 1 1 5 4 1 1 2 2 5 2 5 1 14 2 2 1 4 1 1 2 2 6 2 1 1 1 1 1 3 2 1 1 1 2 2 3 3 3 2 
2 3 1 1 4 2 1 1 2 1 1 1 1 2 2 1 2 1 1 1 2 3 1 1 3 4 1 2 2 1 4 1 1 2 2 1 1 4 1 1 1 2 1 1 2 4 2 1 3 1 2 1 6 2 1 3 4 1 1 4 2 2 1 2 
5 3 7 2 1 2 1 1 2 1 2 3 1 1 1 4 3 2 1 4 2 1 1 3 1 1 1 1 1 2 2 1 1 1 1 1 2 2 1 4 2 1 1 1 1 1 2 1 2 1 2 3 4 4 2 2 3 1 2 4 3 2 2 1 
2 1 1 1 1 3 2 1 1 1 4 3 1 4 4 2 2 1 1 1 2 8 2 2 1 3 1 2 4 1 3 2 4 2 2 1 1 2 5 1 2 1 11 3 2 1 1 3 2 9 3 1 2 3 7 1 2 1 2 1 3 1 2 3 
1 1 5 2 2 2 2 2 1 3 1 2 2 2 2 3 2 2 3 1 1 2 2 2 1 1 1 2 1 2 2 2 2 1 2 2 2 2 1 2 1 5 3 4 2 1 2 4 3 3 2 1 1 1 3 1 3 3 2 2 3 1 1 1 
2 1 2 1 4 4 1 3 2 1 2 2 2 1 2 5 1 4 1 2 2 3 1 2 1 1 1 1 3 2 1 1 1 4 1 3 2 4 1 2 2 1 1 3 2 2 1 4 6 2 2 1 2 4 1 3 2 4 3 1 2 2 2 3 
1 2 3 2 1 2 1 3 3 1 1 2 1 2 2 1 3 2 1 2 2 2 1 3 1 2 1 2 1 2 4 5 2 1 1 2 1 3 1 1 1 1 5 1 2 5 2 2 3 1 3 1 3 1 2 2 2 2 1 2 2 4 2 3 
4 1 3 2 2 2 2 3 2 1 10 2 1 1 2 2 3 1 3 1 1 2 3 5 1 4 2 1 2 2 1 2 2 2 1 1 3 1 1 1 2 3 4 1 4 4 2 2 1 2 2 3 3 2 1 3 4 1 1 1 3 2 2 1 
1 1 2 2 1 2 1 2 2 1 2 1 3 1 4 3 1 2 1 1 2 3 1 1 3 3 6 1 2 1 1 4 2 2 1 3 4 2 1 7 1 1 1 3 2 2 5 1 1 2 5 1 3 1 4 1 2 1 2 1 1 2 5 3 
2 7 2 1 2 2 4 3 2 2 6 2 1 5 5 3 2 1 4 1 1 1 1 3 1 2 2 1 2 1 1 2 3 1 2 1 2 4 2 2 1 5 2 1 2 2 3 1 2 2 1 2 1 1 2 2 1 2 3 2 1 1 1 2 
1 1 1 3 2 2 1 3 1 2 5 3 2 1 4 1 2 2 1 1 1 1 2 1 2 1 3 4 1 4 2 1 1 1 2 2 1 1 1 2 2 1 2 1 3 1 1 3 2 4 1 2 1 2 2 2 1 1 2 2 1 3 1 1 
2 1 1 3 1 1 2 1 2 2 3 4 3 3 2 1 1 2 3 3 3 1 2 2 1 3 3 1 3 1 2 3 1 4 1 1 3 1 1 1 2 3 1 2 1 1 1 2 1 1 2 1 1 3 2 1 1 1 1 2 1 1 1 2 
3 4 2 3 3 1 1 1 1 7 1 1 1 1 2 2 2 1 1 1 2 2 2 3 2 4 2 1 1 2 2 1 1 1 1 1 3 2 1 1 1 1 1 2 2 2 1 3 2 3 3 1 1 3 1 1 1 1 1 3 1 1 1 1 
2 1 1 2 4 1 3 2 2 4 2 1 2 2 1 1 2 1 2 2 1 2 2 3 1 1 1 1 1 1 1 1 2 4 1 2 3 2 2 1 4 1 1 3 1 5 1 1 2 1 1 1 6 1 1 1 2 1 1 4 4 1 2 1 
1 1 1 2 1 1 1 1 2 1 3 1 1 1 1 1 1 1 1 4 1 1 1 2 1 2 1 3 1 2 2 2 2 2 4 2 1 3 1 1 1 3 2 2 1 2 2 1 2 3 1 1 2 1 2 1 1 1 1 2 1 4 2 1 
2 1 1 1 1 2 3 1 1 3 2 2 1 1 1 2 5 5 2 3 2 2 1 1 6 1 5 3 1 1 2 2 2 1 2 2 1 1 2 1 4 1 1 1 4 4 2 1 2 1 1 2 1 1 3 1 1 1 1 2 2 2 4 2 
2 1 2 1 1 2 1 3 1 2 1 1 1 1 1 1 3 4 2 3 2 3 2 1 4 1 5 1 1 1 2 5 6 1 1 2 2 1 2 2 2 1 3 1 2 1 2 3 6 2 2 5 3 5 2 3 1 4 1 1 1 1 1 1 
2 1 1 2 2 2 2 1 3 5 2 1 1 3 1 3 2 3 2 3 2 3 6 2 1 1 2 2 1 3 1 3 3 1 2 1 2 1 3 1 1 1 2 1 1 2 1 2 4 2 2 1 4 2 2 3 3 1 3 5 1 1 1 1 
2 2 2 1 1 2 2 8 2 3 1 2 5 2 2 1 2 2 1 1 1 1 2 2 2 2 2 2 1 1 2 3 3 3 1 3 2 2 10 3 1 3 3 1 3 2 1 1 2 1 2 2 2 1 3 1 1 1 1 1 1 1 1 1 
2 2 1 2 2 3 1 2 9 1 2 1 2 2 1 2 1 2 1 2 1 1 2 2 1 2 1 1 2 2 2 5 5 1 2 19 1 1 5 1 1 4 4 1 2 1 1 3 4 3 4 2 1 2 1 2 1 3 1 1 1 4 3 1 
2 1 2 3 1 1 3 5 2 2 4 4 2 2 2 1 2 2 2 1 1 2 1 2 4 1 3 6 2 2 3 2 1 1 1 2 3 1 1 5 9 1 2 2 2 2 2 3 3 1 1 2 1 3 2 2 3 1 2 1 1 1 2 4 
2 2 1 1 2 2 8 2 9 2 1 1 2 1 4 1 1 1 3 1 2 1 3 3 7 0 1 3 1 2 2 8 3 1 1 2 1 1 3 3 1 3 1 2 1 2 1 2 2 2 4 1 1 2 1 1 1 3 1 1 1 1 2 3 
3 3 2 3 1 1 1 1 1 2 1 2 1 4 3 3 1 2 1 2 2 2 1 1 1 1 1 5 2 1 1 1 1 3 3 2 1 5 3 2 1 2 1 2 3 2 1 1 2 3 2 1 1 1 2 1 2 2 3 2 2 2 1 2 
1 1 2 1 3 1 5 2 1 2 1 1 1 2 1 4 1 1 2 1 1 3 2 1 2 2 3 4 2 4 3 3 3 2 5 2 4 1 2 1 2 1 2 2 1 1 2 2 2 2 2 2 3 1 1 1 2 1 3 6 3 1 2 3 
1 1 3 2 1 1 2 3 1 1 1 3 1 1 1 1 4 2 3 1 2 2 1 1 1 2 3 4 2 2 1 2 1 4 1 2 1 1 2 1 1 2 1 2 2 1 1 2 2 1 2 1 1 1 1 2 2 4 2 3 5 1 3 2 
1 1 4 1 1 1 1 3 1 1 2 1 1 1 5 2 1 1 5 1 1 3 3 1 1 1 1 4 1 1 2 1 2 2 6 3 2 2 1 1 1 4 1 2 4 3 2 2 3 1 3 1 1 1 6 9 3 1 1 1 1 3 2 2 
1 2 1 3 1 2 1 1 1 2 1 1 1 2 1 3 1 1 2 3 1 2 4 1 2 3 2 2 4 2 1 1 1 3 2 1 2 2 1 1 1 2 1 2 1 1 1 2 4 3 1 1 1 2 2 2 1 2 1 3 2 2 3 1 
1 1 1 3 3 1 3 2 2 4 1 2 2 1 2 3 2 1 1 3 1 4 2 1 1 4 3 1 2 4 4 1 2 1 1 6 2 1 2 1 1 2 1 3 1 1 2 1 1 1 2 1 2 3 2 3 3 4 2 2 1 2 4 1 
2 1 1 2 2 1 4 4 2 2 3 6 3 2 2 2 1 2 2 1 3 2 1 4 2 1 1 2 1 1 1 2 2 5 2 1 1 4 2 1 2 2 2 2 1 1 2 1 5 1 1 2 5 1 1 1 2 2 1 3 2 1 2 4 
2 1 1 5 2 1 2 1 3 2 1 1 2 1 1 1 2 2 2 1 2 7 7 1 4 4 5 2 3 3 1 1 1 1 1 1 2 2 1 1 2 2 1 2 1 2 2 1 1 2 4 2 1 1 2 2 2 2 1 4 3 1 3 1 
2 1 1 1 2 1 2 1 2 1 3 1 1 2 1 1 1 2 1 1 1 1 3 3 2 1 4 4 1 1 1 2 1 2 2 1 2 4 1 1 2 1 1 2 2 2 3 2 2 2 3 2 1 3 6 2 1 2 2 2 1 1 3 1 
2 2 2 3 3 1 3 2 2 1 2 3 2 2 2 1 2 2 1 1 1 1 1 3 3 1 1 2 3 3 1 2 2 1 7 1 3 3 1 3 1 2 1 1 2 2 4 2 1 1 2 1 4 3 1 2 1 2 2 1 2 2 2 1 
1 2 1 1 1 1 2 3 2 2 2 2 1 1 1 2 1 1 3 2 1 2 1 2 6 8 1 2 10 1 1 1 2 1 2 1 1 1 1 1 3 1 1 2 1 3 1 1 3 1 1 1 2 4 2 3 3 2 1 2 1 4 2 1 
1 1 1 1 3 1 2 1 2 4 1 1 2 2 2 1 1 2 2 3 2 2 1 2 3 2 2 1 2 1 1 1 4 1 2 1 1 2 1 1 3 2 3 2 4 1 1 2 1 5 2 1 1 2 1 1 2 2 2 1 1 1 2 2 
8 1 1 3 1 1 2 1 1 1 2 3 1 1 2 5 2 3 2 1 2 2 1 2 3 1 2 1 2 2 1 1 1 1 5 4 3 1 4 1 3 1 2 2 1 1 8 1 2 2 4 2 1 1 3 2 1 2 5 1 1 1 1 2 
1 6 2 2 1 2 2 3 2 2 2 2 3 2 2 1 1 3 1 2 2 3 2 1 2 1 1 2 1 2 1 1 2 5 2 1 1 3 1 3 2 1 2 2 3 2 2 2 1 1 1 2 4 2 2 3 1 4 2 2 2 1 2 3 
1 3 6 1 1 1 2 2 1 5 1 3 2 8 1 1 5 1 1 2 2 3 2 1 2 2 1 1 1 2 2 2 3 1 1 1 5 2 2 1 2 2 1 1 1 2 10 1 1 1 1 3 1 3 1 1 2 2 3 1 3 1 2 3 
2 3 3 2 4 2 2 2 1 1 5 2 2 1 4 2 2 3 1 2 1 3 3 1 5 2 1 1 2 3 1 1 1 1 7 3 1 4 1 2 3 1 1 2 1 1 2 1 5 1 1 2 1 2 3 7 4 2 2 1 1 1 2 1 
1 1 3 1 1 1 2 1 1 1 1 1 2 1 1 1 1 1 1 6 1 2 1 2 1 1 1 1 5 1 8 5 3 1 1 1 1 1 1 8 1 1 7 3 2 4 1 2 3 1 1 1 4 1 2 1 1 2 1 2 3 2 2 2 
5 1 3 1 2 1 1 2 2 3 1 1 1 4 1 1 1 4 2 1 1 1 1 2 2 2 1 1 1 1 2 3 2 2 1 3 2 1 1 2 1 1 2 1 1 2 5 3 2 3 2 2 1 1 2 2 4 1 1 2 1 1 1 2 
1 2 1 4 3 1 1 3 3 2 2 1 1 1 1 3 2 1 1 3 1 2 3 1 1 1 1 1 2 2 2 2 2 2 1 3 3 1 2 1 1 1 2 1 1 1 3 3 3 2 1 1 2 2 1 1 2 2 3 2 1 2 1 2 
1 2 2 1 1 1 1 1 4 1 3 1 1 3 4 2 1 1 1 8 1 2 1 3 2 2 2 1 2 3 1 4 6 2 1 4 2 1 3 3 3 1 1 3 2 2 1 5 1 2 2 1 1 2 3 2 1 2 1 4 1 1 1 1 
1 2 4 4 1 2 3 1 1 3 4 2 2 3 2 1 2 2 6 2 1 1 2 2 2 2 2 2 1 2 3 5 2 7 1 1 5 3 1 3 1 4 2 2 2 1 1 2 1 1 1 2 2 2 3 2 3 1 2 1 2 1 1 1 
1 1 2 2 3 1 2 2 2 1 2 2 1 2 2 3 2 4 1 2 4 1 3 1 2 2 2 1 1 1 1 2 3 2 1 1 1 2 2 1 1 2 1 1 1 2 1 3 1 2 3 1 1 4 2 2 1 4 4 1 1 1 1 1 
2 1 1 1 3 2 2 3 1 4 3 2 1 1 3 3 3 1 1 3 1 2 3 1 1 3 4 2 3 1 3 2 1 1 2 4 3 2 2 1 1 1 1 1 1 1 2 2 1 4 1 3 2 3 1 4 1 1 3 1 6 2 1 4 
1 1 3 2 3 2 2 1 1 2 1 3 2 1 1 2 1 1 2 1 3 2 1 1 3 1 11 2 3 2 2 2 3 5 1 2 3 2 4 1 2 2 2 2 1 1 1 1 2 1 3 4 2 5 1 4 1 5 3 2 1 2 2 3 
1 2 3 2 2 1 1 1 2 1 2 2 2 4 1 1 2 1 2 2 2 1 2 2 2 1 1 2 4 2 1 1 1 1 1 1 1 2 1 1 2 2 1 5 1 3 3 3 2 1 2 1 2 3 1 1 1 1 2 1 1 1 1 2 
2 2 2 1 2 2 2 1 2 1 2 1 1 6 2 1 3 1 1 1 2 2 1 1 2 1 1 1 1 1 3 2 1 1 1 2 2 3 1 1 2 2 2 2 1 2 2 1 4 1 1 2 1 3 3 1 3 1 2 2 2 2 1 2 
1 1 1 3 1 4 1 2 2 2 1 4 1 1 1 1 2 3 3 1 2 2 3 2 1 1 2 1 3 1 5 2 2 1 1 1 5 3 1 2 2 1 1 2 1 1 1 4 4 2 1 4 3 1 1 2 2 1 4 1 1 3 2 1 
3 2 1 2 2 2 1 1 1 2 4 3 1 2 2 2 12 1 2 3 5 4 3 3 2 2 1 1 3 1 3 3 1 1 1 1 2 1 4 2 4 2 5 1 2 2 2 2 2 3 1 1 3 1 8 2 1 1 1 1 2 1 3 1 
3 2 4 1 1 1 3 1 1 2 2 1 1 1 5 3 1 2 1 3 1 3 1 2 1 1 2 1 2 2 1 1 1 1 2 1 2 1 1 1 2 2 2 2 1 1 1 1 2 1 2 2 1 2 2 2 1 2 1 3 1 1 4 1 
1 4 1 1 3 1 1 1 3 4 2 8 3 2 2 1 1 2 2 2 2 1 1 2 2 1 2 2 4 6 3 1 1 1 2 1 1 1 2 1 3 2 2 2 2 2 2 1 3 2 1 1 2 3 1 2 1 2 2 2 2 2 1 1 
1 1 4 4 1 5 2 1 1 1 1 3 2 1 3 2 3 1 4 3 3 2 2 1 2 1 2 2 1 1 1 1 1 3 1 3 3 2 3 1 1 2 1 2 1 1 1 5 2 2 2 1 4 1 1 2 2 3 1 4 2 3 4 2 
1 2 1 1 2 1 2 2 3 1 5 1 2 1 1 1 2 2 1 4 3 2 1 3 1 1 1 4 1 1 4 2 3 2 3 1 3 2 1 1 1 1 2 1 2 1 1 5 1 1 1 2 1 1 2 2 1 1 3 5 1 2 2 1 
1 2 5 2 1 1 2 2 2 1 2 4 4 5 7 1 2 2 1 2 1 1 4 1 1 1 1 3 5 2 1 3 2 1 2 2 2 2 5 1 2 1 2 3 2 4 5 1 1 2 1 2 2 1 1 1 2 4 1 2 1 2 3 1 
1 1 2 2 2 1 3 1 2 1 2 3 2 2 3 2 3 4 2 1 2 4 1 1 2 1 4 2 1 1 2 2 2 2 2 4 1 1 1 2 1 3 1 2 1 1 1 2 4 2 5 1 1 1 1 2 2 1 1 1 1 2 3 4 
1 2 4 1 2 2 4 1 2 2 2 1 1 1 2 1 2 1 4 1 1 2 2 2 1 1 2 2 1 1 4 2 1 2 3 1 1 2 1 2 1 2 1 2 2 3 4 1 2 2 1 1 1 1 2 1 1 2 6 1 3 1 2 2 
2 1 1 1 10 2 2 2 1 1 2 2 2 1 1 3 1 1 1 1 2 1 2 2 1 5 1 2 1 2 2 2 7 2 4 1 1 3 2 3 1 5 2 1 4 2 5 1 1 2 3 1 2 4 2 2 3 2 3 1 6 1 1 1 
2 3 3 2 2 2 2 1 3 2 1 2 2 1 1 5 5 1 8 1 2 1 1 3 2 1 1 1 2 1 4 3 1 1 2 3 1 2 1 1 2 1 2 2 2 1 1 3 1 2 4 4 1 1 3 1 1 1 2 1 1 1 6 1 
1 3 2 1 2 1 1 4 2 2 1 2 6 2 1 1 2 1 2 2 2 2 2 2 2 5 3 1 1 1 2 4 2 2 2 2 1 3 3 3 2 1 2 3 2 1 2 1 2 1 1 1 9 3 2 3 2 2 2 5 2 2 5 1 
2 2 4 2 3 2 1 1 1 2 1 1 1 2 1 10 2 1 1 3 2 3 6 1 1 2 8 1 2 2 1 1 3 2 3 1 1 1 3 1 2 4 5 2 2 1 2 1 1 4 1 2 2 2 1 1 1 2 3 1 1 1 2 1 
1 1 1 2 1 2 3 2 5 2 1 1 2 1 1 1 2 1 2 2 4 2 2 1 3 4 1 1 4 2 2 1 1 2 1 1 2 2 4 2 1 1 1 1 1 1 2 1 1 1 2 1 2 1 1 6 2 2 1 2 3 2 1 2 
2 2 2 2 3 2 3 1 2 1 1 2 1 3 1 2 1 1 2 1 1 1 1 2 1 1 2 1 2 1 2 2 1 2 3 1 2 2 1 1 1 3 2 2 2 2 4 1 1 1 1 2 4 5 1 2 2 2 2 2 2 1 1 1 
2 1 2 2 1 4 2 1 1 2 1 1 1 1 3 1 1 2 1 2 1 2 3 2 2 2 4 1 1 2 3 1 1 4 3 1 1 1 1 1 2 2 1 2 4 2 2 3 4 2 1 2 1 1 2 3 5 1 1 1 1 8 2 4 
1 5 3 3 4 2 2 3 2 2 2 1 1 6 4 1 1 1 1 1 2 2 1 1 1 1 1 1 1 3 1 1 1 1 2 1 2 1 2 2 2 1 1 1 2 2 1 3 1 2 1 2 1 4 1 2 1 2 3 1 2 1 1 2 
2 4 1 3 1 2 1 1 1 1 2 1 2 3 3 2 2 1 2 2 1 4 1 2 8 2 1 4 4 2 1 2 1 2 2 2 3 4 1 3 1 1 1 6 2 3 1 1 2 1 2 3 1 2 1 2 1 2 2 1 1 3 2 2 
2 3 3 2 1 1 2 1 1 1 2 2 2 1 1 1 1 5 1 1 2 2 2 2 1 1 4 2 2 2 1 2 1 1 2 2 1 1 1 1 3 2 2 3 2 1 3 1 1 1 1 3 3 1 3 2 2 1 4 3 4 1 1 1 
1 2 2 1 2 3 4 2 4 1 3 1 1 2 5 1 2 1 2 3 1 3 2 2 4 2 2 1 3 1 2 1 1 1 1 1 1 1 2 1 1 1 2 2 3 1 2 4 2 1 2 4 1 1 4 4 2 2 1 1 1 3 2 2 
2 2 4 3 1 2 1 2 3 1 7 2 2 6 1 2 1 3 1 1 1 2 2 3 1 1 1 3 2 5 5 3 2 3 3 1 1 3 3 1 1 1 3 2 1 3 1 1 2 3 2 2 1 3 1 2 2 2 1 4 1 1 1 1 
3 2 2 1 1 2 2 1 4 2 5 1 1 4 5 2 1 1 1 2 1 2 2 3 1 2 1 2 3 2 1 1 1 2 2 1 2 1 1 3 1 4 3 2 2 2 1 1 5 1 2 2 2 1 5 1 1 4 8 1 5 1 3 2 
4 2 2 1 1 3 1 3 1 1 4 5 1 1 2 2 3 2 3 1 2 1 5 1 6 3 1 2 1 2 1 2 1 3 1 2 2 1 4 2 1 1 2 1 4 1 1 1 1 3 2 1 1 1 2 2 2 1 1 1 4 1 2 2 
2 3 2 2 1 3 2 2 1 1 2 2 2 1 1 5 2 1 1 2 1 1 1 2 1 2 2 1 3 3 1 2 5 1 5 1 3 1 1 2 4 3 1 1 2 2 1 1 3 1 1 1 1 2 2 1 1 3 1 2 2 2 1 2 
1 2 1 2 4 2 3 2 2 1 2 10 4 1 1 2 4 2 3 1 2 2 1 4 2 2 3 1 3 2 2 2 1 1 1 2 2 1 1 6 1 1 1 1 2 1 2 1 2 1 2 4 1 3 3 1 1 2 2 5 2 2 1 2 
1 1 2 3 4 1 1 1 3 3 3 2 9 3 1 1 1 2 7 2 2 5 2 2 4 1 3 1 3 1 4 1 3 2 4 1 1 2 2 1 3 3 2 4 1 4 1 3 2 2 3 1 2 2 1 1 1 1 8 2 3 1 1 2 
2 2 3 1 2 2 2 1 1 2 1 2 3 1 2 1 2 1 1 3 4 1 3 1 2 6 1 5 3 2 1 3 1 2 1 1 3 2 3 1 2 4 8 1 2 3 7 1 1 2 3 1 1 1 7 2 1 5 2 2 3 1 1 2 
3 2 5 1 1 2 1 1 2 1 2 4 2 2 2 1 2 1 5 4 1 1 4 2 1 3 1 1 6 3 2 2 4 3 4 2 5 1 3 3 2 2 3 4 2 6 4 2 4 2 1 2 2 1 1 1 7 2 1 2 4 1 2 3 
2 2 1 1 2 1 2 1 1 1 2 1 1 4 3 5 4 1 1 2 3 2 2 2 3 1 2 1 3 3 3 1 4 1 2 1 1 4 1 2 1 1 1 6 1 5 4 1 3 1 1 6 2 2 1 2 1 5 4 2 1 2 1 3 
1 3 2 2 4 2 2 2 2 3 1 2 3 1 2 1 3 1 5 3 5 2 2 1 2 2 1 2 1 2 1 2 1 1 1 2 3 2 2 2 3 1 1 3 2 5 1 1 2 4 1 2 2 2 1 3 1 3 9 2 2 2 1 2 
1 2 2 5 1 1 2 4 3 1 2 3 2 6 2 1 3 1 2 2 1 2 2 2 3 1 1 2 2 1 2 2 5 1 1 1 1 4 1 1 1 2 2 2 1 2 1 1 6 1 1 1 2 1 3 1 4 1 2 4 1 2 1 2 
2 1 1 2 2 1 1 1 1 1 1 3 2 2 1 1 2 1 2 1 2 4 1 5 2 1 2 1 2 2 2 1 1 1 2 2 4 1 1 1 3 3 1 3 1 1 4 4 1 1 2 1 2 1 2 4 2 2 2 2 2 2 1 1 
1 3 2 3 2 3 1 1 2 1 4 2 2 2 2 3 1 5 1 2 1 2 2 1 1 1 1 2 1 8 1 1 2 1 1 4 1 1 2 1 3 2 2 3 1 3 2 1 3 3 3 1 3 1 1 1 2 1 1 1 2 1 1 4 
2 11 2 4 2 2 2 1 3 1 4 1 3 1 1 4 2 3 2 2 1 2 1 2 2 5 5 2 2 1 1 1 1 2 3 2 1 1 2 6 1 2 1 1 1 1 2 1 2 1 1 2 1 3 3 1 1 1 2 1 2 2 1 2 
2 1 3 2 2 3 1 1 1 2 3 2 2 3 1 2 2 2 2 2 4 2 1 1 4 1 3 1 1 1 1 4 1 2 1 2 1 2 1 3 1 2 2 2 1 1 3 1 2 3 3 1 3 1 2 1 1 4 1 4 2 1 4 2 
1 2 1 2 1 3 2 1 5 1 1 2 3 2 1 4 2 2 2 5 2 2 2 2 1 2 1 2 1 2 4 1 1 2 1 9 1 1 1 1 5 1 2 1 1 5 1 1 1 1 6 8 4 3 1 2 1 2 1 5 3 2 1 1 
1 1 2 1 4 1 2 1 1 1 1 1 2 3 2 1 2 2 1 2 2 3 3 1 6 1 2 4 2 1 1 3 1 1 5 1 1 2 2 2 1 3 3 5 1 1 1 1 1 1 1 1 3 3 1 4 1 1 3 1 1 2 4 2 
1 1 2 1 1 2 1 1 2 3 1 3 1 1 1 1 1 2 1 1 3 3 1 2 1 6 2 1 2 2 1 1 6 4 1 2 2 1 2 4 2 2 2 1 2 1 2 2 4 2 2 2 2 3 1 1 2 1 1 2 2 1 1 1 
4 1 4 2 3 1 1 6 2 1 1 3 2 2 2 1 2 1 4 4 3 1 6 2 2 2 1 1 2 2 1 2 2 8 2 1 1 2 1 4 1 1 2 1 2 4 3 2 1 3 1 1 1 3 1 3 1 2 2 1 1 3 4 2 
1 2 3 1 5 4 2 3 2 1 3 3 4 1 1 4 2 2 2 1 4 4 3 1 1 1 3 1 2 2 4 1 2 2 1 1 3 1 5 1 2 1 2 2 2 5 3 1 2 2 1 1 1 1 2 1 2 1 5 1 2 1 2 4 
1 2 2 1 3 1 4 1 1 2 1 2 4 1 1 1 1 1 2 6 1 1 4 3 5 2 4 4 5 1 4 1 1 3 3 1 1 2 2 1 1 3 7 1 3 3 7 1 1 2 1 7 1 2 2 2 2 2 1 7 1 1 1 1 
1 2 2 2 1 1 2 1 2 1 1 1 1 2 1 1 4 1 4 4 2 2 3 2 2 3 2 1 2 2 1 2 5 2 2 2 5 2 2 2 2 3 1 2 1 8 7 1 2 2 1 2 2 1 1 3 2 1 1 2 3 1 1 1 
2 1 3 1 2 2 1 1 3 2 2 2 3 3 1 1 2 1 2 1 1 2 2 1 2 2 1 1 2 1 1 1 1 1 1 1 3 2 2 3 1 3 3 1 1 1 3 2 2 1 2 3 4 2 3 2 3 1 1 3 9 3 1 1 
1 2 1 2 1 5 4 1 2 4 1 2 2 2 1 1 2 2 1 1 1 2 2 3 1 1 1 1 1 2 1 2 1 2 2 1 1 1 2 1 1 1 1 2 2 1 4 1 2 6 6 1 1 1 2 1 4 3 2 1 1 2 3 1 
1 1 6 2 2 2 1 2 1 1 7 1 5 1 1 2 1 1 1 3 4 1 1 3 1 3 2 3 3 1 2 1 1 4 1 1 1 1 4 1 3 2 2 1 3 1 2 4 1 2 2 1 1 1 1 1 2 1 1 1 1 4 1 1 
2 1 2 3 4 2 1 3 6 1 2 2 2 2 1 5 6 2 1 5 2 2 1 1 1 2 3 1 2 2 1 4 1 2 2 1 1 2 1 3 3 1 1 2 1 1 1 2 1 2 1 4 1 1 3 1 3 2 1 2 3 1 3 2 
2 2 1 1 1 1 1 2 3 2 2 2 2 2 1 1 2 2 4 1 2 1 1 2 2 1 1 3 3 1 2 1 2 2 1 2 2 8 1 2 1 1 1 1 1 4 1 2 1 1 2 1 1 1 1 4 5 2 2 1 2 2 1 2 
1 2 3 3 1 2 1 1 2 4 2 1 2 2 2 1 1 1 2 2 1 2 2 1 1 5 1 3 1 1 2 2 1 5 1 1 1 2 4 1 1 2 2 1 1 1 3 3 2 1 1 2 1 1 2 1 2 3 1 1 1 3 2 6 
2 2 2 2 2 1 3 1 1 1 6 2 2 3 1 1 1 1 1 1 1 3 2 1 1 2 2 1 1 2 1 1 1 1 1 2 1 6 1 1 1 1 2 1 1 1 2 1 1 2 1 1 1 1 1 1 1 2 2 1 1 1 1 1 
2 1 1 1 1 2 1 3 1 1 1 1 1 2 2 1 1 1 3 1 1 1 1 1 1 1 1 1 2 1 1 3 3 2 1 1 1 1 1 1 1 1 1 1 2 1 1 1 5 1 1 1 3 2 1 1 2 1 2 3 1 1 1 1 
1 1 1 2 2 1 4 2 1 1 1 1 3 1 1 1 2 3 1 1 1 1 1 1 1 1 2 2 1 3 2 1 1 1 1 1 2 1 2 1 1 1 1 1 2 1 1 4 1 2 1 1 1 1 3 4 1 4 3 3 1 1 1 5 
1 2 1 1 1 1 2 1 1 2 2 1 1 1 2 2 1 2 1 2 1 1 1 1 1 2 1 3 1 1 1 1 2 1 5 1 8 1 1 1 1 1 2 1 1 2 2 1 1 1 1 1 1 1 1 1 2 1 1 1 2 1 2 1 
1 1 2 1 2 1 4 2 1 3 1 2 1 1 2 2 2 1 1 1 3 1 1 1 1 1 1 3 2 1 2 2 3 2 1 2 3 1 1 1 4 2 1 1 3 5 2 2 1 2 1 1 1 3 3 1 1 1 1 1 1 1 2 1 
1 1 1 3 2 1 2 2 1 4 2 2 1 1 1 1 2 1 2 1 2 2 1 1 2 2 1 2 1 1 3 1 1 2 2 1 1 1 1 1 1 2 1 1 1 1 1 1 1 1 1 1 1 1 2 3 1 1 1 1 1 2 2 2 
1 1 2 3 2 1 2 1 2 1 5 1 3 1 1 1 2 1 1 1 1 1 1 1 2 2 1 1 2 3 1 2 3 1 1 1 2 1 2 1 1 1 1 1 1 1 1 1 2 1 1 1 5 1 1 1 1 1 1 3 1 1 3 2 
1 2 1 1 2 1 1 1 2 2 1 1 1 1 1 2 1 2 2 1 3 1 2 2 1 2 1 1 1 4 1 1 2 1 1 1 1 1 1 1 1 1 1 3 2 1 1 1 3 1 2 2 1 2 2 3 1 1 1 1 1 1 1 1 
2 1 1 1 2 1 1 1 1 2 1 1 1 1 1 1 1 2 1 2 1 2 2 1 1 3 1 1 1 2 7 2 1 1 2 2 1 2 1 1 1 1 2 2 1 1 3 2 2 2 2 1 1 1 2 1 1 1 1 1 1 1 1 2 
2 1 1 1 1 1 1 1 2 1 1 1 1 2 1 2 1 2 1 1 4 1 2 1 4 1 3 2 4 2 1 1 1 3 1 1 1 1 1 1 1 2 4 1 2 1 2 1 1 1 2 2 2 1 2 1 2 1 4 1 1 1 2 2 
1 1 2 2 1 2 1 1 1 1 2 1 3 5 1 1 1 2 1 1 2 3 1 1 2 1 3 1 2 2 1 1 1 2 3 1 2 1 1 1 2 2 1 1 14 2 1 3 1 2 1 3 3 1 1 1 1 2 1 2 1 1 2 2 
1 2 1 1 1 1 4 1 1 2 2 1 2 1 1 1 3 1 1 2 1 2 5 1 2 1 2 1 1 1 1 1 1 2 2 1 1 1 2 1 2 1 1 1 1 1 1 1 1 1 1 1 1 1 3 1 1 1 5 2 2 2 2 1 
1 2 1 1 1 1 1 2 1 1 3 1 2 2 2 1 1 1 2 1 1 2 1 1 1 2 2 1 1 3 1 1 1 2 1 1 1 1 1 2 1 1 2 1 2 2 1 1 2 2 1 1 2 1 2 2 1 2 2 1 1 5 1 1 
1 1 1 2 1 1 1 1 1 1 2 5 1 1 3 1 1 2 3 1 1 2 1 3 1 1 1 2 1 2 1 1 1 1 1 4 1 1 1 1 1 1 1 1 2 2 3 1 1 1 1 3 2 1 3 1 1 1 1 1 1 1 1 1 
1 1 1 2 1 4 1 1 1 1 1 2 1 1 2 1 1 1 1 2 1 1 2 1 1 2 1 1 2 1 2 3 1 2 2 1 1 1 1 2 1 1 1 1 1 1 1 1 1 1 2 3 2 1 5 1 1 5 3 1 2 1 2 3 
5 1 1 1 1 5 1 1 1 2 2 1 1 1 2 1 2 1 1 6 1 2 1 1 2 2 1 2 1 1 2 1 1 2 1 1 1 1 2 1 1 1 2 1 1 1 1 1 1 1 1 2 1 1 1 1 2 1 2 1 1 1 4 1 
1 2 3 1 2 2 2 1 2 1 1 1 1 1 1 1 1 2 1 1 1 1 1 2 1 1 1 2 1 1 1 1 1 2 1 1 1 1 1 2 1 2 1 2 1 2 1 1 1 1 1 1 1 2 1 2 2 1 1 1 1 1 1 1 
1 1 3 1 1 2 1 1 3 1 1 1 1 1 1 2 1 2 2 2 2 1 1 1 1 2 1 1 1 2 1 1 2 2 2 1 1 1 2 2 3 1 1 1 1 1 1 1 2 3 1 2 1 1 1 1 1 1 2 1 1 4 1 2 
1 2 2 4 2 1 1 1 2 1 1 1 1 1 1 4 3 1 1 2 2 1 1 1 2 3 1 2 2 1 1 2 1 2 1 3 1 2 6 1 1 1 3 1 1 1 1 1 2 3 1 3 2 1 1 1 1 2 1 1 1 1 1 1 
2 3 1 1 1 2 1 1 1 2 1 1 1 1 2 1 1 1 2 1 1 1 2 2 4 2 3 1 1 1 1 2 2 1 2 1 1 1 1 1 1 3 1 1 4 2 2 2 1 1 1 4 1 2 6 1 1 1 1 1 1 1 1 1 
1 1 3 1 3 1 2 1 1 2 1 1 2 1 2 1 4 1 2 1 2 3 3 1 1 1 1 4 1 1 1 1 1 2 2 4 1 2 2 3 1 1 1 1 2 1 3 1 5 2 1 1 1 2 3 4 5 1 1 1 2 5 2 1 
2 2 1 2 1 3 2 3 4 1 1 1 1 3 1 3 3 1 1 1 1 1 3 1 2 5 2 2 1 2 1 1 2 1 1 1 2 2 1 1 1 0 1 1 1 1 1 3 1 1 6 1 3 3 1 1 1 1 1 1 1 1 2 2 
3 1 1 1 2 2 1 2 1 1 1 2 1 1 2 1 2 1 1 1 1 2 2 2 1 1 1 1 1 1 2 1 2 1 1 2 1 3 1 1 2 1 1 1 3 1 1 2 1 1 2 1 2 2 1 1 1 1 2 2 1 1 1 1 
1 1 1 1 6 1 1 1 1 2 1 1 1 1 1 1 1 1 1 2 1 1 1 1 1 1 1 2 1 2 2 1 2 3 1 1 2 1 3 1 1 2 1 1 2 1 1 1 3 1 1 1 2 1 2 1 1 2 2 2 3 2 1 2 
1 2 1 1 3 1 1 2 2 2 1 1 1 1 2 1 3 3 1 1 2 3 1 1 1 1 2 1 2 2 2 5 1 1 2 5 2 1 1 1 1 2 2 1 6 2 2 2 1 2 1 1 1 1 1 2 1 1 1 1 1 1 2 1 
2 2 1 1 1 1 2 1 1 2 1 1 1 2 1 1 1 1 3 1 1 3 1 1 2 1 1 1 1 1 1 1 1 1 1 1 1 1 2 2 1 1 2 1 1 1 1 3 2 2 2 1 1 1 3 1 4 2 1 1 2 2 2 2 
2 3 1 4 1 2 2 1 1 1 1 1 1 1 2 1 1 2 1 1 2 1 2 6 1 2 1 1 1 1 2 3 3 1 1 1 1 5 1 2 2 1 1 2 8 3 1 1 1 1 1 2 2 2 1 1 1 2 1 1 1 2 1 1 
1 1 1 1 2 1 1 3 1 1 1 1 2 2 1 1 1 2 1 1 1 1 1 2 2 1 4 2 2 2 2 2 1 2 2 3 1 1 1 1 1 1 2 1 1 2 1 2 1 2 1 2 1 1 2 2 1 1 1 1 1 1 1 1 
1 1 1 1 1 1 1 1 2 1 4 5 1 2 1 1 1 1 2 2 2 4 1 1 2 1 5 1 1 1 2 1 1 1 1 4 2 1 2 1 1 1 1 1 1 2 1 1 1 1 1 1 1 1 2 3 1 1 2 1 1 2 1 1 
1 2 3 1 1 1 1 1 1 1 1 1 1 2 1 2 1 1 1 2 1 1 1 2 1 1 1 1 1 1 2 1 2 1 1 1 1 1 2 2 2 1 2 2 2 1 1 1 2 1 2 1 1 1 1 1 1 2 1 1 1 1 1 1 
2 1 1 2 1 3 1 1 2 1 2 6 1 1 2 5 2 3 1 2 2 1 1 1 1 1 1 1 1 1 1 2 1 3 2 1 1 1 2 2 1 2 1 1 1 1 2 1 2 1 1 4 1 3 2 1 2 1 1 6 1 1 3 1 
1 1 1 1 1 4 1 1 1 1 1 1 2 1 2 1 1 1 2 1 2 1 2 1 1 1 1 1 1 1 1 2 1 2 1 2 1 1 5 1 2 1 1 2 1 1 1 1 2 2 1 2 2 1 1 1 1 2 1 2 1 2 2 1 
14 2 2 2 2 2 1 1 1 1 5 3 2 3 2 1 1 2 1 2 1 1 1 2 1 2 1 1 1 3 1 1 1 1 1 1 1 1 2 1 1 2 1 1 1 2 5 2 1 1 1 2 1 1 1 1 1 1 1 1 1 1 1 6 
2 2 1 2 1 1 1 2 1 2 1 1 1 1 2 2 1 1 1 1 4 2 1 1 2 2 1 2 2 1 1 2 2 1 1 1 1 2 1 1 1 1 1 1 1 1 1 1 2 2 1 2 3 1 2 1 1 2 1 2 3 1 1 1 
1 1 1 2 2 2 1 1 1 1 1 1 2 1 1 2 2 1 6 1 1 1 2 2 1 1 1 2 1 2 1 1 1 1 1 1 1 1 1 1 2 1 1 1 1 1 1 2 1 2 1 1 1 1 1 1 1 1 3 1 1 2 1 1 
1 3 2 1 3 1 2 1 1 1 1 1 1 1 1 1 1 2 1 2 1 1 2 1 1 3 1 1 2 1 1 1 2 1 1 2 1 1 2 1 1 2 1 1 1 1 5 1 1 1 4 1 1 1 1 3 1 2 1 1 1 2 2 1 
1 2 1 2 1 1 3 4 1 1 2 1 2 1 1 1 1 1 1 1 1 1 1 1 1 2 1 2 1 1 1 2 3 1 1 4 1 7 1 1 1 2 1 1 1 1 1 1 1 1 2 1 2 1 2 2 1 3 1 2 1 2 1 1 
1 1 1 1 2 1 1 1 1 2 4 2 2 1 1 2 2 1 1 1 2 2 3 2 3 1 1 1 2 1 5 2 2 1 1 1 1 0 1 1 1 2 1 2 1 1 3 2 2 1 2 1 1 1 1 1 2 1 4 2 1 1 2 1 
2 1 1 1 3 1 1 2 2 1 3 2 1 2 1 2 2 1 1 1 2 1 1 1 2 1 1 2 1 1 4 1 4 4 1 1 1 1 1 2 1 2 1 1 3 2 2 1 2 1 1 4 1 1 1 1 1 2 1 1 1 2 1 1 
1 1 1 1 1 1 1 1 1 1 1 3 1 1 1 1 1 1 1 1 2 2 2 1 1 1 2 1 1 3 1 3 2 1 1 3 1 1 1 3 1 1 2 3 2 1 1 1 1 1 2 1 1 2 1 1 1 1 3 1 1 1 3 2 
1 2 3 1 1 1 1 2 2 3 1 1 1 1 1 1 1 3 1 1 1 1 1 1 2 1 1 1 1 4 1 2 3 5 1 1 1 2 3 1 1 1 1 1 2 1 1 4 2 2 1 1 1 1 2 1 1 2 1 1 2 1 5 1 
2 1 1 1 1 1 1 1 1 1 2 1 3 1 1 2 1 1 1 1 1 1 1 1 1 1 1 5 1 2 2 1 1 1 1 1 2 2 2 2 2 1 1 2 1 1 1 2 1 1 4 1 4 1 1 2 2 1 1 2 2 1 2 5 
2 2 1 1 3 2 1 1 1 2 1 2 1 2 1 4 1 4 2 2 4 1 1 1 1 1 1 2 1 1 1 2 1 2 1 3 1 1 2 1 4 1 2 3 1 1 1 1 1 2 4 2 1 1 1 1 1 1 2 2 2 3 1 1 
2 1 1 1 2 1 2 1 2 1 1 1 1 1 1 1 1 1 3 1 2 1 1 2 2 2 3 1 1 1 1 1 1 2 1 1 1 1 1 2 2 1 2 1 3 2 1 1 2 2 1 1 2 2 1 1 1 1 1 2 2 3 1 1 
1 1 1 1 1 4 1 2 1 1 2 1 3 2 1 1 1 1 1 1 1 1 1 1 1 1 2 1 1 1 1 0 2 3 1 1 1 1 1 1 1 1 1 2 1 1 1 2 1 1 1 1 1 1 1 1 1 2 1 1 1 1 2 2 
3 4 1 2 4 1 1 1 1 1 1 1 1 1 1 2 1 1 1 3 1 1 1 2 2 2 1 1 1 3 1 1 2 1 1 2 3 2 1 1 2 3 1 1 1 1 2 1 1 1 1 1 1 1 1 2 1 5 3 1 1 1 1 2 
1 2 2 2 1 2 1 1 1 1 1 1 2 1 1 3 1 1 1 2 1 1 1 2 1 1 1 1 3 2 2 1 1 1 2 1 3 1 1 2 1 1 3 1 1 1 1 2 1 1 2 2 2 2 1 1 2 1 1 1 2 1 1 2 
1 1 1 2 1 1 1 3 2 1 1 2 2 1 1 2 1 1 1 3 2 1 2 2 1 1 1 1 1 2 1 1 2 2 1 1 1 3 1 1 1 2 2 5 2 1 1 4 2 2 1 1 1 1 1 1 2 1 2 2 1 1 1 2 
2 2 2 1 1 1 1 1 3 1 1 1 1 1 1 2 1 1 1 2 1 2 1 1 1 1 1 1 2 3 3 1 3 3 2 1 2 1 1 1 1 1 1 3 1 2 2 2 1 1 1 1 2 1 2 1 1 4 1 1 3 2 1 1 
1 1 1 1 1 1 2 2 2 2 1 1 1 1 1 1 2 2 2 2 2 1 3 1 2 1 1 1 1 1 1 1 2 1 1 1 1 2 1 1 1 1 1 2 1 2 1 1 1 1 3 1 1 1 1 2 1 4 2 2 1 1 1 1 
1 3 1 5 2 2 1 1 1 1 1 5 1 1 3 1 1 1 1 2 2 2 2 1 2 1 1 1 2 3 2 3 3 5 3 1 1 1 2 1 1 1 1 2 1 1 1 7 1 3 2 1 1 2 3 1 1 1 4 1 1 2 1 1 
2 2 1 1 1 1 1 4 2 1 1 1 7 1 1 1 1 1 3 1 1 1 1 2 1 2 1 1 1 1 1 2 1 2 1 1 1 2 1 1 1 1 2 1 2 1 1 1 1 1 3 1 2 4 1 1 1 1 3 3 1 1 1 1 
1 1 1 1 1 3 1 2 1 5 1 1 1 2 1 3 3 1 1 2 2 1 1 1 1 1 1 0 2 1 1 2 1 4 1 2 1 1 2 1 1 1 2 3 3 1 1 1 1 1 2 1 1 1 3 1 1 1 1 1 2 1 3 1 
1 1 1 2 2 2 1 1 2 1 1 1 1 2 3 1 1 2 1 1 1 1 2 4 2 1 1 1 2 1 2 2 1 1 3 1 1 1 1 1 1 1 1 2 1 2 1 1 2 1 1 4 1 1 2 2 1 1 1 2 1 1 2 1 
1 1 1 2 5 1 1 3 4 2 1 3 1 1 2 1 1 1 1 2 1 1 1 1 1 2 2 1 2 1 2 1 3 2 2 1 1 2 1 1 2 1 1 1 4 1 2 1 1 3 1 1 1 1 1 2 2 1 1 6 1 1 2 2 
2 1 1 2 1 1 3 1 1 1 1 1 1 1 1 1 1 2 2 1 1 1 1 2 2 2 1 1 3 1 1 1 4 1 1 5 2 2 2 2 1 5 1 2 4 2 2 4 1 1 1 1 2 1 1 1 3 1 1 1 1 1 5 2 
2 2 2 1 1 1 1 1 1 1 1 1 2 1 3 2 1 1 3 5 1 3 1 1 1 2 1 1 1 1 2 3 1 1 2 3 1 2 1 1 2 1 1 1 2 1 2 2 1 1 2 2 1 2 1 1 1 1 1 3 1 1 1 2 
2 1 1 1 1 1 1 1 1 1 2 2 4 2 1 1 1 1 1 1 2 1 3 1 1 2 2 2 1 1 1 2 1 1 2 1 2 1 1 2 1 1 1 1 2 1 1 3 1 1 2 2 1 2 1 1 2 2 1 1 1 1 1 3 
2 1 2 1 2 1 1 1 2 1 1 3 1 6 1 2 1 2 1 3 2 1 1 1 1 2 2 1 1 1 1 2 2 1 1 1 1 1 3 3 1 1 1 1 1 2 1 2 1 1 1 1 1 1 4 1 2 2 1 1 2 1 1 1 
3 3 1 2 1 1 2 2 3 1 1 1 2 2 3 1 1 2 1 1 1 2 2 1 1 2 1 1 2 1 1 1 1 1 3 3 1 1 1 2 2 1 1 2 1 1 1 1 1 1 1 2 2 2 2 13 1 1 1 1 1 1 1 1 
1 1 1 1 1 1 1 1 4 2 2 1 2 2 1 1 2 1 1 1 2 1 1 1 2 2 1 1 1 1 2 2 3 1 1 1 1 1 1 1 2 1 1 1 1 1 1 1 1 1 4 1 1 1 6 1 2 1 1 1 3 3 1 1 
1 1 3 1 1 2 3 0 1 2 1 2 1 1 1 1 1 3 2 1 1 1 1 1 3 1 4 1 1 1 2 1 1 1 2 1 2 2 2 2 2 1 1 7 1 1 1 2 1 1 1 1 2 1 1 1 1 1 1 1 2 1 1 1 
2 1 2 1 1 1 1 2 1 1 1 3 1 1 1 1 5 1 2 1 1 2 1 1 1 1 1 2 1 1 2 1 2 2 1 1 1 2 2 1 1 1 1 3 1 1 2 1 3 1 5 1 1 1 1 1 1 1 2 1 2 1 4 1 
2 1 1 3 2 5 1 1 1 1 1 2 1 1 2 1 3 1 1 1 1 1 1 6 1 1 1 2 1 1 1 1 1 1 1 2 1 1 1 2 1 1 1 1 2 1 2 1 2 1 4 6 2 1 2 2 1 3 2 1 1 2 1 1 
1 1 1 1 1 3 1 2 1 2 1 2 2 1 1 2 1 1 1 1 2 1 1 1 2 1 1 1 2 1 1 1 1 1 2 2 1 1 2 1 1 2 4 4 1 4 1 2 2 1 1 1 1 1 1 1 1 3 1 1 3 3 1 1 
1 1 1 2 1 1 2 1 1 1 3 3 1 1 2 1 2 1 2 1 2 1 1 1 1 1 1 1 4 1 1 1 1 1 1 1 1 1 1 2 1 1 2 4 2 1 1 1 2 1 1 2 1 1 1 1 2 1 1 2 2 2 1 1 
1 1 1 1 2 1 1 1 2 1 2 2 2 1 1 1 3 2 4 2 1 1 1 1 2 2 2 2 3 1 1 2 1 1 2 4 2 2 2 1 1 1 2 3 1 1 1 1 1 2 1 1 2 1 1 1 4 2 1 3 1 1 1 2 
1 8 2 1 2 1 3 1 1 1 1 1 2 3 2 1 1 1 1 1 2 2 1 1 2 1 4 1 1 1 1 1 3 2 1 1 1 1 1 1 3 1 1 6 1 1 1 1 1 1 1 1 1 2 1 1 1 1 1 1 1 2 4 1 
1 1 1 1 1 3 1 1 1 1 2 2 1 1 1 1 2 1 1 3 2 1 2 1 5 2 1 1 1 1 1 2 1 2 1 1 1 1 1 3 1 3 1 1 3 2 2 1 2 1 4 1 2 1 2 1 1 1 2 1 2 1 1 1 
1 1 1 1 1 1 1 1 2 1 1 1 1 1 1 1 1 2 1 1 1 2 1 2 2 2 3 1 1 1 2 1 1 1 1 3 1 2 1 1 1 1 1 2 1 1 2 1 1 1 1 2 1 1 4 1 3 1 1 1 1 1 1 2 
2 1 1 2 1 2 3 1 1 2 2 2 1 1 1 1 1 1 2 1 1 2 1 1 3 1 1 1 1 1 1 1 1 1 1 1 1 2 2 1 1 1 1 1 1 2 1 1 1 1 1 2 2 1 1 2 1 1 1 1 2 1 2 2 
1 1 1 2 2 1 1 1 1 1 4 2 1 4 2 1 1 1 1 2 2 1 1 1 1 1 1 1 1 3 2 1 1 1 2 4 1 2 1 1 2 1 1 2 1 1 2 2 1 1 1 1 2 1 1 3 1 1 3 1 1 5 1 2 
1 1 3 3 1 2 1 1 2 2 4 1 1 1 1 5 1 1 2 1 1 1 1 1 3 2 1 1 1 1 2 2 1 1 1 1 1 1 1 3 2 2 1 2 1 1 1 1 1 1 2 1 1 2 1 2 3 1 1 1 1 1 1 2 
2 1 2 2 2 1 1 1 2 1 1 4 1 2 2 2 1 1 1 1 1 1 1 1 2 2 1 1 2 1 1 1 1 1 2 1 1 1 1 2 1 1 2 1 1 1 1 1 2 1 1 1 8 1 2 1 1 1 1 1 2 1 1 2 
2 1 3 1 1 2 1 2 1 3 1 2 1 2 1 2 1 2 2 1 1 1 1 2 2 2 1 1 1 2 1 1 2 1 4 1 1 1 2 1 2 1 1 1 1 1 2 1 2 1 4 1 1 1 1 2 1 1 2 1 1 1 1 1 
1 1 1 1 1 1 2 1 2 1 2 2 1 1 1 1 1 1 1 1 2 1 1 2 1 2 1 1 1 1 1 2 1 2 2 1 2 1 2 2 1 1 1 1 2 1 2 1 1 1 2 2 2 1 1 1 1 2 1 1 2 1 2 1 
1 1 1 1 1 3 1 2 1 1 1 2 4 2 2 1 1 2 1 1 1 1 2 1 1 2 2 1 1 1 1 1 1 1 1 1 1 4 1 1 1 2 2 2 1 2 1 1 2 2 1 1 1 1 1 3 2 1 2 1 1 1 1 4 
2 2 1 2 1 2 2 1 1 1 1 1 1 4 2 1 1 1 1 1 2 2 1 1 1 1 1 1 1 1 1 1 2 1 1 2 2 4 1 3 1 1 1 3 1 1 3 2 2 3 1 1 1 1 1 1 1 2 2 1 1 1 2 2 
1 1 1 1 1 1 1 1 4 3 1 3 1 1 1 2 1 2 1 1 1 2 4 2 1 1 1 1 1 2 2 2 3 1 1 1 2 4 2 1 1 1 1 1 3 2 1 2 1 1 1 1 1 1 2 1 1 1 1 1 1 3 1 1 
1 2 1 2 1 1 1 2 4 1 1 1 1 5 1 1 1 2 1 1 1 2 2 2 2 2 1 1 2 1 2 2 2 1 1 1 1 1 3 1 2 1 3 2 3 1 1 1 1 1 1 1 1 2 1 1 1 1 1 2 2 1 1 3 
1 1 2 2 1 1 2 1 1 1 4 2 2 1 1 1 1 2 2 1 4 2 1 1 2 1 1 1 3 4 2 1 2 3 2 2 1 1 1 1 2 1 2 1 2 2 1 1 1 2 1 1 1 1 2 1 1 6 1 1 1 1 1 1 
1 1 1 2 3 2 1 1 1 2 1 1 2 1 1 1 1 1 4 1 1 1 1 2 1 2 1 1 1 1 1 3 1 1 1 3 1 2 1 1 1 1 1 1 2 1 1 1 1 3 1 1 1 1 2 2 2 1 2 1 1 2 1 2 
2 1 2 1 1 2 2 1 1 1 2 1 2 1 2 1 1 2 2 1 1 2 1 2 1 1 2 1 1 2 3 1 1 2 1 1 1 1 1 3 2 1 1 1 2 1 1 1 1 1 1 1 3 1 1 1 1 1 3 2 2 1 1 1 
2 1 2 2 1 1 1 1 2 1 1 1 2 1 1 2 1 1 3 1 1 1 1 2 1 1 1 3 1 1 1 1 1 2 1 2 1 1 2 1 1 4 1 1 1 1 1 1 1 1 1 1 1 1 1 1 1 1 1 3 1 1 1 1 
1 1 1 1 1 2 1 1 1 1 3 4 2 1 1 2 2 1 2 1 1 1 2 1 2 1 2 1 1 1 1 3 2 1 1 1 1 1 1 1 1 1 1 1 1 1 1 2 1 5 1 1 1 1 1 1 1 1 1 2 2 1 2 1 
1 1 1 1 1 2 1 1 1 2 1 1 1 1 2 2 2 2 1 1 1 1 1 3 1 1 1 1 1 2 2 1 1 1 1 1 3 1 1 1 1 1 2 1 1 1 2 2 1 1 1 2 1 1 1 1 1 2 1 1 1 2 1 2 
1 1 3 1 1 1 1 1 1 1 2 1 2 2 2 1 1 2 1 1 1 4 2 1 1 1 1 1 2 2 2 1 2 2 1 1 1 1 1 1 1 1 1 1 1 1 1 1 4 2 4 1 1 1 1 1 1 5 1 2 2 1 1 1 
2 2 1 1 4 1 1 1 1 1 1 2 1 1 3 1 1 1 1 3 1 1 1 1 1 1 1 2 1 1 1 1 1 1 1 1 4 3 1 1 3 2 1 2 3 1 3 1 2 1 1 2 1 1 2 1 2 1 2 1 1 1 4 1 
2 1 1 1 1 2 1 1 1 1 1 2 1 1 1 2 1 1 1 1 1 1 1 5 1 1 1 1 2 5 2 1 1 1 1 2 1 1 2 2 1 2 2 4 1 1 2 2 4 1 2 2 1 1 2 1 1 1 1 1 2 1 1 1 
2 1 1 1 1 1 2 1 3 1 2 1 1 1 1 1 3 1 3 1 2 1 1 2 2 3 1 1 2 1 1 1 2 1 2 1 1 2 1 1 1 1 1 2 2 2 1 1 1 2 1 2 2 1 2 1 1 1 1 2 1 1 2 1 
2 1 1 1 2 3 2 1 1 1 1 1 2 1 1 1 1 2 1 1 4 2 1 1 2 1 1 1 1 1 1 6 1 1 2 2 1 1 1 1 1 1 1 1 2 1 1 4 2 1 1 2 2 2 1 3 2 1 1 1 1 5 1 1 
1 1 1 1 1 1 1 1 1 1 1 2 5 1 2 1 2 2 2 3 2 2 2 2 4 1 1 1 1 1 1 1 1 1 2 1 1 1 1 1 1 1 2 2 1 1 2 1 1 1 2 1 1 1 1 1 1 1 3 1 2 1 2 4 
1 4 2 2 3 1 1 1 1 2 1 2 1 2 2 5 1 1 1 2 1 2 1 1 2 1 1 1 1 1 1 2 1 2 1 1 2 1 1 1 1 1 1 2 2 1 2 1 5 2 1 1 1 5 2 3 1 1 1 2 1 2 1 1 
4 1 2 2 2 2 1 1 1 1 1 4 2 1 1 2 1 2 1 2 1 2 1 1 3 2 1 2 2 2 1 1 3 2 1 1 1 1 3 1 2 1 4 1 1 1 1 1 1 1 1 1 1 1 2 1 1 2 1 2 2 1 2 3 
1 1 1 1 2 2 2 3 1 1 2 2 1 3 1 1 2 1 1 3 1 1 1 1 1 1 1 2 1 1 1 2 1 1 1 1 1 3 1 1 2 3 1 2 2 2 1 2 3 2 1 2 1 1 1 1 2 3 2 2 1 2 1 1 
1 3 1 2 1 1 1 1 2 2 1 2 2 3 1 1 1 1 1 1 1 3 1 1 1 1 2 1 1 1 1 1 3 1 1 2 1 1 1 1 1 1 1 2 1 5 2 4 1 1 2 1 1 2 2 2 1 4 2 1 1 1 1 1 
1 1 1 1 1 1 1 1 3 1 1 1 1 1 2 1 1 4 2 2 1 4 1 2 2 2 1 2 7 1 2 1 2 1 1 1 1 1 1 1 1 1 1 1 1 1 1 1 1 2 1 1 1 1 2 1 1 1 1 1 1 2 1 6 
3 3 1 2 2 1 1 2 2 1 3 2 1 1 2 1 1 1 1 1 2 2 1 2 1 1 1 1 1 1 1 1 1 1 3 1 1 2 1 1 2 2 1 1 1 2 1 1 1 1 2 1 2 1 1 1 1 1 1 1 2 2 5 1 
2 1 1 1 1 2 1 2 1 1 1 2 2 3 1 1 3 1 1 1 1 4 1 1 2 2 1 1 1 1 1 1 1 2 1 1 1 1 1 1 1 1 1 1 1 1 1 1 1 1 1 1 2 2 8 2 1 3 1 2 1 2 2 1 
1 2 1 1 1 1 1 2 1 2 1 1 1 1 2 7 1 1 1 1 2 1 1 1 1 1 1 2 1 1 2 1 2 1 2 1 2 1 2 2 1 1 1 1 1 1 1 1 1 2 3 1 2 1 1 1 5 1 1 2 1 1 1 2 
1 4 1 2 2 1 1 1 1 1 2 1 1 1 1 2 1 3 2 4 2 1 1 2 1 1 1 1 2 1 1 3 2 2 2 3 1 3 2 1 1 6 1 1 1 2 1 2 5 2 6 1 4 1 1 2 1 1 1 4 1 3 1 2 
1 2 2 1 2 2 1 3 2 2 1 1 3 1 2 1 2 1 6 1 3 1 2 1 5 1 1 1 1 1 2 2 3 4 1 2 1 1 1 1 2 1 3 2 1 1 1 1 3 3 1 2 1 1 1 1 2 2 1 1 1 1 1 1 
1 2 1 1 1 1 1 1 1 2 1 3 1 2 2 1 2 1 2 1 2 1 2 1 1 1 2 1 2 3 1 1 2 1 2 2 1 2 2 1 1 1 1 1 1 1 1 1 1 1 1 1 2 1 1 1 1 1 2 1 1 2 2 2 
1 1 1 1 1 2 1 1 2 1 1 2 1 1 1 1 2 1 1 1 1 1 1 1 1 2 1 1 1 1 2 1 0 1 1 3 1 1 3 1 2 2 1 5 1 1 1 1 1 2 2 1 2 2 1 1 2 2 2 1 3 2 1 2 
2 1 3 1 1 2 1 1 1 2 1 2 1 1 2 1 3 4 3 1 1 1 3 1 6 2 1 2 1 1 1 1 2 2 1 1 1 2 3 1 2 1 1 1 1 1 2 1 1 1 1 2 1 1 1 1 2 1 1 1 1 1 1 2 
1 1 3 1 1 2 2 2 1 2 2 1 2 2 1 2 1 1 1 1 1 2 1 1 2 1 3 1 1 2 2 1 2 2 1 1 1 1 1 1 1 3 1 4 5 1 1 2 1 2 1 1 1 2 1 1 1 2 1 1 1 1 1 2 
2 1 1 2 1 1 1 1 1 1 3 1 3 1 1 1 1 1 1 1 1 1 1 2 2 2 1 1 2 2 2 2 1 2 3 1 1 2 1 1 1 1 1 2 2 3 1 1 1 1 2 1 1 1 1 4 1 2 1 2 1 2 1 1 
1 1 1 1 1 1 3 1 1 1 1 1 1 2 1 1 2 3 1 1 1 1 1 1 2 1 3 2 2 2 2 2 1 1 2 1 1 1 1 1 1 1 2 1 2 1 1 1 1 1 1 1 1 2 1 3 1 2 1 2 1 1 1 2 
1 4 2 2 1 1 1 1 1 1 1 1 1 1 1 1 7 3 1 1 2 2 1 1 1 2 1 2 1 5 1 1 2 2 3 1 1 1 1 2 2 1 1 1 2 1 1 1 2 1 4 2 3 1 1 2 1 1 1 1 1 1 1 2 
5 1 1 1 1 1 1 1 1 1 2 1 1 1 1 2 2 2 1 1 4 1 3 1 1 1 2 1 1 1 1 1 2 2 6 2 1 1 2 1 2 1 1 1 2 4 1 3 1 1 1 4 1 1 3 1 2 1 1 1 2 1 2 2 
2 2 1 1 3 2 1 1 1 1 2 1 1 1 1 2 1 1 1 2 1 2 1 2 1 2 1 1 1 3 1 1 1 1 1 1 1 1 2 1 1 2 1 2 1 6 1 1 4 2 2 2 1 1 1 1 1 2 1 1 2 1 1 1 
1 3 1 1 1 2 2 1 1 1 1 1 2 2 1 1 3 1 1 1 3 1 6 1 1 1 1 2 1 2 2 2 1 1 1 1 2 2 1 1 1 1 2 1 1 1 2 1 3 3 2 1 1 1 1 1 1 3 2 2 1 1 1 1 
2 2 2 1 5 1 1 1 4 1 2 2 1 2 2 3 1 2 1 1 1 1 1 1 1 1 1 2 2 2 2 1 1 1 2 1 2 1 1 1 1 2 1 1 1 1 1 1 2 1 1 1 1 1 2 1 1 1 1 2 1 2 1 1 
2 1 1 2 2 1 3 3 2 1 1 1 1 2 1 1 1 1 1 1 1 1 2 1 1 3 1 1 1 1 1 1 1 2 2 2 1 1 2 1 1 2 1 1 2 4 2 1 4 2 1 2 2 2 1 1 3 2 1 3 2 2 1 2 
2 1 2 3 1 3 2 1 3 1 1 1 3 1 1 1 1 1 1 1 1 1 1 1 1 2 2 4 1 1 1 2 1 1 1 1 1 1 1 1 5 2 1 1 2 1 3 2 1 1 1 1 3 2 1 2 1 1 2 1 2 1 2 1 
2 1 1 2 2 1 1 1 1 2 2 1 1 5 1 1 1 1 2 1 1 1 1 1 1 3 1 1 1 1 3 3 2 1 2 1 3 1 2 2 2 1 1 1 1 1 4 1 1 2 1 1 2 1 1 1 1 1 2 5 1 1 1 1 
1 1 1 1 1 1 1 1 2 1 1 1 1 1 1 1 1 2 1 3 2 1 1 1 1 2 2 4 1 1 2 1 1 1 1 1 2 2 1 2 3 1 1 1 1 1 1 2 2 2 2 1 4 1 1 1 1 1 1 1 1 1 2 1 
1 1 1 1 1 1 2 1 1 2 1 1 2 1 1 1 1 1 2 2 1 1 3 1 2 1 1 1 1 1 1 1 1 1 3 1 1 1 1 1 2 1 1 1 2 1 2 1 2 1 3 1 1 1 1 1 1 1 1 1 3 1 1 1 
3 1 1 1 2 1 1 1 1 5 3 1 2 3 1 1 1 1 1 1 1 1 1 1 1 2 1 1 2 1 1 3 2 2 1 1 1 1 2 2 1 1 2 1 1 1 1 1 2 1 1 1 2 1 1 2 1 3 1 2 1 4 1 1 
2 2 2 1 2 1 1 1 1 1 1 1 1 1 1 1 2 1 1 1 1 1 1 1 1 1 1 1 2 1 1 1 3 1 1 1 1 1 1 2 2 1 1 1 2 1 1 2 2 3 2 2 1 1 1 1 1 1 2 1 1 1 1 1 
2 2 1 2 1 2 1 1 2 4 1 1 1 3 1 1 1 1 1 1 2 1 2 1 2 1 1 1 1 2 1 2 1 1 1 1 2 1 1 1 1 2 1 3 1 1 1 1 1 1 2 3 1 2 3 1 1 2 1 2 2 2 4 2 
1 1 2 1 1 2 1 1 1 1 1 1 2 1 1 1 2 3 1 2 1 1 1 1 1 1 1 1 1 1 1 1 1 1 1 1 1 2 3 1 1 2 2 3 1 1 3 1 1 2 2 1 1 1 1 8 1 1 3 1 1 3 1 1 
1 1 1 1 1 2 4 1 3 1 1 2 1 1 1 2 3 1 1 1 2 1 1 2 2 1 2 2 1 1 5 1 2 1 2 1 1 2 2 2 1 2 1 1 1 1 2 1 2 1 2 2 2 1 1 1 1 1 2 1 1 1 3 2 
1 1 1 1 3 3 4 1 1 1 2 2 2 1 1 2 1 1 1 2 3 1 2 2 1 2 1 2 1 2 1 2 1 1 1 2 2 3 2 1 1 1 2 1 1 1 1 1 3 2 2 2 1 1 1 1 3 1 1 2 1 3 1 1 
1 1 1 2 2 1 1 2 1 1 1 1 1 2 1 1 2 3 1 1 1 4 1 4 1 1 1 2 1 1 1 1 1 1 1 2 1 3 5 1 2 1 3 1 1 1 1 3 2 1 1 1 1 2 1 1 1 2 2 1 1 2 1 1 
1 3 1 1 1 2 1 1 1 2 1 1 2 1 1 1 1 1 4 1 1 2 1 2 1 1 1 1 3 1 4 1 2 1 1 1 4 3 1 2 2 2 1 3 2 2 3 2 4 1 1 1 1 1 1 1 1 1 1 4 2 1 1 1 
1 1 1 5 1 2 2 1 2 1 1 1 2 1 1 1 1 1 1 1 1 6 1 2 1 2 1 1 1 1 1 2 2 1 1 1 1 1 1 1 2 1 1 1 2 3 1 1 1 1 5 1 1 1 1 4 1 1 2 1 2 1 1 1 
1 1 1 2 4 2 1 1 2 1 1 1 1 2 1 2 1 2 1 1 1 1 2 1 3 1 1 1 2 1 1 2 1 1 2 1 2 1 1 2 1 1 1 1 2 1 1 2 2 1 1 2 1 1 3 2 1 1 2 1 2 1 2 2 
1 1 2 2 1 1 2 1 1 1 2 1 2 2 1 2 1 1 1 3 1 2 1 2 1 1 1 1 2 1 1 1 1 4 1 2 1 3 2 2 1 1 2 1 1 1 1 1 2 1 1 1 1 1 1 2 1 1 1 1 1 1 1 1 
1 1 2 1 1 1 1 1 1 1 1 1 1 1 1 1 1 1 1 1 1 1 1 1 1 1 1 1 1 1 1 1 1 1 2 1 1 3 1 2 1 1 1 1 2 1 1 1 2 1 3 1 1 1 1 1 1 1 1 1 1 1 1 1 
1 1 1 1 1 1 1 3 1 2 1 1 1 1 1 1 1 1 1 1 1 2 1 2 1 1 3 2 2 2 1 1 3 1 1 1 1 1 2 1 1 2 1 1 1 1 1 2 1 1 1 2 1 1 1 1 1 1 3 1 1 1 1 1 
2 1 1 1 1 2 1 1 1 1 1 1 1 1 1 1 1 1 2 1 1 1 1 1 1 1 1 1 1 1 1 1 1 4 1 2 1 1 1 2 1 1 3 1 4 1 1 3 1 1 1 1 1 1 1 3 1 1 1 1 1 1 1 1 
1 1 1 1 1 1 1 1 1 2 1 1 1 1 1 1 1 1 1 1 1 1 1 1 1 1 3 1 2 1 1 2 2 3 1 1 2 1 1 1 2 1 1 1 1 1 1 1 2 2 1 1 1 1 1 1 1 1 1 1 1 2 1 1 
1 1 1 2 2 2 1 2 1 1 1 1 1 1 3 1 1 1 1 1 1 1 1 2 1 1 1 2 1 1 1 1 1 1 1 1 2 1 2 3 2 2 1 1 1 1 1 1 1 1 1 1 1 2 1 1 2 1 1 1 4 1 1 1 
1 1 1 1 1 1 1 2 2 1 1 1 1 1 1 2 1 1 3 1 2 2 1 2 1 1 1 1 1 1 1 1 1 1 1 1 1 1 1 1 1 1 2 1 1 1 1 2 2 1 1 1 2 1 1 1 2 2 2 2 1 1 1 1 
1 1 3 1 1 3 1 1 1 1 1 1 1 1 1 1 1 1 1 1 1 1 1 1 1 1 1 5 2 1 1 1 3 1 1 3 1 1 1 1 2 1 1 2 1 2 3 1 1 1 1 1 1 1 1 1 1 2 1 1 1 2 1 1 
1 1 1 1 1 1 2 1 1 1 1 1 1 2 1 1 4 1 1 2 1 2 1 1 2 2 1 1 1 1 1 1 3 1 2 1 1 1 1 1 1 1 1 1 1 1 1 1 1 1 1 1 2 2 3 1 1 2 1 1 1 2 1 1 
1 2 1 1 2 1 1 1 1 1 1 2 2 1 1 3 1 2 1 1 1 1 1 2 2 1 1 1 1 3 1 1 1 2 1 2 2 1 1 1 2 1 1 1 1 1 1 1 1 1 1 2 1 1 1 1 1 2 1 3 1 1 1 1 
1 1 1 1 1 1 1 1 1 3 1 1 1 1 2 1 1 1 1 1 1 2 2 1 3 1 2 1 1 1 1 2 1 1 1 2 2 2 1 1 1 1 2 2 2 1 1 1 1 1 1 1 2 1 1 1 1 1 1 1 1 1 2 1 
2 1 1 1 1 1 3 1 1 3 1 1 1 1 1 1 1 1 1 3 1 1 1 2 1 2 2 1 1 1 1 1 1 1 1 1 1 1 3 1 1 1 1 1 2 1 1 1 1 1 1 1 1 1 1 1 1 1 1 1 1 2 1 1 
1 6 1 2 1 2 1 1 3 4 1 2 4 1 1 1 2 1 1 1 1 1 1 1 1 2 1 1 1 1 1 1 1 1 1 1 2 1 1 1 1 1 1 1 2 1 1 1 1 1 2 2 2 1 2 1 1 1 1 2 1 1 1 2 
2 1 3 1 1 1 1 1 1 1 1 1 2 1 1 1 2 2 1 1 2 1 1 1 1 1 2 2 1 1 1 1 2 1 1 3 1 1 1 1 2 1 1 2 2 1 2 1 1 2 2 1 1 1 2 1 2 1 1 1 1 1 1 1 
1 1 1 1 2 1 1 1 1 1 1 1 1 1 3 1 1 1 1 2 1 1 1 1 1 1 1 1 1 1 1 1 1 1 1 1 1 2 2 1 1 1 1 1 1 2 1 1 1 1 1 3 2 4 1 2 1 1 1 1 1 1 1 1 
1 1 2 1 1 4 1 1 1 1 1 1 2 1 1 1 1 1 1 2 2 1 1 1 1 1 1 1 1 1 1 1 1 1 1 1 1 1 1 1 1 1 2 2 1 1 1 1 1 1 6 1 2 3 1 1 1 1 4 1 1 1 1 1 
1 1 1 1 3 1 1 1 1 1 2 1 1 1 1 1 1 3 2 1 1 1 1 1 1 4 3 1 2 1 1 1 1 2 1 1 1 1 1 1 2 2 1 1 1 3 1 1 1 1 2 1 1 1 1 1 1 1 1 1 1 1 1 1 
2 1 1 2 1 1 2 1 2 1 1 1 2 1 1 1 1 1 1 1 2 2 1 1 1 1 1 1 1 1 2 2 1 1 1 1 1 2 0 1 2 1 1 1 1 1 1 1 1 1 1 1 1 3 1 1 1 1 1 1 1 1 1 1 
1 1 1 1 1 1 1 2 1 1 2 1 1 2 1 1 2 2 1 1 1 1 1 1 1 1 1 1 1 2 1 2 1 1 1 1 1 1 1 1 2 1 1 2 1 1 2 2 1 1 2 1 2 1 1 1 1 1 1 1 2 2 1 1 
1 1 1 1 1 2 1 1 1 3 1 1 1 1 1 1 1 2 2 1 1 1 1 2 1 1 1 1 2 1 2 1 1 1 1 1 1 2 1 1 1 1 1 1 1 1 1 2 2 2 1 1 1 1 1 2 1 3 1 1 1 2 1 2 
1 1 1 1 1 1 1 1 1 1 1 1 1 1 2 1 1 1 1 2 1 1 1 1 2 1 1 2 2 2 1 2 1 1 1 1 2 1 1 3 1 2 1 1 1 2 1 1 1 1 1 1 1 1 1 1 1 2 2 1 1 1 1 1 
2 1 1 1 1 1 2 0 1 1 1 1 1 1 1 1 1 1 1 1 1 1 1 1 1 1 1 1 1 1 2 1 1 2 1 1 1 1 1 1 2 3 1 2 2 1 1 1 1 2 1 2 1 1 1 2 1 1 1 1 1 1 1 1 
1 5 2 1 1 1 1 1 1 1 1 1 1 1 1 2 1 1 1 1 1 1 1 1 1 1 1 5 1 1 1 2 1 1 1 1 1 2 1 1 1 2 1 2 1 1 1 1 1 1 1 2 1 1 1 1 1 1 1 3 1 1 2 1 
1 1 1 1 3 1 1 1 2 1 1 1 2 1 1 1 1 1 1 1 2 1 1 1 1 1 1 1 1 1 2 1 6 1 1 1 2 2 1 1 1 1 1 1 3 1 1 1 3 1 1 1 1 1 1 1 1 3 1 1 1 1 1 1 
1 1 1 1 1 1 1 1 1 1 2 1 1 1 1 1 1 2 1 1 1 1 1 2 1 1 2 1 1 1 3 1 1 1 1 1 1 1 1 2 1 1 1 1 1 2 2 1 1 1 1 1 3 1 1 1 1 1 1 1 2 2 1 1 
1 1 5 1 1 1 1 1 1 2 1 1 2 1 1 2 1 2 2 1 1 1 1 3 1 1 1 1 1 1 1 1 1 1 1 1 1 1 1 2 1 1 1 1 1 1 3 1 1 1 1 1 1 1 1 1 1 1 1 1 3 1 1 1 
1 1 1 2 1 1 1 1 1 1 3 1 1 1 1 1 1 1 1 1 2 1 1 1 1 1 1 1 2 1 1 3 1 1 1 1 1 1 1 1 2 1 2 2 1 1 1 1 1 1 1 1 1 1 1 1 1 2 1 1 2 2 1 1 
1 1 1 1 1 1 1 1 1 2 3 1 1 1 1 1 1 1 1 2 2 2 1 3 1 2 1 2 1 1 1 1 1 2 1 1 1 4 2 1 1 1 1 2 1 1 1 1 1 2 1 2 1 1 1 2 1 2 2 1 1 1 1 1 
2 2 1 1 2 1 1 1 2 1 2 4 1 2 1 1 1 1 2 1 1 1 1 1 2 1 1 1 1 2 2 1 1 1 1 1 1 2 1 2 1 1 1 1 1 1 1 1 1 1 1 1 3 1 1 1 1 1 1 1 3 2 3 1 
1 1 1 1 1 1 1 1 1 1 1 1 1 1 3 1 1 2 1 2 1 1 2 1 2 1 1 1 1 1 2 1 1 1 3 2 1 2 2 1 1 1 1 2 1 1 1 1 1 1 2 1 1 1 1 1 3 1 2 1 1 1 1 1 
1 1 1 1 1 1 2 3 3 1 1 1 1 1 1 1 1 2 1 1 1 1 1 1 1 1 1 1 2 1 1 1 1 1 3 1 1 1 1 1 1 1 2 2 1 1 1 2 1 1 1 1 1 1 1 1 1 1 1 1 1 2 1 1 
2 1 1 1 1 2 1 1 1 1 1 2 2 1 2 1 3 1 1 1 1 1 1 1 1 1 1 1 2 1 2 1 1 2 1 1 2 1 1 1 1 1 1 1 3 1 1 1 1 1 1 1 1 1 1 1 1 1 2 1 1 1 2 1 
1 1 1 1 1 1 1 1 2 1 2 3 2 1 2 3 1 2 2 1 1 1 1 1 1 1 1 4 1 1 1 1 1 1 1 1 1 1 1 1 1 1 1 1 1 1 2 1 1 1 1 1 1 1 1 1 7 2 1 2 1 1 1 2 
1 1 1 3 1 2 1 1 1 1 1 1 1 1 2 2 1 1 1 1 1 2 1 1 1 1 1 1 4 3 1 1 1 1 1 1 1 2 1 1 1 1 2 1 1 1 1 1 1 2 1 1 2 1 1 1 1 1 2 2 1 1 1 1 
1 2 1 2 1 1 2 1 1 1 1 1 1 1 1 1 1 1 1 1 1 1 1 1 1 1 1 1 1 1 3 1 1 1 3 2 1 1 1 1 1 1 1 1 2 1 1 2 1 1 1 2 1 1 1 2 1 1 1 1 2 1 1 1 
2 1 1 1 1 2 1 1 1 1 1 2 1 1 1 1 1 1 1 1 1 2 1 1 1 1 1 1 2 1 1 1 1 1 1 1 1 1 1 1 1 1 1 1 1 2 1 1 1 1 1 1 1 1 1 2 1 1 1 1 1 1 1 2 
1 2 7 1 1 1 2 1 3 1 1 1 1 1 1 2 1 1 1 4 1 1 1 2 1 1 1 1 1 1 1 2 2 1 1 1 1 1 1 1 1 2 1 1 1 1 1 1 2 1 2 2 0 1 2 1 4 1 1 1 1 1 1 1 
2 1 1 1 1 1 1 1 1 1 1 1 2 1 1 1 1 1 1 1 3 2 2 1 1 1 2 1 1 1 1 1 1 2 1 1 1 1 1 1 1 1 1 1 1 3 1 1 1 1 1 1 1 2 1 1 1 2 1 1 2 2 1 1 
1 1 3 2 3 2 2 6 1 1 1 1 1 1 1 1 1 2 1 1 1 3 1 2 1 1 2 1 1 2 1 1 1 1 1 1 1 1 1 1 1 1 1 1 1 1 1 1 1 1 1 1 1 1 1 1 1 1 1 1 2 1 1 1 
1 1 1 5 1 1 2 1 1 1 1 1 1 1 1 1 1 1 1 1 1 1 1 1 1 2 1 2 1 1 2 1 1 2 1 1 1 1 1 1 1 1 1 1 1 1 2 1 1 3 1 1 2 1 1 3 1 1 2 2 1 1 1 1 
1 1 2 1 1 1 1 1 1 1 1 1 1 1 1 1 1 1 1 1 1 1 1 1 1 1 4 1 1 1 1 1 1 1 1 1 2 1 1 1 2 1 1 1 2 1 1 1 1 1 1 1 1 2 2 2 1 2 1 3 1 1 1 1 
2 1 2 1 1 1 1 1 1 1 1 1 1 1 1 1 1 1 1 1 1 1 1 1 1 1 1 1 1 1 1 1 1 1 1 1 1 1 1 1 1 2 1 1 2 1 1 1 1 2 1 1 1 2 1 1 2 1 1 3 1 1 3 1 
1 1 1 1 1 1 2 1 1 1 1 1 1 1 1 1 1 1 1 1 1 1 1 1 1 2 2 1 0 3 1 1 1 1 1 1 3 3 1 1 1 1 1 1 1 2 1 1 2 1 1 1 1 1 1 2 1 1 1 1 2 1 1 1 
1 1 1 1 1 1 1 1 1 1 1 1 1 1 1 2 1 1 1 1 1 2 2 1 1 1 2 1 1 1 1 3 1 1 1 3 1 1 1 1 2 1 1 1 1 1 2 1 1 1 3 1 1 1 1 1 1 1 3 1 1 2 1 1 
1 1 1 1 1 1 1 1 1 1 1 2 1 1 1 1 1 1 1 1 1 2 1 1 1 1 1 1 1 1 1 1 1 1 1 2 2 1 1 3 1 1 1 1 1 1 1 2 1 2 1 2 1 1 1 1 1 1 1 2 1 1 2 3 
3 1 1 1 1 1 1 1 1 1 1 1 1 1 2 9 1 1 2 2 1 1 1 1 1 1 1 1 2 1 1 1 1 1 1 1 1 3 1 1 2 1 2 1 1 1 3 1 1 1 1 1 1 1 1 1 2 1 1 1 1 1 1 1 
1 1 1 1 1 1 1 1 1 1 2 1 1 1 1 1 1 2 1 1 1 1 1 2 1 1 1 4 1 1 4 2 1 2 1 1 1 2 1 3 1 2 2 1 1 1 1 1 1 3 2 1 3 1 1 1 1 1 1 1 1 1 1 2 
1 1 1 1 1 3 2 1 1 1 2 1 1 1 1 1 1 1 2 1 1 1 2 1 1 1 1 1 1 1 1 1 2 2 1 1 1 1 1 1 1 1 2 1 1 1 1 1 1 1 1 1 1 2 1 1 1 1 1 1 1 1 1 2 
1 1 1 1 1 1 1 1 1 3 3 1 1 1 1 1 1 1 1 1 1 1 2 1 1 1 1 2 2 1 1 1 1 5 1 1 1 1 1 1 1 1 1 1 1 1 1 1 1 1 1 1 2 1 2 2 1 1 1 1 1 3 1 1 
1 1 2 1 1 1 1 1 1 2 1 1 1 1 1 1 1 1 1 1 1 1 1 1 1 1 1 1 1 1 1 3 3 1 1 1 1 1 1 1 1 1 1 1 6 1 1 1 1 1 1 1 1 1 1 1 4 1 1 1 1 1 3 1 
1 1 1 1 1 1 1 1 1 1 1 1 3 1 1 1 1 1 1 2 1 1 1 1 2 1 1 2 1 1 2 1 1 1 2 1 1 1 3 1 1 1 1 2 1 1 1 1 1 1 1 1 1 1 1 1 1 1 1 2 1 1 1 2 
3 1 1 1 2 1 2 2 1 1 1 1 1 1 2 1 1 3 1 1 1 1 1 5 1 1 3 2 1 1 1 1 1 1 2 1 1 3 1 2 3 1 2 1 1 3 3 1 1 1 1 1 1 1 1 1 1 3 2 1 1 1 1 1 
1 3 1 2 2 1 2 1 1 1 1 1 1 1 1 1 1 1 1 2 1 1 1 1 1 2 1 1 1 1 1 1 1 1 1 1 1 1 1 1 1 1 1 1 1 1 1 1 1 1 3 1 1 2 1 1 1 0 1 1 1 1 1 1 
1 2 1 3 1 1 1 1 1 2 2 2 1 1 1 1 1 2 5 1 1 1 2 2 1 1 1 1 2 1 1 1 1 1 1 1 1 1 1 1 1 1 2 2 1 1 1 1 1 1 3 1 2 1 1 1 1 2 2 1 1 1 1 1 
2 1 1 2 2 2 1 1 1 1 1 1 1 1 1 1 4 1 1 1 1 1 2 1 1 1 1 1 1 2 1 1 1 1 1 1 1 1 1 1 1 1 1 3 3 0 1 1 1 2 5 1 1 1 1 2 1 1 1 1 1 1 1 2 
2 1 1 1 1 1 1 1 2 2 1 1 1 1 1 1 1 1 1 3 1 1 1 1 3 1 1 1 2 1 1 1 1 3 1 1 1 1 1 1 0 1 1 2 1 1 1 1 1 1 1 2 1 1 1 2 1 1 1 1 1 1 1 1 
1 1 1 2 1 2 1 1 1 1 1 1 1 2 1 1 1 1 1 2 1 2 4 1 3 1 1 1 1 1 1 1 1 1 1 1 2 1 1 1 1 1 1 1 1 1 1 2 1 2 1 1 1 1 2 1 1 1 1 1 2 2 1 1 
3 1 2 2 1 1 2 1 1 2 1 1 2 1 1 2 2 4 1 1 1 2 1 1 1 1 2 3 1 2 1 1 1 1 1 1 1 1 1 1 2 3 1 1 1 1 1 1 1 1 1 1 3 1 2 1 2 1 1 1 1 1 3 1 
2 1 1 2 1 1 1 1 1 2 1 1 1 2 1 1 1 1 1 1 1 3 2 1 1 1 1 1 1 1 1 1 1 1 1 1 1 1 1 1 5 1 1 1 1 1 1 2 1 3 1 1 1 1 1 1 1 1 1 1 1 1 1 1 
1 1 3 1 1 1 3 1 1 1 1 1 2 1 1 2 1 2 1 3 1 2 1 2 1 1 1 1 1 1 1 1 1 1 1 2 1 1 1 3 2 1 1 4 1 1 1 1 1 2 1 3 1 1 1 1 1 1 1 2 2 1 1 1 
1 1 2 1 1 1 1 1 1 1 1 1 2 1 1 1 2 1 1 1 1 1 1 1 1 2 1 2 1 1 1 1 1 1 1 1 1 1 1 1 3 2 1 1 1 1 2 1 1 3 1 1 1 1 1 1 3 2 1 1 1 1 1 1 
1 1 1 3 1 1 2 1 1 1 1 1 1 2 1 2 1 1 1 1 1 1 3 1 1 1 1 1 1 2 1 1 1 1 1 1 1 1 1 3 1 2 1 1 1 1 1 1 2 1 1 1 1 1 2 1 4 1 1 1 1 1 1 1 
1 1 1 2 4 1 1 1 1 3 1 1 2 1 1 2 1 1 1 2 1 1 2 1 2 1 1 1 1 1 2 1 1 1 1 1 1 1 1 1 1 1 1 1 1 1 1 1 1 1 1 2 1 1 2 3 1 0 1 1 1 2 2 1 
4 1 3 1 1 1 1 1 1 2 1 1 1 3 1 1 1 1 3 1 1 4 1 1 2 1 1 1 3 1 1 1 1 1 2 2 1 1 1 1 1 3 1 1 1 1 2 2 2 1 1 2 5 1 1 1 2 1 3 1 1 1 1 1 
1 1 1 2 1 1 1 3 3 1 1 1 1 1 2 1 1 1 1 1 1 2 2 1 2 1 1 1 1 1 1 1 1 1 1 2 1 2 1 1 1 1 1 1 1 1 1 1 1 1 2 2 1 1 1 1 1 1 1 1 2 2 1 1 
1 1 1 1 2 1 1 1 1 1 1 1 1 3 3 1 1 1 1 1 1 1 1 1 1 3 1 1 1 1 1 1 1 3 2 1 1 1 1 1 1 1 1 1 1 1 1 1 2 5 1 1 4 1 1 1 1 1 1 1 1 1 1 1 
1 1 2 1 1 1 1 1 1 1 2 1 1 1 1 1 3 1 1 1 1 4 1 1 1 1 1 1 1 1 3 2 1 11 1 1 2 1 1 1 1 3 2 2 1 1 1 2 4 1 2 1 3 2 1 1 1 1 1 1 1 1 1 2 
1 1 3 2 1 1 1 1 1 1 2 1 2 1 1 1 1 2 3 1 3 1 1 1 1 2 1 1 1 6 1 1 1 1 1 2 1 1 1 2 1 1 1 1 1 1 1 1 1 1 1 1 3 3 1 2 4 1 1 1 1 1 1 1 
2 1 1 2 2 1 1 1 1 1 1 1 1 1 1 1 2 1 1 1 1 1 1 1 1 1 1 2 1 2 1 1 1 1 1 1 1 1 1 1 3 1 1 2 2 1 1 1 1 1 1 1 1 1 1 1 2 1 1 1 1 1 1 1 
1 1 1 1 2 1 1 1 1 1 2 1 1 1 1 1 2 1 1 1 1 1 1 1 1 1 1 1 1 1 2 2 1 1 1 2 2 1 2 2 1 2 1 1 3 1 1 1 1 2 1 1 1 1 1 1 1 3 2 1 1 1 1 3 
2 1 1 4 3 1 1 1 3 2 3 1 1 1 1 1 1 4 1 1 1 1 1 1 2 1 2 1 1 1 1 1 2 1 1 1 1 1 1 1 1 1 1 1 1 1 1 1 1 1 1 1 1 4 1 1 1 1 2 1 1 1 3 1 
1 1 1 1 1 2 1 1 1 1 1 1 1 1 1 2 1 1 3 1 1 1 1 1 1 1 1 1 1 1 2 1 1 2 1 1 1 1 1 1 1 1 1 0 1 1 1 1 1 2 1 2 3 1 1 1 1 2 1 2 1 4 1 1 
1 1 1 1 1 1 1 1 1 1 1 3 1 2 1 1 1 1 1 3 1 1 1 1 1 1 1 1 1 1 1 1 3 1 4 1 1 1 1 1 2 2 1 1 1 1 1 2 1 1 2 2 1 2 1 1 2 1 1 1 1 1 1 1 
1 1 1 2 1 2 1 1 2 1 1 1 1 1 2 1 1 1 1 1 1 1 1 1 1 1 1 1 2 1 1 1 1 1 2 1 1 2 1 1 1 1 1 1 1 2 1 1 1 2 3 1 1 1 1 1 1 1 1 3 1 1 1 1 
1 1 1 1 1 1 1 1 1 1 1 2 1 1 1 2 1 1 2 1 3 1 2 1 1 3 1 2 2 1 1 3 1 1 1 1 1 2 1 1 1 1 1 1 1 1 2 2 1 1 1 1 1 1 1 1 1 1 1 1 1 2 1 1 
1 1 1 1 2 2 1 1 1 2 1 1 1 1 1 1 1 1 1 1 1 1 1 1 1 2 1 1 1 1 1 1 1 2 2 1 2 2 1 1 1 1 1 1 1 3 1 1 1 1 1 1 1 1 2 1 1 1 1 1 1 1 2 1 
1 2 1 1 1 1 1 1 1 1 1 1 1 3 1 1 1 1 2 2 1 1 2 1 2 1 1 1 1 1 3 1 1 1 1 2 1 1 1 1 1 3 1 1 2 1 1 1 1 1 1 2 2 1 1 1 2 2 1 2 1 1 2 2 
1 1 1 1 2 2 2 1 1 1 1 4 1 1 1 1 1 1 3 1 1 1 1 1 1 1 1 1 1 1 1 1 1 1 2 1 1 1 1 1 1 1 2 2 3 6 1 1 1 1 1 1 1 1 1 1 2 2 1 1 1 1 1 1 
1 1 1 2 1 1 1 1 3 1 1 2 1 2 1 2 1 1 1 1 1 1 1 1 1 2 1 1 1 1 1 1 1 1 2 1 1 1 1 2 1 1 1 1 2 2 1 1 1 2 1 1 1 3 1 3 1 1 1 1 1 1 1 1 
2 1 1 1 1 1 1 1 1 1 2 1 2 4 1 1 1 1 1 1 1 2 1 1 1 1 1 1 1 1 1 1 1 1 1 1 1 1 1 1 1 1 1 1 1 1 1 1 1 1 1 1 1 1 1 1 2 1 1 1 1 1 1 2 
2 1 1 1 1 1 1 2 1 2 1 1 1 2 1 1 1 5 1 1 3 2 1 1 1 2 2 1 1 1 1 1 1 1 1 1 3 1 1 1 1 1 1 1 1 1 2 1 1 1 2 1 1 1 1 1 1 1 1 1 1 1 1 1 
1 1 1 2 1 1 1 1 1 1 1 1 1 1 1 1 1 1 1 1 1 1 1 1 2 1 1 1 1 1 1 1 3 1 2 2 1 1 1 3 1 2 1 1 1 1 1 1 1 1 1 1 1 1 1 2 1 2 1 1 2 1 1 1 
1 1 1 2 1 1 2 1 2 1 1 1 1 1 1 1 1 1 1 1 1 1 1 1 1 1 1 1 1 1 1 1 4 1 1 1 1 2 2 1 1 1 1 4 1 1 4 1 1 2 1 1 2 1 0 1 2 0 1 1 2 1 1 1 
2 1 1 1 1 1 1 2 1 1 1 1 1 1 2 1 1 1 1 1 1 1 1 1 2 1 1 1 1 1 2 1 1 2 1 1 1 4 1 2 1 1 1 1 1 2 1 1 1 1 3 1 1 1 2 1 1 1 1 4 1 1 1 2 
1 3 1 1 1 2 2 2 1 1 1 2 1 2 1 2 1 2 3 1 2 2 1 1 1 1 1 1 1 1 1 1 2 1 2 1 1 3 1 1 1 1 1 3 1 1 2 1 2 1 1 1 4 1 1 1 1 1 1 1 1 1 1 1 
1 1 1 1 1 1 1 1 2 2 1 1 0 1 1 1 1 1 2 1 1 2 1 1 1 2 1 1 1 1 1 1 1 1 4 1 1 1 1 1 2 1 1 1 2 1 1 1 1 1 1 1 1 1 1 2 1 2 1 1 1 3 1 1 
2 1 1 2 1 2 1 1 1 1 1 1 1 1 2 1 1 1 1 1 1 2 1 1 2 1 1 1 1 1 1 1 1 1 1 1 1 1 1 1 1 1 1 1 1 1 1 1 1 1 1 1 1 1 2 1 2 1 1 2 1 1 1 1 
2 1 1 3 1 1 1 1 1 1 1 2 1 1 1 1 1 4 1 1 1 1 1 1 1 1 1 1 1 2 1 1 2 1 1 1 1 1 1 1 1 1 1 1 1 1 1 2 3 1 1 1 1 2 1 1 1 1 1 1 1 1 2 1 
1 1 2 1 1 1 1 1 1 1 1 1 1 1 1 1 1 1 2 1 1 1 2 1 1 4 1 1 1 1 1 1 1 1 1 1 1 1 1 1 1 2 1 1 1 1 1 1 1 2 1 1 1 1 1 1 1 1 1 2 1 1 1 1 
1 1 2 1 2 1 2 1 1 1 1 1 1 1 1 2 1 1 1 1 1 2 1 1 1 1 1 1 1 1 1 1 1 2 2 1 2 1 1 1 2 1 1 1 4 1 1 2 1 1 1 2 1 3 1 1 1 2 1 2 1 2 2 1 
2 1 2 2 1 1 1 2 1 1 1 1 1 1 2 1 2 1 1 1 1 1 2 1 2 2 2 2 1 1 1 1 1 2 1 1 1 1 1 1 1 1 1 1 1 1 1 1 2 1 1 1 1 1 1 1 2 1 1 1 1 1 1 2 
2 1 1 1 1 2 1 1 1 1 1 1 1 1 1 1 1 1 2 1 2 1 1 1 1 1 1 1 1 1 2 1 1 1 1 1 2 1 1 2 1 2 1 1 1 1 0 1 1 2 2 1 1 1 1 1 2 1 1 1 1 1 1 1 
1 1 1 1 1 1 2 1 1 1 1 1 1 1 2 1 1 1 1 1 1 1 1 1 1 2 1 2 1 1 1 4 1 1 1 1 1 3 2 1 2 2 1 1 1 1 2 2 1 1 1 1 1 1 1 1 2 1 1 1 1 1 1 1 
1 2 1 1 1 1 1 1 1 1 1 2 1 1 1 1 1 1 1 1 2 2 2 2 1 1 2 1 1 1 1 1 1 1 1 1 1 1 1 1 2 1 1 2 1 1 1 3 1 1 1 1 1 1 1 1 1 1 1 1 1 1 1 1 
1 2 1 1 1 1 4 1 1 1 1 1 1 1 1 1 1 2 2 1 1 1 1 1 1 1 1 1 1 2 1 1 1 1 1 1 1 1 1 1 3 1 1 1 1 1 1 1 1 3 2 1 1 1 1 1 1 1 1 1 1 1 1 1 
1 5 1 1 2 3 1 1 1 2 1 1 1 1 1 1 2 1 1 1 2 1 1 1 1 1 1 1 1 1 2 1 1 1 1 1 1 1 1 1 1 1 1 1 1 1 3 1 1 2 1 1 1 2 1 1 1 1 4 1 2 1 1 1 
1 1 2 1 1 1 1 1 1 1 2 2 1 1 1 2 1 1 1 1 1 1 1 1 1 1 1 1 1 2 1 1 1 1 1 1 2 1 1 1 1 1 1 1 2 1 1 2 1 1 1 1 1 3 3 1 1 1 1 1 1 1 1 1 
2 1 1 1 1 1 1 1 1 1 1 1 1 1 2 1 1 2 1 1 1 1 1 1 1 1 1 2 1 1 2 1 1 2 1 1 1 1 1 0 3 1 3 1 4 1 1 2 1 2 1 1 2 1 1 1 3 2 1 3 2 3 3 1 
1 2 1 1 1 1 1 1 1 1 1 1 2 1 1 1 1 1 1 1 5 2 2 1 1 1 1 1 1 2 1 1 1 1 3 2 1 1 2 1 1 1 1 1 1 1 1 1 1 1 1 1 1 1 2 1 1 1 1 1 1 1 2 1 
1 1 2 1 1 2 2 1 2 2 1 1 1 1 1 4 1 2 1 1 1 2 2 1 1 1 1 1 1 1 3 1 3 1 1 1 1 1 1 2 1 1 1 1 1 1 1 2 1 1 1 1 1 1 5 1 3 1 1 1 1 1 2 1 
1 1 1 1 2 1 1 1 1 1 1 1 1 1 1 2 1 2 2 1 1 1 2 1 1 1 1 1 1 1 5 1 2 1 1 1 2 3 3 1 1 1 1 4 2 1 1 3 1 2 1 1 1 2 3 1 2 1 2 1 1 3 1 1 
1 1 1 1 1 1 1 1 1 1 1 1 1 2 3 1 1 1 2 2 1 2 1 1 1 1 1 1 1 1 1 1 1 1 1 2 1 1 1 1 1 1 1 1 3 1 1 1 1 1 1 4 1 1 1 1 1 1 1 1 1 1 3 1 
1 1 1 1 1 1 1 1 1 2 1 5 2 1 1 1 1 1 1 1 1 1 1 1 1 1 2 1 1 1 2 1 2 1 1 2 1 2 2 2 1 1 1 1 1 1 2 1 1 2 1 1 1 1 1 1 1 1 1 1 1 2 1 1 
1 1 1 1 1 1 2 1 1 1 1 2 1 1 1 1 1 3 1 1 1 1 1 1 1 1 1 1 1 1 1 1 1 1 2 1 1 1 1 1 2 2 1 1 1 1 1 1 1 2 1 1 1 1 1 1 1 1 1 1 2 3 1 1 
1 1 1 1 1 2 1 1 1 2 1 1 2 1 1 1 1 1 1 2 1 1 1 1 2 1 1 1 1 1 1 1 1 1 1 2 1 1 1 2 2 1 1 1 2 1 1 1 1 1 1 1 1 1 1 2 1 4 1 1 1 1 2 1 
1 1 1 3 1 3 1 1 2 1 1 1 2 1 1 1 1 1 1 1 1 1 1 1 1 2 1 1 1 1 1 1 1 1 1 2 1 1 1 1 4 1 1 1 1 1 1 1 2 1 1 1 2 1 4 1 1 1 2 1 2 1 2 2 
2 1 1 1 1 2 1 1 1 1 1 1 1 1 3 1 1 1 1 1 1 1 1 1 2 2 1 1 1 1 1 1 1 2 1 1 1 1 1 1 1 1 1 2 1 1 1 1 1 2 1 2 2 1 1 1 1 1 1 1 1 1 1 1 
1 1 1 1 2 2 2 1 2 1 1 1 1 1 1 1 1 1 1 0 1 1 1 1 1 1 1 2 1 1 1 1 2 1 1 1 1 1 1 1 1 1 1 1 1 1 1 1 2 1 1 1 1 1 1 2 1 1 1 1 1 1 1 4 
1 1 1 1 1 1 1 2 1 4 1 1 1 1 1 1 1 1 2 1 1 1 1 1 1 1 1 1 1 2 1 1 1 1 1 1 1 2 1 1 2 1 1 1 1 1 1 3 1 1 2 1 2 1 1 1 1 1 1 1 1 2 1 1 
1 2 4 1 1 4 1 1 2 1 1 1 1 1 1 1 1 3 1 1 1 1 4 2 1 1 1 1 1 1 2 1 1 1 1 2 1 2 1 1 1 1 1 1 1 1 1 1 1 2 2 1 3 1 1 2 1 1 2 1 2 1 1 1 
1 1 1 1 1 1 1 1 2 1 1 2 1 1 1 1 1 1 1 1 2 1 1 1 1 1 2 1 1 2 1 2 1 1 1 2 1 1 1 1 1 1 2 1 1 1 2 8 1 1 1 1 1 1 1 1 1 1 2 1 2 1 1 1 
2 1 1 2 1 2 2 1 1 1 1 1 1 1 1 1 1 2 1 1 1 1 1 1 1 1 1 1 1 1 1 1 1 1 1 1 1 1 1 1 1 1 1 1 1 1 1 1 1 1 1 1 1 1 1 1 3 1 1 1 1 1 1 1 
1 1 2 1 1 1 1 3 2 1 2 1 1 1 3 1 1 2 2 1 1 1 1 1 1 1 2 1 1 1 1 1 1 2 1 1 2 1 1 1 1 1 1 1 1 2 2 1 1 1 1 1 1 1 1 1 1 1 1 1 1 1 1 1 
1 1 1 1 1 2 1 1 1 2 1 1 1 1 1 1 1 1 1 1 2 1 1 1 2 1 0 1 1 1 1 1 2 2 1 1 4 1 1 1 1 1 1 1 3 1 1 3 2 1 1 1 1 1 1 1 1 2 1 1 1 1 1 1 
1 1 2 1 1 1 1 1 1 1 1 2 1 1 2 1 1 1 1 1 1 2 1 1 1 2 2 1 1 1 1 2 1 1 3 1 1 1 1 2 1 1 1 2 1 1 1 1 1 1 1 2 2 1 1 1 1 1 1 1 1 1 1 2 
1 1 1 1 1 2 2 1 1 1 1 1 1 1 1 1 3 1 1 1 1 2 1 2 1 1 2 1 1 1 1 1 2 2 1 2 1 1 1 1 1 3 1 1 1 1 1 1 1 2 1 1 2 1 1 1 1 1 2 1 1 3 2 1 
3 1 1 1 2 1 1 1 1 1 1 1 1 1 1 1 1 1 1 1 2 3 1 1 1 1 2 2 1 1 1 1 3 1 1 1 1 1 1 2 2 2 1 1 1 1 1 4 1 1 1 1 2 1 1 1 1 2 1 2 1 1 1 3 
2 1 3 0 1 1 1 2 1 1 1 1 1 1 2 1 1 1 1 1 1 1 1 1 2 1 1 1 1 1 1 1 1 1 1 1 3 1 1 1 1 1 1 1 2 1 2 1 1 1 1 2 2 1 1 1 1 1 1 1 1 1 1 1 
1 1 1 1 1 2 1 1 1 1 1 1 1 1 1 1 2 1 1 1 1 2 4 1 1 1 2 1 1 1 1 1 1 1 1 1 1 1 1 1 1 1 1 1 1 1 1 3 2 1 1 5 1 1 1 1 1 1 1 1 1 1 2 3 
1 1 1 1 1 1 1 1 1 1 1 2 1 1 1 2 1 3 1 1 2 1 1 1 1 2 1 1 1 2 1 1 2 1 2 1 1 1 1 1 1 1 1 1 3 1 1 1 1 1 1 1 1 1 1 1 1 1 1 1 1 1 1 1 
1 1 1 1 1 1 1 4 2 1 1 1 1 1 1 1 1 1 1 1 2 4 1 1 1 1 1 1 1 1 2 1 1 3 1 2 1 1 1 1 1 1 1 3 2 1 1 1 1 2 1 1 1 1 3 1 1 1 1 1 1 1 2 1 
1 1 1 1 0 1 1 1 1 1 1 1 1 1 1 1 1 2 1 1 1 1 1 1 1 1 1 1 1 1 1 1 2 1 1 1 1 1 2 3 1 1 1 1 2 1 2 1 1 1 4 1 1 1 1 1 2 1 2 2 1 1 5 1 
1 1 2 1 1 4 1 1 1 2 1 1 2 1 1 1 1 1 1 1 2 1 1 1 1 1 1 2 1 1 1 1 2 1 1 1 4 1 1 1 1 2 1 2 1 1 1 1 2 1 1 1 1 1 1 1 1 1 1 1 3 1 1 1 
1 1 1 2 2 1 1 1 1 1 2 2 1 1 1 1 1 1 1 1 1 3 1 1 1 1 1 2 1 1 1 3 1 1 2 1 1 1 1 1 1 3 1 1 2 1 2 1 1 1 1 3 1 1 1 2 1 1 2 1 1 1 1 1 
1 3 1 1 1 3 1 1 1 1 1 1 2 1 1 1 3 1 1 1 1 1 1 1 1 1 3 1 1 1 1 1 3 1 1 1 3 1 2 1 1 1 1 1 2 1 2 1 1 1 1 2 1 1 1 1 1 3 2 1 2 2 1 1 
1 2 1 1 1 2 2 1 1 4 1 1 1 1 1 1 1 1 1 1 1 1 1 1 2 1 1 1 1 1 1 1 3 1 1 2 1 1 1 1 1 1 1 1 2 1 1 1 1 1 2 1 1 1 1 2 1 1 1 1 1 1 1 1 
1 1 1 1 1 1 2 2 3 1 1 1 2 1 1 1 1 2 1 1 1 1 1 1 1 1 1 1 1 1 2 1 2 1 1 1 1 1 1 1 1 2 1 1 1 1 1 1 1 1 3 1 1 1 1 2 1 1 2 1 1 1 1 1 
1 1 1 1 1 1 1 2 1 1 1 1 2 1 1 3 1 1 1 1 4 1 2 1 1 1 1 1 1 2 1 1 1 2 1 1 1 2 1 3 1 1 1 1 1 1 1 1 1 1 1 1 1 2 1 1 2 1 1 1 1 1 1 2 
1 1 1 2 1 1 1 1 1 1 2 1 1 2 1 1 1 1 1 1 1 1 1 1 3 1 1 1 1 2 1 1 1 1 1 2 1 1 1 2 1 1 1 1 2 1 1 1 2 2 1 1 1 3 1 1 1 1 2 1 1 3 1 1 
2 1 1 1 1 1 2 2 1 1 1 1 2 2 1 1 1 1 1 1 1 1 2 2 2 1 1 1 3 1 1 0 1 1 3 2 1 1 2 1 2 1 1 1 1 1 2 1 1 1 1 1 1 1 1 1 1 1 2 1 1 1 1 1 
1 1 1 2 1 1 1 1 1 1 1 2 2 1 1 1 1 1 1 1 1 1 1 1 1 1 1 1 1 1 1 1 1 1 1 1 1 1 1 1 1 1 4 1 1 1 1 1 1 1 1 2 1 1 2 1 1 1 1 1 1 1 1 1 
1 1 2 1 1 1 1 1 1 2 1 1 1 1 1 1 2 1 1 1 1 2 1 3 1 1 1 1 1 1 3 1 1 1 1 1 1 1 2 2 1 1 1 1 1 3 1 2 1 1 1 2 1 1 1 1 1 1 1 1 1 1 1 1 
1 1 1 1 2 1 1 1 1 1 1 1 2 1 1 1 1 1 1 1 1 1 2 3 1 2 2 1 2 1 1 1 1 1 1 1 1 4 1 1 1 1 1 1 2 1 1 1 1 1 2 1 1 1 1 1 1 1 1 1 1 1 1 2 
1 1 1 1 1 1 1 1 1 1 1 1 1 1 1 1 1 1 1 1 1 3 1 1 2 1 1 1 1 1 1 1 1 3 1 3 1 1 2 1 1 0 2 1 1 1 1 1 1 1 1 1 3 1 2 1 2 1 1 1 2 1 3 2 
1 1 1 1 1 1 1 1 1 1 1 1 2 1 2 1 1 1 1 1 1 1 1 1 1 1 1 1 1 1 1 1 1 1 1 1 3 1 1 1 1 1 1 1 1 1 1 1 1 5 1 1 1 1 1 1 1 1 2 1 1 1 1 1 
1 1 1 1 3 1 1 4 1 1 1 1 1 1 1 1 1 1 1 1 1 1 1 1 1 1 1 1 1 1 1 1 1 1 1 1 1 1 1 1 1 1 1 1 1 1 2 1 1 1 1 1 1 1 1 1 2 1 1 1 2 1 1 1 
1 1 1 1 2 1 1 1 1 1 1 1 1 4 1 1 1 1 1 1 1 1 1 1 1 2 4 1 1 1 1 1 1 1 1 1 1 1 1 1 1 1 1 2 1 1 2 1 1 1 1 1 1 1 1 1 1 1 3 1 1 1 1 1 
1 1 1 1 1 2 1 1 1 1 1 1 1 1 1 1 1 2 1 1 1 1 2 1 2 2 1 1 1 1 1 1 1 1 1 1 1 2 3 2 2 1 1 1 1 2 1 1 1 1 1 1 3 1 1 1 1 2 1 1 1 2 1 1 
3 1 1 2 1 1 1 1 1 1 1 2 1 2 1 1 2 1 1 1 1 1 1 1 1 1 1 1 1 1 2 1 1 1 1 1 1 1 1 1 1 1 1 1 2 2 1 1 4 1 3 1 1 2 2 1 1 1 1 1 1 1 1 1 
1 1 1 1 1 1 1 1 1 1 1 1 1 1 1 1 1 2 1 1 1 1 1 1 2 1 1 1 1 1 1 1 1 3 1 1 1 1 1 1 1 1 1 1 1 1 1 1 1 1 1 1 1 1 1 1 1 3 1 1 1 1 1 1 
0 1 1 1 1 1 1 4 1 1 3 1 1 1 1 1 2 1 1 1 1 1 2 1 1 3 1 1 1 1 1 1 1 2 1 1 1 1 1 1 2 1 1 1 1 1 1 1 1 1 1 1 1 1 1 1 1 1 1 1 1 1 1 1 
1 1 2 1 1 1 2 1 1 2 1 1 1 1 1 1 1 1 1 1 1 1 1 1 1 1 1 4 0 1 1 1 2 1 1 1 1 1 1 1 1 1 1 1 1 1 2 1 1 1 1 1 1 1 1 1 1 1 1 1 1 1 1 1 
1 1 1 3 1 1 1 1 2 1 1 1 1 1 1 1 1 4 1 1 1 1 1 1 1 1 2 1 1 1 1 1 1 1 1 1 1 1 1 1 1 1 1 1 1 1 1 1 1 2 1 2 1 1 1 1 1 1 1 2 1 1 1 1 
2 1 2 1 1 3 1 1 1 1 1 1 1 1 1 1 1 3 2 1 3 1 1 1 1 2 2 1 1 1 1 1 1 1 1 1 1 1 1 1 2 1 1 1 1 1 1 1 2 1 1 1 1 1 1 1 1 1 1 1 1 1 1 1 
1 2 2 1 2 1 1 1 1 1 1 1 1 2 1 1 1 1 1 1 1 1 1 1 2 2 2 1 1 1 1 1 1 1 1 1 2 1 1 4 1 1 1 1 1 1 1 1 1 1 1 1 1 1 1 2 1 1 1 1 1 1 2 1 
1 2 1 1 1 1 1 1 1 1 1 2 1 1 1 1 1 1 1 1 1 1 4 1 1 1 1 1 1 1 1 1 1 1 1 1 1 1 1 1 1 1 1 1 1 1 1 3 1 1 1 1 1 1 1 1 1 1 1 1 1 1 1 1 
1 2 1 1 1 1 1 1 1 1 1 6 1 1 1 1 1 1 3 1 1 1 1 1 4 1 1 1 1 1 1 1 1 1 1 1 1 1 1 2 2 1 1 1 1 1 1 2 1 1 1 1 1 1 2 1 1 1 1 1 1 1 1 1 
1 2 1 1 1 1 1 1 1 1 1 1 1 1 1 1 3 1 1 1 1 1 1 1 1 1 3 1 1 1 1 1 1 1 1 1 1 1 1 1 1 1 1 1 1 1 2 1 1 2 1 1 2 1 1 1 1 1 1 1 1 1 1 1 
1 2 1 1 1 1 1 1 1 1 1 1 1 1 1 1 1 1 1 1 1 1 1 1 1 1 1 1 1 1 2 1 2 1 1 1 2 1 1 1 1 1 1 1 1 1 1 1 1 2 1 1 1 1 1 1 1 1 1 1 1 1 2 1 
1 2 2 1 1 1 1 1 1 1 1 1 1 1 2 1 2 1 1 1 1 1 1 1 1 1 1 1 1 1 3 1 2 2 1 1 1 1 1 1 2 1 1 1 1 1 1 1 1 1 1 1 1 2 1 1 1 1 1 1 1 1 1 1 
2 1 1 1 1 1 1 1 1 1 1 1 4 1 1 1 1 1 1 1 1 1 1 2 1 1 1 1 1 2 1 1 2 3 1 1 3 1 1 1 1 1 1 1 1 1 1 1 1 1 1 1 1 1 2 1 1 1 1 1 1 1 1 1 
1 1 1 1 1 1 2 1 2 1 1 1 1 1 1 1 2 1 1 1 1 1 1 1 2 1 1 1 1 1 1 1 1 1 1 1 1 1 1 1 1 1 1 1 1 1 1 1 1 1 1 1 1 1 1 1 1 1 1 1 1 1 1 2 
1 1 1 1 1 1 1 2 1 1 1 1 0 3 1 1 2 1 1 1 1 1 1 2 1 1 2 1 1 1 1 1 1 1 1 1 2 1 1 1 1 2 1 2 1 1 1 3 1 1 1 1 1 1 2 2 1 1 1 1 1 1 1 1 
1 1 1 1 1 1 1 1 1 1 1 1 1 1 1 1 2 1 1 1 1 1 1 1 1 1 1 1 2 2 1 1 1 1 1 1 2 3 1 2 1 1 1 1 2 1 1 1 1 1 1 1 1 1 1 4 1 3 4 2 1 1 1 1 
1 1 1 1 1 3 4 1 2 1 1 1 1 1 1 1 2 1 1 1 2 1 1 1 1 1 1 1 1 1 2 1 1 1 2 1 1 2 1 1 1 1 1 2 1 1 1 2 2 1 1 1 1 1 1 1 1 1 1 1 1 1 1 1 
1 1 1 2 1 2 1 1 1 1 1 1 1 1 1 1 1 1 2 1 1 1 1 1 1 2 1 1 1 1 1 1 1 2 1 2 1 1 1 2 1 1 1 1 1 1 2 1 1 1 1 1 1 1 1 1 1 1 0 1 1 1 2 1 
1 1 1 1 1 1 3 1 1 1 1 2 5 1 1 1 3 1 1 1 3 1 1 1 1 1 1 1 1 1 2 1 1 1 1 1 0 1 1 1 1 1 1 1 0 2 1 1 3 1 1 1 1 1 1 2 2 1 2 1 1 1 1 1 
1 1 2 1 1 1 1 1 1 1 1 1 1 1 1 1 1 1 1 1 1 1 2 1 1 1 1 1 1 1 1 1 1 1 2 1 1 2 1 1 2 3 1 1 1 1 1 1 1 1 1 1 1 1 1 1 1 1 1 1 1 1 1 1 
1 1 1 1 1 1 2 1 1 1 1 2 1 6 1 1 1 1 1 1 1 2 1 1 1 2 1 1 2 1 1 1 1 1 1 2 1 1 2 2 1 1 1 1 1 1 1 1 1 1 1 1 2 1 2 1 1 2 1 1 1 1 1 1 
1 1 1 2 1 1 1 2 1 1 1 1 1 1 2 1 1 1 1 1 1 2 1 1 4 0 1 1 1 1 1 1 1 2 1 1 2 2 1 1 1 1 1 1 2 1 1 1 2 1 2 1 1 1 1 1 1 1 1 1 1 1 1 1 
1 2 1 1 1 1 1 1 1 1 1 1 1 1 1 1 1 1 1 1 1 1 1 1 1 1 1 1 1 1 1 4 1 1 1 1 1 1 1 3 1 1 1 1 1 1 1 1 1 1 1 1 1 1 1 1 1 1 1 1 1 1 3 2 
1 1 1 1 2 1 1 1 1 1 1 1 1 1 1 2 1 1 1 2 1 1 1 1 1 1 1 2 1 2 1 1 1 1 1 1 1 1 1 1 1 1 1 1 1 1 1 1 1 1 2 1 1 1 4 1 1 1 1 1 2 1 1 1 
1 1 2 1 1 1 1 1 2 1 2 2 1 2 1 1 1 1 3 1 1 1 3 1 1 1 1 1 1 1 1 1 1 3 1 1 3 1 1 1 1 1 1 1 1 4 1 1 1 1 1 1 2 1 1 1 3 1 2 2 1 1 1 1 
1 1 1 1 1 1 1 1 1 1 1 1 1 1 1 1 2 1 2 1 1 1 1 1 1 1 2 1 1 3 1 1 1 1 1 1 1 1 1 1 1 1 2 1 1 1 1 1 1 2 2 1 1 1 1 1 1 1 1 1 1 1 1 1 
2 1 1 1 1 1 3 1 1 1 1 1 1 1 1 1 1 1 1 1 1 1 1 1 1 1 1 1 1 1 1 1 1 1 1 1 1 1 1 1 2 1 1 1 1 1 1 1 1 1 1 2 1 1 2 1 1 3 1 1 1 1 1 2 
1 1 1 1 1 1 1 3 2 1 2 1 1 1 1 1 1 1 1 1 1 3 1 1 1 1 1 1 1 1 1 1 1 1 1 1 1 2 1 1 1 1 1 1 1 1 1 1 0 1 1 1 1 1 1 1 1 1 1 1 1 1 1 1 
1 1 1 1 1 1 1 1 2 1 1 1 1 1 1 1 1 1 1 1 1 1 1 0 4 1 1 1 1 2 1 1 1 1 1 1 1 1 1 1 1 1 1 1 1 1 1 1 1 1 3 1 1 1 1 1 1 1 1 1 1 1 1 1 
1 1 1 1 1 1 2 1 1 1 1 1 1 1 1 2 1 1 2 1 1 1 1 1 1 1 1 1 1 1 1 1 1 1 1 1 1 1 1 1 1 1 1 2 1 1 1 1 1 1 1 1 1 1 2 1 1 1 1 2 2 2 1 1 
1 1 1 1 1 1 1 1 1 1 1 2 1 1 1 1 1 1 1 2 1 1 1 1 1 1 1 2 1 1 2 1 1 3 2 1 1 1 1 1 1 1 1 1 2 1 1 1 2 4 1 1 1 1 1 1 2 2 1 1 1 1 1 1 
1 1 1 1 1 1 1 1 1 1 1 1 1 1 1 1 0 1 1 2 1 1 1 1 1 1 1 1 1 1 3 1 1 1 1 1 1 1 1 1 1 1 1 1 1 1 1 1 1 3 1 1 1 1 1 1 1 2 1 1 1 1 1 2 
1 1 1 3 1 1 1 1 1 1 1 1 2 1 1 1 1 1 1 2 1 1 1 2 1 1 1 4 1 1 1 1 1 2 1 1 1 1 1 1 1 1 1 2 1 1 1 1 1 5 1 1 1 1 2 1 1 2 5 1 1 1 1 2 
1 1 2 1 1 1 1 1 1 1 1 1 4 1 2 1 3 1 1 1 1 1 1 3 2 1 1 1 1 1 1 1 1 1 1 1 2 1 1 1 1 1 1 1 1 1 1 2 1 1 1 1 1 1 1 1 2 2 4 1 1 1 1 1 
1 1 1 1 1 1 1 1 1 1 1 1 1 1 1 1 1 1 1 1 1 2 1 1 1 1 1 1 1 1 1 2 1 2 2 1 1 3 1 1 2 1 1 1 1 1 1 1 1 1 1 1 1 1 1 1 1 1 1 1 1 1 1 2 
1 1 1 1 1 1 1 1 1 1 1 1 1 2 1 1 1 1 1 1 1 1 2 1 1 1 1 1 1 1 1 1 1 1 1 1 1 1 1 1 2 1 1 1 1 1 1 1 1 1 1 1 1 1 1 1 2 1 1 1 1 2 1 1 
1 1 1 1 2 2 1 4 1 1 1 1 1 1 1 1 1 1 1 2 1 1 1 1 1 3 1 1 1 1 1 2 1 1 0 5 1 1 2 1 1 1 1 1 1 1 1 1 1 1 1 1 1 1 1 1 1 1 2 1 1 1 1 2 
2 1 1 1 1 2 1 1 2 1 1 1 1 1 1 1 1 1 1 2 1 1 1 1 1 1 1 1 1 1 1 1 1 1 1 1 1 1 1 1 1 1 1 1 1 1 1 1 1 1 1 1 1 1 1 1 1 1 1 1 1 1 2 1 
1 1 2 1 1 1 1 1 1 2 1 1 3 1 1 2 1 1 1 1 1 6 1 1 2 1 2 1 1 1 1 1 2 1 1 1 1 1 1 1 1 1 4 2 1 1 1 1 1 1 1 1 4 1 1 3 1 1 1 1 1 1 1 1 
1 1 1 2 1 1 1 1 1 1 1 1 1 1 1 2 1 1 1 1 1 1 1 1 1 1 1 1 1 1 1 1 1 1 1 1 1 1 1 1 1 1 1 1 2 1 2 1 1 1 1 1 1 1 1 1 1 1 1 1 1 1 2 1 
1 1 2 3 1 1 1 1 1 1 1 1 1 1 1 1 1 4 3 1 1 1 1 1 1 1 1 1 1 1 1 1 1 1 1 1 1 1 1 1 1 1 1 1 1 1 1 1 1 2 1 1 1 1 1 1 1 1 1 1 1 0 1 1 
1 1 1 1 1 1 1 1 1 1 3 3 1 1 1 1 1 3 1 1 1 1 1 1 1 1 1 1 1 1 1 1 1 1 2 1 1 2 1 1 3 1 1 2 1 1 1 1 1 1 1 1 1 2 1 1 1 1 1 1 1 3 1 1 
1 1 1 1 1 1 1 1 1 2 1 2 1 1 1 1 1 1 1 1 1 1 1 1 1 1 1 1 2 1 1 1 1 1 1 1 1 1 1 2 1 1 1 1 1 1 1 2 1 1 1 1 1 1 1 2 2 1 1 1 1 1 1 1 
1 1 1 1 1 1 1 1 1 1 2 1 1 1 1 1 1 1 1 1 1 1 1 1 1 1 1 1 1 1 1 1 1 2 1 1 1 1 1 1 1 2 1 1 1 1 1 1 1 1 1 1 1 1 1 1 1 1 1 1 2 1 1 1 
1 1 2 1 1 1 1 1 1 1 2 1 1 1 1 1 1 1 1 1 2 1 1 3 1 1 1 1 1 1 1 1 1 1 1 1 1 1 1 1 1 3 1 1 1 1 2 2 1 1 1 1 1 1 1 3 1 1 1 1 1 2 1 1 
1 1 1 1 1 1 1 4 1 1 1 1 1 1 1 1 1 1 1 1 1 1 2 1 1 1 1 1 5 1 1 1 2 1 2 1 5 1 1 1 1 1 1 2 1 1 1 1 1 1 1 2 1 1 1 1 1 1 2 1 1 1 1 1 
1 1 1 1 2 1 1 1 1 1 1 1 1 2 1 1 1 1 1 1 1 1 2 2 2 1 1 2 3 1 1 1 1 1 2 1 1 1 2 1 1 1 1 1 1 1 3 1 1 1 1 1 1 1 1 1 1 1 1 1 1 1 1 1 
1 1 1 1 1 1 1 1 1 1 2 1 1 1 1 1 1 1 1 1 1 1 2 1 2 1 1 1 1 1 2 2 1 1 1 1 1 1 1 1 1 1 1 1 1 1 2 1 1 1 1 1 1 1 1 1 1 1 3 2 1 1 1 1 
1 1 1 1 1 1 1 2 1 1 1 1 1 1 1 3 6 1 1 1 2 1 1 1 1 3 0 1 1 1 2 1 3 1 1 1 1 1 1 1 1 2 1 1 1 1 1 1 2 1 1 1 1 1 1 1 1 2 1 1 1 1 1 1 
1 1 1 1 1 1 1 1 1 1 1 1 1 1 1 1 2 1 1 1 1 1 1 1 1 1 1 1 1 2 1 1 1 1 1 1 1 1 1 1 1 1 2 1 1 1 1 1 1 1 2 1 1 1 1 1 1 1 2 1 1 1 1 1 
1 1 1 1 1 2 1 1 1 1 1 1 1 1 1 1 1 2 1 1 1 2 1 1 1 1 1 1 3 1 1 1 1 1 1 1 1 1 1 1 1 1 1 1 1 1 1 1 1 1 1 1 1 1 1 1 1 1 1 1 1 1 1 1 
2 1 1 1 2 1 1 1 1 2 1 1 1 1 2 1 1 2 1 1 1 6 1 1 1 1 1 1 1 1 1 1 1 1 1 1 1 2 1 1 1 1 1 1 1 1 1 1 1 1 1 1 2 1 1 1 1 1 1 1 1 1 2 1 
1 1 1 0 1 1 1 1 1 1 1 1 1 1 2 1 1 1 1 1 1 1 1 2 1 1 1 2 3 1 2 1 2 1 1 1 1 1 1 1 1 1 2 1 1 1 1 1 1 2 1 1 1 2 1 1 1 1 1 1 2 1 1 1 
1 2 1 1 1 1 1 1 1 1 1 1 1 1 1 1 1 1 1 1 1 1 1 1 1 1 1 1 1 1 1 2 1 1 2 1 1 2 1 1 0 1 1 1 1 1 1 1 2 1 1 2 3 1 1 1 1 1 1 1 3 1 2 1 
1 1 1 2 1 1 1 1 1 2 1 1 1 4 1 1 1 1 1 1 1 1 3 1 1 1 1 1 1 1 1 1 1 1 1 1 1 1 1 2 1 1 1 1 1 1 1 1 1 1 1 2 1 1 2 2 1 1 1 1 1 1 1 3 
1 1 1 1 1 1 1 1 3 1 1 1 1 2 1 1 1 1 1 1 1 1 1 1 1 1 1 1 1 1 1 2 1 1 1 1 1 3 1 1 1 1 1 1 1 1 1 1 1 1 2 1 2 1 2 1 1 1 1 1 2 1 3 1 
1 1 1 1 1 1 1 1 1 1 2 1 1 1 1 1 1 1 1 1 1 1 1 1 1 1 1 1 1 1 1 2 1 1 2 1 1 1 1 1 1 1 2 2 2 1 1 1 1 1 2 1 1 7 1 1 1 1 2 1 1 1 1 1 
1 1 1 2 1 1 1 1 1 1 2 1 1 1 1 1 1 1 1 1 1 1 1 2 1 1 1 1 1 1 1 2 1 1 1 1 1 1 1 1 1 1 2 1 1 1 1 1 1 1 1 1 1 1 1 1 1 0 1 2 1 1 1 1 
2 1 1 3 1 1 1 1 1 1 4 1 1 1 1 1 1 1 1 1 1 2 1 1 1 1 1 1 1 1 1 1 1 1 1 1 1 1 1 1 1 1 2 1 1 1 1 1 1 1 1 1 1 1 2 1 1 1 0 1 1 1 1 1 
1 1 1 1 1 1 1 1 1 1 1 1 1 1 1 2 2 1 1 1 1 1 1 1 1 1 1 1 1 1 1 1 1 3 1 1 1 1 1 1 1 1 1 1 1 1 1 1 1 1 1 1 1 1 2 2 2 1 1 1 1 1 1 1 
1 1 1 1 1 1 1 1 1 1 1 1 1 1 1 2 2 1 1 1 2 2 1 1 1 1 1 1 1 1 1 1 1 1 1 1 1 2 1 0 1 1 1 1 1 1 1 1 2 1 1 1 4 1 1 1 1 1 1 1 1 1 1 1 
1 2 1 1 1 1 1 2 1 1 1 1 1 1 1 2 1 1 1 1 1 1 1 1 1 1 1 1 1 1 1 1 1 2 1 2 1 1 1 1 2 5 1 2 1 1 1 1 1 1 1 2 1 1 1 1 1 1 1 2 1 1 1 3 
1 1 1 1 0 1 2 1 2 3 1 1 2 2 1 1 1 2 1 1 1 1 2 1 1 1 1 1 1 1 1 1 2 1 3 1 1 1 1 2 1 2 1 1 1 1 1 1 2 1 1 1 1 1 1 1 1 1 1 1 1 1 1 1 
1 1 1 1 1 1 1 1 1 2 1 1 1 1 1 1 1 1 1 1 1 1 1 1 1 1 1 1 1 1 1 1 1 1 2 1 3 1 1 3 2 1 2 1 1 1 1 2 1 1 1 1 1 1 1 1 1 1 1 1 1 1 3 2 
1 1 1 1 1 1 1 1 1 1 1 5 1 1 1 1 1 1 1 1 1 1 1 1 1 1 1 1 1 1 1 1 3 1 1 1 1 2 1 1 1 1 1 1 1 1 1 1 1 2 1 1 1 1 2 5 1 1 1 1 1 1 0 2 
2 1 1 1 2 1 1 1 1 1 1 1 1 1 1 1 1 1 1 1 1 1 1 1 1 2 2 1 1 1 1 1 2 1 1 1 2 1 1 1 1 1 1 2 2 1 1 1 3 1 1 1 1 1 1 0 1 1 2 1 1 1 1 1 
1 1 1 1 1 1 1 1 1 1 1 2 1 1 1 1 1 1 1 1 1 1 3 2 1 1 1 1 1 1 1 1 2 1 1 1 1 2 1 1 1 1 1 1 1 1 1 1 1 2 1 1 1 1 1 1 1 1 1 1 1 1 1 1 
1 1 1 1 2 1 1 1 1 1 1 1 1 1 1 1 1 1 1 1 1 1 1 1 2 1 1 1 1 1 1 1 1 1 1 1 1 3 1 1 1 1 1 1 1 2 0 1 1 2 1 1 1 2 1 1 2 1 2 1 1 1 1 1 
1 1 1 1 1 1 1 1 1 1 1 1 1 1 1 1 1 1 1 1 1 1 2 1 1 1 1 1 1 1 1 1 1 1 1 1 1 1 3 1 1 1 2 1 1 1 1 2 1 1 1 1 1 1 3 3 1 1 1 1 1 1 1 1 
1 1 1 1 1 1 1 1 1 1 1 2 2 2 3 1 1 1 1 1 1 1 1 2 2 2 2 1 1 1 2 1 1 1 1 1 1 2 1 1 1 1 1 1 1 2 1 1 1 1 1 1 1 1 1 1 1 1 1 2 1 1 1 2 
1 1 1 2 1 1 1 1 1 1 1 1 1 1 1 1 1 1 1 1 1 1 1 1 1 1 1 1 1 2 1 1 1 1 1 2 1 1 1 1 1 1 1 1 1 1 1 1 1 1 1 1 1 1 1 1 1 1 1 1 1 1 1 2 
1 2 1 1 1 3 1 1 1 1 2 1 1 1 1 1 1 1 4 1 1 1 1 1 3 1 1 1 1 1 1 1 1 1 2 1 1 1 1 3 1 1 1 1 1 1 1 1 1 1 1 1 1 1 1 1 1 1 1 1 1 1 2 1 
1 1 1 2 1 1 1 1 1 3 1 3 1 1 1 1 1 1 1 3 1 1 1 1 1 1 1 1 2 1 2 1 1 1 1 2 1 1 1 1 1 1 1 1 2 1 1 2 1 1 1 1 2 1 1 1 1 1 1 1 1 3 2 1 
1 1 1 1 1 1 1 1 1 1 1 1 1 1 1 1 1 4 1 1 1 1 1 1 1 1 1 1 1 1 1 1 1 1 1 1 1 1 1 1 1 2 1 1 1 3 1 1 1 3 1 3 1 1 1 1 1 2 1 1 1 1 1 1 
1 1 1 1 3 1 1 2 1 1 1 1 1 0 1 2 3 1 1 1 2 1 2 1 2 1 1 1 1 1 1 1 1 1 1 1 1 1 1 1 1 1 1 1 1 1 1 1 1 1 1 1 1 1 1 1 1 1 1 1 1 1 1 1 
1 1 1 1 2 2 1 3 1 2 1 1 1 1 1 2 1 1 1 1 1 1 1 1 1 1 1 1 2 1 1 1 2 2 3 3 1 1 1 1 0 1 1 1 1 1 1 1 1 1 1 1 2 1 1 2 1 1 1 1 1 1 1 1 
1 1 1 0 1 1 1 1 1 1 1 1 1 1 1 1 1 1 2 1 1 1 1 1 2 1 1 1 1 1 1 2 2 1 1 1 1 1 1 0 1 2 2 1 1 1 1 1 2 1 1 2 1 1 1 2 1 1 1 1 1 1 1 1 
1 1 1 1 1 1 1 2 1 1 3 1 1 0 1 1 1 1 2 1 1 3 1 1 1 1 1 1 2 1 1 1 1 1 1 0 1 3 1 0 1 1 2 1 1 1 1 1 1 1 1 1 1 2 1 1 2 1 1 2 1 1 1 2 
5 1 1 2 1 1 1 1 1 1 3 1 3 1 1 1 2 1 1 2 1 1 2 1 1 1 1 1 1 1 1 1 1 1 1 1 1 1 1 1 1 3 2 1 1 1 1 1 1 2 2 1 1 1 1 1 1 2 1 1 1 1 1 1 
1 1 1 1 1 1 2 1 1 2 1 1 2 1 1 1 1 1 1 1 4 1 1 1 1 1 1 1 1 1 2 3 1 1 1 1 1 1 1 1 1 1 1 1 1 1 1 1 1 1 1 1 1 1 1 1 1 1 1 1 1 1 1 1 
1 1 2 1 1 1 1 1 2 1 1 1 1 1 1 1 1 1 1 1 1 1 1 1 1 1 1 1 2 1 1 1 1 1 1 1 1 1 3 1 1 2 1 1 1 1 1 1 1 1 1 1 1 1 1 1 1 1 1 2 1 1 1 1 
1 2 1 1 1 1 1 1 2 1 1 1 1 1 1 1 1 1 1 1 1 1 1 1 1 1 1 1 1 1 1 1 1 2 2 1 1 2 1 1 1 1 2 1 1 1 1 1 2 1 0 1 1 1 1 1 3 1 3 1 1 1 1 1 
1 1 2 1 1 1 1 1 3 2 1 2 1 1 1 1 1 1 1 2 1 1 1 1 1 1 1 2 3 1 1 1 1 1 2 2 1 1 1 1 1 1 1 1 1 1 2 1 1 1 2 1 2 2 1 1 1 1 1 1 1 1 2 1 
1 1 1 1 2 1 1 2 1 1 1 1 1 1 1 1 1 1 1 1 1 1 1 1 1 1 3 1 1 1 1 2 1 1 1 1 1 1 1 1 2 1 1 1 1 1 1 1 2 0 1 1 1 1 1 1 1 1 1 1 1 2 1 1 
1 1 2 1 1 1 1 1 1 1 1 2 1 1 1 1 1 1 1 1 1 2 1 1 1 3 1 2 1 1 1 1 1 1 2 1 1 1 2 1 1 1 1 1 2 1 1 1 1 1 1 1 1 2 1 1 1 1 1 1 1 1 1 1 
1 1 1 3 2 1 1 1 1 1 1 1 1 1 1 1 1 1 1 1 1 1 1 1 1 1 1 1 2 1 1 1 1 1 1 1 1 1 1 2 1 2 1 2 1 1 1 1 1 1 1 1 1 1 1 1 1 1 1 1 1 1 1 1 
1 1 1 1 1 2 1 1 1 1 1 1 1 1 1 1 1 1 1 1 1 1 1 1 1 1 1 1 2 1 1 1 1 1 1 1 1 1 1 1 1 1 3 1 1 1 4 4 1 1 1 1 1 1 1 1 1 1 1 1 1 1 2 1 
1 1 1 1 1 1 1 1 1 1 1 1 2 1 2 1 1 1 1 1 1 1 1 1 1 1 4 1 2 1 1 1 1 1 1 1 1 1 1 3 1 1 1 1 1 1 1 3 2 3 1 1 1 1 1 1 1 1 1 1 1 1 1 2 
1 1 1 1 1 1 1 1 1 2 1 2 1 1 1 1 1 1 2 1 1 1 1 1 1 1 1 1 1 2 1 1 1 1 1 0 2 1 1 1 1 1 1 1 1 1 1 1 1 1 2 1 1 1 1 1 1 2 1 1 1 1 1 1 
1 1 1 1 1 1 1 1 1 1 1 2 2 1 2 2 1 2 1 1 1 1 1 1 2 1 1 1 1 1 1 1 1 1 1 1 1 1 1 1 1 1 2 1 1 1 1 1 1 1 1 2 2 1 1 1 1 1 1 1 1 1 1 1 
1 1 1 1 1 1 1 2 1 1 1 1 1 1 1 1 1 1 1 2 1 1 2 1 1 1 1 1 3 1 1 1 1 1 1 1 1 1 1 1 1 1 1 1 1 1 1 1 2 1 1 1 1 1 1 1 1 1 1 1 1 1 1 1 
1 1 1 1 1 1 1 1 1 1 1 1 1 1 1 1 1 1 1 1 1 1 1 1 1 1 1 1 1 1 1 1 1 1 1 2 3 1 1 1 1 1 1 1 2 1 1 2 1 1 1 1 1 1 1 1 1 1 1 2 1 1 1 1 
1 1 1 3 1 1 1 1 1 1 1 1 1 1 1 1 2 1 1 1 2 1 1 1 1 1 1 1 1 1 3 1 1 1 1 1 2 1 1 2 1 1 1 2 1 1 1 1 1 1 1 1 1 1 1 1 1 4 1 1 2 1 1 2 
1 1 1 1 1 1 2 2 1 1 1 1 1 2 1 1 2 2 2 1 1 1 1 1 1 1 1 2 1 1 1 1 1 1 1 1 1 1 1 1 1 1 1 1 2 1 1 1 1 1 1 1 2 1 1 2 1 1 2 1 1 1 2 1 
1 1 1 2 1 1 1 1 1 0 1 1 1 1 1 2 1 1 1 1 1 1 1 1 1 4 1 1 1 1 1 1 1 1 1 1 1 1 2 1 1 1 1 1 1 1 1 1 2 1 1 1 2 2 1 1 1 1 1 1 1 1 1 1 
1 1 1 1 0 1 1 1 1 1 1 1 1 1 1 1 0 1 2 1 1 1 1 1 1 1 2 1 2 1 2 1 1 1 1 1 1 1 1 1 2 1 3 1 1 1 1 1 1 1 1 1 1 1 1 1 1 2 1 1 1 1 1 1 
1 1 2 1 1 1 1 1 3 1 1 1 1 1 1 1 2 1 1 1 1 1 1 1 1 1 1 1 1 1 1 1 1 1 1 1 1 1 1 1 1 1 1 1 2 1 1 1 1 1 1 1 1 1 1 1 1 1 2 1 3 3 1 1 
1 1 1 1 1 1 1 1 1 1 1 1 1 1 1 1 2 1 1 1 2 1 1 1 1 1 2 1 1 1 1 1 2 1 1 1 2 1 1 1 1 1 5 1 1 1 1 1 1 1 2 1 1 1 1 1 1 1 2 1 1 1 1 1 
1 1 1 1 1 1 1 1 1 1 1 1 1 2 5 2 1 1 2 2 1 1 2 1 1 1 2 1 1 1 1 1 1 1 1 1 3 1 1 1 2 1 2 1 1 1 1 1 1 1 2 1 1 1 1 1 1 1 1 1 1 1 2 1 
1 1 1 2 1 1 1 2 2 1 1 1 1 1 3 1 1 1 1 1 1 1 1 1 1 1 1 1 1 1 1 1 1 1 2 1 1 3 3 1 1 1 1 1 1 1 1 1 1 1 1 1 1 1 1 1 1 1 2 1 1 1 1 1 
1 1 1 2 1 2 0 4 1 2 3 1 1 1 1 1 1 3 1 1 1 1 1 1 1 1 1 1 1 1 1 1 1 1 2 2 1 3 1 1 3 1 1 1 1 1 2 2 1 1 5 1 1 1 1 1 1 1 1 1 1 1 2 1 
1 1 1 1 2 2 1 1 1 1 1 1 1 1 1 1 1 1 1 1 1 1 1 1 1 1 3 1 1 1 1 1 1 1 2 1 1 1 1 1 1 2 1 1 1 1 1 1 1 1 1 1 1 1 1 1 1 2 1 1 1 1 1 1 
1 1 1 1 1 2 1 2 1 1 1 1 1 2 1 1 1 1 1 1 1 1 1 1 2 1 1 3 1 1 1 1 1 1 2 2 1 1 1 1 1 1 1 2 1 1 1 1 1 1 1 1 1 2 1 1 1 1 1 1 1 2 1 1 
1 1 2 1 1 1 1 1 1 1 1 3 1 1 1 1 1 1 1 1 1 1 1 1 1 1 3 1 1 1 1 1 1 1 1 3 1 1 1 1 2 1 1 1 1 1 1 1 2 3 1 3 1 1 1 1 1 1 2 1 1 1 1 1 
1 1 1 2 1 1 1 1 3 1 2 1 1 2 1 1 2 1 1 1 1 2 1 1 1 1 1 1 3 2 1 1 1 1 1 1 1 1 1 2 1 1 1 1 1 1 1 1 1 1 3 2 1 3 1 2 1 2 1 1 1 2 1 1 
1 1 1 1 1 1 1 1 1 1 1 1 1 1 1 1 1 1 1 1 1 1 1 1 5 1 1 1 1 1 1 1 1 1 1 1 1 1 1 2 1 1 1 2 1 1 1 1 1 1 2 1 1 1 1 1 1 3 1 1 2 1 1 1 
1 1 1 1 1 1 1 1 1 1 3 1 2 1 1 3 1 1 3 1 1 1 2 1 1 7 1 1 1 1 3 1 1 2 1 3 2 1 2 1 1 1 1 1 1 2 1 2 1 3 1 1 1 1 2 1 1 1 1 1 1 1 1 1 
1 1 3 1 1 1 1 1 2 1 1 1 1 2 2 1 1 2 1 1 1 1 1 1 1 1 1 1 2 1 2 1 1 1 1 1 1 2 1 1 1 1 1 1 1 2 1 1 1 1 1 1 2 1 1 1 1 1 1 1 1 1 1 1 
2 2 1 2 1 1 1 1 1 2 1 1 1 2 1 1 1 1 1 1 1 1 1 1 2 1 1 1 1 2 1 1 1 1 1 1 1 1 1 1 1 1 1 1 1 1 1 1 1 1 1 1 1 1 1 1 1 1 2 4 1 1 1 1 
2 1 2 2 1 1 1 1 1 1 1 1 1 1 2 1 1 1 1 1 1 1 1 2 1 1 1 1 1 1 1 1 1 1 1 1 1 1 1 1 1 1 1 1 1 1 1 1 1 1 1 1 1 2 1 1 1 1 1 1 1 1 1 1 
1 1 1 1 1 1 1 1 1 1 1 1 1 1 1 1 3 1 3 1 1 1 1 3 1 1 1 1 1 1 1 2 1 1 1 1 1 2 1 1 1 1 1 1 1 2 1 1 1 1 1 2 1 1 1 1 2 1 1 1 2 1 1 1 
1 1 1 1 1 1 1 1 1 2 1 2 1 1 1 1 4 1 1 1 1 1 1 1 1 1 1 1 1 1 1 1 7 1 3 1 1 1 1 1 1 1 1 1 2 1 1 1 2 1 1 1 1 1 1 1 2 1 2 1 1 1 1 1 
1 1 1 1 1 1 1 1 1 1 1 1 2 1 2 1 1 1 2 1 1 3 1 1 1 1 1 1 1 1 1 1 1 1 1 1 1 1 1 1 1 1 1 1 1 1 1 1 1 1 1 1 1 1 1 0 1 1 1 1 1 0 1 3 
1 1 1 1 1 1 1 1 1 1 2 1 1 1 1 4 1 1 1 1 1 1 1 2 1 1 1 1 1 1 1 1 1 1 1 1 1 2 1 1 1 1 1 1 1 1 2 1 1 1 1 1 1 1 1 1 1 1 1 1 1 1 1 1 
1 1 0 1 1 1 1 1 1 2 1 1 1 1 1 1 1 1 1 1 1 1 1 1 1 1 1 1 1 1 1 1 1 1 2 1 1 1 1 1 1 1 1 1 1 1 1 1 1 1 1 1 1 1 1 1 1 2 1 1 1 1 1 1 
1 1 1 1 1 1 1 1 1 1 1 1 1 1 1 1 1 1 1 1 1 1 1 1 1 1 1 1 1 1 1 1 1 1 1 1 1 1 1 2 1 1 1 1 1 1 1 1 1 1 1 1 1 1 1 1 1 1 1 1 1 1 1 4 
1 1 1 1 1 1 1 1 1 1 2 1 1 3 1 1 1 1 1 2 1 0 1 2 1 1 1 1 1 1 1 2 1 1 1 1 1 1 1 1 1 1 1 1 1 2 1 1 1 1 1 1 1 1 1 1 1 1 1 1 1 1 1 1 
1 1 1 1 2 1 1 2 1 1 1 1 1 2 1 1 3 1 1 1 0 1 1 2 1 1 1 1 1 1 1 1 1 1 1 1 1 2 1 1 1 1 1 1 1 2 1 1 1 1 2 3 1 1 1 1 1 2 1 1 1 3 1 1 
1 1 1 2 1 2 2 1 1 1 1 2 1 1 1 1 1 1 1 1 1 1 1 2 1 1 3 1 1 5 1 1 1 1 1 1 1 1 1 2 1 1 1 1 1 1 1 1 1 1 1 1 1 2 1 1 1 1 1 1 1 1 1 1 
1 1 1 1 1 1 1 2 2 2 1 1 1 2 1 1 1 2 1 1 1 1 1 1 1 1 1 1 1 1 1 2 1 1 1 1 1 1 1 1 1 1 1 1 3 1 2 1 1 1 1 1 2 1 1 1 1 1 1 1 1 1 1 1 
1 1 1 1 1 1 1 1 1 0 1 1 1 1 1 1 1 1 1 1 1 2 2 1 1 1 1 1 1 1 1 1 1 2 1 1 1 1 1 1 1 1 1 1 1 1 3 1 1 1 1 1 1 1 1 1 1 1 1 1 1 1 1 1 
1 1 1 1 1 1 1 1 1 1 1 1 1 1 1 1 1 1 1 2 1 1 1 1 2 1 1 1 1 1 1 1 1 1 1 1 1 2 1 2 1 1 1 1 1 1 4 1 1 1 1 2 1 1 1 1 1 1 2 1 2 1 1 1 
1 1 1 1 1 1 1 1 1 1 1 1 1 1 1 1 1 1 2 1 1 1 2 1 1 1 1 1 1 1 1 1 1 1 1 1 1 2 1 1 1 1 1 1 1 0 1 1 1 1 1 1 1 1 2 1 1 1 1 1 1 1 1 1 
1 1 1 1 1 1 1 1 1 2 1 1 1 1 1 1 1 2 1 1 1 1 2 1 1 1 1 1 1 1 1 1 1 1 1 1 1 1 1 2 1 1 1 1 1 2 1 1 1 1 1 1 1 2 1 2 1 1 1 1 1 1 1 1 
1 1 1 1 1 1 1 2 1 1 1 1 2 1 1 2 1 2 1 1 1 2 1 1 1 1 1 1 1 1 1 2 1 1 1 3 2 2 1 1 1 1 1 2 2 1 1 3 1 1 1 1 1 1 1 1 1 1 1 1 1 1 1 3 
1 1 1 1 1 1 1 1 1 1 1 1 2 2 1 0 1 1 1 1 1 2 1 1 1 1 1 1 1 1 1 1 1 1 1 1 1 1 1 2 1 1 1 1 2 1 1 1 1 1 1 1 1 1 1 1 1 1 1 2 1 1 1 1 
1 1 1 1 1 1 1 1 1 1 2 1 3 1 1 1 2 3 1 1 1 1 1 1 1 1 1 0 1 1 1 1 1 1 1 1 1 1 1 2 1 1 1 1 1 1 1 1 1 1 1 1 1 1 1 1 1 1 1 2 1 1 3 1 
1 2 1 1 2 1 2 1 1 2 1 1 1 1 1 1 1 1 3 1 1 1 1 3 1 1 1 1 1 1 1 1 1 1 2 1 1 1 1 1 1 0 1 2 1 1 1 1 1 1 1 1 1 2 1 1 1 1 2 1 1 1 1 1 
1 1 2 1 1 1 1 1 1 1 1 1 1 1 3 1 1 1 2 1 1 1 1 1 1 1 1 1 1 1 1 1 1 2 1 1 1 1 1 1 1 3 1 1 1 1 1 1 1 1 1 1 1 1 1 1 2 1 1 2 1 1 1 1 
1 1 1 1 1 1 3 1 1 1 1 1 1 1 1 1 1 1 1 1 1 1 1 1 3 1 1 1 1 1 1 1 1 2 1 1 1 1 1 1 1 1 1 1 1 1 1 1 1 1 1 1 1 2 1 1 2 1 1 1 2 1 1 1 
1 1 3 1 1 1 1 1 1 1 1 1 1 1 1 1 1 2 1 1 1 1 1 1 1 2 2 1 1 1 1 1 1 1 1 2 1 1 1 2 1 1 1 2 1 1 1 1 1 2 1 1 1 1 1 1 1 1 1 1 1 1 1 1 
3 2 1 2 1 1 1 1 1 1 1 1 2 1 1 1 1 1 1 1 1 2 1 1 1 1 0 1 1 1 1 1 1 1 2 1 0 1 1 2 1 1 1 1 1 1 1 1 1 1 1 1 1 2 3 1 1 1 2 1 1 1 1 1 
1 1 1 1 1 1 1 2 1 1 1 1 1 1 1 1 1 1 1 1 1 1 5 1 1 1 1 2 1 1 1 1 1 1 1 1 1 1 1 1 1 1 2 1 1 1 1 1 1 1 1 1 2 1 1 3 1 1 3 1 1 1 1 1 
1 1 1 1 1 1 1 1 1 1 1 2 1 2 1 1 1 1 1 1 2 1 1 1 1 1 1 2 1 1 1 1 1 1 1 1 1 1 1 1 1 0 1 1 2 2 1 1 0 1 2 1 2 2 1 1 1 1 1 1 1 1 1 1 
1 1 1 1 1 2 1 1 1 1 3 1 1 1 1 1 1 1 1 1 1 1 1 1 1 1 1 1 2 1 1 1 1 1 2 1 1 1 1 1 2 1 1 1 1 1 1 1 1 1 1 2 1 1 1 1 1 1 1 1 1 1 1 1 
1 1 1 1 1 1 1 1 1 1 1 2 1 1 1 1 1 1 1 1 1 1 1 1 1 1 1 1 1 1 1 1 2 1 1 1 0 1 1 1 1 1 1 1 1 0 1 1 1 1 1 1 1 1 1 1 4 1 1 1 1 1 1 1 
1 1 1 1 1 1 2 1 1 1 1 1 1 1 1 1 1 1 1 1 1 1 1 2 1 1 1 1 1 1 1 1 2 1 1 1 1 1 1 0 1 1 1 1 1 1 1 1 1 1 1 1 2 1 1 1 1 2 2 1 3 1 1 1 
1 1 1 1 2 1 1 1 1 2 1 1 1 1 1 1 1 1 1 1 1 1 1 1 1 1 1 1 1 1 1 1 1 1 1 1 1 1 1 1 1 1 1 1 1 1 1 1 1 1 1 1 1 1 1 1 1 1 1 1 1 1 1 1 
1 1 1 1 0 1 1 1 1 2 1 1 0 1 1 1 1 1 0 2 1 1 1 1 1 1 1 2 2 2 1 1 1 1 2 1 1 1 1 2 1 1 1 1 1 1 1 1 1 1 1 1 1 1 1 1 1 2 1 1 2 1 1 1 
1 1 1 1 1 1 1 1 1 1 1 1 1 2 1 1 1 1 1 1 1 1 1 4 1 1 1 1 1 1 1 1 1 1 1 2 1 2 1 3 2 1 1 1 1 3 1 1 1 1 1 1 1 1 2 3 1 1 1 1 1 1 1 1 
1 1 1 1 1 1 1 1 1 1 1 1 1 2 1 1 1 1 1 1 1 1 1 1 1 1 1 1 1 1 1 1 1 2 1 1 1 1 1 1 1 1 1 1 1 1 1 1 1 1 1 1 1 1 0 1 1 1 1 1 1 1 1 1 
1 1 1 2 1 1 1 1 1 1 1 1 1 1 1 1 2 0 1 1 2 1 1 1 1 1 1 1 1 1 1 1 1 1 4 1 1 2 1 1 1 1 0 1 1 1 1 1 2 1 1 1 1 1 1 1 1 1 2 1 1 1 1 1 
1 1 1 1 2 1 1 1 1 1 2 1 1 1 1 3 1 1 1 1 1 1 1 1 2 1 1 1 1 1 1 1 1 1 1 1 1 1 1 2 1 2 1 1 1 1 1 2 1 1 2 1 1 1 3 1 1 1 1 1 1 1 1 1 
1 1 1 1 1 1 1 1 1 0 1 1 2 1 1 1 1 1 1 1 2 1 1 1 1 1 1 1 1 2 2 1 1 1 1 3 1 1 1 1 1 1 1 1 1 1 1 1 1 1 1 1 1 2 1 1 1 1 1 1 1 2 1 1 
1 1 1 1 2 1 2 1 2 1 1 1 1 1 1 1 1 1 1 1 1 1 1 1 1 1 1 1 1 1 1 1 1 2 1 1 1 1 1 1 1 1 1 1 1 1 1 1 1 1 1 2 1 1 1 1 1 1 3 1 1 1 1 2 
1 1 1 2 1 1 1 1 1 1 1 1 1 1 1 1 1 1 1 1 1 2 1 1 1 1 1 3 1 1 1 1 1 1 1 1 1 1 1 1 1 1 1 1 1 1 1 1 1 1 1 1 3 1 1 1 1 1 1 1 1 1 1 1 
1 1 1 1 1 1 1 1 1 1 1 1 1 0 1 1 1 1 1 1 2 1 1 1 1 1 2 1 1 1 1 1 1 1 1 2 1 1 1 1 1 1 1 1 1 1 1 1 1 1 1 1 0 1 1 1 1 1 1 1 1 1 1 1 
1 1 1 1 1 1 3 1 1 1 1 1 1 1 1 1 1 1 1 2 1 1 1 1 1 2 1 1 1 1 1 1 1 1 1 1 1 2 1 1 1 1 1 1 1 1 1 1 1 1 1 1 1 1 1 1 1 2 1 1 1 1 1 1 
1 1 1 1 2 1 1 2 1 1 1 1 2 1 1 1 1 1 1 1 1 1 1 1 1 1 1 1 1 1 1 1 1 1 1 1 1 1 1 1 1 1 2 1 1 1 1 1 1 1 1 2 1 1 2 2 1 1 1 1 1 1 2 0 
2 1 1 1 1 2 1 1 1 1 1 1 2 1 1 1 1 1 1 1 1 1 1 2 1 1 1 1 1 1 1 3 1 1 1 1 1 1 1 1 1 1 1 3 1 1 1 1 1 1 1 3 1 2 1 1 1 1 1 1 1 1 1 1 
1 1 1 1 0 1 1 1 1 1 1 2 1 3 1 1 1 1 1 1 1 1 4 1 1 1 1 1 1 1 1 1 1 1 1 1 1 1 1 1 2 1 1 1 1 3 1 3 1 1 1 1 2 1 1 1 1 1 1 1 1 1 1 1 
1 1 1 1 1 3 1 1 1 1 1 1 1 1 1 1 1 1 1 1 1 1 1 1 1 1 1 1 1 1 1 1 1 1 2 1 1 1 1 1 1 1 1 1 1 1 1 1 1 1 1 1 1 1 1 1 2 1 1 1 1 1 1 1 
1 2 1 1 1 1 1 1 1 2 1 1 1 1 2 1 1 1 1 1 1 1 1 2 2 1 1 1 1 2 1 1 1 1 1 1 1 1 1 1 1 1 1 1 1 1 1 5 1 2 0 1 1 2 1 1 1 1 1 1 3 1 2 1 
1 2 1 1 1 1 1 1 1 1 1 1 1 1 2 1 1 1 1 2 1 1 1 1 1 1 1 1 1 1 1 1 2 1 1 1 1 1 1 1 1 1 1 1 1 1 1 1 1 1 1 1 1 1 1 1 3 1 1 1 1 1 1 1 
1 1 1 1 1 1 1 1 1 1 1 1 1 1 1 1 1 1 1 1 1 1 1 2 1 1 1 1 1 1 1 3 1 1 1 1 1 1 1 1 1 1 1 1 1 1 1 1 1 1 1 1 1 1 1 1 1 1 1 1 1 1 1 1 
1 6 1 1 1 1 1 1 1 1 1 1 1 1 1 2 1 1 2 1 1 1 1 1 1 1 1 1 1 1 1 1 1 1 1 2 1 1 2 1 2 1 1 1 1 2 1 1 2 3 1 1 1 1 1 1 1 1 1 1 1 1 1 1 
1 1 1 1 1 2 1 1 2 1 1 1 1 1 2 1 1 1 1 1 1 1 1 1 1 1 1 1 1 1 1 1 3 1 1 1 1 2 2 1 1 2 1 1 1 1 1 1 1 1 1 1 1 1 1 2 1 1 1 2 1 1 1 1 
1 1 1 1 1 1 1 1 1 1 1 1 1 1 1 1 1 1 1 1 1 2 1 1 1 1 1 1 1 1 1 1 1 1 3 1 1 1 1 0 0 1 1 2 1 1 1 1 1 2 1 2 2 1 1 1 1 1 1 1 1 1 1 1 
1 1 1 3 2 1 1 1 1 1 1 1 1 1 1 1 1 1 2 1 1 1 1 5 1 1 1 1 1 1 1 2 1 1 1 1 1 1 1 1 1 1 1 1 1 1 1 1 2 1 1 1 1 1 1 2 1 2 1 1 1 1 1 1 
1 1 1 1 1 1 1 1 1 1 1 1 1 1 1 2 1 1 1 1 1 1 1 2 1 1 1 1 1 1 1 2 1 1 1 1 1 3 1 1 1 1 0 1 1 1 1 1 1 1 1 1 1 1 1 1 1 1 1 1 1 1 1 1 
1 1 1 1 1 1 1 2 1 1 1 1 1 1 2 1 1 1 1 1 1 1 1 1 1 2 3 1 2 2 1 1 1 1 1 1 1 1 1 1 1 1 1 1 1 1 1 1 1 1 1 1 1 1 1 1 1 1 1 1 1 1 1 1 
1 1 1 1 1 1 2 1 4 1 1 1 1 1 1 1 1 1 1 1 1 0 1 2 1 1 1 1 1 3 1 2 1 1 1 1 2 1 1 1 2 2 1 1 1 1 1 1 1 1 1 1 1 1 1 1 1 1 1 2 1 1 2 1 
2 1 1 1 1 1 1 1 1 1 1 1 1 1 1 2 1 1 1 1 1 1 1 1 1 1 1 1 1 1 1 1 1 1 2 1 1 1 1 1 1 1 1 1 1 1 1 1 3 1 1 3 3 1 1 1 1 1 1 1 1 1 1 1 
1 1 2 1 1 1 1 1 1 1 1 3 1 1 1 1 1 1 1 1 1 1 1 4 1 1 1 1 1 1 1 1 1 1 1 2 1 1 1 1 1 1 2 1 1 1 1 1 1 1 1 1 1 1 1 2 1 1 1 1 1 1 1 1 
1 1 1 2 1 1 1 1 1 1 1 1 1 2 1 1 1 1 1 1 1 1 1 1 1 1 1 1 1 1 1 1 1 1 2 1 1 1 1 1 2 1 2 1 1 1 1 2 1 1 1 1 1 1 1 1 1 1 1 1 1 1 3 1 
1 1 1 1 1 3 1 1 1 1 1 2 1 1 1 1 1 1 1 3 1 1 1 1 1 1 1 1 1 1 1 1 1 1 1 1 1 1 1 1 1 1 1 1 1 2 1 1 1 1 1 1 1 1 1 1 1 1 1 1 1 2 1 1 
1 0 1 1 1 1 1 2 1 1 1 1 1 1 1 1 1 1 1 1 2 1 1 1 1 1 1 1 1 1 1 1 1 1 1 1 1 1 1 1 1 1 2 1 1 1 2 1 1 1 1 1 2 1 3 1 1 1 1 1 1 2 1 1 
1 1 1 1 1 1 1 1 1 1 1 3 1 1 1 1 1 1 1 1 1 1 1 1 1 1 1 1 1 1 1 1 1 1 0 1 1 1 1 1 1 1 1 1 1 1 1 1 1 1 1 1 2 1 1 1 1 2 2 2 1 2 1 1 
1 1 1 1 1 1 1 1 2 1 1 1 2 1 1 1 1 1 1 1 1 1 1 1 1 1 1 1 1 1 1 1 1 1 1 1 1 2 1 1 1 1 1 1 1 1 1 2 0 1 3 1 1 1 1 1 1 1 1 0 1 1 1 1 
1 1 1 1 1 1 1 1 1 1 1 1 2 2 1 1 1 1 1 1 1 1 1 1 1 1 1 2 1 1 1 1 1 3 1 3 2 1 1 1 1 1 1 1 1 1 2 2 1 2 1 1 2 1 1 2 1 1 1 1 1 1 2 1 
1 1 1 1 1 2 1 1 1 1 1 3 3 1 1 1 1 1 1 1 1 1 1 1 1 2 1 1 1 1 1 1 1 1 1 4 1 1 3 1 1 1 1 1 1 1 1 1 1 1 1 1 2 1 1 1 1 1 1 1 1 1 1 1 
1 1 1 1 1 3 1 1 1 1 1 1 1 1 1 1 1 1 1 1 1 1 1 1 1 1 2 1 1 1 1 2 1 1 1 1 1 1 1 1 1 1 1 2 3 1 1 1 1 1 1 1 1 1 1 1 2 1 1 1 1 1 1 1 
1 1 1 1 1 1 1 1 1 1 1 1 1 1 1 1 1 1 1 1 1 2 1 1 1 1 2 2 1 1 1 1 1 1 2 1 3 1 1 1 2 1 1 1 1 1 1 2 1 1 1 1 1 1 1 1 1 2 1 1 1 1 1 1 
1 1 0 1 1 2 1 1 1 1 1 1 1 1 1 1 1 1 1 2 1 1 1 1 1 1 1 1 1 1 2 2 1 1 1 1 1 1 1 1 1 1 1 1 1 1 1 1 1 1 1 1 2 1 1 1 1 1 1 1 1 1 1 1 
1 1 3 1 1 1 1 2 1 1 1 2 1 1 1 2 1 1 1 1 1 1 1 1 1 2 1 1 2 1 1 1 1 1 1 1 1 1 2 1 1 1 1 1 1 1 1 1 1 1 1 1 1 1 2 1 1 1 1 1 1 1 1 1 
1 1 1 1 1 1 1 1 1 1 1 1 1 1 2 2 1 1 1 1 1 1 0 1 1 1 1 1 1 1 1 1 1 1 1 1 2 1 1 1 1 1 1 1 1 1 1 1 1 1 1 1 1 1 1 1 1 1 1 1 1 2 1 1 
1 1 1 2 1 1 1 1 4 2 1 1 3 1 1 1 1 2 1 1 1 1 1 1 1 1 1 1 1 1 1 1 1 1 1 1 1 1 1 1 1 2 1 1 1 1 1 1 1 1 1 1 1 1 1 1 1 1 1 1 1 1 1 1 
1 1 1 1 1 1 1 1 1 1 1 1 1 1 1 1 1 1 1 1 2 1 2 1 1 2 1 1 2 1 1 1 1 1 1 1 1 1 3 2 0 1 1 1 3 1 1 1 1 1 1 1 1 1 1 1 1 1 1 1 1 2 1 1 
1 1 1 1 1 2 1 1 1 0 1 1 1 1 1 1 1 1 2 1 1 1 1 1 1 1 2 1 1 1 1 1 1 1 1 0 1 1 1 1 1 1 1 1 1 1 1 2 1 1 1 1 1 1 1 1 1 1 2 1 1 1 1 1 
1 2 1 1 1 1 1 1 1 1 1 1 2 1 1 1 1 1 1 1 1 1 1 1 1 1 1 1 1 2 1 1 4 1 1 1 1 1 1 1 1 1 1 1 3 3 1 1 1 1 1 1 1 1 4 1 2 2 1 2 1 1 1 1 
1 1 1 1 1 1 1 1 1 1 1 1 1 2 1 1 1 1 1 1 1 2 1 1 1 1 1 1 1 3 2 1 1 1 1 1 1 1 1 1 1 2 1 1 1 1 1 1 2 1 3 1 1 1 1 1 1 2 1 1 1 1 1 1 
1 1 1 1 1 1 1 1 1 1 1 1 1 1 1 1 1 1 1 1 1 1 1 1 1 1 1 1 1 1 1 1 1 1 1 2 1 1 1 1 1 1 2 1 1 1 1 1 1 1 1 1 0 1 1 1 2 1 1 1 1 1 1 1 
2 1 1 1 1 1 1 1 1 2 1 1 1 1 1 1 1 1 1 1 1 1 1 1 1 1 1 1 2 1 3 1 1 2 1 2 1 1 1 1 1 1 1 1 2 1 1 1 1 1 1 1 1 1 1 1 1 1 1 1 1 1 1 1 
3 1 1 2 1 1 1 2 1 2 2 1 1 1 1 2 1 1 1 2 1 1 1 1 1 1 1 1 1 2 1 1 1 1 1 1 1 2 1 1 2 3 1 2 1 1 1 1 1 1 1 1 1 1 1 1 1 1 1 1 1 1 1 1 
1 1 1 1 1 1 1 3 1 1 1 1 1 1 1 1 1 1 1 1 1 1 1 1 1 2 1 1 1 1 1 1 1 1 1 1 1 1 1 1 1 1 1 1 1 1 1 1 1 1 1 1 1 1 1 1 1 1 1 1 1 1 1 1 
1 1 1 1 3 2 1 1 1 1 1 1 1 1 1 1 2 1 1 1 1 1 1 1 1 1 1 1 1 1 1 1 1 2 1 1 1 1 1 1 1 1 1 1 1 1 1 1 3 1 1 1 1 1 2 1 1 1 1 1 1 1 1 1 
1 1 1 1 0 1 1 1 1 1 2 1 1 1 1 3 1 1 1 1 1 1 1 1 1 1 1 1 0 1 2 1 1 1 2 1 1 1 1 1 1 1 1 1 1 1 1 2 1 1 1 1 1 1 2 1 1 1 1 1 1 1 1 3 
1 1 1 1 1 1 1 1 1 1 1 1 1 1 1 1 1 1 1 1 1 1 1 1 0 1 0 1 1 2 2 1 1 2 1 1 2 1 1 1 1 1 2 1 1 1 1 1 1 1 1 1 1 1 1 1 1 1 1 1 1 1 1 1 
1 1 2 1 1 1 1 1 1 1 1 3 1 1 1 2 1 1 1 1 1 1 2 3 1 1 1 1 3 1 2 1 1 1 1 1 1 1 1 1 1 1 1 1 1 1 1 1 1 1 2 1 1 1 1 0 2 1 1 1 1 2 1 1 
1 1 1 1 2 1 1 1 1 1 1 0 1 1 1 1 1 1 1 1 1 1 2 1 1 1 1 1 1 1 1 1 1 1 1 1 1 1 3 1 2 1 2 1 1 1 1 1 2 1 1 1 1 1 1 1 4 1 1 1 1 1 1 1 
1 1 1 1 1 1 2 1 1 1 1 1 1 1 1 1 1 1 1 1 1 1 2 1 1 1 1 1 1 1 1 3 1 1 1 1 1 1 1 1 1 1 1 4 1 3 1 1 1 1 1 1 2 1 1 1 1 1 1 2 1 1 1 1 
1 1 1 1 1 1 1 1 1 1 1 1 1 1 1 1 1 1 1 1 1 1 1 1 1 1 1 1 1 1 1 1 1 1 1 1 1 1 1 1 0 1 1 1 1 1 1 2 1 3 1 1 1 1 1 1 1 1 1 1 1 1 1 1 
1 1 1 1 1 1 1 1 1 1 1 1 1 1 1 1 1 1 1 1 1 1 1 1 1 1 1 1 1 1 1 1 1 1 1 1 1 1 1 1 1 1 1 1 0 1 1 1 1 0 1 1 2 1 1 1 1 2 1 1 1 3 1 1 
1 1 1 2 1 1 1 1 1 1 1 1 2 1 2 1 1 1 1 1 1 1 1 1 1 2 1 1 1 1 1 2 1 1 1 1 1 1 1 1 1 1 1 1 1 1 1 1 1 1 2 1 1 1 1 1 1 1 1 1 1 1 1 1 
1 1 1 1 1 1 1 4 1 1 1 1 1 1 1 1 0 1 1 1 1 2 2 1 1 1 1 1 4 1 1 1 1 1 1 2 1 1 1 1 1 1 1 1 1 1 1 1 1 1 1 1 1 1 1 1 1 1 1 1 1 1 1 3 
2 1 1 1 2 1 1 1 1 1 1 1 1 1 1 1 1 1 1 1 1 1 1 1 0 1 1 2 1 2 1 1 1 1 1 1 1 1 1 1 1 1 0 1 1 1 1 1 1 1 1 3 1 1 1 1 1 1 1 1 1 1 1 1 
1 1 1 1 1 1 1 1 1 4 2 2 1 2 1 1 1 1 1 1 1 1 1 2 1 1 1 2 1 1 1 1 1 1 1 1 2 1 1 1 2 1 1 1 1 2 1 1 2 1 1 1 1 1 1 1 1 2 3 1 2 1 1 1 
1 1 1 1 1 1 1 1 3 1 1 1 2 1 1 1 1 1 1 1 1 1 1 1 1 2 1 1 1 1 1 1 1 1 1 1 1 1 1 2 1 1 1 1 1 1 1 1 1 1 1 1 2 2 1 2 1 1 1 1 1 1 1 1 
1 1 1 1 2 1 1 1 1 1 1 1 2 1 3 1 1 1 1 1 1 2 1 2 1 1 1 1 1 1 1 1 1 1 1 1 1 1 1 1 1 1 1 1 1 1 1 1 1 1 1 1 1 1 3 1 1 1 1 2 1 1 1 1 
1 1 1 1 1 1 1 1 1 1 3 1 1 1 1 1 1 1 1 1 2 0 1 1 1 1 1 1 1 3 1 1 1 2 1 1 1 1 1 1 1 1 1 1 1 1 1 1 1 1 1 1 1 1 1 1 1 1 1 1 4 1 1 1 
1 1 1 1 1 1 1 2 1 1 1 1 1 1 0 1 1 1 1 1 1 1 2 1 1 1 1 1 1 1 1 1 1 1 2 1 1 1 1 1 1 1 1 1 1 1 1 1 1 1 1 1 1 1 1 1 1 1 1 1 1 1 3 1 
1 1 1 3 1 1 1 1 1 1 2 1 1 1 1 1 1 1 1 1 1 2 1 1 1 1 1 1 1 1 1 1 1 1 1 1 1 2 1 1 1 1 1 1 1 1 1 1 1 1 1 1 1 1 1 2 1 1 1 1 1 1 1 1 
1 1 1 1 1 1 1 1 1 1 1 1 1 1 1 1 1 1 1 0 1 2 1 1 1 1 1 1 1 1 1 1 1 1 1 1 1 1 1 1 1 1 1 1 1 1 1 0 1 1 2 1 1 2 1 1 1 5 1 1 1 1 1 1 
1 1 1 1 1 2 1 1 1 1 1 1 1 1 1 1 1 1 1 1 1 1 1 1 1 1 1 1 1 1 1 1 1 1 1 1 1 1 2 1 1 1 1 1 1 1 1 3 1 1 1 1 1 1 1 1 1 1 1 1 1 1 1 1 
1 1 1 1 1 1 1 1 1 1 1 1 1 1 1 1 1 1 1 1 1 1 1 2 1 1 1 1 1 2 1 1 1 1 1 2 1 1 1 1 1 1 1 1 1 1 1 1 1 1 1 1 1 1 1 1 1 5 1 1 1 1 1 1 
1 1 1 1 1 1 2 1 1 2 1 1 3 1 1 3 1 1 1 1 2 1 1 1 1 2 1 1 1 2 2 1 1 1 1 1 1 1 1 1 1 1 1 1 2 1 1 1 1 1 1 1 1 1 1 1 1 3 1 1 1 2 3 1 
2 1 1 1 1 1 1 1 1 1 1 1 1 1 1 1 1 1 1 1 1 2 1 2 2 1 1 1 1 1 1 1 1 1 2 1 1 1 1 1 0 1 1 1 1 1 1 1 1 1 1 1 1 1 1 1 1 1 1 1 1 1 1 1 
1 2 1 1 1 1 1 1 0 1 1 1 1 1 1 1 1 1 2 1 1 1 1 1 1 1 1 1 1 1 1 1 1 1 1 1 1 1 1 1 2 1 1 1 1 1 1 1 1 1 1 1 1 0 1 1 1 1 1 1 1 1 1 2 
1 1 1 2 2 1 1 1 1 1 1 2 1 1 1 1 1 1 1 1 1 1 1 2 1 1 1 1 1 2 1 1 1 1 1 1 1 1 1 1 1 1 2 1 2 1 1 1 2 1 1 1 1 1 1 1 1 1 1 1 1 1 1 1 
1 1 1 1 1 1 3 1 1 1 1 1 1 1 1 1 1 1 1 1 1 1 1 1 1 1 1 1 1 1 1 1 2 2 1 1 1 1 1 1 1 1 1 1 1 1 1 1 1 1 4 1 1 1 1 1 1 1 1 1 1 1 2 1 
2 1 3 1 2 1 1 1 1 1 1 1 1 1 1 1 1 1 1 1 1 1 0 1 1 1 1 1 1 1 1 1 1 1 1 1 1 1 3 4 1 1 1 1 1 1 1 1 1 1 1 1 1 1 1 1 3 1 1 2 1 1 1 1 
1 1 2 1 1 1 1 1 2 1 1 1 1 1 1 1 1 1 1 1 1 1 1 1 1 1 1 1 1 1 1 2 3 1 1 1 1 1 1 1 1 1 1 1 1 1 1 2 3 1 1 1 1 1 1 1 1 1 1 1 1 1 1 1 
1 1 1 1 1 1 1 1 1 1 1 0 0 1 1 1 1 1 1 1 1 1 1 1 1 1 1 1 1 1 1 1 1 1 1 1 1 1 1 1 1 1 1 1 1 1 2 1 1 1 1 1 1 1 1 1 1 1 1 1 1 1 2 1 
1 1 1 1 1 1 1 1 1 1 2 1 1 1 1 2 1 1 1 1 1 1 1 1 1 1 1 2 1 1 1 1 0 1 0 1 1 2 1 4 1 1 2 1 1 1 1 3 1 1 1 1 1 1 1 1 1 1 1 1 1 2 1 1 
1 1 1 1 1 1 1 1 1 1 1 1 1 1 1 1 1 1 1 1 1 1 1 1 1 1 1 1 1 1 4 1 1 1 1 1 1 1 1 1 2 1 1 1 1 1 1 1 1 1 1 1 1 1 1 1 1 1 1 1 1 1 1 1 
1 1 2 1 1 1 1 1 1 1 1 1 1 1 1 1 1 1 1 1 1 1 1 1 1 1 1 1 1 1 1 1 1 1 1 1 1 1 1 1 3 2 1 1 1 1 1 1 1 1 1 1 1 1 1 1 1 1 1 1 1 2 1 1 
2 1 3 1 1 4 1 1 4 1 1 1 1 1 1 1 1 1 1 1 1 1 1 1 1 1 1 1 1 1 2 1 1 1 1 1 1 1 1 1 1 1 1 1 1 1 1 0 1 2 1 1 2 1 1 1 1 1 1 2 1 0 1 1 
1 1 1 2 1 1 1 1 1 1 1 1 2 1 2 1 2 2 2 2 1 1 1 2 1 1 1 1 1 1 1 1 1 1 1 1 1 1 1 1 1 1 1 1 1 1 1 1 1 1 1 1 1 1 1 0 1 1 1 1 1 1 1 1 
1 1 1 1 1 1 1 1 1 1 1 1 1 1 1 2 1 1 1 1 1 1 1 1 1 2 1 1 1 1 1 1 2 1 1 1 1 1 1 1 2 2 2 1 1 1 1 1 1 1 1 1 1 1 1 1 1 1 1 3 1 1 1 1 
1 1 0 1 1 1 1 1 1 1 1 1 1 1 1 1 1 1 1 1 1 0 1 1 1 1 1 1 1 1 1 1 1 1 2 1 2 1 1 2 1 1 1 1 1 1 1 2 1 1 2 1 2 1 1 1 2 1 1 1 1 1 2 1 
1 1 1 1 1 1 1 1 1 2 1 1 1 1 1 1 1 1 1 1 1 1 0 1 1 1 1 1 1 1 1 1 1 1 1 1 1 1 1 2 1 1 1 1 1 1 1 1 1 1 1 1 1 0 1 1 1 2 1 1 1 2 1 1 
1 1 2 1 1 1 1 1 1 1 1 1 1 1 1 1 1 1 1 1 1 1 1 1 1 2 1 1 1 1 1 1 2 1 1 1 1 1 1 1 1 1 1 1 3 1 1 1 1 1 1 1 1 0 1 1 1 2 1 1 1 1 2 1 
1 1 1 1 2 1 1 1 1 2 1 1 1 1 1 1 1 1 1 1 1 2 2 1 1 1 1 1 2 2 2 1 1 1 2 1 1 1 1 1 2 1 1 1 1 1 1 1 1 1 1 1 1 1 1 1 1 1 1 2 1 1 1 1 
1 1 1 1 1 1 1 1 1 0 1 1 1 1 1 1 1 1 1 1 1 2 1 1 1 1 1 1 1 1 1 1 1 1 1 1 1 1 1 1 1 1 1 0 1 0 1 1 1 1 1 3 1 1 1 1 1 1 1 1 1 1 1 1 
1 1 1 1 1 1 1 1 1 1 2 1 1 1 1 1 1 1 1 2 2 1 1 1 1 1 1 1 1 1 1 1 1 1 2 1 1 1 1 1 1 1 1 1 1 1 1 1 1 1 3 1 1 1 1 1 1 1 0 1 2 1 1 1 
1 0 1 1 1 1 1 1 1 1 1 1 1 1 2 1 1 1 1 1 1 1 1 2 1 1 1 1 1 1 1 1 2 1 1 1 2 1 2 1 1 1 1 1 1 1 1 1 1 1 1 1 1 1 1 1 1 1 1 1 1 1 1 1 
1 1 1 1 1 1 1 1 3 1 1 1 4 2 1 1 1 1 1 1 1 2 1 1 1 1 1 1 1 1 1 3 2 3 1 1 1 1 1 1 1 1 1 1 1 1 1 1 1 1 1 1 1 1 1 1 1 1 1 1 1 1 1 1 
1 1 1 1 1 0 1 1 1 1 1 1 1 2 1 3 0 1 1 1 1 2 1 1 1 1 1 1 1 1 1 1 2 1 1 1 1 1 1 1 1 1 2 1 1 1 1 1 1 1 1 0 1 1 1 1 2 1 1 1 1 1 1 1 
1 1 1 1 1 1 1 1 1 1 1 1 1 1 1 1 1 1 1 1 1 1 1 2 1 1 1 1 1 1 1 1 1 1 1 1 1 1 1 1 1 1 1 1 1 2 1 1 1 1 1 3 3 1 1 1 1 1 1 1 1 1 1 1 
1 1 1 1 1 1 1 1 1 1 1 1 1 1 1 2 1 1 1 1 1 1 1 1 1 1 1 1 1 2 1 1 1 1 1 1 1 2 1 1 1 1 1 1 1 2 1 1 1 1 1 1 1 1 1 1 1 1 1 1 1 1 1 1 
1 1 1 1 1 1 1 1 1 1 1 1 1 1 1 1 1 1 1 1 1 1 6 1 1 1 1 1 1 1 1 1 1 1 1 1 1 1 1 3 1 1 1 1 1 1 1 1 1 1 2 1 1 1 1 1 1 1 1 1 1 1 2 1 
1 1 2 1 1 2 1 1 1 1 1 1 1 1 1 1 1 1 1 3 1 1 1 1 2 1 1 4 1 1 1 3 1 1 1 1 1 1 1 1 1 1 1 4 1 1 1 1 1 1 1 1 1 1 7 1 1 1 1 1 1 1 1 1 
3 1 1 2 1 1 1 1 2 1 1 1 1 1 1 1 1 1 1 1 1 1 1 1 1 1 2 1 1 1 1 1 1 1 1 1 1 1 1 1 1 1 1 1 1 1 1 2 1 1 1 1 1 1 1 1 1 1 1 1 1 1 1 1 
1 1 1 1 1 1 1 1 1 1 1 1 0 1 1 1 1 1 1 1 1 1 1 1 1 1 3 1 2 1 1 1 1 1 1 1 1 1 2 1 2 1 1 1 1 1 1 1 1 1 1 2 1 1 1 1 1 1 1 2 1 1 2 1 
1 1 1 1 1 1 1 1 1 1 1 1 1 1 1 1 1 1 1 1 1 1 1 1 1 2 2 1 1 1 1 1 1 1 1 1 1 1 1 1 1 1 1 1 1 2 3 1 1 1 1 1 1 2 1 1 1 2 1 1 1 1 1 1 
1 1 0 1 1 1 1 1 1 1 1 1 1 1 1 1 1 1 3 1 1 1 1 1 1 1 1 1 1 1 1 1 1 1 1 1 1 1 1 1 1 1 1 1 1 3 2 1 1 1 1 1 4 1 1 1 1 1 1 1 1 1 1 1 
1 1 1 1 1 1 1 1 1 1 1 1 1 1 2 3 1 2 1 1 1 1 1 1 1 1 1 1 1 1 1 1 1 1 1 3 1 1 1 1 1 1 2 4 1 1 1 1 1 1 1 1 1 1 1 1 1 1 2 1 1 1 1 1 
1 1 1 1 1 1 1 1 1 1 1 2 1 1 1 1 1 1 1 1 1 1 1 1 1 1 1 1 1 1 2 1 1 1 1 1 1 1 1 1 1 1 1 1 1 1 1 4 1 1 1 2 1 1 1 1 1 1 1 1 1 2 1 1 
1 1 1 3 1 1 1 1 1 1 1 1 1 1 1 2 1 1 1 1 1 1 1 1 1 1 1 1 1 1 1 1 1 1 1 1 1 1 1 1 0 1 1 1 1 1 1 1 1 2 1 1 1 1 1 1 1 0 1 1 1 1 2 1 
1 1 4 1 1 2 1 2 1 1 1 1 1 1 1 1 2 1 1 1 1 1 1 2 1 1 1 1 1 1 1 1 1 1 1 0 1 0 2 1 1 1 1 1 1 1 1 1 1 2 1 1 1 1 1 1 2 1 1 1 1 1 1 1 
1 1 1 1 1 1 1 1 1 1 1 1 1 1 1 1 1 1 1 1 1 1 1 1 1 1 1 1 1 1 1 1 1 1 1 1 2 1 1 1 1 2 1 1 0 1 1 1 1 1 1 3 1 1 1 1 1 1 1 1 3 1 1 1 
2 1 1 1 1 1 1 1 1 1 1 1 1 1 1 1 1 1 1 1 1 0 1 1 1 2 1 1 1 1 2 1 1 1 1 1 1 1 1 1 1 1 2 1 1 1 1 1 1 1 1 1 1 1 1 1 1 1 1 1 1 1 1 1 
1 1 2 1 1 1 1 1 1 1 1 2 1 1 1 1 1 1 1 1 1 1 1 1 1 3 1 1 1 1 1 1 1 1 1 1 2 2 1 1 1 1 1 2 1 1 2 1 1 1 2 3 1 1 1 1 1 1 2 1 1 1 1 1 
1 0 1 1 1 1 1 1 1 1 1 0 1 2 1 1 1 1 1 1 1 1 1 1 1 1 1 1 1 1 1 3 1 2 1 1 2 1 1 1 1 1 1 1 1 1 1 1 1 1 1 1 1 1 1 1 1 2 1 1 2 1 1 1 
1 1 3 3 2 1 1 1 1 2 1 1 1 1 1 1 1 1 1 1 1 1 1 1 1 1 1 1 1 2 1 1 1 1 1 1 1 1 1 1 2 1 1 1 1 2 1 1 2 2 1 3 1 1 1 1 1 1 1 1 1 2 2 1 
1 1 1 2 1 0 1 1 1 1 1 1 1 1 0 1 1 1 1 1 1 2 2 1 1 2 1 1 1 1 1 1 1 1 1 2 1 1 1 1 1 1 1 1 1 2 1 3 1 1 1 1 1 1 1 2 1 1 1 1 1 1 1 2 
1 1 1 1 2 1 1 2 1 1 1 1 1 1 1 2 1 1 1 1 1 1 1 1 1 1 1 1 1 1 1 1 1 1 1 1 1 3 3 1 1 1 1 1 1 1 1 1 1 1 1 1 1 2 1 1 1 1 1 1 1 1 3 1 
1 1 2 1 1 1 2 1 1 1 1 2 1 1 2 1 1 1 1 1 1 1 1 1 1 1 1 1 1 1 2 1 2 2 1 1 1 1 1 2 2 1 1 1 1 1 1 1 1 1 1 1 1 1 1 2 1 1 1 1 1 1 1 1 
1 1 1 1 1 1 3 1 1 1 1 1 1 1 1 1 2 2 1 1 1 1 1 1 1 1 2 1 1 1 1 1 1 2 1 1 1 1 1 1 1 1 1 2 1 1 1 1 1 1 1 1 1 1 1 1 2 1 3 2 1 1 2 1 
1 0 1 1 2 1 1 1 1 1 1 1 1 1 1 1 1 1 1 1 1 1 1 1 1 1 1 1 1 1 1 1 1 1 1 1 1 1 1 1 1 1 1 1 1 0 2 1 1 1 2 1 1 1 1 1 2 1 1 1 1 0 1 0 
1 1 1 2 1 1 1 1 1 1 1 0 1 1 1 1 1 1 1 1 1 3 1 1 2 1 1 2 1 1 2 1 1 1 1 1 1 1 1 1 1 1 2 1 2 1 0 1 2 1 0 1 1 1 1 1 1 1 1 1 1 1 1 2 
1 1 1 1 1 1 1 1 1 1 1 1 1 1 1 1 0 1 1 1 1 1 1 1 1 1 1 1 1 0 1 1 1 2 1 1 1 2 1 2 1 1 1 1 1 1 2 1 1 1 1 1 1 1 1 0 1 1 1 2 1 1 1 1 
1 1 1 1 1 1 1 2 1 1 1 1 1 1 1 2 1 1 1 1 1 1 2 1 1 1 1 1 0 1 1 1 1 1 1 2 1 1 1 1 1 1 1 1 0 1 1 1 1 1 1 2 0 2 1 1 1 1 2 1 0 1 1 1 
1 1 2 1 1 0 1 1 1 1 1 1 3 1 1 1 1 1 1 1 1 1 1 1 1 2 1 1 0 1 1 2 1 1 1 1 1 1 1 1 1 1 1 2 1 2 1 1 1 1 1 1 1 1 1 1 1 1 1 3 1 1 3 1 
1 1 1 0 1 1 1 1 1 1 1 1 1 1 1 1 1 1 1 1 1 1 1 1 1 1 2 1 1 2 1 1 1 1 1 1 1 1 1 1 1 1 1 1 1 1 1 1 2 1 2 1 1 1 1 1 1 1 1 1 1 1 1 1 
1 2 1 1 1 1 1 1 1 1 1 1 0 1 1 1 1 1 1 1 1 2 1 1 1 1 2 1 1 1 1 1 1 1 1 1 1 1 1 1 1 1 1 1 1 1 1 1 1 1 1 1 1 1 1 1 1 1 0 1 1 1 1 1 
1 1 1 1 1 1 1 1 1 1 1 2 1 1 1 1 1 1 1 1 1 1 1 1 1 1 1 1 1 1 1 1 1 1 1 1 1 1 1 1 1 1 1 1 1 1 1 1 1 1 2 1 1 1 1 1 1 1 1 1 1 1 1 2 
1 4 2 1 1 2 1 1 1 1 3 2 1 1 1 1 1 0 1 1 1 1 1 1 1 1 2 1 1 1 1 1 1 1 1 1 1 1 1 1 1 1 1 1 1 1 1 1 1 1 1 1 3 1 1 2 1 1 1 1 1 1 1 1 
1 1 1 1 1 1 1 3 1 1 1 1 1 1 1 1 1 1 1 1 2 1 1 1 1 1 3 1 1 1 1 1 1 2 1 1 1 1 1 1 1 1 1 1 1 1 1 1 1 1 1 1 1 1 1 1 1 1 1 1 1 1 2 1 
0 1 1 1 1 1 1 1 1 1 2 1 1 1 1 3 2 1 1 1 1 1 1 2 1 1 1 1 1 1 1 1 1 1 1 1 1 1 1 1 1 1 1 1 1 0 1 1 1 1 1 1 1 1 0 1 0 2 1 1 1 0 1 1 
1 1 1 2 1 1 1 1 1 1 1 1 2 1 1 3 0 1 1 1 1 1 1 1 1 0 1 1 1 2 1 1 1 1 1 1 1 1 1 1 1 1 1 1 1 1 1 1 1 1 1 1 1 1 1 1 1 1 1 1 1 1 1 2 
1 1 1 1 1 1 1 1 2 1 1 1 1 1 2 1 1 1 1 1 1 1 1 1 1 1 2 1 1 1 1 1 1 1 1 1 1 1 1 1 1 3 0 1 1 1 1 1 1 1 1 1 1 2 1 1 1 1 1 1 1 1 0 1 
1 1 1 1 1 1 1 1 1 2 1 1 1 1 1 0 1 1 1 1 1 1 1 1 1 1 1 1 1 2 2 1 1 1 1 2 1 1 1 1 1 1 1 1 1 1 2 1 1 1 1 1 1 1 1 1 1 1 1 2 0 1 1 1 
1 1 1 1 1 1 1 1 1 1 1 0 1 1 1 2 1 1 1 1 2 1 1 1 1 2 1 1 1 1 1 1 1 2 2 1 1 1 1 1 1 1 1 1 1 1 1 1 1 1 1 1 1 1 1 1 1 1 1 1 1 1 1 1 
0 1 1 1 1 1 1 1 1 1 1 1 1 1 1 1 1 1 1 1 1 2 1 1 1 1 1 1 2 1 1 1 1 1 3 2 1 1 1 1 1 2 1 1 1 1 1 1 1 1 1 1 1 3 1 1 1 1 2 2 1 1 1 2 
1 1 1 1 1 1 1 1 2 1 1 1 1 1 1 1 1 1 1 1 1 1 1 1 1 1 1 2 1 1 2 1 1 1 1 1 1 1 1 1 1 1 1 1 1 1 1 2 1 1 1 1 1 1 1 1 2 1 2 1 1 1 1 1 
1 2 1 2 1 1 1 1 1 1 1 1 1 0 0 1 1 2 1 1 0 1 1 1 0 1 1 1 2 1 1 1 1 1 1 1 1 1 1 1 1 2 1 1 1 1 1 1 1 1 1 0 1 2 1 1 1 1 1 1 1 1 1 1 
1 1 1 1 0 3 1 1 1 2 1 1 1 1 1 1 1 1 1 1 2 1 1 1 3 1 1 1 1 2 1 2 1 1 1 1 1 1 2 1 1 1 1 1 1 1 1 1 1 1 1 1 1 2 1 1 1 1 1 1 1 1 1 1 
1 2 1 1 1 1 1 0 1 1 1 0 1 1 1 1 1 4 1 1 1 1 1 1 1 1 1 1 1 2 1 0 1 0 1 1 1 1 1 1 1 1 1 1 1 1 1 1 1 1 1 1 1 2 1 1 3 1 1 1 1 2 1 1 
1 1 1 1 1 1 1 1 1 1 1 1 1 1 1 1 1 1 3 1 1 1 2 1 0 1 0 1 1 1 1 1 1 1 1 1 2 1 1 1 1 1 1 1 1 1 1 1 1 1 0 1 1 1 1 0 1 1 1 1 1 1 1 1 
1 1 1 1 1 1 1 1 1 2 1 1 1 2 1 1 1 1 1 1 1 1 1 1 2 0 1 1 1 1 0 2 1 1 1 1 1 1 1 1 1 1 1 1 1 1 1 1 1 1 1 1 1 1 1 1 1 1 1 1 1 0 1 1 
1 1 1 1 1 1 1 1 1 1 1 1 1 1 1 1 1 1 1 1 1 1 1 1 1 1 1 2 1 1 1 1 1 1 1 1 0 1 0 1 1 1 1 1 1 1 1 1 1 1 1 1 1 1 1 1 2 1 1 1 1 1 1 1 
1 1 1 1 1 1 2 1 1 1 3 1 2 1 1 1 1 1 0 1 1 1 1 1 1 1 1 1 1 1 1 2 1 1 2 1 1 1 1 1 1 1 1 1 1 1 1 1 1 1 1 1 1 1 1 1 1 1 1 1 1 1 2 1 
1 1 1 1 1 1 1 1 1 1 1 1 1 1 1 2 2 1 1 1 1 1 1 1 1 1 1 0 1 1 1 1 1 1 1 1 1 2 1 1 1 1 1 1 1 1 1 3 1 1 1 1 1 2 1 1 1 1 1 1 1 1 1 1 
1 1 1 1 1 1 1 1 1 1 1 1 1 1 1 1 1 1 1 1 1 1 1 1 1 3 1 1 1 1 1 1 1 1 1 1 1 1 1 2 1 1 1 1 1 1 1 0 1 1 1 1 1 1 2 1 2 1 2 1 1 1 1 1 
1 1 1 1 1 1 2 1 5 1 1 1 1 1 1 2 1 1 2 1 1 1 1 1 1 0 1 1 1 1 1 1 1 1 3 1 1 0 1 1 1 1 2 1 1 1 1 1 2 1 1 1 2 1 1 1 1 1 1 1 1 0 2 1 
1 1 1 1 1 1 2 1 1 1 1 1 1 1 1 1 1 1 1 1 1 1 1 1 3 1 1 1 2 1 1 1 1 1 1 1 1 1 1 1 1 2 1 1 2 1 1 1 1 1 1 1 1 1 1 1 1 1 1 1 1 1 1 1 
1 1 1 1 1 1 1 0 1 2 1 1 1 1 1 1 1 0 1 2 2 0 1 1 1 1 1 1 1 1 1 1 1 2 1 2 1 1 1 1 1 1 1 1 2 1 1 1 1 1 1 1 1 1 1 2 1 1 1 1 1 2 1 1 
1 1 1 1 1 1 1 1 1 1 4 1 1 1 1 1 1 1 1 1 1 1 1 1 1 1 1 1 1 1 1 2 1 1 1 1 0 1 1 1 1 1 1 1 1 1 1 1 0 1 1 1 1 3 1 1 1 1 1 1 1 1 1 1 
1 1 1 2 1 1 1 1 1 1 1 1 1 1 1 1 1 1 1 1 1 0 1 1 1 1 1 1 1 1 1 1 0 1 1 1 1 1 1 2 1 1 2 1 1 1 1 1 1 2 1 1 1 1 1 1 1 1 1 1 1 1 1 1 
1 1 1 0 1 1 1 1 1 0 1 1 1 1 1 2 1 1 1 1 1 1 1 1 1 1 1 1 1 1 1 1 1 1 2 1 1 1 1 1 1 1 1 1 1 1 1 1 1 1 1 1 1 1 1 1 1 1 1 1 1 1 1 1 
1 1 1 1 1 1 1 1 1 1 0 1 1 1 1 1 1 1 1 1 2 1 1 1 2 1 1 1 1 1 1 1 1 1 1 1 1 1 1 1 1 1 1 1 1 1 1 1 1 1 1 2 1 1 1 1 1 1 1 1 1 1 2 1 
1 1 0 2 0 1 1 1 1 1 1 1 1 1 1 1 2 1 1 1 1 1 1 1 1 1 1 2 1 1 1 1 1 1 2 1 1 1 1 1 1 1 2 1 1 1 1 1 1 1 1 1 1 1 1 1 1 1 1 1 1 1 1 1 
1 1 1 1 1 1 1 1 1 1 1 1 1 1 1 1 1 1 1 1 1 1 2 1 1 1 1 1 1 1 1 1 1 1 1 1 1 1 1 1 2 1 2 1 1 1 1 1 1 1 1 1 1 1 1 1 1 1 0 3 2 1 1 1 
1 1 1 1 1 1 2 1 1 0 1 1 1 1 1 1 1 1 1 1 1 1 1 1 1 1 1 1 1 1 1 1 2 1 1 1 1 1 0 1 1 1 1 1 1 1 1 1 1 1 1 1 1 0 1 1 1 1 1 1 1 1 1 1 
1 1 3 0 1 1 1 1 2 2 1 1 1 1 1 1 1 1 1 1 0 1 1 0 1 1 1 1 1 1 1 1 1 1 1 1 1 1 1 0 1 1 1 1 1 1 1 2 1 1 1 2 2 1 1 1 1 1 1 1 1 2 1 1 
1 1 1 1 1 1 1 1 1 1 1 0 1 1 2 1 1 1 1 1 1 1 1 1 1 1 1 1 1 1 1 1 1 1 1 1 1 1 1 1 1 4 1 1 1 1 1 1 1 1 1 2 1 1 1 1 1 1 1 1 1 1 1 1 
1 1 1 2 1 1 1 1 0 1 1 1 1 1 1 1 1 1 1 0 0 1 3 1 1 1 1 8 1 1 1 1 1 1 1 1 1 1 1 1 1 3 1 1 1 1 1 1 1 1 1 1 1 1 2 1 1 1 1 1 1 1 1 1 
2 1 1 1 1 1 1 2 1 2 1 1 1 1 0 1 1 1 1 1 1 1 1 1 1 1 1 1 1 3 1 1 1 1 1 1 3 1 1 1 1 1 1 1 1 1 1 1 1 1 1 1 2 1 1 1 1 1 1 2 1 1 1 1 
1 1 1 1 1 1 1 1 1 1 1 1 1 1 1 1 2 1 1 1 1 1 1 1 1 1 1 1 1 5 2 1 1 1 1 1 1 1 1 1 1 1 1 0 1 1 1 1 1 1 1 1 0 0 1 1 1 1 1 1 1 1 2 1 
1 1 1 1 1 1 1 1 0 1 3 1 2 2 1 1 1 1 1 1 1 1 1 1 1 1 1 1 1 1 1 1 1 2 1 1 1 1 1 1 1 1 1 1 1 1 1 1 1 1 1 2 1 1 1 1 1 1 0 1 1 1 1 1 
1 1 1 1 1 1 1 1 1 1 2 1 0 1 1 1 1 1 1 1 1 1 1 1 1 1 1 1 1 1 1 1 1 1 1 1 1 1 1 1 1 1 1 1 1 1 1 1 1 1 1 1 1 1 1 0 2 1 1 1 1 1 1 1 
1 1 1 2 1 1 1 1 1 1 1 1 1 1 2 1 1 1 1 1 1 1 2 1 1 1 1 1 1 1 1 1 1 1 1 1 1 1 1 1 1 1 1 1 0 1 0 1 1 1 1 1 1 1 1 1 1 1 1 0 1 1 1 1 
1 1 1 1 1 1 1 1 1 1 2 1 1 1 1 1 2 1 1 1 1 1 1 1 1 1 1 1 1 1 1 2 1 1 1 1 1 2 1 2 1 2 1 1 1 1 1 1 1 1 1 1 1 1 1 1 1 1 1 1 1 1 1 1 
1 1 1 1 1 1 1 1 1 1 0 1 1 1 1 0 1 1 1 1 1 2 2 1 1 1 1 1 1 1 1 2 1 1 1 1 1 1 1 1 1 1 1 1 1 1 1 1 1 1 2 1 1 3 1 1 1 1 1 1 1 1 1 1 
1 1 1 0 1 1 1 1 1 0 1 1 1 1 1 1 1 1 1 1 1 1 1 1 1 1 1 1 1 1 1 1 1 1 1 1 1 1 1 0 1 1 1 2 2 1 1 1 1 1 1 1 1 1 2 1 1 1 1 1 1 1 1 1 
1 1 1 1 1 1 1 1 1 5 1 1 1 3 1 1 0 1 2 1 3 1 1 1 1 1 1 1 1 2 1 1 1 1 1 2 1 2 1 1 1 2 1 1 1 1 1 1 1 1 1 2 1 1 1 1 1 1 1 1 1 1 1 1 
1 1 1 1 1 1 1 2 1 1 0 1 1 1 0 1 1 1 1 1 1 1 1 1 1 3 1 1 1 1 1 1 2 1 1 1 1 1 1 1 1 1 1 1 1 1 1 1 2 1 1 0 1 1 2 1 1 1 1 1 1 1 1 1 
1 1 2 1 1 1 1 1 1 1 2 1 1 1 1 1 1 1 1 2 3 1 1 1 2 1 1 1 1 1 0 1 1 0 1 1 1 1 1 0 1 1 2 1 1 1 1 2 2 1 1 1 1 1 1 1 1 1 1 1 1 1 1 4 
1 2 1 1 1 1 1 1 1 1 1 1 1 1 1 1 0 1 1 1 1 1 1 2 2 1 1 1 1 0 1 0 1 1 1 1 1 1 1 1 1 1 1 1 1 1 1 1 1 1 1 1 1 1 2 1 1 1 1 1 1 1 1 1 
1 1 1 2 3 2 2 1 1 1 1 1 1 1 1 1 1 1 1 1 1 1 1 1 1 1 1 1 1 1 1 1 1 2 1 2 1 0 3 1 1 1 1 2 1 0 1 1 1 2 1 1 1 1 1 1 1 1 1 1 1 1 1 1 
1 0 1 1 1 1 2 1 1 2 1 1 1 2 1 1 1 1 1 1 1 1 1 2 1 1 1 1 1 1 1 2 1 1 1 1 1 1 1 2 1 1 2 1 1 1 1 1 1 1 1 3 1 1 1 1 0 1 1 1 1 1 2 1 
1 2 1 1 1 1 1 1 1 1 1 1 1 1 1 1 1 1 1 2 1 1 1 3 1 1 1 1 1 1 1 1 1 3 1 1 1 1 1 1 1 1 1 1 1 1 1 1 1 1 0 1 2 1 2 1 1 1 3 1 1 1 1 2 
0 1 1 1 1 1 1 1 1 1 1 1 1 1 1 1 1 1 1 1 1 0 1 0 1 1 1 4 1 1 1 1 1 1 1 1 2 1 1 1 1 1 1 1 1 1 1 1 1 1 1 1 1 1 1 1 1 2 1 1 1 1 1 1 
1 1 1 1 1 1 1 1 1 1 1 1 1 1 1 2 1 1 1 0 1 1 1 1 2 1 1 4 1 1 1 1 1 1 1 1 1 1 2 1 1 1 1 1 1 1 1 1 1 3 1 2 1 1 1 1 1 1 1 1 1 2 1 1 
2 1 1 1 3 1 1 1 1 1 1 2 0 1 1 1 3 1 1 1 1 1 1 1 1 1 1 1 1 1 1 1 1 1 1 1 1 2 2 1 1 1 1 2 1 1 1 1 3 1 1 2 2 1 1 1 1 1 1 1 1 1 1 2 
1 1 1 1 2 1 1 1 0 1 1 1 1 1 1 0 1 1 1 1 1 1 1 2 1 2 1 1 1 1 1 2 1 1 1 1 1 0 0 1 0 3 1 1 1 1 1 1 1 1 2 3 1 1 1 1 1 1 1 1 1 1 2 0 
1 1 1 1 1 1 1 1 1 1 1 1 1 1 3 1 1 1 2 1 1 1 1 1 1 1 1 1 1 1 1 1 1 1 1 1 2 1 1 1 1 1 1 1 1 1 1 1 1 1 1 1 1 1 1 1 1 0 1 1 1 1 1 1 
1 1 5 1 1 2 1 1 1 1 1 1 1 1 1 1 1 1 2 1 1 1 1 1 1 1 1 1 1 1 1 1 1 0 1 1 1 1 1 1 1 1 1 1 1 1 1 1 1 1 1 2 1 1 1 1 1 1 1 1 1 1 1 1 
1 1 4 1 1 3 1 1 1 1 1 1 1 1 1 1 1 1 1 1 1 1 1 1 1 1 1 1 1 1 1 1 1 2 1 1 1 1 1 1 1 1 1 1 2 1 1 1 1 1 1 1 1 1 1 1 1 1 1 1 1 1 1 1 
1 3 1 1 1 1 1 1 1 1 1 1 1 1 1 1 1 2 1 1 1 1 1 1 1 1 2 1 1 1 1 1 1 1 1 1 1 1 1 2 1 1 1 2 1 1 1 1 2 1 2 1 1 2 1 2 1 1 1 1 1 1 2 1 
1 0 1 1 1 1 1 1 1 1 1 2 1 1 1 1 1 2 1 0 1 1 1 1 1 1 1 2 1 1 1 1 1 1 1 1 1 1 1 1 1 1 1 1 2 1 2 1 1 1 2 1 1 1 1 1 1 1 1 1 1 3 1 3 
1 2 1 1 1 1 0 1 1 1 1 1 1 1 1 1 1 1 1 1 1 2 1 1 1 1 1 1 1 1 1 1 0 1 1 1 1 1 1 1 1 1 1 1 1 1 1 1 1 1 1 1 0 1 1 1 1 1 1 1 1 1 1 1 
1 1 1 1 1 1 1 2 1 1 1 1 1 1 1 1 1 1 1 1 1 1 1 1 1 1 1 1 1 1 1 2 1 1 1 1 1 1 1 1 1 1 1 1 1 1 1 0 1 1 1 1 1 1 1 1 1 2 1 1 1 1 1 1 
2 1 1 2 1 1 1 1 1 1 1 1 1 1 1 1 1 1 3 1 1 1 1 1 1 1 1 1 1 1 3 1 1 1 1 1 1 1 1 1 2 1 1 1 1 1 1 1 1 1 0 0 1 1 1 1 1 1 1 1 1 1 0 1 
1 0 1 1 1 1 1 1 1 1 1 1 1 1 1 0 1 1 1 1 1 1 1 1 1 1 1 1 1 1 1 1 0 1 1 1 1 1 2 1 1 1 1 1 1 1 1 2 1 1 1 1 1 1 1 1 1 1 1 1 1 1 1 0 
1 1 1 1 1 1 1 1 1 1 1 1 4 1 1 1 2 1 2 1 1 1 1 1 1 1 1 1 1 1 1 1 1 1 1 1 1 1 1 3 1 1 1 1 1 1 1 1 1 1 1 1 0 1 1 1 1 1 4 1 0 1 1 1 
2 1 1 1 1 1 1 1 1 1 1 3 1 1 2 1 1 1 1 1 1 1 1 1 1 1 1 1 1 1 1 1 1 1 2 1 1 1 1 1 1 2 1 1 1 1 1 1 2 1 1 1 1 1 1 1 1 1 1 1 2 1 1 1 
1 1 1 1 1 1 1 1 3 2 1 1 1 1 1 1 1 1 1 3 1 1 1 1 1 1 1 1 2 1 1 1 1 1 0 1 1 1 1 1 1 1 1 1 1 1 1 1 1 1 1 1 2 1 1 1 1 1 1 1 1 1 1 1 
1 1 1 1 1 1 2 1 1 1 1 1 1 1 1 1 1 1 1 1 2 1 1 1 1 1 1 1 1 1 1 2 1 1 2 1 1 1 1 1 1 1 1 1 1 2 1 1 1 0 1 1 1 1 1 1 1 1 1 1 1 1 2 1 
1 1 1 1 1 1 1 1 1 1 1 1 0 1 1 1 3 1 1 1 1 2 2 1 1 1 1 2 1 1 1 2 1 1 1 1 1 2 1 1 1 1 1 3 1 1 2 1 1 1 1 0 1 1 1 1 1 0 1 1 1 1 1 1 
1 1 1 1 1 1 1 1 1 1 1 1 2 1 1 1 1 1 1 1 1 1 1 2 1 1 3 1 0 1 1 1 1 3 1 1 1 1 1 1 1 2 2 0 1 1 1 1 1 1 1 1 1 2 1 1 1 1 1 1 1 1 1 1 
1 1 1 1 1 2 1 1 0 1 1 1 1 0 1 1 1 1 1 0 1 0 1 1 1 1 1 1 1 1 1 1 1 1 2 1 1 1 2 1 1 2 1 1 1 2 2 2 1 1 1 1 1 1 1 1 1 1 1 1 1 1 1 1 
1 1 1 1 1 0 1 1 1 1 1 1 2 1 1 1 1 2 1 1 1 1 1 2 1 1 1 1 1 2 1 1 1 1 1 1 1 1 1 1 1 1 2 1 1 1 1 3 1 1 1 1 1 1 1 1 2 1 1 2 1 1 1 1 
1 1 1 1 1 1 1 1 1 2 1 1 1 1 1 1 1 1 1 1 1 1 1 1 1 1 1 1 1 1 1 1 1 1 1 1 2 1 1 1 1 1 1 1 1 1 1 1 1 1 1 1 1 1 1 3 1 1 2 1 1 1 1 1 
1 1 1 1 1 1 1 1 1 1 1 1 1 1 1 1 1 1 1 1 1 1 1 1 1 1 1 2 2 1 1 1 1 1 2 2 1 1 1 1 1 1 1 1 1 1 1 1 1 1 1 1 1 1 1 1 1 1 1 1 1 2 1 1 
1 1 1 1 1 1 1 1 1 2 1 1 2 1 1 1 1 2 2 1 2 1 1 1 1 1 1 1 1 1 2 1 1 1 1 1 1 1 1 1 1 1 1 1 1 1 0 1 1 1 1 1 1 1 1 1 1 1 1 1 1 1 1 1 
1 1 1 1 1 1 1 1 1 1 1 1 1 3 1 0 1 1 1 1 1 1 1 1 1 1 1 1 1 1 1 1 1 1 2 1 1 1 1 1 1 1 1 1 1 0 1 1 1 1 1 1 1 1 1 1 1 1 1 1 1 1 1 1 
1 1 1 1 1 1 1 1 0 1 1 1 1 1 1 1 1 1 1 1 1 1 1 1 1 2 1 1 1 1 1 1 1 2 1 1 1 2 1 1 0 1 1 1 1 1 1 1 1 1 1 1 1 1 1 1 2 1 1 1 1 1 1 1 
1 1 1 1 1 1 1 2 1 1 1 1 1 1 1 1 1 1 1 1 2 2 1 1 1 1 1 1 1 1 1 1 1 1 1 1 0 1 1 1 1 1 1 1 1 1 1 0 0 1 1 1 1 1 1 1 1 1 1 2 1 1 2 1 
1 1 1 1 1 2 1 1 1 1 1 1 1 1 1 1 0 1 2 1 2 1 1 1 1 1 1 1 1 1 1 1 1 1 1 1 1 1 3 1 1 1 1 1 1 1 1 1 1 1 1 0 1 1 1 1 4 1 1 2 1 2 1 0 
1 1 1 1 1 1 1 1 1 1 1 1 1 1 1 1 1 1 1 1 1 1 1 1 1 1 1 1 1 1 1 1 1 1 1 1 1 1 1 2 1 1 1 1 1 1 1 1 1 1 1 1 1 1 1 1 1 2 1 1 1 1 1 1 
1 1 1 1 2 1 1 1 1 1 1 1 1 1 1 1 1 1 1 1 1 1 3 1 1 1 1 1 1 1 1 1 1 2 1 1 1 1 1 1 1 1 1 2 1 1 1 1 1 2 1 1 1 1 1 1 1 1 1 1 1 1 1 1 
1 1 1 1 1 1 1 1 1 1 1 1 2 1 1 1 2 1 1 1 1 1 1 1 1 1 1 1 1 1 1 1 1 1 1 1 1 1 1 2 1 1 1 1 1 0 1 1 1 1 1 2 1 1 1 1 1 1 1 1 1 2 1 1 
1 3 1 1 1 0 1 2 1 1 1 1 0 2 1 1 1 1 1 1 1 1 1 1 1 1 1 4 1 1 1 1 1 1 3 3 1 1 1 1 3 1 1 1 1 2 1 1 1 1 1 1 1 1 1 1 1 1 1 1 1 1 1 1 
1 1 1 1 1 1 1 1 1 3 1 1 1 1 1 1 1 1 1 1 1 1 1 1 1 2 1 1 1 1 1 1 1 1 1 0 1 1 1 1 1 1 1 1 2 1 1 0 1 1 1 1 1 1 1 2 1 1 1 1 1 1 1 2 
1 1 1 1 1 1 1 1 1 1 1 1 1 1 1 1 1 1 1 1 1 1 1 1 1 1 1 1 1 1 1 1 1 1 1 1 1 1 1 1 1 1 1 1 1 1 1 1 1 0 1 2 1 1 2 1 3 1 1 1 1 1 1 1 
1 1 1 1 2 1 2 1 1 1 1 1 1 1 1 1 3 1 1 2 1 1 1 1 1 1 1 1 1 1 1 1 2 1 1 1 1 1 1 1 1 1 1 1 2 1 1 1 1 1 1 1 1 1 1 1 2 1 2 1 1 2 2 1 
1 1 1 1 2 1 1 1 1 1 1 1 1 2 1 1 1 2 1 2 1 1 2 1 1 1 2 1 1 1 1 1 1 1 1 1 1 1 1 1 1 1 1 1 1 1 1 1 1 1 2 1 1 1 1 1 1 1 1 1 1 1 1 1 
1 1 1 1 1 1 1 1 1 1 1 1 2 1 1 1 1 1 1 1 1 2 2 1 1 1 1 2 1 1 1 1 2 3 1 1 1 1 1 1 1 1 1 0 1 1 1 1 1 1 1 1 1 1 1 1 1 1 2 1 1 1 1 1 
1 1 1 1 1 1 1 1 1 1 0 1 1 2 1 1 1 1 1 1 1 1 1 1 1 1 1 1 1 1 1 1 1 1 1 1 1 1 1 1 1 1 2 1 0 1 1 1 1 1 2 1 1 1 1 2 1 1 1 1 1 1 1 1 
1 1 2 1 1 5 1 1 1 1 1 1 1 1 1 1 1 1 2 1 1 1 1 1 1 1 1 1 1 1 1 1 1 1 1 1 1 1 1 1 1 1 1 1 1 1 2 1 3 1 1 1 1 1 1 1 1 1 3 1 1 1 1 1 
1 1 1 2 1 1 1 1 2 1 1 1 1 1 1 1 1 1 1 1 1 1 1 1 1 1 2 4 1 1 1 1 1 1 1 1 1 1 1 1 1 1 1 1 2 2 1 1 1 1 2 1 1 1 1 1 1 1 1 1 1 1 1 1 
1 1 1 1 1 1 1 1 2 1 1 1 1 1 1 1 1 2 1 1 1 2 1 1 1 1 1 1 1 1 1 1 1 1 1 1 1 1 1 1 1 1 1 1 1 1 1 2 1 1 2 1 1 1 3 1 1 1 1 1 1 1 1 1 
2 1 2 1 0 1 1 1 1 1 1 1 1 1 1 1 1 1 1 1 1 1 1 1 1 1 1 1 1 1 1 1 1 1 1 1 1 1 2 1 1 1 1 1 1 1 1 1 1 1 2 1 1 1 1 1 1 1 1 1 1 2 0 1 
1 1 1 1 1 1 1 1 1 1 1 2 1 1 1 2 2 1 1 1 1 1 1 1 1 2 1 1 1 1 1 1 1 1 1 1 1 1 1 1 1 1 2 1 1 1 1 1 1 1 1 1 1 1 1 1 1 1 1 1 2 1 1 1 
1 1 1 1 1 1 1 1 0 1 1 1 1 1 1 1 1 2 1 1 1 1 1 1 1 1 2 1 1 1 1 1 1 1 1 1 1 1 1 1 1 1 2 1 1 1 3 1 1 1 1 1 1 1 1 1 1 1 1 1 1 1 1 1 
1 1 1 1 1 1 2 1 2 1 1 1 1 1 1 1 2 1 1 1 1 1 1 1 1 1 1 1 1 1 1 1 1 1 1 0 1 1 1 1 1 1 1 1 1 1 1 1 1 1 3 1 1 1 1 1 1 1 0 1 2 1 1 1 
2 1 1 1 1 1 1 1 1 1 1 1 1 1 1 1 1 1 0 1 1 1 1 1 1 1 1 1 2 1 1 2 2 1 1 1 1 1 1 1 1 1 1 1 1 1 1 1 1 0 0 1 1 1 1 1 1 1 2 1 2 2 1 1 
1 1 1 1 1 1 1 1 2 1 1 0 0 1 1 1 1 1 1 0 1 1 1 2 1 1 2 0 0 2 1 2 1 1 1 1 1 1 1 1 1 1 1 1 1 1 1 1 1 1 1 1 1 1 1 1 1 1 1 1 1 1 1 1 
1 1 1 1 1 1 1 1 1 1 1 1 1 1 4 1 1 2 1 3 1 1 1 1 1 1 2 1 1 1 1 1 1 1 1 1 1 1 1 1 1 1 1 1 1 1 1 1 1 0 1 1 1 1 1 1 1 1 2 1 1 1 1 1 
1 1 1 1 1 1 1 1 1 1 1 1 1 1 2 1 1 1 1 1 1 1 1 1 1 1 1 1 1 2 1 1 1 1 1 1 1 1 1 1 1 1 2 1 1 2 2 1 1 1 1 1 1 1 1 1 1 1 1 1 1 1 1 1 
3 1 2 0 1 2 1 1 1 1 1 1 1 1 1 1 1 1 1 2 1 1 1 1 0 1 1 3 1 1 1 1 1 1 0 1 1 0 4 1 1 1 1 1 2 1 1 1 1 1 0 1 1 1 1 1 1 1 1 1 1 1 0 1 
1 1 1 1 1 1 1 1 1 2 1 1 1 1 1 3 1 1 1 1 1 1 1 1 1 1 1 1 1 1 5 1 1 1 1 1 2 1 1 1 1 1 1 1 1 1 1 1 1 1 1 1 1 1 1 1 1 1 1 2 1 1 1 1 
1 2 1 1 1 1 1 1 1 1 1 1 1 1 1 1 1 1 1 1 1 1 0 1 1 1 1 1 1 1 1 1 1 1 1 1 1 1 1 1 2 1 1 1 1 1 1 1 1 1 1 2 1 2 2 1 1 1 1 1 2 1 1 1 
1 1 1 1 1 1 1 1 1 1 1 1 1 1 1 1 1 1 1 2 1 1 1 1 1 1 1 1 1 1 1 1 1 1 1 2 0 1 1 1 1 1 1 1 0 1 0 1 1 0 1 1 1 1 1 1 1 1 1 1 1 1 1 1 
1 1 1 2 1 1 1 0 1 1 1 1 1 1 1 1 1 1 1 1 4 1 1 2 1 1 1 1 1 1 1 1 1 1 1 1 1 1 1 0 1 1 1 1 1 1 1 2 1 1 1 1 2 1 1 1 1 1 1 1 0 1 1 1 
1 1 1 2 1 1 1 1 1 1 2 1 1 3 1 1 1 1 1 1 1 0 1 1 1 3 1 1 1 1 1 1 2 1 1 1 1 1 1 1 1 1 1 1 1 1 1 1 1 1 1 1 1 1 1 2 1 1 1 1 1 1 1 1 
1 1 1 1 1 1 1 1 1 1 1 1 2 2 1 1 1 1 1 1 1 1 2 0 1 1 0 1 1 2 2 1 1 2 1 1 1 1 1 1 1 1 2 1 1 1 1 1 1 1 1 1 1 1 1 1 1 1 1 2 0 1 0 1 
1 2 1 1 1 1 1 1 1 1 1 1 1 1 1 1 1 1 1 1 1 1 1 1 2 1 1 1 1 3 1 1 1 1 1 1 1 1 1 1 1 1 1 1 1 1 1 1 1 1 1 2 1 1 1 1 1 1 1 1 1 3 1 1 
2 1 1 1 1 1 1 1 1 1 1 1 1 1 1 1 1 1 1 1 2 1 1 1 1 1 1 1 1 1 1 1 1 1 1 1 1 1 1 2 1 1 1 1 1 1 1 1 1 1 1 1 1 1 1 1 1 1 1 1 1 1 1 1 
1 1 1 2 1 1 2 1 1 1 1 0 1 3 1 1 2 1 1 1 1 2 2 2 1 1 1 1 1 1 1 2 3 1 1 1 1 1 1 1 1 1 1 1 1 1 1 1 1 0 1 1 2 1 1 2 1 0 1 1 3 1 1 1 
1 1 1 1 1 3 2 1 1 1 1 1 1 1 0 1 1 1 1 1 1 1 1 1 1 1 1 1 1 1 1 1 1 1 1 1 1 1 1 1 1 2 1 1 1 1 1 0 1 1 1 6 1 1 1 1 1 1 1 2 1 1 1 1 
2 1 2 1 1 2 1 1 1 1 2 1 1 2 1 1 1 2 1 2 1 1 1 1 1 1 1 1 1 1 1 1 1 1 1 1 1 1 1 1 1 1 1 1 1 1 1 1 1 1 1 1 1 1 1 1 1 2 1 1 1 1 0 1 
1 1 1 1 1 1 1 0 1 5 1 1 1 1 1 1 1 1 1 1 1 1 1 1 1 2 1 1 1 1 0 1 1 1 1 3 1 1 1 1 1 1 1 1 1 1 1 1 1 1 1 1 1 1 2 1 1 1 1 1 2 1 2 1 
1 1 1 1 1 1 1 1 1 1 1 1 1 1 1 1 1 1 1 1 1 1 1 1 1 1 1 1 1 1 1 1 1 1 1 1 1 1 1 1 1 1 2 1 1 1 2 1 1 1 0 1 1 1 1 1 1 1 1 1 1 1 1 1 
2 1 2 1 1 1 1 2 1 1 1 2 2 1 2 1 1 1 1 1 1 1 1 1 1 1 1 0 2 0 1 1 1 1 1 1 1 1 1 1 1 1 1 1 1 1 1 1 1 1 1 1 1 1 1 1 1 1 1 1 1 1 1 1 
1 1 1 1 1 1 1 1 1 1 1 1 1 1 1 1 1 1 1 1 2 1 1 1 2 1 1 1 2 1 1 1 1 1 1 1 1 1 1 1 2 1 1 1 1 1 1 1 1 2 1 2 1 1 1 1 1 1 1 1 1 1 0 1 
2 1 1 2 1 1 2 1 1 2 1 1 1 1 1 1 1 1 1 1 1 1 0 1 1 1 2 1 1 1 1 0 1 1 1 1 1 1 1 1 1 2 1 3 1 1 2 1 1 1 1 1 2 1 2 2 1 1 1 1 1 1 1 1 
1 1 1 0 1 1 1 1 1 1 1 1 1 1 1 1 1 1 1 1 1 2 1 1 1 1 1 0 1 1 1 1 1 0 1 1 1 1 1 1 1 1 1 1 1 1 1 2 1 1 1 1 1 1 1 1 1 1 1 1 1 2 1 1 
1 1 1 1 1 1 1 1 1 1 1 1 1 1 1 1 1 1 1 1 1 1 2 2 1 1 4 1 1 1 1 1 2 1 1 1 1 1 1 1 1 0 1 1 1 1 1 1 1 1 1 1 1 1 1 1 3 1 1 1 1 1 1 1 
0 1 1 1 1 1 1 1 3 1 1 1 3 2 0 1 1 1 1 1 1 1 1 1 1 1 1 1 2 1 1 1 1 1 3 1 1 1 1 1 1 1 1 1 1 1 1 1 1 1 1 1 1 1 1 1 4 1 1 1 1 1 1 1 
1 1 1 1 1 1 1 1 1 3 1 1 1 1 1 1 1 1 1 1 1 1 1 1 1 1 2 1 2 1 1 1 1 1 1 1 2 1 1 1 1 1 1 1 1 1 1 2 1 1 1 1 1 1 1 1 1 1 1 0 1 1 1 1 
1 1 1 1 1 1 1 1 1 3 1 1 1 1 1 1 1 1 1 1 1 1 1 1 1 1 0 1 1 1 3 1 1 1 1 1 1 1 1 1 1 1 1 1 1 1 1 1 0 1 1 2 1 1 1 0 2 1 1 1 1 1 2 1 
1 1 1 1 1 1 1 1 1 1 1 1 1 1 1 1 1 1 1 1 5 1 1 1 1 1 2 1 1 1 0 1 1 1 1 1 1 1 1 1 0 1 1 1 0 1 1 1 1 1 2 1 1 1 1 1 1 1 1 1 1 1 1 1 
1 1 1 2 1 1 1 1 1 0 1 1 1 1 1 1 1 1 1 1 1 1 1 1 1 1 1 1 1 1 1 1 1 1 1 1 1 1 1 1 1 1 1 1 1 1 1 3 1 1 1 1 1 1 1 1 1 1 1 1 1 1 1 0 
1 2 1 2 2 1 1 1 1 1 1 1 1 1 1 1 1 1 1 1 1 1 1 1 1 1 1 1 1 1 1 1 1 1 1 1 1 1 1 1 1 1 1 1 1 1 1 1 1 1 1 1 1 1 1 1 1 1 1 1 1 1 1 1 
1 1 1 1 1 1 1 1 1 1 1 1 1 1 1 1 1 1 1 1 1 1 1 1 1 1 1 2 0 1 1 1 1 1 1 1 1 1 1 1 1 1 1 1 1 1 1 1 1 1 1 1 1 1 1 1 1 1 1 1 1 1 1 0 
1 1 1 1 1 2 1 1 1 1 1 1 1 1 2 1 1 1 1 1 1 1 1 1 1 1 1 1 1 0 3 1 2 1 1 1 1 1 1 1 1 1 2 1 1 1 1 1 1 0 1 1 1 1 2 0 0 1 1 1 1 1 2 1 
1 1 1 1 2 1 0 1 1 1 1 1 1 1 1 1 1 1 1 1 1 1 1 1 1 1 1 1 1 0 1 1 1 1 1 1 1 1 1 1 1 1 1 1 1 1 1 1 1 1 2 1 0 1 1 1 1 1 1 1 1 1 1 0 
0 1 1 1 1 1 1 1 1 1 1 1 1 1 1 2 1 1 1 1 1 1 1 0 1 1 1 1 1 1 1 1 1 1 1 1 0 2 1 2 1 0 1 0 1 1 1 0 1 1 1 1 1 1 1 1 1 0 1 1 2 0 1 2 
2 0 1 1 1 1 0 1 1 1 1 1 1 1 0 1 1 1 1 1 0 1 1 3 1 1 1 1 1 1 1 0 1 1 1 1 1 1 1 1 1 1 1 1 0 0 1 1 1 1 1 1 1 1 0 1 1 1 1 1 1 1 1 1 
1 1 1 0 1 1 1 1 1 1 1 1 1 1 0 1 1 0 1 1 1 1 1 1 1 2 1 1 1 1 2 1 1 0 2 1 1 1 2 0 1 1 3 2 1 1 1 1 1 1 1 1 1 1 1 0 1 1 0 1 1 1 1 1 
1 1 1 1 1 2 1 1 1 1 1 1 1 1 1 2 1 1 1 1 1 3 1 1 1 1 1 1 1 1 1 1 2 1 1 1 1 1 1 0 1 1 1 1 1 1 0 1 1 1 1 1 1 1 1 1 1 1 2 1 1 1 0 1 
1 2 1 1 1 1 1 1 1 2 1 1 3 1 1 2 1 1 1 1 1 1 1 1 0 1 1 1 1 1 1 1 2 1 1 0 1 1 1 1 1 1 0 1 2 1 1 1 1 1 1 1 1 1 2 1 1 1 1 1 2 1 1 1 
1 2 2 1 1 1 1 1 1 1 1 1 1 1 0 1 1 1 1 1 1 1 1 1 1 1 1 1 1 1 1 1 1 0 1 2 0 1 1 1 1 1 0 1 1 1 1 0 1 1 1 1 1 1 1 1 1 1 1 1 1 1 2 1 
1 1 1 1 2 1 1 1 1 1 1 1 1 1 0 1 1 1 1 1 1 1 0 2 1 1 1 2 1 1 1 1 1 1 1 1 1 1 0 0 1 1 1 1 1 1 1 1 2 1 1 1 1 1 2 1 1 0 1 1 1 1 1 1 
1 1 1 2 1 1 1 1 1 1 1 1 1 1 1 1 1 0 1 1 1 0 1 1 1 1 1 1 1 1 1 1 1 1 1 0 1 1 1 1 1 1 1 1 0 1 2 1 1 1 1 1 1 1 2 1 2 1 1 0 1 1 1 1 
1 1 1 1 1 1 1 1 1 1 1 0 1 1 1 1 1 1 1 1 1 1 1 1 1 1 1 1 1 1 1 1 1 1 1 0 1 0 1 1 1 1 1 1 1 2 1 0 1 1 1 1 1 1 1 1 0 1 0 0 1 1 2 1 
2 3 1 1 0 1 1 1 0 1 1 1 1 1 1 1 1 1 1 1 0 1 1 1 1 0 0 0 1 1 1 1 1 1 0 1 1 2 0 1 1 1 1 1 1 1 1 1 1 1 1 0 1 2 1 1 1 1 1 1 1 1 1 0 
1 1 1 1 1 1 1 1 1 2 1 1 0 1 1 1 1 1 1 1 1 1 1 1 1 2 1 2 1 1 1 1 1 1 1 1 3 1 1 1 1 1 1 1 1 1 2 1 1 1 1 1 2 1 1 1 1 1 1 1 1 1 1 2 
0 2 1 1 1 1 1 2 1 1 1 1 1 1 1 1 1 1 1 1 1 1 1 1 1 1 1 1 0 1 1 0 1 1 1 1 2 1 1 0 1 1 1 1 1 1 1 1 1 1 1 1 1 1 1 0 0 1 1 1 1 1 1 1 
1 1 1 1 1 1 1 1 1 1 1 1 1 1 1 1 1 1 1 1 1 1 1 1 1 1 1 1 1 1 1 1 1 1 1 1 1 1 1 1 2 1 1 1 1 0 1 1 1 1 0 1 1 1 1 1 1 1 1 1 2 1 1 1 
1 1 1 1 1 1 1 1 1 0 1 1 1 1 1 0 1 1 1 1 1 1 1 2 1 1 1 1 1 1 1 1 1 0 1 3 1 1 1 1 1 1 1 1 1 1 1 1 1 1 1 1 1 1 1 1 1 1 1 1 1 1 0 1 
1 1 2 0 1 0 1 1 1 1 1 1 1 1 1 1 2 1 1 1 1 1 1 1 1 1 1 1 1 1 1 1 1 1 1 1 1 3 1 1 1 1 1 1 1 1 2 1 2 1 0 1 1 1 1 1 1 1 1 1 1 1 1 1 
1 1 1 1 1 1 1 1 1 1 1 1 1 1 1 0 1 1 1 1 2 1 1 1 1 1 1 1 1 0 0 1 2 1 1 1 1 1 1 1 1 3 1 1 2 1 1 1 1 1 1 1 1 2 1 1 1 1 1 1 1 1 1 1 
1 1 1 1 2 1 1 2 1 1 2 1 1 1 2 0 0 1 1 0 1 1 1 1 1 1 1 1 1 1 1 1 1 1 1 1 2 0 1 1 1 2 1 1 1 1 1 1 1 1 2 1 1 0 1 1 1 1 1 1 1 1 1 1 
1 1 2 1 1 1 1 1 1 1 1 1 1 1 1 1 1 1 1 1 1 1 1 1 1 1 1 1 1 0 1 1 2 1 1 1 1 1 1 1 1 1 1 1 1 1 0 1 2 1 1 1 1 1 1 1 1 0 1 1 1 1 1 1 
1 1 1 1 1 1 1 1 2 1 1 0 1 1 1 1 1 1 1 1 0 0 1 1 0 1 1 1 1 2 1 1 1 1 1 1 1 1 1 1 2 1 1 1 0 1 1 1 1 1 1 1 1 1 1 1 1 1 1 1 1 1 1 1 
1 0 1 1 0 1 0 1 1 1 1 1 1 1 0 1 0 1 1 1 1 1 1 1 1 1 1 1 0 0 1 1 1 1 1 1 1 1 1 1 1 1 1 1 1 1 1 1 1 1 1 1 1 1 1 1 1 1 1 1 1 1 0 1 
1 1 1 1 1 1 1 1 1 1 1 1 1 1 1 0 1 1 1 1 1 1 1 1 0 1 1 1 1 1 1 1 1 0 1 0 1 1 1 1 1 2 1 1 1 1 1 1 0 3 1 1 1 0 1 1 1 0 1 2 2 1 1 0 
1 1 1 1 1 1 1 0 1 1 1 1 1 1 1 1 1 0 1 1 1 1 0 1 1 1 1 1 1 1 1 1 1 1 1 1 1 1 0 1 1 1 1 1 2 1 1 1 1 1 1 1 1 1 1 1 1 1 1 1 1 1 1 1 
1 1 1 1 1 1 1 1 1 1 1 1 1 1 1 1 0 1 1 1 1 1 1 3 1 1 1 1 0 0 1 1 0 1 2 0 1 1 1 1 1 1 1 1 1 1 1 1 1 1 1 2 1 1 1 1 1 1 0 1 1 1 1 1 
1 1 1 1 1 1 1 1 2 1 1 1 1 1 1 1 1 1 1 1 1 1 1 0 0 1 1 1 1 1 1 1 1 1 1 1 0 1 2 0 1 1 1 1 1 1 1 1 1 1 1 1 1 1 1 1 1 0 1 1 1 2 1 1 
1 0 2 1 1 1 2 1 1 1 1 1 0 1 1 1 1 1 1 1 1 1 1 1 1 1 0 1 1 1 1 1 1 1 2 1 1 1 0 1 1 1 1 1 1 1 1 0 1 0 1 1 1 1 1 1 1 1 1 1 2 1 1 1 
2 1 1 1 1 1 1 1 1 1 1 1 1 1 1 1 1 1 1 1 1 1 0 1 1 1 1 1 1 1 3 1 1 1 1 1 1 2 1 1 1 1 1 3 1 1 1 1 1 1 1 1 1 2 1 1 1 1 1 1 1 1 1 1 
1 2 1 1 1 0 0 1 1 0 1 1 0 0 1 1 1 1 1 1 1 1 1 0 1 1 1 1 2 1 1 1 1 1 1 1 1 0 1 1 1 1 1 1 1 1 0 1 1 1 1 1 1 1 1 0 1 0 1 1 1 1 1 1 
2 1 1 1 1 1 1 1 1 1 1 1 1 1 0 1 1 1 1 1 1 1 1 1 1 1 1 1 1 1 1 0 1 1 1 1 1 1 1 1 3 1 1 1 1 1 1 2 1 1 1 1 1 0 1 1 1 1 0 1 1 1 1 1 
1 0 3 1 0 0 1 1 2 1 1 1 0 1 1 1 3 2 2 1 1 1 2 0 0 1 1 1 1 1 1 1 0 1 1 1 1 1 1 2 1 1 1 2 1 2 0 0 1 1 1 1 1 1 1 1 0 1 1 1 1 0 1 1 
1 1 1 0 1 1 1 1 1 1 1 1 1 0 2 0 1 2 1 1 1 1 1 1 1 1 1 1 1 1 1 1 0 1 0 1 1 1 1 1 1 1 1 1 1 1 1 1 1 1 0 1 1 0 1 1 1 1 1 1 1 1 1 0 
1 1 1 1 1 1 1 1 2 1 1 1 1 1 1 1 2 1 1 1 1 1 1 1 1 1 1 2 0 1 1 1 1 1 1 1 1 1 1 0 1 1 1 1 1 1 0 1 1 1 1 1 1 2 2 1 1 1 1 1 1 1 1 1 
1 1 0 1 1 1 1 1 1 1 2 0 1 1 1 1 1 1 2 1 1 1 1 1 1 1 1 1 1 1 2 1 2 1 1 0 1 1 0 1 1 1 1 1 1 0 1 1 1 1 1 1 1 1 1 1 0 1 1 1 1 1 1 1 
2 1 1 1 1 1 1 0 1 1 1 0 1 1 1 1 1 1 1 1 1 1 1 1 1 1 1 1 1 1 2 1 2 1 1 1 1 1 1 1 1 1 1 2 2 1 1 1 1 0 2 1 1 1 1 1 1 1 1 1 1 1 1 1 
1 1 1 1 1 1 1 1 1 1 1 1 1 1 1 1 1 1 2 1 1 1 1 1 3 1 1 1 1 1 1 1 1 1 1 2 0 1 1 1 1 1 1 1 1 1 1 0 1 1 1 1 1 1 1 1 1 1 1 1 2 1 2 1 
1 1 2 1 1 1 1 1 1 1 1 1 1 1 1 1 1 1 1 1 1 1 1 1 1 1 2 1 1 1 1 1 1 1 1 1 1 1 1 1 2 1 1 1 1 1 1 1 1 2 1 1 1 1 2 1 1 1 1 1 1 1 1 1 
1 1 1 1 1 1 1 1 1 1 1 1 1 1 0 1 1 1 1 1 2 2 1 0 1 1 1 1 1 2 1 1 3 1 1 1 1 1 1 1 1 1 1 1 2 1 0 1 1 1 1 1 0 1 1 1 1 1 1 1 1 2 1 1 
1 1 1 2 1 1 1 1 1 1 1 1 1 1 1 1 1 1 1 1 1 2 0 0 0 1 1 1 1 1 1 0 1 1 1 1 1 1 1 1 1 1 1 1 1 1 2 0 1 1 2 0 1 1 1 1 1 1 0 1 1 1 1 1 
0 1 1 1 1 1 1 1 1 1 1 1 1 1 0 1 1 1 1 1 1 1 1 1 1 1 1 0 0 1 0 1 1 1 1 1 1 1 1 1 2 1 1 1 1 1 1 1 0 1 1 1 2 1 1 1 1 1 0 2 0 1 0 1 
1 1 1 1 1 1 1 1 1 1 1 1 1 1 1 1 1 1 3 1 1 1 1 1 1 1 1 1 1 1 1 1 1 1 1 1 1 1 1 1 1 1 1 1 1 1 1 1 2 1 1 1 1 1 1 1 1 1 1 1 2 1 3 1 
1 1 1 2 1 1 1 1 1 1 1 1 1 1 1 1 2 1 0 1 1 1 1 1 1 1 1 0 0 1 1 1 1 1 1 1 1 1 1 1 1 1 1 1 1 1 1 1 1 1 1 1 1 1 1 1 1 1 1 1 1 1 1 2 
1 1 2 2 1 1 1 1 0 1 1 1 0 1 1 1 1 0 1 1 1 1 1 1 1 1 1 1 1 1 1 1 2 1 1 1 1 1 1 1 1 0 1 1 2 0 1 1 1 1 1 1 1 1 1 0 1 1 1 1 1 1 1 1 
1 1 1 1 1 1 1 1 1 1 1 1 1 1 1 1 1 1 1 4 1 0 1 1 1 1 1 1 1 1 1 1 1 1 1 1 1 0 1 1 1 1 1 1 2 3 1 0 1 1 1 1 1 1 0 1 1 2 2 1 1 1 1 1 
1 1 1 1 1 0 1 1 1 1 1 1 1 1 1 1 1 1 1 1 1 1 1 1 1 1 1 1 1 1 1 1 1 1 1 1 1 1 1 1 1 1 1 1 1 0 1 2 1 1 1 1 1 1 1 1 1 1 1 1 1 1 1 1 
1 1 2 1 1 1 1 1 1 1 1 1 1 1 1 1 1 1 1 1 1 0 1 1 0 1 1 1 1 1 1 1 1 1 1 1 1 0 1 1 1 1 1 1 1 4 0 1 2 0 2 1 1 1 1 1 1 1 2 0 1 1 1 1 
1 1 1 1 1 1 0 1 1 1 1 1 1 1 1 1 1 1 1 1 1 1 1 1 1 1 1 1 1 1 1 1 1 1 1 1 2 1 1 1 1 1 0 1 1 1 1 1 1 1 2 1 1 1 1 1 1 1 1 0 1 1 0 0 
1 1 1 1 1 1 1 1 1 1 1 1 1 1 1 1 1 2 1 1 1 0 2 1 1 1 1 1 1 1 1 1 1 1 1 1 1 1 1 1 1 0 1 1 1 1 1 1 1 1 1 1 1 1 1 1 1 1 1 1 1 1 1 1 
1 1 1 1 1 1 1 3 1 1 1 1 1 1 1 1 1 2 1 1 1 1 1 2 1 1 1 1 0 1 1 1 1 1 1 1 1 1 1 1 2 2 0 1 1 1 1 1 0 1 1 1 1 1 1 1 1 2 1 1 1 1 1 1 
1 1 1 2 0 0 1 1 1 0 1 1 1 1 1 1 1 1 3 1 1 1 1 1 1 1 1 1 1 2 1 1 1 0 1 1 1 1 1 1 1 1 0 1 2 1 1 0 1 1 1 0 1 1 1 1 1 1 1 1 1 1 1 1 
1 0 1 1 1 1 1 1 1 1 1 1 1 1 1 1 1 1 1 1 1 1 0 1 1 1 1 1 1 1 1 1 1 1 1 1 1 1 1 1 1 1 1 1 1 4 1 1 0 0 0 1 1 1 1 1 1 0 1 1 1 1 1 2 
1 1 2 1 1 1 1 1 1 1 1 1 1 1 1 0 1 1 1 1 1 1 0 2 1 1 1 1 1 1 1 1 1 1 1 1 1 2 1 1 1 1 1 1 1 1 1 1 1 1 2 1 2 1 2 0 1 1 1 1 1 1 1 0 
1 1 1 1 1 1 1 1 1 1 1 1 1 1 1 1 1 1 1 1 1 1 2 1 1 1 1 1 1 1 1 1 1 1 1 1 1 0 0 1 2 1 1 0 2 0 1 1 1 0 2 1 1 1 1 1 1 1 1 1 1 1 1 1 
1 1 1 1 1 1 0 1 1 1 1 1 2 1 1 1 1 1 1 1 1 1 1 1 1 0 1 1 1 1 1 1 1 1 1 1 1 1 1 1 1 1 1 1 1 1 1 1 1 1 1 1 1 1 1 2 1 1 1 1 1 1 1 1 
1 1 0 0 1 1 1 0 1 2 1 1 1 1 1 1 1 1 0 1 1 1 1 1 0 1 1 1 1 1 1 1 1 1 1 1 1 1 1 1 1 1 2 1 1 1 1 1 2 2 1 1 1 1 1 0 1 1 1 1 1 1 1 1 
0 1 1 1 1 1 1 1 1 1 1 1 1 1 1 1 1 0 1 1 1 0 1 1 1 2 1 0 1 1 1 1 1 1 1 1 1 1 1 1 1 1 1 1 1 1 1 1 1 1 1 1 1 1 1 1 1 1 1 1 1 1 1 1 
1 1 1 1 1 1 3 0 1 0 1 1 1 1 0 1 1 1 1 1 1 1 1 1 1 2 1 1 1 1 1 1 1 1 1 1 1 0 1 1 0 1 1 1 1 1 1 1 1 1 1 1 1 1 0 1 1 1 1 2 0 1 1 1 
1 2 1 1 1 1 1 1 1 1 1 1 1 1 1 1 1 1 2 1 1 1 1 1 1 1 1 0 1 0 0 1 1 1 1 1 1 1 1 1 1 1 3 1 1 1 1 1 1 1 1 1 1 1 1 1 1 1 1 1 1 1 1 1 
1 1 1 1 1 1 1 1 2 1 3 1 1 1 0 1 1 1 2 1 1 0 1 1 1 1 1 1 1 1 1 1 1 1 1 1 1 1 1 1 0 1 0 1 1 1 1 1 1 2 1 1 1 1 1 1 1 1 1 1 0 1 1 3 
1 1 2 0 2 1 1 1 1 1 3 0 1 1 1 1 0 0 1 1 1 1 1 1 1 1 2 1 1 1 1 1 1 0 1 0 1 1 1 1 1 1 1 1 0 1 1 1 1 1 1 1 1 1 1 1 1 1 1 1 1 1 1 1 
1 1 1 1 2 1 1 1 1 1 1 1 1 1 2 1 1 1 1 1 2 1 1 1 1 1 1 0 1 2 1 1 1 1 1 1 1 1 1 1 1 1 1 2 1 1 1 1 2 1 1 1 1 1 1 1 1 2 1 1 0 0 1 1 
1 1 1 1 1 1 1 2 1 1 1 2 0 2 1 1 1 1 1 1 0 1 1 1 1 2 1 1 1 1 1 1 1 1 1 1 1 1 1 1 1 1 3 1 1 1 1 0 1 1 1 0 1 1 2 2 1 1 1 1 1 1 1 1 
1 1 1 1 1 1 2 1 0 1 1 1 1 1 1 1 1 1 1 1 1 1 1 0 1 1 1 0 0 1 1 1 1 1 1 1 1 1 1 1 0 1 1 1 1 1 1 1 1 0 0 1 1 1 1 1 1 1 1 3 0 1 1 1 
1 0 1 2 1 0 1 1 1 1 1 1 1 1 1 1 1 1 1 1 1 1 0 1 1 1 1 1 0 1 1 1 0 1 1 1 1 1 0 0 1 1 1 1 1 0 1 0 1 1 1 1 1 1 1 0 1 1 1 1 1 1 1 1 
0 1 1 1 0 1 1 1 1 1 1 1 1 1 1 1 1 1 1 1 1 1 1 1 1 1 1 1 1 1 1 1 0 0 1 1 2 1 1 1 1 1 1 1 1 1 1 1 1 1 1 1 1 0 1 1 1 1 1 1 1 1 0 0 
1 1 2 1 1 1 0 1 2 1 1 1 1 1 1 1 1 1 1 1 1 0 2 1 1 1 1 1 1 1 1 1 2 1 1 1 1 1 1 0 1 1 1 1 0 2 1 1 1 1 1 1 1 1 1 2 1 1 1 1 0 1 1 0 
1 1 1 0 0 1 1 1 1 1 1 1 1 1 1 1 1 1 2 1 1 1 1 1 1 1 1 1 1 1 1 1 1 1 1 1 1 1 1 2 1 1 1 0 1 1 2 1 1 1 1 1 2 1 1 1 1 1 1 2 1 1 1 0 
1 1 1 1 1 2 1 1 1 1 1 1 1 1 0 1 1 1 1 1 1 0 1 1 1 1 1 1 1 0 1 2 1 1 1 1 1 1 1 1 1 0 1 1 0 1 0 2 1 1 1 1 1 1 1 0 1 1 1 1 1 1 1 1 
0 0 1 1 1 1 1 1 3 2 0 1 1 2 1 1 1 0 1 1 1 1 1 1 1 1 1 1 1 1 1 1 1 2 1 1 1 1 1 1 1 2 1 1 1 1 1 1 1 1 1 0 3 1 2 1 1 1 1 0 2 1 1 1 
2 1 0 1 0 1 1 2 1 1 1 1 1 1 1 1 1 1 1 1 1 1 1 1 0 1 1 1 1 0 1 2 0 1 1 1 1 3 1 1 1 0 1 1 1 1 1 1 1 1 1 1 2 1 2 1 1 1 1 1 0 2 1 1 
1 1 1 1 0 1 1 1 1 1 1 1 0 1 1 1 1 1 1 1 1 1 1 1 1 1 1 1 1 1 1 1 1 1 0 1 1 1 1 1 1 1 1 1 1 1 1 1 0 1 1 1 1 1 1 0 1 1 1 1 1 1 1 1 
1 1 1 1 1 1 0 1 1 1 1 1 1 1 1 1 1 1 2 1 1 1 1 0 1 2 1 1 1 1 1 1 1 1 1 1 1 1 1 0 0 1 1 1 1 1 1 0 1 1 1 1 1 2 1 1 1 1 1 1 1 2 1 1 
1 1 1 1 1 1 2 4 1 2 1 1 1 1 1 2 1 1 1 1 1 2 1 1 1 0 1 1 0 1 1 1 1 1 1 2 1 0 1 1 1 1 1 1 1 1 1 1 1 1 1 0 1 1 1 1 0 1 1 1 1 0 1 1 
1 1 1 0 1 1 2 1 1 0 1 0 0 1 1 1 1 1 1 1 1 1 1 1 1 1 1 1 1 1 1 1 1 1 1 1 2 1 1 0 0 1 1 1 1 1 1 1 1 1 1 1 1 1 1 0 1 1 1 1 1 1 1 1 
1 1 1 1 1 1 1 1 3 1 1 1 1 1 1 1 1 1 2 0 1 1 1 1 1 1 0 2 1 0 1 1 2 1 1 2 1 1 1 1 1 1 1 1 1 1 1 1 1 1 1 1 1 1 2 0 1 0 1 1 1 1 1 1 
0 1 1 1 1 2 1 1 1 1 1 1 1 1 1 1 1 1 1 1 1 1 1 1 1 1 1 1 1 1 1 1 1 2 0 1 1 1 1 0 1 1 1 1 1 1 1 1 1 1 1 1 0 1 1 1 1 0 1 1 2 0 1 1 
1 1 1 1 1 1 1 1 1 1 1 1 1 1 1 1 1 2 1 1 1 1 1 1 1 1 0 1 1 1 1 1 1 1 1 0 1 1 1 1 1 1 0 1 2 1 2 1 1 0 1 1 0 1 1 1 1 1 1 1 1 1 1 1 
1 1 1 1 0 1 1 1 0 1 1 1 1 1 1 1 1 1 1 1 2 1 1 1 1 1 1 1 1 1 1 1 1 1 1 1 1 1 1 1 0 1 1 1 1 1 1 1 1 1 1 1 1 1 1 1 1 1 1 2 1 1 1 1 
1 1 1 1 1 1 1 1 1 1 1 1 1 1 1 1 0 1 1 1 1 1 1 0 1 1 0 1 1 1 1 1 1 1 1 1 0 1 0 0 1 0 1 1 0 1 1 1 1 1 1 1 1 1 1 1 1 1 1 1 1 1 1 1 
1 1 1 1 2 2 2 1 1 1 0 1 1 1 1 1 1 1 3 1 0 1 1 0 1 1 1 2 1 1 1 1 1 1 1 1 1 1 1 1 1 1 0 1 1 1 2 1 1 2 1 0 1 1 1 1 1 1 1 1 1 1 0 1 
2 1 1 1 1 1 1 1 0 1 2 1 0 0 1 1 1 1 2 1 1 1 1 1 1 1 3 1 1 1 1 1 1 1 1 2 1 1 1 1 1 1 1 1 1 2 1 1 0 1 0 1 1 1 1 1 2 0 1 1 1 1 1 1 
1 1 1 1 1 1 1 1 1 1 1 1 1 1 1 1 1 0 1 1 1 1 1 1 1 1 1 1 1 1 1 3 1 1 1 1 1 1 1 1 1 0 1 1 1 1 1 0 1 1 1 1 1 1 1 1 1 1 1 0 1 1 1 1 
0 1 1 1 1 1 1 1 1 1 2 1 1 1 1 1 1 1 1 1 1 1 1 1 1 0 1 1 1 1 1 1 1 1 1 0 1 1 1 0 1 1 1 1 1 1 2 1 1 1 1 1 1 1 1 1 1 1 1 1 1 1 1 1 
1 1 1 1 1 1 1 1 2 1 1 1 1 1 2 1 1 1 1 1 3 1 1 1 1 1 1 1 1 1 1 1 1 1 1 3 1 1 0 1 1 1 2 1 1 1 1 1 1 1 1 2 1 1 1 1 2 1 1 1 1 1 1 1 
1 1 1 1 1 1 1 1 1 1 1 4 1 1 1 1 1 1 1 1 1 1 1 1 1 1 1 1 0 1 1 1 1 1 1 1 1 1 1 1 2 1 1 1 1 1 1 1 1 1 1 1 1 1 1 1 1 1 1 1 0 1 1 1 
1 1 1 0 1 0 1 1 1 1 1 1 1 1 1 1 1 1 1 1 2 1 1 1 1 1 1 1 1 1 1 1 1 0 1 1 0 2 1 1 1 1 1 1 1 1 1 1 2 1 1 1 1 1 1 1 1 1 1 1 1 1 0 1 
1 1 2 1 1 1 0 1 1 1 1 1 1 1 1 1 1 1 1 4 1 1 1 1 0 1 1 1 1 2 1 1 1 1 1 1 1 1 1 1 1 1 1 1 2 2 1 1 1 1 1 1 1 1 1 1 1 2 1 1 1 1 1 2 
0 1 1 0 1 1 1 1 1 4 1 1 1 1 1 1 1 1 1 1 1 1 1 1 1 1 1 1 1 1 1 1 1 1 1 1 1 1 1 1 1 1 2 1 1 1 1 2 1 1 1 1 1 1 1 1 0 1 1 1 1 1 1 1 
1 1 1 1 0 1 1 0 1 1 0 1 1 1 1 1 1 1 1 1 1 1 1 1 1 1 1 1 1 1 1 0 1 1 1 1 2 1 1 0 1 1 1 1 1 1 1 1 0 1 1 1 1 1 1 1 1 1 1 1 1 1 1 1 
1 1 1 1 1 1 1 2 1 1 1 1 1 1 1 2 1 1 1 1 1 1 3 0 1 0 1 1 1 2 1 1 1 1 0 1 1 1 1 1 1 1 1 1 2 1 0 1 1 1 2 1 0 1 1 1 3 0 1 1 1 2 1 1 
1 1 1 1 1 1 1 0 0 1 1 0 2 1 1 1 1 1 1 1 1 1 1 1 1 1 1 1 3 0 1 1 1 2 1 1 1 0 1 1 3 0 1 1 1 1 1 1 0 1 1 1 1 1 1 1 1 1 1 1 0 0 0 1 
1 1 1 1 1 1 1 1 1 1 1 1 1 1 1 1 1 1 1 1 1 1 1 0 1 1 1 1 1 1 1 2 1 1 1 1 0 1 1 0 1 0 1 1 0 1 1 1 1 1 1 1 1 1 1 1 1 1 1 1 1 1 1 1 
1 1 1 1 1 1 1 0 1 1 1 1 1 1 1 1 1 1 1 1 1 1 1 1 1 0 1 1 1 2 2 1 1 0 1 1 1 1 1 1 1 1 1 0 1 1 1 0 1 1 1 1 1 1 1 1 2 1 1 1 2 1 1 1 
1 1 1 1 1 3 1 1 1 1 1 1 1 1 1 1 1 0 2 1 1 1 1 1 2 1 1 0 2 1 1 1 1 0 1 1 2 1 0 1 1 1 2 1 1 1 1 1 1 1 1 1 1 1 1 1 1 1 1 2 0 1 1 1 
0 1 1 1 1 0 1 1 1 0 1 1 1 1 1 1 1 1 0 1 0 0 2 1 1 1 1 1 1 1 2 1 1 1 1 2 1 1 1 1 0 1 1 1 1 1 1 1 2 1 1 1 1 1 0 1 1 1 1 1 1 1 0 0 
1 1 1 1 0 1 0 2 0 1 1 1 1 1 0 1 1 1 1 1 1 1 1 1 1 1 1 1 1 2 1 1 1 1 1 1 1 1 1 1 1 1 1 1 1 1 1 2 1 1 1 0 1 1 1 1 2 0 2 1 1 1 1 1 
1 1 1 2 1 1 0 2 1 1 3 1 1 1 1 1 1 1 0 1 0 2 1 1 1 1 1 1 1 1 1 2 1 1 0 2 1 1 1 1 1 1 1 1 0 1 1 1 1 1 1 1 2 1 1 1 2 1 1 1 0 1 1 2 
1 1 1 1 1 1 1 1 1 1 0 1 1 1 1 1 0 0 1 1 1 1 1 1 1 1 1 1 0 3 0 1 1 1 1 1 1 2 1 0 1 2 1 1 1 1 1 1 0 1 0 1 0 1 1 1 1 1 1 1 1 1 1 1 
1 1 1 1 1 1 2 0 2 1 0 1 2 1 1 1 1 1 2 1 1 1 1 1 1 2 1 1 1 1 2 1 1 1 1 1 1 1 1 1 1 1 1 1 1 1 1 1 1 1 1 1 1 1 1 1 2 1 1 1 1 3 1 1 
1 0 1 1 2 1 1 1 0 1 1 1 1 1 1 1 1 1 1 1 1 1 1 3 1 1 1 0 1 0 1 1 1 1 1 1 0 1 1 1 1 1 1 1 1 0 1 1 0 1 1 1 1 1 0 1 1 1 1 1 1 1 1 1 
1 1 0 1 1 1 2 1 1 0 1 1 1 1 1 1 1 3 2 1 1 1 0 1 1 1 0 1 2 1 1 1 1 0 1 1 1 1 3 1 1 1 1 3 1 1 1 1 1 0 1 1 0 1 1 1 1 1 1 1 1 1 1 1 
0 0 1 1 1 0 1 2 1 1 1 1 1 1 1 1 1 1 1 1 1 1 1 1 1 1 1 2 0 1 2 2 1 1 1 1 1 1 1 1 1 1 2 1 2 1 1 1 1 1 1 0 1 1 1 1 0 2 1 1 1 1 2 0 
1 1 1 0 1 1 1 1 1 0 1 1 1 1 0 1 1 1 0 1 1 1 1 1 1 1 1 1 1 1 3 1 1 1 1 1 1 1 1 1 1 1 1 1 1 1 1 1 1 1 1 1 1 1 1 0 0 1 1 1 0 1 1 1 
1 0 1 1 1 1 2 1 1 1 1 1 1 1 1 1 0 1 1 1 0 1 1 1 0 1 1 1 1 0 1 1 1 1 1 1 1 1 1 1 0 1 1 1 0 1 2 1 1 1 1 1 1 1 1 1 1 1 1 1 1 1 1 1 
1 1 1 1 0 1 1 1 1 1 1 1 1 2 1 1 1 1 1 1 0 1 1 1 0 1 1 2 1 2 1 1 1 1 1 1 1 1 2 1 1 1 1 1 1 1 1 1 1 1 1 1 2 1 1 2 1 1 0 1 1 0 1 1 
1 2 1 3 1 1 1 1 0 1 1 1 1 1 1 1 1 1 1 1 1 1 1 1 1 1 1 1 1 1 1 1 1 1 1 1 1 1 1 2 1 1 1 1 1 1 1 1 1 1 2 1 1 1 1 1 1 1 1 0 1 1 1 1 
1 0 1 1 1 1 1 1 1 0 1 1 2 1 1 2 1 1 2 1 1 1 1 1 1 1 0 1 1 1 1 1 1 1 1 0 1 1 1 1 1 2 1 0 1 1 1 1 1 1 2 1 1 1 1 1 1 1 1 1 1 1 1 1 
1 1 1 1 1 1 1 1 1 1 1 1 1 1 1 1 2 1 1 1 1 1 1 1 1 1 1 0 1 2 1 1 1 1 1 1 1 1 1 1 1 1 1 1 1 1 1 1 0 0 1 1 1 1 1 1 1 1 1 1 3 1 1 1 
1 1 4 1 0 1 0 2 1 1 1 1 0 1 1 1 1 1 1 1 1 2 1 1 1 1 1 1 1 1 1 1 1 1 1 1 1 1 1 1 1 1 1 1 1 1 1 1 1 1 1 1 1 1 1 0 1 2 1 1 1 1 1 1 
1 2 2 1 1 2 1 1 1 1 1 1 1 1 1 1 1 1 0 1 1 1 0 1 1 1 2 1 1 2 1 1 1 1 1 1 1 1 1 0 1 1 1 1 1 1 1 1 1 1 1 1 1 1 1 1 1 1 1 1 1 1 2 1 
1 1 1 1 1 1 1 3 1 1 1 1 1 1 1 1 1 1 1 0 1 1 1 1 1 1 1 1 1 1 1 1 2 1 1 0 0 1 1 1 1 1 3 1 1 1 1 1 1 1 1 2 1 1 1 1 1 1 1 1 1 1 1 1 
1 1 1 1 1 1 0 2 1 1 1 1 1 2 1 0 1 0 1 1 1 1 0 1 1 0 1 0 3 1 1 1 1 1 0 1 1 1 1 2 1 1 1 1 1 1 1 1 1 0 1 0 1 1 1 1 1 1 1 4 1 1 1 1 
1 1 1 1 1 2 1 1 1 0 1 1 1 1 1 1 1 1 0 1 1 1 1 1 0 1 1 1 1 1 1 1 1 1 1 1 2 1 3 1 0 1 1 1 1 1 1 1 1 1 1 1 1 1 1 1 1 1 1 1 1 1 1 1 
2 1 1 1 1 0 1 2 1 1 1 1 1 1 1 1 1 1 2 1 1 1 1 1 1 1 1 1 3 1 0 1 1 1 1 1 2 1 1 1 1 1 1 1 1 1 1 2 1 1 1 1 1 1 1 1 1 1 1 1 1 1 1 1 
1 1 3 1 1 1 2 1 1 1 1 1 1 1 1 3 1 1 1 2 1 0 1 1 1 1 1 1 2 1 1 1 0 1 1 1 1 1 1 1 1 1 1 1 1 1 1 1 1 1 1 1 1 1 1 1 1 2 1 1 1 1 1 1 
1 1 1 1 1 1 1 1 1 1 1 1 0 1 1 1 1 1 1 0 2 1 1 1 1 1 0 1 1 1 1 0 1 1 1 1 1 1 1 1 1 1 1 1 1 1 1 1 1 1 1 1 3 1 1 1 1 1 0 1 0 1 1 1 
1 2 1 1 1 1 1 0 1 1 1 1 1 1 1 1 1 1 1 1 1 0 1 1 1 1 1 1 2 2 1 1 0 1 1 1 1 1 1 1 1 1 1 1 1 1 1 1 1 1 1 1 1 1 1 1 1 1 1 1 2 1 1 0 
1 1 1 1 1 1 1 1 0 1 0 0 1 1 1 2 1 1 1 1 1 1 1 0 1 1 1 1 1 1 1 1 1 1 1 0 1 0 1 1 0 1 1 1 2 1 1 1 1 1 1 1 1 0 1 1 1 1 2 1 1 1 0 0 
1 1 1 1 1 1 1 1 1 1 1 1 1 1 1 1 1 1 2 1 1 1 1 1 1 1 1 1 1 0 1 0 1 2 1 1 1 1 1 1 1 1 1 1 1 1 1 1 1 1 1 1 1 1 1 1 1 1 1 1 1 1 0 1 
1 1 1 1 1 1 1 1 1 1 1 1 1 1 0 1 1 1 1 1 1 0 0 1 1 1 1 1 1 1 1 1 1 1 1 1 1 0 1 1 1 1 1 1 1 1 1 1 1 1 1 0 1 1 1 1 1 1 1 3 1 2 1 1 
1 1 1 1 1 1 1 1 0 1 0 1 1 1 1 1 1 1 1 1 1 1 1 1 1 1 1 1 1 1 1 1 1 1 0 1 1 1 0 1 2 1 1 1 1 1 1 1 1 3 1 1 1 1 1 1 1 0 1 1 1 1 1 1 
1 0 2 0 1 1 1 1 1 1 1 1 1 0 1 1 1 0 1 0 1 2 2 1 1 1 1 1 1 1 1 1 1 1 1 1 1 1 1 1 1 1 1 1 1 1 0 1 1 1 1 1 1 1 1 1 1 1 1 2 1 1 1 1 
1 1 2 0 1 1 1 2 0 1 1 1 1 1 1 1 1 1 1 0 2 1 0 1 2 2 1 1 1 1 1 2 2 1 1 1 1 1 1 1 1 1 1 1 1 1 1 1 1 0 1 1 1 1 1 1 1 1 1 1 1 1 1 1 
1 1 3 1 1 1 1 1 2 1 1 1 1 0 1 1 1 1 1 2 1 2 1 1 1 1 1 1 1 1 1 1 1 1 1 1 1 1 0 1 1 1 1 1 1 1 1 1 1 1 2 1 1 1 1 0 0 1 1 1 0 2 1 1 
1 1 1 1 1 0 1 1 1 1 1 1 1 1 1 3 1 0 0 1 1 1 1 1 1 1 1 1 1 1 2 1 1 0 2 1 1 1 1 1 0 2 1 0 0 1 1 2 1 1 1 1 1 1 1 1 1 0 1 1 1 1 1 2 
1 1 1 1 1 1 1 1 1 1 1 0 1 1 1 1 1 0 2 1 1 1 1 1 0 1 1 1 0 1 1 1 2 1 1 1 1 1 0 1 1 1 1 1 1 1 1 1 1 1 1 1 1 1 3 1 1 1 0 1 1 1 1 1 
1 1 1 1 1 1 1 1 1 1 1 2 1 0 0 2 1 1 1 1 1 1 1 0 1 0 1 1 1 1 1 1 0 1 0 0 1 0 1 1 1 1 1 1 1 0 1 1 1 2 0 1 1 1 1 1 1 1 1 1 1 1 1 1 
0 1 1 0 1 0 1 1 1 0 1 1 1 1 1 0 1 2 1 1 1 2 2 1 1 1 2 1 1 1 2 1 1 1 0 1 1 0 1 1 1 1 1 1 0 2 1 1 0 3 1 1 0 0 1 1 1 1 1 1 1 1 0 0 
1 2 0 1 1 0 1 1 1 1 1 1 2 1 0 0 1 1 1 1 1 0 1 1 1 1 0 1 1 1 1 2 1 1 1 1 1 1 1 1 1 1 1 0 1 1 1 0 1 1 1 1 1 1 1 0 1 1 0 1 1 1 1 1 
1 1 1 1 1 1 1 1 0 1 1 0 1 1 1 1 1 1 1 1 0 1 0 2 1 1 1 1 1 0 1 0 1 0 1 0 1 1 0 1 1 1 0 0 1 0 1 1 0 1 1 0 2 2 1 1 1 1 1 0 1 0 1 1 
1 0 1 0 1 0 3 1 1 1 1 1 1 1 0 1 1 1 1 1 1 1 0 0 1 1 1 1 1 1 0 0 0 1 1 1 1 0 1 1 2 1 1 1 0 1 1 2 1 1 1 0 1 1 0 1 1 0 0 3 1 1 1 1 
1 1 0 1 1 0 1 1 1 1 1 1 1 2 1 1 1 1 3 1 1 1 2 1 0 1 0 1 1 1 0 1 0 1 1 1 0 1 1 0 1 1 1 1 1 1 1 1 1 0 1 1 1 2 1 0 0 1 1 1 1 1 1 1 
1 0 1 0 1 1 0 1 1 1 1 1 1 1 1 1 1 1 1 1 1 1 1 1 1 1 1 1 1 2 1 1 1 1 1 1 1 1 1 0 0 0 1 1 1 1 1 1 1 1 1 1 1 1 1 1 0 1 1 1 1 1 1 1 
1 1 1 1 0 2 1 1 1 0 1 1 1 1 1 1 3 1 0 1 1 1 1 1 0 0 1 1 1 1 1 1 1 1 1 1 1 0 2 0 1 1 1 1 1 0 1 2 1 1 4 2 2 0 0 1 1 1 1 1 1 1 1 1 
1 1 1 0 2 1 0 0 0 1 1 1 1 1 1 1 0 1 1 0 1 1 1 1 1 1 1 3 1 1 0 1 1 1 1 1 1 1 1 1 1 1 0 0 1 1 1 1 1 0 1 1 1 1 1 1 1 0 1 1 1 1 1 1 
1 1 1 1 1 1 1 1 1 0 0 1 1 0 1 1 1 1 1 1 1 0 1 0 1 1 0 1 1 0 0 1 1 1 0 1 1 1 1 1 1 1 1 1 0 2 1 1 1 1 0 1 1 1 1 1 1 1 1 0 1 1 1 1 
1 1 1 1 0 2 1 1 1 1 1 1 1 1 1 1 1 1 0 0 0 1 1 1 1 1 1 0 1 1 1 0 1 1 1 1 1 0 1 1 1 1 1 1 0 1 1 1 0 1 1 1 1 1 1 0 0 1 1 0 1 1 1 1 
0 1 1 1 1 1 1 1 0 1 1 1 1 1 1 1 1 1 1 1 1 0 1 1 1 0 1 1 0 0 2 0 1 0 1 1 1 1 1 1 0 1 1 1 1 1 1 1 0 2 1 1 1 1 1 1 1 1 1 1 1 1 1 1 
1 1 1 1 1 1 0 1 1 1 1 1 1 1 1 1 0 1 1 1 1 1 0 1 1 1 1 1 1 1 0 0 1 1 0 0 1 0 0 1 1 0 1 0 1 1 1 1 1 1 1 2 1 1 1 0 0 1 1 1 1 1 1 0 
0 1 1 1 1 1 1 1 1 1 1 1 2 1 1 1 1 1 1 0 1 1 1 1 1 1 1 1 1 1 0 1 1 1 1 1 1 1 1 1 1 1 1 1 0 1 1 0 1 1 1 1 1 2 0 1 1 1 1 1 1 1 0 1 
1 1 1 1 0 0 1 1 0 0 0 1 1 1 0 1 1 1 1 0 1 2 0 0 1 0 1 1 0 1 1 0 1 1 1 1 1 0 1 1 1 1 1 1 1 1 1 0 0 0 1 2 0 1 1 1 1 1 1 1 1 1 1 1 
1 1 1 1 1 1 1 1 1 1 1 1 1 1 1 1 1 1 0 1 1 1 1 1 1 1 1 1 1 1 0 1 0 0 1 0 1 1 1 1 0 1 1 1 1 0 0 1 1 0 1 1 0 1 1 1 2 1 1 1 1 0 1 1 
0 1 1 0 0 1 1 0 1 0 2 1 1 0 1 1 0 1 1 0 1 1 1 1 1 1 1 1 1 1 0 1 0 1 2 1 0 1 1 1 0 2 1 1 1 1 1 1 1 1 1 1 2 1 1 0 1 1 1 1 1 1 1 1 
2 1 1 0 1 0 1 0 1 1 2 1 1 1 0 1 1 1 1 1 1 1 1 1 0 1 0 1 1 0 1 1 1 1 1 0 1 1 2 1 0 1 1 1 1 0 1 1 1 1 1 1 1 1 1 1 2 1 1 1 1 1 0 1 
1 1 1 1 1 1 1 1 0 1 1 1 1 1 1 1 1 1 1 1 1 1 1 1 1 2 1 0 0 1 1 1 1 1 1 1 1 0 1 1 1 1 0 1 1 1 1 2 0 0 1 1 0 0 1 2 0 0 1 1 1 1 0 1 
1 0 1 2 1 1 0 0 1 1 1 0 1 0 1 1 0 1 2 1 0 1 1 1 1 1 1 1 1 0 1 0 1 0 1 1 0 1 1 1 1 1 1 0 1 1 0 1 0 1 1 1 1 1 1 1 1 1 1 1 0 1 1 1 
1 1 1 3 0 0 0 1 1 1 2 0 1 1 0 1 1 1 1 1 0 1 1 1 1 1 1 1 1 1 1 1 3 1 1 2 1 1 2 1 0 1 1 1 0 1 2 1 1 0 1 1 0 1 1 0 1 1 2 1 1 1 0 1 
1 1 1 1 1 1 0 0 0 0 2 1 1 2 1 1 1 1 1 1 0 1 1 1 1 1 1 0 1 1 0 1 1 1 1 1 1 2 1 1 0 1 1 1 1 1 1 1 1 1 1 1 1 1 1 1 0 0 0 1 1 1 1 1 
1 1 1 1 0 1 1 1 1 1 1 0 1 1 4 1 1 1 1 1 1 1 1 1 1 0 1 1 1 1 1 1 1 1 1 1 1 1 1 1 1 0 1 1 0 1 1 1 1 1 1 1 1 1 1 1 1 1 0 0 1 1 1 1 
1 0 1 1 1 1 0 0 1 1 0 2 1 1 1 1 1 1 1 0 1 1 1 1 1 1 1 1 1 1 1 1 1 1 0 1 2 1 1 1 1 0 1 1 1 1 0 1 1 1 1 1 1 1 0 1 1 1 0 1 1 0 1 1 
0 2 1 1 1 1 1 1 1 0 1 1 0 1 1 1 1 1 1 1 1 0 1 1 1 1 1 1 1 1 1 1 1 1 1 1 1 2 1 1 0 1 1 1 1 1 1 1 1 0 1 1 1 2 1 1 1 0 1 2 0 0 0 1 
1 1 1 1 0 1 1 0 1 1 0 2 1 1 1 0 1 1 0 1 0 1 1 1 0 1 1 0 1 0 1 1 1 1 1 1 0 0 1 1 1 1 0 0 1 1 2 1 1 1 0 1 1 1 1 1 0 1 1 1 1 1 1 1 
1 1 1 1 1 1 1 0 1 0 1 1 1 0 1 1 1 2 1 1 1 1 1 1 0 0 0 1 1 0 1 1 1 1 0 1 1 1 0 1 0 0 1 1 1 1 1 0 1 1 1 1 1 1 0 0 0 1 1 1 1 1 1 2 
1 1 1 1 1 0 0 1 1 0 1 0 0 1 0 1 1 1 1 1 1 1 1 1 1 1 1 1 1 1 1 1 1 1 0 1 1 1 1 0 0 2 0 1 1 1 1 1 1 1 1 1 1 1 0 1 0 1 1 1 0 0 1 1 
0 0 0 1 1 1 1 1 1 0 1 1 1 1 1 2 1 1 1 0 1 1 1 1 1 1 0 1 0 1 1 1 1 0 1 0 1 1 1 1 0 1 0 1 1 1 1 1 1 1 1 0 1 0 0 1 1 1 1 2 1 1 1 1 
1 1 1 0 0 1 1 0 1 1 1 1 1 1 0 1 0 0 1 1 1 1 1 0 1 1 1 1 0 1 1 1 1 1 1 1 1 0 0 1 1 1 1 1 0 1 1 1 1 1 1 1 0 0 0 1 1 1 0 1 1 1 1 1 
2 0 1 1 1 0 1 1 0 1 0 1 1 1 0 1 1 1 1 0 1 1 0 1 1 1 0 1 1 1 1 0 1 1 1 1 1 1 1 1 1 1 1 1 1 1 0 1 1 0 1 1 1 1 1 1 0 1 1 1 1 1 0 1 
1 1 1 1 1 0 1 1 1 0 1 1 1 1 0 1 1 1 1 1 1 1 1 1 1 1 1 1 0 1 1 2 1 1 0 1 0 1 0 0 1 1 1 1 2 1 1 1 0 1 0 1 0 0 1 1 1 2 0 0 1 0 1 1 
1 2 1 1 1 1 1 1 1 2 1 1 1 1 1 1 1 1 1 1 1 1 0 1 1 1 1 1 1 1 1 1 1 1 0 1 1 1 1 1 1 1 0 0 1 1 1 1 1 0 1 1 1 1 1 1 1 0 2 1 1 1 0 0 
1 1 1 1 0 0 0 0 1 1 1 1 0 0 1 0 1 1 1 0 1 0 1 1 1 1 0 1 1 0 1 1 1 1 0 1 1 1 0 1 1 0 1 1 1 1 1 1 1 1 1 1 1 1 1 0 1 0 0 1 1 1 1 1 
1 1 1 1 1 1 1 1 1 0 1 0 1 1 1 1 0 1 1 1 1 2 1 1 1 0 1 1 0 1 1 1 1 1 1 1 1 1 0 0 0 1 0 1 1 1 1 0 1 1 1 1 1 1 1 0 1 1 0 1 1 0 0 0 
1 1 1 1 1 1 0 1 1 1 1 1 1 0 1 1 1 1 1 1 1 1 1 0 1 1 1 1 1 1 0 1 1 0 1 1 1 1 1 2 1 1 1 1 1 1 1 0 0 1 2 1 1 1 1 1 1 1 1 1 0 1 1 1 
1 1 1 1 0 1 1 0 1 1 1 0 2 1 1 1 1 3 1 0 0 1 3 1 1 1 1 0 1 0 1 1 1 1 1 0 2 1 1 1 1 2 1 1 1 1 1 0 1 1 1 1 1 1 1 1 1 1 0 2 0 0 1 1 
0 1 1 1 1 1 1 1 2 1 0 1 1 1 1 1 1 0 1 1 1 0 1 0 1 1 1 1 0 1 1 1 1 1 1 1 1 1 1 0 1 1 1 1 1 1 1 1 1 1 0 1 1 1 1 2 1 0 0 1 1 0 0 1 
0 0 0 1 1 1 1 0 1 0 1 1 1 0 1 0 1 1 1 1 0 1 1 1 1 1 1 1 1 1 1 1 1 2 1 1 0 1 0 1 1 1 1 1 2 1 1 3 2 1 1 1 1 1 1 0 0 1 1 1 1 0 1 1 
2 1 0 1 1 0 0 1 1 1 1 1 1 1 0 1 3 1 1 0 1 1 1 1 1 1 1 0 2 1 1 1 1 1 1 1 1 1 1 1 1 1 1 1 0 1 1 1 1 1 0 1 1 1 1 1 1 0 1 1 1 1 1 1 
1 0 1 1 1 1 1 1 1 0 0 1 1 1 1 1 1 1 1 1 1 1 1 1 1 1 1 0 1 0 0 1 1 1 1 1 1 1 1 1 1 1 0 0 1 1 1 1 1 1 1 0 1 1 1 3 1 0 1 1 1 1 1 1 
1 1 1 1 1 3 1 1 0 1 1 1 1 1 1 0 0 1 1 2 1 1 2 1 0 1 1 0 1 0 1 0 1 1 1 1 1 1 1 1 1 1 0 1 1 1 0 1 1 0 1 1 0 1 1 1 1 1 1 1 1 1 0 1 
0 1 1 1 0 1 1 1 1 0 1 1 1 1 1 1 1 0 0 1 1 1 1 0 1 0 1 1 1 0 1 1 1 0 1 0 1 0 0 1 1 1 1 1 1 1 1 1 2 1 1 1 1 0 1 1 1 0 1 1 1 1 1 1 
1 0 1 1 0 1 1 0 1 1 0 1 1 0 0 0 1 1 1 1 0 0 1 1 0 1 1 1 1 1 2 0 1 1 1 1 1 1 1 1 0 1 1 1 0 1 1 1 1 0 2 1 1 1 1 1 1 0 1 0 0 1 1 0 
1 1 1 1 1 1 1 1 0 1 1 1 1 1 1 1 1 1 1 1 1 0 1 0 0 1 1 1 2 1 1 0 0 1 0 0 1 1 0 0 1 1 1 1 1 0 0 1 1 0 1 1 1 1 1 1 1 1 1 1 1 1 1 1 
0 3 1 0 1 1 1 1 1 0 1 1 1 1 1 1 1 1 1 1 1 1 1 0 0 1 2 1 1 2 1 0 1 1 1 1 1 2 2 1 1 1 1 0 1 1 1 1 3 1 0 1 1 1 1 1 0 0 1 1 1 1 1 1 
1 0 0 1 1 1 1 1 1 1 1 1 1 1 1 1 2 1 1 1 1 1 1 1 1 1 0 1 1 0 1 1 1 1 1 1 1 0 0 2 1 2 1 1 0 1 1 1 1 1 1 1 1 1 1 1 1 0 1 1 1 1 1 1 
1 0 1 0 0 0 1 1 1 1 1 1 1 1 1 0 1 0 2 1 1 1 1 1 1 1 1 1 0 1 1 1 1 1 1 1 1 1 1 1 1 1 1 1 1 1 1 0 1 0 1 1 1 1 1 1 1 1 1 0 1 0 0 1 
1 1 0 0 1 2 1 1 1 1 0 1 1 1 0 1 1 1 0 0 1 1 1 1 0 1 1 1 1 0 1 0 1 1 1 1 1 1 1 1 1 1 1 1 1 1 1 1 1 1 2 1 0 1 1 1 1 1 1 1 0 1 1 1 
0 1 1 1 1 1 0 1 1 1 1 1 1 1 0 1 1 1 1 1 1 1 1 1 0 1 1 1 1 1 0 0 1 1 0 0 1 1 1 1 1 1 1 0 2 1 1 1 2 2 1 1 1 1 1 1 1 1 0 1 1 1 1 1 
1 0 1 1 0 1 1 1 1 1 1 1 1 1 1 1 1 1 1 0 1 1 2 1 1 1 1 1 0 1 1 0 0 0 1 1 1 0 1 1 1 0 1 1 0 1 1 1 1 1 1 0 1 1 1 1 1 1 1 1 1 0 1 1 
0 1 1 1 0 1 1 1 1 2 1 1 0 1 1 1 1 0 1 1 0 1 1 1 1 1 1 0 1 1 1 1 1 1 0 1 1 0 1 1 1 0 1 1 1 2 1 1 1 1 1 0 1 1 3 1 1 0 1 2 1 1 1 0 
1 1 1 1 1 1 1 1 1 1 1 1 1 1 1 1 1 1 1 0 1 1 1 1 0 1 1 0 1 1 1 1 1 1 1 1 1 0 1 1 1 0 0 0 1 1 0 1 1 1 1 1 1 1 1 2 0 1 0 1 4 1 1 1 
1 1 1 1 1 1 0 1 1 1 1 1 0 1 0 1 1 1 1 2 1 2 1 0 1 1 0 0 1 1 1 1 1 1 1 1 1 1 1 1 1 1 1 1 0 1 1 1 0 0 1 1 1 1 1 1 1 0 1 1 0 0 0 1 
1 1 1 0 1 1 1 1 1 1 1 1 1 1 1 0 1 0 0 1 1 1 1 1 1 1 1 1 1 1 1 1 1 1 1 1 1 1 1 1 1 1 1 1 1 1 1 1 1 0 1 1 1 0 0 1 1 1 0 1 0 1 0 1 
1 0 1 0 0 1 1 1 0 2 1 1 0 1 1 0 0 0 1 0 1 1 0 1 0 1 1 1 1 1 1 1 1 1 1 1 1 2 1 0 1 1 0 1 1 0 1 1 1 1 3 1 1 1 0 1 1 1 1 1 1 1 0 1 
1 1 1 1 1 2 1 1 0 0 2 2 0 1 0 0 1 1 1 1 2 0 1 1 1 1 1 1 0 1 1 1 1 1 1 1 1 1 1 1 0 1 1 1 1 1 1 1 1 1 2 0 0 0 1 1 1 1 1 1 1 0 1 1 
1 1 1 1 1 1 1 1 1 1 1 1 1 1 1 1 1 1 2 1 1 1 1 1 1 1 1 1 1 1 1 1 0 1 1 1 1 1 1 1 1 1 1 1 0 1 0 1 0 1 0 1 2 1 1 1 1 1 1 1 0 1 1 1 
0 1 1 1 1 1 1 1 1 1 1 1 0 1 1 1 1 0 0 1 1 1 1 1 1 1 0 1 1 1 1 0 1 1 1 1 1 2 0 1 0 1 1 1 1 1 1 0 1 1 1 1 1 1 0 1 1 1 1 1 1 1 1 1 
0 1 1 1 1 1 1 1 0 0 1 1 1 1 1 1 1 1 1 1 1 1 1 1 1 1 1 0 1 1 0 1 1 1 1 1 0 1 0 1 1 1 1 1 1 1 0 1 1 0 1 1 1 1 1 1 1 1 0 1 1 1 0 1 
0 0 1 1 1 1 1 1 2 0 1 1 1 0 1 0 1 1 1 2 1 0 1 2 0 0 1 1 1 1 1 1 1 0 1 0 0 1 2 1 1 1 2 1 1 2 1 0 1 1 2 1 1 1 1 0 1 1 1 1 0 1 1 1 
1 1 1 1 1 1 1 0 0 1 0 1 0 0 1 1 0 1 0 1 1 1 1 1 1 2 2 1 1 1 1 1 1 1 2 1 1 1 1 1 1 1 1 1 0 0 1 0 0 1 1 0 0 1 1 1 1 1 0 1 2 2 1 0 
1 1 1 2 1 0 1 1 0 1 0 1 1 1 0 1 1 0 1 1 1 1 0 1 1 1 1 1 1 0 1 1 1 1 1 1 1 1 0 0 1 1 1 1 1 1 1 0 1 1 1 1 1 1 1 1 4 1 1 1 1 1 1 0 
0 1 1 1 0 0 1 1 1 0 2 1 1 0 1 1 4 0 0 1 1 1 1 1 1 1 1 1 1 2 1 1 1 1 1 1 1 1 1 1 0 1 1 0 1 1 1 1 1 1 1 1 1 0 0 1 1 1 1 1 1 1 1 1 
1 1 1 0 1 1 1 1 0 1 0 1 1 1 1 0 0 1 0 1 0 1 1 1 1 1 1 0 1 1 0 1 1 1 0 1 1 1 1 1 1 1 1 1 1 1 0 2 2 0 1 1 1 1 1 0 0 2 1 0 0 1 0 1 
1 0 0 1 1 1 1 2 1 1 1 1 0 1 0 0 1 1 1 1 1 1 0 1 1 1 1 1 0 1 1 0 1 1 2 1 1 1 1 1 1 1 1 1 1 1 1 1 1 0 1 0 1 1 1 1 1 1 0 1 2 1 1 1 
0 1 1 0 1 1 1 1 2 1 1 1 0 1 1 1 1 1 1 1 1 1 1 1 1 1 1 1 1 1 1 1 1 1 1 1 1 1 0 1 1 1 1 1 1 1 1 1 0 2 2 1 2 1 1 1 0 0 1 0 1 1 1 1 
1 1 1 1 1 1 0 1 1 1 1 2 0 1 1 1 1 1 1 1 1 1 1 0 1 1 0 1 0 0 0 0 1 1 1 1 2 1 0 1 0 1 1 1 1 1 0 0 1 1 0 1 0 0 1 1 1 1 0 1 1 1 0 0 
0 0 1 1 1 1 1 1 1 1 1 0 1 1 0 1 0 1 1 1 1 1 1 1 1 1 1 1 1 0 1 1 1 0 1 1 1 1 1 1 0 1 0 1 1 1 1 1 1 1 1 1 1 0 1 1 1 0 0 1 1 1 1 1 
0 1 1 1 1 0 0 1 1 1 0 1 0 1 0 1 1 1 1 0 1 1 1 2 1 1 2 2 1 0 1 1 2 1 1 1 1 1 1 1 0 0 1 1 1 1 1 1 1 1 1 1 1 1 1 1 1 1 1 1 1 1 0 1 
1 1 0 2 1 1 1 1 0 1 1 1 1 1 1 1 1 1 1 0 0 1 1 1 1 1 1 1 0 1 1 1 0 1 1 1 1 1 0 1 1 1 1 1 1 0 1 2 1 1 1 1 0 0 1 1 1 1 1 1 0 0 1 1 
1 1 0 1 1 1 1 0 1 1 0 1 1 1 0 0 1 1 1 1 1 1 1 1 1 1 1 1 0 1 1 0 0 0 0 2 0 1 1 0 1 1 1 1 1 1 2 2 0 1 1 0 0 0 1 1 1 1 1 1 0 1 1 1 
0 0 1 2 0 1 1 1 0 1 1 1 1 1 1 1 1 0 1 0 1 0 1 0 1 0 1 1 1 1 1 1 1 0 1 0 1 1 0 1 0 1 1 1 0 1 2 1 2 0 1 1 0 1 1 1 2 1 1 1 1 1 1 1 
1 0 1 1 1 1 1 1 1 1 1 1 1 0 3 1 0 3 1 1 1 1 1 1 1 1 1 1 0 1 0 0 1 1 0 0 1 1 1 0 0 0 1 1 1 0 1 2 1 1 2 1 1 1 0 1 1 1 1 1 1 1 1 1 
1 1 1 1 0 0 1 1 1 1 1 1 1 1 1 1 0 1 0 1 1 1 1 0 1 0 1 0 1 1 1 1 1 1 1 1 0 1 1 1 0 1 1 2 1 3 1 1 2 0 1 1 1 0 0 1 0 1 0 1 1 1 1 0 
1 1 1 1 1 1 0 1 0 1 1 1 0 1 0 1 1 1 0 2 1 0 1 1 1 1 1 0 0 0 1 1 1 1 1 1 1 1 1 1 1 1 1 1 2 0 1 1 1 0 0 0 1 1 0 1 1 1 1 1 1 1 1 1 
1 1 1 1 1 1 1 1 0 1 1 1 1 1 1 1 1 1 1 1 1 1 1 1 1 1 0 1 1 0 1 1 1 1 1 1 1 1 0 0 1 1 1 1 1 0 1 1 1 1 1 0 0 1 1 0 1 1 1 1 1 1 0 1 
1 2 0 0 1 0 1 1 0 1 1 1 1 1 3 1 1 1 0 1 1 1 1 1 1 1 0 0 0 1 1 1 0 1 1 2 1 1 1 1 1 1 1 0 1 2 1 1 1 1 1 1 1 0 0 1 0 3 1 1 1 0 0 0 
1 1 1 0 1 1 0 0 1 1 1 0 1 1 0 1 1 1 0 1 1 1 1 1 1 1 1 0 1 1 1 1 0 2 1 0 1 0 1 1 0 0 0 1 1 1 1 1 1 1 0 1 1 1 1 0 1 0 1 0 0 1 1 0 
0 3 1 1 0 1 1 1 1 0 0 0 0 1 2 0 1 0 1 1 1 1 0 1 0 1 1 0 1 3 1 0 1 2 0 1 1 1 1 1 1 1 1 1 1 1 1 1 1 3 0 1 0 0 1 1 1 1 1 1 1 1 0 1 
0 1 0 1 0 1 1 1 0 1 1 1 1 1 1 1 1 1 1 0 1 0 0 1 1 1 1 1 1 1 0 1 1 1 0 1 0 0 1 1 2 1 1 1 1 1 1 1 1 1 1 0 2 1 1 1 1 1 1 0 1 1 1 0 
1 1 1 1 1 1 1 1 1 1 0 0 1 1 0 1 0 1 1 1 1 1 1 1 1 1 1 1 1 1 1 1 1 1 1 2 1 1 1 1 1 1 1 1 1 1 1 1 1 1 0 1 1 1 0 0 1 1 1 1 1 2 2 1 
1 1 0 1 1 1 1 1 2 1 1 1 0 0 1 0 1 0 1 1 0 1 0 1 1 1 0 1 1 1 1 1 1 1 0 0 0 1 0 1 1 0 1 1 0 1 1 1 1 1 1 0 1 1 1 1 0 2 2 1 1 1 1 0 
1 0 1 1 2 2 1 1 1 1 1 1 1 0 1 1 0 0 1 1 1 1 1 1 1 1 1 1 1 1 0 1 0 1 1 1 0 1 1 1 1 0 0 0 1 1 1 1 1 1 0 1 1 1 1 2 1 1 1 1 0 1 1 0 
1 1 1 1 1 1 1 0 0 1 1 1 1 1 0 1 1 1 1 1 1 1 2 1 1 1 1 1 1 1 1 1 1 1 1 2 1 0 0 1 1 1 1 1 1 0 1 1 1 1 1 0 1 1 1 1 1 1 1 1 1 1 0 1 
1 1 1 1 1 1 1 1 1 1 1 0 1 0 1 1 1 1 0 1 1 1 1 1 1 1 1 1 1 0 0 1 1 1 1 1 1 2 1 0 1 1 1 1 1 1 0 1 1 1 0 1 1 1 0 1 1 0 1 1 1 1 1 1 
1 0 1 1 1 1 1 1 1 1 1 1 1 1 1 1 1 1 1 2 1 1 1 0 1 1 1 1 1 1 1 1 1 1 1 1 2 0 2 1 1 1 1 1 0 0 1 1 1 3 1 1 1 1 1 1 1 1 1 1 1 1 1 1 
1 0 1 1 1 1 1 1 1 1 1 1 1 1 1 1 0 1 2 0 0 1 1 1 1 0 1 1 1 0 1 1 1 1 1 1 1 1 0 0 1 1 1 1 1 1 1 1 1 1 1 1 0 0 1 2 0 1 1 1 1 1 0 1 
1 1 0 1 1 1 1 1 1 1 0 1 1 1 1 1 1 1 1 1 1 1 1 0 1 1 1 0 1 1 1 3 1 0 1 1 1 0 1 1 0 0 1 1 1 1 1 0 1 1 1 0 1 1 0 0 0 1 1 1 1 1 1 0 
1 0 1 1 0 1 1 1 0 2 0 1 1 1 0 1 1 1 0 1 1 1 1 1 1 1 1 1 1 1 1 1 1 0 1 0 1 0 1 0 0 1 1 1 1 1 1 1 1 1 1 1 1 0 1 1 1 2 2 1 1 1 0 1 
0 1 1 1 1 0 0 0 1 1 1 0 1 1 0 1 1 1 1 1 1 1 1 1 1 1 1 0 0 2 1 1 0 1 1 1 1 1 1 1 0 1 0 1 1 0 0 1 1 0 1 1 1 1 1 0 1 1 0 1 2 1 1 0 
1 0 1 1 1 2 0 1 2 1 0 1 0 1 0 1 1 0 1 1 1 0 1 1 1 1 1 1 1 1 1 1 0 0 0 1 1 1 0 1 1 1 1 1 1 1 1 1 1 1 1 1 1 1 1 1 1 2 1 1 1 1 0 1 
1 1 1 1 1 0 1 0 1 1 0 1 1 1 0 1 1 1 0 1 1 1 1 1 1 1 1 1 1 1 1 0 1 1 1 1 1 1 1 0 1 1 1 1 1 1 1 1 1 0 1 1 0 1 0 1 1 2 1 0 1 1 0 1 
0 1 0 1 1 1 1 0 1 1 1 1 1 1 1 1 0 1 1 1 1 1 1 1 0 1 1 1 0 0 3 1 1 1 1 1 1 0 1 1 1 2 1 1 1 1 1 1 1 1 1 1 0 1 1 1 1 1 1 1 1 0 0 1 
1 0 1 1 0 1 1 1 1 1 1 1 1 1 1 0 1 0 2 1 1 1 0 0 1 1 1 1 1 1 0 1 0 1 0 1 1 2 0 0 1 0 1 1 0 1 0 1 1 1 0 1 1 0 1 1 1 1 1 1 1 1 1 1 
1 0 1 1 1 1 0 1 1 0 1 0 1 1 1 1 1 1 1 1 0 1 1 1 1 0 1 1 1 0 1 1 0 1 1 1 1 1 1 1 1 1 1 2 1 1 1 0 1 1 1 1 0 0 0 1 1 1 0 1 0 0 1 0 
1 1 1 1 0 2 1 0 1 1 0 2 0 1 1 0 1 0 1 0 1 0 1 1 0 0 1 1 1 0 1 0 1 1 1 1 1 0 1 1 1 2 1 0 0 1 2 1 1 0 0 1 1 1 1 1 1 1 1 0 1 0 1 1 
1 1 1 0 1 0 0 1 0 1 1 1 1 1 1 1 1 0 0 1 0 0 0 1 0 1 1 1 1 1 1 1 1 0 1 0 1 1 1 0 1 1 1 1 0 1 1 2 0 1 1 1 1 1 2 0 1 3 1 1 1 1 1 1 
1 1 1 0 1 0 1 1 1 3 1 0 1 1 0 0 1 1 1 0 2 1 1 0 1 1 1 0 1 1 1 0 0 1 1 1 1 1 1 1 1 1 0 1 1 2 1 1 1 0 1 1 1 1 1 1 0 1 1 1 1 1 1 4 
1 0 0 0 0 1 1 1 1 1 1 0 1 3 1 1 1 1 1 2 1 3 1 1 1 1 1 1 1 1 1 1 0 0 1 1 1 0 1 1 1 1 1 1 1 1 1 1 1 1 1 1 0 0 1 1 1 1 1 1 1 1 1 1 
1 1 1 1 2 1 0 1 1 1 0 0 0 1 1 1 1 1 0 1 1 2 1 1 2 1 1 1 0 0 1 1 2 0 0 1 1 1 1 1 1 0 1 1 1 1 0 1 1 1 0 0 1 1 0 1 1 1 1 0 1 1 1 1 
1 1 1 1 1 2 1 2 1 0 1 1 1 1 1 1 1 1 2 1 1 1 1 0 1 0 1 2 1 0 1 1 1 1 1 1 1 1 1 1 1 1 0 1 0 1 1 1 1 1 0 0 1 1 0 1 1 0 1 0 1 1 1 0 
1 1 1 1 1 0 1 1 1 2 0 0 1 0 1 2 0 1 1 1 0 1 0 1 1 1 1 1 1 0 1 1 1 2 1 1 0 1 1 0 0 1 1 1 1 1 0 1 1 1 1 1 1 1 1 0 1 0 1 1 1 1 1 1 
0 2 1 1 1 1 0 1 1 1 1 1 1 1 1 1 1 1 0 0 1 1 1 1 1 1 1 1 1 1 1 1 0 0 1 1 1 1 1 1 1 1 0 1 1 1 1 0 1 1 1 1 1 1 1 1 1 1 1 2 1 0 1 1 
1 1 1 1 1 1 1 1 1 1 1 1 1 1 1 1 1 1 1 1 1 0 1 1 1 1 0 1 1 1 1 0 1 1 1 1 1 1 1 1 1 1 1 1 0 1 1 0 1 1 1 1 0 0 1 1 1 1 1 1 1 0 1 1 
0 1 0 1 1 1 1 1 1 2 1 1 2 2 1 1 0 1 1 1 1 1 0 1 1 1 2 1 1 1 1 1 0 1 2 1 0 1 1 1 1 2 1 0 3 1 1 0 1 1 1 1 0 1 1 1 1 1 1 0 1 0 1 1 
0 1 1 1 0 1 1 1 1 1 0 1 1 4 1 1 0 0 1 1 1 1 1 2 1 1 0 1 0 1 1 0 1 1 0 1 1 0 1 0 2 1 1 0 0 2 0 1 1 1 1 1 0 0 0 1 1 1 0 1 0 0 0 1 
0 1 1 1 0 0 1 1 0 1 1 1 1 0 1 1 0 1 0 1 1 1 0 1 1 0 1 1 1 1 0 1 1 2 1 1 1 1 1 1 1 1 1 1 1 1 1 1 1 1 1 1 1 1 0 2 1 1 2 1 1 1 1 0 
1 1 1 1 1 1 1 1 1 1 1 0 1 1 1 1 0 1 1 1 1 1 2 1 0 0 0 1 1 1 1 0 1 1 0 1 1 1 0 1 1 1 1 0 1 1 1 1 1 1 1 1 1 1 0 1 1 1 1 0 1 1 1 0 
0 1 0 0 1 0 0 0 0 0 0 1 1 1 1 0 1 1 1 0 0 0 0 1 1 0 0 0 1 1 1 1 1 0 1 1 1 1 1 1 1 1 1 0 1 0 0 1 1 1 0 1 1 1 1 1 1 1 0 1 1 1 0 0 
0 0 1 0 1 1 1 1 0 0 1 2 1 1 1 0 1 1 1 1 2 1 1 1 1 1 1 1 1 1 0 1 1 1 1 1 1 1 1 0 2 1 1 0 1 1 1 1 1 1 1 1 0 0 0 0 1 1 1 1 1 1 1 2 
1 0 1 1 0 1 0 0 1 1 2 1 1 1 0 1 1 1 2 1 1 0 1 1 1 1 1 1 1 1 1 1 0 1 1 0 0 1 1 1 1 1 1 1 1 1 1 0 0 1 1 1 1 0 1 0 1 0 1 1 0 0 1 1 
1 1 1 1 0 1 1 1 1 1 1 2 1 2 1 0 0 1 2 1 1 1 0 1 1 0 1 1 1 1 1 1 1 1 0 1 1 1 1 1 1 1 0 1 2 0 1 1 1 1 0 0 1 1 1 1 1 1 1 1 1 1 1 1 
0 1 1 1 1 1 1 1 0 1 1 1 1 3 1 2 1 1 1 1 1 0 0 1 1 1 1 1 1 1 1 1 1 0 1 1 0 1 1 1 1 1 1 1 0 1 0 0 0 1 1 1 2 2 1 1 0 1 1 1 1 3 1 1 
1 0 1 1 1 1 1 1 1 0 1 1 1 0 0 1 0 0 1 1 1 1 1 1 1 0 1 0 1 1 1 1 0 0 1 1 0 1 1 1 1 1 1 0 1 1 1 1 1 1 0 1 1 2 1 2 0 1 1 1 0 1 1 1 
0 0 1 1 1 1 1 1 0 2 1 1 1 0 1 1 1 1 0 2 1 1 0 1 1 2 0 1 0 1 1 0 1 0 1 1 1 1 1 1 1 1 1 2 1 2 2 1 1 1 1 1 1 1 2 1 1 0 0 1 1 2 1 0 
1 1 1 1 1 1 1 1 1 1 1 1 0 0 1 1 1 0 1 1 1 1 0 0 1 1 1 1 1 1 1 1 1 1 1 1 1 0 1 1 1 1 1 1 0 0 2 1 1 1 1 1 3 1 1 1 1 0 1 1 1 1 1 1 
0 1 1 1 1 0 1 1 1 0 1 1 0 1 1 1 1 1 1 1 2 1 1 1 2 1 1 1 1 1 0 1 0 1 0 0 0 1 0 1 0 1 1 0 1 0 0 1 1 1 1 0 0 1 1 0 1 0 1 0 1 0 1 1 
1 0 1 1 1 1 0 0 1 0 1 1 1 0 1 1 1 0 1 0 1 1 1 1 1 1 0 1 1 1 0 1 1 1 1 0 1 1 1 1 1 0 1 1 1 1 1 1 0 1 1 1 0 1 1 1 1 1 1 1 0 1 0 1 
1 1 1 0 1 0 0 1 1 1 1 1 1 1 1 1 0 1 1 0 1 1 2 1 0 0 0 0 1 1 1 0 1 1 1 1 1 1 1 1 1 0 1 1 1 1 2 1 1 1 0 1 0 0 1 1 1 1 1 1 1 0 1 1 
0 1 0 1 1 1 1 1 1 1 1 1 1 1 2 1 1 1 1 1 1 1 1 1 1 1 1 1 1 1 1 1 0 0 1 1 1 1 1 1 1 0 1 1 1 0 1 1 0 1 1 1 1 0 1 1 1 1 1 1 1 1 1 1 
1 1 1 1 1 1 0 1 1 1 1 1 1 1 1 1 1 0 1 1 1 0 1 1 1 1 0 1 1 1 1 1 1 1 1 1 0 1 1 1 1 0 0 1 0 1 1 1 1 1 0 1 1 1 1 0 1 1 1 1 0 1 0 1 
1 1 1 0 1 1 1 1 1 1 1 1 1 1 1 1 1 0 1 0 1 1 1 1 1 1 1 0 1 1 0 1 1 1 1 1 1 1 1 2 1 0 1 0 0 1 1 2 0 0 0 1 1 1 1 1 1 1 1 1 1 0 1 1 
1 0 1 1 1 1 1 0 1 0 0 0 1 0 0 1 1 1 1 0 1 1 1 1 1 1 1 1 1 1 1 1 1 1 1 1 1 1 1 1 1 0 1 2 1 1 1 1 1 1 1 0 1 1 1 1 1 1 1 0 1 1 1 1 
1 1 1 1 1 1 1 1 1 1 1 1 1 1 0 1 1 1 0 1 1 1 0 0 1 1 0 0 1 0 1 1 1 1 1 0 1 1 1 1 1 0 1 1 1 1 0 0 1 1 1 1 0 0 1 1 0 1 1 1 1 0 1 0 
0 1 1 1 1 1 1 1 1 1 2 1 1 1 0 1 1 1 1 1 1 1 1 0 2 1 1 1 0 0 1 0 1 0 1 1 1 1 1 1 1 1 1 1 0 1 0 1 1 1 1 1 1 1 1 1 0 1 1 1 1 1 1 1 
1 1 1 1 1 0 0 2 1 2 0 1 0 2 1 1 1 1 1 1 1 1 1 1 1 0 1 1 0 1 1 3 1 1 1 1 1 0 1 1 1 1 1 1 1 1 1 0 0 1 1 1 1 1 1 1 1 1 1 1 1 1 0 1 
1 1 0 1 1 1 1 0 1 1 0 1 1 1 1 1 1 1 1 1 0 0 1 0 1 2 0 1 1 1 1 1 1 1 1 1 1 1 1 1 1 1 1 1 0 1 0 1 0 1 0 2 1 1 0 1 1 0 1 1 1 1 1 1 
1 1 1 0 1 1 1 1 0 1 1 1 0 0 1 0 0 1 0 1 2 1 1 1 1 1 0 1 1 1 1 1 0 1 1 1 0 0 1 1 1 0 0 1 1 1 1 0 0 0 1 0 0 1 0 1 1 0 1 0 1 1 0 0 
1 1 1 1 1 1 1 1 1 0 1 0 1 1 1 1 1 1 1 0 0 1 0 1 1 1 1 1 0 1 2 1 1 1 1 0 0 1 1 1 1 1 1 1 1 1 1 1 1 0 1 0 1 1 1 0 1 1 0 1 0 0 2 0 
1 1 1 1 1 1 1 1 1 2 1 0 1 1 1 1 1 1 1 1 1 0 1 1 0 1 1 1 0 0 1 1 1 1 0 1 0 1 1 1 0 1 0 1 1 1 1 1 1 0 0 1 0 0 1 0 0 0 0 0 0 1 0 1 
1 1 0 1 1 0 1 1 0 0 0 1 0 1 0 1 1 0 1 0 0 0 1 1 0 0 1 1 0 1 0 0 1 1 1 1 1 1 0 0 1 0 0 0 0 1 0 1 1 1 1 1 1 1 1 1 0 1 0 0 0 0 0 1 
1 1 0 1 1 0 1 1 0 0 1 1 0 1 1 1 0 1 0 1 1 1 0 0 1 0 0 1 1 1 0 0 1 0 0 0 1 0 1 1 0 0 0 0 1 0 0 1 1 0 1 1 0 0 1 0 1 1 1 1 1 0 0 0 
1 0 1 1 1 1 1 1 0 1 1 0 1 1 1 1 0 0 1 1 0 1 0 0 1 1 1 1 0 0 1 0 0 0 1 1 1 1 0 1 0 1 1 0 0 1 1 1 0 1 1 0 1 1 1 0 1 1 1 0 1 0 1 1 
3 0 1 1 1 1 1 1 1 1 1 1 1 1 2 1 1 1 1 1 0 0 1 1 1 0 0 1 1 1 0 0 1 0 0 0 0 1 0 0 0 1 0 1 1 1 1 0 1 1 0 0 1 1 0 0 0 1 0 0 1 0 0 0 
1 1 1 1 1 0 1 1 0 1 0 1 1 1 0 1 1 0 1 1 0 0 1 1 1 0 1 1 0 0 0 2 1 0 0 0 0 1 1 0 0 1 0 1 1 1 1 0 0 0 0 0 0 0 1 0 1 0 0 0 1 0 0 0 
0 0 1 0 0 0 1 1 1 0 1 1 1 0 1 0 0 0 1 0 0 1 1 2 1 2 1 0 1 1 0 1 1 0 1 1 1 1 1 0 1 1 0 1 1 1 1 1 0 1 1 0 1 0 0 0 1 0 1 0 0 1 1 0 
1 1 1 1 0 0 0 1 1 0 0 1 1 0 1 0 1 1 1 0 1 0 0 1 1 1 1 0 1 1 1 0 1 0 1 0 1 1 1 1 0 0 0 1 1 0 0 0 0 1 1 2 1 1 0 1 0 0 0 1 0 0 0 1 
0 1 1 1 1 1 3 1 0 1 0 1 1 1 1 1 0 1 0 0 0 0 1 1 1 0 0 0 1 0 2 0 0 1 1 1 0 0 0 0 1 0 1 1 0 0 1 0 1 0 0 0 1 0 1 1 1 2 1 0 1 0 1 0 
0 1 1 1 0 0 1 1 1 1 0 1 1 1 0 0 0 0 1 0 1 1 1 1 0 1 1 0 0 0 1 1 1 0 1 0 2 0 1 1 0 0 1 0 1 1 0 1 0 0 1 1 1 1 0 1 1 0 1 1 1 1 1 1 
1 0 1 1 0 1 1 1 0 1 1 1 1 0 1 1 0 1 1 1 1 0 0 0 1 0 0 1 0 0 1 1 0 0 1 1 0 0 1 0 1 0 1 0 0 0 0 1 1 0 0 0 0 1 1 1 0 1 1 0 0 0 0 0 
1 0 0 1 1 1 0 1 1 1 0 1 1 1 0 0 1 0 1 1 1 0 1 0 1 1 0 0 0 1 1 0 1 1 1 0 0 1 1 1 2 1 1 0 1 1 1 1 1 0 0 0 1 0 0 1 1 1 1 0 0 1 0 1 
1 0 1 1 1 0 0 1 1 1 0 1 0 0 1 1 0 0 1 2 0 0 1 1 0 0 1 0 1 1 0 1 1 1 1 1 0 1 0 1 1 0 1 1 1 0 0 1 1 1 1 0 0 0 0 0 0 0 1 1 1 2 0 1 
1 0 0 1 0 1 1 0 0 1 0 1 1 1 0 1 0 1 0 1 1 0 1 1 1 1 1 0 1 0 1 1 1 0 1 0 0 0 1 0 1 0 1 0 1 0 0 1 0 0 1 1 1 1 2 0 0 0 2 0 1 0 0 1 
1 1 1 1 1 0 0 0 1 0 0 1 1 1 0 0 1 0 0 0 1 1 1 0 1 1 0 1 0 0 0 0 1 0 1 0 0 0 0 0 1 0 0 0 0 1 1 0 0 1 0 1 0 0 1 1 0 1 1 0 1 0 1 0 
0 1 0 0 0 1 1 0 1 0 0 0 1 0 1 1 1 1 1 1 0 0 1 1 1 1 1 1 0 0 1 1 1 0 0 0 1 1 1 0 0 1 0 2 0 0 0 0 1 1 1 0 1 1 0 0 1 1 1 0 0 1 0 0 
1 1 0 0 1 1 1 1 1 0 0 0 1 1 1 1 1 0 1 0 1 1 1 0 1 0 1 1 0 0 1 0 1 1 0 1 0 1 0 1 0 0 1 1 1 1 1 0 0 0 1 1 0 0 0 1 1 1 1 0 0 1 0 1 
0 0 1 1 1 0 1 0 0 1 1 1 0 0 1 0 2 1 0 1 2 0 0 1 0 1 1 1 0 1 1 1 1 0 1 0 1 0 0 2 0 1 0 1 1 0 0 0 0 0 1 1 1 0 1 0 1 0 0 0 1 1 1 0 
1 0 1 1 0 1 1 1 1 0 1 1 0 1 1 1 0 0 0 0 0 0 1 0 0 1 0 0 1 0 1 0 0 1 0 0 1 1 1 1 0 1 0 1 0 0 0 0 1 1 1 1 0 1 0 1 0 1 1 0 1 0 1 1 
1 1 1 2 0 1 1 0 1 1 0 1 1 1 0 0 0 0 1 1 0 1 1 1 1 1 1 0 1 0 0 2 0 1 0 0 1 0 0 2 0 0 0 0 1 0 1 0 1 1 1 1 1 1 1 0 1 0 0 0 1 0 0 1 
1 0 1 0 1 1 1 0 0 0 0 1 1 0 1 1 1 1 1 0 1 0 0 0 0 0 0 0 0 0 1 1 0 1 1 1 0 1 1 0 1 1 0 1 1 0 0 1 1 1 1 1 1 1 0 0 1 1 0 1 1 0 1 0 
0 0 1 1 0 1 0 0 0 1 0 0 0 0 0 1 1 1 1 0 1 0 1 1 0 0 1 1 0 0 0 0 0 1 1 1 1 1 1 0 0 2 1 0 1 1 1 1 1 0 1 0 0 0 1 0 0 0 1 1 1 1 0 0 
1 0 0 0 0 1 1 1 1 1 0 1 1 0 0 1 1 0 1 1 1 1 1 1 0 1 1 1 0 1 1 1 1 1 1 1 1 1 1 0 0 0 1 1 1 0 1 1 1 1 0 1 1 1 0 0 1 1 0 1 1 1 1 0 
0 1 1 0 0 1 0 0 1 0 0 1 0 0 0 1 0 0 0 1 0 0 0 0 1 1 1 1 0 0 1 1 1 0 1 0 1 0 0 0 1 1 1 0 0 1 0 0 0 1 2 1 1 1 1 1 0 1 1 0 0 1 1 1 
1 1 0 1 0 1 1 0 1 1 1 0 1 0 1 0 1 1 0 0 1 1 0 1 1 0 1 1 0 1 1 1 1 0 1 1 0 1 1 1 0 1 0 0 1 1 0 0 1 1 1 1 1 1 1 1 1 1 0 0 0 0 1 0 
0 0 1 0 1 0 0 0 1 1 0 1 0 0 0 0 1 0 1 2 0 0 1 0 1 0 0 1 1 1 1 1 0 1 0 0 1 1 1 1 1 0 0 1 1 2 1 0 1 0 0 0 1 1 1 0 0 0 1 1 1 0 0 1 
1 1 0 0 0 1 1 1 0 0 1 1 1 1 0 1 1 0 1 1 0 1 1 1 0 1 0 2 1 1 0 1 1 1 1 0 0 1 1 0 0 1 0 1 1 1 0 1 1 1 0 0 0 1 1 0 1 1 0 0 1 0 1 1 
0 1 1 0 1 1 0 0 1 1 1 1 1 1 1 0 1 0 1 1 0 0 0 1 0 0 1 1 1 1 0 1 1 1 1 1 1 0 0 1 1 1 1 0 1 0 1 0 0 0 1 1 1 1 1 1 0 1 0 1 1 1 1 0 
1 1 1 1 1 1 0 1 0 1 0 1 0 1 1 1 2 1 1 1 1 0 1 0 1 0 0 0 0 1 1 1 1 0 0 1 1 1 1 1 0 0 0 1 1 1 0 1 0 1 0 0 0 1 0 1 0 0 1 1 1 1 1 0 
0 1 1 1 0 1 0 0 1 0 1 0 1 1 0 1 1 0 0 0 0 0 0 0 1 1 0 1 1 0 1 0 1 1 0 1 0 0 0 1 1 0 2 0 0 1 1 0 0 0 1 1 0 1 1 0 0 1 1 1 1 1 0 0 
0 0 1 0 0 1 1 1 1 1 1 0 1 1 1 1 0 0 1 2 1 1 1 1 0 1 0 0 1 0 0 1 1 1 1 1 0 0 0 1 1 1 0 1 1 0 1 0 0 0 1 0 0 1 1 0 0 0 0 0 0 1 0 1 
0 1 0 1 0 1 1 0 1 1 0 1 0 0 0 0 1 0 0 1 1 1 1 1 1 1 1 1 0 1 1 1 0 1 0 0 1 1 0 0 0 1 1 1 1 0 0 0 1 3 1 0 0 1 0 2 1 1 0 0 0 0 0 1 
1 1 0 0 1 0 0 1 1 1 0 2 1 0 1 1 1 1 1 1 1 1 0 1 0 0 1 0 1 1 1 0 1 1 0 1 1 1 0 1 1 1 0 1 1 0 1 0 0 1 1 1 0 0 0 0 1 0 0 0 1 0 2 0 
1 0 0 0 1 0 0 0 0 1 0 0 0 1 1 1 1 0 1 0 1 1 1 0 1 0 1 1 1 1 1 1 1 1 1 1 0 0 1 0 1 0 1 1 1 1 0 1 1 0 0 1 1 1 1 1 1 1 0 1 0 1 0 1 
1 1 0 0 1 0 1 1 1 1 0 1 1 0 1 0 0 1 1 0 0 1 0 0 0 1 0 0 0 0 0 0 0 1 1 1 0 1 0 1 1 1 0 0 0 0 1 1 1 1 1 1 1 1 0 1 1 0 1 1 0 0 1 1 
0 1 0 1 1 1 0 1 1 1 1 1 0 1 1 1 0 1 0 0 1 1 0 1 0 1 1 0 0 0 2 1 1 1 1 1 0 0 1 1 0 0 0 2 0 0 0 0 0 1 1 2 1 0 0 1 2 1 1 1 1 1 1 1 
1 0 1 1 0 0 0 0 1 1 0 1 1 1 0 0 1 1 0 1 0 1 1 0 0 0 1 1 1 0 1 1 1 1 0 1 1 1 1 1 0 1 0 0 0 1 1 1 0 0 1 0 1 1 0 1 1 1 0 1 1 0 1 0 
1 1 1 1 1 0 0 0 1 0 0 0 0 1 0 1 0 1 0 0 0 0 1 1 1 1 0 0 1 1 2 1 0 0 0 0 0 1 2 1 1 1 1 1 0 0 0 1 2 1 1 1 0 1 0 1 1 1 0 0 1 1 0 0 
0 1 0 1 1 1 0 1 0 1 1 0 1 1 0 1 0 2 1 1 0 0 0 0 0 0 1 1 0 0 0 1 0 0 0 0 1 1 0 1 1 1 0 0 1 1 1 0 0 0 0 0 0 1 1 1 1 0 0 1 1 0 0 1 
0 0 1 1 1 1 1 1 1 1 0 1 0 0 0 0 1 0 1 0 1 1 1 1 1 1 0 0 1 1 0 0 1 1 0 1 1 0 0 0 0 0 1 0 0 1 0 0 0 0 1 1 1 0 1 1 0 0 1 1 1 1 0 1 
0 0 1 1 0 1 0 0 0 0 1 0 1 0 0 1 1 0 1 1 1 1 0 1 0 0 0 0 0 0 0 1 0 0 1 1 0 0 0 0 1 1 1 1 0 1 0 0 0 1 0 0 1 0 0 1 2 0 1 1 0 1 2 1 
1 1 0 0 0 1 0 1 1 0 1 1 0 1 0 1 0 1 1 1 1 1 0 0 1 1 0 0 0 0 1 1 1 0 0 1 1 1 1 1 0 0 0 1 0 0 0 1 1 0 1 0 0 0 0 1 0 1 1 1 1 1 1 1 
1 1 0 0 0 1 0 0 1 1 1 1 0 0 0 1 1 1 1 1 1 1 0 0 1 1 0 0 1 0 1 0 1 1 0 0 0 1 1 0 0 0 1 0 1 1 0 1 1 0 1 1 0 0 1 0 1 1 0 1 1 1 1 0 
0 0 1 1 0 1 0 1 1 1 0 0 0 0 0 0 0 0 0 0 0 1 1 1 1 0 1 1 1 0 1 1 0 0 0 1 1 1 1 0 0 1 1 1 1 1 1 1 0 1 1 1 1 1 0 0 1 1 1 0 1 0 1 1 
1 1 1 0 1 1 1 2 0 0 1 1 1 1 1 1 1 0 1 1 0 1 1 0 0 1 1 1 0 1 1 0 1 1 0 1 1 1 0 1 0 1 0 1 1 0 1 0 1 1 0 1 1 0 0 0 0 0 0 1 1 1 0 1 
1 1 0 1 1 1 0 1 0 0 1 1 0 0 1 1 1 1 0 0 0 0 1 1 1 1 1 0 1 1 1 1 1 0 1 1 1 0 0 0 0 1 1 0 1 0 1 1 0 0 1 1 1 1 1 0 1 0 1 0 1 0 1 0 
0 1 0 1 0 0 1 1 0 1 1 0 0 0 0 1 0 0 0 0 0 1 0 1 1 1 1 1 0 1 0 1 0 0 0 1 1 1 1 1 1 1 1 0 1 1 0 1 0 1 0 1 1 0 1 0 1 0 1 0 1 0 1 1 
0 0 0 1 1 1 1 0 0 1 0 1 1 0 1 0 0 0 2 1 0 1 0 1 1 1 1 1 0 1 1 1 1 0 1 1 0 1 0 1 0 1 1 1 0 1 1 0 1 1 1 1 0 1 1 1 0 1 1 1 1 1 1 0 
1 1 1 1 1 0 0 1 1 0 1 1 1 0 1 0 0 0 1 0 1 1 1 0 0 1 0 1 1 1 1 0 0 1 1 1 0 1 1 1 2 0 1 0 0 1 0 1 1 1 1 0 0 1 0 1 1 1 0 0 0 1 1 1 
1 1 1 1 1 0 0 0 1 1 0 2 1 0 0 1 1 1 0 1 0 0 0 0 0 1 0 0 0 1 0 1 1 1 1 0 1 1 0 1 0 1 0 0 1 1 1 1 1 1 0 1 0 1 1 0 1 1 0 0 0 0 1 0 
0 1 1 0 1 0 1 0 0 1 1 1 1 0 0 1 0 0 1 1 1 0 1 1 1 0 0 1 1 0 1 3 0 1 0 1 0 1 0 1 0 0 1 0 0 0 0 1 1 1 0 0 1 1 0 1 0 1 1 0 1 0 0 1 
1 0 0 1 0 1 1 1 1 1 1 1 0 1 1 1 1 1 1 1 1 1 0 0 0 1 0 1 1 1 1 1 0 0 1 1 0 1 0 1 1 1 0 0 1 1 1 1 1 1 1 1 1 0 0 0 1 1 0 0 0 1 2 1 
0 0 0 1 0 1 1 0 1 0 0 0 0 0 1 0 1 0 1 0 0 1 0 1 1 2 1 0 1 1 1 1 1 0 0 0 0 1 0 0 0 1 0 1 1 1 1 0 1 1 1 1 1 0 0 1 1 1 1 0 1 0 1 0 
0 1 1 0 1 0 1 1 0 0 0 0 0 1 1 0 0 0 0 1 1 0 0 0 0 0 1 1 1 0 1 1 1 2 0 0 0 1 1 1 1 1 1 0 0 1 0 0 0 0 1 1 1 0 1 0 2 0 1 1 0 1 0 0 
3 1 0 0 1 1 1 0 0 0 0 1 0 1 1 1 0 0 1 1 0 0 1 1 0 1 0 1 0 0 1 1 0 1 1 0 1 1 1 1 1 1 1 1 1 1 1 1 0 1 1 1 0 1 0 1 0 1 0 1 1 1 1 0 
1 1 1 1 0 0 0 1 0 0 1 1 0 0 0 1 0 0 1 1 1 1 2 1 0 0 0 1 2 1 0 1 1 1 1 1 0 1 0 0 0 1 0 0 1 0 1 1 0 1 1 1 0 0 0 1 0 0 1 1 0 0 1 0 
1 1 0 0 0 1 0 1 1 0 0 0 0 1 1 1 1 0 1 1 1 0 1 1 1 0 1 1 0 1 1 1 1 1 0 1 1 1 0 1 0 1 0 1 1 1 1 1 1 1 1 1 1 1 1 0 1 0 0 1 1 0 1 1 
1 0 0 0 1 1 0 1 0 1 0 1 1 1 1 1 1 1 1 0 1 0 1 1 1 0 1 1 0 0 0 0 0 1 0 1 1 1 1 0 1 1 1 0 1 1 0 1 0 0 0 1 0 1 0 1 1 1 1 1 0 1 1 0 
0 0 0 1 0 1 0 2 0 0 1 0 1 0 1 1 0 0 0 1 0 1 1 0 1 1 1 1 1 1 1 1 0 0 1 1 1 1 0 0 1 1 0 0 0 0 0 0 1 0 0 1 1 1 1 0 1 1 1 1 1 1 1 1 
1 0 0 0 1 0 2 1 1 1 1 1 1 0 1 1 0 0 1 0 2 0 1 0 1 0 1 0 0 1 0 1 1 0 0 0 1 1 1 1 0 1 1 1 1 0 0 0 1 1 0 0 1 1 0 1 1 1 1 1 1 1 1 1 
0 1 1 1 2 0 0 0 1 1 0 1 0 0 1 0 0 0 1 0 0 1 1 1 0 1 1 0 0 1 0 1 1 1 1 0 0 0 1 1 2 1 1 0 0 0 0 1 0 0 1 1 0 1 1 0 1 1 0 0 0 1 1 1 
0 1 1 1 0 0 1 0 0 0 0 0 0 0 1 1 1 1 1 0 0 0 0 0 1 1 0 1 1 0 0 0 0 0 0 1 0 0 0 0 1 0 0 1 0 0 1 2 1 1 0 0 0 1 1 0 1 1 1 1 0 1 0 0 
0 1 1 0 0 0 0 1 1 0 0 0 0 0 1 1 1 0 1 1 0 1 1 0 1 0 1 1 1 1 1 0 1 1 1 0 1 1 1 1 0 1 1 0 0 0 0 0 1 1 0 0 1 1 0 1 0 1 1 1 1 1 1 2 
1 0 0 0 1 1 0 1 1 1 1 1 1 1 1 0 1 0 1 1 1 1 0 0 1 1 1 0 1 0 0 1 0 0 0 0 0 0 0 1 0 1 0 0 0 0 1 1 1 2 1 1 1 0 0 0 1 0 1 1 1 0 0 0 
1 0 1 1 1 0 1 1 1 1 0 1 1 1 0 0 0 1 0 0 1 0 1 0 0 0 1 1 1 1 1 0 1 0 1 1 0 0 1 0 1 1 0 1 1 1 1 0 1 1 1 0 0 0 0 1 1 1 0 1 0 1 0 0 
0 0 1 0 0 1 1 1 0 1 1 0 1 1 0 1 1 1 1 0 1 0 0 0 1 1 0 1 1 1 0 0 1 0 1 1 1 1 1 0 1 1 1 0 1 0 1 1 1 0 1 0 1 2 1 0 1 1 1 0 1 1 0 3 
0 0 0 0 1 1 0 1 1 1 1 1 1 1 1 0 1 0 1 1 0 1 0 0 1 0 1 1 1 1 1 0 1 0 1 0 1 0 1 0 0 1 0 1 1 1 0 0 0 1 1 1 1 1 0 1 0 1 1 0 1 0 1 1 
1 0 1 0 0 1 0 0 1 0 1 1 0 1 0 1 0 1 1 1 1 1 0 1 0 1 0 1 1 1 1 1 0 0 1 0 0 1 0 0 1 1 1 1 1 1 1 1 0 1 1 1 1 1 0 1 1 1 0 1 1 1 1 1 
1 0 1 2 0 1 0 1 1 1 1 1 1 1 1 1 0 0 1 0 0 1 1 0 1 1 1 1 0 1 1 0 1 0 0 1 1 1 0 0 0 0 1 1 1 1 1 0 1 0 1 1 0 0 1 1 1 0 1 1 1 1 0 0 
0 0 1 0 1 1 0 1 1 1 0 1 1 0 0 0 0 1 0 2 1 1 1 1 1 1 1 0 1 1 1 1 0 0 1 1 0 0 1 1 1 1 0 0 1 0 0 0 1 2 0 1 0 0 0 0 0 1 0 0 0 0 0 0 
1 1 1 0 0 1 1 1 1 0 0 0 0 0 1 0 1 1 1 0 1 1 0 0 1 0 1 1 1 0 0 0 1 1 1 0 0 0 1 0 0 1 1 1 1 1 1 1 2 1 1 0 1 1 1 0 0 0 0 1 1 1 0 0 
0 1 0 0 0 1 1 1 1 1 1 0 0 0 0 1 1 1 1 0 1 1 1 1 0 0 1 1 1 1 0 0 0 1 1 1 1 1 0 1 1 0 1 1 1 0 1 1 0 1 1 1 0 1 1 2 1 0 0 0 1 1 0 1 
1 1 1 1 1 1 1 0 0 1 0 1 1 0 0 1 0 1 1 1 1 0 1 0 1 1 0 1 1 0 1 1 0 1 1 0 1 0 1 0 1 0 0 1 0 1 1 0 1 1 0 0 2 1 0 1 1 0 0 1 0 0 0 1 
0 0 1 0 1 1 1 0 1 1 0 0 0 0 1 1 0 1 1 0 1 1 0 1 1 1 1 1 1 0 0 0 1 1 1 1 0 0 1 1 0 0 0 1 3 0 2 0 1 1 0 1 0 1 1 0 0 0 0 0 1 1 0 0 
1 0 1 0 1 0 0 0 0 0 0 1 0 1 1 0 0 0 0 0 1 1 0 1 1 1 0 0 1 1 1 1 1 1 1 0 1 1 0 1 1 0 1 1 1 1 0 1 0 0 1 1 0 1 1 0 1 0 0 1 1 0 0 0 
0 0 0 1 1 1 1 0 0 0 1 0 0 0 1 0 0 1 0 1 1 1 1 1 1 0 0 1 1 1 0 0 0 1 1 1 0 1 1 0 0 0 0 0 1 0 1 0 0 0 1 1 0 1 0 1 2 0 2 0 1 0 0 1 
1 1 1 1 1 0 1 0 1 0 0 0 1 1 1 0 0 1 0 1 0 0 0 1 1 0 0 0 1 0 0 1 0 0 1 1 1 1 1 1 1 0 1 1 0 0 1 0 1 0 1 0 1 1 1 0 1 1 0 0 1 1 0 1 
1 1 0 1 0 0 1 1 0 1 1 1 1 0 1 0 1 1 1 0 0 0 0 0 0 0 1 1 1 0 0 1 1 1 1 1 1 1 0 0 1 1 0 1 0 1 0 1 0 1 1 0 1 1 1 1 1 0 0 0 0 0 1 1 
0 1 0 1 1 0 1 1 0 1 0 0 0 1 1 0 1 1 0 1 1 1 1 1 1 0 1 1 1 1 1 1 1 1 1 0 1 1 1 1 1 1 3 1 0 0 1 1 1 1 1 0 1 0 1 0 1 0 0 0 0 0 1 0 
0 0 1 0 0 0 0 0 1 0 0 1 0 1 1 1 1 0 1 0 1 1 0 4 0 0 0 1 1 0 1 0 1 1 2 0 0 1 1 1 0 0 0 0 1 1 1 0 1 0 1 1 1 0 1 0 0 0 0 1 1 0 1 0 
1 0 0 0 1 1 0 1 1 1 1 1 1 1 0 1 1 0 1 1 0 1 0 0 0 1 1 1 0 1 1 1 0 0 1 1 0 1 1 1 1 0 0 0 0 0 0 1 0 1 1 1 2 1 0 1 0 1 1 0 1 0 1 0 
0 0 0 1 0 0 0 0 1 1 0 1 1 1 1 0 0 0 0 1 1 1 0 0 1 1 0 0 1 1 0 1 0 1 1 0 0 0 1 1 1 0 0 1 0 1 1 1 1 0 1 0 1 0 0 1 1 0 1 1 0 0 0 0 
1 0 1 0 0 1 1 1 1 0 1 0 1 0 0 0 0 1 1 0 0 1 1 1 1 0 1 0 1 0 1 1 1 0 1 1 1 0 1 1 1 1 1 1 1 1 1 1 1 0 1 0 0 1 0 0 1 0 0 0 1 0 1 1 
0 0 1 0 1 0 1 1 1 0 1 0 0 1 1 1 0 0 0 1 1 0 0 1 0 1 1 1 0 0 2 1 1 0 0 2 2 0 0 1 0 0 1 0 1 1 1 1 1 1 1 1 0 0 1 0 1 1 1 0 1 1 1 0 
0 0 1 0 1 1 1 0 0 1 1 1 1 1 1 0 1 0 0 1 0 1 0 1 1 1 1 1 0 0 1 0 1 0 0 0 1 1 1 0 1 1 0 1 0 0 0 1 1 1 1 1 0 1 1 0 1 0 1 0 0 0 1 0 
0 0 1 1 0 2 0 1 1 1 1 1 1 2 0 0 1 0 0 0 0 1 0 1 0 1 0 0 1 3 0 1 1 0 1 1 1 1 0 1 1 1 1 0 1 0 0 0 0 1 1 1 0 0 0 1 1 1 1 1 0 1 0 1 
1 1 1 0 1 0 0 1 1 1 2 1 1 0 0 0 1 1 1 1 1 0 0 1 0 1 0 0 1 1 0 0 0 1 1 1 1 0 0 1 0 0 0 0 1 0 0 1 1 1 1 1 0 0 1 0 0 0 0 1 1 0 1 0 
0 0 0 0 0 0 0 1 1 0 1 1 1 1 0 1 0 0 1 1 0 0 0 0 1 1 0 1 1 0 0 1 1 1 1 0 0 0 1 1 1 1 1 1 1 0 1 0 0 0 1 0 1 0 1 0 0 0 1 1 0 0 1 1 
0 1 0 0 1 0 1 0 1 1 1 1 1 1 0 1 1 1 0 1 1 1 0 0 0 0 1 2 1 0 2 1 1 1 0 0 1 0 0 1 1 1 1 1 0 1 0 1 0 1 1 0 0 0 1 1 0 1 0 0 1 1 1 0 
1 1 0 1 1 1 1 0 0 0 0 1 1 1 1 1 1 1 1 1 0 0 0 1 1 0 0 2 1 1 0 1 1 1 1 1 0 0 1 0 1 1 2 0 1 0 0 0 0 1 0 0 0 1 0 1 1 0 0 1 0 1 0 0 
0 0 0 1 0 1 0 0 1 1 1 1 1 1 0 1 1 1 1 1 0 1 0 0 0 0 1 1 1 0 0 1 1 1 0 0 1 1 0 1 1 1 1 0 1 1 1 1 1 0 0 0 1 0 1 1 0 1 1 0 0 1 1 1 
0 1 0 0 0 0 0 1 1 1 1 1 1 0 1 1 1 0 0 1 0 1 0 0 1 0 0 1 0 1 1 1 0 1 0 0 0 1 1 1 1 0 0 0 1 0 1 0 0 0 1 0 0 1 0 0 1 1 1 1 0 0 1 0 
1 1 0 0 0 1 0 0 0 1 1 2 0 0 1 1 0 1 1 0 0 0 0 0 0 1 1 1 0 1 1 1 1 1 1 1 1 1 0 1 1 0 1 1 0 1 0 1 2 0 0 0 1 0 3 1 1 1 1 1 1 0 0 0 
1 0 0 0 1 0 0 0 0 0 1 1 0 1 0 0 0 1 1 1 0 0 1 0 0 1 1 1 1 0 1 0 1 0 0 0 2 0 0 1 1 0 1 1 1 0 0 1 1 0 0 0 0 0 0 0 0 0 1 1 1 1 0 1 
0 1 1 0 1 0 1 1 1 1 0 0 0 1 1 0 1 0 1 1 0 0 1 1 0 0 1 1 1 0 0 1 1 1 1 1 1 0 0 0 1 1 0 2 1 0 0 0 0 0 0 1 0 1 1 1 1 0 0 1 1 1 1 1 
1 1 1 1 0 0 0 0 1 0 0 0 0 0 1 1 0 1 0 0 1 0 1 0 1 0 1 1 0 0 2 1 1 1 0 1 1 1 0 1 1 1 0 0 1 1 1 1 0 1 1 1 0 1 0 0 1 0 1 0 1 1 1 0 
1 0 1 1 3 0 0 0 0 1 1 1 1 0 2 0 1 0 1 1 0 1 0 1 0 0 1 1 0 0 0 1 0 0 0 0 0 1 1 0 0 0 1 0 0 1 1 0 0 0 1 0 1 2 1 1 1 0 0 0 1 0 1 1 
1 0 0 0 1 1 1 1 1 0 1 1 1 0 1 0 1 0 0 1 1 1 1 0 1 1 0 1 0 1 0 1 1 0 1 1 1 1 0 1 1 1 1 1 0 1 0 0 0 0 0 0 1 1 1 1 1 1 1 0 1 1 1 0 
0 1 0 1 0 1 0 0 0 0 0 0 1 1 0 0 1 0 1 1 0 1 0 0 1 1 1 1 0 0 1 1 0 0 1 1 1 1 1 0 0 1 0 0 0 0 0 0 1 1 0 0 1 1 0 1 1 1 1 1 0 1 0 1 
0 0 1 0 1 1 1 1 1 1 1 0 0 0 0 1 1 0 0 1 1 1 1 1 1 1 1 1 1 1 1 1 0 1 0 1 1 0 0 0 1 1 0 0 0 0 1 1 0 1 1 0 0 0 0 1 1 0 1 0 1 0 0 1 
1 0 1 1 0 1 1 0 1 0 1 1 1 0 0 0 0 0 1 0 1 1 1 0 0 1 0 0 1 1 1 1 0 0 1 0 2 0 0 1 0 0 1 0 1 1 0 1 1 1 0 1 1 1 1 1 1 1 0 1 0 0 0 1 
1 1 1 0 0 1 0 0 1 1 0 0 0 0 0 0 0 1 1 1 0 0 1 1 0 1 1 1 1 0 1 0 0 0 1 1 1 0 0 1 0 1 1 1 1 0 3 0 0 0 1 1 1 0 1 0 1 1 0 1 1 1 0 1 
1 1 0 1 0 1 0 0 0 0 0 1 1 0 1 1 1 0 0 1 0 1 0 0 1 0 1 1 0 0 0 0 1 0 0 1 1 0 0 0 1 1 0 1 1 0 1 1 1 1 1 0 0 1 1 0 1 0 1 1 0 0 1 1 
1 0 1 1 0 0 0 1 0 0 1 1 1 1 1 2 1 1 0 0 1 0 1 1 1 2 0 1 0 0 1 1 1 1 1 1 0 1 1 2 0 1 0 0 0 1 0 0 0 0 1 1 0 1 1 1 1 1 0 0 1 1 0 1 
1 1 1 0 1 1 1 1 1 1 1 1 0 1 1 2 1 1 1 1 0 0 2 0 1 0 0 1 1 1 1 1 1 0 1 0 0 0 1 0 0 1 0 0 0 0 1 0 0 1 1 2 1 1 0 0 1 1 0 0 0 0 1 0 
0 1 1 1 1 1 0 0 1 1 0 1 2 0 0 1 0 1 0 0 1 1 1 1 1 0 1 0 1 1 0 1 0 1 0 1 0 1 1 1 1 0 0 0 1 0 1 0 0 1 0 0 0 1 1 1 0 0 1 1 1 1 0 1 
1 1 1 1 0 1 0 0 1 1 1 1 1 0 1 1 1 0 1 1 1 0 0 0 1 0 1 1 0 0 1 0 0 1 1 1 1 1 1 1 0 1 0 0 0 1 0 1 1 1 1 0 0 1 0 0 0 0 1 0 0 1 1 1 
1 1 1 1 1 0 1 0 1 0 1 1 0 1 1 0 0 0 0 0 1 1 0 1 1 1 0 0 0 0 1 0 1 1 0 0 2 0 0 0 0 1 0 0 0 0 0 0 1 0 1 1 1 1 1 1 1 1 0 0 0 0 1 1 
1 0 1 1 1 0 1 1 1 1 1 1 1 0 0 0 1 0 1 1 2 0 1 1 0 0 0 0 1 1 0 1 1 1 0 1 1 1 1 0 1 1 1 1 1 1 0 0 0 0 0 0 1 0 1 1 0 0 1 0 1 1 0 0 
0 1 1 0 1 0 1 1 1 1 1 0 1 1 1 1 1 1 0 1 1 1 1 1 0 0 1 1 1 1 1 1 0 1 0 0 1 1 0 0 0 1 0 0 0 0 0 1 1 0 1 0 0 0 1 0 0 0 1 1 1 0 0 0 
1 1 0 1 1 0 0 0 1 1 0 2 0 0 0 1 1 1 0 1 0 0 0 0 1 1 1 0 1 2 0 0 0 0 0 0 0 0 1 1 1 1 1 0 1 0 1 1 1 0 1 1 0 1 0 1 1 1 0 1 1 1 0 1 
1 1 1 1 1 0 1 0 1 1 1 0 1 0 1 0 0 0 1 0 0 0 1 0 1 1 0 1 0 0 1 1 1 0 1 1 1 0 1 1 1 1 0 0 0 0 0 1 1 1 0 0 0 1 1 0 1 1 0 1 1 1 0 1 
1 1 1 1 0 1 0 0 1 0 0 0 0 1 1 0 1 0 0 1 0 1 0 0 1 1 1 0 1 1 1 0 1 1 0 0 1 1 0 2 1 1 0 1 0 1 0 1 1 1 1 0 0 1 0 1 0 1 1 0 1 0 1 0 
1 1 1 0 1 0 0 0 1 0 0 0 0 0 0 1 1 1 1 1 1 0 0 1 1 1 1 1 0 1 1 0 1 1 0 1 1 1 1 0 0 0 1 1 1 1 1 0 1 0 0 0 1 1 1 0 1 1 0 0 0 1 0 1 
1 1 0 1 0 0 1 0 0 0 0 0 1 0 1 1 1 0 1 0 1 1 1 1 1 0 0 1 1 0 0 0 1 1 1 1 1 1 0 1 1 1 0 1 1 0 1 0 1 1 1 0 0 0 0 0 0 0 1 1 1 1 1 1 
1 0 1 1 1 1 0 0 0 1 1 1 1 0 1 1 0 0 1 1 1 1 0 1 1 1 2 0 0 1 0 1 0 1 1 0 0 1 0 0 1 1 1 1 0 1 1 1 0 0 0 1 0 0 0 0 0 0 1 1 1 1 1 0 
0 0 1 0 1 0 1 1 0 1 1 1 0 1 0 1 0 1 0 1 0 1 1 1 0 1 1 1 1 0 1 0 0 0 0 1 1 1 0 1 1 0 1 0 1 1 0 0 0 0 0 1 0 0 1 2 0 0 1 0 1 1 1 0 
1 1 1 1 0 1 0 0 1 1 0 0 0 1 0 0 0 1 0 1 0 0 0 1 0 0 0 1 0 1 0 0 1 1 1 0 1 0 1 0 0 1 1 0 0 0 0 1 1 0 1 0 0 0 1 1 1 1 1 1 0 0 1 1 
1 1 0 0 1 1 0 1 0 1 1 1 1 1 0 1 0 0 1 1 1 0 1 0 1 1 0 0 1 0 1 0 1 1 0 0 0 1 1 0 0 0 1 1 1 1 1 0 1 1 0 1 1 0 0 0 0 0 1 1 0 0 1 1 
3 0 0 1 0 0 1 0 0 1 0 0 1 1 1 1 1 1 0 0 0 1 1 0 1 1 1 1 0 0 1 0 0 0 1 1 0 2 0 1 0 0 1 1 1 1 0 0 0 1 1 1 0 1 0 0 1 0 0 1 1 1 1 1 
0 0 1 0 0 0 1 1 0 1 0 0 2 0 1 0 0 1 1 0 0 2 1 1 1 0 0 0 0 1 0 1 0 2 0 0 1 1 1 1 0 0 1 1 0 0 1 0 0 1 1 0 1 0 1 1 0 1 1 1 1 0 0 1 
0 1 0 0 1 0 0 0 0 1 0 1 1 1 1 0 0 1 1 0 1 0 1 1 0 0 1 1 0 1 2 0 1 0 0 0 1 1 0 0 0 1 0 0 1 2 1 1 1 0 0 0 2 0 0 1 1 1 0 1 0 0 0 0 
0 1 1 0 2 1 0 0 1 0 1 1 0 1 0 1 1 1 1 0 1 1 0 0 0 1 0 0 1 1 1 1 1 1 0 1 0 1 0 1 1 0 0 0 1 0 1 1 1 0 0 1 0 1 1 1 2 1 1 0 0 1 1 1 
0 1 1 1 1 1 1 0 0 1 1 0 1 0 0 1 1 2 1 1 1 0 1 1 1 1 0 1 0 0 1 0 1 0 0 1 0 1 0 1 1 0 0 0 1 0 0 0 1 1 0 1 0 1 1 0 1 0 0 0 0 0 0 1 
0 0 1 0 0 0 1 1 0 1 1 0 1 0 1 0 0 0 0 1 0 0 0 0 0 0 1 1 0 0 0 1 1 1 0 1 1 1 1 0 0 0 0 0 1 1 0 1 1 1 2 0 0 0 0 0 0 2 1 1 1 1 0 0 
0 1 0 1 1 0 1 1 1 1 0 1 1 1 1 0 1 0 0 1 1 1 1 1 2 1 0 1 0 1 1 1 0 1 1 0 1 0 1 0 1 0 1 0 0 1 0 0 1 1 1 1 1 0 0 0 1 1 0 0 0 0 1 1 
0 1 1 0 0 0 1 1 1 0 0 0 1 1 1 1 1 1 1 1 0 1 1 1 0 0 1 0 1 1 1 0 1 1 1 0 0 1 1 0 1 1 1 0 1 1 1 1 1 0 1 0 0 0 1 0 1 1 0 1 1 1 0 1 
0 0 0 0 0 2 0 0 0 0 0 1 1 1 1 0 1 0 1 0 2 0 1 1 1 1 0 0 1 0 0 0 0 1 1 1 0 0 0 0 1 0 0 1 1 1 0 0 1 0 1 1 1 1 1 0 0 0 1 2 1 1 0 1 
1 1 0 1 0 0 1 0 1 2 1 1 1 1 1 0 0 1 1 1 1 0 1 0 0 1 1 1 1 0 1 1 0 0 0 1 0 1 1 0 0 0 0 1 0 0 0 0 1 1 1 1 0 1 1 0 1 0 0 0 1 1 1 0 
1 1 1 0 1 1 1 0 2 